Year,REF_AREA,Country,Unit_measure,Program,Spending_type,Value of GPD %,Unit_mult
1990,AUT,Autriche,% GDP,home_support,in_kind,0.092,0
1991,AUT,Autriche,% GDP,home_support,in_kind,0.089,0
1992,AUT,Autriche,% GDP,home_support,in_kind,0.094,0
1993,AUT,Autriche,% GDP,home_support,in_kind,0.101,0
1994,AUT,Autriche,% GDP,home_support,in_kind,0.115,0
1995,AUT,Autriche,% GDP,home_support,in_kind,0.104,0
1996,AUT,Autriche,% GDP,home_support,in_kind,0.112,0
1997,AUT,Autriche,% GDP,home_support,in_kind,0.097,0
1998,AUT,Autriche,% GDP,home_support,in_kind,0.098,0
1999,AUT,Autriche,% GDP,home_support,in_kind,0.1,0
2000,AUT,Autriche,% GDP,home_support,in_kind,0.114,0
2001,AUT,Autriche,% GDP,home_support,in_kind,0.112,0
2002,AUT,Autriche,% GDP,home_support,in_kind,0.112,0
2003,AUT,Autriche,% GDP,home_support,in_kind,0.111,0
2004,AUT,Autriche,% GDP,home_support,in_kind,0.111,0
2005,AUT,Autriche,% GDP,home_support,in_kind,0.113,0
2006,AUT,Autriche,% GDP,home_support,in_kind,0.11,0
2007,AUT,Autriche,% GDP,home_support,in_kind,0.112,0
2008,AUT,Autriche,% GDP,home_support,in_kind,0.116,0
2009,AUT,Autriche,% GDP,home_support,in_kind,0.131,0
2010,AUT,Autriche,% GDP,home_support,in_kind,0.136,0
2011,AUT,Autriche,% GDP,home_support,in_kind,0.136,0
2012,AUT,Autriche,% GDP,home_support,in_kind,0.14,0
2013,AUT,Autriche,% GDP,home_support,in_kind,0.142,0
2014,AUT,Autriche,% GDP,home_support,in_kind,0.145,0
2015,AUT,Autriche,% GDP,home_support,in_kind,0.146,0
2016,AUT,Autriche,% GDP,home_support,in_kind,0.147,0
2017,AUT,Autriche,% GDP,home_support,in_kind,0.149,0
2018,AUT,Autriche,% GDP,home_support,in_kind,0.146,0
2019,AUT,Autriche,% GDP,home_support,in_kind,0.153,0
2020,AUT,Autriche,% GDP,home_support,in_kind,0.171,0
2021,AUT,Autriche,% GDP,home_support,in_kind,0.173,0
1990,BEL,Belgique,% GDP,home_support,in_kind,0.075,0
1991,BEL,Belgique,% GDP,home_support,in_kind,0.078,0
1992,BEL,Belgique,% GDP,home_support,in_kind,0.083,0
1993,BEL,Belgique,% GDP,home_support,in_kind,0.085,0
1994,BEL,Belgique,% GDP,home_support,in_kind,0.055,0
1995,BEL,Belgique,% GDP,home_support,in_kind,0.027,0
1996,BEL,Belgique,% GDP,home_support,in_kind,0.028,0
1997,BEL,Belgique,% GDP,home_support,in_kind,0.027,0
1998,BEL,Belgique,% GDP,home_support,in_kind,0.106,0
1999,BEL,Belgique,% GDP,home_support,in_kind,0.11,0
2000,BEL,Belgique,% GDP,home_support,in_kind,0.108,0
2001,BEL,Belgique,% GDP,home_support,in_kind,0.118,0
2002,BEL,Belgique,% GDP,home_support,in_kind,0.144,0
2003,BEL,Belgique,% GDP,home_support,in_kind,0.153,0
2004,BEL,Belgique,% GDP,home_support,in_kind,0.156,0
2005,BEL,Belgique,% GDP,home_support,in_kind,0.16,0
2006,BEL,Belgique,% GDP,home_support,in_kind,0.164,0
2007,BEL,Belgique,% GDP,home_support,in_kind,0.167,0
2008,BEL,Belgique,% GDP,home_support,in_kind,0.17,0
2009,BEL,Belgique,% GDP,home_support,in_kind,0.188,0
2010,BEL,Belgique,% GDP,home_support,in_kind,0.182,0
2011,BEL,Belgique,% GDP,home_support,in_kind,0.179,0
2012,BEL,Belgique,% GDP,home_support,in_kind,0.036,0
2013,BEL,Belgique,% GDP,home_support,in_kind,0.036,0
2014,BEL,Belgique,% GDP,home_support,in_kind,0.013,0
2015,BEL,Belgique,% GDP,home_support,in_kind,0.002,0
2016,BEL,Belgique,% GDP,home_support,in_kind,0.002,0
2017,BEL,Belgique,% GDP,home_support,in_kind,0.002,0
2018,BEL,Belgique,% GDP,home_support,in_kind,0.002,0
2019,BEL,Belgique,% GDP,home_support,in_kind,0.002,0
2020,BEL,Belgique,% GDP,home_support,in_kind,0.003,0
2021,BEL,Belgique,% GDP,home_support,in_kind,0.004,0
1990,DNK,Danemark,% GDP,home_support,in_kind,0.482,0
1991,DNK,Danemark,% GDP,home_support,in_kind,0.481,0
1992,DNK,Danemark,% GDP,home_support,in_kind,0.482,0
1993,DNK,Danemark,% GDP,home_support,in_kind,0.492,0
1994,DNK,Danemark,% GDP,home_support,in_kind,0.481,0
1995,DNK,Danemark,% GDP,home_support,in_kind,0.408,0
1996,DNK,Danemark,% GDP,home_support,in_kind,0.422,0
1997,DNK,Danemark,% GDP,home_support,in_kind,0.443,0
1998,DNK,Danemark,% GDP,home_support,in_kind,0.454,0
1999,DNK,Danemark,% GDP,home_support,in_kind,0.429,0
2000,DNK,Danemark,% GDP,home_support,in_kind,0.427,0
2001,DNK,Danemark,% GDP,home_support,in_kind,0.466,0
2002,DNK,Danemark,% GDP,home_support,in_kind,0.494,0
2003,DNK,Danemark,% GDP,home_support,in_kind,0.501,0
2004,DNK,Danemark,% GDP,home_support,in_kind,0.488,0
2005,DNK,Danemark,% GDP,home_support,in_kind,0.481,0
2006,DNK,Danemark,% GDP,home_support,in_kind,0.482,0
2007,DNK,Danemark,% GDP,home_support,in_kind,0.424,0
2008,DNK,Danemark,% GDP,home_support,in_kind,0.457,0
2009,DNK,Danemark,% GDP,home_support,in_kind,0.528,0
2010,DNK,Danemark,% GDP,home_support,in_kind,0.513,0
2011,DNK,Danemark,% GDP,home_support,in_kind,0.478,0
2012,DNK,Danemark,% GDP,home_support,in_kind,0.461,0
2013,DNK,Danemark,% GDP,home_support,in_kind,0.444,0
2014,DNK,Danemark,% GDP,home_support,in_kind,0.429,0
2015,DNK,Danemark,% GDP,home_support,in_kind,0.413,0
2016,DNK,Danemark,% GDP,home_support,in_kind,0.401,0
2017,DNK,Danemark,% GDP,home_support,in_kind,0.389,0
2018,DNK,Danemark,% GDP,home_support,in_kind,0.382,0
2019,DNK,Danemark,% GDP,home_support,in_kind,0.368,0
2020,DNK,Danemark,% GDP,home_support,in_kind,0.366,0
2021,DNK,Danemark,% GDP,home_support,in_kind,0.337,0
1999,EST,Estonie,% GDP,home_support,in_kind,0.108,0
2000,EST,Estonie,% GDP,home_support,in_kind,0.104,0
2001,EST,Estonie,% GDP,home_support,in_kind,0.109,0
2002,EST,Estonie,% GDP,home_support,in_kind,0.109,0
2003,EST,Estonie,% GDP,home_support,in_kind,0.06,0
2004,EST,Estonie,% GDP,home_support,in_kind,0.058,0
2005,EST,Estonie,% GDP,home_support,in_kind,0.062,0
2006,EST,Estonie,% GDP,home_support,in_kind,0.103,0
2007,EST,Estonie,% GDP,home_support,in_kind,0.046,0
2008,EST,Estonie,% GDP,home_support,in_kind,0.06,0
2009,EST,Estonie,% GDP,home_support,in_kind,0.06,0
2010,EST,Estonie,% GDP,home_support,in_kind,0.059,0
2011,EST,Estonie,% GDP,home_support,in_kind,0.051,0
2012,EST,Estonie,% GDP,home_support,in_kind,0.046,0
2013,EST,Estonie,% GDP,home_support,in_kind,0.045,0
2014,EST,Estonie,% GDP,home_support,in_kind,0.043,0
2015,EST,Estonie,% GDP,home_support,in_kind,0.042,0
2016,EST,Estonie,% GDP,home_support,in_kind,0.036,0
2017,EST,Estonie,% GDP,home_support,in_kind,0.039,0
2018,EST,Estonie,% GDP,home_support,in_kind,0.036,0
2019,EST,Estonie,% GDP,home_support,in_kind,0.034,0
2020,EST,Estonie,% GDP,home_support,in_kind,0.039,0
2021,EST,Estonie,% GDP,home_support,in_kind,0.036,0
1990,FIN,Finlande,% GDP,home_support,in_kind,0.039,0
1991,FIN,Finlande,% GDP,home_support,in_kind,0.042,0
1992,FIN,Finlande,% GDP,home_support,in_kind,0.042,0
1993,FIN,Finlande,% GDP,home_support,in_kind,0.039,0
1994,FIN,Finlande,% GDP,home_support,in_kind,0.035,0
1995,FIN,Finlande,% GDP,home_support,in_kind,0.031,0
1996,FIN,Finlande,% GDP,home_support,in_kind,0.032,0
1997,FIN,Finlande,% GDP,home_support,in_kind,0.028,0
1998,FIN,Finlande,% GDP,home_support,in_kind,0.025,0
1999,FIN,Finlande,% GDP,home_support,in_kind,0.024,0
2000,FIN,Finlande,% GDP,home_support,in_kind,0.021,0
2001,FIN,Finlande,% GDP,home_support,in_kind,0.022,0
2002,FIN,Finlande,% GDP,home_support,in_kind,0.019,0
2003,FIN,Finlande,% GDP,home_support,in_kind,0.018,0
2004,FIN,Finlande,% GDP,home_support,in_kind,0.019,0
2005,FIN,Finlande,% GDP,home_support,in_kind,0.017,0
2006,FIN,Finlande,% GDP,home_support,in_kind,0.014,0
2007,FIN,Finlande,% GDP,home_support,in_kind,0.012,0
2008,FIN,Finlande,% GDP,home_support,in_kind,0.011,0
2009,FIN,Finlande,% GDP,home_support,in_kind,0.011,0
2010,FIN,Finlande,% GDP,home_support,in_kind,0.011,0
2011,FIN,Finlande,% GDP,home_support,in_kind,0.011,0
2012,FIN,Finlande,% GDP,home_support,in_kind,0.011,0
2013,FIN,Finlande,% GDP,home_support,in_kind,0.012,0
2014,FIN,Finlande,% GDP,home_support,in_kind,0.012,0
2015,FIN,Finlande,% GDP,home_support,in_kind,0.011,0
1990,FRA,France,% GDP,home_support,in_kind,0.016,0
1991,FRA,France,% GDP,home_support,in_kind,0.015,0
1992,FRA,France,% GDP,home_support,in_kind,0.015,0
1993,FRA,France,% GDP,home_support,in_kind,0.016,0
1994,FRA,France,% GDP,home_support,in_kind,0.016,0
1995,FRA,France,% GDP,home_support,in_kind,0.015,0
1996,FRA,France,% GDP,home_support,in_kind,0.015,0
1997,FRA,France,% GDP,home_support,in_kind,0.015,0
1998,FRA,France,% GDP,home_support,in_kind,0.014,0
1999,FRA,France,% GDP,home_support,in_kind,0.014,0
2000,FRA,France,% GDP,home_support,in_kind,0.003,0
2001,FRA,France,% GDP,home_support,in_kind,0.004,0
2002,FRA,France,% GDP,home_support,in_kind,0.004,0
2003,FRA,France,% GDP,home_support,in_kind,0.005,0
2004,FRA,France,% GDP,home_support,in_kind,0.004,0
2005,FRA,France,% GDP,home_support,in_kind,0.004,0
2006,FRA,France,% GDP,home_support,in_kind,0.056,0
2007,FRA,France,% GDP,home_support,in_kind,0.059,0
2008,FRA,France,% GDP,home_support,in_kind,0.059,0
2009,FRA,France,% GDP,home_support,in_kind,0.062,0
2010,FRA,France,% GDP,home_support,in_kind,0.062,0
2011,FRA,France,% GDP,home_support,in_kind,0.059,0
2012,FRA,France,% GDP,home_support,in_kind,0.06,0
2013,FRA,France,% GDP,home_support,in_kind,0.06,0
2014,FRA,France,% GDP,home_support,in_kind,0.066,0
2015,FRA,France,% GDP,home_support,in_kind,0.069,0
2016,FRA,France,% GDP,home_support,in_kind,0.07,0
2017,FRA,France,% GDP,home_support,in_kind,0.069,0
2018,FRA,France,% GDP,home_support,in_kind,0.067,0
2019,FRA,France,% GDP,home_support,in_kind,0.066,0
2020,FRA,France,% GDP,home_support,in_kind,0.077,0
2021,FRA,France,% GDP,home_support,in_kind,0.066,0
1990,ISL,Islande,% GDP,home_support,in_kind,0.007,0
1991,ISL,Islande,% GDP,home_support,in_kind,0.007,0
1992,ISL,Islande,% GDP,home_support,in_kind,0.009,0
1993,ISL,Islande,% GDP,home_support,in_kind,0.01,0
1994,ISL,Islande,% GDP,home_support,in_kind,0.009,0
1995,ISL,Islande,% GDP,home_support,in_kind,0.01,0
1996,ISL,Islande,% GDP,home_support,in_kind,0.01,0
1997,ISL,Islande,% GDP,home_support,in_kind,0.006,0
1998,ISL,Islande,% GDP,home_support,in_kind,0.008,0
1999,ISL,Islande,% GDP,home_support,in_kind,0.009,0
2000,ISL,Islande,% GDP,home_support,in_kind,0.017,0
2001,ISL,Islande,% GDP,home_support,in_kind,0.018,0
2002,ISL,Islande,% GDP,home_support,in_kind,0.018,0
2003,ISL,Islande,% GDP,home_support,in_kind,0.006,0
2004,ISL,Islande,% GDP,home_support,in_kind,0.011,0
2005,ISL,Islande,% GDP,home_support,in_kind,0.009,0
2006,ISL,Islande,% GDP,home_support,in_kind,0.008,0
2007,ISL,Islande,% GDP,home_support,in_kind,0.009,0
2008,ISL,Islande,% GDP,home_support,in_kind,0.007,0
2009,ISL,Islande,% GDP,home_support,in_kind,0.026,0
2010,ISL,Islande,% GDP,home_support,in_kind,0.023,0
2011,ISL,Islande,% GDP,home_support,in_kind,0.023,0
2012,ISL,Islande,% GDP,home_support,in_kind,0.026,0
2013,ISL,Islande,% GDP,home_support,in_kind,0.025,0
2014,ISL,Islande,% GDP,home_support,in_kind,0.036,0
2015,ISL,Islande,% GDP,home_support,in_kind,0.038,0
2016,ISL,Islande,% GDP,home_support,in_kind,0.033,0
2017,ISL,Islande,% GDP,home_support,in_kind,0.003,0
2018,ISL,Islande,% GDP,home_support,in_kind,0.003,0
2019,ISL,Islande,% GDP,home_support,in_kind,0.004,0
2020,ISL,Islande,% GDP,home_support,in_kind,0.005,0
2021,ISL,Islande,% GDP,home_support,in_kind,0.007,0
1990,IRL,Irlande,% GDP,home_support,in_kind,0.039,0
1991,IRL,Irlande,% GDP,home_support,in_kind,0.042,0
1992,IRL,Irlande,% GDP,home_support,in_kind,0.053,0
1993,IRL,Irlande,% GDP,home_support,in_kind,0.064,0
1994,IRL,Irlande,% GDP,home_support,in_kind,0.1,0
1995,IRL,Irlande,% GDP,home_support,in_kind,0.113,0
1996,IRL,Irlande,% GDP,home_support,in_kind,0.127,0
1997,IRL,Irlande,% GDP,home_support,in_kind,0.146,0
1998,IRL,Irlande,% GDP,home_support,in_kind,0.148,0
1999,IRL,Irlande,% GDP,home_support,in_kind,0.151,0
2000,IRL,Irlande,% GDP,home_support,in_kind,0.036,0
2001,IRL,Irlande,% GDP,home_support,in_kind,0.041,0
2002,IRL,Irlande,% GDP,home_support,in_kind,0.045,0
2003,IRL,Irlande,% GDP,home_support,in_kind,0.047,0
2004,IRL,Irlande,% GDP,home_support,in_kind,0.047,0
2005,IRL,Irlande,% GDP,home_support,in_kind,0.039,0
2006,IRL,Irlande,% GDP,home_support,in_kind,0.04,0
2007,IRL,Irlande,% GDP,home_support,in_kind,0.042,0
2008,IRL,Irlande,% GDP,home_support,in_kind,0.048,0
2009,IRL,Irlande,% GDP,home_support,in_kind,0.052,0
2010,IRL,Irlande,% GDP,home_support,in_kind,0.052,0
2011,IRL,Irlande,% GDP,home_support,in_kind,0.046,0
2012,IRL,Irlande,% GDP,home_support,in_kind,0.046,0
2013,IRL,Irlande,% GDP,home_support,in_kind,0.041,0
2014,IRL,Irlande,% GDP,home_support,in_kind,0.04,0
2015,IRL,Irlande,% GDP,home_support,in_kind,0.033,0
2016,IRL,Irlande,% GDP,home_support,in_kind,0.035,0
2017,IRL,Irlande,% GDP,home_support,in_kind,0.033,0
2018,IRL,Irlande,% GDP,home_support,in_kind,0.033,0
2019,IRL,Irlande,% GDP,home_support,in_kind,0.036,0
2020,IRL,Irlande,% GDP,home_support,in_kind,0.037,0
2021,IRL,Irlande,% GDP,home_support,in_kind,0.031,0
1995,ITA,Italie,% GDP,home_support,in_kind,0.002,0
1996,ITA,Italie,% GDP,home_support,in_kind,0.002,0
1997,ITA,Italie,% GDP,home_support,in_kind,0.002,0
1998,ITA,Italie,% GDP,home_support,in_kind,0.002,0
1999,ITA,Italie,% GDP,home_support,in_kind,0.002,0
2000,ITA,Italie,% GDP,home_support,in_kind,0.002,0
2001,ITA,Italie,% GDP,home_support,in_kind,0.002,0
2002,ITA,Italie,% GDP,home_support,in_kind,0.002,0
2003,ITA,Italie,% GDP,home_support,in_kind,0.002,0
2004,ITA,Italie,% GDP,home_support,in_kind,0.002,0
2005,ITA,Italie,% GDP,home_support,in_kind,0.002,0
2006,ITA,Italie,% GDP,home_support,in_kind,0.002,0
2007,ITA,Italie,% GDP,home_support,in_kind,0.003,0
2008,ITA,Italie,% GDP,home_support,in_kind,0.003,0
2009,ITA,Italie,% GDP,home_support,in_kind,0.003,0
2010,ITA,Italie,% GDP,home_support,in_kind,0.003,0
2011,ITA,Italie,% GDP,home_support,in_kind,0.003,0
2012,ITA,Italie,% GDP,home_support,in_kind,0.003,0
2013,ITA,Italie,% GDP,home_support,in_kind,0.003,0
2014,ITA,Italie,% GDP,home_support,in_kind,0.003,0
2015,ITA,Italie,% GDP,home_support,in_kind,0.003,0
2016,ITA,Italie,% GDP,home_support,in_kind,0.003,0
2017,ITA,Italie,% GDP,home_support,in_kind,0.003,0
2018,ITA,Italie,% GDP,home_support,in_kind,0.003,0
2019,ITA,Italie,% GDP,home_support,in_kind,0.003,0
2020,ITA,Italie,% GDP,home_support,in_kind,0.003,0
2021,ITA,Italie,% GDP,home_support,in_kind,0.003,0
1997,LVA,Lettonie,% GDP,home_support,in_kind,0.121,0
1998,LVA,Lettonie,% GDP,home_support,in_kind,0.147,0
1999,LVA,Lettonie,% GDP,home_support,in_kind,0.154,0
2000,LVA,Lettonie,% GDP,home_support,in_kind,0.142,0
2001,LVA,Lettonie,% GDP,home_support,in_kind,0.134,0
2002,LVA,Lettonie,% GDP,home_support,in_kind,0.138,0
2003,LVA,Lettonie,% GDP,home_support,in_kind,0.132,0
2004,LVA,Lettonie,% GDP,home_support,in_kind,0.121,0
2005,LVA,Lettonie,% GDP,home_support,in_kind,0.107,0
2006,LVA,Lettonie,% GDP,home_support,in_kind,0.098,0
2007,LVA,Lettonie,% GDP,home_support,in_kind,0.088,0
2008,LVA,Lettonie,% GDP,home_support,in_kind,0.097,0
2009,LVA,Lettonie,% GDP,home_support,in_kind,0.104,0
2010,LVA,Lettonie,% GDP,home_support,in_kind,0.089,0
2011,LVA,Lettonie,% GDP,home_support,in_kind,0.082,0
2012,LVA,Lettonie,% GDP,home_support,in_kind,0.078,0
2013,LVA,Lettonie,% GDP,home_support,in_kind,0.082,0
2014,LVA,Lettonie,% GDP,home_support,in_kind,0.075,0
2015,LVA,Lettonie,% GDP,home_support,in_kind,0.073,0
2016,LVA,Lettonie,% GDP,home_support,in_kind,0.066,0
2017,LVA,Lettonie,% GDP,home_support,in_kind,0.063,0
2018,LVA,Lettonie,% GDP,home_support,in_kind,0.052,0
2019,LVA,Lettonie,% GDP,home_support,in_kind,0.041,0
2020,LVA,Lettonie,% GDP,home_support,in_kind,0.035,0
2021,LVA,Lettonie,% GDP,home_support,in_kind,0.032,0
1996,LTU,Lituanie,% GDP,home_support,in_kind,0.082,0
1997,LTU,Lituanie,% GDP,home_support,in_kind,0.109,0
1998,LTU,Lituanie,% GDP,home_support,in_kind,0.141,0
1999,LTU,Lituanie,% GDP,home_support,in_kind,0.14,0
2000,LTU,Lituanie,% GDP,home_support,in_kind,0.133,0
2001,LTU,Lituanie,% GDP,home_support,in_kind,0.117,0
2002,LTU,Lituanie,% GDP,home_support,in_kind,0.122,0
2003,LTU,Lituanie,% GDP,home_support,in_kind,0.116,0
2004,LTU,Lituanie,% GDP,home_support,in_kind,0.12,0
2005,LTU,Lituanie,% GDP,home_support,in_kind,0.113,0
2006,LTU,Lituanie,% GDP,home_support,in_kind,0.091,0
2007,LTU,Lituanie,% GDP,home_support,in_kind,0.089,0
2008,LTU,Lituanie,% GDP,home_support,in_kind,0.099,0
2009,LTU,Lituanie,% GDP,home_support,in_kind,0.122,0
2010,LTU,Lituanie,% GDP,home_support,in_kind,0.103,0
2011,LTU,Lituanie,% GDP,home_support,in_kind,0.094,0
2012,LTU,Lituanie,% GDP,home_support,in_kind,0.074,0
2013,LTU,Lituanie,% GDP,home_support,in_kind,0.067,0
2014,LTU,Lituanie,% GDP,home_support,in_kind,0.065,0
2015,LTU,Lituanie,% GDP,home_support,in_kind,0.064,0
2016,LTU,Lituanie,% GDP,home_support,in_kind,0.068,0
2017,LTU,Lituanie,% GDP,home_support,in_kind,0.072,0
2018,LTU,Lituanie,% GDP,home_support,in_kind,0.079,0
2019,LTU,Lituanie,% GDP,home_support,in_kind,0.047,0
2020,LTU,Lituanie,% GDP,home_support,in_kind,0.111,0
2021,LTU,Lituanie,% GDP,home_support,in_kind,0.083,0
1990,LUX,Luxembourg,% GDP,home_support,in_kind,0.258,0
1991,LUX,Luxembourg,% GDP,home_support,in_kind,0.273,0
1992,LUX,Luxembourg,% GDP,home_support,in_kind,0.26,0
1993,LUX,Luxembourg,% GDP,home_support,in_kind,0.261,0
1994,LUX,Luxembourg,% GDP,home_support,in_kind,0.304,0
1995,LUX,Luxembourg,% GDP,home_support,in_kind,0.252,0
1996,LUX,Luxembourg,% GDP,home_support,in_kind,0.243,0
1997,LUX,Luxembourg,% GDP,home_support,in_kind,0.224,0
1998,LUX,Luxembourg,% GDP,home_support,in_kind,0.04,0
1999,LUX,Luxembourg,% GDP,home_support,in_kind,0.037,0
2000,LUX,Luxembourg,% GDP,home_support,in_kind,0.036,0
2001,LUX,Luxembourg,% GDP,home_support,in_kind,0.015,0
2002,LUX,Luxembourg,% GDP,home_support,in_kind,0.015,0
2003,LUX,Luxembourg,% GDP,home_support,in_kind,0.016,0
2004,LUX,Luxembourg,% GDP,home_support,in_kind,0.015,0
2005,LUX,Luxembourg,% GDP,home_support,in_kind,0.015,0
2006,LUX,Luxembourg,% GDP,home_support,in_kind,0.014,0
2007,LUX,Luxembourg,% GDP,home_support,in_kind,0.123,0
2008,LUX,Luxembourg,% GDP,home_support,in_kind,0.13,0
2009,LUX,Luxembourg,% GDP,home_support,in_kind,0.138,0
2010,LUX,Luxembourg,% GDP,home_support,in_kind,0.131,0
2011,LUX,Luxembourg,% GDP,home_support,in_kind,0.141,0
2012,LUX,Luxembourg,% GDP,home_support,in_kind,0.166,0
2013,LUX,Luxembourg,% GDP,home_support,in_kind,0.193,0
2014,LUX,Luxembourg,% GDP,home_support,in_kind,0.187,0
2015,LUX,Luxembourg,% GDP,home_support,in_kind,0.189,0
2016,LUX,Luxembourg,% GDP,home_support,in_kind,0.193,0
2017,LUX,Luxembourg,% GDP,home_support,in_kind,0.2,0
2018,LUX,Luxembourg,% GDP,home_support,in_kind,0.232,0
2019,LUX,Luxembourg,% GDP,home_support,in_kind,0.259,0
2020,LUX,Luxembourg,% GDP,home_support,in_kind,0.264,0
2021,LUX,Luxembourg,% GDP,home_support,in_kind,0.25,0
1990,NLD,Pays-Bas,% GDP,home_support,in_kind,0.462,0
1991,NLD,Pays-Bas,% GDP,home_support,in_kind,0.415,0
1992,NLD,Pays-Bas,% GDP,home_support,in_kind,0.322,0
1993,NLD,Pays-Bas,% GDP,home_support,in_kind,0.325,0
1994,NLD,Pays-Bas,% GDP,home_support,in_kind,0.314,0
1995,NLD,Pays-Bas,% GDP,home_support,in_kind,0.355,0
1996,NLD,Pays-Bas,% GDP,home_support,in_kind,0.291,0
1997,NLD,Pays-Bas,% GDP,home_support,in_kind,0.373,0
1998,NLD,Pays-Bas,% GDP,home_support,in_kind,0.359,0
1999,NLD,Pays-Bas,% GDP,home_support,in_kind,0.376,0
2000,NLD,Pays-Bas,% GDP,home_support,in_kind,0.429,0
2001,NLD,Pays-Bas,% GDP,home_support,in_kind,0.424,0
2002,NLD,Pays-Bas,% GDP,home_support,in_kind,0.484,0
2003,NLD,Pays-Bas,% GDP,home_support,in_kind,0.55,0
2004,NLD,Pays-Bas,% GDP,home_support,in_kind,0.545,0
2005,NLD,Pays-Bas,% GDP,home_support,in_kind,0.54,0
2006,NLD,Pays-Bas,% GDP,home_support,in_kind,0.684,0
2007,NLD,Pays-Bas,% GDP,home_support,in_kind,0.045,0
2008,NLD,Pays-Bas,% GDP,home_support,in_kind,0.044,0
2009,NLD,Pays-Bas,% GDP,home_support,in_kind,0.06,0
2010,NLD,Pays-Bas,% GDP,home_support,in_kind,0.063,0
2011,NLD,Pays-Bas,% GDP,home_support,in_kind,0.06,0
2012,NLD,Pays-Bas,% GDP,home_support,in_kind,0.06,0
2013,NLD,Pays-Bas,% GDP,home_support,in_kind,0.059,0
2014,NLD,Pays-Bas,% GDP,home_support,in_kind,0.059,0
2015,NLD,Pays-Bas,% GDP,home_support,in_kind,0.104,0
2016,NLD,Pays-Bas,% GDP,home_support,in_kind,0.103,0
2017,NLD,Pays-Bas,% GDP,home_support,in_kind,0.106,0
2018,NLD,Pays-Bas,% GDP,home_support,in_kind,0.113,0
2019,NLD,Pays-Bas,% GDP,home_support,in_kind,0.119,0
2020,NLD,Pays-Bas,% GDP,home_support,in_kind,0.131,0
2021,NLD,Pays-Bas,% GDP,home_support,in_kind,0.124,0
1990,NOR,Norvège,% GDP,home_support,in_kind,0.055,0
1991,NOR,Norvège,% GDP,home_support,in_kind,0.056,0
1992,NOR,Norvège,% GDP,home_support,in_kind,0.067,0
1993,NOR,Norvège,% GDP,home_support,in_kind,0.075,0
1994,NOR,Norvège,% GDP,home_support,in_kind,0.085,0
1995,NOR,Norvège,% GDP,home_support,in_kind,0.09,0
1996,NOR,Norvège,% GDP,home_support,in_kind,0.09,0
1997,NOR,Norvège,% GDP,home_support,in_kind,0.096,0
1998,NOR,Norvège,% GDP,home_support,in_kind,0.104,0
1999,NOR,Norvège,% GDP,home_support,in_kind,0.113,0
2000,NOR,Norvège,% GDP,home_support,in_kind,0.112,0
2001,NOR,Norvège,% GDP,home_support,in_kind,0.121,0
2002,NOR,Norvège,% GDP,home_support,in_kind,0.279,0
2003,NOR,Norvège,% GDP,home_support,in_kind,0.307,0
2004,NOR,Norvège,% GDP,home_support,in_kind,0.305,0
2005,NOR,Norvège,% GDP,home_support,in_kind,0.306,0
2006,NOR,Norvège,% GDP,home_support,in_kind,0.302,0
2007,NOR,Norvège,% GDP,home_support,in_kind,0.317,0
2008,NOR,Norvège,% GDP,home_support,in_kind,0.302,0
2009,NOR,Norvège,% GDP,home_support,in_kind,0.359,0
2010,NOR,Norvège,% GDP,home_support,in_kind,0.362,0
2011,NOR,Norvège,% GDP,home_support,in_kind,0.364,0
2012,NOR,Norvège,% GDP,home_support,in_kind,0.367,0
2013,NOR,Norvège,% GDP,home_support,in_kind,0.378,0
2014,NOR,Norvège,% GDP,home_support,in_kind,0.384,0
2015,NOR,Norvège,% GDP,home_support,in_kind,0.404,0
2016,NOR,Norvège,% GDP,home_support,in_kind,0.443,0
2017,NOR,Norvège,% GDP,home_support,in_kind,0.424,0
2018,NOR,Norvège,% GDP,home_support,in_kind,0.39,0
2019,NOR,Norvège,% GDP,home_support,in_kind,0.38,0
2020,NOR,Norvège,% GDP,home_support,in_kind,0.383,0
2021,NOR,Norvège,% GDP,home_support,in_kind,0.303,0
2004,POL,Pologne,% GDP,home_support,in_kind,0.055,0
2005,POL,Pologne,% GDP,home_support,in_kind,0.073,0
2006,POL,Pologne,% GDP,home_support,in_kind,0.073,0
2007,POL,Pologne,% GDP,home_support,in_kind,0.071,0
2008,POL,Pologne,% GDP,home_support,in_kind,0.074,0
2009,POL,Pologne,% GDP,home_support,in_kind,0.07,0
2010,POL,Pologne,% GDP,home_support,in_kind,0.07,0
2011,POL,Pologne,% GDP,home_support,in_kind,0.065,0
2012,POL,Pologne,% GDP,home_support,in_kind,0.123,0
2013,POL,Pologne,% GDP,home_support,in_kind,0.126,0
2014,POL,Pologne,% GDP,home_support,in_kind,0.124,0
2015,POL,Pologne,% GDP,home_support,in_kind,0.124,0
2016,POL,Pologne,% GDP,home_support,in_kind,0.135,0
2017,POL,Pologne,% GDP,home_support,in_kind,0.128,0
2018,POL,Pologne,% GDP,home_support,in_kind,0.116,0
2019,POL,Pologne,% GDP,home_support,in_kind,0.1,0
2020,POL,Pologne,% GDP,home_support,in_kind,0.102,0
2021,POL,Pologne,% GDP,home_support,in_kind,0.096,0
1990,PRT,Portugal,% GDP,home_support,in_kind,0.003,0
1991,PRT,Portugal,% GDP,home_support,in_kind,0.004,0
1992,PRT,Portugal,% GDP,home_support,in_kind,0.005,0
1993,PRT,Portugal,% GDP,home_support,in_kind,0.006,0
1994,PRT,Portugal,% GDP,home_support,in_kind,0.007,0
1995,PRT,Portugal,% GDP,home_support,in_kind,0.008,0
1996,PRT,Portugal,% GDP,home_support,in_kind,0.009,0
1997,PRT,Portugal,% GDP,home_support,in_kind,0.009,0
1998,PRT,Portugal,% GDP,home_support,in_kind,0.01,0
1999,PRT,Portugal,% GDP,home_support,in_kind,0.012,0
2000,PRT,Portugal,% GDP,home_support,in_kind,0.013,0
2001,PRT,Portugal,% GDP,home_support,in_kind,0.013,0
2015,SVK,République slovaque,% GDP,home_support,in_kind,0.002,0
2016,SVK,République slovaque,% GDP,home_support,in_kind,0.002,0
2017,SVK,République slovaque,% GDP,home_support,in_kind,0.002,0
2018,SVK,République slovaque,% GDP,home_support,in_kind,0.003,0
2019,SVK,République slovaque,% GDP,home_support,in_kind,0.003,0
1996,SVN,Slovénie,% GDP,home_support,in_kind,0.022,0
1997,SVN,Slovénie,% GDP,home_support,in_kind,0.021,0
1998,SVN,Slovénie,% GDP,home_support,in_kind,0.019,0
1999,SVN,Slovénie,% GDP,home_support,in_kind,0.017,0
2000,SVN,Slovénie,% GDP,home_support,in_kind,0.016,0
2001,SVN,Slovénie,% GDP,home_support,in_kind,0.015,0
2002,SVN,Slovénie,% GDP,home_support,in_kind,0.014,0
2003,SVN,Slovénie,% GDP,home_support,in_kind,0.022,0
2004,SVN,Slovénie,% GDP,home_support,in_kind,0.021,0
2005,SVN,Slovénie,% GDP,home_support,in_kind,0.021,0
2006,SVN,Slovénie,% GDP,home_support,in_kind,0.021,0
2007,SVN,Slovénie,% GDP,home_support,in_kind,0.021,0
2008,SVN,Slovénie,% GDP,home_support,in_kind,0.019,0
2009,SVN,Slovénie,% GDP,home_support,in_kind,0.019,0
2010,SVN,Slovénie,% GDP,home_support,in_kind,0.021,0
2011,SVN,Slovénie,% GDP,home_support,in_kind,0.02,0
2012,SVN,Slovénie,% GDP,home_support,in_kind,0.019,0
2013,SVN,Slovénie,% GDP,home_support,in_kind,0.018,0
2014,SVN,Slovénie,% GDP,home_support,in_kind,0.017,0
2015,SVN,Slovénie,% GDP,home_support,in_kind,0.017,0
2016,SVN,Slovénie,% GDP,home_support,in_kind,0.014,0
2017,SVN,Slovénie,% GDP,home_support,in_kind,0.014,0
2018,SVN,Slovénie,% GDP,home_support,in_kind,0.013,0
2019,SVN,Slovénie,% GDP,home_support,in_kind,0.012,0
2020,SVN,Slovénie,% GDP,home_support,in_kind,0.013,0
2021,SVN,Slovénie,% GDP,home_support,in_kind,0.011,0
1990,ESP,Espagne,% GDP,home_support,in_kind,0.01,0
1991,ESP,Espagne,% GDP,home_support,in_kind,0.01,0
1992,ESP,Espagne,% GDP,home_support,in_kind,0.01,0
1993,ESP,Espagne,% GDP,home_support,in_kind,0.01,0
1994,ESP,Espagne,% GDP,home_support,in_kind,0.01,0
1995,ESP,Espagne,% GDP,home_support,in_kind,0.01,0
1996,ESP,Espagne,% GDP,home_support,in_kind,0.034,0
1997,ESP,Espagne,% GDP,home_support,in_kind,0.037,0
1998,ESP,Espagne,% GDP,home_support,in_kind,0.039,0
1999,ESP,Espagne,% GDP,home_support,in_kind,0.058,0
2000,ESP,Espagne,% GDP,home_support,in_kind,0.05,0
2001,ESP,Espagne,% GDP,home_support,in_kind,0.047,0
2002,ESP,Espagne,% GDP,home_support,in_kind,0.054,0
2003,ESP,Espagne,% GDP,home_support,in_kind,0.083,0
2004,ESP,Espagne,% GDP,home_support,in_kind,0.085,0
2005,ESP,Espagne,% GDP,home_support,in_kind,0.094,0
2006,ESP,Espagne,% GDP,home_support,in_kind,0.096,0
2007,ESP,Espagne,% GDP,home_support,in_kind,0.086,0
2008,ESP,Espagne,% GDP,home_support,in_kind,0.068,0
2009,ESP,Espagne,% GDP,home_support,in_kind,0.068,0
2010,ESP,Espagne,% GDP,home_support,in_kind,0.043,0
2011,ESP,Espagne,% GDP,home_support,in_kind,0.044,0
2012,ESP,Espagne,% GDP,home_support,in_kind,0.041,0
2013,ESP,Espagne,% GDP,home_support,in_kind,0.038,0
2014,ESP,Espagne,% GDP,home_support,in_kind,0.039,0
2015,ESP,Espagne,% GDP,home_support,in_kind,0.038,0
2016,ESP,Espagne,% GDP,home_support,in_kind,0.03,0
2017,ESP,Espagne,% GDP,home_support,in_kind,0.031,0
2018,ESP,Espagne,% GDP,home_support,in_kind,0.031,0
2019,ESP,Espagne,% GDP,home_support,in_kind,0.032,0
2020,ESP,Espagne,% GDP,home_support,in_kind,0.039,0
2021,ESP,Espagne,% GDP,home_support,in_kind,0.038,0
1993,SWE,Suède,% GDP,home_support,in_kind,0.294,0
1994,SWE,Suède,% GDP,home_support,in_kind,0.305,0
1995,SWE,Suède,% GDP,home_support,in_kind,0.291,0
1996,SWE,Suède,% GDP,home_support,in_kind,0.281,0
1997,SWE,Suède,% GDP,home_support,in_kind,0.289,0
1998,SWE,Suède,% GDP,home_support,in_kind,0.302,0
1999,SWE,Suède,% GDP,home_support,in_kind,0.292,0
2000,SWE,Suède,% GDP,home_support,in_kind,0.274,0
2001,SWE,Suède,% GDP,home_support,in_kind,0.316,0
2002,SWE,Suède,% GDP,home_support,in_kind,0.331,0
2003,SWE,Suède,% GDP,home_support,in_kind,0.365,0
2004,SWE,Suède,% GDP,home_support,in_kind,0.359,0
2005,SWE,Suède,% GDP,home_support,in_kind,0.358,0
2006,SWE,Suède,% GDP,home_support,in_kind,0.335,0
2007,SWE,Suède,% GDP,home_support,in_kind,0.334,0
2008,SWE,Suède,% GDP,home_support,in_kind,0.352,0
2009,SWE,Suède,% GDP,home_support,in_kind,0.381,0
2010,SWE,Suède,% GDP,home_support,in_kind,0.355,0
2011,SWE,Suède,% GDP,home_support,in_kind,0.36,0
2012,SWE,Suède,% GDP,home_support,in_kind,0.367,0
2013,SWE,Suède,% GDP,home_support,in_kind,0.375,0
2014,SWE,Suède,% GDP,home_support,in_kind,0.406,0
2015,SWE,Suède,% GDP,home_support,in_kind,0.415,0
2016,SWE,Suède,% GDP,home_support,in_kind,0.419,0
2017,SWE,Suède,% GDP,home_support,in_kind,0.421,0
2018,SWE,Suède,% GDP,home_support,in_kind,0.426,0
2019,SWE,Suède,% GDP,home_support,in_kind,0.422,0
2020,SWE,Suède,% GDP,home_support,in_kind,0.445,0
2021,SWE,Suède,% GDP,home_support,in_kind,0.424,0
1999,GBR,Royaume-Uni,% GDP,home_support,in_kind,0.073,0
2000,GBR,Royaume-Uni,% GDP,home_support,in_kind,0.077,0
2001,GBR,Royaume-Uni,% GDP,home_support,in_kind,0.089,0
2002,GBR,Royaume-Uni,% GDP,home_support,in_kind,0.093,0
2003,GBR,Royaume-Uni,% GDP,home_support,in_kind,0.098,0
2004,GBR,Royaume-Uni,% GDP,home_support,in_kind,0.108,0
2005,GBR,Royaume-Uni,% GDP,home_support,in_kind,0.1,0
2006,GBR,Royaume-Uni,% GDP,home_support,in_kind,0.099,0
2007,GBR,Royaume-Uni,% GDP,home_support,in_kind,0.19,0
2008,GBR,Royaume-Uni,% GDP,home_support,in_kind,0.207,0
2009,GBR,Royaume-Uni,% GDP,home_support,in_kind,0.228,0
2010,GBR,Royaume-Uni,% GDP,home_support,in_kind,0.228,0
2011,GBR,Royaume-Uni,% GDP,home_support,in_kind,0.226,0
2012,GBR,Royaume-Uni,% GDP,home_support,in_kind,0.224,0
2013,GBR,Royaume-Uni,% GDP,home_support,in_kind,0.21,0
2014,GBR,Royaume-Uni,% GDP,home_support,in_kind,0.222,0
2015,GBR,Royaume-Uni,% GDP,home_support,in_kind,0.223,0
2016,GBR,Royaume-Uni,% GDP,home_support,in_kind,0.223,0
2017,GBR,Royaume-Uni,% GDP,home_support,in_kind,0.212,0
2018,GBR,Royaume-Uni,% GDP,home_support,in_kind,0.221,0
2019,GBR,Royaume-Uni,% GDP,home_support,in_kind,0.451,0
2020,GBR,Royaume-Uni,% GDP,home_support,in_kind,0.488,0
2021,GBR,Royaume-Uni,% GDP,home_support,in_kind,0.48,0
2007,BGR,Bulgarie,% GDP,home_support,in_kind,0.019,0
2008,BGR,Bulgarie,% GDP,home_support,in_kind,0.058,0
2009,BGR,Bulgarie,% GDP,home_support,in_kind,0.076,0
2010,BGR,Bulgarie,% GDP,home_support,in_kind,0.06,0
2011,BGR,Bulgarie,% GDP,home_support,in_kind,0.069,0
2012,BGR,Bulgarie,% GDP,home_support,in_kind,0.075,0
2013,BGR,Bulgarie,% GDP,home_support,in_kind,0.057,0
2014,BGR,Bulgarie,% GDP,home_support,in_kind,0.061,0
2015,BGR,Bulgarie,% GDP,home_support,in_kind,0.061,0
2016,BGR,Bulgarie,% GDP,home_support,in_kind,0.055,0
2017,BGR,Bulgarie,% GDP,home_support,in_kind,0.054,0
2018,BGR,Bulgarie,% GDP,home_support,in_kind,0.055,0
2019,BGR,Bulgarie,% GDP,home_support,in_kind,0.057,0
2020,BGR,Bulgarie,% GDP,home_support,in_kind,0.066,0
2021,BGR,Bulgarie,% GDP,home_support,in_kind,0.067,0
2008,HRV,Croatie,% GDP,home_support,in_kind,0.079,0
2009,HRV,Croatie,% GDP,home_support,in_kind,0.091,0
2010,HRV,Croatie,% GDP,home_support,in_kind,0.093,0
2011,HRV,Croatie,% GDP,home_support,in_kind,0.09,0
2012,HRV,Croatie,% GDP,home_support,in_kind,0.093,0
2013,HRV,Croatie,% GDP,home_support,in_kind,0.088,0
2014,HRV,Croatie,% GDP,home_support,in_kind,0.09,0
2015,HRV,Croatie,% GDP,home_support,in_kind,0.089,0
2016,HRV,Croatie,% GDP,home_support,in_kind,0.087,0
2017,HRV,Croatie,% GDP,home_support,in_kind,0.082,0
2018,HRV,Croatie,% GDP,home_support,in_kind,0.081,0
2019,HRV,Croatie,% GDP,home_support,in_kind,0.083,0
2020,HRV,Croatie,% GDP,home_support,in_kind,0.092,0
2021,HRV,Croatie,% GDP,home_support,in_kind,0.083,0
2000,ROU,Roumanie,% GDP,home_support,in_kind,0.177,0
2001,ROU,Roumanie,% GDP,home_support,in_kind,0.198,0
2002,ROU,Roumanie,% GDP,home_support,in_kind,0.281,0
2003,ROU,Roumanie,% GDP,home_support,in_kind,0.137,0
2004,ROU,Roumanie,% GDP,home_support,in_kind,0.111,0
2005,ROU,Roumanie,% GDP,home_support,in_kind,0.126,0
2006,ROU,Roumanie,% GDP,home_support,in_kind,0.09,0
2007,ROU,Roumanie,% GDP,home_support,in_kind,0.079,0
2008,ROU,Roumanie,% GDP,home_support,in_kind,0.01,0
2009,ROU,Roumanie,% GDP,home_support,in_kind,0.009,0
2010,ROU,Roumanie,% GDP,home_support,in_kind,0.01,0
2011,ROU,Roumanie,% GDP,home_support,in_kind,0.009,0
2012,ROU,Roumanie,% GDP,home_support,in_kind,0.009,0
2013,ROU,Roumanie,% GDP,home_support,in_kind,0.008,0
2014,ROU,Roumanie,% GDP,home_support,in_kind,0.011,0
2015,ROU,Roumanie,% GDP,home_support,in_kind,0.045,0
2016,ROU,Roumanie,% GDP,home_support,in_kind,0.043,0
2017,ROU,Roumanie,% GDP,home_support,in_kind,0.039,0
2018,ROU,Roumanie,% GDP,home_support,in_kind,0.033,0
2019,ROU,Roumanie,% GDP,home_support,in_kind,0.029,0
2020,ROU,Roumanie,% GDP,home_support,in_kind,0.029,0
2021,ROU,Roumanie,% GDP,home_support,in_kind,0.025,0
1990,AUT,Autriche,% GDP,childcare_education,in_kind,0.217,0
1991,AUT,Autriche,% GDP,childcare_education,in_kind,0.231,0
1992,AUT,Autriche,% GDP,childcare_education,in_kind,0.251,0
1993,AUT,Autriche,% GDP,childcare_education,in_kind,0.272,0
1994,AUT,Autriche,% GDP,childcare_education,in_kind,0.277,0
1995,AUT,Autriche,% GDP,childcare_education,in_kind,0.283,0
1996,AUT,Autriche,% GDP,childcare_education,in_kind,0.289,0
1997,AUT,Autriche,% GDP,childcare_education,in_kind,0.307,0
1998,AUT,Autriche,% GDP,childcare_education,in_kind,0.229,0
1999,AUT,Autriche,% GDP,childcare_education,in_kind,0.233,0
2000,AUT,Autriche,% GDP,childcare_education,in_kind,0.269,0
2001,AUT,Autriche,% GDP,childcare_education,in_kind,0.271,0
2002,AUT,Autriche,% GDP,childcare_education,in_kind,0.272,0
2003,AUT,Autriche,% GDP,childcare_education,in_kind,0.287,0
2004,AUT,Autriche,% GDP,childcare_education,in_kind,0.285,0
2005,AUT,Autriche,% GDP,childcare_education,in_kind,0.284,0
2006,AUT,Autriche,% GDP,childcare_education,in_kind,0.288,0
2007,AUT,Autriche,% GDP,childcare_education,in_kind,0.291,0
2008,AUT,Autriche,% GDP,childcare_education,in_kind,0.311,0
2009,AUT,Autriche,% GDP,childcare_education,in_kind,0.384,0
2010,AUT,Autriche,% GDP,childcare_education,in_kind,0.456,0
2011,AUT,Autriche,% GDP,childcare_education,in_kind,0.45,0
2012,AUT,Autriche,% GDP,childcare_education,in_kind,0.471,0
2013,AUT,Autriche,% GDP,childcare_education,in_kind,0.491,0
2014,AUT,Autriche,% GDP,childcare_education,in_kind,0.515,0
2015,AUT,Autriche,% GDP,childcare_education,in_kind,0.522,0
2016,AUT,Autriche,% GDP,childcare_education,in_kind,0.543,0
2017,AUT,Autriche,% GDP,childcare_education,in_kind,0.535,0
2018,AUT,Autriche,% GDP,childcare_education,in_kind,0.532,0
2019,AUT,Autriche,% GDP,childcare_education,in_kind,0.55,0
2020,AUT,Autriche,% GDP,childcare_education,in_kind,0.614,0
2021,AUT,Autriche,% GDP,childcare_education,in_kind,0.593,0
1990,BEL,Belgique,% GDP,childcare_education,in_kind,0.004,0
1991,BEL,Belgique,% GDP,childcare_education,in_kind,0.003,0
1992,BEL,Belgique,% GDP,childcare_education,in_kind,0.004,0
1993,BEL,Belgique,% GDP,childcare_education,in_kind,0.004,0
1994,BEL,Belgique,% GDP,childcare_education,in_kind,0.003,0
1995,BEL,Belgique,% GDP,childcare_education,in_kind,0.037,0
1996,BEL,Belgique,% GDP,childcare_education,in_kind,0.045,0
1997,BEL,Belgique,% GDP,childcare_education,in_kind,0.052,0
1998,BEL,Belgique,% GDP,childcare_education,in_kind,0.483,0
1999,BEL,Belgique,% GDP,childcare_education,in_kind,0.497,0
2000,BEL,Belgique,% GDP,childcare_education,in_kind,0.492,0
2001,BEL,Belgique,% GDP,childcare_education,in_kind,0.586,0
2002,BEL,Belgique,% GDP,childcare_education,in_kind,0.603,0
2003,BEL,Belgique,% GDP,childcare_education,in_kind,0.619,0
2004,BEL,Belgique,% GDP,childcare_education,in_kind,0.615,0
2005,BEL,Belgique,% GDP,childcare_education,in_kind,0.611,0
2006,BEL,Belgique,% GDP,childcare_education,in_kind,0.614,0
2007,BEL,Belgique,% GDP,childcare_education,in_kind,0.611,0
2008,BEL,Belgique,% GDP,childcare_education,in_kind,0.636,0
2009,BEL,Belgique,% GDP,childcare_education,in_kind,0.649,0
2010,BEL,Belgique,% GDP,childcare_education,in_kind,0.677,0
2011,BEL,Belgique,% GDP,childcare_education,in_kind,0.677,0
2012,BEL,Belgique,% GDP,childcare_education,in_kind,0.734,0
2013,BEL,Belgique,% GDP,childcare_education,in_kind,0.767,0
2014,BEL,Belgique,% GDP,childcare_education,in_kind,0.814,0
2015,BEL,Belgique,% GDP,childcare_education,in_kind,0.804,0
2016,BEL,Belgique,% GDP,childcare_education,in_kind,0.82,0
2017,BEL,Belgique,% GDP,childcare_education,in_kind,0.806,0
2018,BEL,Belgique,% GDP,childcare_education,in_kind,0.812,0
2019,BEL,Belgique,% GDP,childcare_education,in_kind,0.805,0
2020,BEL,Belgique,% GDP,childcare_education,in_kind,0.848,0
2021,BEL,Belgique,% GDP,childcare_education,in_kind,0.822,0
1990,DNK,Danemark,% GDP,childcare_education,in_kind,1.266,0
1991,DNK,Danemark,% GDP,childcare_education,in_kind,1.32,0
1992,DNK,Danemark,% GDP,childcare_education,in_kind,1.372,0
1993,DNK,Danemark,% GDP,childcare_education,in_kind,1.48,0
1994,DNK,Danemark,% GDP,childcare_education,in_kind,1.494,0
1995,DNK,Danemark,% GDP,childcare_education,in_kind,1.458,0
1996,DNK,Danemark,% GDP,childcare_education,in_kind,1.509,0
1997,DNK,Danemark,% GDP,childcare_education,in_kind,1.545,0
1998,DNK,Danemark,% GDP,childcare_education,in_kind,1.367,0
1999,DNK,Danemark,% GDP,childcare_education,in_kind,1.418,0
2000,DNK,Danemark,% GDP,childcare_education,in_kind,1.373,0
2001,DNK,Danemark,% GDP,childcare_education,in_kind,1.377,0
2002,DNK,Danemark,% GDP,childcare_education,in_kind,1.375,0
2003,DNK,Danemark,% GDP,childcare_education,in_kind,1.383,0
2004,DNK,Danemark,% GDP,childcare_education,in_kind,1.323,0
2005,DNK,Danemark,% GDP,childcare_education,in_kind,1.317,0
2006,DNK,Danemark,% GDP,childcare_education,in_kind,1.331,0
2007,DNK,Danemark,% GDP,childcare_education,in_kind,1.367,0
2008,DNK,Danemark,% GDP,childcare_education,in_kind,1.358,0
2009,DNK,Danemark,% GDP,childcare_education,in_kind,1.434,0
2010,DNK,Danemark,% GDP,childcare_education,in_kind,1.37,0
2011,DNK,Danemark,% GDP,childcare_education,in_kind,1.521,0
2012,DNK,Danemark,% GDP,childcare_education,in_kind,1.513,0
2013,DNK,Danemark,% GDP,childcare_education,in_kind,1.464,0
2014,DNK,Danemark,% GDP,childcare_education,in_kind,1.394,0
2015,DNK,Danemark,% GDP,childcare_education,in_kind,1.329,0
2016,DNK,Danemark,% GDP,childcare_education,in_kind,1.295,0
2017,DNK,Danemark,% GDP,childcare_education,in_kind,1.268,0
2018,DNK,Danemark,% GDP,childcare_education,in_kind,1.261,0
2019,DNK,Danemark,% GDP,childcare_education,in_kind,1.241,0
2020,DNK,Danemark,% GDP,childcare_education,in_kind,1.284,0
2021,DNK,Danemark,% GDP,childcare_education,in_kind,1.187,0
1999,EST,Estonie,% GDP,childcare_education,in_kind,0.106,0
2000,EST,Estonie,% GDP,childcare_education,in_kind,0.122,0
2001,EST,Estonie,% GDP,childcare_education,in_kind,0.141,0
2002,EST,Estonie,% GDP,childcare_education,in_kind,0.165,0
2003,EST,Estonie,% GDP,childcare_education,in_kind,0.194,0
2004,EST,Estonie,% GDP,childcare_education,in_kind,0.227,0
2005,EST,Estonie,% GDP,childcare_education,in_kind,0.257,0
2006,EST,Estonie,% GDP,childcare_education,in_kind,0.248,0
2007,EST,Estonie,% GDP,childcare_education,in_kind,0.256,0
2008,EST,Estonie,% GDP,childcare_education,in_kind,0.37,0
2009,EST,Estonie,% GDP,childcare_education,in_kind,0.344,0
2010,EST,Estonie,% GDP,childcare_education,in_kind,0.342,0
2011,EST,Estonie,% GDP,childcare_education,in_kind,0.316,0
2012,EST,Estonie,% GDP,childcare_education,in_kind,0.335,0
2013,EST,Estonie,% GDP,childcare_education,in_kind,0.227,0
2014,EST,Estonie,% GDP,childcare_education,in_kind,0.679,0
2015,EST,Estonie,% GDP,childcare_education,in_kind,0.738,0
2016,EST,Estonie,% GDP,childcare_education,in_kind,0.755,0
2017,EST,Estonie,% GDP,childcare_education,in_kind,0.747,0
2018,EST,Estonie,% GDP,childcare_education,in_kind,0.778,0
2019,EST,Estonie,% GDP,childcare_education,in_kind,0.832,0
2020,EST,Estonie,% GDP,childcare_education,in_kind,0.899,0
2021,EST,Estonie,% GDP,childcare_education,in_kind,0.839,0
1990,FIN,Finlande,% GDP,childcare_education,in_kind,1.086,0
1991,FIN,Finlande,% GDP,childcare_education,in_kind,1.218,0
1992,FIN,Finlande,% GDP,childcare_education,in_kind,1.169,0
1993,FIN,Finlande,% GDP,childcare_education,in_kind,1.091,0
1994,FIN,Finlande,% GDP,childcare_education,in_kind,1.025,0
1995,FIN,Finlande,% GDP,childcare_education,in_kind,1.016,0
1996,FIN,Finlande,% GDP,childcare_education,in_kind,1.087,0
1997,FIN,Finlande,% GDP,childcare_education,in_kind,1.056,0
1998,FIN,Finlande,% GDP,childcare_education,in_kind,1.02,0
1999,FIN,Finlande,% GDP,childcare_education,in_kind,1.006,0
2000,FIN,Finlande,% GDP,childcare_education,in_kind,0.931,0
2001,FIN,Finlande,% GDP,childcare_education,in_kind,0.888,0
2002,FIN,Finlande,% GDP,childcare_education,in_kind,0.887,0
2003,FIN,Finlande,% GDP,childcare_education,in_kind,0.887,0
2004,FIN,Finlande,% GDP,childcare_education,in_kind,0.878,0
2005,FIN,Finlande,% GDP,childcare_education,in_kind,0.897,0
2006,FIN,Finlande,% GDP,childcare_education,in_kind,0.882,0
2007,FIN,Finlande,% GDP,childcare_education,in_kind,0.869,0
2008,FIN,Finlande,% GDP,childcare_education,in_kind,0.917,0
2009,FIN,Finlande,% GDP,childcare_education,in_kind,1.03,0
2010,FIN,Finlande,% GDP,childcare_education,in_kind,1.028,0
2011,FIN,Finlande,% GDP,childcare_education,in_kind,1.05,0
2012,FIN,Finlande,% GDP,childcare_education,in_kind,1.093,0
2013,FIN,Finlande,% GDP,childcare_education,in_kind,1.11,0
2014,FIN,Finlande,% GDP,childcare_education,in_kind,1.099,0
2015,FIN,Finlande,% GDP,childcare_education,in_kind,1.122,0
2016,FIN,Finlande,% GDP,childcare_education,in_kind,1.111,0
2017,FIN,Finlande,% GDP,childcare_education,in_kind,1.068,0
2018,FIN,Finlande,% GDP,childcare_education,in_kind,1.104,0
2019,FIN,Finlande,% GDP,childcare_education,in_kind,1.135,0
2020,FIN,Finlande,% GDP,childcare_education,in_kind,1.149,0
2021,FIN,Finlande,% GDP,childcare_education,in_kind,1.275,0
1990,FRA,France,% GDP,childcare_education,in_kind,0.645,0
1991,FRA,France,% GDP,childcare_education,in_kind,0.645,0
1992,FRA,France,% GDP,childcare_education,in_kind,0.638,0
1993,FRA,France,% GDP,childcare_education,in_kind,0.751,0
1994,FRA,France,% GDP,childcare_education,in_kind,0.74,0
1995,FRA,France,% GDP,childcare_education,in_kind,0.737,0
1996,FRA,France,% GDP,childcare_education,in_kind,0.69,0
1997,FRA,France,% GDP,childcare_education,in_kind,0.708,0
1998,FRA,France,% GDP,childcare_education,in_kind,1.359,0
1999,FRA,France,% GDP,childcare_education,in_kind,1.343,0
2000,FRA,France,% GDP,childcare_education,in_kind,1.264,0
2001,FRA,France,% GDP,childcare_education,in_kind,1.214,0
2002,FRA,France,% GDP,childcare_education,in_kind,1.196,0
2003,FRA,France,% GDP,childcare_education,in_kind,1.231,0
2004,FRA,France,% GDP,childcare_education,in_kind,1.272,0
2005,FRA,France,% GDP,childcare_education,in_kind,1.205,0
2006,FRA,France,% GDP,childcare_education,in_kind,1.062,0
2007,FRA,France,% GDP,childcare_education,in_kind,1.093,0
2008,FRA,France,% GDP,childcare_education,in_kind,1.111,0
2009,FRA,France,% GDP,childcare_education,in_kind,1.202,0
2010,FRA,France,% GDP,childcare_education,in_kind,1.21,0
2011,FRA,France,% GDP,childcare_education,in_kind,1.208,0
2012,FRA,France,% GDP,childcare_education,in_kind,1.24,0
2013,FRA,France,% GDP,childcare_education,in_kind,1.304,0
2014,FRA,France,% GDP,childcare_education,in_kind,1.307,0
2015,FRA,France,% GDP,childcare_education,in_kind,1.314,0
2016,FRA,France,% GDP,childcare_education,in_kind,1.31,0
2017,FRA,France,% GDP,childcare_education,in_kind,1.319,0
2018,FRA,France,% GDP,childcare_education,in_kind,1.291,0
2019,FRA,France,% GDP,childcare_education,in_kind,1.268,0
2020,FRA,France,% GDP,childcare_education,in_kind,1.281,0
2021,FRA,France,% GDP,childcare_education,in_kind,1.241,0
1990,DEU,Allemagne,% GDP,childcare_education,in_kind,0.256,0
1991,DEU,Allemagne,% GDP,childcare_education,in_kind,0.341,0
1992,DEU,Allemagne,% GDP,childcare_education,in_kind,0.352,0
1993,DEU,Allemagne,% GDP,childcare_education,in_kind,0.404,0
1994,DEU,Allemagne,% GDP,childcare_education,in_kind,0.394,0
1995,DEU,Allemagne,% GDP,childcare_education,in_kind,0.378,0
1996,DEU,Allemagne,% GDP,childcare_education,in_kind,0.39,0
1997,DEU,Allemagne,% GDP,childcare_education,in_kind,0.399,0
1998,DEU,Allemagne,% GDP,childcare_education,in_kind,0.386,0
1999,DEU,Allemagne,% GDP,childcare_education,in_kind,0.386,0
2000,DEU,Allemagne,% GDP,childcare_education,in_kind,0.328,0
2001,DEU,Allemagne,% GDP,childcare_education,in_kind,0.329,0
2002,DEU,Allemagne,% GDP,childcare_education,in_kind,0.36,0
2003,DEU,Allemagne,% GDP,childcare_education,in_kind,0.37,0
2004,DEU,Allemagne,% GDP,childcare_education,in_kind,0.363,0
2005,DEU,Allemagne,% GDP,childcare_education,in_kind,0.368,0
2006,DEU,Allemagne,% GDP,childcare_education,in_kind,0.367,0
2007,DEU,Allemagne,% GDP,childcare_education,in_kind,0.365,0
2008,DEU,Allemagne,% GDP,childcare_education,in_kind,0.367,0
2009,DEU,Allemagne,% GDP,childcare_education,in_kind,0.428,0
2010,DEU,Allemagne,% GDP,childcare_education,in_kind,0.462,0
2011,DEU,Allemagne,% GDP,childcare_education,in_kind,0.474,0
2012,DEU,Allemagne,% GDP,childcare_education,in_kind,0.522,0
2013,DEU,Allemagne,% GDP,childcare_education,in_kind,0.576,0
2014,DEU,Allemagne,% GDP,childcare_education,in_kind,0.589,0
2015,DEU,Allemagne,% GDP,childcare_education,in_kind,0.605,0
2016,DEU,Allemagne,% GDP,childcare_education,in_kind,0.632,0
2017,DEU,Allemagne,% GDP,childcare_education,in_kind,0.666,0
2018,DEU,Allemagne,% GDP,childcare_education,in_kind,0.691,0
2019,DEU,Allemagne,% GDP,childcare_education,in_kind,0.738,0
2020,DEU,Allemagne,% GDP,childcare_education,in_kind,0.821,0
2021,DEU,Allemagne,% GDP,childcare_education,in_kind,0.81,0
1990,GRC,Grèce,% GDP,childcare_education,in_kind,0.115,0
1991,GRC,Grèce,% GDP,childcare_education,in_kind,0.111,0
1992,GRC,Grèce,% GDP,childcare_education,in_kind,0.106,0
1993,GRC,Grèce,% GDP,childcare_education,in_kind,0.103,0
1994,GRC,Grèce,% GDP,childcare_education,in_kind,0.118,0
1995,GRC,Grèce,% GDP,childcare_education,in_kind,0.12,0
1996,GRC,Grèce,% GDP,childcare_education,in_kind,0.127,0
1997,GRC,Grèce,% GDP,childcare_education,in_kind,0.136,0
1998,GRC,Grèce,% GDP,childcare_education,in_kind,0.144,0
1999,GRC,Grèce,% GDP,childcare_education,in_kind,0.138,0
2009,GRC,Grèce,% GDP,childcare_education,in_kind,0.008,0
2010,GRC,Grèce,% GDP,childcare_education,in_kind,0.034,0
2011,GRC,Grèce,% GDP,childcare_education,in_kind,0.043,0
2012,GRC,Grèce,% GDP,childcare_education,in_kind,0.323,0
2013,GRC,Grèce,% GDP,childcare_education,in_kind,0.349,0
2014,GRC,Grèce,% GDP,childcare_education,in_kind,0.357,0
2015,GRC,Grèce,% GDP,childcare_education,in_kind,0.343,0
2016,GRC,Grèce,% GDP,childcare_education,in_kind,0.323,0
2017,GRC,Grèce,% GDP,childcare_education,in_kind,0.306,0
2018,GRC,Grèce,% GDP,childcare_education,in_kind,0.316,0
2019,GRC,Grèce,% GDP,childcare_education,in_kind,0.336,0
2020,GRC,Grèce,% GDP,childcare_education,in_kind,0.327,0
2021,GRC,Grèce,% GDP,childcare_education,in_kind,0.332,0
1999,HUN,Hongrie,% GDP,childcare_education,in_kind,0.629,0
2000,HUN,Hongrie,% GDP,childcare_education,in_kind,0.587,0
2001,HUN,Hongrie,% GDP,childcare_education,in_kind,0.578,0
2002,HUN,Hongrie,% GDP,childcare_education,in_kind,0.611,0
2003,HUN,Hongrie,% GDP,childcare_education,in_kind,0.693,0
2004,HUN,Hongrie,% GDP,childcare_education,in_kind,0.669,0
2005,HUN,Hongrie,% GDP,childcare_education,in_kind,0.676,0
2006,HUN,Hongrie,% GDP,childcare_education,in_kind,0.665,0
2007,HUN,Hongrie,% GDP,childcare_education,in_kind,0.617,0
2008,HUN,Hongrie,% GDP,childcare_education,in_kind,0.626,0
2009,HUN,Hongrie,% GDP,childcare_education,in_kind,0.637,0
2010,HUN,Hongrie,% GDP,childcare_education,in_kind,0.645,0
2011,HUN,Hongrie,% GDP,childcare_education,in_kind,0.62,0
2012,HUN,Hongrie,% GDP,childcare_education,in_kind,0.62,0
2013,HUN,Hongrie,% GDP,childcare_education,in_kind,0.621,0
2014,HUN,Hongrie,% GDP,childcare_education,in_kind,0.692,0
2015,HUN,Hongrie,% GDP,childcare_education,in_kind,0.712,0
2016,HUN,Hongrie,% GDP,childcare_education,in_kind,0.719,0
2017,HUN,Hongrie,% GDP,childcare_education,in_kind,0.681,0
2018,HUN,Hongrie,% GDP,childcare_education,in_kind,0.661,0
2019,HUN,Hongrie,% GDP,childcare_education,in_kind,0.657,0
2020,HUN,Hongrie,% GDP,childcare_education,in_kind,0.658,0
2021,HUN,Hongrie,% GDP,childcare_education,in_kind,0.635,0
1990,ISL,Islande,% GDP,childcare_education,in_kind,0.49,0
1991,ISL,Islande,% GDP,childcare_education,in_kind,0.564,0
1992,ISL,Islande,% GDP,childcare_education,in_kind,0.613,0
1993,ISL,Islande,% GDP,childcare_education,in_kind,0.583,0
1994,ISL,Islande,% GDP,childcare_education,in_kind,0.608,0
1995,ISL,Islande,% GDP,childcare_education,in_kind,0.658,0
1996,ISL,Islande,% GDP,childcare_education,in_kind,0.692,0
1997,ISL,Islande,% GDP,childcare_education,in_kind,0.695,0
1998,ISL,Islande,% GDP,childcare_education,in_kind,0.733,0
1999,ISL,Islande,% GDP,childcare_education,in_kind,0.77,0
2000,ISL,Islande,% GDP,childcare_education,in_kind,0.805,0
2001,ISL,Islande,% GDP,childcare_education,in_kind,0.908,0
2002,ISL,Islande,% GDP,childcare_education,in_kind,0.991,0
2003,ISL,Islande,% GDP,childcare_education,in_kind,1.071,0
2004,ISL,Islande,% GDP,childcare_education,in_kind,1.072,0
2005,ISL,Islande,% GDP,childcare_education,in_kind,1.131,0
2006,ISL,Islande,% GDP,childcare_education,in_kind,1.288,0
2007,ISL,Islande,% GDP,childcare_education,in_kind,1.436,0
2008,ISL,Islande,% GDP,childcare_education,in_kind,1.477,0
2009,ISL,Islande,% GDP,childcare_education,in_kind,1.576,0
2010,ISL,Islande,% GDP,childcare_education,in_kind,1.527,0
2011,ISL,Islande,% GDP,childcare_education,in_kind,1.516,0
2012,ISL,Islande,% GDP,childcare_education,in_kind,1.722,0
2013,ISL,Islande,% GDP,childcare_education,in_kind,1.722,0
2014,ISL,Islande,% GDP,childcare_education,in_kind,1.825,0
2015,ISL,Islande,% GDP,childcare_education,in_kind,1.74,0
2016,ISL,Islande,% GDP,childcare_education,in_kind,1.703,0
2017,ISL,Islande,% GDP,childcare_education,in_kind,1.798,0
2018,ISL,Islande,% GDP,childcare_education,in_kind,1.831,0
2019,ISL,Islande,% GDP,childcare_education,in_kind,1.706,0
2020,ISL,Islande,% GDP,childcare_education,in_kind,2.068,0
2021,ISL,Islande,% GDP,childcare_education,in_kind,2.029,0
1998,IRL,Irlande,% GDP,childcare_education,in_kind,0.235,0
1999,IRL,Irlande,% GDP,childcare_education,in_kind,0.217,0
2000,IRL,Irlande,% GDP,childcare_education,in_kind,0.215,0
2001,IRL,Irlande,% GDP,childcare_education,in_kind,0.226,0
2002,IRL,Irlande,% GDP,childcare_education,in_kind,0.239,0
2003,IRL,Irlande,% GDP,childcare_education,in_kind,0.265,0
2004,IRL,Irlande,% GDP,childcare_education,in_kind,0.277,0
2005,IRL,Irlande,% GDP,childcare_education,in_kind,0.276,0
2006,IRL,Irlande,% GDP,childcare_education,in_kind,0.28,0
2007,IRL,Irlande,% GDP,childcare_education,in_kind,0.303,0
2008,IRL,Irlande,% GDP,childcare_education,in_kind,0.364,0
2009,IRL,Irlande,% GDP,childcare_education,in_kind,0.453,0
2010,IRL,Irlande,% GDP,childcare_education,in_kind,0.481,0
2011,IRL,Irlande,% GDP,childcare_education,in_kind,0.457,0
2012,IRL,Irlande,% GDP,childcare_education,in_kind,0.486,0
2013,IRL,Irlande,% GDP,childcare_education,in_kind,0.456,0
2014,IRL,Irlande,% GDP,childcare_education,in_kind,0.413,0
2015,IRL,Irlande,% GDP,childcare_education,in_kind,0.318,0
2016,IRL,Irlande,% GDP,childcare_education,in_kind,0.345,0
2017,IRL,Irlande,% GDP,childcare_education,in_kind,0.33,0
2018,IRL,Irlande,% GDP,childcare_education,in_kind,0.328,0
2019,IRL,Irlande,% GDP,childcare_education,in_kind,0.325,0
2020,IRL,Irlande,% GDP,childcare_education,in_kind,0.277,0
2021,IRL,Irlande,% GDP,childcare_education,in_kind,0.276,0
1990,ITA,Italie,% GDP,childcare_education,in_kind,0.147,0
1991,ITA,Italie,% GDP,childcare_education,in_kind,0.148,0
1992,ITA,Italie,% GDP,childcare_education,in_kind,0.143,0
1993,ITA,Italie,% GDP,childcare_education,in_kind,0.154,0
1994,ITA,Italie,% GDP,childcare_education,in_kind,0.159,0
1995,ITA,Italie,% GDP,childcare_education,in_kind,0.058,0
1996,ITA,Italie,% GDP,childcare_education,in_kind,0.07,0
1997,ITA,Italie,% GDP,childcare_education,in_kind,0.064,0
1998,ITA,Italie,% GDP,childcare_education,in_kind,0.456,0
1999,ITA,Italie,% GDP,childcare_education,in_kind,0.468,0
2000,ITA,Italie,% GDP,childcare_education,in_kind,0.49,0
2001,ITA,Italie,% GDP,childcare_education,in_kind,0.513,0
2002,ITA,Italie,% GDP,childcare_education,in_kind,0.438,0
2003,ITA,Italie,% GDP,childcare_education,in_kind,0.488,0
2004,ITA,Italie,% GDP,childcare_education,in_kind,0.498,0
2005,ITA,Italie,% GDP,childcare_education,in_kind,0.505,0
2006,ITA,Italie,% GDP,childcare_education,in_kind,0.552,0
2007,ITA,Italie,% GDP,childcare_education,in_kind,0.523,0
2008,ITA,Italie,% GDP,childcare_education,in_kind,0.553,0
2009,ITA,Italie,% GDP,childcare_education,in_kind,0.548,0
2010,ITA,Italie,% GDP,childcare_education,in_kind,0.525,0
2011,ITA,Italie,% GDP,childcare_education,in_kind,0.512,0
2012,ITA,Italie,% GDP,childcare_education,in_kind,0.535,0
2013,ITA,Italie,% GDP,childcare_education,in_kind,0.542,0
2014,ITA,Italie,% GDP,childcare_education,in_kind,0.539,0
2015,ITA,Italie,% GDP,childcare_education,in_kind,0.557,0
2016,ITA,Italie,% GDP,childcare_education,in_kind,0.524,0
2017,ITA,Italie,% GDP,childcare_education,in_kind,0.546,0
2018,ITA,Italie,% GDP,childcare_education,in_kind,0.553,0
2019,ITA,Italie,% GDP,childcare_education,in_kind,0.562,0
2020,ITA,Italie,% GDP,childcare_education,in_kind,0.561,0
2021,ITA,Italie,% GDP,childcare_education,in_kind,0.494,0
1997,LVA,Lettonie,% GDP,childcare_education,in_kind,0.075,0
1998,LVA,Lettonie,% GDP,childcare_education,in_kind,0.073,0
1999,LVA,Lettonie,% GDP,childcare_education,in_kind,0.079,0
2000,LVA,Lettonie,% GDP,childcare_education,in_kind,0.081,0
2001,LVA,Lettonie,% GDP,childcare_education,in_kind,0.092,0
2002,LVA,Lettonie,% GDP,childcare_education,in_kind,0.097,0
2003,LVA,Lettonie,% GDP,childcare_education,in_kind,0.098,0
2004,LVA,Lettonie,% GDP,childcare_education,in_kind,0.098,0
2005,LVA,Lettonie,% GDP,childcare_education,in_kind,0.094,0
2006,LVA,Lettonie,% GDP,childcare_education,in_kind,0.092,0
2007,LVA,Lettonie,% GDP,childcare_education,in_kind,0.096,0
2008,LVA,Lettonie,% GDP,childcare_education,in_kind,0.722,0
2009,LVA,Lettonie,% GDP,childcare_education,in_kind,0.865,0
2010,LVA,Lettonie,% GDP,childcare_education,in_kind,0.787,0
2011,LVA,Lettonie,% GDP,childcare_education,in_kind,0.82,0
2012,LVA,Lettonie,% GDP,childcare_education,in_kind,0.762,0
2013,LVA,Lettonie,% GDP,childcare_education,in_kind,0.805,0
2014,LVA,Lettonie,% GDP,childcare_education,in_kind,0.865,0
2015,LVA,Lettonie,% GDP,childcare_education,in_kind,0.846,0
2016,LVA,Lettonie,% GDP,childcare_education,in_kind,0.825,0
2017,LVA,Lettonie,% GDP,childcare_education,in_kind,0.845,0
2018,LVA,Lettonie,% GDP,childcare_education,in_kind,0.798,0
2019,LVA,Lettonie,% GDP,childcare_education,in_kind,0.832,0
2020,LVA,Lettonie,% GDP,childcare_education,in_kind,0.904,0
2021,LVA,Lettonie,% GDP,childcare_education,in_kind,0.856,0
1996,LTU,Lituanie,% GDP,childcare_education,in_kind,0.073,0
1997,LTU,Lituanie,% GDP,childcare_education,in_kind,0.079,0
1998,LTU,Lituanie,% GDP,childcare_education,in_kind,0.088,0
1999,LTU,Lituanie,% GDP,childcare_education,in_kind,0.091,0
2000,LTU,Lituanie,% GDP,childcare_education,in_kind,0.092,0
2001,LTU,Lituanie,% GDP,childcare_education,in_kind,0.091,0
2002,LTU,Lituanie,% GDP,childcare_education,in_kind,0.09,0
2003,LTU,Lituanie,% GDP,childcare_education,in_kind,0.087,0
2004,LTU,Lituanie,% GDP,childcare_education,in_kind,0.084,0
2005,LTU,Lituanie,% GDP,childcare_education,in_kind,0.673,0
2006,LTU,Lituanie,% GDP,childcare_education,in_kind,0.663,0
2007,LTU,Lituanie,% GDP,childcare_education,in_kind,0.614,0
2008,LTU,Lituanie,% GDP,childcare_education,in_kind,0.61,0
2009,LTU,Lituanie,% GDP,childcare_education,in_kind,0.84,0
2010,LTU,Lituanie,% GDP,childcare_education,in_kind,0.615,0
2011,LTU,Lituanie,% GDP,childcare_education,in_kind,0.629,0
2012,LTU,Lituanie,% GDP,childcare_education,in_kind,0.573,0
2013,LTU,Lituanie,% GDP,childcare_education,in_kind,0.598,0
2014,LTU,Lituanie,% GDP,childcare_education,in_kind,0.629,0
2015,LTU,Lituanie,% GDP,childcare_education,in_kind,0.664,0
2016,LTU,Lituanie,% GDP,childcare_education,in_kind,0.741,0
2017,LTU,Lituanie,% GDP,childcare_education,in_kind,0.765,0
2018,LTU,Lituanie,% GDP,childcare_education,in_kind,0.851,0
2019,LTU,Lituanie,% GDP,childcare_education,in_kind,0.876,0
2020,LTU,Lituanie,% GDP,childcare_education,in_kind,1.017,0
2021,LTU,Lituanie,% GDP,childcare_education,in_kind,1.012,0
1990,LUX,Luxembourg,% GDP,childcare_education,in_kind,0.029,0
1991,LUX,Luxembourg,% GDP,childcare_education,in_kind,0.043,0
1992,LUX,Luxembourg,% GDP,childcare_education,in_kind,0.075,0
1993,LUX,Luxembourg,% GDP,childcare_education,in_kind,0.081,0
1994,LUX,Luxembourg,% GDP,childcare_education,in_kind,0.084,0
1995,LUX,Luxembourg,% GDP,childcare_education,in_kind,0.167,0
1996,LUX,Luxembourg,% GDP,childcare_education,in_kind,0.21,0
1997,LUX,Luxembourg,% GDP,childcare_education,in_kind,0.207,0
1998,LUX,Luxembourg,% GDP,childcare_education,in_kind,0.438,0
1999,LUX,Luxembourg,% GDP,childcare_education,in_kind,0.479,0
2000,LUX,Luxembourg,% GDP,childcare_education,in_kind,0.41,0
2001,LUX,Luxembourg,% GDP,childcare_education,in_kind,0.347,0
2002,LUX,Luxembourg,% GDP,childcare_education,in_kind,0.384,0
2003,LUX,Luxembourg,% GDP,childcare_education,in_kind,0.375,0
2004,LUX,Luxembourg,% GDP,childcare_education,in_kind,0.375,0
2005,LUX,Luxembourg,% GDP,childcare_education,in_kind,0.39,0
2006,LUX,Luxembourg,% GDP,childcare_education,in_kind,0.392,0
2007,LUX,Luxembourg,% GDP,childcare_education,in_kind,0.11,0
2008,LUX,Luxembourg,% GDP,childcare_education,in_kind,0.135,0
2009,LUX,Luxembourg,% GDP,childcare_education,in_kind,0.207,0
2010,LUX,Luxembourg,% GDP,childcare_education,in_kind,0.308,0
2011,LUX,Luxembourg,% GDP,childcare_education,in_kind,0.36,0
2012,LUX,Luxembourg,% GDP,childcare_education,in_kind,0.473,0
2013,LUX,Luxembourg,% GDP,childcare_education,in_kind,0.489,0
2014,LUX,Luxembourg,% GDP,childcare_education,in_kind,0.509,0
2015,LUX,Luxembourg,% GDP,childcare_education,in_kind,0.54,0
2016,LUX,Luxembourg,% GDP,childcare_education,in_kind,0.557,0
2017,LUX,Luxembourg,% GDP,childcare_education,in_kind,0.617,0
2018,LUX,Luxembourg,% GDP,childcare_education,in_kind,0.664,0
2019,LUX,Luxembourg,% GDP,childcare_education,in_kind,0.723,0
2020,LUX,Luxembourg,% GDP,childcare_education,in_kind,0.805,0
2021,LUX,Luxembourg,% GDP,childcare_education,in_kind,0.772,0
1995,NLD,Pays-Bas,% GDP,childcare_education,in_kind,0.026,0
1996,NLD,Pays-Bas,% GDP,childcare_education,in_kind,0.019,0
1997,NLD,Pays-Bas,% GDP,childcare_education,in_kind,0.032,0
1998,NLD,Pays-Bas,% GDP,childcare_education,in_kind,0.365,0
1999,NLD,Pays-Bas,% GDP,childcare_education,in_kind,0.372,0
2000,NLD,Pays-Bas,% GDP,childcare_education,in_kind,0.402,0
2001,NLD,Pays-Bas,% GDP,childcare_education,in_kind,0.426,0
2002,NLD,Pays-Bas,% GDP,childcare_education,in_kind,0.453,0
2003,NLD,Pays-Bas,% GDP,childcare_education,in_kind,0.467,0
2004,NLD,Pays-Bas,% GDP,childcare_education,in_kind,0.451,0
2005,NLD,Pays-Bas,% GDP,childcare_education,in_kind,0.445,0
2006,NLD,Pays-Bas,% GDP,childcare_education,in_kind,0.534,0
2007,NLD,Pays-Bas,% GDP,childcare_education,in_kind,0.68,0
2008,NLD,Pays-Bas,% GDP,childcare_education,in_kind,0.783,0
2009,NLD,Pays-Bas,% GDP,childcare_education,in_kind,0.86,0
2010,NLD,Pays-Bas,% GDP,childcare_education,in_kind,0.843,0
2011,NLD,Pays-Bas,% GDP,childcare_education,in_kind,0.824,0
2012,NLD,Pays-Bas,% GDP,childcare_education,in_kind,0.744,0
2013,NLD,Pays-Bas,% GDP,childcare_education,in_kind,0.687,0
2014,NLD,Pays-Bas,% GDP,childcare_education,in_kind,0.632,0
2015,NLD,Pays-Bas,% GDP,childcare_education,in_kind,0.599,0
2016,NLD,Pays-Bas,% GDP,childcare_education,in_kind,0.634,0
2017,NLD,Pays-Bas,% GDP,childcare_education,in_kind,0.651,0
2018,NLD,Pays-Bas,% GDP,childcare_education,in_kind,0.673,0
2019,NLD,Pays-Bas,% GDP,childcare_education,in_kind,0.716,0
2020,NLD,Pays-Bas,% GDP,childcare_education,in_kind,0.732,0
2021,NLD,Pays-Bas,% GDP,childcare_education,in_kind,0.763,0
1990,NOR,Norvège,% GDP,childcare_education,in_kind,0.636,0
1991,NOR,Norvège,% GDP,childcare_education,in_kind,0.71,0
1992,NOR,Norvège,% GDP,childcare_education,in_kind,0.787,0
1993,NOR,Norvège,% GDP,childcare_education,in_kind,0.826,0
1994,NOR,Norvège,% GDP,childcare_education,in_kind,0.843,0
1995,NOR,Norvège,% GDP,childcare_education,in_kind,0.848,0
1996,NOR,Norvège,% GDP,childcare_education,in_kind,0.841,0
1997,NOR,Norvège,% GDP,childcare_education,in_kind,0.795,0
1998,NOR,Norvège,% GDP,childcare_education,in_kind,0.801,0
1999,NOR,Norvège,% GDP,childcare_education,in_kind,0.775,0
2000,NOR,Norvège,% GDP,childcare_education,in_kind,0.688,0
2001,NOR,Norvège,% GDP,childcare_education,in_kind,0.724,0
2002,NOR,Norvège,% GDP,childcare_education,in_kind,0.614,0
2003,NOR,Norvège,% GDP,childcare_education,in_kind,0.687,0
2004,NOR,Norvège,% GDP,childcare_education,in_kind,0.743,0
2005,NOR,Norvège,% GDP,childcare_education,in_kind,0.753,0
2006,NOR,Norvège,% GDP,childcare_education,in_kind,0.832,0
2007,NOR,Norvège,% GDP,childcare_education,in_kind,0.924,0
2008,NOR,Norvège,% GDP,childcare_education,in_kind,0.975,0
2009,NOR,Norvège,% GDP,childcare_education,in_kind,1.188,0
2010,NOR,Norvège,% GDP,childcare_education,in_kind,1.201,0
2011,NOR,Norvège,% GDP,childcare_education,in_kind,1.212,0
2012,NOR,Norvège,% GDP,childcare_education,in_kind,1.2,0
2013,NOR,Norvège,% GDP,childcare_education,in_kind,1.244,0
2014,NOR,Norvège,% GDP,childcare_education,in_kind,1.288,0
2015,NOR,Norvège,% GDP,childcare_education,in_kind,1.323,0
2016,NOR,Norvège,% GDP,childcare_education,in_kind,1.38,0
2017,NOR,Norvège,% GDP,childcare_education,in_kind,1.348,0
2018,NOR,Norvège,% GDP,childcare_education,in_kind,1.305,0
2019,NOR,Norvège,% GDP,childcare_education,in_kind,1.363,0
2020,NOR,Norvège,% GDP,childcare_education,in_kind,1.433,0
2021,NOR,Norvège,% GDP,childcare_education,in_kind,1.185,0
1998,POL,Pologne,% GDP,childcare_education,in_kind,0.215,0
1999,POL,Pologne,% GDP,childcare_education,in_kind,0.208,0
2000,POL,Pologne,% GDP,childcare_education,in_kind,0.229,0
2001,POL,Pologne,% GDP,childcare_education,in_kind,0.205,0
2002,POL,Pologne,% GDP,childcare_education,in_kind,0.208,0
2003,POL,Pologne,% GDP,childcare_education,in_kind,0.237,0
2004,POL,Pologne,% GDP,childcare_education,in_kind,0.275,0
2005,POL,Pologne,% GDP,childcare_education,in_kind,0.284,0
2006,POL,Pologne,% GDP,childcare_education,in_kind,0.287,0
2007,POL,Pologne,% GDP,childcare_education,in_kind,0.282,0
2008,POL,Pologne,% GDP,childcare_education,in_kind,0.429,0
2009,POL,Pologne,% GDP,childcare_education,in_kind,0.467,0
2010,POL,Pologne,% GDP,childcare_education,in_kind,0.481,0
2011,POL,Pologne,% GDP,childcare_education,in_kind,0.513,0
2012,POL,Pologne,% GDP,childcare_education,in_kind,0.546,0
2013,POL,Pologne,% GDP,childcare_education,in_kind,0.589,0
2014,POL,Pologne,% GDP,childcare_education,in_kind,0.614,0
2015,POL,Pologne,% GDP,childcare_education,in_kind,0.577,0
2016,POL,Pologne,% GDP,childcare_education,in_kind,0.596,0
2017,POL,Pologne,% GDP,childcare_education,in_kind,0.454,0
2018,POL,Pologne,% GDP,childcare_education,in_kind,0.498,0
2019,POL,Pologne,% GDP,childcare_education,in_kind,0.576,0
2020,POL,Pologne,% GDP,childcare_education,in_kind,0.68,0
2021,POL,Pologne,% GDP,childcare_education,in_kind,0.678,0
1990,PRT,Portugal,% GDP,childcare_education,in_kind,0.004,0
1991,PRT,Portugal,% GDP,childcare_education,in_kind,0.004,0
1992,PRT,Portugal,% GDP,childcare_education,in_kind,0.004,0
1993,PRT,Portugal,% GDP,childcare_education,in_kind,0.004,0
1994,PRT,Portugal,% GDP,childcare_education,in_kind,0.005,0
1995,PRT,Portugal,% GDP,childcare_education,in_kind,0.005,0
1996,PRT,Portugal,% GDP,childcare_education,in_kind,0.006,0
1997,PRT,Portugal,% GDP,childcare_education,in_kind,0.008,0
1998,PRT,Portugal,% GDP,childcare_education,in_kind,0.215,0
1999,PRT,Portugal,% GDP,childcare_education,in_kind,0.267,0
2000,PRT,Portugal,% GDP,childcare_education,in_kind,0.276,0
2001,PRT,Portugal,% GDP,childcare_education,in_kind,0.3,0
2002,PRT,Portugal,% GDP,childcare_education,in_kind,0.31,0
2003,PRT,Portugal,% GDP,childcare_education,in_kind,0.377,0
2004,PRT,Portugal,% GDP,childcare_education,in_kind,0.372,0
2005,PRT,Portugal,% GDP,childcare_education,in_kind,0.374,0
2006,PRT,Portugal,% GDP,childcare_education,in_kind,0.36,0
2007,PRT,Portugal,% GDP,childcare_education,in_kind,0.345,0
2008,PRT,Portugal,% GDP,childcare_education,in_kind,0.352,0
2009,PRT,Portugal,% GDP,childcare_education,in_kind,0.375,0
2010,PRT,Portugal,% GDP,childcare_education,in_kind,0.387,0
2011,PRT,Portugal,% GDP,childcare_education,in_kind,0.371,0
2012,PRT,Portugal,% GDP,childcare_education,in_kind,0.376,0
2013,PRT,Portugal,% GDP,childcare_education,in_kind,0.406,0
2014,PRT,Portugal,% GDP,childcare_education,in_kind,0.415,0
2015,PRT,Portugal,% GDP,childcare_education,in_kind,0.387,0
2016,PRT,Portugal,% GDP,childcare_education,in_kind,0.376,0
2017,PRT,Portugal,% GDP,childcare_education,in_kind,0.388,0
2018,PRT,Portugal,% GDP,childcare_education,in_kind,0.349,0
2019,PRT,Portugal,% GDP,childcare_education,in_kind,0.343,0
2020,PRT,Portugal,% GDP,childcare_education,in_kind,0.366,0
2021,PRT,Portugal,% GDP,childcare_education,in_kind,0.385,0
1995,SVK,République slovaque,% GDP,childcare_education,in_kind,0.088,0
1996,SVK,République slovaque,% GDP,childcare_education,in_kind,0.104,0
1997,SVK,République slovaque,% GDP,childcare_education,in_kind,0.069,0
1998,SVK,République slovaque,% GDP,childcare_education,in_kind,0.064,0
1999,SVK,République slovaque,% GDP,childcare_education,in_kind,0.48,0
2000,SVK,République slovaque,% GDP,childcare_education,in_kind,0.424,0
2001,SVK,République slovaque,% GDP,childcare_education,in_kind,0.435,0
2002,SVK,République slovaque,% GDP,childcare_education,in_kind,0.456,0
2003,SVK,République slovaque,% GDP,childcare_education,in_kind,0.473,0
2004,SVK,République slovaque,% GDP,childcare_education,in_kind,0.404,0
2005,SVK,République slovaque,% GDP,childcare_education,in_kind,0.392,0
2006,SVK,République slovaque,% GDP,childcare_education,in_kind,0.378,0
2007,SVK,République slovaque,% GDP,childcare_education,in_kind,0.374,0
2008,SVK,République slovaque,% GDP,childcare_education,in_kind,0.377,0
2009,SVK,République slovaque,% GDP,childcare_education,in_kind,0.424,0
2010,SVK,République slovaque,% GDP,childcare_education,in_kind,0.398,0
2011,SVK,République slovaque,% GDP,childcare_education,in_kind,0.416,0
2012,SVK,République slovaque,% GDP,childcare_education,in_kind,0.435,0
2013,SVK,République slovaque,% GDP,childcare_education,in_kind,0.469,0
2014,SVK,République slovaque,% GDP,childcare_education,in_kind,0.501,0
2015,SVK,République slovaque,% GDP,childcare_education,in_kind,0.492,0
2016,SVK,République slovaque,% GDP,childcare_education,in_kind,0.523,0
2017,SVK,République slovaque,% GDP,childcare_education,in_kind,0.568,0
2018,SVK,République slovaque,% GDP,childcare_education,in_kind,0.588,0
2019,SVK,République slovaque,% GDP,childcare_education,in_kind,0.644,0
2020,SVK,République slovaque,% GDP,childcare_education,in_kind,0.637,0
2021,SVK,République slovaque,% GDP,childcare_education,in_kind,0.618,0
1996,SVN,Slovénie,% GDP,childcare_education,in_kind,0.616,0
1997,SVN,Slovénie,% GDP,childcare_education,in_kind,0.624,0
1998,SVN,Slovénie,% GDP,childcare_education,in_kind,0.621,0
1999,SVN,Slovénie,% GDP,childcare_education,in_kind,0.603,0
2000,SVN,Slovénie,% GDP,childcare_education,in_kind,0.608,0
2001,SVN,Slovénie,% GDP,childcare_education,in_kind,0.6,0
2002,SVN,Slovénie,% GDP,childcare_education,in_kind,0.578,0
2003,SVN,Slovénie,% GDP,childcare_education,in_kind,0.562,0
2004,SVN,Slovénie,% GDP,childcare_education,in_kind,0.539,0
2005,SVN,Slovénie,% GDP,childcare_education,in_kind,0.535,0
2006,SVN,Slovénie,% GDP,childcare_education,in_kind,0.506,0
2007,SVN,Slovénie,% GDP,childcare_education,in_kind,0.47,0
2008,SVN,Slovénie,% GDP,childcare_education,in_kind,0.46,0
2009,SVN,Slovénie,% GDP,childcare_education,in_kind,0.489,0
2010,SVN,Slovénie,% GDP,childcare_education,in_kind,0.494,0
2011,SVN,Slovénie,% GDP,childcare_education,in_kind,0.493,0
2012,SVN,Slovénie,% GDP,childcare_education,in_kind,0.518,0
2013,SVN,Slovénie,% GDP,childcare_education,in_kind,0.526,0
2014,SVN,Slovénie,% GDP,childcare_education,in_kind,0.51,0
2015,SVN,Slovénie,% GDP,childcare_education,in_kind,0.491,0
2016,SVN,Slovénie,% GDP,childcare_education,in_kind,0.473,0
2017,SVN,Slovénie,% GDP,childcare_education,in_kind,0.645,0
2018,SVN,Slovénie,% GDP,childcare_education,in_kind,0.634,0
2019,SVN,Slovénie,% GDP,childcare_education,in_kind,0.629,0
2020,SVN,Slovénie,% GDP,childcare_education,in_kind,0.648,0
2021,SVN,Slovénie,% GDP,childcare_education,in_kind,0.605,0
1990,ESP,Espagne,% GDP,childcare_education,in_kind,0.005,0
1991,ESP,Espagne,% GDP,childcare_education,in_kind,0.005,0
1992,ESP,Espagne,% GDP,childcare_education,in_kind,0.005,0
1993,ESP,Espagne,% GDP,childcare_education,in_kind,0.005,0
1994,ESP,Espagne,% GDP,childcare_education,in_kind,0.005,0
1995,ESP,Espagne,% GDP,childcare_education,in_kind,0.005,0
1996,ESP,Espagne,% GDP,childcare_education,in_kind,0.005,0
1997,ESP,Espagne,% GDP,childcare_education,in_kind,0.004,0
1998,ESP,Espagne,% GDP,childcare_education,in_kind,0.351,0
1999,ESP,Espagne,% GDP,childcare_education,in_kind,0.338,0
2000,ESP,Espagne,% GDP,childcare_education,in_kind,0.426,0
2001,ESP,Espagne,% GDP,childcare_education,in_kind,0.39,0
2002,ESP,Espagne,% GDP,childcare_education,in_kind,0.391,0
2003,ESP,Espagne,% GDP,childcare_education,in_kind,0.392,0
2004,ESP,Espagne,% GDP,childcare_education,in_kind,0.408,0
2005,ESP,Espagne,% GDP,childcare_education,in_kind,0.424,0
2006,ESP,Espagne,% GDP,childcare_education,in_kind,0.438,0
2007,ESP,Espagne,% GDP,childcare_education,in_kind,0.45,0
2008,ESP,Espagne,% GDP,childcare_education,in_kind,0.485,0
2009,ESP,Espagne,% GDP,childcare_education,in_kind,0.537,0
2010,ESP,Espagne,% GDP,childcare_education,in_kind,0.543,0
2011,ESP,Espagne,% GDP,childcare_education,in_kind,0.538,0
2012,ESP,Espagne,% GDP,childcare_education,in_kind,0.527,0
2013,ESP,Espagne,% GDP,childcare_education,in_kind,0.526,0
2014,ESP,Espagne,% GDP,childcare_education,in_kind,0.511,0
2015,ESP,Espagne,% GDP,childcare_education,in_kind,0.493,0
2016,ESP,Espagne,% GDP,childcare_education,in_kind,0.454,0
2017,ESP,Espagne,% GDP,childcare_education,in_kind,0.467,0
2018,ESP,Espagne,% GDP,childcare_education,in_kind,0.471,0
2019,ESP,Espagne,% GDP,childcare_education,in_kind,0.482,0
2020,ESP,Espagne,% GDP,childcare_education,in_kind,0.585,0
2021,ESP,Espagne,% GDP,childcare_education,in_kind,0.568,0
1990,SWE,Suède,% GDP,childcare_education,in_kind,1.89,0
1991,SWE,Suède,% GDP,childcare_education,in_kind,1.882,0
1992,SWE,Suède,% GDP,childcare_education,in_kind,1.811,0
1993,SWE,Suède,% GDP,childcare_education,in_kind,1.553,0
1994,SWE,Suède,% GDP,childcare_education,in_kind,1.507,0
1995,SWE,Suède,% GDP,childcare_education,in_kind,1.312,0
1996,SWE,Suède,% GDP,childcare_education,in_kind,1.401,0
1997,SWE,Suède,% GDP,childcare_education,in_kind,1.311,0
1998,SWE,Suède,% GDP,childcare_education,in_kind,1.218,0
1999,SWE,Suède,% GDP,childcare_education,in_kind,1.214,0
2000,SWE,Suède,% GDP,childcare_education,in_kind,0.99,0
2001,SWE,Suède,% GDP,childcare_education,in_kind,1.006,0
2002,SWE,Suède,% GDP,childcare_education,in_kind,1.116,0
2003,SWE,Suède,% GDP,childcare_education,in_kind,1.154,0
2004,SWE,Suède,% GDP,childcare_education,in_kind,1.169,0
2005,SWE,Suède,% GDP,childcare_education,in_kind,1.219,0
2006,SWE,Suède,% GDP,childcare_education,in_kind,1.302,0
2007,SWE,Suède,% GDP,childcare_education,in_kind,1.314,0
2008,SWE,Suède,% GDP,childcare_education,in_kind,1.419,0
2009,SWE,Suède,% GDP,childcare_education,in_kind,1.502,0
2010,SWE,Suède,% GDP,childcare_education,in_kind,1.469,0
2011,SWE,Suède,% GDP,childcare_education,in_kind,1.484,0
2012,SWE,Suède,% GDP,childcare_education,in_kind,1.561,0
2013,SWE,Suède,% GDP,childcare_education,in_kind,1.592,0
2014,SWE,Suède,% GDP,childcare_education,in_kind,1.598,0
2015,SWE,Suède,% GDP,childcare_education,in_kind,1.567,0
2016,SWE,Suède,% GDP,childcare_education,in_kind,1.585,0
2017,SWE,Suède,% GDP,childcare_education,in_kind,1.592,0
2018,SWE,Suède,% GDP,childcare_education,in_kind,1.597,0
2019,SWE,Suède,% GDP,childcare_education,in_kind,1.569,0
2020,SWE,Suède,% GDP,childcare_education,in_kind,1.589,0
2021,SWE,Suède,% GDP,childcare_education,in_kind,1.49,0
1990,CHE,Suisse,% GDP,childcare_education,in_kind,0.077,0
1991,CHE,Suisse,% GDP,childcare_education,in_kind,0.08,0
1992,CHE,Suisse,% GDP,childcare_education,in_kind,0.084,0
1993,CHE,Suisse,% GDP,childcare_education,in_kind,0.084,0
1994,CHE,Suisse,% GDP,childcare_education,in_kind,0.077,0
1995,CHE,Suisse,% GDP,childcare_education,in_kind,0.076,0
1996,CHE,Suisse,% GDP,childcare_education,in_kind,0.085,0
1997,CHE,Suisse,% GDP,childcare_education,in_kind,0.077,0
1998,CHE,Suisse,% GDP,childcare_education,in_kind,0.186,0
1999,CHE,Suisse,% GDP,childcare_education,in_kind,0.197,0
2000,CHE,Suisse,% GDP,childcare_education,in_kind,0.198,0
2001,CHE,Suisse,% GDP,childcare_education,in_kind,0.203,0
2002,CHE,Suisse,% GDP,childcare_education,in_kind,0.218,0
2003,CHE,Suisse,% GDP,childcare_education,in_kind,0.223,0
2004,CHE,Suisse,% GDP,childcare_education,in_kind,0.221,0
2005,CHE,Suisse,% GDP,childcare_education,in_kind,0.232,0
2006,CHE,Suisse,% GDP,childcare_education,in_kind,0.225,0
2007,CHE,Suisse,% GDP,childcare_education,in_kind,0.219,0
2008,CHE,Suisse,% GDP,childcare_education,in_kind,0.207,0
2009,CHE,Suisse,% GDP,childcare_education,in_kind,0.23,0
2010,CHE,Suisse,% GDP,childcare_education,in_kind,0.227,0
2011,CHE,Suisse,% GDP,childcare_education,in_kind,0.223,0
2012,CHE,Suisse,% GDP,childcare_education,in_kind,0.235,0
2013,CHE,Suisse,% GDP,childcare_education,in_kind,0.226,0
2014,CHE,Suisse,% GDP,childcare_education,in_kind,0.269,0
2015,CHE,Suisse,% GDP,childcare_education,in_kind,0.395,0
2016,CHE,Suisse,% GDP,childcare_education,in_kind,0.389,0
2017,CHE,Suisse,% GDP,childcare_education,in_kind,0.392,0
2018,CHE,Suisse,% GDP,childcare_education,in_kind,0.386,0
2019,CHE,Suisse,% GDP,childcare_education,in_kind,0.409,0
2020,CHE,Suisse,% GDP,childcare_education,in_kind,0.44,0
2021,CHE,Suisse,% GDP,childcare_education,in_kind,0.424,0
1996,GBR,Royaume-Uni,% GDP,childcare_education,in_kind,0.003,0
1997,GBR,Royaume-Uni,% GDP,childcare_education,in_kind,0.003,0
1998,GBR,Royaume-Uni,% GDP,childcare_education,in_kind,0.493,0
1999,GBR,Royaume-Uni,% GDP,childcare_education,in_kind,0.601,0
2000,GBR,Royaume-Uni,% GDP,childcare_education,in_kind,0.634,0
2001,GBR,Royaume-Uni,% GDP,childcare_education,in_kind,0.688,0
2002,GBR,Royaume-Uni,% GDP,childcare_education,in_kind,0.724,0
2003,GBR,Royaume-Uni,% GDP,childcare_education,in_kind,0.694,0
2004,GBR,Royaume-Uni,% GDP,childcare_education,in_kind,0.761,0
2005,GBR,Royaume-Uni,% GDP,childcare_education,in_kind,0.753,0
2006,GBR,Royaume-Uni,% GDP,childcare_education,in_kind,0.794,0
2007,GBR,Royaume-Uni,% GDP,childcare_education,in_kind,0.727,0
2008,GBR,Royaume-Uni,% GDP,childcare_education,in_kind,0.711,0
2009,GBR,Royaume-Uni,% GDP,childcare_education,in_kind,0.77,0
2010,GBR,Royaume-Uni,% GDP,childcare_education,in_kind,0.754,0
2011,GBR,Royaume-Uni,% GDP,childcare_education,in_kind,0.769,0
2012,GBR,Royaume-Uni,% GDP,childcare_education,in_kind,0.758,0
2013,GBR,Royaume-Uni,% GDP,childcare_education,in_kind,0.733,0
2014,GBR,Royaume-Uni,% GDP,childcare_education,in_kind,0.589,0
2015,GBR,Royaume-Uni,% GDP,childcare_education,in_kind,0.639,0
2016,GBR,Royaume-Uni,% GDP,childcare_education,in_kind,0.55,0
2017,GBR,Royaume-Uni,% GDP,childcare_education,in_kind,0.562,0
2018,GBR,Royaume-Uni,% GDP,childcare_education,in_kind,0.546,0
2019,GBR,Royaume-Uni,% GDP,childcare_education,in_kind,0.529,0
2020,GBR,Royaume-Uni,% GDP,childcare_education,in_kind,0.54,0
2021,GBR,Royaume-Uni,% GDP,childcare_education,in_kind,0.496,0
2005,BGR,Bulgarie,% GDP,childcare_education,in_kind,0.079,0
2006,BGR,Bulgarie,% GDP,childcare_education,in_kind,0.081,0
2007,BGR,Bulgarie,% GDP,childcare_education,in_kind,0.078,0
2008,BGR,Bulgarie,% GDP,childcare_education,in_kind,0.087,0
2009,BGR,Bulgarie,% GDP,childcare_education,in_kind,0.103,0
2010,BGR,Bulgarie,% GDP,childcare_education,in_kind,0.093,0
2011,BGR,Bulgarie,% GDP,childcare_education,in_kind,0.09,0
2012,BGR,Bulgarie,% GDP,childcare_education,in_kind,0.937,0
2013,BGR,Bulgarie,% GDP,childcare_education,in_kind,1.127,0
2014,BGR,Bulgarie,% GDP,childcare_education,in_kind,1.145,0
2015,BGR,Bulgarie,% GDP,childcare_education,in_kind,1.054,0
2016,BGR,Bulgarie,% GDP,childcare_education,in_kind,1.038,0
2017,BGR,Bulgarie,% GDP,childcare_education,in_kind,1.027,0
2018,BGR,Bulgarie,% GDP,childcare_education,in_kind,1.016,0
2019,BGR,Bulgarie,% GDP,childcare_education,in_kind,1.037,0
2020,BGR,Bulgarie,% GDP,childcare_education,in_kind,1.074,0
2021,BGR,Bulgarie,% GDP,childcare_education,in_kind,1.135,0
2008,HRV,Croatie,% GDP,childcare_education,in_kind,0.192,0
2009,HRV,Croatie,% GDP,childcare_education,in_kind,0.216,0
2010,HRV,Croatie,% GDP,childcare_education,in_kind,0.21,0
2011,HRV,Croatie,% GDP,childcare_education,in_kind,0.215,0
2012,HRV,Croatie,% GDP,childcare_education,in_kind,0.212,0
2013,HRV,Croatie,% GDP,childcare_education,in_kind,0.223,0
2014,HRV,Croatie,% GDP,childcare_education,in_kind,0.604,0
2015,HRV,Croatie,% GDP,childcare_education,in_kind,0.576,0
2016,HRV,Croatie,% GDP,childcare_education,in_kind,0.593,0
2017,HRV,Croatie,% GDP,childcare_education,in_kind,0.559,0
2018,HRV,Croatie,% GDP,childcare_education,in_kind,0.594,0
2019,HRV,Croatie,% GDP,childcare_education,in_kind,0.578,0
2020,HRV,Croatie,% GDP,childcare_education,in_kind,0.663,0
2021,HRV,Croatie,% GDP,childcare_education,in_kind,0.621,0
2000,ROU,Roumanie,% GDP,childcare_education,in_kind,0.386,0
2001,ROU,Roumanie,% GDP,childcare_education,in_kind,0.355,0
2002,ROU,Roumanie,% GDP,childcare_education,in_kind,0.521,0
2003,ROU,Roumanie,% GDP,childcare_education,in_kind,0.462,0
2004,ROU,Roumanie,% GDP,childcare_education,in_kind,0.481,0
2005,ROU,Roumanie,% GDP,childcare_education,in_kind,0.512,0
2006,ROU,Roumanie,% GDP,childcare_education,in_kind,0.585,0
2007,ROU,Roumanie,% GDP,childcare_education,in_kind,0.54,0
2008,ROU,Roumanie,% GDP,childcare_education,in_kind,0.515,0
2009,ROU,Roumanie,% GDP,childcare_education,in_kind,0.483,0
2010,ROU,Roumanie,% GDP,childcare_education,in_kind,0.412,0
2011,ROU,Roumanie,% GDP,childcare_education,in_kind,0.593,0
2012,ROU,Roumanie,% GDP,childcare_education,in_kind,0.606,0
2013,ROU,Roumanie,% GDP,childcare_education,in_kind,0.607,0
2014,ROU,Roumanie,% GDP,childcare_education,in_kind,0.65,0
2015,ROU,Roumanie,% GDP,childcare_education,in_kind,0.568,0
2016,ROU,Roumanie,% GDP,childcare_education,in_kind,0.557,0
2017,ROU,Roumanie,% GDP,childcare_education,in_kind,0.574,0
2018,ROU,Roumanie,% GDP,childcare_education,in_kind,0.606,0
2019,ROU,Roumanie,% GDP,childcare_education,in_kind,0.698,0
2020,ROU,Roumanie,% GDP,childcare_education,in_kind,0.731,0
2021,ROU,Roumanie,% GDP,childcare_education,in_kind,0.665,0
1990,AUT,Autriche,% GDP,parental_leave,cash,0.392,0
1991,AUT,Autriche,% GDP,parental_leave,cash,0.441,0
1992,AUT,Autriche,% GDP,parental_leave,cash,0.624,0
1993,AUT,Autriche,% GDP,parental_leave,cash,0.686,0
1994,AUT,Autriche,% GDP,parental_leave,cash,0.672,0
1995,AUT,Autriche,% GDP,parental_leave,cash,0.637,0
1996,AUT,Autriche,% GDP,parental_leave,cash,0.615,0
1997,AUT,Autriche,% GDP,parental_leave,cash,0.517,0
1998,AUT,Autriche,% GDP,parental_leave,cash,0.41,0
1999,AUT,Autriche,% GDP,parental_leave,cash,0.363,0
2000,AUT,Autriche,% GDP,parental_leave,cash,0.349,0
2001,AUT,Autriche,% GDP,parental_leave,cash,0.36,0
2002,AUT,Autriche,% GDP,parental_leave,cash,0.382,0
2003,AUT,Autriche,% GDP,parental_leave,cash,0.293,0
2004,AUT,Autriche,% GDP,parental_leave,cash,0.166,0
2005,AUT,Autriche,% GDP,parental_leave,cash,0.141,0
2006,AUT,Autriche,% GDP,parental_leave,cash,0.137,0
2007,AUT,Autriche,% GDP,parental_leave,cash,0.132,0
2008,AUT,Autriche,% GDP,parental_leave,cash,0.134,0
2009,AUT,Autriche,% GDP,parental_leave,cash,0.145,0
2010,AUT,Autriche,% GDP,parental_leave,cash,0.153,0
2011,AUT,Autriche,% GDP,parental_leave,cash,0.135,0
2012,AUT,Autriche,% GDP,parental_leave,cash,0.132,0
2013,AUT,Autriche,% GDP,parental_leave,cash,0.137,0
2014,AUT,Autriche,% GDP,parental_leave,cash,0.14,0
2015,AUT,Autriche,% GDP,parental_leave,cash,0.138,0
2016,AUT,Autriche,% GDP,parental_leave,cash,0.141,0
2017,AUT,Autriche,% GDP,parental_leave,cash,0.141,0
2018,AUT,Autriche,% GDP,parental_leave,cash,0.136,0
2019,AUT,Autriche,% GDP,parental_leave,cash,0.137,0
2020,AUT,Autriche,% GDP,parental_leave,cash,0.148,0
2021,AUT,Autriche,% GDP,parental_leave,cash,0.149,0
1990,BEL,Belgique,% GDP,parental_leave,cash,0.153,0
1991,BEL,Belgique,% GDP,parental_leave,cash,0.175,0
1992,BEL,Belgique,% GDP,parental_leave,cash,0.174,0
1993,BEL,Belgique,% GDP,parental_leave,cash,0.171,0
1994,BEL,Belgique,% GDP,parental_leave,cash,0.159,0
1995,BEL,Belgique,% GDP,parental_leave,cash,0.154,0
1996,BEL,Belgique,% GDP,parental_leave,cash,0.159,0
1997,BEL,Belgique,% GDP,parental_leave,cash,0.171,0
1998,BEL,Belgique,% GDP,parental_leave,cash,0.164,0
1999,BEL,Belgique,% GDP,parental_leave,cash,0.162,0
2000,BEL,Belgique,% GDP,parental_leave,cash,0.175,0
2001,BEL,Belgique,% GDP,parental_leave,cash,0.181,0
2002,BEL,Belgique,% GDP,parental_leave,cash,0.178,0
2003,BEL,Belgique,% GDP,parental_leave,cash,0.193,0
2004,BEL,Belgique,% GDP,parental_leave,cash,0.192,0
2005,BEL,Belgique,% GDP,parental_leave,cash,0.195,0
2006,BEL,Belgique,% GDP,parental_leave,cash,0.197,0
2007,BEL,Belgique,% GDP,parental_leave,cash,0.197,0
2008,BEL,Belgique,% GDP,parental_leave,cash,0.208,0
2009,BEL,Belgique,% GDP,parental_leave,cash,0.221,0
2010,BEL,Belgique,% GDP,parental_leave,cash,0.229,0
2011,BEL,Belgique,% GDP,parental_leave,cash,0.236,0
2012,BEL,Belgique,% GDP,parental_leave,cash,0.236,0
2013,BEL,Belgique,% GDP,parental_leave,cash,0.24,0
2014,BEL,Belgique,% GDP,parental_leave,cash,0.234,0
2015,BEL,Belgique,% GDP,parental_leave,cash,0.228,0
2016,BEL,Belgique,% GDP,parental_leave,cash,0.223,0
2017,BEL,Belgique,% GDP,parental_leave,cash,0.236,0
2018,BEL,Belgique,% GDP,parental_leave,cash,0.234,0
2019,BEL,Belgique,% GDP,parental_leave,cash,0.23,0
2020,BEL,Belgique,% GDP,parental_leave,cash,0.249,0
2021,BEL,Belgique,% GDP,parental_leave,cash,0.234,0
1990,DNK,Danemark,% GDP,parental_leave,cash,0.463,0
1991,DNK,Danemark,% GDP,parental_leave,cash,0.458,0
1992,DNK,Danemark,% GDP,parental_leave,cash,0.477,0
1993,DNK,Danemark,% GDP,parental_leave,cash,0.532,0
1994,DNK,Danemark,% GDP,parental_leave,cash,0.791,0
1995,DNK,Danemark,% GDP,parental_leave,cash,0.839,0
1996,DNK,Danemark,% GDP,parental_leave,cash,0.68,0
1997,DNK,Danemark,% GDP,parental_leave,cash,0.567,0
1998,DNK,Danemark,% GDP,parental_leave,cash,0.525,0
1999,DNK,Danemark,% GDP,parental_leave,cash,0.514,0
2000,DNK,Danemark,% GDP,parental_leave,cash,0.494,0
2001,DNK,Danemark,% GDP,parental_leave,cash,0.485,0
2002,DNK,Danemark,% GDP,parental_leave,cash,0.505,0
2003,DNK,Danemark,% GDP,parental_leave,cash,0.572,0
2004,DNK,Danemark,% GDP,parental_leave,cash,0.573,0
2005,DNK,Danemark,% GDP,parental_leave,cash,0.546,0
2006,DNK,Danemark,% GDP,parental_leave,cash,0.526,0
2007,DNK,Danemark,% GDP,parental_leave,cash,0.517,0
2008,DNK,Danemark,% GDP,parental_leave,cash,0.522,0
2009,DNK,Danemark,% GDP,parental_leave,cash,0.577,0
2010,DNK,Danemark,% GDP,parental_leave,cash,0.555,0
2011,DNK,Danemark,% GDP,parental_leave,cash,0.534,0
2012,DNK,Danemark,% GDP,parental_leave,cash,0.487,0
2013,DNK,Danemark,% GDP,parental_leave,cash,0.476,0
2014,DNK,Danemark,% GDP,parental_leave,cash,0.478,0
2015,DNK,Danemark,% GDP,parental_leave,cash,0.47,0
2016,DNK,Danemark,% GDP,parental_leave,cash,0.498,0
2017,DNK,Danemark,% GDP,parental_leave,cash,0.487,0
2018,DNK,Danemark,% GDP,parental_leave,cash,0.486,0
2019,DNK,Danemark,% GDP,parental_leave,cash,0.483,0
2020,DNK,Danemark,% GDP,parental_leave,cash,0.514,0
2021,DNK,Danemark,% GDP,parental_leave,cash,0.469,0
1999,EST,Estonie,% GDP,parental_leave,cash,0.412,0
2000,EST,Estonie,% GDP,parental_leave,cash,0.546,0
2001,EST,Estonie,% GDP,parental_leave,cash,0.498,0
2002,EST,Estonie,% GDP,parental_leave,cash,0.474,0
2003,EST,Estonie,% GDP,parental_leave,cash,0.449,0
2004,EST,Estonie,% GDP,parental_leave,cash,0.678,0
2005,EST,Estonie,% GDP,parental_leave,cash,0.668,0
2006,EST,Estonie,% GDP,parental_leave,cash,1.505,0
2007,EST,Estonie,% GDP,parental_leave,cash,0.752,0
2008,EST,Estonie,% GDP,parental_leave,cash,1.093,0
2009,EST,Estonie,% GDP,parental_leave,cash,1.521,0
2010,EST,Estonie,% GDP,parental_leave,cash,1.56,0
2011,EST,Estonie,% GDP,parental_leave,cash,1.339,0
2012,EST,Estonie,% GDP,parental_leave,cash,1.166,0
2013,EST,Estonie,% GDP,parental_leave,cash,1.096,0
2014,EST,Estonie,% GDP,parental_leave,cash,1.087,0
2015,EST,Estonie,% GDP,parental_leave,cash,1.142,0
2016,EST,Estonie,% GDP,parental_leave,cash,1.212,0
2017,EST,Estonie,% GDP,parental_leave,cash,1.195,0
2018,EST,Estonie,% GDP,parental_leave,cash,1.182,0
2019,EST,Estonie,% GDP,parental_leave,cash,1.207,0
2020,EST,Estonie,% GDP,parental_leave,cash,1.241,0
2021,EST,Estonie,% GDP,parental_leave,cash,1.122,0
1990,FIN,Finlande,% GDP,parental_leave,cash,1.002,0
1991,FIN,Finlande,% GDP,parental_leave,cash,1.217,0
1992,FIN,Finlande,% GDP,parental_leave,cash,1.397,0
1993,FIN,Finlande,% GDP,parental_leave,cash,1.316,0
1994,FIN,Finlande,% GDP,parental_leave,cash,1.199,0
1995,FIN,Finlande,% GDP,parental_leave,cash,1.047,0
1996,FIN,Finlande,% GDP,parental_leave,cash,0.803,0
1997,FIN,Finlande,% GDP,parental_leave,cash,0.734,0
1998,FIN,Finlande,% GDP,parental_leave,cash,0.698,0
1999,FIN,Finlande,% GDP,parental_leave,cash,0.66,0
2000,FIN,Finlande,% GDP,parental_leave,cash,0.619,0
2001,FIN,Finlande,% GDP,parental_leave,cash,0.594,0
2002,FIN,Finlande,% GDP,parental_leave,cash,0.588,0
2003,FIN,Finlande,% GDP,parental_leave,cash,0.606,0
2004,FIN,Finlande,% GDP,parental_leave,cash,0.601,0
2005,FIN,Finlande,% GDP,parental_leave,cash,0.613,0
2006,FIN,Finlande,% GDP,parental_leave,cash,0.614,0
2007,FIN,Finlande,% GDP,parental_leave,cash,0.607,0
2008,FIN,Finlande,% GDP,parental_leave,cash,0.611,0
2009,FIN,Finlande,% GDP,parental_leave,cash,0.711,0
2010,FIN,Finlande,% GDP,parental_leave,cash,0.719,0
2011,FIN,Finlande,% GDP,parental_leave,cash,0.698,0
2012,FIN,Finlande,% GDP,parental_leave,cash,0.702,0
2013,FIN,Finlande,% GDP,parental_leave,cash,0.703,0
2014,FIN,Finlande,% GDP,parental_leave,cash,0.691,0
2015,FIN,Finlande,% GDP,parental_leave,cash,0.673,0
2016,FIN,Finlande,% GDP,parental_leave,cash,0.661,0
2017,FIN,Finlande,% GDP,parental_leave,cash,0.589,0
2018,FIN,Finlande,% GDP,parental_leave,cash,0.545,0
2019,FIN,Finlande,% GDP,parental_leave,cash,0.509,0
2020,FIN,Finlande,% GDP,parental_leave,cash,0.528,0
2021,FIN,Finlande,% GDP,parental_leave,cash,0.511,0
1990,FRA,France,% GDP,parental_leave,cash,0.297,0
1991,FRA,France,% GDP,parental_leave,cash,0.3,0
1992,FRA,France,% GDP,parental_leave,cash,0.294,0
1993,FRA,France,% GDP,parental_leave,cash,0.289,0
1994,FRA,France,% GDP,parental_leave,cash,0.286,0
1995,FRA,France,% GDP,parental_leave,cash,0.317,0
1996,FRA,France,% GDP,parental_leave,cash,0.366,0
1997,FRA,France,% GDP,parental_leave,cash,0.399,0
1998,FRA,France,% GDP,parental_leave,cash,0.398,0
1999,FRA,France,% GDP,parental_leave,cash,0.392,0
2000,FRA,France,% GDP,parental_leave,cash,0.384,0
2001,FRA,France,% GDP,parental_leave,cash,0.381,0
2002,FRA,France,% GDP,parental_leave,cash,0.394,0
2003,FRA,France,% GDP,parental_leave,cash,0.39,0
2004,FRA,France,% GDP,parental_leave,cash,0.369,0
2005,FRA,France,% GDP,parental_leave,cash,0.341,0
2006,FRA,France,% GDP,parental_leave,cash,0.318,0
2007,FRA,France,% GDP,parental_leave,cash,0.299,0
2008,FRA,France,% GDP,parental_leave,cash,0.296,0
2009,FRA,France,% GDP,parental_leave,cash,0.317,0
2010,FRA,France,% GDP,parental_leave,cash,0.311,0
2011,FRA,France,% GDP,parental_leave,cash,0.298,0
2012,FRA,France,% GDP,parental_leave,cash,0.293,0
2013,FRA,France,% GDP,parental_leave,cash,0.287,0
2014,FRA,France,% GDP,parental_leave,cash,0.282,0
2015,FRA,France,% GDP,parental_leave,cash,0.254,0
2016,FRA,France,% GDP,parental_leave,cash,0.247,0
2017,FRA,France,% GDP,parental_leave,cash,0.226,0
2018,FRA,France,% GDP,parental_leave,cash,0.21,0
2019,FRA,France,% GDP,parental_leave,cash,0.203,0
2020,FRA,France,% GDP,parental_leave,cash,0.299,0
2021,FRA,France,% GDP,parental_leave,cash,0.207,0
1990,DEU,Allemagne,% GDP,parental_leave,cash,0.229,0
1991,DEU,Allemagne,% GDP,parental_leave,cash,0.243,0
1992,DEU,Allemagne,% GDP,parental_leave,cash,0.266,0
1993,DEU,Allemagne,% GDP,parental_leave,cash,0.25,0
1994,DEU,Allemagne,% GDP,parental_leave,cash,0.231,0
1995,DEU,Allemagne,% GDP,parental_leave,cash,0.237,0
1996,DEU,Allemagne,% GDP,parental_leave,cash,0.229,0
1997,DEU,Allemagne,% GDP,parental_leave,cash,0.232,0
1998,DEU,Allemagne,% GDP,parental_leave,cash,0.229,0
1999,DEU,Allemagne,% GDP,parental_leave,cash,0.216,0
2000,DEU,Allemagne,% GDP,parental_leave,cash,0.205,0
2001,DEU,Allemagne,% GDP,parental_leave,cash,0.193,0
2002,DEU,Allemagne,% GDP,parental_leave,cash,0.191,0
2003,DEU,Allemagne,% GDP,parental_leave,cash,0.183,0
2004,DEU,Allemagne,% GDP,parental_leave,cash,0.172,0
2005,DEU,Allemagne,% GDP,parental_leave,cash,0.184,0
2006,DEU,Allemagne,% GDP,parental_leave,cash,0.178,0
2007,DEU,Allemagne,% GDP,parental_leave,cash,0.207,0
2008,DEU,Allemagne,% GDP,parental_leave,cash,0.247,0
2009,DEU,Allemagne,% GDP,parental_leave,cash,0.241,0
2010,DEU,Allemagne,% GDP,parental_leave,cash,0.223,0
2011,DEU,Allemagne,% GDP,parental_leave,cash,0.199,0
2012,DEU,Allemagne,% GDP,parental_leave,cash,0.199,0
2013,DEU,Allemagne,% GDP,parental_leave,cash,0.206,0
2014,DEU,Allemagne,% GDP,parental_leave,cash,0.23,0
2015,DEU,Allemagne,% GDP,parental_leave,cash,0.242,0
2016,DEU,Allemagne,% GDP,parental_leave,cash,0.233,0
2017,DEU,Allemagne,% GDP,parental_leave,cash,0.227,0
2018,DEU,Allemagne,% GDP,parental_leave,cash,0.232,0
2019,DEU,Allemagne,% GDP,parental_leave,cash,0.241,0
2020,DEU,Allemagne,% GDP,parental_leave,cash,0.254,0
2021,DEU,Allemagne,% GDP,parental_leave,cash,0.246,0
1990,GRC,Grèce,% GDP,parental_leave,cash,0.084,0
1991,GRC,Grèce,% GDP,parental_leave,cash,0.078,0
1992,GRC,Grèce,% GDP,parental_leave,cash,0.074,0
1993,GRC,Grèce,% GDP,parental_leave,cash,0.075,0
1994,GRC,Grèce,% GDP,parental_leave,cash,0.075,0
1995,GRC,Grèce,% GDP,parental_leave,cash,0.076,0
1996,GRC,Grèce,% GDP,parental_leave,cash,0.077,0
1997,GRC,Grèce,% GDP,parental_leave,cash,0.075,0
1998,GRC,Grèce,% GDP,parental_leave,cash,0.073,0
1999,GRC,Grèce,% GDP,parental_leave,cash,0.083,0
2000,GRC,Grèce,% GDP,parental_leave,cash,0.174,0
2001,GRC,Grèce,% GDP,parental_leave,cash,0.178,0
2002,GRC,Grèce,% GDP,parental_leave,cash,0.185,0
2003,GRC,Grèce,% GDP,parental_leave,cash,0.18,0
2004,GRC,Grèce,% GDP,parental_leave,cash,0.188,0
2005,GRC,Grèce,% GDP,parental_leave,cash,0.193,0
2006,GRC,Grèce,% GDP,parental_leave,cash,0.188,0
2007,GRC,Grèce,% GDP,parental_leave,cash,0.192,0
2008,GRC,Grèce,% GDP,parental_leave,cash,0.215,0
2009,GRC,Grèce,% GDP,parental_leave,cash,0.266,0
2010,GRC,Grèce,% GDP,parental_leave,cash,0.262,0
2011,GRC,Grèce,% GDP,parental_leave,cash,0.249,0
2012,GRC,Grèce,% GDP,parental_leave,cash,0.245,0
2013,GRC,Grèce,% GDP,parental_leave,cash,0.229,0
2014,GRC,Grèce,% GDP,parental_leave,cash,0.263,0
2015,GRC,Grèce,% GDP,parental_leave,cash,0.238,0
2016,GRC,Grèce,% GDP,parental_leave,cash,0.25,0
2017,GRC,Grèce,% GDP,parental_leave,cash,0.206,0
2018,GRC,Grèce,% GDP,parental_leave,cash,0.207,0
2019,GRC,Grèce,% GDP,parental_leave,cash,0.223,0
2020,GRC,Grèce,% GDP,parental_leave,cash,0.292,0
2021,GRC,Grèce,% GDP,parental_leave,cash,0.264,0
1999,HUN,Hongrie,% GDP,parental_leave,cash,0.45,0
2000,HUN,Hongrie,% GDP,parental_leave,cash,0.518,0
2001,HUN,Hongrie,% GDP,parental_leave,cash,0.548,0
2002,HUN,Hongrie,% GDP,parental_leave,cash,0.561,0
2003,HUN,Hongrie,% GDP,parental_leave,cash,0.772,0
2004,HUN,Hongrie,% GDP,parental_leave,cash,0.601,0
2005,HUN,Hongrie,% GDP,parental_leave,cash,0.634,0
2006,HUN,Hongrie,% GDP,parental_leave,cash,0.696,0
2007,HUN,Hongrie,% GDP,parental_leave,cash,0.709,0
2008,HUN,Hongrie,% GDP,parental_leave,cash,0.732,0
2009,HUN,Hongrie,% GDP,parental_leave,cash,0.789,0
2010,HUN,Hongrie,% GDP,parental_leave,cash,0.769,0
2011,HUN,Hongrie,% GDP,parental_leave,cash,0.721,0
2012,HUN,Hongrie,% GDP,parental_leave,cash,0.718,0
2013,HUN,Hongrie,% GDP,parental_leave,cash,0.693,0
2014,HUN,Hongrie,% GDP,parental_leave,cash,0.672,0
2015,HUN,Hongrie,% GDP,parental_leave,cash,0.671,0
2016,HUN,Hongrie,% GDP,parental_leave,cash,0.702,0
2017,HUN,Hongrie,% GDP,parental_leave,cash,0.716,0
2018,HUN,Hongrie,% GDP,parental_leave,cash,0.715,0
2019,HUN,Hongrie,% GDP,parental_leave,cash,0.701,0
2020,HUN,Hongrie,% GDP,parental_leave,cash,0.773,0
2021,HUN,Hongrie,% GDP,parental_leave,cash,0.753,0
1990,ISL,Islande,% GDP,parental_leave,cash,0.299,0
1991,ISL,Islande,% GDP,parental_leave,cash,0.286,0
1992,ISL,Islande,% GDP,parental_leave,cash,0.296,0
1993,ISL,Islande,% GDP,parental_leave,cash,0.293,0
1994,ISL,Islande,% GDP,parental_leave,cash,0.263,0
1995,ISL,Islande,% GDP,parental_leave,cash,0.254,0
1996,ISL,Islande,% GDP,parental_leave,cash,0.367,0
1997,ISL,Islande,% GDP,parental_leave,cash,0.351,0
1998,ISL,Islande,% GDP,parental_leave,cash,0.352,0
1999,ISL,Islande,% GDP,parental_leave,cash,0.35,0
2000,ISL,Islande,% GDP,parental_leave,cash,0.365,0
2001,ISL,Islande,% GDP,parental_leave,cash,0.411,0
2002,ISL,Islande,% GDP,parental_leave,cash,0.532,0
2003,ISL,Islande,% GDP,parental_leave,cash,0.637,0
2004,ISL,Islande,% GDP,parental_leave,cash,0.683,0
2005,ISL,Islande,% GDP,parental_leave,cash,0.621,0
2006,ISL,Islande,% GDP,parental_leave,cash,0.559,0
2007,ISL,Islande,% GDP,parental_leave,cash,0.578,0
2008,ISL,Islande,% GDP,parental_leave,cash,0.6,0
2009,ISL,Islande,% GDP,parental_leave,cash,0.632,0
2010,ISL,Islande,% GDP,parental_leave,cash,0.549,0
2011,ISL,Islande,% GDP,parental_leave,cash,0.458,0
2012,ISL,Islande,% GDP,parental_leave,cash,0.422,0
2013,ISL,Islande,% GDP,parental_leave,cash,0.421,0
2014,ISL,Islande,% GDP,parental_leave,cash,0.422,0
2015,ISL,Islande,% GDP,parental_leave,cash,0.402,0
2016,ISL,Islande,% GDP,parental_leave,cash,0.363,0
2017,ISL,Islande,% GDP,parental_leave,cash,0.401,0
2018,ISL,Islande,% GDP,parental_leave,cash,0.432,0
2019,ISL,Islande,% GDP,parental_leave,cash,0.481,0
2020,ISL,Islande,% GDP,parental_leave,cash,0.558,0
2021,ISL,Islande,% GDP,parental_leave,cash,0.618,0
1990,IRL,Irlande,% GDP,parental_leave,cash,0.07,0
1991,IRL,Irlande,% GDP,parental_leave,cash,0.073,0
1992,IRL,Irlande,% GDP,parental_leave,cash,0.067,0
1993,IRL,Irlande,% GDP,parental_leave,cash,0.063,0
1994,IRL,Irlande,% GDP,parental_leave,cash,0.064,0
1995,IRL,Irlande,% GDP,parental_leave,cash,0.064,0
1996,IRL,Irlande,% GDP,parental_leave,cash,0.063,0
1997,IRL,Irlande,% GDP,parental_leave,cash,0.062,0
1998,IRL,Irlande,% GDP,parental_leave,cash,0.06,0
1999,IRL,Irlande,% GDP,parental_leave,cash,0.057,0
2000,IRL,Irlande,% GDP,parental_leave,cash,0.054,0
2001,IRL,Irlande,% GDP,parental_leave,cash,0.065,0
2002,IRL,Irlande,% GDP,parental_leave,cash,0.073,0
2003,IRL,Irlande,% GDP,parental_leave,cash,0.074,0
2004,IRL,Irlande,% GDP,parental_leave,cash,0.078,0
2005,IRL,Irlande,% GDP,parental_leave,cash,0.078,0
2006,IRL,Irlande,% GDP,parental_leave,cash,0.098,0
2007,IRL,Irlande,% GDP,parental_leave,cash,0.131,0
2008,IRL,Irlande,% GDP,parental_leave,cash,0.169,0
2009,IRL,Irlande,% GDP,parental_leave,cash,0.195,0
2010,IRL,Irlande,% GDP,parental_leave,cash,0.194,0
2011,IRL,Irlande,% GDP,parental_leave,cash,0.179,0
2012,IRL,Irlande,% GDP,parental_leave,cash,0.172,0
2013,IRL,Irlande,% GDP,parental_leave,cash,0.16,0
2014,IRL,Irlande,% GDP,parental_leave,cash,0.135,0
2015,IRL,Irlande,% GDP,parental_leave,cash,0.096,0
2016,IRL,Irlande,% GDP,parental_leave,cash,0.093,0
2017,IRL,Irlande,% GDP,parental_leave,cash,0.087,0
2018,IRL,Irlande,% GDP,parental_leave,cash,0.083,0
2019,IRL,Irlande,% GDP,parental_leave,cash,0.077,0
2020,IRL,Irlande,% GDP,parental_leave,cash,0.073,0
2021,IRL,Irlande,% GDP,parental_leave,cash,0.071,0
1990,ITA,Italie,% GDP,parental_leave,cash,0.095,0
1991,ITA,Italie,% GDP,parental_leave,cash,0.108,0
1992,ITA,Italie,% GDP,parental_leave,cash,0.114,0
1993,ITA,Italie,% GDP,parental_leave,cash,0.11,0
1994,ITA,Italie,% GDP,parental_leave,cash,0.103,0
1995,ITA,Italie,% GDP,parental_leave,cash,0.1,0
1996,ITA,Italie,% GDP,parental_leave,cash,0.101,0
1997,ITA,Italie,% GDP,parental_leave,cash,0.106,0
1998,ITA,Italie,% GDP,parental_leave,cash,0.112,0
1999,ITA,Italie,% GDP,parental_leave,cash,0.126,0
2000,ITA,Italie,% GDP,parental_leave,cash,0.117,0
2001,ITA,Italie,% GDP,parental_leave,cash,0.133,0
2002,ITA,Italie,% GDP,parental_leave,cash,0.145,0
2003,ITA,Italie,% GDP,parental_leave,cash,0.171,0
2004,ITA,Italie,% GDP,parental_leave,cash,0.178,0
2005,ITA,Italie,% GDP,parental_leave,cash,0.169,0
2006,ITA,Italie,% GDP,parental_leave,cash,0.17,0
2007,ITA,Italie,% GDP,parental_leave,cash,0.172,0
2008,ITA,Italie,% GDP,parental_leave,cash,0.179,0
2009,ITA,Italie,% GDP,parental_leave,cash,0.193,0
2010,ITA,Italie,% GDP,parental_leave,cash,0.187,0
2011,ITA,Italie,% GDP,parental_leave,cash,0.191,0
2012,ITA,Italie,% GDP,parental_leave,cash,0.198,0
2013,ITA,Italie,% GDP,parental_leave,cash,0.2,0
2014,ITA,Italie,% GDP,parental_leave,cash,0.192,0
2015,ITA,Italie,% GDP,parental_leave,cash,0.183,0
2016,ITA,Italie,% GDP,parental_leave,cash,0.196,0
2017,ITA,Italie,% GDP,parental_leave,cash,0.214,0
2018,ITA,Italie,% GDP,parental_leave,cash,0.227,0
2019,ITA,Italie,% GDP,parental_leave,cash,0.23,0
2020,ITA,Italie,% GDP,parental_leave,cash,0.271,0
2021,ITA,Italie,% GDP,parental_leave,cash,0.205,0
1997,LVA,Lettonie,% GDP,parental_leave,cash,0.284,0
1998,LVA,Lettonie,% GDP,parental_leave,cash,0.378,0
1999,LVA,Lettonie,% GDP,parental_leave,cash,0.443,0
2000,LVA,Lettonie,% GDP,parental_leave,cash,0.408,0
2001,LVA,Lettonie,% GDP,parental_leave,cash,0.426,0
2002,LVA,Lettonie,% GDP,parental_leave,cash,0.387,0
2003,LVA,Lettonie,% GDP,parental_leave,cash,0.368,0
2004,LVA,Lettonie,% GDP,parental_leave,cash,0.378,0
2005,LVA,Lettonie,% GDP,parental_leave,cash,0.516,0
2006,LVA,Lettonie,% GDP,parental_leave,cash,0.528,0
2007,LVA,Lettonie,% GDP,parental_leave,cash,0.536,0
2008,LVA,Lettonie,% GDP,parental_leave,cash,0.755,0
2009,LVA,Lettonie,% GDP,parental_leave,cash,1.023,0
2010,LVA,Lettonie,% GDP,parental_leave,cash,0.826,0
2011,LVA,Lettonie,% GDP,parental_leave,cash,0.533,0
2012,LVA,Lettonie,% GDP,parental_leave,cash,0.453,0
2013,LVA,Lettonie,% GDP,parental_leave,cash,0.612,0
2014,LVA,Lettonie,% GDP,parental_leave,cash,0.69,0
2015,LVA,Lettonie,% GDP,parental_leave,cash,0.789,0
2016,LVA,Lettonie,% GDP,parental_leave,cash,0.877,0
2017,LVA,Lettonie,% GDP,parental_leave,cash,0.855,0
2018,LVA,Lettonie,% GDP,parental_leave,cash,0.8,0
2019,LVA,Lettonie,% GDP,parental_leave,cash,0.772,0
2020,LVA,Lettonie,% GDP,parental_leave,cash,0.816,0
2021,LVA,Lettonie,% GDP,parental_leave,cash,0.74,0
1996,LTU,Lituanie,% GDP,parental_leave,cash,0.293,0
1997,LTU,Lituanie,% GDP,parental_leave,cash,0.344,0
1998,LTU,Lituanie,% GDP,parental_leave,cash,0.366,0
1999,LTU,Lituanie,% GDP,parental_leave,cash,0.432,0
2000,LTU,Lituanie,% GDP,parental_leave,cash,0.404,0
2001,LTU,Lituanie,% GDP,parental_leave,cash,0.309,0
2002,LTU,Lituanie,% GDP,parental_leave,cash,0.27,0
2003,LTU,Lituanie,% GDP,parental_leave,cash,0.26,0
2004,LTU,Lituanie,% GDP,parental_leave,cash,0.284,0
2005,LTU,Lituanie,% GDP,parental_leave,cash,0.291,0
2006,LTU,Lituanie,% GDP,parental_leave,cash,0.325,0
2007,LTU,Lituanie,% GDP,parental_leave,cash,0.443,0
2008,LTU,Lituanie,% GDP,parental_leave,cash,0.931,0
2009,LTU,Lituanie,% GDP,parental_leave,cash,1.642,0
2010,LTU,Lituanie,% GDP,parental_leave,cash,1.494,0
2011,LTU,Lituanie,% GDP,parental_leave,cash,1.051,0
2012,LTU,Lituanie,% GDP,parental_leave,cash,0.787,0
2013,LTU,Lituanie,% GDP,parental_leave,cash,0.603,0
2014,LTU,Lituanie,% GDP,parental_leave,cash,0.599,0
2015,LTU,Lituanie,% GDP,parental_leave,cash,0.635,0
2016,LTU,Lituanie,% GDP,parental_leave,cash,0.674,0
2017,LTU,Lituanie,% GDP,parental_leave,cash,0.684,0
2018,LTU,Lituanie,% GDP,parental_leave,cash,0.691,0
2019,LTU,Lituanie,% GDP,parental_leave,cash,0.681,0
2020,LTU,Lituanie,% GDP,parental_leave,cash,0.697,0
2021,LTU,Lituanie,% GDP,parental_leave,cash,0.652,0
1990,LUX,Luxembourg,% GDP,parental_leave,cash,0.392,0
1991,LUX,Luxembourg,% GDP,parental_leave,cash,0.401,0
1992,LUX,Luxembourg,% GDP,parental_leave,cash,0.413,0
1993,LUX,Luxembourg,% GDP,parental_leave,cash,0.487,0
1994,LUX,Luxembourg,% GDP,parental_leave,cash,0.547,0
1995,LUX,Luxembourg,% GDP,parental_leave,cash,0.55,0
1996,LUX,Luxembourg,% GDP,parental_leave,cash,0.553,0
1997,LUX,Luxembourg,% GDP,parental_leave,cash,0.532,0
1998,LUX,Luxembourg,% GDP,parental_leave,cash,0.519,0
1999,LUX,Luxembourg,% GDP,parental_leave,cash,0.541,0
2000,LUX,Luxembourg,% GDP,parental_leave,cash,0.654,0
2001,LUX,Luxembourg,% GDP,parental_leave,cash,0.408,0
2002,LUX,Luxembourg,% GDP,parental_leave,cash,0.431,0
2003,LUX,Luxembourg,% GDP,parental_leave,cash,0.449,0
2004,LUX,Luxembourg,% GDP,parental_leave,cash,0.451,0
2005,LUX,Luxembourg,% GDP,parental_leave,cash,0.456,0
2006,LUX,Luxembourg,% GDP,parental_leave,cash,0.422,0
2007,LUX,Luxembourg,% GDP,parental_leave,cash,0.392,0
2008,LUX,Luxembourg,% GDP,parental_leave,cash,0.398,0
2009,LUX,Luxembourg,% GDP,parental_leave,cash,0.442,0
2010,LUX,Luxembourg,% GDP,parental_leave,cash,0.435,0
2011,LUX,Luxembourg,% GDP,parental_leave,cash,0.407,0
2012,LUX,Luxembourg,% GDP,parental_leave,cash,0.404,0
2013,LUX,Luxembourg,% GDP,parental_leave,cash,0.396,0
2014,LUX,Luxembourg,% GDP,parental_leave,cash,0.391,0
2015,LUX,Luxembourg,% GDP,parental_leave,cash,0.38,0
2016,LUX,Luxembourg,% GDP,parental_leave,cash,0.374,0
2017,LUX,Luxembourg,% GDP,parental_leave,cash,0.498,0
2018,LUX,Luxembourg,% GDP,parental_leave,cash,0.585,0
2019,LUX,Luxembourg,% GDP,parental_leave,cash,0.623,0
2020,LUX,Luxembourg,% GDP,parental_leave,cash,0.665,0
2021,LUX,Luxembourg,% GDP,parental_leave,cash,0.635,0
1995,NLD,Pays-Bas,% GDP,parental_leave,cash,0.022,0
1996,NLD,Pays-Bas,% GDP,parental_leave,cash,0.022,0
1997,NLD,Pays-Bas,% GDP,parental_leave,cash,0.022,0
1998,NLD,Pays-Bas,% GDP,parental_leave,cash,0.02,0
1999,NLD,Pays-Bas,% GDP,parental_leave,cash,0.019,0
2000,NLD,Pays-Bas,% GDP,parental_leave,cash,0.018,0
2001,NLD,Pays-Bas,% GDP,parental_leave,cash,0.017,0
2002,NLD,Pays-Bas,% GDP,parental_leave,cash,0.016,0
2003,NLD,Pays-Bas,% GDP,parental_leave,cash,0.016,0
2004,NLD,Pays-Bas,% GDP,parental_leave,cash,0.016,0
2005,NLD,Pays-Bas,% GDP,parental_leave,cash,0.016,0
2006,NLD,Pays-Bas,% GDP,parental_leave,cash,0.015,0
2007,NLD,Pays-Bas,% GDP,parental_leave,cash,0.014,0
2008,NLD,Pays-Bas,% GDP,parental_leave,cash,0.014,0
2009,NLD,Pays-Bas,% GDP,parental_leave,cash,0.015,0
2010,NLD,Pays-Bas,% GDP,parental_leave,cash,0.015,0
2011,NLD,Pays-Bas,% GDP,parental_leave,cash,0.014,0
2012,NLD,Pays-Bas,% GDP,parental_leave,cash,0.014,0
2013,NLD,Pays-Bas,% GDP,parental_leave,cash,0.013,0
2014,NLD,Pays-Bas,% GDP,parental_leave,cash,0.013,0
2015,NLD,Pays-Bas,% GDP,parental_leave,cash,0.014,0
2016,NLD,Pays-Bas,% GDP,parental_leave,cash,0.013,0
2017,NLD,Pays-Bas,% GDP,parental_leave,cash,0.013,0
2018,NLD,Pays-Bas,% GDP,parental_leave,cash,0.013,0
2019,NLD,Pays-Bas,% GDP,parental_leave,cash,0.021,0
2020,NLD,Pays-Bas,% GDP,parental_leave,cash,0.022,0
2021,NLD,Pays-Bas,% GDP,parental_leave,cash,0.023,0
1990,NOR,Norvège,% GDP,parental_leave,cash,0.366,0
1991,NOR,Norvège,% GDP,parental_leave,cash,0.439,0
1992,NOR,Norvège,% GDP,parental_leave,cash,0.489,0
1993,NOR,Norvège,% GDP,parental_leave,cash,0.542,0
1994,NOR,Norvège,% GDP,parental_leave,cash,0.659,0
1995,NOR,Norvège,% GDP,parental_leave,cash,0.661,0
1996,NOR,Norvège,% GDP,parental_leave,cash,0.642,0
1997,NOR,Norvège,% GDP,parental_leave,cash,0.626,0
1998,NOR,Norvège,% GDP,parental_leave,cash,0.709,0
1999,NOR,Norvège,% GDP,parental_leave,cash,0.827,0
2000,NOR,Norvège,% GDP,parental_leave,cash,0.767,0
2001,NOR,Norvège,% GDP,parental_leave,cash,0.764,0
2002,NOR,Norvège,% GDP,parental_leave,cash,0.732,0
2003,NOR,Norvège,% GDP,parental_leave,cash,0.747,0
2004,NOR,Norvège,% GDP,parental_leave,cash,0.719,0
2005,NOR,Norvège,% GDP,parental_leave,cash,0.645,0
2006,NOR,Norvège,% GDP,parental_leave,cash,0.573,0
2007,NOR,Norvège,% GDP,parental_leave,cash,0.561,0
2008,NOR,Norvège,% GDP,parental_leave,cash,0.537,0
2009,NOR,Norvège,% GDP,parental_leave,cash,0.63,0
2010,NOR,Norvège,% GDP,parental_leave,cash,0.623,0
2011,NOR,Norvège,% GDP,parental_leave,cash,0.61,0
2012,NOR,Norvège,% GDP,parental_leave,cash,0.594,0
2013,NOR,Norvège,% GDP,parental_leave,cash,0.593,0
2014,NOR,Norvège,% GDP,parental_leave,cash,0.622,0
2015,NOR,Norvège,% GDP,parental_leave,cash,0.669,0
2016,NOR,Norvège,% GDP,parental_leave,cash,0.678,0
2017,NOR,Norvège,% GDP,parental_leave,cash,0.642,0
2018,NOR,Norvège,% GDP,parental_leave,cash,0.595,0
2019,NOR,Norvège,% GDP,parental_leave,cash,0.614,0
2020,NOR,Norvège,% GDP,parental_leave,cash,0.703,0
2021,NOR,Norvège,% GDP,parental_leave,cash,0.571,0
1990,POL,Pologne,% GDP,parental_leave,cash,0.276,0
1991,POL,Pologne,% GDP,parental_leave,cash,0.442,0
1992,POL,Pologne,% GDP,parental_leave,cash,0.416,0
1993,POL,Pologne,% GDP,parental_leave,cash,0.414,0
1994,POL,Pologne,% GDP,parental_leave,cash,0.437,0
1995,POL,Pologne,% GDP,parental_leave,cash,0.32,0
1996,POL,Pologne,% GDP,parental_leave,cash,0.285,0
1997,POL,Pologne,% GDP,parental_leave,cash,0.27,0
1998,POL,Pologne,% GDP,parental_leave,cash,0.259,0
1999,POL,Pologne,% GDP,parental_leave,cash,0.246,0
2000,POL,Pologne,% GDP,parental_leave,cash,0.281,0
2001,POL,Pologne,% GDP,parental_leave,cash,0.32,0
2002,POL,Pologne,% GDP,parental_leave,cash,0.317,0
2003,POL,Pologne,% GDP,parental_leave,cash,0.279,0
2004,POL,Pologne,% GDP,parental_leave,cash,0.246,0
2005,POL,Pologne,% GDP,parental_leave,cash,0.233,0
2006,POL,Pologne,% GDP,parental_leave,cash,0.266,0
2007,POL,Pologne,% GDP,parental_leave,cash,0.263,0
2008,POL,Pologne,% GDP,parental_leave,cash,0.283,0
2009,POL,Pologne,% GDP,parental_leave,cash,0.323,0
2010,POL,Pologne,% GDP,parental_leave,cash,0.343,0
2011,POL,Pologne,% GDP,parental_leave,cash,0.317,0
2012,POL,Pologne,% GDP,parental_leave,cash,0.341,0
2013,POL,Pologne,% GDP,parental_leave,cash,0.373,0
2014,POL,Pologne,% GDP,parental_leave,cash,0.35,0
2015,POL,Pologne,% GDP,parental_leave,cash,0.519,0
2016,POL,Pologne,% GDP,parental_leave,cash,0.573,0
2017,POL,Pologne,% GDP,parental_leave,cash,0.557,0
2018,POL,Pologne,% GDP,parental_leave,cash,0.533,0
2019,POL,Pologne,% GDP,parental_leave,cash,0.505,0
2020,POL,Pologne,% GDP,parental_leave,cash,0.516,0
2021,POL,Pologne,% GDP,parental_leave,cash,0.456,0
1990,PRT,Portugal,% GDP,parental_leave,cash,0.073,0
1991,PRT,Portugal,% GDP,parental_leave,cash,0.083,0
1992,PRT,Portugal,% GDP,parental_leave,cash,0.082,0
1993,PRT,Portugal,% GDP,parental_leave,cash,0.086,0
1994,PRT,Portugal,% GDP,parental_leave,cash,0.083,0
1995,PRT,Portugal,% GDP,parental_leave,cash,0.09,0
1996,PRT,Portugal,% GDP,parental_leave,cash,0.093,0
1997,PRT,Portugal,% GDP,parental_leave,cash,0.089,0
1998,PRT,Portugal,% GDP,parental_leave,cash,0.083,0
1999,PRT,Portugal,% GDP,parental_leave,cash,0.095,0
2000,PRT,Portugal,% GDP,parental_leave,cash,0.112,0
2001,PRT,Portugal,% GDP,parental_leave,cash,0.116,0
2002,PRT,Portugal,% GDP,parental_leave,cash,0.121,0
2003,PRT,Portugal,% GDP,parental_leave,cash,0.146,0
2004,PRT,Portugal,% GDP,parental_leave,cash,0.182,0
2005,PRT,Portugal,% GDP,parental_leave,cash,0.237,0
2006,PRT,Portugal,% GDP,parental_leave,cash,0.24,0
2007,PRT,Portugal,% GDP,parental_leave,cash,0.247,0
2008,PRT,Portugal,% GDP,parental_leave,cash,0.246,0
2009,PRT,Portugal,% GDP,parental_leave,cash,0.304,0
2010,PRT,Portugal,% GDP,parental_leave,cash,0.278,0
2011,PRT,Portugal,% GDP,parental_leave,cash,0.298,0
2012,PRT,Portugal,% GDP,parental_leave,cash,0.295,0
2013,PRT,Portugal,% GDP,parental_leave,cash,0.25,0
2014,PRT,Portugal,% GDP,parental_leave,cash,0.259,0
2015,PRT,Portugal,% GDP,parental_leave,cash,0.285,0
2016,PRT,Portugal,% GDP,parental_leave,cash,0.311,0
2017,PRT,Portugal,% GDP,parental_leave,cash,0.311,0
2018,PRT,Portugal,% GDP,parental_leave,cash,0.327,0
2019,PRT,Portugal,% GDP,parental_leave,cash,0.339,0
2020,PRT,Portugal,% GDP,parental_leave,cash,0.389,0
2021,PRT,Portugal,% GDP,parental_leave,cash,0.358,0
1995,SVK,République slovaque,% GDP,parental_leave,cash,0.568,0
1996,SVK,République slovaque,% GDP,parental_leave,cash,0.557,0
1997,SVK,République slovaque,% GDP,parental_leave,cash,0.697,0
1998,SVK,République slovaque,% GDP,parental_leave,cash,0.699,0
1999,SVK,République slovaque,% GDP,parental_leave,cash,0.656,0
2000,SVK,République slovaque,% GDP,parental_leave,cash,0.586,0
2001,SVK,République slovaque,% GDP,parental_leave,cash,0.524,0
2002,SVK,République slovaque,% GDP,parental_leave,cash,0.477,0
2003,SVK,République slovaque,% GDP,parental_leave,cash,0.554,0
2004,SVK,République slovaque,% GDP,parental_leave,cash,0.491,0
2005,SVK,République slovaque,% GDP,parental_leave,cash,0.509,0
2006,SVK,République slovaque,% GDP,parental_leave,cash,0.49,0
2007,SVK,République slovaque,% GDP,parental_leave,cash,0.461,0
2008,SVK,République slovaque,% GDP,parental_leave,cash,0.448,0
2009,SVK,République slovaque,% GDP,parental_leave,cash,0.525,0
2010,SVK,République slovaque,% GDP,parental_leave,cash,0.598,0
2011,SVK,République slovaque,% GDP,parental_leave,cash,0.642,0
2012,SVK,République slovaque,% GDP,parental_leave,cash,0.641,0
2013,SVK,République slovaque,% GDP,parental_leave,cash,0.637,0
2014,SVK,République slovaque,% GDP,parental_leave,cash,0.618,0
2015,SVK,République slovaque,% GDP,parental_leave,cash,0.599,0
2016,SVK,République slovaque,% GDP,parental_leave,cash,0.617,0
2017,SVK,République slovaque,% GDP,parental_leave,cash,0.66,0
2018,SVK,République slovaque,% GDP,parental_leave,cash,0.614,0
2019,SVK,République slovaque,% GDP,parental_leave,cash,0.711,0
2020,SVK,République slovaque,% GDP,parental_leave,cash,0.922,0
2021,SVK,République slovaque,% GDP,parental_leave,cash,0.948,0
1996,SVN,Slovénie,% GDP,parental_leave,cash,0.533,0
1997,SVN,Slovénie,% GDP,parental_leave,cash,0.518,0
1998,SVN,Slovénie,% GDP,parental_leave,cash,0.497,0
1999,SVN,Slovénie,% GDP,parental_leave,cash,0.48,0
2000,SVN,Slovénie,% GDP,parental_leave,cash,0.494,0
2001,SVN,Slovénie,% GDP,parental_leave,cash,0.507,0
2002,SVN,Slovénie,% GDP,parental_leave,cash,0.474,0
2003,SVN,Slovénie,% GDP,parental_leave,cash,0.426,0
2004,SVN,Slovénie,% GDP,parental_leave,cash,0.468,0
2005,SVN,Slovénie,% GDP,parental_leave,cash,0.487,0
2006,SVN,Slovénie,% GDP,parental_leave,cash,0.517,0
2007,SVN,Slovénie,% GDP,parental_leave,cash,0.447,0
2008,SVN,Slovénie,% GDP,parental_leave,cash,0.466,0
2009,SVN,Slovénie,% GDP,parental_leave,cash,0.689,0
2010,SVN,Slovénie,% GDP,parental_leave,cash,0.736,0
2011,SVN,Slovénie,% GDP,parental_leave,cash,0.751,0
2012,SVN,Slovénie,% GDP,parental_leave,cash,0.767,0
2013,SVN,Slovénie,% GDP,parental_leave,cash,0.716,0
2014,SVN,Slovénie,% GDP,parental_leave,cash,0.678,0
2015,SVN,Slovénie,% GDP,parental_leave,cash,0.645,0
2016,SVN,Slovénie,% GDP,parental_leave,cash,0.612,0
2017,SVN,Slovénie,% GDP,parental_leave,cash,0.576,0
2018,SVN,Slovénie,% GDP,parental_leave,cash,0.561,0
2019,SVN,Slovénie,% GDP,parental_leave,cash,0.591,0
2020,SVN,Slovénie,% GDP,parental_leave,cash,0.629,0
2021,SVN,Slovénie,% GDP,parental_leave,cash,0.616,0
1990,ESP,Espagne,% GDP,parental_leave,cash,0.066,0
1991,ESP,Espagne,% GDP,parental_leave,cash,0.065,0
1992,ESP,Espagne,% GDP,parental_leave,cash,0.069,0
1993,ESP,Espagne,% GDP,parental_leave,cash,0.07,0
1994,ESP,Espagne,% GDP,parental_leave,cash,0.073,0
1995,ESP,Espagne,% GDP,parental_leave,cash,0.08,0
1996,ESP,Espagne,% GDP,parental_leave,cash,0.107,0
1997,ESP,Espagne,% GDP,parental_leave,cash,0.111,0
1998,ESP,Espagne,% GDP,parental_leave,cash,0.11,0
1999,ESP,Espagne,% GDP,parental_leave,cash,0.115,0
2000,ESP,Espagne,% GDP,parental_leave,cash,0.122,0
2001,ESP,Espagne,% GDP,parental_leave,cash,0.13,0
2002,ESP,Espagne,% GDP,parental_leave,cash,0.135,0
2003,ESP,Espagne,% GDP,parental_leave,cash,0.144,0
2004,ESP,Espagne,% GDP,parental_leave,cash,0.147,0
2005,ESP,Espagne,% GDP,parental_leave,cash,0.151,0
2006,ESP,Espagne,% GDP,parental_leave,cash,0.157,0
2007,ESP,Espagne,% GDP,parental_leave,cash,0.228,0
2008,ESP,Espagne,% GDP,parental_leave,cash,0.32,0
2009,ESP,Espagne,% GDP,parental_leave,cash,0.334,0
2010,ESP,Espagne,% GDP,parental_leave,cash,0.337,0
2011,ESP,Espagne,% GDP,parental_leave,cash,0.236,0
2012,ESP,Espagne,% GDP,parental_leave,cash,0.23,0
2013,ESP,Espagne,% GDP,parental_leave,cash,0.221,0
2014,ESP,Espagne,% GDP,parental_leave,cash,0.219,0
2015,ESP,Espagne,% GDP,parental_leave,cash,0.21,0
2016,ESP,Espagne,% GDP,parental_leave,cash,0.204,0
2017,ESP,Espagne,% GDP,parental_leave,cash,0.212,0
2018,ESP,Espagne,% GDP,parental_leave,cash,0.206,0
2019,ESP,Espagne,% GDP,parental_leave,cash,0.22,0
2020,ESP,Espagne,% GDP,parental_leave,cash,0.277,0
2021,ESP,Espagne,% GDP,parental_leave,cash,0.293,0
1990,SWE,Suède,% GDP,parental_leave,cash,1.018,0
1991,SWE,Suède,% GDP,parental_leave,cash,1.084,0
1992,SWE,Suède,% GDP,parental_leave,cash,1.144,0
1993,SWE,Suède,% GDP,parental_leave,cash,0.959,0
1994,SWE,Suède,% GDP,parental_leave,cash,0.984,0
1995,SWE,Suède,% GDP,parental_leave,cash,0.781,0
1996,SWE,Suède,% GDP,parental_leave,cash,0.594,0
1997,SWE,Suède,% GDP,parental_leave,cash,0.521,0
1998,SWE,Suède,% GDP,parental_leave,cash,0.523,0
1999,SWE,Suède,% GDP,parental_leave,cash,0.517,0
2000,SWE,Suède,% GDP,parental_leave,cash,0.506,0
2001,SWE,Suède,% GDP,parental_leave,cash,0.524,0
2002,SWE,Suède,% GDP,parental_leave,cash,0.558,0
2003,SWE,Suède,% GDP,parental_leave,cash,0.596,0
2004,SWE,Suède,% GDP,parental_leave,cash,0.625,0
2005,SWE,Suède,% GDP,parental_leave,cash,0.621,0
2006,SWE,Suède,% GDP,parental_leave,cash,0.622,0
2007,SWE,Suède,% GDP,parental_leave,cash,0.636,0
2008,SWE,Suède,% GDP,parental_leave,cash,0.661,0
2009,SWE,Suède,% GDP,parental_leave,cash,0.708,0
2010,SWE,Suède,% GDP,parental_leave,cash,0.703,0
2011,SWE,Suède,% GDP,parental_leave,cash,0.696,0
2012,SWE,Suède,% GDP,parental_leave,cash,0.717,0
2013,SWE,Suède,% GDP,parental_leave,cash,0.731,0
2014,SWE,Suède,% GDP,parental_leave,cash,0.715,0
2015,SWE,Suède,% GDP,parental_leave,cash,0.687,0
2016,SWE,Suède,% GDP,parental_leave,cash,0.688,0
2017,SWE,Suède,% GDP,parental_leave,cash,0.684,0
2018,SWE,Suède,% GDP,parental_leave,cash,0.681,0
2019,SWE,Suède,% GDP,parental_leave,cash,0.662,0
2020,SWE,Suède,% GDP,parental_leave,cash,0.651,0
2021,SWE,Suède,% GDP,parental_leave,cash,0.611,0
1990,CHE,Suisse,% GDP,parental_leave,cash,0.049,0
1991,CHE,Suisse,% GDP,parental_leave,cash,0.052,0
1992,CHE,Suisse,% GDP,parental_leave,cash,0.054,0
1993,CHE,Suisse,% GDP,parental_leave,cash,0.067,0
1994,CHE,Suisse,% GDP,parental_leave,cash,0.065,0
1995,CHE,Suisse,% GDP,parental_leave,cash,0.062,0
1996,CHE,Suisse,% GDP,parental_leave,cash,0.051,0
1997,CHE,Suisse,% GDP,parental_leave,cash,0.042,0
1998,CHE,Suisse,% GDP,parental_leave,cash,0.051,0
1999,CHE,Suisse,% GDP,parental_leave,cash,0.042,0
2000,CHE,Suisse,% GDP,parental_leave,cash,0.04,0
2001,CHE,Suisse,% GDP,parental_leave,cash,0.052,0
2002,CHE,Suisse,% GDP,parental_leave,cash,0.065,0
2003,CHE,Suisse,% GDP,parental_leave,cash,0.047,0
2004,CHE,Suisse,% GDP,parental_leave,cash,0.044,0
2005,CHE,Suisse,% GDP,parental_leave,cash,0.067,0
2006,CHE,Suisse,% GDP,parental_leave,cash,0.12,0
2007,CHE,Suisse,% GDP,parental_leave,cash,0.117,0
2008,CHE,Suisse,% GDP,parental_leave,cash,0.121,0
2009,CHE,Suisse,% GDP,parental_leave,cash,0.137,0
2010,CHE,Suisse,% GDP,parental_leave,cash,0.141,0
2011,CHE,Suisse,% GDP,parental_leave,cash,0.145,0
2012,CHE,Suisse,% GDP,parental_leave,cash,0.144,0
2013,CHE,Suisse,% GDP,parental_leave,cash,0.148,0
2014,CHE,Suisse,% GDP,parental_leave,cash,0.154,0
2015,CHE,Suisse,% GDP,parental_leave,cash,0.157,0
2016,CHE,Suisse,% GDP,parental_leave,cash,0.165,0
2017,CHE,Suisse,% GDP,parental_leave,cash,0.162,0
2018,CHE,Suisse,% GDP,parental_leave,cash,0.163,0
2019,CHE,Suisse,% GDP,parental_leave,cash,0.164,0
2020,CHE,Suisse,% GDP,parental_leave,cash,0.175,0
2021,CHE,Suisse,% GDP,parental_leave,cash,0.175,0
1990,GBR,Royaume-Uni,% GDP,parental_leave,cash,0.088,0
1991,GBR,Royaume-Uni,% GDP,parental_leave,cash,0.09,0
1992,GBR,Royaume-Uni,% GDP,parental_leave,cash,0.096,0
1993,GBR,Royaume-Uni,% GDP,parental_leave,cash,0.093,0
1994,GBR,Royaume-Uni,% GDP,parental_leave,cash,0.07,0
1995,GBR,Royaume-Uni,% GDP,parental_leave,cash,0.061,0
1996,GBR,Royaume-Uni,% GDP,parental_leave,cash,0.06,0
1997,GBR,Royaume-Uni,% GDP,parental_leave,cash,0.06,0
1998,GBR,Royaume-Uni,% GDP,parental_leave,cash,0.062,0
1999,GBR,Royaume-Uni,% GDP,parental_leave,cash,0.066,0
2000,GBR,Royaume-Uni,% GDP,parental_leave,cash,0.474,0
2001,GBR,Royaume-Uni,% GDP,parental_leave,cash,0.474,0
2002,GBR,Royaume-Uni,% GDP,parental_leave,cash,0.464,0
2003,GBR,Royaume-Uni,% GDP,parental_leave,cash,0.11,0
2004,GBR,Royaume-Uni,% GDP,parental_leave,cash,0.11,0
2005,GBR,Royaume-Uni,% GDP,parental_leave,cash,0.098,0
2006,GBR,Royaume-Uni,% GDP,parental_leave,cash,0.33,0
2007,GBR,Royaume-Uni,% GDP,parental_leave,cash,0.135,0
2008,GBR,Royaume-Uni,% GDP,parental_leave,cash,0.159,0
2009,GBR,Royaume-Uni,% GDP,parental_leave,cash,0.168,0
2010,GBR,Royaume-Uni,% GDP,parental_leave,cash,0.169,0
2011,GBR,Royaume-Uni,% GDP,parental_leave,cash,0.163,0
2012,GBR,Royaume-Uni,% GDP,parental_leave,cash,0.162,0
2013,GBR,Royaume-Uni,% GDP,parental_leave,cash,0.158,0
2014,GBR,Royaume-Uni,% GDP,parental_leave,cash,0.153,0
2015,GBR,Royaume-Uni,% GDP,parental_leave,cash,0.153,0
2016,GBR,Royaume-Uni,% GDP,parental_leave,cash,0.152,0
2017,GBR,Royaume-Uni,% GDP,parental_leave,cash,0.143,0
2018,GBR,Royaume-Uni,% GDP,parental_leave,cash,0.141,0
2019,GBR,Royaume-Uni,% GDP,parental_leave,cash,0.133,0
2020,GBR,Royaume-Uni,% GDP,parental_leave,cash,0.134,0
2021,GBR,Royaume-Uni,% GDP,parental_leave,cash,0.128,0
2005,BGR,Bulgarie,% GDP,parental_leave,cash,0.348,0
2006,BGR,Bulgarie,% GDP,parental_leave,cash,0.365,0
2007,BGR,Bulgarie,% GDP,parental_leave,cash,0.399,0
2008,BGR,Bulgarie,% GDP,parental_leave,cash,0.522,0
2009,BGR,Bulgarie,% GDP,parental_leave,cash,0.663,0
2010,BGR,Bulgarie,% GDP,parental_leave,cash,0.665,0
2011,BGR,Bulgarie,% GDP,parental_leave,cash,0.581,0
2012,BGR,Bulgarie,% GDP,parental_leave,cash,0.523,0
2013,BGR,Bulgarie,% GDP,parental_leave,cash,0.567,0
2014,BGR,Bulgarie,% GDP,parental_leave,cash,0.586,0
2015,BGR,Bulgarie,% GDP,parental_leave,cash,0.595,0
2016,BGR,Bulgarie,% GDP,parental_leave,cash,0.586,0
2017,BGR,Bulgarie,% GDP,parental_leave,cash,0.571,0
2018,BGR,Bulgarie,% GDP,parental_leave,cash,0.58,0
2019,BGR,Bulgarie,% GDP,parental_leave,cash,0.554,0
2020,BGR,Bulgarie,% GDP,parental_leave,cash,0.578,0
2021,BGR,Bulgarie,% GDP,parental_leave,cash,0.549,0
2008,HRV,Croatie,% GDP,parental_leave,cash,0.582,0
2009,HRV,Croatie,% GDP,parental_leave,cash,0.663,0
2010,HRV,Croatie,% GDP,parental_leave,cash,0.677,0
2011,HRV,Croatie,% GDP,parental_leave,cash,0.646,0
2012,HRV,Croatie,% GDP,parental_leave,cash,0.649,0
2013,HRV,Croatie,% GDP,parental_leave,cash,0.632,0
2014,HRV,Croatie,% GDP,parental_leave,cash,0.621,0
2015,HRV,Croatie,% GDP,parental_leave,cash,0.627,0
2016,HRV,Croatie,% GDP,parental_leave,cash,0.601,0
2017,HRV,Croatie,% GDP,parental_leave,cash,0.629,0
2018,HRV,Croatie,% GDP,parental_leave,cash,0.689,0
2019,HRV,Croatie,% GDP,parental_leave,cash,0.692,0
2020,HRV,Croatie,% GDP,parental_leave,cash,0.817,0
2021,HRV,Croatie,% GDP,parental_leave,cash,0.754,0
2000,ROU,Roumanie,% GDP,parental_leave,cash,0.184,0
2001,ROU,Roumanie,% GDP,parental_leave,cash,0.151,0
2002,ROU,Roumanie,% GDP,parental_leave,cash,0.158,0
2003,ROU,Roumanie,% GDP,parental_leave,cash,0.184,0
2004,ROU,Roumanie,% GDP,parental_leave,cash,0.337,0
2005,ROU,Roumanie,% GDP,parental_leave,cash,0.596,0
2006,ROU,Roumanie,% GDP,parental_leave,cash,0.594,0
2007,ROU,Roumanie,% GDP,parental_leave,cash,0.406,0
2008,ROU,Roumanie,% GDP,parental_leave,cash,0.308,0
2009,ROU,Roumanie,% GDP,parental_leave,cash,0.417,0
2010,ROU,Roumanie,% GDP,parental_leave,cash,0.497,0
2011,ROU,Roumanie,% GDP,parental_leave,cash,0.441,0
2012,ROU,Roumanie,% GDP,parental_leave,cash,0.361,0
2013,ROU,Roumanie,% GDP,parental_leave,cash,0.34,0
2014,ROU,Roumanie,% GDP,parental_leave,cash,0.335,0
2015,ROU,Roumanie,% GDP,parental_leave,cash,0.325,0
2016,ROU,Roumanie,% GDP,parental_leave,cash,0.392,0
2017,ROU,Roumanie,% GDP,parental_leave,cash,0.557,0
2018,ROU,Roumanie,% GDP,parental_leave,cash,0.592,0
2019,ROU,Roumanie,% GDP,parental_leave,cash,0.594,0
2020,ROU,Roumanie,% GDP,parental_leave,cash,0.651,0
2021,ROU,Roumanie,% GDP,parental_leave,cash,0.617,0
1990,AUT,Autriche,% GDP,family_allowances,cash,1.766,0
1991,AUT,Autriche,% GDP,family_allowances,cash,1.695,0
1992,AUT,Autriche,% GDP,family_allowances,cash,1.738,0
1993,AUT,Autriche,% GDP,family_allowances,cash,1.832,0
1994,AUT,Autriche,% GDP,family_allowances,cash,2.169,0
1995,AUT,Autriche,% GDP,family_allowances,cash,1.939,0
1996,AUT,Autriche,% GDP,family_allowances,cash,1.837,0
1997,AUT,Autriche,% GDP,family_allowances,cash,1.737,0
1998,AUT,Autriche,% GDP,family_allowances,cash,1.677,0
1999,AUT,Autriche,% GDP,family_allowances,cash,1.826,0
2000,AUT,Autriche,% GDP,family_allowances,cash,1.94,0
2001,AUT,Autriche,% GDP,family_allowances,cash,1.904,0
2002,AUT,Autriche,% GDP,family_allowances,cash,1.926,0
2003,AUT,Autriche,% GDP,family_allowances,cash,2.113,0
2004,AUT,Autriche,% GDP,family_allowances,cash,2.181,0
2005,AUT,Autriche,% GDP,family_allowances,cash,2.122,0
2006,AUT,Autriche,% GDP,family_allowances,cash,2.022,0
2007,AUT,Autriche,% GDP,family_allowances,cash,1.903,0
2008,AUT,Autriche,% GDP,family_allowances,cash,1.95,0
2009,AUT,Autriche,% GDP,family_allowances,cash,2.054,0
2010,AUT,Autriche,% GDP,family_allowances,cash,1.998,0
2011,AUT,Autriche,% GDP,family_allowances,cash,1.797,0
2012,AUT,Autriche,% GDP,family_allowances,cash,1.742,0
2013,AUT,Autriche,% GDP,family_allowances,cash,1.734,0
2014,AUT,Autriche,% GDP,family_allowances,cash,1.671,0
2015,AUT,Autriche,% GDP,family_allowances,cash,1.711,0
2016,AUT,Autriche,% GDP,family_allowances,cash,1.681,0
2017,AUT,Autriche,% GDP,family_allowances,cash,1.629,0
2018,AUT,Autriche,% GDP,family_allowances,cash,1.587,0
2019,AUT,Autriche,% GDP,family_allowances,cash,1.526,0
2020,AUT,Autriche,% GDP,family_allowances,cash,1.775,0
2021,AUT,Autriche,% GDP,family_allowances,cash,1.512,0
1990,BEL,Belgique,% GDP,family_allowances,cash,1.934,0
1991,BEL,Belgique,% GDP,family_allowances,cash,1.914,0
1992,BEL,Belgique,% GDP,family_allowances,cash,1.917,0
1993,BEL,Belgique,% GDP,family_allowances,cash,1.954,0
1994,BEL,Belgique,% GDP,family_allowances,cash,1.887,0
1995,BEL,Belgique,% GDP,family_allowances,cash,1.886,0
1996,BEL,Belgique,% GDP,family_allowances,cash,1.886,0
1997,BEL,Belgique,% GDP,family_allowances,cash,1.831,0
1998,BEL,Belgique,% GDP,family_allowances,cash,1.779,0
1999,BEL,Belgique,% GDP,family_allowances,cash,1.715,0
2000,BEL,Belgique,% GDP,family_allowances,cash,1.568,0
2001,BEL,Belgique,% GDP,family_allowances,cash,1.564,0
2002,BEL,Belgique,% GDP,family_allowances,cash,1.516,0
2003,BEL,Belgique,% GDP,family_allowances,cash,1.522,0
2004,BEL,Belgique,% GDP,family_allowances,cash,1.465,0
2005,BEL,Belgique,% GDP,family_allowances,cash,1.44,0
2006,BEL,Belgique,% GDP,family_allowances,cash,1.423,0
2007,BEL,Belgique,% GDP,family_allowances,cash,1.467,0
2008,BEL,Belgique,% GDP,family_allowances,cash,1.454,0
2009,BEL,Belgique,% GDP,family_allowances,cash,1.535,0
2010,BEL,Belgique,% GDP,family_allowances,cash,1.499,0
2011,BEL,Belgique,% GDP,family_allowances,cash,1.492,0
2012,BEL,Belgique,% GDP,family_allowances,cash,1.521,0
2013,BEL,Belgique,% GDP,family_allowances,cash,1.521,0
2014,BEL,Belgique,% GDP,family_allowances,cash,1.525,0
2015,BEL,Belgique,% GDP,family_allowances,cash,1.485,0
2016,BEL,Belgique,% GDP,family_allowances,cash,1.456,0
2017,BEL,Belgique,% GDP,family_allowances,cash,1.437,0
2018,BEL,Belgique,% GDP,family_allowances,cash,1.412,0
2019,BEL,Belgique,% GDP,family_allowances,cash,1.378,0
2020,BEL,Belgique,% GDP,family_allowances,cash,1.472,0
2021,BEL,Belgique,% GDP,family_allowances,cash,1.365,0
1990,DNK,Danemark,% GDP,family_allowances,cash,0.921,0
1991,DNK,Danemark,% GDP,family_allowances,cash,0.936,0
1992,DNK,Danemark,% GDP,family_allowances,cash,0.95,0
1993,DNK,Danemark,% GDP,family_allowances,cash,0.965,0
1994,DNK,Danemark,% GDP,family_allowances,cash,0.962,0
1995,DNK,Danemark,% GDP,family_allowances,cash,0.973,0
1996,DNK,Danemark,% GDP,family_allowances,cash,0.993,0
1997,DNK,Danemark,% GDP,family_allowances,cash,0.977,0
1998,DNK,Danemark,% GDP,family_allowances,cash,0.997,0
1999,DNK,Danemark,% GDP,family_allowances,cash,0.99,0
2000,DNK,Danemark,% GDP,family_allowances,cash,0.961,0
2001,DNK,Danemark,% GDP,family_allowances,cash,0.969,0
2002,DNK,Danemark,% GDP,family_allowances,cash,0.986,0
2003,DNK,Danemark,% GDP,family_allowances,cash,1.012,0
2004,DNK,Danemark,% GDP,family_allowances,cash,0.991,0
2005,DNK,Danemark,% GDP,family_allowances,cash,0.96,0
2006,DNK,Danemark,% GDP,family_allowances,cash,0.923,0
2007,DNK,Danemark,% GDP,family_allowances,cash,0.909,0
2008,DNK,Danemark,% GDP,family_allowances,cash,0.906,0
2009,DNK,Danemark,% GDP,family_allowances,cash,0.982,0
2010,DNK,Danemark,% GDP,family_allowances,cash,0.963,0
2011,DNK,Danemark,% GDP,family_allowances,cash,0.932,0
2012,DNK,Danemark,% GDP,family_allowances,cash,0.9,0
2013,DNK,Danemark,% GDP,family_allowances,cash,0.892,0
2014,DNK,Danemark,% GDP,family_allowances,cash,0.875,0
2015,DNK,Danemark,% GDP,family_allowances,cash,0.861,0
2016,DNK,Danemark,% GDP,family_allowances,cash,0.837,0
2017,DNK,Danemark,% GDP,family_allowances,cash,0.805,0
2018,DNK,Danemark,% GDP,family_allowances,cash,0.791,0
2019,DNK,Danemark,% GDP,family_allowances,cash,0.772,0
2020,DNK,Danemark,% GDP,family_allowances,cash,0.778,0
2021,DNK,Danemark,% GDP,family_allowances,cash,0.703,0
1999,EST,Estonie,% GDP,family_allowances,cash,0.861,0
2000,EST,Estonie,% GDP,family_allowances,cash,0.737,0
2001,EST,Estonie,% GDP,family_allowances,cash,0.638,0
2002,EST,Estonie,% GDP,family_allowances,cash,0.616,0
2003,EST,Estonie,% GDP,family_allowances,cash,0.533,0
2004,EST,Estonie,% GDP,family_allowances,cash,0.691,0
2005,EST,Estonie,% GDP,family_allowances,cash,0.583,0
2006,EST,Estonie,% GDP,family_allowances,cash,0.948,0
2007,EST,Estonie,% GDP,family_allowances,cash,0.413,0
2008,EST,Estonie,% GDP,family_allowances,cash,0.433,0
2009,EST,Estonie,% GDP,family_allowances,cash,0.501,0
2010,EST,Estonie,% GDP,family_allowances,cash,0.475,0
2011,EST,Estonie,% GDP,family_allowances,cash,0.412,0
2012,EST,Estonie,% GDP,family_allowances,cash,0.379,0
2013,EST,Estonie,% GDP,family_allowances,cash,0.369,0
2014,EST,Estonie,% GDP,family_allowances,cash,0.359,0
2015,EST,Estonie,% GDP,family_allowances,cash,0.72,0
2016,EST,Estonie,% GDP,family_allowances,cash,0.751,0
2017,EST,Estonie,% GDP,family_allowances,cash,0.692,0
2018,EST,Estonie,% GDP,family_allowances,cash,0.7,0
2019,EST,Estonie,% GDP,family_allowances,cash,0.706,0
2020,EST,Estonie,% GDP,family_allowances,cash,0.729,0
2021,EST,Estonie,% GDP,family_allowances,cash,0.651,0
1990,FIN,Finlande,% GDP,family_allowances,cash,0.757,0
1991,FIN,Finlande,% GDP,family_allowances,cash,0.927,0
1992,FIN,Finlande,% GDP,family_allowances,cash,1.101,0
1993,FIN,Finlande,% GDP,family_allowances,cash,1.088,0
1994,FIN,Finlande,% GDP,family_allowances,cash,1.689,0
1995,FIN,Finlande,% GDP,family_allowances,cash,1.498,0
1996,FIN,Finlande,% GDP,family_allowances,cash,1.385,0
1997,FIN,Finlande,% GDP,family_allowances,cash,1.273,0
1998,FIN,Finlande,% GDP,family_allowances,cash,1.167,0
1999,FIN,Finlande,% GDP,family_allowances,cash,1.101,0
2000,FIN,Finlande,% GDP,family_allowances,cash,1.017,0
2001,FIN,Finlande,% GDP,family_allowances,cash,0.952,0
2002,FIN,Finlande,% GDP,family_allowances,cash,0.92,0
2003,FIN,Finlande,% GDP,family_allowances,cash,0.896,0
2004,FIN,Finlande,% GDP,family_allowances,cash,0.9,0
2005,FIN,Finlande,% GDP,family_allowances,cash,0.865,0
2006,FIN,Finlande,% GDP,family_allowances,cash,0.821,0
2007,FIN,Finlande,% GDP,family_allowances,cash,0.755,0
2008,FIN,Finlande,% GDP,family_allowances,cash,0.736,0
2009,FIN,Finlande,% GDP,family_allowances,cash,0.794,0
2010,FIN,Finlande,% GDP,family_allowances,cash,0.765,0
2011,FIN,Finlande,% GDP,family_allowances,cash,0.729,0
2012,FIN,Finlande,% GDP,family_allowances,cash,0.746,0
2013,FIN,Finlande,% GDP,family_allowances,cash,0.737,0
2014,FIN,Finlande,% GDP,family_allowances,cash,0.729,0
2015,FIN,Finlande,% GDP,family_allowances,cash,0.661,0
2016,FIN,Finlande,% GDP,family_allowances,cash,0.643,0
2017,FIN,Finlande,% GDP,family_allowances,cash,0.61,0
2018,FIN,Finlande,% GDP,family_allowances,cash,0.593,0
2019,FIN,Finlande,% GDP,family_allowances,cash,0.572,0
2020,FIN,Finlande,% GDP,family_allowances,cash,0.584,0
2021,FIN,Finlande,% GDP,family_allowances,cash,0.549,0
1990,FRA,France,% GDP,family_allowances,cash,1.142,0
1991,FRA,France,% GDP,family_allowances,cash,1.137,0
1992,FRA,France,% GDP,family_allowances,cash,1.141,0
1993,FRA,France,% GDP,family_allowances,cash,1.184,0
1994,FRA,France,% GDP,family_allowances,cash,1.187,0
1995,FRA,France,% GDP,family_allowances,cash,1.181,0
1996,FRA,France,% GDP,family_allowances,cash,1.178,0
1997,FRA,France,% GDP,family_allowances,cash,1.187,0
1998,FRA,France,% GDP,family_allowances,cash,1.099,0
1999,FRA,France,% GDP,family_allowances,cash,1.105,0
2000,FRA,France,% GDP,family_allowances,cash,1.055,0
2001,FRA,France,% GDP,family_allowances,cash,1.042,0
2002,FRA,France,% GDP,family_allowances,cash,1.039,0
2003,FRA,France,% GDP,family_allowances,cash,1.032,0
2004,FRA,France,% GDP,family_allowances,cash,1.004,0
2005,FRA,France,% GDP,family_allowances,cash,1.015,0
2006,FRA,France,% GDP,family_allowances,cash,1.23,0
2007,FRA,France,% GDP,family_allowances,cash,1.199,0
2008,FRA,France,% GDP,family_allowances,cash,1.163,0
2009,FRA,France,% GDP,family_allowances,cash,1.202,0
2010,FRA,France,% GDP,family_allowances,cash,1.144,0
2011,FRA,France,% GDP,family_allowances,cash,1.108,0
2012,FRA,France,% GDP,family_allowances,cash,1.114,0
2013,FRA,France,% GDP,family_allowances,cash,1.117,0
2014,FRA,France,% GDP,family_allowances,cash,1.119,0
2015,FRA,France,% GDP,family_allowances,cash,1.084,0
2016,FRA,France,% GDP,family_allowances,cash,1.054,0
2017,FRA,France,% GDP,family_allowances,cash,1.044,0
2018,FRA,France,% GDP,family_allowances,cash,1.029,0
2019,FRA,France,% GDP,family_allowances,cash,0.986,0
2020,FRA,France,% GDP,family_allowances,cash,1.031,0
2021,FRA,France,% GDP,family_allowances,cash,0.945,0
1990,DEU,Allemagne,% GDP,family_allowances,cash,0.976,0
1991,DEU,Allemagne,% GDP,family_allowances,cash,1.042,0
1992,DEU,Allemagne,% GDP,family_allowances,cash,1.021,0
1993,DEU,Allemagne,% GDP,family_allowances,cash,0.992,0
1994,DEU,Allemagne,% GDP,family_allowances,cash,0.94,0
1995,DEU,Allemagne,% GDP,family_allowances,cash,0.922,0
1996,DEU,Allemagne,% GDP,family_allowances,cash,0.833,0
1997,DEU,Allemagne,% GDP,family_allowances,cash,0.864,0
1998,DEU,Allemagne,% GDP,family_allowances,cash,0.866,0
1999,DEU,Allemagne,% GDP,family_allowances,cash,0.921,0
2000,DEU,Allemagne,% GDP,family_allowances,cash,0.962,0
2001,DEU,Allemagne,% GDP,family_allowances,cash,0.93,0
2002,DEU,Allemagne,% GDP,family_allowances,cash,0.972,0
2003,DEU,Allemagne,% GDP,family_allowances,cash,0.967,0
2004,DEU,Allemagne,% GDP,family_allowances,cash,0.951,0
2005,DEU,Allemagne,% GDP,family_allowances,cash,1.037,0
2006,DEU,Allemagne,% GDP,family_allowances,cash,0.75,0
2007,DEU,Allemagne,% GDP,family_allowances,cash,0.81,0
2008,DEU,Allemagne,% GDP,family_allowances,cash,0.786,0
2009,DEU,Allemagne,% GDP,family_allowances,cash,0.931,0
2010,DEU,Allemagne,% GDP,family_allowances,cash,0.908,0
2011,DEU,Allemagne,% GDP,family_allowances,cash,0.869,0
2012,DEU,Allemagne,% GDP,family_allowances,cash,0.843,0
2013,DEU,Allemagne,% GDP,family_allowances,cash,0.807,0
2014,DEU,Allemagne,% GDP,family_allowances,cash,0.778,0
2015,DEU,Allemagne,% GDP,family_allowances,cash,0.758,0
2016,DEU,Allemagne,% GDP,family_allowances,cash,0.744,0
2017,DEU,Allemagne,% GDP,family_allowances,cash,0.715,0
2018,DEU,Allemagne,% GDP,family_allowances,cash,0.709,0
2019,DEU,Allemagne,% GDP,family_allowances,cash,0.695,0
2020,DEU,Allemagne,% GDP,family_allowances,cash,0.903,0
2021,DEU,Allemagne,% GDP,family_allowances,cash,0.831,0
1990,GRC,Grèce,% GDP,family_allowances,cash,0.261,0
1991,GRC,Grèce,% GDP,family_allowances,cash,0.398,0
1992,GRC,Grèce,% GDP,family_allowances,cash,0.372,0
1993,GRC,Grèce,% GDP,family_allowances,cash,0.402,0
1994,GRC,Grèce,% GDP,family_allowances,cash,0.618,0
1995,GRC,Grèce,% GDP,family_allowances,cash,0.613,0
1996,GRC,Grèce,% GDP,family_allowances,cash,0.552,0
1997,GRC,Grèce,% GDP,family_allowances,cash,0.531,0
1998,GRC,Grèce,% GDP,family_allowances,cash,0.562,0
1999,GRC,Grèce,% GDP,family_allowances,cash,0.5,0
2000,GRC,Grèce,% GDP,family_allowances,cash,0.359,0
2001,GRC,Grèce,% GDP,family_allowances,cash,0.333,0
2002,GRC,Grèce,% GDP,family_allowances,cash,0.33,0
2003,GRC,Grèce,% GDP,family_allowances,cash,0.358,0
2004,GRC,Grèce,% GDP,family_allowances,cash,0.331,0
2005,GRC,Grèce,% GDP,family_allowances,cash,0.332,0
2006,GRC,Grèce,% GDP,family_allowances,cash,0.316,0
2007,GRC,Grèce,% GDP,family_allowances,cash,0.311,0
2008,GRC,Grèce,% GDP,family_allowances,cash,0.381,0
2009,GRC,Grèce,% GDP,family_allowances,cash,0.429,0
2010,GRC,Grèce,% GDP,family_allowances,cash,0.445,0
2011,GRC,Grèce,% GDP,family_allowances,cash,0.435,0
2012,GRC,Grèce,% GDP,family_allowances,cash,0.415,0
2013,GRC,Grèce,% GDP,family_allowances,cash,0.484,0
2014,GRC,Grèce,% GDP,family_allowances,cash,0.551,0
2015,GRC,Grèce,% GDP,family_allowances,cash,0.537,0
2016,GRC,Grèce,% GDP,family_allowances,cash,0.555,0
2017,GRC,Grèce,% GDP,family_allowances,cash,0.544,0
2018,GRC,Grèce,% GDP,family_allowances,cash,0.779,0
2019,GRC,Grèce,% GDP,family_allowances,cash,0.738,0
2020,GRC,Grèce,% GDP,family_allowances,cash,0.787,0
2021,GRC,Grèce,% GDP,family_allowances,cash,0.728,0
1999,HUN,Hongrie,% GDP,family_allowances,cash,1.504,0
2000,HUN,Hongrie,% GDP,family_allowances,cash,1.347,0
2001,HUN,Hongrie,% GDP,family_allowances,cash,1.227,0
2002,HUN,Hongrie,% GDP,family_allowances,cash,1.215,0
2003,HUN,Hongrie,% GDP,family_allowances,cash,1.192,0
2004,HUN,Hongrie,% GDP,family_allowances,cash,1.169,0
2005,HUN,Hongrie,% GDP,family_allowances,cash,1.153,0
2006,HUN,Hongrie,% GDP,family_allowances,cash,1.336,0
2007,HUN,Hongrie,% GDP,family_allowances,cash,1.391,0
2008,HUN,Hongrie,% GDP,family_allowances,cash,1.381,0
2009,HUN,Hongrie,% GDP,family_allowances,cash,1.428,0
2010,HUN,Hongrie,% GDP,family_allowances,cash,1.369,0
2011,HUN,Hongrie,% GDP,family_allowances,cash,1.282,0
2012,HUN,Hongrie,% GDP,family_allowances,cash,1.23,0
2013,HUN,Hongrie,% GDP,family_allowances,cash,1.143,0
2014,HUN,Hongrie,% GDP,family_allowances,cash,1.016,0
2015,HUN,Hongrie,% GDP,family_allowances,cash,0.875,0
2016,HUN,Hongrie,% GDP,family_allowances,cash,0.826,0
2017,HUN,Hongrie,% GDP,family_allowances,cash,0.756,0
2018,HUN,Hongrie,% GDP,family_allowances,cash,0.672,0
2019,HUN,Hongrie,% GDP,family_allowances,cash,0.607,0
2020,HUN,Hongrie,% GDP,family_allowances,cash,0.595,0
2021,HUN,Hongrie,% GDP,family_allowances,cash,0.518,0
1990,ISL,Islande,% GDP,family_allowances,cash,1.339,0
1991,ISL,Islande,% GDP,family_allowances,cash,1.367,0
1992,ISL,Islande,% GDP,family_allowances,cash,1.277,0
1993,ISL,Islande,% GDP,family_allowances,cash,1.122,0
1994,ISL,Islande,% GDP,family_allowances,cash,1.085,0
1995,ISL,Islande,% GDP,family_allowances,cash,1.088,0
1996,ISL,Islande,% GDP,family_allowances,cash,1.014,0
1997,ISL,Islande,% GDP,family_allowances,cash,0.897,0
1998,ISL,Islande,% GDP,family_allowances,cash,0.723,0
1999,ISL,Islande,% GDP,family_allowances,cash,0.638,0
2000,ISL,Islande,% GDP,family_allowances,cash,0.553,0
2001,ISL,Islande,% GDP,family_allowances,cash,0.598,0
2002,ISL,Islande,% GDP,family_allowances,cash,0.588,0
2003,ISL,Islande,% GDP,family_allowances,cash,0.643,0
2004,ISL,Islande,% GDP,family_allowances,cash,0.591,0
2005,ISL,Islande,% GDP,family_allowances,cash,0.535,0
2006,ISL,Islande,% GDP,family_allowances,cash,0.543,0
2007,ISL,Islande,% GDP,family_allowances,cash,0.591,0
2008,ISL,Islande,% GDP,family_allowances,cash,0.578,0
2009,ISL,Islande,% GDP,family_allowances,cash,0.641,0
2010,ISL,Islande,% GDP,family_allowances,cash,0.634,0
2011,ISL,Islande,% GDP,family_allowances,cash,0.522,0
2012,ISL,Islande,% GDP,family_allowances,cash,0.464,0
2013,ISL,Islande,% GDP,family_allowances,cash,0.582,0
2014,ISL,Islande,% GDP,family_allowances,cash,0.498,0
2015,ISL,Islande,% GDP,family_allowances,cash,0.465,0
2016,ISL,Islande,% GDP,family_allowances,cash,0.401,0
2017,ISL,Islande,% GDP,family_allowances,cash,0.383,0
2018,ISL,Islande,% GDP,family_allowances,cash,0.39,0
2019,ISL,Islande,% GDP,family_allowances,cash,0.427,0
2020,ISL,Islande,% GDP,family_allowances,cash,0.552,0
2021,ISL,Islande,% GDP,family_allowances,cash,0.462,0
1990,IRL,Irlande,% GDP,family_allowances,cash,1.007,0
1991,IRL,Irlande,% GDP,family_allowances,cash,1.015,0
1992,IRL,Irlande,% GDP,family_allowances,cash,0.989,0
1993,IRL,Irlande,% GDP,family_allowances,cash,0.948,0
1994,IRL,Irlande,% GDP,family_allowances,cash,0.972,0
1995,IRL,Irlande,% GDP,family_allowances,cash,0.943,0
1996,IRL,Irlande,% GDP,family_allowances,cash,1.02,0
1997,IRL,Irlande,% GDP,family_allowances,cash,0.93,0
1998,IRL,Irlande,% GDP,family_allowances,cash,0.824,0
1999,IRL,Irlande,% GDP,family_allowances,cash,0.763,0
2000,IRL,Irlande,% GDP,family_allowances,cash,1.354,0
2001,IRL,Irlande,% GDP,family_allowances,cash,1.547,0
2002,IRL,Irlande,% GDP,family_allowances,cash,1.855,0
2003,IRL,Irlande,% GDP,family_allowances,cash,1.929,0
2004,IRL,Irlande,% GDP,family_allowances,cash,1.888,0
2005,IRL,Irlande,% GDP,family_allowances,cash,1.864,0
2006,IRL,Irlande,% GDP,family_allowances,cash,1.873,0
2007,IRL,Irlande,% GDP,family_allowances,cash,1.914,0
2008,IRL,Irlande,% GDP,family_allowances,cash,2.247,0
2009,IRL,Irlande,% GDP,family_allowances,cash,2.604,0
2010,IRL,Irlande,% GDP,family_allowances,cash,2.195,0
2011,IRL,Irlande,% GDP,family_allowances,cash,2.036,0
2012,IRL,Irlande,% GDP,family_allowances,cash,1.974,0
2013,IRL,Irlande,% GDP,family_allowances,cash,1.803,0
2014,IRL,Irlande,% GDP,family_allowances,cash,1.609,0
2015,IRL,Irlande,% GDP,family_allowances,cash,1.17,0
2016,IRL,Irlande,% GDP,family_allowances,cash,1.141,0
2017,IRL,Irlande,% GDP,family_allowances,cash,1.023,0
2018,IRL,Irlande,% GDP,family_allowances,cash,0.951,0
2019,IRL,Irlande,% GDP,family_allowances,cash,0.872,0
2020,IRL,Irlande,% GDP,family_allowances,cash,0.833,0
2021,IRL,Irlande,% GDP,family_allowances,cash,0.702,0
1990,ITA,Italie,% GDP,family_allowances,cash,0.534,0
1991,ITA,Italie,% GDP,family_allowances,cash,0.377,0
1992,ITA,Italie,% GDP,family_allowances,cash,0.36,0
1993,ITA,Italie,% GDP,family_allowances,cash,0.327,0
1994,ITA,Italie,% GDP,family_allowances,cash,0.301,0
1995,ITA,Italie,% GDP,family_allowances,cash,0.317,0
1996,ITA,Italie,% GDP,family_allowances,cash,0.344,0
1997,ITA,Italie,% GDP,family_allowances,cash,0.391,0
1998,ITA,Italie,% GDP,family_allowances,cash,0.407,0
1999,ITA,Italie,% GDP,family_allowances,cash,0.444,0
2000,ITA,Italie,% GDP,family_allowances,cash,0.448,0
2001,ITA,Italie,% GDP,family_allowances,cash,0.435,0
2002,ITA,Italie,% GDP,family_allowances,cash,0.404,0
2003,ITA,Italie,% GDP,family_allowances,cash,0.402,0
2004,ITA,Italie,% GDP,family_allowances,cash,0.398,0
2005,ITA,Italie,% GDP,family_allowances,cash,0.382,0
2006,ITA,Italie,% GDP,family_allowances,cash,0.361,0
2007,ITA,Italie,% GDP,family_allowances,cash,0.395,0
2008,ITA,Italie,% GDP,family_allowances,cash,0.41,0
2009,ITA,Italie,% GDP,family_allowances,cash,0.423,0
2010,ITA,Italie,% GDP,family_allowances,cash,0.399,0
2011,ITA,Italie,% GDP,family_allowances,cash,0.404,0
2012,ITA,Italie,% GDP,family_allowances,cash,0.419,0
2013,ITA,Italie,% GDP,family_allowances,cash,0.426,0
2014,ITA,Italie,% GDP,family_allowances,cash,0.423,0
2015,ITA,Italie,% GDP,family_allowances,cash,0.409,0
2016,ITA,Italie,% GDP,family_allowances,cash,0.406,0
2017,ITA,Italie,% GDP,family_allowances,cash,0.399,0
2018,ITA,Italie,% GDP,family_allowances,cash,0.38,0
2019,ITA,Italie,% GDP,family_allowances,cash,0.362,0
2020,ITA,Italie,% GDP,family_allowances,cash,0.37,0
2021,ITA,Italie,% GDP,family_allowances,cash,0.466,0
1997,LVA,Lettonie,% GDP,family_allowances,cash,0.886,0
1998,LVA,Lettonie,% GDP,family_allowances,cash,0.807,0
1999,LVA,Lettonie,% GDP,family_allowances,cash,0.777,0
2000,LVA,Lettonie,% GDP,family_allowances,cash,0.723,0
2001,LVA,Lettonie,% GDP,family_allowances,cash,0.661,0
2002,LVA,Lettonie,% GDP,family_allowances,cash,0.611,0
2003,LVA,Lettonie,% GDP,family_allowances,cash,0.679,0
2004,LVA,Lettonie,% GDP,family_allowances,cash,0.587,0
2005,LVA,Lettonie,% GDP,family_allowances,cash,0.458,0
2006,LVA,Lettonie,% GDP,family_allowances,cash,0.354,0
2007,LVA,Lettonie,% GDP,family_allowances,cash,0.332,0
2008,LVA,Lettonie,% GDP,family_allowances,cash,0.299,0
2009,LVA,Lettonie,% GDP,family_allowances,cash,0.361,0
2010,LVA,Lettonie,% GDP,family_allowances,cash,0.334,0
2011,LVA,Lettonie,% GDP,family_allowances,cash,0.287,0
2012,LVA,Lettonie,% GDP,family_allowances,cash,0.251,0
2013,LVA,Lettonie,% GDP,family_allowances,cash,0.24,0
2014,LVA,Lettonie,% GDP,family_allowances,cash,0.231,0
2015,LVA,Lettonie,% GDP,family_allowances,cash,0.347,0
2016,LVA,Lettonie,% GDP,family_allowances,cash,0.341,0
2017,LVA,Lettonie,% GDP,family_allowances,cash,0.338,0
2018,LVA,Lettonie,% GDP,family_allowances,cash,0.422,0
2019,LVA,Lettonie,% GDP,family_allowances,cash,0.429,0
2020,LVA,Lettonie,% GDP,family_allowances,cash,0.435,0
2021,LVA,Lettonie,% GDP,family_allowances,cash,0.405,0
1996,LTU,Lituanie,% GDP,family_allowances,cash,0.296,0
1997,LTU,Lituanie,% GDP,family_allowances,cash,0.293,0
1998,LTU,Lituanie,% GDP,family_allowances,cash,0.285,0
1999,LTU,Lituanie,% GDP,family_allowances,cash,0.284,0
2000,LTU,Lituanie,% GDP,family_allowances,cash,0.262,0
2001,LTU,Lituanie,% GDP,family_allowances,cash,0.237,0
2002,LTU,Lituanie,% GDP,family_allowances,cash,0.213,0
2003,LTU,Lituanie,% GDP,family_allowances,cash,0.183,0
2004,LTU,Lituanie,% GDP,family_allowances,cash,0.272,0
2005,LTU,Lituanie,% GDP,family_allowances,cash,0.399,0
2006,LTU,Lituanie,% GDP,family_allowances,cash,0.342,0
2007,LTU,Lituanie,% GDP,family_allowances,cash,0.314,0
2008,LTU,Lituanie,% GDP,family_allowances,cash,0.472,0
2009,LTU,Lituanie,% GDP,family_allowances,cash,0.588,0
2010,LTU,Lituanie,% GDP,family_allowances,cash,0.224,0
2011,LTU,Lituanie,% GDP,family_allowances,cash,0.169,0
2012,LTU,Lituanie,% GDP,family_allowances,cash,0.153,0
2013,LTU,Lituanie,% GDP,family_allowances,cash,0.142,0
2014,LTU,Lituanie,% GDP,family_allowances,cash,0.129,0
2015,LTU,Lituanie,% GDP,family_allowances,cash,0.12,0
2016,LTU,Lituanie,% GDP,family_allowances,cash,0.109,0
2017,LTU,Lituanie,% GDP,family_allowances,cash,0.12,0
2018,LTU,Lituanie,% GDP,family_allowances,cash,0.477,0
2019,LTU,Lituanie,% GDP,family_allowances,cash,0.727,0
2020,LTU,Lituanie,% GDP,family_allowances,cash,0.902,0
2021,LTU,Lituanie,% GDP,family_allowances,cash,0.922,0
1990,LUX,Luxembourg,% GDP,family_allowances,cash,1.247,0
1991,LUX,Luxembourg,% GDP,family_allowances,cash,1.242,0
1992,LUX,Luxembourg,% GDP,family_allowances,cash,1.279,0
1993,LUX,Luxembourg,% GDP,family_allowances,cash,1.528,0
1994,LUX,Luxembourg,% GDP,family_allowances,cash,1.595,0
1995,LUX,Luxembourg,% GDP,family_allowances,cash,1.625,0
1996,LUX,Luxembourg,% GDP,family_allowances,cash,1.609,0
1997,LUX,Luxembourg,% GDP,family_allowances,cash,1.572,0
1998,LUX,Luxembourg,% GDP,family_allowances,cash,1.828,0
1999,LUX,Luxembourg,% GDP,family_allowances,cash,1.917,0
2000,LUX,Luxembourg,% GDP,family_allowances,cash,1.871,0
2001,LUX,Luxembourg,% GDP,family_allowances,cash,1.785,0
2002,LUX,Luxembourg,% GDP,family_allowances,cash,2.035,0
2003,LUX,Luxembourg,% GDP,family_allowances,cash,2.08,0
2004,LUX,Luxembourg,% GDP,family_allowances,cash,2.04,0
2005,LUX,Luxembourg,% GDP,family_allowances,cash,1.991,0
2006,LUX,Luxembourg,% GDP,family_allowances,cash,1.868,0
2007,LUX,Luxembourg,% GDP,family_allowances,cash,1.762,0
2008,LUX,Luxembourg,% GDP,family_allowances,cash,2.344,0
2009,LUX,Luxembourg,% GDP,family_allowances,cash,2.428,0
2010,LUX,Luxembourg,% GDP,family_allowances,cash,2.251,0
2011,LUX,Luxembourg,% GDP,family_allowances,cash,2.005,0
2012,LUX,Luxembourg,% GDP,family_allowances,cash,1.91,0
2013,LUX,Luxembourg,% GDP,family_allowances,cash,1.821,0
2014,LUX,Luxembourg,% GDP,family_allowances,cash,1.776,0
2015,LUX,Luxembourg,% GDP,family_allowances,cash,1.718,0
2016,LUX,Luxembourg,% GDP,family_allowances,cash,1.665,0
2017,LUX,Luxembourg,% GDP,family_allowances,cash,1.611,0
2018,LUX,Luxembourg,% GDP,family_allowances,cash,1.576,0
2019,LUX,Luxembourg,% GDP,family_allowances,cash,1.528,0
2020,LUX,Luxembourg,% GDP,family_allowances,cash,1.465,0
2021,LUX,Luxembourg,% GDP,family_allowances,cash,1.298,0
1990,NLD,Pays-Bas,% GDP,family_allowances,cash,1.049,0
1991,NLD,Pays-Bas,% GDP,family_allowances,cash,1.039,0
1992,NLD,Pays-Bas,% GDP,family_allowances,cash,1.054,0
1993,NLD,Pays-Bas,% GDP,family_allowances,cash,1.036,0
1994,NLD,Pays-Bas,% GDP,family_allowances,cash,1.016,0
1995,NLD,Pays-Bas,% GDP,family_allowances,cash,0.895,0
1996,NLD,Pays-Bas,% GDP,family_allowances,cash,0.839,0
1997,NLD,Pays-Bas,% GDP,family_allowances,cash,0.766,0
1998,NLD,Pays-Bas,% GDP,family_allowances,cash,0.726,0
1999,NLD,Pays-Bas,% GDP,family_allowances,cash,0.673,0
2000,NLD,Pays-Bas,% GDP,family_allowances,cash,0.644,0
2001,NLD,Pays-Bas,% GDP,family_allowances,cash,0.621,0
2002,NLD,Pays-Bas,% GDP,family_allowances,cash,0.62,0
2003,NLD,Pays-Bas,% GDP,family_allowances,cash,0.621,0
2004,NLD,Pays-Bas,% GDP,family_allowances,cash,0.608,0
2005,NLD,Pays-Bas,% GDP,family_allowances,cash,0.577,0
2006,NLD,Pays-Bas,% GDP,family_allowances,cash,0.555,0
2007,NLD,Pays-Bas,% GDP,family_allowances,cash,0.538,0
2008,NLD,Pays-Bas,% GDP,family_allowances,cash,0.647,0
2009,NLD,Pays-Bas,% GDP,family_allowances,cash,0.689,0
2010,NLD,Pays-Bas,% GDP,family_allowances,cash,0.664,0
2011,NLD,Pays-Bas,% GDP,family_allowances,cash,0.659,0
2012,NLD,Pays-Bas,% GDP,family_allowances,cash,0.63,0
2013,NLD,Pays-Bas,% GDP,family_allowances,cash,0.62,0
2014,NLD,Pays-Bas,% GDP,family_allowances,cash,0.61,0
2015,NLD,Pays-Bas,% GDP,family_allowances,cash,0.721,0
2016,NLD,Pays-Bas,% GDP,family_allowances,cash,0.725,0
2017,NLD,Pays-Bas,% GDP,family_allowances,cash,0.696,0
2018,NLD,Pays-Bas,% GDP,family_allowances,cash,0.668,0
2019,NLD,Pays-Bas,% GDP,family_allowances,cash,0.686,0
2020,NLD,Pays-Bas,% GDP,family_allowances,cash,0.78,0
2021,NLD,Pays-Bas,% GDP,family_allowances,cash,0.71,0
1990,NOR,Norvège,% GDP,family_allowances,cash,1.174,0
1991,NOR,Norvège,% GDP,family_allowances,cash,1.276,0
1992,NOR,Norvège,% GDP,family_allowances,cash,1.38,0
1993,NOR,Norvège,% GDP,family_allowances,cash,1.343,0
1994,NOR,Norvège,% GDP,family_allowances,cash,1.293,0
1995,NOR,Norvège,% GDP,family_allowances,cash,1.213,0
1996,NOR,Norvège,% GDP,family_allowances,cash,1.175,0
1997,NOR,Norvège,% GDP,family_allowances,cash,1.125,0
1998,NOR,Norvège,% GDP,family_allowances,cash,1.121,0
1999,NOR,Norvège,% GDP,family_allowances,cash,1.024,0
2000,NOR,Norvège,% GDP,family_allowances,cash,0.829,0
2001,NOR,Norvège,% GDP,family_allowances,cash,0.947,0
2002,NOR,Norvège,% GDP,family_allowances,cash,0.957,0
2003,NOR,Norvège,% GDP,family_allowances,cash,0.905,0
2004,NOR,Norvège,% GDP,family_allowances,cash,0.795,0
2005,NOR,Norvège,% GDP,family_allowances,cash,0.716,0
2006,NOR,Norvège,% GDP,family_allowances,cash,0.645,0
2007,NOR,Norvège,% GDP,family_allowances,cash,0.611,0
2008,NOR,Norvège,% GDP,family_allowances,cash,0.555,0
2009,NOR,Norvège,% GDP,family_allowances,cash,0.606,0
2010,NOR,Norvège,% GDP,family_allowances,cash,0.57,0
2011,NOR,Norvège,% GDP,family_allowances,cash,0.53,0
2012,NOR,Norvège,% GDP,family_allowances,cash,0.505,0
2013,NOR,Norvège,% GDP,family_allowances,cash,0.492,0
2014,NOR,Norvège,% GDP,family_allowances,cash,0.479,0
2015,NOR,Norvège,% GDP,family_allowances,cash,0.483,0
2016,NOR,Norvège,% GDP,family_allowances,cash,0.483,0
2017,NOR,Norvège,% GDP,family_allowances,cash,0.452,0
2018,NOR,Norvège,% GDP,family_allowances,cash,0.416,0
2019,NOR,Norvège,% GDP,family_allowances,cash,0.438,0
2020,NOR,Norvège,% GDP,family_allowances,cash,0.47,0
2021,NOR,Norvège,% GDP,family_allowances,cash,0.401,0
1990,POL,Pologne,% GDP,family_allowances,cash,1.355,0
1991,POL,Pologne,% GDP,family_allowances,cash,1.708,0
1992,POL,Pologne,% GDP,family_allowances,cash,1.646,0
1993,POL,Pologne,% GDP,family_allowances,cash,1.266,0
1994,POL,Pologne,% GDP,family_allowances,cash,0.891,0
1995,POL,Pologne,% GDP,family_allowances,cash,0.621,0
1996,POL,Pologne,% GDP,family_allowances,cash,0.544,0
1997,POL,Pologne,% GDP,family_allowances,cash,0.508,0
1998,POL,Pologne,% GDP,family_allowances,cash,0.483,0
1999,POL,Pologne,% GDP,family_allowances,cash,0.482,0
2000,POL,Pologne,% GDP,family_allowances,cash,0.503,0
2001,POL,Pologne,% GDP,family_allowances,cash,0.477,0
2002,POL,Pologne,% GDP,family_allowances,cash,0.45,0
2003,POL,Pologne,% GDP,family_allowances,cash,0.394,0
2004,POL,Pologne,% GDP,family_allowances,cash,0.539,0
2005,POL,Pologne,% GDP,family_allowances,cash,0.533,0
2006,POL,Pologne,% GDP,family_allowances,cash,0.425,0
2007,POL,Pologne,% GDP,family_allowances,cash,0.417,0
2008,POL,Pologne,% GDP,family_allowances,cash,0.34,0
2009,POL,Pologne,% GDP,family_allowances,cash,0.294,0
2010,POL,Pologne,% GDP,family_allowances,cash,0.309,0
2011,POL,Pologne,% GDP,family_allowances,cash,0.263,0
2012,POL,Pologne,% GDP,family_allowances,cash,0.235,0
2013,POL,Pologne,% GDP,family_allowances,cash,0.235,0
2014,POL,Pologne,% GDP,family_allowances,cash,0.209,0
2015,POL,Pologne,% GDP,family_allowances,cash,0.19,0
2016,POL,Pologne,% GDP,family_allowances,cash,1.132,0
2017,POL,Pologne,% GDP,family_allowances,cash,1.358,0
2018,POL,Pologne,% GDP,family_allowances,cash,1.224,0
2019,POL,Pologne,% GDP,family_allowances,cash,1.431,0
2020,POL,Pologne,% GDP,family_allowances,cash,1.921,0
2021,POL,Pologne,% GDP,family_allowances,cash,1.688,0
1990,PRT,Portugal,% GDP,family_allowances,cash,0.398,0
1991,PRT,Portugal,% GDP,family_allowances,cash,0.438,0
1992,PRT,Portugal,% GDP,family_allowances,cash,0.434,0
1993,PRT,Portugal,% GDP,family_allowances,cash,0.441,0
1994,PRT,Portugal,% GDP,family_allowances,cash,0.419,0
1995,PRT,Portugal,% GDP,family_allowances,cash,0.415,0
1996,PRT,Portugal,% GDP,family_allowances,cash,0.401,0
1997,PRT,Portugal,% GDP,family_allowances,cash,0.406,0
1998,PRT,Portugal,% GDP,family_allowances,cash,0.396,0
1999,PRT,Portugal,% GDP,family_allowances,cash,0.377,0
2000,PRT,Portugal,% GDP,family_allowances,cash,0.376,0
2001,PRT,Portugal,% GDP,family_allowances,cash,0.375,0
2002,PRT,Portugal,% GDP,family_allowances,cash,0.389,0
2003,PRT,Portugal,% GDP,family_allowances,cash,0.449,0
2004,PRT,Portugal,% GDP,family_allowances,cash,0.46,0
2005,PRT,Portugal,% GDP,family_allowances,cash,0.434,0
2006,PRT,Portugal,% GDP,family_allowances,cash,0.427,0
2007,PRT,Portugal,% GDP,family_allowances,cash,0.422,0
2008,PRT,Portugal,% GDP,family_allowances,cash,0.506,0
2009,PRT,Portugal,% GDP,family_allowances,cash,0.62,0
2010,PRT,Portugal,% GDP,family_allowances,cash,0.58,0
2011,PRT,Portugal,% GDP,family_allowances,cash,0.401,0
2012,PRT,Portugal,% GDP,family_allowances,cash,0.413,0
2013,PRT,Portugal,% GDP,family_allowances,cash,0.416,0
2014,PRT,Portugal,% GDP,family_allowances,cash,0.392,0
2015,PRT,Portugal,% GDP,family_allowances,cash,0.375,0
2016,PRT,Portugal,% GDP,family_allowances,cash,0.374,0
2017,PRT,Portugal,% GDP,family_allowances,cash,0.361,0
2018,PRT,Portugal,% GDP,family_allowances,cash,0.375,0
2019,PRT,Portugal,% GDP,family_allowances,cash,0.392,0
2020,PRT,Portugal,% GDP,family_allowances,cash,0.427,0
2021,PRT,Portugal,% GDP,family_allowances,cash,0.379,0
1995,SVK,République slovaque,% GDP,family_allowances,cash,1.687,0
1996,SVK,République slovaque,% GDP,family_allowances,cash,1.515,0
1997,SVK,République slovaque,% GDP,family_allowances,cash,1.255,0
1998,SVK,République slovaque,% GDP,family_allowances,cash,1.25,0
1999,SVK,République slovaque,% GDP,family_allowances,cash,1.086,0
2000,SVK,République slovaque,% GDP,family_allowances,cash,0.929,0
2001,SVK,République slovaque,% GDP,family_allowances,cash,0.827,0
2002,SVK,République slovaque,% GDP,family_allowances,cash,0.84,0
2003,SVK,République slovaque,% GDP,family_allowances,cash,0.723,0
2004,SVK,République slovaque,% GDP,family_allowances,cash,1.037,0
2005,SVK,République slovaque,% GDP,family_allowances,cash,0.588,0
2006,SVK,République slovaque,% GDP,family_allowances,cash,0.512,0
2007,SVK,République slovaque,% GDP,family_allowances,cash,0.457,0
2008,SVK,République slovaque,% GDP,family_allowances,cash,0.425,0
2009,SVK,République slovaque,% GDP,family_allowances,cash,0.548,0
2010,SVK,République slovaque,% GDP,family_allowances,cash,0.515,0
2011,SVK,République slovaque,% GDP,family_allowances,cash,0.503,0
2012,SVK,République slovaque,% GDP,family_allowances,cash,0.489,0
2013,SVK,République slovaque,% GDP,family_allowances,cash,0.487,0
2014,SVK,République slovaque,% GDP,family_allowances,cash,0.472,0
2015,SVK,République slovaque,% GDP,family_allowances,cash,0.444,0
2016,SVK,République slovaque,% GDP,family_allowances,cash,0.437,0
2017,SVK,République slovaque,% GDP,family_allowances,cash,0.418,0
2018,SVK,République slovaque,% GDP,family_allowances,cash,0.396,0
2019,SVK,République slovaque,% GDP,family_allowances,cash,0.383,0
2020,SVK,République slovaque,% GDP,family_allowances,cash,0.399,0
2021,SVK,République slovaque,% GDP,family_allowances,cash,0.453,0
1996,SVN,Slovénie,% GDP,family_allowances,cash,0.715,0
1997,SVN,Slovénie,% GDP,family_allowances,cash,0.756,0
1998,SVN,Slovénie,% GDP,family_allowances,cash,0.729,0
1999,SVN,Slovénie,% GDP,family_allowances,cash,0.884,0
2000,SVN,Slovénie,% GDP,family_allowances,cash,1.003,0
2001,SVN,Slovénie,% GDP,family_allowances,cash,0.963,0
2002,SVN,Slovénie,% GDP,family_allowances,cash,0.913,0
2003,SVN,Slovénie,% GDP,family_allowances,cash,0.908,0
2004,SVN,Slovénie,% GDP,family_allowances,cash,0.854,0
2005,SVN,Slovénie,% GDP,family_allowances,cash,0.821,0
2006,SVN,Slovénie,% GDP,family_allowances,cash,0.77,0
2007,SVN,Slovénie,% GDP,family_allowances,cash,0.705,0
2008,SVN,Slovénie,% GDP,family_allowances,cash,0.741,0
2009,SVN,Slovénie,% GDP,family_allowances,cash,0.8,0
2010,SVN,Slovénie,% GDP,family_allowances,cash,0.804,0
2011,SVN,Slovénie,% GDP,family_allowances,cash,0.798,0
2012,SVN,Slovénie,% GDP,family_allowances,cash,0.694,0
2013,SVN,Slovénie,% GDP,family_allowances,cash,0.614,0
2014,SVN,Slovénie,% GDP,family_allowances,cash,0.584,0
2015,SVN,Slovénie,% GDP,family_allowances,cash,0.573,0
2016,SVN,Slovénie,% GDP,family_allowances,cash,0.57,0
2017,SVN,Slovénie,% GDP,family_allowances,cash,0.55,0
2018,SVN,Slovénie,% GDP,family_allowances,cash,0.541,0
2019,SVN,Slovénie,% GDP,family_allowances,cash,0.518,0
2020,SVN,Slovénie,% GDP,family_allowances,cash,0.537,0
2021,SVN,Slovénie,% GDP,family_allowances,cash,0.472,0
1990,ESP,Espagne,% GDP,family_allowances,cash,0.089,0
1991,ESP,Espagne,% GDP,family_allowances,cash,0.079,0
1992,ESP,Espagne,% GDP,family_allowances,cash,0.149,0
1993,ESP,Espagne,% GDP,family_allowances,cash,0.149,0
1994,ESP,Espagne,% GDP,family_allowances,cash,0.142,0
1995,ESP,Espagne,% GDP,family_allowances,cash,0.136,0
1996,ESP,Espagne,% GDP,family_allowances,cash,0.138,0
1997,ESP,Espagne,% GDP,family_allowances,cash,0.136,0
1998,ESP,Espagne,% GDP,family_allowances,cash,0.126,0
1999,ESP,Espagne,% GDP,family_allowances,cash,0.12,0
2000,ESP,Espagne,% GDP,family_allowances,cash,0.132,0
2001,ESP,Espagne,% GDP,family_allowances,cash,0.116,0
2002,ESP,Espagne,% GDP,family_allowances,cash,0.111,0
2003,ESP,Espagne,% GDP,family_allowances,cash,0.185,0
2004,ESP,Espagne,% GDP,family_allowances,cash,0.181,0
2005,ESP,Espagne,% GDP,family_allowances,cash,0.177,0
2006,ESP,Espagne,% GDP,family_allowances,cash,0.172,0
2007,ESP,Espagne,% GDP,family_allowances,cash,0.168,0
2008,ESP,Espagne,% GDP,family_allowances,cash,0.175,0
2009,ESP,Espagne,% GDP,family_allowances,cash,0.191,0
2010,ESP,Espagne,% GDP,family_allowances,cash,0.192,0
2011,ESP,Espagne,% GDP,family_allowances,cash,0.203,0
2012,ESP,Espagne,% GDP,family_allowances,cash,0.174,0
2013,ESP,Espagne,% GDP,family_allowances,cash,0.209,0
2014,ESP,Espagne,% GDP,family_allowances,cash,0.238,0
2015,ESP,Espagne,% GDP,family_allowances,cash,0.268,0
2016,ESP,Espagne,% GDP,family_allowances,cash,0.273,0
2017,ESP,Espagne,% GDP,family_allowances,cash,0.269,0
2018,ESP,Espagne,% GDP,family_allowances,cash,0.275,0
2019,ESP,Espagne,% GDP,family_allowances,cash,0.288,0
2020,ESP,Espagne,% GDP,family_allowances,cash,0.33,0
2021,ESP,Espagne,% GDP,family_allowances,cash,0.298,0
1990,SWE,Suède,% GDP,family_allowances,cash,0.795,0
1991,SWE,Suède,% GDP,family_allowances,cash,0.99,0
1992,SWE,Suède,% GDP,family_allowances,cash,1.009,0
1993,SWE,Suède,% GDP,family_allowances,cash,1.05,0
1994,SWE,Suède,% GDP,family_allowances,cash,0.984,0
1995,SWE,Suède,% GDP,family_allowances,cash,0.893,0
1996,SWE,Suède,% GDP,family_allowances,cash,0.747,0
1997,SWE,Suède,% GDP,family_allowances,cash,0.706,0
1998,SWE,Suède,% GDP,family_allowances,cash,0.783,0
1999,SWE,Suède,% GDP,family_allowances,cash,0.741,0
2000,SWE,Suède,% GDP,family_allowances,cash,0.787,0
2001,SWE,Suède,% GDP,family_allowances,cash,0.843,0
2002,SWE,Suède,% GDP,family_allowances,cash,0.808,0
2003,SWE,Suède,% GDP,family_allowances,cash,0.776,0
2004,SWE,Suède,% GDP,family_allowances,cash,0.739,0
2005,SWE,Suède,% GDP,family_allowances,cash,0.733,0
2006,SWE,Suède,% GDP,family_allowances,cash,0.757,0
2007,SWE,Suède,% GDP,family_allowances,cash,0.71,0
2008,SWE,Suède,% GDP,family_allowances,cash,0.69,0
2009,SWE,Suède,% GDP,family_allowances,cash,0.703,0
2010,SWE,Suède,% GDP,family_allowances,cash,0.668,0
2011,SWE,Suède,% GDP,family_allowances,cash,0.652,0
2012,SWE,Suède,% GDP,family_allowances,cash,0.652,0
2013,SWE,Suède,% GDP,family_allowances,cash,0.65,0
2014,SWE,Suède,% GDP,family_allowances,cash,0.636,0
2015,SWE,Suède,% GDP,family_allowances,cash,0.609,0
2016,SWE,Suède,% GDP,family_allowances,cash,0.598,0
2017,SWE,Suède,% GDP,family_allowances,cash,0.595,0
2018,SWE,Suède,% GDP,family_allowances,cash,0.662,0
2019,SWE,Suède,% GDP,family_allowances,cash,0.659,0
2020,SWE,Suède,% GDP,family_allowances,cash,0.664,0
2021,SWE,Suède,% GDP,family_allowances,cash,0.611,0
1990,CHE,Suisse,% GDP,family_allowances,cash,0.862,0
1991,CHE,Suisse,% GDP,family_allowances,cash,0.877,0
1992,CHE,Suisse,% GDP,family_allowances,cash,0.921,0
1993,CHE,Suisse,% GDP,family_allowances,cash,0.992,0
1994,CHE,Suisse,% GDP,family_allowances,cash,1.005,0
1995,CHE,Suisse,% GDP,family_allowances,cash,1.014,0
1996,CHE,Suisse,% GDP,family_allowances,cash,1.051,0
1997,CHE,Suisse,% GDP,family_allowances,cash,1.078,0
1998,CHE,Suisse,% GDP,family_allowances,cash,1.068,0
1999,CHE,Suisse,% GDP,family_allowances,cash,1.067,0
2000,CHE,Suisse,% GDP,family_allowances,cash,1.024,0
2001,CHE,Suisse,% GDP,family_allowances,cash,1.029,0
2002,CHE,Suisse,% GDP,family_allowances,cash,1.082,0
2003,CHE,Suisse,% GDP,family_allowances,cash,1.098,0
2004,CHE,Suisse,% GDP,family_allowances,cash,1.066,0
2005,CHE,Suisse,% GDP,family_allowances,cash,1.047,0
2006,CHE,Suisse,% GDP,family_allowances,cash,0.991,0
2007,CHE,Suisse,% GDP,family_allowances,cash,0.945,0
2008,CHE,Suisse,% GDP,family_allowances,cash,0.867,0
2009,CHE,Suisse,% GDP,family_allowances,cash,0.925,0
2010,CHE,Suisse,% GDP,family_allowances,cash,0.931,0
2011,CHE,Suisse,% GDP,family_allowances,cash,0.924,0
2012,CHE,Suisse,% GDP,family_allowances,cash,0.949,0
2013,CHE,Suisse,% GDP,family_allowances,cash,0.958,0
2014,CHE,Suisse,% GDP,family_allowances,cash,0.956,0
2015,CHE,Suisse,% GDP,family_allowances,cash,0.972,0
2016,CHE,Suisse,% GDP,family_allowances,cash,0.96,0
2017,CHE,Suisse,% GDP,family_allowances,cash,0.977,0
2018,CHE,Suisse,% GDP,family_allowances,cash,0.952,0
2019,CHE,Suisse,% GDP,family_allowances,cash,0.962,0
2020,CHE,Suisse,% GDP,family_allowances,cash,1.021,0
2021,CHE,Suisse,% GDP,family_allowances,cash,0.972,0
1990,GBR,Royaume-Uni,% GDP,family_allowances,cash,0.764,0
1991,GBR,Royaume-Uni,% GDP,family_allowances,cash,0.823,0
1992,GBR,Royaume-Uni,% GDP,family_allowances,cash,0.864,0
1993,GBR,Royaume-Uni,% GDP,family_allowances,cash,0.874,0
1994,GBR,Royaume-Uni,% GDP,family_allowances,cash,0.821,0
1995,GBR,Royaume-Uni,% GDP,family_allowances,cash,0.757,0
1996,GBR,Royaume-Uni,% GDP,family_allowances,cash,0.745,0
1997,GBR,Royaume-Uni,% GDP,family_allowances,cash,0.761,0
1998,GBR,Royaume-Uni,% GDP,family_allowances,cash,0.748,0
1999,GBR,Royaume-Uni,% GDP,family_allowances,cash,0.884,0
2000,GBR,Royaume-Uni,% GDP,family_allowances,cash,1.141,0
2001,GBR,Royaume-Uni,% GDP,family_allowances,cash,1.169,0
2002,GBR,Royaume-Uni,% GDP,family_allowances,cash,1.185,0
2003,GBR,Royaume-Uni,% GDP,family_allowances,cash,1.437,0
2004,GBR,Royaume-Uni,% GDP,family_allowances,cash,1.487,0
2005,GBR,Royaume-Uni,% GDP,family_allowances,cash,1.539,0
2006,GBR,Royaume-Uni,% GDP,family_allowances,cash,1.548,0
2007,GBR,Royaume-Uni,% GDP,family_allowances,cash,1.579,0
2008,GBR,Royaume-Uni,% GDP,family_allowances,cash,1.771,0
2009,GBR,Royaume-Uni,% GDP,family_allowances,cash,2.023,0
2010,GBR,Royaume-Uni,% GDP,family_allowances,cash,2.119,0
2011,GBR,Royaume-Uni,% GDP,family_allowances,cash,2.083,0
2012,GBR,Royaume-Uni,% GDP,family_allowances,cash,2.114,0
2013,GBR,Royaume-Uni,% GDP,family_allowances,cash,2.01,0
2014,GBR,Royaume-Uni,% GDP,family_allowances,cash,1.958,0
2015,GBR,Royaume-Uni,% GDP,family_allowances,cash,1.868,0
2016,GBR,Royaume-Uni,% GDP,family_allowances,cash,1.863,0
2017,GBR,Royaume-Uni,% GDP,family_allowances,cash,1.789,0
2018,GBR,Royaume-Uni,% GDP,family_allowances,cash,1.622,0
2019,GBR,Royaume-Uni,% GDP,family_allowances,cash,1.289,0
2020,GBR,Royaume-Uni,% GDP,family_allowances,cash,1.197,0
2021,GBR,Royaume-Uni,% GDP,family_allowances,cash,0.908,0
2005,BGR,Bulgarie,% GDP,family_allowances,cash,0.48,0
2006,BGR,Bulgarie,% GDP,family_allowances,cash,0.431,0
2007,BGR,Bulgarie,% GDP,family_allowances,cash,0.356,0
2008,BGR,Bulgarie,% GDP,family_allowances,cash,0.4,0
2009,BGR,Bulgarie,% GDP,family_allowances,cash,0.552,0
2010,BGR,Bulgarie,% GDP,family_allowances,cash,0.55,0
2011,BGR,Bulgarie,% GDP,family_allowances,cash,0.515,0
2012,BGR,Bulgarie,% GDP,family_allowances,cash,0.504,0
2013,BGR,Bulgarie,% GDP,family_allowances,cash,0.512,0
2014,BGR,Bulgarie,% GDP,family_allowances,cash,0.572,0
2015,BGR,Bulgarie,% GDP,family_allowances,cash,0.526,0
2016,BGR,Bulgarie,% GDP,family_allowances,cash,0.461,0
2017,BGR,Bulgarie,% GDP,family_allowances,cash,0.46,0
2018,BGR,Bulgarie,% GDP,family_allowances,cash,0.442,0
2019,BGR,Bulgarie,% GDP,family_allowances,cash,0.388,0
2020,BGR,Bulgarie,% GDP,family_allowances,cash,0.374,0
2021,BGR,Bulgarie,% GDP,family_allowances,cash,0.317,0
2008,HRV,Croatie,% GDP,family_allowances,cash,0.579,0
2009,HRV,Croatie,% GDP,family_allowances,cash,0.578,0
2010,HRV,Croatie,% GDP,family_allowances,cash,0.573,0
2011,HRV,Croatie,% GDP,family_allowances,cash,0.569,0
2012,HRV,Croatie,% GDP,family_allowances,cash,0.57,0
2013,HRV,Croatie,% GDP,family_allowances,cash,0.564,0
2014,HRV,Croatie,% GDP,family_allowances,cash,0.536,0
2015,HRV,Croatie,% GDP,family_allowances,cash,0.494,0
2016,HRV,Croatie,% GDP,family_allowances,cash,0.447,0
2017,HRV,Croatie,% GDP,family_allowances,cash,0.392,0
2018,HRV,Croatie,% GDP,family_allowances,cash,0.355,0
2019,HRV,Croatie,% GDP,family_allowances,cash,0.343,0
2020,HRV,Croatie,% GDP,family_allowances,cash,0.353,0
2021,HRV,Croatie,% GDP,family_allowances,cash,0.297,0
2000,ROU,Roumanie,% GDP,family_allowances,cash,0.636,0
2001,ROU,Roumanie,% GDP,family_allowances,cash,0.724,0
2002,ROU,Roumanie,% GDP,family_allowances,cash,0.649,0
2003,ROU,Roumanie,% GDP,family_allowances,cash,0.647,0
2004,ROU,Roumanie,% GDP,family_allowances,cash,0.608,0
2005,ROU,Roumanie,% GDP,family_allowances,cash,0.592,0
2006,ROU,Roumanie,% GDP,family_allowances,cash,0.501,0
2007,ROU,Roumanie,% GDP,family_allowances,cash,0.596,0
2008,ROU,Roumanie,% GDP,family_allowances,cash,0.559,0
2009,ROU,Roumanie,% GDP,family_allowances,cash,0.655,0
2010,ROU,Roumanie,% GDP,family_allowances,cash,0.657,0
2011,ROU,Roumanie,% GDP,family_allowances,cash,0.521,0
2012,ROU,Roumanie,% GDP,family_allowances,cash,0.48,0
2013,ROU,Roumanie,% GDP,family_allowances,cash,0.464,0
2014,ROU,Roumanie,% GDP,family_allowances,cash,0.44,0
2015,ROU,Roumanie,% GDP,family_allowances,cash,0.572,0
2016,ROU,Roumanie,% GDP,family_allowances,cash,0.657,0
2017,ROU,Roumanie,% GDP,family_allowances,cash,0.575,0
2018,ROU,Roumanie,% GDP,family_allowances,cash,0.501,0
2019,ROU,Roumanie,% GDP,family_allowances,cash,0.635,0
2020,ROU,Roumanie,% GDP,family_allowances,cash,0.794,0
2021,ROU,Roumanie,% GDP,family_allowances,cash,0.907,0
1990,AUT,Autriche,% GDP,family_total,cash,2.19,0
1991,AUT,Autriche,% GDP,family_total,cash,2.167,0
1992,AUT,Autriche,% GDP,family_total,cash,2.393,0
1993,AUT,Autriche,% GDP,family_total,cash,2.55,0
1994,AUT,Autriche,% GDP,family_total,cash,2.875,0
1995,AUT,Autriche,% GDP,family_total,cash,2.84,0
1996,AUT,Autriche,% GDP,family_total,cash,2.714,0
1997,AUT,Autriche,% GDP,family_total,cash,2.515,0
1998,AUT,Autriche,% GDP,family_total,cash,2.343,0
1999,AUT,Autriche,% GDP,family_total,cash,2.44,0
2000,AUT,Autriche,% GDP,family_total,cash,2.533,0
2001,AUT,Autriche,% GDP,family_total,cash,2.459,0
2002,AUT,Autriche,% GDP,family_total,cash,2.501,0
2003,AUT,Autriche,% GDP,family_total,cash,2.599,0
2004,AUT,Autriche,% GDP,family_total,cash,2.557,0
2005,AUT,Autriche,% GDP,family_total,cash,2.477,0
2006,AUT,Autriche,% GDP,family_total,cash,2.363,0
2007,AUT,Autriche,% GDP,family_total,cash,2.227,0
2008,AUT,Autriche,% GDP,family_total,cash,2.269,0
2009,AUT,Autriche,% GDP,family_total,cash,2.389,0
2010,AUT,Autriche,% GDP,family_total,cash,2.337,0
2011,AUT,Autriche,% GDP,family_total,cash,2.082,0
2012,AUT,Autriche,% GDP,family_total,cash,2.014,0
2013,AUT,Autriche,% GDP,family_total,cash,2.007,0
2014,AUT,Autriche,% GDP,family_total,cash,1.943,0
2015,AUT,Autriche,% GDP,family_total,cash,1.966,0
2016,AUT,Autriche,% GDP,family_total,cash,1.934,0
2017,AUT,Autriche,% GDP,family_total,cash,1.896,0
2018,AUT,Autriche,% GDP,family_total,cash,1.843,0
2019,AUT,Autriche,% GDP,family_total,cash,1.781,0
2020,AUT,Autriche,% GDP,family_total,cash,2.051,0
2021,AUT,Autriche,% GDP,family_total,cash,1.781,0
1990,BEL,Belgique,% GDP,family_total,cash,2.109,0
1991,BEL,Belgique,% GDP,family_total,cash,2.111,0
1992,BEL,Belgique,% GDP,family_total,cash,2.109,0
1993,BEL,Belgique,% GDP,family_total,cash,2.141,0
1994,BEL,Belgique,% GDP,family_total,cash,2.062,0
1995,BEL,Belgique,% GDP,family_total,cash,2.042,0
1996,BEL,Belgique,% GDP,family_total,cash,2.046,0
1997,BEL,Belgique,% GDP,family_total,cash,2.159,0
1998,BEL,Belgique,% GDP,family_total,cash,1.943,0
1999,BEL,Belgique,% GDP,family_total,cash,1.877,0
2000,BEL,Belgique,% GDP,family_total,cash,1.743,0
2001,BEL,Belgique,% GDP,family_total,cash,1.745,0
2002,BEL,Belgique,% GDP,family_total,cash,1.732,0
2003,BEL,Belgique,% GDP,family_total,cash,1.755,0
2004,BEL,Belgique,% GDP,family_total,cash,1.706,0
2005,BEL,Belgique,% GDP,family_total,cash,1.678,0
2006,BEL,Belgique,% GDP,family_total,cash,1.668,0
2007,BEL,Belgique,% GDP,family_total,cash,1.711,0
2008,BEL,Belgique,% GDP,family_total,cash,1.711,0
2009,BEL,Belgique,% GDP,family_total,cash,1.816,0
2010,BEL,Belgique,% GDP,family_total,cash,1.783,0
2011,BEL,Belgique,% GDP,family_total,cash,1.787,0
2012,BEL,Belgique,% GDP,family_total,cash,1.817,0
2013,BEL,Belgique,% GDP,family_total,cash,1.82,0
2014,BEL,Belgique,% GDP,family_total,cash,1.815,0
2015,BEL,Belgique,% GDP,family_total,cash,1.763,0
2016,BEL,Belgique,% GDP,family_total,cash,1.729,0
2017,BEL,Belgique,% GDP,family_total,cash,1.724,0
2018,BEL,Belgique,% GDP,family_total,cash,1.697,0
2019,BEL,Belgique,% GDP,family_total,cash,1.66,0
2020,BEL,Belgique,% GDP,family_total,cash,1.781,0
2021,BEL,Belgique,% GDP,family_total,cash,1.654,0
1990,DNK,Danemark,% GDP,family_total,cash,1.384,0
1991,DNK,Danemark,% GDP,family_total,cash,1.394,0
1992,DNK,Danemark,% GDP,family_total,cash,1.427,0
1993,DNK,Danemark,% GDP,family_total,cash,1.498,0
1994,DNK,Danemark,% GDP,family_total,cash,1.753,0
1995,DNK,Danemark,% GDP,family_total,cash,1.811,0
1996,DNK,Danemark,% GDP,family_total,cash,1.674,0
1997,DNK,Danemark,% GDP,family_total,cash,1.544,0
1998,DNK,Danemark,% GDP,family_total,cash,1.522,0
1999,DNK,Danemark,% GDP,family_total,cash,1.503,0
2000,DNK,Danemark,% GDP,family_total,cash,1.455,0
2001,DNK,Danemark,% GDP,family_total,cash,1.454,0
2002,DNK,Danemark,% GDP,family_total,cash,1.491,0
2003,DNK,Danemark,% GDP,family_total,cash,1.584,0
2004,DNK,Danemark,% GDP,family_total,cash,1.564,0
2005,DNK,Danemark,% GDP,family_total,cash,1.507,0
2006,DNK,Danemark,% GDP,family_total,cash,1.45,0
2007,DNK,Danemark,% GDP,family_total,cash,1.483,0
2008,DNK,Danemark,% GDP,family_total,cash,1.482,0
2009,DNK,Danemark,% GDP,family_total,cash,1.613,0
2010,DNK,Danemark,% GDP,family_total,cash,1.561,0
2011,DNK,Danemark,% GDP,family_total,cash,1.5,0
2012,DNK,Danemark,% GDP,family_total,cash,1.417,0
2013,DNK,Danemark,% GDP,family_total,cash,1.395,0
2014,DNK,Danemark,% GDP,family_total,cash,1.378,0
2015,DNK,Danemark,% GDP,family_total,cash,1.357,0
2016,DNK,Danemark,% GDP,family_total,cash,1.358,0
2017,DNK,Danemark,% GDP,family_total,cash,1.314,0
2018,DNK,Danemark,% GDP,family_total,cash,1.299,0
2019,DNK,Danemark,% GDP,family_total,cash,1.273,0
2020,DNK,Danemark,% GDP,family_total,cash,1.307,0
2021,DNK,Danemark,% GDP,family_total,cash,1.187,0
1999,EST,Estonie,% GDP,family_total,cash,1.523,0
2000,EST,Estonie,% GDP,family_total,cash,1.52,0
2001,EST,Estonie,% GDP,family_total,cash,1.354,0
2002,EST,Estonie,% GDP,family_total,cash,1.3,0
2003,EST,Estonie,% GDP,family_total,cash,1.169,0
2004,EST,Estonie,% GDP,family_total,cash,1.551,0
2005,EST,Estonie,% GDP,family_total,cash,1.412,0
2006,EST,Estonie,% GDP,family_total,cash,2.745,0
2007,EST,Estonie,% GDP,family_total,cash,1.293,0
2008,EST,Estonie,% GDP,family_total,cash,1.651,0
2009,EST,Estonie,% GDP,family_total,cash,2.131,0
2010,EST,Estonie,% GDP,family_total,cash,2.135,0
2011,EST,Estonie,% GDP,family_total,cash,1.841,0
2012,EST,Estonie,% GDP,family_total,cash,1.627,0
2013,EST,Estonie,% GDP,family_total,cash,1.548,0
2014,EST,Estonie,% GDP,family_total,cash,1.529,0
2015,EST,Estonie,% GDP,family_total,cash,1.951,0
2016,EST,Estonie,% GDP,family_total,cash,2.05,0
2017,EST,Estonie,% GDP,family_total,cash,1.978,0
2018,EST,Estonie,% GDP,family_total,cash,2.237,0
2019,EST,Estonie,% GDP,family_total,cash,2.258,0
2020,EST,Estonie,% GDP,family_total,cash,2.346,0
2021,EST,Estonie,% GDP,family_total,cash,2.117,0
1990,FIN,Finlande,% GDP,family_total,cash,1.814,0
1991,FIN,Finlande,% GDP,family_total,cash,2.207,0
1992,FIN,Finlande,% GDP,family_total,cash,2.567,0
1993,FIN,Finlande,% GDP,family_total,cash,2.481,0
1994,FIN,Finlande,% GDP,family_total,cash,2.972,0
1995,FIN,Finlande,% GDP,family_total,cash,2.625,0
1996,FIN,Finlande,% GDP,family_total,cash,2.273,0
1997,FIN,Finlande,% GDP,family_total,cash,2.081,0
1998,FIN,Finlande,% GDP,family_total,cash,1.936,0
1999,FIN,Finlande,% GDP,family_total,cash,1.831,0
2000,FIN,Finlande,% GDP,family_total,cash,1.703,0
2001,FIN,Finlande,% GDP,family_total,cash,1.606,0
2002,FIN,Finlande,% GDP,family_total,cash,1.566,0
2003,FIN,Finlande,% GDP,family_total,cash,1.556,0
2004,FIN,Finlande,% GDP,family_total,cash,1.552,0
2005,FIN,Finlande,% GDP,family_total,cash,1.526,0
2006,FIN,Finlande,% GDP,family_total,cash,1.498,0
2007,FIN,Finlande,% GDP,family_total,cash,1.427,0
2008,FIN,Finlande,% GDP,family_total,cash,1.412,0
2009,FIN,Finlande,% GDP,family_total,cash,1.587,0
2010,FIN,Finlande,% GDP,family_total,cash,1.567,0
2011,FIN,Finlande,% GDP,family_total,cash,1.507,0
2012,FIN,Finlande,% GDP,family_total,cash,1.525,0
2013,FIN,Finlande,% GDP,family_total,cash,1.516,0
2014,FIN,Finlande,% GDP,family_total,cash,1.496,0
2015,FIN,Finlande,% GDP,family_total,cash,1.408,0
2016,FIN,Finlande,% GDP,family_total,cash,1.342,0
2017,FIN,Finlande,% GDP,family_total,cash,1.234,0
2018,FIN,Finlande,% GDP,family_total,cash,1.17,0
2019,FIN,Finlande,% GDP,family_total,cash,1.113,0
2020,FIN,Finlande,% GDP,family_total,cash,1.171,0
2021,FIN,Finlande,% GDP,family_total,cash,1.117,0
1990,FRA,France,% GDP,family_total,cash,1.444,0
1991,FRA,France,% GDP,family_total,cash,1.441,0
1992,FRA,France,% GDP,family_total,cash,1.44,0
1993,FRA,France,% GDP,family_total,cash,1.478,0
1994,FRA,France,% GDP,family_total,cash,1.478,0
1995,FRA,France,% GDP,family_total,cash,1.505,0
1996,FRA,France,% GDP,family_total,cash,1.549,0
1997,FRA,France,% GDP,family_total,cash,1.588,0
1998,FRA,France,% GDP,family_total,cash,1.5,0
1999,FRA,France,% GDP,family_total,cash,1.499,0
2000,FRA,France,% GDP,family_total,cash,1.441,0
2001,FRA,France,% GDP,family_total,cash,1.425,0
2002,FRA,France,% GDP,family_total,cash,1.435,0
2003,FRA,France,% GDP,family_total,cash,1.422,0
2004,FRA,France,% GDP,family_total,cash,1.375,0
2005,FRA,France,% GDP,family_total,cash,1.356,0
2006,FRA,France,% GDP,family_total,cash,1.694,0
2007,FRA,France,% GDP,family_total,cash,1.636,0
2008,FRA,France,% GDP,family_total,cash,1.602,0
2009,FRA,France,% GDP,family_total,cash,1.698,0
2010,FRA,France,% GDP,family_total,cash,1.61,0
2011,FRA,France,% GDP,family_total,cash,1.557,0
2012,FRA,France,% GDP,family_total,cash,1.575,0
2013,FRA,France,% GDP,family_total,cash,1.576,0
2014,FRA,France,% GDP,family_total,cash,1.565,0
2015,FRA,France,% GDP,family_total,cash,1.498,0
2016,FRA,France,% GDP,family_total,cash,1.46,0
2017,FRA,France,% GDP,family_total,cash,1.424,0
2018,FRA,France,% GDP,family_total,cash,1.391,0
2019,FRA,France,% GDP,family_total,cash,1.339,0
2020,FRA,France,% GDP,family_total,cash,1.509,0
2021,FRA,France,% GDP,family_total,cash,1.303,0
1990,DEU,Allemagne,% GDP,family_total,cash,1.352,0
1991,DEU,Allemagne,% GDP,family_total,cash,1.476,0
1992,DEU,Allemagne,% GDP,family_total,cash,1.475,0
1993,DEU,Allemagne,% GDP,family_total,cash,1.455,0
1994,DEU,Allemagne,% GDP,family_total,cash,1.372,0
1995,DEU,Allemagne,% GDP,family_total,cash,1.368,0
1996,DEU,Allemagne,% GDP,family_total,cash,1.273,0
1997,DEU,Allemagne,% GDP,family_total,cash,1.31,0
1998,DEU,Allemagne,% GDP,family_total,cash,1.308,0
1999,DEU,Allemagne,% GDP,family_total,cash,1.336,0
2000,DEU,Allemagne,% GDP,family_total,cash,1.358,0
2001,DEU,Allemagne,% GDP,family_total,cash,1.316,0
2002,DEU,Allemagne,% GDP,family_total,cash,1.369,0
2003,DEU,Allemagne,% GDP,family_total,cash,1.363,0
2004,DEU,Allemagne,% GDP,family_total,cash,1.337,0
2005,DEU,Allemagne,% GDP,family_total,cash,1.326,0
2006,DEU,Allemagne,% GDP,family_total,cash,1.029,0
2007,DEU,Allemagne,% GDP,family_total,cash,1.112,0
2008,DEU,Allemagne,% GDP,family_total,cash,1.129,0
2009,DEU,Allemagne,% GDP,family_total,cash,1.28,0
2010,DEU,Allemagne,% GDP,family_total,cash,1.243,0
2011,DEU,Allemagne,% GDP,family_total,cash,1.185,0
2012,DEU,Allemagne,% GDP,family_total,cash,1.157,0
2013,DEU,Allemagne,% GDP,family_total,cash,1.125,0
2014,DEU,Allemagne,% GDP,family_total,cash,1.112,0
2015,DEU,Allemagne,% GDP,family_total,cash,1.099,0
2016,DEU,Allemagne,% GDP,family_total,cash,1.068,0
2017,DEU,Allemagne,% GDP,family_total,cash,1.04,0
2018,DEU,Allemagne,% GDP,family_total,cash,1.06,0
2019,DEU,Allemagne,% GDP,family_total,cash,1.049,0
2020,DEU,Allemagne,% GDP,family_total,cash,1.286,0
2021,DEU,Allemagne,% GDP,family_total,cash,1.208,0
1990,GRC,Grèce,% GDP,family_total,cash,0.371,0
1991,GRC,Grèce,% GDP,family_total,cash,0.503,0
1992,GRC,Grèce,% GDP,family_total,cash,0.474,0
1993,GRC,Grèce,% GDP,family_total,cash,0.519,0
1994,GRC,Grèce,% GDP,family_total,cash,0.74,0
1995,GRC,Grèce,% GDP,family_total,cash,0.742,0
1996,GRC,Grèce,% GDP,family_total,cash,0.686,0
1997,GRC,Grèce,% GDP,family_total,cash,0.66,0
1998,GRC,Grèce,% GDP,family_total,cash,0.687,0
1999,GRC,Grèce,% GDP,family_total,cash,0.618,0
2000,GRC,Grèce,% GDP,family_total,cash,0.815,0
2001,GRC,Grèce,% GDP,family_total,cash,0.759,0
2002,GRC,Grèce,% GDP,family_total,cash,0.727,0
2003,GRC,Grèce,% GDP,family_total,cash,0.759,0
2004,GRC,Grèce,% GDP,family_total,cash,0.774,0
2005,GRC,Grèce,% GDP,family_total,cash,0.772,0
2006,GRC,Grèce,% GDP,family_total,cash,0.734,0
2007,GRC,Grèce,% GDP,family_total,cash,0.827,0
2008,GRC,Grèce,% GDP,family_total,cash,0.822,0
2009,GRC,Grèce,% GDP,family_total,cash,0.918,0
2010,GRC,Grèce,% GDP,family_total,cash,0.915,0
2011,GRC,Grèce,% GDP,family_total,cash,0.944,0
2012,GRC,Grèce,% GDP,family_total,cash,0.858,0
2013,GRC,Grèce,% GDP,family_total,cash,0.986,0
2014,GRC,Grèce,% GDP,family_total,cash,1.017,0
2015,GRC,Grèce,% GDP,family_total,cash,0.932,0
2016,GRC,Grèce,% GDP,family_total,cash,0.925,0
2017,GRC,Grèce,% GDP,family_total,cash,1.322,0
2018,GRC,Grèce,% GDP,family_total,cash,1.527,0
2019,GRC,Grèce,% GDP,family_total,cash,1.204,0
2020,GRC,Grèce,% GDP,family_total,cash,1.316,0
2021,GRC,Grèce,% GDP,family_total,cash,1.331,0
1999,HUN,Hongrie,% GDP,family_total,cash,1.968,0
2000,HUN,Hongrie,% GDP,family_total,cash,1.879,0
2001,HUN,Hongrie,% GDP,family_total,cash,1.788,0
2002,HUN,Hongrie,% GDP,family_total,cash,1.788,0
2003,HUN,Hongrie,% GDP,family_total,cash,1.974,0
2004,HUN,Hongrie,% GDP,family_total,cash,1.779,0
2005,HUN,Hongrie,% GDP,family_total,cash,1.796,0
2006,HUN,Hongrie,% GDP,family_total,cash,2.077,0
2007,HUN,Hongrie,% GDP,family_total,cash,2.129,0
2008,HUN,Hongrie,% GDP,family_total,cash,2.162,0
2009,HUN,Hongrie,% GDP,family_total,cash,2.273,0
2010,HUN,Hongrie,% GDP,family_total,cash,2.193,0
2011,HUN,Hongrie,% GDP,family_total,cash,2.056,0
2012,HUN,Hongrie,% GDP,family_total,cash,2.005,0
2013,HUN,Hongrie,% GDP,family_total,cash,1.89,0
2014,HUN,Hongrie,% GDP,family_total,cash,1.732,0
2015,HUN,Hongrie,% GDP,family_total,cash,1.568,0
2016,HUN,Hongrie,% GDP,family_total,cash,1.55,0
2017,HUN,Hongrie,% GDP,family_total,cash,1.493,0
2018,HUN,Hongrie,% GDP,family_total,cash,1.409,0
2019,HUN,Hongrie,% GDP,family_total,cash,1.346,0
2020,HUN,Hongrie,% GDP,family_total,cash,1.471,0
2021,HUN,Hongrie,% GDP,family_total,cash,1.319,0
1990,ISL,Islande,% GDP,family_total,cash,1.704,0
1991,ISL,Islande,% GDP,family_total,cash,1.707,0
1992,ISL,Islande,% GDP,family_total,cash,1.65,0
1993,ISL,Islande,% GDP,family_total,cash,1.572,0
1994,ISL,Islande,% GDP,family_total,cash,1.474,0
1995,ISL,Islande,% GDP,family_total,cash,1.446,0
1996,ISL,Islande,% GDP,family_total,cash,1.478,0
1997,ISL,Islande,% GDP,family_total,cash,1.349,0
1998,ISL,Islande,% GDP,family_total,cash,1.175,0
1999,ISL,Islande,% GDP,family_total,cash,1.109,0
2000,ISL,Islande,% GDP,family_total,cash,0.993,0
2001,ISL,Islande,% GDP,family_total,cash,1.106,0
2002,ISL,Islande,% GDP,family_total,cash,1.221,0
2003,ISL,Islande,% GDP,family_total,cash,1.397,0
2004,ISL,Islande,% GDP,family_total,cash,1.357,0
2005,ISL,Islande,% GDP,family_total,cash,1.217,0
2006,ISL,Islande,% GDP,family_total,cash,1.155,0
2007,ISL,Islande,% GDP,family_total,cash,1.328,0
2008,ISL,Islande,% GDP,family_total,cash,1.344,0
2009,ISL,Islande,% GDP,family_total,cash,1.454,0
2010,ISL,Islande,% GDP,family_total,cash,1.351,0
2011,ISL,Islande,% GDP,family_total,cash,1.13,0
2012,ISL,Islande,% GDP,family_total,cash,1.032,0
2013,ISL,Islande,% GDP,family_total,cash,1.14,0
2014,ISL,Islande,% GDP,family_total,cash,1.047,0
2015,ISL,Islande,% GDP,family_total,cash,0.985,0
2016,ISL,Islande,% GDP,family_total,cash,0.883,0
2017,ISL,Islande,% GDP,family_total,cash,0.904,0
2018,ISL,Islande,% GDP,family_total,cash,0.94,0
2019,ISL,Islande,% GDP,family_total,cash,1.032,0
2020,ISL,Islande,% GDP,family_total,cash,1.25,0
2021,ISL,Islande,% GDP,family_total,cash,1.222,0
1990,IRL,Irlande,% GDP,family_total,cash,1.873,0
1991,IRL,Irlande,% GDP,family_total,cash,1.972,0
1992,IRL,Irlande,% GDP,family_total,cash,2.042,0
1993,IRL,Irlande,% GDP,family_total,cash,2.012,0
1994,IRL,Irlande,% GDP,family_total,cash,2.046,0
1995,IRL,Irlande,% GDP,family_total,cash,1.966,0
1996,IRL,Irlande,% GDP,family_total,cash,2.024,0
1997,IRL,Irlande,% GDP,family_total,cash,1.916,0
1998,IRL,Irlande,% GDP,family_total,cash,1.708,0
1999,IRL,Irlande,% GDP,family_total,cash,1.679,0
2000,IRL,Irlande,% GDP,family_total,cash,1.516,0
2001,IRL,Irlande,% GDP,family_total,cash,1.716,0
2002,IRL,Irlande,% GDP,family_total,cash,2.031,0
2003,IRL,Irlande,% GDP,family_total,cash,2.112,0
2004,IRL,Irlande,% GDP,family_total,cash,2.074,0
2005,IRL,Irlande,% GDP,family_total,cash,2.045,0
2006,IRL,Irlande,% GDP,family_total,cash,2.071,0
2007,IRL,Irlande,% GDP,family_total,cash,2.144,0
2008,IRL,Irlande,% GDP,family_total,cash,2.526,0
2009,IRL,Irlande,% GDP,family_total,cash,2.919,0
2010,IRL,Irlande,% GDP,family_total,cash,2.586,0
2011,IRL,Irlande,% GDP,family_total,cash,2.417,0
2012,IRL,Irlande,% GDP,family_total,cash,2.335,0
2013,IRL,Irlande,% GDP,family_total,cash,2.127,0
2014,IRL,Irlande,% GDP,family_total,cash,1.893,0
2015,IRL,Irlande,% GDP,family_total,cash,1.385,0
2016,IRL,Irlande,% GDP,family_total,cash,1.373,0
2017,IRL,Irlande,% GDP,family_total,cash,1.242,0
2018,IRL,Irlande,% GDP,family_total,cash,1.159,0
2019,IRL,Irlande,% GDP,family_total,cash,1.071,0
2020,IRL,Irlande,% GDP,family_total,cash,1.021,0
2021,IRL,Irlande,% GDP,family_total,cash,0.877,0
1990,ITA,Italie,% GDP,family_total,cash,0.643,0
1991,ITA,Italie,% GDP,family_total,cash,0.499,0
1992,ITA,Italie,% GDP,family_total,cash,0.491,0
1993,ITA,Italie,% GDP,family_total,cash,0.452,0
1994,ITA,Italie,% GDP,family_total,cash,0.418,0
1995,ITA,Italie,% GDP,family_total,cash,0.441,0
1996,ITA,Italie,% GDP,family_total,cash,0.47,0
1997,ITA,Italie,% GDP,family_total,cash,0.519,0
1998,ITA,Italie,% GDP,family_total,cash,0.541,0
1999,ITA,Italie,% GDP,family_total,cash,0.619,0
2000,ITA,Italie,% GDP,family_total,cash,0.6,0
2001,ITA,Italie,% GDP,family_total,cash,0.618,0
2002,ITA,Italie,% GDP,family_total,cash,0.585,0
2003,ITA,Italie,% GDP,family_total,cash,0.613,0
2004,ITA,Italie,% GDP,family_total,cash,0.619,0
2005,ITA,Italie,% GDP,family_total,cash,0.596,0
2006,ITA,Italie,% GDP,family_total,cash,0.624,0
2007,ITA,Italie,% GDP,family_total,cash,0.633,0
2008,ITA,Italie,% GDP,family_total,cash,0.649,0
2009,ITA,Italie,% GDP,family_total,cash,0.788,0
2010,ITA,Italie,% GDP,family_total,cash,0.658,0
2011,ITA,Italie,% GDP,family_total,cash,0.682,0
2012,ITA,Italie,% GDP,family_total,cash,0.721,0
2013,ITA,Italie,% GDP,family_total,cash,0.751,0
2014,ITA,Italie,% GDP,family_total,cash,0.74,0
2015,ITA,Italie,% GDP,family_total,cash,0.72,0
2016,ITA,Italie,% GDP,family_total,cash,0.743,0
2017,ITA,Italie,% GDP,family_total,cash,0.769,0
2018,ITA,Italie,% GDP,family_total,cash,0.762,0
2019,ITA,Italie,% GDP,family_total,cash,0.756,0
2020,ITA,Italie,% GDP,family_total,cash,0.851,0
2021,ITA,Italie,% GDP,family_total,cash,0.837,0
1997,LVA,Lettonie,% GDP,family_total,cash,1.245,0
1998,LVA,Lettonie,% GDP,family_total,cash,1.267,0
1999,LVA,Lettonie,% GDP,family_total,cash,1.345,0
2000,LVA,Lettonie,% GDP,family_total,cash,1.252,0
2001,LVA,Lettonie,% GDP,family_total,cash,1.196,0
2002,LVA,Lettonie,% GDP,family_total,cash,1.107,0
2003,LVA,Lettonie,% GDP,family_total,cash,1.138,0
2004,LVA,Lettonie,% GDP,family_total,cash,1.046,0
2005,LVA,Lettonie,% GDP,family_total,cash,1.067,0
2006,LVA,Lettonie,% GDP,family_total,cash,0.971,0
2007,LVA,Lettonie,% GDP,family_total,cash,0.944,0
2008,LVA,Lettonie,% GDP,family_total,cash,1.141,0
2009,LVA,Lettonie,% GDP,family_total,cash,1.481,0
2010,LVA,Lettonie,% GDP,family_total,cash,1.281,0
2011,LVA,Lettonie,% GDP,family_total,cash,0.937,0
2012,LVA,Lettonie,% GDP,family_total,cash,0.808,0
2013,LVA,Lettonie,% GDP,family_total,cash,0.967,0
2014,LVA,Lettonie,% GDP,family_total,cash,1.06,0
2015,LVA,Lettonie,% GDP,family_total,cash,1.309,0
2016,LVA,Lettonie,% GDP,family_total,cash,1.403,0
2017,LVA,Lettonie,% GDP,family_total,cash,1.389,0
2018,LVA,Lettonie,% GDP,family_total,cash,1.438,0
2019,LVA,Lettonie,% GDP,family_total,cash,1.422,0
2020,LVA,Lettonie,% GDP,family_total,cash,1.494,0
2021,LVA,Lettonie,% GDP,family_total,cash,1.957,0
1996,LTU,Lituanie,% GDP,family_total,cash,0.613,0
1997,LTU,Lituanie,% GDP,family_total,cash,0.673,0
1998,LTU,Lituanie,% GDP,family_total,cash,0.876,0
1999,LTU,Lituanie,% GDP,family_total,cash,0.989,0
2000,LTU,Lituanie,% GDP,family_total,cash,0.938,0
2001,LTU,Lituanie,% GDP,family_total,cash,0.807,0
2002,LTU,Lituanie,% GDP,family_total,cash,0.733,0
2003,LTU,Lituanie,% GDP,family_total,cash,0.667,0
2004,LTU,Lituanie,% GDP,family_total,cash,0.716,0
2005,LTU,Lituanie,% GDP,family_total,cash,0.748,0
2006,LTU,Lituanie,% GDP,family_total,cash,0.719,0
2007,LTU,Lituanie,% GDP,family_total,cash,0.801,0
2008,LTU,Lituanie,% GDP,family_total,cash,1.44,0
2009,LTU,Lituanie,% GDP,family_total,cash,2.278,0
2010,LTU,Lituanie,% GDP,family_total,cash,1.788,0
2011,LTU,Lituanie,% GDP,family_total,cash,1.294,0
2012,LTU,Lituanie,% GDP,family_total,cash,1.005,0
2013,LTU,Lituanie,% GDP,family_total,cash,0.803,0
2014,LTU,Lituanie,% GDP,family_total,cash,0.775,0
2015,LTU,Lituanie,% GDP,family_total,cash,0.795,0
2016,LTU,Lituanie,% GDP,family_total,cash,0.819,0
2017,LTU,Lituanie,% GDP,family_total,cash,0.862,0
2018,LTU,Lituanie,% GDP,family_total,cash,1.224,0
2019,LTU,Lituanie,% GDP,family_total,cash,1.46,0
2020,LTU,Lituanie,% GDP,family_total,cash,1.802,0
2021,LTU,Lituanie,% GDP,family_total,cash,1.626,0
1990,LUX,Luxembourg,% GDP,family_total,cash,1.644,0
1991,LUX,Luxembourg,% GDP,family_total,cash,1.648,0
1992,LUX,Luxembourg,% GDP,family_total,cash,1.697,0
1993,LUX,Luxembourg,% GDP,family_total,cash,2.019,0
1994,LUX,Luxembourg,% GDP,family_total,cash,2.147,0
1995,LUX,Luxembourg,% GDP,family_total,cash,2.182,0
1996,LUX,Luxembourg,% GDP,family_total,cash,2.168,0
1997,LUX,Luxembourg,% GDP,family_total,cash,2.11,0
1998,LUX,Luxembourg,% GDP,family_total,cash,2.357,0
1999,LUX,Luxembourg,% GDP,family_total,cash,2.472,0
2000,LUX,Luxembourg,% GDP,family_total,cash,2.537,0
2001,LUX,Luxembourg,% GDP,family_total,cash,2.588,0
2002,LUX,Luxembourg,% GDP,family_total,cash,2.857,0
2003,LUX,Luxembourg,% GDP,family_total,cash,3.234,0
2004,LUX,Luxembourg,% GDP,family_total,cash,3.151,0
2005,LUX,Luxembourg,% GDP,family_total,cash,3.05,0
2006,LUX,Luxembourg,% GDP,family_total,cash,2.835,0
2007,LUX,Luxembourg,% GDP,family_total,cash,2.657,0
2008,LUX,Luxembourg,% GDP,family_total,cash,3.228,0
2009,LUX,Luxembourg,% GDP,family_total,cash,3.367,0
2010,LUX,Luxembourg,% GDP,family_total,cash,3.128,0
2011,LUX,Luxembourg,% GDP,family_total,cash,2.832,0
2012,LUX,Luxembourg,% GDP,family_total,cash,2.71,0
2013,LUX,Luxembourg,% GDP,family_total,cash,2.589,0
2014,LUX,Luxembourg,% GDP,family_total,cash,2.518,0
2015,LUX,Luxembourg,% GDP,family_total,cash,2.421,0
2016,LUX,Luxembourg,% GDP,family_total,cash,2.293,0
2017,LUX,Luxembourg,% GDP,family_total,cash,2.309,0
2018,LUX,Luxembourg,% GDP,family_total,cash,2.351,0
2019,LUX,Luxembourg,% GDP,family_total,cash,2.327,0
2020,LUX,Luxembourg,% GDP,family_total,cash,2.666,0
2021,LUX,Luxembourg,% GDP,family_total,cash,2.151,0
1990,NLD,Pays-Bas,% GDP,family_total,cash,1.079,0
1991,NLD,Pays-Bas,% GDP,family_total,cash,1.064,0
1992,NLD,Pays-Bas,% GDP,family_total,cash,1.072,0
1993,NLD,Pays-Bas,% GDP,family_total,cash,1.051,0
1994,NLD,Pays-Bas,% GDP,family_total,cash,1.016,0
1995,NLD,Pays-Bas,% GDP,family_total,cash,0.926,0
1996,NLD,Pays-Bas,% GDP,family_total,cash,0.864,0
1997,NLD,Pays-Bas,% GDP,family_total,cash,0.79,0
1998,NLD,Pays-Bas,% GDP,family_total,cash,0.748,0
1999,NLD,Pays-Bas,% GDP,family_total,cash,0.695,0
2000,NLD,Pays-Bas,% GDP,family_total,cash,0.664,0
2001,NLD,Pays-Bas,% GDP,family_total,cash,0.639,0
2002,NLD,Pays-Bas,% GDP,family_total,cash,0.64,0
2003,NLD,Pays-Bas,% GDP,family_total,cash,0.642,0
2004,NLD,Pays-Bas,% GDP,family_total,cash,0.634,0
2005,NLD,Pays-Bas,% GDP,family_total,cash,0.604,0
2006,NLD,Pays-Bas,% GDP,family_total,cash,0.582,0
2007,NLD,Pays-Bas,% GDP,family_total,cash,0.563,0
2008,NLD,Pays-Bas,% GDP,family_total,cash,0.671,0
2009,NLD,Pays-Bas,% GDP,family_total,cash,0.715,0
2010,NLD,Pays-Bas,% GDP,family_total,cash,0.69,0
2011,NLD,Pays-Bas,% GDP,family_total,cash,0.68,0
2012,NLD,Pays-Bas,% GDP,family_total,cash,0.652,0
2013,NLD,Pays-Bas,% GDP,family_total,cash,0.643,0
2014,NLD,Pays-Bas,% GDP,family_total,cash,0.633,0
2015,NLD,Pays-Bas,% GDP,family_total,cash,0.736,0
2016,NLD,Pays-Bas,% GDP,family_total,cash,0.738,0
2017,NLD,Pays-Bas,% GDP,family_total,cash,0.709,0
2018,NLD,Pays-Bas,% GDP,family_total,cash,0.681,0
2019,NLD,Pays-Bas,% GDP,family_total,cash,0.707,0
2020,NLD,Pays-Bas,% GDP,family_total,cash,0.802,0
2021,NLD,Pays-Bas,% GDP,family_total,cash,0.733,0
1990,NOR,Norvège,% GDP,family_total,cash,1.838,0
1991,NOR,Norvège,% GDP,family_total,cash,2.032,0
1992,NOR,Norvège,% GDP,family_total,cash,2.215,0
1993,NOR,Norvège,% GDP,family_total,cash,2.215,0
1994,NOR,Norvège,% GDP,family_total,cash,2.268,0
1995,NOR,Norvège,% GDP,family_total,cash,2.177,0
1996,NOR,Norvège,% GDP,family_total,cash,2.1,0
1997,NOR,Norvège,% GDP,family_total,cash,2.02,0
1998,NOR,Norvège,% GDP,family_total,cash,2.138,0
1999,NOR,Norvège,% GDP,family_total,cash,2.122,0
2000,NOR,Norvège,% GDP,family_total,cash,1.821,0
2001,NOR,Norvège,% GDP,family_total,cash,1.887,0
2002,NOR,Norvège,% GDP,family_total,cash,1.901,0
2003,NOR,Norvège,% GDP,family_total,cash,1.854,0
2004,NOR,Norvège,% GDP,family_total,cash,1.707,0
2005,NOR,Norvège,% GDP,family_total,cash,1.539,0
2006,NOR,Norvège,% GDP,family_total,cash,1.375,0
2007,NOR,Norvège,% GDP,family_total,cash,1.313,0
2008,NOR,Norvège,% GDP,family_total,cash,1.316,0
2009,NOR,Norvège,% GDP,family_total,cash,1.486,0
2010,NOR,Norvège,% GDP,family_total,cash,1.432,0
2011,NOR,Norvège,% GDP,family_total,cash,1.364,0
2012,NOR,Norvège,% GDP,family_total,cash,1.315,0
2013,NOR,Norvège,% GDP,family_total,cash,1.294,0
2014,NOR,Norvège,% GDP,family_total,cash,1.307,0
2015,NOR,Norvège,% GDP,family_total,cash,1.353,0
2016,NOR,Norvège,% GDP,family_total,cash,1.347,0
2017,NOR,Norvège,% GDP,family_total,cash,1.263,0
2018,NOR,Norvège,% GDP,family_total,cash,1.17,0
2019,NOR,Norvège,% GDP,family_total,cash,1.214,0
2020,NOR,Norvège,% GDP,family_total,cash,1.346,0
2021,NOR,Norvège,% GDP,family_total,cash,1.108,0
1990,POL,Pologne,% GDP,family_total,cash,1.639,0
1991,POL,Pologne,% GDP,family_total,cash,2.193,0
1992,POL,Pologne,% GDP,family_total,cash,2.134,0
1993,POL,Pologne,% GDP,family_total,cash,1.768,0
1994,POL,Pologne,% GDP,family_total,cash,1.418,0
1995,POL,Pologne,% GDP,family_total,cash,1.031,0
1996,POL,Pologne,% GDP,family_total,cash,0.921,0
1997,POL,Pologne,% GDP,family_total,cash,0.875,0
1998,POL,Pologne,% GDP,family_total,cash,0.849,0
1999,POL,Pologne,% GDP,family_total,cash,0.85,0
2000,POL,Pologne,% GDP,family_total,cash,0.944,0
2001,POL,Pologne,% GDP,family_total,cash,0.972,0
2002,POL,Pologne,% GDP,family_total,cash,0.963,0
2003,POL,Pologne,% GDP,family_total,cash,0.883,0
2004,POL,Pologne,% GDP,family_total,cash,0.894,0
2005,POL,Pologne,% GDP,family_total,cash,0.847,0
2006,POL,Pologne,% GDP,family_total,cash,0.824,0
2007,POL,Pologne,% GDP,family_total,cash,0.8,0
2008,POL,Pologne,% GDP,family_total,cash,0.738,0
2009,POL,Pologne,% GDP,family_total,cash,0.746,0
2010,POL,Pologne,% GDP,family_total,cash,0.784,0
2011,POL,Pologne,% GDP,family_total,cash,0.71,0
2012,POL,Pologne,% GDP,family_total,cash,0.672,0
2013,POL,Pologne,% GDP,family_total,cash,0.706,0
2014,POL,Pologne,% GDP,family_total,cash,0.656,0
2015,POL,Pologne,% GDP,family_total,cash,0.803,0
2016,POL,Pologne,% GDP,family_total,cash,1.793,0
2017,POL,Pologne,% GDP,family_total,cash,1.997,0
2018,POL,Pologne,% GDP,family_total,cash,1.828,0
2019,POL,Pologne,% GDP,family_total,cash,2.279,0
2020,POL,Pologne,% GDP,family_total,cash,2.912,0
2021,POL,Pologne,% GDP,family_total,cash,2.521,0
1990,PRT,Portugal,% GDP,family_total,cash,0.599,0
1991,PRT,Portugal,% GDP,family_total,cash,0.649,0
1992,PRT,Portugal,% GDP,family_total,cash,0.639,0
1993,PRT,Portugal,% GDP,family_total,cash,0.652,0
1994,PRT,Portugal,% GDP,family_total,cash,0.613,0
1995,PRT,Portugal,% GDP,family_total,cash,0.608,0
1996,PRT,Portugal,% GDP,family_total,cash,0.596,0
1997,PRT,Portugal,% GDP,family_total,cash,0.587,0
1998,PRT,Portugal,% GDP,family_total,cash,0.587,0
1999,PRT,Portugal,% GDP,family_total,cash,0.571,0
2000,PRT,Portugal,% GDP,family_total,cash,0.589,0
2001,PRT,Portugal,% GDP,family_total,cash,0.593,0
2002,PRT,Portugal,% GDP,family_total,cash,0.621,0
2003,PRT,Portugal,% GDP,family_total,cash,0.65,0
2004,PRT,Portugal,% GDP,family_total,cash,0.705,0
2005,PRT,Portugal,% GDP,family_total,cash,0.73,0
2006,PRT,Portugal,% GDP,family_total,cash,0.728,0
2007,PRT,Portugal,% GDP,family_total,cash,0.73,0
2008,PRT,Portugal,% GDP,family_total,cash,0.808,0
2009,PRT,Portugal,% GDP,family_total,cash,0.993,0
2010,PRT,Portugal,% GDP,family_total,cash,0.928,0
2011,PRT,Portugal,% GDP,family_total,cash,0.773,0
2012,PRT,Portugal,% GDP,family_total,cash,0.782,0
2013,PRT,Portugal,% GDP,family_total,cash,0.745,0
2014,PRT,Portugal,% GDP,family_total,cash,0.73,0
2015,PRT,Portugal,% GDP,family_total,cash,0.738,0
2016,PRT,Portugal,% GDP,family_total,cash,0.768,0
2017,PRT,Portugal,% GDP,family_total,cash,0.759,0
2018,PRT,Portugal,% GDP,family_total,cash,0.793,0
2019,PRT,Portugal,% GDP,family_total,cash,0.826,0
2020,PRT,Portugal,% GDP,family_total,cash,0.964,0
2021,PRT,Portugal,% GDP,family_total,cash,0.878,0
1995,SVK,République slovaque,% GDP,family_total,cash,2.269,0
1996,SVK,République slovaque,% GDP,family_total,cash,2.08,0
1997,SVK,République slovaque,% GDP,family_total,cash,1.958,0
1998,SVK,République slovaque,% GDP,family_total,cash,1.957,0
1999,SVK,République slovaque,% GDP,family_total,cash,1.755,0
2000,SVK,République slovaque,% GDP,family_total,cash,1.528,0
2001,SVK,République slovaque,% GDP,family_total,cash,1.366,0
2002,SVK,République slovaque,% GDP,family_total,cash,1.336,0
2003,SVK,République slovaque,% GDP,family_total,cash,1.302,0
2004,SVK,République slovaque,% GDP,family_total,cash,1.553,0
2005,SVK,République slovaque,% GDP,family_total,cash,1.127,0
2006,SVK,République slovaque,% GDP,family_total,cash,1.04,0
2007,SVK,République slovaque,% GDP,family_total,cash,0.978,0
2008,SVK,République slovaque,% GDP,family_total,cash,0.931,0
2009,SVK,République slovaque,% GDP,family_total,cash,1.132,0
2010,SVK,République slovaque,% GDP,family_total,cash,1.168,0
2011,SVK,République slovaque,% GDP,family_total,cash,1.2,0
2012,SVK,République slovaque,% GDP,family_total,cash,1.192,0
2013,SVK,République slovaque,% GDP,family_total,cash,1.181,0
2014,SVK,République slovaque,% GDP,family_total,cash,1.146,0
2015,SVK,République slovaque,% GDP,family_total,cash,1.092,0
2016,SVK,République slovaque,% GDP,family_total,cash,1.098,0
2017,SVK,République slovaque,% GDP,family_total,cash,1.116,0
2018,SVK,République slovaque,% GDP,family_total,cash,1.044,0
2019,SVK,République slovaque,% GDP,family_total,cash,1.127,0
2020,SVK,République slovaque,% GDP,family_total,cash,1.344,0
2021,SVK,République slovaque,% GDP,family_total,cash,1.456,0
1996,SVN,Slovénie,% GDP,family_total,cash,1.249,0
1997,SVN,Slovénie,% GDP,family_total,cash,1.288,0
1998,SVN,Slovénie,% GDP,family_total,cash,1.241,0
1999,SVN,Slovénie,% GDP,family_total,cash,1.377,0
2000,SVN,Slovénie,% GDP,family_total,cash,1.511,0
2001,SVN,Slovénie,% GDP,family_total,cash,1.482,0
2002,SVN,Slovénie,% GDP,family_total,cash,1.418,0
2003,SVN,Slovénie,% GDP,family_total,cash,1.381,0
2004,SVN,Slovénie,% GDP,family_total,cash,1.376,0
2005,SVN,Slovénie,% GDP,family_total,cash,1.356,0
2006,SVN,Slovénie,% GDP,family_total,cash,1.343,0
2007,SVN,Slovénie,% GDP,family_total,cash,1.205,0
2008,SVN,Slovénie,% GDP,family_total,cash,1.261,0
2009,SVN,Slovénie,% GDP,family_total,cash,1.552,0
2010,SVN,Slovénie,% GDP,family_total,cash,1.603,0
2011,SVN,Slovénie,% GDP,family_total,cash,1.617,0
2012,SVN,Slovénie,% GDP,family_total,cash,1.528,0
2013,SVN,Slovénie,% GDP,family_total,cash,1.394,0
2014,SVN,Slovénie,% GDP,family_total,cash,1.326,0
2015,SVN,Slovénie,% GDP,family_total,cash,1.28,0
2016,SVN,Slovénie,% GDP,family_total,cash,1.243,0
2017,SVN,Slovénie,% GDP,family_total,cash,1.192,0
2018,SVN,Slovénie,% GDP,family_total,cash,1.166,0
2019,SVN,Slovénie,% GDP,family_total,cash,1.175,0
2020,SVN,Slovénie,% GDP,family_total,cash,1.279,0
2021,SVN,Slovénie,% GDP,family_total,cash,1.253,0
1990,ESP,Espagne,% GDP,family_total,cash,0.23,0
1991,ESP,Espagne,% GDP,family_total,cash,0.217,0
1992,ESP,Espagne,% GDP,family_total,cash,0.286,0
1993,ESP,Espagne,% GDP,family_total,cash,0.283,0
1994,ESP,Espagne,% GDP,family_total,cash,0.276,0
1995,ESP,Espagne,% GDP,family_total,cash,0.277,0
1996,ESP,Espagne,% GDP,family_total,cash,0.288,0
1997,ESP,Espagne,% GDP,family_total,cash,0.288,0
1998,ESP,Espagne,% GDP,family_total,cash,0.272,0
1999,ESP,Espagne,% GDP,family_total,cash,0.269,0
2000,ESP,Espagne,% GDP,family_total,cash,0.262,0
2001,ESP,Espagne,% GDP,family_total,cash,0.257,0
2002,ESP,Espagne,% GDP,family_total,cash,0.256,0
2003,ESP,Espagne,% GDP,family_total,cash,0.382,0
2004,ESP,Espagne,% GDP,family_total,cash,0.394,0
2005,ESP,Espagne,% GDP,family_total,cash,0.435,0
2006,ESP,Espagne,% GDP,family_total,cash,0.443,0
2007,ESP,Espagne,% GDP,family_total,cash,0.493,0
2008,ESP,Espagne,% GDP,family_total,cash,0.571,0
2009,ESP,Espagne,% GDP,family_total,cash,0.611,0
2010,ESP,Espagne,% GDP,family_total,cash,0.596,0
2011,ESP,Espagne,% GDP,family_total,cash,0.5,0
2012,ESP,Espagne,% GDP,family_total,cash,0.465,0
2013,ESP,Espagne,% GDP,family_total,cash,0.488,0
2014,ESP,Espagne,% GDP,family_total,cash,0.52,0
2015,ESP,Espagne,% GDP,family_total,cash,0.509,0
2016,ESP,Espagne,% GDP,family_total,cash,0.506,0
2017,ESP,Espagne,% GDP,family_total,cash,0.51,0
2018,ESP,Espagne,% GDP,family_total,cash,0.512,0
2019,ESP,Espagne,% GDP,family_total,cash,0.54,0
2020,ESP,Espagne,% GDP,family_total,cash,0.643,0
2021,ESP,Espagne,% GDP,family_total,cash,0.626,0
1990,SWE,Suède,% GDP,family_total,cash,1.813,0
1991,SWE,Suède,% GDP,family_total,cash,2.074,0
1992,SWE,Suède,% GDP,family_total,cash,2.153,0
1993,SWE,Suède,% GDP,family_total,cash,2.187,0
1994,SWE,Suède,% GDP,family_total,cash,2.15,0
1995,SWE,Suède,% GDP,family_total,cash,1.846,0
1996,SWE,Suède,% GDP,family_total,cash,1.512,0
1997,SWE,Suède,% GDP,family_total,cash,1.374,0
1998,SWE,Suède,% GDP,family_total,cash,1.444,0
1999,SWE,Suède,% GDP,family_total,cash,1.385,0
2000,SWE,Suède,% GDP,family_total,cash,1.402,0
2001,SWE,Suède,% GDP,family_total,cash,1.467,0
2002,SWE,Suède,% GDP,family_total,cash,1.455,0
2003,SWE,Suède,% GDP,family_total,cash,1.452,0
2004,SWE,Suède,% GDP,family_total,cash,1.436,0
2005,SWE,Suède,% GDP,family_total,cash,1.42,0
2006,SWE,Suède,% GDP,family_total,cash,1.451,0
2007,SWE,Suède,% GDP,family_total,cash,1.41,0
2008,SWE,Suède,% GDP,family_total,cash,1.411,0
2009,SWE,Suède,% GDP,family_total,cash,1.473,0
2010,SWE,Suède,% GDP,family_total,cash,1.429,0
2011,SWE,Suède,% GDP,family_total,cash,1.402,0
2012,SWE,Suède,% GDP,family_total,cash,1.424,0
2013,SWE,Suède,% GDP,family_total,cash,1.434,0
2014,SWE,Suède,% GDP,family_total,cash,1.404,0
2015,SWE,Suède,% GDP,family_total,cash,1.349,0
2016,SWE,Suède,% GDP,family_total,cash,1.347,0
2017,SWE,Suède,% GDP,family_total,cash,1.335,0
2018,SWE,Suède,% GDP,family_total,cash,1.397,0
2019,SWE,Suède,% GDP,family_total,cash,1.375,0
2020,SWE,Suède,% GDP,family_total,cash,1.367,0
2021,SWE,Suède,% GDP,family_total,cash,1.271,0
1990,CHE,Suisse,% GDP,family_total,cash,0.99,0
1991,CHE,Suisse,% GDP,family_total,cash,1.01,0
1992,CHE,Suisse,% GDP,family_total,cash,1.057,0
1993,CHE,Suisse,% GDP,family_total,cash,1.152,0
1994,CHE,Suisse,% GDP,family_total,cash,1.159,0
1995,CHE,Suisse,% GDP,family_total,cash,1.158,0
1996,CHE,Suisse,% GDP,family_total,cash,1.182,0
1997,CHE,Suisse,% GDP,family_total,cash,1.199,0
1998,CHE,Suisse,% GDP,family_total,cash,1.19,0
1999,CHE,Suisse,% GDP,family_total,cash,1.177,0
2000,CHE,Suisse,% GDP,family_total,cash,1.13,0
2001,CHE,Suisse,% GDP,family_total,cash,1.145,0
2002,CHE,Suisse,% GDP,family_total,cash,1.212,0
2003,CHE,Suisse,% GDP,family_total,cash,1.209,0
2004,CHE,Suisse,% GDP,family_total,cash,1.172,0
2005,CHE,Suisse,% GDP,family_total,cash,1.174,0
2006,CHE,Suisse,% GDP,family_total,cash,1.168,0
2007,CHE,Suisse,% GDP,family_total,cash,1.116,0
2008,CHE,Suisse,% GDP,family_total,cash,1.054,0
2009,CHE,Suisse,% GDP,family_total,cash,1.144,0
2010,CHE,Suisse,% GDP,family_total,cash,1.156,0
2011,CHE,Suisse,% GDP,family_total,cash,1.149,0
2012,CHE,Suisse,% GDP,family_total,cash,1.168,0
2013,CHE,Suisse,% GDP,family_total,cash,1.188,0
2014,CHE,Suisse,% GDP,family_total,cash,1.205,0
2015,CHE,Suisse,% GDP,family_total,cash,1.223,0
2016,CHE,Suisse,% GDP,family_total,cash,1.213,0
2017,CHE,Suisse,% GDP,family_total,cash,1.224,0
2018,CHE,Suisse,% GDP,family_total,cash,1.201,0
2019,CHE,Suisse,% GDP,family_total,cash,1.223,0
2020,CHE,Suisse,% GDP,family_total,cash,1.295,0
2021,CHE,Suisse,% GDP,family_total,cash,1.241,0
1990,GBR,Royaume-Uni,% GDP,family_total,cash,1.397,0
1991,GBR,Royaume-Uni,% GDP,family_total,cash,1.513,0
1992,GBR,Royaume-Uni,% GDP,family_total,cash,1.677,0
1993,GBR,Royaume-Uni,% GDP,family_total,cash,1.728,0
1994,GBR,Royaume-Uni,% GDP,family_total,cash,1.67,0
1995,GBR,Royaume-Uni,% GDP,family_total,cash,1.578,0
1996,GBR,Royaume-Uni,% GDP,family_total,cash,1.574,0
1997,GBR,Royaume-Uni,% GDP,family_total,cash,1.518,0
1998,GBR,Royaume-Uni,% GDP,family_total,cash,1.472,0
1999,GBR,Royaume-Uni,% GDP,family_total,cash,1.532,0
2000,GBR,Royaume-Uni,% GDP,family_total,cash,1.621,0
2001,GBR,Royaume-Uni,% GDP,family_total,cash,1.644,0
2002,GBR,Royaume-Uni,% GDP,family_total,cash,1.66,0
2003,GBR,Royaume-Uni,% GDP,family_total,cash,1.948,0
2004,GBR,Royaume-Uni,% GDP,family_total,cash,1.95,0
2005,GBR,Royaume-Uni,% GDP,family_total,cash,1.929,0
2006,GBR,Royaume-Uni,% GDP,family_total,cash,1.887,0
2007,GBR,Royaume-Uni,% GDP,family_total,cash,2.023,0
2008,GBR,Royaume-Uni,% GDP,family_total,cash,2.226,0
2009,GBR,Royaume-Uni,% GDP,family_total,cash,2.474,0
2010,GBR,Royaume-Uni,% GDP,family_total,cash,2.549,0
2011,GBR,Royaume-Uni,% GDP,family_total,cash,2.483,0
2012,GBR,Royaume-Uni,% GDP,family_total,cash,2.494,0
2013,GBR,Royaume-Uni,% GDP,family_total,cash,2.369,0
2014,GBR,Royaume-Uni,% GDP,family_total,cash,2.308,0
2015,GBR,Royaume-Uni,% GDP,family_total,cash,2.214,0
2016,GBR,Royaume-Uni,% GDP,family_total,cash,2.193,0
2017,GBR,Royaume-Uni,% GDP,family_total,cash,2.106,0
2018,GBR,Royaume-Uni,% GDP,family_total,cash,1.936,0
2019,GBR,Royaume-Uni,% GDP,family_total,cash,1.455,0
2020,GBR,Royaume-Uni,% GDP,family_total,cash,1.357,0
2021,GBR,Royaume-Uni,% GDP,family_total,cash,1.051,0
2005,BGR,Bulgarie,% GDP,family_total,cash,0.874,0
2006,BGR,Bulgarie,% GDP,family_total,cash,0.839,0
2007,BGR,Bulgarie,% GDP,family_total,cash,0.796,0
2008,BGR,Bulgarie,% GDP,family_total,cash,0.959,0
2009,BGR,Bulgarie,% GDP,family_total,cash,1.267,0
2010,BGR,Bulgarie,% GDP,family_total,cash,1.269,0
2011,BGR,Bulgarie,% GDP,family_total,cash,1.147,0
2012,BGR,Bulgarie,% GDP,family_total,cash,1.082,0
2013,BGR,Bulgarie,% GDP,family_total,cash,1.144,0
2014,BGR,Bulgarie,% GDP,family_total,cash,1.229,0
2015,BGR,Bulgarie,% GDP,family_total,cash,1.196,0
2016,BGR,Bulgarie,% GDP,family_total,cash,1.103,0
2017,BGR,Bulgarie,% GDP,family_total,cash,1.078,0
2018,BGR,Bulgarie,% GDP,family_total,cash,1.066,0
2019,BGR,Bulgarie,% GDP,family_total,cash,0.98,0
2020,BGR,Bulgarie,% GDP,family_total,cash,0.993,0
2021,BGR,Bulgarie,% GDP,family_total,cash,0.911,0
2008,HRV,Croatie,% GDP,family_total,cash,1.164,0
2009,HRV,Croatie,% GDP,family_total,cash,1.248,0
2010,HRV,Croatie,% GDP,family_total,cash,1.258,0
2011,HRV,Croatie,% GDP,family_total,cash,1.223,0
2012,HRV,Croatie,% GDP,family_total,cash,1.228,0
2013,HRV,Croatie,% GDP,family_total,cash,1.205,0
2014,HRV,Croatie,% GDP,family_total,cash,1.171,0
2015,HRV,Croatie,% GDP,family_total,cash,1.131,0
2016,HRV,Croatie,% GDP,family_total,cash,1.116,0
2017,HRV,Croatie,% GDP,family_total,cash,1.136,0
2018,HRV,Croatie,% GDP,family_total,cash,1.177,0
2019,HRV,Croatie,% GDP,family_total,cash,1.204,0
2020,HRV,Croatie,% GDP,family_total,cash,1.373,0
2021,HRV,Croatie,% GDP,family_total,cash,1.246,0
2000,ROU,Roumanie,% GDP,family_total,cash,0.839,0
2001,ROU,Roumanie,% GDP,family_total,cash,0.888,0
2002,ROU,Roumanie,% GDP,family_total,cash,0.817,0
2003,ROU,Roumanie,% GDP,family_total,cash,0.839,0
2004,ROU,Roumanie,% GDP,family_total,cash,0.953,0
2005,ROU,Roumanie,% GDP,family_total,cash,1.199,0
2006,ROU,Roumanie,% GDP,family_total,cash,1.104,0
2007,ROU,Roumanie,% GDP,family_total,cash,1.009,0
2008,ROU,Roumanie,% GDP,family_total,cash,0.907,0
2009,ROU,Roumanie,% GDP,family_total,cash,1.111,0
2010,ROU,Roumanie,% GDP,family_total,cash,1.189,0
2011,ROU,Roumanie,% GDP,family_total,cash,0.995,0
2012,ROU,Roumanie,% GDP,family_total,cash,0.872,0
2013,ROU,Roumanie,% GDP,family_total,cash,0.845,0
2014,ROU,Roumanie,% GDP,family_total,cash,0.822,0
2015,ROU,Roumanie,% GDP,family_total,cash,0.938,0
2016,ROU,Roumanie,% GDP,family_total,cash,1.076,0
2017,ROU,Roumanie,% GDP,family_total,cash,1.159,0
2018,ROU,Roumanie,% GDP,family_total,cash,1.12,0
2019,ROU,Roumanie,% GDP,family_total,cash,1.26,0
2020,ROU,Roumanie,% GDP,family_total,cash,1.485,0
2021,ROU,Roumanie,% GDP,family_total,cash,1.572,0
1990,AUT,Autriche,% GDP,family_total,in_kind,0.349,0
1991,AUT,Autriche,% GDP,family_total,in_kind,0.364,0
1992,AUT,Autriche,% GDP,family_total,in_kind,0.391,0
1993,AUT,Autriche,% GDP,family_total,in_kind,0.418,0
1994,AUT,Autriche,% GDP,family_total,in_kind,0.441,0
1995,AUT,Autriche,% GDP,family_total,in_kind,0.437,0
1996,AUT,Autriche,% GDP,family_total,in_kind,0.452,0
1997,AUT,Autriche,% GDP,family_total,in_kind,0.445,0
1998,AUT,Autriche,% GDP,family_total,in_kind,0.371,0
1999,AUT,Autriche,% GDP,family_total,in_kind,0.382,0
2000,AUT,Autriche,% GDP,family_total,in_kind,0.413,0
2001,AUT,Autriche,% GDP,family_total,in_kind,0.413,0
2002,AUT,Autriche,% GDP,family_total,in_kind,0.415,0
2003,AUT,Autriche,% GDP,family_total,in_kind,0.431,0
2004,AUT,Autriche,% GDP,family_total,in_kind,0.429,0
2005,AUT,Autriche,% GDP,family_total,in_kind,0.43,0
2006,AUT,Autriche,% GDP,family_total,in_kind,0.433,0
2007,AUT,Autriche,% GDP,family_total,in_kind,0.437,0
2008,AUT,Autriche,% GDP,family_total,in_kind,0.462,0
2009,AUT,Autriche,% GDP,family_total,in_kind,0.551,0
2010,AUT,Autriche,% GDP,family_total,in_kind,0.634,0
2011,AUT,Autriche,% GDP,family_total,in_kind,0.631,0
2012,AUT,Autriche,% GDP,family_total,in_kind,0.651,0
2013,AUT,Autriche,% GDP,family_total,in_kind,0.676,0
2014,AUT,Autriche,% GDP,family_total,in_kind,0.702,0
2015,AUT,Autriche,% GDP,family_total,in_kind,0.712,0
2016,AUT,Autriche,% GDP,family_total,in_kind,0.731,0
2017,AUT,Autriche,% GDP,family_total,in_kind,0.726,0
2018,AUT,Autriche,% GDP,family_total,in_kind,0.719,0
2019,AUT,Autriche,% GDP,family_total,in_kind,0.744,0
2020,AUT,Autriche,% GDP,family_total,in_kind,0.826,0
2021,AUT,Autriche,% GDP,family_total,in_kind,0.809,0
1990,BEL,Belgique,% GDP,family_total,in_kind,0.114,0
1991,BEL,Belgique,% GDP,family_total,in_kind,0.101,0
1992,BEL,Belgique,% GDP,family_total,in_kind,0.113,0
1993,BEL,Belgique,% GDP,family_total,in_kind,0.176,0
1994,BEL,Belgique,% GDP,family_total,in_kind,0.133,0
1995,BEL,Belgique,% GDP,family_total,in_kind,0.202,0
1996,BEL,Belgique,% GDP,family_total,in_kind,0.22,0
1997,BEL,Belgique,% GDP,family_total,in_kind,0.215,0
1998,BEL,Belgique,% GDP,family_total,in_kind,0.784,0
1999,BEL,Belgique,% GDP,family_total,in_kind,0.802,0
2000,BEL,Belgique,% GDP,family_total,in_kind,0.724,0
2001,BEL,Belgique,% GDP,family_total,in_kind,0.824,0
2002,BEL,Belgique,% GDP,family_total,in_kind,0.874,0
2003,BEL,Belgique,% GDP,family_total,in_kind,0.906,0
2004,BEL,Belgique,% GDP,family_total,in_kind,0.905,0
2005,BEL,Belgique,% GDP,family_total,in_kind,0.908,0
2006,BEL,Belgique,% GDP,family_total,in_kind,0.918,0
2007,BEL,Belgique,% GDP,family_total,in_kind,0.931,0
2008,BEL,Belgique,% GDP,family_total,in_kind,0.965,0
2009,BEL,Belgique,% GDP,family_total,in_kind,1.02,0
2010,BEL,Belgique,% GDP,family_total,in_kind,1.047,0
2011,BEL,Belgique,% GDP,family_total,in_kind,1.057,0
2012,BEL,Belgique,% GDP,family_total,in_kind,0.976,0
2013,BEL,Belgique,% GDP,family_total,in_kind,1.011,0
2014,BEL,Belgique,% GDP,family_total,in_kind,1.031,0
2015,BEL,Belgique,% GDP,family_total,in_kind,1.022,0
2016,BEL,Belgique,% GDP,family_total,in_kind,1.047,0
2017,BEL,Belgique,% GDP,family_total,in_kind,1.03,0
2018,BEL,Belgique,% GDP,family_total,in_kind,1.032,0
2019,BEL,Belgique,% GDP,family_total,in_kind,1.073,0
2020,BEL,Belgique,% GDP,family_total,in_kind,1.209,0
2021,BEL,Belgique,% GDP,family_total,in_kind,1.149,0
1990,DNK,Danemark,% GDP,family_total,in_kind,1.81,0
1991,DNK,Danemark,% GDP,family_total,in_kind,1.868,0
1992,DNK,Danemark,% GDP,family_total,in_kind,1.922,0
1993,DNK,Danemark,% GDP,family_total,in_kind,2.055,0
1994,DNK,Danemark,% GDP,family_total,in_kind,2.069,0
1995,DNK,Danemark,% GDP,family_total,in_kind,1.967,0
1996,DNK,Danemark,% GDP,family_total,in_kind,2.038,0
1997,DNK,Danemark,% GDP,family_total,in_kind,2.098,0
1998,DNK,Danemark,% GDP,family_total,in_kind,1.946,0
1999,DNK,Danemark,% GDP,family_total,in_kind,1.981,0
2000,DNK,Danemark,% GDP,family_total,in_kind,1.943,0
2001,DNK,Danemark,% GDP,family_total,in_kind,2.007,0
2002,DNK,Danemark,% GDP,family_total,in_kind,2.062,0
2003,DNK,Danemark,% GDP,family_total,in_kind,2.082,0
2004,DNK,Danemark,% GDP,family_total,in_kind,2.003,0
2005,DNK,Danemark,% GDP,family_total,in_kind,1.984,0
2006,DNK,Danemark,% GDP,family_total,in_kind,1.998,0
2007,DNK,Danemark,% GDP,family_total,in_kind,2.182,0
2008,DNK,Danemark,% GDP,family_total,in_kind,2.227,0
2009,DNK,Danemark,% GDP,family_total,in_kind,2.429,0
2010,DNK,Danemark,% GDP,family_total,in_kind,2.327,0
2011,DNK,Danemark,% GDP,family_total,in_kind,2.418,0
2012,DNK,Danemark,% GDP,family_total,in_kind,2.391,0
2013,DNK,Danemark,% GDP,family_total,in_kind,2.326,0
2014,DNK,Danemark,% GDP,family_total,in_kind,2.242,0
2015,DNK,Danemark,% GDP,family_total,in_kind,2.173,0
2016,DNK,Danemark,% GDP,family_total,in_kind,2.131,0
2017,DNK,Danemark,% GDP,family_total,in_kind,2.09,0
2018,DNK,Danemark,% GDP,family_total,in_kind,2.088,0
2019,DNK,Danemark,% GDP,family_total,in_kind,2.05,0
2020,DNK,Danemark,% GDP,family_total,in_kind,2.095,0
2021,DNK,Danemark,% GDP,family_total,in_kind,1.959,0
1999,EST,Estonie,% GDP,family_total,in_kind,0.214,0
2000,EST,Estonie,% GDP,family_total,in_kind,0.226,0
2001,EST,Estonie,% GDP,family_total,in_kind,0.251,0
2002,EST,Estonie,% GDP,family_total,in_kind,0.274,0
2003,EST,Estonie,% GDP,family_total,in_kind,0.253,0
2004,EST,Estonie,% GDP,family_total,in_kind,0.287,0
2005,EST,Estonie,% GDP,family_total,in_kind,0.326,0
2006,EST,Estonie,% GDP,family_total,in_kind,0.37,0
2007,EST,Estonie,% GDP,family_total,in_kind,0.318,0
2008,EST,Estonie,% GDP,family_total,in_kind,0.452,0
2009,EST,Estonie,% GDP,family_total,in_kind,0.43,0
2010,EST,Estonie,% GDP,family_total,in_kind,0.422,0
2011,EST,Estonie,% GDP,family_total,in_kind,0.382,0
2012,EST,Estonie,% GDP,family_total,in_kind,0.393,0
2013,EST,Estonie,% GDP,family_total,in_kind,0.281,0
2014,EST,Estonie,% GDP,family_total,in_kind,0.729,0
2015,EST,Estonie,% GDP,family_total,in_kind,0.785,0
2016,EST,Estonie,% GDP,family_total,in_kind,0.795,0
2017,EST,Estonie,% GDP,family_total,in_kind,0.789,0
2018,EST,Estonie,% GDP,family_total,in_kind,0.821,0
2019,EST,Estonie,% GDP,family_total,in_kind,0.869,0
2020,EST,Estonie,% GDP,family_total,in_kind,0.94,0
2021,EST,Estonie,% GDP,family_total,in_kind,0.879,0
1990,FIN,Finlande,% GDP,family_total,in_kind,1.327,0
1991,FIN,Finlande,% GDP,family_total,in_kind,1.495,0
1992,FIN,Finlande,% GDP,family_total,in_kind,1.454,0
1993,FIN,Finlande,% GDP,family_total,in_kind,1.424,0
1994,FIN,Finlande,% GDP,family_total,in_kind,1.343,0
1995,FIN,Finlande,% GDP,family_total,in_kind,1.325,0
1996,FIN,Finlande,% GDP,family_total,in_kind,1.406,0
1997,FIN,Finlande,% GDP,family_total,in_kind,1.36,0
1998,FIN,Finlande,% GDP,family_total,in_kind,1.31,0
1999,FIN,Finlande,% GDP,family_total,in_kind,1.299,0
2000,FIN,Finlande,% GDP,family_total,in_kind,1.228,0
2001,FIN,Finlande,% GDP,family_total,in_kind,1.213,0
2002,FIN,Finlande,% GDP,family_total,in_kind,1.234,0
2003,FIN,Finlande,% GDP,family_total,in_kind,1.256,0
2004,FIN,Finlande,% GDP,family_total,in_kind,1.269,0
2005,FIN,Finlande,% GDP,family_total,in_kind,1.309,0
2006,FIN,Finlande,% GDP,family_total,in_kind,1.307,0
2007,FIN,Finlande,% GDP,family_total,in_kind,1.29,0
2008,FIN,Finlande,% GDP,family_total,in_kind,1.37,0
2009,FIN,Finlande,% GDP,family_total,in_kind,1.536,0
2010,FIN,Finlande,% GDP,family_total,in_kind,1.535,0
2011,FIN,Finlande,% GDP,family_total,in_kind,1.573,0
2012,FIN,Finlande,% GDP,family_total,in_kind,1.658,0
2013,FIN,Finlande,% GDP,family_total,in_kind,1.695,0
2014,FIN,Finlande,% GDP,family_total,in_kind,1.683,0
2015,FIN,Finlande,% GDP,family_total,in_kind,1.695,0
2016,FIN,Finlande,% GDP,family_total,in_kind,1.686,0
2017,FIN,Finlande,% GDP,family_total,in_kind,1.65,0
2018,FIN,Finlande,% GDP,family_total,in_kind,1.719,0
2019,FIN,Finlande,% GDP,family_total,in_kind,1.793,0
2020,FIN,Finlande,% GDP,family_total,in_kind,1.848,0
2021,FIN,Finlande,% GDP,family_total,in_kind,1.973,0
1990,FRA,France,% GDP,family_total,in_kind,1.025,0
1991,FRA,France,% GDP,family_total,in_kind,1.026,0
1992,FRA,France,% GDP,family_total,in_kind,1.027,0
1993,FRA,France,% GDP,family_total,in_kind,1.166,0
1994,FRA,France,% GDP,family_total,in_kind,1.166,0
1995,FRA,France,% GDP,family_total,in_kind,1.166,0
1996,FRA,France,% GDP,family_total,in_kind,1.128,0
1997,FRA,France,% GDP,family_total,in_kind,1.142,0
1998,FRA,France,% GDP,family_total,in_kind,1.802,0
1999,FRA,France,% GDP,family_total,in_kind,1.784,0
2000,FRA,France,% GDP,family_total,in_kind,1.575,0
2001,FRA,France,% GDP,family_total,in_kind,1.52,0
2002,FRA,France,% GDP,family_total,in_kind,1.498,0
2003,FRA,France,% GDP,family_total,in_kind,1.566,0
2004,FRA,France,% GDP,family_total,in_kind,1.642,0
2005,FRA,France,% GDP,family_total,in_kind,1.584,0
2006,FRA,France,% GDP,family_total,in_kind,1.158,0
2007,FRA,France,% GDP,family_total,in_kind,1.191,0
2008,FRA,France,% GDP,family_total,in_kind,1.208,0
2009,FRA,France,% GDP,family_total,in_kind,1.304,0
2010,FRA,France,% GDP,family_total,in_kind,1.31,0
2011,FRA,France,% GDP,family_total,in_kind,1.304,0
2012,FRA,France,% GDP,family_total,in_kind,1.335,0
2013,FRA,France,% GDP,family_total,in_kind,1.398,0
2014,FRA,France,% GDP,family_total,in_kind,1.414,0
2015,FRA,France,% GDP,family_total,in_kind,1.426,0
2016,FRA,France,% GDP,family_total,in_kind,1.431,0
2017,FRA,France,% GDP,family_total,in_kind,1.44,0
2018,FRA,France,% GDP,family_total,in_kind,1.406,0
2019,FRA,France,% GDP,family_total,in_kind,1.38,0
2020,FRA,France,% GDP,family_total,in_kind,1.403,0
2021,FRA,France,% GDP,family_total,in_kind,1.353,0
1990,DEU,Allemagne,% GDP,family_total,in_kind,0.476,0
1991,DEU,Allemagne,% GDP,family_total,in_kind,0.626,0
1992,DEU,Allemagne,% GDP,family_total,in_kind,0.691,0
1993,DEU,Allemagne,% GDP,family_total,in_kind,0.727,0
1994,DEU,Allemagne,% GDP,family_total,in_kind,0.707,0
1995,DEU,Allemagne,% GDP,family_total,in_kind,0.695,0
1996,DEU,Allemagne,% GDP,family_total,in_kind,0.716,0
1997,DEU,Allemagne,% GDP,family_total,in_kind,0.727,0
1998,DEU,Allemagne,% GDP,family_total,in_kind,0.716,0
1999,DEU,Allemagne,% GDP,family_total,in_kind,0.72,0
2000,DEU,Allemagne,% GDP,family_total,in_kind,0.677,0
2001,DEU,Allemagne,% GDP,family_total,in_kind,0.673,0
2002,DEU,Allemagne,% GDP,family_total,in_kind,0.687,0
2003,DEU,Allemagne,% GDP,family_total,in_kind,0.698,0
2004,DEU,Allemagne,% GDP,family_total,in_kind,0.683,0
2005,DEU,Allemagne,% GDP,family_total,in_kind,0.687,0
2006,DEU,Allemagne,% GDP,family_total,in_kind,0.678,0
2007,DEU,Allemagne,% GDP,family_total,in_kind,0.671,0
2008,DEU,Allemagne,% GDP,family_total,in_kind,0.737,0
2009,DEU,Allemagne,% GDP,family_total,in_kind,0.845,0
2010,DEU,Allemagne,% GDP,family_total,in_kind,0.894,0
2011,DEU,Allemagne,% GDP,family_total,in_kind,0.906,0
2012,DEU,Allemagne,% GDP,family_total,in_kind,0.958,0
2013,DEU,Allemagne,% GDP,family_total,in_kind,1.036,0
2014,DEU,Allemagne,% GDP,family_total,in_kind,1.061,0
2015,DEU,Allemagne,% GDP,family_total,in_kind,1.111,0
2016,DEU,Allemagne,% GDP,family_total,in_kind,1.193,0
2017,DEU,Allemagne,% GDP,family_total,in_kind,1.232,0
2018,DEU,Allemagne,% GDP,family_total,in_kind,1.26,0
2019,DEU,Allemagne,% GDP,family_total,in_kind,1.321,0
2020,DEU,Allemagne,% GDP,family_total,in_kind,1.46,0
2021,DEU,Allemagne,% GDP,family_total,in_kind,1.436,0
1990,GRC,Grèce,% GDP,family_total,in_kind,0.289,0
1991,GRC,Grèce,% GDP,family_total,in_kind,0.292,0
1992,GRC,Grèce,% GDP,family_total,in_kind,0.302,0
1993,GRC,Grèce,% GDP,family_total,in_kind,0.276,0
1994,GRC,Grèce,% GDP,family_total,in_kind,0.28,0
1995,GRC,Grèce,% GDP,family_total,in_kind,0.272,0
1996,GRC,Grèce,% GDP,family_total,in_kind,0.315,0
1997,GRC,Grèce,% GDP,family_total,in_kind,0.295,0
1998,GRC,Grèce,% GDP,family_total,in_kind,0.312,0
1999,GRC,Grèce,% GDP,family_total,in_kind,0.329,0
2000,GRC,Grèce,% GDP,family_total,in_kind,0.034,0
2001,GRC,Grèce,% GDP,family_total,in_kind,0.023,0
2002,GRC,Grèce,% GDP,family_total,in_kind,0.02,0
2003,GRC,Grèce,% GDP,family_total,in_kind,0.019,0
2004,GRC,Grèce,% GDP,family_total,in_kind,0.023,0
2005,GRC,Grèce,% GDP,family_total,in_kind,0.024,0
2006,GRC,Grèce,% GDP,family_total,in_kind,0.019,0
2007,GRC,Grèce,% GDP,family_total,in_kind,0.026,0
2008,GRC,Grèce,% GDP,family_total,in_kind,0.029,0
2009,GRC,Grèce,% GDP,family_total,in_kind,0.049,0
2010,GRC,Grèce,% GDP,family_total,in_kind,0.066,0
2011,GRC,Grèce,% GDP,family_total,in_kind,0.077,0
2012,GRC,Grèce,% GDP,family_total,in_kind,0.335,0
2013,GRC,Grèce,% GDP,family_total,in_kind,0.356,0
2014,GRC,Grèce,% GDP,family_total,in_kind,0.367,0
2015,GRC,Grèce,% GDP,family_total,in_kind,0.354,0
2016,GRC,Grèce,% GDP,family_total,in_kind,0.339,0
2017,GRC,Grèce,% GDP,family_total,in_kind,0.323,0
2018,GRC,Grèce,% GDP,family_total,in_kind,0.34,0
2019,GRC,Grèce,% GDP,family_total,in_kind,0.359,0
2020,GRC,Grèce,% GDP,family_total,in_kind,0.348,0
2021,GRC,Grèce,% GDP,family_total,in_kind,0.356,0
1999,HUN,Hongrie,% GDP,family_total,in_kind,1.155,0
2000,HUN,Hongrie,% GDP,family_total,in_kind,1.111,0
2001,HUN,Hongrie,% GDP,family_total,in_kind,1.087,0
2002,HUN,Hongrie,% GDP,family_total,in_kind,1.157,0
2003,HUN,Hongrie,% GDP,family_total,in_kind,1.239,0
2004,HUN,Hongrie,% GDP,family_total,in_kind,1.172,0
2005,HUN,Hongrie,% GDP,family_total,in_kind,1.201,0
2006,HUN,Hongrie,% GDP,family_total,in_kind,1.186,0
2007,HUN,Hongrie,% GDP,family_total,in_kind,1.09,0
2008,HUN,Hongrie,% GDP,family_total,in_kind,1.081,0
2009,HUN,Hongrie,% GDP,family_total,in_kind,1.121,0
2010,HUN,Hongrie,% GDP,family_total,in_kind,1.174,0
2011,HUN,Hongrie,% GDP,family_total,in_kind,1.112,0
2012,HUN,Hongrie,% GDP,family_total,in_kind,1.064,0
2013,HUN,Hongrie,% GDP,family_total,in_kind,1.081,0
2014,HUN,Hongrie,% GDP,family_total,in_kind,1.142,0
2015,HUN,Hongrie,% GDP,family_total,in_kind,1.144,0
2016,HUN,Hongrie,% GDP,family_total,in_kind,1.104,0
2017,HUN,Hongrie,% GDP,family_total,in_kind,1.091,0
2018,HUN,Hongrie,% GDP,family_total,in_kind,1.086,0
2019,HUN,Hongrie,% GDP,family_total,in_kind,1.026,0
2020,HUN,Hongrie,% GDP,family_total,in_kind,1.024,0
2021,HUN,Hongrie,% GDP,family_total,in_kind,1.002,0
1990,ISL,Islande,% GDP,family_total,in_kind,0.657,0
1991,ISL,Islande,% GDP,family_total,in_kind,0.742,0
1992,ISL,Islande,% GDP,family_total,in_kind,0.812,0
1993,ISL,Islande,% GDP,family_total,in_kind,0.796,0
1994,ISL,Islande,% GDP,family_total,in_kind,0.842,0
1995,ISL,Islande,% GDP,family_total,in_kind,0.914,0
1996,ISL,Islande,% GDP,family_total,in_kind,0.955,0
1997,ISL,Islande,% GDP,family_total,in_kind,0.97,0
1998,ISL,Islande,% GDP,family_total,in_kind,1.034,0
1999,ISL,Islande,% GDP,family_total,in_kind,1.073,0
2000,ISL,Islande,% GDP,family_total,in_kind,1.13,0
2001,ISL,Islande,% GDP,family_total,in_kind,1.28,0
2002,ISL,Islande,% GDP,family_total,in_kind,1.359,0
2003,ISL,Islande,% GDP,family_total,in_kind,1.548,0
2004,ISL,Islande,% GDP,family_total,in_kind,1.627,0
2005,ISL,Islande,% GDP,family_total,in_kind,1.64,0
2006,ISL,Islande,% GDP,family_total,in_kind,1.808,0
2007,ISL,Islande,% GDP,family_total,in_kind,2.002,0
2008,ISL,Islande,% GDP,family_total,in_kind,2.077,0
2009,ISL,Islande,% GDP,family_total,in_kind,2.191,0
2010,ISL,Islande,% GDP,family_total,in_kind,2.17,0
2011,ISL,Islande,% GDP,family_total,in_kind,2.142,0
2012,ISL,Islande,% GDP,family_total,in_kind,2.319,0
2013,ISL,Islande,% GDP,family_total,in_kind,2.289,0
2014,ISL,Islande,% GDP,family_total,in_kind,2.471,0
2015,ISL,Islande,% GDP,family_total,in_kind,2.3,0
2016,ISL,Islande,% GDP,family_total,in_kind,2.311,0
2017,ISL,Islande,% GDP,family_total,in_kind,2.318,0
2018,ISL,Islande,% GDP,family_total,in_kind,2.373,0
2019,ISL,Islande,% GDP,family_total,in_kind,2.33,0
2020,ISL,Islande,% GDP,family_total,in_kind,2.686,0
2021,ISL,Islande,% GDP,family_total,in_kind,2.598,0
1990,IRL,Irlande,% GDP,family_total,in_kind,0.042,0
1991,IRL,Irlande,% GDP,family_total,in_kind,0.045,0
1992,IRL,Irlande,% GDP,family_total,in_kind,0.056,0
1993,IRL,Irlande,% GDP,family_total,in_kind,0.067,0
1994,IRL,Irlande,% GDP,family_total,in_kind,0.103,0
1995,IRL,Irlande,% GDP,family_total,in_kind,0.118,0
1996,IRL,Irlande,% GDP,family_total,in_kind,0.133,0
1997,IRL,Irlande,% GDP,family_total,in_kind,0.15,0
1998,IRL,Irlande,% GDP,family_total,in_kind,0.387,0
1999,IRL,Irlande,% GDP,family_total,in_kind,0.372,0
2000,IRL,Irlande,% GDP,family_total,in_kind,0.434,0
2001,IRL,Irlande,% GDP,family_total,in_kind,0.476,0
2002,IRL,Irlande,% GDP,family_total,in_kind,0.514,0
2003,IRL,Irlande,% GDP,family_total,in_kind,0.547,0
2004,IRL,Irlande,% GDP,family_total,in_kind,0.563,0
2005,IRL,Irlande,% GDP,family_total,in_kind,0.51,0
2006,IRL,Irlande,% GDP,family_total,in_kind,0.522,0
2007,IRL,Irlande,% GDP,family_total,in_kind,0.559,0
2008,IRL,Irlande,% GDP,family_total,in_kind,0.656,0
2009,IRL,Irlande,% GDP,family_total,in_kind,0.767,0
2010,IRL,Irlande,% GDP,family_total,in_kind,0.842,0
2011,IRL,Irlande,% GDP,family_total,in_kind,0.784,0
2012,IRL,Irlande,% GDP,family_total,in_kind,0.802,0
2013,IRL,Irlande,% GDP,family_total,in_kind,0.743,0
2014,IRL,Irlande,% GDP,family_total,in_kind,0.69,0
2015,IRL,Irlande,% GDP,family_total,in_kind,0.538,0
2016,IRL,Irlande,% GDP,family_total,in_kind,0.567,0
2017,IRL,Irlande,% GDP,family_total,in_kind,0.542,0
2018,IRL,Irlande,% GDP,family_total,in_kind,0.54,0
2019,IRL,Irlande,% GDP,family_total,in_kind,0.539,0
2020,IRL,Irlande,% GDP,family_total,in_kind,0.49,0
2021,IRL,Irlande,% GDP,family_total,in_kind,0.457,0
1990,ITA,Italie,% GDP,family_total,in_kind,0.225,0
1991,ITA,Italie,% GDP,family_total,in_kind,0.221,0
1992,ITA,Italie,% GDP,family_total,in_kind,0.217,0
1993,ITA,Italie,% GDP,family_total,in_kind,0.231,0
1994,ITA,Italie,% GDP,family_total,in_kind,0.246,0
1995,ITA,Italie,% GDP,family_total,in_kind,0.136,0
1996,ITA,Italie,% GDP,family_total,in_kind,0.148,0
1997,ITA,Italie,% GDP,family_total,in_kind,0.146,0
1998,ITA,Italie,% GDP,family_total,in_kind,0.531,0
1999,ITA,Italie,% GDP,family_total,in_kind,0.544,0
2000,ITA,Italie,% GDP,family_total,in_kind,0.566,0
2001,ITA,Italie,% GDP,family_total,in_kind,0.594,0
2002,ITA,Italie,% GDP,family_total,in_kind,0.527,0
2003,ITA,Italie,% GDP,family_total,in_kind,0.584,0
2004,ITA,Italie,% GDP,family_total,in_kind,0.595,0
2005,ITA,Italie,% GDP,family_total,in_kind,0.603,0
2006,ITA,Italie,% GDP,family_total,in_kind,0.656,0
2007,ITA,Italie,% GDP,family_total,in_kind,0.634,0
2008,ITA,Italie,% GDP,family_total,in_kind,0.667,0
2009,ITA,Italie,% GDP,family_total,in_kind,0.68,0
2010,ITA,Italie,% GDP,family_total,in_kind,0.656,0
2011,ITA,Italie,% GDP,family_total,in_kind,0.631,0
2012,ITA,Italie,% GDP,family_total,in_kind,0.649,0
2013,ITA,Italie,% GDP,family_total,in_kind,0.654,0
2014,ITA,Italie,% GDP,family_total,in_kind,0.656,0
2015,ITA,Italie,% GDP,family_total,in_kind,0.666,0
2016,ITA,Italie,% GDP,family_total,in_kind,0.627,0
2017,ITA,Italie,% GDP,family_total,in_kind,0.632,0
2018,ITA,Italie,% GDP,family_total,in_kind,0.642,0
2019,ITA,Italie,% GDP,family_total,in_kind,0.651,0
2020,ITA,Italie,% GDP,family_total,in_kind,0.663,0
2021,ITA,Italie,% GDP,family_total,in_kind,0.588,0
1997,LVA,Lettonie,% GDP,family_total,in_kind,0.262,0
1998,LVA,Lettonie,% GDP,family_total,in_kind,0.274,0
1999,LVA,Lettonie,% GDP,family_total,in_kind,0.281,0
2000,LVA,Lettonie,% GDP,family_total,in_kind,0.273,0
2001,LVA,Lettonie,% GDP,family_total,in_kind,0.273,0
2002,LVA,Lettonie,% GDP,family_total,in_kind,0.279,0
2003,LVA,Lettonie,% GDP,family_total,in_kind,0.255,0
2004,LVA,Lettonie,% GDP,family_total,in_kind,0.241,0
2005,LVA,Lettonie,% GDP,family_total,in_kind,0.222,0
2006,LVA,Lettonie,% GDP,family_total,in_kind,0.208,0
2007,LVA,Lettonie,% GDP,family_total,in_kind,0.201,0
2008,LVA,Lettonie,% GDP,family_total,in_kind,0.839,0
2009,LVA,Lettonie,% GDP,family_total,in_kind,0.998,0
2010,LVA,Lettonie,% GDP,family_total,in_kind,0.916,0
2011,LVA,Lettonie,% GDP,family_total,in_kind,0.941,0
2012,LVA,Lettonie,% GDP,family_total,in_kind,0.873,0
2013,LVA,Lettonie,% GDP,family_total,in_kind,0.916,0
2014,LVA,Lettonie,% GDP,family_total,in_kind,0.963,0
2015,LVA,Lettonie,% GDP,family_total,in_kind,0.954,0
2016,LVA,Lettonie,% GDP,family_total,in_kind,0.925,0
2017,LVA,Lettonie,% GDP,family_total,in_kind,0.939,0
2018,LVA,Lettonie,% GDP,family_total,in_kind,0.881,0
2019,LVA,Lettonie,% GDP,family_total,in_kind,0.914,0
2020,LVA,Lettonie,% GDP,family_total,in_kind,0.997,0
2021,LVA,Lettonie,% GDP,family_total,in_kind,0.925,0
1996,LTU,Lituanie,% GDP,family_total,in_kind,0.201,0
1997,LTU,Lituanie,% GDP,family_total,in_kind,0.314,0
1998,LTU,Lituanie,% GDP,family_total,in_kind,0.389,0
1999,LTU,Lituanie,% GDP,family_total,in_kind,0.402,0
2000,LTU,Lituanie,% GDP,family_total,in_kind,0.386,0
2001,LTU,Lituanie,% GDP,family_total,in_kind,0.362,0
2002,LTU,Lituanie,% GDP,family_total,in_kind,0.362,0
2003,LTU,Lituanie,% GDP,family_total,in_kind,0.343,0
2004,LTU,Lituanie,% GDP,family_total,in_kind,0.404,0
2005,LTU,Lituanie,% GDP,family_total,in_kind,0.974,0
2006,LTU,Lituanie,% GDP,family_total,in_kind,0.941,0
2007,LTU,Lituanie,% GDP,family_total,in_kind,0.857,0
2008,LTU,Lituanie,% GDP,family_total,in_kind,0.876,0
2009,LTU,Lituanie,% GDP,family_total,in_kind,1.173,0
2010,LTU,Lituanie,% GDP,family_total,in_kind,0.907,0
2011,LTU,Lituanie,% GDP,family_total,in_kind,0.891,0
2012,LTU,Lituanie,% GDP,family_total,in_kind,0.798,0
2013,LTU,Lituanie,% GDP,family_total,in_kind,0.785,0
2014,LTU,Lituanie,% GDP,family_total,in_kind,0.806,0
2015,LTU,Lituanie,% GDP,family_total,in_kind,0.829,0
2016,LTU,Lituanie,% GDP,family_total,in_kind,0.895,0
2017,LTU,Lituanie,% GDP,family_total,in_kind,0.917,0
2018,LTU,Lituanie,% GDP,family_total,in_kind,1.024,0
2019,LTU,Lituanie,% GDP,family_total,in_kind,0.981,0
2020,LTU,Lituanie,% GDP,family_total,in_kind,1.203,0
2021,LTU,Lituanie,% GDP,family_total,in_kind,1.189,0
1990,LUX,Luxembourg,% GDP,family_total,in_kind,0.287,0
1991,LUX,Luxembourg,% GDP,family_total,in_kind,0.317,0
1992,LUX,Luxembourg,% GDP,family_total,in_kind,0.335,0
1993,LUX,Luxembourg,% GDP,family_total,in_kind,0.342,0
1994,LUX,Luxembourg,% GDP,family_total,in_kind,0.387,0
1995,LUX,Luxembourg,% GDP,family_total,in_kind,0.42,0
1996,LUX,Luxembourg,% GDP,family_total,in_kind,0.453,0
1997,LUX,Luxembourg,% GDP,family_total,in_kind,0.431,0
1998,LUX,Luxembourg,% GDP,family_total,in_kind,0.478,0
1999,LUX,Luxembourg,% GDP,family_total,in_kind,0.516,0
2000,LUX,Luxembourg,% GDP,family_total,in_kind,0.446,0
2001,LUX,Luxembourg,% GDP,family_total,in_kind,0.469,0
2002,LUX,Luxembourg,% GDP,family_total,in_kind,0.509,0
2003,LUX,Luxembourg,% GDP,family_total,in_kind,0.506,0
2004,LUX,Luxembourg,% GDP,family_total,in_kind,0.506,0
2005,LUX,Luxembourg,% GDP,family_total,in_kind,0.518,0
2006,LUX,Luxembourg,% GDP,family_total,in_kind,0.511,0
2007,LUX,Luxembourg,% GDP,family_total,in_kind,0.272,0
2008,LUX,Luxembourg,% GDP,family_total,in_kind,0.304,0
2009,LUX,Luxembourg,% GDP,family_total,in_kind,0.398,0
2010,LUX,Luxembourg,% GDP,family_total,in_kind,0.487,0
2011,LUX,Luxembourg,% GDP,family_total,in_kind,0.551,0
2012,LUX,Luxembourg,% GDP,family_total,in_kind,0.679,0
2013,LUX,Luxembourg,% GDP,family_total,in_kind,0.722,0
2014,LUX,Luxembourg,% GDP,family_total,in_kind,0.715,0
2015,LUX,Luxembourg,% GDP,family_total,in_kind,0.746,0
2016,LUX,Luxembourg,% GDP,family_total,in_kind,0.767,0
2017,LUX,Luxembourg,% GDP,family_total,in_kind,0.836,0
2018,LUX,Luxembourg,% GDP,family_total,in_kind,0.916,0
2019,LUX,Luxembourg,% GDP,family_total,in_kind,1.002,0
2020,LUX,Luxembourg,% GDP,family_total,in_kind,1.09,0
2021,LUX,Luxembourg,% GDP,family_total,in_kind,1.044,0
1990,NLD,Pays-Bas,% GDP,family_total,in_kind,0.462,0
1991,NLD,Pays-Bas,% GDP,family_total,in_kind,0.415,0
1992,NLD,Pays-Bas,% GDP,family_total,in_kind,0.322,0
1993,NLD,Pays-Bas,% GDP,family_total,in_kind,0.325,0
1994,NLD,Pays-Bas,% GDP,family_total,in_kind,0.314,0
1995,NLD,Pays-Bas,% GDP,family_total,in_kind,0.381,0
1996,NLD,Pays-Bas,% GDP,family_total,in_kind,0.31,0
1997,NLD,Pays-Bas,% GDP,family_total,in_kind,0.404,0
1998,NLD,Pays-Bas,% GDP,family_total,in_kind,0.724,0
1999,NLD,Pays-Bas,% GDP,family_total,in_kind,0.748,0
2000,NLD,Pays-Bas,% GDP,family_total,in_kind,0.831,0
2001,NLD,Pays-Bas,% GDP,family_total,in_kind,0.851,0
2002,NLD,Pays-Bas,% GDP,family_total,in_kind,0.936,0
2003,NLD,Pays-Bas,% GDP,family_total,in_kind,1.017,0
2004,NLD,Pays-Bas,% GDP,family_total,in_kind,0.996,0
2005,NLD,Pays-Bas,% GDP,family_total,in_kind,0.985,0
2006,NLD,Pays-Bas,% GDP,family_total,in_kind,1.219,0
2007,NLD,Pays-Bas,% GDP,family_total,in_kind,0.725,0
2008,NLD,Pays-Bas,% GDP,family_total,in_kind,0.827,0
2009,NLD,Pays-Bas,% GDP,family_total,in_kind,0.919,0
2010,NLD,Pays-Bas,% GDP,family_total,in_kind,0.906,0
2011,NLD,Pays-Bas,% GDP,family_total,in_kind,0.883,0
2012,NLD,Pays-Bas,% GDP,family_total,in_kind,0.804,0
2013,NLD,Pays-Bas,% GDP,family_total,in_kind,0.746,0
2014,NLD,Pays-Bas,% GDP,family_total,in_kind,0.691,0
2015,NLD,Pays-Bas,% GDP,family_total,in_kind,0.703,0
2016,NLD,Pays-Bas,% GDP,family_total,in_kind,0.738,0
2017,NLD,Pays-Bas,% GDP,family_total,in_kind,0.758,0
2018,NLD,Pays-Bas,% GDP,family_total,in_kind,0.786,0
2019,NLD,Pays-Bas,% GDP,family_total,in_kind,0.836,0
2020,NLD,Pays-Bas,% GDP,family_total,in_kind,0.864,0
2021,NLD,Pays-Bas,% GDP,family_total,in_kind,0.887,0
1990,NOR,Norvège,% GDP,family_total,in_kind,0.851,0
1991,NOR,Norvège,% GDP,family_total,in_kind,0.999,0
1992,NOR,Norvège,% GDP,family_total,in_kind,1.135,0
1993,NOR,Norvège,% GDP,family_total,in_kind,1.221,0
1994,NOR,Norvège,% GDP,family_total,in_kind,1.283,0
1995,NOR,Norvège,% GDP,family_total,in_kind,1.3,0
1996,NOR,Norvège,% GDP,family_total,in_kind,1.293,0
1997,NOR,Norvège,% GDP,family_total,in_kind,1.244,0
1998,NOR,Norvège,% GDP,family_total,in_kind,1.302,0
1999,NOR,Norvège,% GDP,family_total,in_kind,1.298,0
2000,NOR,Norvège,% GDP,family_total,in_kind,1.172,0
2001,NOR,Norvège,% GDP,family_total,in_kind,1.236,0
2002,NOR,Norvège,% GDP,family_total,in_kind,1.117,0
2003,NOR,Norvège,% GDP,family_total,in_kind,1.211,0
2004,NOR,Norvège,% GDP,family_total,in_kind,1.254,0
2005,NOR,Norvège,% GDP,family_total,in_kind,1.241,0
2006,NOR,Norvège,% GDP,family_total,in_kind,1.306,0
2007,NOR,Norvège,% GDP,family_total,in_kind,1.42,0
2008,NOR,Norvège,% GDP,family_total,in_kind,1.396,0
2009,NOR,Norvège,% GDP,family_total,in_kind,1.684,0
2010,NOR,Norvège,% GDP,family_total,in_kind,1.701,0
2011,NOR,Norvège,% GDP,family_total,in_kind,1.726,0
2012,NOR,Norvège,% GDP,family_total,in_kind,1.712,0
2013,NOR,Norvège,% GDP,family_total,in_kind,1.775,0
2014,NOR,Norvège,% GDP,family_total,in_kind,1.833,0
2015,NOR,Norvège,% GDP,family_total,in_kind,1.894,0
2016,NOR,Norvège,% GDP,family_total,in_kind,1.998,0
2017,NOR,Norvège,% GDP,family_total,in_kind,1.952,0
2018,NOR,Norvège,% GDP,family_total,in_kind,1.881,0
2019,NOR,Norvège,% GDP,family_total,in_kind,1.944,0
2020,NOR,Norvège,% GDP,family_total,in_kind,2.039,0
2021,NOR,Norvège,% GDP,family_total,in_kind,1.672,0
1998,POL,Pologne,% GDP,family_total,in_kind,0.215,0
1999,POL,Pologne,% GDP,family_total,in_kind,0.208,0
2000,POL,Pologne,% GDP,family_total,in_kind,0.229,0
2001,POL,Pologne,% GDP,family_total,in_kind,0.205,0
2002,POL,Pologne,% GDP,family_total,in_kind,0.208,0
2003,POL,Pologne,% GDP,family_total,in_kind,0.237,0
2004,POL,Pologne,% GDP,family_total,in_kind,0.331,0
2005,POL,Pologne,% GDP,family_total,in_kind,0.358,0
2006,POL,Pologne,% GDP,family_total,in_kind,0.361,0
2007,POL,Pologne,% GDP,family_total,in_kind,0.354,0
2008,POL,Pologne,% GDP,family_total,in_kind,0.504,0
2009,POL,Pologne,% GDP,family_total,in_kind,0.539,0
2010,POL,Pologne,% GDP,family_total,in_kind,0.555,0
2011,POL,Pologne,% GDP,family_total,in_kind,0.581,0
2012,POL,Pologne,% GDP,family_total,in_kind,0.672,0
2013,POL,Pologne,% GDP,family_total,in_kind,0.718,0
2014,POL,Pologne,% GDP,family_total,in_kind,0.742,0
2015,POL,Pologne,% GDP,family_total,in_kind,0.705,0
2016,POL,Pologne,% GDP,family_total,in_kind,0.745,0
2017,POL,Pologne,% GDP,family_total,in_kind,0.609,0
2018,POL,Pologne,% GDP,family_total,in_kind,0.641,0
2019,POL,Pologne,% GDP,family_total,in_kind,0.713,0
2020,POL,Pologne,% GDP,family_total,in_kind,0.808,0
2021,POL,Pologne,% GDP,family_total,in_kind,0.808,0
1990,PRT,Portugal,% GDP,family_total,in_kind,0.088,0
1991,PRT,Portugal,% GDP,family_total,in_kind,0.091,0
1992,PRT,Portugal,% GDP,family_total,in_kind,0.093,0
1993,PRT,Portugal,% GDP,family_total,in_kind,0.095,0
1994,PRT,Portugal,% GDP,family_total,in_kind,0.092,0
1995,PRT,Portugal,% GDP,family_total,in_kind,0.095,0
1996,PRT,Portugal,% GDP,family_total,in_kind,0.096,0
1997,PRT,Portugal,% GDP,family_total,in_kind,0.103,0
1998,PRT,Portugal,% GDP,family_total,in_kind,0.299,0
1999,PRT,Portugal,% GDP,family_total,in_kind,0.35,0
2000,PRT,Portugal,% GDP,family_total,in_kind,0.385,0
2001,PRT,Portugal,% GDP,family_total,in_kind,0.416,0
2002,PRT,Portugal,% GDP,family_total,in_kind,0.686,0
2003,PRT,Portugal,% GDP,family_total,in_kind,0.76,0
2004,PRT,Portugal,% GDP,family_total,in_kind,0.459,0
2005,PRT,Portugal,% GDP,family_total,in_kind,0.452,0
2006,PRT,Portugal,% GDP,family_total,in_kind,0.436,0
2007,PRT,Portugal,% GDP,family_total,in_kind,0.422,0
2008,PRT,Portugal,% GDP,family_total,in_kind,0.426,0
2009,PRT,Portugal,% GDP,family_total,in_kind,0.453,0
2010,PRT,Portugal,% GDP,family_total,in_kind,0.458,0
2011,PRT,Portugal,% GDP,family_total,in_kind,0.433,0
2012,PRT,Portugal,% GDP,family_total,in_kind,0.453,0
2013,PRT,Portugal,% GDP,family_total,in_kind,0.492,0
2014,PRT,Portugal,% GDP,family_total,in_kind,0.498,0
2015,PRT,Portugal,% GDP,family_total,in_kind,0.464,0
2016,PRT,Portugal,% GDP,family_total,in_kind,0.445,0
2017,PRT,Portugal,% GDP,family_total,in_kind,0.449,0
2018,PRT,Portugal,% GDP,family_total,in_kind,0.394,0
2019,PRT,Portugal,% GDP,family_total,in_kind,0.383,0
2020,PRT,Portugal,% GDP,family_total,in_kind,0.419,0
2021,PRT,Portugal,% GDP,family_total,in_kind,0.439,0
1995,SVK,République slovaque,% GDP,family_total,in_kind,0.1,0
1996,SVK,République slovaque,% GDP,family_total,in_kind,0.117,0
1997,SVK,République slovaque,% GDP,family_total,in_kind,0.082,0
1998,SVK,République slovaque,% GDP,family_total,in_kind,0.079,0
1999,SVK,République slovaque,% GDP,family_total,in_kind,0.495,0
2000,SVK,République slovaque,% GDP,family_total,in_kind,0.439,0
2001,SVK,République slovaque,% GDP,family_total,in_kind,0.449,0
2002,SVK,République slovaque,% GDP,family_total,in_kind,0.459,0
2003,SVK,République slovaque,% GDP,family_total,in_kind,0.473,0
2004,SVK,République slovaque,% GDP,family_total,in_kind,0.404,0
2005,SVK,République slovaque,% GDP,family_total,in_kind,0.392,0
2006,SVK,République slovaque,% GDP,family_total,in_kind,0.378,0
2007,SVK,République slovaque,% GDP,family_total,in_kind,0.374,0
2008,SVK,République slovaque,% GDP,family_total,in_kind,0.377,0
2009,SVK,République slovaque,% GDP,family_total,in_kind,0.435,0
2010,SVK,République slovaque,% GDP,family_total,in_kind,0.407,0
2011,SVK,République slovaque,% GDP,family_total,in_kind,0.427,0
2012,SVK,République slovaque,% GDP,family_total,in_kind,0.466,0
2013,SVK,République slovaque,% GDP,family_total,in_kind,0.503,0
2014,SVK,République slovaque,% GDP,family_total,in_kind,0.533,0
2015,SVK,République slovaque,% GDP,family_total,in_kind,0.523,0
2016,SVK,République slovaque,% GDP,family_total,in_kind,0.551,0
2017,SVK,République slovaque,% GDP,family_total,in_kind,0.579,0
2018,SVK,République slovaque,% GDP,family_total,in_kind,0.598,0
2019,SVK,République slovaque,% GDP,family_total,in_kind,0.654,0
2020,SVK,République slovaque,% GDP,family_total,in_kind,0.644,0
2021,SVK,République slovaque,% GDP,family_total,in_kind,0.624,0
1996,SVN,Slovénie,% GDP,family_total,in_kind,0.652,0
1997,SVN,Slovénie,% GDP,family_total,in_kind,0.658,0
1998,SVN,Slovénie,% GDP,family_total,in_kind,0.651,0
1999,SVN,Slovénie,% GDP,family_total,in_kind,0.631,0
2000,SVN,Slovénie,% GDP,family_total,in_kind,0.636,0
2001,SVN,Slovénie,% GDP,family_total,in_kind,0.624,0
2002,SVN,Slovénie,% GDP,family_total,in_kind,0.605,0
2003,SVN,Slovénie,% GDP,family_total,in_kind,0.596,0
2004,SVN,Slovénie,% GDP,family_total,in_kind,0.573,0
2005,SVN,Slovénie,% GDP,family_total,in_kind,0.569,0
2006,SVN,Slovénie,% GDP,family_total,in_kind,0.541,0
2007,SVN,Slovénie,% GDP,family_total,in_kind,0.504,0
2008,SVN,Slovénie,% GDP,family_total,in_kind,0.493,0
2009,SVN,Slovénie,% GDP,family_total,in_kind,0.524,0
2010,SVN,Slovénie,% GDP,family_total,in_kind,0.531,0
2011,SVN,Slovénie,% GDP,family_total,in_kind,0.529,0
2012,SVN,Slovénie,% GDP,family_total,in_kind,0.549,0
2013,SVN,Slovénie,% GDP,family_total,in_kind,0.556,0
2014,SVN,Slovénie,% GDP,family_total,in_kind,0.539,0
2015,SVN,Slovénie,% GDP,family_total,in_kind,0.519,0
2016,SVN,Slovénie,% GDP,family_total,in_kind,0.499,0
2017,SVN,Slovénie,% GDP,family_total,in_kind,0.669,0
2018,SVN,Slovénie,% GDP,family_total,in_kind,0.661,0
2019,SVN,Slovénie,% GDP,family_total,in_kind,0.652,0
2020,SVN,Slovénie,% GDP,family_total,in_kind,0.661,0
2021,SVN,Slovénie,% GDP,family_total,in_kind,0.616,0
1990,ESP,Espagne,% GDP,family_total,in_kind,0.081,0
1991,ESP,Espagne,% GDP,family_total,in_kind,0.079,0
1992,ESP,Espagne,% GDP,family_total,in_kind,0.105,0
1993,ESP,Espagne,% GDP,family_total,in_kind,0.13,0
1994,ESP,Espagne,% GDP,family_total,in_kind,0.125,0
1995,ESP,Espagne,% GDP,family_total,in_kind,0.127,0
1996,ESP,Espagne,% GDP,family_total,in_kind,0.185,0
1997,ESP,Espagne,% GDP,family_total,in_kind,0.168,0
1998,ESP,Espagne,% GDP,family_total,in_kind,0.531,0
1999,ESP,Espagne,% GDP,family_total,in_kind,0.522,0
2000,ESP,Espagne,% GDP,family_total,in_kind,0.626,0
2001,ESP,Espagne,% GDP,family_total,in_kind,0.593,0
2002,ESP,Espagne,% GDP,family_total,in_kind,0.605,0
2003,ESP,Espagne,% GDP,family_total,in_kind,0.628,0
2004,ESP,Espagne,% GDP,family_total,in_kind,0.642,0
2005,ESP,Espagne,% GDP,family_total,in_kind,0.675,0
2006,ESP,Espagne,% GDP,family_total,in_kind,0.693,0
2007,ESP,Espagne,% GDP,family_total,in_kind,0.692,0
2008,ESP,Espagne,% GDP,family_total,in_kind,0.712,0
2009,ESP,Espagne,% GDP,family_total,in_kind,0.821,0
2010,ESP,Espagne,% GDP,family_total,in_kind,0.824,0
2011,ESP,Espagne,% GDP,family_total,in_kind,0.834,0
2012,ESP,Espagne,% GDP,family_total,in_kind,0.834,0
2013,ESP,Espagne,% GDP,family_total,in_kind,0.817,0
2014,ESP,Espagne,% GDP,family_total,in_kind,0.749,0
2015,ESP,Espagne,% GDP,family_total,in_kind,0.718,0
2016,ESP,Espagne,% GDP,family_total,in_kind,0.691,0
2017,ESP,Espagne,% GDP,family_total,in_kind,0.705,0
2018,ESP,Espagne,% GDP,family_total,in_kind,0.716,0
2019,ESP,Espagne,% GDP,family_total,in_kind,0.741,0
2020,ESP,Espagne,% GDP,family_total,in_kind,0.881,0
2021,ESP,Espagne,% GDP,family_total,in_kind,0.855,0
1990,SWE,Suède,% GDP,family_total,in_kind,2.169,0
1991,SWE,Suède,% GDP,family_total,in_kind,2.269,0
1992,SWE,Suède,% GDP,family_total,in_kind,2.245,0
1993,SWE,Suède,% GDP,family_total,in_kind,1.984,0
1994,SWE,Suède,% GDP,family_total,in_kind,1.944,0
1995,SWE,Suède,% GDP,family_total,in_kind,1.737,0
1996,SWE,Suède,% GDP,family_total,in_kind,1.791,0
1997,SWE,Suède,% GDP,family_total,in_kind,1.709,0
1998,SWE,Suède,% GDP,family_total,in_kind,1.63,0
1999,SWE,Suède,% GDP,family_total,in_kind,1.617,0
2000,SWE,Suède,% GDP,family_total,in_kind,1.372,0
2001,SWE,Suède,% GDP,family_total,in_kind,1.441,0
2002,SWE,Suède,% GDP,family_total,in_kind,1.595,0
2003,SWE,Suède,% GDP,family_total,in_kind,1.662,0
2004,SWE,Suède,% GDP,family_total,in_kind,1.669,0
2005,SWE,Suède,% GDP,family_total,in_kind,1.713,0
2006,SWE,Suède,% GDP,family_total,in_kind,1.771,0
2007,SWE,Suède,% GDP,family_total,in_kind,1.773,0
2008,SWE,Suède,% GDP,family_total,in_kind,1.911,0
2009,SWE,Suède,% GDP,family_total,in_kind,2.026,0
2010,SWE,Suède,% GDP,family_total,in_kind,1.966,0
2011,SWE,Suède,% GDP,family_total,in_kind,1.991,0
2012,SWE,Suède,% GDP,family_total,in_kind,2.085,0
2013,SWE,Suède,% GDP,family_total,in_kind,2.125,0
2014,SWE,Suède,% GDP,family_total,in_kind,2.162,0
2015,SWE,Suède,% GDP,family_total,in_kind,2.131,0
2016,SWE,Suède,% GDP,family_total,in_kind,2.158,0
2017,SWE,Suède,% GDP,family_total,in_kind,2.159,0
2018,SWE,Suède,% GDP,family_total,in_kind,2.171,0
2019,SWE,Suède,% GDP,family_total,in_kind,2.137,0
2020,SWE,Suède,% GDP,family_total,in_kind,2.173,0
2021,SWE,Suède,% GDP,family_total,in_kind,2.049,0
1990,CHE,Suisse,% GDP,family_total,in_kind,0.078,0
1991,CHE,Suisse,% GDP,family_total,in_kind,0.08,0
1992,CHE,Suisse,% GDP,family_total,in_kind,0.084,0
1993,CHE,Suisse,% GDP,family_total,in_kind,0.084,0
1994,CHE,Suisse,% GDP,family_total,in_kind,0.078,0
1995,CHE,Suisse,% GDP,family_total,in_kind,0.077,0
1996,CHE,Suisse,% GDP,family_total,in_kind,0.085,0
1997,CHE,Suisse,% GDP,family_total,in_kind,0.077,0
1998,CHE,Suisse,% GDP,family_total,in_kind,0.186,0
1999,CHE,Suisse,% GDP,family_total,in_kind,0.197,0
2000,CHE,Suisse,% GDP,family_total,in_kind,0.198,0
2001,CHE,Suisse,% GDP,family_total,in_kind,0.203,0
2002,CHE,Suisse,% GDP,family_total,in_kind,0.219,0
2003,CHE,Suisse,% GDP,family_total,in_kind,0.224,0
2004,CHE,Suisse,% GDP,family_total,in_kind,0.222,0
2005,CHE,Suisse,% GDP,family_total,in_kind,0.233,0
2006,CHE,Suisse,% GDP,family_total,in_kind,0.226,0
2007,CHE,Suisse,% GDP,family_total,in_kind,0.22,0
2008,CHE,Suisse,% GDP,family_total,in_kind,0.213,0
2009,CHE,Suisse,% GDP,family_total,in_kind,0.237,0
2010,CHE,Suisse,% GDP,family_total,in_kind,0.235,0
2011,CHE,Suisse,% GDP,family_total,in_kind,0.231,0
2012,CHE,Suisse,% GDP,family_total,in_kind,0.244,0
2013,CHE,Suisse,% GDP,family_total,in_kind,0.235,0
2014,CHE,Suisse,% GDP,family_total,in_kind,0.278,0
2015,CHE,Suisse,% GDP,family_total,in_kind,0.405,0
2016,CHE,Suisse,% GDP,family_total,in_kind,0.398,0
2017,CHE,Suisse,% GDP,family_total,in_kind,0.401,0
2018,CHE,Suisse,% GDP,family_total,in_kind,0.395,0
2019,CHE,Suisse,% GDP,family_total,in_kind,0.419,0
2020,CHE,Suisse,% GDP,family_total,in_kind,0.45,0
2021,CHE,Suisse,% GDP,family_total,in_kind,0.434,0
1990,GBR,Royaume-Uni,% GDP,family_total,in_kind,0.355,0
1991,GBR,Royaume-Uni,% GDP,family_total,in_kind,0.382,0
1992,GBR,Royaume-Uni,% GDP,family_total,in_kind,0.397,0
1993,GBR,Royaume-Uni,% GDP,family_total,in_kind,0.411,0
1994,GBR,Royaume-Uni,% GDP,family_total,in_kind,0.424,0
1995,GBR,Royaume-Uni,% GDP,family_total,in_kind,0.413,0
1996,GBR,Royaume-Uni,% GDP,family_total,in_kind,0.413,0
1997,GBR,Royaume-Uni,% GDP,family_total,in_kind,0.414,0
1998,GBR,Royaume-Uni,% GDP,family_total,in_kind,0.948,0
1999,GBR,Royaume-Uni,% GDP,family_total,in_kind,0.739,0
2000,GBR,Royaume-Uni,% GDP,family_total,in_kind,0.764,0
2001,GBR,Royaume-Uni,% GDP,family_total,in_kind,0.829,0
2002,GBR,Royaume-Uni,% GDP,family_total,in_kind,0.871,0
2003,GBR,Royaume-Uni,% GDP,family_total,in_kind,0.845,0
2004,GBR,Royaume-Uni,% GDP,family_total,in_kind,0.925,0
2005,GBR,Royaume-Uni,% GDP,family_total,in_kind,0.909,0
2006,GBR,Royaume-Uni,% GDP,family_total,in_kind,0.949,0
2007,GBR,Royaume-Uni,% GDP,family_total,in_kind,1.088,0
2008,GBR,Royaume-Uni,% GDP,family_total,in_kind,1.107,0
2009,GBR,Royaume-Uni,% GDP,family_total,in_kind,1.207,0
2010,GBR,Royaume-Uni,% GDP,family_total,in_kind,1.378,0
2011,GBR,Royaume-Uni,% GDP,family_total,in_kind,1.365,0
2012,GBR,Royaume-Uni,% GDP,family_total,in_kind,1.391,0
2013,GBR,Royaume-Uni,% GDP,family_total,in_kind,1.285,0
2014,GBR,Royaume-Uni,% GDP,family_total,in_kind,1.176,0
2015,GBR,Royaume-Uni,% GDP,family_total,in_kind,1.224,0
2016,GBR,Royaume-Uni,% GDP,family_total,in_kind,1.126,0
2017,GBR,Royaume-Uni,% GDP,family_total,in_kind,1.111,0
2018,GBR,Royaume-Uni,% GDP,family_total,in_kind,1.075,0
2019,GBR,Royaume-Uni,% GDP,family_total,in_kind,0.98,0
2020,GBR,Royaume-Uni,% GDP,family_total,in_kind,1.028,0
2021,GBR,Royaume-Uni,% GDP,family_total,in_kind,0.976,0
2005,BGR,Bulgarie,% GDP,family_total,in_kind,0.085,0
2006,BGR,Bulgarie,% GDP,family_total,in_kind,0.087,0
2007,BGR,Bulgarie,% GDP,family_total,in_kind,0.105,0
2008,BGR,Bulgarie,% GDP,family_total,in_kind,0.151,0
2009,BGR,Bulgarie,% GDP,family_total,in_kind,0.188,0
2010,BGR,Bulgarie,% GDP,family_total,in_kind,0.162,0
2011,BGR,Bulgarie,% GDP,family_total,in_kind,0.168,0
2012,BGR,Bulgarie,% GDP,family_total,in_kind,1.022,0
2013,BGR,Bulgarie,% GDP,family_total,in_kind,1.199,0
2014,BGR,Bulgarie,% GDP,family_total,in_kind,1.22,0
2015,BGR,Bulgarie,% GDP,family_total,in_kind,1.115,0
2016,BGR,Bulgarie,% GDP,family_total,in_kind,1.094,0
2017,BGR,Bulgarie,% GDP,family_total,in_kind,1.082,0
2018,BGR,Bulgarie,% GDP,family_total,in_kind,1.071,0
2019,BGR,Bulgarie,% GDP,family_total,in_kind,1.094,0
2020,BGR,Bulgarie,% GDP,family_total,in_kind,1.14,0
2021,BGR,Bulgarie,% GDP,family_total,in_kind,1.202,0
2008,HRV,Croatie,% GDP,family_total,in_kind,0.276,0
2009,HRV,Croatie,% GDP,family_total,in_kind,0.323,0
2010,HRV,Croatie,% GDP,family_total,in_kind,0.325,0
2011,HRV,Croatie,% GDP,family_total,in_kind,0.324,0
2012,HRV,Croatie,% GDP,family_total,in_kind,0.325,0
2013,HRV,Croatie,% GDP,family_total,in_kind,0.33,0
2014,HRV,Croatie,% GDP,family_total,in_kind,0.72,0
2015,HRV,Croatie,% GDP,family_total,in_kind,0.688,0
2016,HRV,Croatie,% GDP,family_total,in_kind,0.702,0
2017,HRV,Croatie,% GDP,family_total,in_kind,0.66,0
2018,HRV,Croatie,% GDP,family_total,in_kind,0.698,0
2019,HRV,Croatie,% GDP,family_total,in_kind,0.686,0
2020,HRV,Croatie,% GDP,family_total,in_kind,0.774,0
2021,HRV,Croatie,% GDP,family_total,in_kind,0.724,0
2000,ROU,Roumanie,% GDP,family_total,in_kind,0.602,0
2001,ROU,Roumanie,% GDP,family_total,in_kind,0.581,0
2002,ROU,Roumanie,% GDP,family_total,in_kind,0.823,0
2003,ROU,Roumanie,% GDP,family_total,in_kind,0.616,0
2004,ROU,Roumanie,% GDP,family_total,in_kind,0.605,0
2005,ROU,Roumanie,% GDP,family_total,in_kind,0.649,0
2006,ROU,Roumanie,% GDP,family_total,in_kind,0.684,0
2007,ROU,Roumanie,% GDP,family_total,in_kind,0.632,0
2008,ROU,Roumanie,% GDP,family_total,in_kind,0.553,0
2009,ROU,Roumanie,% GDP,family_total,in_kind,0.521,0
2010,ROU,Roumanie,% GDP,family_total,in_kind,0.45,0
2011,ROU,Roumanie,% GDP,family_total,in_kind,0.632,0
2012,ROU,Roumanie,% GDP,family_total,in_kind,0.644,0
2013,ROU,Roumanie,% GDP,family_total,in_kind,0.648,0
2014,ROU,Roumanie,% GDP,family_total,in_kind,0.69,0
2015,ROU,Roumanie,% GDP,family_total,in_kind,0.63,0
2016,ROU,Roumanie,% GDP,family_total,in_kind,0.625,0
2017,ROU,Roumanie,% GDP,family_total,in_kind,0.645,0
2018,ROU,Roumanie,% GDP,family_total,in_kind,0.687,0
2019,ROU,Roumanie,% GDP,family_total,in_kind,0.768,0
2020,ROU,Roumanie,% GDP,family_total,in_kind,0.785,0
2021,ROU,Roumanie,% GDP,family_total,in_kind,0.695,0
1990,AUT,Autriche,% GDP,family_total,Total,2.54,0
1991,AUT,Autriche,% GDP,family_total,Total,2.531,0
1992,AUT,Autriche,% GDP,family_total,Total,2.784,0
1993,AUT,Autriche,% GDP,family_total,Total,2.968,0
1994,AUT,Autriche,% GDP,family_total,Total,3.316,0
1995,AUT,Autriche,% GDP,family_total,Total,3.277,0
1996,AUT,Autriche,% GDP,family_total,Total,3.166,0
1997,AUT,Autriche,% GDP,family_total,Total,2.96,0
1998,AUT,Autriche,% GDP,family_total,Total,2.713,0
1999,AUT,Autriche,% GDP,family_total,Total,2.822,0
2000,AUT,Autriche,% GDP,family_total,Total,2.946,0
2001,AUT,Autriche,% GDP,family_total,Total,2.872,0
2002,AUT,Autriche,% GDP,family_total,Total,2.917,0
2003,AUT,Autriche,% GDP,family_total,Total,3.03,0
2004,AUT,Autriche,% GDP,family_total,Total,2.986,0
2005,AUT,Autriche,% GDP,family_total,Total,2.908,0
2006,AUT,Autriche,% GDP,family_total,Total,2.795,0
2007,AUT,Autriche,% GDP,family_total,Total,2.664,0
2008,AUT,Autriche,% GDP,family_total,Total,2.731,0
2009,AUT,Autriche,% GDP,family_total,Total,2.94,0
2010,AUT,Autriche,% GDP,family_total,Total,2.971,0
2011,AUT,Autriche,% GDP,family_total,Total,2.714,0
2012,AUT,Autriche,% GDP,family_total,Total,2.664,0
2013,AUT,Autriche,% GDP,family_total,Total,2.683,0
2014,AUT,Autriche,% GDP,family_total,Total,2.645,0
2015,AUT,Autriche,% GDP,family_total,Total,2.678,0
2016,AUT,Autriche,% GDP,family_total,Total,2.665,0
2017,AUT,Autriche,% GDP,family_total,Total,2.622,0
2018,AUT,Autriche,% GDP,family_total,Total,2.562,0
2019,AUT,Autriche,% GDP,family_total,Total,2.524,0
2020,AUT,Autriche,% GDP,family_total,Total,2.877,0
2021,AUT,Autriche,% GDP,family_total,Total,2.59,0
1990,BEL,Belgique,% GDP,family_total,Total,2.223,0
1991,BEL,Belgique,% GDP,family_total,Total,2.212,0
1992,BEL,Belgique,% GDP,family_total,Total,2.222,0
1993,BEL,Belgique,% GDP,family_total,Total,2.317,0
1994,BEL,Belgique,% GDP,family_total,Total,2.195,0
1995,BEL,Belgique,% GDP,family_total,Total,2.243,0
1996,BEL,Belgique,% GDP,family_total,Total,2.265,0
1997,BEL,Belgique,% GDP,family_total,Total,2.374,0
1998,BEL,Belgique,% GDP,family_total,Total,2.727,0
1999,BEL,Belgique,% GDP,family_total,Total,2.679,0
2000,BEL,Belgique,% GDP,family_total,Total,2.468,0
2001,BEL,Belgique,% GDP,family_total,Total,2.569,0
2002,BEL,Belgique,% GDP,family_total,Total,2.606,0
2003,BEL,Belgique,% GDP,family_total,Total,2.661,0
2004,BEL,Belgique,% GDP,family_total,Total,2.611,0
2005,BEL,Belgique,% GDP,family_total,Total,2.586,0
2006,BEL,Belgique,% GDP,family_total,Total,2.586,0
2007,BEL,Belgique,% GDP,family_total,Total,2.642,0
2008,BEL,Belgique,% GDP,family_total,Total,2.675,0
2009,BEL,Belgique,% GDP,family_total,Total,2.836,0
2010,BEL,Belgique,% GDP,family_total,Total,2.83,0
2011,BEL,Belgique,% GDP,family_total,Total,2.843,0
2012,BEL,Belgique,% GDP,family_total,Total,2.793,0
2013,BEL,Belgique,% GDP,family_total,Total,2.832,0
2014,BEL,Belgique,% GDP,family_total,Total,2.846,0
2015,BEL,Belgique,% GDP,family_total,Total,2.785,0
2016,BEL,Belgique,% GDP,family_total,Total,2.776,0
2017,BEL,Belgique,% GDP,family_total,Total,2.754,0
2018,BEL,Belgique,% GDP,family_total,Total,2.729,0
2019,BEL,Belgique,% GDP,family_total,Total,2.733,0
2020,BEL,Belgique,% GDP,family_total,Total,2.99,0
2021,BEL,Belgique,% GDP,family_total,Total,2.803,0
1990,DNK,Danemark,% GDP,family_total,Total,3.194,0
1991,DNK,Danemark,% GDP,family_total,Total,3.261,0
1992,DNK,Danemark,% GDP,family_total,Total,3.349,0
1993,DNK,Danemark,% GDP,family_total,Total,3.553,0
1994,DNK,Danemark,% GDP,family_total,Total,3.823,0
1995,DNK,Danemark,% GDP,family_total,Total,3.778,0
1996,DNK,Danemark,% GDP,family_total,Total,3.711,0
1997,DNK,Danemark,% GDP,family_total,Total,3.642,0
1998,DNK,Danemark,% GDP,family_total,Total,3.469,0
1999,DNK,Danemark,% GDP,family_total,Total,3.484,0
2000,DNK,Danemark,% GDP,family_total,Total,3.398,0
2001,DNK,Danemark,% GDP,family_total,Total,3.461,0
2002,DNK,Danemark,% GDP,family_total,Total,3.553,0
2003,DNK,Danemark,% GDP,family_total,Total,3.666,0
2004,DNK,Danemark,% GDP,family_total,Total,3.566,0
2005,DNK,Danemark,% GDP,family_total,Total,3.491,0
2006,DNK,Danemark,% GDP,family_total,Total,3.448,0
2007,DNK,Danemark,% GDP,family_total,Total,3.666,0
2008,DNK,Danemark,% GDP,family_total,Total,3.708,0
2009,DNK,Danemark,% GDP,family_total,Total,4.042,0
2010,DNK,Danemark,% GDP,family_total,Total,3.889,0
2011,DNK,Danemark,% GDP,family_total,Total,3.918,0
2012,DNK,Danemark,% GDP,family_total,Total,3.808,0
2013,DNK,Danemark,% GDP,family_total,Total,3.721,0
2014,DNK,Danemark,% GDP,family_total,Total,3.62,0
2015,DNK,Danemark,% GDP,family_total,Total,3.53,0
2016,DNK,Danemark,% GDP,family_total,Total,3.489,0
2017,DNK,Danemark,% GDP,family_total,Total,3.404,0
2018,DNK,Danemark,% GDP,family_total,Total,3.387,0
2019,DNK,Danemark,% GDP,family_total,Total,3.323,0
2020,DNK,Danemark,% GDP,family_total,Total,3.402,0
2021,DNK,Danemark,% GDP,family_total,Total,3.146,0
1999,EST,Estonie,% GDP,family_total,Total,1.738,0
2000,EST,Estonie,% GDP,family_total,Total,1.746,0
2001,EST,Estonie,% GDP,family_total,Total,1.605,0
2002,EST,Estonie,% GDP,family_total,Total,1.575,0
2003,EST,Estonie,% GDP,family_total,Total,1.422,0
2004,EST,Estonie,% GDP,family_total,Total,1.837,0
2005,EST,Estonie,% GDP,family_total,Total,1.738,0
2006,EST,Estonie,% GDP,family_total,Total,3.115,0
2007,EST,Estonie,% GDP,family_total,Total,1.611,0
2008,EST,Estonie,% GDP,family_total,Total,2.103,0
2009,EST,Estonie,% GDP,family_total,Total,2.56,0
2010,EST,Estonie,% GDP,family_total,Total,2.557,0
2011,EST,Estonie,% GDP,family_total,Total,2.223,0
2012,EST,Estonie,% GDP,family_total,Total,2.02,0
2013,EST,Estonie,% GDP,family_total,Total,1.829,0
2014,EST,Estonie,% GDP,family_total,Total,2.257,0
2015,EST,Estonie,% GDP,family_total,Total,2.736,0
2016,EST,Estonie,% GDP,family_total,Total,2.845,0
2017,EST,Estonie,% GDP,family_total,Total,2.767,0
2018,EST,Estonie,% GDP,family_total,Total,3.058,0
2019,EST,Estonie,% GDP,family_total,Total,3.128,0
2020,EST,Estonie,% GDP,family_total,Total,3.286,0
2021,EST,Estonie,% GDP,family_total,Total,2.995,0
1990,FIN,Finlande,% GDP,family_total,Total,3.141,0
1991,FIN,Finlande,% GDP,family_total,Total,3.702,0
1992,FIN,Finlande,% GDP,family_total,Total,4.021,0
1993,FIN,Finlande,% GDP,family_total,Total,3.905,0
1994,FIN,Finlande,% GDP,family_total,Total,4.315,0
1995,FIN,Finlande,% GDP,family_total,Total,3.951,0
1996,FIN,Finlande,% GDP,family_total,Total,3.679,0
1997,FIN,Finlande,% GDP,family_total,Total,3.441,0
1998,FIN,Finlande,% GDP,family_total,Total,3.246,0
1999,FIN,Finlande,% GDP,family_total,Total,3.13,0
2000,FIN,Finlande,% GDP,family_total,Total,2.931,0
2001,FIN,Finlande,% GDP,family_total,Total,2.819,0
2002,FIN,Finlande,% GDP,family_total,Total,2.8,0
2003,FIN,Finlande,% GDP,family_total,Total,2.812,0
2004,FIN,Finlande,% GDP,family_total,Total,2.821,0
2005,FIN,Finlande,% GDP,family_total,Total,2.835,0
2006,FIN,Finlande,% GDP,family_total,Total,2.805,0
2007,FIN,Finlande,% GDP,family_total,Total,2.717,0
2008,FIN,Finlande,% GDP,family_total,Total,2.781,0
2009,FIN,Finlande,% GDP,family_total,Total,3.124,0
2010,FIN,Finlande,% GDP,family_total,Total,3.102,0
2011,FIN,Finlande,% GDP,family_total,Total,3.079,0
2012,FIN,Finlande,% GDP,family_total,Total,3.184,0
2013,FIN,Finlande,% GDP,family_total,Total,3.211,0
2014,FIN,Finlande,% GDP,family_total,Total,3.18,0
2015,FIN,Finlande,% GDP,family_total,Total,3.103,0
2016,FIN,Finlande,% GDP,family_total,Total,3.028,0
2017,FIN,Finlande,% GDP,family_total,Total,2.885,0
2018,FIN,Finlande,% GDP,family_total,Total,2.889,0
2019,FIN,Finlande,% GDP,family_total,Total,2.906,0
2020,FIN,Finlande,% GDP,family_total,Total,3.019,0
2021,FIN,Finlande,% GDP,family_total,Total,3.09,0
1990,FRA,France,% GDP,family_total,Total,2.469,0
1991,FRA,France,% GDP,family_total,Total,2.467,0
1992,FRA,France,% GDP,family_total,Total,2.467,0
1993,FRA,France,% GDP,family_total,Total,2.645,0
1994,FRA,France,% GDP,family_total,Total,2.644,0
1995,FRA,France,% GDP,family_total,Total,2.67,0
1996,FRA,France,% GDP,family_total,Total,2.677,0
1997,FRA,France,% GDP,family_total,Total,2.73,0
1998,FRA,France,% GDP,family_total,Total,3.303,0
1999,FRA,France,% GDP,family_total,Total,3.283,0
2000,FRA,France,% GDP,family_total,Total,3.016,0
2001,FRA,France,% GDP,family_total,Total,2.945,0
2002,FRA,France,% GDP,family_total,Total,2.934,0
2003,FRA,France,% GDP,family_total,Total,2.988,0
2004,FRA,France,% GDP,family_total,Total,3.017,0
2005,FRA,France,% GDP,family_total,Total,2.941,0
2006,FRA,France,% GDP,family_total,Total,2.852,0
2007,FRA,France,% GDP,family_total,Total,2.827,0
2008,FRA,France,% GDP,family_total,Total,2.81,0
2009,FRA,France,% GDP,family_total,Total,3.002,0
2010,FRA,France,% GDP,family_total,Total,2.92,0
2011,FRA,France,% GDP,family_total,Total,2.861,0
2012,FRA,France,% GDP,family_total,Total,2.911,0
2013,FRA,France,% GDP,family_total,Total,2.974,0
2014,FRA,France,% GDP,family_total,Total,2.979,0
2015,FRA,France,% GDP,family_total,Total,2.924,0
2016,FRA,France,% GDP,family_total,Total,2.891,0
2017,FRA,France,% GDP,family_total,Total,2.864,0
2018,FRA,France,% GDP,family_total,Total,2.797,0
2019,FRA,France,% GDP,family_total,Total,2.719,0
2020,FRA,France,% GDP,family_total,Total,2.912,0
2021,FRA,France,% GDP,family_total,Total,2.655,0
1990,DEU,Allemagne,% GDP,family_total,Total,1.828,0
1991,DEU,Allemagne,% GDP,family_total,Total,2.103,0
1992,DEU,Allemagne,% GDP,family_total,Total,2.167,0
1993,DEU,Allemagne,% GDP,family_total,Total,2.181,0
1994,DEU,Allemagne,% GDP,family_total,Total,2.079,0
1995,DEU,Allemagne,% GDP,family_total,Total,2.063,0
1996,DEU,Allemagne,% GDP,family_total,Total,1.99,0
1997,DEU,Allemagne,% GDP,family_total,Total,2.036,0
1998,DEU,Allemagne,% GDP,family_total,Total,2.024,0
1999,DEU,Allemagne,% GDP,family_total,Total,2.056,0
2000,DEU,Allemagne,% GDP,family_total,Total,2.035,0
2001,DEU,Allemagne,% GDP,family_total,Total,1.988,0
2002,DEU,Allemagne,% GDP,family_total,Total,2.057,0
2003,DEU,Allemagne,% GDP,family_total,Total,2.06,0
2004,DEU,Allemagne,% GDP,family_total,Total,2.02,0
2005,DEU,Allemagne,% GDP,family_total,Total,2.013,0
2006,DEU,Allemagne,% GDP,family_total,Total,1.707,0
2007,DEU,Allemagne,% GDP,family_total,Total,1.783,0
2008,DEU,Allemagne,% GDP,family_total,Total,1.866,0
2009,DEU,Allemagne,% GDP,family_total,Total,2.126,0
2010,DEU,Allemagne,% GDP,family_total,Total,2.136,0
2011,DEU,Allemagne,% GDP,family_total,Total,2.091,0
2012,DEU,Allemagne,% GDP,family_total,Total,2.115,0
2013,DEU,Allemagne,% GDP,family_total,Total,2.161,0
2014,DEU,Allemagne,% GDP,family_total,Total,2.173,0
2015,DEU,Allemagne,% GDP,family_total,Total,2.21,0
2016,DEU,Allemagne,% GDP,family_total,Total,2.261,0
2017,DEU,Allemagne,% GDP,family_total,Total,2.272,0
2018,DEU,Allemagne,% GDP,family_total,Total,2.32,0
2019,DEU,Allemagne,% GDP,family_total,Total,2.37,0
2020,DEU,Allemagne,% GDP,family_total,Total,2.745,0
2021,DEU,Allemagne,% GDP,family_total,Total,2.645,0
1990,GRC,Grèce,% GDP,family_total,Total,0.66,0
1991,GRC,Grèce,% GDP,family_total,Total,0.795,0
1992,GRC,Grèce,% GDP,family_total,Total,0.777,0
1993,GRC,Grèce,% GDP,family_total,Total,0.795,0
1994,GRC,Grèce,% GDP,family_total,Total,1.019,0
1995,GRC,Grèce,% GDP,family_total,Total,1.014,0
1996,GRC,Grèce,% GDP,family_total,Total,1.001,0
1997,GRC,Grèce,% GDP,family_total,Total,0.955,0
1998,GRC,Grèce,% GDP,family_total,Total,0.999,0
1999,GRC,Grèce,% GDP,family_total,Total,0.947,0
2000,GRC,Grèce,% GDP,family_total,Total,0.849,0
2001,GRC,Grèce,% GDP,family_total,Total,0.782,0
2002,GRC,Grèce,% GDP,family_total,Total,0.747,0
2003,GRC,Grèce,% GDP,family_total,Total,0.778,0
2004,GRC,Grèce,% GDP,family_total,Total,0.797,0
2005,GRC,Grèce,% GDP,family_total,Total,0.797,0
2006,GRC,Grèce,% GDP,family_total,Total,0.752,0
2007,GRC,Grèce,% GDP,family_total,Total,0.853,0
2008,GRC,Grèce,% GDP,family_total,Total,0.851,0
2009,GRC,Grèce,% GDP,family_total,Total,0.967,0
2010,GRC,Grèce,% GDP,family_total,Total,0.981,0
2011,GRC,Grèce,% GDP,family_total,Total,1.021,0
2012,GRC,Grèce,% GDP,family_total,Total,1.193,0
2013,GRC,Grèce,% GDP,family_total,Total,1.342,0
2014,GRC,Grèce,% GDP,family_total,Total,1.384,0
2015,GRC,Grèce,% GDP,family_total,Total,1.287,0
2016,GRC,Grèce,% GDP,family_total,Total,1.265,0
2017,GRC,Grèce,% GDP,family_total,Total,1.645,0
2018,GRC,Grèce,% GDP,family_total,Total,1.867,0
2019,GRC,Grèce,% GDP,family_total,Total,1.562,0
2020,GRC,Grèce,% GDP,family_total,Total,1.664,0
2021,GRC,Grèce,% GDP,family_total,Total,1.687,0
1999,HUN,Hongrie,% GDP,family_total,Total,3.123,0
2000,HUN,Hongrie,% GDP,family_total,Total,2.99,0
2001,HUN,Hongrie,% GDP,family_total,Total,2.874,0
2002,HUN,Hongrie,% GDP,family_total,Total,2.945,0
2003,HUN,Hongrie,% GDP,family_total,Total,3.213,0
2004,HUN,Hongrie,% GDP,family_total,Total,2.951,0
2005,HUN,Hongrie,% GDP,family_total,Total,2.997,0
2006,HUN,Hongrie,% GDP,family_total,Total,3.262,0
2007,HUN,Hongrie,% GDP,family_total,Total,3.219,0
2008,HUN,Hongrie,% GDP,family_total,Total,3.243,0
2009,HUN,Hongrie,% GDP,family_total,Total,3.394,0
2010,HUN,Hongrie,% GDP,family_total,Total,3.367,0
2011,HUN,Hongrie,% GDP,family_total,Total,3.168,0
2012,HUN,Hongrie,% GDP,family_total,Total,3.068,0
2013,HUN,Hongrie,% GDP,family_total,Total,2.971,0
2014,HUN,Hongrie,% GDP,family_total,Total,2.873,0
2015,HUN,Hongrie,% GDP,family_total,Total,2.712,0
2016,HUN,Hongrie,% GDP,family_total,Total,2.654,0
2017,HUN,Hongrie,% GDP,family_total,Total,2.584,0
2018,HUN,Hongrie,% GDP,family_total,Total,2.495,0
2019,HUN,Hongrie,% GDP,family_total,Total,2.372,0
2020,HUN,Hongrie,% GDP,family_total,Total,2.495,0
2021,HUN,Hongrie,% GDP,family_total,Total,2.321,0
1990,ISL,Islande,% GDP,family_total,Total,2.361,0
1991,ISL,Islande,% GDP,family_total,Total,2.45,0
1992,ISL,Islande,% GDP,family_total,Total,2.462,0
1993,ISL,Islande,% GDP,family_total,Total,2.369,0
1994,ISL,Islande,% GDP,family_total,Total,2.316,0
1995,ISL,Islande,% GDP,family_total,Total,2.36,0
1996,ISL,Islande,% GDP,family_total,Total,2.433,0
1997,ISL,Islande,% GDP,family_total,Total,2.32,0
1998,ISL,Islande,% GDP,family_total,Total,2.209,0
1999,ISL,Islande,% GDP,family_total,Total,2.182,0
2000,ISL,Islande,% GDP,family_total,Total,2.123,0
2001,ISL,Islande,% GDP,family_total,Total,2.386,0
2002,ISL,Islande,% GDP,family_total,Total,2.58,0
2003,ISL,Islande,% GDP,family_total,Total,2.945,0
2004,ISL,Islande,% GDP,family_total,Total,2.984,0
2005,ISL,Islande,% GDP,family_total,Total,2.857,0
2006,ISL,Islande,% GDP,family_total,Total,2.963,0
2007,ISL,Islande,% GDP,family_total,Total,3.33,0
2008,ISL,Islande,% GDP,family_total,Total,3.422,0
2009,ISL,Islande,% GDP,family_total,Total,3.645,0
2010,ISL,Islande,% GDP,family_total,Total,3.521,0
2011,ISL,Islande,% GDP,family_total,Total,3.272,0
2012,ISL,Islande,% GDP,family_total,Total,3.352,0
2013,ISL,Islande,% GDP,family_total,Total,3.429,0
2014,ISL,Islande,% GDP,family_total,Total,3.518,0
2015,ISL,Islande,% GDP,family_total,Total,3.285,0
2016,ISL,Islande,% GDP,family_total,Total,3.194,0
2017,ISL,Islande,% GDP,family_total,Total,3.222,0
2018,ISL,Islande,% GDP,family_total,Total,3.313,0
2019,ISL,Islande,% GDP,family_total,Total,3.362,0
2020,ISL,Islande,% GDP,family_total,Total,3.936,0
2021,ISL,Islande,% GDP,family_total,Total,3.82,0
1990,IRL,Irlande,% GDP,family_total,Total,1.915,0
1991,IRL,Irlande,% GDP,family_total,Total,2.017,0
1992,IRL,Irlande,% GDP,family_total,Total,2.098,0
1993,IRL,Irlande,% GDP,family_total,Total,2.079,0
1994,IRL,Irlande,% GDP,family_total,Total,2.148,0
1995,IRL,Irlande,% GDP,family_total,Total,2.084,0
1996,IRL,Irlande,% GDP,family_total,Total,2.158,0
1997,IRL,Irlande,% GDP,family_total,Total,2.066,0
1998,IRL,Irlande,% GDP,family_total,Total,2.096,0
1999,IRL,Irlande,% GDP,family_total,Total,2.052,0
2000,IRL,Irlande,% GDP,family_total,Total,1.95,0
2001,IRL,Irlande,% GDP,family_total,Total,2.192,0
2002,IRL,Irlande,% GDP,family_total,Total,2.545,0
2003,IRL,Irlande,% GDP,family_total,Total,2.66,0
2004,IRL,Irlande,% GDP,family_total,Total,2.637,0
2005,IRL,Irlande,% GDP,family_total,Total,2.555,0
2006,IRL,Irlande,% GDP,family_total,Total,2.593,0
2007,IRL,Irlande,% GDP,family_total,Total,2.703,0
2008,IRL,Irlande,% GDP,family_total,Total,3.182,0
2009,IRL,Irlande,% GDP,family_total,Total,3.686,0
2010,IRL,Irlande,% GDP,family_total,Total,3.428,0
2011,IRL,Irlande,% GDP,family_total,Total,3.201,0
2012,IRL,Irlande,% GDP,family_total,Total,3.137,0
2013,IRL,Irlande,% GDP,family_total,Total,2.871,0
2014,IRL,Irlande,% GDP,family_total,Total,2.584,0
2015,IRL,Irlande,% GDP,family_total,Total,1.923,0
2016,IRL,Irlande,% GDP,family_total,Total,1.94,0
2017,IRL,Irlande,% GDP,family_total,Total,1.784,0
2018,IRL,Irlande,% GDP,family_total,Total,1.699,0
2019,IRL,Irlande,% GDP,family_total,Total,1.609,0
2020,IRL,Irlande,% GDP,family_total,Total,1.511,0
2021,IRL,Irlande,% GDP,family_total,Total,1.334,0
1990,ITA,Italie,% GDP,family_total,Total,0.867,0
1991,ITA,Italie,% GDP,family_total,Total,0.72,0
1992,ITA,Italie,% GDP,family_total,Total,0.709,0
1993,ITA,Italie,% GDP,family_total,Total,0.683,0
1994,ITA,Italie,% GDP,family_total,Total,0.664,0
1995,ITA,Italie,% GDP,family_total,Total,0.577,0
1996,ITA,Italie,% GDP,family_total,Total,0.618,0
1997,ITA,Italie,% GDP,family_total,Total,0.665,0
1998,ITA,Italie,% GDP,family_total,Total,1.072,0
1999,ITA,Italie,% GDP,family_total,Total,1.163,0
2000,ITA,Italie,% GDP,family_total,Total,1.166,0
2001,ITA,Italie,% GDP,family_total,Total,1.212,0
2002,ITA,Italie,% GDP,family_total,Total,1.113,0
2003,ITA,Italie,% GDP,family_total,Total,1.196,0
2004,ITA,Italie,% GDP,family_total,Total,1.213,0
2005,ITA,Italie,% GDP,family_total,Total,1.2,0
2006,ITA,Italie,% GDP,family_total,Total,1.28,0
2007,ITA,Italie,% GDP,family_total,Total,1.267,0
2008,ITA,Italie,% GDP,family_total,Total,1.316,0
2009,ITA,Italie,% GDP,family_total,Total,1.468,0
2010,ITA,Italie,% GDP,family_total,Total,1.315,0
2011,ITA,Italie,% GDP,family_total,Total,1.313,0
2012,ITA,Italie,% GDP,family_total,Total,1.37,0
2013,ITA,Italie,% GDP,family_total,Total,1.405,0
2014,ITA,Italie,% GDP,family_total,Total,1.396,0
2015,ITA,Italie,% GDP,family_total,Total,1.386,0
2016,ITA,Italie,% GDP,family_total,Total,1.37,0
2017,ITA,Italie,% GDP,family_total,Total,1.402,0
2018,ITA,Italie,% GDP,family_total,Total,1.404,0
2019,ITA,Italie,% GDP,family_total,Total,1.407,0
2020,ITA,Italie,% GDP,family_total,Total,1.514,0
2021,ITA,Italie,% GDP,family_total,Total,1.425,0
1997,LVA,Lettonie,% GDP,family_total,Total,1.506,0
1998,LVA,Lettonie,% GDP,family_total,Total,1.54,0
1999,LVA,Lettonie,% GDP,family_total,Total,1.627,0
2000,LVA,Lettonie,% GDP,family_total,Total,1.525,0
2001,LVA,Lettonie,% GDP,family_total,Total,1.469,0
2002,LVA,Lettonie,% GDP,family_total,Total,1.386,0
2003,LVA,Lettonie,% GDP,family_total,Total,1.394,0
2004,LVA,Lettonie,% GDP,family_total,Total,1.287,0
2005,LVA,Lettonie,% GDP,family_total,Total,1.289,0
2006,LVA,Lettonie,% GDP,family_total,Total,1.179,0
2007,LVA,Lettonie,% GDP,family_total,Total,1.145,0
2008,LVA,Lettonie,% GDP,family_total,Total,1.98,0
2009,LVA,Lettonie,% GDP,family_total,Total,2.478,0
2010,LVA,Lettonie,% GDP,family_total,Total,2.198,0
2011,LVA,Lettonie,% GDP,family_total,Total,1.877,0
2012,LVA,Lettonie,% GDP,family_total,Total,1.681,0
2013,LVA,Lettonie,% GDP,family_total,Total,1.883,0
2014,LVA,Lettonie,% GDP,family_total,Total,2.024,0
2015,LVA,Lettonie,% GDP,family_total,Total,2.263,0
2016,LVA,Lettonie,% GDP,family_total,Total,2.328,0
2017,LVA,Lettonie,% GDP,family_total,Total,2.328,0
2018,LVA,Lettonie,% GDP,family_total,Total,2.32,0
2019,LVA,Lettonie,% GDP,family_total,Total,2.337,0
2020,LVA,Lettonie,% GDP,family_total,Total,2.491,0
2021,LVA,Lettonie,% GDP,family_total,Total,2.882,0
1996,LTU,Lituanie,% GDP,family_total,Total,0.814,0
1997,LTU,Lituanie,% GDP,family_total,Total,0.987,0
1998,LTU,Lituanie,% GDP,family_total,Total,1.264,0
1999,LTU,Lituanie,% GDP,family_total,Total,1.391,0
2000,LTU,Lituanie,% GDP,family_total,Total,1.324,0
2001,LTU,Lituanie,% GDP,family_total,Total,1.169,0
2002,LTU,Lituanie,% GDP,family_total,Total,1.096,0
2003,LTU,Lituanie,% GDP,family_total,Total,1.011,0
2004,LTU,Lituanie,% GDP,family_total,Total,1.121,0
2005,LTU,Lituanie,% GDP,family_total,Total,1.722,0
2006,LTU,Lituanie,% GDP,family_total,Total,1.66,0
2007,LTU,Lituanie,% GDP,family_total,Total,1.658,0
2008,LTU,Lituanie,% GDP,family_total,Total,2.316,0
2009,LTU,Lituanie,% GDP,family_total,Total,3.451,0
2010,LTU,Lituanie,% GDP,family_total,Total,2.695,0
2011,LTU,Lituanie,% GDP,family_total,Total,2.184,0
2012,LTU,Lituanie,% GDP,family_total,Total,1.802,0
2013,LTU,Lituanie,% GDP,family_total,Total,1.588,0
2014,LTU,Lituanie,% GDP,family_total,Total,1.581,0
2015,LTU,Lituanie,% GDP,family_total,Total,1.624,0
2016,LTU,Lituanie,% GDP,family_total,Total,1.714,0
2017,LTU,Lituanie,% GDP,family_total,Total,1.779,0
2018,LTU,Lituanie,% GDP,family_total,Total,2.248,0
2019,LTU,Lituanie,% GDP,family_total,Total,2.441,0
2020,LTU,Lituanie,% GDP,family_total,Total,3.006,0
2021,LTU,Lituanie,% GDP,family_total,Total,2.815,0
1990,LUX,Luxembourg,% GDP,family_total,Total,1.931,0
1991,LUX,Luxembourg,% GDP,family_total,Total,1.965,0
1992,LUX,Luxembourg,% GDP,family_total,Total,2.032,0
1993,LUX,Luxembourg,% GDP,family_total,Total,2.36,0
1994,LUX,Luxembourg,% GDP,family_total,Total,2.534,0
1995,LUX,Luxembourg,% GDP,family_total,Total,2.601,0
1996,LUX,Luxembourg,% GDP,family_total,Total,2.621,0
1997,LUX,Luxembourg,% GDP,family_total,Total,2.54,0
1998,LUX,Luxembourg,% GDP,family_total,Total,2.835,0
1999,LUX,Luxembourg,% GDP,family_total,Total,2.987,0
2000,LUX,Luxembourg,% GDP,family_total,Total,2.983,0
2001,LUX,Luxembourg,% GDP,family_total,Total,3.057,0
2002,LUX,Luxembourg,% GDP,family_total,Total,3.366,0
2003,LUX,Luxembourg,% GDP,family_total,Total,3.74,0
2004,LUX,Luxembourg,% GDP,family_total,Total,3.657,0
2005,LUX,Luxembourg,% GDP,family_total,Total,3.569,0
2006,LUX,Luxembourg,% GDP,family_total,Total,3.347,0
2007,LUX,Luxembourg,% GDP,family_total,Total,2.929,0
2008,LUX,Luxembourg,% GDP,family_total,Total,3.532,0
2009,LUX,Luxembourg,% GDP,family_total,Total,3.766,0
2010,LUX,Luxembourg,% GDP,family_total,Total,3.615,0
2011,LUX,Luxembourg,% GDP,family_total,Total,3.382,0
2012,LUX,Luxembourg,% GDP,family_total,Total,3.39,0
2013,LUX,Luxembourg,% GDP,family_total,Total,3.312,0
2014,LUX,Luxembourg,% GDP,family_total,Total,3.233,0
2015,LUX,Luxembourg,% GDP,family_total,Total,3.167,0
2016,LUX,Luxembourg,% GDP,family_total,Total,3.06,0
2017,LUX,Luxembourg,% GDP,family_total,Total,3.145,0
2018,LUX,Luxembourg,% GDP,family_total,Total,3.267,0
2019,LUX,Luxembourg,% GDP,family_total,Total,3.329,0
2020,LUX,Luxembourg,% GDP,family_total,Total,3.756,0
2021,LUX,Luxembourg,% GDP,family_total,Total,3.194,0
1990,NLD,Pays-Bas,% GDP,family_total,Total,1.541,0
1991,NLD,Pays-Bas,% GDP,family_total,Total,1.479,0
1992,NLD,Pays-Bas,% GDP,family_total,Total,1.394,0
1993,NLD,Pays-Bas,% GDP,family_total,Total,1.376,0
1994,NLD,Pays-Bas,% GDP,family_total,Total,1.33,0
1995,NLD,Pays-Bas,% GDP,family_total,Total,1.307,0
1996,NLD,Pays-Bas,% GDP,family_total,Total,1.173,0
1997,NLD,Pays-Bas,% GDP,family_total,Total,1.194,0
1998,NLD,Pays-Bas,% GDP,family_total,Total,1.472,0
1999,NLD,Pays-Bas,% GDP,family_total,Total,1.443,0
2000,NLD,Pays-Bas,% GDP,family_total,Total,1.494,0
2001,NLD,Pays-Bas,% GDP,family_total,Total,1.49,0
2002,NLD,Pays-Bas,% GDP,family_total,Total,1.577,0
2003,NLD,Pays-Bas,% GDP,family_total,Total,1.659,0
2004,NLD,Pays-Bas,% GDP,family_total,Total,1.63,0
2005,NLD,Pays-Bas,% GDP,family_total,Total,1.589,0
2006,NLD,Pays-Bas,% GDP,family_total,Total,1.801,0
2007,NLD,Pays-Bas,% GDP,family_total,Total,1.288,0
2008,NLD,Pays-Bas,% GDP,family_total,Total,1.498,0
2009,NLD,Pays-Bas,% GDP,family_total,Total,1.634,0
2010,NLD,Pays-Bas,% GDP,family_total,Total,1.597,0
2011,NLD,Pays-Bas,% GDP,family_total,Total,1.564,0
2012,NLD,Pays-Bas,% GDP,family_total,Total,1.456,0
2013,NLD,Pays-Bas,% GDP,family_total,Total,1.388,0
2014,NLD,Pays-Bas,% GDP,family_total,Total,1.324,0
2015,NLD,Pays-Bas,% GDP,family_total,Total,1.438,0
2016,NLD,Pays-Bas,% GDP,family_total,Total,1.476,0
2017,NLD,Pays-Bas,% GDP,family_total,Total,1.466,0
2018,NLD,Pays-Bas,% GDP,family_total,Total,1.467,0
2019,NLD,Pays-Bas,% GDP,family_total,Total,1.543,0
2020,NLD,Pays-Bas,% GDP,family_total,Total,1.665,0
2021,NLD,Pays-Bas,% GDP,family_total,Total,1.62,0
1990,NOR,Norvège,% GDP,family_total,Total,2.689,0
1991,NOR,Norvège,% GDP,family_total,Total,3.031,0
1992,NOR,Norvège,% GDP,family_total,Total,3.35,0
1993,NOR,Norvège,% GDP,family_total,Total,3.436,0
1994,NOR,Norvège,% GDP,family_total,Total,3.551,0
1995,NOR,Norvège,% GDP,family_total,Total,3.477,0
1996,NOR,Norvège,% GDP,family_total,Total,3.394,0
1997,NOR,Norvège,% GDP,family_total,Total,3.264,0
1998,NOR,Norvège,% GDP,family_total,Total,3.44,0
1999,NOR,Norvège,% GDP,family_total,Total,3.42,0
2000,NOR,Norvège,% GDP,family_total,Total,2.992,0
2001,NOR,Norvège,% GDP,family_total,Total,3.123,0
2002,NOR,Norvège,% GDP,family_total,Total,3.018,0
2003,NOR,Norvège,% GDP,family_total,Total,3.065,0
2004,NOR,Norvège,% GDP,family_total,Total,2.96,0
2005,NOR,Norvège,% GDP,family_total,Total,2.78,0
2006,NOR,Norvège,% GDP,family_total,Total,2.68,0
2007,NOR,Norvège,% GDP,family_total,Total,2.733,0
2008,NOR,Norvège,% GDP,family_total,Total,2.712,0
2009,NOR,Norvège,% GDP,family_total,Total,3.17,0
2010,NOR,Norvège,% GDP,family_total,Total,3.132,0
2011,NOR,Norvège,% GDP,family_total,Total,3.09,0
2012,NOR,Norvège,% GDP,family_total,Total,3.027,0
2013,NOR,Norvège,% GDP,family_total,Total,3.069,0
2014,NOR,Norvège,% GDP,family_total,Total,3.14,0
2015,NOR,Norvège,% GDP,family_total,Total,3.246,0
2016,NOR,Norvège,% GDP,family_total,Total,3.345,0
2017,NOR,Norvège,% GDP,family_total,Total,3.215,0
2018,NOR,Norvège,% GDP,family_total,Total,3.052,0
2019,NOR,Norvège,% GDP,family_total,Total,3.157,0
2020,NOR,Norvège,% GDP,family_total,Total,3.384,0
2021,NOR,Norvège,% GDP,family_total,Total,2.78,0
1990,POL,Pologne,% GDP,family_total,Total,1.639,0
1991,POL,Pologne,% GDP,family_total,Total,2.193,0
1992,POL,Pologne,% GDP,family_total,Total,2.134,0
1993,POL,Pologne,% GDP,family_total,Total,1.768,0
1994,POL,Pologne,% GDP,family_total,Total,1.418,0
1995,POL,Pologne,% GDP,family_total,Total,1.031,0
1996,POL,Pologne,% GDP,family_total,Total,0.921,0
1997,POL,Pologne,% GDP,family_total,Total,0.875,0
1998,POL,Pologne,% GDP,family_total,Total,1.063,0
1999,POL,Pologne,% GDP,family_total,Total,1.058,0
2000,POL,Pologne,% GDP,family_total,Total,1.173,0
2001,POL,Pologne,% GDP,family_total,Total,1.177,0
2002,POL,Pologne,% GDP,family_total,Total,1.17,0
2003,POL,Pologne,% GDP,family_total,Total,1.12,0
2004,POL,Pologne,% GDP,family_total,Total,1.225,0
2005,POL,Pologne,% GDP,family_total,Total,1.205,0
2006,POL,Pologne,% GDP,family_total,Total,1.186,0
2007,POL,Pologne,% GDP,family_total,Total,1.154,0
2008,POL,Pologne,% GDP,family_total,Total,1.242,0
2009,POL,Pologne,% GDP,family_total,Total,1.285,0
2010,POL,Pologne,% GDP,family_total,Total,1.339,0
2011,POL,Pologne,% GDP,family_total,Total,1.291,0
2012,POL,Pologne,% GDP,family_total,Total,1.344,0
2013,POL,Pologne,% GDP,family_total,Total,1.424,0
2014,POL,Pologne,% GDP,family_total,Total,1.398,0
2015,POL,Pologne,% GDP,family_total,Total,1.508,0
2016,POL,Pologne,% GDP,family_total,Total,2.537,0
2017,POL,Pologne,% GDP,family_total,Total,2.606,0
2018,POL,Pologne,% GDP,family_total,Total,2.47,0
2019,POL,Pologne,% GDP,family_total,Total,2.992,0
2020,POL,Pologne,% GDP,family_total,Total,3.72,0
2021,POL,Pologne,% GDP,family_total,Total,3.329,0
1990,PRT,Portugal,% GDP,family_total,Total,0.687,0
1991,PRT,Portugal,% GDP,family_total,Total,0.741,0
1992,PRT,Portugal,% GDP,family_total,Total,0.732,0
1993,PRT,Portugal,% GDP,family_total,Total,0.747,0
1994,PRT,Portugal,% GDP,family_total,Total,0.705,0
1995,PRT,Portugal,% GDP,family_total,Total,0.703,0
1996,PRT,Portugal,% GDP,family_total,Total,0.692,0
1997,PRT,Portugal,% GDP,family_total,Total,0.69,0
1998,PRT,Portugal,% GDP,family_total,Total,0.886,0
1999,PRT,Portugal,% GDP,family_total,Total,0.921,0
2000,PRT,Portugal,% GDP,family_total,Total,0.974,0
2001,PRT,Portugal,% GDP,family_total,Total,1.009,0
2002,PRT,Portugal,% GDP,family_total,Total,1.307,0
2003,PRT,Portugal,% GDP,family_total,Total,1.41,0
2004,PRT,Portugal,% GDP,family_total,Total,1.164,0
2005,PRT,Portugal,% GDP,family_total,Total,1.182,0
2006,PRT,Portugal,% GDP,family_total,Total,1.163,0
2007,PRT,Portugal,% GDP,family_total,Total,1.153,0
2008,PRT,Portugal,% GDP,family_total,Total,1.234,0
2009,PRT,Portugal,% GDP,family_total,Total,1.446,0
2010,PRT,Portugal,% GDP,family_total,Total,1.386,0
2011,PRT,Portugal,% GDP,family_total,Total,1.206,0
2012,PRT,Portugal,% GDP,family_total,Total,1.235,0
2013,PRT,Portugal,% GDP,family_total,Total,1.237,0
2014,PRT,Portugal,% GDP,family_total,Total,1.228,0
2015,PRT,Portugal,% GDP,family_total,Total,1.201,0
2016,PRT,Portugal,% GDP,family_total,Total,1.213,0
2017,PRT,Portugal,% GDP,family_total,Total,1.208,0
2018,PRT,Portugal,% GDP,family_total,Total,1.187,0
2019,PRT,Portugal,% GDP,family_total,Total,1.208,0
2020,PRT,Portugal,% GDP,family_total,Total,1.383,0
2021,PRT,Portugal,% GDP,family_total,Total,1.317,0
1995,SVK,République slovaque,% GDP,family_total,Total,2.369,0
1996,SVK,République slovaque,% GDP,family_total,Total,2.197,0
1997,SVK,République slovaque,% GDP,family_total,Total,2.04,0
1998,SVK,République slovaque,% GDP,family_total,Total,2.037,0
1999,SVK,République slovaque,% GDP,family_total,Total,2.25,0
2000,SVK,République slovaque,% GDP,family_total,Total,1.967,0
2001,SVK,République slovaque,% GDP,family_total,Total,1.816,0
2002,SVK,République slovaque,% GDP,family_total,Total,1.794,0
2003,SVK,République slovaque,% GDP,family_total,Total,1.775,0
2004,SVK,République slovaque,% GDP,family_total,Total,1.957,0
2005,SVK,République slovaque,% GDP,family_total,Total,1.519,0
2006,SVK,République slovaque,% GDP,family_total,Total,1.418,0
2007,SVK,République slovaque,% GDP,family_total,Total,1.352,0
2008,SVK,République slovaque,% GDP,family_total,Total,1.308,0
2009,SVK,République slovaque,% GDP,family_total,Total,1.566,0
2010,SVK,République slovaque,% GDP,family_total,Total,1.575,0
2011,SVK,République slovaque,% GDP,family_total,Total,1.627,0
2012,SVK,République slovaque,% GDP,family_total,Total,1.658,0
2013,SVK,République slovaque,% GDP,family_total,Total,1.685,0
2014,SVK,République slovaque,% GDP,family_total,Total,1.679,0
2015,SVK,République slovaque,% GDP,family_total,Total,1.615,0
2016,SVK,République slovaque,% GDP,family_total,Total,1.649,0
2017,SVK,République slovaque,% GDP,family_total,Total,1.695,0
2018,SVK,République slovaque,% GDP,family_total,Total,1.642,0
2019,SVK,République slovaque,% GDP,family_total,Total,1.781,0
2020,SVK,République slovaque,% GDP,family_total,Total,1.988,0
2021,SVK,République slovaque,% GDP,family_total,Total,2.08,0
1996,SVN,Slovénie,% GDP,family_total,Total,1.901,0
1997,SVN,Slovénie,% GDP,family_total,Total,1.946,0
1998,SVN,Slovénie,% GDP,family_total,Total,1.892,0
1999,SVN,Slovénie,% GDP,family_total,Total,2.008,0
2000,SVN,Slovénie,% GDP,family_total,Total,2.147,0
2001,SVN,Slovénie,% GDP,family_total,Total,2.106,0
2002,SVN,Slovénie,% GDP,family_total,Total,2.023,0
2003,SVN,Slovénie,% GDP,family_total,Total,1.977,0
2004,SVN,Slovénie,% GDP,family_total,Total,1.949,0
2005,SVN,Slovénie,% GDP,family_total,Total,1.925,0
2006,SVN,Slovénie,% GDP,family_total,Total,1.884,0
2007,SVN,Slovénie,% GDP,family_total,Total,1.71,0
2008,SVN,Slovénie,% GDP,family_total,Total,1.754,0
2009,SVN,Slovénie,% GDP,family_total,Total,2.075,0
2010,SVN,Slovénie,% GDP,family_total,Total,2.134,0
2011,SVN,Slovénie,% GDP,family_total,Total,2.146,0
2012,SVN,Slovénie,% GDP,family_total,Total,2.077,0
2013,SVN,Slovénie,% GDP,family_total,Total,1.95,0
2014,SVN,Slovénie,% GDP,family_total,Total,1.865,0
2015,SVN,Slovénie,% GDP,family_total,Total,1.798,0
2016,SVN,Slovénie,% GDP,family_total,Total,1.741,0
2017,SVN,Slovénie,% GDP,family_total,Total,1.861,0
2018,SVN,Slovénie,% GDP,family_total,Total,1.827,0
2019,SVN,Slovénie,% GDP,family_total,Total,1.827,0
2020,SVN,Slovénie,% GDP,family_total,Total,1.94,0
2021,SVN,Slovénie,% GDP,family_total,Total,1.87,0
1990,ESP,Espagne,% GDP,family_total,Total,0.312,0
1991,ESP,Espagne,% GDP,family_total,Total,0.297,0
1992,ESP,Espagne,% GDP,family_total,Total,0.392,0
1993,ESP,Espagne,% GDP,family_total,Total,0.413,0
1994,ESP,Espagne,% GDP,family_total,Total,0.401,0
1995,ESP,Espagne,% GDP,family_total,Total,0.404,0
1996,ESP,Espagne,% GDP,family_total,Total,0.472,0
1997,ESP,Espagne,% GDP,family_total,Total,0.455,0
1998,ESP,Espagne,% GDP,family_total,Total,0.803,0
1999,ESP,Espagne,% GDP,family_total,Total,0.791,0
2000,ESP,Espagne,% GDP,family_total,Total,0.887,0
2001,ESP,Espagne,% GDP,family_total,Total,0.849,0
2002,ESP,Espagne,% GDP,family_total,Total,0.861,0
2003,ESP,Espagne,% GDP,family_total,Total,1.01,0
2004,ESP,Espagne,% GDP,family_total,Total,1.035,0
2005,ESP,Espagne,% GDP,family_total,Total,1.111,0
2006,ESP,Espagne,% GDP,family_total,Total,1.136,0
2007,ESP,Espagne,% GDP,family_total,Total,1.185,0
2008,ESP,Espagne,% GDP,family_total,Total,1.283,0
2009,ESP,Espagne,% GDP,family_total,Total,1.432,0
2010,ESP,Espagne,% GDP,family_total,Total,1.42,0
2011,ESP,Espagne,% GDP,family_total,Total,1.335,0
2012,ESP,Espagne,% GDP,family_total,Total,1.299,0
2013,ESP,Espagne,% GDP,family_total,Total,1.306,0
2014,ESP,Espagne,% GDP,family_total,Total,1.268,0
2015,ESP,Espagne,% GDP,family_total,Total,1.227,0
2016,ESP,Espagne,% GDP,family_total,Total,1.198,0
2017,ESP,Espagne,% GDP,family_total,Total,1.215,0
2018,ESP,Espagne,% GDP,family_total,Total,1.228,0
2019,ESP,Espagne,% GDP,family_total,Total,1.281,0
2020,ESP,Espagne,% GDP,family_total,Total,1.524,0
2021,ESP,Espagne,% GDP,family_total,Total,1.482,0
1990,SWE,Suède,% GDP,family_total,Total,3.982,0
1991,SWE,Suède,% GDP,family_total,Total,4.343,0
1992,SWE,Suède,% GDP,family_total,Total,4.398,0
1993,SWE,Suède,% GDP,family_total,Total,4.171,0
1994,SWE,Suède,% GDP,family_total,Total,4.094,0
1995,SWE,Suède,% GDP,family_total,Total,3.583,0
1996,SWE,Suède,% GDP,family_total,Total,3.303,0
1997,SWE,Suède,% GDP,family_total,Total,3.083,0
1998,SWE,Suède,% GDP,family_total,Total,3.074,0
1999,SWE,Suède,% GDP,family_total,Total,3.002,0
2000,SWE,Suède,% GDP,family_total,Total,2.775,0
2001,SWE,Suède,% GDP,family_total,Total,2.908,0
2002,SWE,Suède,% GDP,family_total,Total,3.051,0
2003,SWE,Suède,% GDP,family_total,Total,3.114,0
2004,SWE,Suède,% GDP,family_total,Total,3.105,0
2005,SWE,Suède,% GDP,family_total,Total,3.133,0
2006,SWE,Suède,% GDP,family_total,Total,3.222,0
2007,SWE,Suède,% GDP,family_total,Total,3.183,0
2008,SWE,Suède,% GDP,family_total,Total,3.322,0
2009,SWE,Suède,% GDP,family_total,Total,3.499,0
2010,SWE,Suède,% GDP,family_total,Total,3.395,0
2011,SWE,Suède,% GDP,family_total,Total,3.393,0
2012,SWE,Suède,% GDP,family_total,Total,3.509,0
2013,SWE,Suède,% GDP,family_total,Total,3.56,0
2014,SWE,Suède,% GDP,family_total,Total,3.565,0
2015,SWE,Suède,% GDP,family_total,Total,3.48,0
2016,SWE,Suède,% GDP,family_total,Total,3.505,0
2017,SWE,Suède,% GDP,family_total,Total,3.494,0
2018,SWE,Suède,% GDP,family_total,Total,3.569,0
2019,SWE,Suède,% GDP,family_total,Total,3.512,0
2020,SWE,Suède,% GDP,family_total,Total,3.54,0
2021,SWE,Suède,% GDP,family_total,Total,3.32,0
1990,CHE,Suisse,% GDP,family_total,Total,1.068,0
1991,CHE,Suisse,% GDP,family_total,Total,1.09,0
1992,CHE,Suisse,% GDP,family_total,Total,1.141,0
1993,CHE,Suisse,% GDP,family_total,Total,1.236,0
1994,CHE,Suisse,% GDP,family_total,Total,1.236,0
1995,CHE,Suisse,% GDP,family_total,Total,1.235,0
1996,CHE,Suisse,% GDP,family_total,Total,1.267,0
1997,CHE,Suisse,% GDP,family_total,Total,1.276,0
1998,CHE,Suisse,% GDP,family_total,Total,1.376,0
1999,CHE,Suisse,% GDP,family_total,Total,1.374,0
2000,CHE,Suisse,% GDP,family_total,Total,1.328,0
2001,CHE,Suisse,% GDP,family_total,Total,1.348,0
2002,CHE,Suisse,% GDP,family_total,Total,1.43,0
2003,CHE,Suisse,% GDP,family_total,Total,1.433,0
2004,CHE,Suisse,% GDP,family_total,Total,1.394,0
2005,CHE,Suisse,% GDP,family_total,Total,1.407,0
2006,CHE,Suisse,% GDP,family_total,Total,1.393,0
2007,CHE,Suisse,% GDP,family_total,Total,1.337,0
2008,CHE,Suisse,% GDP,family_total,Total,1.267,0
2009,CHE,Suisse,% GDP,family_total,Total,1.381,0
2010,CHE,Suisse,% GDP,family_total,Total,1.391,0
2011,CHE,Suisse,% GDP,family_total,Total,1.38,0
2012,CHE,Suisse,% GDP,family_total,Total,1.412,0
2013,CHE,Suisse,% GDP,family_total,Total,1.423,0
2014,CHE,Suisse,% GDP,family_total,Total,1.483,0
2015,CHE,Suisse,% GDP,family_total,Total,1.628,0
2016,CHE,Suisse,% GDP,family_total,Total,1.611,0
2017,CHE,Suisse,% GDP,family_total,Total,1.624,0
2018,CHE,Suisse,% GDP,family_total,Total,1.596,0
2019,CHE,Suisse,% GDP,family_total,Total,1.642,0
2020,CHE,Suisse,% GDP,family_total,Total,1.745,0
2021,CHE,Suisse,% GDP,family_total,Total,1.675,0
1990,GBR,Royaume-Uni,% GDP,family_total,Total,1.752,0
1991,GBR,Royaume-Uni,% GDP,family_total,Total,1.895,0
1992,GBR,Royaume-Uni,% GDP,family_total,Total,2.074,0
1993,GBR,Royaume-Uni,% GDP,family_total,Total,2.139,0
1994,GBR,Royaume-Uni,% GDP,family_total,Total,2.095,0
1995,GBR,Royaume-Uni,% GDP,family_total,Total,1.991,0
1996,GBR,Royaume-Uni,% GDP,family_total,Total,1.987,0
1997,GBR,Royaume-Uni,% GDP,family_total,Total,1.933,0
1998,GBR,Royaume-Uni,% GDP,family_total,Total,2.421,0
1999,GBR,Royaume-Uni,% GDP,family_total,Total,2.272,0
2000,GBR,Royaume-Uni,% GDP,family_total,Total,2.385,0
2001,GBR,Royaume-Uni,% GDP,family_total,Total,2.473,0
2002,GBR,Royaume-Uni,% GDP,family_total,Total,2.531,0
2003,GBR,Royaume-Uni,% GDP,family_total,Total,2.794,0
2004,GBR,Royaume-Uni,% GDP,family_total,Total,2.875,0
2005,GBR,Royaume-Uni,% GDP,family_total,Total,2.838,0
2006,GBR,Royaume-Uni,% GDP,family_total,Total,2.836,0
2007,GBR,Royaume-Uni,% GDP,family_total,Total,3.111,0
2008,GBR,Royaume-Uni,% GDP,family_total,Total,3.332,0
2009,GBR,Royaume-Uni,% GDP,family_total,Total,3.681,0
2010,GBR,Royaume-Uni,% GDP,family_total,Total,3.927,0
2011,GBR,Royaume-Uni,% GDP,family_total,Total,3.848,0
2012,GBR,Royaume-Uni,% GDP,family_total,Total,3.885,0
2013,GBR,Royaume-Uni,% GDP,family_total,Total,3.654,0
2014,GBR,Royaume-Uni,% GDP,family_total,Total,3.485,0
2015,GBR,Royaume-Uni,% GDP,family_total,Total,3.439,0
2016,GBR,Royaume-Uni,% GDP,family_total,Total,3.319,0
2017,GBR,Royaume-Uni,% GDP,family_total,Total,3.218,0
2018,GBR,Royaume-Uni,% GDP,family_total,Total,3.012,0
2019,GBR,Royaume-Uni,% GDP,family_total,Total,2.435,0
2020,GBR,Royaume-Uni,% GDP,family_total,Total,2.385,0
2021,GBR,Royaume-Uni,% GDP,family_total,Total,2.027,0
2005,BGR,Bulgarie,% GDP,family_total,Total,0.96,0
2006,BGR,Bulgarie,% GDP,family_total,Total,0.926,0
2007,BGR,Bulgarie,% GDP,family_total,Total,0.901,0
2008,BGR,Bulgarie,% GDP,family_total,Total,1.11,0
2009,BGR,Bulgarie,% GDP,family_total,Total,1.455,0
2010,BGR,Bulgarie,% GDP,family_total,Total,1.431,0
2011,BGR,Bulgarie,% GDP,family_total,Total,1.315,0
2012,BGR,Bulgarie,% GDP,family_total,Total,2.104,0
2013,BGR,Bulgarie,% GDP,family_total,Total,2.343,0
2014,BGR,Bulgarie,% GDP,family_total,Total,2.45,0
2015,BGR,Bulgarie,% GDP,family_total,Total,2.311,0
2016,BGR,Bulgarie,% GDP,family_total,Total,2.197,0
2017,BGR,Bulgarie,% GDP,family_total,Total,2.159,0
2018,BGR,Bulgarie,% GDP,family_total,Total,2.137,0
2019,BGR,Bulgarie,% GDP,family_total,Total,2.074,0
2020,BGR,Bulgarie,% GDP,family_total,Total,2.133,0
2021,BGR,Bulgarie,% GDP,family_total,Total,2.113,0
2008,HRV,Croatie,% GDP,family_total,Total,1.44,0
2009,HRV,Croatie,% GDP,family_total,Total,1.57,0
2010,HRV,Croatie,% GDP,family_total,Total,1.583,0
2011,HRV,Croatie,% GDP,family_total,Total,1.547,0
2012,HRV,Croatie,% GDP,family_total,Total,1.553,0
2013,HRV,Croatie,% GDP,family_total,Total,1.535,0
2014,HRV,Croatie,% GDP,family_total,Total,1.891,0
2015,HRV,Croatie,% GDP,family_total,Total,1.819,0
2016,HRV,Croatie,% GDP,family_total,Total,1.818,0
2017,HRV,Croatie,% GDP,family_total,Total,1.796,0
2018,HRV,Croatie,% GDP,family_total,Total,1.876,0
2019,HRV,Croatie,% GDP,family_total,Total,1.89,0
2020,HRV,Croatie,% GDP,family_total,Total,2.147,0
2021,HRV,Croatie,% GDP,family_total,Total,1.97,0
2000,ROU,Roumanie,% GDP,family_total,Total,1.442,0
2001,ROU,Roumanie,% GDP,family_total,Total,1.469,0
2002,ROU,Roumanie,% GDP,family_total,Total,1.64,0
2003,ROU,Roumanie,% GDP,family_total,Total,1.456,0
2004,ROU,Roumanie,% GDP,family_total,Total,1.558,0
2005,ROU,Roumanie,% GDP,family_total,Total,1.848,0
2006,ROU,Roumanie,% GDP,family_total,Total,1.788,0
2007,ROU,Roumanie,% GDP,family_total,Total,1.641,0
2008,ROU,Roumanie,% GDP,family_total,Total,1.46,0
2009,ROU,Roumanie,% GDP,family_total,Total,1.632,0
2010,ROU,Roumanie,% GDP,family_total,Total,1.639,0
2011,ROU,Roumanie,% GDP,family_total,Total,1.627,0
2012,ROU,Roumanie,% GDP,family_total,Total,1.516,0
2013,ROU,Roumanie,% GDP,family_total,Total,1.493,0
2014,ROU,Roumanie,% GDP,family_total,Total,1.512,0
2015,ROU,Roumanie,% GDP,family_total,Total,1.568,0
2016,ROU,Roumanie,% GDP,family_total,Total,1.701,0
2017,ROU,Roumanie,% GDP,family_total,Total,1.804,0
2018,ROU,Roumanie,% GDP,family_total,Total,1.807,0
2019,ROU,Roumanie,% GDP,family_total,Total,2.028,0
2020,ROU,Roumanie,% GDP,family_total,Total,2.27,0
2021,ROU,Roumanie,% GDP,family_total,Total,2.268,0
2000,GRC,Grèce,% GDP,childcare_education,in_kind,0.0,0
2001,GRC,Grèce,% GDP,childcare_education,in_kind,0.0,0
2002,GRC,Grèce,% GDP,childcare_education,in_kind,0.0,0
2003,GRC,Grèce,% GDP,childcare_education,in_kind,0.0,0
2004,GRC,Grèce,% GDP,childcare_education,in_kind,0.0,0
2005,GRC,Grèce,% GDP,childcare_education,in_kind,0.0,0
2006,GRC,Grèce,% GDP,childcare_education,in_kind,0.0,0
2007,GRC,Grèce,% GDP,childcare_education,in_kind,0.0,0
2008,GRC,Grèce,% GDP,childcare_education,in_kind,0.0,0
1990,IRL,Irlande,% GDP,childcare_education,in_kind,0.0,0
1991,IRL,Irlande,% GDP,childcare_education,in_kind,0.0,0
1992,IRL,Irlande,% GDP,childcare_education,in_kind,0.0,0
1993,IRL,Irlande,% GDP,childcare_education,in_kind,0.0,0
1994,IRL,Irlande,% GDP,childcare_education,in_kind,0.0,0
1995,IRL,Irlande,% GDP,childcare_education,in_kind,0.0,0
1996,IRL,Irlande,% GDP,childcare_education,in_kind,0.0,0
1997,IRL,Irlande,% GDP,childcare_education,in_kind,0.0,0
1994,LVA,Lettonie,% GDP,childcare_education,in_kind,0.0,0
1994,LVA,Lettonie,% GDP,family_total,in_kind,0.0,0
1995,LVA,Lettonie,% GDP,family_total,in_kind,0.0,0
1995,LVA,Lettonie,% GDP,childcare_education,in_kind,0.0,0
1996,LVA,Lettonie,% GDP,childcare_education,in_kind,0.0,0
1996,LVA,Lettonie,% GDP,family_total,in_kind,0.0,0
1990,POL,Pologne,% GDP,childcare_education,in_kind,0.0,0
1990,POL,Pologne,% GDP,family_total,in_kind,0.0,0
1991,POL,Pologne,% GDP,family_total,in_kind,0.0,0
1991,POL,Pologne,% GDP,childcare_education,in_kind,0.0,0
1992,POL,Pologne,% GDP,childcare_education,in_kind,0.0,0
1992,POL,Pologne,% GDP,family_total,in_kind,0.0,0
1993,POL,Pologne,% GDP,family_total,in_kind,0.0,0
1993,POL,Pologne,% GDP,childcare_education,in_kind,0.0,0
1994,POL,Pologne,% GDP,childcare_education,in_kind,0.0,0
1994,POL,Pologne,% GDP,family_total,in_kind,0.0,0
1995,POL,Pologne,% GDP,family_total,in_kind,0.0,0
1995,POL,Pologne,% GDP,childcare_education,in_kind,0.0,0
1996,POL,Pologne,% GDP,childcare_education,in_kind,0.0,0
1996,POL,Pologne,% GDP,family_total,in_kind,0.0,0
1997,POL,Pologne,% GDP,family_total,in_kind,0.0,0
1997,POL,Pologne,% GDP,childcare_education,in_kind,0.0,0
1990,ITA,Italie,% GDP,home_support,in_kind,0.0,0
1991,ITA,Italie,% GDP,home_support,in_kind,0.0,0
1992,ITA,Italie,% GDP,home_support,in_kind,0.0,0
1993,ITA,Italie,% GDP,home_support,in_kind,0.0,0
1994,ITA,Italie,% GDP,home_support,in_kind,0.0,0
2008,SVK,République slovaque,% GDP,home_support,in_kind,0.0,0
2013,SVK,République slovaque,% GDP,home_support,in_kind,0.0,0
2014,SVK,République slovaque,% GDP,home_support,in_kind,0.0,0
2020,SVK,République slovaque,% GDP,home_support,in_kind,0.0,0
2021,SVK,République slovaque,% GDP,home_support,in_kind,0.0,0
1990,SWE,Suède,% GDP,home_support,in_kind,0.0,0
1991,SWE,Suède,% GDP,home_support,in_kind,0.0,0
1992,SWE,Suède,% GDP,home_support,in_kind,0.0,0
1990,GBR,Royaume-Uni,% GDP,home_support,in_kind,0.0,0
1991,GBR,Royaume-Uni,% GDP,home_support,in_kind,0.0,0
1992,GBR,Royaume-Uni,% GDP,home_support,in_kind,0.0,0
1993,GBR,Royaume-Uni,% GDP,home_support,in_kind,0.0,0
1994,GBR,Royaume-Uni,% GDP,home_support,in_kind,0.0,0
1995,GBR,Royaume-Uni,% GDP,home_support,in_kind,0.0,0
1996,GBR,Royaume-Uni,% GDP,home_support,in_kind,0.0,0
1997,GBR,Royaume-Uni,% GDP,home_support,in_kind,0.0,0
1998,GBR,Royaume-Uni,% GDP,home_support,in_kind,0.0,0
2005,BGR,Bulgarie,% GDP,home_support,in_kind,0.0,0
2006,BGR,Bulgarie,% GDP,home_support,in_kind,0.0,0
1994,LVA,Lettonie,% GDP,family_total,cash,0.0,0
1994,LVA,Lettonie,% GDP,family_total,Total,0.0,0
1994,LVA,Lettonie,% GDP,family_allowances,cash,0.0,0
1995,LVA,Lettonie,% GDP,family_allowances,cash,0.0,0
1995,LVA,Lettonie,% GDP,family_total,Total,0.0,0
1995,LVA,Lettonie,% GDP,family_total,cash,0.0,0
1996,LVA,Lettonie,% GDP,family_total,cash,0.0,0
1996,LVA,Lettonie,% GDP,family_total,Total,0.0,0
1996,LVA,Lettonie,% GDP,family_allowances,cash,0.0,0
1990,NLD,Pays-Bas,% GDP,parental_leave,cash,0.0,0
1991,NLD,Pays-Bas,% GDP,parental_leave,cash,0.0,0
1992,NLD,Pays-Bas,% GDP,parental_leave,cash,0.0,0
1993,NLD,Pays-Bas,% GDP,parental_leave,cash,0.0,0
1994,NLD,Pays-Bas,% GDP,parental_leave,cash,0.0,0
