Year,REF_AREA,Country,Age,Sex,Unit_measure,Unit_mult,Value_population
1990,AUT,Autriche,0-19,Total,PS,0,1862258.0
1990,AUT,Autriche,0-19,Total,PT_POP,0,17.53
1990,BEL,Belgique,0-19,Total,PS,0,2471103.0
1990,BEL,Belgique,0-19,Total,PT_POP,0,18.11
1990,BGR,Bulgarie,0-19,Total,PS,0,2435133.0
1990,BGR,Bulgarie,0-19,Total,PT_POP,0,20.54
1990,CHE,Suisse,0-19,Total,PS,0,1569984.0
1990,CHE,Suisse,0-19,Total,PT_POP,0,17.03
1990,DEU,Allemagne,0-19,Total,PS,0,17253635.0
1990,DEU,Allemagne,0-19,Total,PT_POP,0,15.98
1990,DNK,Danemark,0-19,Total,PS,0,1247187.0
1990,DNK,Danemark,0-19,Total,PT_POP,0,17.15
1990,ESP,Espagne,0-19,Total,PS,0,11192634.0
1990,ESP,Espagne,0-19,Total,PT_POP,0,20.27
1990,EST,Estonie,0-19,Total,PS,0,459853.0
1990,EST,Estonie,0-19,Total,PT_POP,0,22.29
1990,FIN,Finlande,0-19,Total,PS,0,1263553.0
1990,FIN,Finlande,0-19,Total,PT_POP,0,19.34
1990,FRA,France,0-19,Total,PS,0,15719647.0
1990,FRA,France,0-19,Total,PT_POP,0,20.13
1990,GBR,Royaume-Uni,0-19,Total,PS,0,14807175.0
1990,GBR,Royaume-Uni,0-19,Total,PT_POP,0,18.95
1990,GRC,Grèce,0-19,Total,PS,0,2737430.0
1990,GRC,Grèce,0-19,Total,PT_POP,0,19.54
1990,HUN,Hongrie,0-19,Total,PS,0,2897405.0
1990,HUN,Hongrie,0-19,Total,PT_POP,0,20.54
1990,IRL,Irlande,0-19,Total,PS,0,1287411.0
1990,IRL,Irlande,0-19,Total,PT_POP,0,27.36
1990,ISL,Islande,0-19,Total,PS,0,84523.0
1990,ISL,Islande,0-19,Total,PT_POP,0,25.0
1990,ITA,Italie,0-19,Total,PS,0,13898209.0
1990,ITA,Italie,0-19,Total,PT_POP,0,16.79
1990,LTU,Lituanie,0-19,Total,PS,0,1111939.0
1990,LTU,Lituanie,0-19,Total,PT_POP,0,22.57
1990,LUX,Luxembourg,0-19,Total,PS,0,87845.0
1990,LUX,Luxembourg,0-19,Total,PT_POP,0,17.24
1990,LVA,Lettonie,0-19,Total,PS,0,756557.0
1990,LVA,Lettonie,0-19,Total,PT_POP,0,21.43
1990,NLD,Pays-Bas,0-19,Total,PS,0,3822205.0
1990,NLD,Pays-Bas,0-19,Total,PT_POP,0,18.23
1990,NOR,Norvège,0-19,Total,PS,0,1119969.0
1990,NOR,Norvège,0-19,Total,PT_POP,0,18.92
1990,POL,Pologne,0-19,Total,PS,0,12412122.0
1990,POL,Pologne,0-19,Total,PT_POP,0,25.27
1990,PRT,Portugal,0-19,Total,PS,0,2924166.0
1990,PRT,Portugal,0-19,Total,PT_POP,0,20.82
1990,ROU,Roumanie,0-19,Total,PS,0,7403040.0
1990,ROU,Roumanie,0-19,Total,PT_POP,0,23.73
1990,SVK,République slovaque,0-19,Total,PS,0,1770211.0
1990,SVK,République slovaque,0-19,Total,PT_POP,0,25.45
1990,SVN,Slovénie,0-19,Total,PS,0,562184.0
1990,SVN,Slovénie,0-19,Total,PT_POP,0,20.95
1990,SWE,Suède,0-19,Total,PS,0,2088320.0
1990,SWE,Suède,0-19,Total,PT_POP,0,17.85
1991,AUT,Autriche,0-19,Total,PS,0,1856653.0
1991,AUT,Autriche,0-19,Total,PT_POP,0,17.52
1991,BEL,Belgique,0-19,Total,PS,0,2459992.0
1991,BEL,Belgique,0-19,Total,PT_POP,0,18.14
1991,BGR,Bulgarie,0-19,Total,PS,0,2375532.0
1991,BGR,Bulgarie,0-19,Total,PT_POP,0,20.11
1991,CHE,Suisse,0-19,Total,PS,0,1568906.0
1991,CHE,Suisse,0-19,Total,PT_POP,0,17.04
1991,DEU,Allemagne,0-19,Total,PS,0,17302903.0
1991,DEU,Allemagne,0-19,Total,PT_POP,0,16.22
1991,DNK,Danemark,0-19,Total,PS,0,1241950.0
1991,DNK,Danemark,0-19,Total,PT_POP,0,16.98
1991,ESP,Espagne,0-19,Total,PS,0,10918556.0
1991,ESP,Espagne,0-19,Total,PT_POP,0,19.5
1991,EST,Estonie,0-19,Total,PS,0,456793.0
1991,EST,Estonie,0-19,Total,PT_POP,0,22.22
1991,FIN,Finlande,0-19,Total,PS,0,1267586.0
1991,FIN,Finlande,0-19,Total,PT_POP,0,19.29
1991,FRA,France,0-19,Total,PS,0,15605455.0
1991,FRA,France,0-19,Total,PT_POP,0,20.05
1991,GBR,Royaume-Uni,0-19,Total,PS,0,14751042.0
1991,GBR,Royaume-Uni,0-19,Total,PT_POP,0,19.08
1991,GRC,Grèce,0-19,Total,PS,0,2738546.0
1991,GRC,Grèce,0-19,Total,PT_POP,0,19.17
1991,HUN,Hongrie,0-19,Total,PS,0,2878542.0
1991,HUN,Hongrie,0-19,Total,PT_POP,0,19.94
1991,IRL,Irlande,0-19,Total,PS,0,1277473.0
1991,IRL,Irlande,0-19,Total,PT_POP,0,26.81
1991,ISL,Islande,0-19,Total,PS,0,85033.0
1991,ISL,Islande,0-19,Total,PT_POP,0,24.9
1991,ITA,Italie,0-19,Total,PS,0,13566111.0
1991,ITA,Italie,0-19,Total,PT_POP,0,16.31
1991,LTU,Lituanie,0-19,Total,PS,0,1106081.0
1991,LTU,Lituanie,0-19,Total,PT_POP,0,22.52
1991,LUX,Luxembourg,0-19,Total,PS,0,89121.0
1991,LUX,Luxembourg,0-19,Total,PT_POP,0,17.46
1991,LVA,Lettonie,0-19,Total,PS,0,754322.0
1991,LVA,Lettonie,0-19,Total,PT_POP,0,21.45
1991,NLD,Pays-Bas,0-19,Total,PS,0,3786164.0
1991,NLD,Pays-Bas,0-19,Total,PT_POP,0,18.24
1991,NOR,Norvège,0-19,Total,PS,0,1117115.0
1991,NOR,Norvège,0-19,Total,PT_POP,0,18.96
1991,POL,Pologne,0-19,Total,PS,0,12420557.0
1991,POL,Pologne,0-19,Total,PT_POP,0,24.94
1991,PRT,Portugal,0-19,Total,PS,0,2847528.0
1991,PRT,Portugal,0-19,Total,PT_POP,0,19.99
1991,ROU,Roumanie,0-19,Total,PS,0,7280619.0
1991,ROU,Roumanie,0-19,Total,PT_POP,0,23.27
1991,SVK,République slovaque,0-19,Total,PS,0,1770969.0
1991,SVK,République slovaque,0-19,Total,PT_POP,0,25.05
1991,SVN,Slovénie,0-19,Total,PS,0,557376.0
1991,SVN,Slovénie,0-19,Total,PT_POP,0,20.55
1991,SWE,Suède,0-19,Total,PS,0,2111498.0
1991,SWE,Suède,0-19,Total,PT_POP,0,18.02
1992,AUT,Autriche,0-19,Total,PS,0,1864333.0
1992,AUT,Autriche,0-19,Total,PT_POP,0,17.63
1992,BEL,Belgique,0-19,Total,PS,0,2451278.0
1992,BEL,Belgique,0-19,Total,PT_POP,0,18.17
1992,BGR,Bulgarie,0-19,Total,PS,0,2319651.0
1992,BGR,Bulgarie,0-19,Total,PT_POP,0,19.6
1992,CHE,Suisse,0-19,Total,PS,0,1587726.0
1992,CHE,Suisse,0-19,Total,PT_POP,0,17.24
1992,DEU,Allemagne,0-19,Total,PS,0,17293845.0
1992,DEU,Allemagne,0-19,Total,PT_POP,0,16.32
1992,DNK,Danemark,0-19,Total,PS,0,1234777.0
1992,DNK,Danemark,0-19,Total,PT_POP,0,16.95
1992,ESP,Espagne,0-19,Total,PS,0,10690253.0
1992,ESP,Espagne,0-19,Total,PT_POP,0,18.77
1992,EST,Estonie,0-19,Total,PS,0,449563.0
1992,EST,Estonie,0-19,Total,PT_POP,0,21.99
1992,FIN,Finlande,0-19,Total,PS,0,1275278.0
1992,FIN,Finlande,0-19,Total,PT_POP,0,19.2
1992,FRA,France,0-19,Total,PS,0,15473515.0
1992,FRA,France,0-19,Total,PT_POP,0,20.02
1992,GBR,Royaume-Uni,0-19,Total,PS,0,14676000.0
1992,GBR,Royaume-Uni,0-19,Total,PT_POP,0,19.35
1992,GRC,Grèce,0-19,Total,PS,0,2704071.0
1992,GRC,Grèce,0-19,Total,PT_POP,0,18.55
1992,HUN,Hongrie,0-19,Total,PS,0,2862477.0
1992,HUN,Hongrie,0-19,Total,PT_POP,0,19.46
1992,IRL,Irlande,0-19,Total,PS,0,1267009.0
1992,IRL,Irlande,0-19,Total,PT_POP,0,26.31
1992,ISL,Islande,0-19,Total,PS,0,85787.0
1992,ISL,Islande,0-19,Total,PT_POP,0,24.75
1992,ITA,Italie,0-19,Total,PS,0,12951455.0
1992,ITA,Italie,0-19,Total,PT_POP,0,15.41
1992,LTU,Lituanie,0-19,Total,PS,0,1099293.0
1992,LTU,Lituanie,0-19,Total,PT_POP,0,22.46
1992,LUX,Luxembourg,0-19,Total,PS,0,90358.0
1992,LUX,Luxembourg,0-19,Total,PT_POP,0,17.67
1992,LVA,Lettonie,0-19,Total,PS,0,741852.0
1992,LVA,Lettonie,0-19,Total,PT_POP,0,21.52
1992,NLD,Pays-Bas,0-19,Total,PS,0,3762239.0
1992,NLD,Pays-Bas,0-19,Total,PT_POP,0,18.28
1992,NOR,Norvège,0-19,Total,PS,0,1114344.0
1992,NOR,Norvège,0-19,Total,PT_POP,0,19.05
1992,POL,Pologne,0-19,Total,PS,0,12409454.0
1992,POL,Pologne,0-19,Total,PT_POP,0,24.57
1992,PRT,Portugal,0-19,Total,PS,0,2776715.0
1992,PRT,Portugal,0-19,Total,PT_POP,0,19.36
1992,ROU,Roumanie,0-19,Total,PS,0,7098838.0
1992,ROU,Roumanie,0-19,Total,PT_POP,0,22.72
1992,SVK,République slovaque,0-19,Total,PS,0,1756368.0
1992,SVK,République slovaque,0-19,Total,PT_POP,0,24.58
1992,SVN,Slovénie,0-19,Total,PS,0,549040.0
1992,SVN,Slovénie,0-19,Total,PT_POP,0,20.05
1992,SWE,Suède,0-19,Total,PS,0,2127326.0
1992,SWE,Suède,0-19,Total,PT_POP,0,18.25
1993,AUT,Autriche,0-19,Total,PS,0,1876578.0
1993,AUT,Autriche,0-19,Total,PT_POP,0,17.75
1993,BEL,Belgique,0-19,Total,PS,0,2447406.0
1993,BEL,Belgique,0-19,Total,PT_POP,0,18.17
1993,BGR,Bulgarie,0-19,Total,PS,0,2250550.0
1993,BGR,Bulgarie,0-19,Total,PT_POP,0,19.03
1993,CHE,Suisse,0-19,Total,PS,0,1605961.0
1993,CHE,Suisse,0-19,Total,PT_POP,0,17.44
1993,DEU,Allemagne,0-19,Total,PS,0,17402831.0
1993,DEU,Allemagne,0-19,Total,PT_POP,0,16.35
1993,DNK,Danemark,0-19,Total,PS,0,1230464.0
1993,DNK,Danemark,0-19,Total,PT_POP,0,17.04
1993,ESP,Espagne,0-19,Total,PS,0,10466140.0
1993,ESP,Espagne,0-19,Total,PT_POP,0,18.12
1993,EST,Estonie,0-19,Total,PS,0,431471.0
1993,EST,Estonie,0-19,Total,PT_POP,0,21.62
1993,FIN,Finlande,0-19,Total,PS,0,1285355.0
1993,FIN,Finlande,0-19,Total,PT_POP,0,19.15
1993,FRA,France,0-19,Total,PS,0,15330473.0
1993,FRA,France,0-19,Total,PT_POP,0,19.91
1993,GBR,Royaume-Uni,0-19,Total,PS,0,14649100.0
1993,GBR,Royaume-Uni,0-19,Total,PT_POP,0,19.48
1993,GRC,Grèce,0-19,Total,PS,0,2663529.0
1993,GRC,Grèce,0-19,Total,PT_POP,0,18.02
1993,HUN,Hongrie,0-19,Total,PS,0,2837352.0
1993,HUN,Hongrie,0-19,Total,PT_POP,0,19.03
1993,IRL,Irlande,0-19,Total,PS,0,1251637.0
1993,IRL,Irlande,0-19,Total,PT_POP,0,25.79
1993,ISL,Islande,0-19,Total,PS,0,86111.0
1993,ISL,Islande,0-19,Total,PT_POP,0,24.86
1993,ITA,Italie,0-19,Total,PS,0,12666825.0
1993,ITA,Italie,0-19,Total,PT_POP,0,15.18
1993,LTU,Lituanie,0-19,Total,PS,0,1086889.0
1993,LTU,Lituanie,0-19,Total,PT_POP,0,22.37
1993,LUX,Luxembourg,0-19,Total,PS,0,92096.0
1993,LUX,Luxembourg,0-19,Total,PT_POP,0,17.9
1993,LVA,Lettonie,0-19,Total,PS,0,720629.0
1993,LVA,Lettonie,0-19,Total,PT_POP,0,21.37
1993,NLD,Pays-Bas,0-19,Total,PS,0,3746470.0
1993,NLD,Pays-Bas,0-19,Total,PT_POP,0,18.32
1993,NOR,Norvège,0-19,Total,PS,0,1112496.0
1993,NOR,Norvège,0-19,Total,PT_POP,0,19.18
1993,POL,Pologne,0-19,Total,PS,0,12344772.0
1993,POL,Pologne,0-19,Total,PT_POP,0,24.15
1993,PRT,Portugal,0-19,Total,PS,0,2712148.0
1993,PRT,Portugal,0-19,Total,PT_POP,0,18.82
1993,ROU,Roumanie,0-19,Total,PS,0,6991300.0
1993,ROU,Roumanie,0-19,Total,PT_POP,0,22.08
1993,SVK,République slovaque,0-19,Total,PS,0,1744992.0
1993,SVK,République slovaque,0-19,Total,PT_POP,0,24.07
1993,SVN,Slovénie,0-19,Total,PS,0,539061.0
1993,SVN,Slovénie,0-19,Total,PT_POP,0,19.57
1993,SWE,Suède,0-19,Total,PS,0,2142031.0
1993,SWE,Suède,0-19,Total,PT_POP,0,18.48
1994,AUT,Autriche,0-19,Total,PS,0,1880290.0
1994,AUT,Autriche,0-19,Total,PT_POP,0,17.82
1994,BEL,Belgique,0-19,Total,PS,0,2442623.0
1994,BEL,Belgique,0-19,Total,PT_POP,0,18.13
1994,BGR,Bulgarie,0-19,Total,PS,0,2213550.0
1994,BGR,Bulgarie,0-19,Total,PT_POP,0,18.6
1994,CHE,Suisse,0-19,Total,PS,0,1621579.0
1994,CHE,Suisse,0-19,Total,PT_POP,0,17.57
1994,DEU,Allemagne,0-19,Total,PS,0,17507948.0
1994,DEU,Allemagne,0-19,Total,PT_POP,0,16.36
1994,DNK,Danemark,0-19,Total,PS,0,1228728.0
1994,DNK,Danemark,0-19,Total,PT_POP,0,17.11
1994,ESP,Espagne,0-19,Total,PS,0,10231567.0
1994,ESP,Espagne,0-19,Total,PT_POP,0,17.47
1994,EST,Estonie,0-19,Total,PS,0,415622.0
1994,EST,Estonie,0-19,Total,PT_POP,0,21.23
1994,FIN,Finlande,0-19,Total,PS,0,1296324.0
1994,FIN,Finlande,0-19,Total,PT_POP,0,19.12
1994,FRA,France,0-19,Total,PS,0,15179775.0
1994,FRA,France,0-19,Total,PT_POP,0,19.78
1994,GBR,Royaume-Uni,0-19,Total,PS,0,14678700.0
1994,GBR,Royaume-Uni,0-19,Total,PT_POP,0,19.52
1994,GRC,Grèce,0-19,Total,PS,0,2613262.0
1994,GRC,Grèce,0-19,Total,PT_POP,0,17.45
1994,HUN,Hongrie,0-19,Total,PS,0,2804923.0
1994,HUN,Hongrie,0-19,Total,PT_POP,0,18.64
1994,IRL,Irlande,0-19,Total,PS,0,1234091.0
1994,IRL,Irlande,0-19,Total,PT_POP,0,25.21
1994,ISL,Islande,0-19,Total,PS,0,86343.0
1994,ISL,Islande,0-19,Total,PT_POP,0,24.83
1994,ITA,Italie,0-19,Total,PS,0,12369250.0
1994,ITA,Italie,0-19,Total,PT_POP,0,14.94
1994,LTU,Lituanie,0-19,Total,PS,0,1071072.0
1994,LTU,Lituanie,0-19,Total,PT_POP,0,22.17
1994,LUX,Luxembourg,0-19,Total,PS,0,94235.0
1994,LUX,Luxembourg,0-19,Total,PT_POP,0,18.14
1994,LVA,Lettonie,0-19,Total,PS,0,702418.0
1994,LVA,Lettonie,0-19,Total,PT_POP,0,21.11
1994,NLD,Pays-Bas,0-19,Total,PS,0,3751154.0
1994,NLD,Pays-Bas,0-19,Total,PT_POP,0,18.35
1994,NOR,Norvège,0-19,Total,PS,0,1114837.0
1994,NOR,Norvège,0-19,Total,PT_POP,0,19.32
1994,POL,Pologne,0-19,Total,PS,0,12250443.0
1994,POL,Pologne,0-19,Total,PT_POP,0,23.66
1994,PRT,Portugal,0-19,Total,PS,0,2657622.0
1994,PRT,Portugal,0-19,Total,PT_POP,0,18.4
1994,ROU,Roumanie,0-19,Total,PS,0,6877257.0
1994,ROU,Roumanie,0-19,Total,PT_POP,0,21.44
1994,SVK,République slovaque,0-19,Total,PS,0,1729412.0
1994,SVK,République slovaque,0-19,Total,PT_POP,0,23.54
1994,SVN,Slovénie,0-19,Total,PS,0,529073.0
1994,SVN,Slovénie,0-19,Total,PT_POP,0,19.07
1994,SWE,Suède,0-19,Total,PS,0,2157664.0
1994,SWE,Suède,0-19,Total,PT_POP,0,18.7
1995,AUT,Autriche,0-19,Total,PS,0,1875112.0
1995,AUT,Autriche,0-19,Total,PT_POP,0,17.84
1995,BEL,Belgique,0-19,Total,PS,0,2439727.0
1995,BEL,Belgique,0-19,Total,PT_POP,0,18.03
1995,BGR,Bulgarie,0-19,Total,PS,0,2158745.0
1995,BGR,Bulgarie,0-19,Total,PT_POP,0,18.13
1995,CHE,Suisse,0-19,Total,PS,0,1633438.0
1995,CHE,Suisse,0-19,Total,PT_POP,0,17.63
1995,DEU,Allemagne,0-19,Total,PS,0,17551655.0
1995,DEU,Allemagne,0-19,Total,PT_POP,0,16.3
1995,DNK,Danemark,0-19,Total,PS,0,1229333.0
1995,DNK,Danemark,0-19,Total,PT_POP,0,17.27
1995,ESP,Espagne,0-19,Total,PS,0,9967277.0
1995,ESP,Espagne,0-19,Total,PT_POP,0,16.87
1995,EST,Estonie,0-19,Total,PS,0,402448.0
1995,EST,Estonie,0-19,Total,PT_POP,0,20.89
1995,FIN,Finlande,0-19,Total,PS,0,1300146.0
1995,FIN,Finlande,0-19,Total,PT_POP,0,19.07
1995,FRA,France,0-19,Total,PS,0,15084361.0
1995,FRA,France,0-19,Total,PT_POP,0,19.62
1995,GBR,Royaume-Uni,0-19,Total,PS,0,14714800.0
1995,GBR,Royaume-Uni,0-19,Total,PT_POP,0,19.46
1995,GRC,Grèce,0-19,Total,PS,0,2560022.0
1995,GRC,Grèce,0-19,Total,PT_POP,0,16.92
1995,HUN,Hongrie,0-19,Total,PS,0,2742887.0
1995,HUN,Hongrie,0-19,Total,PT_POP,0,18.3
1995,IRL,Irlande,0-19,Total,PS,0,1217264.0
1995,IRL,Irlande,0-19,Total,PT_POP,0,24.55
1995,ISL,Islande,0-19,Total,PS,0,86511.0
1995,ISL,Islande,0-19,Total,PT_POP,0,24.58
1995,ITA,Italie,0-19,Total,PS,0,12063502.0
1995,ITA,Italie,0-19,Total,PT_POP,0,14.77
1995,LTU,Lituanie,0-19,Total,PS,0,1052224.0
1995,LTU,Lituanie,0-19,Total,PT_POP,0,21.91
1995,LUX,Luxembourg,0-19,Total,PS,0,96464.0
1995,LUX,Luxembourg,0-19,Total,PT_POP,0,18.34
1995,LVA,Lettonie,0-19,Total,PS,0,685899.0
1995,LVA,Lettonie,0-19,Total,PT_POP,0,20.87
1995,NLD,Pays-Bas,0-19,Total,PS,0,3760155.0
1995,NLD,Pays-Bas,0-19,Total,PT_POP,0,18.4
1995,NOR,Norvège,0-19,Total,PS,0,1116134.0
1995,NOR,Norvège,0-19,Total,PT_POP,0,19.42
1995,POL,Pologne,0-19,Total,PS,0,12117401.0
1995,POL,Pologne,0-19,Total,PT_POP,0,23.13
1995,PRT,Portugal,0-19,Total,PS,0,2599974.0
1995,PRT,Portugal,0-19,Total,PT_POP,0,17.98
1995,ROU,Roumanie,0-19,Total,PS,0,6702347.0
1995,ROU,Roumanie,0-19,Total,PT_POP,0,20.83
1995,SVK,République slovaque,0-19,Total,PS,0,1702479.0
1995,SVK,République slovaque,0-19,Total,PT_POP,0,22.89
1995,SVN,Slovénie,0-19,Total,PS,0,519449.0
1995,SVN,Slovénie,0-19,Total,PT_POP,0,18.53
1995,SWE,Suède,0-19,Total,PS,0,2174894.0
1995,SWE,Suède,0-19,Total,PT_POP,0,18.86
1996,AUT,Autriche,0-19,Total,PS,0,1871831.0
1996,AUT,Autriche,0-19,Total,PT_POP,0,17.79
1996,BEL,Belgique,0-19,Total,PS,0,2435521.0
1996,BEL,Belgique,0-19,Total,PT_POP,0,17.91
1996,BGR,Bulgarie,0-19,Total,PS,0,2100302.0
1996,BGR,Bulgarie,0-19,Total,PT_POP,0,17.67
1996,CHE,Suisse,0-19,Total,PS,0,1646894.0
1996,CHE,Suisse,0-19,Total,PT_POP,0,17.66
1996,DEU,Allemagne,0-19,Total,PS,0,17628659.0
1996,DEU,Allemagne,0-19,Total,PT_POP,0,16.18
1996,DNK,Danemark,0-19,Total,PS,0,1235784.0
1996,DNK,Danemark,0-19,Total,PT_POP,0,17.51
1996,ESP,Espagne,0-19,Total,PS,0,9688091.0
1996,ESP,Espagne,0-19,Total,PT_POP,0,16.31
1996,EST,Estonie,0-19,Total,PS,0,391103.0
1996,EST,Estonie,0-19,Total,PT_POP,0,20.49
1996,FIN,Finlande,0-19,Total,PS,0,1298888.0
1996,FIN,Finlande,0-19,Total,PT_POP,0,18.99
1996,FRA,France,0-19,Total,PS,0,15058227.0
1996,FRA,France,0-19,Total,PT_POP,0,19.41
1996,GBR,Royaume-Uni,0-19,Total,PS,0,14761600.0
1996,GBR,Royaume-Uni,0-19,Total,PT_POP,0,19.4
1996,GRC,Grèce,0-19,Total,PS,0,2510198.0
1996,GRC,Grèce,0-19,Total,PT_POP,0,16.34
1996,HUN,Hongrie,0-19,Total,PS,0,2670756.0
1996,HUN,Hongrie,0-19,Total,PT_POP,0,18.01
1996,IRL,Irlande,0-19,Total,PS,0,1202530.0
1996,IRL,Irlande,0-19,Total,PT_POP,0,23.87
1996,ISL,Islande,0-19,Total,PS,0,86162.0
1996,ISL,Islande,0-19,Total,PT_POP,0,24.26
1996,ITA,Italie,0-19,Total,PS,0,11795680.0
1996,ITA,Italie,0-19,Total,PT_POP,0,14.62
1996,LTU,Lituanie,0-19,Total,PS,0,1034904.0
1996,LTU,Lituanie,0-19,Total,PT_POP,0,21.64
1996,LUX,Luxembourg,0-19,Total,PS,0,98495.0
1996,LUX,Luxembourg,0-19,Total,PT_POP,0,18.48
1996,LVA,Lettonie,0-19,Total,PS,0,669668.0
1996,LVA,Lettonie,0-19,Total,PT_POP,0,20.49
1996,NLD,Pays-Bas,0-19,Total,PS,0,3771609.0
1996,NLD,Pays-Bas,0-19,Total,PT_POP,0,18.38
1996,NOR,Norvège,0-19,Total,PS,0,1120784.0
1996,NOR,Norvège,0-19,Total,PT_POP,0,19.54
1996,POL,Pologne,0-19,Total,PS,0,11914891.0
1996,POL,Pologne,0-19,Total,PT_POP,0,22.48
1996,PRT,Portugal,0-19,Total,PS,0,2541526.0
1996,PRT,Portugal,0-19,Total,PT_POP,0,17.56
1996,ROU,Roumanie,0-19,Total,PS,0,6523351.0
1996,ROU,Roumanie,0-19,Total,PT_POP,0,20.19
1996,SVK,République slovaque,0-19,Total,PS,0,1669532.0
1996,SVK,République slovaque,0-19,Total,PT_POP,0,22.27
1996,SVN,Slovénie,0-19,Total,PS,0,512245.0
1996,SVN,Slovénie,0-19,Total,PT_POP,0,18.11
1996,SWE,Suède,0-19,Total,PS,0,2172112.0
1996,SWE,Suède,0-19,Total,PT_POP,0,18.84
1997,AUT,Autriche,0-19,Total,PS,0,1870818.0
1997,AUT,Autriche,0-19,Total,PT_POP,0,17.67
1997,BEL,Belgique,0-19,Total,PS,0,2434606.0
1997,BEL,Belgique,0-19,Total,PT_POP,0,17.81
1997,BGR,Bulgarie,0-19,Total,PS,0,2041210.0
1997,BGR,Bulgarie,0-19,Total,PT_POP,0,17.23
1997,CHE,Suisse,0-19,Total,PS,0,1653124.0
1997,CHE,Suisse,0-19,Total,PT_POP,0,17.66
1997,DEU,Allemagne,0-19,Total,PS,0,17674008.0
1997,DEU,Allemagne,0-19,Total,PT_POP,0,16.08
1997,DNK,Danemark,0-19,Total,PS,0,1242454.0
1997,DNK,Danemark,0-19,Total,PT_POP,0,17.76
1997,ESP,Espagne,0-19,Total,PS,0,9404615.0
1997,ESP,Espagne,0-19,Total,PT_POP,0,15.82
1997,EST,Estonie,0-19,Total,PS,0,380252.0
1997,EST,Estonie,0-19,Total,PT_POP,0,20.01
1997,FIN,Finlande,0-19,Total,PS,0,1293911.0
1997,FIN,Finlande,0-19,Total,PT_POP,0,18.87
1997,FRA,France,0-19,Total,PS,0,15055742.0
1997,FRA,France,0-19,Total,PT_POP,0,19.22
1997,GBR,Royaume-Uni,0-19,Total,PS,0,14846500.0
1997,GBR,Royaume-Uni,0-19,Total,PT_POP,0,19.37
1997,GRC,Grèce,0-19,Total,PS,0,2457552.0
1997,GRC,Grèce,0-19,Total,PT_POP,0,15.84
1997,HUN,Hongrie,0-19,Total,PS,0,2601865.0
1997,HUN,Hongrie,0-19,Total,PT_POP,0,17.71
1997,IRL,Irlande,0-19,Total,PS,0,1192078.0
1997,IRL,Irlande,0-19,Total,PT_POP,0,23.24
1997,ISL,Islande,0-19,Total,PS,0,86112.0
1997,ISL,Islande,0-19,Total,PT_POP,0,24.01
1997,ITA,Italie,0-19,Total,PS,0,11600052.0
1997,ITA,Italie,0-19,Total,PT_POP,0,14.52
1997,LTU,Lituanie,0-19,Total,PS,0,1017238.0
1997,LTU,Lituanie,0-19,Total,PT_POP,0,21.37
1997,LUX,Luxembourg,0-19,Total,PS,0,100409.0
1997,LUX,Luxembourg,0-19,Total,PT_POP,0,18.58
1997,LVA,Lettonie,0-19,Total,PS,0,652926.0
1997,LVA,Lettonie,0-19,Total,PT_POP,0,20.0
1997,NLD,Pays-Bas,0-19,Total,PS,0,3787364.0
1997,NLD,Pays-Bas,0-19,Total,PT_POP,0,18.38
1997,NOR,Norvège,0-19,Total,PS,0,1128607.0
1997,NOR,Norvège,0-19,Total,PT_POP,0,19.66
1997,POL,Pologne,0-19,Total,PS,0,11690912.0
1997,POL,Pologne,0-19,Total,PT_POP,0,21.86
1997,PRT,Portugal,0-19,Total,PS,0,2489924.0
1997,PRT,Portugal,0-19,Total,PT_POP,0,17.23
1997,ROU,Roumanie,0-19,Total,PS,0,6340181.0
1997,ROU,Roumanie,0-19,Total,PT_POP,0,19.64
1997,SVK,République slovaque,0-19,Total,PS,0,1633785.0
1997,SVK,République slovaque,0-19,Total,PT_POP,0,21.66
1997,SVN,Slovénie,0-19,Total,PS,0,498454.0
1997,SVN,Slovénie,0-19,Total,PT_POP,0,17.53
1997,SWE,Suède,0-19,Total,PS,0,2164898.0
1997,SWE,Suède,0-19,Total,PT_POP,0,18.78
1998,AUT,Autriche,0-19,Total,PS,0,1866873.0
1998,AUT,Autriche,0-19,Total,PT_POP,0,17.49
1998,BEL,Belgique,0-19,Total,PS,0,2430706.0
1998,BEL,Belgique,0-19,Total,PT_POP,0,17.73
1998,BGR,Bulgarie,0-19,Total,PS,0,1976707.0
1998,BGR,Bulgarie,0-19,Total,PT_POP,0,16.75
1998,CHE,Suisse,0-19,Total,PS,0,1654570.0
1998,CHE,Suisse,0-19,Total,PT_POP,0,17.59
1998,DEU,Allemagne,0-19,Total,PS,0,17661417.0
1998,DEU,Allemagne,0-19,Total,PT_POP,0,15.96
1998,DNK,Danemark,0-19,Total,PS,0,1249645.0
1998,DNK,Danemark,0-19,Total,PT_POP,0,17.98
1998,ESP,Espagne,0-19,Total,PS,0,9144511.0
1998,ESP,Espagne,0-19,Total,PT_POP,0,15.41
1998,EST,Estonie,0-19,Total,PS,0,371027.0
1998,EST,Estonie,0-19,Total,PT_POP,0,19.49
1998,FIN,Finlande,0-19,Total,PS,0,1288282.0
1998,FIN,Finlande,0-19,Total,PT_POP,0,18.68
1998,FRA,France,0-19,Total,PS,0,15026922.0
1998,FRA,France,0-19,Total,PT_POP,0,19.03
1998,GBR,Royaume-Uni,0-19,Total,PS,0,14900700.0
1998,GBR,Royaume-Uni,0-19,Total,PT_POP,0,19.31
1998,GRC,Grèce,0-19,Total,PS,0,2414061.0
1998,GRC,Grèce,0-19,Total,PT_POP,0,15.39
1998,HUN,Hongrie,0-19,Total,PS,0,2535261.0
1998,HUN,Hongrie,0-19,Total,PT_POP,0,17.44
1998,IRL,Irlande,0-19,Total,PS,0,1182070.0
1998,IRL,Irlande,0-19,Total,PT_POP,0,22.7
1998,ISL,Islande,0-19,Total,PS,0,86401.0
1998,ISL,Islande,0-19,Total,PT_POP,0,23.71
1998,ITA,Italie,0-19,Total,PS,0,11446368.0
1998,ITA,Italie,0-19,Total,PT_POP,0,14.43
1998,LTU,Lituanie,0-19,Total,PS,0,1001120.0
1998,LTU,Lituanie,0-19,Total,PT_POP,0,21.06
1998,LUX,Luxembourg,0-19,Total,PS,0,102221.0
1998,LUX,Luxembourg,0-19,Total,PT_POP,0,18.71
1998,LVA,Lettonie,0-19,Total,PS,0,636519.0
1998,LVA,Lettonie,0-19,Total,PT_POP,0,19.4
1998,NLD,Pays-Bas,0-19,Total,PS,0,3809170.0
1998,NLD,Pays-Bas,0-19,Total,PT_POP,0,18.42
1998,NOR,Norvège,0-19,Total,PS,0,1138732.0
1998,NOR,Norvège,0-19,Total,PT_POP,0,19.76
1998,POL,Pologne,0-19,Total,PS,0,11461996.0
1998,POL,Pologne,0-19,Total,PT_POP,0,21.13
1998,PRT,Portugal,0-19,Total,PS,0,2447924.0
1998,PRT,Portugal,0-19,Total,PT_POP,0,16.92
1998,ROU,Roumanie,0-19,Total,PS,0,6164538.0
1998,ROU,Roumanie,0-19,Total,PT_POP,0,19.25
1998,SVK,République slovaque,0-19,Total,PS,0,1596416.0
1998,SVK,République slovaque,0-19,Total,PT_POP,0,21.04
1998,SVN,Slovénie,0-19,Total,PS,0,485943.0
1998,SVN,Slovénie,0-19,Total,PT_POP,0,17.03
1998,SWE,Suède,0-19,Total,PS,0,2157077.0
1998,SWE,Suède,0-19,Total,PT_POP,0,18.7
1999,AUT,Autriche,0-19,Total,PS,0,1862619.0
1999,AUT,Autriche,0-19,Total,PT_POP,0,17.33
1999,BEL,Belgique,0-19,Total,PS,0,2425617.0
1999,BEL,Belgique,0-19,Total,PT_POP,0,17.67
1999,BGR,Bulgarie,0-19,Total,PS,0,1916711.0
1999,BGR,Bulgarie,0-19,Total,PT_POP,0,16.29
1999,CHE,Suisse,0-19,Total,PS,0,1657571.0
1999,CHE,Suisse,0-19,Total,PT_POP,0,17.51
1999,DEU,Allemagne,0-19,Total,PS,0,17583620.0
1999,DEU,Allemagne,0-19,Total,PT_POP,0,15.82
1999,DNK,Danemark,0-19,Total,PS,0,1255213.0
1999,DNK,Danemark,0-19,Total,PT_POP,0,18.21
1999,ESP,Espagne,0-19,Total,PS,0,8889294.0
1999,ESP,Espagne,0-19,Total,PT_POP,0,15.07
1999,EST,Estonie,0-19,Total,PS,0,361975.0
1999,EST,Estonie,0-19,Total,PT_POP,0,18.89
1999,FIN,Finlande,0-19,Total,PS,0,1281418.0
1999,FIN,Finlande,0-19,Total,PT_POP,0,18.43
1999,FRA,France,0-19,Total,PS,0,15607066.0
1999,FRA,France,0-19,Total,PT_POP,0,19.17
1999,GBR,Royaume-Uni,0-19,Total,PS,0,14910400.0
1999,GBR,Royaume-Uni,0-19,Total,PT_POP,0,19.23
1999,GRC,Grèce,0-19,Total,PS,0,2362493.0
1999,GRC,Grèce,0-19,Total,PT_POP,0,15.01
1999,HUN,Hongrie,0-19,Total,PS,0,2472122.0
1999,HUN,Hongrie,0-19,Total,PT_POP,0,17.19
1999,IRL,Irlande,0-19,Total,PS,0,1171705.0
1999,IRL,Irlande,0-19,Total,PT_POP,0,22.29
1999,ISL,Islande,0-19,Total,PS,0,86717.0
1999,ISL,Islande,0-19,Total,PT_POP,0,23.47
1999,ITA,Italie,0-19,Total,PS,0,11309924.0
1999,ITA,Italie,0-19,Total,PT_POP,0,14.36
1999,LTU,Lituanie,0-19,Total,PS,0,985765.0
1999,LTU,Lituanie,0-19,Total,PT_POP,0,20.65
1999,LUX,Luxembourg,0-19,Total,PS,0,103997.0
1999,LUX,Luxembourg,0-19,Total,PT_POP,0,18.82
1999,LVA,Lettonie,0-19,Total,PS,0,620678.0
1999,LVA,Lettonie,0-19,Total,PT_POP,0,18.68
1999,NLD,Pays-Bas,0-19,Total,PS,0,3839842.0
1999,NLD,Pays-Bas,0-19,Total,PT_POP,0,18.5
1999,NOR,Norvège,0-19,Total,PS,0,1147628.0
1999,NOR,Norvège,0-19,Total,PT_POP,0,19.85
1999,POL,Pologne,0-19,Total,PS,0,11204176.0
1999,POL,Pologne,0-19,Total,PT_POP,0,20.33
1999,PRT,Portugal,0-19,Total,PS,0,2417733.0
1999,PRT,Portugal,0-19,Total,PT_POP,0,16.69
1999,ROU,Roumanie,0-19,Total,PS,0,6000039.0
1999,ROU,Roumanie,0-19,Total,PT_POP,0,18.95
1999,SVK,République slovaque,0-19,Total,PS,0,1557672.0
1999,SVK,République slovaque,0-19,Total,PT_POP,0,20.43
1999,SVN,Slovénie,0-19,Total,PS,0,473093.0
1999,SVN,Slovénie,0-19,Total,PT_POP,0,16.61
1999,SWE,Suède,0-19,Total,PS,0,2152477.0
1999,SWE,Suède,0-19,Total,PT_POP,0,18.62
2000,AUT,Autriche,0-19,Total,PS,0,1857356.0
2000,AUT,Autriche,0-19,Total,PT_POP,0,17.14
2000,BEL,Belgique,0-19,Total,PS,0,2419964.0
2000,BEL,Belgique,0-19,Total,PT_POP,0,17.63
2000,BGR,Bulgarie,0-19,Total,PS,0,1864913.0
2000,BGR,Bulgarie,0-19,Total,PT_POP,0,15.88
2000,CHE,Suisse,0-19,Total,PS,0,1663861.0
2000,CHE,Suisse,0-19,Total,PT_POP,0,17.43
2000,DEU,Allemagne,0-19,Total,PS,0,17530119.0
2000,DEU,Allemagne,0-19,Total,PT_POP,0,15.7
2000,DNK,Danemark,0-19,Total,PS,0,1262481.0
2000,DNK,Danemark,0-19,Total,PT_POP,0,18.41
2000,ESP,Espagne,0-19,Total,PS,0,8680978.0
2000,ESP,Espagne,0-19,Total,PT_POP,0,14.8
2000,EST,Estonie,0-19,Total,PS,0,352340.0
2000,EST,Estonie,0-19,Total,PT_POP,0,17.87
2000,FIN,Finlande,0-19,Total,PS,0,1275207.0
2000,FIN,Finlande,0-19,Total,PT_POP,0,18.24
2000,FRA,France,0-19,Total,PS,0,15639585.0
2000,FRA,France,0-19,Total,PT_POP,0,19.11
2000,GBR,Royaume-Uni,0-19,Total,PS,0,14836307.0
2000,GBR,Royaume-Uni,0-19,Total,PT_POP,0,19.03
2000,GRC,Grèce,0-19,Total,PS,0,2306410.0
2000,GRC,Grèce,0-19,Total,PT_POP,0,14.72
2000,HUN,Hongrie,0-19,Total,PS,0,2411498.0
2000,HUN,Hongrie,0-19,Total,PT_POP,0,16.92
2000,IRL,Irlande,0-19,Total,PS,0,1160304.0
2000,IRL,Irlande,0-19,Total,PT_POP,0,21.94
2000,ISL,Islande,0-19,Total,PS,0,86816.0
2000,ISL,Islande,0-19,Total,PT_POP,0,23.32
2000,ITA,Italie,0-19,Total,PS,0,11213330.0
2000,ITA,Italie,0-19,Total,PT_POP,0,14.31
2000,LTU,Lituanie,0-19,Total,PS,0,970417.0
2000,LTU,Lituanie,0-19,Total,PT_POP,0,20.22
2000,LUX,Luxembourg,0-19,Total,PS,0,105897.0
2000,LUX,Luxembourg,0-19,Total,PT_POP,0,18.93
2000,LVA,Lettonie,0-19,Total,PS,0,606196.0
2000,LVA,Lettonie,0-19,Total,PT_POP,0,17.97
2000,NLD,Pays-Bas,0-19,Total,PS,0,3873008.0
2000,NLD,Pays-Bas,0-19,Total,PT_POP,0,18.57
2000,NOR,Norvège,0-19,Total,PS,0,1160107.0
2000,NOR,Norvège,0-19,Total,PT_POP,0,19.98
2000,POL,Pologne,0-19,Total,PS,0,10915630.0
2000,POL,Pologne,0-19,Total,PT_POP,0,19.82
2000,PRT,Portugal,0-19,Total,PS,0,2395915.0
2000,PRT,Portugal,0-19,Total,PT_POP,0,16.5
2000,ROU,Roumanie,0-19,Total,PS,0,5844839.0
2000,ROU,Roumanie,0-19,Total,PT_POP,0,18.52
2000,SVK,République slovaque,0-19,Total,PS,0,1517140.0
2000,SVK,République slovaque,0-19,Total,PT_POP,0,19.81
2000,SVN,Slovénie,0-19,Total,PS,0,461243.0
2000,SVN,Slovénie,0-19,Total,PT_POP,0,16.12
2000,SWE,Suède,0-19,Total,PS,0,2144393.0
2000,SWE,Suède,0-19,Total,PT_POP,0,18.5
2001,AUT,Autriche,0-19,Total,PS,0,1844074.0
2001,AUT,Autriche,0-19,Total,PT_POP,0,16.95
2001,BEL,Belgique,0-19,Total,PS,0,2412224.0
2001,BEL,Belgique,0-19,Total,PT_POP,0,17.59
2001,BGR,Bulgarie,0-19,Total,PS,0,1801162.0
2001,BGR,Bulgarie,0-19,Total,PT_POP,0,15.54
2001,CHE,Suisse,0-19,Total,PS,0,1664351.0
2001,CHE,Suisse,0-19,Total,PT_POP,0,17.31
2001,DEU,Allemagne,0-19,Total,PS,0,17389674.0
2001,DEU,Allemagne,0-19,Total,PT_POP,0,15.53
2001,DNK,Danemark,0-19,Total,PS,0,1273316.0
2001,DNK,Danemark,0-19,Total,PT_POP,0,18.59
2001,ESP,Espagne,0-19,Total,PS,0,8509205.0
2001,ESP,Espagne,0-19,Total,PT_POP,0,14.62
2001,EST,Estonie,0-19,Total,PS,0,344310.0
2001,EST,Estonie,0-19,Total,PT_POP,0,17.4
2001,FIN,Finlande,0-19,Total,PS,0,1268111.0
2001,FIN,Finlande,0-19,Total,PT_POP,0,18.07
2001,FRA,France,0-19,Total,PS,0,15664260.0
2001,FRA,France,0-19,Total,PT_POP,0,19.06
2001,GBR,Royaume-Uni,0-19,Total,PS,0,14784787.0
2001,GBR,Royaume-Uni,0-19,Total,PT_POP,0,18.79
2001,GRC,Grèce,0-19,Total,PS,0,2258027.0
2001,GRC,Grèce,0-19,Total,PT_POP,0,14.48
2001,HRV,Croatie,0-19,Total,PS,0,1002720.0
2001,HRV,Croatie,0-19,Total,PT_POP,0,16.84
2001,HUN,Hongrie,0-19,Total,PS,0,2360389.0
2001,HUN,Hongrie,0-19,Total,PT_POP,0,16.59
2001,IRL,Irlande,0-19,Total,PS,0,1150314.0
2001,IRL,Irlande,0-19,Total,PT_POP,0,21.59
2001,ISL,Islande,0-19,Total,PS,0,87043.0
2001,ISL,Islande,0-19,Total,PT_POP,0,23.24
2001,ITA,Italie,0-19,Total,PS,0,11135237.0
2001,ITA,Italie,0-19,Total,PT_POP,0,14.26
2001,LTU,Lituanie,0-19,Total,PS,0,950771.0
2001,LTU,Lituanie,0-19,Total,PT_POP,0,19.7
2001,LUX,Luxembourg,0-19,Total,PS,0,107898.0
2001,LUX,Luxembourg,0-19,Total,PT_POP,0,18.93
2001,LVA,Lettonie,0-19,Total,PS,0,589140.0
2001,LVA,Lettonie,0-19,Total,PT_POP,0,17.37
2001,NLD,Pays-Bas,0-19,Total,PS,0,3908053.0
2001,NLD,Pays-Bas,0-19,Total,PT_POP,0,18.62
2001,NOR,Norvège,0-19,Total,PS,0,1168391.0
2001,NOR,Norvège,0-19,Total,PT_POP,0,20.04
2001,POL,Pologne,0-19,Total,PS,0,10636821.0
2001,POL,Pologne,0-19,Total,PT_POP,0,19.07
2001,PRT,Portugal,0-19,Total,PS,0,2368474.0
2001,PRT,Portugal,0-19,Total,PT_POP,0,16.25
2001,ROU,Roumanie,0-19,Total,PS,0,5689279.0
2001,ROU,Roumanie,0-19,Total,PT_POP,0,18.04
2001,SVK,République slovaque,0-19,Total,PS,0,1479111.0
2001,SVK,République slovaque,0-19,Total,PT_POP,0,19.22
2001,SVN,Slovénie,0-19,Total,PS,0,450138.0
2001,SVN,Slovénie,0-19,Total,PT_POP,0,15.75
2001,SWE,Suède,0-19,Total,PS,0,2139378.0
2001,SWE,Suède,0-19,Total,PT_POP,0,18.36
2002,AUT,Autriche,0-19,Total,PS,0,1827823.0
2002,AUT,Autriche,0-19,Total,PT_POP,0,16.69
2002,BEL,Belgique,0-19,Total,PS,0,2408943.0
2002,BEL,Belgique,0-19,Total,PT_POP,0,17.51
2002,BGR,Bulgarie,0-19,Total,PS,0,1702410.0
2002,BGR,Bulgarie,0-19,Total,PT_POP,0,14.91
2002,CHE,Suisse,0-19,Total,PS,0,1642753.0
2002,CHE,Suisse,0-19,Total,PT_POP,0,16.88
2002,DEU,Allemagne,0-19,Total,PS,0,17259471.0
2002,DEU,Allemagne,0-19,Total,PT_POP,0,15.31
2002,DNK,Danemark,0-19,Total,PS,0,1287755.0
2002,DNK,Danemark,0-19,Total,PT_POP,0,18.72
2002,ESP,Espagne,0-19,Total,PS,0,8413999.0
2002,ESP,Espagne,0-19,Total,PT_POP,0,14.51
2002,EST,Estonie,0-19,Total,PS,0,335750.0
2002,EST,Estonie,0-19,Total,PT_POP,0,16.91
2002,FIN,Finlande,0-19,Total,PS,0,1260807.0
2002,FIN,Finlande,0-19,Total,PT_POP,0,17.93
2002,FRA,France,0-19,Total,PS,0,15693094.0
2002,FRA,France,0-19,Total,PT_POP,0,18.98
2002,GBR,Royaume-Uni,0-19,Total,PS,0,14781503.0
2002,GBR,Royaume-Uni,0-19,Total,PT_POP,0,18.59
2002,GRC,Grèce,0-19,Total,PS,0,2407640.0
2002,GRC,Grèce,0-19,Total,PT_POP,0,15.69
2002,HRV,Croatie,0-19,Total,PS,0,991950.0
2002,HRV,Croatie,0-19,Total,PT_POP,0,16.63
2002,HUN,Hongrie,0-19,Total,PS,0,2315258.0
2002,HUN,Hongrie,0-19,Total,PT_POP,0,16.32
2002,IRL,Irlande,0-19,Total,PS,0,1142453.0
2002,IRL,Irlande,0-19,Total,PT_POP,0,21.22
2002,ISL,Islande,0-19,Total,PS,0,86943.0
2002,ISL,Islande,0-19,Total,PT_POP,0,23.12
2002,ITA,Italie,0-19,Total,PS,0,11048581.0
2002,ITA,Italie,0-19,Total,PT_POP,0,14.21
2002,LTU,Lituanie,0-19,Total,PS,0,923883.0
2002,LTU,Lituanie,0-19,Total,PT_POP,0,18.97
2002,LUX,Luxembourg,0-19,Total,PS,0,108836.0
2002,LUX,Luxembourg,0-19,Total,PT_POP,0,18.91
2002,LVA,Lettonie,0-19,Total,PS,0,571221.0
2002,LVA,Lettonie,0-19,Total,PT_POP,0,16.71
2002,NLD,Pays-Bas,0-19,Total,PS,0,3940636.0
2002,NLD,Pays-Bas,0-19,Total,PT_POP,0,18.62
2002,NOR,Norvège,0-19,Total,PS,0,1174503.0
2002,NOR,Norvège,0-19,Total,PT_POP,0,20.03
2002,POL,Pologne,0-19,Total,PS,0,10356628.0
2002,POL,Pologne,0-19,Total,PT_POP,0,18.41
2002,PRT,Portugal,0-19,Total,PS,0,2342795.0
2002,PRT,Portugal,0-19,Total,PT_POP,0,16.16
2002,ROU,Roumanie,0-19,Total,PS,0,5490363.0
2002,ROU,Roumanie,0-19,Total,PT_POP,0,17.67
2002,SVK,République slovaque,0-19,Total,PS,0,1450251.0
2002,SVK,République slovaque,0-19,Total,PT_POP,0,18.72
2002,SVN,Slovénie,0-19,Total,PS,0,439448.0
2002,SVN,Slovénie,0-19,Total,PT_POP,0,15.38
2002,SWE,Suède,0-19,Total,PS,0,2139336.0
2002,SWE,Suède,0-19,Total,PT_POP,0,18.19
2003,AUT,Autriche,0-19,Total,PS,0,1819450.0
2003,AUT,Autriche,0-19,Total,PT_POP,0,16.53
2003,BEL,Belgique,0-19,Total,PS,0,2407368.0
2003,BEL,Belgique,0-19,Total,PT_POP,0,17.41
2003,BGR,Bulgarie,0-19,Total,PS,0,1656700.0
2003,BGR,Bulgarie,0-19,Total,PT_POP,0,14.49
2003,CHE,Suisse,0-19,Total,PS,0,1642782.0
2003,CHE,Suisse,0-19,Total,PT_POP,0,16.71
2003,DEU,Allemagne,0-19,Total,PS,0,17089016.0
2003,DEU,Allemagne,0-19,Total,PT_POP,0,15.04
2003,DNK,Danemark,0-19,Total,PS,0,1299812.0
2003,DNK,Danemark,0-19,Total,PT_POP,0,18.82
2003,ESP,Espagne,0-19,Total,PS,0,8455311.0
2003,ESP,Espagne,0-19,Total,PT_POP,0,14.47
2003,EST,Estonie,0-19,Total,PS,0,327900.0
2003,EST,Estonie,0-19,Total,PT_POP,0,16.38
2003,FIN,Finlande,0-19,Total,PS,0,1250139.0
2003,FIN,Finlande,0-19,Total,PT_POP,0,17.81
2003,FRA,France,0-19,Total,PS,0,15723655.0
2003,FRA,France,0-19,Total,PT_POP,0,18.88
2003,GBR,Royaume-Uni,0-19,Total,PS,0,14799756.0
2003,GBR,Royaume-Uni,0-19,Total,PT_POP,0,18.41
2003,GRC,Grèce,0-19,Total,PS,0,2363241.0
2003,GRC,Grèce,0-19,Total,PT_POP,0,15.52
2003,HRV,Croatie,0-19,Total,PS,0,978068.0
2003,HRV,Croatie,0-19,Total,PT_POP,0,16.4
2003,HUN,Hongrie,0-19,Total,PS,0,2278393.0
2003,HUN,Hongrie,0-19,Total,PT_POP,0,16.11
2003,IRL,Irlande,0-19,Total,PS,0,1139690.0
2003,IRL,Irlande,0-19,Total,PT_POP,0,21.01
2003,ISL,Islande,0-19,Total,PS,0,86631.0
2003,ISL,Islande,0-19,Total,PT_POP,0,22.93
2003,ITA,Italie,0-19,Total,PS,0,11009463.0
2003,ITA,Italie,0-19,Total,PT_POP,0,14.22
2003,LTU,Lituanie,0-19,Total,PS,0,896575.0
2003,LTU,Lituanie,0-19,Total,PT_POP,0,18.23
2003,LUX,Luxembourg,0-19,Total,PS,0,109618.0
2003,LUX,Luxembourg,0-19,Total,PT_POP,0,18.84
2003,LVA,Lettonie,0-19,Total,PS,0,555101.0
2003,LVA,Lettonie,0-19,Total,PT_POP,0,16.06
2003,NLD,Pays-Bas,0-19,Total,PS,0,3968999.0
2003,NLD,Pays-Bas,0-19,Total,PT_POP,0,18.59
2003,NOR,Norvège,0-19,Total,PS,0,1182408.0
2003,NOR,Norvège,0-19,Total,PT_POP,0,20.0
2003,POL,Pologne,0-19,Total,PS,0,10035440.0
2003,POL,Pologne,0-19,Total,PT_POP,0,17.8
2003,PRT,Portugal,0-19,Total,PS,0,2318407.0
2003,PRT,Portugal,0-19,Total,PT_POP,0,16.11
2003,ROU,Roumanie,0-19,Total,PS,0,5433766.0
2003,ROU,Roumanie,0-19,Total,PT_POP,0,17.59
2003,SVK,République slovaque,0-19,Total,PS,0,1409219.0
2003,SVK,République slovaque,0-19,Total,PT_POP,0,18.14
2003,SVN,Slovénie,0-19,Total,PS,0,429285.0
2003,SVN,Slovénie,0-19,Total,PT_POP,0,14.99
2003,SWE,Suède,0-19,Total,PS,0,2144151.0
2003,SWE,Suède,0-19,Total,PT_POP,0,18.03
2004,AUT,Autriche,0-19,Total,PS,0,1813186.0
2004,AUT,Autriche,0-19,Total,PT_POP,0,16.33
2004,BEL,Belgique,0-19,Total,PS,0,2408456.0
2004,BEL,Belgique,0-19,Total,PT_POP,0,17.29
2004,BGR,Bulgarie,0-19,Total,PS,0,1610136.0
2004,BGR,Bulgarie,0-19,Total,PT_POP,0,14.08
2004,CHE,Suisse,0-19,Total,PS,0,1641794.0
2004,CHE,Suisse,0-19,Total,PT_POP,0,16.48
2004,DEU,Allemagne,0-19,Total,PS,0,16904315.0
2004,DEU,Allemagne,0-19,Total,PT_POP,0,14.74
2004,DNK,Danemark,0-19,Total,PS,0,1312672.0
2004,DNK,Danemark,0-19,Total,PT_POP,0,18.85
2004,ESP,Espagne,0-19,Total,PS,0,8526845.0
2004,ESP,Espagne,0-19,Total,PT_POP,0,14.49
2004,EST,Estonie,0-19,Total,PS,0,319200.0
2004,EST,Estonie,0-19,Total,PT_POP,0,15.84
2004,FIN,Finlande,0-19,Total,PS,0,1239851.0
2004,FIN,Finlande,0-19,Total,PT_POP,0,17.63
2004,FRA,France,0-19,Total,PS,0,15798138.0
2004,FRA,France,0-19,Total,PT_POP,0,18.77
2004,GBR,Royaume-Uni,0-19,Total,PS,0,14808925.0
2004,GBR,Royaume-Uni,0-19,Total,PT_POP,0,18.25
2004,GRC,Grèce,0-19,Total,PS,0,2323788.0
2004,GRC,Grèce,0-19,Total,PT_POP,0,15.29
2004,HRV,Croatie,0-19,Total,PS,0,963808.0
2004,HRV,Croatie,0-19,Total,PT_POP,0,16.14
2004,HUN,Hongrie,0-19,Total,PS,0,2245506.0
2004,HUN,Hongrie,0-19,Total,PT_POP,0,15.88
2004,IRL,Irlande,0-19,Total,PS,0,1141495.0
2004,IRL,Irlande,0-19,Total,PT_POP,0,20.89
2004,ISL,Islande,0-19,Total,PS,0,86681.0
2004,ISL,Islande,0-19,Total,PT_POP,0,22.63
2004,ITA,Italie,0-19,Total,PS,0,11011584.0
2004,ITA,Italie,0-19,Total,PT_POP,0,14.16
2004,LTU,Lituanie,0-19,Total,PS,0,864843.0
2004,LTU,Lituanie,0-19,Total,PT_POP,0,17.62
2004,LUX,Luxembourg,0-19,Total,PS,0,111061.0
2004,LUX,Luxembourg,0-19,Total,PT_POP,0,18.72
2004,LVA,Lettonie,0-19,Total,PS,0,536909.0
2004,LVA,Lettonie,0-19,Total,PT_POP,0,15.49
2004,NLD,Pays-Bas,0-19,Total,PS,0,3987557.0
2004,NLD,Pays-Bas,0-19,Total,PT_POP,0,18.55
2004,NOR,Norvège,0-19,Total,PS,0,1190356.0
2004,NOR,Norvège,0-19,Total,PT_POP,0,19.89
2004,POL,Pologne,0-19,Total,PS,0,9685837.0
2004,POL,Pologne,0-19,Total,PT_POP,0,17.23
2004,PRT,Portugal,0-19,Total,PS,0,2294758.0
2004,PRT,Portugal,0-19,Total,PT_POP,0,16.05
2004,ROU,Roumanie,0-19,Total,PS,0,5398504.0
2004,ROU,Roumanie,0-19,Total,PT_POP,0,17.53
2004,SVK,République slovaque,0-19,Total,PS,0,1370947.0
2004,SVK,République slovaque,0-19,Total,PT_POP,0,17.59
2004,SVN,Slovénie,0-19,Total,PS,0,420157.0
2004,SVN,Slovénie,0-19,Total,PT_POP,0,14.6
2004,SWE,Suède,0-19,Total,PS,0,2152290.0
2004,SWE,Suède,0-19,Total,PT_POP,0,17.81
2005,AUT,Autriche,0-19,Total,PS,0,1809717.0
2005,AUT,Autriche,0-19,Total,PT_POP,0,16.13
2005,BEL,Belgique,0-19,Total,PS,0,2414041.0
2005,BEL,Belgique,0-19,Total,PT_POP,0,17.18
2005,BGR,Bulgarie,0-19,Total,PS,0,1564584.0
2005,BGR,Bulgarie,0-19,Total,PT_POP,0,13.71
2005,CHE,Suisse,0-19,Total,PS,0,1639045.0
2005,CHE,Suisse,0-19,Total,PT_POP,0,16.26
2005,DEU,Allemagne,0-19,Total,PS,0,16712522.0
2005,DEU,Allemagne,0-19,Total,PT_POP,0,14.45
2005,DNK,Danemark,0-19,Total,PS,0,1322728.0
2005,DNK,Danemark,0-19,Total,PT_POP,0,18.81
2005,ESP,Espagne,0-19,Total,PS,0,8592920.0
2005,ESP,Espagne,0-19,Total,PT_POP,0,14.46
2005,EST,Estonie,0-19,Total,PS,0,311630.0
2005,EST,Estonie,0-19,Total,PT_POP,0,15.38
2005,FIN,Finlande,0-19,Total,PS,0,1232665.0
2005,FIN,Finlande,0-19,Total,PT_POP,0,17.46
2005,FRA,France,0-19,Total,PS,0,15863386.0
2005,FRA,France,0-19,Total,PT_POP,0,18.65
2005,GBR,Royaume-Uni,0-19,Total,PS,0,14806592.0
2005,GBR,Royaume-Uni,0-19,Total,PT_POP,0,18.05
2005,GRC,Grèce,0-19,Total,PS,0,2294236.0
2005,GRC,Grèce,0-19,Total,PT_POP,0,15.08
2005,HRV,Croatie,0-19,Total,PS,0,949536.0
2005,HRV,Croatie,0-19,Total,PT_POP,0,15.93
2005,HUN,Hongrie,0-19,Total,PS,0,2214025.0
2005,HUN,Hongrie,0-19,Total,PT_POP,0,15.64
2005,IRL,Irlande,0-19,Total,PS,0,1145233.0
2005,IRL,Irlande,0-19,Total,PT_POP,0,20.7
2005,ISL,Islande,0-19,Total,PS,0,86864.0
2005,ISL,Islande,0-19,Total,PT_POP,0,22.33
2005,ITA,Italie,0-19,Total,PS,0,11054808.0
2005,ITA,Italie,0-19,Total,PT_POP,0,14.14
2005,LTU,Lituanie,0-19,Total,PS,0,832141.0
2005,LTU,Lituanie,0-19,Total,PT_POP,0,17.1
2005,LUX,Luxembourg,0-19,Total,PS,0,112295.0
2005,LUX,Luxembourg,0-19,Total,PT_POP,0,18.61
2005,LVA,Lettonie,0-19,Total,PS,0,518034.0
2005,LVA,Lettonie,0-19,Total,PT_POP,0,14.97
2005,NLD,Pays-Bas,0-19,Total,PS,0,3987957.0
2005,NLD,Pays-Bas,0-19,Total,PT_POP,0,18.45
2005,NOR,Norvège,0-19,Total,PS,0,1198361.0
2005,NOR,Norvège,0-19,Total,PT_POP,0,19.74
2005,POL,Pologne,0-19,Total,PS,0,9357711.0
2005,POL,Pologne,0-19,Total,PT_POP,0,16.71
2005,PRT,Portugal,0-19,Total,PS,0,2269184.0
2005,PRT,Portugal,0-19,Total,PT_POP,0,15.97
2005,ROU,Roumanie,0-19,Total,PS,0,5352643.0
2005,ROU,Roumanie,0-19,Total,PT_POP,0,17.47
2005,SVK,République slovaque,0-19,Total,PS,0,1335544.0
2005,SVK,République slovaque,0-19,Total,PT_POP,0,17.12
2005,SVN,Slovénie,0-19,Total,PS,0,412391.0
2005,SVN,Slovénie,0-19,Total,PT_POP,0,14.35
2005,SWE,Suède,0-19,Total,PS,0,2158278.0
2005,SWE,Suède,0-19,Total,PT_POP,0,17.57
2006,AUT,Autriche,0-19,Total,PS,0,1803687.0
2006,AUT,Autriche,0-19,Total,PT_POP,0,15.9
2006,BEL,Belgique,0-19,Total,PS,0,2428706.0
2006,BEL,Belgique,0-19,Total,PT_POP,0,17.09
2006,BGR,Bulgarie,0-19,Total,PS,0,1515539.0
2006,BGR,Bulgarie,0-19,Total,PT_POP,0,13.42
2006,CHE,Suisse,0-19,Total,PS,0,1634335.0
2006,CHE,Suisse,0-19,Total,PT_POP,0,16.0
2006,DEU,Allemagne,0-19,Total,PS,0,16485661.0
2006,DEU,Allemagne,0-19,Total,PT_POP,0,14.13
2006,DNK,Danemark,0-19,Total,PS,0,1330092.0
2006,DNK,Danemark,0-19,Total,PT_POP,0,18.72
2006,ESP,Espagne,0-19,Total,PS,0,8689261.0
2006,ESP,Espagne,0-19,Total,PT_POP,0,14.5
2006,EST,Estonie,0-19,Total,PS,0,304730.0
2006,EST,Estonie,0-19,Total,PT_POP,0,15.03
2006,FIN,Finlande,0-19,Total,PS,0,1227846.0
2006,FIN,Finlande,0-19,Total,PT_POP,0,17.26
2006,FRA,France,0-19,Total,PS,0,15898694.0
2006,FRA,France,0-19,Total,PT_POP,0,18.54
2006,GBR,Royaume-Uni,0-19,Total,PS,0,14815739.0
2006,GBR,Royaume-Uni,0-19,Total,PT_POP,0,17.87
2006,GRC,Grèce,0-19,Total,PS,0,2271844.0
2006,GRC,Grèce,0-19,Total,PT_POP,0,14.9
2006,HRV,Croatie,0-19,Total,PS,0,939342.0
2006,HRV,Croatie,0-19,Total,PT_POP,0,15.78
2006,HUN,Hongrie,0-19,Total,PS,0,2180666.0
2006,HUN,Hongrie,0-19,Total,PT_POP,0,15.42
2006,IRL,Irlande,0-19,Total,PS,0,1155006.0
2006,IRL,Irlande,0-19,Total,PT_POP,0,20.49
2006,ISL,Islande,0-19,Total,PS,0,87691.0
2006,ISL,Islande,0-19,Total,PT_POP,0,21.79
2006,ITA,Italie,0-19,Total,PS,0,11101091.0
2006,ITA,Italie,0-19,Total,PT_POP,0,14.13
2006,LTU,Lituanie,0-19,Total,PS,0,794181.0
2006,LTU,Lituanie,0-19,Total,PT_POP,0,16.56
2006,LUX,Luxembourg,0-19,Total,PS,0,113885.0
2006,LUX,Luxembourg,0-19,Total,PT_POP,0,18.44
2006,LVA,Lettonie,0-19,Total,PS,0,501212.0
2006,LVA,Lettonie,0-19,Total,PT_POP,0,14.52
2006,NLD,Pays-Bas,0-19,Total,PS,0,3975626.0
2006,NLD,Pays-Bas,0-19,Total,PT_POP,0,18.27
2006,NOR,Norvège,0-19,Total,PS,0,1205986.0
2006,NOR,Norvège,0-19,Total,PT_POP,0,19.54
2006,POL,Pologne,0-19,Total,PS,0,9058458.0
2006,POL,Pologne,0-19,Total,PT_POP,0,16.22
2006,PRT,Portugal,0-19,Total,PS,0,2253782.0
2006,PRT,Portugal,0-19,Total,PT_POP,0,15.88
2006,ROU,Roumanie,0-19,Total,PS,0,5076373.0
2006,ROU,Roumanie,0-19,Total,PT_POP,0,16.88
2006,SVK,République slovaque,0-19,Total,PS,0,1301311.0
2006,SVK,République slovaque,0-19,Total,PT_POP,0,16.67
2006,SVN,Slovénie,0-19,Total,PS,0,405700.0
2006,SVN,Slovénie,0-19,Total,PT_POP,0,14.14
2006,SWE,Suède,0-19,Total,PS,0,2159156.0
2006,SWE,Suède,0-19,Total,PT_POP,0,17.25
2007,AUT,Autriche,0-19,Total,PS,0,1790880.0
2007,AUT,Autriche,0-19,Total,PT_POP,0,15.64
2007,BEL,Belgique,0-19,Total,PS,0,2441129.0
2007,BEL,Belgique,0-19,Total,PT_POP,0,16.98
2007,BGR,Bulgarie,0-19,Total,PS,0,1473482.0
2007,BGR,Bulgarie,0-19,Total,PT_POP,0,13.24
2007,CHE,Suisse,0-19,Total,PS,0,1629839.0
2007,CHE,Suisse,0-19,Total,PT_POP,0,15.75
2007,DEU,Allemagne,0-19,Total,PS,0,16203730.0
2007,DEU,Allemagne,0-19,Total,PT_POP,0,13.9
2007,DNK,Danemark,0-19,Total,PS,0,1336974.0
2007,DNK,Danemark,0-19,Total,PT_POP,0,18.62
2007,ESP,Espagne,0-19,Total,PS,0,8829145.0
2007,ESP,Espagne,0-19,Total,PT_POP,0,14.57
2007,EST,Estonie,0-19,Total,PS,0,298270.0
2007,EST,Estonie,0-19,Total,PT_POP,0,14.88
2007,FIN,Finlande,0-19,Total,PS,0,1226528.0
2007,FIN,Finlande,0-19,Total,PT_POP,0,17.08
2007,FRA,France,0-19,Total,PS,0,15935907.0
2007,FRA,France,0-19,Total,PT_POP,0,18.52
2007,GBR,Royaume-Uni,0-19,Total,PS,0,14878485.0
2007,GBR,Royaume-Uni,0-19,Total,PT_POP,0,17.75
2007,GRC,Grèce,0-19,Total,PS,0,2252213.0
2007,GRC,Grèce,0-19,Total,PT_POP,0,14.75
2007,HRV,Croatie,0-19,Total,PS,0,929614.0
2007,HRV,Croatie,0-19,Total,PT_POP,0,15.59
2007,HUN,Hongrie,0-19,Total,PS,0,2153291.0
2007,HUN,Hongrie,0-19,Total,PT_POP,0,15.2
2007,IRL,Irlande,0-19,Total,PS,0,1170706.0
2007,IRL,Irlande,0-19,Total,PT_POP,0,20.26
2007,ISL,Islande,0-19,Total,PS,0,88484.0
2007,ISL,Islande,0-19,Total,PT_POP,0,21.28
2007,ITA,Italie,0-19,Total,PS,0,11155600.0
2007,ITA,Italie,0-19,Total,PT_POP,0,14.12
2007,LTU,Lituanie,0-19,Total,PS,0,765638.0
2007,LTU,Lituanie,0-19,Total,PT_POP,0,16.02
2007,LUX,Luxembourg,0-19,Total,PS,0,115169.0
2007,LUX,Luxembourg,0-19,Total,PT_POP,0,18.33
2007,LVA,Lettonie,0-19,Total,PS,0,484745.0
2007,LVA,Lettonie,0-19,Total,PT_POP,0,14.21
2007,NLD,Pays-Bas,0-19,Total,PS,0,3957103.0
2007,NLD,Pays-Bas,0-19,Total,PT_POP,0,18.09
2007,NOR,Norvège,0-19,Total,PS,0,1214201.0
2007,NOR,Norvège,0-19,Total,PT_POP,0,19.35
2007,POL,Pologne,0-19,Total,PS,0,8810480.0
2007,POL,Pologne,0-19,Total,PT_POP,0,15.8
2007,PRT,Portugal,0-19,Total,PS,0,2239020.0
2007,PRT,Portugal,0-19,Total,PT_POP,0,15.73
2007,ROU,Roumanie,0-19,Total,PS,0,5035568.0
2007,ROU,Roumanie,0-19,Total,PT_POP,0,16.89
2007,SVK,République slovaque,0-19,Total,PS,0,1269815.0
2007,SVK,République slovaque,0-19,Total,PT_POP,0,16.25
2007,SVN,Slovénie,0-19,Total,PS,0,400648.0
2007,SVN,Slovénie,0-19,Total,PT_POP,0,13.98
2007,SWE,Suède,0-19,Total,PS,0,2169309.0
2007,SWE,Suède,0-19,Total,PT_POP,0,17.0
2008,AUT,Autriche,0-19,Total,PS,0,1777333.0
2008,AUT,Autriche,0-19,Total,PT_POP,0,15.37
2008,BEL,Belgique,0-19,Total,PS,0,2452770.0
2008,BEL,Belgique,0-19,Total,PT_POP,0,16.88
2008,BGR,Bulgarie,0-19,Total,PS,0,1432410.0
2008,BGR,Bulgarie,0-19,Total,PT_POP,0,13.13
2008,CHE,Suisse,0-19,Total,PS,0,1631386.0
2008,CHE,Suisse,0-19,Total,PT_POP,0,15.5
2008,DEU,Allemagne,0-19,Total,PS,0,15924660.0
2008,DEU,Allemagne,0-19,Total,PT_POP,0,13.72
2008,DNK,Danemark,0-19,Total,PS,0,1344180.0
2008,DNK,Danemark,0-19,Total,PT_POP,0,18.44
2008,ESP,Espagne,0-19,Total,PS,0,9001998.0
2008,ESP,Espagne,0-19,Total,PT_POP,0,14.63
2008,EST,Estonie,0-19,Total,PS,0,292400.0
2008,EST,Estonie,0-19,Total,PT_POP,0,14.82
2008,FIN,Finlande,0-19,Total,PS,0,1226510.0
2008,FIN,Finlande,0-19,Total,PT_POP,0,16.88
2008,FRA,France,0-19,Total,PS,0,15960189.0
2008,FRA,France,0-19,Total,PT_POP,0,18.49
2008,GBR,Royaume-Uni,0-19,Total,PS,0,14933662.0
2008,GBR,Royaume-Uni,0-19,Total,PT_POP,0,17.69
2008,GRC,Grèce,0-19,Total,PS,0,2239006.0
2008,GRC,Grèce,0-19,Total,PT_POP,0,14.63
2008,HRV,Croatie,0-19,Total,PS,0,920652.0
2008,HRV,Croatie,0-19,Total,PT_POP,0,15.5
2008,HUN,Hongrie,0-19,Total,PS,0,2128651.0
2008,HUN,Hongrie,0-19,Total,PT_POP,0,15.02
2008,IRL,Irlande,0-19,Total,PS,0,1201836.0
2008,IRL,Irlande,0-19,Total,PT_POP,0,20.36
2008,ISL,Islande,0-19,Total,PS,0,89664.0
2008,ISL,Islande,0-19,Total,PT_POP,0,20.92
2008,ITA,Italie,0-19,Total,PS,0,11250362.0
2008,ITA,Italie,0-19,Total,PT_POP,0,14.08
2008,LTU,Lituanie,0-19,Total,PS,0,739539.0
2008,LTU,Lituanie,0-19,Total,PT_POP,0,15.49
2008,LUX,Luxembourg,0-19,Total,PS,0,116442.0
2008,LUX,Luxembourg,0-19,Total,PT_POP,0,18.15
2008,LVA,Lettonie,0-19,Total,PS,0,469580.0
2008,LVA,Lettonie,0-19,Total,PT_POP,0,14.01
2008,NLD,Pays-Bas,0-19,Total,PS,0,3940450.0
2008,NLD,Pays-Bas,0-19,Total,PT_POP,0,17.89
2008,NOR,Norvège,0-19,Total,PS,0,1222946.0
2008,NOR,Norvège,0-19,Total,PT_POP,0,19.15
2008,POL,Pologne,0-19,Total,PS,0,8609157.0
2008,POL,Pologne,0-19,Total,PT_POP,0,15.48
2008,PRT,Portugal,0-19,Total,PS,0,2225053.0
2008,PRT,Portugal,0-19,Total,PT_POP,0,15.58
2008,ROU,Roumanie,0-19,Total,PS,0,4675771.0
2008,ROU,Roumanie,0-19,Total,PT_POP,0,16.34
2008,SVK,République slovaque,0-19,Total,PS,0,1242578.0
2008,SVK,République slovaque,0-19,Total,PT_POP,0,15.89
2008,SVN,Slovénie,0-19,Total,PS,0,394223.0
2008,SVN,Slovénie,0-19,Total,PT_POP,0,13.95
2008,SWE,Suède,0-19,Total,PS,0,2178761.0
2008,SWE,Suède,0-19,Total,PT_POP,0,16.79
2009,AUT,Autriche,0-19,Total,PS,0,1762940.0
2009,AUT,Autriche,0-19,Total,PT_POP,0,15.13
2009,BEL,Belgique,0-19,Total,PS,0,2468922.0
2009,BEL,Belgique,0-19,Total,PT_POP,0,16.88
2009,BGR,Bulgarie,0-19,Total,PS,0,1394328.0
2009,BGR,Bulgarie,0-19,Total,PT_POP,0,13.1
2009,CHE,Suisse,0-19,Total,PS,0,1635377.0
2009,CHE,Suisse,0-19,Total,PT_POP,0,15.32
2009,DEU,Allemagne,0-19,Total,PS,0,15618736.0
2009,DEU,Allemagne,0-19,Total,PT_POP,0,13.58
2009,DNK,Danemark,0-19,Total,PS,0,1351013.0
2009,DNK,Danemark,0-19,Total,PT_POP,0,18.29
2009,ESP,Espagne,0-19,Total,PS,0,9138674.0
2009,ESP,Espagne,0-19,Total,PT_POP,0,14.78
2009,EST,Estonie,0-19,Total,PS,0,286860.0
2009,EST,Estonie,0-19,Total,PT_POP,0,14.95
2009,FIN,Finlande,0-19,Total,PS,0,1224339.0
2009,FIN,Finlande,0-19,Total,PT_POP,0,16.73
2009,FRA,France,0-19,Total,PS,0,15988667.0
2009,FRA,France,0-19,Total,PT_POP,0,18.53
2009,GBR,Royaume-Uni,0-19,Total,PS,0,14999080.0
2009,GBR,Royaume-Uni,0-19,Total,PT_POP,0,17.64
2009,GRC,Grèce,0-19,Total,PS,0,2224700.0
2009,GRC,Grèce,0-19,Total,PT_POP,0,14.63
2009,HRV,Croatie,0-19,Total,PS,0,912818.0
2009,HRV,Croatie,0-19,Total,PT_POP,0,15.41
2009,HUN,Hongrie,0-19,Total,PS,0,2103900.0
2009,HUN,Hongrie,0-19,Total,PT_POP,0,14.88
2009,IRL,Irlande,0-19,Total,PS,0,1226592.0
2009,IRL,Irlande,0-19,Total,PT_POP,0,20.62
2009,ISL,Islande,0-19,Total,PS,0,90460.0
2009,ISL,Islande,0-19,Total,PT_POP,0,20.85
2009,ITA,Italie,0-19,Total,PS,0,11318952.0
2009,ITA,Italie,0-19,Total,PT_POP,0,14.09
2009,LTU,Lituanie,0-19,Total,PS,0,719691.0
2009,LTU,Lituanie,0-19,Total,PT_POP,0,15.13
2009,LUX,Luxembourg,0-19,Total,PS,0,117731.0
2009,LUX,Luxembourg,0-19,Total,PT_POP,0,17.95
2009,LVA,Lettonie,0-19,Total,PS,0,454616.0
2009,LVA,Lettonie,0-19,Total,PT_POP,0,14.08
2009,NLD,Pays-Bas,0-19,Total,PS,0,3933585.0
2009,NLD,Pays-Bas,0-19,Total,PT_POP,0,17.73
2009,NOR,Norvège,0-19,Total,PS,0,1231430.0
2009,NOR,Norvège,0-19,Total,PT_POP,0,19.01
2009,POL,Pologne,0-19,Total,PS,0,8449733.0
2009,POL,Pologne,0-19,Total,PT_POP,0,15.29
2009,PRT,Portugal,0-19,Total,PS,0,2209826.0
2009,PRT,Portugal,0-19,Total,PT_POP,0,15.44
2009,ROU,Roumanie,0-19,Total,PS,0,4374784.0
2009,ROU,Roumanie,0-19,Total,PT_POP,0,15.76
2009,SVK,République slovaque,0-19,Total,PS,0,1219091.0
2009,SVK,République slovaque,0-19,Total,PT_POP,0,15.6
2009,SVN,Slovénie,0-19,Total,PS,0,393132.0
2009,SVN,Slovénie,0-19,Total,PT_POP,0,13.98
2009,SWE,Suède,0-19,Total,PS,0,2183810.0
2009,SWE,Suède,0-19,Total,PT_POP,0,16.66
2010,AUT,Autriche,0-19,Total,PS,0,1745880.0
2010,AUT,Autriche,0-19,Total,PT_POP,0,14.91
2010,BEL,Belgique,0-19,Total,PS,0,2482866.0
2010,BEL,Belgique,0-19,Total,PT_POP,0,16.9
2010,BGR,Bulgarie,0-19,Total,PS,0,1361700.0
2010,BGR,Bulgarie,0-19,Total,PT_POP,0,13.15
2010,CHE,Suisse,0-19,Total,PS,0,1636125.0
2010,CHE,Suisse,0-19,Total,PT_POP,0,15.17
2010,DEU,Allemagne,0-19,Total,PS,0,15339706.0
2010,DEU,Allemagne,0-19,Total,PT_POP,0,13.47
2010,DNK,Danemark,0-19,Total,PS,0,1352246.0
2010,DNK,Danemark,0-19,Total,PT_POP,0,18.09
2010,ESP,Espagne,0-19,Total,PS,0,9198128.0
2010,ESP,Espagne,0-19,Total,PT_POP,0,14.92
2010,EST,Estonie,0-19,Total,PS,0,281380.0
2010,EST,Estonie,0-19,Total,PT_POP,0,15.12
2010,FIN,Finlande,0-19,Total,PS,0,1222959.0
2010,FIN,Finlande,0-19,Total,PT_POP,0,16.6
2010,FRA,France,0-19,Total,PS,0,16021910.0
2010,FRA,France,0-19,Total,PT_POP,0,18.57
2010,GBR,Royaume-Uni,0-19,Total,PS,0,15055047.0
2010,GBR,Royaume-Uni,0-19,Total,PT_POP,0,17.61
2010,GRC,Grèce,0-19,Total,PS,0,2214295.0
2010,GRC,Grèce,0-19,Total,PT_POP,0,14.64
2010,HRV,Croatie,0-19,Total,PS,0,907052.0
2010,HRV,Croatie,0-19,Total,PT_POP,0,15.35
2010,HUN,Hongrie,0-19,Total,PS,0,2080649.0
2010,HUN,Hongrie,0-19,Total,PT_POP,0,14.75
2010,IRL,Irlande,0-19,Total,PS,0,1243213.0
2010,IRL,Irlande,0-19,Total,PT_POP,0,20.95
2010,ISL,Islande,0-19,Total,PS,0,90293.0
2010,ISL,Islande,0-19,Total,PT_POP,0,20.93
2010,ITA,Italie,0-19,Total,PS,0,11356458.0
2010,ITA,Italie,0-19,Total,PT_POP,0,14.1
2010,LTU,Lituanie,0-19,Total,PS,0,699443.0
2010,LTU,Lituanie,0-19,Total,PT_POP,0,14.96
2010,LUX,Luxembourg,0-19,Total,PS,0,118915.0
2010,LUX,Luxembourg,0-19,Total,PT_POP,0,17.75
2010,LVA,Lettonie,0-19,Total,PS,0,436519.0
2010,LVA,Lettonie,0-19,Total,PT_POP,0,14.16
2010,NLD,Pays-Bas,0-19,Total,PS,0,3928334.0
2010,NLD,Pays-Bas,0-19,Total,PT_POP,0,17.57
2010,NOR,Norvège,0-19,Total,PS,0,1239757.0
2010,NOR,Norvège,0-19,Total,PT_POP,0,18.89
2010,POL,Pologne,0-19,Total,PS,0,8339170.0
2010,POL,Pologne,0-19,Total,PT_POP,0,15.3
2010,PRT,Portugal,0-19,Total,PS,0,2192251.0
2010,PRT,Portugal,0-19,Total,PT_POP,0,15.3
2010,ROU,Roumanie,0-19,Total,PS,0,4334805.0
2010,ROU,Roumanie,0-19,Total,PT_POP,0,15.8
2010,SVK,République slovaque,0-19,Total,PS,0,1201680.0
2010,SVK,République slovaque,0-19,Total,PT_POP,0,15.49
2010,SVN,Slovénie,0-19,Total,PS,0,393010.0
2010,SVN,Slovénie,0-19,Total,PT_POP,0,14.03
2010,SWE,Suède,0-19,Total,PS,0,2187975.0
2010,SWE,Suède,0-19,Total,PT_POP,0,16.59
2011,AUT,Autriche,0-19,Total,PS,0,1729434.0
2011,AUT,Autriche,0-19,Total,PT_POP,0,14.74
2011,BEL,Belgique,0-19,Total,PS,0,2516315.0
2011,BEL,Belgique,0-19,Total,PT_POP,0,16.97
2011,BGR,Bulgarie,0-19,Total,PS,0,1333174.0
2011,BGR,Bulgarie,0-19,Total,PT_POP,0,13.23
2011,CHE,Suisse,0-19,Total,PS,0,1642435.0
2011,CHE,Suisse,0-19,Total,PT_POP,0,15.13
2011,DEU,Allemagne,0-19,Total,PS,0,14952416.0
2011,DEU,Allemagne,0-19,Total,PT_POP,0,13.57
2011,DNK,Danemark,0-19,Total,PS,0,1351553.0
2011,DNK,Danemark,0-19,Total,PT_POP,0,17.9
2011,ESP,Espagne,0-19,Total,PS,0,9241785.0
2011,ESP,Espagne,0-19,Total,PT_POP,0,15.03
2011,EST,Estonie,0-19,Total,PS,0,277270.0
2011,EST,Estonie,0-19,Total,PT_POP,0,15.35
2011,FIN,Finlande,0-19,Total,PS,0,1219761.0
2011,FIN,Finlande,0-19,Total,PT_POP,0,16.51
2011,FRA,France,0-19,Total,PS,0,16049464.0
2011,FRA,France,0-19,Total,PT_POP,0,18.57
2011,GBR,Royaume-Uni,0-19,Total,PS,0,15089193.0
2011,GBR,Royaume-Uni,0-19,Total,PT_POP,0,17.57
2011,GRC,Grèce,0-19,Total,PS,0,2199813.0
2011,GRC,Grèce,0-19,Total,PT_POP,0,14.64
2011,HRV,Croatie,0-19,Total,PS,0,899248.0
2011,HRV,Croatie,0-19,Total,PT_POP,0,15.27
2011,HUN,Hongrie,0-19,Total,PS,0,2046211.0
2011,HUN,Hongrie,0-19,Total,PT_POP,0,14.59
2011,IRL,Irlande,0-19,Total,PS,0,1254098.0
2011,IRL,Irlande,0-19,Total,PT_POP,0,21.27
2011,ISL,Islande,0-19,Total,PS,0,89843.0
2011,ISL,Islande,0-19,Total,PT_POP,0,20.91
2011,ITA,Italie,0-19,Total,PS,0,11357259.0
2011,ITA,Italie,0-19,Total,PT_POP,0,14.08
2011,LTU,Lituanie,0-19,Total,PS,0,670040.0
2011,LTU,Lituanie,0-19,Total,PT_POP,0,14.89
2011,LUX,Luxembourg,0-19,Total,PS,0,120428.0
2011,LUX,Luxembourg,0-19,Total,PT_POP,0,17.59
2011,LVA,Lettonie,0-19,Total,PS,0,416908.0
2011,LVA,Lettonie,0-19,Total,PT_POP,0,14.2
2011,NLD,Pays-Bas,0-19,Total,PS,0,3913819.0
2011,NLD,Pays-Bas,0-19,Total,PT_POP,0,17.45
2011,NOR,Norvège,0-19,Total,PS,0,1245333.0
2011,NOR,Norvège,0-19,Total,PT_POP,0,18.73
2011,POL,Pologne,0-19,Total,PS,0,8215802.0
2011,POL,Pologne,0-19,Total,PT_POP,0,15.25
2011,PRT,Portugal,0-19,Total,PS,0,2162317.0
2011,PRT,Portugal,0-19,Total,PT_POP,0,15.09
2011,ROU,Roumanie,0-19,Total,PS,0,4309045.0
2011,ROU,Roumanie,0-19,Total,PT_POP,0,15.83
2011,SVK,République slovaque,0-19,Total,PS,0,1180658.0
2011,SVK,République slovaque,0-19,Total,PT_POP,0,15.42
2011,SVN,Slovénie,0-19,Total,PS,0,393379.0
2011,SVN,Slovénie,0-19,Total,PT_POP,0,14.19
2011,SWE,Suède,0-19,Total,PS,0,2183564.0
2011,SWE,Suède,0-19,Total,PT_POP,0,16.62
2012,AUT,Autriche,0-19,Total,PS,0,1712502.0
2012,AUT,Autriche,0-19,Total,PT_POP,0,14.56
2012,BEL,Belgique,0-19,Total,PS,0,2523184.0
2012,BEL,Belgique,0-19,Total,PT_POP,0,16.98
2012,BGR,Bulgarie,0-19,Total,PS,0,1315767.0
2012,BGR,Bulgarie,0-19,Total,PT_POP,0,13.37
2012,CHE,Suisse,0-19,Total,PS,0,1642543.0
2012,CHE,Suisse,0-19,Total,PT_POP,0,15.02
2012,DEU,Allemagne,0-19,Total,PS,0,14800952.0
2012,DEU,Allemagne,0-19,Total,PT_POP,0,13.41
2012,DNK,Danemark,0-19,Total,PS,0,1345583.0
2012,DNK,Danemark,0-19,Total,PT_POP,0,17.68
2012,ESP,Espagne,0-19,Total,PS,0,9276350.0
2012,ESP,Espagne,0-19,Total,PT_POP,0,15.12
2012,EST,Estonie,0-19,Total,PS,0,274242.0
2012,EST,Estonie,0-19,Total,PT_POP,0,15.52
2012,FIN,Finlande,0-19,Total,PS,0,1216748.0
2012,FIN,Finlande,0-19,Total,PT_POP,0,16.46
2012,FRA,France,0-19,Total,PS,0,16055902.0
2012,FRA,France,0-19,Total,PT_POP,0,18.58
2012,GBR,Royaume-Uni,0-19,Total,PS,0,15142008.0
2012,GBR,Royaume-Uni,0-19,Total,PT_POP,0,17.6
2012,GRC,Grèce,0-19,Total,PS,0,2183632.0
2012,GRC,Grèce,0-19,Total,PT_POP,0,14.67
2012,HRV,Croatie,0-19,Total,PS,0,889137.0
2012,HRV,Croatie,0-19,Total,PT_POP,0,15.09
2012,HUN,Hongrie,0-19,Total,PS,0,2028718.0
2012,HUN,Hongrie,0-19,Total,PT_POP,0,14.5
2012,IRL,Irlande,0-19,Total,PS,0,1266927.0
2012,IRL,Irlande,0-19,Total,PT_POP,0,21.48
2012,ISL,Islande,0-19,Total,PS,0,89470.0
2012,ISL,Islande,0-19,Total,PT_POP,0,20.74
2012,ITA,Italie,0-19,Total,PS,0,11330496.0
2012,ITA,Italie,0-19,Total,PT_POP,0,14.03
2012,LTU,Lituanie,0-19,Total,PS,0,645943.0
2012,LTU,Lituanie,0-19,Total,PT_POP,0,14.78
2012,LUX,Luxembourg,0-19,Total,PS,0,121532.0
2012,LUX,Luxembourg,0-19,Total,PT_POP,0,17.14
2012,LVA,Lettonie,0-19,Total,PS,0,402728.0
2012,LVA,Lettonie,0-19,Total,PT_POP,0,14.29
2012,NLD,Pays-Bas,0-19,Total,PS,0,3894754.0
2012,NLD,Pays-Bas,0-19,Total,PT_POP,0,17.31
2012,NOR,Norvège,0-19,Total,PS,0,1248565.0
2012,NOR,Norvège,0-19,Total,PT_POP,0,18.52
2012,POL,Pologne,0-19,Total,PS,0,8065033.0
2012,POL,Pologne,0-19,Total,PT_POP,0,15.14
2012,PRT,Portugal,0-19,Total,PS,0,2140602.0
2012,PRT,Portugal,0-19,Total,PT_POP,0,14.98
2012,ROU,Roumanie,0-19,Total,PS,0,4286367.0
2012,ROU,Roumanie,0-19,Total,PT_POP,0,15.85
2012,SVK,République slovaque,0-19,Total,PS,0,1164467.0
2012,SVK,République slovaque,0-19,Total,PT_POP,0,15.41
2012,SVN,Slovénie,0-19,Total,PS,0,394278.0
2012,SVN,Slovénie,0-19,Total,PT_POP,0,14.31
2012,SWE,Suède,0-19,Total,PS,0,2176646.0
2012,SWE,Suède,0-19,Total,PT_POP,0,16.71
2013,AUT,Autriche,0-19,Total,PS,0,1699918.0
2013,AUT,Autriche,0-19,Total,PT_POP,0,14.43
2013,BEL,Belgique,0-19,Total,PS,0,2526894.0
2013,BEL,Belgique,0-19,Total,PT_POP,0,16.98
2013,BGR,Bulgarie,0-19,Total,PS,0,1315400.0
2013,BGR,Bulgarie,0-19,Total,PT_POP,0,13.84
2013,CHE,Suisse,0-19,Total,PS,0,1643307.0
2013,CHE,Suisse,0-19,Total,PT_POP,0,14.93
2013,DEU,Allemagne,0-19,Total,PS,0,14721008.0
2013,DEU,Allemagne,0-19,Total,PT_POP,0,13.27
2013,DNK,Danemark,0-19,Total,PS,0,1335820.0
2013,DNK,Danemark,0-19,Total,PT_POP,0,17.45
2013,ESP,Espagne,0-19,Total,PS,0,9245886.0
2013,ESP,Espagne,0-19,Total,PT_POP,0,15.16
2013,EST,Estonie,0-19,Total,PS,0,270840.0
2013,EST,Estonie,0-19,Total,PT_POP,0,15.67
2013,FIN,Finlande,0-19,Total,PS,0,1212105.0
2013,FIN,Finlande,0-19,Total,PT_POP,0,16.43
2013,FRA,France,0-19,Total,PS,0,16104820.0
2013,FRA,France,0-19,Total,PT_POP,0,18.59
2013,GBR,Royaume-Uni,0-19,Total,PS,0,15193584.0
2013,GBR,Royaume-Uni,0-19,Total,PT_POP,0,17.63
2013,GRC,Grèce,0-19,Total,PS,0,2161800.0
2013,GRC,Grèce,0-19,Total,PT_POP,0,14.68
2013,HRV,Croatie,0-19,Total,PS,0,878045.0
2013,HRV,Croatie,0-19,Total,PT_POP,0,14.92
2013,HUN,Hongrie,0-19,Total,PS,0,1992074.0
2013,HUN,Hongrie,0-19,Total,PT_POP,0,14.43
2013,IRL,Irlande,0-19,Total,PS,0,1276569.0
2013,IRL,Irlande,0-19,Total,PT_POP,0,21.54
2013,ISL,Islande,0-19,Total,PS,0,89269.0
2013,ISL,Islande,0-19,Total,PT_POP,0,20.65
2013,ITA,Italie,0-19,Total,PS,0,11300715.0
2013,ITA,Italie,0-19,Total,PT_POP,0,13.99
2013,LTU,Lituanie,0-19,Total,PS,0,624172.0
2013,LTU,Lituanie,0-19,Total,PT_POP,0,14.67
2013,LUX,Luxembourg,0-19,Total,PS,0,123366.0
2013,LUX,Luxembourg,0-19,Total,PT_POP,0,16.99
2013,LVA,Lettonie,0-19,Total,PS,0,391949.0
2013,LVA,Lettonie,0-19,Total,PT_POP,0,14.44
2013,NLD,Pays-Bas,0-19,Total,PS,0,3870773.0
2013,NLD,Pays-Bas,0-19,Total,PT_POP,0,17.15
2013,NOR,Norvège,0-19,Total,PS,0,1253453.0
2013,NOR,Norvège,0-19,Total,PT_POP,0,18.36
2013,POL,Pologne,0-19,Total,PS,0,7948194.0
2013,POL,Pologne,0-19,Total,PT_POP,0,15.09
2013,PRT,Portugal,0-19,Total,PS,0,2111991.0
2013,PRT,Portugal,0-19,Total,PT_POP,0,14.85
2013,ROU,Roumanie,0-19,Total,PS,0,4230964.0
2013,ROU,Roumanie,0-19,Total,PT_POP,0,15.68
2013,SVK,République slovaque,0-19,Total,PS,0,1147568.0
2013,SVK,République slovaque,0-19,Total,PT_POP,0,15.35
2013,SVN,Slovénie,0-19,Total,PS,0,396562.0
2013,SVN,Slovénie,0-19,Total,PT_POP,0,14.48
2013,SWE,Suède,0-19,Total,PS,0,2176486.0
2013,SWE,Suède,0-19,Total,PT_POP,0,16.87
2014,AUT,Autriche,0-19,Total,PS,0,1688948.0
2014,AUT,Autriche,0-19,Total,PT_POP,0,14.33
2014,BEL,Belgique,0-19,Total,PS,0,2529941.0
2014,BEL,Belgique,0-19,Total,PT_POP,0,17.0
2014,BGR,Bulgarie,0-19,Total,PS,0,1304689.0
2014,BGR,Bulgarie,0-19,Total,PT_POP,0,13.88
2014,CHE,Suisse,0-19,Total,PS,0,1653511.0
2014,CHE,Suisse,0-19,Total,PT_POP,0,14.89
2014,DEU,Allemagne,0-19,Total,PS,0,14682929.0
2014,DEU,Allemagne,0-19,Total,PT_POP,0,13.18
2014,DNK,Danemark,0-19,Total,PS,0,1325416.0
2014,DNK,Danemark,0-19,Total,PT_POP,0,17.21
2014,ESP,Espagne,0-19,Total,PS,0,9191214.0
2014,ESP,Espagne,0-19,Total,PT_POP,0,15.17
2014,EST,Estonie,0-19,Total,PS,0,269339.0
2014,EST,Estonie,0-19,Total,PT_POP,0,15.81
2014,FIN,Finlande,0-19,Total,PS,0,1208567.0
2014,FIN,Finlande,0-19,Total,PT_POP,0,16.42
2014,FRA,France,0-19,Total,PS,0,16303338.0
2014,FRA,France,0-19,Total,PT_POP,0,18.63
2014,GBR,Royaume-Uni,0-19,Total,PS,0,15250468.0
2014,GBR,Royaume-Uni,0-19,Total,PT_POP,0,17.65
2014,GRC,Grèce,0-19,Total,PS,0,2144124.0
2014,GRC,Grèce,0-19,Total,PT_POP,0,14.64
2014,HRV,Croatie,0-19,Total,PS,0,863431.0
2014,HRV,Croatie,0-19,Total,PT_POP,0,14.77
2014,HUN,Hongrie,0-19,Total,PS,0,1959436.0
2014,HUN,Hongrie,0-19,Total,PT_POP,0,14.42
2014,IRL,Irlande,0-19,Total,PS,0,1286125.0
2014,IRL,Irlande,0-19,Total,PT_POP,0,21.5
2014,ISL,Islande,0-19,Total,PS,0,89254.0
2014,ISL,Islande,0-19,Total,PT_POP,0,20.51
2014,ITA,Italie,0-19,Total,PS,0,11245646.0
2014,ITA,Italie,0-19,Total,PT_POP,0,13.91
2014,LTU,Lituanie,0-19,Total,PS,0,606067.0
2014,LTU,Lituanie,0-19,Total,PT_POP,0,14.56
2014,LUX,Luxembourg,0-19,Total,PS,0,125005.0
2014,LUX,Luxembourg,0-19,Total,PT_POP,0,16.84
2014,LVA,Lettonie,0-19,Total,PS,0,386219.0
2014,LVA,Lettonie,0-19,Total,PT_POP,0,14.71
2014,NLD,Pays-Bas,0-19,Total,PS,0,3846040.0
2014,NLD,Pays-Bas,0-19,Total,PT_POP,0,16.94
2014,NOR,Norvège,0-19,Total,PS,0,1256650.0
2014,NOR,Norvège,0-19,Total,PT_POP,0,18.22
2014,POL,Pologne,0-19,Total,PS,0,7828960.0
2014,POL,Pologne,0-19,Total,PT_POP,0,15.04
2014,PRT,Portugal,0-19,Total,PS,0,2078286.0
2014,PRT,Portugal,0-19,Total,PT_POP,0,14.66
2014,ROU,Roumanie,0-19,Total,PS,0,4182035.0
2014,ROU,Roumanie,0-19,Total,PT_POP,0,15.51
2014,SVK,République slovaque,0-19,Total,PS,0,1131833.0
2014,SVK,République slovaque,0-19,Total,PT_POP,0,15.32
2014,SVN,Slovénie,0-19,Total,PS,0,397867.0
2014,SVN,Slovénie,0-19,Total,PT_POP,0,14.61
2014,SWE,Suède,0-19,Total,PS,0,2189728.0
2014,SWE,Suède,0-19,Total,PT_POP,0,17.07
2015,AUT,Autriche,0-19,Total,PS,0,1686931.0
2015,AUT,Autriche,0-19,Total,PT_POP,0,14.28
2015,BEL,Belgique,0-19,Total,PS,0,2539134.0
2015,BEL,Belgique,0-19,Total,PT_POP,0,17.0
2015,BGR,Bulgarie,0-19,Total,PS,0,1279732.0
2015,BGR,Bulgarie,0-19,Total,PT_POP,0,13.9
2015,CHE,Suisse,0-19,Total,PS,0,1663752.0
2015,CHE,Suisse,0-19,Total,PT_POP,0,14.87
2015,DEU,Allemagne,0-19,Total,PS,0,14753511.0
2015,DEU,Allemagne,0-19,Total,PT_POP,0,13.16
2015,DNK,Danemark,0-19,Total,PS,0,1315551.0
2015,DNK,Danemark,0-19,Total,PT_POP,0,17.01
2015,ESP,Espagne,0-19,Total,PS,0,9178132.0
2015,ESP,Espagne,0-19,Total,PT_POP,0,15.14
2015,EST,Estonie,0-19,Total,PS,0,269929.0
2015,EST,Estonie,0-19,Total,PT_POP,0,15.95
2015,FIN,Finlande,0-19,Total,PS,0,1203190.0
2015,FIN,Finlande,0-19,Total,PT_POP,0,16.39
2015,FRA,France,0-19,Total,PS,0,16367769.0
2015,FRA,France,0-19,Total,PT_POP,0,18.58
2015,GBR,Royaume-Uni,0-19,Total,PS,0,15338451.0
2015,GBR,Royaume-Uni,0-19,Total,PT_POP,0,17.72
2015,GRC,Grèce,0-19,Total,PS,0,2115564.0
2015,GRC,Grèce,0-19,Total,PT_POP,0,14.53
2015,HRV,Croatie,0-19,Total,PS,0,849513.0
2015,HRV,Croatie,0-19,Total,PT_POP,0,14.7
2015,HUN,Hongrie,0-19,Total,PS,0,1934754.0
2015,HUN,Hongrie,0-19,Total,PT_POP,0,14.46
2015,IRL,Irlande,0-19,Total,PS,0,1295911.0
2015,IRL,Irlande,0-19,Total,PT_POP,0,21.41
2015,ISL,Islande,0-19,Total,PS,0,89112.0
2015,ISL,Islande,0-19,Total,PT_POP,0,20.36
2015,ITA,Italie,0-19,Total,PS,0,11172613.0
2015,ITA,Italie,0-19,Total,PT_POP,0,13.81
2015,LTU,Lituanie,0-19,Total,PS,0,593857.0
2015,LTU,Lituanie,0-19,Total,PT_POP,0,14.47
2015,LUX,Luxembourg,0-19,Total,PS,0,126336.0
2015,LUX,Luxembourg,0-19,Total,PT_POP,0,16.65
2015,LVA,Lettonie,0-19,Total,PS,0,385514.0
2015,LVA,Lettonie,0-19,Total,PT_POP,0,14.99
2015,NLD,Pays-Bas,0-19,Total,PS,0,3828059.0
2015,NLD,Pays-Bas,0-19,Total,PT_POP,0,16.73
2015,NOR,Norvège,0-19,Total,PS,0,1258899.0
2015,NOR,Norvège,0-19,Total,PT_POP,0,18.05
2015,POL,Pologne,0-19,Total,PS,0,7739164.0
2015,POL,Pologne,0-19,Total,PT_POP,0,15.04
2015,PRT,Portugal,0-19,Total,PS,0,2049988.0
2015,PRT,Portugal,0-19,Total,PT_POP,0,14.41
2015,ROU,Roumanie,0-19,Total,PS,0,4162387.0
2015,ROU,Roumanie,0-19,Total,PT_POP,0,15.51
2015,SVK,République slovaque,0-19,Total,PS,0,1122171.0
2015,SVK,République slovaque,0-19,Total,PT_POP,0,15.31
2015,SVN,Slovénie,0-19,Total,PS,0,399301.0
2015,SVN,Slovénie,0-19,Total,PT_POP,0,14.75
2015,SWE,Suède,0-19,Total,PS,0,2209269.0
2015,SWE,Suède,0-19,Total,PT_POP,0,17.26
2016,AUT,Autriche,0-19,Total,PS,0,1709585.0
2016,AUT,Autriche,0-19,Total,PT_POP,0,14.33
2016,BEL,Belgique,0-19,Total,PS,0,2556179.0
2016,BEL,Belgique,0-19,Total,PT_POP,0,16.99
2016,BGR,Bulgarie,0-19,Total,PS,0,1260116.0
2016,BGR,Bulgarie,0-19,Total,PT_POP,0,13.88
2016,CHE,Suisse,0-19,Total,PS,0,1675503.0
2016,CHE,Suisse,0-19,Total,PT_POP,0,14.85
2016,DEU,Allemagne,0-19,Total,PS,0,15071090.0
2016,DEU,Allemagne,0-19,Total,PT_POP,0,13.24
2016,DNK,Danemark,0-19,Total,PS,0,1311238.0
2016,DNK,Danemark,0-19,Total,PT_POP,0,16.83
2016,ESP,Espagne,0-19,Total,PS,0,9177132.0
2016,ESP,Espagne,0-19,Total,PT_POP,0,15.07
2016,EST,Estonie,0-19,Total,PS,0,271383.0
2016,EST,Estonie,0-19,Total,PT_POP,0,16.07
2016,FIN,Finlande,0-19,Total,PS,0,1197194.0
2016,FIN,Finlande,0-19,Total,PT_POP,0,16.33
2016,FRA,France,0-19,Total,PS,0,16360869.0
2016,FRA,France,0-19,Total,PT_POP,0,18.43
2016,GBR,Royaume-Uni,0-19,Total,PS,0,15444690.0
2016,GBR,Royaume-Uni,0-19,Total,PT_POP,0,17.8
2016,GRC,Grèce,0-19,Total,PS,0,2091508.0
2016,GRC,Grèce,0-19,Total,PT_POP,0,14.44
2016,HRV,Croatie,0-19,Total,PS,0,830988.0
2016,HRV,Croatie,0-19,Total,PT_POP,0,14.61
2016,HUN,Hongrie,0-19,Total,PS,0,1914017.0
2016,HUN,Hongrie,0-19,Total,PT_POP,0,14.48
2016,IRL,Irlande,0-19,Total,PS,0,1304504.0
2016,IRL,Irlande,0-19,Total,PT_POP,0,21.25
2016,ISL,Islande,0-19,Total,PS,0,88661.0
2016,ISL,Islande,0-19,Total,PT_POP,0,20.01
2016,ITA,Italie,0-19,Total,PS,0,11086243.0
2016,ITA,Italie,0-19,Total,PT_POP,0,13.67
2016,LTU,Lituanie,0-19,Total,PS,0,582458.0
2016,LTU,Lituanie,0-19,Total,PT_POP,0,14.51
2016,LUX,Luxembourg,0-19,Total,PS,0,128077.0
2016,LUX,Luxembourg,0-19,Total,PT_POP,0,16.47
2016,LVA,Lettonie,0-19,Total,PS,0,386541.0
2016,LVA,Lettonie,0-19,Total,PT_POP,0,15.25
2016,NLD,Pays-Bas,0-19,Total,PS,0,3818499.0
2016,NLD,Pays-Bas,0-19,Total,PT_POP,0,16.49
2016,NOR,Norvège,0-19,Total,PS,0,1260779.0
2016,NOR,Norvège,0-19,Total,PT_POP,0,17.91
2016,POL,Pologne,0-19,Total,PS,0,7672108.0
2016,POL,Pologne,0-19,Total,PT_POP,0,15.04
2016,PRT,Portugal,0-19,Total,PS,0,2027305.0
2016,PRT,Portugal,0-19,Total,PT_POP,0,14.15
2016,ROU,Roumanie,0-19,Total,PS,0,4150198.0
2016,ROU,Roumanie,0-19,Total,PT_POP,0,15.52
2016,SVK,République slovaque,0-19,Total,PS,0,1118012.0
2016,SVK,République slovaque,0-19,Total,PT_POP,0,15.33
2016,SVN,Slovénie,0-19,Total,PS,0,401044.0
2016,SVN,Slovénie,0-19,Total,PT_POP,0,14.84
2016,SWE,Suède,0-19,Total,PS,0,2239615.0
2016,SWE,Suède,0-19,Total,PT_POP,0,17.43
2017,AUT,Autriche,0-19,Total,PS,0,1717725.0
2017,AUT,Autriche,0-19,Total,PT_POP,0,14.41
2017,BEL,Belgique,0-19,Total,PS,0,2560808.0
2017,BEL,Belgique,0-19,Total,PT_POP,0,16.98
2017,BGR,Bulgarie,0-19,Total,PS,0,1241062.0
2017,BGR,Bulgarie,0-19,Total,PT_POP,0,13.93
2017,CHE,Suisse,0-19,Total,PS,0,1691466.0
2017,CHE,Suisse,0-19,Total,PT_POP,0,14.91
2017,DEU,Allemagne,0-19,Total,PS,0,15221437.0
2017,DEU,Allemagne,0-19,Total,PT_POP,0,13.39
2017,DNK,Danemark,0-19,Total,PS,0,1310918.0
2017,DNK,Danemark,0-19,Total,PT_POP,0,16.73
2017,ESP,Espagne,0-19,Total,PS,0,9183410.0
2017,ESP,Espagne,0-19,Total,PT_POP,0,14.99
2017,EST,Estonie,0-19,Total,PS,0,273155.0
2017,EST,Estonie,0-19,Total,PT_POP,0,16.24
2017,FIN,Finlande,0-19,Total,PS,0,1192842.0
2017,FIN,Finlande,0-19,Total,PT_POP,0,16.25
2017,FRA,France,0-19,Total,PS,0,16324945.0
2017,FRA,France,0-19,Total,PT_POP,0,18.29
2017,GBR,Royaume-Uni,0-19,Total,PS,0,15513941.0
2017,GBR,Royaume-Uni,0-19,Total,PT_POP,0,17.9
2017,GRC,Grèce,0-19,Total,PS,0,2092696.0
2017,GRC,Grèce,0-19,Total,PT_POP,0,14.44
2017,HRV,Croatie,0-19,Total,PS,0,810107.0
2017,HRV,Croatie,0-19,Total,PT_POP,0,14.57
2017,HUN,Hongrie,0-19,Total,PS,0,1898707.0
2017,HUN,Hongrie,0-19,Total,PT_POP,0,14.5
2017,IRL,Irlande,0-19,Total,PS,0,1320279.0
2017,IRL,Irlande,0-19,Total,PT_POP,0,21.09
2017,ISL,Islande,0-19,Total,PS,0,88759.0
2017,ISL,Islande,0-19,Total,PT_POP,0,19.75
2017,ITA,Italie,0-19,Total,PS,0,10986232.0
2017,ITA,Italie,0-19,Total,PT_POP,0,13.51
2017,LTU,Lituanie,0-19,Total,PS,0,571678.0
2017,LTU,Lituanie,0-19,Total,PT_POP,0,14.62
2017,LUX,Luxembourg,0-19,Total,PS,0,129171.0
2017,LUX,Luxembourg,0-19,Total,PT_POP,0,16.24
2017,LVA,Lettonie,0-19,Total,PS,0,389386.0
2017,LVA,Lettonie,0-19,Total,PT_POP,0,15.57
2017,NLD,Pays-Bas,0-19,Total,PS,0,3817173.0
2017,NLD,Pays-Bas,0-19,Total,PT_POP,0,16.29
2017,NOR,Norvège,0-19,Total,PS,0,1262730.0
2017,NOR,Norvège,0-19,Total,PT_POP,0,17.83
2017,POL,Pologne,0-19,Total,PS,0,7637531.0
2017,POL,Pologne,0-19,Total,PT_POP,0,15.1
2017,PRT,Portugal,0-19,Total,PS,0,2004980.0
2017,PRT,Portugal,0-19,Total,PT_POP,0,13.99
2017,ROU,Roumanie,0-19,Total,PS,0,4134426.0
2017,ROU,Roumanie,0-19,Total,PT_POP,0,15.57
2017,SVK,République slovaque,0-19,Total,PS,0,1117982.0
2017,SVK,République slovaque,0-19,Total,PT_POP,0,15.46
2017,SVN,Slovénie,0-19,Total,PS,0,402192.0
2017,SVN,Slovénie,0-19,Total,PT_POP,0,14.94
2017,SWE,Suède,0-19,Total,PS,0,2290606.0
2017,SWE,Suède,0-19,Total,PT_POP,0,17.62
2018,AUT,Autriche,0-19,Total,PS,0,1719499.0
2018,AUT,Autriche,0-19,Total,PT_POP,0,14.43
2018,BEL,Belgique,0-19,Total,PS,0,2564095.0
2018,BEL,Belgique,0-19,Total,PT_POP,0,16.97
2018,BGR,Bulgarie,0-19,Total,PS,0,1226758.0
2018,BGR,Bulgarie,0-19,Total,PT_POP,0,14.01
2018,CHE,Suisse,0-19,Total,PS,0,1700494.0
2018,CHE,Suisse,0-19,Total,PT_POP,0,14.96
2018,DEU,Allemagne,0-19,Total,PS,0,15252326.0
2018,DEU,Allemagne,0-19,Total,PT_POP,0,13.49
2018,DNK,Danemark,0-19,Total,PS,0,1306550.0
2018,DNK,Danemark,0-19,Total,PT_POP,0,16.62
2018,ESP,Espagne,0-19,Total,PS,0,9192358.0
2018,ESP,Espagne,0-19,Total,PT_POP,0,14.88
2018,EST,Estonie,0-19,Total,PS,0,275399.0
2018,EST,Estonie,0-19,Total,PT_POP,0,16.32
2018,FIN,Finlande,0-19,Total,PS,0,1186479.0
2018,FIN,Finlande,0-19,Total,PT_POP,0,16.15
2018,FRA,France,0-19,Total,PS,0,16321306.0
2018,FRA,France,0-19,Total,PT_POP,0,18.17
2018,GBR,Royaume-Uni,0-19,Total,PS,0,15602943.0
2018,GBR,Royaume-Uni,0-19,Total,PT_POP,0,17.97
2018,GRC,Grèce,0-19,Total,PS,0,2088248.0
2018,GRC,Grèce,0-19,Total,PT_POP,0,14.4
2018,HRV,Croatie,0-19,Total,PS,0,788292.0
2018,HRV,Croatie,0-19,Total,PT_POP,0,14.54
2018,HUN,Hongrie,0-19,Total,PS,0,1892482.0
2018,HUN,Hongrie,0-19,Total,PT_POP,0,14.5
2018,IRL,Irlande,0-19,Total,PS,0,1327197.0
2018,IRL,Irlande,0-19,Total,PT_POP,0,20.85
2018,ISL,Islande,0-19,Total,PS,0,89332.0
2018,ISL,Islande,0-19,Total,PT_POP,0,19.34
2018,ITA,Italie,0-19,Total,PS,0,10882099.0
2018,ITA,Italie,0-19,Total,PT_POP,0,13.35
2018,LTU,Lituanie,0-19,Total,PS,0,561881.0
2018,LTU,Lituanie,0-19,Total,PT_POP,0,14.74
2018,LUX,Luxembourg,0-19,Total,PS,0,130235.0
2018,LUX,Luxembourg,0-19,Total,PT_POP,0,16.13
2018,LVA,Lettonie,0-19,Total,PS,0,392125.0
2018,LVA,Lettonie,0-19,Total,PT_POP,0,15.78
2018,NLD,Pays-Bas,0-19,Total,PS,0,3810656.0
2018,NLD,Pays-Bas,0-19,Total,PT_POP,0,16.08
2018,NOR,Norvège,0-19,Total,PS,0,1260893.0
2018,NOR,Norvège,0-19,Total,PT_POP,0,17.73
2018,POL,Pologne,0-19,Total,PS,0,7637388.0
2018,POL,Pologne,0-19,Total,PT_POP,0,15.24
2018,PRT,Portugal,0-19,Total,PS,0,1981977.0
2018,PRT,Portugal,0-19,Total,PT_POP,0,13.8
2018,ROU,Roumanie,0-19,Total,PS,0,4112166.0
2018,ROU,Roumanie,0-19,Total,PT_POP,0,15.66
2018,SVK,République slovaque,0-19,Total,PS,0,1119684.0
2018,SVK,République slovaque,0-19,Total,PT_POP,0,15.61
2018,SVN,Slovénie,0-19,Total,PS,0,403734.0
2018,SVN,Slovénie,0-19,Total,PT_POP,0,15.03
2018,SWE,Suède,0-19,Total,PS,0,2339515.0
2018,SWE,Suède,0-19,Total,PT_POP,0,17.73
2019,AUT,Autriche,0-19,Total,PS,0,1717696.0
2019,AUT,Autriche,0-19,Total,PT_POP,0,14.43
2019,BEL,Belgique,0-19,Total,PS,0,2571068.0
2019,BEL,Belgique,0-19,Total,PT_POP,0,16.93
2019,BGR,Bulgarie,0-19,Total,PS,0,1214443.0
2019,BGR,Bulgarie,0-19,Total,PT_POP,0,14.03
2019,CHE,Suisse,0-19,Total,PS,0,1709458.0
2019,CHE,Suisse,0-19,Total,PT_POP,0,15.02
2019,DEU,Allemagne,0-19,Total,PS,0,15294292.0
2019,DEU,Allemagne,0-19,Total,PT_POP,0,13.6
2019,DNK,Danemark,0-19,Total,PS,0,1301885.0
2019,DNK,Danemark,0-19,Total,PT_POP,0,16.49
2019,ESP,Espagne,0-19,Total,PS,0,9204269.0
2019,ESP,Espagne,0-19,Total,PT_POP,0,14.68
2019,EST,Estonie,0-19,Total,PS,0,278650.0
2019,EST,Estonie,0-19,Total,PT_POP,0,16.41
2019,FIN,Finlande,0-19,Total,PS,0,1178401.0
2019,FIN,Finlande,0-19,Total,PT_POP,0,15.99
2019,FRA,France,0-19,Total,PS,0,16297077.0
2019,FRA,France,0-19,Total,PT_POP,0,18.0
2019,GBR,Royaume-Uni,0-19,Total,PS,0,15669069.0
2019,GBR,Royaume-Uni,0-19,Total,PT_POP,0,17.95
2019,GRC,Grèce,0-19,Total,PS,0,2083212.0
2019,GRC,Grèce,0-19,Total,PT_POP,0,14.33
2019,HRV,Croatie,0-19,Total,PS,0,771077.0
2019,HRV,Croatie,0-19,Total,PT_POP,0,14.49
2019,HUN,Hongrie,0-19,Total,PS,0,1887801.0
2019,HUN,Hongrie,0-19,Total,PT_POP,0,14.49
2019,IRL,Irlande,0-19,Total,PS,0,1336955.0
2019,IRL,Irlande,0-19,Total,PT_POP,0,20.56
2019,ISL,Islande,0-19,Total,PS,0,89762.0
2019,ISL,Islande,0-19,Total,PT_POP,0,19.0
2019,ITA,Italie,0-19,Total,PS,0,10745563.0
2019,ITA,Italie,0-19,Total,PT_POP,0,13.16
2019,LTU,Lituanie,0-19,Total,PS,0,555005.0
2019,LTU,Lituanie,0-19,Total,PT_POP,0,14.79
2019,LUX,Luxembourg,0-19,Total,PS,0,131813.0
2019,LUX,Luxembourg,0-19,Total,PT_POP,0,16.06
2019,LVA,Lettonie,0-19,Total,PS,0,394007.0
2019,LVA,Lettonie,0-19,Total,PT_POP,0,15.89
2019,NLD,Pays-Bas,0-19,Total,PS,0,3791838.0
2019,NLD,Pays-Bas,0-19,Total,PT_POP,0,15.85
2019,NOR,Norvège,0-19,Total,PS,0,1255457.0
2019,NOR,Norvège,0-19,Total,PT_POP,0,17.55
2019,POL,Pologne,0-19,Total,PS,0,7643536.0
2019,POL,Pologne,0-19,Total,PT_POP,0,15.36
2019,PRT,Portugal,0-19,Total,PS,0,1959354.0
2019,PRT,Portugal,0-19,Total,PT_POP,0,13.62
2019,ROU,Roumanie,0-19,Total,PS,0,4078677.0
2019,ROU,Roumanie,0-19,Total,PT_POP,0,15.67
2019,SVK,République slovaque,0-19,Total,PS,0,1122819.0
2019,SVK,République slovaque,0-19,Total,PT_POP,0,15.74
2019,SVN,Slovénie,0-19,Total,PS,0,406561.0
2019,SVN,Slovénie,0-19,Total,PT_POP,0,15.08
2019,SWE,Suède,0-19,Total,PS,0,2379242.0
2019,SWE,Suède,0-19,Total,PT_POP,0,17.79
2020,AUT,Autriche,0-19,Total,PS,0,1720915.0
2020,AUT,Autriche,0-19,Total,PT_POP,0,14.41
2020,BEL,Belgique,0-19,Total,PS,0,2578556.0
2020,BEL,Belgique,0-19,Total,PT_POP,0,16.86
2020,BGR,Bulgarie,0-19,Total,PS,0,1195366.0
2020,BGR,Bulgarie,0-19,Total,PT_POP,0,14.02
2020,CHE,Suisse,0-19,Total,PS,0,1717198.0
2020,CHE,Suisse,0-19,Total,PT_POP,0,15.05
2020,DEU,Allemagne,0-19,Total,PS,0,15330502.0
2020,DEU,Allemagne,0-19,Total,PT_POP,0,13.7
2020,DNK,Danemark,0-19,Total,PS,0,1296400.0
2020,DNK,Danemark,0-19,Total,PT_POP,0,16.37
2020,ESP,Espagne,0-19,Total,PS,0,9214671.0
2020,ESP,Espagne,0-19,Total,PT_POP,0,14.44
2020,EST,Estonie,0-19,Total,PS,0,281619.0
2020,EST,Estonie,0-19,Total,PT_POP,0,16.46
2020,FIN,Finlande,0-19,Total,PS,0,1167707.0
2020,FIN,Finlande,0-19,Total,PT_POP,0,15.76
2020,FRA,France,0-19,Total,PS,0,16223108.0
2020,FRA,France,0-19,Total,PT_POP,0,17.84
2020,GBR,Royaume-Uni,0-19,Total,PS,0,15725106.0
2020,GBR,Royaume-Uni,0-19,Total,PT_POP,0,17.94
2020,GRC,Grèce,0-19,Total,PS,0,2077224.0
2020,GRC,Grèce,0-19,Total,PT_POP,0,14.25
2020,HRV,Croatie,0-19,Total,PS,0,757060.0
2020,HRV,Croatie,0-19,Total,PT_POP,0,14.4
2020,HUN,Hongrie,0-19,Total,PS,0,1885410.0
2020,HUN,Hongrie,0-19,Total,PT_POP,0,14.47
2020,IRL,Irlande,0-19,Total,PS,0,1342435.0
2020,IRL,Irlande,0-19,Total,PT_POP,0,20.26
2020,ISL,Islande,0-19,Total,PS,0,90462.0
2020,ISL,Islande,0-19,Total,PT_POP,0,18.73
2020,ITA,Italie,0-19,Total,PS,0,10598610.0
2020,ITA,Italie,0-19,Total,PT_POP,0,12.96
2020,LTU,Lituanie,0-19,Total,PS,0,547965.0
2020,LTU,Lituanie,0-19,Total,PT_POP,0,14.76
2020,LUX,Luxembourg,0-19,Total,PS,0,133408.0
2020,LUX,Luxembourg,0-19,Total,PT_POP,0,15.98
2020,LVA,Lettonie,0-19,Total,PS,0,394710.0
2020,LVA,Lettonie,0-19,Total,PT_POP,0,16.0
2020,NLD,Pays-Bas,0-19,Total,PS,0,3775257.0
2020,NLD,Pays-Bas,0-19,Total,PT_POP,0,15.66
2020,NOR,Norvège,0-19,Total,PS,0,1248749.0
2020,NOR,Norvège,0-19,Total,PT_POP,0,17.33
2020,POL,Pologne,0-19,Total,PS,0,7648650.0
2020,POL,Pologne,0-19,Total,PT_POP,0,15.44
2020,PRT,Portugal,0-19,Total,PS,0,1935515.0
2020,PRT,Portugal,0-19,Total,PT_POP,0,13.42
2020,ROU,Roumanie,0-19,Total,PS,0,4056953.0
2020,ROU,Roumanie,0-19,Total,PT_POP,0,15.68
2020,SVK,République slovaque,0-19,Total,PS,0,1126471.0
2020,SVK,République slovaque,0-19,Total,PT_POP,0,15.83
2020,SVN,Slovénie,0-19,Total,PS,0,409531.0
2020,SVN,Slovénie,0-19,Total,PT_POP,0,15.07
2020,SWE,Suède,0-19,Total,PS,0,2403730.0
2020,SWE,Suède,0-19,Total,PT_POP,0,17.77
2021,AUT,Autriche,0-19,Total,PS,0,1720737.0
2021,AUT,Autriche,0-19,Total,PT_POP,0,14.39
2021,BEL,Belgique,0-19,Total,PS,0,2575968.0
2021,BEL,Belgique,0-19,Total,PT_POP,0,16.75
2021,BGR,Bulgarie,0-19,Total,PS,0,1198752.0
2021,BGR,Bulgarie,0-19,Total,PT_POP,0,14.1
2021,CHE,Suisse,0-19,Total,PS,0,1726301.0
2021,CHE,Suisse,0-19,Total,PT_POP,0,15.07
2021,DEU,Allemagne,0-19,Total,PS,0,15334574.0
2021,DEU,Allemagne,0-19,Total,PT_POP,0,13.8
2021,DNK,Danemark,0-19,Total,PS,0,1290250.0
2021,DNK,Danemark,0-19,Total,PT_POP,0,16.25
2021,ESP,Espagne,0-19,Total,PS,0,9131950.0
2021,ESP,Espagne,0-19,Total,PT_POP,0,14.17
2021,EST,Estonie,0-19,Total,PS,0,282780.0
2021,EST,Estonie,0-19,Total,PT_POP,0,16.43
2021,FIN,Finlande,0-19,Total,PS,0,1159093.0
2021,FIN,Finlande,0-19,Total,PT_POP,0,15.56
2021,FRA,France,0-19,Total,PS,0,16128831.0
2021,FRA,France,0-19,Total,PT_POP,0,17.67
2021,GBR,Royaume-Uni,0-19,Total,PS,0,15361518.0
2021,GBR,Royaume-Uni,0-19,Total,PT_POP,0,17.24
2021,GRC,Grèce,0-19,Total,PS,0,2059036.0
2021,GRC,Grèce,0-19,Total,PT_POP,0,14.15
2021,HRV,Croatie,0-19,Total,PS,0,745121.0
2021,HRV,Croatie,0-19,Total,PT_POP,0,14.29
2021,HUN,Hongrie,0-19,Total,PS,0,1882015.0
2021,HUN,Hongrie,0-19,Total,PT_POP,0,14.49
2021,IRL,Irlande,0-19,Total,PS,0,1338299.0
2021,IRL,Irlande,0-19,Total,PT_POP,0,19.94
2021,ISL,Islande,0-19,Total,PS,0,91292.0
2021,ISL,Islande,0-19,Total,PT_POP,0,18.71
2021,ITA,Italie,0-19,Total,PS,0,10493558.0
2021,ITA,Italie,0-19,Total,PT_POP,0,12.89
2021,LTU,Lituanie,0-19,Total,PS,0,546738.0
2021,LTU,Lituanie,0-19,Total,PT_POP,0,14.84
2021,LUX,Luxembourg,0-19,Total,PS,0,134466.0
2021,LUX,Luxembourg,0-19,Total,PT_POP,0,15.97
2021,LVA,Lettonie,0-19,Total,PS,0,393543.0
2021,LVA,Lettonie,0-19,Total,PT_POP,0,16.0
2021,NLD,Pays-Bas,0-19,Total,PS,0,3743466.0
2021,NLD,Pays-Bas,0-19,Total,PT_POP,0,15.52
2021,NOR,Norvège,0-19,Total,PS,0,1237790.0
2021,NOR,Norvège,0-19,Total,PT_POP,0,17.09
2021,POL,Pologne,0-19,Total,PS,0,7470765.0
2021,POL,Pologne,0-19,Total,PT_POP,0,15.53
2021,PRT,Portugal,0-19,Total,PS,0,1906508.0
2021,PRT,Portugal,0-19,Total,PT_POP,0,13.22
2021,ROU,Roumanie,0-19,Total,PS,0,4053888.0
2021,ROU,Roumanie,0-19,Total,PT_POP,0,15.76
2021,SVK,République slovaque,0-19,Total,PS,0,1130468.0
2021,SVK,République slovaque,0-19,Total,PT_POP,0,15.9
2021,SVN,Slovénie,0-19,Total,PS,0,411678.0
2021,SVN,Slovénie,0-19,Total,PT_POP,0,15.07
2021,SWE,Suède,0-19,Total,PS,0,2414374.0
2021,SWE,Suède,0-19,Total,PT_POP,0,17.71
2022,AUT,Autriche,0-19,Total,PS,0,1730794.0
2022,AUT,Autriche,0-19,Total,PT_POP,0,14.38
2022,BEL,Belgique,0-19,Total,PS,0,2584571.0
2022,BEL,Belgique,0-19,Total,PT_POP,0,16.63
2022,BGR,Bulgarie,0-19,Total,PS,0,1205663.0
2022,BGR,Bulgarie,0-19,Total,PT_POP,0,14.14
2022,CHE,Suisse,0-19,Total,PS,0,1742898.0
2022,CHE,Suisse,0-19,Total,PT_POP,0,15.1
2022,DEU,Allemagne,0-19,Total,PS,0,15433915.0
2022,DEU,Allemagne,0-19,Total,PT_POP,0,13.94
2022,DNK,Danemark,0-19,Total,PS,0,1289554.0
2022,DNK,Danemark,0-19,Total,PT_POP,0,16.1
2022,ESP,Espagne,0-19,Total,PS,0,9063067.0
2022,ESP,Espagne,0-19,Total,PT_POP,0,13.87
2022,EST,Estonie,0-19,Total,PS,0,284377.0
2022,EST,Estonie,0-19,Total,PT_POP,0,16.35
2022,FIN,Finlande,0-19,Total,PS,0,1154489.0
2022,FIN,Finlande,0-19,Total,PT_POP,0,15.35
2022,FRA,France,0-19,Total,PS,0,16058948.0
2022,FRA,France,0-19,Total,PT_POP,0,17.44
2022,GBR,Royaume-Uni,0-19,Total,PS,0,15518606.0
2022,GBR,Royaume-Uni,0-19,Total,PT_POP,0,17.18
2022,GRC,Grèce,0-19,Total,PS,0,1960912.0
2022,GRC,Grèce,0-19,Total,PT_POP,0,13.66
2022,HRV,Croatie,0-19,Total,PS,0,741108.0
2022,HRV,Croatie,0-19,Total,PT_POP,0,14.3
2022,HUN,Hongrie,0-19,Total,PS,0,1880724.0
2022,HUN,Hongrie,0-19,Total,PT_POP,0,14.49
2022,IRL,Irlande,0-19,Total,PS,0,1346434.0
2022,IRL,Irlande,0-19,Total,PT_POP,0,19.64
2022,ISL,Islande,0-19,Total,PS,0,92668.0
2022,ISL,Islande,0-19,Total,PT_POP,0,18.55
2022,ITA,Italie,0-19,Total,PS,0,10355912.0
2022,ITA,Italie,0-19,Total,PT_POP,0,12.69
2022,LTU,Lituanie,0-19,Total,PS,0,546687.0
2022,LTU,Lituanie,0-19,Total,PT_POP,0,14.87
2022,LUX,Luxembourg,0-19,Total,PS,0,136115.0
2022,LUX,Luxembourg,0-19,Total,PT_POP,0,15.91
2022,LVA,Lettonie,0-19,Total,PS,0,392839.0
2022,LVA,Lettonie,0-19,Total,PT_POP,0,15.99
2022,NLD,Pays-Bas,0-19,Total,PS,0,3737817.0
2022,NLD,Pays-Bas,0-19,Total,PT_POP,0,15.42
2022,NOR,Norvège,0-19,Total,PS,0,1234734.0
2022,NOR,Norvège,0-19,Total,PT_POP,0,16.88
2022,POL,Pologne,0-19,Total,PS,0,7449765.0
2022,POL,Pologne,0-19,Total,PT_POP,0,15.55
2022,PRT,Portugal,0-19,Total,PS,0,1886718.0
2022,PRT,Portugal,0-19,Total,PT_POP,0,13.03
2022,ROU,Roumanie,0-19,Total,PS,0,4128557.0
2022,ROU,Roumanie,0-19,Total,PT_POP,0,16.22
2022,SVK,République slovaque,0-19,Total,PS,0,1133521.0
2022,SVK,République slovaque,0-19,Total,PT_POP,0,16.06
2022,SVN,Slovénie,0-19,Total,PS,0,413498.0
2022,SVN,Slovénie,0-19,Total,PT_POP,0,15.09
2022,SWE,Suède,0-19,Total,PS,0,2430074.0
2022,SWE,Suède,0-19,Total,PT_POP,0,17.6
2023,AUT,Autriche,0-19,Total,PS,0,1761561.0
2023,AUT,Autriche,0-19,Total,PT_POP,0,14.44
2023,BEL,Belgique,0-19,Total,PS,0,2612129.0
2023,BEL,Belgique,0-19,Total,PT_POP,0,16.51
2023,BGR,Bulgarie,0-19,Total,PS,0,1215040.0
2023,BGR,Bulgarie,0-19,Total,PT_POP,0,14.17
2023,CHE,Suisse,0-19,Total,PS,0,1755213.0
2023,CHE,Suisse,0-19,Total,PT_POP,0,15.05
2023,DEU,Allemagne,0-19,Total,PS,0,15483568.0
2023,DEU,Allemagne,0-19,Total,PT_POP,0,13.98
2023,DNK,Danemark,0-19,Total,PS,0,1295381.0
2023,DNK,Danemark,0-19,Total,PT_POP,0,15.97
2023,ESP,Espagne,0-19,Total,PS,0,9100021.0
2023,ESP,Espagne,0-19,Total,PT_POP,0,13.6
2023,EST,Estonie,0-19,Total,PS,0,296044.0
2023,EST,Estonie,0-19,Total,PT_POP,0,16.39
2023,FIN,Finlande,0-19,Total,PS,0,1148288.0
2023,FIN,Finlande,0-19,Total,PT_POP,0,15.1
2023,FRA,France,0-19,Total,PS,0,15968636.0
2023,FRA,France,0-19,Total,PT_POP,0,17.22
2023,GBR,Royaume-Uni,0-19,Total,PS,0,4011468.0
2023,GRC,Grèce,0-19,Total,PS,0,1923195.0
2023,GRC,Grèce,0-19,Total,PT_POP,0,13.33
2023,HRV,Croatie,0-19,Total,PS,0,738960.0
2023,HRV,Croatie,0-19,Total,PT_POP,0,14.25
2023,HUN,Hongrie,0-19,Total,PS,0,1880955.0
2023,HUN,Hongrie,0-19,Total,PT_POP,0,14.51
2023,IRL,Irlande,0-19,Total,PS,0,1362980.0
2023,IRL,Irlande,0-19,Total,PT_POP,0,19.34
2023,ISL,Islande,0-19,Total,PS,0,94296.0
2023,ISL,Islande,0-19,Total,PT_POP,0,18.18
2023,ITA,Italie,0-19,Total,PS,0,10239207.0
2023,ITA,Italie,0-19,Total,PT_POP,0,12.45
2023,LTU,Lituanie,0-19,Total,PS,0,561025.0
2023,LTU,Lituanie,0-19,Total,PT_POP,0,14.95
2023,LUX,Luxembourg,0-19,Total,PS,0,139087.0
2023,LUX,Luxembourg,0-19,Total,PT_POP,0,15.86
2023,LVA,Lettonie,0-19,Total,PS,0,398140.0
2023,LVA,Lettonie,0-19,Total,PT_POP,0,15.96
2023,NLD,Pays-Bas,0-19,Total,PS,0,3750458.0
2023,NLD,Pays-Bas,0-19,Total,PT_POP,0,15.31
2023,NOR,Norvège,0-19,Total,PS,0,1241427.0
2023,NOR,Norvège,0-19,Total,PT_POP,0,16.69
2023,POL,Pologne,0-19,Total,PS,0,7416734.0
2023,POL,Pologne,0-19,Total,PT_POP,0,15.42
2023,PRT,Portugal,0-19,Total,PS,0,1887046.0
2023,PRT,Portugal,0-19,Total,PT_POP,0,12.95
2023,ROU,Roumanie,0-19,Total,PS,0,4147124.0
2023,ROU,Roumanie,0-19,Total,PT_POP,0,16.12
2023,SVK,République slovaque,0-19,Total,PS,0,1137832.0
2023,SVK,République slovaque,0-19,Total,PT_POP,0,16.09
2023,SVN,Slovénie,0-19,Total,PS,0,416456.0
2023,SVN,Slovénie,0-19,Total,PT_POP,0,15.0
2023,SWE,Suède,0-19,Total,PS,0,2431940.0
2023,SWE,Suède,0-19,Total,PT_POP,0,17.38
1999,ESP,Espagne,65+,Total,PS,0,6565769.0
1999,GRC,Grèce,20-64,Total,PS,0,6565255.0
1999,HUN,Hongrie,65+,Total,PS,0,1521411.0
1999,ISL,Islande,65+,Total,PS,0,31910.0
1999,SVK,République slovaque,20-64,Total,PS,0,3225380.0
1999,ROU,Roumanie,20-64,Total,PS,0,13575983.0
1999,BEL,Belgique,65+,Total,PS,0,1697453.0
1999,SWE,Suède,65+,Total,PS,0,1537656.0
1999,PRT,Portugal,20-64,Total,PS,0,6155663.0
1999,ITA,Italie,65+,Total,PS,0,10139932.0
1999,BGR,Bulgarie,20-64,Total,PS,0,5008557.0
1999,CHE,Suisse,65+,Total,PS,0,1079798.0
1999,DNK,Danemark,65+,Total,PS,0,790467.0
1999,DNK,Danemark,20-64,Total,PS,0,3267897.0
1999,NLD,Pays-Bas,65+,Total,PS,0,2130934.0
1999,LVA,Lettonie,65+,Total,PS,0,351595.0
1999,FRA,France,20-64,Total,PS,0,35128766.0
1999,SVN,Slovénie,20-64,Total,PS,0,1236654.0
1999,CHE,Suisse,20-64,Total,PS,0,4386168.0
1999,BEL,Belgique,20-64,Total,PS,0,6090682.0
1999,GRC,Grèce,65+,Total,PS,0,1820020.0
1999,ITA,Italie,20-64,Total,PS,0,35459253.0
1999,SVN,Slovénie,65+,Total,PS,0,268587.0
1999,POL,Pologne,20-64,Total,PS,0,22868271.0
1999,ROU,Roumanie,65+,Total,PS,0,2912573.0
1999,AUT,Autriche,65+,Total,PS,0,1229715.0
1999,LTU,Lituanie,65+,Total,PS,0,476928.0
1999,GBR,Royaume-Uni,65+,Total,PS,0,9277500.0
1999,IRL,Irlande,20-64,Total,PS,0,2138809.0
1999,LUX,Luxembourg,20-64,Total,PS,0,262293.0
1999,EST,Estonie,65+,Total,PS,0,203046.0
1999,ESP,Espagne,20-64,Total,PS,0,24848505.0
1999,FIN,Finlande,65+,Total,PS,0,758820.0
1999,LUX,Luxembourg,65+,Total,PS,0,61060.0
1999,DEU,Allemagne,20-64,Total,PS,0,51385936.0
1999,LVA,Lettonie,20-64,Total,PS,0,1426975.0
1999,LTU,Lituanie,20-64,Total,PS,0,2073708.0
1999,FRA,France,65+,Total,PS,0,9422701.0
1999,EST,Estonie,20-64,Total,PS,0,814216.0
1999,PRT,Portugal,65+,Total,PS,0,1613238.0
1999,GBR,Royaume-Uni,20-64,Total,PS,0,34496700.0
1999,HUN,Hongrie,20-64,Total,PS,0,6259883.0
1999,SVK,République slovaque,65+,Total,PS,0,610330.0
1999,NOR,Norvège,65+,Total,PS,0,687953.0
1999,AUT,Autriche,20-64,Total,PS,0,4890127.0
1999,ISL,Islande,20-64,Total,PS,0,157085.0
1999,POL,Pologne,65+,Total,PS,0,4594536.0
1999,BGR,Bulgarie,65+,Total,PS,0,1305103.0
1999,NLD,Pays-Bas,20-64,Total,PS,0,9789449.0
1999,IRL,Irlande,65+,Total,PS,0,421492.0
1999,NOR,Norvège,20-64,Total,PS,0,2609748.0
1999,SWE,Suède,20-64,Total,PS,0,5164189.0
1999,FIN,Finlande,20-64,Total,PS,0,3119408.0
1999,DEU,Allemagne,65+,Total,PS,0,13067455.0
1990,DEU,Allemagne,65+,Total,PS,0,11794310.0
1990,FIN,Finlande,20-64,Total,PS,0,3049098.0
1990,SWE,Suède,20-64,Total,PS,0,4921099.0
1990,NOR,Norvège,20-64,Total,PS,0,2422258.0
1990,IRL,Irlande,65+,Total,PS,0,399422.0
1990,NLD,Pays-Bas,20-64,Total,PS,0,9164745.0
1990,BGR,Bulgarie,65+,Total,PS,0,1136266.0
1990,POL,Pologne,65+,Total,PS,0,3785663.0
1990,ISL,Islande,20-64,Total,PS,0,142424.0
1990,AUT,Autriche,20-64,Total,PS,0,4642719.0
1990,NOR,Norvège,65+,Total,PS,0,690889.0
1990,SVK,République slovaque,65+,Total,PS,0,542915.0
1990,HUN,Hongrie,20-64,Total,PS,0,6103496.0
1990,GBR,Royaume-Uni,20-64,Total,PS,0,33365995.0
1990,PRT,Portugal,65+,Total,PS,0,1321505.0
1990,EST,Estonie,20-64,Total,PS,0,929141.0
1990,FRA,France,65+,Total,PS,0,7871514.0
1990,LTU,Lituanie,20-64,Total,PS,0,2182315.0
1990,LVA,Lettonie,20-64,Total,PS,0,1596193.0
1990,DEU,Allemagne,20-64,Total,PS,0,50064886.0
1990,LUX,Luxembourg,65+,Total,PS,0,50814.0
1990,FIN,Finlande,65+,Total,PS,0,661732.0
1990,ESP,Espagne,20-64,Total,PS,0,22449906.0
1990,EST,Estonie,65+,Total,PS,0,181605.0
1990,LUX,Luxembourg,20-64,Total,PS,0,240641.0
1990,IRL,Irlande,20-64,Total,PS,0,1820137.0
1990,GBR,Royaume-Uni,65+,Total,PS,0,8983802.0
1990,LTU,Lituanie,65+,Total,PS,0,399454.0
1990,AUT,Autriche,65+,Total,PS,0,1139841.0
1990,ROU,Roumanie,65+,Total,PS,0,2383435.0
1990,POL,Pologne,20-64,Total,PS,0,21840618.0
1990,SVN,Slovénie,65+,Total,PS,0,211606.0
1990,ITA,Italie,20-64,Total,PS,0,34452469.0
1990,GRC,Grèce,65+,Total,PS,0,1382370.0
1990,BEL,Belgique,20-64,Total,PS,0,6002620.0
1990,CHE,Suisse,20-64,Total,PS,0,4131455.0
1990,SVN,Slovénie,20-64,Total,PS,0,1222587.0
1990,FRA,France,20-64,Total,PS,0,32985839.0
1990,LVA,Lettonie,65+,Total,PS,0,315390.0
1990,NLD,Pays-Bas,65+,Total,PS,0,1905624.0
1990,DNK,Danemark,20-64,Total,PS,0,3087838.0
1990,DNK,Danemark,65+,Total,PS,0,800384.0
1990,CHE,Suisse,65+,Total,PS,0,972411.0
1990,BGR,Bulgarie,20-64,Total,PS,0,5195909.0
1990,ITA,Italie,65+,Total,PS,0,8343682.0
1990,PRT,Portugal,20-64,Total,PS,0,5750324.0
1990,SWE,Suède,65+,Total,PS,0,1517620.0
1990,BEL,Belgique,65+,Total,PS,0,1474059.0
1990,ROU,Roumanie,20-64,Total,PS,0,13424920.0
1990,SVK,République slovaque,20-64,Total,PS,0,2974537.0
1990,ISL,Islande,65+,Total,PS,0,26838.0
1990,HUN,Hongrie,65+,Total,PS,0,1373922.0
1990,GRC,Grèce,20-64,Total,PS,0,6001092.0
1990,ESP,Espagne,65+,Total,PS,0,5210687.0
1990,GBR,Royaume-Uni,65+,Total,PT_POP,0,15.72
1990,SWE,Suède,65+,Total,PT_POP,0,17.8
1990,HUN,Hongrie,65+,Total,PT_POP,0,13.24
1990,GRC,Grèce,65+,Total,PT_POP,0,13.66
1990,LTU,Lituanie,65+,Total,PT_POP,0,10.81
1990,FIN,Finlande,65+,Total,PT_POP,0,13.3
1990,ISL,Islande,65+,Total,PT_POP,0,10.58
1990,IRL,Irlande,65+,Total,PT_POP,0,11.39
1990,ESP,Espagne,65+,Total,PT_POP,0,13.41
1990,EST,Estonie,65+,Total,PT_POP,0,11.56
1990,AUT,Autriche,65+,Total,PT_POP,0,14.91
1990,DEU,Allemagne,65+,Total,PT_POP,0,14.91
1990,DNK,Danemark,65+,Total,PT_POP,0,15.59
1990,FRA,France,65+,Total,PT_POP,0,13.91
1990,LVA,Lettonie,65+,Total,PT_POP,0,11.82
1990,NLD,Pays-Bas,65+,Total,PT_POP,0,12.8
1990,LUX,Luxembourg,65+,Total,PT_POP,0,13.4
1990,POL,Pologne,65+,Total,PT_POP,0,9.95
1990,ROU,Roumanie,65+,Total,PT_POP,0,10.27
1990,ITA,Italie,65+,Total,PT_POP,0,14.72
1990,BGR,Bulgarie,65+,Total,PT_POP,0,12.96
1990,SVN,Slovénie,65+,Total,PT_POP,0,10.6
1990,SVK,République slovaque,65+,Total,PT_POP,0,10.27
1990,PRT,Portugal,65+,Total,PT_POP,0,13.22
1990,BEL,Belgique,65+,Total,PT_POP,0,14.82
1990,CHE,Suisse,65+,Total,PT_POP,0,14.57
1990,NOR,Norvège,65+,Total,PT_POP,0,16.32
1999,NOR,Norvège,65+,Total,PT_POP,0,15.48
1999,CHE,Suisse,65+,Total,PT_POP,0,15.16
1999,BEL,Belgique,65+,Total,PT_POP,0,16.62
1999,PRT,Portugal,65+,Total,PT_POP,0,15.84
1999,SVK,République slovaque,65+,Total,PT_POP,0,11.32
1999,SVN,Slovénie,65+,Total,PT_POP,0,13.58
1999,BGR,Bulgarie,65+,Total,PT_POP,0,15.86
1999,ITA,Italie,65+,Total,PT_POP,0,17.82
1999,ROU,Roumanie,65+,Total,PT_POP,0,12.95
1999,POL,Pologne,65+,Total,PT_POP,0,11.88
1999,LUX,Luxembourg,65+,Total,PT_POP,0,14.29
1999,NLD,Pays-Bas,65+,Total,PT_POP,0,13.52
1999,LVA,Lettonie,65+,Total,PT_POP,0,14.65
1999,FRA,France,65+,Total,PT_POP,0,15.66
1999,DNK,Danemark,65+,Total,PT_POP,0,14.88
1999,DEU,Allemagne,65+,Total,PT_POP,0,15.93
1999,AUT,Autriche,65+,Total,PT_POP,0,15.41
1999,EST,Estonie,65+,Total,PT_POP,0,14.72
1999,ESP,Espagne,65+,Total,PT_POP,0,16.29
1999,IRL,Irlande,65+,Total,PT_POP,0,11.29
1999,ISL,Islande,65+,Total,PT_POP,0,11.57
1999,FIN,Finlande,65+,Total,PT_POP,0,14.71
1999,LTU,Lituanie,65+,Total,PT_POP,0,13.49
1999,GRC,Grèce,65+,Total,PT_POP,0,16.93
1999,HUN,Hongrie,65+,Total,PT_POP,0,14.84
1999,SWE,Suède,65+,Total,PT_POP,0,17.37
1999,GBR,Royaume-Uni,65+,Total,PT_POP,0,15.81
2016,DEU,Allemagne,65+,Total,PS,0,17300178.0
2016,FIN,Finlande,20-64,Total,PS,0,3167011.0
2016,SWE,Suède,20-64,Total,PS,0,5664175.0
2016,IRL,Irlande,65+,Total,PS,0,624519.0
2016,NLD,Pays-Bas,20-64,Total,PS,0,10075313.0
2016,POL,Pologne,65+,Total,PS,0,6059477.0
2016,AUT,Autriche,20-64,Total,PS,0,5385919.0
2016,SVK,République slovaque,65+,Total,PS,0,783936.0
2016,EST,Estonie,20-64,Total,PS,0,794236.0
2016,FRA,France,65+,Total,PS,0,12566755.0
2016,LVA,Lettonie,20-64,Total,PS,0,1195831.0
2016,DEU,Allemagne,20-64,Total,PS,0,49804416.0
2016,LUX,Luxembourg,65+,Total,PS,0,81957.0
2016,FIN,Finlande,65+,Total,PS,0,1123103.0
2016,EST,Estonie,65+,Total,PS,0,250325.0
2016,LUX,Luxembourg,20-64,Total,PS,0,366215.0
2016,IRL,Irlande,20-64,Total,PS,0,2797263.0
2016,AUT,Autriche,65+,Total,PS,0,1604967.0
2016,ROU,Roumanie,65+,Total,PS,0,3435455.0
2016,POL,Pologne,20-64,Total,PS,0,24235624.0
2016,SVN,Slovénie,65+,Total,PS,0,380102.0
2016,GRC,Grèce,65+,Total,PS,0,2292853.0
2016,BEL,Belgique,20-64,Total,PS,0,6692036.0
2016,CHE,Suisse,20-64,Total,PS,0,5156571.0
2016,SVN,Slovénie,20-64,Total,PS,0,1283042.0
2016,FRA,France,20-64,Total,PS,0,37710767.0
2015,GRC,Grèce,20-64,Total,PS,0,6473381.0
2015,ISL,Islande,65+,Total,PS,0,44541.0
2015,SVK,République slovaque,20-64,Total,PS,0,3542299.0
2015,ROU,Roumanie,20-64,Total,PS,0,12332760.0
2015,BEL,Belgique,65+,Total,PS,0,2030944.0
2015,SWE,Suède,65+,Total,PS,0,1912884.0
2015,CHE,Suisse,65+,Total,PS,0,1465565.0
2015,DNK,Danemark,65+,Total,PS,0,1051129.0
2015,DNK,Danemark,20-64,Total,PS,0,3293035.0
2015,NLD,Pays-Bas,65+,Total,PS,0,3007685.0
2015,LVA,Lettonie,65+,Total,PS,0,385076.0
2015,FRA,France,20-64,Total,PS,0,37856127.0
2015,SVN,Slovénie,20-64,Total,PS,0,1294187.0
2015,CHE,Suisse,20-64,Total,PS,0,5108349.0
2015,BEL,Belgique,20-64,Total,PS,0,6667196.0
2015,GRC,Grèce,65+,Total,PS,0,2269073.0
2015,SVN,Slovénie,65+,Total,PS,0,369386.0
2015,POL,Pologne,20-64,Total,PS,0,24406744.0
2015,ROU,Roumanie,65+,Total,PS,0,3375500.0
2015,AUT,Autriche,65+,Total,PS,0,1583928.0
2015,GBR,Royaume-Uni,65+,Total,PS,0,11611200.0
2015,IRL,Irlande,20-64,Total,PS,0,2776855.0
2015,LUX,Luxembourg,20-64,Total,PS,0,356782.0
2015,FIN,Finlande,65+,Total,PS,0,1091388.0
2015,LUX,Luxembourg,65+,Total,PS,0,79840.0
2015,DEU,Allemagne,20-64,Total,PS,0,49355315.0
2015,LVA,Lettonie,20-64,Total,PS,0,1215506.0
2015,FRA,France,65+,Total,PS,0,12234257.0
2015,EST,Estonie,20-64,Total,PS,0,798292.0
2015,SVK,République slovaque,65+,Total,PS,0,756879.0
2015,AUT,Autriche,20-64,Total,PS,0,5314067.0
2015,POL,Pologne,65+,Total,PS,0,5859706.0
2015,NLD,Pays-Bas,20-64,Total,PS,0,10064982.0
2015,IRL,Irlande,65+,Total,PS,0,604861.0
2015,SWE,Suède,20-64,Total,PS,0,5625202.0
2015,FIN,Finlande,20-64,Total,PS,0,3177175.0
2015,DEU,Allemagne,65+,Total,PS,0,17088711.0
2013,GRC,Grèce,20-64,Total,PS,0,6634059.0
2013,ISL,Islande,65+,Total,PS,0,41677.0
2013,SVK,République slovaque,20-64,Total,PS,0,3553046.0
2013,ROU,Roumanie,20-64,Total,PS,0,12530912.0
2013,BEL,Belgique,65+,Total,PS,0,1959458.0
2013,SWE,Suède,65+,Total,PS,0,1828283.0
2013,CHE,Suisse,65+,Total,PS,0,1398618.0
2013,DNK,Danemark,65+,Total,PS,0,999801.0
2013,DNK,Danemark,20-64,Total,PS,0,3267007.0
2013,NLD,Pays-Bas,65+,Total,PS,0,2824345.0
2013,LVA,Lettonie,65+,Total,PS,0,379784.0
2013,FRA,France,20-64,Total,PS,0,37971125.0
2013,SVN,Slovénie,20-64,Total,PS,0,1310114.0
2013,CHE,Suisse,20-64,Total,PS,0,4997135.0
2013,BEL,Belgique,20-64,Total,PS,0,6651622.0
2013,GRC,Grèce,65+,Total,PS,0,2207756.0
2013,SVN,Slovénie,65+,Total,PS,0,352145.0
2013,POL,Pologne,20-64,Total,PS,0,24637721.0
2013,ROU,Roumanie,65+,Total,PS,0,3258198.0
2013,AUT,Autriche,65+,Total,PS,0,1527257.0
2013,IRL,Irlande,20-64,Total,PS,0,2769136.0
2013,LUX,Luxembourg,20-64,Total,PS,0,338616.0
2013,EST,Estonie,65+,Total,PS,0,238053.0
2013,FIN,Finlande,65+,Total,PS,0,1018193.0
2013,LUX,Luxembourg,65+,Total,PS,0,75057.0
2013,DEU,Allemagne,20-64,Total,PS,0,49087583.0
2013,LVA,Lettonie,20-64,Total,PS,0,1252092.0
2013,LTU,Lituanie,20-64,Total,PS,0,1805426.0
2013,FRA,France,65+,Total,PS,0,11524405.0
2013,EST,Estonie,20-64,Total,PS,0,811281.0
2013,SVK,République slovaque,65+,Total,PS,0,710222.0
2013,NOR,Norvège,65+,Total,PS,0,790614.0
2013,AUT,Autriche,20-64,Total,PS,0,5224685.0
2013,POL,Pologne,65+,Total,PS,0,5476620.0
2013,NLD,Pays-Bas,20-64,Total,PS,0,10084457.0
2013,IRL,Irlande,65+,Total,PS,0,564074.0
2013,NOR,Norvège,20-64,Total,PS,0,3007208.0
2013,SWE,Suède,20-64,Total,PS,0,5551124.0
2013,FIN,Finlande,20-64,Total,PS,0,3196376.0
2013,DEU,Allemagne,65+,Total,PS,0,16715155.0
2004,DEU,Allemagne,65+,Total,PS,0,14859995.0
2004,FIN,Finlande,20-64,Total,PS,0,3166686.0
2004,SWE,Suède,20-64,Total,PS,0,5282126.0
2004,NOR,Norvège,20-64,Total,PS,0,2712742.0
2004,IRL,Irlande,65+,Total,PS,0,447744.0
2004,NLD,Pays-Bas,20-64,Total,PS,0,10019321.0
2004,POL,Pologne,65+,Total,PS,0,4951319.0
2004,ISL,Islande,20-64,Total,PS,0,169738.0
2004,AUT,Autriche,20-64,Total,PS,0,5068488.0
2004,NOR,Norvège,65+,Total,PS,0,674359.0
2004,SVK,République slovaque,65+,Total,PS,0,621273.0
2004,HUN,Hongrie,20-64,Total,PS,0,6304146.0
2004,PRT,Portugal,65+,Total,PS,0,1773934.0
2004,EST,Estonie,20-64,Total,PS,0,825790.0
2004,FRA,France,65+,Total,PS,0,10086410.0
2004,HRV,Croatie,20-64,Total,PS,0,2606501.0
2004,LTU,Lituanie,20-64,Total,PS,0,2009944.0
2004,LVA,Lettonie,20-64,Total,PS,0,1369861.0
2004,DEU,Allemagne,20-64,Total,PS,0,50767361.0
2004,LUX,Luxembourg,65+,Total,PS,0,63638.0
2004,FIN,Finlande,65+,Total,PS,0,813195.0
2004,ESP,Espagne,20-64,Total,PS,0,26873928.0
2004,EST,Estonie,65+,Total,PS,0,221260.0
2004,LUX,Luxembourg,20-64,Total,PS,0,280261.0
2004,IRL,Irlande,20-64,Total,PS,0,2439612.0
2004,LTU,Lituanie,65+,Total,PS,0,524142.0
2004,AUT,Autriche,65+,Total,PS,0,1260899.0
2004,ROU,Roumanie,65+,Total,PS,0,3042148.0
2004,POL,Pologne,20-64,Total,PS,0,23553452.0
2004,SVN,Slovénie,65+,Total,PS,0,300155.0
2004,GRC,Grèce,65+,Total,PS,0,1973532.0
2004,BEL,Belgique,20-64,Total,PS,0,6207845.0
2004,CHE,Suisse,20-64,Total,PS,0,4565613.0
2004,SVN,Slovénie,20-64,Total,PS,0,1276121.0
2004,FRA,France,20-64,Total,PS,0,36407693.0
2004,LVA,Lettonie,65+,Total,PS,0,369750.0
2004,NLD,Pays-Bas,65+,Total,PS,0,2251154.0
2004,DNK,Danemark,20-64,Total,PS,0,3280390.0
2004,DNK,Danemark,65+,Total,PS,0,804578.0
2004,CHE,Suisse,65+,Total,PS,0,1156741.0
2004,HRV,Croatie,65+,Total,PS,0,735333.0
2004,PRT,Portugal,20-64,Total,PS,0,6404358.0
2004,SWE,Suède,65+,Total,PS,0,1541254.0
2004,BEL,Belgique,65+,Total,PS,0,1780120.0
2004,ROU,Roumanie,20-64,Total,PS,0,13080490.0
2004,SVK,République slovaque,20-64,Total,PS,0,3379655.0
2004,ISL,Islande,65+,Total,PS,0,34151.0
2004,HUN,Hongrie,65+,Total,PS,0,1567090.0
2004,GRC,Grèce,20-64,Total,PS,0,6643049.0
2004,ESP,Espagne,65+,Total,PS,0,7146678.0
2004,SWE,Suède,65+,Total,PT_POP,0,17.17
2004,HUN,Hongrie,65+,Total,PT_POP,0,15.49
2004,GRC,Grèce,65+,Total,PT_POP,0,18.04
2004,LTU,Lituanie,65+,Total,PT_POP,0,15.42
2004,FIN,Finlande,65+,Total,PT_POP,0,15.58
2004,ISL,Islande,65+,Total,PT_POP,0,11.75
2004,IRL,Irlande,65+,Total,PT_POP,0,11.11
2004,ESP,Espagne,65+,Total,PT_POP,0,16.8
2004,EST,Estonie,65+,Total,PT_POP,0,16.19
2004,AUT,Autriche,65+,Total,PT_POP,0,15.49
2004,DEU,Allemagne,65+,Total,PT_POP,0,18.01
2004,DNK,Danemark,65+,Total,PT_POP,0,14.91
2004,FRA,France,65+,Total,PT_POP,0,16.19
2004,LVA,Lettonie,65+,Total,PT_POP,0,16.24
2004,NLD,Pays-Bas,65+,Total,PT_POP,0,13.85
2004,LUX,Luxembourg,65+,Total,PT_POP,0,13.99
2004,HRV,Croatie,65+,Total,PT_POP,0,17.08
2004,POL,Pologne,65+,Total,PT_POP,0,12.96
2004,ROU,Roumanie,65+,Total,PT_POP,0,14.14
2004,SVN,Slovénie,65+,Total,PT_POP,0,15.03
2004,SVK,République slovaque,65+,Total,PT_POP,0,11.57
2004,PRT,Portugal,65+,Total,PT_POP,0,16.94
2004,BEL,Belgique,65+,Total,PT_POP,0,17.12
2004,CHE,Suisse,65+,Total,PT_POP,0,15.71
2004,NOR,Norvège,65+,Total,PT_POP,0,14.73
2013,NOR,Norvège,65+,Total,PT_POP,0,15.65
2013,CHE,Suisse,65+,Total,PT_POP,0,17.4
2013,BEL,Belgique,65+,Total,PT_POP,0,17.59
2013,SVK,République slovaque,65+,Total,PT_POP,0,13.13
2013,SVN,Slovénie,65+,Total,PT_POP,0,17.1
2013,ROU,Roumanie,65+,Total,PT_POP,0,16.27
2013,POL,Pologne,65+,Total,PT_POP,0,14.39
2013,LUX,Luxembourg,65+,Total,PT_POP,0,13.98
2013,NLD,Pays-Bas,65+,Total,PT_POP,0,16.83
2013,LVA,Lettonie,65+,Total,PT_POP,0,18.77
2013,FRA,France,65+,Total,PT_POP,0,17.57
2013,DNK,Danemark,65+,Total,PT_POP,0,17.85
2013,DEU,Allemagne,65+,Total,PT_POP,0,20.76
2013,AUT,Autriche,65+,Total,PT_POP,0,18.07
2013,EST,Estonie,65+,Total,PT_POP,0,18.03
2013,IRL,Irlande,65+,Total,PT_POP,0,12.24
2013,FIN,Finlande,65+,Total,PT_POP,0,18.76
2013,GRC,Grèce,65+,Total,PT_POP,0,20.06
2013,SWE,Suède,65+,Total,PT_POP,0,19.13
2015,NOR,Norvège,65+,Total,PT_POP,0,16.15
2015,CHE,Suisse,65+,Total,PT_POP,0,17.79
2015,BEL,Belgique,65+,Total,PT_POP,0,18.07
2015,SVK,République slovaque,65+,Total,PT_POP,0,13.96
2015,SVN,Slovénie,65+,Total,PT_POP,0,17.91
2015,ROU,Roumanie,65+,Total,PT_POP,0,16.99
2015,POL,Pologne,65+,Total,PT_POP,0,15.42
2015,LUX,Luxembourg,65+,Total,PT_POP,0,14.18
2015,NLD,Pays-Bas,65+,Total,PT_POP,0,17.8
2015,LVA,Lettonie,65+,Total,PT_POP,0,19.39
2015,FRA,France,65+,Total,PT_POP,0,18.41
2015,DNK,Danemark,65+,Total,PT_POP,0,18.57
2015,DEU,Allemagne,65+,Total,PT_POP,0,21.05
2015,AUT,Autriche,65+,Total,PT_POP,0,18.45
2015,IRL,Irlande,65+,Total,PT_POP,0,12.93
2015,FIN,Finlande,65+,Total,PT_POP,0,19.95
2015,GRC,Grèce,65+,Total,PT_POP,0,20.9
2015,SWE,Suède,65+,Total,PT_POP,0,19.62
2016,SWE,Suède,65+,Total,PT_POP,0,19.77
2016,GRC,Grèce,65+,Total,PT_POP,0,21.26
2016,FIN,Finlande,65+,Total,PT_POP,0,20.47
2016,IRL,Irlande,65+,Total,PT_POP,0,13.21
2016,EST,Estonie,65+,Total,PT_POP,0,19.02
2016,AUT,Autriche,65+,Total,PT_POP,0,18.45
2016,DEU,Allemagne,65+,Total,PT_POP,0,21.05
2016,DNK,Danemark,65+,Total,PT_POP,0,18.83
2016,FRA,France,65+,Total,PT_POP,0,18.86
2016,LVA,Lettonie,65+,Total,PT_POP,0,19.63
2016,NLD,Pays-Bas,65+,Total,PT_POP,0,18.17
2016,LUX,Luxembourg,65+,Total,PT_POP,0,14.22
2004,BGR,Bulgarie,65+,Total,PT_POP,0,17.26
2013,BGR,Bulgarie,65+,Total,PT_POP,0,19.41
2015,BGR,Bulgarie,65+,Total,PT_POP,0,20.48
2015,GBR,Royaume-Uni,65+,Total,PT_POP,0,17.84
2013,LTU,Lituanie,65+,Total,PT_POP,0,18.22
2015,LTU,Lituanie,65+,Total,PT_POP,0,18.66
2016,LTU,Lituanie,65+,Total,PT_POP,0,18.92
2013,PRT,Portugal,65+,Total,PT_POP,0,19.51
2013,HRV,Croatie,65+,Total,PT_POP,0,18.17
2013,ESP,Espagne,65+,Total,PT_POP,0,17.67
2013,ISL,Islande,65+,Total,PT_POP,0,12.95
2013,HUN,Hongrie,65+,Total,PT_POP,0,17.15
2016,HUN,Hongrie,65+,Total,PT_POP,0,18.19
2016,ISL,Islande,65+,Total,PT_POP,0,13.86
2016,ESP,Espagne,65+,Total,PT_POP,0,18.67
2015,PRT,Portugal,65+,Total,PT_POP,0,20.45
2015,HRV,Croatie,65+,Total,PT_POP,0,18.96
2015,ESP,Espagne,65+,Total,PT_POP,0,18.45
2015,ISL,Islande,65+,Total,PT_POP,0,13.53
2015,HUN,Hongrie,65+,Total,PT_POP,0,17.84
2004,ITA,Italie,65+,Total,PT_POP,0,19.19
2013,ITA,Italie,65+,Total,PT_POP,0,21.14
2015,ITA,Italie,65+,Total,PT_POP,0,21.86
2004,GBR,Royaume-Uni,20-64,Total,PS,0,35591908.0
2013,GBR,Royaume-Uni,20-64,Total,PS,0,37861208.0
2015,GBR,Royaume-Uni,20-64,Total,PS,0,38262881.0
2016,GBR,Royaume-Uni,20-64,Total,PS,0,38521100.0
2004,BGR,Bulgarie,65+,Total,PS,0,1337130.0
2013,LTU,Lituanie,65+,Total,PS,0,541960.0
2013,BGR,Bulgarie,65+,Total,PS,0,1398019.0
2015,BGR,Bulgarie,20-64,Total,PS,0,4310402.0
2015,NOR,Norvège,65+,Total,PS,0,834302.0
2015,BGR,Bulgarie,65+,Total,PS,0,1439556.0
2015,NOR,Norvège,20-64,Total,PS,0,3072601.0
2015,LTU,Lituanie,65+,Total,PS,0,546247.0
2015,LTU,Lituanie,20-64,Total,PS,0,1786540.0
2016,LTU,Lituanie,20-64,Total,PS,0,1765334.0
2016,LTU,Lituanie,65+,Total,PS,0,547781.0
2016,NOR,Norvège,20-64,Total,PS,0,3098106.0
2016,NOR,Norvège,65+,Total,PS,0,855100.0
2016,BGR,Bulgarie,65+,Total,PS,0,1462839.0
2013,BGR,Bulgarie,20-64,Total,PS,0,4513152.0
2013,ISL,Islande,20-64,Total,PS,0,190911.0
2013,ESP,Espagne,65+,Total,PS,0,8252922.0
2013,ESP,Espagne,20-64,Total,PS,0,29213842.0
2013,HUN,Hongrie,65+,Total,PS,0,1697426.0
2013,HUN,Hongrie,20-64,Total,PS,0,6205750.0
2013,PRT,Portugal,20-64,Total,PS,0,6342655.0
2013,PRT,Portugal,65+,Total,PS,0,2049243.0
2013,HRV,Croatie,65+,Total,PS,0,771993.0
2013,HRV,Croatie,20-64,Total,PS,0,2597765.0
2015,HRV,Croatie,65+,Total,PS,0,792550.0
2015,HRV,Croatie,20-64,Total,PS,0,2538852.0
2015,PRT,Portugal,20-64,Total,PS,0,6219673.0
2015,PRT,Portugal,65+,Total,PS,0,2125460.0
2015,HUN,Hongrie,65+,Total,PS,0,1751399.0
2015,HUN,Hongrie,20-64,Total,PS,0,6129705.0
2015,ESP,Espagne,65+,Total,PS,0,8564614.0
2015,ESP,Espagne,20-64,Total,PS,0,28682976.0
2015,ISL,Islande,20-64,Total,PS,0,195447.0
2016,ISL,Islande,20-64,Total,PS,0,197795.0
2016,HUN,Hongrie,20-64,Total,PS,0,6086498.0
2016,PRT,Portugal,65+,Total,PS,0,2165011.0
2016,HRV,Croatie,20-64,Total,PS,0,2498168.0
2016,ESP,Espagne,20-64,Total,PS,0,28577549.0
2004,BGR,Bulgarie,20-64,Total,PS,0,4837281.0
2004,ITA,Italie,20-64,Total,PS,0,35542466.0
2004,ITA,Italie,65+,Total,PS,0,11057940.0
2013,ITA,Italie,65+,Total,PS,0,12741455.0
2013,ITA,Italie,20-64,Total,PS,0,36235139.0
2015,ITA,Italie,65+,Total,PS,0,13181761.0
2015,ITA,Italie,20-64,Total,PS,0,35941123.0
2016,ITA,Italie,20-64,Total,PS,0,35756287.0
2004,GBR,Royaume-Uni,65+,Total,PS,0,9549700.0
2013,GBR,Royaume-Uni,65+,Total,PS,0,11131900.0
2016,GBR,Royaume-Uni,65+,Total,PS,0,11814000.0
2015,EST,Estonie,65+,Total,PS,0,246649.0
2015,EST,Estonie,65+,Total,PT_POP,0,18.76
2013,GBR,Royaume-Uni,65+,Total,PT_POP,0,17.36
2016,GBR,Royaume-Uni,65+,Total,PT_POP,0,18.01
2004,GBR,Royaume-Uni,65+,Total,PT_POP,0,15.93
2006,DEU,Allemagne,65+,Total,PS,0,15870074.0
2006,FIN,Finlande,20-64,Total,PS,0,3186569.0
2006,SWE,Suède,20-64,Total,PS,0,5323219.0
2006,NOR,Norvège,20-64,Total,PS,0,2751764.0
2006,IRL,Irlande,65+,Total,PS,0,461493.0
2006,NLD,Pays-Bas,20-64,Total,PS,0,10028125.0
2006,POL,Pologne,65+,Total,PS,0,5075823.0
2006,ISL,Islande,20-64,Total,PS,0,177161.0
2006,AUT,Autriche,20-64,Total,PS,0,5093024.0
2006,NOR,Norvège,65+,Total,PS,0,682469.0
2006,SVK,République slovaque,65+,Total,PS,0,634985.0
2006,HUN,Hongrie,20-64,Total,PS,0,6305203.0
2006,PRT,Portugal,65+,Total,PS,0,1824636.0
2006,EST,Estonie,20-64,Total,PS,0,818100.0
2006,FRA,France,65+,Total,PS,0,10341358.0
2006,HRV,Croatie,20-64,Total,PS,0,2617405.0
2006,LTU,Lituanie,20-64,Total,PS,0,1959715.0
2006,LVA,Lettonie,20-64,Total,PS,0,1347922.0
2006,DEU,Allemagne,20-64,Total,PS,0,50082260.0
2006,LUX,Luxembourg,65+,Total,PS,0,66000.0
2006,FIN,Finlande,65+,Total,PS,0,841165.0
2006,ESP,Espagne,20-64,Total,PS,0,27996562.0
2006,EST,Estonie,65+,Total,PS,0,227870.0
2006,LUX,Luxembourg,20-64,Total,PS,0,289201.0
2006,IRL,Irlande,20-64,Total,PS,0,2591657.0
2006,GBR,Royaume-Uni,65+,Total,PS,0,9654200.0
2006,LTU,Lituanie,65+,Total,PS,0,535939.0
2006,AUT,Autriche,65+,Total,PS,0,1357587.0
2006,ROU,Roumanie,65+,Total,PS,0,3132931.0
2006,POL,Pologne,20-64,Total,PS,0,24022774.0
2006,SVN,Slovénie,65+,Total,PS,0,312874.0
2006,GRC,Grèce,65+,Total,PS,0,2030907.0
2006,BEL,Belgique,20-64,Total,PS,0,6273659.0
2006,CHE,Suisse,20-64,Total,PS,0,4632328.0
2006,SVN,Slovénie,20-64,Total,PS,0,1284784.0
2006,FRA,France,20-64,Total,PS,0,36989583.0
2006,LVA,Lettonie,65+,Total,PS,0,378740.0
2006,NLD,Pays-Bas,65+,Total,PS,0,2330459.0
2006,DNK,Danemark,20-64,Total,PS,0,3274340.0
2006,DNK,Danemark,65+,Total,PS,0,823027.0
2006,CHE,Suisse,65+,Total,PS,0,1192465.0
2006,HRV,Croatie,65+,Total,PS,0,755687.0
2006,PRT,Portugal,20-64,Total,PS,0,6433570.0
2006,SWE,Suède,65+,Total,PS,0,1565377.0
2006,BEL,Belgique,65+,Total,PS,0,1809017.0
2006,ROU,Roumanie,20-64,Total,PS,0,13047712.0
2006,SVK,République slovaque,20-64,Total,PS,0,3436632.0
2006,ISL,Islande,65+,Total,PS,0,35039.0
2006,HUN,Hongrie,65+,Total,PS,0,1590712.0
2006,GRC,Grèce,20-64,Total,PS,0,6701965.0
2006,ESP,Espagne,65+,Total,PS,0,7324148.0
2003,ESP,Espagne,65+,Total,PS,0,7092839.0
2003,GRC,Grèce,20-64,Total,PS,0,6612810.0
2003,HUN,Hongrie,65+,Total,PS,0,1559245.0
2003,ISL,Islande,65+,Total,PS,0,33791.0
2003,SVK,République slovaque,20-64,Total,PS,0,3349026.0
2003,ROU,Roumanie,20-64,Total,PS,0,13140625.0
2003,BEL,Belgique,65+,Total,PS,0,1762390.0
2003,SWE,Suède,65+,Total,PS,0,1533795.0
2003,PRT,Portugal,20-64,Total,PS,0,6376953.0
2003,HRV,Croatie,65+,Total,PS,0,724440.0
2003,CHE,Suisse,65+,Total,PS,0,1142479.0
2003,DNK,Danemark,65+,Total,PS,0,798351.0
2003,DNK,Danemark,20-64,Total,PS,0,3285344.0
2003,NLD,Pays-Bas,65+,Total,PS,0,2220456.0
2003,LVA,Lettonie,65+,Total,PS,0,364187.0
2003,FRA,France,20-64,Total,PS,0,36162884.0
2003,SVN,Slovénie,20-64,Total,PS,0,1271094.0
2003,CHE,Suisse,20-64,Total,PS,0,4528592.0
2003,BEL,Belgique,20-64,Total,PS,0,6186086.0
2003,GRC,Grèce,65+,Total,PS,0,1939719.0
2003,SVN,Slovénie,65+,Total,PS,0,294654.0
2003,POL,Pologne,20-64,Total,PS,0,23295416.0
2003,ROU,Roumanie,65+,Total,PS,0,3053118.0
2003,AUT,Autriche,65+,Total,PS,0,1250479.0
2003,LTU,Lituanie,65+,Total,PS,0,512193.0
2003,GBR,Royaume-Uni,65+,Total,PS,0,9489500.0
2003,IRL,Irlande,20-64,Total,PS,0,2384072.0
2003,LUX,Luxembourg,20-64,Total,PS,0,275793.0
2003,EST,Estonie,65+,Total,PS,0,217870.0
2003,ESP,Espagne,20-64,Total,PS,0,26279688.0
2003,FIN,Finlande,65+,Total,PS,0,798564.0
2003,LUX,Luxembourg,65+,Total,PS,0,62889.0
2003,DEU,Allemagne,20-64,Total,PS,0,51008845.0
2003,LVA,Lettonie,20-64,Total,PS,0,1380102.0
2003,LTU,Lituanie,20-64,Total,PS,0,2022729.0
2003,HRV,Croatie,20-64,Total,PS,0,2602779.0
2003,FRA,France,65+,Total,PS,0,9977549.0
2003,EST,Estonie,20-64,Total,PS,0,829420.0
2003,PRT,Portugal,65+,Total,PS,0,1749232.0
2003,HUN,Hongrie,20-64,Total,PS,0,6304724.0
2003,SVK,République slovaque,65+,Total,PS,0,616628.0
2003,NOR,Norvège,65+,Total,PS,0,673576.0
2003,AUT,Autriche,20-64,Total,PS,0,5030344.0
2003,ISL,Islande,20-64,Total,PS,0,168049.0
2003,POL,Pologne,65+,Total,PS,0,4887675.0
2003,NLD,Pays-Bas,20-64,Total,PS,0,10003117.0
2003,IRL,Irlande,65+,Total,PS,0,440429.0
2003,NOR,Norvège,20-64,Total,PS,0,2696268.0
2003,SWE,Suède,20-64,Total,PS,0,5262842.0
2003,FIN,Finlande,20-64,Total,PS,0,3157592.0
2003,DEU,Allemagne,65+,Total,PS,0,14438819.0
2001,ESP,Espagne,65+,Total,PS,0,6826650.0
2001,GRC,Grèce,20-64,Total,PS,0,6656421.0
2001,HUN,Hongrie,65+,Total,PS,0,1544980.0
2001,ISL,Islande,65+,Total,PS,0,32791.0
2001,SVK,République slovaque,20-64,Total,PS,0,3284148.0
2001,ROU,Roumanie,20-64,Total,PS,0,13724117.0
2001,BEL,Belgique,65+,Total,PS,0,1729735.0
2001,SWE,Suède,65+,Total,PS,0,1530887.0
2001,PRT,Portugal,20-64,Total,PS,0,6274170.0
2001,ITA,Italie,65+,Total,PS,0,10497494.0
2001,HRV,Croatie,65+,Total,PS,0,692245.0
2001,CHE,Suisse,65+,Total,PS,0,1109186.0
2001,DNK,Danemark,65+,Total,PS,0,791944.0
2001,DNK,Danemark,20-64,Total,PS,0,3283952.0
2001,NLD,Pays-Bas,65+,Total,PS,0,2174501.0
2001,LVA,Lettonie,65+,Total,PS,0,355122.0
2001,FRA,France,20-64,Total,PS,0,35604406.0
2001,SVN,Slovénie,20-64,Total,PS,0,1258550.0
2001,CHE,Suisse,20-64,Total,PS,0,4430518.0
2001,BEL,Belgique,20-64,Total,PS,0,6121455.0
2001,GRC,Grèce,65+,Total,PS,0,1921541.0
2001,ITA,Italie,20-64,Total,PS,0,35327961.0
2001,SVN,Slovénie,65+,Total,PS,0,281406.0
2001,POL,Pologne,20-64,Total,PS,0,22891359.0
2001,ROU,Roumanie,65+,Total,PS,0,3017061.0
2001,AUT,Autriche,65+,Total,PS,0,1238016.0
2001,LTU,Lituanie,65+,Total,PS,0,484670.0
2001,GBR,Royaume-Uni,65+,Total,PS,0,9372800.0
2001,IRL,Irlande,20-64,Total,PS,0,2253938.0
2001,LUX,Luxembourg,20-64,Total,PS,0,270164.0
2001,EST,Estonie,65+,Total,PS,0,210680.0
2001,ESP,Espagne,20-64,Total,PS,0,25329690.0
2001,FIN,Finlande,65+,Total,PS,0,777198.0
2001,LUX,Luxembourg,65+,Total,PS,0,60938.0
2001,DEU,Allemagne,20-64,Total,PS,0,51175852.0
2001,LVA,Lettonie,20-64,Total,PS,0,1409122.0
2001,LTU,Lituanie,20-64,Total,PS,0,2051557.0
2001,HRV,Croatie,20-64,Total,PS,0,2600316.0
2001,FRA,France,65+,Total,PS,0,9710649.0
2001,EST,Estonie,20-64,Total,PS,0,837730.0
2001,PRT,Portugal,65+,Total,PS,0,1688130.0
2001,HUN,Hongrie,20-64,Total,PS,0,6294929.0
2001,SVK,République slovaque,65+,Total,PS,0,615524.0
2001,NOR,Norvège,65+,Total,PS,0,678826.0
2001,AUT,Autriche,20-64,Total,PS,0,4938856.0
2001,ISL,Islande,20-64,Total,PS,0,163527.0
2001,POL,Pologne,65+,Total,PS,0,4725775.0
2001,NLD,Pays-Bas,20-64,Total,PS,0,9904521.0
2001,IRL,Irlande,65+,Total,PS,0,428531.0
2001,NOR,Norvège,20-64,Total,PS,0,2656219.0
2001,SWE,Suède,20-64,Total,PS,0,5212527.0
2001,FIN,Finlande,20-64,Total,PS,0,3135806.0
2001,DEU,Allemagne,65+,Total,PS,0,13694014.0
2012,DEU,Allemagne,65+,Total,PS,0,16603432.0
2012,FIN,Finlande,20-64,Total,PS,0,3204879.0
2012,SWE,Suède,20-64,Total,PS,0,5521541.0
2012,NOR,Norvège,20-64,Total,PS,0,2969291.0
2012,IRL,Irlande,65+,Total,PS,0,545515.0
2012,NLD,Pays-Bas,20-64,Total,PS,0,10119226.0
2012,POL,Pologne,65+,Total,PS,0,5315217.0
2012,AUT,Autriche,20-64,Total,PS,0,5199262.0
2012,NOR,Norvège,65+,Total,PS,0,768014.0
2012,SVK,République slovaque,65+,Total,PS,0,690662.0
2012,HUN,Hongrie,20-64,Total,PS,0,6227293.0
2012,EST,Estonie,20-64,Total,PS,0,816356.0
2012,FRA,France,65+,Total,PS,0,11188037.0
2012,HRV,Croatie,20-64,Total,PS,0,2621492.0
2012,LTU,Lituanie,20-64,Total,PS,0,1814365.0
2012,LVA,Lettonie,20-64,Total,PS,0,1262539.0
2012,DEU,Allemagne,20-64,Total,PS,0,48923516.0
2012,LUX,Luxembourg,65+,Total,PS,0,73261.0
2012,FIN,Finlande,65+,Total,PS,0,979640.0
2012,ESP,Espagne,20-64,Total,PS,0,29413828.0
2012,EST,Estonie,65+,Total,PS,0,234619.0
2012,LUX,Luxembourg,20-64,Total,PS,0,330060.0
2012,IRL,Irlande,20-64,Total,PS,0,2776845.0
2012,LTU,Lituanie,65+,Total,PS,0,543333.0
2012,AUT,Autriche,65+,Total,PS,0,1496357.0
2012,ROU,Roumanie,65+,Total,PS,0,3242349.0
2012,POL,Pologne,20-64,Total,PS,0,24683542.0
2012,SVN,Slovénie,65+,Total,PS,0,345000.0
2012,GRC,Grèce,65+,Total,PS,0,2180461.0
2012,BEL,Belgique,20-64,Total,PS,0,6627966.0
2012,CHE,Suisse,20-64,Total,PS,0,4946967.0
2012,SVN,Slovénie,20-64,Total,PS,0,1316218.0
2012,FRA,France,20-64,Total,PS,0,38033044.0
2012,LVA,Lettonie,65+,Total,PS,0,379546.0
2012,NLD,Pays-Bas,65+,Total,PS,0,2716368.0
2012,DNK,Danemark,20-64,Total,PS,0,3266849.0
2012,DNK,Danemark,65+,Total,PS,0,968084.0
2012,CHE,Suisse,65+,Total,PS,0,1365152.0
2012,HRV,Croatie,65+,Total,PS,0,765355.0
2012,SWE,Suède,65+,Total,PS,0,1784668.0
2012,BEL,Belgique,65+,Total,PS,0,1924739.0
2012,ROU,Roumanie,20-64,Total,PS,0,12567280.0
2012,SVK,République slovaque,20-64,Total,PS,0,3549193.0
2012,ISL,Islande,65+,Total,PS,0,40322.0
2012,HUN,Hongrie,65+,Total,PS,0,1675914.0
2012,GRC,Grèce,20-64,Total,PS,0,6722313.0
2012,ESP,Espagne,65+,Total,PS,0,8128041.0
2003,NOR,Norvège,65+,Total,PT_POP,0,14.8
2003,CHE,Suisse,65+,Total,PT_POP,0,15.62
2003,BEL,Belgique,65+,Total,PT_POP,0,17.02
2003,PRT,Portugal,65+,Total,PT_POP,0,16.75
2003,SVK,République slovaque,65+,Total,PT_POP,0,11.47
2003,SVN,Slovénie,65+,Total,PT_POP,0,14.77
2003,ROU,Roumanie,65+,Total,PT_POP,0,14.12
2003,POL,Pologne,65+,Total,PT_POP,0,12.79
2003,HRV,Croatie,65+,Total,PT_POP,0,16.83
2003,LUX,Luxembourg,65+,Total,PT_POP,0,14.03
2003,NLD,Pays-Bas,65+,Total,PT_POP,0,13.71
2003,LVA,Lettonie,65+,Total,PT_POP,0,15.84
2003,FRA,France,65+,Total,PT_POP,0,16.13
2003,DNK,Danemark,65+,Total,PT_POP,0,14.83
2003,DEU,Allemagne,65+,Total,PT_POP,0,17.49
2003,AUT,Autriche,65+,Total,PT_POP,0,15.44
2003,EST,Estonie,65+,Total,PT_POP,0,15.84
2003,ESP,Espagne,65+,Total,PT_POP,0,16.96
2003,IRL,Irlande,65+,Total,PT_POP,0,11.11
2003,ISL,Islande,65+,Total,PT_POP,0,11.71
2003,FIN,Finlande,65+,Total,PT_POP,0,15.34
2003,LTU,Lituanie,65+,Total,PT_POP,0,14.93
2003,GRC,Grèce,65+,Total,PT_POP,0,17.77
2003,HUN,Hongrie,65+,Total,PT_POP,0,15.37
2003,SWE,Suède,65+,Total,PT_POP,0,17.16
2003,GBR,Royaume-Uni,65+,Total,PT_POP,0,15.91
2006,GBR,Royaume-Uni,65+,Total,PT_POP,0,15.87
2006,SWE,Suède,65+,Total,PT_POP,0,17.3
2006,HUN,Hongrie,65+,Total,PT_POP,0,15.79
2006,GRC,Grèce,65+,Total,PT_POP,0,18.45
2006,LTU,Lituanie,65+,Total,PT_POP,0,16.29
2006,FIN,Finlande,65+,Total,PT_POP,0,16.01
2006,ISL,Islande,65+,Total,PT_POP,0,11.68
2006,IRL,Irlande,65+,Total,PT_POP,0,10.97
2006,ESP,Espagne,65+,Total,PT_POP,0,16.64
2006,EST,Estonie,65+,Total,PT_POP,0,16.87
2006,AUT,Autriche,65+,Total,PT_POP,0,16.45
2006,DEU,Allemagne,65+,Total,PT_POP,0,19.25
2006,DNK,Danemark,65+,Total,PT_POP,0,15.16
2006,FRA,France,65+,Total,PT_POP,0,16.36
2006,LVA,Lettonie,65+,Total,PT_POP,0,17.0
2006,NLD,Pays-Bas,65+,Total,PT_POP,0,14.27
2006,LUX,Luxembourg,65+,Total,PT_POP,0,14.07
2006,HRV,Croatie,65+,Total,PT_POP,0,17.52
2006,POL,Pologne,65+,Total,PT_POP,0,13.3
2006,ROU,Roumanie,65+,Total,PT_POP,0,14.74
2006,SVN,Slovénie,65+,Total,PT_POP,0,15.62
2006,SVK,République slovaque,65+,Total,PT_POP,0,11.82
2006,PRT,Portugal,65+,Total,PT_POP,0,17.36
2006,BEL,Belgique,65+,Total,PT_POP,0,17.21
2006,CHE,Suisse,65+,Total,PT_POP,0,15.99
2006,NOR,Norvège,65+,Total,PT_POP,0,14.71
2001,NOR,Norvège,65+,Total,PT_POP,0,15.07
2001,CHE,Suisse,65+,Total,PT_POP,0,15.4
2001,BEL,Belgique,65+,Total,PT_POP,0,16.85
2001,PRT,Portugal,65+,Total,PT_POP,0,16.34
2001,SVK,République slovaque,65+,Total,PT_POP,0,11.44
2001,SVN,Slovénie,65+,Total,PT_POP,0,14.14
2001,ITA,Italie,65+,Total,PT_POP,0,18.43
2001,ROU,Roumanie,65+,Total,PT_POP,0,13.45
2001,POL,Pologne,65+,Total,PT_POP,0,12.35
2001,HRV,Croatie,65+,Total,PT_POP,0,16.12
2001,LUX,Luxembourg,65+,Total,PT_POP,0,13.88
2001,NLD,Pays-Bas,65+,Total,PT_POP,0,13.6
2001,LVA,Lettonie,65+,Total,PT_POP,0,15.09
2001,FRA,France,65+,Total,PT_POP,0,15.92
2001,DNK,Danemark,65+,Total,PT_POP,0,14.8
2001,DEU,Allemagne,65+,Total,PT_POP,0,16.65
2001,AUT,Autriche,65+,Total,PT_POP,0,15.43
2001,EST,Estonie,65+,Total,PT_POP,0,15.13
2001,ESP,Espagne,65+,Total,PT_POP,0,16.79
2001,IRL,Irlande,65+,Total,PT_POP,0,11.18
2001,ISL,Islande,65+,Total,PT_POP,0,11.57
2001,FIN,Finlande,65+,Total,PT_POP,0,15.0
2001,LTU,Lituanie,65+,Total,PT_POP,0,13.9
2001,GRC,Grèce,65+,Total,PT_POP,0,17.73
2001,HUN,Hongrie,65+,Total,PT_POP,0,15.15
2001,SWE,Suède,65+,Total,PT_POP,0,17.23
2001,GBR,Royaume-Uni,65+,Total,PT_POP,0,15.86
2012,SWE,Suède,65+,Total,PT_POP,0,18.82
2012,HUN,Hongrie,65+,Total,PT_POP,0,16.87
2012,GRC,Grèce,65+,Total,PT_POP,0,19.67
2012,LTU,Lituanie,65+,Total,PT_POP,0,18.09
2012,FIN,Finlande,65+,Total,PT_POP,0,18.14
2012,IRL,Irlande,65+,Total,PT_POP,0,11.89
2012,ESP,Espagne,65+,Total,PT_POP,0,17.36
2012,EST,Estonie,65+,Total,PT_POP,0,17.7
2012,AUT,Autriche,65+,Total,PT_POP,0,17.8
2012,DEU,Allemagne,65+,Total,PT_POP,0,20.67
2012,DNK,Danemark,65+,Total,PT_POP,0,17.35
2012,FRA,France,65+,Total,PT_POP,0,17.14
2012,LVA,Lettonie,65+,Total,PT_POP,0,18.56
2012,NLD,Pays-Bas,65+,Total,PT_POP,0,16.24
2012,LUX,Luxembourg,65+,Total,PT_POP,0,13.96
2012,HRV,Croatie,65+,Total,PT_POP,0,17.9
2012,POL,Pologne,65+,Total,PT_POP,0,13.96
2012,ROU,Roumanie,65+,Total,PT_POP,0,16.13
2012,ITA,Italie,65+,Total,PT_POP,0,20.83
2012,SVN,Slovénie,65+,Total,PT_POP,0,16.78
2012,SVK,République slovaque,65+,Total,PT_POP,0,12.78
2012,BEL,Belgique,65+,Total,PT_POP,0,17.38
2012,CHE,Suisse,65+,Total,PT_POP,0,17.16
2012,NOR,Norvège,65+,Total,PT_POP,0,15.4
2012,ISL,Islande,65+,Total,PT_POP,0,12.62
2012,PRT,Portugal,65+,Total,PT_POP,0,19.17
2001,BGR,Bulgarie,65+,Total,PT_POP,0,16.33
2003,BGR,Bulgarie,65+,Total,PT_POP,0,17.14
2006,BGR,Bulgarie,65+,Total,PT_POP,0,17.51
2012,BGR,Bulgarie,65+,Total,PT_POP,0,18.85
2003,ITA,Italie,65+,Total,PT_POP,0,18.98
2006,ITA,Italie,65+,Total,PT_POP,0,19.83
2012,ISL,Islande,20-64,Total,PS,0,189783.0
2012,PRT,Portugal,65+,Total,PS,0,2024538.0
2012,PRT,Portugal,20-64,Total,PS,0,6393810.0
2003,ITA,Italie,65+,Total,PS,0,10853900.0
2003,ITA,Italie,20-64,Total,PS,0,35323015.0
2006,ITA,Italie,20-64,Total,PS,0,35631354.0
2006,ITA,Italie,65+,Total,PS,0,11556551.0
2012,ITA,Italie,20-64,Total,PS,0,36255484.0
2012,ITA,Italie,65+,Total,PS,0,12519205.0
2001,GBR,Royaume-Uni,20-64,Total,PS,0,34955450.0
2003,GBR,Royaume-Uni,20-64,Total,PS,0,35347426.0
2006,GBR,Royaume-Uni,20-64,Total,PS,0,36356901.0
2012,GBR,Royaume-Uni,20-64,Total,PS,0,37754447.0
2001,BGR,Bulgarie,65+,Total,PS,0,1331168.0
2003,BGR,Bulgarie,65+,Total,PS,0,1337831.0
2006,BGR,Bulgarie,65+,Total,PS,0,1335819.0
2012,BGR,Bulgarie,65+,Total,PS,0,1381079.0
2001,BGR,Bulgarie,20-64,Total,PS,0,4839595.0
2003,BGR,Bulgarie,20-64,Total,PS,0,4836304.0
2006,BGR,Bulgarie,20-64,Total,PS,0,4830612.0
2012,BGR,Bulgarie,20-64,Total,PS,0,4563281.0
2012,GBR,Royaume-Uni,65+,Total,PS,0,10841100.0
2012,GBR,Royaume-Uni,65+,Total,PT_POP,0,17.02
2019,GRC,Grèce,20-64,Total,PS,0,6278114.0
2019,ISL,Islande,65+,Total,PS,0,50739.0
2019,SVK,République slovaque,20-64,Total,PS,0,3453283.0
2019,ROU,Roumanie,20-64,Total,PS,0,11739424.0
2019,BEL,Belgique,65+,Total,PS,0,2165459.0
2019,SWE,Suède,65+,Total,PS,0,2035711.0
2019,CHE,Suisse,65+,Total,PS,0,1577301.0
2019,DNK,Danemark,65+,Total,PS,0,1136063.0
2019,DNK,Danemark,20-64,Total,PS,0,3368133.0
2019,NLD,Pays-Bas,65+,Total,PS,0,3314004.0
2019,LVA,Lettonie,65+,Total,PS,0,388979.0
2019,SVN,Slovénie,20-64,Total,PS,0,1261293.0
2019,CHE,Suisse,20-64,Total,PS,0,5257768.0
2019,BEL,Belgique,20-64,Total,PS,0,6718992.0
2019,GRC,Grèce,65+,Total,PS,0,2363273.0
2019,ITA,Italie,20-64,Total,PS,0,35377895.0
2019,SVN,Slovénie,65+,Total,PS,0,413054.0
2019,POL,Pologne,20-64,Total,PS,0,23623232.0
2019,ROU,Roumanie,65+,Total,PS,0,3596357.0
2019,AUT,Autriche,65+,Total,PS,0,1668559.0
2019,GBR,Royaume-Uni,65+,Total,PS,0,12375000.0
2019,LUX,Luxembourg,20-64,Total,PS,0,393753.0
2019,EST,Estonie,65+,Total,PS,0,261848.0
2019,FIN,Finlande,65+,Total,PS,0,1204837.0
2019,LUX,Luxembourg,65+,Total,PS,0,88328.0
2019,DEU,Allemagne,20-64,Total,PS,0,49841389.0
2019,LVA,Lettonie,20-64,Total,PS,0,1136982.0
2019,EST,Estonie,20-64,Total,PS,0,784322.0
2019,SVK,République slovaque,65+,Total,PS,0,874319.0
2019,NOR,Norvège,65+,Total,PS,0,918841.0
2019,AUT,Autriche,20-64,Total,PS,0,5472520.0
2019,POL,Pologne,65+,Total,PS,0,6706044.0
2019,NLD,Pays-Bas,20-64,Total,PS,0,10176321.0
2019,NOR,Norvège,20-64,Total,PS,0,3153914.0
2019,SWE,Suède,20-64,Total,PS,0,5815232.0
2019,FIN,Finlande,20-64,Total,PS,0,3134681.0
2019,DEU,Allemagne,65+,Total,PS,0,17883532.0
2020,DEU,Allemagne,65+,Total,PS,0,18090682.0
2020,FIN,Finlande,20-64,Total,PS,0,3126311.0
2020,SWE,Suède,20-64,Total,PS,0,5858492.0
2020,NOR,Norvège,20-64,Total,PS,0,3177015.0
2020,NLD,Pays-Bas,20-64,Total,PS,0,10239773.0
2020,POL,Pologne,65+,Total,PS,0,6916746.0
2020,AUT,Autriche,20-64,Total,PS,0,5486522.0
2020,NOR,Norvège,65+,Total,PS,0,941816.0
2020,SVK,République slovaque,65+,Total,PS,0,905175.0
2020,EST,Estonie,20-64,Total,PS,0,781069.0
2020,LVA,Lettonie,20-64,Total,PS,0,1121552.0
2020,DEU,Allemagne,20-64,Total,PS,0,49745527.0
2020,LUX,Luxembourg,65+,Total,PS,0,90787.0
2020,FIN,Finlande,65+,Total,PS,0,1231274.0
2020,EST,Estonie,65+,Total,PS,0,266288.0
2020,LUX,Luxembourg,20-64,Total,PS,0,401913.0
2020,AUT,Autriche,65+,Total,PS,0,1693627.0
2020,POL,Pologne,20-64,Total,PS,0,23392742.0
2020,SVN,Slovénie,65+,Total,PS,0,424004.0
2020,ITA,Italie,20-64,Total,PS,0,35183788.0
2020,GRC,Grèce,65+,Total,PS,0,2386200.0
2020,BEL,Belgique,20-64,Total,PS,0,6739242.0
2020,CHE,Suisse,20-64,Total,PS,0,5283035.0
2020,SVN,Slovénie,20-64,Total,PS,0,1262326.0
2020,LVA,Lettonie,65+,Total,PS,0,391413.0
2020,NLD,Pays-Bas,65+,Total,PS,0,3392555.0
2020,DNK,Danemark,20-64,Total,PS,0,3370372.0
2020,DNK,Danemark,65+,Total,PS,0,1155991.0
2020,CHE,Suisse,65+,Total,PS,0,1605800.0
2020,ITA,Italie,65+,Total,PS,0,13859090.0
2020,SWE,Suède,65+,Total,PS,0,2065367.0
2020,BEL,Belgique,65+,Total,PS,0,2204642.0
2020,ROU,Roumanie,20-64,Total,PS,0,11610122.0
2020,SVK,République slovaque,20-64,Total,PS,0,3426227.0
2020,ISL,Islande,65+,Total,PS,0,52473.0
2020,GRC,Grèce,20-64,Total,PS,0,6255141.0
2016,LVA,Lettonie,65+,Total,PS,0,386585.0
2016,NLD,Pays-Bas,65+,Total,PS,0,3085308.0
2016,DNK,Danemark,20-64,Total,PS,0,3321591.0
2016,DNK,Danemark,65+,Total,PS,0,1074422.0
2016,CHE,Suisse,65+,Total,PS,0,1495052.0
2016,SWE,Suède,65+,Total,PS,0,1947227.0
2016,BEL,Belgique,65+,Total,PS,0,2062902.0
2016,ROU,Roumanie,20-64,Total,PS,0,12174932.0
2016,SVK,République slovaque,20-64,Total,PS,0,3524304.0
2016,ISL,Islande,65+,Total,PS,0,46073.0
2016,GRC,Grèce,20-64,Total,PS,0,6399387.0
2022,NLD,Pays-Bas,65+,Total,PS,0,3525453.0
2022,DNK,Danemark,20-64,Total,PS,0,3388650.0
2022,DNK,Danemark,65+,Total,PS,0,1195216.0
2022,CHE,Suisse,65+,Total,PS,0,1661319.0
2022,ITA,Italie,65+,Total,PS,0,14051404.0
2022,SWE,Suède,65+,Total,PS,0,2118766.0
2022,BEL,Belgique,65+,Total,PS,0,2269482.0
2022,ROU,Roumanie,20-64,Total,PS,0,11207577.0
2022,SVK,République slovaque,20-64,Total,PS,0,3356233.0
2022,ISL,Islande,65+,Total,PS,0,56367.0
2022,GRC,Grèce,20-64,Total,PS,0,6125717.0
2002,DEU,Allemagne,65+,Total,PS,0,14065722.0
2002,FIN,Finlande,20-64,Total,PS,0,3146723.0
2002,SWE,Suède,20-64,Total,PS,0,5237728.0
2002,NOR,Norvège,20-64,Total,PS,0,2673742.0
2002,IRL,Irlande,65+,Total,PS,0,434454.0
2002,NLD,Pays-Bas,20-64,Total,PS,0,9965935.0
2002,POL,Pologne,65+,Total,PS,0,4810868.0
2002,ISL,Islande,20-64,Total,PS,0,166303.0
2016,POL,Pologne,65+,Total,PT_POP,0,15.96
2016,ROU,Roumanie,65+,Total,PT_POP,0,17.39
2016,SVN,Slovénie,65+,Total,PT_POP,0,18.41
2016,SVK,République slovaque,65+,Total,PT_POP,0,14.45
2016,BEL,Belgique,65+,Total,PT_POP,0,18.24
2016,CHE,Suisse,65+,Total,PT_POP,0,17.95
2016,NOR,Norvège,65+,Total,PT_POP,0,16.4
2022,ITA,Italie,65+,Total,PT_POP,0,23.8
2022,SVN,Slovénie,65+,Total,PT_POP,0,21.11
2022,SVK,République slovaque,65+,Total,PT_POP,0,17.39
2022,BEL,Belgique,65+,Total,PT_POP,0,19.53
2022,CHE,Suisse,65+,Total,PT_POP,0,19.01
2022,NOR,Norvège,65+,Total,PT_POP,0,18.24
2002,SWE,Suède,65+,Total,PT_POP,0,17.2
2002,HUN,Hongrie,65+,Total,PT_POP,0,15.25
2002,GRC,Grèce,65+,Total,PT_POP,0,17.48
2002,LTU,Lituanie,65+,Total,PT_POP,0,14.48
2020,SWE,Suède,65+,Total,PT_POP,0,20.0
2020,GRC,Grèce,65+,Total,PT_POP,0,22.26
2020,FIN,Finlande,65+,Total,PT_POP,0,22.28
2020,EST,Estonie,65+,Total,PT_POP,0,20.04
2020,AUT,Autriche,65+,Total,PT_POP,0,19.03
2020,DEU,Allemagne,65+,Total,PT_POP,0,21.75
2020,DNK,Danemark,65+,Total,PT_POP,0,19.85
2020,LVA,Lettonie,65+,Total,PT_POP,0,20.52
2020,NLD,Pays-Bas,65+,Total,PT_POP,0,19.49
2020,LUX,Luxembourg,65+,Total,PT_POP,0,14.5
2020,POL,Pologne,65+,Total,PT_POP,0,18.22
2020,ITA,Italie,65+,Total,PT_POP,0,23.24
2020,SVN,Slovénie,65+,Total,PT_POP,0,20.23
2020,SVK,République slovaque,65+,Total,PT_POP,0,16.58
2020,BEL,Belgique,65+,Total,PT_POP,0,19.13
2020,CHE,Suisse,65+,Total,PT_POP,0,18.66
2020,NOR,Norvège,65+,Total,PT_POP,0,17.55
2019,NOR,Norvège,65+,Total,PT_POP,0,17.24
2019,CHE,Suisse,65+,Total,PT_POP,0,18.46
2019,BEL,Belgique,65+,Total,PT_POP,0,18.9
2019,SVK,République slovaque,65+,Total,PT_POP,0,16.04
2019,SVN,Slovénie,65+,Total,PT_POP,0,19.85
2019,ROU,Roumanie,65+,Total,PT_POP,0,18.52
2019,POL,Pologne,65+,Total,PT_POP,0,17.66
2019,LUX,Luxembourg,65+,Total,PT_POP,0,14.39
2019,NLD,Pays-Bas,65+,Total,PT_POP,0,19.18
2019,LVA,Lettonie,65+,Total,PT_POP,0,20.26
2019,DNK,Danemark,65+,Total,PT_POP,0,19.57
2019,DEU,Allemagne,65+,Total,PT_POP,0,21.54
2019,AUT,Autriche,65+,Total,PT_POP,0,18.84
2019,EST,Estonie,65+,Total,PT_POP,0,19.76
2019,FIN,Finlande,65+,Total,PT_POP,0,21.83
2019,GRC,Grèce,65+,Total,PT_POP,0,22.04
2019,SWE,Suède,65+,Total,PT_POP,0,19.9
2016,BGR,Bulgarie,65+,Total,PT_POP,0,21.08
2019,BGR,Bulgarie,65+,Total,PT_POP,0,22.45
2020,BGR,Bulgarie,65+,Total,PT_POP,0,22.9
2019,GBR,Royaume-Uni,65+,Total,PT_POP,0,18.57
2019,LTU,Lituanie,65+,Total,PT_POP,0,19.64
2020,LTU,Lituanie,65+,Total,PT_POP,0,19.8
2022,BGR,Bulgarie,65+,Total,PT_POP,0,23.43
2019,HUN,Hongrie,65+,Total,PT_POP,0,19.23
2020,HUN,Hongrie,65+,Total,PT_POP,0,19.77
2016,HRV,Croatie,65+,Total,PT_POP,0,19.41
2019,HRV,Croatie,65+,Total,PT_POP,0,21.07
2020,HRV,Croatie,65+,Total,PT_POP,0,21.65
2022,HRV,Croatie,65+,Total,PT_POP,0,22.49
2020,ISL,Islande,65+,Total,PT_POP,0,14.41
2020,IRL,Irlande,65+,Total,PT_POP,0,14.39
2020,FRA,France,65+,Total,PT_POP,0,20.37
2019,FRA,France,65+,Total,PT_POP,0,20.01
2019,IRL,Irlande,65+,Total,PT_POP,0,14.08
2019,ISL,Islande,65+,Total,PT_POP,0,14.21
2016,PRT,Portugal,65+,Total,PT_POP,0,20.88
2019,PRT,Portugal,65+,Total,PT_POP,0,22.22
2020,PRT,Portugal,65+,Total,PT_POP,0,22.73
2022,PRT,Portugal,65+,Total,PT_POP,0,23.62
2019,ESP,Espagne,65+,Total,PT_POP,0,19.3
2020,ESP,Espagne,65+,Total,PT_POP,0,19.47
2016,ITA,Italie,65+,Total,PT_POP,0,22.14
2019,GBR,Royaume-Uni,20-64,Total,PS,0,38993901.0
2020,GBR,Royaume-Uni,20-64,Total,PS,0,39006796.0
2002,BGR,Bulgarie,65+,Total,PS,0,1337080.0
2019,BGR,Bulgarie,20-64,Total,PS,0,3953374.0
2019,BGR,Bulgarie,65+,Total,PS,0,1496360.0
2020,BGR,Bulgarie,65+,Total,PS,0,1504115.0
2020,BGR,Bulgarie,20-64,Total,PS,0,3869794.0
2016,BGR,Bulgarie,20-64,Total,PS,0,4215804.0
2020,LTU,Lituanie,20-64,Total,PS,0,1705504.0
2020,LTU,Lituanie,65+,Total,PS,0,556508.0
2019,LTU,Lituanie,65+,Total,PS,0,552255.0
2019,LTU,Lituanie,20-64,Total,PS,0,1704940.0
2016,ESP,Espagne,65+,Total,PS,0,8664203.0
2019,ESP,Espagne,65+,Total,PS,0,9056923.0
2019,ESP,Espagne,20-64,Total,PS,0,28657759.0
2020,ESP,Espagne,20-64,Total,PS,0,28891941.0
2020,ESP,Espagne,65+,Total,PS,0,9211438.0
2019,PRT,Portugal,20-64,Total,PS,0,6078324.0
2019,PRT,Portugal,65+,Total,PS,0,2295818.0
2020,PRT,Portugal,65+,Total,PS,0,2358482.0
2020,PRT,Portugal,20-64,Total,PS,0,6081398.0
2016,PRT,Portugal,20-64,Total,PS,0,6176238.0
2016,HUN,Hongrie,65+,Total,PS,0,1779137.0
2020,HUN,Hongrie,20-64,Total,PS,0,5888544.0
2020,HUN,Hongrie,65+,Total,PS,0,1915422.0
2019,HUN,Hongrie,65+,Total,PS,0,1865464.0
2019,HUN,Hongrie,20-64,Total,PS,0,5947007.0
2020,HRV,Croatie,20-64,Total,PS,0,2324955.0
2020,HRV,Croatie,65+,Total,PS,0,851496.0
2016,HRV,Croatie,65+,Total,PS,0,801959.0
2020,ISL,Islande,20-64,Total,PS,0,221199.0
2020,IRL,Irlande,65+,Total,PS,0,721396.0
2020,IRL,Irlande,20-64,Total,PS,0,2948769.0
2020,FRA,France,65+,Total,PS,0,13746836.0
2020,FRA,France,20-64,Total,PS,0,37503707.0
2019,IRL,Irlande,20-64,Total,PS,0,2907630.0
2019,IRL,Irlande,65+,Total,PS,0,695726.0
2019,ISL,Islande,20-64,Total,PS,0,216490.0
2019,HRV,Croatie,65+,Total,PS,0,836011.0
2019,HRV,Croatie,20-64,Total,PS,0,2361588.0
2019,FRA,France,20-64,Total,PS,0,37528669.0
2019,FRA,France,65+,Total,PS,0,13464725.0
2016,ITA,Italie,65+,Total,PS,0,13321182.0
2022,BGR,Bulgarie,20-64,Total,PS,0,3758172.0
2022,HRV,Croatie,65+,Total,PS,0,868546.0
2022,PRT,Portugal,20-64,Total,PS,0,6072755.0
2022,HUN,Hongrie,65+,Total,PS,0,1963837.0
2022,ESP,Espagne,65+,Total,PS,0,9481808.0
2020,GBR,Royaume-Uni,65+,Total,PS,0,12508700.0
2020,ROU,Roumanie,65+,Total,PS,0,3661763.0
2019,ITA,Italie,65+,Total,PS,0,13693215.0
2020,ROU,Roumanie,65+,Total,PT_POP,0,18.94
2019,ITA,Italie,65+,Total,PT_POP,0,22.89
2022,ROU,Roumanie,65+,Total,PT_POP,0,19.46
2022,POL,Pologne,65+,Total,PT_POP,0,19.35
2020,GBR,Royaume-Uni,65+,Total,PT_POP,0,18.74
2002,GBR,Royaume-Uni,65+,Total,PT_POP,0,15.88
2011,ESP,Espagne,65+,Total,PS,0,7982995.0
2011,GRC,Grèce,20-64,Total,PS,0,6777866.0
2011,HUN,Hongrie,65+,Total,PS,0,1671135.0
2011,ISL,Islande,65+,Total,PS,0,39173.0
2011,SVK,République slovaque,20-64,Total,PS,0,3533340.0
2011,ROU,Roumanie,20-64,Total,PS,0,12633653.0
2011,BEL,Belgique,65+,Total,PS,0,1883182.0
2011,SWE,Suède,65+,Total,PS,0,1737246.0
2011,PRT,Portugal,20-64,Total,PS,0,6433982.0
2011,HRV,Croatie,65+,Total,PS,0,760655.0
2011,CHE,Suisse,65+,Total,PS,0,1329694.0
2011,DNK,Danemark,65+,Total,PS,0,933781.0
2011,DNK,Danemark,20-64,Total,PS,0,3275294.0
2011,NLD,Pays-Bas,65+,Total,PS,0,2594946.0
2011,LVA,Lettonie,65+,Total,PS,0,381140.0
2011,FRA,France,20-64,Total,PS,0,38052710.0
2011,SVN,Slovénie,20-64,Total,PS,0,1317866.0
2011,CHE,Suisse,20-64,Total,PS,0,4898005.0
2011,BEL,Belgique,20-64,Total,PS,0,6601141.0
2011,GRC,Grèce,65+,Total,PS,0,2145713.0
2011,SVN,Slovénie,65+,Total,PS,0,338944.0
2011,POL,Pologne,20-64,Total,PS,0,24665390.0
2011,ROU,Roumanie,65+,Total,PS,0,3256361.0
2011,AUT,Autriche,65+,Total,PS,0,1477599.0
2011,LTU,Lituanie,65+,Total,PS,0,545307.0
2011,GBR,Royaume-Uni,65+,Total,PS,0,10458200.0
2011,IRL,Irlande,20-64,Total,PS,0,2789918.0
2011,LUX,Luxembourg,20-64,Total,PS,0,320328.0
2011,EST,Estonie,65+,Total,PS,0,232020.0
2011,ESP,Espagne,20-64,Total,PS,0,29442394.0
2011,FIN,Finlande,65+,Total,PS,0,941041.0
2011,LUX,Luxembourg,65+,Total,PS,0,71084.0
2011,DEU,Allemagne,20-64,Total,PS,0,48693227.0
2011,LVA,Lettonie,20-64,Total,PS,0,1276557.0
2011,LTU,Lituanie,20-64,Total,PS,0,1837241.0
2011,HRV,Croatie,20-64,Total,PS,0,2629953.0
2011,FRA,France,65+,Total,PS,0,10876547.0
2011,EST,Estonie,20-64,Total,PS,0,820370.0
2011,PRT,Portugal,65+,Total,PS,0,1976422.0
2011,HUN,Hongrie,20-64,Total,PS,0,6268376.0
2011,SVK,République slovaque,65+,Total,PS,0,678448.0
2011,NOR,Norvège,65+,Total,PS,0,742243.0
2011,AUT,Autriche,20-64,Total,PS,0,5168131.0
2011,POL,Pologne,65+,Total,PS,0,5181526.0
2011,NLD,Pays-Bas,20-64,Total,PS,0,10147034.0
2011,IRL,Irlande,65+,Total,PS,0,526865.0
2011,NOR,Norvège,20-64,Total,PS,0,2932729.0
2011,SWE,Suède,20-64,Total,PS,0,5494760.0
2011,FIN,Finlande,20-64,Total,PS,0,3214474.0
2011,DEU,Allemagne,65+,Total,PS,0,16576422.0
2017,ISL,Islande,65+,Total,PS,0,47441.0
2017,SVK,République slovaque,20-64,Total,PS,0,3502702.0
2017,ROU,Roumanie,20-64,Total,PS,0,12015386.0
2017,BEL,Belgique,65+,Total,PS,0,2095243.0
2017,SWE,Suède,65+,Total,PS,0,1976857.0
2017,CHE,Suisse,65+,Total,PS,0,1523059.0
2017,DNK,Danemark,65+,Total,PS,0,1095172.0
2017,DNK,Danemark,20-64,Total,PS,0,3342679.0
2017,NLD,Pays-Bas,65+,Total,PS,0,3159660.0
2017,LVA,Lettonie,65+,Total,PS,0,387909.0
2017,FRA,France,20-64,Total,PS,0,37597084.0
2017,SVN,Slovénie,20-64,Total,PS,0,1273277.0
2017,CHE,Suisse,20-64,Total,PS,0,5205025.0
2017,BEL,Belgique,20-64,Total,PS,0,6695676.0
2017,GRC,Grèce,65+,Total,PS,0,2319741.0
2017,SVN,Slovénie,65+,Total,PS,0,390426.0
2017,POL,Pologne,20-64,Total,PS,0,24051782.0
2017,ROU,Roumanie,65+,Total,PS,0,3494137.0
2017,AUT,Autriche,65+,Total,PS,0,1625517.0
2017,GBR,Royaume-Uni,65+,Total,PS,0,11989300.0
2017,LUX,Luxembourg,20-64,Total,PS,0,377365.0
2017,EST,Estonie,65+,Total,PS,0,254474.0
2017,FIN,Finlande,65+,Total,PS,0,1149975.0
2017,DEU,Allemagne,20-64,Total,PS,0,49790511.0
2017,LVA,Lettonie,20-64,Total,PS,0,1172821.0
2017,FRA,France,65+,Total,PS,0,12887787.0
2017,EST,Estonie,20-64,Total,PS,0,788006.0
2017,SVK,République slovaque,65+,Total,PS,0,814659.0
2017,NOR,Norvège,65+,Total,PS,0,874822.0
2017,AUT,Autriche,20-64,Total,PS,0,5429623.0
2017,POL,Pologne,65+,Total,PS,0,6283651.0
2017,NLD,Pays-Bas,20-64,Total,PS,0,10104674.0
2017,NOR,Norvège,20-64,Total,PS,0,3120765.0
2017,SWE,Suède,20-64,Total,PS,0,5727690.0
2017,FIN,Finlande,20-64,Total,PS,0,3160480.0
2017,DEU,Allemagne,65+,Total,PS,0,17509705.0
2023,ESP,Espagne,65+,Total,PS,0,9687776.0
2023,ISL,Islande,65+,Total,PS,0,58292.0
2023,SVK,République slovaque,20-64,Total,PS,0,3321892.0
2023,ROU,Roumanie,20-64,Total,PS,0,11153089.0
2023,BEL,Belgique,65+,Total,PS,0,2310888.0
2023,SWE,Suède,65+,Total,PS,0,2147137.0
2023,ITA,Italie,65+,Total,PS,0,14181297.0
2023,HRV,Croatie,65+,Total,PS,0,875703.0
2023,CHE,Suisse,65+,Total,PS,0,1691623.0
2023,DNK,Danemark,65+,Total,PS,0,1213329.0
2023,DNK,Danemark,20-64,Total,PS,0,3423944.0
2023,NLD,Pays-Bas,65+,Total,PS,0,3601167.0
2023,LVA,Lettonie,65+,Total,PS,0,394918.0
2023,SVN,Slovénie,20-64,Total,PS,0,1246808.0
2023,CHE,Suisse,20-64,Total,PS,0,5368549.0
2023,BEL,Belgique,20-64,Total,PS,0,6819779.0
2023,ITA,Italie,20-64,Total,PS,0,34576697.0
2023,SVN,Slovénie,65+,Total,PS,0,453708.0
2023,POL,Pologne,20-64,Total,PS,0,22026116.0
2023,AUT,Autriche,65+,Total,PS,0,1780703.0
2023,LTU,Lituanie,65+,Total,PS,0,571666.0
2023,IRL,Irlande,20-64,Total,PS,0,3107900.0
2023,LUX,Luxembourg,20-64,Total,PS,0,423502.0
2023,EST,Estonie,65+,Total,PS,0,276453.0
2023,ESP,Espagne,20-64,Total,PS,0,29297564.0
2023,FIN,Finlande,65+,Total,PS,0,1294511.0
2023,LUX,Luxembourg,65+,Total,PS,0,98220.0
2023,LVA,Lettonie,20-64,Total,PS,0,1089950.0
2023,LTU,Lituanie,20-64,Total,PS,0,1724588.0
2023,HRV,Croatie,20-64,Total,PS,0,2236231.0
2023,EST,Estonie,20-64,Total,PS,0,793387.0
2023,HUN,Hongrie,20-64,Total,PS,0,5747257.0
2023,SVK,République slovaque,65+,Total,PS,0,969068.0
2023,NOR,Norvège,65+,Total,PS,0,1011461.0
2023,AUT,Autriche,20-64,Total,PS,0,5562508.0
2023,NLD,Pays-Bas,20-64,Total,PS,0,10459666.0
2023,IRL,Irlande,65+,Total,PS,0,800515.0
2023,NOR,Norvège,20-64,Total,PS,0,3236096.0
2023,SWE,Suède,20-64,Total,PS,0,5942479.0
2023,FIN,Finlande,20-64,Total,PS,0,3121171.0
2022,DEU,Allemagne,65+,Total,PS,0,18436499.0
2022,FIN,Finlande,20-64,Total,PS,0,3114716.0
2022,SWE,Suède,20-64,Total,PS,0,5903486.0
2022,NOR,Norvège,20-64,Total,PS,0,3201062.0
2022,NLD,Pays-Bas,20-64,Total,PS,0,10327402.0
2022,AUT,Autriche,20-64,Total,PS,0,5502445.0
2022,NOR,Norvège,65+,Total,PS,0,989474.0
2022,SVK,République slovaque,65+,Total,PS,0,944958.0
2022,EST,Estonie,20-64,Total,PS,0,775273.0
2022,HRV,Croatie,20-64,Total,PS,0,2252651.0
2022,LTU,Lituanie,20-64,Total,PS,0,1698683.0
2022,LVA,Lettonie,20-64,Total,PS,0,1091295.0
2022,DEU,Allemagne,20-64,Total,PS,0,49366710.0
2022,LUX,Luxembourg,65+,Total,PS,0,95199.0
2022,FIN,Finlande,65+,Total,PS,0,1279036.0
2022,EST,Estonie,65+,Total,PS,0,272146.0
2022,LUX,Luxembourg,20-64,Total,PS,0,414083.0
2022,LTU,Lituanie,65+,Total,PS,0,560628.0
2022,AUT,Autriche,65+,Total,PS,0,1745690.0
2022,SVN,Slovénie,65+,Total,PS,0,444743.0
2022,ITA,Italie,20-64,Total,PS,0,34622817.0
2022,BEL,Belgique,20-64,Total,PS,0,6763570.0
2022,CHE,Suisse,20-64,Total,PS,0,5334574.0
2022,SVN,Slovénie,20-64,Total,PS,0,1248939.0
2022,LVA,Lettonie,65+,Total,PS,0,391623.0
2017,CHE,Suisse,65+,Total,PT_POP,0,18.09
2017,BEL,Belgique,65+,Total,PT_POP,0,18.46
2017,SVK,République slovaque,65+,Total,PT_POP,0,14.99
2017,SVN,Slovénie,65+,Total,PT_POP,0,18.9
2017,ROU,Roumanie,65+,Total,PT_POP,0,17.79
2017,POL,Pologne,65+,Total,PT_POP,0,16.55
2017,NLD,Pays-Bas,65+,Total,PT_POP,0,18.5
2017,LVA,Lettonie,65+,Total,PT_POP,0,19.89
2017,FRA,France,65+,Total,PT_POP,0,19.29
2017,DNK,Danemark,65+,Total,PT_POP,0,19.05
2017,DEU,Allemagne,65+,Total,PT_POP,0,21.22
2017,AUT,Autriche,65+,Total,PT_POP,0,18.53
2017,EST,Estonie,65+,Total,PT_POP,0,19.34
2017,FIN,Finlande,65+,Total,PT_POP,0,20.9
2017,GRC,Grèce,65+,Total,PT_POP,0,21.54
2017,SWE,Suède,65+,Total,PT_POP,0,19.78
2023,NOR,Norvège,65+,Total,PT_POP,0,18.43
2023,CHE,Suisse,65+,Total,PT_POP,0,19.19
2023,BEL,Belgique,65+,Total,PT_POP,0,19.68
2023,SVK,République slovaque,65+,Total,PT_POP,0,17.85
2023,SVN,Slovénie,65+,Total,PT_POP,0,21.43
2023,ITA,Italie,65+,Total,PT_POP,0,24.04
2023,HRV,Croatie,65+,Total,PT_POP,0,22.74
2023,LUX,Luxembourg,65+,Total,PT_POP,0,14.86
2023,NLD,Pays-Bas,65+,Total,PT_POP,0,20.22
2023,LVA,Lettonie,65+,Total,PT_POP,0,20.97
2023,DNK,Danemark,65+,Total,PT_POP,0,20.45
2023,AUT,Autriche,65+,Total,PT_POP,0,19.56
2023,EST,Estonie,65+,Total,PT_POP,0,20.24
2023,ESP,Espagne,65+,Total,PT_POP,0,20.15
2023,IRL,Irlande,65+,Total,PT_POP,0,15.19
2023,FIN,Finlande,65+,Total,PT_POP,0,23.27
2023,LTU,Lituanie,65+,Total,PT_POP,0,20.01
2023,SWE,Suède,65+,Total,PT_POP,0,20.41
2022,SWE,Suède,65+,Total,PT_POP,0,20.27
2022,LTU,Lituanie,65+,Total,PT_POP,0,19.98
2022,FIN,Finlande,65+,Total,PT_POP,0,23.05
2022,EST,Estonie,65+,Total,PT_POP,0,20.43
2022,AUT,Autriche,65+,Total,PT_POP,0,19.44
2022,DEU,Allemagne,65+,Total,PT_POP,0,22.15
2022,DNK,Danemark,65+,Total,PT_POP,0,20.35
2022,LVA,Lettonie,65+,Total,PT_POP,0,20.88
2022,NLD,Pays-Bas,65+,Total,PT_POP,0,20.04
2022,LUX,Luxembourg,65+,Total,PT_POP,0,14.75
2011,NOR,Norvège,65+,Total,PT_POP,0,15.09
2011,CHE,Suisse,65+,Total,PT_POP,0,16.9
2011,BEL,Belgique,65+,Total,PT_POP,0,17.12
2011,PRT,Portugal,65+,Total,PT_POP,0,18.69
2011,SVK,République slovaque,65+,Total,PT_POP,0,12.58
2011,SVN,Slovénie,65+,Total,PT_POP,0,16.53
2011,ROU,Roumanie,65+,Total,PT_POP,0,16.12
2011,POL,Pologne,65+,Total,PT_POP,0,13.61
2011,HRV,Croatie,65+,Total,PT_POP,0,17.73
2011,LUX,Luxembourg,65+,Total,PT_POP,0,13.89
2011,NLD,Pays-Bas,65+,Total,PT_POP,0,15.58
2011,LVA,Lettonie,65+,Total,PT_POP,0,18.37
2011,FRA,France,65+,Total,PT_POP,0,16.74
2011,DNK,Danemark,65+,Total,PT_POP,0,16.79
2011,DEU,Allemagne,65+,Total,PT_POP,0,20.66
2011,AUT,Autriche,65+,Total,PT_POP,0,17.64
2011,EST,Estonie,65+,Total,PT_POP,0,17.45
2011,ESP,Espagne,65+,Total,PT_POP,0,17.11
2011,IRL,Irlande,65+,Total,PT_POP,0,11.53
2011,FIN,Finlande,65+,Total,PT_POP,0,17.51
2011,LTU,Lituanie,65+,Total,PT_POP,0,17.86
2011,GRC,Grèce,65+,Total,PT_POP,0,19.29
2011,HUN,Hongrie,65+,Total,PT_POP,0,16.74
2011,SWE,Suède,65+,Total,PT_POP,0,18.45
2011,GBR,Royaume-Uni,65+,Total,PT_POP,0,16.53
2011,BGR,Bulgarie,65+,Total,PT_POP,0,18.46
2011,ITA,Italie,65+,Total,PT_POP,0,20.44
2011,ISL,Islande,65+,Total,PT_POP,0,12.3
2022,HUN,Hongrie,65+,Total,PT_POP,0,20.43
2022,ISL,Islande,65+,Total,PT_POP,0,14.98
2022,IRL,Irlande,65+,Total,PT_POP,0,15.0
2022,ESP,Espagne,65+,Total,PT_POP,0,19.97
2022,FRA,France,65+,Total,PT_POP,0,20.87
2017,BGR,Bulgarie,65+,Total,PT_POP,0,21.57
2017,LTU,Lituanie,65+,Total,PT_POP,0,19.22
2017,GBR,Royaume-Uni,65+,Total,PT_POP,0,18.17
2017,PRT,Portugal,65+,Total,PT_POP,0,21.33
2017,ITA,Italie,65+,Total,PT_POP,0,22.41
2017,HRV,Croatie,65+,Total,PT_POP,0,19.89
2017,ESP,Espagne,65+,Total,PT_POP,0,18.89
2017,IRL,Irlande,65+,Total,PT_POP,0,13.5
2017,ISL,Islande,65+,Total,PT_POP,0,14.02
2017,HUN,Hongrie,65+,Total,PT_POP,0,18.57
2023,PRT,Portugal,65+,Total,PT_POP,0,23.88
2023,BGR,Bulgarie,65+,Total,PT_POP,0,23.5
2023,ISL,Islande,65+,Total,PT_POP,0,15.03
2023,GRC,Grèce,65+,Total,PT_POP,0,23.02
2023,HUN,Hongrie,65+,Total,PT_POP,0,20.54
2011,GBR,Royaume-Uni,20-64,Total,PS,0,37737763.0
2017,GBR,Royaume-Uni,20-64,Total,PS,0,38701713.0
2017,LTU,Lituanie,65+,Total,PS,0,549392.0
2017,LTU,Lituanie,20-64,Total,PS,0,1738007.0
2017,BGR,Bulgarie,20-64,Total,PS,0,4131281.0
2017,BGR,Bulgarie,65+,Total,PS,0,1477175.0
2011,BGR,Bulgarie,65+,Total,PS,0,1360451.0
2023,GBR,Royaume-Uni,20-64,Total,PS,0,39681360.0
2023,GRC,Grèce,20-64,Total,PS,0,6093696.0
2023,GRC,Grèce,65+,Total,PS,0,2397091.0
2023,BGR,Bulgarie,20-64,Total,PS,0,3717287.0
2023,FRA,France,20-64,Total,PS,0,37881803.0
2023,DEU,Allemagne,20-64,Total,PS,0,49144729.0
2023,BGR,Bulgarie,65+,Total,PS,0,1515383.0
2022,GBR,Royaume-Uni,20-64,Total,PS,0,39356727.0
2022,BGR,Bulgarie,65+,Total,PS,0,1518649.0
2022,FRA,France,65+,Total,PS,0,14210347.0
2022,FRA,France,20-64,Total,PS,0,37822408.0
2017,IRL,Irlande,20-64,Total,PS,0,2831076.0
2017,IRL,Irlande,65+,Total,PS,0,647802.0
2022,IRL,Irlande,65+,Total,PS,0,773228.0
2022,IRL,Irlande,20-64,Total,PS,0,3034615.0
2017,HRV,Croatie,65+,Total,PS,0,811142.0
2017,HRV,Croatie,20-64,Total,PS,0,2457520.0
2011,BGR,Bulgarie,20-64,Total,PS,0,4608146.0
2022,POL,Pologne,20-64,Total,PS,0,22300929.0
2022,HUN,Hongrie,20-64,Total,PS,0,5765842.0
2023,HUN,Hongrie,65+,Total,PS,0,1971532.0
2017,HUN,Hongrie,65+,Total,PS,0,1808510.0
2017,HUN,Hongrie,20-64,Total,PS,0,6032640.0
2017,PRT,Portugal,20-64,Total,PS,0,6133046.0
2017,PRT,Portugal,65+,Total,PS,0,2206452.0
2022,PRT,Portugal,65+,Total,PS,0,2461644.0
2023,PRT,Portugal,20-64,Total,PS,0,6118671.0
2023,PRT,Portugal,65+,Total,PS,0,2510904.0
2023,ISL,Islande,20-64,Total,PS,0,235170.0
2017,ISL,Islande,20-64,Total,PS,0,202149.0
2022,ISL,Islande,20-64,Total,PS,0,227213.0
2011,ISL,Islande,20-64,Total,PS,0,189436.0
2022,ESP,Espagne,20-64,Total,PS,0,28941968.0
2017,ESP,Espagne,20-64,Total,PS,0,28529684.0
2011,ITA,Italie,65+,Total,PS,0,12254516.0
2011,ITA,Italie,20-64,Total,PS,0,36336722.0
2017,ITA,Italie,65+,Total,PS,0,13461945.0
2017,ITA,Italie,20-64,Total,PS,0,35618557.0
2023,POL,Pologne,65+,Total,PS,0,7310886.0
2023,ROU,Roumanie,65+,Total,PS,0,3754335.0
2022,ROU,Roumanie,65+,Total,PS,0,3706321.0
2022,GBR,Royaume-Uni,65+,Total,PS,0,12736451.0
2022,POL,Pologne,65+,Total,PS,0,7139067.0
2022,GRC,Grèce,65+,Total,PS,0,2373153.0
2017,LUX,Luxembourg,65+,Total,PS,0,84131.0
2023,DEU,Allemagne,65+,Total,PS,0,18490204.0
2023,FRA,France,65+,Total,PS,0,14426771.0
2023,ROU,Roumanie,65+,Total,PT_POP,0,19.7
2023,POL,Pologne,65+,Total,PT_POP,0,19.89
2023,FRA,France,65+,Total,PT_POP,0,21.13
2023,DEU,Allemagne,65+,Total,PT_POP,0,22.25
2017,LUX,Luxembourg,65+,Total,PT_POP,0,14.24
2022,GRC,Grèce,65+,Total,PT_POP,0,22.69
2022,GBR,Royaume-Uni,65+,Total,PT_POP,0,18.84
2002,AUT,Autriche,20-64,Total,PS,0,4986599.0
2002,NOR,Norvège,65+,Total,PS,0,675821.0
2002,SVK,République slovaque,65+,Total,PS,0,612685.0
2002,HUN,Hongrie,20-64,Total,PS,0,6307680.0
2002,PRT,Portugal,65+,Total,PS,0,1722417.0
2002,EST,Estonie,20-64,Total,PS,0,834100.0
2002,FRA,France,65+,Total,PS,0,9850966.0
2002,HRV,Croatie,20-64,Total,PS,0,2603835.0
2002,LTU,Lituanie,20-64,Total,PS,0,2030355.0
2002,LVA,Lettonie,20-64,Total,PS,0,1391801.0
2002,DEU,Allemagne,20-64,Total,PS,0,51115116.0
2002,LUX,Luxembourg,65+,Total,PS,0,61922.0
2002,FIN,Finlande,65+,Total,PS,0,787371.0
2002,ESP,Espagne,20-64,Total,PS,0,25640730.0
2002,EST,Estonie,65+,Total,PS,0,213660.0
2002,LUX,Luxembourg,20-64,Total,PS,0,273292.0
2002,IRL,Irlande,20-64,Total,PS,0,2322795.0
2002,LTU,Lituanie,65+,Total,PS,0,500399.0
2002,AUT,Autriche,65+,Total,PS,0,1249218.0
2002,ROU,Roumanie,65+,Total,PS,0,3043261.0
2002,POL,Pologne,20-64,Total,PS,0,23074701.0
2002,SVN,Slovénie,65+,Total,PS,0,288548.0
2002,GRC,Grèce,65+,Total,PS,0,1902824.0
2002,BEL,Belgique,20-64,Total,PS,0,6154390.0
2002,CHE,Suisse,20-64,Total,PS,0,4481755.0
2002,SVN,Slovénie,20-64,Total,PS,0,1266030.0
2002,FRA,France,20-64,Total,PS,0,35879976.0
2002,LVA,Lettonie,65+,Total,PS,0,357934.0
2002,NLD,Pays-Bas,65+,Total,PS,0,2198714.0
2002,DNK,Danemark,20-64,Total,PS,0,3286015.0
2002,DNK,Danemark,65+,Total,PS,0,794584.0
2002,CHE,Suisse,65+,Total,PS,0,1131145.0
2002,HRV,Croatie,65+,Total,PS,0,709597.0
2002,PRT,Portugal,20-64,Total,PS,0,6329457.0
2002,SWE,Suède,65+,Total,PS,0,1532064.0
2002,BEL,Belgique,65+,Total,PS,0,1746392.0
2002,ROU,Roumanie,20-64,Total,PS,0,13299859.0
2002,SVK,République slovaque,20-64,Total,PS,0,3316015.0
2002,ISL,Islande,65+,Total,PS,0,33329.0
2002,HUN,Hongrie,65+,Total,PS,0,1551915.0
2002,GRC,Grèce,20-64,Total,PS,0,6577810.0
2002,ESP,Espagne,65+,Total,PS,0,6980549.0
1991,ESP,Espagne,65+,Total,PS,0,5348081.0
1991,GRC,Grèce,20-64,Total,PS,0,6118792.0
1991,HUN,Hongrie,65+,Total,PS,0,1395682.0
1991,ISL,Islande,65+,Total,PS,0,27387.0
1991,SVK,République slovaque,20-64,Total,PS,0,2988347.0
1991,ROU,Roumanie,20-64,Total,PS,0,13464637.0
1991,BEL,Belgique,65+,Total,PS,0,1500682.0
1991,SWE,Suède,65+,Total,PS,0,1526196.0
1991,PRT,Portugal,20-64,Total,PS,0,5766204.0
1991,ITA,Italie,65+,Total,PS,0,8555996.0
1991,BGR,Bulgarie,20-64,Total,PS,0,5132770.0
1991,CHE,Suisse,65+,Total,PS,0,984934.0
1991,DNK,Danemark,65+,Total,PS,0,802030.0
1991,DNK,Danemark,20-64,Total,PS,0,3102489.0
1991,NLD,Pays-Bas,65+,Total,PS,0,1933642.0
1991,LVA,Lettonie,65+,Total,PS,0,314509.0
1991,FRA,France,20-64,Total,PS,0,33196591.0
1991,SVN,Slovénie,20-64,Total,PS,0,1226226.0
1991,CHE,Suisse,20-64,Total,PS,0,4203348.0
1991,BEL,Belgique,20-64,Total,PS,0,6026301.0
1991,GRC,Grèce,65+,Total,PS,0,1415353.0
1991,ITA,Italie,20-64,Total,PS,0,34622012.0
1991,SVN,Slovénie,65+,Total,PS,0,216343.0
1991,POL,Pologne,20-64,Total,PS,0,21878384.0
1991,ROU,Roumanie,65+,Total,PS,0,2447018.0
1991,AUT,Autriche,65+,Total,PS,0,1153382.0
1991,LTU,Lituanie,65+,Total,PS,0,408369.0
1991,GBR,Royaume-Uni,65+,Total,PS,0,9031204.0
1991,IRL,Irlande,20-64,Total,PS,0,1841257.0
1991,LUX,Luxembourg,20-64,Total,PS,0,243601.0
1991,EST,Estonie,65+,Total,PS,0,183549.0
1991,ESP,Espagne,20-64,Total,PS,0,22614779.0
1991,FIN,Finlande,65+,Total,PS,0,672965.0
1991,LUX,Luxembourg,65+,Total,PS,0,51678.0
1991,DEU,Allemagne,20-64,Total,PS,0,50535996.0
1991,LVA,Lettonie,20-64,Total,PS,0,1589330.0
1991,LTU,Lituanie,20-64,Total,PS,0,2187518.0
1991,FRA,France,65+,Total,PS,0,8038615.0
1991,EST,Estonie,20-64,Total,PS,0,927407.0
1991,PRT,Portugal,65+,Total,PS,0,1356709.0
1991,GBR,Royaume-Uni,20-64,Total,PS,0,33555953.0
1991,HUN,Hongrie,20-64,Total,PS,0,6098929.0
1991,SVK,République slovaque,65+,Total,PS,0,551395.0
1991,NOR,Norvège,65+,Total,PS,0,692959.0
1991,AUT,Autriche,20-64,Total,PS,0,4700847.0
1991,ISL,Islande,20-64,Total,PS,0,143446.0
1991,POL,Pologne,65+,Total,PS,0,3884219.0
1991,BGR,Bulgarie,65+,Total,PS,0,1160967.0
1991,NLD,Pays-Bas,20-64,Total,PS,0,9290639.0
1991,IRL,Irlande,65+,Total,PS,0,402247.0
1991,NOR,Norvège,20-64,Total,PS,0,2439756.0
1991,SWE,Suède,20-64,Total,PS,0,4952936.0
1991,FIN,Finlande,20-64,Total,PS,0,3057927.0
1991,DEU,Allemagne,65+,Total,PS,0,11914328.0
2000,DEU,Allemagne,65+,Total,PS,0,13351252.0
2000,FIN,Finlande,20-64,Total,PS,0,3128927.0
2000,SWE,Suède,20-64,Total,PS,0,5184478.0
2000,NOR,Norvège,20-64,Total,PS,0,2635358.0
2000,IRL,Irlande,65+,Total,PS,0,423994.0
2000,NLD,Pays-Bas,20-64,Total,PS,0,9838500.0
2000,BGR,Bulgarie,65+,Total,PS,0,1324804.0
2000,POL,Pologne,65+,Total,PS,0,4644071.0
2000,ISL,Islande,20-64,Total,PS,0,159925.0
2000,AUT,Autriche,20-64,Total,PS,0,4911163.0
2000,NOR,Norvège,65+,Total,PS,0,683032.0
2000,SVK,République slovaque,65+,Total,PS,0,615187.0
2000,HUN,Hongrie,20-64,Total,PS,0,6279072.0
2000,PRT,Portugal,65+,Total,PS,0,1642876.0
2000,EST,Estonie,20-64,Total,PS,0,840700.0
2000,FRA,France,65+,Total,PS,0,9574811.0
2000,LTU,Lituanie,20-64,Total,PS,0,2059035.0
2000,LVA,Lettonie,20-64,Total,PS,0,1422203.0
2000,DEU,Allemagne,20-64,Total,PS,0,51282104.0
2009,ESP,Espagne,65+,Total,PS,0,7657968.0
2009,GRC,Grèce,20-64,Total,PS,0,6787212.0
2009,HUN,Hongrie,65+,Total,PS,0,1640278.0
2009,ISL,Islande,65+,Total,PS,0,37173.0
2009,SVK,République slovaque,20-64,Total,PS,0,3504280.0
2009,ROU,Roumanie,20-64,Total,PS,0,12766028.0
2009,BEL,Belgique,65+,Total,PS,0,1836778.0
2009,SWE,Suède,65+,Total,PS,0,1645081.0
2009,PRT,Portugal,20-64,Total,PS,0,6454885.0
2009,HRV,Croatie,65+,Total,PS,0,770933.0
2009,CHE,Suisse,65+,Total,PS,0,1276445.0
2009,DNK,Danemark,65+,Total,PS,0,875496.0
2009,DNK,Danemark,20-64,Total,PS,0,3284942.0
2009,NLD,Pays-Bas,65+,Total,PS,0,2471815.0
2009,LVA,Lettonie,65+,Total,PS,0,385471.0
2009,FRA,France,20-64,Total,PS,0,37746481.0
2009,SVN,Slovénie,20-64,Total,PS,0,1305201.0
2009,CHE,Suisse,20-64,Total,PS,0,4790034.0
2009,BEL,Belgique,20-64,Total,PS,0,6447380.0
2009,GRC,Grèce,65+,Total,PS,0,2082833.0
2009,SVN,Slovénie,65+,Total,PS,0,334029.0
2009,POL,Pologne,20-64,Total,PS,0,24539856.0
2009,ROU,Roumanie,65+,Total,PS,0,3299478.0
2009,AUT,Autriche,65+,Total,PS,0,1449077.0
2009,LTU,Lituanie,65+,Total,PS,0,547749.0
2009,IRL,Irlande,20-64,Total,PS,0,2799917.0
2009,LUX,Luxembourg,20-64,Total,PS,0,306877.0
2009,EST,Estonie,65+,Total,PS,0,232810.0
2009,ESP,Espagne,20-64,Total,PS,0,29442631.0
2009,FIN,Finlande,65+,Total,PS,0,892068.0
2009,LUX,Luxembourg,65+,Total,PS,0,68892.0
2009,DEU,Allemagne,20-64,Total,PS,0,49654607.0
2009,LVA,Lettonie,20-64,Total,PS,0,1322747.0
2009,LTU,Lituanie,20-64,Total,PS,0,1916416.0
2009,HRV,Croatie,20-64,Total,PS,0,2626031.0
2009,FRA,France,65+,Total,PS,0,10615078.0
2009,EST,Estonie,20-64,Total,PS,0,816070.0
2009,PRT,Portugal,65+,Total,PS,0,1898303.0
2009,HUN,Hongrie,20-64,Total,PS,0,6286797.0
2009,SVK,République slovaque,65+,Total,PS,0,659030.0
2009,NOR,Norvège,65+,Total,PS,0,704812.0
2009,AUT,Autriche,20-64,Total,PS,0,5122986.0
2009,ISL,Islande,20-64,Total,PS,0,191735.0
2009,POL,Pologne,65+,Total,PS,0,5146287.0
2009,NLD,Pays-Bas,20-64,Total,PS,0,10080387.0
2009,IRL,Irlande,65+,Total,PS,0,494813.0
2009,NOR,Norvège,20-64,Total,PS,0,2863010.0
2009,SWE,Suède,20-64,Total,PS,0,5427456.0
2009,FIN,Finlande,20-64,Total,PS,0,3209907.0
2009,DEU,Allemagne,65+,Total,PS,0,16729013.0
2009,NOR,Norvège,65+,Total,PT_POP,0,14.69
2009,CHE,Suisse,65+,Total,PT_POP,0,16.57
2009,BEL,Belgique,65+,Total,PT_POP,0,17.08
2009,PRT,Portugal,65+,Total,PT_POP,0,17.97
2009,SVK,République slovaque,65+,Total,PT_POP,0,12.24
2009,SVN,Slovénie,65+,Total,PT_POP,0,16.44
2009,ROU,Roumanie,65+,Total,PT_POP,0,16.14
2009,POL,Pologne,65+,Total,PT_POP,0,13.49
2009,HRV,Croatie,65+,Total,PT_POP,0,17.89
2009,LUX,Luxembourg,65+,Total,PT_POP,0,13.96
2009,NLD,Pays-Bas,65+,Total,PT_POP,0,14.99
2009,LVA,Lettonie,65+,Total,PT_POP,0,17.82
2009,FRA,France,65+,Total,PT_POP,0,16.5
2009,DNK,Danemark,65+,Total,PT_POP,0,15.89
2009,DEU,Allemagne,65+,Total,PT_POP,0,20.4
2009,AUT,Autriche,65+,Total,PT_POP,0,17.39
2009,EST,Estonie,65+,Total,PT_POP,0,17.43
2009,ESP,Espagne,65+,Total,PT_POP,0,16.56
2009,IRL,Irlande,65+,Total,PT_POP,0,10.94
2009,ISL,Islande,65+,Total,PT_POP,0,11.64
2009,FIN,Finlande,65+,Total,PT_POP,0,16.75
2009,LTU,Lituanie,65+,Total,PT_POP,0,17.2
2009,GRC,Grèce,65+,Total,PT_POP,0,18.77
2009,HUN,Hongrie,65+,Total,PT_POP,0,16.35
2009,SWE,Suède,65+,Total,PT_POP,0,17.77
2002,FIN,Finlande,65+,Total,PT_POP,0,15.16
2002,ISL,Islande,65+,Total,PT_POP,0,11.63
2002,IRL,Irlande,65+,Total,PT_POP,0,11.14
2002,ESP,Espagne,65+,Total,PT_POP,0,17.01
2002,EST,Estonie,65+,Total,PT_POP,0,15.44
2002,AUT,Autriche,65+,Total,PT_POP,0,15.49
2002,DEU,Allemagne,65+,Total,PT_POP,0,17.06
2002,DNK,Danemark,65+,Total,PT_POP,0,14.8
2002,FRA,France,65+,Total,PT_POP,0,16.04
2002,LVA,Lettonie,65+,Total,PT_POP,0,15.42
2002,NLD,Pays-Bas,65+,Total,PT_POP,0,13.65
2002,LUX,Luxembourg,65+,Total,PT_POP,0,13.94
2002,HRV,Croatie,65+,Total,PT_POP,0,16.48
2002,POL,Pologne,65+,Total,PT_POP,0,12.58
2002,ROU,Roumanie,65+,Total,PT_POP,0,13.94
2002,ITA,Italie,65+,Total,PT_POP,0,18.71
2002,SVN,Slovénie,65+,Total,PT_POP,0,14.47
2002,SVK,République slovaque,65+,Total,PT_POP,0,11.39
2002,PRT,Portugal,65+,Total,PT_POP,0,16.57
2002,BEL,Belgique,65+,Total,PT_POP,0,16.94
2002,CHE,Suisse,65+,Total,PT_POP,0,15.59
2002,NOR,Norvège,65+,Total,PT_POP,0,14.94
1991,NOR,Norvège,65+,Total,PT_POP,0,16.31
1991,CHE,Suisse,65+,Total,PT_POP,0,14.58
1991,BEL,Belgique,65+,Total,PT_POP,0,15.03
1991,PRT,Portugal,65+,Total,PT_POP,0,13.61
1991,SVK,République slovaque,65+,Total,PT_POP,0,10.38
1991,SVN,Slovénie,65+,Total,PT_POP,0,10.82
1991,BGR,Bulgarie,65+,Total,PT_POP,0,13.39
1991,ITA,Italie,65+,Total,PT_POP,0,15.08
1991,ROU,Roumanie,65+,Total,PT_POP,0,10.55
1991,POL,Pologne,65+,Total,PT_POP,0,10.17
1991,LUX,Luxembourg,65+,Total,PT_POP,0,13.44
1991,NLD,Pays-Bas,65+,Total,PT_POP,0,12.88
1991,LVA,Lettonie,65+,Total,PT_POP,0,11.83
1991,FRA,France,65+,Total,PT_POP,0,14.14
1991,DNK,Danemark,65+,Total,PT_POP,0,15.58
1991,DEU,Allemagne,65+,Total,PT_POP,0,14.94
1991,AUT,Autriche,65+,Total,PT_POP,0,14.96
1991,EST,Estonie,65+,Total,PT_POP,0,11.71
1991,ESP,Espagne,65+,Total,PT_POP,0,13.75
1991,IRL,Irlande,65+,Total,PT_POP,0,11.42
1991,ISL,Islande,65+,Total,PT_POP,0,10.7
1991,FIN,Finlande,65+,Total,PT_POP,0,13.46
1991,LTU,Lituanie,65+,Total,PT_POP,0,11.03
1991,GRC,Grèce,65+,Total,PT_POP,0,13.78
1991,HUN,Hongrie,65+,Total,PT_POP,0,13.45
1991,SWE,Suède,65+,Total,PT_POP,0,17.77
1991,GBR,Royaume-Uni,65+,Total,PT_POP,0,15.75
2000,GBR,Royaume-Uni,65+,Total,PT_POP,0,15.81
2000,SWE,Suède,65+,Total,PT_POP,0,17.29
2000,HUN,Hongrie,65+,Total,PT_POP,0,14.98
2000,GRC,Grèce,65+,Total,PT_POP,0,17.34
2000,LTU,Lituanie,65+,Total,PT_POP,0,13.74
2000,FIN,Finlande,65+,Total,PT_POP,0,14.84
2000,ISL,Islande,65+,Total,PT_POP,0,11.58
2000,IRL,Irlande,65+,Total,PT_POP,0,11.22
2000,ESP,Espagne,65+,Total,PT_POP,0,16.53
2000,EST,Estonie,65+,Total,PT_POP,0,14.86
2000,AUT,Autriche,65+,Total,PT_POP,0,15.42
2002,BGR,Bulgarie,65+,Total,PT_POP,0,16.99
2009,BGR,Bulgarie,65+,Total,PT_POP,0,17.97
2009,ITA,Italie,65+,Total,PT_POP,0,20.25
2000,GBR,Royaume-Uni,20-64,Total,PS,0,34742026.0
2002,GBR,Royaume-Uni,20-64,Total,PS,0,35154372.0
2009,GBR,Royaume-Uni,20-64,Total,PS,0,37189544.0
2009,BGR,Bulgarie,65+,Total,PS,0,1342055.0
2002,BGR,Bulgarie,20-64,Total,PS,0,4836824.0
2009,BGR,Bulgarie,20-64,Total,PS,0,4795191.0
2002,ITA,Italie,20-64,Total,PS,0,35281768.0
2002,ITA,Italie,65+,Total,PS,0,10662921.0
2009,ITA,Italie,65+,Total,PS,0,12032267.0
2009,ITA,Italie,20-64,Total,PS,0,36069373.0
2002,GBR,Royaume-Uni,65+,Total,PS,0,9429700.0
2009,GBR,Royaume-Uni,65+,Total,PS,0,10071900.0
2009,GBR,Royaume-Uni,65+,Total,PT_POP,0,16.18
2005,ESP,Espagne,65+,Total,PS,0,7169884.0
2005,GRC,Grèce,20-64,Total,PS,0,6670056.0
2005,HUN,Hongrie,65+,Total,PS,0,1577599.0
2005,ISL,Islande,65+,Total,PS,0,34591.0
2005,SVK,République slovaque,20-64,Total,PS,0,3409579.0
2005,ROU,Roumanie,20-64,Total,PS,0,13003555.0
2005,BEL,Belgique,65+,Total,PS,0,1799500.0
2005,SWE,Suède,65+,Total,PS,0,1554335.0
2005,PRT,Portugal,20-64,Total,PS,0,6422049.0
2005,HRV,Croatie,65+,Total,PS,0,747083.0
2005,CHE,Suisse,65+,Total,PS,0,1174342.0
2005,DNK,Danemark,65+,Total,PS,0,812503.0
2005,DNK,Danemark,20-64,Total,PS,0,3276174.0
2005,NLD,Pays-Bas,65+,Total,PS,0,2288670.0
2005,LVA,Lettonie,65+,Total,PS,0,374339.0
2005,FRA,France,20-64,Total,PS,0,36671657.0
2005,SVN,Slovénie,20-64,Total,PS,0,1278715.0
2005,CHE,Suisse,20-64,Total,PS,0,4601715.0
2005,BEL,Belgique,20-64,Total,PS,0,6232311.0
2005,GRC,Grèce,65+,Total,PS,0,2005620.0
2005,SVN,Slovénie,65+,Total,PS,0,306484.0
2005,POL,Pologne,20-64,Total,PS,0,23797851.0
2005,ROU,Roumanie,65+,Total,PS,0,3026156.0
2005,AUT,Autriche,65+,Total,PS,0,1307945.0
2005,LTU,Lituanie,65+,Total,PS,0,531122.0
2005,GBR,Royaume-Uni,65+,Total,PS,0,9615000.0
2005,IRL,Irlande,20-64,Total,PS,0,2509856.0
2005,LUX,Luxembourg,20-64,Total,PS,0,283980.0
2005,EST,Estonie,65+,Total,PS,0,225140.0
2005,ESP,Espagne,20-64,Total,PS,0,27533534.0
2005,FIN,Finlande,65+,Total,PS,0,830940.0
2005,LUX,Luxembourg,65+,Total,PS,0,64955.0
2005,DEU,Allemagne,20-64,Total,PS,0,50420876.0
2005,LVA,Lettonie,20-64,Total,PS,0,1357351.0
2005,LTU,Lituanie,20-64,Total,PS,0,1991957.0
2005,HRV,Croatie,20-64,Total,PS,0,2614175.0
2005,FRA,France,65+,Total,PS,0,10237827.0
2005,EST,Estonie,20-64,Total,PS,0,822080.0
2005,PRT,Portugal,65+,Total,PS,0,1803439.0
2005,HUN,Hongrie,20-64,Total,PS,0,6305925.0
2005,SVK,République slovaque,65+,Total,PS,0,627562.0
2005,NOR,Norvège,65+,Total,PS,0,677720.0
2005,AUT,Autriche,20-64,Total,PS,0,5083697.0
2005,ISL,Islande,20-64,Total,PS,0,172122.0
2005,POL,Pologne,65+,Total,PS,0,5018273.0
2005,NLD,Pays-Bas,20-64,Total,PS,0,10028899.0
2005,IRL,Irlande,65+,Total,PS,0,456583.0
2005,NOR,Norvège,20-64,Total,PS,0,2730282.0
2005,SWE,Suède,20-64,Total,PS,0,5298779.0
2005,FIN,Finlande,20-64,Total,PS,0,3173006.0
2005,DEU,Allemagne,65+,Total,PS,0,15367451.0
2008,DEU,Allemagne,65+,Total,PS,0,16518744.0
2008,FIN,Finlande,20-64,Total,PS,0,3198743.0
2008,SWE,Suède,20-64,Total,PS,0,5395753.0
2008,NOR,Norvège,20-64,Total,PS,0,2820917.0
2008,IRL,Irlande,65+,Total,PS,0,480388.0
2008,NLD,Pays-Bas,20-64,Total,PS,0,10050123.0
2008,POL,Pologne,65+,Total,PS,0,5131376.0
2008,ISL,Islande,20-64,Total,PS,0,189386.0
2008,AUT,Autriche,20-64,Total,PS,0,5106630.0
2008,NOR,Norvège,65+,Total,PS,0,693308.0
2008,SVK,République slovaque,65+,Total,PS,0,650651.0
2008,HUN,Hongrie,20-64,Total,PS,0,6292855.0
2008,PRT,Portugal,65+,Total,PS,0,1870360.0
2008,EST,Estonie,20-64,Total,PS,0,812380.0
2008,FRA,France,65+,Total,PS,0,10488603.0
2008,HRV,Croatie,20-64,Total,PS,0,2622602.0
2008,LTU,Lituanie,20-64,Total,PS,0,1927129.0
2008,LVA,Lettonie,20-64,Total,PS,0,1336555.0
2008,DEU,Allemagne,20-64,Total,PS,0,49774433.0
2008,LUX,Luxembourg,65+,Total,PS,0,67693.0
2008,FIN,Finlande,65+,Total,PS,0,875231.0
2008,ESP,Espagne,20-64,Total,PS,0,29160647.0
2008,EST,Estonie,65+,Total,PS,0,233660.0
2008,LUX,Luxembourg,20-64,Total,PS,0,299664.0
2008,IRL,Irlande,20-64,Total,PS,0,2775541.0
2008,GBR,Royaume-Uni,65+,Total,PS,0,9893600.0
2008,LTU,Lituanie,65+,Total,PS,0,545937.0
2008,AUT,Autriche,65+,Total,PS,0,1424026.0
2008,ROU,Roumanie,65+,Total,PS,0,3187018.0
2008,POL,Pologne,20-64,Total,PS,0,24375108.0
2008,SVN,Slovénie,65+,Total,PS,0,326950.0
2008,GRC,Grèce,65+,Total,PS,0,2064342.0
2008,BEL,Belgique,20-64,Total,PS,0,6394370.0
2008,CHE,Suisse,20-64,Total,PS,0,4716948.0
2008,SVN,Slovénie,20-64,Total,PS,0,1289096.0
2008,FRA,France,20-64,Total,PS,0,37558401.0
2008,LVA,Lettonie,65+,Total,PS,0,385675.0
2008,NLD,Pays-Bas,65+,Total,PS,0,2414826.0
2008,DNK,Danemark,20-64,Total,PS,0,3278570.0
2008,DNK,Danemark,65+,Total,PS,0,853041.0
2008,CHE,Suisse,65+,Total,PS,0,1245160.0
2008,HRV,Croatie,65+,Total,PS,0,768688.0
2008,PRT,Portugal,20-64,Total,PS,0,6457926.0
2008,SWE,Suède,65+,Total,PS,0,1608413.0
2008,BEL,Belgique,65+,Total,PS,0,1819726.0
2008,ROU,Roumanie,20-64,Total,PS,0,12772671.0
2008,SVK,République slovaque,20-64,Total,PS,0,3482835.0
2008,ISL,Islande,65+,Total,PS,0,36409.0
2008,HUN,Hongrie,65+,Total,PS,0,1623895.0
2008,GRC,Grèce,20-64,Total,PS,0,6757589.0
2008,ESP,Espagne,65+,Total,PS,0,7506294.0
2014,DEU,Allemagne,65+,Total,PS,0,16852810.0
2014,FIN,Finlande,20-64,Total,PS,0,3186156.0
2014,SWE,Suède,20-64,Total,PS,0,5582929.0
2014,IRL,Irlande,65+,Total,PS,0,584240.0
2014,NLD,Pays-Bas,20-64,Total,PS,0,10064225.0
2014,POL,Pologne,65+,Total,PS,0,5660040.0
2014,AUT,Autriche,20-64,Total,PS,0,5262180.0
2014,SVK,République slovaque,65+,Total,PS,0,733136.0
2014,EST,Estonie,20-64,Total,PS,0,804697.0
2014,FRA,France,65+,Total,PS,0,11885399.0
2014,LVA,Lettonie,20-64,Total,PS,0,1233634.0
2014,DEU,Allemagne,20-64,Total,PS,0,49231724.0
2014,LUX,Luxembourg,65+,Total,PS,0,77374.0
2014,FIN,Finlande,65+,Total,PS,0,1056547.0
2014,EST,Estonie,65+,Total,PS,0,241783.0
2014,LUX,Luxembourg,20-64,Total,PS,0,347301.0
2014,IRL,Irlande,20-64,Total,PS,0,2767487.0
2014,GBR,Royaume-Uni,65+,Total,PS,0,11406800.0
2014,AUT,Autriche,65+,Total,PS,0,1556658.0
2014,ROU,Roumanie,65+,Total,PS,0,3296649.0
2014,POL,Pologne,20-64,Total,PS,0,24528856.0
2014,SVN,Slovénie,65+,Total,PS,0,360106.0
2014,GRC,Grèce,65+,Total,PS,0,2238527.0
2014,BEL,Belgique,20-64,Total,PS,0,6656724.0
2014,CHE,Suisse,20-64,Total,PS,0,5053373.0
2014,SVN,Slovénie,20-64,Total,PS,0,1303112.0
2014,FRA,France,20-64,Total,PS,0,37977243.0
2014,LVA,Lettonie,65+,Total,PS,0,381615.0
2014,NLD,Pays-Bas,65+,Total,PS,0,2919024.0
2014,DNK,Danemark,20-64,Total,PS,0,3275085.0
2014,DNK,Danemark,65+,Total,PS,0,1026734.0
2014,CHE,Suisse,65+,Total,PS,0,1432747.0
2014,SWE,Suède,65+,Total,PS,0,1872207.0
2014,BEL,Belgique,65+,Total,PS,0,1994175.0
2014,ROU,Roumanie,20-64,Total,PS,0,12468627.0
2014,SVK,République slovaque,20-64,Total,PS,0,3550980.0
2014,ISL,Islande,65+,Total,PS,0,43042.0
2014,GRC,Grèce,20-64,Total,PS,0,6544156.0
2000,LUX,Luxembourg,65+,Total,PS,0,61904.0
2000,FIN,Finlande,65+,Total,PS,0,767168.0
2000,ESP,Espagne,20-64,Total,PS,0,25097513.0
2000,EST,Estonie,65+,Total,PS,0,208210.0
2000,LUX,Luxembourg,20-64,Total,PS,0,265799.0
2000,IRL,Irlande,20-64,Total,PS,0,2193267.0
2000,GBR,Royaume-Uni,65+,Total,PS,0,9307800.0
2000,LTU,Lituanie,65+,Total,PS,0,482622.0
2000,AUT,Autriche,65+,Total,PS,0,1233667.0
2000,ROU,Roumanie,65+,Total,PS,0,2961411.0
2000,POL,Pologne,20-64,Total,PS,0,22703602.0
2000,SVN,Slovénie,65+,Total,PS,0,275400.0
2000,ITA,Italie,20-64,Total,PS,0,35399988.0
2000,GRC,Grèce,65+,Total,PS,0,1868700.0
2000,BEL,Belgique,20-64,Total,PS,0,6104028.0
2000,CHE,Suisse,20-64,Total,PS,0,4406320.0
2000,SVN,Slovénie,20-64,Total,PS,0,1251112.0
2000,FRA,France,20-64,Total,PS,0,35330626.0
2000,LVA,Lettonie,65+,Total,PS,0,353316.0
2000,NLD,Pays-Bas,65+,Total,PS,0,2152442.0
2000,DNK,Danemark,20-64,Total,PS,0,3277137.0
2000,DNK,Danemark,65+,Total,PS,0,790402.0
2000,CHE,Suisse,65+,Total,PS,0,1094263.0
2000,BGR,Bulgarie,20-64,Total,PS,0,5001159.0
2000,ITA,Italie,65+,Total,PS,0,10310206.0
2000,PRT,Portugal,20-64,Total,PS,0,6210231.0
2000,SWE,Suède,65+,Total,PS,0,1532555.0
2000,BEL,Belgique,65+,Total,PS,0,1715093.0
2000,ROU,Roumanie,20-64,Total,PS,0,13649235.0
2000,SVK,République slovaque,20-64,Total,PS,0,3266330.0
2000,ISL,Islande,65+,Total,PS,0,32308.0
2000,HUN,Hongrie,65+,Total,PS,0,1531074.0
2000,GRC,Grèce,20-64,Total,PS,0,6600517.0
2000,ESP,Espagne,65+,Total,PS,0,6691691.0
2017,GRC,Grèce,20-64,Total,PS,0,6355756.0
2017,NOR,Norvège,65+,Total,PT_POP,0,16.64
2000,DEU,Allemagne,65+,Total,PT_POP,0,16.25
2000,DNK,Danemark,65+,Total,PT_POP,0,14.83
2000,FRA,France,65+,Total,PT_POP,0,15.81
2000,LVA,Lettonie,65+,Total,PT_POP,0,14.83
2000,NLD,Pays-Bas,65+,Total,PT_POP,0,13.57
2000,LUX,Luxembourg,65+,Total,PT_POP,0,14.28
2000,POL,Pologne,65+,Total,PT_POP,0,12.14
2000,ROU,Roumanie,65+,Total,PT_POP,0,13.19
2000,ITA,Italie,65+,Total,PT_POP,0,18.11
2000,BGR,Bulgarie,65+,Total,PT_POP,0,16.17
2000,SVN,Slovénie,65+,Total,PT_POP,0,13.85
2000,SVK,République slovaque,65+,Total,PT_POP,0,11.4
2000,PRT,Portugal,65+,Total,PT_POP,0,16.03
2000,BEL,Belgique,65+,Total,PT_POP,0,16.75
2000,CHE,Suisse,65+,Total,PT_POP,0,15.27
2000,NOR,Norvège,65+,Total,PT_POP,0,15.25
2014,SWE,Suède,65+,Total,PT_POP,0,19.41
2014,GRC,Grèce,65+,Total,PT_POP,0,20.49
2014,FIN,Finlande,65+,Total,PT_POP,0,19.38
2014,IRL,Irlande,65+,Total,PT_POP,0,12.6
2014,EST,Estonie,65+,Total,PT_POP,0,18.38
2014,AUT,Autriche,65+,Total,PT_POP,0,18.3
2014,DEU,Allemagne,65+,Total,PT_POP,0,20.87
2014,DNK,Danemark,65+,Total,PT_POP,0,18.25
2014,FRA,France,65+,Total,PT_POP,0,17.96
2014,LVA,Lettonie,65+,Total,PT_POP,0,19.07
2014,NLD,Pays-Bas,65+,Total,PT_POP,0,17.34
2014,LUX,Luxembourg,65+,Total,PT_POP,0,14.08
2014,POL,Pologne,65+,Total,PT_POP,0,14.89
2014,ROU,Roumanie,65+,Total,PT_POP,0,16.53
2014,SVN,Slovénie,65+,Total,PT_POP,0,17.47
2014,SVK,République slovaque,65+,Total,PT_POP,0,13.54
2014,BEL,Belgique,65+,Total,PT_POP,0,17.84
2014,CHE,Suisse,65+,Total,PT_POP,0,17.6
2008,GBR,Royaume-Uni,65+,Total,PT_POP,0,16.0
2008,SWE,Suède,65+,Total,PT_POP,0,17.52
2008,HUN,Hongrie,65+,Total,PT_POP,0,16.17
2008,GRC,Grèce,65+,Total,PT_POP,0,18.66
2008,LTU,Lituanie,65+,Total,PT_POP,0,16.99
2008,FIN,Finlande,65+,Total,PT_POP,0,16.51
2008,ISL,Islande,65+,Total,PT_POP,0,11.54
2008,IRL,Irlande,65+,Total,PT_POP,0,10.78
2008,ESP,Espagne,65+,Total,PT_POP,0,16.44
2008,EST,Estonie,65+,Total,PT_POP,0,17.46
2008,AUT,Autriche,65+,Total,PT_POP,0,17.14
2008,DEU,Allemagne,65+,Total,PT_POP,0,20.09
2008,DNK,Danemark,65+,Total,PT_POP,0,15.58
2008,FRA,France,65+,Total,PT_POP,0,16.39
2008,LVA,Lettonie,65+,Total,PT_POP,0,17.6
2008,NLD,Pays-Bas,65+,Total,PT_POP,0,14.72
2008,LUX,Luxembourg,65+,Total,PT_POP,0,13.99
2008,HRV,Croatie,65+,Total,PT_POP,0,17.83
2008,POL,Pologne,65+,Total,PT_POP,0,13.46
2008,ROU,Roumanie,65+,Total,PT_POP,0,15.44
2008,SVN,Slovénie,65+,Total,PT_POP,0,16.26
2008,SVK,République slovaque,65+,Total,PT_POP,0,12.1
2008,PRT,Portugal,65+,Total,PT_POP,0,17.72
2008,BEL,Belgique,65+,Total,PT_POP,0,17.06
2008,CHE,Suisse,65+,Total,PT_POP,0,16.4
2008,NOR,Norvège,65+,Total,PT_POP,0,14.64
2005,NOR,Norvège,65+,Total,PT_POP,0,14.71
2005,CHE,Suisse,65+,Total,PT_POP,0,15.84
2005,BEL,Belgique,65+,Total,PT_POP,0,17.23
2005,PRT,Portugal,65+,Total,PT_POP,0,17.18
2005,SVK,République slovaque,65+,Total,PT_POP,0,11.68
2005,SVN,Slovénie,65+,Total,PT_POP,0,15.34
2005,ROU,Roumanie,65+,Total,PT_POP,0,14.15
2005,POL,Pologne,65+,Total,PT_POP,0,13.15
2005,HRV,Croatie,65+,Total,PT_POP,0,17.33
2005,LUX,Luxembourg,65+,Total,PT_POP,0,14.08
2005,NLD,Pays-Bas,65+,Total,PT_POP,0,14.04
2005,LVA,Lettonie,65+,Total,PT_POP,0,16.64
2005,FRA,France,65+,Total,PT_POP,0,16.31
2005,DNK,Danemark,65+,Total,PT_POP,0,15.01
2005,DEU,Allemagne,65+,Total,PT_POP,0,18.63
2005,AUT,Autriche,65+,Total,PT_POP,0,15.95
2005,EST,Estonie,65+,Total,PT_POP,0,16.57
2005,ESP,Espagne,65+,Total,PT_POP,0,16.56
2005,IRL,Irlande,65+,Total,PT_POP,0,11.1
2005,ISL,Islande,65+,Total,PT_POP,0,11.78
2005,FIN,Finlande,65+,Total,PT_POP,0,15.87
2005,LTU,Lituanie,65+,Total,PT_POP,0,15.83
2005,GRC,Grèce,65+,Total,PT_POP,0,18.28
2005,HUN,Hongrie,65+,Total,PT_POP,0,15.62
2005,SWE,Suède,65+,Total,PT_POP,0,17.25
2005,GBR,Royaume-Uni,65+,Total,PT_POP,0,15.92
2005,ITA,Italie,65+,Total,PT_POP,0,19.5
2008,ITA,Italie,65+,Total,PT_POP,0,20.15
2014,ITA,Italie,65+,Total,PT_POP,0,21.51
2005,BGR,Bulgarie,65+,Total,PT_POP,0,17.4
2008,BGR,Bulgarie,65+,Total,PT_POP,0,17.79
2014,GBR,Royaume-Uni,65+,Total,PT_POP,0,17.65
2014,LTU,Lituanie,65+,Total,PT_POP,0,18.39
2014,BGR,Bulgarie,65+,Total,PT_POP,0,19.94
2014,NOR,Norvège,65+,Total,PT_POP,0,15.9
2014,HUN,Hongrie,65+,Total,PT_POP,0,17.5
2014,ISL,Islande,65+,Total,PT_POP,0,13.22
2014,ESP,Espagne,65+,Total,PT_POP,0,18.11
2014,HRV,Croatie,65+,Total,PT_POP,0,18.51
2014,PRT,Portugal,65+,Total,PT_POP,0,19.99
2005,GBR,Royaume-Uni,20-64,Total,PS,0,35991677.0
2008,GBR,Royaume-Uni,20-64,Total,PS,0,36996527.0
2014,GBR,Royaume-Uni,20-64,Total,PS,0,38042410.0
2005,BGR,Bulgarie,65+,Total,PS,0,1337453.0
2008,BGR,Bulgarie,65+,Total,PS,0,1337583.0
2014,BGR,Bulgarie,65+,Total,PS,0,1419438.0
2014,LTU,Lituanie,20-64,Total,PS,0,1799711.0
2014,LTU,Lituanie,65+,Total,PS,0,542084.0
2014,BGR,Bulgarie,20-64,Total,PS,0,4393326.0
2014,NOR,Norvège,20-64,Total,PS,0,3039848.0
2014,NOR,Norvège,65+,Total,PS,0,812558.0
2005,BGR,Bulgarie,20-64,Total,PS,0,4832398.0
2008,BGR,Bulgarie,20-64,Total,PS,0,4815608.0
2017,ESP,Espagne,65+,Total,PS,0,8784299.0
2014,ISL,Islande,20-64,Total,PS,0,193375.0
2014,HRV,Croatie,20-64,Total,PS,0,2573585.0
2014,HRV,Croatie,65+,Total,PS,0,780616.0
2014,HUN,Hongrie,20-64,Total,PS,0,6167455.0
2014,HUN,Hongrie,65+,Total,PS,0,1723326.0
2014,PRT,Portugal,65+,Total,PS,0,2087701.0
2014,PRT,Portugal,20-64,Total,PS,0,6278105.0
2014,ESP,Espagne,20-64,Total,PS,0,28881854.0
2014,ESP,Espagne,65+,Total,PS,0,8422676.0
2014,ITA,Italie,20-64,Total,PS,0,36121205.0
2014,ITA,Italie,65+,Total,PS,0,12979066.0
2008,ITA,Italie,20-64,Total,PS,0,35860788.0
2008,ITA,Italie,65+,Total,PS,0,11890619.0
2005,ITA,Italie,65+,Total,PS,0,11318594.0
2005,ITA,Italie,20-64,Total,PS,0,35670966.0
2021,GRC,Grèce,20-64,Total,PS,0,6211740.0
2021,ISL,Islande,65+,Total,PS,0,54359.0
2021,SVK,République slovaque,20-64,Total,PS,0,3397289.0
2021,ROU,Roumanie,20-64,Total,PS,0,11442778.0
2021,BEL,Belgique,65+,Total,PS,0,2229378.0
2021,SWE,Suède,65+,Total,PS,0,2088086.0
2021,ITA,Italie,65+,Total,PS,0,13941531.0
2021,CHE,Suisse,65+,Total,PS,0,1629670.0
2021,DNK,Danemark,65+,Total,PS,0,1176272.0
2021,DNK,Danemark,20-64,Total,PS,0,3373523.0
2021,NLD,Pays-Bas,65+,Total,PS,0,3457535.0
2021,LVA,Lettonie,65+,Total,PS,0,393698.0
2021,SVN,Slovénie,20-64,Total,PS,0,1261584.0
2021,CHE,Suisse,20-64,Total,PS,0,5314329.0
2021,BEL,Belgique,20-64,Total,PS,0,6749421.0
2021,GRC,Grèce,65+,Total,PS,0,2407856.0
2021,ITA,Italie,20-64,Total,PS,0,34801124.0
2021,SVN,Slovénie,65+,Total,PS,0,435715.0
2021,AUT,Autriche,65+,Total,PS,0,1716287.0
2021,GBR,Royaume-Uni,65+,Total,PS,0,12537000.0
2021,LUX,Luxembourg,20-64,Total,PS,0,407527.0
2021,EST,Estonie,65+,Total,PS,0,270641.0
2021,FIN,Finlande,65+,Total,PS,0,1255938.0
2021,LUX,Luxembourg,65+,Total,PS,0,92737.0
2021,DEU,Allemagne,20-64,Total,PS,0,49548821.0
2021,LVA,Lettonie,20-64,Total,PS,0,1105982.0
2021,EST,Estonie,20-64,Total,PS,0,776647.0
2021,SVK,République slovaque,65+,Total,PS,0,932024.0
2021,NOR,Norvège,65+,Total,PS,0,965742.0
2021,AUT,Autriche,20-64,Total,PS,0,5495640.0
2021,NLD,Pays-Bas,20-64,Total,PS,0,10274414.0
2021,NOR,Norvège,20-64,Total,PS,0,3187837.0
2021,SWE,Suède,20-64,Total,PS,0,5876835.0
2021,FIN,Finlande,20-64,Total,PS,0,3118762.0
2021,DEU,Allemagne,65+,Total,PS,0,18271636.0
2018,DEU,Allemagne,65+,Total,PS,0,17709711.0
2018,FIN,Finlande,20-64,Total,PS,0,3147333.0
2018,SWE,Suède,20-64,Total,PS,0,5774581.0
2018,NOR,Norvège,20-64,Total,PS,0,3138301.0
2018,NLD,Pays-Bas,20-64,Total,PS,0,10131312.0
2018,POL,Pologne,65+,Total,PS,0,6497360.0
2018,AUT,Autriche,20-64,Total,PS,0,5455776.0
2018,NOR,Norvège,65+,Total,PS,0,896425.0
2018,SVK,République slovaque,65+,Total,PS,0,844855.0
2018,EST,Estonie,20-64,Total,PS,0,785352.0
2018,FRA,France,65+,Total,PS,0,13173519.0
2018,LVA,Lettonie,20-64,Total,PS,0,1153398.0
2018,DEU,Allemagne,20-64,Total,PS,0,49830314.0
2018,LUX,Luxembourg,65+,Total,PS,0,86208.0
2018,FIN,Finlande,65+,Total,PS,0,1179318.0
2018,EST,Estonie,65+,Total,PS,0,258382.0
2018,LUX,Luxembourg,20-64,Total,PS,0,385562.0
2018,GBR,Royaume-Uni,65+,Total,PS,0,12165600.0
2018,AUT,Autriche,65+,Total,PS,0,1646992.0
2018,ROU,Roumanie,65+,Total,PS,0,3549232.0
2018,POL,Pologne,20-64,Total,PS,0,23841939.0
2018,SVN,Slovénie,65+,Total,PS,0,401262.0
2018,GRC,Grèce,65+,Total,PS,0,2340162.0
2018,BEL,Belgique,20-64,Total,PS,0,6703839.0
2018,CHE,Suisse,20-64,Total,PS,0,5233271.0
2018,SVN,Slovénie,20-64,Total,PS,0,1261884.0
2018,FRA,France,20-64,Total,PS,0,37531399.0
2018,LVA,Lettonie,65+,Total,PS,0,388856.0
2018,NLD,Pays-Bas,65+,Total,PS,0,3239116.0
2018,DNK,Danemark,20-64,Total,PS,0,3358577.0
2018,DNK,Danemark,65+,Total,PS,0,1116063.0
2018,CHE,Suisse,65+,Total,PS,0,1550365.0
2018,SWE,Suède,65+,Total,PS,0,2006146.0
2018,BEL,Belgique,65+,Total,PS,0,2130655.0
2018,ROU,Roumanie,20-64,Total,PS,0,11872083.0
2018,SVK,République slovaque,20-64,Total,PS,0,3478581.0
2018,ISL,Islande,65+,Total,PS,0,48983.0
2018,GRC,Grèce,20-64,Total,PS,0,6312755.0
2007,ESP,Espagne,65+,Total,PS,0,7407161.0
2007,GRC,Grèce,20-64,Total,PS,0,6732628.0
2007,HUN,Hongrie,65+,Total,PS,0,1605118.0
2007,ISL,Islande,65+,Total,PS,0,35633.0
2007,SVK,République slovaque,20-64,Total,PS,0,3460511.0
2007,ROU,Roumanie,20-64,Total,PS,0,12984498.0
2007,BEL,Belgique,65+,Total,PS,0,1810062.0
2007,SWE,Suède,65+,Total,PS,0,1581437.0
2007,PRT,Portugal,20-64,Total,PS,0,6445889.0
2007,HRV,Croatie,65+,Total,PS,0,762041.0
2007,CHE,Suisse,65+,Total,PS,0,1216662.0
2007,DNK,Danemark,65+,Total,PS,0,834745.0
2007,DNK,Danemark,20-64,Total,PS,0,3275365.0
2007,NLD,Pays-Bas,65+,Total,PS,0,2368352.0
2007,LVA,Lettonie,65+,Total,PS,0,384218.0
2007,FRA,France,20-64,Total,PS,0,37319542.0
2007,SVN,Slovénie,20-64,Total,PS,0,1290098.0
2007,CHE,Suisse,20-64,Total,PS,0,4662238.0
2007,BEL,Belgique,20-64,Total,PS,0,6333343.0
2007,GRC,Grèce,65+,Total,PS,0,2051167.0
2007,SVN,Slovénie,65+,Total,PS,0,319631.0
2007,POL,Pologne,20-64,Total,PS,0,24198489.0
2007,ROU,Roumanie,65+,Total,PS,0,3110437.0
2007,AUT,Autriche,65+,Total,PS,0,1398599.0
2007,LTU,Lituanie,65+,Total,PS,0,541075.0
2007,GBR,Royaume-Uni,65+,Total,PS,0,9743000.0
2007,IRL,Irlande,20-64,Total,PS,0,2700554.0
2007,LUX,Luxembourg,20-64,Total,PS,0,294189.0
2007,EST,Estonie,65+,Total,PS,0,232110.0
2007,ESP,Espagne,20-64,Total,PS,0,28548360.0
2007,FIN,Finlande,65+,Total,PS,0,868717.0
2007,LUX,Luxembourg,65+,Total,PS,0,66829.0
2007,DEU,Allemagne,20-64,Total,PS,0,49811887.0
2007,LVA,Lettonie,20-64,Total,PS,0,1339877.0
2007,LTU,Lituanie,20-64,Total,PS,0,1943270.0
2007,HRV,Croatie,20-64,Total,PS,0,2621838.0
2007,FRA,France,65+,Total,PS,0,10389616.0
2007,EST,Estonie,20-64,Total,PS,0,812540.0
2007,PRT,Portugal,65+,Total,PS,0,1847679.0
2007,HUN,Hongrie,20-64,Total,PS,0,6307749.0
2007,SVK,République slovaque,65+,Total,PS,0,642854.0
2007,NOR,Norvège,65+,Total,PS,0,685597.0
2007,AUT,Autriche,20-64,Total,PS,0,5093505.0
2007,ISL,Islande,20-64,Total,PS,0,183555.0
2007,POL,Pologne,65+,Total,PS,0,5116510.0
2007,NLD,Pays-Bas,20-64,Total,PS,0,10032537.0
2007,IRL,Irlande,65+,Total,PS,0,468858.0
2007,NOR,Norvège,20-64,Total,PS,0,2781336.0
2007,SWE,Suède,20-64,Total,PS,0,5362511.0
2007,FIN,Finlande,20-64,Total,PS,0,3181710.0
2007,DEU,Allemagne,65+,Total,PS,0,16299289.0
2010,DEU,Allemagne,65+,Total,PS,0,16901742.0
2010,FIN,Finlande,20-64,Total,PS,0,3218027.0
2010,SWE,Suède,20-64,Total,PS,0,5461930.0
2010,NOR,Norvège,20-64,Total,PS,0,2895769.0
2010,IRL,Irlande,65+,Total,PS,0,510316.0
2010,NLD,Pays-Bas,20-64,Total,PS,0,10108327.0
2010,POL,Pologne,65+,Total,PS,0,5159877.0
2010,ISL,Islande,20-64,Total,PS,0,189268.0
2010,AUT,Autriche,20-64,Total,PS,0,5132378.0
2010,NOR,Norvège,65+,Total,PS,0,722673.0
2010,SVK,République slovaque,65+,Total,PS,0,670441.0
2010,HUN,Hongrie,20-64,Total,PS,0,6270192.0
2010,PRT,Portugal,65+,Total,PS,0,1930396.0
2010,EST,Estonie,20-64,Total,PS,0,819460.0
2010,FRA,France,65+,Total,PS,0,10739325.0
2010,HRV,Croatie,20-64,Total,PS,0,2628221.0
2010,LTU,Lituanie,20-64,Total,PS,0,1897637.0
2010,LVA,Lettonie,20-64,Total,PS,0,1299808.0
2010,DEU,Allemagne,20-64,Total,PS,0,49560809.0
2010,LUX,Luxembourg,65+,Total,PS,0,70046.0
2010,FIN,Finlande,65+,Total,PS,0,910441.0
2010,ESP,Espagne,20-64,Total,PS,0,29478091.0
2010,EST,Estonie,65+,Total,PS,0,232450.0
2010,LUX,Luxembourg,20-64,Total,PS,0,313105.0
2010,IRL,Irlande,20-64,Total,PS,0,2795899.0
2010,LTU,Lituanie,65+,Total,PS,0,544896.0
2010,AUT,Autriche,65+,Total,PS,0,1473385.0
2010,ROU,Roumanie,65+,Total,PS,0,3274699.0
2010,POL,Pologne,20-64,Total,PS,0,24523822.0
2010,SVN,Slovénie,65+,Total,PS,0,338265.0
2010,GRC,Grèce,65+,Total,PS,0,2110096.0
2010,BEL,Belgique,20-64,Total,PS,0,6496880.0
2010,CHE,Suisse,20-64,Total,PS,0,4840990.0
2010,SVN,Slovénie,20-64,Total,PS,0,1315701.0
2010,FRA,France,20-64,Total,PS,0,37897621.0
2010,LVA,Lettonie,65+,Total,PS,0,384177.0
2010,NLD,Pays-Bas,65+,Total,PS,0,2538328.0
2010,DNK,Danemark,20-64,Total,PS,0,3279633.0
2010,DNK,Danemark,65+,Total,PS,0,902859.0
2010,CHE,Suisse,65+,Total,PS,0,1308691.0
2010,HRV,Croatie,65+,Total,PS,0,767568.0
2010,PRT,Portugal,20-64,Total,PS,0,6450832.0
2010,SWE,Suède,65+,Total,PS,0,1690777.0
2010,BEL,Belgique,65+,Total,PS,0,1860159.0
2010,ROU,Roumanie,20-64,Total,PS,0,12685179.0
2010,SVK,République slovaque,20-64,Total,PS,0,3518289.0
2010,ISL,Islande,65+,Total,PS,0,38069.0
2010,HUN,Hongrie,65+,Total,PS,0,1663483.0
2010,GRC,Grèce,20-64,Total,PS,0,6794898.0
2010,ESP,Espagne,65+,Total,PS,0,7810400.0
2010,SWE,Suède,65+,Total,PT_POP,0,18.1
2010,HUN,Hongrie,65+,Total,PT_POP,0,16.61
2010,GRC,Grèce,65+,Total,PT_POP,0,18.98
2010,LTU,Lituanie,65+,Total,PT_POP,0,17.34
2010,FIN,Finlande,65+,Total,PT_POP,0,17.01
2010,ISL,Islande,65+,Total,PT_POP,0,11.99
2010,IRL,Irlande,65+,Total,PT_POP,0,11.22
2010,ESP,Espagne,65+,Total,PT_POP,0,16.8
2010,EST,Estonie,65+,Total,PT_POP,0,17.43
2010,AUT,Autriche,65+,Total,PT_POP,0,17.64
2010,DEU,Allemagne,65+,Total,PT_POP,0,20.66
2010,DNK,Danemark,65+,Total,PT_POP,0,16.31
2010,FRA,France,65+,Total,PT_POP,0,16.61
2010,LVA,Lettonie,65+,Total,PT_POP,0,18.12
2010,NLD,Pays-Bas,65+,Total,PT_POP,0,15.31
2010,LUX,Luxembourg,65+,Total,PT_POP,0,13.95
2010,HRV,Croatie,65+,Total,PT_POP,0,17.84
2010,POL,Pologne,65+,Total,PT_POP,0,13.57
2010,ROU,Roumanie,65+,Total,PT_POP,0,16.14
2010,SVN,Slovénie,65+,Total,PT_POP,0,16.53
2010,SVK,République slovaque,65+,Total,PT_POP,0,12.44
2010,PRT,Portugal,65+,Total,PT_POP,0,18.26
2010,BEL,Belgique,65+,Total,PT_POP,0,17.16
2010,CHE,Suisse,65+,Total,PT_POP,0,16.81
2010,NOR,Norvège,65+,Total,PT_POP,0,14.88
2007,NOR,Norvège,65+,Total,PT_POP,0,14.65
2007,CHE,Suisse,65+,Total,PT_POP,0,16.2
2007,BEL,Belgique,65+,Total,PT_POP,0,17.1
2007,PRT,Portugal,65+,Total,PT_POP,0,17.54
2007,SVK,République slovaque,65+,Total,PT_POP,0,11.96
2007,SVN,Slovénie,65+,Total,PT_POP,0,15.9
2007,ROU,Roumanie,65+,Total,PT_POP,0,14.72
2007,POL,Pologne,65+,Total,PT_POP,0,13.42
2007,HRV,Croatie,65+,Total,PT_POP,0,17.67
2007,LUX,Luxembourg,65+,Total,PT_POP,0,14.03
2007,NLD,Pays-Bas,65+,Total,PT_POP,0,14.48
2007,LVA,Lettonie,65+,Total,PT_POP,0,17.39
2007,FRA,France,65+,Total,PT_POP,0,16.32
2007,DNK,Danemark,65+,Total,PT_POP,0,15.32
2007,DEU,Allemagne,65+,Total,PT_POP,0,19.8
2007,AUT,Autriche,65+,Total,PT_POP,0,16.89
2007,EST,Estonie,65+,Total,PT_POP,0,17.28
2007,ESP,Espagne,65+,Total,PT_POP,0,16.54
2007,IRL,Irlande,65+,Total,PT_POP,0,10.8
2007,ISL,Islande,65+,Total,PT_POP,0,11.58
2007,FIN,Finlande,65+,Total,PT_POP,0,16.46
2007,LTU,Lituanie,65+,Total,PT_POP,0,16.65
2007,GRC,Grèce,65+,Total,PT_POP,0,18.59
2007,HUN,Hongrie,65+,Total,PT_POP,0,15.95
2007,SWE,Suède,65+,Total,PT_POP,0,17.35
2007,GBR,Royaume-Uni,65+,Total,PT_POP,0,15.89
2018,SWE,Suède,65+,Total,PT_POP,0,19.82
2018,GRC,Grèce,65+,Total,PT_POP,0,21.79
2018,FIN,Finlande,65+,Total,PT_POP,0,21.39
2018,EST,Estonie,65+,Total,PT_POP,0,19.59
2018,AUT,Autriche,65+,Total,PT_POP,0,18.67
2018,DEU,Allemagne,65+,Total,PT_POP,0,21.39
2018,DNK,Danemark,65+,Total,PT_POP,0,19.31
2018,FRA,France,65+,Total,PT_POP,0,19.65
2018,LVA,Lettonie,65+,Total,PT_POP,0,20.1
2018,NLD,Pays-Bas,65+,Total,PT_POP,0,18.85
2018,LUX,Luxembourg,65+,Total,PT_POP,0,14.32
2018,POL,Pologne,65+,Total,PT_POP,0,17.11
2018,ROU,Roumanie,65+,Total,PT_POP,0,18.17
2018,SVN,Slovénie,65+,Total,PT_POP,0,19.41
2018,SVK,République slovaque,65+,Total,PT_POP,0,15.52
2018,BEL,Belgique,65+,Total,PT_POP,0,18.69
2018,CHE,Suisse,65+,Total,PT_POP,0,18.27
2018,NOR,Norvège,65+,Total,PT_POP,0,16.93
2021,NOR,Norvège,65+,Total,PT_POP,0,17.91
2021,CHE,Suisse,65+,Total,PT_POP,0,18.8
2021,BEL,Belgique,65+,Total,PT_POP,0,19.29
2021,SVK,République slovaque,65+,Total,PT_POP,0,17.07
2021,SVN,Slovénie,65+,Total,PT_POP,0,20.66
2021,ITA,Italie,65+,Total,PT_POP,0,23.54
2021,LUX,Luxembourg,65+,Total,PT_POP,0,14.61
2021,NLD,Pays-Bas,65+,Total,PT_POP,0,19.79
2021,LVA,Lettonie,65+,Total,PT_POP,0,20.8
2021,DNK,Danemark,65+,Total,PT_POP,0,20.14
2021,DEU,Allemagne,65+,Total,PT_POP,0,21.97
2021,AUT,Autriche,65+,Total,PT_POP,0,19.21
2021,EST,Estonie,65+,Total,PT_POP,0,20.35
2021,FIN,Finlande,65+,Total,PT_POP,0,22.7
2021,GRC,Grèce,65+,Total,PT_POP,0,22.55
2021,SWE,Suède,65+,Total,PT_POP,0,20.12
2021,ESP,Espagne,65+,Total,PS,0,9311484.0
2021,ESP,Espagne,20-64,Total,PS,0,28957364.0
2021,FRA,France,20-64,Total,PS,0,37629616.0
2021,FRA,France,65+,Total,PS,0,13970121.0
2021,POL,Pologne,20-64,Total,PS,0,22580803.0
2021,ISL,Islande,20-64,Total,PS,0,223141.0
2021,HUN,Hongrie,65+,Total,PS,0,1949984.0
2021,HUN,Hongrie,20-64,Total,PS,0,5819462.0
2021,IRL,Irlande,20-64,Total,PS,0,2984417.0
2021,IRL,Irlande,65+,Total,PS,0,744177.0
2021,PRT,Portugal,20-64,Total,PS,0,6075536.0
2021,PRT,Portugal,65+,Total,PS,0,2412253.0
2021,HRV,Croatie,65+,Total,PS,0,862402.0
2021,HRV,Croatie,20-64,Total,PS,0,2285503.0
2021,LTU,Lituanie,65+,Total,PS,0,559940.0
2021,LTU,Lituanie,20-64,Total,PS,0,1704083.0
2018,IRL,Irlande,65+,Total,PS,0,671190.0
2018,IRL,Irlande,20-64,Total,PS,0,2857346.0
2018,HRV,Croatie,20-64,Total,PS,0,2403433.0
2018,HRV,Croatie,65+,Total,PS,0,822616.0
2018,ISL,Islande,20-64,Total,PS,0,210135.0
2018,PRT,Portugal,65+,Total,PS,0,2252062.0
2018,PRT,Portugal,20-64,Total,PS,0,6101731.0
2018,HUN,Hongrie,20-64,Total,PS,0,5991411.0
2018,HUN,Hongrie,65+,Total,PS,0,1829762.0
2018,ESP,Espagne,20-64,Total,PS,0,28534258.0
2018,ESP,Espagne,65+,Total,PS,0,8918454.0
2010,BGR,Bulgarie,20-64,Total,PS,0,4755545.0
2007,BGR,Bulgarie,20-64,Total,PS,0,4822618.0
2010,ITA,Italie,20-64,Total,PS,0,36180070.0
2010,ITA,Italie,65+,Total,PS,0,12153788.0
2007,ITA,Italie,65+,Total,PS,0,11735548.0
2007,ITA,Italie,20-64,Total,PS,0,35619577.0
2018,ITA,Italie,20-64,Total,PS,0,35490522.0
2018,ITA,Italie,65+,Total,PS,0,13565148.0
2007,GBR,Royaume-Uni,20-64,Total,PS,0,36697607.0
2010,GBR,Royaume-Uni,20-64,Total,PS,0,37441775.0
2018,GBR,Royaume-Uni,20-64,Total,PS,0,38852725.0
2021,GBR,Royaume-Uni,20-64,Total,PS,0,39091752.0
2018,BGR,Bulgarie,65+,Total,PS,0,1485374.0
2018,BGR,Bulgarie,20-64,Total,PS,0,4045286.0
2018,LTU,Lituanie,20-64,Total,PS,0,1712997.0
2018,LTU,Lituanie,65+,Total,PS,0,551322.0
2007,BGR,Bulgarie,65+,Total,PS,0,1334826.0
2010,BGR,Bulgarie,65+,Total,PS,0,1348463.0
2021,BGR,Bulgarie,20-64,Total,PS,0,3827782.0
2021,BGR,Bulgarie,65+,Total,PS,0,1505583.0
2010,ITA,Italie,65+,Total,PT_POP,0,20.36
2010,BGR,Bulgarie,65+,Total,PT_POP,0,18.17
2007,BGR,Bulgarie,65+,Total,PT_POP,0,17.63
2007,ITA,Italie,65+,Total,PT_POP,0,20.06
2018,LTU,Lituanie,65+,Total,PT_POP,0,19.51
2018,BGR,Bulgarie,65+,Total,PT_POP,0,21.98
2018,GBR,Royaume-Uni,65+,Total,PT_POP,0,18.35
2018,HUN,Hongrie,65+,Total,PT_POP,0,18.84
2018,ISL,Islande,65+,Total,PT_POP,0,14.06
2018,IRL,Irlande,65+,Total,PT_POP,0,13.82
2018,ESP,Espagne,65+,Total,PT_POP,0,19.12
2018,HRV,Croatie,65+,Total,PT_POP,0,20.49
2018,ITA,Italie,65+,Total,PT_POP,0,22.63
2018,PRT,Portugal,65+,Total,PT_POP,0,21.79
2021,BGR,Bulgarie,65+,Total,PT_POP,0,23.05
2021,GBR,Royaume-Uni,65+,Total,PT_POP,0,18.72
2021,PRT,Portugal,65+,Total,PT_POP,0,23.21
2021,HRV,Croatie,65+,Total,PT_POP,0,22.15
2021,FRA,France,65+,Total,PT_POP,0,20.63
2021,ESP,Espagne,65+,Total,PT_POP,0,19.64
2021,IRL,Irlande,65+,Total,PT_POP,0,14.69
2021,ISL,Islande,65+,Total,PT_POP,0,14.74
2021,LTU,Lituanie,65+,Total,PT_POP,0,19.92
2021,HUN,Hongrie,65+,Total,PT_POP,0,20.2
2010,GBR,Royaume-Uni,65+,Total,PS,0,10262800.0
2021,POL,Pologne,65+,Total,PS,0,7021789.0
2021,ROU,Roumanie,65+,Total,PS,0,3704996.0
2021,ROU,Roumanie,65+,Total,PT_POP,0,19.3
2021,POL,Pologne,65+,Total,PT_POP,0,18.94
2010,GBR,Royaume-Uni,65+,Total,PT_POP,0,16.35
1993,ESP,Espagne,65+,Total,PS,0,5633029.0
1993,GRC,Grèce,20-64,Total,PS,0,6253372.0
1993,HUN,Hongrie,65+,Total,PS,0,1426853.0
1993,ISL,Islande,65+,Total,PS,0,28514.0
1993,SVK,République slovaque,20-64,Total,PS,0,3009259.0
1993,ROU,Roumanie,20-64,Total,PS,0,13222010.0
1993,BEL,Belgique,65+,Total,PS,0,1550003.0
1993,SWE,Suède,65+,Total,PS,0,1534536.0
1993,PRT,Portugal,20-64,Total,PS,0,5825244.0
1993,ITA,Italie,65+,Total,PS,0,8989271.0
1993,BGR,Bulgarie,20-64,Total,PS,0,5025863.0
1993,CHE,Suisse,65+,Total,PS,0,1007422.0
1993,DNK,Danemark,65+,Total,PS,0,803335.0
1993,DNK,Danemark,20-64,Total,PS,0,3146815.0
1993,NLD,Pays-Bas,65+,Total,PS,0,1985527.0
1993,LVA,Lettonie,65+,Total,PS,0,330207.0
1993,FRA,France,20-64,Total,PS,0,33672576.0
1993,SVN,Slovénie,20-64,Total,PS,0,1227478.0
1993,CHE,Suisse,20-64,Total,PS,0,4294576.0
1993,BEL,Belgique,20-64,Total,PS,0,6070910.0
1993,GRC,Grèce,65+,Total,PS,0,1514057.0
1993,ITA,Italie,20-64,Total,PS,0,35165154.0
1993,SVN,Slovénie,65+,Total,PS,0,227545.0
1993,POL,Pologne,20-64,Total,PS,0,22041622.0
1993,ROU,Roumanie,65+,Total,PS,0,2565223.0
1993,AUT,Autriche,65+,Total,PS,0,1174301.0
1993,LTU,Lituanie,65+,Total,PS,0,427479.0
1993,IRL,Irlande,20-64,Total,PS,0,1910272.0
1993,LUX,Luxembourg,20-64,Total,PS,0,248821.0
1993,EST,Estonie,65+,Total,PS,0,188640.0
1993,ESP,Espagne,20-64,Total,PS,0,23164865.0
1993,FIN,Finlande,65+,Total,PS,0,695251.0
1993,LUX,Luxembourg,65+,Total,PS,0,53833.0
1993,DEU,Allemagne,20-64,Total,PS,0,51395630.0
1993,LVA,Lettonie,20-64,Total,PS,0,1534839.0
1993,LTU,Lituanie,20-64,Total,PS,0,2179561.0
1993,FRA,France,65+,Total,PS,0,8366112.0
1993,EST,Estonie,20-64,Total,PS,0,891192.0
1993,PRT,Portugal,65+,Total,PS,0,1417566.0
1993,GBR,Royaume-Uni,20-64,Total,PS,0,33928200.0
1993,HUN,Hongrie,20-64,Total,PS,0,6100830.0
1993,SVK,République slovaque,65+,Total,PS,0,559904.0
1993,NOR,Norvège,65+,Total,PS,0,696600.0
1993,AUT,Autriche,20-64,Total,PS,0,4831640.0
1993,ISL,Islande,20-64,Total,PS,0,147761.0
1993,POL,Pologne,65+,Total,PS,0,4031714.0
1993,BGR,Bulgarie,65+,Total,PS,0,1208450.0
1993,NLD,Pays-Bas,20-64,Total,PS,0,9507185.0
1993,IRL,Irlande,65+,Total,PS,0,407458.0
1993,NOR,Norvège,20-64,Total,PS,0,2490071.0
1993,SWE,Suède,20-64,Total,PS,0,5015446.0
1993,FIN,Finlande,20-64,Total,PS,0,3074376.0
1993,DEU,Allemagne,65+,Total,PS,0,12176171.0
1992,DEU,Allemagne,65+,Total,PS,0,12032582.0
1992,FIN,Finlande,20-64,Total,PS,0,3068974.0
1992,SWE,Suède,20-64,Total,PS,0,4985047.0
1992,NOR,Norvège,20-64,Total,PS,0,2463433.0
1992,IRL,Irlande,65+,Total,PS,0,405128.0
1992,NLD,Pays-Bas,20-64,Total,PS,0,9407215.0
1992,BGR,Bulgarie,65+,Total,PS,0,1188182.0
1992,POL,Pologne,65+,Total,PS,0,3956967.0
1992,ISL,Islande,20-64,Total,PS,0,146015.0
1992,AUT,Autriche,20-64,Total,PS,0,4770187.0
1992,NOR,Norvège,65+,Total,PS,0,695857.0
1992,SVK,République slovaque,65+,Total,PS,0,551477.0
1992,HUN,Hongrie,20-64,Total,PS,0,6096443.0
1992,GBR,Royaume-Uni,20-64,Total,PS,0,33806100.0
1992,PRT,Portugal,65+,Total,PS,0,1388377.0
1992,EST,Estonie,20-64,Total,PS,0,918941.0
1992,FRA,France,65+,Total,PS,0,8205258.0
1992,LTU,Lituanie,20-64,Total,PS,0,2189450.0
1992,LVA,Lettonie,20-64,Total,PS,0,1575757.0
1992,DEU,Allemagne,20-64,Total,PS,0,50948137.0
1992,LUX,Luxembourg,65+,Total,PS,0,52754.0
1992,FIN,Finlande,65+,Total,PS,0,684750.0
1992,ESP,Espagne,20-64,Total,PS,0,22868310.0
1992,EST,Estonie,65+,Total,PS,0,186374.0
1992,LUX,Luxembourg,20-64,Total,PS,0,246488.0
1992,IRL,Irlande,20-64,Total,PS,0,1875355.0
1992,GBR,Royaume-Uni,65+,Total,PS,0,9102300.0
1992,LTU,Lituanie,65+,Total,PS,0,417556.0
1992,AUT,Autriche,65+,Total,PS,0,1164379.0
1992,ROU,Roumanie,65+,Total,PS,0,2510259.0
1992,POL,Pologne,20-64,Total,PS,0,21942805.0
1992,SVN,Slovénie,65+,Total,PS,0,221569.0
1992,ITA,Italie,20-64,Total,PS,0,35041717.0
1992,GRC,Grèce,65+,Total,PS,0,1471187.0
1992,BEL,Belgique,20-64,Total,PS,0,6044934.0
1992,CHE,Suisse,20-64,Total,PS,0,4258217.0
1992,SVN,Slovénie,20-64,Total,PS,0,1228303.0
1992,FRA,France,20-64,Total,PS,0,33431760.0
1992,LVA,Lettonie,65+,Total,PS,0,325391.0
1992,NLD,Pays-Bas,65+,Total,PS,0,1959696.0
1992,DNK,Danemark,20-64,Total,PS,0,3123376.0
1992,DNK,Danemark,65+,Total,PS,0,803973.0
1992,CHE,Suisse,65+,Total,PS,0,996825.0
1992,BGR,Bulgarie,20-64,Total,PS,0,5087632.0
1992,ITA,Italie,65+,Total,PS,0,8779751.0
1992,PRT,Portugal,20-64,Total,PS,0,5784937.0
1992,SWE,Suède,65+,Total,PS,0,1531747.0
1992,BEL,Belgique,65+,Total,PS,0,1525785.0
1992,ROU,Roumanie,20-64,Total,PS,0,13200938.0
1992,SVK,République slovaque,20-64,Total,PS,0,2988032.0
1992,ISL,Islande,65+,Total,PS,0,27925.0
1992,HUN,Hongrie,65+,Total,PS,0,1414727.0
1992,GRC,Grèce,20-64,Total,PS,0,6191905.0
1992,ESP,Espagne,65+,Total,PS,0,5492773.0
1995,ESP,Espagne,65+,Total,PS,0,5936361.0
1995,GRC,Grèce,20-64,Total,PS,0,6356585.0
1995,HUN,Hongrie,65+,Total,PS,0,1458002.0
1995,ISL,Islande,65+,Total,PS,0,29721.0
1995,SVK,République slovaque,20-64,Total,PS,0,3075252.0
1995,ROU,Roumanie,20-64,Total,PS,0,13321883.0
1995,BEL,Belgique,65+,Total,PS,0,1596545.0
1995,SWE,Suède,65+,Total,PS,0,1540115.0
1995,PRT,Portugal,20-64,Total,PS,0,5929823.0
1995,ITA,Italie,65+,Total,PS,0,9368623.0
1995,BGR,Bulgarie,20-64,Total,PS,0,5016991.0
1995,CHE,Suisse,65+,Total,PS,0,1031661.0
1995,DNK,Danemark,65+,Total,PS,0,798657.0
1995,DNK,Danemark,20-64,Total,PS,0,3187728.0
1995,NLD,Pays-Bas,65+,Total,PS,0,2033576.0
1995,LVA,Lettonie,65+,Total,PS,0,336295.0
1995,FRA,France,20-64,Total,PS,0,33981678.0
1995,SVN,Slovénie,20-64,Total,PS,0,1229883.0
1995,CHE,Suisse,20-64,Total,PS,0,4353920.0
1995,BEL,Belgique,20-64,Total,PS,0,6094302.0
1995,GRC,Grèce,65+,Total,PS,0,1619366.0
1995,ITA,Italie,20-64,Total,PS,0,35412283.0
1995,SVN,Slovénie,65+,Total,PS,0,240145.0
1995,POL,Pologne,20-64,Total,PS,0,22243749.0
1995,ROU,Roumanie,65+,Total,PS,0,2688164.0
1995,AUT,Autriche,65+,Total,PS,0,1196874.0
1995,LTU,Lituanie,65+,Total,PS,0,443473.0
1995,GBR,Royaume-Uni,65+,Total,PS,0,9195900.0
1995,IRL,Irlande,20-64,Total,PS,0,1969586.0
1995,LUX,Luxembourg,20-64,Total,PS,0,252708.0
1995,EST,Estonie,65+,Total,PS,0,192883.0
1995,ESP,Espagne,20-64,Total,PS,0,23736088.0
1995,FIN,Finlande,65+,Total,PS,0,719718.0
1995,LUX,Luxembourg,65+,Total,PS,0,56478.0
1995,DEU,Allemagne,20-64,Total,PS,0,51445175.0
1995,LVA,Lettonie,20-64,Total,PS,0,1478386.0
1995,LTU,Lituanie,20-64,Total,PS,0,2147294.0
1995,FRA,France,65+,Total,PS,0,8686496.0
1995,EST,Estonie,20-64,Total,PS,0,852744.0
1995,PRT,Portugal,65+,Total,PS,0,1478862.0
1995,GBR,Royaume-Uni,20-64,Total,PS,0,34114100.0
1995,HUN,Hongrie,20-64,Total,PS,0,6135811.0
1995,SVK,République slovaque,65+,Total,PS,0,578476.0
1995,NOR,Norvège,65+,Total,PS,0,695134.0
1995,AUT,Autriche,20-64,Total,PS,0,4871503.0
1995,ISL,Islande,20-64,Total,PS,0,150746.0
1995,POL,Pologne,65+,Total,PS,0,4219447.0
1995,BGR,Bulgarie,65+,Total,PS,0,1251682.0
1995,NLD,Pays-Bas,20-64,Total,PS,0,9630391.0
1995,IRL,Irlande,65+,Total,PS,0,410767.0
1995,NOR,Norvège,20-64,Total,PS,0,2537142.0
1995,SWE,Suède,20-64,Total,PS,0,5101372.0
1995,FIN,Finlande,20-64,Total,PS,0,3078890.0
1995,DEU,Allemagne,65+,Total,PS,0,12541773.0
1994,DEU,Allemagne,65+,Total,PS,0,12360270.0
1994,FIN,Finlande,20-64,Total,PS,0,3075460.0
1994,SWE,Suède,20-64,Total,PS,0,5051328.0
1994,NOR,Norvège,20-64,Total,PS,0,2514875.0
1994,IRL,Irlande,65+,Total,PS,0,408548.0
1994,NLD,Pays-Bas,20-64,Total,PS,0,9582405.0
1994,BGR,Bulgarie,65+,Total,PS,0,1233830.0
1994,POL,Pologne,65+,Total,PS,0,4125718.0
1994,ISL,Islande,20-64,Total,PS,0,149652.0
1994,AUT,Autriche,20-64,Total,PS,0,4862793.0
1994,NOR,Norvège,65+,Total,PS,0,695103.0
1994,SVK,République slovaque,65+,Total,PS,0,568781.0
1994,HUN,Hongrie,20-64,Total,PS,0,6102864.0
1994,GBR,Royaume-Uni,20-64,Total,PS,0,34029200.0
1994,PRT,Portugal,65+,Total,PS,0,1446674.0
1994,EST,Estonie,20-64,Total,PS,0,870267.0
1994,FRA,France,65+,Total,PS,0,8523892.0
1994,LTU,Lituanie,20-64,Total,PS,0,2163068.0
1994,LVA,Lettonie,20-64,Total,PS,0,1503544.0
1994,DEU,Allemagne,20-64,Total,PS,0,51469875.0
1994,LUX,Luxembourg,65+,Total,PS,0,55098.0
1994,FIN,Finlande,65+,Total,PS,0,706128.0
1994,ESP,Espagne,20-64,Total,PS,0,23441521.0
1994,EST,Estonie,65+,Total,PS,0,191063.0
1994,LUX,Luxembourg,20-64,Total,PS,0,250867.0
1994,IRL,Irlande,20-64,Total,PS,0,1940515.0
1994,GBR,Royaume-Uni,65+,Total,PS,0,9154200.0
1994,LTU,Lituanie,65+,Total,PS,0,437156.0
1994,AUT,Autriche,65+,Total,PS,0,1185663.0
1994,ROU,Roumanie,65+,Total,PS,0,2630045.0
1994,POL,Pologne,20-64,Total,PS,0,22128546.0
1994,SVN,Slovénie,65+,Total,PS,0,233635.0
1994,ITA,Italie,20-64,Total,PS,0,35290594.0
1994,GRC,Grèce,65+,Total,PS,0,1571147.0
1994,BEL,Belgique,20-64,Total,PS,0,6086333.0
1994,CHE,Suisse,20-64,Total,PS,0,4328033.0
1994,SVN,Slovénie,20-64,Total,PS,0,1226700.0
1994,FRA,France,20-64,Total,PS,0,33861341.0
1994,LVA,Lettonie,65+,Total,PS,0,334942.0
1994,NLD,Pays-Bas,65+,Total,PS,0,2007994.0
1994,DNK,Danemark,20-64,Total,PS,0,3166828.0
1994,DNK,Danemark,65+,Total,PS,0,801086.0
1994,CHE,Suisse,65+,Total,PS,0,1018958.0
1994,BGR,Bulgarie,20-64,Total,PS,0,5012383.0
1994,ITA,Italie,65+,Total,PS,0,9182548.0
1994,PRT,Portugal,20-64,Total,PS,0,5870095.0
1994,SWE,Suède,65+,Total,PS,0,1536117.0
1994,BEL,Belgique,65+,Total,PS,0,1571675.0
1994,ROU,Roumanie,20-64,Total,PS,0,13240725.0
1994,SVK,République slovaque,20-64,Total,PS,0,3038262.0
1994,ISL,Islande,65+,Total,PS,0,29069.0
1994,HUN,Hongrie,65+,Total,PS,0,1442223.0
1994,GRC,Grèce,20-64,Total,PS,0,6305462.0
1994,ESP,Espagne,65+,Total,PS,0,5785401.0
1998,DEU,Allemagne,65+,Total,PS,0,12966415.0
1998,FIN,Finlande,20-64,Total,PS,0,3106579.0
1998,SWE,Suède,20-64,Total,PS,0,5148174.0
1998,NOR,Norvège,20-64,Total,PS,0,2587100.0
1998,IRL,Irlande,65+,Total,PS,0,419229.0
1998,NLD,Pays-Bas,20-64,Total,PS,0,9735303.0
1998,BGR,Bulgarie,65+,Total,PS,0,1294136.0
1998,POL,Pologne,65+,Total,PS,0,4518687.0
1998,ISL,Islande,20-64,Total,PS,0,154485.0
1998,AUT,Autriche,20-64,Total,PS,0,4880028.0
1998,NOR,Norvège,65+,Total,PS,0,691767.0
1998,SVK,République slovaque,65+,Total,PS,0,605344.0
1998,HUN,Hongrie,20-64,Total,PS,0,6237536.0
1998,GBR,Royaume-Uni,20-64,Total,PS,0,34304200.0
1998,PRT,Portugal,65+,Total,PS,0,1580826.0
1998,EST,Estonie,20-64,Total,PS,0,819493.0
1998,FRA,France,65+,Total,PS,0,9164315.0
1998,LTU,Lituanie,20-64,Total,PS,0,2092016.0
1998,LVA,Lettonie,20-64,Total,PS,0,1434737.0
1998,DEU,Allemagne,20-64,Total,PS,0,51429547.0
1998,LUX,Luxembourg,65+,Total,PS,0,60174.0
1998,FIN,Finlande,65+,Total,PS,0,752488.0
1998,ESP,Espagne,20-64,Total,PS,0,24586369.0
1998,EST,Estonie,65+,Total,PS,0,202554.0
1998,LUX,Luxembourg,20-64,Total,PS,0,259655.0
1998,IRL,Irlande,20-64,Total,PS,0,2092087.0
1998,GBR,Royaume-Uni,65+,Total,PS,0,9270000.0
1998,LTU,Lituanie,65+,Total,PS,0,469125.0
1998,AUT,Autriche,65+,Total,PS,0,1224215.0
1998,ROU,Roumanie,65+,Total,PS,0,2865852.0
1998,POL,Pologne,20-64,Total,PS,0,22679296.0
1998,SVN,Slovénie,65+,Total,PS,0,262426.0
1998,ITA,Italie,20-64,Total,PS,0,35484390.0
1998,GRC,Grèce,65+,Total,PS,0,1773721.0
1998,BEL,Belgique,20-64,Total,PS,0,6082967.0
1998,CHE,Suisse,20-64,Total,PS,0,4374989.0
1998,SVN,Slovénie,20-64,Total,PS,0,1236554.0
1998,FRA,France,20-64,Total,PS,0,34107725.0
1998,LVA,Lettonie,65+,Total,PS,0,349533.0
1998,NLD,Pays-Bas,65+,Total,PS,0,2109719.0
1998,DNK,Danemark,20-64,Total,PS,0,3253747.0
1998,DNK,Danemark,65+,Total,PS,0,791468.0
1998,CHE,Suisse,65+,Total,PS,0,1066906.0
1998,BGR,Bulgarie,20-64,Total,PS,0,5012357.0
1998,ITA,Italie,65+,Total,PS,0,9973621.0
1998,PRT,Portugal,20-64,Total,PS,0,6105008.0
1998,SWE,Suède,65+,Total,PS,0,1542374.0
1998,BEL,Belgique,65+,Total,PS,0,1678591.0
1998,ROU,Roumanie,20-64,Total,PS,0,13495703.0
1998,SVK,République slovaque,20-64,Total,PS,0,3185890.0
1998,ISL,Islande,65+,Total,PS,0,31495.0
1998,HUN,Hongrie,65+,Total,PS,0,1506927.0
1998,GRC,Grèce,20-64,Total,PS,0,6505468.0
1998,ESP,Espagne,65+,Total,PS,0,6412569.0
1997,ESP,Espagne,65+,Total,PS,0,6249192.0
1997,GRC,Grèce,20-64,Total,PS,0,6448281.0
1997,HUN,Hongrie,65+,Total,PS,0,1490525.0
1997,ISL,Islande,65+,Total,PS,0,30932.0
1997,SVK,République slovaque,20-64,Total,PS,0,3148461.0
1997,ROU,Roumanie,20-64,Total,PS,0,13444868.0
1997,BEL,Belgique,65+,Total,PS,0,1653086.0
1997,SWE,Suède,65+,Total,PS,0,1543296.0
1997,PRT,Portugal,20-64,Total,PS,0,6049276.0
1997,ITA,Italie,65+,Total,PS,0,9799910.0
1997,BGR,Bulgarie,20-64,Total,PS,0,5020569.0
1997,CHE,Suisse,65+,Total,PS,0,1055107.0
1997,DNK,Danemark,65+,Total,PS,0,792987.0
1997,DNK,Danemark,20-64,Total,PS,0,3239680.0
1997,NLD,Pays-Bas,65+,Total,PS,0,2083839.0
1997,LVA,Lettonie,65+,Total,PS,0,344517.0
1997,FRA,France,20-64,Total,PS,0,34049096.0
1997,SVN,Slovénie,20-64,Total,PS,0,1233127.0
1997,CHE,Suisse,20-64,Total,PS,0,4373115.0
1997,BEL,Belgique,20-64,Total,PS,0,6082534.0
1997,GRC,Grèce,65+,Total,PS,0,1723434.0
1997,ITA,Italie,20-64,Total,PS,0,35476402.0
1997,SVN,Slovénie,65+,Total,PS,0,255408.0
1997,POL,Pologne,20-64,Total,PS,0,22522563.0
1997,ROU,Roumanie,65+,Total,PS,0,2796813.0
1997,AUT,Autriche,65+,Total,PS,0,1216448.0
1997,LTU,Lituanie,65+,Total,PS,0,459754.0
1997,IRL,Irlande,20-64,Total,PS,0,2047136.0
1997,LUX,Luxembourg,20-64,Total,PS,0,257181.0
1997,EST,Estonie,65+,Total,PS,0,198848.0
1997,ESP,Espagne,20-64,Total,PS,0,24317522.0
1997,FIN,Finlande,65+,Total,PS,0,743155.0
1997,LUX,Luxembourg,65+,Total,PS,0,59260.0
1997,DEU,Allemagne,20-64,Total,PS,0,51481375.0
1997,LVA,Lettonie,20-64,Total,PS,0,1447469.0
1997,LTU,Lituanie,20-64,Total,PS,0,2111021.0
1997,FRA,France,65+,Total,PS,0,9011180.0
1997,EST,Estonie,20-64,Total,PS,0,826896.0
1997,PRT,Portugal,65+,Total,PS,0,1544996.0
1997,GBR,Royaume-Uni,20-64,Total,PS,0,34224500.0
1997,HUN,Hongrie,20-64,Total,PS,0,6208857.0
1997,SVK,République slovaque,65+,Total,PS,0,596686.0
1997,NOR,Norvège,65+,Total,PS,0,693565.0
1997,AUT,Autriche,20-64,Total,PS,0,4877700.0
1997,ISL,Islande,20-64,Total,PS,0,152830.0
1997,POL,Pologne,65+,Total,PS,0,4425866.0
1997,BGR,Bulgarie,65+,Total,PS,0,1279157.0
1997,NLD,Pays-Bas,20-64,Total,PS,0,9695904.0
1997,IRL,Irlande,65+,Total,PS,0,415741.0
1997,NOR,Norvège,20-64,Total,PS,0,2570542.0
1997,SWE,Suède,20-64,Total,PS,0,5136305.0
1997,FIN,Finlande,20-64,Total,PS,0,3095254.0
1997,DEU,Allemagne,65+,Total,PS,0,12856779.0
1996,DEU,Allemagne,65+,Total,PS,0,12732450.0
1996,FIN,Finlande,20-64,Total,PS,0,3085521.0
1996,SWE,Suède,20-64,Total,PS,0,5122052.0
1996,NOR,Norvège,20-64,Total,PS,0,2554764.0
1996,IRL,Irlande,65+,Total,PS,0,413328.0
1996,NLD,Pays-Bas,20-64,Total,PS,0,9661407.0
1996,BGR,Bulgarie,65+,Total,PS,0,1272496.0
1996,POL,Pologne,65+,Total,PS,0,4334729.0
1996,ISL,Islande,20-64,Total,PS,0,151400.0
1996,AUT,Autriche,20-64,Total,PS,0,4873219.0
1996,NOR,Norvège,65+,Total,PS,0,694409.0
1996,SVK,République slovaque,65+,Total,PS,0,587445.0
1996,HUN,Hongrie,20-64,Total,PS,0,6172237.0
1996,GBR,Royaume-Uni,20-64,Total,PS,0,34179600.0
1996,PRT,Portugal,65+,Total,PS,0,1513036.0
1996,EST,Estonie,20-64,Total,PS,0,838254.0
1996,FRA,France,65+,Total,PS,0,8858374.0
1996,LTU,Lituanie,20-64,Total,PS,0,2128076.0
1996,LVA,Lettonie,20-64,Total,PS,0,1459941.0
1996,DEU,Allemagne,20-64,Total,PS,0,51456390.0
1996,LUX,Luxembourg,65+,Total,PS,0,57990.0
1996,FIN,Finlande,65+,Total,PS,0,732417.0
1996,ESP,Espagne,20-64,Total,PS,0,24019772.0
1996,EST,Estonie,65+,Total,PS,0,195835.0
1996,LUX,Luxembourg,20-64,Total,PS,0,255115.0
1996,IRL,Irlande,20-64,Total,PS,0,2004207.0
1996,LTU,Lituanie,65+,Total,PS,0,452232.0
1996,AUT,Autriche,65+,Total,PS,0,1208017.0
1996,ROU,Roumanie,65+,Total,PS,0,2754237.0
1996,POL,Pologne,20-64,Total,PS,0,22359779.0
1996,SVN,Slovénie,65+,Total,PS,0,249046.0
1996,ITA,Italie,20-64,Total,PS,0,35446161.0
1996,GRC,Grèce,65+,Total,PS,0,1673770.0
1996,BEL,Belgique,20-64,Total,PS,0,6081924.0
1996,CHE,Suisse,20-64,Total,PS,0,4371196.0
1996,SVN,Slovénie,20-64,Total,PS,0,1228975.0
1996,FRA,France,20-64,Total,PS,0,34019358.0
1996,LVA,Lettonie,65+,Total,PS,0,339922.0
1996,NLD,Pays-Bas,65+,Total,PS,0,2060873.0
1996,DNK,Danemark,20-64,Total,PS,0,3219725.0
1996,DNK,Danemark,65+,Total,PS,0,795518.0
1996,CHE,Suisse,65+,Total,PS,0,1044264.0
1996,BGR,Bulgarie,20-64,Total,PS,0,5011917.0
1996,ITA,Italie,65+,Total,PS,0,9602356.0
1996,PRT,Portugal,20-64,Total,PS,0,5989131.0
1996,SWE,Suède,65+,Total,PS,0,1543332.0
1996,BEL,Belgique,65+,Total,PS,0,1625602.0
1996,ROU,Roumanie,20-64,Total,PS,0,13378557.0
1996,SVK,République slovaque,20-64,Total,PS,0,3110813.0
1996,ISL,Islande,65+,Total,PS,0,30396.0
1996,HUN,Hongrie,65+,Total,PS,0,1478236.0
1996,GRC,Grèce,20-64,Total,PS,0,6404364.0
1996,ESP,Espagne,65+,Total,PS,0,6100511.0
1993,NOR,Norvège,65+,Total,PT_POP,0,16.2
1993,CHE,Suisse,65+,Total,PT_POP,0,14.58
1993,BEL,Belgique,65+,Total,PT_POP,0,15.39
1993,PRT,Portugal,65+,Total,PT_POP,0,14.24
1993,SVK,République slovaque,65+,Total,PT_POP,0,10.54
1993,SVN,Slovénie,65+,Total,PT_POP,0,11.41
1993,BGR,Bulgarie,65+,Total,PT_POP,0,14.24
1993,ITA,Italie,65+,Total,PT_POP,0,15.82
1993,ROU,Roumanie,65+,Total,PT_POP,0,11.26
1993,POL,Pologne,65+,Total,PT_POP,0,10.49
1993,LUX,Luxembourg,65+,Total,PT_POP,0,13.64
1993,NLD,Pays-Bas,65+,Total,PT_POP,0,13.03
1993,LVA,Lettonie,65+,Total,PT_POP,0,12.77
1993,FRA,France,65+,Total,PT_POP,0,14.58
1993,DNK,Danemark,65+,Total,PT_POP,0,15.51
1993,DEU,Allemagne,65+,Total,PT_POP,0,15.04
1993,AUT,Autriche,65+,Total,PT_POP,0,14.9
1993,EST,Estonie,65+,Total,PT_POP,0,12.48
1993,ESP,Espagne,65+,Total,PT_POP,0,14.35
1993,IRL,Irlande,65+,Total,PT_POP,0,11.42
1993,ISL,Islande,65+,Total,PT_POP,0,10.87
1993,FIN,Finlande,65+,Total,PT_POP,0,13.75
1993,LTU,Lituanie,65+,Total,PT_POP,0,11.57
1993,GRC,Grèce,65+,Total,PT_POP,0,14.52
1993,HUN,Hongrie,65+,Total,PT_POP,0,13.77
1993,SWE,Suède,65+,Total,PT_POP,0,17.65
1992,GBR,Royaume-Uni,65+,Total,PT_POP,0,15.81
1992,SWE,Suède,65+,Total,PT_POP,0,17.72
1992,HUN,Hongrie,65+,Total,PT_POP,0,13.64
1992,GRC,Grèce,65+,Total,PT_POP,0,14.19
1992,LTU,Lituanie,65+,Total,PT_POP,0,11.27
1992,FIN,Finlande,65+,Total,PT_POP,0,13.62
1992,ISL,Islande,65+,Total,PT_POP,0,10.75
1992,IRL,Irlande,65+,Total,PT_POP,0,11.42
1992,ESP,Espagne,65+,Total,PT_POP,0,14.07
1992,EST,Estonie,65+,Total,PT_POP,0,11.99
1992,AUT,Autriche,65+,Total,PT_POP,0,14.93
1992,DEU,Allemagne,65+,Total,PT_POP,0,14.99
1992,DNK,Danemark,65+,Total,PT_POP,0,15.57
1992,FRA,France,65+,Total,PT_POP,0,14.37
1992,LVA,Lettonie,65+,Total,PT_POP,0,12.31
1992,NLD,Pays-Bas,65+,Total,PT_POP,0,12.95
1992,LUX,Luxembourg,65+,Total,PT_POP,0,13.54
1992,POL,Pologne,65+,Total,PT_POP,0,10.33
1992,ROU,Roumanie,65+,Total,PT_POP,0,11.01
1992,ITA,Italie,65+,Total,PT_POP,0,15.46
1992,BGR,Bulgarie,65+,Total,PT_POP,0,13.82
1992,SVN,Slovénie,65+,Total,PT_POP,0,11.08
1992,SVK,République slovaque,65+,Total,PT_POP,0,10.41
1992,PRT,Portugal,65+,Total,PT_POP,0,13.95
1992,BEL,Belgique,65+,Total,PT_POP,0,15.22
1992,CHE,Suisse,65+,Total,PT_POP,0,14.57
1992,NOR,Norvège,65+,Total,PT_POP,0,16.28
1995,NOR,Norvège,65+,Total,PT_POP,0,15.99
1995,CHE,Suisse,65+,Total,PT_POP,0,14.7
1995,BEL,Belgique,65+,Total,PT_POP,0,15.76
1995,PRT,Portugal,65+,Total,PT_POP,0,14.78
1995,SVK,République slovaque,65+,Total,PT_POP,0,10.8
1995,SVN,Slovénie,65+,Total,PT_POP,0,12.07
1995,BGR,Bulgarie,65+,Total,PT_POP,0,14.85
1995,ITA,Italie,65+,Total,PT_POP,0,16.48
1995,ROU,Roumanie,65+,Total,PT_POP,0,11.84
1995,POL,Pologne,65+,Total,PT_POP,0,10.94
1995,LUX,Luxembourg,65+,Total,PT_POP,0,13.92
1995,NLD,Pays-Bas,65+,Total,PT_POP,0,13.18
1995,LVA,Lettonie,65+,Total,PT_POP,0,13.45
1995,FRA,France,65+,Total,PT_POP,0,15.04
1995,DNK,Danemark,65+,Total,PT_POP,0,15.31
1995,DEU,Allemagne,65+,Total,PT_POP,0,15.38
1995,AUT,Autriche,65+,Total,PT_POP,0,15.07
1995,EST,Estonie,65+,Total,PT_POP,0,13.32
1995,ESP,Espagne,65+,Total,PT_POP,0,14.98
1995,IRL,Irlande,65+,Total,PT_POP,0,11.42
1995,ISL,Islande,65+,Total,PT_POP,0,11.13
1995,FIN,Finlande,65+,Total,PT_POP,0,14.12
1995,LTU,Lituanie,65+,Total,PT_POP,0,12.17
1995,GRC,Grèce,65+,Total,PT_POP,0,15.37
1995,HUN,Hongrie,65+,Total,PT_POP,0,14.11
1995,SWE,Suède,65+,Total,PT_POP,0,17.47
1995,GBR,Royaume-Uni,65+,Total,PT_POP,0,15.85
1994,GBR,Royaume-Uni,65+,Total,PT_POP,0,15.82
1994,SWE,Suède,65+,Total,PT_POP,0,17.57
1994,HUN,Hongrie,65+,Total,PT_POP,0,13.93
1994,GRC,Grèce,65+,Total,PT_POP,0,14.98
1994,LTU,Lituanie,65+,Total,PT_POP,0,11.91
1994,FIN,Finlande,65+,Total,PT_POP,0,13.91
1994,ISL,Islande,65+,Total,PT_POP,0,10.97
1994,IRL,Irlande,65+,Total,PT_POP,0,11.4
1994,ESP,Espagne,65+,Total,PT_POP,0,14.66
1994,EST,Estonie,65+,Total,PT_POP,0,12.94
1994,AUT,Autriche,65+,Total,PT_POP,0,14.95
1994,DEU,Allemagne,65+,Total,PT_POP,0,15.2
1994,DNK,Danemark,65+,Total,PT_POP,0,15.42
1994,FRA,France,65+,Total,PT_POP,0,14.81
1994,LVA,Lettonie,65+,Total,PT_POP,0,13.18
1994,NLD,Pays-Bas,65+,Total,PT_POP,0,13.09
1994,LUX,Luxembourg,65+,Total,PT_POP,0,13.77
1994,POL,Pologne,65+,Total,PT_POP,0,10.71
1994,ROU,Roumanie,65+,Total,PT_POP,0,11.56
1994,ITA,Italie,65+,Total,PT_POP,0,16.15
1994,BGR,Bulgarie,65+,Total,PT_POP,0,14.58
1994,SVN,Slovénie,65+,Total,PT_POP,0,11.74
1994,SVK,République slovaque,65+,Total,PT_POP,0,10.66
1994,PRT,Portugal,65+,Total,PT_POP,0,14.5
1994,BEL,Belgique,65+,Total,PT_POP,0,15.56
1994,CHE,Suisse,65+,Total,PT_POP,0,14.62
1994,NOR,Norvège,65+,Total,PT_POP,0,16.07
1998,GBR,Royaume-Uni,65+,Total,PT_POP,0,15.85
1998,SWE,Suède,65+,Total,PT_POP,0,17.43
1998,HUN,Hongrie,65+,Total,PT_POP,0,14.66
1998,GRC,Grèce,65+,Total,PT_POP,0,16.59
1998,LTU,Lituanie,65+,Total,PT_POP,0,13.17
1998,FIN,Finlande,65+,Total,PT_POP,0,14.62
1998,ISL,Islande,65+,Total,PT_POP,0,11.56
1998,IRL,Irlande,65+,Total,PT_POP,0,11.35
1998,ESP,Espagne,65+,Total,PT_POP,0,15.97
1998,EST,Estonie,65+,Total,PT_POP,0,14.54
1998,AUT,Autriche,65+,Total,PT_POP,0,15.36
1998,DEU,Allemagne,65+,Total,PT_POP,0,15.8
1998,DNK,Danemark,65+,Total,PT_POP,0,14.95
1998,FRA,France,65+,Total,PT_POP,0,15.72
1998,LVA,Lettonie,65+,Total,PT_POP,0,14.44
1998,NLD,Pays-Bas,65+,Total,PT_POP,0,13.48
1998,LUX,Luxembourg,65+,Total,PT_POP,0,14.26
1998,POL,Pologne,65+,Total,PT_POP,0,11.69
1998,ROU,Roumanie,65+,Total,PT_POP,0,12.72
1998,ITA,Italie,65+,Total,PT_POP,0,17.53
1998,BGR,Bulgarie,65+,Total,PT_POP,0,15.62
1998,SVN,Slovénie,65+,Total,PT_POP,0,13.22
1998,SVK,République slovaque,65+,Total,PT_POP,0,11.24
1998,PRT,Portugal,65+,Total,PT_POP,0,15.6
1998,BEL,Belgique,65+,Total,PT_POP,0,16.47
1998,CHE,Suisse,65+,Total,PT_POP,0,15.03
1998,NOR,Norvège,65+,Total,PT_POP,0,15.66
1997,NOR,Norvège,65+,Total,PT_POP,0,15.79
1997,CHE,Suisse,65+,Total,PT_POP,0,14.9
1997,BEL,Belgique,65+,Total,PT_POP,0,16.25
1997,PRT,Portugal,65+,Total,PT_POP,0,15.32
1997,SVK,République slovaque,65+,Total,PT_POP,0,11.09
1997,SVN,Slovénie,65+,Total,PT_POP,0,12.85
1997,BGR,Bulgarie,65+,Total,PT_POP,0,15.34
1997,ITA,Italie,65+,Total,PT_POP,0,17.23
1997,ROU,Roumanie,65+,Total,PT_POP,0,12.39
1997,POL,Pologne,65+,Total,PT_POP,0,11.45
1997,LUX,Luxembourg,65+,Total,PT_POP,0,14.22
1997,NLD,Pays-Bas,65+,Total,PT_POP,0,13.39
1997,LVA,Lettonie,65+,Total,PT_POP,0,14.09
1997,FRA,France,65+,Total,PT_POP,0,15.51
1997,DNK,Danemark,65+,Total,PT_POP,0,15.03
1997,DEU,Allemagne,65+,Total,PT_POP,0,15.68
1997,AUT,Autriche,65+,Total,PT_POP,0,15.27
1997,EST,Estonie,65+,Total,PT_POP,0,14.14
1997,ESP,Espagne,65+,Total,PT_POP,0,15.63
1997,IRL,Irlande,65+,Total,PT_POP,0,11.37
1997,ISL,Islande,65+,Total,PT_POP,0,11.46
1997,FIN,Finlande,65+,Total,PT_POP,0,14.48
1997,LTU,Lituanie,65+,Total,PT_POP,0,12.81
1997,GRC,Grèce,65+,Total,PT_POP,0,16.21
1997,HUN,Hongrie,65+,Total,PT_POP,0,14.47
1997,SWE,Suède,65+,Total,PT_POP,0,17.45
1996,SWE,Suède,65+,Total,PT_POP,0,17.46
1996,HUN,Hongrie,65+,Total,PT_POP,0,14.32
1996,GRC,Grèce,65+,Total,PT_POP,0,15.81
1996,LTU,Lituanie,65+,Total,PT_POP,0,12.51
1996,FIN,Finlande,65+,Total,PT_POP,0,14.31
1996,ISL,Islande,65+,Total,PT_POP,0,11.34
1996,IRL,Irlande,65+,Total,PT_POP,0,11.42
1996,ESP,Espagne,65+,Total,PT_POP,0,15.32
1996,EST,Estonie,65+,Total,PT_POP,0,13.74
1996,AUT,Autriche,65+,Total,PT_POP,0,15.19
1996,DEU,Allemagne,65+,Total,PT_POP,0,15.56
1996,DNK,Danemark,65+,Total,PT_POP,0,15.15
1996,FRA,France,65+,Total,PT_POP,0,15.29
1996,LVA,Lettonie,65+,Total,PT_POP,0,13.76
1996,NLD,Pays-Bas,65+,Total,PT_POP,0,13.3
1996,LUX,Luxembourg,65+,Total,PT_POP,0,14.09
1996,POL,Pologne,65+,Total,PT_POP,0,11.23
1996,ROU,Roumanie,65+,Total,PT_POP,0,12.16
1996,ITA,Italie,65+,Total,PT_POP,0,16.89
1996,BGR,Bulgarie,65+,Total,PT_POP,0,15.18
1996,SVN,Slovénie,65+,Total,PT_POP,0,12.51
1996,SVK,République slovaque,65+,Total,PT_POP,0,10.94
1996,PRT,Portugal,65+,Total,PT_POP,0,15.06
1996,BEL,Belgique,65+,Total,PT_POP,0,16.03
1996,CHE,Suisse,65+,Total,PT_POP,0,14.79
1996,NOR,Norvège,65+,Total,PT_POP,0,15.89
1993,GBR,Royaume-Uni,65+,Total,PS,0,9136800.0
1993,GBR,Royaume-Uni,65+,Total,PT_POP,0,15.83
1996,GBR,Royaume-Uni,65+,Total,PT_POP,0,15.86
1996,GBR,Royaume-Uni,65+,Total,PS,0,9223300.0
1997,GBR,Royaume-Uni,65+,Total,PS,0,9243500.0
1997,GBR,Royaume-Uni,65+,Total,PT_POP,0,15.85
