STRUCTURE,STRUCTURE_ID,STRUCTURE_NAME,ACTION,FREQ,Fréquence d'observation,TERRITORIAL_LEVEL,Niveau territorial,REF_AREA,Zone de référence,TERRITORIAL_TYPE,Typologie territoriale,MEASURE,Mesure,AGE,Âge,SEX,Sexe,UNIT_MEASURE,Unité de mesure,TIME_PERIOD,Période temporelle,OBS_VALUE,Valeur d'observation,COUNTRY,Pays,OBS_STATUS,Statut d'observation,UNIT_MULT,Multiplicateur d'unité,DECIMALS,Décimales
DATAFLOW,OECD.CFE.EDS:DSD_REG_DEMO@DF_DENSITY(2.0),Densité de population - Régions,I,A,Annuelle,CTRY,Pays,AUS,Australie,_Z,N'est pas applicable,POP,Population,_T,Total,_T,Total,PS_KM2,Personnes par kilomètre carré,2005,,2.62,,AUS,Australie,A,Valeur normale,0,Units,2,Two
DATAFLOW,OECD.CFE.EDS:DSD_REG_DEMO@DF_DENSITY(2.0),Densité de population - Régions,I,A,Annuelle,CTRY,Pays,AUS,Australie,_Z,N'est pas applicable,POP,Population,_T,Total,_T,Total,PS_KM2,Personnes par kilomètre carré,2006,,2.65,,AUS,Australie,A,Valeur normale,0,Units,2,Two
DATAFLOW,OECD.CFE.EDS:DSD_REG_DEMO@DF_DENSITY(2.0),Densité de population - Régions,I,A,Annuelle,CTRY,Pays,AUS,Australie,_Z,N'est pas applicable,POP,Population,_T,Total,_T,Total,PS,Personnes,1996,,18224767,,AUS,Australie,A,Valeur normale,0,Units,0,Zero
DATAFLOW,OECD.CFE.EDS:DSD_REG_DEMO@DF_DENSITY(2.0),Densité de population - Régions,I,A,Annuelle,CTRY,Pays,AUS,Australie,_Z,N'est pas applicable,POP,Population,_T,Total,_T,Total,PS,Personnes,1997,,18423037,,AUS,Australie,A,Valeur normale,0,Units,0,Zero
DATAFLOW,OECD.CFE.EDS:DSD_REG_DEMO@DF_DENSITY(2.0),Densité de population - Régions,I,A,Annuelle,CTRY,Pays,AUS,Australie,_Z,N'est pas applicable,POP,Population,_T,Total,_T,Total,PS,Personnes,1998,,18607584,,AUS,Australie,A,Valeur normale,0,Units,0,Zero
DATAFLOW,OECD.CFE.EDS:DSD_REG_DEMO@DF_DENSITY(2.0),Densité de population - Régions,I,A,Annuelle,CTRY,Pays,AUS,Australie,_Z,N'est pas applicable,POP,Population,_T,Total,_T,Total,PS,Personnes,1993,,17634808,,AUS,Australie,A,Valeur normale,0,Units,0,Zero
DATAFLOW,OECD.CFE.EDS:DSD_REG_DEMO@DF_DENSITY(2.0),Densité de population - Régions,I,A,Annuelle,CTRY,Pays,AUS,Australie,_Z,N'est pas applicable,POP,Population,_T,Total,_T,Total,PS,Personnes,1994,,17802713,,AUS,Australie,A,Valeur normale,0,Units,0,Zero
DATAFLOW,OECD.CFE.EDS:DSD_REG_DEMO@DF_DENSITY(2.0),Densité de population - Régions,I,A,Annuelle,CTRY,Pays,AUS,Australie,_Z,N'est pas applicable,POP,Population,_T,Total,_T,Total,PS,Personnes,1991,,17284036,,AUS,Australie,A,Valeur normale,0,Units,0,Zero
DATAFLOW,OECD.CFE.EDS:DSD_REG_DEMO@DF_DENSITY(2.0),Densité de population - Régions,I,A,Annuelle,CTRY,Pays,AUS,Australie,_Z,N'est pas applicable,POP,Population,_T,Total,_T,Total,PS,Personnes,2000,,19028802,,AUS,Australie,A,Valeur normale,0,Units,0,Zero
DATAFLOW,OECD.CFE.EDS:DSD_REG_DEMO@DF_DENSITY(2.0),Densité de population - Régions,I,A,Annuelle,CTRY,Pays,AUS,Australie,_Z,N'est pas applicable,POP,Population,_T,Total,_T,Total,PS,Personnes,2013,,23128129,,AUS,Australie,A,Valeur normale,0,Units,0,Zero
DATAFLOW,OECD.CFE.EDS:DSD_REG_DEMO@DF_DENSITY(2.0),Densité de population - Régions,I,A,Annuelle,CTRY,Pays,AUS,Australie,_Z,N'est pas applicable,POP,Population,_T,Total,_T,Total,PS,Personnes,2014,,23475686,,AUS,Australie,A,Valeur normale,0,Units,0,Zero
DATAFLOW,OECD.CFE.EDS:DSD_REG_DEMO@DF_DENSITY(2.0),Densité de population - Régions,I,A,Annuelle,CTRY,Pays,AUS,Australie,_Z,N'est pas applicable,POP,Population,_T,Total,_T,Total,PS,Personnes,1992,,17478635,,AUS,Australie,A,Valeur normale,0,Units,0,Zero
DATAFLOW,OECD.CFE.EDS:DSD_REG_DEMO@DF_DENSITY(2.0),Densité de population - Régions,I,A,Annuelle,CTRY,Pays,AUS,Australie,_Z,N'est pas applicable,POP,Population,_T,Total,_T,Total,PS,Personnes,2011,,22340024,,AUS,Australie,A,Valeur normale,0,Units,0,Zero
DATAFLOW,OECD.CFE.EDS:DSD_REG_DEMO@DF_DENSITY(2.0),Densité de population - Régions,I,A,Annuelle,CTRY,Pays,AUS,Australie,_Z,N'est pas applicable,POP,Population,_T,Total,_T,Total,PS,Personnes,2012,,22733465,,AUS,Australie,A,Valeur normale,0,Units,0,Zero
DATAFLOW,OECD.CFE.EDS:DSD_REG_DEMO@DF_DENSITY(2.0),Densité de population - Régions,I,A,Annuelle,CTRY,Pays,AUS,Australie,_Z,N'est pas applicable,POP,Population,_T,Total,_T,Total,PS,Personnes,2003,,19720737,,AUS,Australie,A,Valeur normale,0,Units,0,Zero
DATAFLOW,OECD.CFE.EDS:DSD_REG_DEMO@DF_DENSITY(2.0),Densité de population - Régions,I,A,Annuelle,CTRY,Pays,AUS,Australie,_Z,N'est pas applicable,POP,Population,_T,Total,_T,Total,PS,Personnes,2004,,19932722,,AUS,Australie,A,Valeur normale,0,Units,0,Zero
DATAFLOW,OECD.CFE.EDS:DSD_REG_DEMO@DF_DENSITY(2.0),Densité de population - Régions,I,A,Annuelle,CTRY,Pays,AUS,Australie,_Z,N'est pas applicable,POP,Population,_T,Total,_T,Total,PS,Personnes,2007,,20827622,,AUS,Australie,A,Valeur normale,0,Units,0,Zero
DATAFLOW,OECD.CFE.EDS:DSD_REG_DEMO@DF_DENSITY(2.0),Densité de population - Régions,I,A,Annuelle,CTRY,Pays,AUS,Australie,_Z,N'est pas applicable,POP,Population,_T,Total,_T,Total,PS,Personnes,2008,,21249199,,AUS,Australie,A,Valeur normale,0,Units,0,Zero
DATAFLOW,OECD.CFE.EDS:DSD_REG_DEMO@DF_DENSITY(2.0),Densité de population - Régions,I,A,Annuelle,CTRY,Pays,AUS,Australie,_Z,N'est pas applicable,POP,Population,_T,Total,_T,Total,PS,Personnes,2001,,19274701,,AUS,Australie,A,Valeur normale,0,Units,0,Zero
DATAFLOW,OECD.CFE.EDS:DSD_REG_DEMO@DF_DENSITY(2.0),Densité de population - Régions,I,A,Annuelle,CTRY,Pays,AUS,Australie,_Z,N'est pas applicable,POP,Population,_T,Total,_T,Total,PS,Personnes,2002,,19495210,,AUS,Australie,A,Valeur normale,0,Units,0,Zero
DATAFLOW,OECD.CFE.EDS:DSD_REG_DEMO@DF_DENSITY(2.0),Densité de population - Régions,I,A,Annuelle,CTRY,Pays,AUS,Australie,_Z,N'est pas applicable,POP,Population,_T,Total,_T,Total,PS,Personnes,1990,,17065128,,AUS,Australie,A,Valeur normale,0,Units,0,Zero
DATAFLOW,OECD.CFE.EDS:DSD_REG_DEMO@DF_DENSITY(2.0),Densité de population - Régions,I,A,Annuelle,CTRY,Pays,AUS,Australie,_Z,N'est pas applicable,POP,Population,_T,Total,_T,Total,PS,Personnes,1995,,18004882,,AUS,Australie,A,Valeur normale,0,Units,0,Zero
DATAFLOW,OECD.CFE.EDS:DSD_REG_DEMO@DF_DENSITY(2.0),Densité de population - Régions,I,A,Annuelle,CTRY,Pays,AUS,Australie,_Z,N'est pas applicable,POP,Population,_T,Total,_T,Total,PS_KM2,Personnes par kilomètre carré,2007,,2.7,,AUS,Australie,A,Valeur normale,0,Units,2,Two
DATAFLOW,OECD.CFE.EDS:DSD_REG_DEMO@DF_DENSITY(2.0),Densité de population - Régions,I,A,Annuelle,CTRY,Pays,AUS,Australie,_Z,N'est pas applicable,POP,Population,_T,Total,_T,Total,PS_KM2,Personnes par kilomètre carré,2009,,2.82,,AUS,Australie,A,Valeur normale,0,Units,2,Two
DATAFLOW,OECD.CFE.EDS:DSD_REG_DEMO@DF_DENSITY(2.0),Densité de population - Régions,I,A,Annuelle,CTRY,Pays,AUS,Australie,_Z,N'est pas applicable,POP,Population,_T,Total,_T,Total,PS_KM2,Personnes par kilomètre carré,2001,,2.5,,AUS,Australie,A,Valeur normale,0,Units,2,Two
DATAFLOW,OECD.CFE.EDS:DSD_REG_DEMO@DF_DENSITY(2.0),Densité de population - Régions,I,A,Annuelle,CTRY,Pays,AUS,Australie,_Z,N'est pas applicable,POP,Population,_T,Total,_T,Total,PS_KM2,Personnes par kilomètre carré,2002,,2.53,,AUS,Australie,A,Valeur normale,0,Units,2,Two
DATAFLOW,OECD.CFE.EDS:DSD_REG_DEMO@DF_DENSITY(2.0),Densité de population - Régions,I,A,Annuelle,CTRY,Pays,AUS,Australie,_Z,N'est pas applicable,POP,Population,_T,Total,_T,Total,PS_KM2,Personnes par kilomètre carré,1996,,2.37,,AUS,Australie,A,Valeur normale,0,Units,2,Two
DATAFLOW,OECD.CFE.EDS:DSD_REG_DEMO@DF_DENSITY(2.0),Densité de population - Régions,I,A,Annuelle,CTRY,Pays,AUS,Australie,_Z,N'est pas applicable,POP,Population,_T,Total,_T,Total,PS_KM2,Personnes par kilomètre carré,1997,,2.39,,AUS,Australie,A,Valeur normale,0,Units,2,Two
DATAFLOW,OECD.CFE.EDS:DSD_REG_DEMO@DF_DENSITY(2.0),Densité de population - Régions,I,A,Annuelle,CTRY,Pays,AUS,Australie,_Z,N'est pas applicable,POP,Population,_T,Total,_T,Total,PS_KM2,Personnes par kilomètre carré,2000,,2.47,,AUS,Australie,A,Valeur normale,0,Units,2,Two
DATAFLOW,OECD.CFE.EDS:DSD_REG_DEMO@DF_DENSITY(2.0),Densité de population - Régions,I,A,Annuelle,CTRY,Pays,AUS,Australie,_Z,N'est pas applicable,POP,Population,_T,Total,_T,Total,PS_KM2,Personnes par kilomètre carré,1991,,2.24,,AUS,Australie,A,Valeur normale,0,Units,2,Two
DATAFLOW,OECD.CFE.EDS:DSD_REG_DEMO@DF_DENSITY(2.0),Densité de population - Régions,I,A,Annuelle,CTRY,Pays,AUS,Australie,_Z,N'est pas applicable,POP,Population,_T,Total,_T,Total,PS_KM2,Personnes par kilomètre carré,2004,,2.59,,AUS,Australie,A,Valeur normale,0,Units,2,Two
DATAFLOW,OECD.CFE.EDS:DSD_REG_DEMO@DF_DENSITY(2.0),Densité de population - Régions,I,A,Annuelle,CTRY,Pays,AUS,Australie,_Z,N'est pas applicable,POP,Population,_T,Total,_T,Total,PS_KM2,Personnes par kilomètre carré,1995,,2.34,,AUS,Australie,A,Valeur normale,0,Units,2,Two
DATAFLOW,OECD.CFE.EDS:DSD_REG_DEMO@DF_DENSITY(2.0),Densité de population - Régions,I,A,Annuelle,CTRY,Pays,AUS,Australie,_Z,N'est pas applicable,POP,Population,_T,Total,_T,Total,PS_KM2,Personnes par kilomètre carré,1993,,2.29,,AUS,Australie,A,Valeur normale,0,Units,2,Two
DATAFLOW,OECD.CFE.EDS:DSD_REG_DEMO@DF_DENSITY(2.0),Densité de population - Régions,I,A,Annuelle,CTRY,Pays,AUS,Australie,_Z,N'est pas applicable,POP,Population,_T,Total,_T,Total,PS_KM2,Personnes par kilomètre carré,1994,,2.31,,AUS,Australie,A,Valeur normale,0,Units,2,Two
DATAFLOW,OECD.CFE.EDS:DSD_REG_DEMO@DF_DENSITY(2.0),Densité de population - Régions,I,A,Annuelle,CTRY,Pays,AUS,Australie,_Z,N'est pas applicable,POP,Population,_T,Total,_T,Total,PS_KM2,Personnes par kilomètre carré,1999,,2.44,,AUS,Australie,A,Valeur normale,0,Units,2,Two
DATAFLOW,OECD.CFE.EDS:DSD_REG_DEMO@DF_DENSITY(2.0),Densité de population - Régions,I,A,Annuelle,CTRY,Pays,AUS,Australie,_Z,N'est pas applicable,POP,Population,_T,Total,_T,Total,PS_KM2,Personnes par kilomètre carré,1990,,2.22,,AUS,Australie,A,Valeur normale,0,Units,2,Two
DATAFLOW,OECD.CFE.EDS:DSD_REG_DEMO@DF_DENSITY(2.0),Densité de population - Régions,I,A,Annuelle,CTRY,Pays,AUS,Australie,_Z,N'est pas applicable,POP,Population,_T,Total,_T,Total,PS_KM2,Personnes par kilomètre carré,1998,,2.42,,AUS,Australie,A,Valeur normale,0,Units,2,Two
DATAFLOW,OECD.CFE.EDS:DSD_REG_DEMO@DF_DENSITY(2.0),Densité de population - Régions,I,A,Annuelle,CTRY,Pays,AUS,Australie,_Z,N'est pas applicable,POP,Population,_T,Total,_T,Total,PS_KM2,Personnes par kilomètre carré,1992,,2.27,,AUS,Australie,A,Valeur normale,0,Units,2,Two
DATAFLOW,OECD.CFE.EDS:DSD_REG_DEMO@DF_DENSITY(2.0),Densité de population - Régions,I,A,Annuelle,CTRY,Pays,AUS,Australie,_Z,N'est pas applicable,POP,Population,_T,Total,_T,Total,PS_KM2,Personnes par kilomètre carré,2022,,3.38,,AUS,Australie,A,Valeur normale,0,Units,2,Two
DATAFLOW,OECD.CFE.EDS:DSD_REG_DEMO@DF_DENSITY(2.0),Densité de population - Régions,I,A,Annuelle,CTRY,Pays,AUS,Australie,_Z,N'est pas applicable,POP,Population,_T,Total,_T,Total,PS,Personnes,2017,,24592588,,AUS,Australie,A,Valeur normale,0,Units,0,Zero
DATAFLOW,OECD.CFE.EDS:DSD_REG_DEMO@DF_DENSITY(2.0),Densité de population - Régions,I,A,Annuelle,CTRY,Pays,AUS,Australie,_Z,N'est pas applicable,POP,Population,_T,Total,_T,Total,PS,Personnes,2018,,24963258,,AUS,Australie,A,Valeur normale,0,Units,0,Zero
DATAFLOW,OECD.CFE.EDS:DSD_REG_DEMO@DF_DENSITY(2.0),Densité de population - Régions,I,A,Annuelle,CTRY,Pays,AUS,Australie,_Z,N'est pas applicable,POP,Population,_T,Total,_T,Total,PS,Personnes,2019,,25334826,,AUS,Australie,A,Valeur normale,0,Units,0,Zero
DATAFLOW,OECD.CFE.EDS:DSD_REG_DEMO@DF_DENSITY(2.0),Densité de population - Régions,I,A,Annuelle,CTRY,Pays,AUS,Australie,_Z,N'est pas applicable,POP,Population,_T,Total,_T,Total,PS,Personnes,2020,,25649248,,AUS,Australie,A,Valeur normale,0,Units,0,Zero
DATAFLOW,OECD.CFE.EDS:DSD_REG_DEMO@DF_DENSITY(2.0),Densité de population - Régions,I,A,Annuelle,CTRY,Pays,AUS,Australie,_Z,N'est pas applicable,POP,Population,_T,Total,_T,Total,PS,Personnes,2021,,25685412,,AUS,Australie,A,Valeur normale,0,Units,0,Zero
DATAFLOW,OECD.CFE.EDS:DSD_REG_DEMO@DF_DENSITY(2.0),Densité de population - Régions,I,A,Annuelle,CTRY,Pays,AUS,Australie,_Z,N'est pas applicable,POP,Population,_T,Total,_T,Total,PS,Personnes,2022,,26014399,,AUS,Australie,A,Valeur normale,0,Units,0,Zero
DATAFLOW,OECD.CFE.EDS:DSD_REG_DEMO@DF_DENSITY(2.0),Densité de population - Régions,I,A,Annuelle,CTRY,Pays,AUS,Australie,_Z,N'est pas applicable,POP,Population,_T,Total,_T,Total,PS,Personnes,2023,,26652777,,AUS,Australie,A,Valeur normale,0,Units,0,Zero
DATAFLOW,OECD.CFE.EDS:DSD_REG_DEMO@DF_DENSITY(2.0),Densité de population - Régions,I,A,Annuelle,CTRY,Pays,AUS,Australie,_Z,N'est pas applicable,POP,Population,_T,Total,_T,Total,PS,Personnes,2015,,23815995,,AUS,Australie,A,Valeur normale,0,Units,0,Zero
DATAFLOW,OECD.CFE.EDS:DSD_REG_DEMO@DF_DENSITY(2.0),Densité de population - Régions,I,A,Annuelle,CTRY,Pays,AUS,Australie,_Z,N'est pas applicable,POP,Population,_T,Total,_T,Total,PS,Personnes,2016,,24190907,,AUS,Australie,A,Valeur normale,0,Units,0,Zero
DATAFLOW,OECD.CFE.EDS:DSD_REG_DEMO@DF_DENSITY(2.0),Densité de population - Régions,I,A,Annuelle,CTRY,Pays,AUS,Australie,_Z,N'est pas applicable,POP,Population,_T,Total,_T,Total,PS,Personnes,2005,,20176844,,AUS,Australie,A,Valeur normale,0,Units,0,Zero
DATAFLOW,OECD.CFE.EDS:DSD_REG_DEMO@DF_DENSITY(2.0),Densité de population - Régions,I,A,Annuelle,CTRY,Pays,AUS,Australie,_Z,N'est pas applicable,POP,Population,_T,Total,_T,Total,PS,Personnes,2006,,20450966,,AUS,Australie,A,Valeur normale,0,Units,0,Zero
DATAFLOW,OECD.CFE.EDS:DSD_REG_DEMO@DF_DENSITY(2.0),Densité de population - Régions,I,A,Annuelle,CTRY,Pays,AUS,Australie,_Z,N'est pas applicable,POP,Population,_T,Total,_T,Total,PS,Personnes,2009,,21691653,,AUS,Australie,A,Valeur normale,0,Units,0,Zero
DATAFLOW,OECD.CFE.EDS:DSD_REG_DEMO@DF_DENSITY(2.0),Densité de population - Régions,I,A,Annuelle,CTRY,Pays,AUS,Australie,_Z,N'est pas applicable,POP,Population,_T,Total,_T,Total,PS,Personnes,2010,,22031750,,AUS,Australie,A,Valeur normale,0,Units,0,Zero
DATAFLOW,OECD.CFE.EDS:DSD_REG_DEMO@DF_DENSITY(2.0),Densité de population - Régions,I,A,Annuelle,CTRY,Pays,AUS,Australie,_Z,N'est pas applicable,POP,Population,_T,Total,_T,Total,PS,Personnes,1999,,18812264,,AUS,Australie,A,Valeur normale,0,Units,0,Zero
DATAFLOW,OECD.CFE.EDS:DSD_REG_DEMO@DF_DENSITY(2.0),Densité de population - Régions,I,A,Annuelle,CTRY,Pays,AUS,Australie,_Z,N'est pas applicable,POP,Population,_T,Total,_T,Total,PS_KM2,Personnes par kilomètre carré,2023,,3.46,,AUS,Australie,A,Valeur normale,0,Units,2,Two
DATAFLOW,OECD.CFE.EDS:DSD_REG_DEMO@DF_DENSITY(2.0),Densité de population - Régions,I,A,Annuelle,CTRY,Pays,AUS,Australie,_Z,N'est pas applicable,POP,Population,_T,Total,_T,Total,PS_KM2,Personnes par kilomètre carré,2014,,3.05,,AUS,Australie,A,Valeur normale,0,Units,2,Two
DATAFLOW,OECD.CFE.EDS:DSD_REG_DEMO@DF_DENSITY(2.0),Densité de population - Régions,I,A,Annuelle,CTRY,Pays,AUS,Australie,_Z,N'est pas applicable,POP,Population,_T,Total,_T,Total,PS_KM2,Personnes par kilomètre carré,2020,,3.33,,AUS,Australie,A,Valeur normale,0,Units,2,Two
DATAFLOW,OECD.CFE.EDS:DSD_REG_DEMO@DF_DENSITY(2.0),Densité de population - Régions,I,A,Annuelle,CTRY,Pays,AUS,Australie,_Z,N'est pas applicable,POP,Population,_T,Total,_T,Total,PS_KM2,Personnes par kilomètre carré,2019,,3.29,,AUS,Australie,A,Valeur normale,0,Units,2,Two
DATAFLOW,OECD.CFE.EDS:DSD_REG_DEMO@DF_DENSITY(2.0),Densité de population - Régions,I,A,Annuelle,CTRY,Pays,AUS,Australie,_Z,N'est pas applicable,POP,Population,_T,Total,_T,Total,PS_KM2,Personnes par kilomètre carré,2021,,3.33,,AUS,Australie,A,Valeur normale,0,Units,2,Two
DATAFLOW,OECD.CFE.EDS:DSD_REG_DEMO@DF_DENSITY(2.0),Densité de population - Régions,I,A,Annuelle,CTRY,Pays,AUS,Australie,_Z,N'est pas applicable,POP,Population,_T,Total,_T,Total,PS_KM2,Personnes par kilomètre carré,2013,,3,,AUS,Australie,A,Valeur normale,0,Units,2,Two
DATAFLOW,OECD.CFE.EDS:DSD_REG_DEMO@DF_DENSITY(2.0),Densité de population - Régions,I,A,Annuelle,CTRY,Pays,AUS,Australie,_Z,N'est pas applicable,POP,Population,_T,Total,_T,Total,PS_KM2,Personnes par kilomètre carré,2015,,3.09,,AUS,Australie,A,Valeur normale,0,Units,2,Two
DATAFLOW,OECD.CFE.EDS:DSD_REG_DEMO@DF_DENSITY(2.0),Densité de population - Régions,I,A,Annuelle,CTRY,Pays,AUS,Australie,_Z,N'est pas applicable,POP,Population,_T,Total,_T,Total,PS_KM2,Personnes par kilomètre carré,2016,,3.14,,AUS,Australie,A,Valeur normale,0,Units,2,Two
DATAFLOW,OECD.CFE.EDS:DSD_REG_DEMO@DF_DENSITY(2.0),Densité de population - Régions,I,A,Annuelle,CTRY,Pays,AUS,Australie,_Z,N'est pas applicable,POP,Population,_T,Total,_T,Total,PS_KM2,Personnes par kilomètre carré,2017,,3.19,,AUS,Australie,A,Valeur normale,0,Units,2,Two
DATAFLOW,OECD.CFE.EDS:DSD_REG_DEMO@DF_DENSITY(2.0),Densité de population - Régions,I,A,Annuelle,CTRY,Pays,AUS,Australie,_Z,N'est pas applicable,POP,Population,_T,Total,_T,Total,PS_KM2,Personnes par kilomètre carré,2018,,3.24,,AUS,Australie,A,Valeur normale,0,Units,2,Two
DATAFLOW,OECD.CFE.EDS:DSD_REG_DEMO@DF_DENSITY(2.0),Densité de population - Régions,I,A,Annuelle,CTRY,Pays,AUS,Australie,_Z,N'est pas applicable,POP,Population,_T,Total,_T,Total,PS_KM2,Personnes par kilomètre carré,2008,,2.76,,AUS,Australie,A,Valeur normale,0,Units,2,Two
DATAFLOW,OECD.CFE.EDS:DSD_REG_DEMO@DF_DENSITY(2.0),Densité de population - Régions,I,A,Annuelle,CTRY,Pays,AUS,Australie,_Z,N'est pas applicable,POP,Population,_T,Total,_T,Total,PS_KM2,Personnes par kilomètre carré,2010,,2.86,,AUS,Australie,A,Valeur normale,0,Units,2,Two
DATAFLOW,OECD.CFE.EDS:DSD_REG_DEMO@DF_DENSITY(2.0),Densité de population - Régions,I,A,Annuelle,CTRY,Pays,AUS,Australie,_Z,N'est pas applicable,POP,Population,_T,Total,_T,Total,PS_KM2,Personnes par kilomètre carré,2011,,2.9,,AUS,Australie,A,Valeur normale,0,Units,2,Two
DATAFLOW,OECD.CFE.EDS:DSD_REG_DEMO@DF_DENSITY(2.0),Densité de population - Régions,I,A,Annuelle,CTRY,Pays,AUS,Australie,_Z,N'est pas applicable,POP,Population,_T,Total,_T,Total,PS_KM2,Personnes par kilomètre carré,2012,,2.95,,AUS,Australie,A,Valeur normale,0,Units,2,Two
DATAFLOW,OECD.CFE.EDS:DSD_REG_DEMO@DF_DENSITY(2.0),Densité de population - Régions,I,A,Annuelle,CTRY,Pays,AUT,Autriche,_Z,N'est pas applicable,POP,Population,_T,Total,_T,Total,PS_KM2,Personnes par kilomètre carré,2012,,101.89,,AUT,Autriche,A,Valeur normale,0,Units,2,Two
DATAFLOW,OECD.CFE.EDS:DSD_REG_DEMO@DF_DENSITY(2.0),Densité de population - Régions,I,A,Annuelle,CTRY,Pays,AUT,Autriche,_Z,N'est pas applicable,POP,Population,_T,Total,_T,Total,PS_KM2,Personnes par kilomètre carré,2005,,99.39,,AUT,Autriche,A,Valeur normale,0,Units,2,Two
DATAFLOW,OECD.CFE.EDS:DSD_REG_DEMO@DF_DENSITY(2.0),Densité de population - Régions,I,A,Annuelle,CTRY,Pays,AUT,Autriche,_Z,N'est pas applicable,POP,Population,_T,Total,_T,Total,PS,Personnes,2003,,8100273,,AUT,Autriche,A,Valeur normale,0,Units,0,Zero
DATAFLOW,OECD.CFE.EDS:DSD_REG_DEMO@DF_DENSITY(2.0),Densité de population - Régions,I,A,Annuelle,CTRY,Pays,AUT,Autriche,_Z,N'est pas applicable,POP,Population,_T,Total,_T,Total,PS,Personnes,1996,,7953067,,AUT,Autriche,A,Valeur normale,0,Units,0,Zero
DATAFLOW,OECD.CFE.EDS:DSD_REG_DEMO@DF_DENSITY(2.0),Densité de population - Régions,I,A,Annuelle,CTRY,Pays,AUT,Autriche,_Z,N'est pas applicable,POP,Population,_T,Total,_T,Total,PS,Personnes,1997,,7964966,,AUT,Autriche,A,Valeur normale,0,Units,0,Zero
DATAFLOW,OECD.CFE.EDS:DSD_REG_DEMO@DF_DENSITY(2.0),Densité de population - Régions,I,A,Annuelle,CTRY,Pays,AUT,Autriche,_Z,N'est pas applicable,POP,Population,_T,Total,_T,Total,PS,Personnes,1992,,7798899,,AUT,Autriche,A,Valeur normale,0,Units,0,Zero
DATAFLOW,OECD.CFE.EDS:DSD_REG_DEMO@DF_DENSITY(2.0),Densité de population - Régions,I,A,Annuelle,CTRY,Pays,AUT,Autriche,_Z,N'est pas applicable,POP,Population,_T,Total,_T,Total,PS,Personnes,1993,,7882519,,AUT,Autriche,A,Valeur normale,0,Units,0,Zero
DATAFLOW,OECD.CFE.EDS:DSD_REG_DEMO@DF_DENSITY(2.0),Densité de population - Régions,I,A,Annuelle,CTRY,Pays,AUT,Autriche,_Z,N'est pas applicable,POP,Population,_T,Total,_T,Total,PS,Personnes,1991,,7710882,,AUT,Autriche,A,Valeur normale,0,Units,0,Zero
DATAFLOW,OECD.CFE.EDS:DSD_REG_DEMO@DF_DENSITY(2.0),Densité de population - Régions,I,A,Annuelle,CTRY,Pays,AUT,Autriche,_Z,N'est pas applicable,POP,Population,_T,Total,_T,Total,PS,Personnes,1995,,7943489,,AUT,Autriche,A,Valeur normale,0,Units,0,Zero
DATAFLOW,OECD.CFE.EDS:DSD_REG_DEMO@DF_DENSITY(2.0),Densité de population - Régions,I,A,Annuelle,CTRY,Pays,AUT,Autriche,_Z,N'est pas applicable,POP,Population,_T,Total,_T,Total,PS,Personnes,2018,,8822267,,AUT,Autriche,A,Valeur normale,0,Units,0,Zero
DATAFLOW,OECD.CFE.EDS:DSD_REG_DEMO@DF_DENSITY(2.0),Densité de population - Régions,I,A,Annuelle,CTRY,Pays,AUT,Autriche,_Z,N'est pas applicable,POP,Population,_T,Total,_T,Total,PS,Personnes,2019,,8858775,,AUT,Autriche,A,Valeur normale,0,Units,0,Zero
DATAFLOW,OECD.CFE.EDS:DSD_REG_DEMO@DF_DENSITY(2.0),Densité de population - Régions,I,A,Annuelle,CTRY,Pays,AUT,Autriche,_Z,N'est pas applicable,POP,Population,_T,Total,_T,Total,PS,Personnes,2008,,8307989,,AUT,Autriche,A,Valeur normale,0,Units,0,Zero
DATAFLOW,OECD.CFE.EDS:DSD_REG_DEMO@DF_DENSITY(2.0),Densité de population - Régions,I,A,Annuelle,CTRY,Pays,AUT,Autriche,_Z,N'est pas applicable,POP,Population,_T,Total,_T,Total,PS,Personnes,1999,,7982461,,AUT,Autriche,A,Valeur normale,0,Units,0,Zero
DATAFLOW,OECD.CFE.EDS:DSD_REG_DEMO@DF_DENSITY(2.0),Densité de population - Régions,I,A,Annuelle,CTRY,Pays,AUT,Autriche,_Z,N'est pas applicable,POP,Population,_T,Total,_T,Total,PS,Personnes,2000,,8002186,,AUT,Autriche,A,Valeur normale,0,Units,0,Zero
DATAFLOW,OECD.CFE.EDS:DSD_REG_DEMO@DF_DENSITY(2.0),Densité de population - Régions,I,A,Annuelle,CTRY,Pays,AUT,Autriche,_Z,N'est pas applicable,POP,Population,_T,Total,_T,Total,PS,Personnes,2012,,8408121,,AUT,Autriche,A,Valeur normale,0,Units,0,Zero
DATAFLOW,OECD.CFE.EDS:DSD_REG_DEMO@DF_DENSITY(2.0),Densité de population - Régions,I,A,Annuelle,CTRY,Pays,AUT,Autriche,_Z,N'est pas applicable,POP,Population,_T,Total,_T,Total,PS,Personnes,2013,,8451860,,AUT,Autriche,A,Valeur normale,0,Units,0,Zero
DATAFLOW,OECD.CFE.EDS:DSD_REG_DEMO@DF_DENSITY(2.0),Densité de population - Régions,I,A,Annuelle,CTRY,Pays,AUT,Autriche,_Z,N'est pas applicable,POP,Population,_T,Total,_T,Total,PS,Personnes,1990,,7644818,,AUT,Autriche,A,Valeur normale,0,Units,0,Zero
DATAFLOW,OECD.CFE.EDS:DSD_REG_DEMO@DF_DENSITY(2.0),Densité de population - Régions,I,A,Annuelle,CTRY,Pays,AUT,Autriche,_Z,N'est pas applicable,POP,Population,_T,Total,_T,Total,PS,Personnes,2006,,8254298,,AUT,Autriche,A,Valeur normale,0,Units,0,Zero
DATAFLOW,OECD.CFE.EDS:DSD_REG_DEMO@DF_DENSITY(2.0),Densité de population - Régions,I,A,Annuelle,CTRY,Pays,AUT,Autriche,_Z,N'est pas applicable,POP,Population,_T,Total,_T,Total,PS,Personnes,2007,,8282984,,AUT,Autriche,A,Valeur normale,0,Units,0,Zero
DATAFLOW,OECD.CFE.EDS:DSD_REG_DEMO@DF_DENSITY(2.0),Densité de population - Régions,I,A,Annuelle,CTRY,Pays,AUT,Autriche,_Z,N'est pas applicable,POP,Population,_T,Total,_T,Total,PS,Personnes,1998,,7971116,,AUT,Autriche,A,Valeur normale,0,Units,0,Zero
DATAFLOW,OECD.CFE.EDS:DSD_REG_DEMO@DF_DENSITY(2.0),Densité de population - Régions,I,A,Annuelle,CTRY,Pays,AUT,Autriche,_Z,N'est pas applicable,POP,Population,_T,Total,_T,Total,PS,Personnes,2001,,8020946,,AUT,Autriche,A,Valeur normale,0,Units,0,Zero
DATAFLOW,OECD.CFE.EDS:DSD_REG_DEMO@DF_DENSITY(2.0),Densité de population - Régions,I,A,Annuelle,CTRY,Pays,AUT,Autriche,_Z,N'est pas applicable,POP,Population,_T,Total,_T,Total,PS,Personnes,2002,,8063640,,AUT,Autriche,A,Valeur normale,0,Units,0,Zero
DATAFLOW,OECD.CFE.EDS:DSD_REG_DEMO@DF_DENSITY(2.0),Densité de population - Régions,I,A,Annuelle,CTRY,Pays,AUT,Autriche,_Z,N'est pas applicable,POP,Population,_T,Total,_T,Total,PS_KM2,Personnes par kilomètre carré,2006,,100.03,,AUT,Autriche,A,Valeur normale,0,Units,2,Two
DATAFLOW,OECD.CFE.EDS:DSD_REG_DEMO@DF_DENSITY(2.0),Densité de population - Régions,I,A,Annuelle,CTRY,Pays,AUT,Autriche,_Z,N'est pas applicable,POP,Population,_T,Total,_T,Total,PS_KM2,Personnes par kilomètre carré,2009,,101.01,,AUT,Autriche,A,Valeur normale,0,Units,2,Two
DATAFLOW,OECD.CFE.EDS:DSD_REG_DEMO@DF_DENSITY(2.0),Densité de population - Régions,I,A,Annuelle,CTRY,Pays,AUT,Autriche,_Z,N'est pas applicable,POP,Population,_T,Total,_T,Total,PS_KM2,Personnes par kilomètre carré,2001,,97.2,,AUT,Autriche,A,Valeur normale,0,Units,2,Two
DATAFLOW,OECD.CFE.EDS:DSD_REG_DEMO@DF_DENSITY(2.0),Densité de population - Régions,I,A,Annuelle,CTRY,Pays,AUT,Autriche,_Z,N'est pas applicable,POP,Population,_T,Total,_T,Total,PS_KM2,Personnes par kilomètre carré,2002,,97.72,,AUT,Autriche,A,Valeur normale,0,Units,2,Two
DATAFLOW,OECD.CFE.EDS:DSD_REG_DEMO@DF_DENSITY(2.0),Densité de population - Régions,I,A,Annuelle,CTRY,Pays,AUT,Autriche,_Z,N'est pas applicable,POP,Population,_T,Total,_T,Total,PS_KM2,Personnes par kilomètre carré,2003,,98.16,,AUT,Autriche,A,Valeur normale,0,Units,2,Two
DATAFLOW,OECD.CFE.EDS:DSD_REG_DEMO@DF_DENSITY(2.0),Densité de population - Régions,I,A,Annuelle,CTRY,Pays,AUT,Autriche,_Z,N'est pas applicable,POP,Population,_T,Total,_T,Total,PS_KM2,Personnes par kilomètre carré,1996,,96.38,,AUT,Autriche,A,Valeur normale,0,Units,2,Two
DATAFLOW,OECD.CFE.EDS:DSD_REG_DEMO@DF_DENSITY(2.0),Densité de population - Régions,I,A,Annuelle,CTRY,Pays,AUT,Autriche,_Z,N'est pas applicable,POP,Population,_T,Total,_T,Total,PS_KM2,Personnes par kilomètre carré,1991,,93.44,,AUT,Autriche,A,Valeur normale,0,Units,2,Two
DATAFLOW,OECD.CFE.EDS:DSD_REG_DEMO@DF_DENSITY(2.0),Densité de population - Régions,I,A,Annuelle,CTRY,Pays,AUT,Autriche,_Z,N'est pas applicable,POP,Population,_T,Total,_T,Total,PS_KM2,Personnes par kilomètre carré,2004,,98.68,,AUT,Autriche,A,Valeur normale,0,Units,2,Two
DATAFLOW,OECD.CFE.EDS:DSD_REG_DEMO@DF_DENSITY(2.0),Densité de population - Régions,I,A,Annuelle,CTRY,Pays,AUT,Autriche,_Z,N'est pas applicable,POP,Population,_T,Total,_T,Total,PS_KM2,Personnes par kilomètre carré,1995,,96.26,,AUT,Autriche,A,Valeur normale,0,Units,2,Two
DATAFLOW,OECD.CFE.EDS:DSD_REG_DEMO@DF_DENSITY(2.0),Densité de population - Régions,I,A,Annuelle,CTRY,Pays,AUT,Autriche,_Z,N'est pas applicable,POP,Population,_T,Total,_T,Total,PS_KM2,Personnes par kilomètre carré,1993,,95.52,,AUT,Autriche,A,Valeur normale,0,Units,2,Two
DATAFLOW,OECD.CFE.EDS:DSD_REG_DEMO@DF_DENSITY(2.0),Densité de population - Régions,I,A,Annuelle,CTRY,Pays,AUT,Autriche,_Z,N'est pas applicable,POP,Population,_T,Total,_T,Total,PS_KM2,Personnes par kilomètre carré,1994,,96.08,,AUT,Autriche,A,Valeur normale,0,Units,2,Two
DATAFLOW,OECD.CFE.EDS:DSD_REG_DEMO@DF_DENSITY(2.0),Densité de population - Régions,I,A,Annuelle,CTRY,Pays,AUT,Autriche,_Z,N'est pas applicable,POP,Population,_T,Total,_T,Total,PS_KM2,Personnes par kilomètre carré,1999,,96.73,,AUT,Autriche,A,Valeur normale,0,Units,2,Two
DATAFLOW,OECD.CFE.EDS:DSD_REG_DEMO@DF_DENSITY(2.0),Densité de population - Régions,I,A,Annuelle,CTRY,Pays,AUT,Autriche,_Z,N'est pas applicable,POP,Population,_T,Total,_T,Total,PS_KM2,Personnes par kilomètre carré,2000,,96.97,,AUT,Autriche,A,Valeur normale,0,Units,2,Two
DATAFLOW,OECD.CFE.EDS:DSD_REG_DEMO@DF_DENSITY(2.0),Densité de population - Régions,I,A,Annuelle,CTRY,Pays,AUT,Autriche,_Z,N'est pas applicable,POP,Population,_T,Total,_T,Total,PS_KM2,Personnes par kilomètre carré,1990,,92.64,,AUT,Autriche,A,Valeur normale,0,Units,2,Two
DATAFLOW,OECD.CFE.EDS:DSD_REG_DEMO@DF_DENSITY(2.0),Densité de population - Régions,I,A,Annuelle,CTRY,Pays,AUT,Autriche,_Z,N'est pas applicable,POP,Population,_T,Total,_T,Total,PS_KM2,Personnes par kilomètre carré,1997,,96.52,,AUT,Autriche,A,Valeur normale,0,Units,2,Two
DATAFLOW,OECD.CFE.EDS:DSD_REG_DEMO@DF_DENSITY(2.0),Densité de population - Régions,I,A,Annuelle,CTRY,Pays,AUT,Autriche,_Z,N'est pas applicable,POP,Population,_T,Total,_T,Total,PS_KM2,Personnes par kilomètre carré,1998,,96.6,,AUT,Autriche,A,Valeur normale,0,Units,2,Two
DATAFLOW,OECD.CFE.EDS:DSD_REG_DEMO@DF_DENSITY(2.0),Densité de population - Régions,I,A,Annuelle,CTRY,Pays,AUT,Autriche,_Z,N'est pas applicable,POP,Population,_T,Total,_T,Total,PS_KM2,Personnes par kilomètre carré,1992,,94.51,,AUT,Autriche,A,Valeur normale,0,Units,2,Two
DATAFLOW,OECD.CFE.EDS:DSD_REG_DEMO@DF_DENSITY(2.0),Densité de population - Régions,I,A,Annuelle,CTRY,Pays,AUT,Autriche,_Z,N'est pas applicable,POP,Population,_T,Total,_T,Total,PS,Personnes,2022,,8978929,,AUT,Autriche,A,Valeur normale,0,Units,0,Zero
DATAFLOW,OECD.CFE.EDS:DSD_REG_DEMO@DF_DENSITY(2.0),Densité de population - Régions,I,A,Annuelle,CTRY,Pays,AUT,Autriche,_Z,N'est pas applicable,POP,Population,_T,Total,_T,Total,PS,Personnes,2023,,9104772,,AUT,Autriche,A,Valeur normale,0,Units,0,Zero
DATAFLOW,OECD.CFE.EDS:DSD_REG_DEMO@DF_DENSITY(2.0),Densité de population - Régions,I,A,Annuelle,CTRY,Pays,AUT,Autriche,_Z,N'est pas applicable,POP,Population,_T,Total,_T,Total,PS,Personnes,2010,,8351643,,AUT,Autriche,A,Valeur normale,0,Units,0,Zero
DATAFLOW,OECD.CFE.EDS:DSD_REG_DEMO@DF_DENSITY(2.0),Densité de population - Régions,I,A,Annuelle,CTRY,Pays,AUT,Autriche,_Z,N'est pas applicable,POP,Population,_T,Total,_T,Total,PS,Personnes,2011,,8375164,,AUT,Autriche,A,Valeur normale,0,Units,0,Zero
DATAFLOW,OECD.CFE.EDS:DSD_REG_DEMO@DF_DENSITY(2.0),Densité de population - Régions,I,A,Annuelle,CTRY,Pays,AUT,Autriche,_Z,N'est pas applicable,POP,Population,_T,Total,_T,Total,PS,Personnes,2016,,8700471,,AUT,Autriche,A,Valeur normale,0,Units,0,Zero
DATAFLOW,OECD.CFE.EDS:DSD_REG_DEMO@DF_DENSITY(2.0),Densité de population - Régions,I,A,Annuelle,CTRY,Pays,AUT,Autriche,_Z,N'est pas applicable,POP,Population,_T,Total,_T,Total,PS,Personnes,2017,,8772865,,AUT,Autriche,A,Valeur normale,0,Units,0,Zero
DATAFLOW,OECD.CFE.EDS:DSD_REG_DEMO@DF_DENSITY(2.0),Densité de population - Régions,I,A,Annuelle,CTRY,Pays,AUT,Autriche,_Z,N'est pas applicable,POP,Population,_T,Total,_T,Total,PS,Personnes,2004,,8142573,,AUT,Autriche,A,Valeur normale,0,Units,0,Zero
DATAFLOW,OECD.CFE.EDS:DSD_REG_DEMO@DF_DENSITY(2.0),Densité de population - Régions,I,A,Annuelle,CTRY,Pays,AUT,Autriche,_Z,N'est pas applicable,POP,Population,_T,Total,_T,Total,PS,Personnes,2005,,8201359,,AUT,Autriche,A,Valeur normale,0,Units,0,Zero
DATAFLOW,OECD.CFE.EDS:DSD_REG_DEMO@DF_DENSITY(2.0),Densité de population - Régions,I,A,Annuelle,CTRY,Pays,AUT,Autriche,_Z,N'est pas applicable,POP,Population,_T,Total,_T,Total,PS,Personnes,2021,,8932664,,AUT,Autriche,A,Valeur normale,0,Units,0,Zero
DATAFLOW,OECD.CFE.EDS:DSD_REG_DEMO@DF_DENSITY(2.0),Densité de population - Régions,I,A,Annuelle,CTRY,Pays,AUT,Autriche,_Z,N'est pas applicable,POP,Population,_T,Total,_T,Total,PS,Personnes,2020,,8901064,,AUT,Autriche,A,Valeur normale,0,Units,0,Zero
DATAFLOW,OECD.CFE.EDS:DSD_REG_DEMO@DF_DENSITY(2.0),Densité de population - Régions,I,A,Annuelle,CTRY,Pays,AUT,Autriche,_Z,N'est pas applicable,POP,Population,_T,Total,_T,Total,PS,Personnes,2009,,8335003,,AUT,Autriche,A,Valeur normale,0,Units,0,Zero
DATAFLOW,OECD.CFE.EDS:DSD_REG_DEMO@DF_DENSITY(2.0),Densité de population - Régions,I,A,Annuelle,CTRY,Pays,AUT,Autriche,_Z,N'est pas applicable,POP,Population,_T,Total,_T,Total,PS,Personnes,2014,,8507786,,AUT,Autriche,A,Valeur normale,0,Units,0,Zero
DATAFLOW,OECD.CFE.EDS:DSD_REG_DEMO@DF_DENSITY(2.0),Densité de population - Régions,I,A,Annuelle,CTRY,Pays,AUT,Autriche,_Z,N'est pas applicable,POP,Population,_T,Total,_T,Total,PS,Personnes,2015,,8584926,,AUT,Autriche,A,Valeur normale,0,Units,0,Zero
DATAFLOW,OECD.CFE.EDS:DSD_REG_DEMO@DF_DENSITY(2.0),Densité de population - Régions,I,A,Annuelle,CTRY,Pays,AUT,Autriche,_Z,N'est pas applicable,POP,Population,_T,Total,_T,Total,PS,Personnes,1994,,7928746,,AUT,Autriche,A,Valeur normale,0,Units,0,Zero
DATAFLOW,OECD.CFE.EDS:DSD_REG_DEMO@DF_DENSITY(2.0),Densité de population - Régions,I,A,Annuelle,CTRY,Pays,AUT,Autriche,_Z,N'est pas applicable,POP,Population,_T,Total,_T,Total,PS_KM2,Personnes par kilomètre carré,2014,,103.1,,AUT,Autriche,A,Valeur normale,0,Units,2,Two
DATAFLOW,OECD.CFE.EDS:DSD_REG_DEMO@DF_DENSITY(2.0),Densité de population - Régions,I,A,Annuelle,CTRY,Pays,AUT,Autriche,_Z,N'est pas applicable,POP,Population,_T,Total,_T,Total,PS_KM2,Personnes par kilomètre carré,2019,,107.35,,AUT,Autriche,A,Valeur normale,0,Units,2,Two
DATAFLOW,OECD.CFE.EDS:DSD_REG_DEMO@DF_DENSITY(2.0),Densité de population - Régions,I,A,Annuelle,CTRY,Pays,AUT,Autriche,_Z,N'est pas applicable,POP,Population,_T,Total,_T,Total,PS_KM2,Personnes par kilomètre carré,2020,,107.87,,AUT,Autriche,A,Valeur normale,0,Units,2,Two
DATAFLOW,OECD.CFE.EDS:DSD_REG_DEMO@DF_DENSITY(2.0),Densité de population - Régions,I,A,Annuelle,CTRY,Pays,AUT,Autriche,_Z,N'est pas applicable,POP,Population,_T,Total,_T,Total,PS_KM2,Personnes par kilomètre carré,2021,,108.25,,AUT,Autriche,A,Valeur normale,0,Units,2,Two
DATAFLOW,OECD.CFE.EDS:DSD_REG_DEMO@DF_DENSITY(2.0),Densité de population - Régions,I,A,Annuelle,CTRY,Pays,AUT,Autriche,_Z,N'est pas applicable,POP,Population,_T,Total,_T,Total,PS_KM2,Personnes par kilomètre carré,2022,,108.81,,AUT,Autriche,A,Valeur normale,0,Units,2,Two
DATAFLOW,OECD.CFE.EDS:DSD_REG_DEMO@DF_DENSITY(2.0),Densité de population - Régions,I,A,Annuelle,CTRY,Pays,AUT,Autriche,_Z,N'est pas applicable,POP,Population,_T,Total,_T,Total,PS_KM2,Personnes par kilomètre carré,2023,,110.34,,AUT,Autriche,A,Valeur normale,0,Units,2,Two
DATAFLOW,OECD.CFE.EDS:DSD_REG_DEMO@DF_DENSITY(2.0),Densité de population - Régions,I,A,Annuelle,CTRY,Pays,AUT,Autriche,_Z,N'est pas applicable,POP,Population,_T,Total,_T,Total,PS_KM2,Personnes par kilomètre carré,2013,,102.42,,AUT,Autriche,A,Valeur normale,0,Units,2,Two
DATAFLOW,OECD.CFE.EDS:DSD_REG_DEMO@DF_DENSITY(2.0),Densité de population - Régions,I,A,Annuelle,CTRY,Pays,AUT,Autriche,_Z,N'est pas applicable,POP,Population,_T,Total,_T,Total,PS_KM2,Personnes par kilomètre carré,2015,,104.04,,AUT,Autriche,A,Valeur normale,0,Units,2,Two
DATAFLOW,OECD.CFE.EDS:DSD_REG_DEMO@DF_DENSITY(2.0),Densité de population - Régions,I,A,Annuelle,CTRY,Pays,AUT,Autriche,_Z,N'est pas applicable,POP,Population,_T,Total,_T,Total,PS_KM2,Personnes par kilomètre carré,2016,,105.44,,AUT,Autriche,A,Valeur normale,0,Units,2,Two
DATAFLOW,OECD.CFE.EDS:DSD_REG_DEMO@DF_DENSITY(2.0),Densité de population - Régions,I,A,Annuelle,CTRY,Pays,AUT,Autriche,_Z,N'est pas applicable,POP,Population,_T,Total,_T,Total,PS_KM2,Personnes par kilomètre carré,2017,,106.31,,AUT,Autriche,A,Valeur normale,0,Units,2,Two
DATAFLOW,OECD.CFE.EDS:DSD_REG_DEMO@DF_DENSITY(2.0),Densité de population - Régions,I,A,Annuelle,CTRY,Pays,AUT,Autriche,_Z,N'est pas applicable,POP,Population,_T,Total,_T,Total,PS_KM2,Personnes par kilomètre carré,2018,,106.91,,AUT,Autriche,A,Valeur normale,0,Units,2,Two
DATAFLOW,OECD.CFE.EDS:DSD_REG_DEMO@DF_DENSITY(2.0),Densité de population - Régions,I,A,Annuelle,CTRY,Pays,AUT,Autriche,_Z,N'est pas applicable,POP,Population,_T,Total,_T,Total,PS_KM2,Personnes par kilomètre carré,2007,,100.38,,AUT,Autriche,A,Valeur normale,0,Units,2,Two
DATAFLOW,OECD.CFE.EDS:DSD_REG_DEMO@DF_DENSITY(2.0),Densité de population - Régions,I,A,Annuelle,CTRY,Pays,AUT,Autriche,_Z,N'est pas applicable,POP,Population,_T,Total,_T,Total,PS_KM2,Personnes par kilomètre carré,2008,,100.68,,AUT,Autriche,A,Valeur normale,0,Units,2,Two
DATAFLOW,OECD.CFE.EDS:DSD_REG_DEMO@DF_DENSITY(2.0),Densité de population - Régions,I,A,Annuelle,CTRY,Pays,AUT,Autriche,_Z,N'est pas applicable,POP,Population,_T,Total,_T,Total,PS_KM2,Personnes par kilomètre carré,2010,,101.21,,AUT,Autriche,A,Valeur normale,0,Units,2,Two
DATAFLOW,OECD.CFE.EDS:DSD_REG_DEMO@DF_DENSITY(2.0),Densité de population - Régions,I,A,Annuelle,CTRY,Pays,BEL,Belgique,_Z,N'est pas applicable,POP,Population,_T,Total,_T,Total,PS_KM2,Personnes par kilomètre carré,2006,,345.18,,BEL,Belgique,A,Valeur normale,0,Units,2,Two
DATAFLOW,OECD.CFE.EDS:DSD_REG_DEMO@DF_DENSITY(2.0),Densité de population - Régions,I,A,Annuelle,CTRY,Pays,BEL,Belgique,_Z,N'est pas applicable,POP,Population,_T,Total,_T,Total,PS_KM2,Personnes par kilomètre carré,2007,,347.58,,BEL,Belgique,A,Valeur normale,0,Units,2,Two
DATAFLOW,OECD.CFE.EDS:DSD_REG_DEMO@DF_DENSITY(2.0),Densité de population - Régions,I,A,Annuelle,CTRY,Pays,BEL,Belgique,_Z,N'est pas applicable,POP,Population,_T,Total,_T,Total,PS,Personnes,2003,,10355844,,BEL,Belgique,A,Valeur normale,0,Units,0,Zero
DATAFLOW,OECD.CFE.EDS:DSD_REG_DEMO@DF_DENSITY(2.0),Densité de population - Régions,I,A,Annuelle,CTRY,Pays,BEL,Belgique,_Z,N'est pas applicable,POP,Population,_T,Total,_T,Total,PS,Personnes,1996,,10143047,,BEL,Belgique,A,Valeur normale,0,Units,0,Zero
DATAFLOW,OECD.CFE.EDS:DSD_REG_DEMO@DF_DENSITY(2.0),Densité de population - Régions,I,A,Annuelle,CTRY,Pays,BEL,Belgique,_Z,N'est pas applicable,POP,Population,_T,Total,_T,Total,PS,Personnes,1997,,10170226,,BEL,Belgique,A,Valeur normale,0,Units,0,Zero
DATAFLOW,OECD.CFE.EDS:DSD_REG_DEMO@DF_DENSITY(2.0),Densité de population - Régions,I,A,Annuelle,CTRY,Pays,BEL,Belgique,_Z,N'est pas applicable,POP,Population,_T,Total,_T,Total,PS,Personnes,1998,,10192264,,BEL,Belgique,A,Valeur normale,0,Units,0,Zero
DATAFLOW,OECD.CFE.EDS:DSD_REG_DEMO@DF_DENSITY(2.0),Densité de population - Régions,I,A,Annuelle,CTRY,Pays,BEL,Belgique,_Z,N'est pas applicable,POP,Population,_T,Total,_T,Total,PS,Personnes,1993,,10068319,,BEL,Belgique,A,Valeur normale,0,Units,0,Zero
DATAFLOW,OECD.CFE.EDS:DSD_REG_DEMO@DF_DENSITY(2.0),Densité de population - Régions,I,A,Annuelle,CTRY,Pays,BEL,Belgique,_Z,N'est pas applicable,POP,Population,_T,Total,_T,Total,PS,Personnes,1991,,9986975,,BEL,Belgique,A,Valeur normale,0,Units,0,Zero
DATAFLOW,OECD.CFE.EDS:DSD_REG_DEMO@DF_DENSITY(2.0),Densité de population - Régions,I,A,Annuelle,CTRY,Pays,BEL,Belgique,_Z,N'est pas applicable,POP,Population,_T,Total,_T,Total,PS,Personnes,2014,,11180840,,BEL,Belgique,A,Valeur normale,0,Units,0,Zero
DATAFLOW,OECD.CFE.EDS:DSD_REG_DEMO@DF_DENSITY(2.0),Densité de population - Régions,I,A,Annuelle,CTRY,Pays,BEL,Belgique,_Z,N'est pas applicable,POP,Population,_T,Total,_T,Total,PS,Personnes,2004,,10396421,,BEL,Belgique,A,Valeur normale,0,Units,0,Zero
DATAFLOW,OECD.CFE.EDS:DSD_REG_DEMO@DF_DENSITY(2.0),Densité de population - Régions,I,A,Annuelle,CTRY,Pays,BEL,Belgique,_Z,N'est pas applicable,POP,Population,_T,Total,_T,Total,PS,Personnes,2019,,11455519,,BEL,Belgique,A,Valeur normale,0,Units,0,Zero
DATAFLOW,OECD.CFE.EDS:DSD_REG_DEMO@DF_DENSITY(2.0),Densité de population - Régions,I,A,Annuelle,CTRY,Pays,BEL,Belgique,_Z,N'est pas applicable,POP,Population,_T,Total,_T,Total,PS,Personnes,1992,,10021997,,BEL,Belgique,A,Valeur normale,0,Units,0,Zero
DATAFLOW,OECD.CFE.EDS:DSD_REG_DEMO@DF_DENSITY(2.0),Densité de population - Régions,I,A,Annuelle,CTRY,Pays,BEL,Belgique,_Z,N'est pas applicable,POP,Population,_T,Total,_T,Total,PS,Personnes,2012,,11075889,,BEL,Belgique,A,Valeur normale,0,Units,0,Zero
DATAFLOW,OECD.CFE.EDS:DSD_REG_DEMO@DF_DENSITY(2.0),Densité de population - Régions,I,A,Annuelle,CTRY,Pays,BEL,Belgique,_Z,N'est pas applicable,POP,Population,_T,Total,_T,Total,PS,Personnes,2013,,11137974,,BEL,Belgique,A,Valeur normale,0,Units,0,Zero
DATAFLOW,OECD.CFE.EDS:DSD_REG_DEMO@DF_DENSITY(2.0),Densité de population - Régions,I,A,Annuelle,CTRY,Pays,BEL,Belgique,_Z,N'est pas applicable,POP,Population,_T,Total,_T,Total,PS,Personnes,1994,,10100631,,BEL,Belgique,A,Valeur normale,0,Units,0,Zero
DATAFLOW,OECD.CFE.EDS:DSD_REG_DEMO@DF_DENSITY(2.0),Densité de population - Régions,I,A,Annuelle,CTRY,Pays,BEL,Belgique,_Z,N'est pas applicable,POP,Population,_T,Total,_T,Total,PS,Personnes,1995,,10130574,,BEL,Belgique,A,Valeur normale,0,Units,0,Zero
DATAFLOW,OECD.CFE.EDS:DSD_REG_DEMO@DF_DENSITY(2.0),Densité de population - Régions,I,A,Annuelle,CTRY,Pays,BEL,Belgique,_Z,N'est pas applicable,POP,Population,_T,Total,_T,Total,PS,Personnes,2006,,10511382,,BEL,Belgique,A,Valeur normale,0,Units,0,Zero
DATAFLOW,OECD.CFE.EDS:DSD_REG_DEMO@DF_DENSITY(2.0),Densité de population - Régions,I,A,Annuelle,CTRY,Pays,BEL,Belgique,_Z,N'est pas applicable,POP,Population,_T,Total,_T,Total,PS,Personnes,2007,,10584534,,BEL,Belgique,A,Valeur normale,0,Units,0,Zero
DATAFLOW,OECD.CFE.EDS:DSD_REG_DEMO@DF_DENSITY(2.0),Densité de population - Régions,I,A,Annuelle,CTRY,Pays,BEL,Belgique,_Z,N'est pas applicable,POP,Population,_T,Total,_T,Total,PS,Personnes,2008,,10666866,,BEL,Belgique,A,Valeur normale,0,Units,0,Zero
DATAFLOW,OECD.CFE.EDS:DSD_REG_DEMO@DF_DENSITY(2.0),Densité de population - Régions,I,A,Annuelle,CTRY,Pays,BEL,Belgique,_Z,N'est pas applicable,POP,Population,_T,Total,_T,Total,PS,Personnes,1990,,9947782,,BEL,Belgique,A,Valeur normale,0,Units,0,Zero
DATAFLOW,OECD.CFE.EDS:DSD_REG_DEMO@DF_DENSITY(2.0),Densité de population - Régions,I,A,Annuelle,CTRY,Pays,BEL,Belgique,_Z,N'est pas applicable,POP,Population,_T,Total,_T,Total,PS,Personnes,2001,,10263414,,BEL,Belgique,A,Valeur normale,0,Units,0,Zero
DATAFLOW,OECD.CFE.EDS:DSD_REG_DEMO@DF_DENSITY(2.0),Densité de population - Régions,I,A,Annuelle,CTRY,Pays,BEL,Belgique,_Z,N'est pas applicable,POP,Population,_T,Total,_T,Total,PS,Personnes,2002,,10309725,,BEL,Belgique,A,Valeur normale,0,Units,0,Zero
DATAFLOW,OECD.CFE.EDS:DSD_REG_DEMO@DF_DENSITY(2.0),Densité de population - Régions,I,A,Annuelle,CTRY,Pays,BEL,Belgique,_Z,N'est pas applicable,POP,Population,_T,Total,_T,Total,PS_KM2,Personnes par kilomètre carré,2001,,337.04,,BEL,Belgique,A,Valeur normale,0,Units,2,Two
DATAFLOW,OECD.CFE.EDS:DSD_REG_DEMO@DF_DENSITY(2.0),Densité de population - Régions,I,A,Annuelle,CTRY,Pays,BEL,Belgique,_Z,N'est pas applicable,POP,Population,_T,Total,_T,Total,PS_KM2,Personnes par kilomètre carré,2002,,338.56,,BEL,Belgique,A,Valeur normale,0,Units,2,Two
DATAFLOW,OECD.CFE.EDS:DSD_REG_DEMO@DF_DENSITY(2.0),Densité de population - Régions,I,A,Annuelle,CTRY,Pays,BEL,Belgique,_Z,N'est pas applicable,POP,Population,_T,Total,_T,Total,PS_KM2,Personnes par kilomètre carré,2014,,367.16,,BEL,Belgique,A,Valeur normale,0,Units,2,Two
DATAFLOW,OECD.CFE.EDS:DSD_REG_DEMO@DF_DENSITY(2.0),Densité de population - Régions,I,A,Annuelle,CTRY,Pays,BEL,Belgique,_Z,N'est pas applicable,POP,Population,_T,Total,_T,Total,PS_KM2,Personnes par kilomètre carré,2005,,343.03,,BEL,Belgique,A,Valeur normale,0,Units,2,Two
DATAFLOW,OECD.CFE.EDS:DSD_REG_DEMO@DF_DENSITY(2.0),Densité de population - Régions,I,A,Annuelle,CTRY,Pays,BEL,Belgique,_Z,N'est pas applicable,POP,Population,_T,Total,_T,Total,PS_KM2,Personnes par kilomètre carré,1996,,333.08,,BEL,Belgique,A,Valeur normale,0,Units,2,Two
DATAFLOW,OECD.CFE.EDS:DSD_REG_DEMO@DF_DENSITY(2.0),Densité de population - Régions,I,A,Annuelle,CTRY,Pays,BEL,Belgique,_Z,N'est pas applicable,POP,Population,_T,Total,_T,Total,PS_KM2,Personnes par kilomètre carré,1997,,333.98,,BEL,Belgique,A,Valeur normale,0,Units,2,Two
DATAFLOW,OECD.CFE.EDS:DSD_REG_DEMO@DF_DENSITY(2.0),Densité de population - Régions,I,A,Annuelle,CTRY,Pays,BEL,Belgique,_Z,N'est pas applicable,POP,Population,_T,Total,_T,Total,PS_KM2,Personnes par kilomètre carré,2009,,353.12,,BEL,Belgique,A,Valeur normale,0,Units,2,Two
DATAFLOW,OECD.CFE.EDS:DSD_REG_DEMO@DF_DENSITY(2.0),Densité de population - Régions,I,A,Annuelle,CTRY,Pays,BEL,Belgique,_Z,N'est pas applicable,POP,Population,_T,Total,_T,Total,PS_KM2,Personnes par kilomètre carré,2000,,336.24,,BEL,Belgique,A,Valeur normale,0,Units,2,Two
DATAFLOW,OECD.CFE.EDS:DSD_REG_DEMO@DF_DENSITY(2.0),Densité de population - Régions,I,A,Annuelle,CTRY,Pays,BEL,Belgique,_Z,N'est pas applicable,POP,Population,_T,Total,_T,Total,PS_KM2,Personnes par kilomètre carré,1990,,326.68,,BEL,Belgique,A,Valeur normale,0,Units,2,Two
DATAFLOW,OECD.CFE.EDS:DSD_REG_DEMO@DF_DENSITY(2.0),Densité de population - Régions,I,A,Annuelle,CTRY,Pays,BEL,Belgique,_Z,N'est pas applicable,POP,Population,_T,Total,_T,Total,PS_KM2,Personnes par kilomètre carré,1991,,327.97,,BEL,Belgique,A,Valeur normale,0,Units,2,Two
DATAFLOW,OECD.CFE.EDS:DSD_REG_DEMO@DF_DENSITY(2.0),Densité de population - Régions,I,A,Annuelle,CTRY,Pays,BEL,Belgique,_Z,N'est pas applicable,POP,Population,_T,Total,_T,Total,PS_KM2,Personnes par kilomètre carré,2004,,341.4,,BEL,Belgique,A,Valeur normale,0,Units,2,Two
DATAFLOW,OECD.CFE.EDS:DSD_REG_DEMO@DF_DENSITY(2.0),Densité de population - Régions,I,A,Annuelle,CTRY,Pays,BEL,Belgique,_Z,N'est pas applicable,POP,Population,_T,Total,_T,Total,PS_KM2,Personnes par kilomètre carré,1995,,332.67,,BEL,Belgique,A,Valeur normale,0,Units,2,Two
DATAFLOW,OECD.CFE.EDS:DSD_REG_DEMO@DF_DENSITY(2.0),Densité de population - Régions,I,A,Annuelle,CTRY,Pays,BEL,Belgique,_Z,N'est pas applicable,POP,Population,_T,Total,_T,Total,PS_KM2,Personnes par kilomètre carré,1994,,331.7,,BEL,Belgique,A,Valeur normale,0,Units,2,Two
DATAFLOW,OECD.CFE.EDS:DSD_REG_DEMO@DF_DENSITY(2.0),Densité de population - Régions,I,A,Annuelle,CTRY,Pays,BEL,Belgique,_Z,N'est pas applicable,POP,Population,_T,Total,_T,Total,PS_KM2,Personnes par kilomètre carré,1999,,335.4,,BEL,Belgique,A,Valeur normale,0,Units,2,Two
DATAFLOW,OECD.CFE.EDS:DSD_REG_DEMO@DF_DENSITY(2.0),Densité de population - Régions,I,A,Annuelle,CTRY,Pays,BEL,Belgique,_Z,N'est pas applicable,POP,Population,_T,Total,_T,Total,PS_KM2,Personnes par kilomètre carré,1993,,330.64,,BEL,Belgique,A,Valeur normale,0,Units,2,Two
DATAFLOW,OECD.CFE.EDS:DSD_REG_DEMO@DF_DENSITY(2.0),Densité de population - Régions,I,A,Annuelle,CTRY,Pays,BEL,Belgique,_Z,N'est pas applicable,POP,Population,_T,Total,_T,Total,PS_KM2,Personnes par kilomètre carré,1998,,334.7,,BEL,Belgique,A,Valeur normale,0,Units,2,Two
DATAFLOW,OECD.CFE.EDS:DSD_REG_DEMO@DF_DENSITY(2.0),Densité de population - Régions,I,A,Annuelle,CTRY,Pays,BEL,Belgique,_Z,N'est pas applicable,POP,Population,_T,Total,_T,Total,PS_KM2,Personnes par kilomètre carré,1992,,329.12,,BEL,Belgique,A,Valeur normale,0,Units,2,Two
DATAFLOW,OECD.CFE.EDS:DSD_REG_DEMO@DF_DENSITY(2.0),Densité de population - Régions,I,A,Annuelle,CTRY,Pays,BEL,Belgique,_Z,N'est pas applicable,POP,Population,_T,Total,_T,Total,PS,Personnes,2011,,11000638,,BEL,Belgique,B,Rupture de série,0,Units,0,Zero
DATAFLOW,OECD.CFE.EDS:DSD_REG_DEMO@DF_DENSITY(2.0),Densité de population - Régions,I,A,Annuelle,CTRY,Pays,BEL,Belgique,_Z,N'est pas applicable,POP,Population,_T,Total,_T,Total,PS,Personnes,2023,,11742796,,BEL,Belgique,A,Valeur normale,0,Units,0,Zero
DATAFLOW,OECD.CFE.EDS:DSD_REG_DEMO@DF_DENSITY(2.0),Densité de population - Régions,I,A,Annuelle,CTRY,Pays,BEL,Belgique,_Z,N'est pas applicable,POP,Population,_T,Total,_T,Total,PS,Personnes,2010,,10839905,,BEL,Belgique,A,Valeur normale,0,Units,0,Zero
DATAFLOW,OECD.CFE.EDS:DSD_REG_DEMO@DF_DENSITY(2.0),Densité de population - Régions,I,A,Annuelle,CTRY,Pays,BEL,Belgique,_Z,N'est pas applicable,POP,Population,_T,Total,_T,Total,PS,Personnes,2015,,11237274,,BEL,Belgique,A,Valeur normale,0,Units,0,Zero
DATAFLOW,OECD.CFE.EDS:DSD_REG_DEMO@DF_DENSITY(2.0),Densité de population - Régions,I,A,Annuelle,CTRY,Pays,BEL,Belgique,_Z,N'est pas applicable,POP,Population,_T,Total,_T,Total,PS,Personnes,2016,,11311117,,BEL,Belgique,A,Valeur normale,0,Units,0,Zero
DATAFLOW,OECD.CFE.EDS:DSD_REG_DEMO@DF_DENSITY(2.0),Densité de population - Régions,I,A,Annuelle,CTRY,Pays,BEL,Belgique,_Z,N'est pas applicable,POP,Population,_T,Total,_T,Total,PS,Personnes,2017,,11351727,,BEL,Belgique,A,Valeur normale,0,Units,0,Zero
DATAFLOW,OECD.CFE.EDS:DSD_REG_DEMO@DF_DENSITY(2.0),Densité de population - Régions,I,A,Annuelle,CTRY,Pays,BEL,Belgique,_Z,N'est pas applicable,POP,Population,_T,Total,_T,Total,PS,Personnes,2005,,10445852,,BEL,Belgique,A,Valeur normale,0,Units,0,Zero
DATAFLOW,OECD.CFE.EDS:DSD_REG_DEMO@DF_DENSITY(2.0),Densité de population - Régions,I,A,Annuelle,CTRY,Pays,BEL,Belgique,_Z,N'est pas applicable,POP,Population,_T,Total,_T,Total,PS,Personnes,2018,,11398589,,BEL,Belgique,A,Valeur normale,0,Units,0,Zero
DATAFLOW,OECD.CFE.EDS:DSD_REG_DEMO@DF_DENSITY(2.0),Densité de population - Régions,I,A,Annuelle,CTRY,Pays,BEL,Belgique,_Z,N'est pas applicable,POP,Population,_T,Total,_T,Total,PS,Personnes,2021,,11554767,,BEL,Belgique,A,Valeur normale,0,Units,0,Zero
DATAFLOW,OECD.CFE.EDS:DSD_REG_DEMO@DF_DENSITY(2.0),Densité de population - Régions,I,A,Annuelle,CTRY,Pays,BEL,Belgique,_Z,N'est pas applicable,POP,Population,_T,Total,_T,Total,PS,Personnes,2022,,11617623,,BEL,Belgique,A,Valeur normale,0,Units,0,Zero
DATAFLOW,OECD.CFE.EDS:DSD_REG_DEMO@DF_DENSITY(2.0),Densité de population - Régions,I,A,Annuelle,CTRY,Pays,BEL,Belgique,_Z,N'est pas applicable,POP,Population,_T,Total,_T,Total,PS,Personnes,2020,,11522440,,BEL,Belgique,A,Valeur normale,0,Units,0,Zero
DATAFLOW,OECD.CFE.EDS:DSD_REG_DEMO@DF_DENSITY(2.0),Densité de population - Régions,I,A,Annuelle,CTRY,Pays,BEL,Belgique,_Z,N'est pas applicable,POP,Population,_T,Total,_T,Total,PS,Personnes,2009,,10753080,,BEL,Belgique,A,Valeur normale,0,Units,0,Zero
DATAFLOW,OECD.CFE.EDS:DSD_REG_DEMO@DF_DENSITY(2.0),Densité de population - Régions,I,A,Annuelle,CTRY,Pays,BEL,Belgique,_Z,N'est pas applicable,POP,Population,_T,Total,_T,Total,PS,Personnes,1999,,10213752,,BEL,Belgique,A,Valeur normale,0,Units,0,Zero
DATAFLOW,OECD.CFE.EDS:DSD_REG_DEMO@DF_DENSITY(2.0),Densité de population - Régions,I,A,Annuelle,CTRY,Pays,BEL,Belgique,_Z,N'est pas applicable,POP,Population,_T,Total,_T,Total,PS,Personnes,2000,,10239085,,BEL,Belgique,A,Valeur normale,0,Units,0,Zero
DATAFLOW,OECD.CFE.EDS:DSD_REG_DEMO@DF_DENSITY(2.0),Densité de population - Régions,I,A,Annuelle,CTRY,Pays,BEL,Belgique,_Z,N'est pas applicable,POP,Population,_T,Total,_T,Total,PS_KM2,Personnes par kilomètre carré,2011,,361.25,,BEL,Belgique,B,Rupture de série,0,Units,2,Two
DATAFLOW,OECD.CFE.EDS:DSD_REG_DEMO@DF_DENSITY(2.0),Densité de population - Régions,I,A,Annuelle,CTRY,Pays,BEL,Belgique,_Z,N'est pas applicable,POP,Population,_T,Total,_T,Total,PS_KM2,Personnes par kilomètre carré,2020,,378.38,,BEL,Belgique,A,Valeur normale,0,Units,2,Two
DATAFLOW,OECD.CFE.EDS:DSD_REG_DEMO@DF_DENSITY(2.0),Densité de population - Régions,I,A,Annuelle,CTRY,Pays,BEL,Belgique,_Z,N'est pas applicable,POP,Population,_T,Total,_T,Total,PS_KM2,Personnes par kilomètre carré,2018,,374.31,,BEL,Belgique,A,Valeur normale,0,Units,2,Two
DATAFLOW,OECD.CFE.EDS:DSD_REG_DEMO@DF_DENSITY(2.0),Densité de population - Régions,I,A,Annuelle,CTRY,Pays,BEL,Belgique,_Z,N'est pas applicable,POP,Population,_T,Total,_T,Total,PS_KM2,Personnes par kilomètre carré,2019,,376.18,,BEL,Belgique,A,Valeur normale,0,Units,2,Two
DATAFLOW,OECD.CFE.EDS:DSD_REG_DEMO@DF_DENSITY(2.0),Densité de population - Régions,I,A,Annuelle,CTRY,Pays,BEL,Belgique,_Z,N'est pas applicable,POP,Population,_T,Total,_T,Total,PS_KM2,Personnes par kilomètre carré,2021,,379.44,,BEL,Belgique,A,Valeur normale,0,Units,2,Two
DATAFLOW,OECD.CFE.EDS:DSD_REG_DEMO@DF_DENSITY(2.0),Densité de population - Régions,I,A,Annuelle,CTRY,Pays,BEL,Belgique,_Z,N'est pas applicable,POP,Population,_T,Total,_T,Total,PS_KM2,Personnes par kilomètre carré,2008,,350.28,,BEL,Belgique,A,Valeur normale,0,Units,2,Two
DATAFLOW,OECD.CFE.EDS:DSD_REG_DEMO@DF_DENSITY(2.0),Densité de population - Régions,I,A,Annuelle,CTRY,Pays,BEL,Belgique,_Z,N'est pas applicable,POP,Population,_T,Total,_T,Total,PS_KM2,Personnes par kilomètre carré,2022,,381.51,,BEL,Belgique,A,Valeur normale,0,Units,2,Two
DATAFLOW,OECD.CFE.EDS:DSD_REG_DEMO@DF_DENSITY(2.0),Densité de population - Régions,I,A,Annuelle,CTRY,Pays,BEL,Belgique,_Z,N'est pas applicable,POP,Population,_T,Total,_T,Total,PS_KM2,Personnes par kilomètre carré,2023,,385.62,,BEL,Belgique,A,Valeur normale,0,Units,2,Two
DATAFLOW,OECD.CFE.EDS:DSD_REG_DEMO@DF_DENSITY(2.0),Densité de population - Régions,I,A,Annuelle,CTRY,Pays,BEL,Belgique,_Z,N'est pas applicable,POP,Population,_T,Total,_T,Total,PS_KM2,Personnes par kilomètre carré,2013,,365.76,,BEL,Belgique,A,Valeur normale,0,Units,2,Two
DATAFLOW,OECD.CFE.EDS:DSD_REG_DEMO@DF_DENSITY(2.0),Densité de population - Régions,I,A,Annuelle,CTRY,Pays,BEL,Belgique,_Z,N'est pas applicable,POP,Population,_T,Total,_T,Total,PS_KM2,Personnes par kilomètre carré,2015,,369.02,,BEL,Belgique,A,Valeur normale,0,Units,2,Two
DATAFLOW,OECD.CFE.EDS:DSD_REG_DEMO@DF_DENSITY(2.0),Densité de population - Régions,I,A,Annuelle,CTRY,Pays,BEL,Belgique,_Z,N'est pas applicable,POP,Population,_T,Total,_T,Total,PS_KM2,Personnes par kilomètre carré,2016,,371.44,,BEL,Belgique,A,Valeur normale,0,Units,2,Two
DATAFLOW,OECD.CFE.EDS:DSD_REG_DEMO@DF_DENSITY(2.0),Densité de population - Régions,I,A,Annuelle,CTRY,Pays,BEL,Belgique,_Z,N'est pas applicable,POP,Population,_T,Total,_T,Total,PS_KM2,Personnes par kilomètre carré,2017,,372.77,,BEL,Belgique,A,Valeur normale,0,Units,2,Two
DATAFLOW,OECD.CFE.EDS:DSD_REG_DEMO@DF_DENSITY(2.0),Densité de population - Régions,I,A,Annuelle,CTRY,Pays,BEL,Belgique,_Z,N'est pas applicable,POP,Population,_T,Total,_T,Total,PS_KM2,Personnes par kilomètre carré,2010,,355.97,,BEL,Belgique,A,Valeur normale,0,Units,2,Two
DATAFLOW,OECD.CFE.EDS:DSD_REG_DEMO@DF_DENSITY(2.0),Densité de population - Régions,I,A,Annuelle,CTRY,Pays,BEL,Belgique,_Z,N'est pas applicable,POP,Population,_T,Total,_T,Total,PS_KM2,Personnes par kilomètre carré,2012,,363.72,,BEL,Belgique,A,Valeur normale,0,Units,2,Two
DATAFLOW,OECD.CFE.EDS:DSD_REG_DEMO@DF_DENSITY(2.0),Densité de population - Régions,I,A,Annuelle,CTRY,Pays,CAN,Canada,_Z,N'est pas applicable,POP,Population,_T,Total,_T,Total,PS_KM2,Personnes par kilomètre carré,2007,,3.67,,CAN,Canada,A,Valeur normale,0,Units,2,Two
DATAFLOW,OECD.CFE.EDS:DSD_REG_DEMO@DF_DENSITY(2.0),Densité de population - Régions,I,A,Annuelle,CTRY,Pays,CAN,Canada,_Z,N'est pas applicable,POP,Population,_T,Total,_T,Total,PS_KM2,Personnes par kilomètre carré,2001,,3.46,,CAN,Canada,A,Valeur normale,0,Units,2,Two
DATAFLOW,OECD.CFE.EDS:DSD_REG_DEMO@DF_DENSITY(2.0),Densité de population - Régions,I,A,Annuelle,CTRY,Pays,CAN,Canada,_Z,N'est pas applicable,POP,Population,_T,Total,_T,Total,PS,Personnes,1996,,29610218,,CAN,Canada,A,Valeur normale,0,Units,0,Zero
DATAFLOW,OECD.CFE.EDS:DSD_REG_DEMO@DF_DENSITY(2.0),Densité de population - Régions,I,A,Annuelle,CTRY,Pays,CAN,Canada,_Z,N'est pas applicable,POP,Population,_T,Total,_T,Total,PS,Personnes,1997,,29905948,,CAN,Canada,A,Valeur normale,0,Units,0,Zero
DATAFLOW,OECD.CFE.EDS:DSD_REG_DEMO@DF_DENSITY(2.0),Densité de population - Régions,I,A,Annuelle,CTRY,Pays,CAN,Canada,_Z,N'est pas applicable,POP,Population,_T,Total,_T,Total,PS,Personnes,1998,,30155173,,CAN,Canada,A,Valeur normale,0,Units,0,Zero
DATAFLOW,OECD.CFE.EDS:DSD_REG_DEMO@DF_DENSITY(2.0),Densité de population - Régions,I,A,Annuelle,CTRY,Pays,CAN,Canada,_Z,N'est pas applicable,POP,Population,_T,Total,_T,Total,PS,Personnes,1993,,28684764,,CAN,Canada,A,Valeur normale,0,Units,0,Zero
DATAFLOW,OECD.CFE.EDS:DSD_REG_DEMO@DF_DENSITY(2.0),Densité de population - Régions,I,A,Annuelle,CTRY,Pays,CAN,Canada,_Z,N'est pas applicable,POP,Population,_T,Total,_T,Total,PS,Personnes,1991,,28037420,,CAN,Canada,A,Valeur normale,0,Units,0,Zero
DATAFLOW,OECD.CFE.EDS:DSD_REG_DEMO@DF_DENSITY(2.0),Densité de population - Régions,I,A,Annuelle,CTRY,Pays,CAN,Canada,_Z,N'est pas applicable,POP,Population,_T,Total,_T,Total,PS,Personnes,1990,,27691138,,CAN,Canada,A,Valeur normale,0,Units,0,Zero
DATAFLOW,OECD.CFE.EDS:DSD_REG_DEMO@DF_DENSITY(2.0),Densité de population - Régions,I,A,Annuelle,CTRY,Pays,CAN,Canada,_Z,N'est pas applicable,POP,Population,_T,Total,_T,Total,PS,Personnes,2007,,32888886,,CAN,Canada,A,Valeur normale,0,Units,0,Zero
DATAFLOW,OECD.CFE.EDS:DSD_REG_DEMO@DF_DENSITY(2.0),Densité de population - Régions,I,A,Annuelle,CTRY,Pays,CAN,Canada,_Z,N'est pas applicable,POP,Population,_T,Total,_T,Total,PS,Personnes,2008,,33247298,,CAN,Canada,A,Valeur normale,0,Units,0,Zero
DATAFLOW,OECD.CFE.EDS:DSD_REG_DEMO@DF_DENSITY(2.0),Densité de population - Régions,I,A,Annuelle,CTRY,Pays,CAN,Canada,_Z,N'est pas applicable,POP,Population,_T,Total,_T,Total,PS,Personnes,2009,,33630069,,CAN,Canada,A,Valeur normale,0,Units,0,Zero
DATAFLOW,OECD.CFE.EDS:DSD_REG_DEMO@DF_DENSITY(2.0),Densité de population - Régions,I,A,Annuelle,CTRY,Pays,CAN,Canada,_Z,N'est pas applicable,POP,Population,_T,Total,_T,Total,PS,Personnes,2010,,34005902,,CAN,Canada,A,Valeur normale,0,Units,0,Zero
DATAFLOW,OECD.CFE.EDS:DSD_REG_DEMO@DF_DENSITY(2.0),Densité de population - Régions,I,A,Annuelle,CTRY,Pays,CAN,Canada,_Z,N'est pas applicable,POP,Population,_T,Total,_T,Total,PS,Personnes,2011,,34339221,,CAN,Canada,A,Valeur normale,0,Units,0,Zero
DATAFLOW,OECD.CFE.EDS:DSD_REG_DEMO@DF_DENSITY(2.0),Densité de population - Régions,I,A,Annuelle,CTRY,Pays,CAN,Canada,_Z,N'est pas applicable,POP,Population,_T,Total,_T,Total,PS,Personnes,2012,,34713395,,CAN,Canada,A,Valeur normale,0,Units,0,Zero
DATAFLOW,OECD.CFE.EDS:DSD_REG_DEMO@DF_DENSITY(2.0),Densité de population - Régions,I,A,Annuelle,CTRY,Pays,CAN,Canada,_Z,N'est pas applicable,POP,Population,_T,Total,_T,Total,PS,Personnes,2013,,35080992,,CAN,Canada,A,Valeur normale,0,Units,0,Zero
DATAFLOW,OECD.CFE.EDS:DSD_REG_DEMO@DF_DENSITY(2.0),Densité de population - Régions,I,A,Annuelle,CTRY,Pays,CAN,Canada,_Z,N'est pas applicable,POP,Population,_T,Total,_T,Total,PS,Personnes,2014,,35434066,,CAN,Canada,A,Valeur normale,0,Units,0,Zero
DATAFLOW,OECD.CFE.EDS:DSD_REG_DEMO@DF_DENSITY(2.0),Densité de population - Régions,I,A,Annuelle,CTRY,Pays,CAN,Canada,_Z,N'est pas applicable,POP,Population,_T,Total,_T,Total,PS,Personnes,2015,,35704498,,CAN,Canada,A,Valeur normale,0,Units,0,Zero
DATAFLOW,OECD.CFE.EDS:DSD_REG_DEMO@DF_DENSITY(2.0),Densité de population - Régions,I,A,Annuelle,CTRY,Pays,CAN,Canada,_Z,N'est pas applicable,POP,Population,_T,Total,_T,Total,PS,Personnes,2000,,30685730,,CAN,Canada,A,Valeur normale,0,Units,0,Zero
DATAFLOW,OECD.CFE.EDS:DSD_REG_DEMO@DF_DENSITY(2.0),Densité de population - Régions,I,A,Annuelle,CTRY,Pays,CAN,Canada,_Z,N'est pas applicable,POP,Population,_T,Total,_T,Total,PS,Personnes,1994,,29000663,,CAN,Canada,A,Valeur normale,0,Units,0,Zero
DATAFLOW,OECD.CFE.EDS:DSD_REG_DEMO@DF_DENSITY(2.0),Densité de population - Régions,I,A,Annuelle,CTRY,Pays,CAN,Canada,_Z,N'est pas applicable,POP,Population,_T,Total,_T,Total,PS,Personnes,1995,,29302311,,CAN,Canada,A,Valeur normale,0,Units,0,Zero
DATAFLOW,OECD.CFE.EDS:DSD_REG_DEMO@DF_DENSITY(2.0),Densité de population - Régions,I,A,Annuelle,CTRY,Pays,CAN,Canada,_Z,N'est pas applicable,POP,Population,_T,Total,_T,Total,PS,Personnes,1999,,30401286,,CAN,Canada,A,Valeur normale,0,Units,0,Zero
DATAFLOW,OECD.CFE.EDS:DSD_REG_DEMO@DF_DENSITY(2.0),Densité de population - Régions,I,A,Annuelle,CTRY,Pays,CAN,Canada,_Z,N'est pas applicable,POP,Population,_T,Total,_T,Total,PS,Personnes,1992,,28371264,,CAN,Canada,A,Valeur normale,0,Units,0,Zero
DATAFLOW,OECD.CFE.EDS:DSD_REG_DEMO@DF_DENSITY(2.0),Densité de population - Régions,I,A,Annuelle,CTRY,Pays,CAN,Canada,_Z,N'est pas applicable,POP,Population,_T,Total,_T,Total,PS_KM2,Personnes par kilomètre carré,2002,,3.5,,CAN,Canada,A,Valeur normale,0,Units,2,Two
DATAFLOW,OECD.CFE.EDS:DSD_REG_DEMO@DF_DENSITY(2.0),Densité de population - Régions,I,A,Annuelle,CTRY,Pays,CAN,Canada,_Z,N'est pas applicable,POP,Population,_T,Total,_T,Total,PS_KM2,Personnes par kilomètre carré,2014,,3.95,,CAN,Canada,A,Valeur normale,0,Units,2,Two
DATAFLOW,OECD.CFE.EDS:DSD_REG_DEMO@DF_DENSITY(2.0),Densité de population - Régions,I,A,Annuelle,CTRY,Pays,CAN,Canada,_Z,N'est pas applicable,POP,Population,_T,Total,_T,Total,PS_KM2,Personnes par kilomètre carré,2005,,3.6,,CAN,Canada,A,Valeur normale,0,Units,2,Two
DATAFLOW,OECD.CFE.EDS:DSD_REG_DEMO@DF_DENSITY(2.0),Densité de population - Régions,I,A,Annuelle,CTRY,Pays,CAN,Canada,_Z,N'est pas applicable,POP,Population,_T,Total,_T,Total,PS_KM2,Personnes par kilomètre carré,1996,,3.3,,CAN,Canada,A,Valeur normale,0,Units,2,Two
DATAFLOW,OECD.CFE.EDS:DSD_REG_DEMO@DF_DENSITY(2.0),Densité de population - Régions,I,A,Annuelle,CTRY,Pays,CAN,Canada,_Z,N'est pas applicable,POP,Population,_T,Total,_T,Total,PS_KM2,Personnes par kilomètre carré,1997,,3.34,,CAN,Canada,A,Valeur normale,0,Units,2,Two
DATAFLOW,OECD.CFE.EDS:DSD_REG_DEMO@DF_DENSITY(2.0),Densité de population - Régions,I,A,Annuelle,CTRY,Pays,CAN,Canada,_Z,N'est pas applicable,POP,Population,_T,Total,_T,Total,PS_KM2,Personnes par kilomètre carré,2009,,3.75,,CAN,Canada,A,Valeur normale,0,Units,2,Two
DATAFLOW,OECD.CFE.EDS:DSD_REG_DEMO@DF_DENSITY(2.0),Densité de population - Régions,I,A,Annuelle,CTRY,Pays,CAN,Canada,_Z,N'est pas applicable,POP,Population,_T,Total,_T,Total,PS_KM2,Personnes par kilomètre carré,2000,,3.42,,CAN,Canada,A,Valeur normale,0,Units,2,Two
DATAFLOW,OECD.CFE.EDS:DSD_REG_DEMO@DF_DENSITY(2.0),Densité de population - Régions,I,A,Annuelle,CTRY,Pays,CAN,Canada,_Z,N'est pas applicable,POP,Population,_T,Total,_T,Total,PS_KM2,Personnes par kilomètre carré,1990,,3.09,,CAN,Canada,A,Valeur normale,0,Units,2,Two
DATAFLOW,OECD.CFE.EDS:DSD_REG_DEMO@DF_DENSITY(2.0),Densité de population - Régions,I,A,Annuelle,CTRY,Pays,CAN,Canada,_Z,N'est pas applicable,POP,Population,_T,Total,_T,Total,PS_KM2,Personnes par kilomètre carré,1991,,3.13,,CAN,Canada,A,Valeur normale,0,Units,2,Two
DATAFLOW,OECD.CFE.EDS:DSD_REG_DEMO@DF_DENSITY(2.0),Densité de population - Régions,I,A,Annuelle,CTRY,Pays,CAN,Canada,_Z,N'est pas applicable,POP,Population,_T,Total,_T,Total,PS_KM2,Personnes par kilomètre carré,2004,,3.56,,CAN,Canada,A,Valeur normale,0,Units,2,Two
DATAFLOW,OECD.CFE.EDS:DSD_REG_DEMO@DF_DENSITY(2.0),Densité de population - Régions,I,A,Annuelle,CTRY,Pays,CAN,Canada,_Z,N'est pas applicable,POP,Population,_T,Total,_T,Total,PS_KM2,Personnes par kilomètre carré,1995,,3.27,,CAN,Canada,A,Valeur normale,0,Units,2,Two
DATAFLOW,OECD.CFE.EDS:DSD_REG_DEMO@DF_DENSITY(2.0),Densité de population - Régions,I,A,Annuelle,CTRY,Pays,CAN,Canada,_Z,N'est pas applicable,POP,Population,_T,Total,_T,Total,PS_KM2,Personnes par kilomètre carré,1994,,3.23,,CAN,Canada,A,Valeur normale,0,Units,2,Two
DATAFLOW,OECD.CFE.EDS:DSD_REG_DEMO@DF_DENSITY(2.0),Densité de population - Régions,I,A,Annuelle,CTRY,Pays,CAN,Canada,_Z,N'est pas applicable,POP,Population,_T,Total,_T,Total,PS_KM2,Personnes par kilomètre carré,1999,,3.39,,CAN,Canada,A,Valeur normale,0,Units,2,Two
DATAFLOW,OECD.CFE.EDS:DSD_REG_DEMO@DF_DENSITY(2.0),Densité de population - Régions,I,A,Annuelle,CTRY,Pays,CAN,Canada,_Z,N'est pas applicable,POP,Population,_T,Total,_T,Total,PS_KM2,Personnes par kilomètre carré,1993,,3.2,,CAN,Canada,A,Valeur normale,0,Units,2,Two
DATAFLOW,OECD.CFE.EDS:DSD_REG_DEMO@DF_DENSITY(2.0),Densité de population - Régions,I,A,Annuelle,CTRY,Pays,CAN,Canada,_Z,N'est pas applicable,POP,Population,_T,Total,_T,Total,PS_KM2,Personnes par kilomètre carré,1998,,3.36,,CAN,Canada,A,Valeur normale,0,Units,2,Two
DATAFLOW,OECD.CFE.EDS:DSD_REG_DEMO@DF_DENSITY(2.0),Densité de population - Régions,I,A,Annuelle,CTRY,Pays,CAN,Canada,_Z,N'est pas applicable,POP,Population,_T,Total,_T,Total,PS_KM2,Personnes par kilomètre carré,2003,,3.53,,CAN,Canada,A,Valeur normale,0,Units,2,Two
DATAFLOW,OECD.CFE.EDS:DSD_REG_DEMO@DF_DENSITY(2.0),Densité de population - Régions,I,A,Annuelle,CTRY,Pays,CAN,Canada,_Z,N'est pas applicable,POP,Population,_T,Total,_T,Total,PS_KM2,Personnes par kilomètre carré,1992,,3.16,,CAN,Canada,A,Valeur normale,0,Units,2,Two
DATAFLOW,OECD.CFE.EDS:DSD_REG_DEMO@DF_DENSITY(2.0),Densité de population - Régions,I,A,Annuelle,CTRY,Pays,CAN,Canada,_Z,N'est pas applicable,POP,Population,_T,Total,_T,Total,PS,Personnes,2016,,36110803,,CAN,Canada,A,Valeur normale,0,Units,0,Zero
DATAFLOW,OECD.CFE.EDS:DSD_REG_DEMO@DF_DENSITY(2.0),Densité de population - Régions,I,A,Annuelle,CTRY,Pays,CAN,Canada,_Z,N'est pas applicable,POP,Population,_T,Total,_T,Total,PS,Personnes,2017,,36545075,,CAN,Canada,A,Valeur normale,0,Units,0,Zero
DATAFLOW,OECD.CFE.EDS:DSD_REG_DEMO@DF_DENSITY(2.0),Densité de population - Régions,I,A,Annuelle,CTRY,Pays,CAN,Canada,_Z,N'est pas applicable,POP,Population,_T,Total,_T,Total,PS,Personnes,2018,,37072620,,CAN,Canada,A,Valeur normale,0,Units,0,Zero
DATAFLOW,OECD.CFE.EDS:DSD_REG_DEMO@DF_DENSITY(2.0),Densité de population - Régions,I,A,Annuelle,CTRY,Pays,CAN,Canada,_Z,N'est pas applicable,POP,Population,_T,Total,_T,Total,PS,Personnes,2019,,37618495,,CAN,Canada,A,Valeur normale,0,Units,0,Zero
DATAFLOW,OECD.CFE.EDS:DSD_REG_DEMO@DF_DENSITY(2.0),Densité de population - Régions,I,A,Annuelle,CTRY,Pays,CAN,Canada,_Z,N'est pas applicable,POP,Population,_T,Total,_T,Total,PS,Personnes,2020,,38028638,,CAN,Canada,A,Valeur normale,0,Units,0,Zero
DATAFLOW,OECD.CFE.EDS:DSD_REG_DEMO@DF_DENSITY(2.0),Densité de population - Régions,I,A,Annuelle,CTRY,Pays,CAN,Canada,_Z,N'est pas applicable,POP,Population,_T,Total,_T,Total,PS,Personnes,2021,,38239864,,CAN,Canada,A,Valeur normale,0,Units,0,Zero
DATAFLOW,OECD.CFE.EDS:DSD_REG_DEMO@DF_DENSITY(2.0),Densité de population - Régions,I,A,Annuelle,CTRY,Pays,CAN,Canada,_Z,N'est pas applicable,POP,Population,_T,Total,_T,Total,PS,Personnes,2022,,38935934,,CAN,Canada,A,Valeur normale,0,Units,0,Zero
DATAFLOW,OECD.CFE.EDS:DSD_REG_DEMO@DF_DENSITY(2.0),Densité de population - Régions,I,A,Annuelle,CTRY,Pays,CAN,Canada,_Z,N'est pas applicable,POP,Population,_T,Total,_T,Total,PS,Personnes,2023,,40083484,,CAN,Canada,A,Valeur normale,0,Units,0,Zero
DATAFLOW,OECD.CFE.EDS:DSD_REG_DEMO@DF_DENSITY(2.0),Densité de population - Régions,I,A,Annuelle,CTRY,Pays,CAN,Canada,_Z,N'est pas applicable,POP,Population,_T,Total,_T,Total,PS,Personnes,2001,,31020855,,CAN,Canada,A,Valeur normale,0,Units,0,Zero
DATAFLOW,OECD.CFE.EDS:DSD_REG_DEMO@DF_DENSITY(2.0),Densité de population - Régions,I,A,Annuelle,CTRY,Pays,CAN,Canada,_Z,N'est pas applicable,POP,Population,_T,Total,_T,Total,PS,Personnes,2002,,31359199,,CAN,Canada,A,Valeur normale,0,Units,0,Zero
DATAFLOW,OECD.CFE.EDS:DSD_REG_DEMO@DF_DENSITY(2.0),Densité de population - Régions,I,A,Annuelle,CTRY,Pays,CAN,Canada,_Z,N'est pas applicable,POP,Population,_T,Total,_T,Total,PS,Personnes,2003,,31642461,,CAN,Canada,A,Valeur normale,0,Units,0,Zero
DATAFLOW,OECD.CFE.EDS:DSD_REG_DEMO@DF_DENSITY(2.0),Densité de population - Régions,I,A,Annuelle,CTRY,Pays,CAN,Canada,_Z,N'est pas applicable,POP,Population,_T,Total,_T,Total,PS,Personnes,2004,,31938807,,CAN,Canada,A,Valeur normale,0,Units,0,Zero
DATAFLOW,OECD.CFE.EDS:DSD_REG_DEMO@DF_DENSITY(2.0),Densité de population - Régions,I,A,Annuelle,CTRY,Pays,CAN,Canada,_Z,N'est pas applicable,POP,Population,_T,Total,_T,Total,PS,Personnes,2005,,32242732,,CAN,Canada,A,Valeur normale,0,Units,0,Zero
DATAFLOW,OECD.CFE.EDS:DSD_REG_DEMO@DF_DENSITY(2.0),Densité de population - Régions,I,A,Annuelle,CTRY,Pays,CAN,Canada,_Z,N'est pas applicable,POP,Population,_T,Total,_T,Total,PS,Personnes,2006,,32571193,,CAN,Canada,A,Valeur normale,0,Units,0,Zero
DATAFLOW,OECD.CFE.EDS:DSD_REG_DEMO@DF_DENSITY(2.0),Densité de population - Régions,I,A,Annuelle,CTRY,Pays,CAN,Canada,_Z,N'est pas applicable,POP,Population,_T,Total,_T,Total,PS_KM2,Personnes par kilomètre carré,2023,,4.47,,CAN,Canada,A,Valeur normale,0,Units,2,Two
DATAFLOW,OECD.CFE.EDS:DSD_REG_DEMO@DF_DENSITY(2.0),Densité de population - Régions,I,A,Annuelle,CTRY,Pays,CAN,Canada,_Z,N'est pas applicable,POP,Population,_T,Total,_T,Total,PS_KM2,Personnes par kilomètre carré,2019,,4.2,,CAN,Canada,A,Valeur normale,0,Units,2,Two
DATAFLOW,OECD.CFE.EDS:DSD_REG_DEMO@DF_DENSITY(2.0),Densité de population - Régions,I,A,Annuelle,CTRY,Pays,CAN,Canada,_Z,N'est pas applicable,POP,Population,_T,Total,_T,Total,PS_KM2,Personnes par kilomètre carré,2021,,4.27,,CAN,Canada,A,Valeur normale,0,Units,2,Two
DATAFLOW,OECD.CFE.EDS:DSD_REG_DEMO@DF_DENSITY(2.0),Densité de population - Régions,I,A,Annuelle,CTRY,Pays,CAN,Canada,_Z,N'est pas applicable,POP,Population,_T,Total,_T,Total,PS_KM2,Personnes par kilomètre carré,2020,,4.24,,CAN,Canada,A,Valeur normale,0,Units,2,Two
DATAFLOW,OECD.CFE.EDS:DSD_REG_DEMO@DF_DENSITY(2.0),Densité de population - Régions,I,A,Annuelle,CTRY,Pays,CAN,Canada,_Z,N'est pas applicable,POP,Population,_T,Total,_T,Total,PS_KM2,Personnes par kilomètre carré,2018,,4.13,,CAN,Canada,A,Valeur normale,0,Units,2,Two
DATAFLOW,OECD.CFE.EDS:DSD_REG_DEMO@DF_DENSITY(2.0),Densité de population - Régions,I,A,Annuelle,CTRY,Pays,CAN,Canada,_Z,N'est pas applicable,POP,Population,_T,Total,_T,Total,PS_KM2,Personnes par kilomètre carré,2008,,3.71,,CAN,Canada,A,Valeur normale,0,Units,2,Two
DATAFLOW,OECD.CFE.EDS:DSD_REG_DEMO@DF_DENSITY(2.0),Densité de population - Régions,I,A,Annuelle,CTRY,Pays,CAN,Canada,_Z,N'est pas applicable,POP,Population,_T,Total,_T,Total,PS_KM2,Personnes par kilomètre carré,2022,,4.34,,CAN,Canada,A,Valeur normale,0,Units,2,Two
DATAFLOW,OECD.CFE.EDS:DSD_REG_DEMO@DF_DENSITY(2.0),Densité de population - Régions,I,A,Annuelle,CTRY,Pays,CAN,Canada,_Z,N'est pas applicable,POP,Population,_T,Total,_T,Total,PS_KM2,Personnes par kilomètre carré,2013,,3.91,,CAN,Canada,A,Valeur normale,0,Units,2,Two
DATAFLOW,OECD.CFE.EDS:DSD_REG_DEMO@DF_DENSITY(2.0),Densité de population - Régions,I,A,Annuelle,CTRY,Pays,CAN,Canada,_Z,N'est pas applicable,POP,Population,_T,Total,_T,Total,PS_KM2,Personnes par kilomètre carré,2015,,3.98,,CAN,Canada,A,Valeur normale,0,Units,2,Two
DATAFLOW,OECD.CFE.EDS:DSD_REG_DEMO@DF_DENSITY(2.0),Densité de population - Régions,I,A,Annuelle,CTRY,Pays,CAN,Canada,_Z,N'est pas applicable,POP,Population,_T,Total,_T,Total,PS_KM2,Personnes par kilomètre carré,2016,,4.03,,CAN,Canada,A,Valeur normale,0,Units,2,Two
DATAFLOW,OECD.CFE.EDS:DSD_REG_DEMO@DF_DENSITY(2.0),Densité de population - Régions,I,A,Annuelle,CTRY,Pays,CAN,Canada,_Z,N'est pas applicable,POP,Population,_T,Total,_T,Total,PS_KM2,Personnes par kilomètre carré,2017,,4.08,,CAN,Canada,A,Valeur normale,0,Units,2,Two
DATAFLOW,OECD.CFE.EDS:DSD_REG_DEMO@DF_DENSITY(2.0),Densité de population - Régions,I,A,Annuelle,CTRY,Pays,CAN,Canada,_Z,N'est pas applicable,POP,Population,_T,Total,_T,Total,PS_KM2,Personnes par kilomètre carré,2010,,3.79,,CAN,Canada,A,Valeur normale,0,Units,2,Two
DATAFLOW,OECD.CFE.EDS:DSD_REG_DEMO@DF_DENSITY(2.0),Densité de population - Régions,I,A,Annuelle,CTRY,Pays,CAN,Canada,_Z,N'est pas applicable,POP,Population,_T,Total,_T,Total,PS_KM2,Personnes par kilomètre carré,2011,,3.83,,CAN,Canada,A,Valeur normale,0,Units,2,Two
DATAFLOW,OECD.CFE.EDS:DSD_REG_DEMO@DF_DENSITY(2.0),Densité de population - Régions,I,A,Annuelle,CTRY,Pays,CAN,Canada,_Z,N'est pas applicable,POP,Population,_T,Total,_T,Total,PS_KM2,Personnes par kilomètre carré,2012,,3.87,,CAN,Canada,A,Valeur normale,0,Units,2,Two
DATAFLOW,OECD.CFE.EDS:DSD_REG_DEMO@DF_DENSITY(2.0),Densité de population - Régions,I,A,Annuelle,CTRY,Pays,CHL,Chili,_Z,N'est pas applicable,POP,Population,_T,Total,_T,Total,PS_KM2,Personnes par kilomètre carré,2005,,21.78,,CHL,Chili,A,Valeur normale,0,Units,2,Two
DATAFLOW,OECD.CFE.EDS:DSD_REG_DEMO@DF_DENSITY(2.0),Densité de population - Régions,I,A,Annuelle,CTRY,Pays,CHL,Chili,_Z,N'est pas applicable,POP,Population,_T,Total,_T,Total,PS_KM2,Personnes par kilomètre carré,2006,,22,,CHL,Chili,A,Valeur normale,0,Units,2,Two
DATAFLOW,OECD.CFE.EDS:DSD_REG_DEMO@DF_DENSITY(2.0),Densité de population - Régions,I,A,Annuelle,CTRY,Pays,CHL,Chili,_Z,N'est pas applicable,POP,Population,_T,Total,_T,Total,PS,Personnes,2003,,15856977,,CHL,Chili,A,Valeur normale,0,Units,0,Zero
DATAFLOW,OECD.CFE.EDS:DSD_REG_DEMO@DF_DENSITY(2.0),Densité de population - Régions,I,A,Annuelle,CTRY,Pays,CHL,Chili,_Z,N'est pas applicable,POP,Population,_T,Total,_T,Total,PS,Personnes,1991,,13422010,,CHL,Chili,A,Valeur normale,0,Units,0,Zero
DATAFLOW,OECD.CFE.EDS:DSD_REG_DEMO@DF_DENSITY(2.0),Densité de population - Régions,I,A,Annuelle,CTRY,Pays,CHL,Chili,_Z,N'est pas applicable,POP,Population,_T,Total,_T,Total,PS,Personnes,1996,,14595504,,CHL,Chili,A,Valeur normale,0,Units,0,Zero
DATAFLOW,OECD.CFE.EDS:DSD_REG_DEMO@DF_DENSITY(2.0),Densité de population - Régions,I,A,Annuelle,CTRY,Pays,CHL,Chili,_Z,N'est pas applicable,POP,Population,_T,Total,_T,Total,PS,Personnes,1997,,14796076,,CHL,Chili,A,Valeur normale,0,Units,0,Zero
DATAFLOW,OECD.CFE.EDS:DSD_REG_DEMO@DF_DENSITY(2.0),Densité de population - Régions,I,A,Annuelle,CTRY,Pays,CHL,Chili,_Z,N'est pas applicable,POP,Population,_T,Total,_T,Total,PS,Personnes,1992,,13665241,,CHL,Chili,A,Valeur normale,0,Units,0,Zero
DATAFLOW,OECD.CFE.EDS:DSD_REG_DEMO@DF_DENSITY(2.0),Densité de population - Régions,I,A,Annuelle,CTRY,Pays,CHL,Chili,_Z,N'est pas applicable,POP,Population,_T,Total,_T,Total,PS,Personnes,1993,,13908473,,CHL,Chili,A,Valeur normale,0,Units,0,Zero
DATAFLOW,OECD.CFE.EDS:DSD_REG_DEMO@DF_DENSITY(2.0),Densité de population - Régions,I,A,Annuelle,CTRY,Pays,CHL,Chili,_Z,N'est pas applicable,POP,Population,_T,Total,_T,Total,PS,Personnes,1995,,14394940,,CHL,Chili,A,Valeur normale,0,Units,0,Zero
DATAFLOW,OECD.CFE.EDS:DSD_REG_DEMO@DF_DENSITY(2.0),Densité de population - Régions,I,A,Annuelle,CTRY,Pays,CHL,Chili,_Z,N'est pas applicable,POP,Population,_T,Total,_T,Total,PS,Personnes,2018,,18751405,,CHL,Chili,A,Valeur normale,0,Units,0,Zero
DATAFLOW,OECD.CFE.EDS:DSD_REG_DEMO@DF_DENSITY(2.0),Densité de population - Régions,I,A,Annuelle,CTRY,Pays,CHL,Chili,_Z,N'est pas applicable,POP,Population,_T,Total,_T,Total,PS,Personnes,2019,,19107216,,CHL,Chili,A,Valeur normale,0,Units,0,Zero
DATAFLOW,OECD.CFE.EDS:DSD_REG_DEMO@DF_DENSITY(2.0),Densité de population - Régions,I,A,Annuelle,CTRY,Pays,CHL,Chili,_Z,N'est pas applicable,POP,Population,_T,Total,_T,Total,PS,Personnes,2008,,16697754,,CHL,Chili,A,Valeur normale,0,Units,0,Zero
DATAFLOW,OECD.CFE.EDS:DSD_REG_DEMO@DF_DENSITY(2.0),Densité de population - Régions,I,A,Annuelle,CTRY,Pays,CHL,Chili,_Z,N'est pas applicable,POP,Population,_T,Total,_T,Total,PS,Personnes,2000,,15397784,,CHL,Chili,A,Valeur normale,0,Units,0,Zero
DATAFLOW,OECD.CFE.EDS:DSD_REG_DEMO@DF_DENSITY(2.0),Densité de population - Régions,I,A,Annuelle,CTRY,Pays,CHL,Chili,_Z,N'est pas applicable,POP,Population,_T,Total,_T,Total,PS,Personnes,2012,,17443491,,CHL,Chili,A,Valeur normale,0,Units,0,Zero
DATAFLOW,OECD.CFE.EDS:DSD_REG_DEMO@DF_DENSITY(2.0),Densité de population - Régions,I,A,Annuelle,CTRY,Pays,CHL,Chili,_Z,N'est pas applicable,POP,Population,_T,Total,_T,Total,PS,Personnes,2013,,17611902,,CHL,Chili,A,Valeur normale,0,Units,0,Zero
DATAFLOW,OECD.CFE.EDS:DSD_REG_DEMO@DF_DENSITY(2.0),Densité de population - Régions,I,A,Annuelle,CTRY,Pays,CHL,Chili,_Z,N'est pas applicable,POP,Population,_T,Total,_T,Total,PS,Personnes,1990,,13178782,,CHL,Chili,A,Valeur normale,0,Units,0,Zero
DATAFLOW,OECD.CFE.EDS:DSD_REG_DEMO@DF_DENSITY(2.0),Densité de population - Régions,I,A,Annuelle,CTRY,Pays,CHL,Chili,_Z,N'est pas applicable,POP,Population,_T,Total,_T,Total,PS,Personnes,2006,,16347890,,CHL,Chili,A,Valeur normale,0,Units,0,Zero
DATAFLOW,OECD.CFE.EDS:DSD_REG_DEMO@DF_DENSITY(2.0),Densité de population - Régions,I,A,Annuelle,CTRY,Pays,CHL,Chili,_Z,N'est pas applicable,POP,Population,_T,Total,_T,Total,PS,Personnes,2007,,16517933,,CHL,Chili,A,Valeur normale,0,Units,0,Zero
DATAFLOW,OECD.CFE.EDS:DSD_REG_DEMO@DF_DENSITY(2.0),Densité de population - Régions,I,A,Annuelle,CTRY,Pays,CHL,Chili,_Z,N'est pas applicable,POP,Population,_T,Total,_T,Total,PS,Personnes,1998,,14996647,,CHL,Chili,A,Valeur normale,0,Units,0,Zero
DATAFLOW,OECD.CFE.EDS:DSD_REG_DEMO@DF_DENSITY(2.0),Densité de population - Régions,I,A,Annuelle,CTRY,Pays,CHL,Chili,_Z,N'est pas applicable,POP,Population,_T,Total,_T,Total,PS,Personnes,1999,,15197213,,CHL,Chili,A,Valeur normale,0,Units,0,Zero
DATAFLOW,OECD.CFE.EDS:DSD_REG_DEMO@DF_DENSITY(2.0),Densité de population - Régions,I,A,Annuelle,CTRY,Pays,CHL,Chili,_Z,N'est pas applicable,POP,Population,_T,Total,_T,Total,PS,Personnes,2001,,15532424,,CHL,Chili,A,Valeur normale,0,Units,0,Zero
DATAFLOW,OECD.CFE.EDS:DSD_REG_DEMO@DF_DENSITY(2.0),Densité de population - Régions,I,A,Annuelle,CTRY,Pays,CHL,Chili,_Z,N'est pas applicable,POP,Population,_T,Total,_T,Total,PS,Personnes,2002,,15691701,,CHL,Chili,A,Valeur normale,0,Units,0,Zero
DATAFLOW,OECD.CFE.EDS:DSD_REG_DEMO@DF_DENSITY(2.0),Densité de population - Régions,I,A,Annuelle,CTRY,Pays,CHL,Chili,_Z,N'est pas applicable,POP,Population,_T,Total,_T,Total,PS_KM2,Personnes par kilomètre carré,2007,,22.23,,CHL,Chili,A,Valeur normale,0,Units,2,Two
DATAFLOW,OECD.CFE.EDS:DSD_REG_DEMO@DF_DENSITY(2.0),Densité de population - Régions,I,A,Annuelle,CTRY,Pays,CHL,Chili,_Z,N'est pas applicable,POP,Population,_T,Total,_T,Total,PS_KM2,Personnes par kilomètre carré,2009,,22.72,,CHL,Chili,A,Valeur normale,0,Units,2,Two
DATAFLOW,OECD.CFE.EDS:DSD_REG_DEMO@DF_DENSITY(2.0),Densité de population - Régions,I,A,Annuelle,CTRY,Pays,CHL,Chili,_Z,N'est pas applicable,POP,Population,_T,Total,_T,Total,PS_KM2,Personnes par kilomètre carré,2001,,20.91,,CHL,Chili,A,Valeur normale,0,Units,2,Two
DATAFLOW,OECD.CFE.EDS:DSD_REG_DEMO@DF_DENSITY(2.0),Densité de population - Régions,I,A,Annuelle,CTRY,Pays,CHL,Chili,_Z,N'est pas applicable,POP,Population,_T,Total,_T,Total,PS_KM2,Personnes par kilomètre carré,2002,,21.12,,CHL,Chili,A,Valeur normale,0,Units,2,Two
DATAFLOW,OECD.CFE.EDS:DSD_REG_DEMO@DF_DENSITY(2.0),Densité de population - Régions,I,A,Annuelle,CTRY,Pays,CHL,Chili,_Z,N'est pas applicable,POP,Population,_T,Total,_T,Total,PS_KM2,Personnes par kilomètre carré,2003,,21.34,,CHL,Chili,A,Valeur normale,0,Units,2,Two
DATAFLOW,OECD.CFE.EDS:DSD_REG_DEMO@DF_DENSITY(2.0),Densité de population - Régions,I,A,Annuelle,CTRY,Pays,CHL,Chili,_Z,N'est pas applicable,POP,Population,_T,Total,_T,Total,PS_KM2,Personnes par kilomètre carré,1996,,19.64,,CHL,Chili,A,Valeur normale,0,Units,2,Two
DATAFLOW,OECD.CFE.EDS:DSD_REG_DEMO@DF_DENSITY(2.0),Densité de population - Régions,I,A,Annuelle,CTRY,Pays,CHL,Chili,_Z,N'est pas applicable,POP,Population,_T,Total,_T,Total,PS_KM2,Personnes par kilomètre carré,2000,,20.72,,CHL,Chili,A,Valeur normale,0,Units,2,Two
DATAFLOW,OECD.CFE.EDS:DSD_REG_DEMO@DF_DENSITY(2.0),Densité de population - Régions,I,A,Annuelle,CTRY,Pays,CHL,Chili,_Z,N'est pas applicable,POP,Population,_T,Total,_T,Total,PS_KM2,Personnes par kilomètre carré,1991,,18.13,,CHL,Chili,A,Valeur normale,0,Units,2,Two
DATAFLOW,OECD.CFE.EDS:DSD_REG_DEMO@DF_DENSITY(2.0),Densité de population - Régions,I,A,Annuelle,CTRY,Pays,CHL,Chili,_Z,N'est pas applicable,POP,Population,_T,Total,_T,Total,PS_KM2,Personnes par kilomètre carré,2004,,21.56,,CHL,Chili,A,Valeur normale,0,Units,2,Two
DATAFLOW,OECD.CFE.EDS:DSD_REG_DEMO@DF_DENSITY(2.0),Densité de population - Régions,I,A,Annuelle,CTRY,Pays,CHL,Chili,_Z,N'est pas applicable,POP,Population,_T,Total,_T,Total,PS_KM2,Personnes par kilomètre carré,1995,,19.37,,CHL,Chili,A,Valeur normale,0,Units,2,Two
DATAFLOW,OECD.CFE.EDS:DSD_REG_DEMO@DF_DENSITY(2.0),Densité de population - Régions,I,A,Annuelle,CTRY,Pays,CHL,Chili,_Z,N'est pas applicable,POP,Population,_T,Total,_T,Total,PS_KM2,Personnes par kilomètre carré,1993,,18.79,,CHL,Chili,A,Valeur normale,0,Units,2,Two
DATAFLOW,OECD.CFE.EDS:DSD_REG_DEMO@DF_DENSITY(2.0),Densité de population - Régions,I,A,Annuelle,CTRY,Pays,CHL,Chili,_Z,N'est pas applicable,POP,Population,_T,Total,_T,Total,PS_KM2,Personnes par kilomètre carré,1994,,19.12,,CHL,Chili,A,Valeur normale,0,Units,2,Two
DATAFLOW,OECD.CFE.EDS:DSD_REG_DEMO@DF_DENSITY(2.0),Densité de population - Régions,I,A,Annuelle,CTRY,Pays,CHL,Chili,_Z,N'est pas applicable,POP,Population,_T,Total,_T,Total,PS_KM2,Personnes par kilomètre carré,1997,,19.91,,CHL,Chili,A,Valeur normale,0,Units,2,Two
DATAFLOW,OECD.CFE.EDS:DSD_REG_DEMO@DF_DENSITY(2.0),Densité de population - Régions,I,A,Annuelle,CTRY,Pays,CHL,Chili,_Z,N'est pas applicable,POP,Population,_T,Total,_T,Total,PS_KM2,Personnes par kilomètre carré,1999,,20.45,,CHL,Chili,A,Valeur normale,0,Units,2,Two
DATAFLOW,OECD.CFE.EDS:DSD_REG_DEMO@DF_DENSITY(2.0),Densité de population - Régions,I,A,Annuelle,CTRY,Pays,CHL,Chili,_Z,N'est pas applicable,POP,Population,_T,Total,_T,Total,PS_KM2,Personnes par kilomètre carré,1990,,17.8,,CHL,Chili,A,Valeur normale,0,Units,2,Two
DATAFLOW,OECD.CFE.EDS:DSD_REG_DEMO@DF_DENSITY(2.0),Densité de population - Régions,I,A,Annuelle,CTRY,Pays,CHL,Chili,_Z,N'est pas applicable,POP,Population,_T,Total,_T,Total,PS_KM2,Personnes par kilomètre carré,1998,,20.18,,CHL,Chili,A,Valeur normale,0,Units,2,Two
DATAFLOW,OECD.CFE.EDS:DSD_REG_DEMO@DF_DENSITY(2.0),Densité de population - Régions,I,A,Annuelle,CTRY,Pays,CHL,Chili,_Z,N'est pas applicable,POP,Population,_T,Total,_T,Total,PS_KM2,Personnes par kilomètre carré,1992,,18.46,,CHL,Chili,A,Valeur normale,0,Units,2,Two
DATAFLOW,OECD.CFE.EDS:DSD_REG_DEMO@DF_DENSITY(2.0),Densité de population - Régions,I,A,Annuelle,CTRY,Pays,CHL,Chili,_Z,N'est pas applicable,POP,Population,_T,Total,_T,Total,PS,Personnes,2022,,19828563,,CHL,Chili,A,Valeur normale,0,Units,0,Zero
DATAFLOW,OECD.CFE.EDS:DSD_REG_DEMO@DF_DENSITY(2.0),Densité de population - Régions,I,A,Annuelle,CTRY,Pays,CHL,Chili,_Z,N'est pas applicable,POP,Population,_T,Total,_T,Total,PS,Personnes,2023,,19960889,,CHL,Chili,A,Valeur normale,0,Units,0,Zero
DATAFLOW,OECD.CFE.EDS:DSD_REG_DEMO@DF_DENSITY(2.0),Densité de population - Régions,I,A,Annuelle,CTRY,Pays,CHL,Chili,_Z,N'est pas applicable,POP,Population,_T,Total,_T,Total,PS,Personnes,2010,,17063927,,CHL,Chili,A,Valeur normale,0,Units,0,Zero
DATAFLOW,OECD.CFE.EDS:DSD_REG_DEMO@DF_DENSITY(2.0),Densité de population - Régions,I,A,Annuelle,CTRY,Pays,CHL,Chili,_Z,N'est pas applicable,POP,Population,_T,Total,_T,Total,PS,Personnes,2011,,17254159,,CHL,Chili,A,Valeur normale,0,Units,0,Zero
DATAFLOW,OECD.CFE.EDS:DSD_REG_DEMO@DF_DENSITY(2.0),Densité de population - Régions,I,A,Annuelle,CTRY,Pays,CHL,Chili,_Z,N'est pas applicable,POP,Population,_T,Total,_T,Total,PS,Personnes,2016,,18167147,,CHL,Chili,A,Valeur normale,0,Units,0,Zero
DATAFLOW,OECD.CFE.EDS:DSD_REG_DEMO@DF_DENSITY(2.0),Densité de population - Régions,I,A,Annuelle,CTRY,Pays,CHL,Chili,_Z,N'est pas applicable,POP,Population,_T,Total,_T,Total,PS,Personnes,2017,,18419192,,CHL,Chili,A,Valeur normale,0,Units,0,Zero
DATAFLOW,OECD.CFE.EDS:DSD_REG_DEMO@DF_DENSITY(2.0),Densité de population - Régions,I,A,Annuelle,CTRY,Pays,CHL,Chili,_Z,N'est pas applicable,POP,Population,_T,Total,_T,Total,PS,Personnes,2004,,16022133,,CHL,Chili,A,Valeur normale,0,Units,0,Zero
DATAFLOW,OECD.CFE.EDS:DSD_REG_DEMO@DF_DENSITY(2.0),Densité de population - Régions,I,A,Annuelle,CTRY,Pays,CHL,Chili,_Z,N'est pas applicable,POP,Population,_T,Total,_T,Total,PS,Personnes,2005,,16183489,,CHL,Chili,A,Valeur normale,0,Units,0,Zero
DATAFLOW,OECD.CFE.EDS:DSD_REG_DEMO@DF_DENSITY(2.0),Densité de population - Régions,I,A,Annuelle,CTRY,Pays,CHL,Chili,_Z,N'est pas applicable,POP,Population,_T,Total,_T,Total,PS,Personnes,2021,,19678363,,CHL,Chili,A,Valeur normale,0,Units,0,Zero
DATAFLOW,OECD.CFE.EDS:DSD_REG_DEMO@DF_DENSITY(2.0),Densité de population - Régions,I,A,Annuelle,CTRY,Pays,CHL,Chili,_Z,N'est pas applicable,POP,Population,_T,Total,_T,Total,PS,Personnes,2020,,19458310,,CHL,Chili,A,Valeur normale,0,Units,0,Zero
DATAFLOW,OECD.CFE.EDS:DSD_REG_DEMO@DF_DENSITY(2.0),Densité de population - Régions,I,A,Annuelle,CTRY,Pays,CHL,Chili,_Z,N'est pas applicable,POP,Population,_T,Total,_T,Total,PS,Personnes,2009,,16881078,,CHL,Chili,A,Valeur normale,0,Units,0,Zero
DATAFLOW,OECD.CFE.EDS:DSD_REG_DEMO@DF_DENSITY(2.0),Densité de population - Régions,I,A,Annuelle,CTRY,Pays,CHL,Chili,_Z,N'est pas applicable,POP,Population,_T,Total,_T,Total,PS,Personnes,2014,,17787617,,CHL,Chili,A,Valeur normale,0,Units,0,Zero
DATAFLOW,OECD.CFE.EDS:DSD_REG_DEMO@DF_DENSITY(2.0),Densité de population - Régions,I,A,Annuelle,CTRY,Pays,CHL,Chili,_Z,N'est pas applicable,POP,Population,_T,Total,_T,Total,PS,Personnes,2015,,17971423,,CHL,Chili,A,Valeur normale,0,Units,0,Zero
DATAFLOW,OECD.CFE.EDS:DSD_REG_DEMO@DF_DENSITY(2.0),Densité de population - Régions,I,A,Annuelle,CTRY,Pays,CHL,Chili,_Z,N'est pas applicable,POP,Population,_T,Total,_T,Total,PS,Personnes,1994,,14151708,,CHL,Chili,A,Valeur normale,0,Units,0,Zero
DATAFLOW,OECD.CFE.EDS:DSD_REG_DEMO@DF_DENSITY(2.0),Densité de population - Régions,I,A,Annuelle,CTRY,Pays,CHL,Chili,_Z,N'est pas applicable,POP,Population,_T,Total,_T,Total,PS_KM2,Personnes par kilomètre carré,2014,,23.94,,CHL,Chili,A,Valeur normale,0,Units,2,Two
DATAFLOW,OECD.CFE.EDS:DSD_REG_DEMO@DF_DENSITY(2.0),Densité de population - Régions,I,A,Annuelle,CTRY,Pays,CHL,Chili,_Z,N'est pas applicable,POP,Population,_T,Total,_T,Total,PS_KM2,Personnes par kilomètre carré,2019,,25.72,,CHL,Chili,A,Valeur normale,0,Units,2,Two
DATAFLOW,OECD.CFE.EDS:DSD_REG_DEMO@DF_DENSITY(2.0),Densité de population - Régions,I,A,Annuelle,CTRY,Pays,CHL,Chili,_Z,N'est pas applicable,POP,Population,_T,Total,_T,Total,PS_KM2,Personnes par kilomètre carré,2020,,26.19,,CHL,Chili,A,Valeur normale,0,Units,2,Two
DATAFLOW,OECD.CFE.EDS:DSD_REG_DEMO@DF_DENSITY(2.0),Densité de population - Régions,I,A,Annuelle,CTRY,Pays,CHL,Chili,_Z,N'est pas applicable,POP,Population,_T,Total,_T,Total,PS_KM2,Personnes par kilomètre carré,2021,,26.49,,CHL,Chili,A,Valeur normale,0,Units,2,Two
DATAFLOW,OECD.CFE.EDS:DSD_REG_DEMO@DF_DENSITY(2.0),Densité de population - Régions,I,A,Annuelle,CTRY,Pays,CHL,Chili,_Z,N'est pas applicable,POP,Population,_T,Total,_T,Total,PS_KM2,Personnes par kilomètre carré,2022,,26.69,,CHL,Chili,A,Valeur normale,0,Units,2,Two
DATAFLOW,OECD.CFE.EDS:DSD_REG_DEMO@DF_DENSITY(2.0),Densité de population - Régions,I,A,Annuelle,CTRY,Pays,CHL,Chili,_Z,N'est pas applicable,POP,Population,_T,Total,_T,Total,PS_KM2,Personnes par kilomètre carré,2023,,26.87,,CHL,Chili,A,Valeur normale,0,Units,2,Two
DATAFLOW,OECD.CFE.EDS:DSD_REG_DEMO@DF_DENSITY(2.0),Densité de population - Régions,I,A,Annuelle,CTRY,Pays,CHL,Chili,_Z,N'est pas applicable,POP,Population,_T,Total,_T,Total,PS_KM2,Personnes par kilomètre carré,2013,,23.7,,CHL,Chili,A,Valeur normale,0,Units,2,Two
DATAFLOW,OECD.CFE.EDS:DSD_REG_DEMO@DF_DENSITY(2.0),Densité de population - Régions,I,A,Annuelle,CTRY,Pays,CHL,Chili,_Z,N'est pas applicable,POP,Population,_T,Total,_T,Total,PS_KM2,Personnes par kilomètre carré,2015,,24.19,,CHL,Chili,A,Valeur normale,0,Units,2,Two
DATAFLOW,OECD.CFE.EDS:DSD_REG_DEMO@DF_DENSITY(2.0),Densité de population - Régions,I,A,Annuelle,CTRY,Pays,CHL,Chili,_Z,N'est pas applicable,POP,Population,_T,Total,_T,Total,PS_KM2,Personnes par kilomètre carré,2016,,24.45,,CHL,Chili,A,Valeur normale,0,Units,2,Two
DATAFLOW,OECD.CFE.EDS:DSD_REG_DEMO@DF_DENSITY(2.0),Densité de population - Régions,I,A,Annuelle,CTRY,Pays,CHL,Chili,_Z,N'est pas applicable,POP,Population,_T,Total,_T,Total,PS_KM2,Personnes par kilomètre carré,2017,,24.79,,CHL,Chili,A,Valeur normale,0,Units,2,Two
DATAFLOW,OECD.CFE.EDS:DSD_REG_DEMO@DF_DENSITY(2.0),Densité de population - Régions,I,A,Annuelle,CTRY,Pays,CHL,Chili,_Z,N'est pas applicable,POP,Population,_T,Total,_T,Total,PS_KM2,Personnes par kilomètre carré,2018,,25.24,,CHL,Chili,A,Valeur normale,0,Units,2,Two
DATAFLOW,OECD.CFE.EDS:DSD_REG_DEMO@DF_DENSITY(2.0),Densité de population - Régions,I,A,Annuelle,CTRY,Pays,CHL,Chili,_Z,N'est pas applicable,POP,Population,_T,Total,_T,Total,PS_KM2,Personnes par kilomètre carré,2008,,22.47,,CHL,Chili,A,Valeur normale,0,Units,2,Two
DATAFLOW,OECD.CFE.EDS:DSD_REG_DEMO@DF_DENSITY(2.0),Densité de population - Régions,I,A,Annuelle,CTRY,Pays,CHL,Chili,_Z,N'est pas applicable,POP,Population,_T,Total,_T,Total,PS_KM2,Personnes par kilomètre carré,2010,,22.97,,CHL,Chili,A,Valeur normale,0,Units,2,Two
DATAFLOW,OECD.CFE.EDS:DSD_REG_DEMO@DF_DENSITY(2.0),Densité de population - Régions,I,A,Annuelle,CTRY,Pays,CHL,Chili,_Z,N'est pas applicable,POP,Population,_T,Total,_T,Total,PS_KM2,Personnes par kilomètre carré,2011,,23.22,,CHL,Chili,A,Valeur normale,0,Units,2,Two
DATAFLOW,OECD.CFE.EDS:DSD_REG_DEMO@DF_DENSITY(2.0),Densité de population - Régions,I,A,Annuelle,CTRY,Pays,COL,Colombie,_Z,N'est pas applicable,POP,Population,_T,Total,_T,Total,PS_KM2,Personnes par kilomètre carré,2011,,39.02,,COL,Colombie,A,Valeur normale,0,Units,2,Two
DATAFLOW,OECD.CFE.EDS:DSD_REG_DEMO@DF_DENSITY(2.0),Densité de population - Régions,I,A,Annuelle,CTRY,Pays,COL,Colombie,_Z,N'est pas applicable,POP,Population,_T,Total,_T,Total,PS_KM2,Personnes par kilomètre carré,2014,,40.17,,COL,Colombie,A,Valeur normale,0,Units,2,Two
DATAFLOW,OECD.CFE.EDS:DSD_REG_DEMO@DF_DENSITY(2.0),Densité de population - Régions,I,A,Annuelle,CTRY,Pays,COL,Colombie,_Z,N'est pas applicable,POP,Population,_T,Total,_T,Total,PS_KM2,Personnes par kilomètre carré,2015,,40.56,,COL,Colombie,A,Valeur normale,0,Units,2,Two
DATAFLOW,OECD.CFE.EDS:DSD_REG_DEMO@DF_DENSITY(2.0),Densité de population - Régions,I,A,Annuelle,CTRY,Pays,COL,Colombie,_Z,N'est pas applicable,POP,Population,_T,Total,_T,Total,PS,Personnes,1996,,36830574,,COL,Colombie,A,Valeur normale,0,Units,0,Zero
DATAFLOW,OECD.CFE.EDS:DSD_REG_DEMO@DF_DENSITY(2.0),Densité de population - Régions,I,A,Annuelle,CTRY,Pays,COL,Colombie,_Z,N'est pas applicable,POP,Population,_T,Total,_T,Total,PS,Personnes,1997,,37426532,,COL,Colombie,A,Valeur normale,0,Units,0,Zero
DATAFLOW,OECD.CFE.EDS:DSD_REG_DEMO@DF_DENSITY(2.0),Densité de population - Régions,I,A,Annuelle,CTRY,Pays,COL,Colombie,_Z,N'est pas applicable,POP,Population,_T,Total,_T,Total,PS,Personnes,1998,,38012359,,COL,Colombie,A,Valeur normale,0,Units,0,Zero
DATAFLOW,OECD.CFE.EDS:DSD_REG_DEMO@DF_DENSITY(2.0),Densité de population - Régions,I,A,Annuelle,CTRY,Pays,COL,Colombie,_Z,N'est pas applicable,POP,Population,_T,Total,_T,Total,PS,Personnes,1993,,36207108,,COL,Colombie,A,Valeur normale,0,Units,0,Zero
DATAFLOW,OECD.CFE.EDS:DSD_REG_DEMO@DF_DENSITY(2.0),Densité de population - Régions,I,A,Annuelle,CTRY,Pays,COL,Colombie,_Z,N'est pas applicable,POP,Population,_T,Total,_T,Total,PS,Personnes,1991,,34830570,,COL,Colombie,A,Valeur normale,0,Units,0,Zero
DATAFLOW,OECD.CFE.EDS:DSD_REG_DEMO@DF_DENSITY(2.0),Densité de population - Régions,I,A,Annuelle,CTRY,Pays,COL,Colombie,_Z,N'est pas applicable,POP,Population,_T,Total,_T,Total,PS,Personnes,2022,,51682694,,COL,Colombie,A,Valeur normale,0,Units,0,Zero
DATAFLOW,OECD.CFE.EDS:DSD_REG_DEMO@DF_DENSITY(2.0),Densité de population - Régions,I,A,Annuelle,CTRY,Pays,COL,Colombie,_Z,N'est pas applicable,POP,Population,_T,Total,_T,Total,PS,Personnes,2014,,45866010,,COL,Colombie,A,Valeur normale,0,Units,0,Zero
DATAFLOW,OECD.CFE.EDS:DSD_REG_DEMO@DF_DENSITY(2.0),Densité de population - Régions,I,A,Annuelle,CTRY,Pays,COL,Colombie,_Z,N'est pas applicable,POP,Population,_T,Total,_T,Total,PS,Personnes,2004,,41188093,,COL,Colombie,A,Valeur normale,0,Units,0,Zero
DATAFLOW,OECD.CFE.EDS:DSD_REG_DEMO@DF_DENSITY(2.0),Densité de population - Régions,I,A,Annuelle,CTRY,Pays,COL,Colombie,_Z,N'est pas applicable,POP,Population,_T,Total,_T,Total,PS,Personnes,2006,,42170126,,COL,Colombie,A,Valeur normale,0,Units,0,Zero
DATAFLOW,OECD.CFE.EDS:DSD_REG_DEMO@DF_DENSITY(2.0),Densité de population - Régions,I,A,Annuelle,CTRY,Pays,COL,Colombie,_Z,N'est pas applicable,POP,Population,_T,Total,_T,Total,PS,Personnes,2019,,49395678,,COL,Colombie,A,Valeur normale,0,Units,0,Zero
DATAFLOW,OECD.CFE.EDS:DSD_REG_DEMO@DF_DENSITY(2.0),Densité de population - Régions,I,A,Annuelle,CTRY,Pays,COL,Colombie,_Z,N'est pas applicable,POP,Population,_T,Total,_T,Total,PS,Personnes,1992,,35520940,,COL,Colombie,A,Valeur normale,0,Units,0,Zero
DATAFLOW,OECD.CFE.EDS:DSD_REG_DEMO@DF_DENSITY(2.0),Densité de population - Régions,I,A,Annuelle,CTRY,Pays,COL,Colombie,_Z,N'est pas applicable,POP,Population,_T,Total,_T,Total,PS,Personnes,2012,,45001571,,COL,Colombie,A,Valeur normale,0,Units,0,Zero
DATAFLOW,OECD.CFE.EDS:DSD_REG_DEMO@DF_DENSITY(2.0),Densité de population - Régions,I,A,Annuelle,CTRY,Pays,COL,Colombie,_Z,N'est pas applicable,POP,Population,_T,Total,_T,Total,PS,Personnes,2013,,45434942,,COL,Colombie,A,Valeur normale,0,Units,0,Zero
DATAFLOW,OECD.CFE.EDS:DSD_REG_DEMO@DF_DENSITY(2.0),Densité de population - Régions,I,A,Annuelle,CTRY,Pays,COL,Colombie,_Z,N'est pas applicable,POP,Population,_T,Total,_T,Total,PS,Personnes,2003,,40693254,,COL,Colombie,A,Valeur normale,0,Units,0,Zero
DATAFLOW,OECD.CFE.EDS:DSD_REG_DEMO@DF_DENSITY(2.0),Densité de population - Régions,I,A,Annuelle,CTRY,Pays,COL,Colombie,_Z,N'est pas applicable,POP,Population,_T,Total,_T,Total,PS,Personnes,1995,,36229830,,COL,Colombie,A,Valeur normale,0,Units,0,Zero
DATAFLOW,OECD.CFE.EDS:DSD_REG_DEMO@DF_DENSITY(2.0),Densité de population - Régions,I,A,Annuelle,CTRY,Pays,COL,Colombie,_Z,N'est pas applicable,POP,Population,_T,Total,_T,Total,PS,Personnes,2007,,42658630,,COL,Colombie,A,Valeur normale,0,Units,0,Zero
DATAFLOW,OECD.CFE.EDS:DSD_REG_DEMO@DF_DENSITY(2.0),Densité de population - Régions,I,A,Annuelle,CTRY,Pays,COL,Colombie,_Z,N'est pas applicable,POP,Population,_T,Total,_T,Total,PS,Personnes,2008,,43134017,,COL,Colombie,A,Valeur normale,0,Units,0,Zero
DATAFLOW,OECD.CFE.EDS:DSD_REG_DEMO@DF_DENSITY(2.0),Densité de population - Régions,I,A,Annuelle,CTRY,Pays,COL,Colombie,_Z,N'est pas applicable,POP,Population,_T,Total,_T,Total,PS,Personnes,1990,,34130022,,COL,Colombie,A,Valeur normale,0,Units,0,Zero
DATAFLOW,OECD.CFE.EDS:DSD_REG_DEMO@DF_DENSITY(2.0),Densité de population - Régions,I,A,Annuelle,CTRY,Pays,COL,Colombie,_Z,N'est pas applicable,POP,Population,_T,Total,_T,Total,PS,Personnes,2001,,39674811,,COL,Colombie,A,Valeur normale,0,Units,0,Zero
DATAFLOW,OECD.CFE.EDS:DSD_REG_DEMO@DF_DENSITY(2.0),Densité de population - Régions,I,A,Annuelle,CTRY,Pays,COL,Colombie,_Z,N'est pas applicable,POP,Population,_T,Total,_T,Total,PS,Personnes,2002,,40190679,,COL,Colombie,A,Valeur normale,0,Units,0,Zero
DATAFLOW,OECD.CFE.EDS:DSD_REG_DEMO@DF_DENSITY(2.0),Densité de population - Régions,I,A,Annuelle,CTRY,Pays,COL,Colombie,_Z,N'est pas applicable,POP,Population,_T,Total,_T,Total,PS,Personnes,1994,,36853905,,COL,Colombie,A,Valeur normale,0,Units,0,Zero
DATAFLOW,OECD.CFE.EDS:DSD_REG_DEMO@DF_DENSITY(2.0),Densité de population - Régions,I,A,Annuelle,CTRY,Pays,COL,Colombie,_Z,N'est pas applicable,POP,Population,_T,Total,_T,Total,PS_KM2,Personnes par kilomètre carré,2006,,36.93,,COL,Colombie,A,Valeur normale,0,Units,2,Two
DATAFLOW,OECD.CFE.EDS:DSD_REG_DEMO@DF_DENSITY(2.0),Densité de population - Régions,I,A,Annuelle,CTRY,Pays,COL,Colombie,_Z,N'est pas applicable,POP,Population,_T,Total,_T,Total,PS_KM2,Personnes par kilomètre carré,2007,,37.36,,COL,Colombie,A,Valeur normale,0,Units,2,Two
DATAFLOW,OECD.CFE.EDS:DSD_REG_DEMO@DF_DENSITY(2.0),Densité de population - Régions,I,A,Annuelle,CTRY,Pays,COL,Colombie,_Z,N'est pas applicable,POP,Population,_T,Total,_T,Total,PS_KM2,Personnes par kilomètre carré,2000,,34.28,,COL,Colombie,A,Valeur normale,0,Units,2,Two
DATAFLOW,OECD.CFE.EDS:DSD_REG_DEMO@DF_DENSITY(2.0),Densité de population - Régions,I,A,Annuelle,CTRY,Pays,COL,Colombie,_Z,N'est pas applicable,POP,Population,_T,Total,_T,Total,PS_KM2,Personnes par kilomètre carré,2001,,34.75,,COL,Colombie,A,Valeur normale,0,Units,2,Two
DATAFLOW,OECD.CFE.EDS:DSD_REG_DEMO@DF_DENSITY(2.0),Densité de population - Régions,I,A,Annuelle,CTRY,Pays,COL,Colombie,_Z,N'est pas applicable,POP,Population,_T,Total,_T,Total,PS_KM2,Personnes par kilomètre carré,2002,,35.2,,COL,Colombie,A,Valeur normale,0,Units,2,Two
DATAFLOW,OECD.CFE.EDS:DSD_REG_DEMO@DF_DENSITY(2.0),Densité de population - Régions,I,A,Annuelle,CTRY,Pays,COL,Colombie,_Z,N'est pas applicable,POP,Population,_T,Total,_T,Total,PS_KM2,Personnes par kilomètre carré,2004,,36.07,,COL,Colombie,A,Valeur normale,0,Units,2,Two
DATAFLOW,OECD.CFE.EDS:DSD_REG_DEMO@DF_DENSITY(2.0),Densité de population - Régions,I,A,Annuelle,CTRY,Pays,COL,Colombie,_Z,N'est pas applicable,POP,Population,_T,Total,_T,Total,PS_KM2,Personnes par kilomètre carré,2005,,36.5,,COL,Colombie,A,Valeur normale,0,Units,2,Two
DATAFLOW,OECD.CFE.EDS:DSD_REG_DEMO@DF_DENSITY(2.0),Densité de population - Régions,I,A,Annuelle,CTRY,Pays,COL,Colombie,_Z,N'est pas applicable,POP,Population,_T,Total,_T,Total,PS_KM2,Personnes par kilomètre carré,1996,,32.26,,COL,Colombie,A,Valeur normale,0,Units,2,Two
DATAFLOW,OECD.CFE.EDS:DSD_REG_DEMO@DF_DENSITY(2.0),Densité de population - Régions,I,A,Annuelle,CTRY,Pays,COL,Colombie,_Z,N'est pas applicable,POP,Population,_T,Total,_T,Total,PS_KM2,Personnes par kilomètre carré,1997,,32.78,,COL,Colombie,A,Valeur normale,0,Units,2,Two
DATAFLOW,OECD.CFE.EDS:DSD_REG_DEMO@DF_DENSITY(2.0),Densité de population - Régions,I,A,Annuelle,CTRY,Pays,COL,Colombie,_Z,N'est pas applicable,POP,Population,_T,Total,_T,Total,PS_KM2,Personnes par kilomètre carré,2009,,38.19,,COL,Colombie,A,Valeur normale,0,Units,2,Two
DATAFLOW,OECD.CFE.EDS:DSD_REG_DEMO@DF_DENSITY(2.0),Densité de population - Régions,I,A,Annuelle,CTRY,Pays,COL,Colombie,_Z,N'est pas applicable,POP,Population,_T,Total,_T,Total,PS_KM2,Personnes par kilomètre carré,1990,,29.89,,COL,Colombie,A,Valeur normale,0,Units,2,Two
DATAFLOW,OECD.CFE.EDS:DSD_REG_DEMO@DF_DENSITY(2.0),Densité de population - Régions,I,A,Annuelle,CTRY,Pays,COL,Colombie,_Z,N'est pas applicable,POP,Population,_T,Total,_T,Total,PS_KM2,Personnes par kilomètre carré,1991,,30.51,,COL,Colombie,A,Valeur normale,0,Units,2,Two
DATAFLOW,OECD.CFE.EDS:DSD_REG_DEMO@DF_DENSITY(2.0),Densité de population - Régions,I,A,Annuelle,CTRY,Pays,COL,Colombie,_Z,N'est pas applicable,POP,Population,_T,Total,_T,Total,PS_KM2,Personnes par kilomètre carré,2003,,35.64,,COL,Colombie,A,Valeur normale,0,Units,2,Two
DATAFLOW,OECD.CFE.EDS:DSD_REG_DEMO@DF_DENSITY(2.0),Densité de population - Régions,I,A,Annuelle,CTRY,Pays,COL,Colombie,_Z,N'est pas applicable,POP,Population,_T,Total,_T,Total,PS_KM2,Personnes par kilomètre carré,1994,,32.28,,COL,Colombie,A,Valeur normale,0,Units,2,Two
DATAFLOW,OECD.CFE.EDS:DSD_REG_DEMO@DF_DENSITY(2.0),Densité de population - Régions,I,A,Annuelle,CTRY,Pays,COL,Colombie,_Z,N'est pas applicable,POP,Population,_T,Total,_T,Total,PS_KM2,Personnes par kilomètre carré,1995,,31.73,,COL,Colombie,A,Valeur normale,0,Units,2,Two
DATAFLOW,OECD.CFE.EDS:DSD_REG_DEMO@DF_DENSITY(2.0),Densité de population - Régions,I,A,Annuelle,CTRY,Pays,COL,Colombie,_Z,N'est pas applicable,POP,Population,_T,Total,_T,Total,PS_KM2,Personnes par kilomètre carré,1998,,33.29,,COL,Colombie,A,Valeur normale,0,Units,2,Two
DATAFLOW,OECD.CFE.EDS:DSD_REG_DEMO@DF_DENSITY(2.0),Densité de population - Régions,I,A,Annuelle,CTRY,Pays,COL,Colombie,_Z,N'est pas applicable,POP,Population,_T,Total,_T,Total,PS_KM2,Personnes par kilomètre carré,1999,,33.79,,COL,Colombie,A,Valeur normale,0,Units,2,Two
DATAFLOW,OECD.CFE.EDS:DSD_REG_DEMO@DF_DENSITY(2.0),Densité de population - Régions,I,A,Annuelle,CTRY,Pays,COL,Colombie,_Z,N'est pas applicable,POP,Population,_T,Total,_T,Total,PS_KM2,Personnes par kilomètre carré,1992,,31.11,,COL,Colombie,A,Valeur normale,0,Units,2,Two
DATAFLOW,OECD.CFE.EDS:DSD_REG_DEMO@DF_DENSITY(2.0),Densité de population - Régions,I,A,Annuelle,CTRY,Pays,COL,Colombie,_Z,N'est pas applicable,POP,Population,_T,Total,_T,Total,PS_KM2,Personnes par kilomètre carré,1993,,31.71,,COL,Colombie,A,Valeur normale,0,Units,2,Two
DATAFLOW,OECD.CFE.EDS:DSD_REG_DEMO@DF_DENSITY(2.0),Densité de population - Régions,I,A,Annuelle,CTRY,Pays,COL,Colombie,_Z,N'est pas applicable,POP,Population,_T,Total,_T,Total,PS,Personnes,2020,,50407650,,COL,Colombie,A,Valeur normale,0,Units,0,Zero
DATAFLOW,OECD.CFE.EDS:DSD_REG_DEMO@DF_DENSITY(2.0),Densité de population - Régions,I,A,Annuelle,CTRY,Pays,COL,Colombie,_Z,N'est pas applicable,POP,Population,_T,Total,_T,Total,PS,Personnes,2021,,51117380,,COL,Colombie,A,Valeur normale,0,Units,0,Zero
DATAFLOW,OECD.CFE.EDS:DSD_REG_DEMO@DF_DENSITY(2.0),Densité de population - Régions,I,A,Annuelle,CTRY,Pays,COL,Colombie,_Z,N'est pas applicable,POP,Population,_T,Total,_T,Total,PS,Personnes,2023,,52215506,,COL,Colombie,A,Valeur normale,0,Units,0,Zero
DATAFLOW,OECD.CFE.EDS:DSD_REG_DEMO@DF_DENSITY(2.0),Densité de population - Régions,I,A,Annuelle,CTRY,Pays,COL,Colombie,_Z,N'est pas applicable,POP,Population,_T,Total,_T,Total,PS,Personnes,2018,,48258494,,COL,Colombie,A,Valeur normale,0,Units,0,Zero
DATAFLOW,OECD.CFE.EDS:DSD_REG_DEMO@DF_DENSITY(2.0),Densité de population - Régions,I,A,Annuelle,CTRY,Pays,COL,Colombie,_Z,N'est pas applicable,POP,Population,_T,Total,_T,Total,PS,Personnes,2015,,46313898,,COL,Colombie,A,Valeur normale,0,Units,0,Zero
DATAFLOW,OECD.CFE.EDS:DSD_REG_DEMO@DF_DENSITY(2.0),Densité de population - Régions,I,A,Annuelle,CTRY,Pays,COL,Colombie,_Z,N'est pas applicable,POP,Population,_T,Total,_T,Total,PS,Personnes,2016,,46830116,,COL,Colombie,A,Valeur normale,0,Units,0,Zero
DATAFLOW,OECD.CFE.EDS:DSD_REG_DEMO@DF_DENSITY(2.0),Densité de population - Régions,I,A,Annuelle,CTRY,Pays,COL,Colombie,_Z,N'est pas applicable,POP,Population,_T,Total,_T,Total,PS,Personnes,2017,,47419200,,COL,Colombie,A,Valeur normale,0,Units,0,Zero
DATAFLOW,OECD.CFE.EDS:DSD_REG_DEMO@DF_DENSITY(2.0),Densité de population - Régions,I,A,Annuelle,CTRY,Pays,COL,Colombie,_Z,N'est pas applicable,POP,Population,_T,Total,_T,Total,PS,Personnes,2005,,41671878,,COL,Colombie,A,Valeur normale,0,Units,0,Zero
DATAFLOW,OECD.CFE.EDS:DSD_REG_DEMO@DF_DENSITY(2.0),Densité de population - Régions,I,A,Annuelle,CTRY,Pays,COL,Colombie,_Z,N'est pas applicable,POP,Population,_T,Total,_T,Total,PS,Personnes,2009,,43608630,,COL,Colombie,A,Valeur normale,0,Units,0,Zero
DATAFLOW,OECD.CFE.EDS:DSD_REG_DEMO@DF_DENSITY(2.0),Densité de population - Régions,I,A,Annuelle,CTRY,Pays,COL,Colombie,_Z,N'est pas applicable,POP,Population,_T,Total,_T,Total,PS,Personnes,2010,,44086292,,COL,Colombie,A,Valeur normale,0,Units,0,Zero
DATAFLOW,OECD.CFE.EDS:DSD_REG_DEMO@DF_DENSITY(2.0),Densité de population - Régions,I,A,Annuelle,CTRY,Pays,COL,Colombie,_Z,N'est pas applicable,POP,Population,_T,Total,_T,Total,PS,Personnes,1999,,38585016,,COL,Colombie,A,Valeur normale,0,Units,0,Zero
DATAFLOW,OECD.CFE.EDS:DSD_REG_DEMO@DF_DENSITY(2.0),Densité de population - Régions,I,A,Annuelle,CTRY,Pays,COL,Colombie,_Z,N'est pas applicable,POP,Population,_T,Total,_T,Total,PS,Personnes,2000,,39140080,,COL,Colombie,A,Valeur normale,0,Units,0,Zero
DATAFLOW,OECD.CFE.EDS:DSD_REG_DEMO@DF_DENSITY(2.0),Densité de population - Régions,I,A,Annuelle,CTRY,Pays,COL,Colombie,_Z,N'est pas applicable,POP,Population,_T,Total,_T,Total,PS,Personnes,2011,,44553416,,COL,Colombie,A,Valeur normale,0,Units,0,Zero
DATAFLOW,OECD.CFE.EDS:DSD_REG_DEMO@DF_DENSITY(2.0),Densité de population - Régions,I,A,Annuelle,CTRY,Pays,COL,Colombie,_Z,N'est pas applicable,POP,Population,_T,Total,_T,Total,PS_KM2,Personnes par kilomètre carré,2020,,44.15,,COL,Colombie,A,Valeur normale,0,Units,2,Two
DATAFLOW,OECD.CFE.EDS:DSD_REG_DEMO@DF_DENSITY(2.0),Densité de population - Régions,I,A,Annuelle,CTRY,Pays,COL,Colombie,_Z,N'est pas applicable,POP,Population,_T,Total,_T,Total,PS_KM2,Personnes par kilomètre carré,2021,,44.77,,COL,Colombie,A,Valeur normale,0,Units,2,Two
DATAFLOW,OECD.CFE.EDS:DSD_REG_DEMO@DF_DENSITY(2.0),Densité de population - Régions,I,A,Annuelle,CTRY,Pays,COL,Colombie,_Z,N'est pas applicable,POP,Population,_T,Total,_T,Total,PS_KM2,Personnes par kilomètre carré,2022,,45.27,,COL,Colombie,A,Valeur normale,0,Units,2,Two
DATAFLOW,OECD.CFE.EDS:DSD_REG_DEMO@DF_DENSITY(2.0),Densité de population - Régions,I,A,Annuelle,CTRY,Pays,COL,Colombie,_Z,N'est pas applicable,POP,Population,_T,Total,_T,Total,PS_KM2,Personnes par kilomètre carré,2023,,45.73,,COL,Colombie,A,Valeur normale,0,Units,2,Two
DATAFLOW,OECD.CFE.EDS:DSD_REG_DEMO@DF_DENSITY(2.0),Densité de population - Régions,I,A,Annuelle,CTRY,Pays,COL,Colombie,_Z,N'est pas applicable,POP,Population,_T,Total,_T,Total,PS_KM2,Personnes par kilomètre carré,2018,,42.27,,COL,Colombie,A,Valeur normale,0,Units,2,Two
DATAFLOW,OECD.CFE.EDS:DSD_REG_DEMO@DF_DENSITY(2.0),Densité de population - Régions,I,A,Annuelle,CTRY,Pays,COL,Colombie,_Z,N'est pas applicable,POP,Population,_T,Total,_T,Total,PS_KM2,Personnes par kilomètre carré,2019,,43.26,,COL,Colombie,A,Valeur normale,0,Units,2,Two
DATAFLOW,OECD.CFE.EDS:DSD_REG_DEMO@DF_DENSITY(2.0),Densité de population - Régions,I,A,Annuelle,CTRY,Pays,COL,Colombie,_Z,N'est pas applicable,POP,Population,_T,Total,_T,Total,PS_KM2,Personnes par kilomètre carré,2008,,37.78,,COL,Colombie,A,Valeur normale,0,Units,2,Two
DATAFLOW,OECD.CFE.EDS:DSD_REG_DEMO@DF_DENSITY(2.0),Densité de population - Régions,I,A,Annuelle,CTRY,Pays,COL,Colombie,_Z,N'est pas applicable,POP,Population,_T,Total,_T,Total,PS_KM2,Personnes par kilomètre carré,2012,,39.41,,COL,Colombie,A,Valeur normale,0,Units,2,Two
DATAFLOW,OECD.CFE.EDS:DSD_REG_DEMO@DF_DENSITY(2.0),Densité de population - Régions,I,A,Annuelle,CTRY,Pays,COL,Colombie,_Z,N'est pas applicable,POP,Population,_T,Total,_T,Total,PS_KM2,Personnes par kilomètre carré,2013,,39.79,,COL,Colombie,A,Valeur normale,0,Units,2,Two
DATAFLOW,OECD.CFE.EDS:DSD_REG_DEMO@DF_DENSITY(2.0),Densité de population - Régions,I,A,Annuelle,CTRY,Pays,COL,Colombie,_Z,N'est pas applicable,POP,Population,_T,Total,_T,Total,PS_KM2,Personnes par kilomètre carré,2016,,41.02,,COL,Colombie,A,Valeur normale,0,Units,2,Two
DATAFLOW,OECD.CFE.EDS:DSD_REG_DEMO@DF_DENSITY(2.0),Densité de population - Régions,I,A,Annuelle,CTRY,Pays,COL,Colombie,_Z,N'est pas applicable,POP,Population,_T,Total,_T,Total,PS_KM2,Personnes par kilomètre carré,2017,,41.53,,COL,Colombie,A,Valeur normale,0,Units,2,Two
DATAFLOW,OECD.CFE.EDS:DSD_REG_DEMO@DF_DENSITY(2.0),Densité de population - Régions,I,A,Annuelle,CTRY,Pays,CRI,Costa Rica,_Z,N'est pas applicable,POP,Population,_T,Total,_T,Total,PS,Personnes,2011,,4592147,,CRI,Costa Rica,A,Valeur normale,0,Units,0,Zero
DATAFLOW,OECD.CFE.EDS:DSD_REG_DEMO@DF_DENSITY(2.0),Densité de population - Régions,I,A,Annuelle,CTRY,Pays,CRI,Costa Rica,_Z,N'est pas applicable,POP,Population,_T,Total,_T,Total,PS,Personnes,2016,,4890372,,CRI,Costa Rica,A,Valeur normale,0,Units,0,Zero
DATAFLOW,OECD.CFE.EDS:DSD_REG_DEMO@DF_DENSITY(2.0),Densité de population - Régions,I,A,Annuelle,CTRY,Pays,CRI,Costa Rica,_Z,N'est pas applicable,POP,Population,_T,Total,_T,Total,PS,Personnes,2013,,4713164,,CRI,Costa Rica,A,Valeur normale,0,Units,0,Zero
DATAFLOW,OECD.CFE.EDS:DSD_REG_DEMO@DF_DENSITY(2.0),Densité de population - Régions,I,A,Annuelle,CTRY,Pays,CRI,Costa Rica,_Z,N'est pas applicable,POP,Population,_T,Total,_T,Total,PS,Personnes,2006,,4278653,,CRI,Costa Rica,A,Valeur normale,0,Units,0,Zero
DATAFLOW,OECD.CFE.EDS:DSD_REG_DEMO@DF_DENSITY(2.0),Densité de population - Régions,I,A,Annuelle,CTRY,Pays,CRI,Costa Rica,_Z,N'est pas applicable,POP,Population,_T,Total,_T,Total,PS,Personnes,2007,,4340387,,CRI,Costa Rica,A,Valeur normale,0,Units,0,Zero
DATAFLOW,OECD.CFE.EDS:DSD_REG_DEMO@DF_DENSITY(2.0),Densité de population - Régions,I,A,Annuelle,CTRY,Pays,CRI,Costa Rica,_Z,N'est pas applicable,POP,Population,_T,Total,_T,Total,PS,Personnes,2001,,3953387,,CRI,Costa Rica,A,Valeur normale,0,Units,0,Zero
DATAFLOW,OECD.CFE.EDS:DSD_REG_DEMO@DF_DENSITY(2.0),Densité de population - Régions,I,A,Annuelle,CTRY,Pays,CRI,Costa Rica,_Z,N'est pas applicable,POP,Population,_T,Total,_T,Total,PS,Personnes,2002,,4022426,,CRI,Costa Rica,A,Valeur normale,0,Units,0,Zero
DATAFLOW,OECD.CFE.EDS:DSD_REG_DEMO@DF_DENSITY(2.0),Densité de population - Régions,I,A,Annuelle,CTRY,Pays,CRI,Costa Rica,_Z,N'est pas applicable,POP,Population,_T,Total,_T,Total,PS,Personnes,2003,,4086400,,CRI,Costa Rica,A,Valeur normale,0,Units,0,Zero
DATAFLOW,OECD.CFE.EDS:DSD_REG_DEMO@DF_DENSITY(2.0),Densité de population - Régions,I,A,Annuelle,CTRY,Pays,CRI,Costa Rica,_Z,N'est pas applicable,POP,Population,_T,Total,_T,Total,PS,Personnes,2017,,4947481,,CRI,Costa Rica,A,Valeur normale,0,Units,0,Zero
DATAFLOW,OECD.CFE.EDS:DSD_REG_DEMO@DF_DENSITY(2.0),Densité de population - Régions,I,A,Annuelle,CTRY,Pays,CRI,Costa Rica,_Z,N'est pas applicable,POP,Population,_T,Total,_T,Total,PS,Personnes,2004,,4151819,,CRI,Costa Rica,A,Valeur normale,0,Units,0,Zero
DATAFLOW,OECD.CFE.EDS:DSD_REG_DEMO@DF_DENSITY(2.0),Densité de population - Régions,I,A,Annuelle,CTRY,Pays,CRI,Costa Rica,_Z,N'est pas applicable,POP,Population,_T,Total,_T,Total,PS,Personnes,2005,,4215244,,CRI,Costa Rica,A,Valeur normale,0,Units,0,Zero
DATAFLOW,OECD.CFE.EDS:DSD_REG_DEMO@DF_DENSITY(2.0),Densité de population - Régions,I,A,Annuelle,CTRY,Pays,CRI,Costa Rica,_Z,N'est pas applicable,POP,Population,_T,Total,_T,Total,PS,Personnes,2021,,5163021,,CRI,Costa Rica,A,Valeur normale,0,Units,0,Zero
DATAFLOW,OECD.CFE.EDS:DSD_REG_DEMO@DF_DENSITY(2.0),Densité de population - Régions,I,A,Annuelle,CTRY,Pays,CRI,Costa Rica,_Z,N'est pas applicable,POP,Population,_T,Total,_T,Total,PS,Personnes,2022,,5213362,,CRI,Costa Rica,A,Valeur normale,0,Units,0,Zero
DATAFLOW,OECD.CFE.EDS:DSD_REG_DEMO@DF_DENSITY(2.0),Densité de population - Régions,I,A,Annuelle,CTRY,Pays,CRI,Costa Rica,_Z,N'est pas applicable,POP,Population,_T,Total,_T,Total,PS,Personnes,2020,,5111221,,CRI,Costa Rica,A,Valeur normale,0,Units,0,Zero
DATAFLOW,OECD.CFE.EDS:DSD_REG_DEMO@DF_DENSITY(2.0),Densité de population - Régions,I,A,Annuelle,CTRY,Pays,CRI,Costa Rica,_Z,N'est pas applicable,POP,Population,_T,Total,_T,Total,PS,Personnes,2009,,4469336,,CRI,Costa Rica,A,Valeur normale,0,Units,0,Zero
DATAFLOW,OECD.CFE.EDS:DSD_REG_DEMO@DF_DENSITY(2.0),Densité de population - Régions,I,A,Annuelle,CTRY,Pays,CRI,Costa Rica,_Z,N'est pas applicable,POP,Population,_T,Total,_T,Total,PS,Personnes,2000,,3872343,,CRI,Costa Rica,A,Valeur normale,0,Units,0,Zero
DATAFLOW,OECD.CFE.EDS:DSD_REG_DEMO@DF_DENSITY(2.0),Densité de population - Régions,I,A,Annuelle,CTRY,Pays,CRI,Costa Rica,_Z,N'est pas applicable,POP,Population,_T,Total,_T,Total,PS,Personnes,2014,,4773119,,CRI,Costa Rica,A,Valeur normale,0,Units,0,Zero
DATAFLOW,OECD.CFE.EDS:DSD_REG_DEMO@DF_DENSITY(2.0),Densité de population - Régions,I,A,Annuelle,CTRY,Pays,CRI,Costa Rica,_Z,N'est pas applicable,POP,Population,_T,Total,_T,Total,PS,Personnes,2015,,4832227,,CRI,Costa Rica,A,Valeur normale,0,Units,0,Zero
DATAFLOW,OECD.CFE.EDS:DSD_REG_DEMO@DF_DENSITY(2.0),Densité de population - Régions,I,A,Annuelle,CTRY,Pays,CRI,Costa Rica,_Z,N'est pas applicable,POP,Population,_T,Total,_T,Total,PS,Personnes,2018,,5003393,,CRI,Costa Rica,A,Valeur normale,0,Units,0,Zero
DATAFLOW,OECD.CFE.EDS:DSD_REG_DEMO@DF_DENSITY(2.0),Densité de population - Régions,I,A,Annuelle,CTRY,Pays,CRI,Costa Rica,_Z,N'est pas applicable,POP,Population,_T,Total,_T,Total,PS,Personnes,2019,,5057999,,CRI,Costa Rica,A,Valeur normale,0,Units,0,Zero
DATAFLOW,OECD.CFE.EDS:DSD_REG_DEMO@DF_DENSITY(2.0),Densité de population - Régions,I,A,Annuelle,CTRY,Pays,CRI,Costa Rica,_Z,N'est pas applicable,POP,Population,_T,Total,_T,Total,PS,Personnes,2008,,4404089,,CRI,Costa Rica,A,Valeur normale,0,Units,0,Zero
DATAFLOW,OECD.CFE.EDS:DSD_REG_DEMO@DF_DENSITY(2.0),Densité de population - Régions,I,A,Annuelle,CTRY,Pays,CRI,Costa Rica,_Z,N'est pas applicable,POP,Population,_T,Total,_T,Total,PS,Personnes,2012,,4652451,,CRI,Costa Rica,A,Valeur normale,0,Units,0,Zero
DATAFLOW,OECD.CFE.EDS:DSD_REG_DEMO@DF_DENSITY(2.0),Densité de population - Régions,I,A,Annuelle,CTRY,Pays,CRI,Costa Rica,_Z,N'est pas applicable,POP,Population,_T,Total,_T,Total,PS_KM2,Personnes par kilomètre carré,2023,,101.76,,CRI,Costa Rica,A,Valeur normale,0,Units,2,Two
DATAFLOW,OECD.CFE.EDS:DSD_REG_DEMO@DF_DENSITY(2.0),Densité de population - Régions,I,A,Annuelle,CTRY,Pays,CRI,Costa Rica,_Z,N'est pas applicable,POP,Population,_T,Total,_T,Total,PS_KM2,Personnes par kilomètre carré,2020,,98.84,,CRI,Costa Rica,A,Valeur normale,0,Units,2,Two
DATAFLOW,OECD.CFE.EDS:DSD_REG_DEMO@DF_DENSITY(2.0),Densité de population - Régions,I,A,Annuelle,CTRY,Pays,CRI,Costa Rica,_Z,N'est pas applicable,POP,Population,_T,Total,_T,Total,PS_KM2,Personnes par kilomètre carré,2018,,96.76,,CRI,Costa Rica,A,Valeur normale,0,Units,2,Two
DATAFLOW,OECD.CFE.EDS:DSD_REG_DEMO@DF_DENSITY(2.0),Densité de population - Régions,I,A,Annuelle,CTRY,Pays,CRI,Costa Rica,_Z,N'est pas applicable,POP,Population,_T,Total,_T,Total,PS_KM2,Personnes par kilomètre carré,2019,,97.81,,CRI,Costa Rica,A,Valeur normale,0,Units,2,Two
DATAFLOW,OECD.CFE.EDS:DSD_REG_DEMO@DF_DENSITY(2.0),Densité de population - Régions,I,A,Annuelle,CTRY,Pays,CRI,Costa Rica,_Z,N'est pas applicable,POP,Population,_T,Total,_T,Total,PS_KM2,Personnes par kilomètre carré,2021,,99.85,,CRI,Costa Rica,A,Valeur normale,0,Units,2,Two
DATAFLOW,OECD.CFE.EDS:DSD_REG_DEMO@DF_DENSITY(2.0),Densité de population - Régions,I,A,Annuelle,CTRY,Pays,CRI,Costa Rica,_Z,N'est pas applicable,POP,Population,_T,Total,_T,Total,PS_KM2,Personnes par kilomètre carré,2008,,85.17,,CRI,Costa Rica,A,Valeur normale,0,Units,2,Two
DATAFLOW,OECD.CFE.EDS:DSD_REG_DEMO@DF_DENSITY(2.0),Densité de population - Régions,I,A,Annuelle,CTRY,Pays,CRI,Costa Rica,_Z,N'est pas applicable,POP,Population,_T,Total,_T,Total,PS_KM2,Personnes par kilomètre carré,2022,,100.82,,CRI,Costa Rica,A,Valeur normale,0,Units,2,Two
DATAFLOW,OECD.CFE.EDS:DSD_REG_DEMO@DF_DENSITY(2.0),Densité de population - Régions,I,A,Annuelle,CTRY,Pays,CRI,Costa Rica,_Z,N'est pas applicable,POP,Population,_T,Total,_T,Total,PS_KM2,Personnes par kilomètre carré,2013,,91.15,,CRI,Costa Rica,A,Valeur normale,0,Units,2,Two
DATAFLOW,OECD.CFE.EDS:DSD_REG_DEMO@DF_DENSITY(2.0),Densité de population - Régions,I,A,Annuelle,CTRY,Pays,CRI,Costa Rica,_Z,N'est pas applicable,POP,Population,_T,Total,_T,Total,PS_KM2,Personnes par kilomètre carré,2015,,93.45,,CRI,Costa Rica,A,Valeur normale,0,Units,2,Two
DATAFLOW,OECD.CFE.EDS:DSD_REG_DEMO@DF_DENSITY(2.0),Densité de population - Régions,I,A,Annuelle,CTRY,Pays,CRI,Costa Rica,_Z,N'est pas applicable,POP,Population,_T,Total,_T,Total,PS_KM2,Personnes par kilomètre carré,2016,,94.57,,CRI,Costa Rica,A,Valeur normale,0,Units,2,Two
DATAFLOW,OECD.CFE.EDS:DSD_REG_DEMO@DF_DENSITY(2.0),Densité de population - Régions,I,A,Annuelle,CTRY,Pays,CRI,Costa Rica,_Z,N'est pas applicable,POP,Population,_T,Total,_T,Total,PS_KM2,Personnes par kilomètre carré,2017,,95.68,,CRI,Costa Rica,A,Valeur normale,0,Units,2,Two
DATAFLOW,OECD.CFE.EDS:DSD_REG_DEMO@DF_DENSITY(2.0),Densité de population - Régions,I,A,Annuelle,CTRY,Pays,CRI,Costa Rica,_Z,N'est pas applicable,POP,Population,_T,Total,_T,Total,PS_KM2,Personnes par kilomètre carré,2010,,87.68,,CRI,Costa Rica,A,Valeur normale,0,Units,2,Two
DATAFLOW,OECD.CFE.EDS:DSD_REG_DEMO@DF_DENSITY(2.0),Densité de population - Régions,I,A,Annuelle,CTRY,Pays,CRI,Costa Rica,_Z,N'est pas applicable,POP,Population,_T,Total,_T,Total,PS_KM2,Personnes par kilomètre carré,2011,,88.81,,CRI,Costa Rica,A,Valeur normale,0,Units,2,Two
DATAFLOW,OECD.CFE.EDS:DSD_REG_DEMO@DF_DENSITY(2.0),Densité de population - Régions,I,A,Annuelle,CTRY,Pays,CRI,Costa Rica,_Z,N'est pas applicable,POP,Population,_T,Total,_T,Total,PS_KM2,Personnes par kilomètre carré,2012,,89.97,,CRI,Costa Rica,A,Valeur normale,0,Units,2,Two
DATAFLOW,OECD.CFE.EDS:DSD_REG_DEMO@DF_DENSITY(2.0),Densité de population - Régions,I,A,Annuelle,CTRY,Pays,CRI,Costa Rica,_Z,N'est pas applicable,POP,Population,_T,Total,_T,Total,PS_KM2,Personnes par kilomètre carré,2003,,79.03,,CRI,Costa Rica,A,Valeur normale,0,Units,2,Two
DATAFLOW,OECD.CFE.EDS:DSD_REG_DEMO@DF_DENSITY(2.0),Densité de population - Régions,I,A,Annuelle,CTRY,Pays,CRI,Costa Rica,_Z,N'est pas applicable,POP,Population,_T,Total,_T,Total,PS_KM2,Personnes par kilomètre carré,2006,,82.74,,CRI,Costa Rica,A,Valeur normale,0,Units,2,Two
DATAFLOW,OECD.CFE.EDS:DSD_REG_DEMO@DF_DENSITY(2.0),Densité de population - Régions,I,A,Annuelle,CTRY,Pays,CRI,Costa Rica,_Z,N'est pas applicable,POP,Population,_T,Total,_T,Total,PS_KM2,Personnes par kilomètre carré,2007,,83.94,,CRI,Costa Rica,A,Valeur normale,0,Units,2,Two
DATAFLOW,OECD.CFE.EDS:DSD_REG_DEMO@DF_DENSITY(2.0),Densité de population - Régions,I,A,Annuelle,CTRY,Pays,CRI,Costa Rica,_Z,N'est pas applicable,POP,Population,_T,Total,_T,Total,PS_KM2,Personnes par kilomètre carré,2001,,76.45,,CRI,Costa Rica,A,Valeur normale,0,Units,2,Two
DATAFLOW,OECD.CFE.EDS:DSD_REG_DEMO@DF_DENSITY(2.0),Densité de population - Régions,I,A,Annuelle,CTRY,Pays,CRI,Costa Rica,_Z,N'est pas applicable,POP,Population,_T,Total,_T,Total,PS_KM2,Personnes par kilomètre carré,2002,,77.79,,CRI,Costa Rica,A,Valeur normale,0,Units,2,Two
DATAFLOW,OECD.CFE.EDS:DSD_REG_DEMO@DF_DENSITY(2.0),Densité de population - Régions,I,A,Annuelle,CTRY,Pays,CRI,Costa Rica,_Z,N'est pas applicable,POP,Population,_T,Total,_T,Total,PS_KM2,Personnes par kilomètre carré,2014,,92.31,,CRI,Costa Rica,A,Valeur normale,0,Units,2,Two
DATAFLOW,OECD.CFE.EDS:DSD_REG_DEMO@DF_DENSITY(2.0),Densité de population - Régions,I,A,Annuelle,CTRY,Pays,CRI,Costa Rica,_Z,N'est pas applicable,POP,Population,_T,Total,_T,Total,PS_KM2,Personnes par kilomètre carré,2005,,81.52,,CRI,Costa Rica,A,Valeur normale,0,Units,2,Two
DATAFLOW,OECD.CFE.EDS:DSD_REG_DEMO@DF_DENSITY(2.0),Densité de population - Régions,I,A,Annuelle,CTRY,Pays,CRI,Costa Rica,_Z,N'est pas applicable,POP,Population,_T,Total,_T,Total,PS_KM2,Personnes par kilomètre carré,2009,,86.43,,CRI,Costa Rica,A,Valeur normale,0,Units,2,Two
DATAFLOW,OECD.CFE.EDS:DSD_REG_DEMO@DF_DENSITY(2.0),Densité de population - Régions,I,A,Annuelle,CTRY,Pays,CRI,Costa Rica,_Z,N'est pas applicable,POP,Population,_T,Total,_T,Total,PS_KM2,Personnes par kilomètre carré,2000,,74.89,,CRI,Costa Rica,A,Valeur normale,0,Units,2,Two
DATAFLOW,OECD.CFE.EDS:DSD_REG_DEMO@DF_DENSITY(2.0),Densité de population - Régions,I,A,Annuelle,CTRY,Pays,CRI,Costa Rica,_Z,N'est pas applicable,POP,Population,_T,Total,_T,Total,PS_KM2,Personnes par kilomètre carré,2004,,80.29,,CRI,Costa Rica,A,Valeur normale,0,Units,2,Two
DATAFLOW,OECD.CFE.EDS:DSD_REG_DEMO@DF_DENSITY(2.0),Densité de population - Régions,I,A,Annuelle,CTRY,Pays,CRI,Costa Rica,_Z,N'est pas applicable,POP,Population,_T,Total,_T,Total,PS,Personnes,2023,,5262225,,CRI,Costa Rica,A,Valeur normale,0,Units,0,Zero
DATAFLOW,OECD.CFE.EDS:DSD_REG_DEMO@DF_DENSITY(2.0),Densité de population - Régions,I,A,Annuelle,CTRY,Pays,CZE,Tchèquie,_Z,N'est pas applicable,POP,Population,_T,Total,_T,Total,PS_KM2,Personnes par kilomètre carré,2005,,132.09,,CZE,Tchéquie,A,Valeur normale,0,Units,2,Two
DATAFLOW,OECD.CFE.EDS:DSD_REG_DEMO@DF_DENSITY(2.0),Densité de population - Régions,I,A,Annuelle,CTRY,Pays,CZE,Tchèquie,_Z,N'est pas applicable,POP,Population,_T,Total,_T,Total,PS_KM2,Personnes par kilomètre carré,2006,,132.41,,CZE,Tchéquie,A,Valeur normale,0,Units,2,Two
DATAFLOW,OECD.CFE.EDS:DSD_REG_DEMO@DF_DENSITY(2.0),Densité de population - Régions,I,A,Annuelle,CTRY,Pays,CZE,Tchèquie,_Z,N'est pas applicable,POP,Population,_T,Total,_T,Total,PS,Personnes,1997,,10309137,,CZE,Tchéquie,A,Valeur normale,0,Units,0,Zero
DATAFLOW,OECD.CFE.EDS:DSD_REG_DEMO@DF_DENSITY(2.0),Densité de population - Régions,I,A,Annuelle,CTRY,Pays,CZE,Tchèquie,_Z,N'est pas applicable,POP,Population,_T,Total,_T,Total,PS,Personnes,1992,,10312548,,CZE,Tchéquie,A,Valeur normale,0,Units,0,Zero
DATAFLOW,OECD.CFE.EDS:DSD_REG_DEMO@DF_DENSITY(2.0),Densité de population - Régions,I,A,Annuelle,CTRY,Pays,CZE,Tchèquie,_Z,N'est pas applicable,POP,Population,_T,Total,_T,Total,PS,Personnes,1993,,10325697,,CZE,Tchéquie,A,Valeur normale,0,Units,0,Zero
DATAFLOW,OECD.CFE.EDS:DSD_REG_DEMO@DF_DENSITY(2.0),Densité de population - Régions,I,A,Annuelle,CTRY,Pays,CZE,Tchèquie,_Z,N'est pas applicable,POP,Population,_T,Total,_T,Total,PS,Personnes,1991,,10304607,,CZE,Tchéquie,A,Valeur normale,0,Units,0,Zero
DATAFLOW,OECD.CFE.EDS:DSD_REG_DEMO@DF_DENSITY(2.0),Densité de population - Régions,I,A,Annuelle,CTRY,Pays,CZE,Tchèquie,_Z,N'est pas applicable,POP,Population,_T,Total,_T,Total,PS,Personnes,1990,,10362102,,CZE,Tchéquie,A,Valeur normale,0,Units,0,Zero
DATAFLOW,OECD.CFE.EDS:DSD_REG_DEMO@DF_DENSITY(2.0),Densité de population - Régions,I,A,Annuelle,CTRY,Pays,CZE,Tchèquie,_Z,N'est pas applicable,POP,Population,_T,Total,_T,Total,PS,Personnes,2021,,10494836,,CZE,Tchéquie,B,Rupture de série,0,Units,0,Zero
DATAFLOW,OECD.CFE.EDS:DSD_REG_DEMO@DF_DENSITY(2.0),Densité de population - Régions,I,A,Annuelle,CTRY,Pays,CZE,Tchèquie,_Z,N'est pas applicable,POP,Population,_T,Total,_T,Total,PS,Personnes,1995,,10333161,,CZE,Tchéquie,A,Valeur normale,0,Units,0,Zero
DATAFLOW,OECD.CFE.EDS:DSD_REG_DEMO@DF_DENSITY(2.0),Densité de population - Régions,I,A,Annuelle,CTRY,Pays,CZE,Tchèquie,_Z,N'est pas applicable,POP,Population,_T,Total,_T,Total,PS,Personnes,2018,,10610055,,CZE,Tchéquie,A,Valeur normale,0,Units,0,Zero
DATAFLOW,OECD.CFE.EDS:DSD_REG_DEMO@DF_DENSITY(2.0),Densité de population - Régions,I,A,Annuelle,CTRY,Pays,CZE,Tchèquie,_Z,N'est pas applicable,POP,Population,_T,Total,_T,Total,PS,Personnes,2019,,10649800,,CZE,Tchéquie,A,Valeur normale,0,Units,0,Zero
DATAFLOW,OECD.CFE.EDS:DSD_REG_DEMO@DF_DENSITY(2.0),Densité de population - Régions,I,A,Annuelle,CTRY,Pays,CZE,Tchèquie,_Z,N'est pas applicable,POP,Population,_T,Total,_T,Total,PS,Personnes,2008,,10343422,,CZE,Tchéquie,A,Valeur normale,0,Units,0,Zero
DATAFLOW,OECD.CFE.EDS:DSD_REG_DEMO@DF_DENSITY(2.0),Densité de population - Régions,I,A,Annuelle,CTRY,Pays,CZE,Tchèquie,_Z,N'est pas applicable,POP,Population,_T,Total,_T,Total,PS,Personnes,1999,,10289621,,CZE,Tchéquie,A,Valeur normale,0,Units,0,Zero
DATAFLOW,OECD.CFE.EDS:DSD_REG_DEMO@DF_DENSITY(2.0),Densité de population - Régions,I,A,Annuelle,CTRY,Pays,CZE,Tchèquie,_Z,N'est pas applicable,POP,Population,_T,Total,_T,Total,PS,Personnes,2012,,10505445,,CZE,Tchéquie,A,Valeur normale,0,Units,0,Zero
DATAFLOW,OECD.CFE.EDS:DSD_REG_DEMO@DF_DENSITY(2.0),Densité de population - Régions,I,A,Annuelle,CTRY,Pays,CZE,Tchèquie,_Z,N'est pas applicable,POP,Population,_T,Total,_T,Total,PS,Personnes,2013,,10516125,,CZE,Tchéquie,A,Valeur normale,0,Units,0,Zero
DATAFLOW,OECD.CFE.EDS:DSD_REG_DEMO@DF_DENSITY(2.0),Densité de population - Régions,I,A,Annuelle,CTRY,Pays,CZE,Tchèquie,_Z,N'est pas applicable,POP,Population,_T,Total,_T,Total,PS,Personnes,2006,,10223577,,CZE,Tchéquie,A,Valeur normale,0,Units,0,Zero
DATAFLOW,OECD.CFE.EDS:DSD_REG_DEMO@DF_DENSITY(2.0),Densité de population - Régions,I,A,Annuelle,CTRY,Pays,CZE,Tchèquie,_Z,N'est pas applicable,POP,Population,_T,Total,_T,Total,PS,Personnes,2007,,10254233,,CZE,Tchéquie,A,Valeur normale,0,Units,0,Zero
DATAFLOW,OECD.CFE.EDS:DSD_REG_DEMO@DF_DENSITY(2.0),Densité de population - Régions,I,A,Annuelle,CTRY,Pays,CZE,Tchèquie,_Z,N'est pas applicable,POP,Population,_T,Total,_T,Total,PS,Personnes,1998,,10299125,,CZE,Tchéquie,A,Valeur normale,0,Units,0,Zero
DATAFLOW,OECD.CFE.EDS:DSD_REG_DEMO@DF_DENSITY(2.0),Densité de population - Régions,I,A,Annuelle,CTRY,Pays,CZE,Tchèquie,_Z,N'est pas applicable,POP,Population,_T,Total,_T,Total,PS,Personnes,2001,,10232027,,CZE,Tchéquie,A,Valeur normale,0,Units,0,Zero
DATAFLOW,OECD.CFE.EDS:DSD_REG_DEMO@DF_DENSITY(2.0),Densité de population - Régions,I,A,Annuelle,CTRY,Pays,CZE,Tchèquie,_Z,N'est pas applicable,POP,Population,_T,Total,_T,Total,PS,Personnes,2002,,10201182,,CZE,Tchéquie,A,Valeur normale,0,Units,0,Zero
DATAFLOW,OECD.CFE.EDS:DSD_REG_DEMO@DF_DENSITY(2.0),Densité de population - Régions,I,A,Annuelle,CTRY,Pays,CZE,Tchèquie,_Z,N'est pas applicable,POP,Population,_T,Total,_T,Total,PS,Personnes,2003,,10192649,,CZE,Tchéquie,A,Valeur normale,0,Units,0,Zero
DATAFLOW,OECD.CFE.EDS:DSD_REG_DEMO@DF_DENSITY(2.0),Densité de population - Régions,I,A,Annuelle,CTRY,Pays,CZE,Tchèquie,_Z,N'est pas applicable,POP,Population,_T,Total,_T,Total,PS,Personnes,1996,,10321344,,CZE,Tchéquie,A,Valeur normale,0,Units,0,Zero
DATAFLOW,OECD.CFE.EDS:DSD_REG_DEMO@DF_DENSITY(2.0),Densité de population - Régions,I,A,Annuelle,CTRY,Pays,CZE,Tchèquie,_Z,N'est pas applicable,POP,Population,_T,Total,_T,Total,PS_KM2,Personnes par kilomètre carré,2007,,132.81,,CZE,Tchéquie,A,Valeur normale,0,Units,2,Two
DATAFLOW,OECD.CFE.EDS:DSD_REG_DEMO@DF_DENSITY(2.0),Densité de population - Régions,I,A,Annuelle,CTRY,Pays,CZE,Tchèquie,_Z,N'est pas applicable,POP,Population,_T,Total,_T,Total,PS_KM2,Personnes par kilomètre carré,2001,,132.52,,CZE,Tchéquie,A,Valeur normale,0,Units,2,Two
DATAFLOW,OECD.CFE.EDS:DSD_REG_DEMO@DF_DENSITY(2.0),Densité de population - Régions,I,A,Annuelle,CTRY,Pays,CZE,Tchèquie,_Z,N'est pas applicable,POP,Population,_T,Total,_T,Total,PS_KM2,Personnes par kilomètre carré,2002,,132.12,,CZE,Tchéquie,A,Valeur normale,0,Units,2,Two
DATAFLOW,OECD.CFE.EDS:DSD_REG_DEMO@DF_DENSITY(2.0),Densité de population - Régions,I,A,Annuelle,CTRY,Pays,CZE,Tchèquie,_Z,N'est pas applicable,POP,Population,_T,Total,_T,Total,PS_KM2,Personnes par kilomètre carré,1996,,133.68,,CZE,Tchéquie,A,Valeur normale,0,Units,2,Two
DATAFLOW,OECD.CFE.EDS:DSD_REG_DEMO@DF_DENSITY(2.0),Densité de population - Régions,I,A,Annuelle,CTRY,Pays,CZE,Tchèquie,_Z,N'est pas applicable,POP,Population,_T,Total,_T,Total,PS_KM2,Personnes par kilomètre carré,1997,,133.52,,CZE,Tchéquie,A,Valeur normale,0,Units,2,Two
DATAFLOW,OECD.CFE.EDS:DSD_REG_DEMO@DF_DENSITY(2.0),Densité de population - Régions,I,A,Annuelle,CTRY,Pays,CZE,Tchèquie,_Z,N'est pas applicable,POP,Population,_T,Total,_T,Total,PS_KM2,Personnes par kilomètre carré,2009,,135.03,,CZE,Tchéquie,A,Valeur normale,0,Units,2,Two
DATAFLOW,OECD.CFE.EDS:DSD_REG_DEMO@DF_DENSITY(2.0),Densité de population - Régions,I,A,Annuelle,CTRY,Pays,CZE,Tchèquie,_Z,N'est pas applicable,POP,Population,_T,Total,_T,Total,PS_KM2,Personnes par kilomètre carré,2000,,133.12,,CZE,Tchéquie,A,Valeur normale,0,Units,2,Two
DATAFLOW,OECD.CFE.EDS:DSD_REG_DEMO@DF_DENSITY(2.0),Densité de population - Régions,I,A,Annuelle,CTRY,Pays,CZE,Tchèquie,_Z,N'est pas applicable,POP,Population,_T,Total,_T,Total,PS_KM2,Personnes par kilomètre carré,1991,,133.46,,CZE,Tchéquie,A,Valeur normale,0,Units,2,Two
DATAFLOW,OECD.CFE.EDS:DSD_REG_DEMO@DF_DENSITY(2.0),Densité de population - Régions,I,A,Annuelle,CTRY,Pays,CZE,Tchèquie,_Z,N'est pas applicable,POP,Population,_T,Total,_T,Total,PS_KM2,Personnes par kilomètre carré,2004,,132.04,,CZE,Tchéquie,A,Valeur normale,0,Units,2,Two
DATAFLOW,OECD.CFE.EDS:DSD_REG_DEMO@DF_DENSITY(2.0),Densité de population - Régions,I,A,Annuelle,CTRY,Pays,CZE,Tchèquie,_Z,N'est pas applicable,POP,Population,_T,Total,_T,Total,PS_KM2,Personnes par kilomètre carré,1995,,133.83,,CZE,Tchéquie,A,Valeur normale,0,Units,2,Two
DATAFLOW,OECD.CFE.EDS:DSD_REG_DEMO@DF_DENSITY(2.0),Densité de population - Régions,I,A,Annuelle,CTRY,Pays,CZE,Tchèquie,_Z,N'est pas applicable,POP,Population,_T,Total,_T,Total,PS_KM2,Personnes par kilomètre carré,1994,,133.84,,CZE,Tchéquie,A,Valeur normale,0,Units,2,Two
DATAFLOW,OECD.CFE.EDS:DSD_REG_DEMO@DF_DENSITY(2.0),Densité de population - Régions,I,A,Annuelle,CTRY,Pays,CZE,Tchèquie,_Z,N'est pas applicable,POP,Population,_T,Total,_T,Total,PS_KM2,Personnes par kilomètre carré,1999,,133.26,,CZE,Tchéquie,A,Valeur normale,0,Units,2,Two
DATAFLOW,OECD.CFE.EDS:DSD_REG_DEMO@DF_DENSITY(2.0),Densité de population - Régions,I,A,Annuelle,CTRY,Pays,CZE,Tchèquie,_Z,N'est pas applicable,POP,Population,_T,Total,_T,Total,PS_KM2,Personnes par kilomètre carré,1990,,134.2,,CZE,Tchéquie,A,Valeur normale,0,Units,2,Two
DATAFLOW,OECD.CFE.EDS:DSD_REG_DEMO@DF_DENSITY(2.0),Densité de population - Régions,I,A,Annuelle,CTRY,Pays,CZE,Tchèquie,_Z,N'est pas applicable,POP,Population,_T,Total,_T,Total,PS_KM2,Personnes par kilomètre carré,1993,,133.73,,CZE,Tchéquie,A,Valeur normale,0,Units,2,Two
DATAFLOW,OECD.CFE.EDS:DSD_REG_DEMO@DF_DENSITY(2.0),Densité de population - Régions,I,A,Annuelle,CTRY,Pays,CZE,Tchèquie,_Z,N'est pas applicable,POP,Population,_T,Total,_T,Total,PS_KM2,Personnes par kilomètre carré,1998,,133.39,,CZE,Tchéquie,A,Valeur normale,0,Units,2,Two
DATAFLOW,OECD.CFE.EDS:DSD_REG_DEMO@DF_DENSITY(2.0),Densité de population - Régions,I,A,Annuelle,CTRY,Pays,CZE,Tchèquie,_Z,N'est pas applicable,POP,Population,_T,Total,_T,Total,PS_KM2,Personnes par kilomètre carré,1992,,133.56,,CZE,Tchéquie,A,Valeur normale,0,Units,2,Two
DATAFLOW,OECD.CFE.EDS:DSD_REG_DEMO@DF_DENSITY(2.0),Densité de population - Régions,I,A,Annuelle,CTRY,Pays,CZE,Tchèquie,_Z,N'est pas applicable,POP,Population,_T,Total,_T,Total,PS_KM2,Personnes par kilomètre carré,2021,,135.92,,CZE,Tchéquie,B,Rupture de série,0,Units,2,Two
DATAFLOW,OECD.CFE.EDS:DSD_REG_DEMO@DF_DENSITY(2.0),Densité de population - Régions,I,A,Annuelle,CTRY,Pays,CZE,Tchèquie,_Z,N'est pas applicable,POP,Population,_T,Total,_T,Total,PS,Personnes,2023,,10827529,,CZE,Tchéquie,A,Valeur normale,0,Units,0,Zero
DATAFLOW,OECD.CFE.EDS:DSD_REG_DEMO@DF_DENSITY(2.0),Densité de population - Régions,I,A,Annuelle,CTRY,Pays,CZE,Tchèquie,_Z,N'est pas applicable,POP,Population,_T,Total,_T,Total,PS,Personnes,2010,,10462088,,CZE,Tchéquie,A,Valeur normale,0,Units,0,Zero
DATAFLOW,OECD.CFE.EDS:DSD_REG_DEMO@DF_DENSITY(2.0),Densité de population - Régions,I,A,Annuelle,CTRY,Pays,CZE,Tchèquie,_Z,N'est pas applicable,POP,Population,_T,Total,_T,Total,PS,Personnes,2011,,10486731,,CZE,Tchéquie,A,Valeur normale,0,Units,0,Zero
DATAFLOW,OECD.CFE.EDS:DSD_REG_DEMO@DF_DENSITY(2.0),Densité de population - Régions,I,A,Annuelle,CTRY,Pays,CZE,Tchèquie,_Z,N'est pas applicable,POP,Population,_T,Total,_T,Total,PS,Personnes,2016,,10553843,,CZE,Tchéquie,A,Valeur normale,0,Units,0,Zero
DATAFLOW,OECD.CFE.EDS:DSD_REG_DEMO@DF_DENSITY(2.0),Densité de population - Régions,I,A,Annuelle,CTRY,Pays,CZE,Tchèquie,_Z,N'est pas applicable,POP,Population,_T,Total,_T,Total,PS,Personnes,2017,,10578820,,CZE,Tchéquie,A,Valeur normale,0,Units,0,Zero
DATAFLOW,OECD.CFE.EDS:DSD_REG_DEMO@DF_DENSITY(2.0),Densité de population - Régions,I,A,Annuelle,CTRY,Pays,CZE,Tchèquie,_Z,N'est pas applicable,POP,Population,_T,Total,_T,Total,PS,Personnes,2005,,10198855,,CZE,Tchéquie,A,Valeur normale,0,Units,0,Zero
DATAFLOW,OECD.CFE.EDS:DSD_REG_DEMO@DF_DENSITY(2.0),Densité de population - Régions,I,A,Annuelle,CTRY,Pays,CZE,Tchèquie,_Z,N'est pas applicable,POP,Population,_T,Total,_T,Total,PS,Personnes,2022,,10516707,,CZE,Tchéquie,A,Valeur normale,0,Units,0,Zero
DATAFLOW,OECD.CFE.EDS:DSD_REG_DEMO@DF_DENSITY(2.0),Densité de population - Régions,I,A,Annuelle,CTRY,Pays,CZE,Tchèquie,_Z,N'est pas applicable,POP,Population,_T,Total,_T,Total,PS,Personnes,2020,,10693939,,CZE,Tchéquie,A,Valeur normale,0,Units,0,Zero
DATAFLOW,OECD.CFE.EDS:DSD_REG_DEMO@DF_DENSITY(2.0),Densité de population - Régions,I,A,Annuelle,CTRY,Pays,CZE,Tchèquie,_Z,N'est pas applicable,POP,Population,_T,Total,_T,Total,PS,Personnes,2009,,10425783,,CZE,Tchéquie,A,Valeur normale,0,Units,0,Zero
DATAFLOW,OECD.CFE.EDS:DSD_REG_DEMO@DF_DENSITY(2.0),Densité de population - Régions,I,A,Annuelle,CTRY,Pays,CZE,Tchèquie,_Z,N'est pas applicable,POP,Population,_T,Total,_T,Total,PS,Personnes,2000,,10278098,,CZE,Tchéquie,A,Valeur normale,0,Units,0,Zero
DATAFLOW,OECD.CFE.EDS:DSD_REG_DEMO@DF_DENSITY(2.0),Densité de population - Régions,I,A,Annuelle,CTRY,Pays,CZE,Tchèquie,_Z,N'est pas applicable,POP,Population,_T,Total,_T,Total,PS,Personnes,2014,,10512419,,CZE,Tchéquie,A,Valeur normale,0,Units,0,Zero
DATAFLOW,OECD.CFE.EDS:DSD_REG_DEMO@DF_DENSITY(2.0),Densité de population - Régions,I,A,Annuelle,CTRY,Pays,CZE,Tchèquie,_Z,N'est pas applicable,POP,Population,_T,Total,_T,Total,PS,Personnes,2015,,10538275,,CZE,Tchéquie,A,Valeur normale,0,Units,0,Zero
DATAFLOW,OECD.CFE.EDS:DSD_REG_DEMO@DF_DENSITY(2.0),Densité de population - Régions,I,A,Annuelle,CTRY,Pays,CZE,Tchèquie,_Z,N'est pas applicable,POP,Population,_T,Total,_T,Total,PS,Personnes,2004,,10195347,,CZE,Tchéquie,A,Valeur normale,0,Units,0,Zero
DATAFLOW,OECD.CFE.EDS:DSD_REG_DEMO@DF_DENSITY(2.0),Densité de population - Régions,I,A,Annuelle,CTRY,Pays,CZE,Tchèquie,_Z,N'est pas applicable,POP,Population,_T,Total,_T,Total,PS,Personnes,1994,,10334013,,CZE,Tchéquie,A,Valeur normale,0,Units,0,Zero
DATAFLOW,OECD.CFE.EDS:DSD_REG_DEMO@DF_DENSITY(2.0),Densité de population - Régions,I,A,Annuelle,CTRY,Pays,CZE,Tchèquie,_Z,N'est pas applicable,POP,Population,_T,Total,_T,Total,PS_KM2,Personnes par kilomètre carré,2014,,136.15,,CZE,Tchéquie,A,Valeur normale,0,Units,2,Two
DATAFLOW,OECD.CFE.EDS:DSD_REG_DEMO@DF_DENSITY(2.0),Densité de population - Régions,I,A,Annuelle,CTRY,Pays,CZE,Tchèquie,_Z,N'est pas applicable,POP,Population,_T,Total,_T,Total,PS_KM2,Personnes par kilomètre carré,2020,,138.5,,CZE,Tchéquie,A,Valeur normale,0,Units,2,Two
DATAFLOW,OECD.CFE.EDS:DSD_REG_DEMO@DF_DENSITY(2.0),Densité de population - Régions,I,A,Annuelle,CTRY,Pays,CZE,Tchèquie,_Z,N'est pas applicable,POP,Population,_T,Total,_T,Total,PS_KM2,Personnes par kilomètre carré,2018,,137.41,,CZE,Tchéquie,A,Valeur normale,0,Units,2,Two
DATAFLOW,OECD.CFE.EDS:DSD_REG_DEMO@DF_DENSITY(2.0),Densité de population - Régions,I,A,Annuelle,CTRY,Pays,CZE,Tchèquie,_Z,N'est pas applicable,POP,Population,_T,Total,_T,Total,PS_KM2,Personnes par kilomètre carré,2019,,137.93,,CZE,Tchéquie,A,Valeur normale,0,Units,2,Two
DATAFLOW,OECD.CFE.EDS:DSD_REG_DEMO@DF_DENSITY(2.0),Densité de population - Régions,I,A,Annuelle,CTRY,Pays,CZE,Tchèquie,_Z,N'est pas applicable,POP,Population,_T,Total,_T,Total,PS_KM2,Personnes par kilomètre carré,2008,,133.96,,CZE,Tchéquie,A,Valeur normale,0,Units,2,Two
DATAFLOW,OECD.CFE.EDS:DSD_REG_DEMO@DF_DENSITY(2.0),Densité de population - Régions,I,A,Annuelle,CTRY,Pays,CZE,Tchèquie,_Z,N'est pas applicable,POP,Population,_T,Total,_T,Total,PS_KM2,Personnes par kilomètre carré,2022,,136.21,,CZE,Tchéquie,A,Valeur normale,0,Units,2,Two
DATAFLOW,OECD.CFE.EDS:DSD_REG_DEMO@DF_DENSITY(2.0),Densité de population - Régions,I,A,Annuelle,CTRY,Pays,CZE,Tchèquie,_Z,N'est pas applicable,POP,Population,_T,Total,_T,Total,PS_KM2,Personnes par kilomètre carré,2023,,140.23,,CZE,Tchéquie,A,Valeur normale,0,Units,2,Two
DATAFLOW,OECD.CFE.EDS:DSD_REG_DEMO@DF_DENSITY(2.0),Densité de population - Régions,I,A,Annuelle,CTRY,Pays,CZE,Tchèquie,_Z,N'est pas applicable,POP,Population,_T,Total,_T,Total,PS_KM2,Personnes par kilomètre carré,2013,,136.2,,CZE,Tchéquie,A,Valeur normale,0,Units,2,Two
DATAFLOW,OECD.CFE.EDS:DSD_REG_DEMO@DF_DENSITY(2.0),Densité de population - Régions,I,A,Annuelle,CTRY,Pays,CZE,Tchèquie,_Z,N'est pas applicable,POP,Population,_T,Total,_T,Total,PS_KM2,Personnes par kilomètre carré,2015,,136.48,,CZE,Tchéquie,A,Valeur normale,0,Units,2,Two
DATAFLOW,OECD.CFE.EDS:DSD_REG_DEMO@DF_DENSITY(2.0),Densité de population - Régions,I,A,Annuelle,CTRY,Pays,CZE,Tchèquie,_Z,N'est pas applicable,POP,Population,_T,Total,_T,Total,PS_KM2,Personnes par kilomètre carré,2016,,136.69,,CZE,Tchéquie,A,Valeur normale,0,Units,2,Two
DATAFLOW,OECD.CFE.EDS:DSD_REG_DEMO@DF_DENSITY(2.0),Densité de population - Régions,I,A,Annuelle,CTRY,Pays,CZE,Tchèquie,_Z,N'est pas applicable,POP,Population,_T,Total,_T,Total,PS_KM2,Personnes par kilomètre carré,2017,,137.01,,CZE,Tchéquie,A,Valeur normale,0,Units,2,Two
DATAFLOW,OECD.CFE.EDS:DSD_REG_DEMO@DF_DENSITY(2.0),Densité de population - Régions,I,A,Annuelle,CTRY,Pays,CZE,Tchèquie,_Z,N'est pas applicable,POP,Population,_T,Total,_T,Total,PS_KM2,Personnes par kilomètre carré,2010,,135.5,,CZE,Tchéquie,A,Valeur normale,0,Units,2,Two
DATAFLOW,OECD.CFE.EDS:DSD_REG_DEMO@DF_DENSITY(2.0),Densité de population - Régions,I,A,Annuelle,CTRY,Pays,CZE,Tchèquie,_Z,N'est pas applicable,POP,Population,_T,Total,_T,Total,PS_KM2,Personnes par kilomètre carré,2011,,135.82,,CZE,Tchéquie,A,Valeur normale,0,Units,2,Two
DATAFLOW,OECD.CFE.EDS:DSD_REG_DEMO@DF_DENSITY(2.0),Densité de population - Régions,I,A,Annuelle,CTRY,Pays,CZE,Tchèquie,_Z,N'est pas applicable,POP,Population,_T,Total,_T,Total,PS_KM2,Personnes par kilomètre carré,2012,,136.06,,CZE,Tchéquie,A,Valeur normale,0,Units,2,Two
DATAFLOW,OECD.CFE.EDS:DSD_REG_DEMO@DF_DENSITY(2.0),Densité de population - Régions,I,A,Annuelle,CTRY,Pays,DNK,Danemark,_Z,N'est pas applicable,POP,Population,_T,Total,_T,Total,PS_KM2,Personnes par kilomètre carré,2008,,130.42,,DNK,Danemark,A,Valeur normale,0,Units,2,Two
DATAFLOW,OECD.CFE.EDS:DSD_REG_DEMO@DF_DENSITY(2.0),Densité de population - Régions,I,A,Annuelle,CTRY,Pays,DNK,Danemark,_Z,N'est pas applicable,POP,Population,_T,Total,_T,Total,PS_KM2,Personnes par kilomètre carré,2001,,127.4,,DNK,Danemark,A,Valeur normale,0,Units,2,Two
DATAFLOW,OECD.CFE.EDS:DSD_REG_DEMO@DF_DENSITY(2.0),Densité de population - Régions,I,A,Annuelle,CTRY,Pays,DNK,Danemark,_Z,N'est pas applicable,POP,Population,_T,Total,_T,Total,PS,Personnes,1996,,5251027,,DNK,Danemark,A,Valeur normale,0,Units,0,Zero
DATAFLOW,OECD.CFE.EDS:DSD_REG_DEMO@DF_DENSITY(2.0),Densité de population - Régions,I,A,Annuelle,CTRY,Pays,DNK,Danemark,_Z,N'est pas applicable,POP,Population,_T,Total,_T,Total,PS,Personnes,1997,,5275121,,DNK,Danemark,A,Valeur normale,0,Units,0,Zero
DATAFLOW,OECD.CFE.EDS:DSD_REG_DEMO@DF_DENSITY(2.0),Densité de population - Régions,I,A,Annuelle,CTRY,Pays,DNK,Danemark,_Z,N'est pas applicable,POP,Population,_T,Total,_T,Total,PS,Personnes,1998,,5294860,,DNK,Danemark,A,Valeur normale,0,Units,0,Zero
DATAFLOW,OECD.CFE.EDS:DSD_REG_DEMO@DF_DENSITY(2.0),Densité de population - Régions,I,A,Annuelle,CTRY,Pays,DNK,Danemark,_Z,N'est pas applicable,POP,Population,_T,Total,_T,Total,PS,Personnes,1993,,5180614,,DNK,Danemark,A,Valeur normale,0,Units,0,Zero
DATAFLOW,OECD.CFE.EDS:DSD_REG_DEMO@DF_DENSITY(2.0),Densité de population - Régions,I,A,Annuelle,CTRY,Pays,DNK,Danemark,_Z,N'est pas applicable,POP,Population,_T,Total,_T,Total,PS,Personnes,1994,,5196642,,DNK,Danemark,A,Valeur normale,0,Units,0,Zero
DATAFLOW,OECD.CFE.EDS:DSD_REG_DEMO@DF_DENSITY(2.0),Densité de population - Régions,I,A,Annuelle,CTRY,Pays,DNK,Danemark,_Z,N'est pas applicable,POP,Population,_T,Total,_T,Total,PS,Personnes,1990,,5135409,,DNK,Danemark,A,Valeur normale,0,Units,0,Zero
DATAFLOW,OECD.CFE.EDS:DSD_REG_DEMO@DF_DENSITY(2.0),Densité de population - Régions,I,A,Annuelle,CTRY,Pays,DNK,Danemark,_Z,N'est pas applicable,POP,Population,_T,Total,_T,Total,PS,Personnes,2014,,5627235,,DNK,Danemark,A,Valeur normale,0,Units,0,Zero
DATAFLOW,OECD.CFE.EDS:DSD_REG_DEMO@DF_DENSITY(2.0),Densité de population - Régions,I,A,Annuelle,CTRY,Pays,DNK,Danemark,_Z,N'est pas applicable,POP,Population,_T,Total,_T,Total,PS,Personnes,2019,,5806081,,DNK,Danemark,A,Valeur normale,0,Units,0,Zero
DATAFLOW,OECD.CFE.EDS:DSD_REG_DEMO@DF_DENSITY(2.0),Densité de population - Régions,I,A,Annuelle,CTRY,Pays,DNK,Danemark,_Z,N'est pas applicable,POP,Population,_T,Total,_T,Total,PS,Personnes,2020,,5822763,,DNK,Danemark,A,Valeur normale,0,Units,0,Zero
DATAFLOW,OECD.CFE.EDS:DSD_REG_DEMO@DF_DENSITY(2.0),Densité de population - Régions,I,A,Annuelle,CTRY,Pays,DNK,Danemark,_Z,N'est pas applicable,POP,Population,_T,Total,_T,Total,PS,Personnes,1991,,5146469,,DNK,Danemark,A,Valeur normale,0,Units,0,Zero
DATAFLOW,OECD.CFE.EDS:DSD_REG_DEMO@DF_DENSITY(2.0),Densité de population - Régions,I,A,Annuelle,CTRY,Pays,DNK,Danemark,_Z,N'est pas applicable,POP,Population,_T,Total,_T,Total,PS,Personnes,1992,,5162126,,DNK,Danemark,A,Valeur normale,0,Units,0,Zero
DATAFLOW,OECD.CFE.EDS:DSD_REG_DEMO@DF_DENSITY(2.0),Densité de population - Régions,I,A,Annuelle,CTRY,Pays,DNK,Danemark,_Z,N'est pas applicable,POP,Population,_T,Total,_T,Total,PS,Personnes,2011,,5560628,,DNK,Danemark,A,Valeur normale,0,Units,0,Zero
DATAFLOW,OECD.CFE.EDS:DSD_REG_DEMO@DF_DENSITY(2.0),Densité de population - Régions,I,A,Annuelle,CTRY,Pays,DNK,Danemark,_Z,N'est pas applicable,POP,Population,_T,Total,_T,Total,PS,Personnes,2012,,5580516,,DNK,Danemark,A,Valeur normale,0,Units,0,Zero
DATAFLOW,OECD.CFE.EDS:DSD_REG_DEMO@DF_DENSITY(2.0),Densité de population - Régions,I,A,Annuelle,CTRY,Pays,DNK,Danemark,_Z,N'est pas applicable,POP,Population,_T,Total,_T,Total,PS,Personnes,2003,,5383507,,DNK,Danemark,A,Valeur normale,0,Units,0,Zero
DATAFLOW,OECD.CFE.EDS:DSD_REG_DEMO@DF_DENSITY(2.0),Densité de population - Régions,I,A,Annuelle,CTRY,Pays,DNK,Danemark,_Z,N'est pas applicable,POP,Population,_T,Total,_T,Total,PS,Personnes,2004,,5397640,,DNK,Danemark,A,Valeur normale,0,Units,0,Zero
DATAFLOW,OECD.CFE.EDS:DSD_REG_DEMO@DF_DENSITY(2.0),Densité de population - Régions,I,A,Annuelle,CTRY,Pays,DNK,Danemark,_Z,N'est pas applicable,POP,Population,_T,Total,_T,Total,PS,Personnes,2007,,5447084,,DNK,Danemark,A,Valeur normale,0,Units,0,Zero
DATAFLOW,OECD.CFE.EDS:DSD_REG_DEMO@DF_DENSITY(2.0),Densité de population - Régions,I,A,Annuelle,CTRY,Pays,DNK,Danemark,_Z,N'est pas applicable,POP,Population,_T,Total,_T,Total,PS,Personnes,2008,,5475791,,DNK,Danemark,A,Valeur normale,0,Units,0,Zero
DATAFLOW,OECD.CFE.EDS:DSD_REG_DEMO@DF_DENSITY(2.0),Densité de population - Régions,I,A,Annuelle,CTRY,Pays,DNK,Danemark,_Z,N'est pas applicable,POP,Population,_T,Total,_T,Total,PS,Personnes,2001,,5349212,,DNK,Danemark,A,Valeur normale,0,Units,0,Zero
DATAFLOW,OECD.CFE.EDS:DSD_REG_DEMO@DF_DENSITY(2.0),Densité de population - Régions,I,A,Annuelle,CTRY,Pays,DNK,Danemark,_Z,N'est pas applicable,POP,Population,_T,Total,_T,Total,PS,Personnes,2002,,5368354,,DNK,Danemark,A,Valeur normale,0,Units,0,Zero
DATAFLOW,OECD.CFE.EDS:DSD_REG_DEMO@DF_DENSITY(2.0),Densité de population - Régions,I,A,Annuelle,CTRY,Pays,DNK,Danemark,_Z,N'est pas applicable,POP,Population,_T,Total,_T,Total,PS,Personnes,1995,,5215718,,DNK,Danemark,A,Valeur normale,0,Units,0,Zero
DATAFLOW,OECD.CFE.EDS:DSD_REG_DEMO@DF_DENSITY(2.0),Densité de population - Régions,I,A,Annuelle,CTRY,Pays,DNK,Danemark,_Z,N'est pas applicable,POP,Population,_T,Total,_T,Total,PS_KM2,Personnes par kilomètre carré,2002,,127.86,,DNK,Danemark,A,Valeur normale,0,Units,2,Two
DATAFLOW,OECD.CFE.EDS:DSD_REG_DEMO@DF_DENSITY(2.0),Densité de population - Régions,I,A,Annuelle,CTRY,Pays,DNK,Danemark,_Z,N'est pas applicable,POP,Population,_T,Total,_T,Total,PS_KM2,Personnes par kilomètre carré,2014,,134.02,,DNK,Danemark,A,Valeur normale,0,Units,2,Two
DATAFLOW,OECD.CFE.EDS:DSD_REG_DEMO@DF_DENSITY(2.0),Densité de population - Régions,I,A,Annuelle,CTRY,Pays,DNK,Danemark,_Z,N'est pas applicable,POP,Population,_T,Total,_T,Total,PS_KM2,Personnes par kilomètre carré,2005,,128.88,,DNK,Danemark,A,Valeur normale,0,Units,2,Two
DATAFLOW,OECD.CFE.EDS:DSD_REG_DEMO@DF_DENSITY(2.0),Densité de population - Régions,I,A,Annuelle,CTRY,Pays,DNK,Danemark,_Z,N'est pas applicable,POP,Population,_T,Total,_T,Total,PS_KM2,Personnes par kilomètre carré,1996,,125.06,,DNK,Danemark,A,Valeur normale,0,Units,2,Two
DATAFLOW,OECD.CFE.EDS:DSD_REG_DEMO@DF_DENSITY(2.0),Densité de population - Régions,I,A,Annuelle,CTRY,Pays,DNK,Danemark,_Z,N'est pas applicable,POP,Population,_T,Total,_T,Total,PS_KM2,Personnes par kilomètre carré,1997,,125.64,,DNK,Danemark,A,Valeur normale,0,Units,2,Two
DATAFLOW,OECD.CFE.EDS:DSD_REG_DEMO@DF_DENSITY(2.0),Densité de population - Régions,I,A,Annuelle,CTRY,Pays,DNK,Danemark,_Z,N'est pas applicable,POP,Population,_T,Total,_T,Total,PS_KM2,Personnes par kilomètre carré,2009,,131.27,,DNK,Danemark,A,Valeur normale,0,Units,2,Two
DATAFLOW,OECD.CFE.EDS:DSD_REG_DEMO@DF_DENSITY(2.0),Densité de population - Régions,I,A,Annuelle,CTRY,Pays,DNK,Danemark,_Z,N'est pas applicable,POP,Population,_T,Total,_T,Total,PS_KM2,Personnes par kilomètre carré,2000,,126.94,,DNK,Danemark,A,Valeur normale,0,Units,2,Two
DATAFLOW,OECD.CFE.EDS:DSD_REG_DEMO@DF_DENSITY(2.0),Densité de population - Régions,I,A,Annuelle,CTRY,Pays,DNK,Danemark,_Z,N'est pas applicable,POP,Population,_T,Total,_T,Total,PS_KM2,Personnes par kilomètre carré,1990,,122.31,,DNK,Danemark,A,Valeur normale,0,Units,2,Two
DATAFLOW,OECD.CFE.EDS:DSD_REG_DEMO@DF_DENSITY(2.0),Densité de population - Régions,I,A,Annuelle,CTRY,Pays,DNK,Danemark,_Z,N'est pas applicable,POP,Population,_T,Total,_T,Total,PS_KM2,Personnes par kilomètre carré,1991,,122.57,,DNK,Danemark,A,Valeur normale,0,Units,2,Two
DATAFLOW,OECD.CFE.EDS:DSD_REG_DEMO@DF_DENSITY(2.0),Densité de population - Régions,I,A,Annuelle,CTRY,Pays,DNK,Danemark,_Z,N'est pas applicable,POP,Population,_T,Total,_T,Total,PS_KM2,Personnes par kilomètre carré,2004,,128.56,,DNK,Danemark,A,Valeur normale,0,Units,2,Two
DATAFLOW,OECD.CFE.EDS:DSD_REG_DEMO@DF_DENSITY(2.0),Densité de population - Régions,I,A,Annuelle,CTRY,Pays,DNK,Danemark,_Z,N'est pas applicable,POP,Population,_T,Total,_T,Total,PS_KM2,Personnes par kilomètre carré,1995,,124.22,,DNK,Danemark,A,Valeur normale,0,Units,2,Two
DATAFLOW,OECD.CFE.EDS:DSD_REG_DEMO@DF_DENSITY(2.0),Densité de population - Régions,I,A,Annuelle,CTRY,Pays,DNK,Danemark,_Z,N'est pas applicable,POP,Population,_T,Total,_T,Total,PS_KM2,Personnes par kilomètre carré,1994,,123.77,,DNK,Danemark,A,Valeur normale,0,Units,2,Two
DATAFLOW,OECD.CFE.EDS:DSD_REG_DEMO@DF_DENSITY(2.0),Densité de population - Régions,I,A,Annuelle,CTRY,Pays,DNK,Danemark,_Z,N'est pas applicable,POP,Population,_T,Total,_T,Total,PS_KM2,Personnes par kilomètre carré,1999,,126.55,,DNK,Danemark,A,Valeur normale,0,Units,2,Two
DATAFLOW,OECD.CFE.EDS:DSD_REG_DEMO@DF_DENSITY(2.0),Densité de population - Régions,I,A,Annuelle,CTRY,Pays,DNK,Danemark,_Z,N'est pas applicable,POP,Population,_T,Total,_T,Total,PS_KM2,Personnes par kilomètre carré,1993,,123.39,,DNK,Danemark,A,Valeur normale,0,Units,2,Two
DATAFLOW,OECD.CFE.EDS:DSD_REG_DEMO@DF_DENSITY(2.0),Densité de population - Régions,I,A,Annuelle,CTRY,Pays,DNK,Danemark,_Z,N'est pas applicable,POP,Population,_T,Total,_T,Total,PS_KM2,Personnes par kilomètre carré,1998,,126.11,,DNK,Danemark,A,Valeur normale,0,Units,2,Two
DATAFLOW,OECD.CFE.EDS:DSD_REG_DEMO@DF_DENSITY(2.0),Densité de population - Régions,I,A,Annuelle,CTRY,Pays,DNK,Danemark,_Z,N'est pas applicable,POP,Population,_T,Total,_T,Total,PS_KM2,Personnes par kilomètre carré,2003,,128.22,,DNK,Danemark,A,Valeur normale,0,Units,2,Two
DATAFLOW,OECD.CFE.EDS:DSD_REG_DEMO@DF_DENSITY(2.0),Densité de population - Régions,I,A,Annuelle,CTRY,Pays,DNK,Danemark,_Z,N'est pas applicable,POP,Population,_T,Total,_T,Total,PS_KM2,Personnes par kilomètre carré,1992,,122.95,,DNK,Danemark,A,Valeur normale,0,Units,2,Two
DATAFLOW,OECD.CFE.EDS:DSD_REG_DEMO@DF_DENSITY(2.0),Densité de population - Régions,I,A,Annuelle,CTRY,Pays,DNK,Danemark,_Z,N'est pas applicable,POP,Population,_T,Total,_T,Total,PS,Personnes,2023,,5932654,,DNK,Danemark,A,Valeur normale,0,Units,0,Zero
DATAFLOW,OECD.CFE.EDS:DSD_REG_DEMO@DF_DENSITY(2.0),Densité de population - Régions,I,A,Annuelle,CTRY,Pays,DNK,Danemark,_Z,N'est pas applicable,POP,Population,_T,Total,_T,Total,PS,Personnes,2015,,5659715,,DNK,Danemark,A,Valeur normale,0,Units,0,Zero
DATAFLOW,OECD.CFE.EDS:DSD_REG_DEMO@DF_DENSITY(2.0),Densité de population - Régions,I,A,Annuelle,CTRY,Pays,DNK,Danemark,_Z,N'est pas applicable,POP,Population,_T,Total,_T,Total,PS,Personnes,2016,,5707251,,DNK,Danemark,A,Valeur normale,0,Units,0,Zero
DATAFLOW,OECD.CFE.EDS:DSD_REG_DEMO@DF_DENSITY(2.0),Densité de population - Régions,I,A,Annuelle,CTRY,Pays,DNK,Danemark,_Z,N'est pas applicable,POP,Population,_T,Total,_T,Total,PS,Personnes,2017,,5748769,,DNK,Danemark,A,Valeur normale,0,Units,0,Zero
DATAFLOW,OECD.CFE.EDS:DSD_REG_DEMO@DF_DENSITY(2.0),Densité de population - Régions,I,A,Annuelle,CTRY,Pays,DNK,Danemark,_Z,N'est pas applicable,POP,Population,_T,Total,_T,Total,PS,Personnes,2018,,5781190,,DNK,Danemark,A,Valeur normale,0,Units,0,Zero
DATAFLOW,OECD.CFE.EDS:DSD_REG_DEMO@DF_DENSITY(2.0),Densité de population - Régions,I,A,Annuelle,CTRY,Pays,DNK,Danemark,_Z,N'est pas applicable,POP,Population,_T,Total,_T,Total,PS,Personnes,2005,,5411405,,DNK,Danemark,A,Valeur normale,0,Units,0,Zero
DATAFLOW,OECD.CFE.EDS:DSD_REG_DEMO@DF_DENSITY(2.0),Densité de population - Régions,I,A,Annuelle,CTRY,Pays,DNK,Danemark,_Z,N'est pas applicable,POP,Population,_T,Total,_T,Total,PS,Personnes,2006,,5427459,,DNK,Danemark,A,Valeur normale,0,Units,0,Zero
DATAFLOW,OECD.CFE.EDS:DSD_REG_DEMO@DF_DENSITY(2.0),Densité de population - Régions,I,A,Annuelle,CTRY,Pays,DNK,Danemark,_Z,N'est pas applicable,POP,Population,_T,Total,_T,Total,PS,Personnes,2021,,5840045,,DNK,Danemark,A,Valeur normale,0,Units,0,Zero
DATAFLOW,OECD.CFE.EDS:DSD_REG_DEMO@DF_DENSITY(2.0),Densité de population - Régions,I,A,Annuelle,CTRY,Pays,DNK,Danemark,_Z,N'est pas applicable,POP,Population,_T,Total,_T,Total,PS,Personnes,2022,,5873420,,DNK,Danemark,A,Valeur normale,0,Units,0,Zero
DATAFLOW,OECD.CFE.EDS:DSD_REG_DEMO@DF_DENSITY(2.0),Densité de population - Régions,I,A,Annuelle,CTRY,Pays,DNK,Danemark,_Z,N'est pas applicable,POP,Population,_T,Total,_T,Total,PS,Personnes,2009,,5511451,,DNK,Danemark,A,Valeur normale,0,Units,0,Zero
DATAFLOW,OECD.CFE.EDS:DSD_REG_DEMO@DF_DENSITY(2.0),Densité de population - Régions,I,A,Annuelle,CTRY,Pays,DNK,Danemark,_Z,N'est pas applicable,POP,Population,_T,Total,_T,Total,PS,Personnes,2010,,5534738,,DNK,Danemark,A,Valeur normale,0,Units,0,Zero
DATAFLOW,OECD.CFE.EDS:DSD_REG_DEMO@DF_DENSITY(2.0),Densité de population - Régions,I,A,Annuelle,CTRY,Pays,DNK,Danemark,_Z,N'est pas applicable,POP,Population,_T,Total,_T,Total,PS,Personnes,1999,,5313577,,DNK,Danemark,A,Valeur normale,0,Units,0,Zero
DATAFLOW,OECD.CFE.EDS:DSD_REG_DEMO@DF_DENSITY(2.0),Densité de population - Régions,I,A,Annuelle,CTRY,Pays,DNK,Danemark,_Z,N'est pas applicable,POP,Population,_T,Total,_T,Total,PS,Personnes,2000,,5330020,,DNK,Danemark,A,Valeur normale,0,Units,0,Zero
DATAFLOW,OECD.CFE.EDS:DSD_REG_DEMO@DF_DENSITY(2.0),Densité de population - Régions,I,A,Annuelle,CTRY,Pays,DNK,Danemark,_Z,N'est pas applicable,POP,Population,_T,Total,_T,Total,PS,Personnes,2013,,5602628,,DNK,Danemark,A,Valeur normale,0,Units,0,Zero
DATAFLOW,OECD.CFE.EDS:DSD_REG_DEMO@DF_DENSITY(2.0),Densité de population - Régions,I,A,Annuelle,CTRY,Pays,DNK,Danemark,_Z,N'est pas applicable,POP,Population,_T,Total,_T,Total,PS_KM2,Personnes par kilomètre carré,2020,,138.68,,DNK,Danemark,A,Valeur normale,0,Units,2,Two
DATAFLOW,OECD.CFE.EDS:DSD_REG_DEMO@DF_DENSITY(2.0),Densité de population - Régions,I,A,Annuelle,CTRY,Pays,DNK,Danemark,_Z,N'est pas applicable,POP,Population,_T,Total,_T,Total,PS_KM2,Personnes par kilomètre carré,2021,,139.09,,DNK,Danemark,A,Valeur normale,0,Units,2,Two
DATAFLOW,OECD.CFE.EDS:DSD_REG_DEMO@DF_DENSITY(2.0),Densité de population - Régions,I,A,Annuelle,CTRY,Pays,DNK,Danemark,_Z,N'est pas applicable,POP,Population,_T,Total,_T,Total,PS_KM2,Personnes par kilomètre carré,2018,,137.69,,DNK,Danemark,A,Valeur normale,0,Units,2,Two
DATAFLOW,OECD.CFE.EDS:DSD_REG_DEMO@DF_DENSITY(2.0),Densité de population - Régions,I,A,Annuelle,CTRY,Pays,DNK,Danemark,_Z,N'est pas applicable,POP,Population,_T,Total,_T,Total,PS_KM2,Personnes par kilomètre carré,2019,,138.28,,DNK,Danemark,A,Valeur normale,0,Units,2,Two
DATAFLOW,OECD.CFE.EDS:DSD_REG_DEMO@DF_DENSITY(2.0),Densité de population - Régions,I,A,Annuelle,CTRY,Pays,DNK,Danemark,_Z,N'est pas applicable,POP,Population,_T,Total,_T,Total,PS_KM2,Personnes par kilomètre carré,2022,,139.89,,DNK,Danemark,A,Valeur normale,0,Units,2,Two
DATAFLOW,OECD.CFE.EDS:DSD_REG_DEMO@DF_DENSITY(2.0),Densité de population - Régions,I,A,Annuelle,CTRY,Pays,DNK,Danemark,_Z,N'est pas applicable,POP,Population,_T,Total,_T,Total,PS_KM2,Personnes par kilomètre carré,2023,,141.3,,DNK,Danemark,A,Valeur normale,0,Units,2,Two
DATAFLOW,OECD.CFE.EDS:DSD_REG_DEMO@DF_DENSITY(2.0),Densité de population - Régions,I,A,Annuelle,CTRY,Pays,DNK,Danemark,_Z,N'est pas applicable,POP,Population,_T,Total,_T,Total,PS_KM2,Personnes par kilomètre carré,2013,,133.44,,DNK,Danemark,A,Valeur normale,0,Units,2,Two
DATAFLOW,OECD.CFE.EDS:DSD_REG_DEMO@DF_DENSITY(2.0),Densité de population - Régions,I,A,Annuelle,CTRY,Pays,DNK,Danemark,_Z,N'est pas applicable,POP,Population,_T,Total,_T,Total,PS_KM2,Personnes par kilomètre carré,2015,,134.8,,DNK,Danemark,A,Valeur normale,0,Units,2,Two
DATAFLOW,OECD.CFE.EDS:DSD_REG_DEMO@DF_DENSITY(2.0),Densité de population - Régions,I,A,Annuelle,CTRY,Pays,DNK,Danemark,_Z,N'est pas applicable,POP,Population,_T,Total,_T,Total,PS_KM2,Personnes par kilomètre carré,2016,,135.93,,DNK,Danemark,A,Valeur normale,0,Units,2,Two
DATAFLOW,OECD.CFE.EDS:DSD_REG_DEMO@DF_DENSITY(2.0),Densité de population - Régions,I,A,Annuelle,CTRY,Pays,DNK,Danemark,_Z,N'est pas applicable,POP,Population,_T,Total,_T,Total,PS_KM2,Personnes par kilomètre carré,2017,,136.92,,DNK,Danemark,A,Valeur normale,0,Units,2,Two
DATAFLOW,OECD.CFE.EDS:DSD_REG_DEMO@DF_DENSITY(2.0),Densité de population - Régions,I,A,Annuelle,CTRY,Pays,DNK,Danemark,_Z,N'est pas applicable,POP,Population,_T,Total,_T,Total,PS_KM2,Personnes par kilomètre carré,2010,,131.82,,DNK,Danemark,A,Valeur normale,0,Units,2,Two
DATAFLOW,OECD.CFE.EDS:DSD_REG_DEMO@DF_DENSITY(2.0),Densité de population - Régions,I,A,Annuelle,CTRY,Pays,DNK,Danemark,_Z,N'est pas applicable,POP,Population,_T,Total,_T,Total,PS_KM2,Personnes par kilomètre carré,2011,,132.44,,DNK,Danemark,A,Valeur normale,0,Units,2,Two
DATAFLOW,OECD.CFE.EDS:DSD_REG_DEMO@DF_DENSITY(2.0),Densité de population - Régions,I,A,Annuelle,CTRY,Pays,DNK,Danemark,_Z,N'est pas applicable,POP,Population,_T,Total,_T,Total,PS_KM2,Personnes par kilomètre carré,2012,,132.91,,DNK,Danemark,A,Valeur normale,0,Units,2,Two
DATAFLOW,OECD.CFE.EDS:DSD_REG_DEMO@DF_DENSITY(2.0),Densité de population - Régions,I,A,Annuelle,CTRY,Pays,DNK,Danemark,_Z,N'est pas applicable,POP,Population,_T,Total,_T,Total,PS_KM2,Personnes par kilomètre carré,2006,,129.27,,DNK,Danemark,A,Valeur normale,0,Units,2,Two
DATAFLOW,OECD.CFE.EDS:DSD_REG_DEMO@DF_DENSITY(2.0),Densité de population - Régions,I,A,Annuelle,CTRY,Pays,EST,Estonie,_Z,N'est pas applicable,POP,Population,_T,Total,_T,Total,PS_KM2,Personnes par kilomètre carré,2006,,31.33,,EST,Estonie,A,Valeur normale,0,Units,2,Two
DATAFLOW,OECD.CFE.EDS:DSD_REG_DEMO@DF_DENSITY(2.0),Densité de population - Régions,I,A,Annuelle,CTRY,Pays,EST,Estonie,_Z,N'est pas applicable,POP,Population,_T,Total,_T,Total,PS_KM2,Personnes par kilomètre carré,2007,,31.15,,EST,Estonie,A,Valeur normale,0,Units,2,Two
DATAFLOW,OECD.CFE.EDS:DSD_REG_DEMO@DF_DENSITY(2.0),Densité de population - Régions,I,A,Annuelle,CTRY,Pays,EST,Estonie,_Z,N'est pas applicable,POP,Population,_T,Total,_T,Total,PS,Personnes,1996,,1425192,,EST,Estonie,A,Valeur normale,0,Units,0,Zero
DATAFLOW,OECD.CFE.EDS:DSD_REG_DEMO@DF_DENSITY(2.0),Densité de population - Régions,I,A,Annuelle,CTRY,Pays,EST,Estonie,_Z,N'est pas applicable,POP,Population,_T,Total,_T,Total,PS,Personnes,1997,,1405996,,EST,Estonie,A,Valeur normale,0,Units,0,Zero
DATAFLOW,OECD.CFE.EDS:DSD_REG_DEMO@DF_DENSITY(2.0),Densité de population - Régions,I,A,Annuelle,CTRY,Pays,EST,Estonie,_Z,N'est pas applicable,POP,Population,_T,Total,_T,Total,PS,Personnes,1998,,1393074,,EST,Estonie,A,Valeur normale,0,Units,0,Zero
DATAFLOW,OECD.CFE.EDS:DSD_REG_DEMO@DF_DENSITY(2.0),Densité de population - Régions,I,A,Annuelle,CTRY,Pays,EST,Estonie,_Z,N'est pas applicable,POP,Population,_T,Total,_T,Total,PS,Personnes,1993,,1511303,,EST,Estonie,A,Valeur normale,0,Units,0,Zero
DATAFLOW,OECD.CFE.EDS:DSD_REG_DEMO@DF_DENSITY(2.0),Densité de population - Régions,I,A,Annuelle,CTRY,Pays,EST,Estonie,_Z,N'est pas applicable,POP,Population,_T,Total,_T,Total,PS,Personnes,1991,,1567749,,EST,Estonie,A,Valeur normale,0,Units,0,Zero
DATAFLOW,OECD.CFE.EDS:DSD_REG_DEMO@DF_DENSITY(2.0),Densité de population - Régions,I,A,Annuelle,CTRY,Pays,EST,Estonie,_Z,N'est pas applicable,POP,Population,_T,Total,_T,Total,PS,Personnes,1990,,1570599,,EST,Estonie,A,Valeur normale,0,Units,0,Zero
DATAFLOW,OECD.CFE.EDS:DSD_REG_DEMO@DF_DENSITY(2.0),Densité de population - Régions,I,A,Annuelle,CTRY,Pays,EST,Estonie,_Z,N'est pas applicable,POP,Population,_T,Total,_T,Total,PS,Personnes,2004,,1366250,,EST,Estonie,A,Valeur normale,0,Units,0,Zero
DATAFLOW,OECD.CFE.EDS:DSD_REG_DEMO@DF_DENSITY(2.0),Densité de population - Régions,I,A,Annuelle,CTRY,Pays,EST,Estonie,_Z,N'est pas applicable,POP,Population,_T,Total,_T,Total,PS,Personnes,1994,,1476952,,EST,Estonie,A,Valeur normale,0,Units,0,Zero
DATAFLOW,OECD.CFE.EDS:DSD_REG_DEMO@DF_DENSITY(2.0),Densité de population - Régions,I,A,Annuelle,CTRY,Pays,EST,Estonie,_Z,N'est pas applicable,POP,Population,_T,Total,_T,Total,PS,Personnes,2018,,1319133,,EST,Estonie,A,Valeur normale,0,Units,0,Zero
DATAFLOW,OECD.CFE.EDS:DSD_REG_DEMO@DF_DENSITY(2.0),Densité de population - Régions,I,A,Annuelle,CTRY,Pays,EST,Estonie,_Z,N'est pas applicable,POP,Population,_T,Total,_T,Total,PS,Personnes,2019,,1324820,,EST,Estonie,A,Valeur normale,0,Units,0,Zero
DATAFLOW,OECD.CFE.EDS:DSD_REG_DEMO@DF_DENSITY(2.0),Densité de population - Régions,I,A,Annuelle,CTRY,Pays,EST,Estonie,_Z,N'est pas applicable,POP,Population,_T,Total,_T,Total,PS,Personnes,1992,,1554878,,EST,Estonie,A,Valeur normale,0,Units,0,Zero
DATAFLOW,OECD.CFE.EDS:DSD_REG_DEMO@DF_DENSITY(2.0),Densité de population - Régions,I,A,Annuelle,CTRY,Pays,EST,Estonie,_Z,N'est pas applicable,POP,Population,_T,Total,_T,Total,PS,Personnes,2012,,1325217,,EST,Estonie,A,Valeur normale,0,Units,0,Zero
DATAFLOW,OECD.CFE.EDS:DSD_REG_DEMO@DF_DENSITY(2.0),Densité de population - Régions,I,A,Annuelle,CTRY,Pays,EST,Estonie,_Z,N'est pas applicable,POP,Population,_T,Total,_T,Total,PS,Personnes,2013,,1320174,,EST,Estonie,A,Valeur normale,0,Units,0,Zero
DATAFLOW,OECD.CFE.EDS:DSD_REG_DEMO@DF_DENSITY(2.0),Densité de population - Régions,I,A,Annuelle,CTRY,Pays,EST,Estonie,_Z,N'est pas applicable,POP,Population,_T,Total,_T,Total,PS,Personnes,1995,,1448075,,EST,Estonie,A,Valeur normale,0,Units,0,Zero
DATAFLOW,OECD.CFE.EDS:DSD_REG_DEMO@DF_DENSITY(2.0),Densité de population - Régions,I,A,Annuelle,CTRY,Pays,EST,Estonie,_Z,N'est pas applicable,POP,Population,_T,Total,_T,Total,PS,Personnes,2006,,1350700,,EST,Estonie,A,Valeur normale,0,Units,0,Zero
DATAFLOW,OECD.CFE.EDS:DSD_REG_DEMO@DF_DENSITY(2.0),Densité de population - Régions,I,A,Annuelle,CTRY,Pays,EST,Estonie,_Z,N'est pas applicable,POP,Population,_T,Total,_T,Total,PS,Personnes,2007,,1342920,,EST,Estonie,A,Valeur normale,0,Units,0,Zero
DATAFLOW,OECD.CFE.EDS:DSD_REG_DEMO@DF_DENSITY(2.0),Densité de population - Régions,I,A,Annuelle,CTRY,Pays,EST,Estonie,_Z,N'est pas applicable,POP,Population,_T,Total,_T,Total,PS,Personnes,2008,,1338440,,EST,Estonie,A,Valeur normale,0,Units,0,Zero
DATAFLOW,OECD.CFE.EDS:DSD_REG_DEMO@DF_DENSITY(2.0),Densité de population - Régions,I,A,Annuelle,CTRY,Pays,EST,Estonie,_Z,N'est pas applicable,POP,Population,_T,Total,_T,Total,PS,Personnes,2001,,1392720,,EST,Estonie,A,Valeur normale,0,Units,0,Zero
DATAFLOW,OECD.CFE.EDS:DSD_REG_DEMO@DF_DENSITY(2.0),Densité de population - Régions,I,A,Annuelle,CTRY,Pays,EST,Estonie,_Z,N'est pas applicable,POP,Population,_T,Total,_T,Total,PS,Personnes,2002,,1383510,,EST,Estonie,A,Valeur normale,0,Units,0,Zero
DATAFLOW,OECD.CFE.EDS:DSD_REG_DEMO@DF_DENSITY(2.0),Densité de population - Régions,I,A,Annuelle,CTRY,Pays,EST,Estonie,_Z,N'est pas applicable,POP,Population,_T,Total,_T,Total,PS,Personnes,2003,,1375190,,EST,Estonie,A,Valeur normale,0,Units,0,Zero
DATAFLOW,OECD.CFE.EDS:DSD_REG_DEMO@DF_DENSITY(2.0),Densité de population - Régions,I,A,Annuelle,CTRY,Pays,EST,Estonie,_Z,N'est pas applicable,POP,Population,_T,Total,_T,Total,PS_KM2,Personnes par kilomètre carré,2009,,30.98,,EST,Estonie,A,Valeur normale,0,Units,2,Two
DATAFLOW,OECD.CFE.EDS:DSD_REG_DEMO@DF_DENSITY(2.0),Densité de population - Régions,I,A,Annuelle,CTRY,Pays,EST,Estonie,_Z,N'est pas applicable,POP,Population,_T,Total,_T,Total,PS_KM2,Personnes par kilomètre carré,2001,,32.31,,EST,Estonie,A,Valeur normale,0,Units,2,Two
DATAFLOW,OECD.CFE.EDS:DSD_REG_DEMO@DF_DENSITY(2.0),Densité de population - Régions,I,A,Annuelle,CTRY,Pays,EST,Estonie,_Z,N'est pas applicable,POP,Population,_T,Total,_T,Total,PS_KM2,Personnes par kilomètre carré,2002,,32.09,,EST,Estonie,A,Valeur normale,0,Units,2,Two
DATAFLOW,OECD.CFE.EDS:DSD_REG_DEMO@DF_DENSITY(2.0),Densité de population - Régions,I,A,Annuelle,CTRY,Pays,EST,Estonie,_Z,N'est pas applicable,POP,Population,_T,Total,_T,Total,PS_KM2,Personnes par kilomètre carré,2003,,31.9,,EST,Estonie,A,Valeur normale,0,Units,2,Two
DATAFLOW,OECD.CFE.EDS:DSD_REG_DEMO@DF_DENSITY(2.0),Densité de population - Régions,I,A,Annuelle,CTRY,Pays,EST,Estonie,_Z,N'est pas applicable,POP,Population,_T,Total,_T,Total,PS_KM2,Personnes par kilomètre carré,1996,,33.06,,EST,Estonie,A,Valeur normale,0,Units,2,Two
DATAFLOW,OECD.CFE.EDS:DSD_REG_DEMO@DF_DENSITY(2.0),Densité de population - Régions,I,A,Annuelle,CTRY,Pays,EST,Estonie,_Z,N'est pas applicable,POP,Population,_T,Total,_T,Total,PS_KM2,Personnes par kilomètre carré,2000,,32.5,,EST,Estonie,A,Valeur normale,0,Units,2,Two
DATAFLOW,OECD.CFE.EDS:DSD_REG_DEMO@DF_DENSITY(2.0),Densité de population - Régions,I,A,Annuelle,CTRY,Pays,EST,Estonie,_Z,N'est pas applicable,POP,Population,_T,Total,_T,Total,PS_KM2,Personnes par kilomètre carré,1991,,36.07,,EST,Estonie,A,Valeur normale,0,Units,2,Two
DATAFLOW,OECD.CFE.EDS:DSD_REG_DEMO@DF_DENSITY(2.0),Densité de population - Régions,I,A,Annuelle,CTRY,Pays,EST,Estonie,_Z,N'est pas applicable,POP,Population,_T,Total,_T,Total,PS_KM2,Personnes par kilomètre carré,2004,,31.69,,EST,Estonie,A,Valeur normale,0,Units,2,Two
DATAFLOW,OECD.CFE.EDS:DSD_REG_DEMO@DF_DENSITY(2.0),Densité de population - Régions,I,A,Annuelle,CTRY,Pays,EST,Estonie,_Z,N'est pas applicable,POP,Population,_T,Total,_T,Total,PS_KM2,Personnes par kilomètre carré,1995,,33.59,,EST,Estonie,A,Valeur normale,0,Units,2,Two
DATAFLOW,OECD.CFE.EDS:DSD_REG_DEMO@DF_DENSITY(2.0),Densité de population - Régions,I,A,Annuelle,CTRY,Pays,EST,Estonie,_Z,N'est pas applicable,POP,Population,_T,Total,_T,Total,PS_KM2,Personnes par kilomètre carré,1993,,34.77,,EST,Estonie,A,Valeur normale,0,Units,2,Two
DATAFLOW,OECD.CFE.EDS:DSD_REG_DEMO@DF_DENSITY(2.0),Densité de population - Régions,I,A,Annuelle,CTRY,Pays,EST,Estonie,_Z,N'est pas applicable,POP,Population,_T,Total,_T,Total,PS_KM2,Personnes par kilomètre carré,1994,,33.98,,EST,Estonie,A,Valeur normale,0,Units,2,Two
DATAFLOW,OECD.CFE.EDS:DSD_REG_DEMO@DF_DENSITY(2.0),Densité de population - Régions,I,A,Annuelle,CTRY,Pays,EST,Estonie,_Z,N'est pas applicable,POP,Population,_T,Total,_T,Total,PS_KM2,Personnes par kilomètre carré,1997,,32.61,,EST,Estonie,A,Valeur normale,0,Units,2,Two
DATAFLOW,OECD.CFE.EDS:DSD_REG_DEMO@DF_DENSITY(2.0),Densité de population - Régions,I,A,Annuelle,CTRY,Pays,EST,Estonie,_Z,N'est pas applicable,POP,Population,_T,Total,_T,Total,PS_KM2,Personnes par kilomètre carré,1999,,31.99,,EST,Estonie,A,Valeur normale,0,Units,2,Two
DATAFLOW,OECD.CFE.EDS:DSD_REG_DEMO@DF_DENSITY(2.0),Densité de population - Régions,I,A,Annuelle,CTRY,Pays,EST,Estonie,_Z,N'est pas applicable,POP,Population,_T,Total,_T,Total,PS_KM2,Personnes par kilomètre carré,1990,,36.13,,EST,Estonie,A,Valeur normale,0,Units,2,Two
DATAFLOW,OECD.CFE.EDS:DSD_REG_DEMO@DF_DENSITY(2.0),Densité de population - Régions,I,A,Annuelle,CTRY,Pays,EST,Estonie,_Z,N'est pas applicable,POP,Population,_T,Total,_T,Total,PS_KM2,Personnes par kilomètre carré,1998,,32.31,,EST,Estonie,A,Valeur normale,0,Units,2,Two
DATAFLOW,OECD.CFE.EDS:DSD_REG_DEMO@DF_DENSITY(2.0),Densité de population - Régions,I,A,Annuelle,CTRY,Pays,EST,Estonie,_Z,N'est pas applicable,POP,Population,_T,Total,_T,Total,PS_KM2,Personnes par kilomètre carré,1992,,35.77,,EST,Estonie,A,Valeur normale,0,Units,2,Two
DATAFLOW,OECD.CFE.EDS:DSD_REG_DEMO@DF_DENSITY(2.0),Densité de population - Régions,I,A,Annuelle,CTRY,Pays,EST,Estonie,_Z,N'est pas applicable,POP,Population,_T,Total,_T,Total,PS_KM2,Personnes par kilomètre carré,2015,,30.5,,EST,Estonie,B,Rupture de série,0,Units,2,Two
DATAFLOW,OECD.CFE.EDS:DSD_REG_DEMO@DF_DENSITY(2.0),Densité de population - Régions,I,A,Annuelle,CTRY,Pays,EST,Estonie,_Z,N'est pas applicable,POP,Population,_T,Total,_T,Total,PS,Personnes,2023,,1365884,,EST,Estonie,A,Valeur normale,0,Units,0,Zero
DATAFLOW,OECD.CFE.EDS:DSD_REG_DEMO@DF_DENSITY(2.0),Densité de population - Régions,I,A,Annuelle,CTRY,Pays,EST,Estonie,_Z,N'est pas applicable,POP,Population,_T,Total,_T,Total,PS,Personnes,2015,,1314870,,EST,Estonie,B,Rupture de série,0,Units,0,Zero
DATAFLOW,OECD.CFE.EDS:DSD_REG_DEMO@DF_DENSITY(2.0),Densité de population - Régions,I,A,Annuelle,CTRY,Pays,EST,Estonie,_Z,N'est pas applicable,POP,Population,_T,Total,_T,Total,PS,Personnes,2010,,1333290,,EST,Estonie,A,Valeur normale,0,Units,0,Zero
DATAFLOW,OECD.CFE.EDS:DSD_REG_DEMO@DF_DENSITY(2.0),Densité de population - Régions,I,A,Annuelle,CTRY,Pays,EST,Estonie,_Z,N'est pas applicable,POP,Population,_T,Total,_T,Total,PS,Personnes,2011,,1329660,,EST,Estonie,A,Valeur normale,0,Units,0,Zero
DATAFLOW,OECD.CFE.EDS:DSD_REG_DEMO@DF_DENSITY(2.0),Densité de population - Régions,I,A,Annuelle,CTRY,Pays,EST,Estonie,_Z,N'est pas applicable,POP,Population,_T,Total,_T,Total,PS,Personnes,2016,,1315944,,EST,Estonie,A,Valeur normale,0,Units,0,Zero
DATAFLOW,OECD.CFE.EDS:DSD_REG_DEMO@DF_DENSITY(2.0),Densité de population - Régions,I,A,Annuelle,CTRY,Pays,EST,Estonie,_Z,N'est pas applicable,POP,Population,_T,Total,_T,Total,PS,Personnes,2017,,1315635,,EST,Estonie,A,Valeur normale,0,Units,0,Zero
DATAFLOW,OECD.CFE.EDS:DSD_REG_DEMO@DF_DENSITY(2.0),Densité de population - Régions,I,A,Annuelle,CTRY,Pays,EST,Estonie,_Z,N'est pas applicable,POP,Population,_T,Total,_T,Total,PS,Personnes,2005,,1358850,,EST,Estonie,A,Valeur normale,0,Units,0,Zero
DATAFLOW,OECD.CFE.EDS:DSD_REG_DEMO@DF_DENSITY(2.0),Densité de population - Régions,I,A,Annuelle,CTRY,Pays,EST,Estonie,_Z,N'est pas applicable,POP,Population,_T,Total,_T,Total,PS,Personnes,2021,,1330068,,EST,Estonie,A,Valeur normale,0,Units,0,Zero
DATAFLOW,OECD.CFE.EDS:DSD_REG_DEMO@DF_DENSITY(2.0),Densité de population - Régions,I,A,Annuelle,CTRY,Pays,EST,Estonie,_Z,N'est pas applicable,POP,Population,_T,Total,_T,Total,PS,Personnes,2022,,1331796,,EST,Estonie,A,Valeur normale,0,Units,0,Zero
DATAFLOW,OECD.CFE.EDS:DSD_REG_DEMO@DF_DENSITY(2.0),Densité de population - Régions,I,A,Annuelle,CTRY,Pays,EST,Estonie,_Z,N'est pas applicable,POP,Population,_T,Total,_T,Total,PS,Personnes,2020,,1328976,,EST,Estonie,A,Valeur normale,0,Units,0,Zero
DATAFLOW,OECD.CFE.EDS:DSD_REG_DEMO@DF_DENSITY(2.0),Densité de population - Régions,I,A,Annuelle,CTRY,Pays,EST,Estonie,_Z,N'est pas applicable,POP,Population,_T,Total,_T,Total,PS,Personnes,2009,,1335740,,EST,Estonie,A,Valeur normale,0,Units,0,Zero
DATAFLOW,OECD.CFE.EDS:DSD_REG_DEMO@DF_DENSITY(2.0),Densité de population - Régions,I,A,Annuelle,CTRY,Pays,EST,Estonie,_Z,N'est pas applicable,POP,Population,_T,Total,_T,Total,PS,Personnes,1999,,1379237,,EST,Estonie,A,Valeur normale,0,Units,0,Zero
DATAFLOW,OECD.CFE.EDS:DSD_REG_DEMO@DF_DENSITY(2.0),Densité de population - Régions,I,A,Annuelle,CTRY,Pays,EST,Estonie,_Z,N'est pas applicable,POP,Population,_T,Total,_T,Total,PS,Personnes,2000,,1401250,,EST,Estonie,A,Valeur normale,0,Units,0,Zero
DATAFLOW,OECD.CFE.EDS:DSD_REG_DEMO@DF_DENSITY(2.0),Densité de population - Régions,I,A,Annuelle,CTRY,Pays,EST,Estonie,_Z,N'est pas applicable,POP,Population,_T,Total,_T,Total,PS,Personnes,2014,,1315819,,EST,Estonie,A,Valeur normale,0,Units,0,Zero
DATAFLOW,OECD.CFE.EDS:DSD_REG_DEMO@DF_DENSITY(2.0),Densité de population - Régions,I,A,Annuelle,CTRY,Pays,EST,Estonie,_Z,N'est pas applicable,POP,Population,_T,Total,_T,Total,PS_KM2,Personnes par kilomètre carré,2014,,30.52,,EST,Estonie,A,Valeur normale,0,Units,2,Two
DATAFLOW,OECD.CFE.EDS:DSD_REG_DEMO@DF_DENSITY(2.0),Densité de population - Régions,I,A,Annuelle,CTRY,Pays,EST,Estonie,_Z,N'est pas applicable,POP,Population,_T,Total,_T,Total,PS_KM2,Personnes par kilomètre carré,2019,,30.73,,EST,Estonie,A,Valeur normale,0,Units,2,Two
DATAFLOW,OECD.CFE.EDS:DSD_REG_DEMO@DF_DENSITY(2.0),Densité de population - Régions,I,A,Annuelle,CTRY,Pays,EST,Estonie,_Z,N'est pas applicable,POP,Population,_T,Total,_T,Total,PS_KM2,Personnes par kilomètre carré,2020,,30.83,,EST,Estonie,A,Valeur normale,0,Units,2,Two
DATAFLOW,OECD.CFE.EDS:DSD_REG_DEMO@DF_DENSITY(2.0),Densité de population - Régions,I,A,Annuelle,CTRY,Pays,EST,Estonie,_Z,N'est pas applicable,POP,Population,_T,Total,_T,Total,PS_KM2,Personnes par kilomètre carré,2021,,30.85,,EST,Estonie,A,Valeur normale,0,Units,2,Two
DATAFLOW,OECD.CFE.EDS:DSD_REG_DEMO@DF_DENSITY(2.0),Densité de population - Régions,I,A,Annuelle,CTRY,Pays,EST,Estonie,_Z,N'est pas applicable,POP,Population,_T,Total,_T,Total,PS_KM2,Personnes par kilomètre carré,2022,,30.89,,EST,Estonie,A,Valeur normale,0,Units,2,Two
DATAFLOW,OECD.CFE.EDS:DSD_REG_DEMO@DF_DENSITY(2.0),Densité de population - Régions,I,A,Annuelle,CTRY,Pays,EST,Estonie,_Z,N'est pas applicable,POP,Population,_T,Total,_T,Total,PS_KM2,Personnes par kilomètre carré,2023,,31.68,,EST,Estonie,A,Valeur normale,0,Units,2,Two
DATAFLOW,OECD.CFE.EDS:DSD_REG_DEMO@DF_DENSITY(2.0),Densité de population - Régions,I,A,Annuelle,CTRY,Pays,EST,Estonie,_Z,N'est pas applicable,POP,Population,_T,Total,_T,Total,PS_KM2,Personnes par kilomètre carré,2013,,30.62,,EST,Estonie,A,Valeur normale,0,Units,2,Two
DATAFLOW,OECD.CFE.EDS:DSD_REG_DEMO@DF_DENSITY(2.0),Densité de population - Régions,I,A,Annuelle,CTRY,Pays,EST,Estonie,_Z,N'est pas applicable,POP,Population,_T,Total,_T,Total,PS_KM2,Personnes par kilomètre carré,2016,,30.53,,EST,Estonie,A,Valeur normale,0,Units,2,Two
DATAFLOW,OECD.CFE.EDS:DSD_REG_DEMO@DF_DENSITY(2.0),Densité de population - Régions,I,A,Annuelle,CTRY,Pays,EST,Estonie,_Z,N'est pas applicable,POP,Population,_T,Total,_T,Total,PS_KM2,Personnes par kilomètre carré,2017,,30.52,,EST,Estonie,A,Valeur normale,0,Units,2,Two
DATAFLOW,OECD.CFE.EDS:DSD_REG_DEMO@DF_DENSITY(2.0),Densité de population - Régions,I,A,Annuelle,CTRY,Pays,EST,Estonie,_Z,N'est pas applicable,POP,Population,_T,Total,_T,Total,PS_KM2,Personnes par kilomètre carré,2018,,30.6,,EST,Estonie,A,Valeur normale,0,Units,2,Two
DATAFLOW,OECD.CFE.EDS:DSD_REG_DEMO@DF_DENSITY(2.0),Densité de population - Régions,I,A,Annuelle,CTRY,Pays,EST,Estonie,_Z,N'est pas applicable,POP,Population,_T,Total,_T,Total,PS_KM2,Personnes par kilomètre carré,2008,,31.05,,EST,Estonie,A,Valeur normale,0,Units,2,Two
DATAFLOW,OECD.CFE.EDS:DSD_REG_DEMO@DF_DENSITY(2.0),Densité de population - Régions,I,A,Annuelle,CTRY,Pays,EST,Estonie,_Z,N'est pas applicable,POP,Population,_T,Total,_T,Total,PS_KM2,Personnes par kilomètre carré,2010,,30.93,,EST,Estonie,A,Valeur normale,0,Units,2,Two
DATAFLOW,OECD.CFE.EDS:DSD_REG_DEMO@DF_DENSITY(2.0),Densité de population - Régions,I,A,Annuelle,CTRY,Pays,EST,Estonie,_Z,N'est pas applicable,POP,Population,_T,Total,_T,Total,PS_KM2,Personnes par kilomètre carré,2011,,30.84,,EST,Estonie,A,Valeur normale,0,Units,2,Two
DATAFLOW,OECD.CFE.EDS:DSD_REG_DEMO@DF_DENSITY(2.0),Densité de population - Régions,I,A,Annuelle,CTRY,Pays,EST,Estonie,_Z,N'est pas applicable,POP,Population,_T,Total,_T,Total,PS_KM2,Personnes par kilomètre carré,2012,,30.74,,EST,Estonie,A,Valeur normale,0,Units,2,Two
DATAFLOW,OECD.CFE.EDS:DSD_REG_DEMO@DF_DENSITY(2.0),Densité de population - Régions,I,A,Annuelle,CTRY,Pays,FIN,Finlande,_Z,N'est pas applicable,POP,Population,_T,Total,_T,Total,PS_KM2,Personnes par kilomètre carré,2011,,17.66,,FIN,Finlande,A,Valeur normale,0,Units,2,Two
DATAFLOW,OECD.CFE.EDS:DSD_REG_DEMO@DF_DENSITY(2.0),Densité de population - Régions,I,A,Annuelle,CTRY,Pays,FIN,Finlande,_Z,N'est pas applicable,POP,Population,_T,Total,_T,Total,PS_KM2,Personnes par kilomètre carré,2012,,17.75,,FIN,Finlande,A,Valeur normale,0,Units,2,Two
DATAFLOW,OECD.CFE.EDS:DSD_REG_DEMO@DF_DENSITY(2.0),Densité de population - Régions,I,A,Annuelle,CTRY,Pays,FIN,Finlande,_Z,N'est pas applicable,POP,Population,_T,Total,_T,Total,PS,Personnes,1996,,5116826,,FIN,Finlande,A,Valeur normale,0,Units,0,Zero
DATAFLOW,OECD.CFE.EDS:DSD_REG_DEMO@DF_DENSITY(2.0),Densité de population - Régions,I,A,Annuelle,CTRY,Pays,FIN,Finlande,_Z,N'est pas applicable,POP,Population,_T,Total,_T,Total,PS,Personnes,1997,,5132320,,FIN,Finlande,A,Valeur normale,0,Units,0,Zero
DATAFLOW,OECD.CFE.EDS:DSD_REG_DEMO@DF_DENSITY(2.0),Densité de population - Régions,I,A,Annuelle,CTRY,Pays,FIN,Finlande,_Z,N'est pas applicable,POP,Population,_T,Total,_T,Total,PS,Personnes,1998,,5147349,,FIN,Finlande,A,Valeur normale,0,Units,0,Zero
DATAFLOW,OECD.CFE.EDS:DSD_REG_DEMO@DF_DENSITY(2.0),Densité de population - Régions,I,A,Annuelle,CTRY,Pays,FIN,Finlande,_Z,N'est pas applicable,POP,Population,_T,Total,_T,Total,PS,Personnes,1990,,4974383,,FIN,Finlande,A,Valeur normale,0,Units,0,Zero
DATAFLOW,OECD.CFE.EDS:DSD_REG_DEMO@DF_DENSITY(2.0),Densité de population - Régions,I,A,Annuelle,CTRY,Pays,FIN,Finlande,_Z,N'est pas applicable,POP,Population,_T,Total,_T,Total,PS,Personnes,1993,,5054982,,FIN,Finlande,A,Valeur normale,0,Units,0,Zero
DATAFLOW,OECD.CFE.EDS:DSD_REG_DEMO@DF_DENSITY(2.0),Densité de population - Régions,I,A,Annuelle,CTRY,Pays,FIN,Finlande,_Z,N'est pas applicable,POP,Population,_T,Total,_T,Total,PS,Personnes,1991,,4998478,,FIN,Finlande,A,Valeur normale,0,Units,0,Zero
DATAFLOW,OECD.CFE.EDS:DSD_REG_DEMO@DF_DENSITY(2.0),Densité de population - Régions,I,A,Annuelle,CTRY,Pays,FIN,Finlande,_Z,N'est pas applicable,POP,Population,_T,Total,_T,Total,PS,Personnes,2014,,5451270,,FIN,Finlande,A,Valeur normale,0,Units,0,Zero
DATAFLOW,OECD.CFE.EDS:DSD_REG_DEMO@DF_DENSITY(2.0),Densité de population - Régions,I,A,Annuelle,CTRY,Pays,FIN,Finlande,_Z,N'est pas applicable,POP,Population,_T,Total,_T,Total,PS,Personnes,2004,,5219732,,FIN,Finlande,A,Valeur normale,0,Units,0,Zero
DATAFLOW,OECD.CFE.EDS:DSD_REG_DEMO@DF_DENSITY(2.0),Densité de population - Régions,I,A,Annuelle,CTRY,Pays,FIN,Finlande,_Z,N'est pas applicable,POP,Population,_T,Total,_T,Total,PS,Personnes,2019,,5517919,,FIN,Finlande,A,Valeur normale,0,Units,0,Zero
DATAFLOW,OECD.CFE.EDS:DSD_REG_DEMO@DF_DENSITY(2.0),Densité de population - Régions,I,A,Annuelle,CTRY,Pays,FIN,Finlande,_Z,N'est pas applicable,POP,Population,_T,Total,_T,Total,PS,Personnes,1992,,5029002,,FIN,Finlande,A,Valeur normale,0,Units,0,Zero
DATAFLOW,OECD.CFE.EDS:DSD_REG_DEMO@DF_DENSITY(2.0),Densité de population - Régions,I,A,Annuelle,CTRY,Pays,FIN,Finlande,_Z,N'est pas applicable,POP,Population,_T,Total,_T,Total,PS,Personnes,2012,,5401267,,FIN,Finlande,A,Valeur normale,0,Units,0,Zero
DATAFLOW,OECD.CFE.EDS:DSD_REG_DEMO@DF_DENSITY(2.0),Densité de population - Régions,I,A,Annuelle,CTRY,Pays,FIN,Finlande,_Z,N'est pas applicable,POP,Population,_T,Total,_T,Total,PS,Personnes,2013,,5426674,,FIN,Finlande,A,Valeur normale,0,Units,0,Zero
DATAFLOW,OECD.CFE.EDS:DSD_REG_DEMO@DF_DENSITY(2.0),Densité de population - Régions,I,A,Annuelle,CTRY,Pays,FIN,Finlande,_Z,N'est pas applicable,POP,Population,_T,Total,_T,Total,PS,Personnes,1994,,5077912,,FIN,Finlande,A,Valeur normale,0,Units,0,Zero
DATAFLOW,OECD.CFE.EDS:DSD_REG_DEMO@DF_DENSITY(2.0),Densité de population - Régions,I,A,Annuelle,CTRY,Pays,FIN,Finlande,_Z,N'est pas applicable,POP,Population,_T,Total,_T,Total,PS,Personnes,1995,,5098754,,FIN,Finlande,A,Valeur normale,0,Units,0,Zero
DATAFLOW,OECD.CFE.EDS:DSD_REG_DEMO@DF_DENSITY(2.0),Densité de population - Régions,I,A,Annuelle,CTRY,Pays,FIN,Finlande,_Z,N'est pas applicable,POP,Population,_T,Total,_T,Total,PS,Personnes,2006,,5255580,,FIN,Finlande,A,Valeur normale,0,Units,0,Zero
DATAFLOW,OECD.CFE.EDS:DSD_REG_DEMO@DF_DENSITY(2.0),Densité de population - Régions,I,A,Annuelle,CTRY,Pays,FIN,Finlande,_Z,N'est pas applicable,POP,Population,_T,Total,_T,Total,PS,Personnes,2007,,5276955,,FIN,Finlande,A,Valeur normale,0,Units,0,Zero
DATAFLOW,OECD.CFE.EDS:DSD_REG_DEMO@DF_DENSITY(2.0),Densité de population - Régions,I,A,Annuelle,CTRY,Pays,FIN,Finlande,_Z,N'est pas applicable,POP,Population,_T,Total,_T,Total,PS,Personnes,2008,,5300484,,FIN,Finlande,A,Valeur normale,0,Units,0,Zero
DATAFLOW,OECD.CFE.EDS:DSD_REG_DEMO@DF_DENSITY(2.0),Densité de population - Régions,I,A,Annuelle,CTRY,Pays,FIN,Finlande,_Z,N'est pas applicable,POP,Population,_T,Total,_T,Total,PS,Personnes,2001,,5181115,,FIN,Finlande,A,Valeur normale,0,Units,0,Zero
DATAFLOW,OECD.CFE.EDS:DSD_REG_DEMO@DF_DENSITY(2.0),Densité de population - Régions,I,A,Annuelle,CTRY,Pays,FIN,Finlande,_Z,N'est pas applicable,POP,Population,_T,Total,_T,Total,PS,Personnes,2002,,5194901,,FIN,Finlande,A,Valeur normale,0,Units,0,Zero
DATAFLOW,OECD.CFE.EDS:DSD_REG_DEMO@DF_DENSITY(2.0),Densité de population - Régions,I,A,Annuelle,CTRY,Pays,FIN,Finlande,_Z,N'est pas applicable,POP,Population,_T,Total,_T,Total,PS,Personnes,2003,,5206295,,FIN,Finlande,A,Valeur normale,0,Units,0,Zero
DATAFLOW,OECD.CFE.EDS:DSD_REG_DEMO@DF_DENSITY(2.0),Densité de population - Régions,I,A,Annuelle,CTRY,Pays,FIN,Finlande,_Z,N'est pas applicable,POP,Population,_T,Total,_T,Total,PS_KM2,Personnes par kilomètre carré,2005,,17.21,,FIN,Finlande,A,Valeur normale,0,Units,2,Two
DATAFLOW,OECD.CFE.EDS:DSD_REG_DEMO@DF_DENSITY(2.0),Densité de population - Régions,I,A,Annuelle,CTRY,Pays,FIN,Finlande,_Z,N'est pas applicable,POP,Population,_T,Total,_T,Total,PS_KM2,Personnes par kilomètre carré,2006,,17.27,,FIN,Finlande,A,Valeur normale,0,Units,2,Two
DATAFLOW,OECD.CFE.EDS:DSD_REG_DEMO@DF_DENSITY(2.0),Densité de population - Régions,I,A,Annuelle,CTRY,Pays,FIN,Finlande,_Z,N'est pas applicable,POP,Population,_T,Total,_T,Total,PS_KM2,Personnes par kilomètre carré,2001,,17.03,,FIN,Finlande,A,Valeur normale,0,Units,2,Two
DATAFLOW,OECD.CFE.EDS:DSD_REG_DEMO@DF_DENSITY(2.0),Densité de population - Régions,I,A,Annuelle,CTRY,Pays,FIN,Finlande,_Z,N'est pas applicable,POP,Population,_T,Total,_T,Total,PS_KM2,Personnes par kilomètre carré,2002,,17.07,,FIN,Finlande,A,Valeur normale,0,Units,2,Two
DATAFLOW,OECD.CFE.EDS:DSD_REG_DEMO@DF_DENSITY(2.0),Densité de population - Régions,I,A,Annuelle,CTRY,Pays,FIN,Finlande,_Z,N'est pas applicable,POP,Population,_T,Total,_T,Total,PS_KM2,Personnes par kilomètre carré,2003,,17.11,,FIN,Finlande,A,Valeur normale,0,Units,2,Two
DATAFLOW,OECD.CFE.EDS:DSD_REG_DEMO@DF_DENSITY(2.0),Densité de population - Régions,I,A,Annuelle,CTRY,Pays,FIN,Finlande,_Z,N'est pas applicable,POP,Population,_T,Total,_T,Total,PS_KM2,Personnes par kilomètre carré,2004,,17.15,,FIN,Finlande,A,Valeur normale,0,Units,2,Two
DATAFLOW,OECD.CFE.EDS:DSD_REG_DEMO@DF_DENSITY(2.0),Densité de population - Régions,I,A,Annuelle,CTRY,Pays,FIN,Finlande,_Z,N'est pas applicable,POP,Population,_T,Total,_T,Total,PS_KM2,Personnes par kilomètre carré,1995,,16.75,,FIN,Finlande,A,Valeur normale,0,Units,2,Two
DATAFLOW,OECD.CFE.EDS:DSD_REG_DEMO@DF_DENSITY(2.0),Densité de population - Régions,I,A,Annuelle,CTRY,Pays,FIN,Finlande,_Z,N'est pas applicable,POP,Population,_T,Total,_T,Total,PS_KM2,Personnes par kilomètre carré,1996,,16.81,,FIN,Finlande,A,Valeur normale,0,Units,2,Two
DATAFLOW,OECD.CFE.EDS:DSD_REG_DEMO@DF_DENSITY(2.0),Densité de population - Régions,I,A,Annuelle,CTRY,Pays,FIN,Finlande,_Z,N'est pas applicable,POP,Population,_T,Total,_T,Total,PS_KM2,Personnes par kilomètre carré,1991,,16.43,,FIN,Finlande,A,Valeur normale,0,Units,2,Two
DATAFLOW,OECD.CFE.EDS:DSD_REG_DEMO@DF_DENSITY(2.0),Densité de population - Régions,I,A,Annuelle,CTRY,Pays,FIN,Finlande,_Z,N'est pas applicable,POP,Population,_T,Total,_T,Total,PS_KM2,Personnes par kilomètre carré,1992,,16.53,,FIN,Finlande,A,Valeur normale,0,Units,2,Two
DATAFLOW,OECD.CFE.EDS:DSD_REG_DEMO@DF_DENSITY(2.0),Densité de population - Régions,I,A,Annuelle,CTRY,Pays,FIN,Finlande,_Z,N'est pas applicable,POP,Population,_T,Total,_T,Total,PS_KM2,Personnes par kilomètre carré,1993,,16.61,,FIN,Finlande,A,Valeur normale,0,Units,2,Two
DATAFLOW,OECD.CFE.EDS:DSD_REG_DEMO@DF_DENSITY(2.0),Densité de population - Régions,I,A,Annuelle,CTRY,Pays,FIN,Finlande,_Z,N'est pas applicable,POP,Population,_T,Total,_T,Total,PS_KM2,Personnes par kilomètre carré,1994,,16.69,,FIN,Finlande,A,Valeur normale,0,Units,2,Two
DATAFLOW,OECD.CFE.EDS:DSD_REG_DEMO@DF_DENSITY(2.0),Densité de population - Régions,I,A,Annuelle,CTRY,Pays,FIN,Finlande,_Z,N'est pas applicable,POP,Population,_T,Total,_T,Total,PS_KM2,Personnes par kilomètre carré,1999,,16.95,,FIN,Finlande,A,Valeur normale,0,Units,2,Two
DATAFLOW,OECD.CFE.EDS:DSD_REG_DEMO@DF_DENSITY(2.0),Densité de population - Régions,I,A,Annuelle,CTRY,Pays,FIN,Finlande,_Z,N'est pas applicable,POP,Population,_T,Total,_T,Total,PS_KM2,Personnes par kilomètre carré,2000,,16.99,,FIN,Finlande,A,Valeur normale,0,Units,2,Two
DATAFLOW,OECD.CFE.EDS:DSD_REG_DEMO@DF_DENSITY(2.0),Densité de population - Régions,I,A,Annuelle,CTRY,Pays,FIN,Finlande,_Z,N'est pas applicable,POP,Population,_T,Total,_T,Total,PS_KM2,Personnes par kilomètre carré,1990,,16.35,,FIN,Finlande,A,Valeur normale,0,Units,2,Two
DATAFLOW,OECD.CFE.EDS:DSD_REG_DEMO@DF_DENSITY(2.0),Densité de population - Régions,I,A,Annuelle,CTRY,Pays,FIN,Finlande,_Z,N'est pas applicable,POP,Population,_T,Total,_T,Total,PS_KM2,Personnes par kilomètre carré,1997,,16.87,,FIN,Finlande,A,Valeur normale,0,Units,2,Two
DATAFLOW,OECD.CFE.EDS:DSD_REG_DEMO@DF_DENSITY(2.0),Densité de population - Régions,I,A,Annuelle,CTRY,Pays,FIN,Finlande,_Z,N'est pas applicable,POP,Population,_T,Total,_T,Total,PS_KM2,Personnes par kilomètre carré,1998,,16.91,,FIN,Finlande,A,Valeur normale,0,Units,2,Two
DATAFLOW,OECD.CFE.EDS:DSD_REG_DEMO@DF_DENSITY(2.0),Densité de population - Régions,I,A,Annuelle,CTRY,Pays,FIN,Finlande,_Z,N'est pas applicable,POP,Population,_T,Total,_T,Total,PS,Personnes,2023,,5563970,,FIN,Finlande,A,Valeur normale,0,Units,0,Zero
DATAFLOW,OECD.CFE.EDS:DSD_REG_DEMO@DF_DENSITY(2.0),Densité de population - Régions,I,A,Annuelle,CTRY,Pays,FIN,Finlande,_Z,N'est pas applicable,POP,Population,_T,Total,_T,Total,PS,Personnes,2010,,5351427,,FIN,Finlande,A,Valeur normale,0,Units,0,Zero
DATAFLOW,OECD.CFE.EDS:DSD_REG_DEMO@DF_DENSITY(2.0),Densité de population - Régions,I,A,Annuelle,CTRY,Pays,FIN,Finlande,_Z,N'est pas applicable,POP,Population,_T,Total,_T,Total,PS,Personnes,2011,,5375276,,FIN,Finlande,A,Valeur normale,0,Units,0,Zero
DATAFLOW,OECD.CFE.EDS:DSD_REG_DEMO@DF_DENSITY(2.0),Densité de population - Régions,I,A,Annuelle,CTRY,Pays,FIN,Finlande,_Z,N'est pas applicable,POP,Population,_T,Total,_T,Total,PS,Personnes,2015,,5471753,,FIN,Finlande,A,Valeur normale,0,Units,0,Zero
DATAFLOW,OECD.CFE.EDS:DSD_REG_DEMO@DF_DENSITY(2.0),Densité de population - Régions,I,A,Annuelle,CTRY,Pays,FIN,Finlande,_Z,N'est pas applicable,POP,Population,_T,Total,_T,Total,PS,Personnes,2016,,5487308,,FIN,Finlande,A,Valeur normale,0,Units,0,Zero
DATAFLOW,OECD.CFE.EDS:DSD_REG_DEMO@DF_DENSITY(2.0),Densité de population - Régions,I,A,Annuelle,CTRY,Pays,FIN,Finlande,_Z,N'est pas applicable,POP,Population,_T,Total,_T,Total,PS,Personnes,2017,,5503297,,FIN,Finlande,A,Valeur normale,0,Units,0,Zero
DATAFLOW,OECD.CFE.EDS:DSD_REG_DEMO@DF_DENSITY(2.0),Densité de population - Régions,I,A,Annuelle,CTRY,Pays,FIN,Finlande,_Z,N'est pas applicable,POP,Population,_T,Total,_T,Total,PS,Personnes,2005,,5236611,,FIN,Finlande,A,Valeur normale,0,Units,0,Zero
DATAFLOW,OECD.CFE.EDS:DSD_REG_DEMO@DF_DENSITY(2.0),Densité de population - Régions,I,A,Annuelle,CTRY,Pays,FIN,Finlande,_Z,N'est pas applicable,POP,Population,_T,Total,_T,Total,PS,Personnes,2018,,5513130,,FIN,Finlande,A,Valeur normale,0,Units,0,Zero
DATAFLOW,OECD.CFE.EDS:DSD_REG_DEMO@DF_DENSITY(2.0),Densité de population - Régions,I,A,Annuelle,CTRY,Pays,FIN,Finlande,_Z,N'est pas applicable,POP,Population,_T,Total,_T,Total,PS,Personnes,2021,,5533793,,FIN,Finlande,A,Valeur normale,0,Units,0,Zero
DATAFLOW,OECD.CFE.EDS:DSD_REG_DEMO@DF_DENSITY(2.0),Densité de population - Régions,I,A,Annuelle,CTRY,Pays,FIN,Finlande,_Z,N'est pas applicable,POP,Population,_T,Total,_T,Total,PS,Personnes,2022,,5548241,,FIN,Finlande,A,Valeur normale,0,Units,0,Zero
DATAFLOW,OECD.CFE.EDS:DSD_REG_DEMO@DF_DENSITY(2.0),Densité de population - Régions,I,A,Annuelle,CTRY,Pays,FIN,Finlande,_Z,N'est pas applicable,POP,Population,_T,Total,_T,Total,PS,Personnes,2020,,5525292,,FIN,Finlande,A,Valeur normale,0,Units,0,Zero
DATAFLOW,OECD.CFE.EDS:DSD_REG_DEMO@DF_DENSITY(2.0),Densité de population - Régions,I,A,Annuelle,CTRY,Pays,FIN,Finlande,_Z,N'est pas applicable,POP,Population,_T,Total,_T,Total,PS,Personnes,2009,,5326314,,FIN,Finlande,A,Valeur normale,0,Units,0,Zero
DATAFLOW,OECD.CFE.EDS:DSD_REG_DEMO@DF_DENSITY(2.0),Densité de population - Régions,I,A,Annuelle,CTRY,Pays,FIN,Finlande,_Z,N'est pas applicable,POP,Population,_T,Total,_T,Total,PS,Personnes,1999,,5159646,,FIN,Finlande,A,Valeur normale,0,Units,0,Zero
DATAFLOW,OECD.CFE.EDS:DSD_REG_DEMO@DF_DENSITY(2.0),Densité de population - Régions,I,A,Annuelle,CTRY,Pays,FIN,Finlande,_Z,N'est pas applicable,POP,Population,_T,Total,_T,Total,PS,Personnes,2000,,5171302,,FIN,Finlande,A,Valeur normale,0,Units,0,Zero
DATAFLOW,OECD.CFE.EDS:DSD_REG_DEMO@DF_DENSITY(2.0),Densité de population - Régions,I,A,Annuelle,CTRY,Pays,FIN,Finlande,_Z,N'est pas applicable,POP,Population,_T,Total,_T,Total,PS_KM2,Personnes par kilomètre carré,2013,,17.83,,FIN,Finlande,A,Valeur normale,0,Units,2,Two
DATAFLOW,OECD.CFE.EDS:DSD_REG_DEMO@DF_DENSITY(2.0),Densité de population - Régions,I,A,Annuelle,CTRY,Pays,FIN,Finlande,_Z,N'est pas applicable,POP,Population,_T,Total,_T,Total,PS_KM2,Personnes par kilomètre carré,2014,,17.91,,FIN,Finlande,A,Valeur normale,0,Units,2,Two
DATAFLOW,OECD.CFE.EDS:DSD_REG_DEMO@DF_DENSITY(2.0),Densité de population - Régions,I,A,Annuelle,CTRY,Pays,FIN,Finlande,_Z,N'est pas applicable,POP,Population,_T,Total,_T,Total,PS_KM2,Personnes par kilomètre carré,2019,,18.13,,FIN,Finlande,A,Valeur normale,0,Units,2,Two
DATAFLOW,OECD.CFE.EDS:DSD_REG_DEMO@DF_DENSITY(2.0),Densité de population - Régions,I,A,Annuelle,CTRY,Pays,FIN,Finlande,_Z,N'est pas applicable,POP,Population,_T,Total,_T,Total,PS_KM2,Personnes par kilomètre carré,2020,,18.16,,FIN,Finlande,A,Valeur normale,0,Units,2,Two
DATAFLOW,OECD.CFE.EDS:DSD_REG_DEMO@DF_DENSITY(2.0),Densité de population - Régions,I,A,Annuelle,CTRY,Pays,FIN,Finlande,_Z,N'est pas applicable,POP,Population,_T,Total,_T,Total,PS_KM2,Personnes par kilomètre carré,2021,,18.18,,FIN,Finlande,A,Valeur normale,0,Units,2,Two
DATAFLOW,OECD.CFE.EDS:DSD_REG_DEMO@DF_DENSITY(2.0),Densité de population - Régions,I,A,Annuelle,CTRY,Pays,FIN,Finlande,_Z,N'est pas applicable,POP,Population,_T,Total,_T,Total,PS_KM2,Personnes par kilomètre carré,2022,,18.23,,FIN,Finlande,A,Valeur normale,0,Units,2,Two
DATAFLOW,OECD.CFE.EDS:DSD_REG_DEMO@DF_DENSITY(2.0),Densité de population - Régions,I,A,Annuelle,CTRY,Pays,FIN,Finlande,_Z,N'est pas applicable,POP,Population,_T,Total,_T,Total,PS_KM2,Personnes par kilomètre carré,2023,,18.28,,FIN,Finlande,A,Valeur normale,0,Units,2,Two
DATAFLOW,OECD.CFE.EDS:DSD_REG_DEMO@DF_DENSITY(2.0),Densité de population - Régions,I,A,Annuelle,CTRY,Pays,FIN,Finlande,_Z,N'est pas applicable,POP,Population,_T,Total,_T,Total,PS_KM2,Personnes par kilomètre carré,2015,,17.98,,FIN,Finlande,A,Valeur normale,0,Units,2,Two
DATAFLOW,OECD.CFE.EDS:DSD_REG_DEMO@DF_DENSITY(2.0),Densité de population - Régions,I,A,Annuelle,CTRY,Pays,FIN,Finlande,_Z,N'est pas applicable,POP,Population,_T,Total,_T,Total,PS_KM2,Personnes par kilomètre carré,2016,,18.03,,FIN,Finlande,A,Valeur normale,0,Units,2,Two
DATAFLOW,OECD.CFE.EDS:DSD_REG_DEMO@DF_DENSITY(2.0),Densité de population - Régions,I,A,Annuelle,CTRY,Pays,FIN,Finlande,_Z,N'est pas applicable,POP,Population,_T,Total,_T,Total,PS_KM2,Personnes par kilomètre carré,2017,,18.08,,FIN,Finlande,A,Valeur normale,0,Units,2,Two
DATAFLOW,OECD.CFE.EDS:DSD_REG_DEMO@DF_DENSITY(2.0),Densité de population - Régions,I,A,Annuelle,CTRY,Pays,FIN,Finlande,_Z,N'est pas applicable,POP,Population,_T,Total,_T,Total,PS_KM2,Personnes par kilomètre carré,2018,,18.12,,FIN,Finlande,A,Valeur normale,0,Units,2,Two
DATAFLOW,OECD.CFE.EDS:DSD_REG_DEMO@DF_DENSITY(2.0),Densité de population - Régions,I,A,Annuelle,CTRY,Pays,FIN,Finlande,_Z,N'est pas applicable,POP,Population,_T,Total,_T,Total,PS_KM2,Personnes par kilomètre carré,2007,,17.34,,FIN,Finlande,A,Valeur normale,0,Units,2,Two
DATAFLOW,OECD.CFE.EDS:DSD_REG_DEMO@DF_DENSITY(2.0),Densité de population - Régions,I,A,Annuelle,CTRY,Pays,FIN,Finlande,_Z,N'est pas applicable,POP,Population,_T,Total,_T,Total,PS_KM2,Personnes par kilomètre carré,2008,,17.42,,FIN,Finlande,A,Valeur normale,0,Units,2,Two
DATAFLOW,OECD.CFE.EDS:DSD_REG_DEMO@DF_DENSITY(2.0),Densité de population - Régions,I,A,Annuelle,CTRY,Pays,FIN,Finlande,_Z,N'est pas applicable,POP,Population,_T,Total,_T,Total,PS_KM2,Personnes par kilomètre carré,2009,,17.5,,FIN,Finlande,A,Valeur normale,0,Units,2,Two
DATAFLOW,OECD.CFE.EDS:DSD_REG_DEMO@DF_DENSITY(2.0),Densité de population - Régions,I,A,Annuelle,CTRY,Pays,FRA,France,_Z,N'est pas applicable,POP,Population,_T,Total,_T,Total,PS_KM2,Personnes par kilomètre carré,2007,,100.4,,FRA,France,A,Valeur normale,0,Units,2,Two
DATAFLOW,OECD.CFE.EDS:DSD_REG_DEMO@DF_DENSITY(2.0),Densité de population - Régions,I,A,Annuelle,CTRY,Pays,FRA,France,_Z,N'est pas applicable,POP,Population,_T,Total,_T,Total,PS_KM2,Personnes par kilomètre carré,2001,,96.2,,FRA,France,A,Valeur normale,0,Units,2,Two
DATAFLOW,OECD.CFE.EDS:DSD_REG_DEMO@DF_DENSITY(2.0),Densité de population - Régions,I,A,Annuelle,CTRY,Pays,FRA,France,_Z,N'est pas applicable,POP,Population,_T,Total,_T,Total,PS,Personnes,2003,,61864088,,FRA,France,A,Valeur normale,0,Units,0,Zero
DATAFLOW,OECD.CFE.EDS:DSD_REG_DEMO@DF_DENSITY(2.0),Densité de population - Régions,I,A,Annuelle,CTRY,Pays,FRA,France,_Z,N'est pas applicable,POP,Population,_T,Total,_T,Total,PS,Personnes,1991,,56840661,,FRA,France,A,Valeur normale,0,Units,0,Zero
DATAFLOW,OECD.CFE.EDS:DSD_REG_DEMO@DF_DENSITY(2.0),Densité de population - Régions,I,A,Annuelle,CTRY,Pays,FRA,France,_Z,N'est pas applicable,POP,Population,_T,Total,_T,Total,PS,Personnes,1996,,57935959,,FRA,France,A,Valeur normale,0,Units,0,Zero
DATAFLOW,OECD.CFE.EDS:DSD_REG_DEMO@DF_DENSITY(2.0),Densité de population - Régions,I,A,Annuelle,CTRY,Pays,FRA,France,_Z,N'est pas applicable,POP,Population,_T,Total,_T,Total,PS,Personnes,1997,,58116018,,FRA,France,A,Valeur normale,0,Units,0,Zero
DATAFLOW,OECD.CFE.EDS:DSD_REG_DEMO@DF_DENSITY(2.0),Densité de population - Régions,I,A,Annuelle,CTRY,Pays,FRA,France,_Z,N'est pas applicable,POP,Population,_T,Total,_T,Total,PS,Personnes,1992,,57110533,,FRA,France,A,Valeur normale,0,Units,0,Zero
DATAFLOW,OECD.CFE.EDS:DSD_REG_DEMO@DF_DENSITY(2.0),Densité de population - Régions,I,A,Annuelle,CTRY,Pays,FRA,France,_Z,N'est pas applicable,POP,Population,_T,Total,_T,Total,PS,Personnes,1993,,57369161,,FRA,France,A,Valeur normale,0,Units,0,Zero
DATAFLOW,OECD.CFE.EDS:DSD_REG_DEMO@DF_DENSITY(2.0),Densité de population - Régions,I,A,Annuelle,CTRY,Pays,FRA,France,_Z,N'est pas applicable,POP,Population,_T,Total,_T,Total,PS,Personnes,1994,,57565008,,FRA,France,A,Valeur normale,0,Units,0,Zero
DATAFLOW,OECD.CFE.EDS:DSD_REG_DEMO@DF_DENSITY(2.0),Densité de population - Régions,I,A,Annuelle,CTRY,Pays,FRA,France,_Z,N'est pas applicable,POP,Population,_T,Total,_T,Total,PS,Personnes,1995,,57752535,,FRA,France,A,Valeur normale,0,Units,0,Zero
DATAFLOW,OECD.CFE.EDS:DSD_REG_DEMO@DF_DENSITY(2.0),Densité de population - Régions,I,A,Annuelle,CTRY,Pays,FRA,France,_Z,N'est pas applicable,POP,Population,_T,Total,_T,Total,PS,Personnes,2018,,67026224,,FRA,France,A,Valeur normale,0,Units,0,Zero
DATAFLOW,OECD.CFE.EDS:DSD_REG_DEMO@DF_DENSITY(2.0),Densité de population - Régions,I,A,Annuelle,CTRY,Pays,FRA,France,_Z,N'est pas applicable,POP,Population,_T,Total,_T,Total,PS,Personnes,2008,,64007193,,FRA,France,A,Valeur normale,0,Units,0,Zero
DATAFLOW,OECD.CFE.EDS:DSD_REG_DEMO@DF_DENSITY(2.0),Densité de population - Régions,I,A,Annuelle,CTRY,Pays,FRA,France,_Z,N'est pas applicable,POP,Population,_T,Total,_T,Total,PS,Personnes,1999,,60158533,,FRA,France,A,Valeur normale,0,Units,0,Zero
DATAFLOW,OECD.CFE.EDS:DSD_REG_DEMO@DF_DENSITY(2.0),Densité de population - Régions,I,A,Annuelle,CTRY,Pays,FRA,France,_Z,N'est pas applicable,POP,Population,_T,Total,_T,Total,PS,Personnes,2000,,60545022,,FRA,France,A,Valeur normale,0,Units,0,Zero
DATAFLOW,OECD.CFE.EDS:DSD_REG_DEMO@DF_DENSITY(2.0),Densité de population - Régions,I,A,Annuelle,CTRY,Pays,FRA,France,_Z,N'est pas applicable,POP,Population,_T,Total,_T,Total,PS,Personnes,2012,,65276983,,FRA,France,A,Valeur normale,0,Units,0,Zero
DATAFLOW,OECD.CFE.EDS:DSD_REG_DEMO@DF_DENSITY(2.0),Densité de population - Régions,I,A,Annuelle,CTRY,Pays,FRA,France,_Z,N'est pas applicable,POP,Population,_T,Total,_T,Total,PS,Personnes,2013,,65600350,,FRA,France,A,Valeur normale,0,Units,0,Zero
DATAFLOW,OECD.CFE.EDS:DSD_REG_DEMO@DF_DENSITY(2.0),Densité de population - Régions,I,A,Annuelle,CTRY,Pays,FRA,France,_Z,N'est pas applicable,POP,Population,_T,Total,_T,Total,PS,Personnes,1990,,56577000,,FRA,France,A,Valeur normale,0,Units,0,Zero
DATAFLOW,OECD.CFE.EDS:DSD_REG_DEMO@DF_DENSITY(2.0),Densité de population - Régions,I,A,Annuelle,CTRY,Pays,FRA,France,_Z,N'est pas applicable,POP,Population,_T,Total,_T,Total,PS,Personnes,2006,,63229635,,FRA,France,A,Valeur normale,0,Units,0,Zero
DATAFLOW,OECD.CFE.EDS:DSD_REG_DEMO@DF_DENSITY(2.0),Densité de population - Régions,I,A,Annuelle,CTRY,Pays,FRA,France,_Z,N'est pas applicable,POP,Population,_T,Total,_T,Total,PS,Personnes,2007,,63645065,,FRA,France,A,Valeur normale,0,Units,0,Zero
DATAFLOW,OECD.CFE.EDS:DSD_REG_DEMO@DF_DENSITY(2.0),Densité de population - Régions,I,A,Annuelle,CTRY,Pays,FRA,France,_Z,N'est pas applicable,POP,Population,_T,Total,_T,Total,PS,Personnes,1998,,58298962,,FRA,France,A,Valeur normale,0,Units,0,Zero
DATAFLOW,OECD.CFE.EDS:DSD_REG_DEMO@DF_DENSITY(2.0),Densité de population - Régions,I,A,Annuelle,CTRY,Pays,FRA,France,_Z,N'est pas applicable,POP,Population,_T,Total,_T,Total,PS,Personnes,2001,,60979315,,FRA,France,A,Valeur normale,0,Units,0,Zero
DATAFLOW,OECD.CFE.EDS:DSD_REG_DEMO@DF_DENSITY(2.0),Densité de population - Régions,I,A,Annuelle,CTRY,Pays,FRA,France,_Z,N'est pas applicable,POP,Population,_T,Total,_T,Total,PS,Personnes,2002,,61424036,,FRA,France,A,Valeur normale,0,Units,0,Zero
DATAFLOW,OECD.CFE.EDS:DSD_REG_DEMO@DF_DENSITY(2.0),Densité de population - Régions,I,A,Annuelle,CTRY,Pays,FRA,France,_Z,N'est pas applicable,POP,Population,_T,Total,_T,Total,PS_KM2,Personnes par kilomètre carré,2002,,96.9,,FRA,France,A,Valeur normale,0,Units,2,Two
DATAFLOW,OECD.CFE.EDS:DSD_REG_DEMO@DF_DENSITY(2.0),Densité de population - Régions,I,A,Annuelle,CTRY,Pays,FRA,France,_Z,N'est pas applicable,POP,Population,_T,Total,_T,Total,PS_KM2,Personnes par kilomètre carré,2014,,104.38,,FRA,France,A,Valeur normale,0,Units,2,Two
DATAFLOW,OECD.CFE.EDS:DSD_REG_DEMO@DF_DENSITY(2.0),Densité de population - Régions,I,A,Annuelle,CTRY,Pays,FRA,France,_Z,N'est pas applicable,POP,Population,_T,Total,_T,Total,PS_KM2,Personnes par kilomètre carré,2005,,99.03,,FRA,France,A,Valeur normale,0,Units,2,Two
DATAFLOW,OECD.CFE.EDS:DSD_REG_DEMO@DF_DENSITY(2.0),Densité de population - Régions,I,A,Annuelle,CTRY,Pays,FRA,France,_Z,N'est pas applicable,POP,Population,_T,Total,_T,Total,PS_KM2,Personnes par kilomètre carré,1996,,91.4,,FRA,France,A,Valeur normale,0,Units,2,Two
DATAFLOW,OECD.CFE.EDS:DSD_REG_DEMO@DF_DENSITY(2.0),Densité de population - Régions,I,A,Annuelle,CTRY,Pays,FRA,France,_Z,N'est pas applicable,POP,Population,_T,Total,_T,Total,PS_KM2,Personnes par kilomètre carré,1997,,91.68,,FRA,France,A,Valeur normale,0,Units,2,Two
DATAFLOW,OECD.CFE.EDS:DSD_REG_DEMO@DF_DENSITY(2.0),Densité de population - Régions,I,A,Annuelle,CTRY,Pays,FRA,France,_Z,N'est pas applicable,POP,Population,_T,Total,_T,Total,PS_KM2,Personnes par kilomètre carré,2009,,101.52,,FRA,France,A,Valeur normale,0,Units,2,Two
DATAFLOW,OECD.CFE.EDS:DSD_REG_DEMO@DF_DENSITY(2.0),Densité de population - Régions,I,A,Annuelle,CTRY,Pays,FRA,France,_Z,N'est pas applicable,POP,Population,_T,Total,_T,Total,PS_KM2,Personnes par kilomètre carré,2000,,95.51,,FRA,France,A,Valeur normale,0,Units,2,Two
DATAFLOW,OECD.CFE.EDS:DSD_REG_DEMO@DF_DENSITY(2.0),Densité de population - Régions,I,A,Annuelle,CTRY,Pays,FRA,France,_Z,N'est pas applicable,POP,Population,_T,Total,_T,Total,PS_KM2,Personnes par kilomètre carré,1990,,89.25,,FRA,France,A,Valeur normale,0,Units,2,Two
DATAFLOW,OECD.CFE.EDS:DSD_REG_DEMO@DF_DENSITY(2.0),Densité de population - Régions,I,A,Annuelle,CTRY,Pays,FRA,France,_Z,N'est pas applicable,POP,Population,_T,Total,_T,Total,PS_KM2,Personnes par kilomètre carré,1991,,89.67,,FRA,France,A,Valeur normale,0,Units,2,Two
DATAFLOW,OECD.CFE.EDS:DSD_REG_DEMO@DF_DENSITY(2.0),Densité de population - Régions,I,A,Annuelle,CTRY,Pays,FRA,France,_Z,N'est pas applicable,POP,Population,_T,Total,_T,Total,PS_KM2,Personnes par kilomètre carré,2004,,98.27,,FRA,France,A,Valeur normale,0,Units,2,Two
DATAFLOW,OECD.CFE.EDS:DSD_REG_DEMO@DF_DENSITY(2.0),Densité de population - Régions,I,A,Annuelle,CTRY,Pays,FRA,France,_Z,N'est pas applicable,POP,Population,_T,Total,_T,Total,PS_KM2,Personnes par kilomètre carré,1995,,91.11,,FRA,France,A,Valeur normale,0,Units,2,Two
DATAFLOW,OECD.CFE.EDS:DSD_REG_DEMO@DF_DENSITY(2.0),Densité de population - Régions,I,A,Annuelle,CTRY,Pays,FRA,France,_Z,N'est pas applicable,POP,Population,_T,Total,_T,Total,PS_KM2,Personnes par kilomètre carré,1994,,90.81,,FRA,France,A,Valeur normale,0,Units,2,Two
DATAFLOW,OECD.CFE.EDS:DSD_REG_DEMO@DF_DENSITY(2.0),Densité de population - Régions,I,A,Annuelle,CTRY,Pays,FRA,France,_Z,N'est pas applicable,POP,Population,_T,Total,_T,Total,PS_KM2,Personnes par kilomètre carré,1999,,94.9,,FRA,France,A,Valeur normale,0,Units,2,Two
DATAFLOW,OECD.CFE.EDS:DSD_REG_DEMO@DF_DENSITY(2.0),Densité de population - Régions,I,A,Annuelle,CTRY,Pays,FRA,France,_Z,N'est pas applicable,POP,Population,_T,Total,_T,Total,PS_KM2,Personnes par kilomètre carré,1993,,90.5,,FRA,France,A,Valeur normale,0,Units,2,Two
DATAFLOW,OECD.CFE.EDS:DSD_REG_DEMO@DF_DENSITY(2.0),Densité de population - Régions,I,A,Annuelle,CTRY,Pays,FRA,France,_Z,N'est pas applicable,POP,Population,_T,Total,_T,Total,PS_KM2,Personnes par kilomètre carré,1998,,91.97,,FRA,France,A,Valeur normale,0,Units,2,Two
DATAFLOW,OECD.CFE.EDS:DSD_REG_DEMO@DF_DENSITY(2.0),Densité de population - Régions,I,A,Annuelle,CTRY,Pays,FRA,France,_Z,N'est pas applicable,POP,Population,_T,Total,_T,Total,PS_KM2,Personnes par kilomètre carré,1992,,90.1,,FRA,France,A,Valeur normale,0,Units,2,Two
DATAFLOW,OECD.CFE.EDS:DSD_REG_DEMO@DF_DENSITY(2.0),Densité de population - Régions,I,A,Annuelle,CTRY,Pays,FRA,France,_Z,N'est pas applicable,POP,Population,_T,Total,_T,Total,PS_KM2,Personnes par kilomètre carré,2022,,107.42,,FRA,France,A,Valeur normale,0,Units,2,Two
DATAFLOW,OECD.CFE.EDS:DSD_REG_DEMO@DF_DENSITY(2.0),Densité de population - Régions,I,A,Annuelle,CTRY,Pays,FRA,France,_Z,N'est pas applicable,POP,Population,_T,Total,_T,Total,PS,Personnes,2020,,67473651,,FRA,France,A,Valeur normale,0,Units,0,Zero
DATAFLOW,OECD.CFE.EDS:DSD_REG_DEMO@DF_DENSITY(2.0),Densité de population - Régions,I,A,Annuelle,CTRY,Pays,FRA,France,_Z,N'est pas applicable,POP,Population,_T,Total,_T,Total,PS,Personnes,2021,,67728568,,FRA,France,A,Valeur normale,0,Units,0,Zero
DATAFLOW,OECD.CFE.EDS:DSD_REG_DEMO@DF_DENSITY(2.0),Densité de population - Régions,I,A,Annuelle,CTRY,Pays,FRA,France,_Z,N'est pas applicable,POP,Population,_T,Total,_T,Total,PS,Personnes,2019,,67290471,,FRA,France,A,Valeur normale,0,Units,0,Zero
DATAFLOW,OECD.CFE.EDS:DSD_REG_DEMO@DF_DENSITY(2.0),Densité de population - Régions,I,A,Annuelle,CTRY,Pays,FRA,France,_Z,N'est pas applicable,POP,Population,_T,Total,_T,Total,PS,Personnes,2023,,68277210,,FRA,France,P,Valeur provisoire,0,Units,0,Zero
DATAFLOW,OECD.CFE.EDS:DSD_REG_DEMO@DF_DENSITY(2.0),Densité de population - Régions,I,A,Annuelle,CTRY,Pays,FRA,France,_Z,N'est pas applicable,POP,Population,_T,Total,_T,Total,PS,Personnes,2022,,68091703,,FRA,France,A,Valeur normale,0,Units,0,Zero
DATAFLOW,OECD.CFE.EDS:DSD_REG_DEMO@DF_DENSITY(2.0),Densité de population - Régions,I,A,Annuelle,CTRY,Pays,FRA,France,_Z,N'est pas applicable,POP,Population,_T,Total,_T,Total,PS,Personnes,2010,,64658856,,FRA,France,A,Valeur normale,0,Units,0,Zero
DATAFLOW,OECD.CFE.EDS:DSD_REG_DEMO@DF_DENSITY(2.0),Densité de population - Régions,I,A,Annuelle,CTRY,Pays,FRA,France,_Z,N'est pas applicable,POP,Population,_T,Total,_T,Total,PS,Personnes,2011,,64978721,,FRA,France,A,Valeur normale,0,Units,0,Zero
DATAFLOW,OECD.CFE.EDS:DSD_REG_DEMO@DF_DENSITY(2.0),Densité de population - Régions,I,A,Annuelle,CTRY,Pays,FRA,France,_Z,N'est pas applicable,POP,Population,_T,Total,_T,Total,PS,Personnes,2016,,66638391,,FRA,France,A,Valeur normale,0,Units,0,Zero
DATAFLOW,OECD.CFE.EDS:DSD_REG_DEMO@DF_DENSITY(2.0),Densité de population - Régions,I,A,Annuelle,CTRY,Pays,FRA,France,_Z,N'est pas applicable,POP,Population,_T,Total,_T,Total,PS,Personnes,2017,,66809816,,FRA,France,A,Valeur normale,0,Units,0,Zero
DATAFLOW,OECD.CFE.EDS:DSD_REG_DEMO@DF_DENSITY(2.0),Densité de population - Régions,I,A,Annuelle,CTRY,Pays,FRA,France,_Z,N'est pas applicable,POP,Population,_T,Total,_T,Total,PS,Personnes,2004,,62292241,,FRA,France,A,Valeur normale,0,Units,0,Zero
DATAFLOW,OECD.CFE.EDS:DSD_REG_DEMO@DF_DENSITY(2.0),Densité de population - Régions,I,A,Annuelle,CTRY,Pays,FRA,France,_Z,N'est pas applicable,POP,Population,_T,Total,_T,Total,PS,Personnes,2005,,62772870,,FRA,France,A,Valeur normale,0,Units,0,Zero
DATAFLOW,OECD.CFE.EDS:DSD_REG_DEMO@DF_DENSITY(2.0),Densité de population - Régions,I,A,Annuelle,CTRY,Pays,FRA,France,_Z,N'est pas applicable,POP,Population,_T,Total,_T,Total,PS,Personnes,2009,,64350226,,FRA,France,A,Valeur normale,0,Units,0,Zero
DATAFLOW,OECD.CFE.EDS:DSD_REG_DEMO@DF_DENSITY(2.0),Densité de population - Régions,I,A,Annuelle,CTRY,Pays,FRA,France,_Z,N'est pas applicable,POP,Population,_T,Total,_T,Total,PS,Personnes,2014,,66165980,,FRA,France,A,Valeur normale,0,Units,0,Zero
DATAFLOW,OECD.CFE.EDS:DSD_REG_DEMO@DF_DENSITY(2.0),Densité de population - Régions,I,A,Annuelle,CTRY,Pays,FRA,France,_Z,N'est pas applicable,POP,Population,_T,Total,_T,Total,PS,Personnes,2015,,66458153,,FRA,France,A,Valeur normale,0,Units,0,Zero
DATAFLOW,OECD.CFE.EDS:DSD_REG_DEMO@DF_DENSITY(2.0),Densité de population - Régions,I,A,Annuelle,CTRY,Pays,FRA,France,_Z,N'est pas applicable,POP,Population,_T,Total,_T,Total,PS_KM2,Personnes par kilomètre carré,2019,,106.16,,FRA,France,A,Valeur normale,0,Units,2,Two
DATAFLOW,OECD.CFE.EDS:DSD_REG_DEMO@DF_DENSITY(2.0),Densité de population - Régions,I,A,Annuelle,CTRY,Pays,FRA,France,_Z,N'est pas applicable,POP,Population,_T,Total,_T,Total,PS_KM2,Personnes par kilomètre carré,2020,,106.44,,FRA,France,A,Valeur normale,0,Units,2,Two
DATAFLOW,OECD.CFE.EDS:DSD_REG_DEMO@DF_DENSITY(2.0),Densité de population - Régions,I,A,Annuelle,CTRY,Pays,FRA,France,_Z,N'est pas applicable,POP,Population,_T,Total,_T,Total,PS_KM2,Personnes par kilomètre carré,2021,,106.85,,FRA,France,A,Valeur normale,0,Units,2,Two
DATAFLOW,OECD.CFE.EDS:DSD_REG_DEMO@DF_DENSITY(2.0),Densité de population - Régions,I,A,Annuelle,CTRY,Pays,FRA,France,_Z,N'est pas applicable,POP,Population,_T,Total,_T,Total,PS_KM2,Personnes par kilomètre carré,2023,,107.71,,FRA,France,P,Valeur provisoire,0,Units,2,Two
DATAFLOW,OECD.CFE.EDS:DSD_REG_DEMO@DF_DENSITY(2.0),Densité de population - Régions,I,A,Annuelle,CTRY,Pays,FRA,France,_Z,N'est pas applicable,POP,Population,_T,Total,_T,Total,PS_KM2,Personnes par kilomètre carré,2018,,105.74,,FRA,France,A,Valeur normale,0,Units,2,Two
DATAFLOW,OECD.CFE.EDS:DSD_REG_DEMO@DF_DENSITY(2.0),Densité de population - Régions,I,A,Annuelle,CTRY,Pays,FRA,France,_Z,N'est pas applicable,POP,Population,_T,Total,_T,Total,PS_KM2,Personnes par kilomètre carré,2008,,100.98,,FRA,France,A,Valeur normale,0,Units,2,Two
DATAFLOW,OECD.CFE.EDS:DSD_REG_DEMO@DF_DENSITY(2.0),Densité de population - Régions,I,A,Annuelle,CTRY,Pays,FRA,France,_Z,N'est pas applicable,POP,Population,_T,Total,_T,Total,PS_KM2,Personnes par kilomètre carré,2013,,103.49,,FRA,France,A,Valeur normale,0,Units,2,Two
DATAFLOW,OECD.CFE.EDS:DSD_REG_DEMO@DF_DENSITY(2.0),Densité de population - Régions,I,A,Annuelle,CTRY,Pays,FRA,France,_Z,N'est pas applicable,POP,Population,_T,Total,_T,Total,PS_KM2,Personnes par kilomètre carré,2015,,104.84,,FRA,France,A,Valeur normale,0,Units,2,Two
DATAFLOW,OECD.CFE.EDS:DSD_REG_DEMO@DF_DENSITY(2.0),Densité de population - Régions,I,A,Annuelle,CTRY,Pays,FRA,France,_Z,N'est pas applicable,POP,Population,_T,Total,_T,Total,PS_KM2,Personnes par kilomètre carré,2016,,105.13,,FRA,France,A,Valeur normale,0,Units,2,Two
DATAFLOW,OECD.CFE.EDS:DSD_REG_DEMO@DF_DENSITY(2.0),Densité de population - Régions,I,A,Annuelle,CTRY,Pays,FRA,France,_Z,N'est pas applicable,POP,Population,_T,Total,_T,Total,PS_KM2,Personnes par kilomètre carré,2017,,105.4,,FRA,France,A,Valeur normale,0,Units,2,Two
DATAFLOW,OECD.CFE.EDS:DSD_REG_DEMO@DF_DENSITY(2.0),Densité de population - Régions,I,A,Annuelle,CTRY,Pays,FRA,France,_Z,N'est pas applicable,POP,Population,_T,Total,_T,Total,PS_KM2,Personnes par kilomètre carré,2010,,102,,FRA,France,A,Valeur normale,0,Units,2,Two
DATAFLOW,OECD.CFE.EDS:DSD_REG_DEMO@DF_DENSITY(2.0),Densité de population - Régions,I,A,Annuelle,CTRY,Pays,FRA,France,_Z,N'est pas applicable,POP,Population,_T,Total,_T,Total,PS_KM2,Personnes par kilomètre carré,2011,,102.51,,FRA,France,A,Valeur normale,0,Units,2,Two
DATAFLOW,OECD.CFE.EDS:DSD_REG_DEMO@DF_DENSITY(2.0),Densité de population - Régions,I,A,Annuelle,CTRY,Pays,FRA,France,_Z,N'est pas applicable,POP,Population,_T,Total,_T,Total,PS_KM2,Personnes par kilomètre carré,2012,,102.98,,FRA,France,A,Valeur normale,0,Units,2,Two
DATAFLOW,OECD.CFE.EDS:DSD_REG_DEMO@DF_DENSITY(2.0),Densité de population - Régions,I,A,Annuelle,CTRY,Pays,FRA,France,_Z,N'est pas applicable,POP,Population,_T,Total,_T,Total,PS_KM2,Personnes par kilomètre carré,2003,,97.59,,FRA,France,A,Valeur normale,0,Units,2,Two
DATAFLOW,OECD.CFE.EDS:DSD_REG_DEMO@DF_DENSITY(2.0),Densité de population - Régions,I,A,Annuelle,CTRY,Pays,DEU,Allemagne,_Z,N'est pas applicable,POP,Population,_T,Total,_T,Total,PS_KM2,Personnes par kilomètre carré,2003,,233.62,,DEU,Allemagne,A,Valeur normale,0,Units,2,Two
DATAFLOW,OECD.CFE.EDS:DSD_REG_DEMO@DF_DENSITY(2.0),Densité de population - Régions,I,A,Annuelle,CTRY,Pays,DEU,Allemagne,_Z,N'est pas applicable,POP,Population,_T,Total,_T,Total,PS_KM2,Personnes par kilomètre carré,2005,,233.52,,DEU,Allemagne,A,Valeur normale,0,Units,2,Two
DATAFLOW,OECD.CFE.EDS:DSD_REG_DEMO@DF_DENSITY(2.0),Densité de population - Régions,I,A,Annuelle,CTRY,Pays,DEU,Allemagne,_Z,N'est pas applicable,POP,Population,_T,Total,_T,Total,PS,Personnes,2003,,82536680,,DEU,Allemagne,A,Valeur normale,0,Units,0,Zero
DATAFLOW,OECD.CFE.EDS:DSD_REG_DEMO@DF_DENSITY(2.0),Densité de population - Régions,I,A,Annuelle,CTRY,Pays,DEU,Allemagne,_Z,N'est pas applicable,POP,Population,_T,Total,_T,Total,PS,Personnes,1996,,81817499,,DEU,Allemagne,A,Valeur normale,0,Units,0,Zero
DATAFLOW,OECD.CFE.EDS:DSD_REG_DEMO@DF_DENSITY(2.0),Densité de population - Régions,I,A,Annuelle,CTRY,Pays,DEU,Allemagne,_Z,N'est pas applicable,POP,Population,_T,Total,_T,Total,PS,Personnes,1997,,82012162,,DEU,Allemagne,A,Valeur normale,0,Units,0,Zero
DATAFLOW,OECD.CFE.EDS:DSD_REG_DEMO@DF_DENSITY(2.0),Densité de population - Régions,I,A,Annuelle,CTRY,Pays,DEU,Allemagne,_Z,N'est pas applicable,POP,Population,_T,Total,_T,Total,PS,Personnes,1992,,80274564,,DEU,Allemagne,A,Valeur normale,0,Units,0,Zero
DATAFLOW,OECD.CFE.EDS:DSD_REG_DEMO@DF_DENSITY(2.0),Densité de population - Régions,I,A,Annuelle,CTRY,Pays,DEU,Allemagne,_Z,N'est pas applicable,POP,Population,_T,Total,_T,Total,PS,Personnes,1993,,80974632,,DEU,Allemagne,A,Valeur normale,0,Units,0,Zero
DATAFLOW,OECD.CFE.EDS:DSD_REG_DEMO@DF_DENSITY(2.0),Densité de population - Régions,I,A,Annuelle,CTRY,Pays,DEU,Allemagne,_Z,N'est pas applicable,POP,Population,_T,Total,_T,Total,PS,Personnes,1991,,79753227,,DEU,Allemagne,A,Valeur normale,0,Units,0,Zero
DATAFLOW,OECD.CFE.EDS:DSD_REG_DEMO@DF_DENSITY(2.0),Densité de population - Régions,I,A,Annuelle,CTRY,Pays,DEU,Allemagne,_Z,N'est pas applicable,POP,Population,_T,Total,_T,Total,PS,Personnes,1995,,81538603,,DEU,Allemagne,A,Valeur normale,0,Units,0,Zero
DATAFLOW,OECD.CFE.EDS:DSD_REG_DEMO@DF_DENSITY(2.0),Densité de population - Régions,I,A,Annuelle,CTRY,Pays,DEU,Allemagne,_Z,N'est pas applicable,POP,Population,_T,Total,_T,Total,PS,Personnes,2018,,82792351,,DEU,Allemagne,A,Valeur normale,0,Units,0,Zero
DATAFLOW,OECD.CFE.EDS:DSD_REG_DEMO@DF_DENSITY(2.0),Densité de population - Régions,I,A,Annuelle,CTRY,Pays,DEU,Allemagne,_Z,N'est pas applicable,POP,Population,_T,Total,_T,Total,PS,Personnes,2019,,83019213,,DEU,Allemagne,A,Valeur normale,0,Units,0,Zero
DATAFLOW,OECD.CFE.EDS:DSD_REG_DEMO@DF_DENSITY(2.0),Densité de population - Régions,I,A,Annuelle,CTRY,Pays,DEU,Allemagne,_Z,N'est pas applicable,POP,Population,_T,Total,_T,Total,PS,Personnes,2008,,82217837,,DEU,Allemagne,A,Valeur normale,0,Units,0,Zero
DATAFLOW,OECD.CFE.EDS:DSD_REG_DEMO@DF_DENSITY(2.0),Densité de population - Régions,I,A,Annuelle,CTRY,Pays,DEU,Allemagne,_Z,N'est pas applicable,POP,Population,_T,Total,_T,Total,PS,Personnes,1999,,82037011,,DEU,Allemagne,A,Valeur normale,0,Units,0,Zero
DATAFLOW,OECD.CFE.EDS:DSD_REG_DEMO@DF_DENSITY(2.0),Densité de population - Régions,I,A,Annuelle,CTRY,Pays,DEU,Allemagne,_Z,N'est pas applicable,POP,Population,_T,Total,_T,Total,PS,Personnes,2000,,82163475,,DEU,Allemagne,A,Valeur normale,0,Units,0,Zero
DATAFLOW,OECD.CFE.EDS:DSD_REG_DEMO@DF_DENSITY(2.0),Densité de population - Régions,I,A,Annuelle,CTRY,Pays,DEU,Allemagne,_Z,N'est pas applicable,POP,Population,_T,Total,_T,Total,PS,Personnes,2012,,80327900,,DEU,Allemagne,A,Valeur normale,0,Units,0,Zero
DATAFLOW,OECD.CFE.EDS:DSD_REG_DEMO@DF_DENSITY(2.0),Densité de population - Régions,I,A,Annuelle,CTRY,Pays,DEU,Allemagne,_Z,N'est pas applicable,POP,Population,_T,Total,_T,Total,PS,Personnes,2013,,80523746,,DEU,Allemagne,A,Valeur normale,0,Units,0,Zero
DATAFLOW,OECD.CFE.EDS:DSD_REG_DEMO@DF_DENSITY(2.0),Densité de population - Régions,I,A,Annuelle,CTRY,Pays,DEU,Allemagne,_Z,N'est pas applicable,POP,Population,_T,Total,_T,Total,PS,Personnes,1990,,79112831,,DEU,Allemagne,A,Valeur normale,0,Units,0,Zero
DATAFLOW,OECD.CFE.EDS:DSD_REG_DEMO@DF_DENSITY(2.0),Densité de population - Régions,I,A,Annuelle,CTRY,Pays,DEU,Allemagne,_Z,N'est pas applicable,POP,Population,_T,Total,_T,Total,PS,Personnes,2006,,82437995,,DEU,Allemagne,A,Valeur normale,0,Units,0,Zero
DATAFLOW,OECD.CFE.EDS:DSD_REG_DEMO@DF_DENSITY(2.0),Densité de population - Régions,I,A,Annuelle,CTRY,Pays,DEU,Allemagne,_Z,N'est pas applicable,POP,Population,_T,Total,_T,Total,PS,Personnes,2007,,82314906,,DEU,Allemagne,A,Valeur normale,0,Units,0,Zero
DATAFLOW,OECD.CFE.EDS:DSD_REG_DEMO@DF_DENSITY(2.0),Densité de population - Régions,I,A,Annuelle,CTRY,Pays,DEU,Allemagne,_Z,N'est pas applicable,POP,Population,_T,Total,_T,Total,PS,Personnes,1998,,82057379,,DEU,Allemagne,A,Valeur normale,0,Units,0,Zero
DATAFLOW,OECD.CFE.EDS:DSD_REG_DEMO@DF_DENSITY(2.0),Densité de population - Régions,I,A,Annuelle,CTRY,Pays,DEU,Allemagne,_Z,N'est pas applicable,POP,Population,_T,Total,_T,Total,PS,Personnes,2001,,82259540,,DEU,Allemagne,A,Valeur normale,0,Units,0,Zero
DATAFLOW,OECD.CFE.EDS:DSD_REG_DEMO@DF_DENSITY(2.0),Densité de population - Régions,I,A,Annuelle,CTRY,Pays,DEU,Allemagne,_Z,N'est pas applicable,POP,Population,_T,Total,_T,Total,PS,Personnes,2002,,82440309,,DEU,Allemagne,A,Valeur normale,0,Units,0,Zero
DATAFLOW,OECD.CFE.EDS:DSD_REG_DEMO@DF_DENSITY(2.0),Densité de population - Régions,I,A,Annuelle,CTRY,Pays,DEU,Allemagne,_Z,N'est pas applicable,POP,Population,_T,Total,_T,Total,PS_KM2,Personnes par kilomètre carré,2006,,233.34,,DEU,Allemagne,A,Valeur normale,0,Units,2,Two
DATAFLOW,OECD.CFE.EDS:DSD_REG_DEMO@DF_DENSITY(2.0),Densité de population - Régions,I,A,Annuelle,CTRY,Pays,DEU,Allemagne,_Z,N'est pas applicable,POP,Population,_T,Total,_T,Total,PS_KM2,Personnes par kilomètre carré,2007,,232.99,,DEU,Allemagne,A,Valeur normale,0,Units,2,Two
DATAFLOW,OECD.CFE.EDS:DSD_REG_DEMO@DF_DENSITY(2.0),Densité de population - Régions,I,A,Annuelle,CTRY,Pays,DEU,Allemagne,_Z,N'est pas applicable,POP,Population,_T,Total,_T,Total,PS_KM2,Personnes par kilomètre carré,2009,,232.11,,DEU,Allemagne,A,Valeur normale,0,Units,2,Two
DATAFLOW,OECD.CFE.EDS:DSD_REG_DEMO@DF_DENSITY(2.0),Densité de population - Régions,I,A,Annuelle,CTRY,Pays,DEU,Allemagne,_Z,N'est pas applicable,POP,Population,_T,Total,_T,Total,PS_KM2,Personnes par kilomètre carré,2001,,232.83,,DEU,Allemagne,A,Valeur normale,0,Units,2,Two
DATAFLOW,OECD.CFE.EDS:DSD_REG_DEMO@DF_DENSITY(2.0),Densité de population - Régions,I,A,Annuelle,CTRY,Pays,DEU,Allemagne,_Z,N'est pas applicable,POP,Population,_T,Total,_T,Total,PS_KM2,Personnes par kilomètre carré,2002,,233.35,,DEU,Allemagne,A,Valeur normale,0,Units,2,Two
DATAFLOW,OECD.CFE.EDS:DSD_REG_DEMO@DF_DENSITY(2.0),Densité de population - Régions,I,A,Annuelle,CTRY,Pays,DEU,Allemagne,_Z,N'est pas applicable,POP,Population,_T,Total,_T,Total,PS_KM2,Personnes par kilomètre carré,1996,,231.58,,DEU,Allemagne,A,Valeur normale,0,Units,2,Two
DATAFLOW,OECD.CFE.EDS:DSD_REG_DEMO@DF_DENSITY(2.0),Densité de population - Régions,I,A,Annuelle,CTRY,Pays,DEU,Allemagne,_Z,N'est pas applicable,POP,Population,_T,Total,_T,Total,PS_KM2,Personnes par kilomètre carré,1997,,232.13,,DEU,Allemagne,A,Valeur normale,0,Units,2,Two
DATAFLOW,OECD.CFE.EDS:DSD_REG_DEMO@DF_DENSITY(2.0),Densité de population - Régions,I,A,Annuelle,CTRY,Pays,DEU,Allemagne,_Z,N'est pas applicable,POP,Population,_T,Total,_T,Total,PS_KM2,Personnes par kilomètre carré,2000,,232.56,,DEU,Allemagne,A,Valeur normale,0,Units,2,Two
DATAFLOW,OECD.CFE.EDS:DSD_REG_DEMO@DF_DENSITY(2.0),Densité de population - Régions,I,A,Annuelle,CTRY,Pays,DEU,Allemagne,_Z,N'est pas applicable,POP,Population,_T,Total,_T,Total,PS_KM2,Personnes par kilomètre carré,1991,,225.74,,DEU,Allemagne,A,Valeur normale,0,Units,2,Two
DATAFLOW,OECD.CFE.EDS:DSD_REG_DEMO@DF_DENSITY(2.0),Densité de population - Régions,I,A,Annuelle,CTRY,Pays,DEU,Allemagne,_Z,N'est pas applicable,POP,Population,_T,Total,_T,Total,PS_KM2,Personnes par kilomètre carré,2004,,233.6,,DEU,Allemagne,A,Valeur normale,0,Units,2,Two
DATAFLOW,OECD.CFE.EDS:DSD_REG_DEMO@DF_DENSITY(2.0),Densité de population - Régions,I,A,Annuelle,CTRY,Pays,DEU,Allemagne,_Z,N'est pas applicable,POP,Population,_T,Total,_T,Total,PS_KM2,Personnes par kilomètre carré,1995,,230.79,,DEU,Allemagne,A,Valeur normale,0,Units,2,Two
DATAFLOW,OECD.CFE.EDS:DSD_REG_DEMO@DF_DENSITY(2.0),Densité de population - Régions,I,A,Annuelle,CTRY,Pays,DEU,Allemagne,_Z,N'est pas applicable,POP,Population,_T,Total,_T,Total,PS_KM2,Personnes par kilomètre carré,1993,,229.2,,DEU,Allemagne,A,Valeur normale,0,Units,2,Two
DATAFLOW,OECD.CFE.EDS:DSD_REG_DEMO@DF_DENSITY(2.0),Densité de population - Régions,I,A,Annuelle,CTRY,Pays,DEU,Allemagne,_Z,N'est pas applicable,POP,Population,_T,Total,_T,Total,PS_KM2,Personnes par kilomètre carré,1994,,230.23,,DEU,Allemagne,A,Valeur normale,0,Units,2,Two
DATAFLOW,OECD.CFE.EDS:DSD_REG_DEMO@DF_DENSITY(2.0),Densité de population - Régions,I,A,Annuelle,CTRY,Pays,DEU,Allemagne,_Z,N'est pas applicable,POP,Population,_T,Total,_T,Total,PS_KM2,Personnes par kilomètre carré,1999,,232.2,,DEU,Allemagne,A,Valeur normale,0,Units,2,Two
DATAFLOW,OECD.CFE.EDS:DSD_REG_DEMO@DF_DENSITY(2.0),Densité de population - Régions,I,A,Annuelle,CTRY,Pays,DEU,Allemagne,_Z,N'est pas applicable,POP,Population,_T,Total,_T,Total,PS_KM2,Personnes par kilomètre carré,1990,,223.93,,DEU,Allemagne,A,Valeur normale,0,Units,2,Two
DATAFLOW,OECD.CFE.EDS:DSD_REG_DEMO@DF_DENSITY(2.0),Densité de population - Régions,I,A,Annuelle,CTRY,Pays,DEU,Allemagne,_Z,N'est pas applicable,POP,Population,_T,Total,_T,Total,PS_KM2,Personnes par kilomètre carré,1998,,232.26,,DEU,Allemagne,A,Valeur normale,0,Units,2,Two
DATAFLOW,OECD.CFE.EDS:DSD_REG_DEMO@DF_DENSITY(2.0),Densité de population - Régions,I,A,Annuelle,CTRY,Pays,DEU,Allemagne,_Z,N'est pas applicable,POP,Population,_T,Total,_T,Total,PS_KM2,Personnes par kilomètre carré,1992,,227.22,,DEU,Allemagne,A,Valeur normale,0,Units,2,Two
DATAFLOW,OECD.CFE.EDS:DSD_REG_DEMO@DF_DENSITY(2.0),Densité de population - Régions,I,A,Annuelle,CTRY,Pays,DEU,Allemagne,_Z,N'est pas applicable,POP,Population,_T,Total,_T,Total,PS,Personnes,2011,,80222065,,DEU,Allemagne,B,Rupture de série,0,Units,0,Zero
DATAFLOW,OECD.CFE.EDS:DSD_REG_DEMO@DF_DENSITY(2.0),Densité de population - Régions,I,A,Annuelle,CTRY,Pays,DEU,Allemagne,_Z,N'est pas applicable,POP,Population,_T,Total,_T,Total,PS,Personnes,2023,,83118501,,DEU,Allemagne,B,Rupture de série,0,Units,0,Zero
DATAFLOW,OECD.CFE.EDS:DSD_REG_DEMO@DF_DENSITY(2.0),Densité de population - Régions,I,A,Annuelle,CTRY,Pays,DEU,Allemagne,_Z,N'est pas applicable,POP,Population,_T,Total,_T,Total,PS,Personnes,2022,,83237124,,DEU,Allemagne,A,Valeur normale,0,Units,0,Zero
DATAFLOW,OECD.CFE.EDS:DSD_REG_DEMO@DF_DENSITY(2.0),Densité de population - Régions,I,A,Annuelle,CTRY,Pays,DEU,Allemagne,_Z,N'est pas applicable,POP,Population,_T,Total,_T,Total,PS,Personnes,2010,,81802257,,DEU,Allemagne,A,Valeur normale,0,Units,0,Zero
DATAFLOW,OECD.CFE.EDS:DSD_REG_DEMO@DF_DENSITY(2.0),Densité de population - Régions,I,A,Annuelle,CTRY,Pays,DEU,Allemagne,_Z,N'est pas applicable,POP,Population,_T,Total,_T,Total,PS,Personnes,2016,,82175684,,DEU,Allemagne,A,Valeur normale,0,Units,0,Zero
DATAFLOW,OECD.CFE.EDS:DSD_REG_DEMO@DF_DENSITY(2.0),Densité de population - Régions,I,A,Annuelle,CTRY,Pays,DEU,Allemagne,_Z,N'est pas applicable,POP,Population,_T,Total,_T,Total,PS,Personnes,2017,,82521653,,DEU,Allemagne,A,Valeur normale,0,Units,0,Zero
DATAFLOW,OECD.CFE.EDS:DSD_REG_DEMO@DF_DENSITY(2.0),Densité de population - Régions,I,A,Annuelle,CTRY,Pays,DEU,Allemagne,_Z,N'est pas applicable,POP,Population,_T,Total,_T,Total,PS,Personnes,2004,,82531671,,DEU,Allemagne,A,Valeur normale,0,Units,0,Zero
DATAFLOW,OECD.CFE.EDS:DSD_REG_DEMO@DF_DENSITY(2.0),Densité de population - Régions,I,A,Annuelle,CTRY,Pays,DEU,Allemagne,_Z,N'est pas applicable,POP,Population,_T,Total,_T,Total,PS,Personnes,2005,,82500849,,DEU,Allemagne,A,Valeur normale,0,Units,0,Zero
DATAFLOW,OECD.CFE.EDS:DSD_REG_DEMO@DF_DENSITY(2.0),Densité de population - Régions,I,A,Annuelle,CTRY,Pays,DEU,Allemagne,_Z,N'est pas applicable,POP,Population,_T,Total,_T,Total,PS,Personnes,2021,,83155031,,DEU,Allemagne,A,Valeur normale,0,Units,0,Zero
DATAFLOW,OECD.CFE.EDS:DSD_REG_DEMO@DF_DENSITY(2.0),Densité de population - Régions,I,A,Annuelle,CTRY,Pays,DEU,Allemagne,_Z,N'est pas applicable,POP,Population,_T,Total,_T,Total,PS,Personnes,2020,,83166711,,DEU,Allemagne,A,Valeur normale,0,Units,0,Zero
DATAFLOW,OECD.CFE.EDS:DSD_REG_DEMO@DF_DENSITY(2.0),Densité de population - Régions,I,A,Annuelle,CTRY,Pays,DEU,Allemagne,_Z,N'est pas applicable,POP,Population,_T,Total,_T,Total,PS,Personnes,2009,,82002356,,DEU,Allemagne,A,Valeur normale,0,Units,0,Zero
DATAFLOW,OECD.CFE.EDS:DSD_REG_DEMO@DF_DENSITY(2.0),Densité de population - Régions,I,A,Annuelle,CTRY,Pays,DEU,Allemagne,_Z,N'est pas applicable,POP,Population,_T,Total,_T,Total,PS,Personnes,2014,,80767463,,DEU,Allemagne,A,Valeur normale,0,Units,0,Zero
DATAFLOW,OECD.CFE.EDS:DSD_REG_DEMO@DF_DENSITY(2.0),Densité de population - Régions,I,A,Annuelle,CTRY,Pays,DEU,Allemagne,_Z,N'est pas applicable,POP,Population,_T,Total,_T,Total,PS,Personnes,2015,,81197537,,DEU,Allemagne,A,Valeur normale,0,Units,0,Zero
DATAFLOW,OECD.CFE.EDS:DSD_REG_DEMO@DF_DENSITY(2.0),Densité de population - Régions,I,A,Annuelle,CTRY,Pays,DEU,Allemagne,_Z,N'est pas applicable,POP,Population,_T,Total,_T,Total,PS,Personnes,1994,,81338093,,DEU,Allemagne,A,Valeur normale,0,Units,0,Zero
DATAFLOW,OECD.CFE.EDS:DSD_REG_DEMO@DF_DENSITY(2.0),Densité de population - Régions,I,A,Annuelle,CTRY,Pays,DEU,Allemagne,_Z,N'est pas applicable,POP,Population,_T,Total,_T,Total,PS_KM2,Personnes par kilomètre carré,2014,,228.61,,DEU,Allemagne,A,Valeur normale,0,Units,2,Two
DATAFLOW,OECD.CFE.EDS:DSD_REG_DEMO@DF_DENSITY(2.0),Densité de population - Régions,I,A,Annuelle,CTRY,Pays,DEU,Allemagne,_Z,N'est pas applicable,POP,Population,_T,Total,_T,Total,PS_KM2,Personnes par kilomètre carré,2011,,227.07,,DEU,Allemagne,B,Rupture de série,0,Units,2,Two
DATAFLOW,OECD.CFE.EDS:DSD_REG_DEMO@DF_DENSITY(2.0),Densité de population - Régions,I,A,Annuelle,CTRY,Pays,DEU,Allemagne,_Z,N'est pas applicable,POP,Population,_T,Total,_T,Total,PS_KM2,Personnes par kilomètre carré,2023,,235.27,,DEU,Allemagne,B,Rupture de série,0,Units,2,Two
DATAFLOW,OECD.CFE.EDS:DSD_REG_DEMO@DF_DENSITY(2.0),Densité de population - Régions,I,A,Annuelle,CTRY,Pays,DEU,Allemagne,_Z,N'est pas applicable,POP,Population,_T,Total,_T,Total,PS_KM2,Personnes par kilomètre carré,2019,,234.98,,DEU,Allemagne,A,Valeur normale,0,Units,2,Two
DATAFLOW,OECD.CFE.EDS:DSD_REG_DEMO@DF_DENSITY(2.0),Densité de population - Régions,I,A,Annuelle,CTRY,Pays,DEU,Allemagne,_Z,N'est pas applicable,POP,Population,_T,Total,_T,Total,PS_KM2,Personnes par kilomètre carré,2020,,235.4,,DEU,Allemagne,A,Valeur normale,0,Units,2,Two
DATAFLOW,OECD.CFE.EDS:DSD_REG_DEMO@DF_DENSITY(2.0),Densité de population - Régions,I,A,Annuelle,CTRY,Pays,DEU,Allemagne,_Z,N'est pas applicable,POP,Population,_T,Total,_T,Total,PS_KM2,Personnes par kilomètre carré,2021,,235.37,,DEU,Allemagne,A,Valeur normale,0,Units,2,Two
DATAFLOW,OECD.CFE.EDS:DSD_REG_DEMO@DF_DENSITY(2.0),Densité de population - Régions,I,A,Annuelle,CTRY,Pays,DEU,Allemagne,_Z,N'est pas applicable,POP,Population,_T,Total,_T,Total,PS_KM2,Personnes par kilomètre carré,2022,,235.6,,DEU,Allemagne,A,Valeur normale,0,Units,2,Two
DATAFLOW,OECD.CFE.EDS:DSD_REG_DEMO@DF_DENSITY(2.0),Densité de population - Régions,I,A,Annuelle,CTRY,Pays,DEU,Allemagne,_Z,N'est pas applicable,POP,Population,_T,Total,_T,Total,PS_KM2,Personnes par kilomètre carré,2013,,227.92,,DEU,Allemagne,A,Valeur normale,0,Units,2,Two
DATAFLOW,OECD.CFE.EDS:DSD_REG_DEMO@DF_DENSITY(2.0),Densité de population - Régions,I,A,Annuelle,CTRY,Pays,DEU,Allemagne,_Z,N'est pas applicable,POP,Population,_T,Total,_T,Total,PS_KM2,Personnes par kilomètre carré,2015,,229.83,,DEU,Allemagne,A,Valeur normale,0,Units,2,Two
DATAFLOW,OECD.CFE.EDS:DSD_REG_DEMO@DF_DENSITY(2.0),Densité de population - Régions,I,A,Annuelle,CTRY,Pays,DEU,Allemagne,_Z,N'est pas applicable,POP,Population,_T,Total,_T,Total,PS_KM2,Personnes par kilomètre carré,2016,,232.6,,DEU,Allemagne,A,Valeur normale,0,Units,2,Two
DATAFLOW,OECD.CFE.EDS:DSD_REG_DEMO@DF_DENSITY(2.0),Densité de population - Régions,I,A,Annuelle,CTRY,Pays,DEU,Allemagne,_Z,N'est pas applicable,POP,Population,_T,Total,_T,Total,PS_KM2,Personnes par kilomètre carré,2017,,233.58,,DEU,Allemagne,A,Valeur normale,0,Units,2,Two
DATAFLOW,OECD.CFE.EDS:DSD_REG_DEMO@DF_DENSITY(2.0),Densité de population - Régions,I,A,Annuelle,CTRY,Pays,DEU,Allemagne,_Z,N'est pas applicable,POP,Population,_T,Total,_T,Total,PS_KM2,Personnes par kilomètre carré,2018,,234.34,,DEU,Allemagne,A,Valeur normale,0,Units,2,Two
DATAFLOW,OECD.CFE.EDS:DSD_REG_DEMO@DF_DENSITY(2.0),Densité de population - Régions,I,A,Annuelle,CTRY,Pays,DEU,Allemagne,_Z,N'est pas applicable,POP,Population,_T,Total,_T,Total,PS_KM2,Personnes par kilomètre carré,2008,,232.72,,DEU,Allemagne,A,Valeur normale,0,Units,2,Two
DATAFLOW,OECD.CFE.EDS:DSD_REG_DEMO@DF_DENSITY(2.0),Densité de population - Régions,I,A,Annuelle,CTRY,Pays,DEU,Allemagne,_Z,N'est pas applicable,POP,Population,_T,Total,_T,Total,PS_KM2,Personnes par kilomètre carré,2010,,231.54,,DEU,Allemagne,A,Valeur normale,0,Units,2,Two
DATAFLOW,OECD.CFE.EDS:DSD_REG_DEMO@DF_DENSITY(2.0),Densité de population - Régions,I,A,Annuelle,CTRY,Pays,GRC,Grèce,_Z,N'est pas applicable,POP,Population,_T,Total,_T,Total,PS_KM2,Personnes par kilomètre carré,2006,,84.62,,GRC,Grèce,A,Valeur normale,0,Units,2,Two
DATAFLOW,OECD.CFE.EDS:DSD_REG_DEMO@DF_DENSITY(2.0),Densité de population - Régions,I,A,Annuelle,CTRY,Pays,GRC,Grèce,_Z,N'est pas applicable,POP,Population,_T,Total,_T,Total,PS_KM2,Personnes par kilomètre carré,2007,,84.86,,GRC,Grèce,A,Valeur normale,0,Units,2,Two
DATAFLOW,OECD.CFE.EDS:DSD_REG_DEMO@DF_DENSITY(2.0),Densité de population - Régions,I,A,Annuelle,CTRY,Pays,GRC,Grèce,_Z,N'est pas applicable,POP,Population,_T,Total,_T,Total,PS,Personnes,1996,,10588332,,GRC,Grèce,A,Valeur normale,0,Units,0,Zero
DATAFLOW,OECD.CFE.EDS:DSD_REG_DEMO@DF_DENSITY(2.0),Densité de population - Régions,I,A,Annuelle,CTRY,Pays,GRC,Grèce,_Z,N'est pas applicable,POP,Population,_T,Total,_T,Total,PS,Personnes,1997,,10629267,,GRC,Grèce,A,Valeur normale,0,Units,0,Zero
DATAFLOW,OECD.CFE.EDS:DSD_REG_DEMO@DF_DENSITY(2.0),Densité de population - Régions,I,A,Annuelle,CTRY,Pays,GRC,Grèce,_Z,N'est pas applicable,POP,Population,_T,Total,_T,Total,PS,Personnes,1998,,10693250,,GRC,Grèce,A,Valeur normale,0,Units,0,Zero
DATAFLOW,OECD.CFE.EDS:DSD_REG_DEMO@DF_DENSITY(2.0),Densité de population - Régions,I,A,Annuelle,CTRY,Pays,GRC,Grèce,_Z,N'est pas applicable,POP,Population,_T,Total,_T,Total,PS,Personnes,1993,,10430958,,GRC,Grèce,A,Valeur normale,0,Units,0,Zero
DATAFLOW,OECD.CFE.EDS:DSD_REG_DEMO@DF_DENSITY(2.0),Densité de population - Régions,I,A,Annuelle,CTRY,Pays,GRC,Grèce,_Z,N'est pas applicable,POP,Population,_T,Total,_T,Total,PS,Personnes,1994,,10489871,,GRC,Grèce,A,Valeur normale,0,Units,0,Zero
DATAFLOW,OECD.CFE.EDS:DSD_REG_DEMO@DF_DENSITY(2.0),Densité de population - Régions,I,A,Annuelle,CTRY,Pays,GRC,Grèce,_Z,N'est pas applicable,POP,Population,_T,Total,_T,Total,PS,Personnes,1991,,10272691,,GRC,Grèce,A,Valeur normale,0,Units,0,Zero
DATAFLOW,OECD.CFE.EDS:DSD_REG_DEMO@DF_DENSITY(2.0),Densité de population - Régions,I,A,Annuelle,CTRY,Pays,GRC,Grèce,_Z,N'est pas applicable,POP,Population,_T,Total,_T,Total,PS,Personnes,2014,,10926807,,GRC,Grèce,A,Valeur normale,0,Units,0,Zero
DATAFLOW,OECD.CFE.EDS:DSD_REG_DEMO@DF_DENSITY(2.0),Densité de population - Régions,I,A,Annuelle,CTRY,Pays,GRC,Grèce,_Z,N'est pas applicable,POP,Population,_T,Total,_T,Total,PS,Personnes,2019,,10724599,,GRC,Grèce,A,Valeur normale,0,Units,0,Zero
DATAFLOW,OECD.CFE.EDS:DSD_REG_DEMO@DF_DENSITY(2.0),Densité de population - Régions,I,A,Annuelle,CTRY,Pays,GRC,Grèce,_Z,N'est pas applicable,POP,Population,_T,Total,_T,Total,PS,Personnes,2020,,10718565,,GRC,Grèce,A,Valeur normale,0,Units,0,Zero
DATAFLOW,OECD.CFE.EDS:DSD_REG_DEMO@DF_DENSITY(2.0),Densité de population - Régions,I,A,Annuelle,CTRY,Pays,GRC,Grèce,_Z,N'est pas applicable,POP,Population,_T,Total,_T,Total,PS,Personnes,1992,,10367163,,GRC,Grèce,A,Valeur normale,0,Units,0,Zero
DATAFLOW,OECD.CFE.EDS:DSD_REG_DEMO@DF_DENSITY(2.0),Densité de population - Régions,I,A,Annuelle,CTRY,Pays,GRC,Grèce,_Z,N'est pas applicable,POP,Population,_T,Total,_T,Total,PS,Personnes,2011,,11123392,,GRC,Grèce,A,Valeur normale,0,Units,0,Zero
DATAFLOW,OECD.CFE.EDS:DSD_REG_DEMO@DF_DENSITY(2.0),Densité de population - Régions,I,A,Annuelle,CTRY,Pays,GRC,Grèce,_Z,N'est pas applicable,POP,Population,_T,Total,_T,Total,PS,Personnes,2012,,11086406,,GRC,Grèce,A,Valeur normale,0,Units,0,Zero
DATAFLOW,OECD.CFE.EDS:DSD_REG_DEMO@DF_DENSITY(2.0),Densité de population - Régions,I,A,Annuelle,CTRY,Pays,GRC,Grèce,_Z,N'est pas applicable,POP,Population,_T,Total,_T,Total,PS,Personnes,2003,,10915770,,GRC,Grèce,A,Valeur normale,0,Units,0,Zero
DATAFLOW,OECD.CFE.EDS:DSD_REG_DEMO@DF_DENSITY(2.0),Densité de population - Régions,I,A,Annuelle,CTRY,Pays,GRC,Grèce,_Z,N'est pas applicable,POP,Population,_T,Total,_T,Total,PS,Personnes,2004,,10940369,,GRC,Grèce,A,Valeur normale,0,Units,0,Zero
DATAFLOW,OECD.CFE.EDS:DSD_REG_DEMO@DF_DENSITY(2.0),Densité de population - Régions,I,A,Annuelle,CTRY,Pays,GRC,Grèce,_Z,N'est pas applicable,POP,Population,_T,Total,_T,Total,PS,Personnes,2007,,11036008,,GRC,Grèce,A,Valeur normale,0,Units,0,Zero
DATAFLOW,OECD.CFE.EDS:DSD_REG_DEMO@DF_DENSITY(2.0),Densité de population - Régions,I,A,Annuelle,CTRY,Pays,GRC,Grèce,_Z,N'est pas applicable,POP,Population,_T,Total,_T,Total,PS,Personnes,2008,,11060937,,GRC,Grèce,A,Valeur normale,0,Units,0,Zero
DATAFLOW,OECD.CFE.EDS:DSD_REG_DEMO@DF_DENSITY(2.0),Densité de population - Régions,I,A,Annuelle,CTRY,Pays,GRC,Grèce,_Z,N'est pas applicable,POP,Population,_T,Total,_T,Total,PS,Personnes,2001,,10835989,,GRC,Grèce,A,Valeur normale,0,Units,0,Zero
DATAFLOW,OECD.CFE.EDS:DSD_REG_DEMO@DF_DENSITY(2.0),Densité de population - Régions,I,A,Annuelle,CTRY,Pays,GRC,Grèce,_Z,N'est pas applicable,POP,Population,_T,Total,_T,Total,PS,Personnes,2002,,10888274,,GRC,Grèce,A,Valeur normale,0,Units,0,Zero
DATAFLOW,OECD.CFE.EDS:DSD_REG_DEMO@DF_DENSITY(2.0),Densité de population - Régions,I,A,Annuelle,CTRY,Pays,GRC,Grèce,_Z,N'est pas applicable,POP,Population,_T,Total,_T,Total,PS,Personnes,1990,,10120892,,GRC,Grèce,A,Valeur normale,0,Units,0,Zero
DATAFLOW,OECD.CFE.EDS:DSD_REG_DEMO@DF_DENSITY(2.0),Densité de population - Régions,I,A,Annuelle,CTRY,Pays,GRC,Grèce,_Z,N'est pas applicable,POP,Population,_T,Total,_T,Total,PS,Personnes,1995,,10535973,,GRC,Grèce,A,Valeur normale,0,Units,0,Zero
DATAFLOW,OECD.CFE.EDS:DSD_REG_DEMO@DF_DENSITY(2.0),Densité de population - Régions,I,A,Annuelle,CTRY,Pays,GRC,Grèce,_Z,N'est pas applicable,POP,Population,_T,Total,_T,Total,PS_KM2,Personnes par kilomètre carré,2000,,82.86,,GRC,Grèce,A,Valeur normale,0,Units,2,Two
DATAFLOW,OECD.CFE.EDS:DSD_REG_DEMO@DF_DENSITY(2.0),Densité de population - Régions,I,A,Annuelle,CTRY,Pays,GRC,Grèce,_Z,N'est pas applicable,POP,Population,_T,Total,_T,Total,PS_KM2,Personnes par kilomètre carré,2001,,83.32,,GRC,Grèce,A,Valeur normale,0,Units,2,Two
DATAFLOW,OECD.CFE.EDS:DSD_REG_DEMO@DF_DENSITY(2.0),Densité de population - Régions,I,A,Annuelle,CTRY,Pays,GRC,Grèce,_Z,N'est pas applicable,POP,Population,_T,Total,_T,Total,PS_KM2,Personnes par kilomètre carré,2002,,83.73,,GRC,Grèce,A,Valeur normale,0,Units,2,Two
DATAFLOW,OECD.CFE.EDS:DSD_REG_DEMO@DF_DENSITY(2.0),Densité de population - Régions,I,A,Annuelle,CTRY,Pays,GRC,Grèce,_Z,N'est pas applicable,POP,Population,_T,Total,_T,Total,PS_KM2,Personnes par kilomètre carré,2004,,84.13,,GRC,Grèce,A,Valeur normale,0,Units,2,Two
DATAFLOW,OECD.CFE.EDS:DSD_REG_DEMO@DF_DENSITY(2.0),Densité de population - Régions,I,A,Annuelle,CTRY,Pays,GRC,Grèce,_Z,N'est pas applicable,POP,Population,_T,Total,_T,Total,PS_KM2,Personnes par kilomètre carré,2005,,84.35,,GRC,Grèce,A,Valeur normale,0,Units,2,Two
DATAFLOW,OECD.CFE.EDS:DSD_REG_DEMO@DF_DENSITY(2.0),Densité de population - Régions,I,A,Annuelle,CTRY,Pays,GRC,Grèce,_Z,N'est pas applicable,POP,Population,_T,Total,_T,Total,PS_KM2,Personnes par kilomètre carré,1996,,81.42,,GRC,Grèce,A,Valeur normale,0,Units,2,Two
DATAFLOW,OECD.CFE.EDS:DSD_REG_DEMO@DF_DENSITY(2.0),Densité de population - Régions,I,A,Annuelle,CTRY,Pays,GRC,Grèce,_Z,N'est pas applicable,POP,Population,_T,Total,_T,Total,PS_KM2,Personnes par kilomètre carré,1997,,81.73,,GRC,Grèce,A,Valeur normale,0,Units,2,Two
DATAFLOW,OECD.CFE.EDS:DSD_REG_DEMO@DF_DENSITY(2.0),Densité de population - Régions,I,A,Annuelle,CTRY,Pays,GRC,Grèce,_Z,N'est pas applicable,POP,Population,_T,Total,_T,Total,PS_KM2,Personnes par kilomètre carré,2009,,85.31,,GRC,Grèce,A,Valeur normale,0,Units,2,Two
DATAFLOW,OECD.CFE.EDS:DSD_REG_DEMO@DF_DENSITY(2.0),Densité de population - Régions,I,A,Annuelle,CTRY,Pays,GRC,Grèce,_Z,N'est pas applicable,POP,Population,_T,Total,_T,Total,PS_KM2,Personnes par kilomètre carré,1990,,77.82,,GRC,Grèce,A,Valeur normale,0,Units,2,Two
DATAFLOW,OECD.CFE.EDS:DSD_REG_DEMO@DF_DENSITY(2.0),Densité de population - Régions,I,A,Annuelle,CTRY,Pays,GRC,Grèce,_Z,N'est pas applicable,POP,Population,_T,Total,_T,Total,PS_KM2,Personnes par kilomètre carré,1991,,78.99,,GRC,Grèce,A,Valeur normale,0,Units,2,Two
DATAFLOW,OECD.CFE.EDS:DSD_REG_DEMO@DF_DENSITY(2.0),Densité de population - Régions,I,A,Annuelle,CTRY,Pays,GRC,Grèce,_Z,N'est pas applicable,POP,Population,_T,Total,_T,Total,PS_KM2,Personnes par kilomètre carré,2003,,83.94,,GRC,Grèce,A,Valeur normale,0,Units,2,Two
DATAFLOW,OECD.CFE.EDS:DSD_REG_DEMO@DF_DENSITY(2.0),Densité de population - Régions,I,A,Annuelle,CTRY,Pays,GRC,Grèce,_Z,N'est pas applicable,POP,Population,_T,Total,_T,Total,PS_KM2,Personnes par kilomètre carré,1994,,80.66,,GRC,Grèce,A,Valeur normale,0,Units,2,Two
DATAFLOW,OECD.CFE.EDS:DSD_REG_DEMO@DF_DENSITY(2.0),Densité de population - Régions,I,A,Annuelle,CTRY,Pays,GRC,Grèce,_Z,N'est pas applicable,POP,Population,_T,Total,_T,Total,PS_KM2,Personnes par kilomètre carré,1995,,81.02,,GRC,Grèce,A,Valeur normale,0,Units,2,Two
DATAFLOW,OECD.CFE.EDS:DSD_REG_DEMO@DF_DENSITY(2.0),Densité de population - Régions,I,A,Annuelle,CTRY,Pays,GRC,Grèce,_Z,N'est pas applicable,POP,Population,_T,Total,_T,Total,PS_KM2,Personnes par kilomètre carré,1998,,82.23,,GRC,Grèce,A,Valeur normale,0,Units,2,Two
DATAFLOW,OECD.CFE.EDS:DSD_REG_DEMO@DF_DENSITY(2.0),Densité de population - Régions,I,A,Annuelle,CTRY,Pays,GRC,Grèce,_Z,N'est pas applicable,POP,Population,_T,Total,_T,Total,PS_KM2,Personnes par kilomètre carré,1999,,82.64,,GRC,Grèce,A,Valeur normale,0,Units,2,Two
DATAFLOW,OECD.CFE.EDS:DSD_REG_DEMO@DF_DENSITY(2.0),Densité de population - Régions,I,A,Annuelle,CTRY,Pays,GRC,Grèce,_Z,N'est pas applicable,POP,Population,_T,Total,_T,Total,PS_KM2,Personnes par kilomètre carré,1992,,79.72,,GRC,Grèce,A,Valeur normale,0,Units,2,Two
DATAFLOW,OECD.CFE.EDS:DSD_REG_DEMO@DF_DENSITY(2.0),Densité de population - Régions,I,A,Annuelle,CTRY,Pays,GRC,Grèce,_Z,N'est pas applicable,POP,Population,_T,Total,_T,Total,PS_KM2,Personnes par kilomètre carré,1993,,80.21,,GRC,Grèce,A,Valeur normale,0,Units,2,Two
DATAFLOW,OECD.CFE.EDS:DSD_REG_DEMO@DF_DENSITY(2.0),Densité de population - Régions,I,A,Annuelle,CTRY,Pays,GRC,Grèce,_Z,N'est pas applicable,POP,Population,_T,Total,_T,Total,PS,Personnes,2022,,10459782,,GRC,Grèce,B,Rupture de série,0,Units,0,Zero
DATAFLOW,OECD.CFE.EDS:DSD_REG_DEMO@DF_DENSITY(2.0),Densité de population - Régions,I,A,Annuelle,CTRY,Pays,GRC,Grèce,_Z,N'est pas applicable,POP,Population,_T,Total,_T,Total,PS,Personnes,2023,,10413982,,GRC,Grèce,A,Valeur normale,0,Units,0,Zero
DATAFLOW,OECD.CFE.EDS:DSD_REG_DEMO@DF_DENSITY(2.0),Densité de population - Régions,I,A,Annuelle,CTRY,Pays,GRC,Grèce,_Z,N'est pas applicable,POP,Population,_T,Total,_T,Total,PS,Personnes,2015,,10858018,,GRC,Grèce,A,Valeur normale,0,Units,0,Zero
DATAFLOW,OECD.CFE.EDS:DSD_REG_DEMO@DF_DENSITY(2.0),Densité de population - Régions,I,A,Annuelle,CTRY,Pays,GRC,Grèce,_Z,N'est pas applicable,POP,Population,_T,Total,_T,Total,PS,Personnes,2016,,10783748,,GRC,Grèce,A,Valeur normale,0,Units,0,Zero
DATAFLOW,OECD.CFE.EDS:DSD_REG_DEMO@DF_DENSITY(2.0),Densité de population - Régions,I,A,Annuelle,CTRY,Pays,GRC,Grèce,_Z,N'est pas applicable,POP,Population,_T,Total,_T,Total,PS,Personnes,2017,,10768193,,GRC,Grèce,A,Valeur normale,0,Units,0,Zero
DATAFLOW,OECD.CFE.EDS:DSD_REG_DEMO@DF_DENSITY(2.0),Densité de population - Régions,I,A,Annuelle,CTRY,Pays,GRC,Grèce,_Z,N'est pas applicable,POP,Population,_T,Total,_T,Total,PS,Personnes,2018,,10741165,,GRC,Grèce,A,Valeur normale,0,Units,0,Zero
DATAFLOW,OECD.CFE.EDS:DSD_REG_DEMO@DF_DENSITY(2.0),Densité de population - Régions,I,A,Annuelle,CTRY,Pays,GRC,Grèce,_Z,N'est pas applicable,POP,Population,_T,Total,_T,Total,PS,Personnes,2005,,10969912,,GRC,Grèce,A,Valeur normale,0,Units,0,Zero
DATAFLOW,OECD.CFE.EDS:DSD_REG_DEMO@DF_DENSITY(2.0),Densité de population - Régions,I,A,Annuelle,CTRY,Pays,GRC,Grèce,_Z,N'est pas applicable,POP,Population,_T,Total,_T,Total,PS,Personnes,2006,,11004716,,GRC,Grèce,A,Valeur normale,0,Units,0,Zero
DATAFLOW,OECD.CFE.EDS:DSD_REG_DEMO@DF_DENSITY(2.0),Densité de population - Régions,I,A,Annuelle,CTRY,Pays,GRC,Grèce,_Z,N'est pas applicable,POP,Population,_T,Total,_T,Total,PS,Personnes,2021,,10678632,,GRC,Grèce,A,Valeur normale,0,Units,0,Zero
DATAFLOW,OECD.CFE.EDS:DSD_REG_DEMO@DF_DENSITY(2.0),Densité de population - Régions,I,A,Annuelle,CTRY,Pays,GRC,Grèce,_Z,N'est pas applicable,POP,Population,_T,Total,_T,Total,PS,Personnes,2009,,11094745,,GRC,Grèce,A,Valeur normale,0,Units,0,Zero
DATAFLOW,OECD.CFE.EDS:DSD_REG_DEMO@DF_DENSITY(2.0),Densité de population - Régions,I,A,Annuelle,CTRY,Pays,GRC,Grèce,_Z,N'est pas applicable,POP,Population,_T,Total,_T,Total,PS,Personnes,2010,,11119289,,GRC,Grèce,A,Valeur normale,0,Units,0,Zero
DATAFLOW,OECD.CFE.EDS:DSD_REG_DEMO@DF_DENSITY(2.0),Densité de population - Régions,I,A,Annuelle,CTRY,Pays,GRC,Grèce,_Z,N'est pas applicable,POP,Population,_T,Total,_T,Total,PS,Personnes,1999,,10747768,,GRC,Grèce,A,Valeur normale,0,Units,0,Zero
DATAFLOW,OECD.CFE.EDS:DSD_REG_DEMO@DF_DENSITY(2.0),Densité de population - Régions,I,A,Annuelle,CTRY,Pays,GRC,Grèce,_Z,N'est pas applicable,POP,Population,_T,Total,_T,Total,PS,Personnes,2000,,10775627,,GRC,Grèce,A,Valeur normale,0,Units,0,Zero
DATAFLOW,OECD.CFE.EDS:DSD_REG_DEMO@DF_DENSITY(2.0),Densité de population - Régions,I,A,Annuelle,CTRY,Pays,GRC,Grèce,_Z,N'est pas applicable,POP,Population,_T,Total,_T,Total,PS,Personnes,2013,,11003615,,GRC,Grèce,A,Valeur normale,0,Units,0,Zero
DATAFLOW,OECD.CFE.EDS:DSD_REG_DEMO@DF_DENSITY(2.0),Densité de population - Régions,I,A,Annuelle,CTRY,Pays,GRC,Grèce,_Z,N'est pas applicable,POP,Population,_T,Total,_T,Total,PS_KM2,Personnes par kilomètre carré,2022,,80.43,,GRC,Grèce,B,Rupture de série,0,Units,2,Two
DATAFLOW,OECD.CFE.EDS:DSD_REG_DEMO@DF_DENSITY(2.0),Densité de population - Régions,I,A,Annuelle,CTRY,Pays,GRC,Grèce,_Z,N'est pas applicable,POP,Population,_T,Total,_T,Total,PS_KM2,Personnes par kilomètre carré,2020,,82.42,,GRC,Grèce,A,Valeur normale,0,Units,2,Two
DATAFLOW,OECD.CFE.EDS:DSD_REG_DEMO@DF_DENSITY(2.0),Densité de population - Régions,I,A,Annuelle,CTRY,Pays,GRC,Grèce,_Z,N'est pas applicable,POP,Population,_T,Total,_T,Total,PS_KM2,Personnes par kilomètre carré,2021,,82.11,,GRC,Grèce,A,Valeur normale,0,Units,2,Two
DATAFLOW,OECD.CFE.EDS:DSD_REG_DEMO@DF_DENSITY(2.0),Densité de population - Régions,I,A,Annuelle,CTRY,Pays,GRC,Grèce,_Z,N'est pas applicable,POP,Population,_T,Total,_T,Total,PS_KM2,Personnes par kilomètre carré,2018,,82.59,,GRC,Grèce,A,Valeur normale,0,Units,2,Two
DATAFLOW,OECD.CFE.EDS:DSD_REG_DEMO@DF_DENSITY(2.0),Densité de population - Régions,I,A,Annuelle,CTRY,Pays,GRC,Grèce,_Z,N'est pas applicable,POP,Population,_T,Total,_T,Total,PS_KM2,Personnes par kilomètre carré,2019,,82.47,,GRC,Grèce,A,Valeur normale,0,Units,2,Two
DATAFLOW,OECD.CFE.EDS:DSD_REG_DEMO@DF_DENSITY(2.0),Densité de population - Régions,I,A,Annuelle,CTRY,Pays,GRC,Grèce,_Z,N'est pas applicable,POP,Population,_T,Total,_T,Total,PS_KM2,Personnes par kilomètre carré,2008,,85.05,,GRC,Grèce,A,Valeur normale,0,Units,2,Two
DATAFLOW,OECD.CFE.EDS:DSD_REG_DEMO@DF_DENSITY(2.0),Densité de population - Régions,I,A,Annuelle,CTRY,Pays,GRC,Grèce,_Z,N'est pas applicable,POP,Population,_T,Total,_T,Total,PS_KM2,Personnes par kilomètre carré,2023,,80.08,,GRC,Grèce,A,Valeur normale,0,Units,2,Two
DATAFLOW,OECD.CFE.EDS:DSD_REG_DEMO@DF_DENSITY(2.0),Densité de population - Régions,I,A,Annuelle,CTRY,Pays,GRC,Grèce,_Z,N'est pas applicable,POP,Population,_T,Total,_T,Total,PS_KM2,Personnes par kilomètre carré,2012,,85.25,,GRC,Grèce,A,Valeur normale,0,Units,2,Two
DATAFLOW,OECD.CFE.EDS:DSD_REG_DEMO@DF_DENSITY(2.0),Densité de population - Régions,I,A,Annuelle,CTRY,Pays,GRC,Grèce,_Z,N'est pas applicable,POP,Population,_T,Total,_T,Total,PS_KM2,Personnes par kilomètre carré,2013,,84.61,,GRC,Grèce,A,Valeur normale,0,Units,2,Two
DATAFLOW,OECD.CFE.EDS:DSD_REG_DEMO@DF_DENSITY(2.0),Densité de population - Régions,I,A,Annuelle,CTRY,Pays,GRC,Grèce,_Z,N'est pas applicable,POP,Population,_T,Total,_T,Total,PS_KM2,Personnes par kilomètre carré,2016,,82.92,,GRC,Grèce,A,Valeur normale,0,Units,2,Two
DATAFLOW,OECD.CFE.EDS:DSD_REG_DEMO@DF_DENSITY(2.0),Densité de population - Régions,I,A,Annuelle,CTRY,Pays,GRC,Grèce,_Z,N'est pas applicable,POP,Population,_T,Total,_T,Total,PS_KM2,Personnes par kilomètre carré,2017,,82.8,,GRC,Grèce,A,Valeur normale,0,Units,2,Two
DATAFLOW,OECD.CFE.EDS:DSD_REG_DEMO@DF_DENSITY(2.0),Densité de population - Régions,I,A,Annuelle,CTRY,Pays,GRC,Grèce,_Z,N'est pas applicable,POP,Population,_T,Total,_T,Total,PS_KM2,Personnes par kilomètre carré,2010,,85.5,,GRC,Grèce,A,Valeur normale,0,Units,2,Two
DATAFLOW,OECD.CFE.EDS:DSD_REG_DEMO@DF_DENSITY(2.0),Densité de population - Régions,I,A,Annuelle,CTRY,Pays,GRC,Grèce,_Z,N'est pas applicable,POP,Population,_T,Total,_T,Total,PS_KM2,Personnes par kilomètre carré,2011,,85.53,,GRC,Grèce,A,Valeur normale,0,Units,2,Two
DATAFLOW,OECD.CFE.EDS:DSD_REG_DEMO@DF_DENSITY(2.0),Densité de population - Régions,I,A,Annuelle,CTRY,Pays,GRC,Grèce,_Z,N'est pas applicable,POP,Population,_T,Total,_T,Total,PS_KM2,Personnes par kilomètre carré,2014,,84.02,,GRC,Grèce,A,Valeur normale,0,Units,2,Two
DATAFLOW,OECD.CFE.EDS:DSD_REG_DEMO@DF_DENSITY(2.0),Densité de population - Régions,I,A,Annuelle,CTRY,Pays,HUN,Hongrie,_Z,N'est pas applicable,POP,Population,_T,Total,_T,Total,PS_KM2,Personnes par kilomètre carré,2005,,110.66,,HUN,Hongrie,A,Valeur normale,0,Units,2,Two
DATAFLOW,OECD.CFE.EDS:DSD_REG_DEMO@DF_DENSITY(2.0),Densité de population - Régions,I,A,Annuelle,CTRY,Pays,HUN,Hongrie,_Z,N'est pas applicable,POP,Population,_T,Total,_T,Total,PS_KM2,Personnes par kilomètre carré,2006,,110.43,,HUN,Hongrie,A,Valeur normale,0,Units,2,Two
DATAFLOW,OECD.CFE.EDS:DSD_REG_DEMO@DF_DENSITY(2.0),Densité de population - Régions,I,A,Annuelle,CTRY,Pays,HUN,Hongrie,_Z,N'est pas applicable,POP,Population,_T,Total,_T,Total,PS,Personnes,1995,,10336700,,HUN,Hongrie,A,Valeur normale,0,Units,0,Zero
DATAFLOW,OECD.CFE.EDS:DSD_REG_DEMO@DF_DENSITY(2.0),Densité de population - Régions,I,A,Annuelle,CTRY,Pays,HUN,Hongrie,_Z,N'est pas applicable,POP,Population,_T,Total,_T,Total,PS,Personnes,1996,,10321229,,HUN,Hongrie,A,Valeur normale,0,Units,0,Zero
DATAFLOW,OECD.CFE.EDS:DSD_REG_DEMO@DF_DENSITY(2.0),Densité de population - Régions,I,A,Annuelle,CTRY,Pays,HUN,Hongrie,_Z,N'est pas applicable,POP,Population,_T,Total,_T,Total,PS,Personnes,1997,,10301247,,HUN,Hongrie,A,Valeur normale,0,Units,0,Zero
DATAFLOW,OECD.CFE.EDS:DSD_REG_DEMO@DF_DENSITY(2.0),Densité de population - Régions,I,A,Annuelle,CTRY,Pays,HUN,Hongrie,_Z,N'est pas applicable,POP,Population,_T,Total,_T,Total,PS,Personnes,1998,,10279724,,HUN,Hongrie,A,Valeur normale,0,Units,0,Zero
DATAFLOW,OECD.CFE.EDS:DSD_REG_DEMO@DF_DENSITY(2.0),Densité de population - Régions,I,A,Annuelle,CTRY,Pays,HUN,Hongrie,_Z,N'est pas applicable,POP,Population,_T,Total,_T,Total,PS,Personnes,1993,,10365035,,HUN,Hongrie,A,Valeur normale,0,Units,0,Zero
DATAFLOW,OECD.CFE.EDS:DSD_REG_DEMO@DF_DENSITY(2.0),Densité de population - Régions,I,A,Annuelle,CTRY,Pays,HUN,Hongrie,_Z,N'est pas applicable,POP,Population,_T,Total,_T,Total,PS,Personnes,1991,,10373153,,HUN,Hongrie,A,Valeur normale,0,Units,0,Zero
DATAFLOW,OECD.CFE.EDS:DSD_REG_DEMO@DF_DENSITY(2.0),Densité de population - Régions,I,A,Annuelle,CTRY,Pays,HUN,Hongrie,_Z,N'est pas applicable,POP,Population,_T,Total,_T,Total,PS,Personnes,2010,,10014324,,HUN,Hongrie,A,Valeur normale,0,Units,0,Zero
DATAFLOW,OECD.CFE.EDS:DSD_REG_DEMO@DF_DENSITY(2.0),Densité de population - Régions,I,A,Annuelle,CTRY,Pays,HUN,Hongrie,_Z,N'est pas applicable,POP,Population,_T,Total,_T,Total,PS,Personnes,1999,,10253416,,HUN,Hongrie,A,Valeur normale,0,Units,0,Zero
DATAFLOW,OECD.CFE.EDS:DSD_REG_DEMO@DF_DENSITY(2.0),Densité de population - Régions,I,A,Annuelle,CTRY,Pays,HUN,Hongrie,_Z,N'est pas applicable,POP,Population,_T,Total,_T,Total,PS,Personnes,2000,,10221644,,HUN,Hongrie,A,Valeur normale,0,Units,0,Zero
DATAFLOW,OECD.CFE.EDS:DSD_REG_DEMO@DF_DENSITY(2.0),Densité de population - Régions,I,A,Annuelle,CTRY,Pays,HUN,Hongrie,_Z,N'est pas applicable,POP,Population,_T,Total,_T,Total,PS,Personnes,2011,,9985722,,HUN,Hongrie,A,Valeur normale,0,Units,0,Zero
DATAFLOW,OECD.CFE.EDS:DSD_REG_DEMO@DF_DENSITY(2.0),Densité de population - Régions,I,A,Annuelle,CTRY,Pays,HUN,Hongrie,_Z,N'est pas applicable,POP,Population,_T,Total,_T,Total,PS,Personnes,2004,,10116742,,HUN,Hongrie,A,Valeur normale,0,Units,0,Zero
DATAFLOW,OECD.CFE.EDS:DSD_REG_DEMO@DF_DENSITY(2.0),Densité de population - Régions,I,A,Annuelle,CTRY,Pays,HUN,Hongrie,_Z,N'est pas applicable,POP,Population,_T,Total,_T,Total,PS,Personnes,2006,,10076581,,HUN,Hongrie,A,Valeur normale,0,Units,0,Zero
DATAFLOW,OECD.CFE.EDS:DSD_REG_DEMO@DF_DENSITY(2.0),Densité de population - Régions,I,A,Annuelle,CTRY,Pays,HUN,Hongrie,_Z,N'est pas applicable,POP,Population,_T,Total,_T,Total,PS,Personnes,1992,,10373647,,HUN,Hongrie,A,Valeur normale,0,Units,0,Zero
DATAFLOW,OECD.CFE.EDS:DSD_REG_DEMO@DF_DENSITY(2.0),Densité de population - Régions,I,A,Annuelle,CTRY,Pays,HUN,Hongrie,_Z,N'est pas applicable,POP,Population,_T,Total,_T,Total,PS,Personnes,2003,,10142362,,HUN,Hongrie,A,Valeur normale,0,Units,0,Zero
DATAFLOW,OECD.CFE.EDS:DSD_REG_DEMO@DF_DENSITY(2.0),Densité de population - Régions,I,A,Annuelle,CTRY,Pays,HUN,Hongrie,_Z,N'est pas applicable,POP,Population,_T,Total,_T,Total,PS,Personnes,2007,,10066158,,HUN,Hongrie,A,Valeur normale,0,Units,0,Zero
DATAFLOW,OECD.CFE.EDS:DSD_REG_DEMO@DF_DENSITY(2.0),Densité de population - Régions,I,A,Annuelle,CTRY,Pays,HUN,Hongrie,_Z,N'est pas applicable,POP,Population,_T,Total,_T,Total,PS,Personnes,2008,,10045401,,HUN,Hongrie,A,Valeur normale,0,Units,0,Zero
DATAFLOW,OECD.CFE.EDS:DSD_REG_DEMO@DF_DENSITY(2.0),Densité de population - Régions,I,A,Annuelle,CTRY,Pays,HUN,Hongrie,_Z,N'est pas applicable,POP,Population,_T,Total,_T,Total,PS,Personnes,1990,,10374823,,HUN,Hongrie,A,Valeur normale,0,Units,0,Zero
DATAFLOW,OECD.CFE.EDS:DSD_REG_DEMO@DF_DENSITY(2.0),Densité de population - Régions,I,A,Annuelle,CTRY,Pays,HUN,Hongrie,_Z,N'est pas applicable,POP,Population,_T,Total,_T,Total,PS,Personnes,2001,,10200298,,HUN,Hongrie,A,Valeur normale,0,Units,0,Zero
DATAFLOW,OECD.CFE.EDS:DSD_REG_DEMO@DF_DENSITY(2.0),Densité de population - Régions,I,A,Annuelle,CTRY,Pays,HUN,Hongrie,_Z,N'est pas applicable,POP,Population,_T,Total,_T,Total,PS,Personnes,2002,,10174853,,HUN,Hongrie,A,Valeur normale,0,Units,0,Zero
DATAFLOW,OECD.CFE.EDS:DSD_REG_DEMO@DF_DENSITY(2.0),Densité de population - Régions,I,A,Annuelle,CTRY,Pays,HUN,Hongrie,_Z,N'est pas applicable,POP,Population,_T,Total,_T,Total,PS,Personnes,1994,,10350010,,HUN,Hongrie,A,Valeur normale,0,Units,0,Zero
DATAFLOW,OECD.CFE.EDS:DSD_REG_DEMO@DF_DENSITY(2.0),Densité de population - Régions,I,A,Annuelle,CTRY,Pays,HUN,Hongrie,_Z,N'est pas applicable,POP,Population,_T,Total,_T,Total,PS_KM2,Personnes par kilomètre carré,2007,,110.32,,HUN,Hongrie,A,Valeur normale,0,Units,2,Two
DATAFLOW,OECD.CFE.EDS:DSD_REG_DEMO@DF_DENSITY(2.0),Densité de population - Régions,I,A,Annuelle,CTRY,Pays,HUN,Hongrie,_Z,N'est pas applicable,POP,Population,_T,Total,_T,Total,PS_KM2,Personnes par kilomètre carré,2009,,109.93,,HUN,Hongrie,A,Valeur normale,0,Units,2,Two
DATAFLOW,OECD.CFE.EDS:DSD_REG_DEMO@DF_DENSITY(2.0),Densité de population - Régions,I,A,Annuelle,CTRY,Pays,HUN,Hongrie,_Z,N'est pas applicable,POP,Population,_T,Total,_T,Total,PS_KM2,Personnes par kilomètre carré,2001,,111.79,,HUN,Hongrie,A,Valeur normale,0,Units,2,Two
DATAFLOW,OECD.CFE.EDS:DSD_REG_DEMO@DF_DENSITY(2.0),Densité de population - Régions,I,A,Annuelle,CTRY,Pays,HUN,Hongrie,_Z,N'est pas applicable,POP,Population,_T,Total,_T,Total,PS_KM2,Personnes par kilomètre carré,2002,,111.51,,HUN,Hongrie,A,Valeur normale,0,Units,2,Two
DATAFLOW,OECD.CFE.EDS:DSD_REG_DEMO@DF_DENSITY(2.0),Densité de population - Régions,I,A,Annuelle,CTRY,Pays,HUN,Hongrie,_Z,N'est pas applicable,POP,Population,_T,Total,_T,Total,PS_KM2,Personnes par kilomètre carré,2003,,111.15,,HUN,Hongrie,A,Valeur normale,0,Units,2,Two
DATAFLOW,OECD.CFE.EDS:DSD_REG_DEMO@DF_DENSITY(2.0),Densité de population - Régions,I,A,Annuelle,CTRY,Pays,HUN,Hongrie,_Z,N'est pas applicable,POP,Population,_T,Total,_T,Total,PS_KM2,Personnes par kilomètre carré,1996,,113.11,,HUN,Hongrie,A,Valeur normale,0,Units,2,Two
DATAFLOW,OECD.CFE.EDS:DSD_REG_DEMO@DF_DENSITY(2.0),Densité de population - Régions,I,A,Annuelle,CTRY,Pays,HUN,Hongrie,_Z,N'est pas applicable,POP,Population,_T,Total,_T,Total,PS_KM2,Personnes par kilomètre carré,2000,,112.02,,HUN,Hongrie,A,Valeur normale,0,Units,2,Two
DATAFLOW,OECD.CFE.EDS:DSD_REG_DEMO@DF_DENSITY(2.0),Densité de population - Régions,I,A,Annuelle,CTRY,Pays,HUN,Hongrie,_Z,N'est pas applicable,POP,Population,_T,Total,_T,Total,PS_KM2,Personnes par kilomètre carré,1991,,113.68,,HUN,Hongrie,A,Valeur normale,0,Units,2,Two
DATAFLOW,OECD.CFE.EDS:DSD_REG_DEMO@DF_DENSITY(2.0),Densité de population - Régions,I,A,Annuelle,CTRY,Pays,HUN,Hongrie,_Z,N'est pas applicable,POP,Population,_T,Total,_T,Total,PS_KM2,Personnes par kilomètre carré,2004,,110.87,,HUN,Hongrie,A,Valeur normale,0,Units,2,Two
DATAFLOW,OECD.CFE.EDS:DSD_REG_DEMO@DF_DENSITY(2.0),Densité de population - Régions,I,A,Annuelle,CTRY,Pays,HUN,Hongrie,_Z,N'est pas applicable,POP,Population,_T,Total,_T,Total,PS_KM2,Personnes par kilomètre carré,1995,,113.28,,HUN,Hongrie,A,Valeur normale,0,Units,2,Two
DATAFLOW,OECD.CFE.EDS:DSD_REG_DEMO@DF_DENSITY(2.0),Densité de population - Régions,I,A,Annuelle,CTRY,Pays,HUN,Hongrie,_Z,N'est pas applicable,POP,Population,_T,Total,_T,Total,PS_KM2,Personnes par kilomètre carré,1993,,113.59,,HUN,Hongrie,A,Valeur normale,0,Units,2,Two
DATAFLOW,OECD.CFE.EDS:DSD_REG_DEMO@DF_DENSITY(2.0),Densité de population - Régions,I,A,Annuelle,CTRY,Pays,HUN,Hongrie,_Z,N'est pas applicable,POP,Population,_T,Total,_T,Total,PS_KM2,Personnes par kilomètre carré,1994,,113.43,,HUN,Hongrie,A,Valeur normale,0,Units,2,Two
DATAFLOW,OECD.CFE.EDS:DSD_REG_DEMO@DF_DENSITY(2.0),Densité de population - Régions,I,A,Annuelle,CTRY,Pays,HUN,Hongrie,_Z,N'est pas applicable,POP,Population,_T,Total,_T,Total,PS_KM2,Personnes par kilomètre carré,1997,,112.89,,HUN,Hongrie,A,Valeur normale,0,Units,2,Two
DATAFLOW,OECD.CFE.EDS:DSD_REG_DEMO@DF_DENSITY(2.0),Densité de population - Régions,I,A,Annuelle,CTRY,Pays,HUN,Hongrie,_Z,N'est pas applicable,POP,Population,_T,Total,_T,Total,PS_KM2,Personnes par kilomètre carré,1999,,112.37,,HUN,Hongrie,A,Valeur normale,0,Units,2,Two
DATAFLOW,OECD.CFE.EDS:DSD_REG_DEMO@DF_DENSITY(2.0),Densité de population - Régions,I,A,Annuelle,CTRY,Pays,HUN,Hongrie,_Z,N'est pas applicable,POP,Population,_T,Total,_T,Total,PS_KM2,Personnes par kilomètre carré,1990,,113.7,,HUN,Hongrie,A,Valeur normale,0,Units,2,Two
DATAFLOW,OECD.CFE.EDS:DSD_REG_DEMO@DF_DENSITY(2.0),Densité de population - Régions,I,A,Annuelle,CTRY,Pays,HUN,Hongrie,_Z,N'est pas applicable,POP,Population,_T,Total,_T,Total,PS_KM2,Personnes par kilomètre carré,1998,,112.66,,HUN,Hongrie,A,Valeur normale,0,Units,2,Two
DATAFLOW,OECD.CFE.EDS:DSD_REG_DEMO@DF_DENSITY(2.0),Densité de population - Régions,I,A,Annuelle,CTRY,Pays,HUN,Hongrie,_Z,N'est pas applicable,POP,Population,_T,Total,_T,Total,PS_KM2,Personnes par kilomètre carré,1992,,113.69,,HUN,Hongrie,A,Valeur normale,0,Units,2,Two
DATAFLOW,OECD.CFE.EDS:DSD_REG_DEMO@DF_DENSITY(2.0),Densité de population - Régions,I,A,Annuelle,CTRY,Pays,HUN,Hongrie,_Z,N'est pas applicable,POP,Population,_T,Total,_T,Total,PS,Personnes,2019,,9700272,,HUN,Hongrie,A,Valeur normale,0,Units,0,Zero
DATAFLOW,OECD.CFE.EDS:DSD_REG_DEMO@DF_DENSITY(2.0),Densité de population - Régions,I,A,Annuelle,CTRY,Pays,HUN,Hongrie,_Z,N'est pas applicable,POP,Population,_T,Total,_T,Total,PS,Personnes,2020,,9689376,,HUN,Hongrie,A,Valeur normale,0,Units,0,Zero
DATAFLOW,OECD.CFE.EDS:DSD_REG_DEMO@DF_DENSITY(2.0),Densité de population - Régions,I,A,Annuelle,CTRY,Pays,HUN,Hongrie,_Z,N'est pas applicable,POP,Population,_T,Total,_T,Total,PS,Personnes,2021,,9651461,,HUN,Hongrie,A,Valeur normale,0,Units,0,Zero
DATAFLOW,OECD.CFE.EDS:DSD_REG_DEMO@DF_DENSITY(2.0),Densité de population - Régions,I,A,Annuelle,CTRY,Pays,HUN,Hongrie,_Z,N'est pas applicable,POP,Population,_T,Total,_T,Total,PS,Personnes,2015,,9815858,,HUN,Hongrie,A,Valeur normale,0,Units,0,Zero
DATAFLOW,OECD.CFE.EDS:DSD_REG_DEMO@DF_DENSITY(2.0),Densité de population - Régions,I,A,Annuelle,CTRY,Pays,HUN,Hongrie,_Z,N'est pas applicable,POP,Population,_T,Total,_T,Total,PS,Personnes,2016,,9779652,,HUN,Hongrie,A,Valeur normale,0,Units,0,Zero
DATAFLOW,OECD.CFE.EDS:DSD_REG_DEMO@DF_DENSITY(2.0),Densité de population - Régions,I,A,Annuelle,CTRY,Pays,HUN,Hongrie,_Z,N'est pas applicable,POP,Population,_T,Total,_T,Total,PS,Personnes,2017,,9739857,,HUN,Hongrie,A,Valeur normale,0,Units,0,Zero
DATAFLOW,OECD.CFE.EDS:DSD_REG_DEMO@DF_DENSITY(2.0),Densité de population - Régions,I,A,Annuelle,CTRY,Pays,HUN,Hongrie,_Z,N'est pas applicable,POP,Population,_T,Total,_T,Total,PS,Personnes,2018,,9713655,,HUN,Hongrie,A,Valeur normale,0,Units,0,Zero
DATAFLOW,OECD.CFE.EDS:DSD_REG_DEMO@DF_DENSITY(2.0),Densité de population - Régions,I,A,Annuelle,CTRY,Pays,HUN,Hongrie,_Z,N'est pas applicable,POP,Population,_T,Total,_T,Total,PS,Personnes,2022,,9610403,,HUN,Hongrie,A,Valeur normale,0,Units,0,Zero
DATAFLOW,OECD.CFE.EDS:DSD_REG_DEMO@DF_DENSITY(2.0),Densité de population - Régions,I,A,Annuelle,CTRY,Pays,HUN,Hongrie,_Z,N'est pas applicable,POP,Population,_T,Total,_T,Total,PS,Personnes,2012,,9931925,,HUN,Hongrie,B,Rupture de série,0,Units,0,Zero
DATAFLOW,OECD.CFE.EDS:DSD_REG_DEMO@DF_DENSITY(2.0),Densité de population - Régions,I,A,Annuelle,CTRY,Pays,HUN,Hongrie,_Z,N'est pas applicable,POP,Population,_T,Total,_T,Total,PS,Personnes,2013,,9895250,,HUN,Hongrie,A,Valeur normale,0,Units,0,Zero
DATAFLOW,OECD.CFE.EDS:DSD_REG_DEMO@DF_DENSITY(2.0),Densité de population - Régions,I,A,Annuelle,CTRY,Pays,HUN,Hongrie,_Z,N'est pas applicable,POP,Population,_T,Total,_T,Total,PS,Personnes,2014,,9850217,,HUN,Hongrie,A,Valeur normale,0,Units,0,Zero
DATAFLOW,OECD.CFE.EDS:DSD_REG_DEMO@DF_DENSITY(2.0),Densité de population - Régions,I,A,Annuelle,CTRY,Pays,HUN,Hongrie,_Z,N'est pas applicable,POP,Population,_T,Total,_T,Total,PS,Personnes,2023,,9599744,,HUN,Hongrie,A,Valeur normale,0,Units,0,Zero
DATAFLOW,OECD.CFE.EDS:DSD_REG_DEMO@DF_DENSITY(2.0),Densité de population - Régions,I,A,Annuelle,CTRY,Pays,HUN,Hongrie,_Z,N'est pas applicable,POP,Population,_T,Total,_T,Total,PS,Personnes,2005,,10097549,,HUN,Hongrie,A,Valeur normale,0,Units,0,Zero
DATAFLOW,OECD.CFE.EDS:DSD_REG_DEMO@DF_DENSITY(2.0),Densité de population - Régions,I,A,Annuelle,CTRY,Pays,HUN,Hongrie,_Z,N'est pas applicable,POP,Population,_T,Total,_T,Total,PS,Personnes,2009,,10030975,,HUN,Hongrie,A,Valeur normale,0,Units,0,Zero
DATAFLOW,OECD.CFE.EDS:DSD_REG_DEMO@DF_DENSITY(2.0),Densité de population - Régions,I,A,Annuelle,CTRY,Pays,HUN,Hongrie,_Z,N'est pas applicable,POP,Population,_T,Total,_T,Total,PS_KM2,Personnes par kilomètre carré,2019,,106.31,,HUN,Hongrie,A,Valeur normale,0,Units,2,Two
DATAFLOW,OECD.CFE.EDS:DSD_REG_DEMO@DF_DENSITY(2.0),Densité de population - Régions,I,A,Annuelle,CTRY,Pays,HUN,Hongrie,_Z,N'est pas applicable,POP,Population,_T,Total,_T,Total,PS_KM2,Personnes par kilomètre carré,2020,,106.19,,HUN,Hongrie,A,Valeur normale,0,Units,2,Two
DATAFLOW,OECD.CFE.EDS:DSD_REG_DEMO@DF_DENSITY(2.0),Densité de population - Régions,I,A,Annuelle,CTRY,Pays,HUN,Hongrie,_Z,N'est pas applicable,POP,Population,_T,Total,_T,Total,PS_KM2,Personnes par kilomètre carré,2021,,105.77,,HUN,Hongrie,A,Valeur normale,0,Units,2,Two
DATAFLOW,OECD.CFE.EDS:DSD_REG_DEMO@DF_DENSITY(2.0),Densité de population - Régions,I,A,Annuelle,CTRY,Pays,HUN,Hongrie,_Z,N'est pas applicable,POP,Population,_T,Total,_T,Total,PS_KM2,Personnes par kilomètre carré,2016,,107.18,,HUN,Hongrie,A,Valeur normale,0,Units,2,Two
DATAFLOW,OECD.CFE.EDS:DSD_REG_DEMO@DF_DENSITY(2.0),Densité de population - Régions,I,A,Annuelle,CTRY,Pays,HUN,Hongrie,_Z,N'est pas applicable,POP,Population,_T,Total,_T,Total,PS_KM2,Personnes par kilomètre carré,2017,,106.74,,HUN,Hongrie,A,Valeur normale,0,Units,2,Two
DATAFLOW,OECD.CFE.EDS:DSD_REG_DEMO@DF_DENSITY(2.0),Densité de population - Régions,I,A,Annuelle,CTRY,Pays,HUN,Hongrie,_Z,N'est pas applicable,POP,Population,_T,Total,_T,Total,PS_KM2,Personnes par kilomètre carré,2018,,106.45,,HUN,Hongrie,A,Valeur normale,0,Units,2,Two
DATAFLOW,OECD.CFE.EDS:DSD_REG_DEMO@DF_DENSITY(2.0),Densité de population - Régions,I,A,Annuelle,CTRY,Pays,HUN,Hongrie,_Z,N'est pas applicable,POP,Population,_T,Total,_T,Total,PS_KM2,Personnes par kilomètre carré,2022,,105.32,,HUN,Hongrie,A,Valeur normale,0,Units,2,Two
DATAFLOW,OECD.CFE.EDS:DSD_REG_DEMO@DF_DENSITY(2.0),Densité de population - Régions,I,A,Annuelle,CTRY,Pays,HUN,Hongrie,_Z,N'est pas applicable,POP,Population,_T,Total,_T,Total,PS_KM2,Personnes par kilomètre carré,2012,,108.85,,HUN,Hongrie,B,Rupture de série,0,Units,2,Two
DATAFLOW,OECD.CFE.EDS:DSD_REG_DEMO@DF_DENSITY(2.0),Densité de population - Régions,I,A,Annuelle,CTRY,Pays,HUN,Hongrie,_Z,N'est pas applicable,POP,Population,_T,Total,_T,Total,PS_KM2,Personnes par kilomètre carré,2023,,105.2,,HUN,Hongrie,A,Valeur normale,0,Units,2,Two
DATAFLOW,OECD.CFE.EDS:DSD_REG_DEMO@DF_DENSITY(2.0),Densité de population - Régions,I,A,Annuelle,CTRY,Pays,HUN,Hongrie,_Z,N'est pas applicable,POP,Population,_T,Total,_T,Total,PS_KM2,Personnes par kilomètre carré,2015,,107.57,,HUN,Hongrie,A,Valeur normale,0,Units,2,Two
DATAFLOW,OECD.CFE.EDS:DSD_REG_DEMO@DF_DENSITY(2.0),Densité de population - Régions,I,A,Annuelle,CTRY,Pays,HUN,Hongrie,_Z,N'est pas applicable,POP,Population,_T,Total,_T,Total,PS_KM2,Personnes par kilomètre carré,2013,,108.44,,HUN,Hongrie,A,Valeur normale,0,Units,2,Two
DATAFLOW,OECD.CFE.EDS:DSD_REG_DEMO@DF_DENSITY(2.0),Densité de population - Régions,I,A,Annuelle,CTRY,Pays,HUN,Hongrie,_Z,N'est pas applicable,POP,Population,_T,Total,_T,Total,PS_KM2,Personnes par kilomètre carré,2014,,107.95,,HUN,Hongrie,A,Valeur normale,0,Units,2,Two
DATAFLOW,OECD.CFE.EDS:DSD_REG_DEMO@DF_DENSITY(2.0),Densité de population - Régions,I,A,Annuelle,CTRY,Pays,HUN,Hongrie,_Z,N'est pas applicable,POP,Population,_T,Total,_T,Total,PS_KM2,Personnes par kilomètre carré,2008,,110.09,,HUN,Hongrie,A,Valeur normale,0,Units,2,Two
DATAFLOW,OECD.CFE.EDS:DSD_REG_DEMO@DF_DENSITY(2.0),Densité de population - Régions,I,A,Annuelle,CTRY,Pays,HUN,Hongrie,_Z,N'est pas applicable,POP,Population,_T,Total,_T,Total,PS_KM2,Personnes par kilomètre carré,2010,,109.75,,HUN,Hongrie,A,Valeur normale,0,Units,2,Two
DATAFLOW,OECD.CFE.EDS:DSD_REG_DEMO@DF_DENSITY(2.0),Densité de population - Régions,I,A,Annuelle,CTRY,Pays,ISL,Islande,_Z,N'est pas applicable,POP,Population,_T,Total,_T,Total,PS_KM2,Personnes par kilomètre carré,2006,,2.99,,ISL,Islande,A,Valeur normale,0,Units,2,Two
DATAFLOW,OECD.CFE.EDS:DSD_REG_DEMO@DF_DENSITY(2.0),Densité de population - Régions,I,A,Annuelle,CTRY,Pays,ISL,Islande,_Z,N'est pas applicable,POP,Population,_T,Total,_T,Total,PS_KM2,Personnes par kilomètre carré,2009,,3.18,,ISL,Islande,A,Valeur normale,0,Units,2,Two
DATAFLOW,OECD.CFE.EDS:DSD_REG_DEMO@DF_DENSITY(2.0),Densité de population - Régions,I,A,Annuelle,CTRY,Pays,ISL,Islande,_Z,N'est pas applicable,POP,Population,_T,Total,_T,Total,PS,Personnes,2003,,288471,,ISL,Islande,A,Valeur normale,0,Units,0,Zero
DATAFLOW,OECD.CFE.EDS:DSD_REG_DEMO@DF_DENSITY(2.0),Densité de population - Régions,I,A,Annuelle,CTRY,Pays,ISL,Islande,_Z,N'est pas applicable,POP,Population,_T,Total,_T,Total,PS,Personnes,1996,,267958,,ISL,Islande,A,Valeur normale,0,Units,0,Zero
DATAFLOW,OECD.CFE.EDS:DSD_REG_DEMO@DF_DENSITY(2.0),Densité de population - Régions,I,A,Annuelle,CTRY,Pays,ISL,Islande,_Z,N'est pas applicable,POP,Population,_T,Total,_T,Total,PS,Personnes,1997,,269874,,ISL,Islande,A,Valeur normale,0,Units,0,Zero
DATAFLOW,OECD.CFE.EDS:DSD_REG_DEMO@DF_DENSITY(2.0),Densité de population - Régions,I,A,Annuelle,CTRY,Pays,ISL,Islande,_Z,N'est pas applicable,POP,Population,_T,Total,_T,Total,PS,Personnes,1992,,259727,,ISL,Islande,A,Valeur normale,0,Units,0,Zero
DATAFLOW,OECD.CFE.EDS:DSD_REG_DEMO@DF_DENSITY(2.0),Densité de population - Régions,I,A,Annuelle,CTRY,Pays,ISL,Islande,_Z,N'est pas applicable,POP,Population,_T,Total,_T,Total,PS,Personnes,1993,,262386,,ISL,Islande,A,Valeur normale,0,Units,0,Zero
DATAFLOW,OECD.CFE.EDS:DSD_REG_DEMO@DF_DENSITY(2.0),Densité de population - Régions,I,A,Annuelle,CTRY,Pays,ISL,Islande,_Z,N'est pas applicable,POP,Population,_T,Total,_T,Total,PS,Personnes,1991,,255866,,ISL,Islande,A,Valeur normale,0,Units,0,Zero
DATAFLOW,OECD.CFE.EDS:DSD_REG_DEMO@DF_DENSITY(2.0),Densité de population - Régions,I,A,Annuelle,CTRY,Pays,ISL,Islande,_Z,N'est pas applicable,POP,Population,_T,Total,_T,Total,PS,Personnes,2004,,290570,,ISL,Islande,A,Valeur normale,0,Units,0,Zero
DATAFLOW,OECD.CFE.EDS:DSD_REG_DEMO@DF_DENSITY(2.0),Densité de population - Régions,I,A,Annuelle,CTRY,Pays,ISL,Islande,_Z,N'est pas applicable,POP,Population,_T,Total,_T,Total,PS,Personnes,2005,,293577,,ISL,Islande,A,Valeur normale,0,Units,0,Zero
DATAFLOW,OECD.CFE.EDS:DSD_REG_DEMO@DF_DENSITY(2.0),Densité de population - Régions,I,A,Annuelle,CTRY,Pays,ISL,Islande,_Z,N'est pas applicable,POP,Population,_T,Total,_T,Total,PS,Personnes,2009,,319368,,ISL,Islande,A,Valeur normale,0,Units,0,Zero
DATAFLOW,OECD.CFE.EDS:DSD_REG_DEMO@DF_DENSITY(2.0),Densité de population - Régions,I,A,Annuelle,CTRY,Pays,ISL,Islande,_Z,N'est pas applicable,POP,Population,_T,Total,_T,Total,PS,Personnes,1994,,265064,,ISL,Islande,A,Valeur normale,0,Units,0,Zero
DATAFLOW,OECD.CFE.EDS:DSD_REG_DEMO@DF_DENSITY(2.0),Densité de population - Régions,I,A,Annuelle,CTRY,Pays,ISL,Islande,_Z,N'est pas applicable,POP,Population,_T,Total,_T,Total,PS,Personnes,1995,,266978,,ISL,Islande,A,Valeur normale,0,Units,0,Zero
DATAFLOW,OECD.CFE.EDS:DSD_REG_DEMO@DF_DENSITY(2.0),Densité de population - Régions,I,A,Annuelle,CTRY,Pays,ISL,Islande,_Z,N'est pas applicable,POP,Population,_T,Total,_T,Total,PS,Personnes,2008,,315459,,ISL,Islande,A,Valeur normale,0,Units,0,Zero
DATAFLOW,OECD.CFE.EDS:DSD_REG_DEMO@DF_DENSITY(2.0),Densité de population - Régions,I,A,Annuelle,CTRY,Pays,ISL,Islande,_Z,N'est pas applicable,POP,Population,_T,Total,_T,Total,PS,Personnes,1999,,275712,,ISL,Islande,A,Valeur normale,0,Units,0,Zero
DATAFLOW,OECD.CFE.EDS:DSD_REG_DEMO@DF_DENSITY(2.0),Densité de population - Régions,I,A,Annuelle,CTRY,Pays,ISL,Islande,_Z,N'est pas applicable,POP,Population,_T,Total,_T,Total,PS,Personnes,2000,,279049,,ISL,Islande,A,Valeur normale,0,Units,0,Zero
DATAFLOW,OECD.CFE.EDS:DSD_REG_DEMO@DF_DENSITY(2.0),Densité de population - Régions,I,A,Annuelle,CTRY,Pays,ISL,Islande,_Z,N'est pas applicable,POP,Population,_T,Total,_T,Total,PS,Personnes,1990,,253785,,ISL,Islande,A,Valeur normale,0,Units,0,Zero
DATAFLOW,OECD.CFE.EDS:DSD_REG_DEMO@DF_DENSITY(2.0),Densité de population - Régions,I,A,Annuelle,CTRY,Pays,ISL,Islande,_Z,N'est pas applicable,POP,Population,_T,Total,_T,Total,PS,Personnes,2006,,299891,,ISL,Islande,A,Valeur normale,0,Units,0,Zero
DATAFLOW,OECD.CFE.EDS:DSD_REG_DEMO@DF_DENSITY(2.0),Densité de population - Régions,I,A,Annuelle,CTRY,Pays,ISL,Islande,_Z,N'est pas applicable,POP,Population,_T,Total,_T,Total,PS,Personnes,2007,,307672,,ISL,Islande,A,Valeur normale,0,Units,0,Zero
DATAFLOW,OECD.CFE.EDS:DSD_REG_DEMO@DF_DENSITY(2.0),Densité de population - Régions,I,A,Annuelle,CTRY,Pays,ISL,Islande,_Z,N'est pas applicable,POP,Population,_T,Total,_T,Total,PS,Personnes,1998,,272381,,ISL,Islande,A,Valeur normale,0,Units,0,Zero
DATAFLOW,OECD.CFE.EDS:DSD_REG_DEMO@DF_DENSITY(2.0),Densité de population - Régions,I,A,Annuelle,CTRY,Pays,ISL,Islande,_Z,N'est pas applicable,POP,Population,_T,Total,_T,Total,PS,Personnes,2001,,283361,,ISL,Islande,A,Valeur normale,0,Units,0,Zero
DATAFLOW,OECD.CFE.EDS:DSD_REG_DEMO@DF_DENSITY(2.0),Densité de population - Régions,I,A,Annuelle,CTRY,Pays,ISL,Islande,_Z,N'est pas applicable,POP,Population,_T,Total,_T,Total,PS,Personnes,2002,,286575,,ISL,Islande,A,Valeur normale,0,Units,0,Zero
DATAFLOW,OECD.CFE.EDS:DSD_REG_DEMO@DF_DENSITY(2.0),Densité de population - Régions,I,A,Annuelle,CTRY,Pays,ISL,Islande,_Z,N'est pas applicable,POP,Population,_T,Total,_T,Total,PS_KM2,Personnes par kilomètre carré,2001,,2.82,,ISL,Islande,A,Valeur normale,0,Units,2,Two
DATAFLOW,OECD.CFE.EDS:DSD_REG_DEMO@DF_DENSITY(2.0),Densité de population - Régions,I,A,Annuelle,CTRY,Pays,ISL,Islande,_Z,N'est pas applicable,POP,Population,_T,Total,_T,Total,PS_KM2,Personnes par kilomètre carré,2002,,2.85,,ISL,Islande,A,Valeur normale,0,Units,2,Two
DATAFLOW,OECD.CFE.EDS:DSD_REG_DEMO@DF_DENSITY(2.0),Densité de population - Régions,I,A,Annuelle,CTRY,Pays,ISL,Islande,_Z,N'est pas applicable,POP,Population,_T,Total,_T,Total,PS_KM2,Personnes par kilomètre carré,2003,,2.87,,ISL,Islande,A,Valeur normale,0,Units,2,Two
DATAFLOW,OECD.CFE.EDS:DSD_REG_DEMO@DF_DENSITY(2.0),Densité de population - Régions,I,A,Annuelle,CTRY,Pays,ISL,Islande,_Z,N'est pas applicable,POP,Population,_T,Total,_T,Total,PS_KM2,Personnes par kilomètre carré,1996,,2.67,,ISL,Islande,A,Valeur normale,0,Units,2,Two
DATAFLOW,OECD.CFE.EDS:DSD_REG_DEMO@DF_DENSITY(2.0),Densité de population - Régions,I,A,Annuelle,CTRY,Pays,ISL,Islande,_Z,N'est pas applicable,POP,Population,_T,Total,_T,Total,PS_KM2,Personnes par kilomètre carré,2007,,3.06,,ISL,Islande,A,Valeur normale,0,Units,2,Two
DATAFLOW,OECD.CFE.EDS:DSD_REG_DEMO@DF_DENSITY(2.0),Densité de population - Régions,I,A,Annuelle,CTRY,Pays,ISL,Islande,_Z,N'est pas applicable,POP,Population,_T,Total,_T,Total,PS_KM2,Personnes par kilomètre carré,2000,,2.78,,ISL,Islande,A,Valeur normale,0,Units,2,Two
DATAFLOW,OECD.CFE.EDS:DSD_REG_DEMO@DF_DENSITY(2.0),Densité de population - Régions,I,A,Annuelle,CTRY,Pays,ISL,Islande,_Z,N'est pas applicable,POP,Population,_T,Total,_T,Total,PS_KM2,Personnes par kilomètre carré,1991,,2.55,,ISL,Islande,A,Valeur normale,0,Units,2,Two
DATAFLOW,OECD.CFE.EDS:DSD_REG_DEMO@DF_DENSITY(2.0),Densité de population - Régions,I,A,Annuelle,CTRY,Pays,ISL,Islande,_Z,N'est pas applicable,POP,Population,_T,Total,_T,Total,PS_KM2,Personnes par kilomètre carré,2004,,2.89,,ISL,Islande,A,Valeur normale,0,Units,2,Two
DATAFLOW,OECD.CFE.EDS:DSD_REG_DEMO@DF_DENSITY(2.0),Densité de population - Régions,I,A,Annuelle,CTRY,Pays,ISL,Islande,_Z,N'est pas applicable,POP,Population,_T,Total,_T,Total,PS_KM2,Personnes par kilomètre carré,1995,,2.66,,ISL,Islande,A,Valeur normale,0,Units,2,Two
DATAFLOW,OECD.CFE.EDS:DSD_REG_DEMO@DF_DENSITY(2.0),Densité de population - Régions,I,A,Annuelle,CTRY,Pays,ISL,Islande,_Z,N'est pas applicable,POP,Population,_T,Total,_T,Total,PS_KM2,Personnes par kilomètre carré,1993,,2.61,,ISL,Islande,A,Valeur normale,0,Units,2,Two
DATAFLOW,OECD.CFE.EDS:DSD_REG_DEMO@DF_DENSITY(2.0),Densité de population - Régions,I,A,Annuelle,CTRY,Pays,ISL,Islande,_Z,N'est pas applicable,POP,Population,_T,Total,_T,Total,PS_KM2,Personnes par kilomètre carré,1994,,2.64,,ISL,Islande,A,Valeur normale,0,Units,2,Two
DATAFLOW,OECD.CFE.EDS:DSD_REG_DEMO@DF_DENSITY(2.0),Densité de population - Régions,I,A,Annuelle,CTRY,Pays,ISL,Islande,_Z,N'est pas applicable,POP,Population,_T,Total,_T,Total,PS_KM2,Personnes par kilomètre carré,1999,,2.74,,ISL,Islande,A,Valeur normale,0,Units,2,Two
DATAFLOW,OECD.CFE.EDS:DSD_REG_DEMO@DF_DENSITY(2.0),Densité de population - Régions,I,A,Annuelle,CTRY,Pays,ISL,Islande,_Z,N'est pas applicable,POP,Population,_T,Total,_T,Total,PS_KM2,Personnes par kilomètre carré,1990,,2.53,,ISL,Islande,A,Valeur normale,0,Units,2,Two
DATAFLOW,OECD.CFE.EDS:DSD_REG_DEMO@DF_DENSITY(2.0),Densité de population - Régions,I,A,Annuelle,CTRY,Pays,ISL,Islande,_Z,N'est pas applicable,POP,Population,_T,Total,_T,Total,PS_KM2,Personnes par kilomètre carré,1997,,2.69,,ISL,Islande,A,Valeur normale,0,Units,2,Two
DATAFLOW,OECD.CFE.EDS:DSD_REG_DEMO@DF_DENSITY(2.0),Densité de population - Régions,I,A,Annuelle,CTRY,Pays,ISL,Islande,_Z,N'est pas applicable,POP,Population,_T,Total,_T,Total,PS_KM2,Personnes par kilomètre carré,1998,,2.71,,ISL,Islande,A,Valeur normale,0,Units,2,Two
DATAFLOW,OECD.CFE.EDS:DSD_REG_DEMO@DF_DENSITY(2.0),Densité de population - Régions,I,A,Annuelle,CTRY,Pays,ISL,Islande,_Z,N'est pas applicable,POP,Population,_T,Total,_T,Total,PS_KM2,Personnes par kilomètre carré,1992,,2.59,,ISL,Islande,A,Valeur normale,0,Units,2,Two
DATAFLOW,OECD.CFE.EDS:DSD_REG_DEMO@DF_DENSITY(2.0),Densité de population - Régions,I,A,Annuelle,CTRY,Pays,ISL,Islande,_Z,N'est pas applicable,POP,Population,_T,Total,_T,Total,PS_KM2,Personnes par kilomètre carré,2021,,3.67,,ISL,Islande,A,Valeur normale,0,Units,2,Two
DATAFLOW,OECD.CFE.EDS:DSD_REG_DEMO@DF_DENSITY(2.0),Densité de population - Régions,I,A,Annuelle,CTRY,Pays,ISL,Islande,_Z,N'est pas applicable,POP,Population,_T,Total,_T,Total,PS,Personnes,2020,,364134,,ISL,Islande,A,Valeur normale,0,Units,0,Zero
DATAFLOW,OECD.CFE.EDS:DSD_REG_DEMO@DF_DENSITY(2.0),Densité de population - Régions,I,A,Annuelle,CTRY,Pays,ISL,Islande,_Z,N'est pas applicable,POP,Population,_T,Total,_T,Total,PS,Personnes,2021,,368792,,ISL,Islande,A,Valeur normale,0,Units,0,Zero
DATAFLOW,OECD.CFE.EDS:DSD_REG_DEMO@DF_DENSITY(2.0),Densité de population - Régions,I,A,Annuelle,CTRY,Pays,ISL,Islande,_Z,N'est pas applicable,POP,Population,_T,Total,_T,Total,PS,Personnes,2015,,329100,,ISL,Islande,A,Valeur normale,0,Units,0,Zero
DATAFLOW,OECD.CFE.EDS:DSD_REG_DEMO@DF_DENSITY(2.0),Densité de population - Régions,I,A,Annuelle,CTRY,Pays,ISL,Islande,_Z,N'est pas applicable,POP,Population,_T,Total,_T,Total,PS,Personnes,2016,,332529,,ISL,Islande,A,Valeur normale,0,Units,0,Zero
DATAFLOW,OECD.CFE.EDS:DSD_REG_DEMO@DF_DENSITY(2.0),Densité de population - Régions,I,A,Annuelle,CTRY,Pays,ISL,Islande,_Z,N'est pas applicable,POP,Population,_T,Total,_T,Total,PS,Personnes,2017,,338349,,ISL,Islande,A,Valeur normale,0,Units,0,Zero
DATAFLOW,OECD.CFE.EDS:DSD_REG_DEMO@DF_DENSITY(2.0),Densité de population - Régions,I,A,Annuelle,CTRY,Pays,ISL,Islande,_Z,N'est pas applicable,POP,Population,_T,Total,_T,Total,PS,Personnes,2018,,348450,,ISL,Islande,A,Valeur normale,0,Units,0,Zero
DATAFLOW,OECD.CFE.EDS:DSD_REG_DEMO@DF_DENSITY(2.0),Densité de population - Régions,I,A,Annuelle,CTRY,Pays,ISL,Islande,_Z,N'est pas applicable,POP,Population,_T,Total,_T,Total,PS,Personnes,2019,,356991,,ISL,Islande,A,Valeur normale,0,Units,0,Zero
DATAFLOW,OECD.CFE.EDS:DSD_REG_DEMO@DF_DENSITY(2.0),Densité de population - Régions,I,A,Annuelle,CTRY,Pays,ISL,Islande,_Z,N'est pas applicable,POP,Population,_T,Total,_T,Total,PS,Personnes,2011,,318452,,ISL,Islande,A,Valeur normale,0,Units,0,Zero
DATAFLOW,OECD.CFE.EDS:DSD_REG_DEMO@DF_DENSITY(2.0),Densité de population - Régions,I,A,Annuelle,CTRY,Pays,ISL,Islande,_Z,N'est pas applicable,POP,Population,_T,Total,_T,Total,PS,Personnes,2012,,319575,,ISL,Islande,A,Valeur normale,0,Units,0,Zero
DATAFLOW,OECD.CFE.EDS:DSD_REG_DEMO@DF_DENSITY(2.0),Densité de population - Régions,I,A,Annuelle,CTRY,Pays,ISL,Islande,_Z,N'est pas applicable,POP,Population,_T,Total,_T,Total,PS,Personnes,2013,,321857,,ISL,Islande,A,Valeur normale,0,Units,0,Zero
DATAFLOW,OECD.CFE.EDS:DSD_REG_DEMO@DF_DENSITY(2.0),Densité de population - Régions,I,A,Annuelle,CTRY,Pays,ISL,Islande,_Z,N'est pas applicable,POP,Population,_T,Total,_T,Total,PS,Personnes,2014,,325671,,ISL,Islande,A,Valeur normale,0,Units,0,Zero
DATAFLOW,OECD.CFE.EDS:DSD_REG_DEMO@DF_DENSITY(2.0),Densité de population - Régions,I,A,Annuelle,CTRY,Pays,ISL,Islande,_Z,N'est pas applicable,POP,Population,_T,Total,_T,Total,PS,Personnes,2022,,376248,,ISL,Islande,A,Valeur normale,0,Units,0,Zero
DATAFLOW,OECD.CFE.EDS:DSD_REG_DEMO@DF_DENSITY(2.0),Densité de population - Régions,I,A,Annuelle,CTRY,Pays,ISL,Islande,_Z,N'est pas applicable,POP,Population,_T,Total,_T,Total,PS,Personnes,2023,,387758,,ISL,Islande,A,Valeur normale,0,Units,0,Zero
DATAFLOW,OECD.CFE.EDS:DSD_REG_DEMO@DF_DENSITY(2.0),Densité de population - Régions,I,A,Annuelle,CTRY,Pays,ISL,Islande,_Z,N'est pas applicable,POP,Population,_T,Total,_T,Total,PS,Personnes,2010,,317630,,ISL,Islande,A,Valeur normale,0,Units,0,Zero
DATAFLOW,OECD.CFE.EDS:DSD_REG_DEMO@DF_DENSITY(2.0),Densité de population - Régions,I,A,Annuelle,CTRY,Pays,ISL,Islande,_Z,N'est pas applicable,POP,Population,_T,Total,_T,Total,PS_KM2,Personnes par kilomètre carré,2019,,3.55,,ISL,Islande,A,Valeur normale,0,Units,2,Two
DATAFLOW,OECD.CFE.EDS:DSD_REG_DEMO@DF_DENSITY(2.0),Densité de population - Régions,I,A,Annuelle,CTRY,Pays,ISL,Islande,_Z,N'est pas applicable,POP,Population,_T,Total,_T,Total,PS_KM2,Personnes par kilomètre carré,2020,,3.63,,ISL,Islande,A,Valeur normale,0,Units,2,Two
DATAFLOW,OECD.CFE.EDS:DSD_REG_DEMO@DF_DENSITY(2.0),Densité de population - Régions,I,A,Annuelle,CTRY,Pays,ISL,Islande,_Z,N'est pas applicable,POP,Population,_T,Total,_T,Total,PS_KM2,Personnes par kilomètre carré,2017,,3.37,,ISL,Islande,A,Valeur normale,0,Units,2,Two
DATAFLOW,OECD.CFE.EDS:DSD_REG_DEMO@DF_DENSITY(2.0),Densité de population - Régions,I,A,Annuelle,CTRY,Pays,ISL,Islande,_Z,N'est pas applicable,POP,Population,_T,Total,_T,Total,PS_KM2,Personnes par kilomètre carré,2018,,3.47,,ISL,Islande,A,Valeur normale,0,Units,2,Two
DATAFLOW,OECD.CFE.EDS:DSD_REG_DEMO@DF_DENSITY(2.0),Densité de population - Régions,I,A,Annuelle,CTRY,Pays,ISL,Islande,_Z,N'est pas applicable,POP,Population,_T,Total,_T,Total,PS_KM2,Personnes par kilomètre carré,2022,,3.75,,ISL,Islande,A,Valeur normale,0,Units,2,Two
DATAFLOW,OECD.CFE.EDS:DSD_REG_DEMO@DF_DENSITY(2.0),Densité de population - Régions,I,A,Annuelle,CTRY,Pays,ISL,Islande,_Z,N'est pas applicable,POP,Population,_T,Total,_T,Total,PS_KM2,Personnes par kilomètre carré,2023,,3.86,,ISL,Islande,A,Valeur normale,0,Units,2,Two
DATAFLOW,OECD.CFE.EDS:DSD_REG_DEMO@DF_DENSITY(2.0),Densité de population - Régions,I,A,Annuelle,CTRY,Pays,ISL,Islande,_Z,N'est pas applicable,POP,Population,_T,Total,_T,Total,PS_KM2,Personnes par kilomètre carré,2015,,3.28,,ISL,Islande,A,Valeur normale,0,Units,2,Two
DATAFLOW,OECD.CFE.EDS:DSD_REG_DEMO@DF_DENSITY(2.0),Densité de population - Régions,I,A,Annuelle,CTRY,Pays,ISL,Islande,_Z,N'est pas applicable,POP,Population,_T,Total,_T,Total,PS_KM2,Personnes par kilomètre carré,2016,,3.31,,ISL,Islande,A,Valeur normale,0,Units,2,Two
DATAFLOW,OECD.CFE.EDS:DSD_REG_DEMO@DF_DENSITY(2.0),Densité de population - Régions,I,A,Annuelle,CTRY,Pays,ISL,Islande,_Z,N'est pas applicable,POP,Population,_T,Total,_T,Total,PS_KM2,Personnes par kilomètre carré,2011,,3.17,,ISL,Islande,A,Valeur normale,0,Units,2,Two
DATAFLOW,OECD.CFE.EDS:DSD_REG_DEMO@DF_DENSITY(2.0),Densité de population - Régions,I,A,Annuelle,CTRY,Pays,ISL,Islande,_Z,N'est pas applicable,POP,Population,_T,Total,_T,Total,PS_KM2,Personnes par kilomètre carré,2012,,3.18,,ISL,Islande,A,Valeur normale,0,Units,2,Two
DATAFLOW,OECD.CFE.EDS:DSD_REG_DEMO@DF_DENSITY(2.0),Densité de population - Régions,I,A,Annuelle,CTRY,Pays,ISL,Islande,_Z,N'est pas applicable,POP,Population,_T,Total,_T,Total,PS_KM2,Personnes par kilomètre carré,2013,,3.2,,ISL,Islande,A,Valeur normale,0,Units,2,Two
DATAFLOW,OECD.CFE.EDS:DSD_REG_DEMO@DF_DENSITY(2.0),Densité de population - Régions,I,A,Annuelle,CTRY,Pays,ISL,Islande,_Z,N'est pas applicable,POP,Population,_T,Total,_T,Total,PS_KM2,Personnes par kilomètre carré,2014,,3.24,,ISL,Islande,A,Valeur normale,0,Units,2,Two
DATAFLOW,OECD.CFE.EDS:DSD_REG_DEMO@DF_DENSITY(2.0),Densité de population - Régions,I,A,Annuelle,CTRY,Pays,ISL,Islande,_Z,N'est pas applicable,POP,Population,_T,Total,_T,Total,PS_KM2,Personnes par kilomètre carré,2008,,3.14,,ISL,Islande,A,Valeur normale,0,Units,2,Two
DATAFLOW,OECD.CFE.EDS:DSD_REG_DEMO@DF_DENSITY(2.0),Densité de population - Régions,I,A,Annuelle,CTRY,Pays,ISL,Islande,_Z,N'est pas applicable,POP,Population,_T,Total,_T,Total,PS_KM2,Personnes par kilomètre carré,2010,,3.16,,ISL,Islande,A,Valeur normale,0,Units,2,Two
DATAFLOW,OECD.CFE.EDS:DSD_REG_DEMO@DF_DENSITY(2.0),Densité de population - Régions,I,A,Annuelle,CTRY,Pays,IRL,Irlande,_Z,N'est pas applicable,POP,Population,_T,Total,_T,Total,PS_KM2,Personnes par kilomètre carré,2003,,57.74,,IRL,Irlande,A,Valeur normale,0,Units,2,Two
DATAFLOW,OECD.CFE.EDS:DSD_REG_DEMO@DF_DENSITY(2.0),Densité de population - Régions,I,A,Annuelle,CTRY,Pays,IRL,Irlande,_Z,N'est pas applicable,POP,Population,_T,Total,_T,Total,PS_KM2,Personnes par kilomètre carré,2005,,59.89,,IRL,Irlande,A,Valeur normale,0,Units,2,Two
DATAFLOW,OECD.CFE.EDS:DSD_REG_DEMO@DF_DENSITY(2.0),Densité de population - Régions,I,A,Annuelle,CTRY,Pays,IRL,Irlande,_Z,N'est pas applicable,POP,Population,_T,Total,_T,Total,PS,Personnes,1996,,3620065,,IRL,Irlande,A,Valeur normale,0,Units,0,Zero
DATAFLOW,OECD.CFE.EDS:DSD_REG_DEMO@DF_DENSITY(2.0),Densité de population - Régions,I,A,Annuelle,CTRY,Pays,IRL,Irlande,_Z,N'est pas applicable,POP,Population,_T,Total,_T,Total,PS,Personnes,1997,,3654955,,IRL,Irlande,A,Valeur normale,0,Units,0,Zero
DATAFLOW,OECD.CFE.EDS:DSD_REG_DEMO@DF_DENSITY(2.0),Densité de population - Régions,I,A,Annuelle,CTRY,Pays,IRL,Irlande,_Z,N'est pas applicable,POP,Population,_T,Total,_T,Total,PS,Personnes,1998,,3693386,,IRL,Irlande,A,Valeur normale,0,Units,0,Zero
DATAFLOW,OECD.CFE.EDS:DSD_REG_DEMO@DF_DENSITY(2.0),Densité de population - Régions,I,A,Annuelle,CTRY,Pays,IRL,Irlande,_Z,N'est pas applicable,POP,Population,_T,Total,_T,Total,PS,Personnes,1993,,3569367,,IRL,Irlande,A,Valeur normale,0,Units,0,Zero
DATAFLOW,OECD.CFE.EDS:DSD_REG_DEMO@DF_DENSITY(2.0),Densité de population - Régions,I,A,Annuelle,CTRY,Pays,IRL,Irlande,_Z,N'est pas applicable,POP,Population,_T,Total,_T,Total,PS,Personnes,1991,,3520977,,IRL,Irlande,A,Valeur normale,0,Units,0,Zero
DATAFLOW,OECD.CFE.EDS:DSD_REG_DEMO@DF_DENSITY(2.0),Densité de population - Régions,I,A,Annuelle,CTRY,Pays,IRL,Irlande,_Z,N'est pas applicable,POP,Population,_T,Total,_T,Total,PS,Personnes,1990,,3506970,,IRL,Irlande,A,Valeur normale,0,Units,0,Zero
DATAFLOW,OECD.CFE.EDS:DSD_REG_DEMO@DF_DENSITY(2.0),Densité de population - Régions,I,A,Annuelle,CTRY,Pays,IRL,Irlande,_Z,N'est pas applicable,POP,Population,_T,Total,_T,Total,PS,Personnes,2015,,4677627,,IRL,Irlande,A,Valeur normale,0,Units,0,Zero
DATAFLOW,OECD.CFE.EDS:DSD_REG_DEMO@DF_DENSITY(2.0),Densité de population - Régions,I,A,Annuelle,CTRY,Pays,IRL,Irlande,_Z,N'est pas applicable,POP,Population,_T,Total,_T,Total,PS,Personnes,2004,,4028851,,IRL,Irlande,A,Valeur normale,0,Units,0,Zero
DATAFLOW,OECD.CFE.EDS:DSD_REG_DEMO@DF_DENSITY(2.0),Densité de population - Régions,I,A,Annuelle,CTRY,Pays,IRL,Irlande,_Z,N'est pas applicable,POP,Population,_T,Total,_T,Total,PS,Personnes,1994,,3583154,,IRL,Irlande,A,Valeur normale,0,Units,0,Zero
DATAFLOW,OECD.CFE.EDS:DSD_REG_DEMO@DF_DENSITY(2.0),Densité de population - Régions,I,A,Annuelle,CTRY,Pays,IRL,Irlande,_Z,N'est pas applicable,POP,Population,_T,Total,_T,Total,PS,Personnes,1995,,3597617,,IRL,Irlande,A,Valeur normale,0,Units,0,Zero
DATAFLOW,OECD.CFE.EDS:DSD_REG_DEMO@DF_DENSITY(2.0),Densité de population - Régions,I,A,Annuelle,CTRY,Pays,IRL,Irlande,_Z,N'est pas applicable,POP,Population,_T,Total,_T,Total,PS,Personnes,2008,,4457765,,IRL,Irlande,A,Valeur normale,0,Units,0,Zero
DATAFLOW,OECD.CFE.EDS:DSD_REG_DEMO@DF_DENSITY(2.0),Densité de population - Régions,I,A,Annuelle,CTRY,Pays,IRL,Irlande,_Z,N'est pas applicable,POP,Population,_T,Total,_T,Total,PS,Personnes,1999,,3732006,,IRL,Irlande,A,Valeur normale,0,Units,0,Zero
DATAFLOW,OECD.CFE.EDS:DSD_REG_DEMO@DF_DENSITY(2.0),Densité de population - Régions,I,A,Annuelle,CTRY,Pays,IRL,Irlande,_Z,N'est pas applicable,POP,Population,_T,Total,_T,Total,PS,Personnes,2012,,4589287,,IRL,Irlande,A,Valeur normale,0,Units,0,Zero
DATAFLOW,OECD.CFE.EDS:DSD_REG_DEMO@DF_DENSITY(2.0),Densité de population - Régions,I,A,Annuelle,CTRY,Pays,IRL,Irlande,_Z,N'est pas applicable,POP,Population,_T,Total,_T,Total,PS,Personnes,2013,,4609779,,IRL,Irlande,A,Valeur normale,0,Units,0,Zero
DATAFLOW,OECD.CFE.EDS:DSD_REG_DEMO@DF_DENSITY(2.0),Densité de population - Régions,I,A,Annuelle,CTRY,Pays,IRL,Irlande,_Z,N'est pas applicable,POP,Population,_T,Total,_T,Total,PS,Personnes,2006,,4208156,,IRL,Irlande,A,Valeur normale,0,Units,0,Zero
DATAFLOW,OECD.CFE.EDS:DSD_REG_DEMO@DF_DENSITY(2.0),Densité de population - Régions,I,A,Annuelle,CTRY,Pays,IRL,Irlande,_Z,N'est pas applicable,POP,Population,_T,Total,_T,Total,PS,Personnes,2007,,4340118,,IRL,Irlande,A,Valeur normale,0,Units,0,Zero
DATAFLOW,OECD.CFE.EDS:DSD_REG_DEMO@DF_DENSITY(2.0),Densité de population - Régions,I,A,Annuelle,CTRY,Pays,IRL,Irlande,_Z,N'est pas applicable,POP,Population,_T,Total,_T,Total,PS,Personnes,1992,,3547492,,IRL,Irlande,A,Valeur normale,0,Units,0,Zero
DATAFLOW,OECD.CFE.EDS:DSD_REG_DEMO@DF_DENSITY(2.0),Densité de population - Régions,I,A,Annuelle,CTRY,Pays,IRL,Irlande,_Z,N'est pas applicable,POP,Population,_T,Total,_T,Total,PS,Personnes,2001,,3832783,,IRL,Irlande,A,Valeur normale,0,Units,0,Zero
DATAFLOW,OECD.CFE.EDS:DSD_REG_DEMO@DF_DENSITY(2.0),Densité de population - Régions,I,A,Annuelle,CTRY,Pays,IRL,Irlande,_Z,N'est pas applicable,POP,Population,_T,Total,_T,Total,PS,Personnes,2002,,3899702,,IRL,Irlande,A,Valeur normale,0,Units,0,Zero
DATAFLOW,OECD.CFE.EDS:DSD_REG_DEMO@DF_DENSITY(2.0),Densité de population - Régions,I,A,Annuelle,CTRY,Pays,IRL,Irlande,_Z,N'est pas applicable,POP,Population,_T,Total,_T,Total,PS,Personnes,2003,,3964191,,IRL,Irlande,A,Valeur normale,0,Units,0,Zero
DATAFLOW,OECD.CFE.EDS:DSD_REG_DEMO@DF_DENSITY(2.0),Densité de population - Régions,I,A,Annuelle,CTRY,Pays,IRL,Irlande,_Z,N'est pas applicable,POP,Population,_T,Total,_T,Total,PS_KM2,Personnes par kilomètre carré,2006,,61.29,,IRL,Irlande,A,Valeur normale,0,Units,2,Two
DATAFLOW,OECD.CFE.EDS:DSD_REG_DEMO@DF_DENSITY(2.0),Densité de population - Régions,I,A,Annuelle,CTRY,Pays,IRL,Irlande,_Z,N'est pas applicable,POP,Population,_T,Total,_T,Total,PS_KM2,Personnes par kilomètre carré,2007,,63.22,,IRL,Irlande,A,Valeur normale,0,Units,2,Two
DATAFLOW,OECD.CFE.EDS:DSD_REG_DEMO@DF_DENSITY(2.0),Densité de population - Régions,I,A,Annuelle,CTRY,Pays,IRL,Irlande,_Z,N'est pas applicable,POP,Population,_T,Total,_T,Total,PS_KM2,Personnes par kilomètre carré,2009,,65.86,,IRL,Irlande,A,Valeur normale,0,Units,2,Two
DATAFLOW,OECD.CFE.EDS:DSD_REG_DEMO@DF_DENSITY(2.0),Densité de population - Régions,I,A,Annuelle,CTRY,Pays,IRL,Irlande,_Z,N'est pas applicable,POP,Population,_T,Total,_T,Total,PS_KM2,Personnes par kilomètre carré,2001,,55.83,,IRL,Irlande,A,Valeur normale,0,Units,2,Two
DATAFLOW,OECD.CFE.EDS:DSD_REG_DEMO@DF_DENSITY(2.0),Densité de population - Régions,I,A,Annuelle,CTRY,Pays,IRL,Irlande,_Z,N'est pas applicable,POP,Population,_T,Total,_T,Total,PS_KM2,Personnes par kilomètre carré,2002,,56.8,,IRL,Irlande,A,Valeur normale,0,Units,2,Two
DATAFLOW,OECD.CFE.EDS:DSD_REG_DEMO@DF_DENSITY(2.0),Densité de population - Régions,I,A,Annuelle,CTRY,Pays,IRL,Irlande,_Z,N'est pas applicable,POP,Population,_T,Total,_T,Total,PS_KM2,Personnes par kilomètre carré,1996,,52.73,,IRL,Irlande,A,Valeur normale,0,Units,2,Two
DATAFLOW,OECD.CFE.EDS:DSD_REG_DEMO@DF_DENSITY(2.0),Densité de population - Régions,I,A,Annuelle,CTRY,Pays,IRL,Irlande,_Z,N'est pas applicable,POP,Population,_T,Total,_T,Total,PS_KM2,Personnes par kilomètre carré,1997,,53.24,,IRL,Irlande,A,Valeur normale,0,Units,2,Two
DATAFLOW,OECD.CFE.EDS:DSD_REG_DEMO@DF_DENSITY(2.0),Densité de population - Régions,I,A,Annuelle,CTRY,Pays,IRL,Irlande,_Z,N'est pas applicable,POP,Population,_T,Total,_T,Total,PS_KM2,Personnes par kilomètre carré,2000,,55.02,,IRL,Irlande,A,Valeur normale,0,Units,2,Two
DATAFLOW,OECD.CFE.EDS:DSD_REG_DEMO@DF_DENSITY(2.0),Densité de population - Régions,I,A,Annuelle,CTRY,Pays,IRL,Irlande,_Z,N'est pas applicable,POP,Population,_T,Total,_T,Total,PS_KM2,Personnes par kilomètre carré,1991,,51.29,,IRL,Irlande,A,Valeur normale,0,Units,2,Two
DATAFLOW,OECD.CFE.EDS:DSD_REG_DEMO@DF_DENSITY(2.0),Densité de population - Régions,I,A,Annuelle,CTRY,Pays,IRL,Irlande,_Z,N'est pas applicable,POP,Population,_T,Total,_T,Total,PS_KM2,Personnes par kilomètre carré,2004,,58.68,,IRL,Irlande,A,Valeur normale,0,Units,2,Two
DATAFLOW,OECD.CFE.EDS:DSD_REG_DEMO@DF_DENSITY(2.0),Densité de population - Régions,I,A,Annuelle,CTRY,Pays,IRL,Irlande,_Z,N'est pas applicable,POP,Population,_T,Total,_T,Total,PS_KM2,Personnes par kilomètre carré,1995,,52.4,,IRL,Irlande,A,Valeur normale,0,Units,2,Two
DATAFLOW,OECD.CFE.EDS:DSD_REG_DEMO@DF_DENSITY(2.0),Densité de population - Régions,I,A,Annuelle,CTRY,Pays,IRL,Irlande,_Z,N'est pas applicable,POP,Population,_T,Total,_T,Total,PS_KM2,Personnes par kilomètre carré,1994,,52.19,,IRL,Irlande,A,Valeur normale,0,Units,2,Two
DATAFLOW,OECD.CFE.EDS:DSD_REG_DEMO@DF_DENSITY(2.0),Densité de population - Régions,I,A,Annuelle,CTRY,Pays,IRL,Irlande,_Z,N'est pas applicable,POP,Population,_T,Total,_T,Total,PS_KM2,Personnes par kilomètre carré,1999,,54.36,,IRL,Irlande,A,Valeur normale,0,Units,2,Two
DATAFLOW,OECD.CFE.EDS:DSD_REG_DEMO@DF_DENSITY(2.0),Densité de population - Régions,I,A,Annuelle,CTRY,Pays,IRL,Irlande,_Z,N'est pas applicable,POP,Population,_T,Total,_T,Total,PS_KM2,Personnes par kilomètre carré,1990,,51.08,,IRL,Irlande,A,Valeur normale,0,Units,2,Two
DATAFLOW,OECD.CFE.EDS:DSD_REG_DEMO@DF_DENSITY(2.0),Densité de population - Régions,I,A,Annuelle,CTRY,Pays,IRL,Irlande,_Z,N'est pas applicable,POP,Population,_T,Total,_T,Total,PS_KM2,Personnes par kilomètre carré,1993,,51.99,,IRL,Irlande,A,Valeur normale,0,Units,2,Two
DATAFLOW,OECD.CFE.EDS:DSD_REG_DEMO@DF_DENSITY(2.0),Densité de population - Régions,I,A,Annuelle,CTRY,Pays,IRL,Irlande,_Z,N'est pas applicable,POP,Population,_T,Total,_T,Total,PS_KM2,Personnes par kilomètre carré,1998,,53.8,,IRL,Irlande,A,Valeur normale,0,Units,2,Two
DATAFLOW,OECD.CFE.EDS:DSD_REG_DEMO@DF_DENSITY(2.0),Densité de population - Régions,I,A,Annuelle,CTRY,Pays,IRL,Irlande,_Z,N'est pas applicable,POP,Population,_T,Total,_T,Total,PS_KM2,Personnes par kilomètre carré,1992,,51.67,,IRL,Irlande,A,Valeur normale,0,Units,2,Two
DATAFLOW,OECD.CFE.EDS:DSD_REG_DEMO@DF_DENSITY(2.0),Densité de population - Régions,I,A,Annuelle,CTRY,Pays,IRL,Irlande,_Z,N'est pas applicable,POP,Population,_T,Total,_T,Total,PS,Personnes,2019,,4940311,,IRL,Irlande,A,Valeur normale,0,Units,0,Zero
DATAFLOW,OECD.CFE.EDS:DSD_REG_DEMO@DF_DENSITY(2.0),Densité de population - Régions,I,A,Annuelle,CTRY,Pays,IRL,Irlande,_Z,N'est pas applicable,POP,Population,_T,Total,_T,Total,PS,Personnes,2020,,5012600,,IRL,Irlande,A,Valeur normale,0,Units,0,Zero
DATAFLOW,OECD.CFE.EDS:DSD_REG_DEMO@DF_DENSITY(2.0),Densité de population - Régions,I,A,Annuelle,CTRY,Pays,IRL,Irlande,_Z,N'est pas applicable,POP,Population,_T,Total,_T,Total,PS,Personnes,2021,,5066893,,IRL,Irlande,A,Valeur normale,0,Units,0,Zero
DATAFLOW,OECD.CFE.EDS:DSD_REG_DEMO@DF_DENSITY(2.0),Densité de population - Régions,I,A,Annuelle,CTRY,Pays,IRL,Irlande,_Z,N'est pas applicable,POP,Population,_T,Total,_T,Total,PS,Personnes,2017,,4799157,,IRL,Irlande,A,Valeur normale,0,Units,0,Zero
DATAFLOW,OECD.CFE.EDS:DSD_REG_DEMO@DF_DENSITY(2.0),Densité de population - Régions,I,A,Annuelle,CTRY,Pays,IRL,Irlande,_Z,N'est pas applicable,POP,Population,_T,Total,_T,Total,PS,Personnes,2018,,4855733,,IRL,Irlande,A,Valeur normale,0,Units,0,Zero
DATAFLOW,OECD.CFE.EDS:DSD_REG_DEMO@DF_DENSITY(2.0),Densité de population - Régions,I,A,Annuelle,CTRY,Pays,IRL,Irlande,_Z,N'est pas applicable,POP,Population,_T,Total,_T,Total,PS,Personnes,2023,,5271395,,IRL,Irlande,A,Valeur normale,0,Units,0,Zero
DATAFLOW,OECD.CFE.EDS:DSD_REG_DEMO@DF_DENSITY(2.0),Densité de population - Régions,I,A,Annuelle,CTRY,Pays,IRL,Irlande,_Z,N'est pas applicable,POP,Population,_T,Total,_T,Total,PS,Personnes,2022,,5154277,,IRL,Irlande,A,Valeur normale,0,Units,0,Zero
DATAFLOW,OECD.CFE.EDS:DSD_REG_DEMO@DF_DENSITY(2.0),Densité de population - Régions,I,A,Annuelle,CTRY,Pays,IRL,Irlande,_Z,N'est pas applicable,POP,Population,_T,Total,_T,Total,PS,Personnes,2010,,4549428,,IRL,Irlande,A,Valeur normale,0,Units,0,Zero
DATAFLOW,OECD.CFE.EDS:DSD_REG_DEMO@DF_DENSITY(2.0),Densité de population - Régions,I,A,Annuelle,CTRY,Pays,IRL,Irlande,_Z,N'est pas applicable,POP,Population,_T,Total,_T,Total,PS,Personnes,2011,,4570881,,IRL,Irlande,A,Valeur normale,0,Units,0,Zero
DATAFLOW,OECD.CFE.EDS:DSD_REG_DEMO@DF_DENSITY(2.0),Densité de population - Régions,I,A,Annuelle,CTRY,Pays,IRL,Irlande,_Z,N'est pas applicable,POP,Population,_T,Total,_T,Total,PS,Personnes,2016,,4726286,,IRL,Irlande,A,Valeur normale,0,Units,0,Zero
DATAFLOW,OECD.CFE.EDS:DSD_REG_DEMO@DF_DENSITY(2.0),Densité de population - Régions,I,A,Annuelle,CTRY,Pays,IRL,Irlande,_Z,N'est pas applicable,POP,Population,_T,Total,_T,Total,PS,Personnes,2005,,4111672,,IRL,Irlande,A,Valeur normale,0,Units,0,Zero
DATAFLOW,OECD.CFE.EDS:DSD_REG_DEMO@DF_DENSITY(2.0),Densité de population - Régions,I,A,Annuelle,CTRY,Pays,IRL,Irlande,_Z,N'est pas applicable,POP,Population,_T,Total,_T,Total,PS,Personnes,2009,,4521322,,IRL,Irlande,A,Valeur normale,0,Units,0,Zero
DATAFLOW,OECD.CFE.EDS:DSD_REG_DEMO@DF_DENSITY(2.0),Densité de population - Régions,I,A,Annuelle,CTRY,Pays,IRL,Irlande,_Z,N'est pas applicable,POP,Population,_T,Total,_T,Total,PS,Personnes,2000,,3777565,,IRL,Irlande,A,Valeur normale,0,Units,0,Zero
DATAFLOW,OECD.CFE.EDS:DSD_REG_DEMO@DF_DENSITY(2.0),Densité de population - Régions,I,A,Annuelle,CTRY,Pays,IRL,Irlande,_Z,N'est pas applicable,POP,Population,_T,Total,_T,Total,PS,Personnes,2014,,4637852,,IRL,Irlande,A,Valeur normale,0,Units,0,Zero
DATAFLOW,OECD.CFE.EDS:DSD_REG_DEMO@DF_DENSITY(2.0),Densité de population - Régions,I,A,Annuelle,CTRY,Pays,IRL,Irlande,_Z,N'est pas applicable,POP,Population,_T,Total,_T,Total,PS_KM2,Personnes par kilomètre carré,2019,,71.96,,IRL,Irlande,A,Valeur normale,0,Units,2,Two
DATAFLOW,OECD.CFE.EDS:DSD_REG_DEMO@DF_DENSITY(2.0),Densité de population - Régions,I,A,Annuelle,CTRY,Pays,IRL,Irlande,_Z,N'est pas applicable,POP,Population,_T,Total,_T,Total,PS_KM2,Personnes par kilomètre carré,2020,,73.01,,IRL,Irlande,A,Valeur normale,0,Units,2,Two
DATAFLOW,OECD.CFE.EDS:DSD_REG_DEMO@DF_DENSITY(2.0),Densité de population - Régions,I,A,Annuelle,CTRY,Pays,IRL,Irlande,_Z,N'est pas applicable,POP,Population,_T,Total,_T,Total,PS_KM2,Personnes par kilomètre carré,2021,,73.8,,IRL,Irlande,A,Valeur normale,0,Units,2,Two
DATAFLOW,OECD.CFE.EDS:DSD_REG_DEMO@DF_DENSITY(2.0),Densité de population - Régions,I,A,Annuelle,CTRY,Pays,IRL,Irlande,_Z,N'est pas applicable,POP,Population,_T,Total,_T,Total,PS_KM2,Personnes par kilomètre carré,2017,,69.9,,IRL,Irlande,A,Valeur normale,0,Units,2,Two
DATAFLOW,OECD.CFE.EDS:DSD_REG_DEMO@DF_DENSITY(2.0),Densité de population - Régions,I,A,Annuelle,CTRY,Pays,IRL,Irlande,_Z,N'est pas applicable,POP,Population,_T,Total,_T,Total,PS_KM2,Personnes par kilomètre carré,2018,,70.73,,IRL,Irlande,A,Valeur normale,0,Units,2,Two
DATAFLOW,OECD.CFE.EDS:DSD_REG_DEMO@DF_DENSITY(2.0),Densité de population - Régions,I,A,Annuelle,CTRY,Pays,IRL,Irlande,_Z,N'est pas applicable,POP,Population,_T,Total,_T,Total,PS_KM2,Personnes par kilomètre carré,2014,,67.55,,IRL,Irlande,A,Valeur normale,0,Units,2,Two
DATAFLOW,OECD.CFE.EDS:DSD_REG_DEMO@DF_DENSITY(2.0),Densité de population - Régions,I,A,Annuelle,CTRY,Pays,IRL,Irlande,_Z,N'est pas applicable,POP,Population,_T,Total,_T,Total,PS_KM2,Personnes par kilomètre carré,2023,,76.78,,IRL,Irlande,A,Valeur normale,0,Units,2,Two
DATAFLOW,OECD.CFE.EDS:DSD_REG_DEMO@DF_DENSITY(2.0),Densité de population - Régions,I,A,Annuelle,CTRY,Pays,IRL,Irlande,_Z,N'est pas applicable,POP,Population,_T,Total,_T,Total,PS_KM2,Personnes par kilomètre carré,2013,,67.14,,IRL,Irlande,A,Valeur normale,0,Units,2,Two
DATAFLOW,OECD.CFE.EDS:DSD_REG_DEMO@DF_DENSITY(2.0),Densité de population - Régions,I,A,Annuelle,CTRY,Pays,IRL,Irlande,_Z,N'est pas applicable,POP,Population,_T,Total,_T,Total,PS_KM2,Personnes par kilomètre carré,2022,,75.08,,IRL,Irlande,A,Valeur normale,0,Units,2,Two
DATAFLOW,OECD.CFE.EDS:DSD_REG_DEMO@DF_DENSITY(2.0),Densité de population - Régions,I,A,Annuelle,CTRY,Pays,IRL,Irlande,_Z,N'est pas applicable,POP,Population,_T,Total,_T,Total,PS_KM2,Personnes par kilomètre carré,2015,,68.13,,IRL,Irlande,A,Valeur normale,0,Units,2,Two
DATAFLOW,OECD.CFE.EDS:DSD_REG_DEMO@DF_DENSITY(2.0),Densité de population - Régions,I,A,Annuelle,CTRY,Pays,IRL,Irlande,_Z,N'est pas applicable,POP,Population,_T,Total,_T,Total,PS_KM2,Personnes par kilomètre carré,2016,,68.84,,IRL,Irlande,A,Valeur normale,0,Units,2,Two
DATAFLOW,OECD.CFE.EDS:DSD_REG_DEMO@DF_DENSITY(2.0),Densité de population - Régions,I,A,Annuelle,CTRY,Pays,IRL,Irlande,_Z,N'est pas applicable,POP,Population,_T,Total,_T,Total,PS_KM2,Personnes par kilomètre carré,2008,,64.93,,IRL,Irlande,A,Valeur normale,0,Units,2,Two
DATAFLOW,OECD.CFE.EDS:DSD_REG_DEMO@DF_DENSITY(2.0),Densité de population - Régions,I,A,Annuelle,CTRY,Pays,IRL,Irlande,_Z,N'est pas applicable,POP,Population,_T,Total,_T,Total,PS_KM2,Personnes par kilomètre carré,2010,,66.27,,IRL,Irlande,A,Valeur normale,0,Units,2,Two
DATAFLOW,OECD.CFE.EDS:DSD_REG_DEMO@DF_DENSITY(2.0),Densité de population - Régions,I,A,Annuelle,CTRY,Pays,IRL,Irlande,_Z,N'est pas applicable,POP,Population,_T,Total,_T,Total,PS_KM2,Personnes par kilomètre carré,2011,,66.58,,IRL,Irlande,A,Valeur normale,0,Units,2,Two
DATAFLOW,OECD.CFE.EDS:DSD_REG_DEMO@DF_DENSITY(2.0),Densité de population - Régions,I,A,Annuelle,CTRY,Pays,ISR,Israël,_Z,N'est pas applicable,POP,Population,_T,Total,_T,Total,PS_KM2,Personnes par kilomètre carré,2019,,394.58,,ISR,Israël,A,Valeur normale,0,Units,2,Two
DATAFLOW,OECD.CFE.EDS:DSD_REG_DEMO@DF_DENSITY(2.0),Densité de population - Régions,I,A,Annuelle,CTRY,Pays,ISR,Israël,_Z,N'est pas applicable,POP,Population,_T,Total,_T,Total,PS_KM2,Personnes par kilomètre carré,2022,,415.26,,ISR,Israël,A,Valeur normale,0,Units,2,Two
DATAFLOW,OECD.CFE.EDS:DSD_REG_DEMO@DF_DENSITY(2.0),Densité de population - Régions,I,A,Annuelle,CTRY,Pays,ISR,Israël,_Z,N'est pas applicable,POP,Population,_T,Total,_T,Total,PS,Personnes,2008,,7024900,,ISR,Israël,A,Valeur normale,0,Units,0,Zero
DATAFLOW,OECD.CFE.EDS:DSD_REG_DEMO@DF_DENSITY(2.0),Densité de population - Régions,I,A,Annuelle,CTRY,Pays,ISR,Israël,_Z,N'est pas applicable,POP,Population,_T,Total,_T,Total,PS,Personnes,2001,,6235800,,ISR,Israël,A,Valeur normale,0,Units,0,Zero
DATAFLOW,OECD.CFE.EDS:DSD_REG_DEMO@DF_DENSITY(2.0),Densité de population - Régions,I,A,Annuelle,CTRY,Pays,ISR,Israël,_Z,N'est pas applicable,POP,Population,_T,Total,_T,Total,PS,Personnes,2002,,6355600,,ISR,Israël,A,Valeur normale,0,Units,0,Zero
DATAFLOW,OECD.CFE.EDS:DSD_REG_DEMO@DF_DENSITY(2.0),Densité de population - Régions,I,A,Annuelle,CTRY,Pays,ISR,Israël,_Z,N'est pas applicable,POP,Population,_T,Total,_T,Total,PS,Personnes,1996,,5672500,,ISR,Israël,A,Valeur normale,0,Units,0,Zero
DATAFLOW,OECD.CFE.EDS:DSD_REG_DEMO@DF_DENSITY(2.0),Densité de population - Régions,I,A,Annuelle,CTRY,Pays,ISR,Israël,_Z,N'est pas applicable,POP,Population,_T,Total,_T,Total,PS,Personnes,1997,,5823200,,ISR,Israël,A,Valeur normale,0,Units,0,Zero
DATAFLOW,OECD.CFE.EDS:DSD_REG_DEMO@DF_DENSITY(2.0),Densité de population - Régions,I,A,Annuelle,CTRY,Pays,ISR,Israël,_Z,N'est pas applicable,POP,Population,_T,Total,_T,Total,PS,Personnes,1998,,5965000,,ISR,Israël,A,Valeur normale,0,Units,0,Zero
DATAFLOW,OECD.CFE.EDS:DSD_REG_DEMO@DF_DENSITY(2.0),Densité de population - Régions,I,A,Annuelle,CTRY,Pays,ISR,Israël,_Z,N'est pas applicable,POP,Population,_T,Total,_T,Total,PS,Personnes,2022,,8987556,,ISR,Israël,A,Valeur normale,0,Units,0,Zero
DATAFLOW,OECD.CFE.EDS:DSD_REG_DEMO@DF_DENSITY(2.0),Densité de population - Régions,I,A,Annuelle,CTRY,Pays,ISR,Israël,_Z,N'est pas applicable,POP,Population,_T,Total,_T,Total,PS,Personnes,2009,,7095400,,ISR,Israël,A,Valeur normale,0,Units,0,Zero
DATAFLOW,OECD.CFE.EDS:DSD_REG_DEMO@DF_DENSITY(2.0),Densité de population - Régions,I,A,Annuelle,CTRY,Pays,ISR,Israël,_Z,N'est pas applicable,POP,Population,_T,Total,_T,Total,PS,Personnes,2010,,7256000,,ISR,Israël,A,Valeur normale,0,Units,0,Zero
DATAFLOW,OECD.CFE.EDS:DSD_REG_DEMO@DF_DENSITY(2.0),Densité de population - Régions,I,A,Annuelle,CTRY,Pays,ISR,Israël,_Z,N'est pas applicable,POP,Population,_T,Total,_T,Total,PS,Personnes,1999,,6119100,,ISR,Israël,A,Valeur normale,0,Units,0,Zero
DATAFLOW,OECD.CFE.EDS:DSD_REG_DEMO@DF_DENSITY(2.0),Densité de population - Régions,I,A,Annuelle,CTRY,Pays,ISR,Israël,_Z,N'est pas applicable,POP,Population,_T,Total,_T,Total,PS,Personnes,2000,,6098100,,ISR,Israël,A,Valeur normale,0,Units,0,Zero
DATAFLOW,OECD.CFE.EDS:DSD_REG_DEMO@DF_DENSITY(2.0),Densité de population - Régions,I,A,Annuelle,CTRY,Pays,ISR,Israël,_Z,N'est pas applicable,POP,Population,_T,Total,_T,Total,PS,Personnes,2013,,7643100,,ISR,Israël,A,Valeur normale,0,Units,0,Zero
DATAFLOW,OECD.CFE.EDS:DSD_REG_DEMO@DF_DENSITY(2.0),Densité de population - Régions,I,A,Annuelle,CTRY,Pays,ISR,Israël,_Z,N'est pas applicable,POP,Population,_T,Total,_T,Total,PS,Personnes,2014,,7778000,,ISR,Israël,A,Valeur normale,0,Units,0,Zero
DATAFLOW,OECD.CFE.EDS:DSD_REG_DEMO@DF_DENSITY(2.0),Densité de population - Régions,I,A,Annuelle,CTRY,Pays,ISR,Israël,_Z,N'est pas applicable,POP,Population,_T,Total,_T,Total,PS,Personnes,2019,,8539900,,ISR,Israël,A,Valeur normale,0,Units,0,Zero
DATAFLOW,OECD.CFE.EDS:DSD_REG_DEMO@DF_DENSITY(2.0),Densité de population - Régions,I,A,Annuelle,CTRY,Pays,ISR,Israël,_Z,N'est pas applicable,POP,Population,_T,Total,_T,Total,PS,Personnes,2020,,8698855,,ISR,Israël,A,Valeur normale,0,Units,0,Zero
DATAFLOW,OECD.CFE.EDS:DSD_REG_DEMO@DF_DENSITY(2.0),Densité de population - Régions,I,A,Annuelle,CTRY,Pays,ISR,Israël,_Z,N'est pas applicable,POP,Population,_T,Total,_T,Total,PS,Personnes,2011,,7384200,,ISR,Israël,A,Valeur normale,0,Units,0,Zero
DATAFLOW,OECD.CFE.EDS:DSD_REG_DEMO@DF_DENSITY(2.0),Densité de population - Régions,I,A,Annuelle,CTRY,Pays,ISR,Israël,_Z,N'est pas applicable,POP,Population,_T,Total,_T,Total,PS,Personnes,2012,,7511400,,ISR,Israël,A,Valeur normale,0,Units,0,Zero
DATAFLOW,OECD.CFE.EDS:DSD_REG_DEMO@DF_DENSITY(2.0),Densité de population - Régions,I,A,Annuelle,CTRY,Pays,ISR,Israël,_Z,N'est pas applicable,POP,Population,_T,Total,_T,Total,PS,Personnes,2003,,6463900,,ISR,Israël,A,Valeur normale,0,Units,0,Zero
DATAFLOW,OECD.CFE.EDS:DSD_REG_DEMO@DF_DENSITY(2.0),Densité de population - Régions,I,A,Annuelle,CTRY,Pays,ISR,Israël,_Z,N'est pas applicable,POP,Population,_T,Total,_T,Total,PS,Personnes,2004,,6570900,,ISR,Israël,A,Valeur normale,0,Units,0,Zero
DATAFLOW,OECD.CFE.EDS:DSD_REG_DEMO@DF_DENSITY(2.0),Densité de population - Régions,I,A,Annuelle,CTRY,Pays,ISR,Israël,_Z,N'est pas applicable,POP,Population,_T,Total,_T,Total,PS,Personnes,2007,,6909600,,ISR,Israël,A,Valeur normale,0,Units,0,Zero
DATAFLOW,OECD.CFE.EDS:DSD_REG_DEMO@DF_DENSITY(2.0),Densité de population - Régions,I,A,Annuelle,CTRY,Pays,ISR,Israël,_Z,N'est pas applicable,POP,Population,_T,Total,_T,Total,PS_KM2,Personnes par kilomètre carré,2012,,347.06,,ISR,Israël,A,Valeur normale,0,Units,2,Two
DATAFLOW,OECD.CFE.EDS:DSD_REG_DEMO@DF_DENSITY(2.0),Densité de population - Régions,I,A,Annuelle,CTRY,Pays,ISR,Israël,_Z,N'est pas applicable,POP,Population,_T,Total,_T,Total,PS_KM2,Personnes par kilomètre carré,2013,,353.14,,ISR,Israël,A,Valeur normale,0,Units,2,Two
DATAFLOW,OECD.CFE.EDS:DSD_REG_DEMO@DF_DENSITY(2.0),Densité de population - Régions,I,A,Annuelle,CTRY,Pays,ISR,Israël,_Z,N'est pas applicable,POP,Population,_T,Total,_T,Total,PS_KM2,Personnes par kilomètre carré,2015,,366.23,,ISR,Israël,A,Valeur normale,0,Units,2,Two
DATAFLOW,OECD.CFE.EDS:DSD_REG_DEMO@DF_DENSITY(2.0),Densité de population - Régions,I,A,Annuelle,CTRY,Pays,ISR,Israël,_Z,N'est pas applicable,POP,Population,_T,Total,_T,Total,PS_KM2,Personnes par kilomètre carré,2016,,373.22,,ISR,Israël,A,Valeur normale,0,Units,2,Two
DATAFLOW,OECD.CFE.EDS:DSD_REG_DEMO@DF_DENSITY(2.0),Densité de population - Régions,I,A,Annuelle,CTRY,Pays,ISR,Israël,_Z,N'est pas applicable,POP,Population,_T,Total,_T,Total,PS_KM2,Personnes par kilomètre carré,2017,,380.23,,ISR,Israël,A,Valeur normale,0,Units,2,Two
DATAFLOW,OECD.CFE.EDS:DSD_REG_DEMO@DF_DENSITY(2.0),Densité de population - Régions,I,A,Annuelle,CTRY,Pays,ISR,Israël,_Z,N'est pas applicable,POP,Population,_T,Total,_T,Total,PS_KM2,Personnes par kilomètre carré,2010,,335.26,,ISR,Israël,A,Valeur normale,0,Units,2,Two
DATAFLOW,OECD.CFE.EDS:DSD_REG_DEMO@DF_DENSITY(2.0),Densité de population - Régions,I,A,Annuelle,CTRY,Pays,ISR,Israël,_Z,N'est pas applicable,POP,Population,_T,Total,_T,Total,PS_KM2,Personnes par kilomètre carré,2023,,431.92,,ISR,Israël,A,Valeur normale,0,Units,2,Two
DATAFLOW,OECD.CFE.EDS:DSD_REG_DEMO@DF_DENSITY(2.0),Densité de population - Régions,I,A,Annuelle,CTRY,Pays,ISR,Israël,_Z,N'est pas applicable,POP,Population,_T,Total,_T,Total,PS_KM2,Personnes par kilomètre carré,2011,,341.18,,ISR,Israël,A,Valeur normale,0,Units,2,Two
DATAFLOW,OECD.CFE.EDS:DSD_REG_DEMO@DF_DENSITY(2.0),Densité de population - Régions,I,A,Annuelle,CTRY,Pays,ISR,Israël,_Z,N'est pas applicable,POP,Population,_T,Total,_T,Total,PS_KM2,Personnes par kilomètre carré,2006,,313.94,,ISR,Israël,A,Valeur normale,0,Units,2,Two
DATAFLOW,OECD.CFE.EDS:DSD_REG_DEMO@DF_DENSITY(2.0),Densité de population - Régions,I,A,Annuelle,CTRY,Pays,ISR,Israël,_Z,N'est pas applicable,POP,Population,_T,Total,_T,Total,PS_KM2,Personnes par kilomètre carré,2007,,319.25,,ISR,Israël,A,Valeur normale,0,Units,2,Two
DATAFLOW,OECD.CFE.EDS:DSD_REG_DEMO@DF_DENSITY(2.0),Densité de population - Régions,I,A,Annuelle,CTRY,Pays,ISR,Israël,_Z,N'est pas applicable,POP,Population,_T,Total,_T,Total,PS_KM2,Personnes par kilomètre carré,2008,,324.58,,ISR,Israël,A,Valeur normale,0,Units,2,Two
DATAFLOW,OECD.CFE.EDS:DSD_REG_DEMO@DF_DENSITY(2.0),Densité de population - Régions,I,A,Annuelle,CTRY,Pays,ISR,Israël,_Z,N'est pas applicable,POP,Population,_T,Total,_T,Total,PS_KM2,Personnes par kilomètre carré,2001,,288.12,,ISR,Israël,A,Valeur normale,0,Units,2,Two
DATAFLOW,OECD.CFE.EDS:DSD_REG_DEMO@DF_DENSITY(2.0),Densité de population - Régions,I,A,Annuelle,CTRY,Pays,ISR,Israël,_Z,N'est pas applicable,POP,Population,_T,Total,_T,Total,PS_KM2,Personnes par kilomètre carré,2002,,293.66,,ISR,Israël,A,Valeur normale,0,Units,2,Two
DATAFLOW,OECD.CFE.EDS:DSD_REG_DEMO@DF_DENSITY(2.0),Densité de population - Régions,I,A,Annuelle,CTRY,Pays,ISR,Israël,_Z,N'est pas applicable,POP,Population,_T,Total,_T,Total,PS_KM2,Personnes par kilomètre carré,2014,,359.38,,ISR,Israël,A,Valeur normale,0,Units,2,Two
DATAFLOW,OECD.CFE.EDS:DSD_REG_DEMO@DF_DENSITY(2.0),Densité de population - Régions,I,A,Annuelle,CTRY,Pays,ISR,Israël,_Z,N'est pas applicable,POP,Population,_T,Total,_T,Total,PS_KM2,Personnes par kilomètre carré,2005,,308.7,,ISR,Israël,A,Valeur normale,0,Units,2,Two
DATAFLOW,OECD.CFE.EDS:DSD_REG_DEMO@DF_DENSITY(2.0),Densité de population - Régions,I,A,Annuelle,CTRY,Pays,ISR,Israël,_Z,N'est pas applicable,POP,Population,_T,Total,_T,Total,PS_KM2,Personnes par kilomètre carré,1996,,262.09,,ISR,Israël,A,Valeur normale,0,Units,2,Two
DATAFLOW,OECD.CFE.EDS:DSD_REG_DEMO@DF_DENSITY(2.0),Densité de population - Régions,I,A,Annuelle,CTRY,Pays,ISR,Israël,_Z,N'est pas applicable,POP,Population,_T,Total,_T,Total,PS_KM2,Personnes par kilomètre carré,1997,,269.06,,ISR,Israël,A,Valeur normale,0,Units,2,Two
DATAFLOW,OECD.CFE.EDS:DSD_REG_DEMO@DF_DENSITY(2.0),Densité de population - Régions,I,A,Annuelle,CTRY,Pays,ISR,Israël,_Z,N'est pas applicable,POP,Population,_T,Total,_T,Total,PS_KM2,Personnes par kilomètre carré,1998,,275.61,,ISR,Israël,A,Valeur normale,0,Units,2,Two
DATAFLOW,OECD.CFE.EDS:DSD_REG_DEMO@DF_DENSITY(2.0),Densité de population - Régions,I,A,Annuelle,CTRY,Pays,ISR,Israël,_Z,N'est pas applicable,POP,Population,_T,Total,_T,Total,PS_KM2,Personnes par kilomètre carré,2009,,327.84,,ISR,Israël,A,Valeur normale,0,Units,2,Two
DATAFLOW,OECD.CFE.EDS:DSD_REG_DEMO@DF_DENSITY(2.0),Densité de population - Régions,I,A,Annuelle,CTRY,Pays,ISR,Israël,_Z,N'est pas applicable,POP,Population,_T,Total,_T,Total,PS_KM2,Personnes par kilomètre carré,2000,,281.76,,ISR,Israël,A,Valeur normale,0,Units,2,Two
DATAFLOW,OECD.CFE.EDS:DSD_REG_DEMO@DF_DENSITY(2.0),Densité de population - Régions,I,A,Annuelle,CTRY,Pays,ISR,Israël,_Z,N'est pas applicable,POP,Population,_T,Total,_T,Total,PS_KM2,Personnes par kilomètre carré,2004,,303.6,,ISR,Israël,A,Valeur normale,0,Units,2,Two
DATAFLOW,OECD.CFE.EDS:DSD_REG_DEMO@DF_DENSITY(2.0),Densité de population - Régions,I,A,Annuelle,CTRY,Pays,ISR,Israël,_Z,N'est pas applicable,POP,Population,_T,Total,_T,Total,PS_KM2,Personnes par kilomètre carré,1999,,282.73,,ISR,Israël,A,Valeur normale,0,Units,2,Two
DATAFLOW,OECD.CFE.EDS:DSD_REG_DEMO@DF_DENSITY(2.0),Densité de population - Régions,I,A,Annuelle,CTRY,Pays,ISR,Israël,_Z,N'est pas applicable,POP,Population,_T,Total,_T,Total,PS_KM2,Personnes par kilomètre carré,2003,,298.66,,ISR,Israël,A,Valeur normale,0,Units,2,Two
DATAFLOW,OECD.CFE.EDS:DSD_REG_DEMO@DF_DENSITY(2.0),Densité de population - Régions,I,A,Annuelle,CTRY,Pays,ISR,Israël,_Z,N'est pas applicable,POP,Population,_T,Total,_T,Total,PS,Personnes,2023,,9347995,,ISR,Israël,A,Valeur normale,0,Units,0,Zero
DATAFLOW,OECD.CFE.EDS:DSD_REG_DEMO@DF_DENSITY(2.0),Densité de population - Régions,I,A,Annuelle,CTRY,Pays,ISR,Israël,_Z,N'est pas applicable,POP,Population,_T,Total,_T,Total,PS,Personnes,2015,,7926300,,ISR,Israël,A,Valeur normale,0,Units,0,Zero
DATAFLOW,OECD.CFE.EDS:DSD_REG_DEMO@DF_DENSITY(2.0),Densité de population - Régions,I,A,Annuelle,CTRY,Pays,ISR,Israël,_Z,N'est pas applicable,POP,Population,_T,Total,_T,Total,PS,Personnes,2016,,8077500,,ISR,Israël,A,Valeur normale,0,Units,0,Zero
DATAFLOW,OECD.CFE.EDS:DSD_REG_DEMO@DF_DENSITY(2.0),Densité de population - Régions,I,A,Annuelle,CTRY,Pays,ISR,Israël,_Z,N'est pas applicable,POP,Population,_T,Total,_T,Total,PS,Personnes,2017,,8229300,,ISR,Israël,A,Valeur normale,0,Units,0,Zero
DATAFLOW,OECD.CFE.EDS:DSD_REG_DEMO@DF_DENSITY(2.0),Densité de population - Régions,I,A,Annuelle,CTRY,Pays,ISR,Israël,_Z,N'est pas applicable,POP,Population,_T,Total,_T,Total,PS,Personnes,2018,,8384500,,ISR,Israël,A,Valeur normale,0,Units,0,Zero
DATAFLOW,OECD.CFE.EDS:DSD_REG_DEMO@DF_DENSITY(2.0),Densité de population - Régions,I,A,Annuelle,CTRY,Pays,ISR,Israël,_Z,N'est pas applicable,POP,Population,_T,Total,_T,Total,PS,Personnes,2005,,6681300,,ISR,Israël,A,Valeur normale,0,Units,0,Zero
DATAFLOW,OECD.CFE.EDS:DSD_REG_DEMO@DF_DENSITY(2.0),Densité de population - Régions,I,A,Annuelle,CTRY,Pays,ISR,Israël,_Z,N'est pas applicable,POP,Population,_T,Total,_T,Total,PS,Personnes,2006,,6794700,,ISR,Israël,A,Valeur normale,0,Units,0,Zero
DATAFLOW,OECD.CFE.EDS:DSD_REG_DEMO@DF_DENSITY(2.0),Densité de population - Régions,I,A,Annuelle,CTRY,Pays,ISR,Israël,_Z,N'est pas applicable,POP,Population,_T,Total,_T,Total,PS,Personnes,2021,,8838020,,ISR,Israël,A,Valeur normale,0,Units,0,Zero
DATAFLOW,OECD.CFE.EDS:DSD_REG_DEMO@DF_DENSITY(2.0),Densité de population - Régions,I,A,Annuelle,CTRY,Pays,ISR,Israël,_Z,N'est pas applicable,POP,Population,_T,Total,_T,Total,PS_KM2,Personnes par kilomètre carré,2020,,401.92,,ISR,Israël,A,Valeur normale,0,Units,2,Two
DATAFLOW,OECD.CFE.EDS:DSD_REG_DEMO@DF_DENSITY(2.0),Densité de population - Régions,I,A,Annuelle,CTRY,Pays,ISR,Israël,_Z,N'est pas applicable,POP,Population,_T,Total,_T,Total,PS_KM2,Personnes par kilomètre carré,2021,,408.35,,ISR,Israël,A,Valeur normale,0,Units,2,Two
DATAFLOW,OECD.CFE.EDS:DSD_REG_DEMO@DF_DENSITY(2.0),Densité de population - Régions,I,A,Annuelle,CTRY,Pays,ITA,Italie,_Z,N'est pas applicable,POP,Population,_T,Total,_T,Total,PS_KM2,Personnes par kilomètre carré,2008,,198.11,,ITA,Italie,A,Valeur normale,0,Units,2,Two
DATAFLOW,OECD.CFE.EDS:DSD_REG_DEMO@DF_DENSITY(2.0),Densité de population - Régions,I,A,Annuelle,CTRY,Pays,ITA,Italie,_Z,N'est pas applicable,POP,Population,_T,Total,_T,Total,PS_KM2,Personnes par kilomètre carré,2009,,199.52,,ITA,Italie,A,Valeur normale,0,Units,2,Two
DATAFLOW,OECD.CFE.EDS:DSD_REG_DEMO@DF_DENSITY(2.0),Densité de population - Régions,I,A,Annuelle,CTRY,Pays,ITA,Italie,_Z,N'est pas applicable,POP,Population,_T,Total,_T,Total,PS,Personnes,1995,,56844408,,ITA,Italie,A,Valeur normale,0,Units,0,Zero
DATAFLOW,OECD.CFE.EDS:DSD_REG_DEMO@DF_DENSITY(2.0),Densité de population - Régions,I,A,Annuelle,CTRY,Pays,ITA,Italie,_Z,N'est pas applicable,POP,Population,_T,Total,_T,Total,PS,Personnes,1996,,56844197,,ITA,Italie,A,Valeur normale,0,Units,0,Zero
DATAFLOW,OECD.CFE.EDS:DSD_REG_DEMO@DF_DENSITY(2.0),Densité de population - Régions,I,A,Annuelle,CTRY,Pays,ITA,Italie,_Z,N'est pas applicable,POP,Population,_T,Total,_T,Total,PS,Personnes,1997,,56876364,,ITA,Italie,A,Valeur normale,0,Units,0,Zero
DATAFLOW,OECD.CFE.EDS:DSD_REG_DEMO@DF_DENSITY(2.0),Densité de population - Régions,I,A,Annuelle,CTRY,Pays,ITA,Italie,_Z,N'est pas applicable,POP,Population,_T,Total,_T,Total,PS,Personnes,1998,,56904379,,ITA,Italie,A,Valeur normale,0,Units,0,Zero
DATAFLOW,OECD.CFE.EDS:DSD_REG_DEMO@DF_DENSITY(2.0),Densité de population - Régions,I,A,Annuelle,CTRY,Pays,ITA,Italie,_Z,N'est pas applicable,POP,Population,_T,Total,_T,Total,PS,Personnes,1993,,56821250,,ITA,Italie,A,Valeur normale,0,Units,0,Zero
DATAFLOW,OECD.CFE.EDS:DSD_REG_DEMO@DF_DENSITY(2.0),Densité de population - Régions,I,A,Annuelle,CTRY,Pays,ITA,Italie,_Z,N'est pas applicable,POP,Population,_T,Total,_T,Total,PS,Personnes,1994,,56842392,,ITA,Italie,A,Valeur normale,0,Units,0,Zero
DATAFLOW,OECD.CFE.EDS:DSD_REG_DEMO@DF_DENSITY(2.0),Densité de population - Régions,I,A,Annuelle,CTRY,Pays,ITA,Italie,_Z,N'est pas applicable,POP,Population,_T,Total,_T,Total,PS,Personnes,2010,,59690316,,ITA,Italie,A,Valeur normale,0,Units,0,Zero
DATAFLOW,OECD.CFE.EDS:DSD_REG_DEMO@DF_DENSITY(2.0),Densité de population - Régions,I,A,Annuelle,CTRY,Pays,ITA,Italie,_Z,N'est pas applicable,POP,Population,_T,Total,_T,Total,PS,Personnes,2011,,59948497,,ITA,Italie,A,Valeur normale,0,Units,0,Zero
DATAFLOW,OECD.CFE.EDS:DSD_REG_DEMO@DF_DENSITY(2.0),Densité de population - Régions,I,A,Annuelle,CTRY,Pays,ITA,Italie,_Z,N'est pas applicable,POP,Population,_T,Total,_T,Total,PS,Personnes,2012,,60105185,,ITA,Italie,A,Valeur normale,0,Units,0,Zero
DATAFLOW,OECD.CFE.EDS:DSD_REG_DEMO@DF_DENSITY(2.0),Densité de population - Régions,I,A,Annuelle,CTRY,Pays,ITA,Italie,_Z,N'est pas applicable,POP,Population,_T,Total,_T,Total,PS,Personnes,2013,,60277309,,ITA,Italie,A,Valeur normale,0,Units,0,Zero
DATAFLOW,OECD.CFE.EDS:DSD_REG_DEMO@DF_DENSITY(2.0),Densité de population - Régions,I,A,Annuelle,CTRY,Pays,ITA,Italie,_Z,N'est pas applicable,POP,Population,_T,Total,_T,Total,PS,Personnes,2014,,60345917,,ITA,Italie,A,Valeur normale,0,Units,0,Zero
DATAFLOW,OECD.CFE.EDS:DSD_REG_DEMO@DF_DENSITY(2.0),Densité de population - Régions,I,A,Annuelle,CTRY,Pays,ITA,Italie,_Z,N'est pas applicable,POP,Population,_T,Total,_T,Total,PS,Personnes,2021,,59236213,,ITA,Italie,A,Valeur normale,0,Units,0,Zero
DATAFLOW,OECD.CFE.EDS:DSD_REG_DEMO@DF_DENSITY(2.0),Densité de population - Régions,I,A,Annuelle,CTRY,Pays,ITA,Italie,_Z,N'est pas applicable,POP,Population,_T,Total,_T,Total,PS,Personnes,2022,,59030133,,ITA,Italie,A,Valeur normale,0,Units,0,Zero
DATAFLOW,OECD.CFE.EDS:DSD_REG_DEMO@DF_DENSITY(2.0),Densité de population - Régions,I,A,Annuelle,CTRY,Pays,ITA,Italie,_Z,N'est pas applicable,POP,Population,_T,Total,_T,Total,PS,Personnes,1999,,56909109,,ITA,Italie,A,Valeur normale,0,Units,0,Zero
DATAFLOW,OECD.CFE.EDS:DSD_REG_DEMO@DF_DENSITY(2.0),Densité de population - Régions,I,A,Annuelle,CTRY,Pays,ITA,Italie,_Z,N'est pas applicable,POP,Population,_T,Total,_T,Total,PS,Personnes,2000,,56923524,,ITA,Italie,A,Valeur normale,0,Units,0,Zero
DATAFLOW,OECD.CFE.EDS:DSD_REG_DEMO@DF_DENSITY(2.0),Densité de population - Régions,I,A,Annuelle,CTRY,Pays,ITA,Italie,_Z,N'est pas applicable,POP,Population,_T,Total,_T,Total,PS,Personnes,2020,,59641488,,ITA,Italie,A,Valeur normale,0,Units,0,Zero
DATAFLOW,OECD.CFE.EDS:DSD_REG_DEMO@DF_DENSITY(2.0),Densité de population - Régions,I,A,Annuelle,CTRY,Pays,ITA,Italie,_Z,N'est pas applicable,POP,Population,_T,Total,_T,Total,PS,Personnes,1991,,56744119,,ITA,Italie,A,Valeur normale,0,Units,0,Zero
DATAFLOW,OECD.CFE.EDS:DSD_REG_DEMO@DF_DENSITY(2.0),Densité de population - Régions,I,A,Annuelle,CTRY,Pays,ITA,Italie,_Z,N'est pas applicable,POP,Population,_T,Total,_T,Total,PS,Personnes,1992,,56772923,,ITA,Italie,A,Valeur normale,0,Units,0,Zero
DATAFLOW,OECD.CFE.EDS:DSD_REG_DEMO@DF_DENSITY(2.0),Densité de population - Régions,I,A,Annuelle,CTRY,Pays,ITA,Italie,_Z,N'est pas applicable,POP,Population,_T,Total,_T,Total,PS,Personnes,2001,,56960692,,ITA,Italie,A,Valeur normale,0,Units,0,Zero
DATAFLOW,OECD.CFE.EDS:DSD_REG_DEMO@DF_DENSITY(2.0),Densité de population - Régions,I,A,Annuelle,CTRY,Pays,ITA,Italie,_Z,N'est pas applicable,POP,Population,_T,Total,_T,Total,PS,Personnes,1990,,56694360,,ITA,Italie,A,Valeur normale,0,Units,0,Zero
DATAFLOW,OECD.CFE.EDS:DSD_REG_DEMO@DF_DENSITY(2.0),Densité de population - Régions,I,A,Annuelle,CTRY,Pays,ITA,Italie,_Z,N'est pas applicable,POP,Population,_T,Total,_T,Total,PS_KM2,Personnes par kilomètre carré,2010,,200.42,,ITA,Italie,A,Valeur normale,0,Units,2,Two
DATAFLOW,OECD.CFE.EDS:DSD_REG_DEMO@DF_DENSITY(2.0),Densité de population - Régions,I,A,Annuelle,CTRY,Pays,ITA,Italie,_Z,N'est pas applicable,POP,Population,_T,Total,_T,Total,PS_KM2,Personnes par kilomètre carré,2011,,201.29,,ITA,Italie,A,Valeur normale,0,Units,2,Two
DATAFLOW,OECD.CFE.EDS:DSD_REG_DEMO@DF_DENSITY(2.0),Densité de population - Régions,I,A,Annuelle,CTRY,Pays,ITA,Italie,_Z,N'est pas applicable,POP,Population,_T,Total,_T,Total,PS_KM2,Personnes par kilomètre carré,2012,,201.81,,ITA,Italie,A,Valeur normale,0,Units,2,Two
DATAFLOW,OECD.CFE.EDS:DSD_REG_DEMO@DF_DENSITY(2.0),Densité de population - Régions,I,A,Annuelle,CTRY,Pays,ITA,Italie,_Z,N'est pas applicable,POP,Population,_T,Total,_T,Total,PS_KM2,Personnes par kilomètre carré,2013,,202.39,,ITA,Italie,A,Valeur normale,0,Units,2,Two
DATAFLOW,OECD.CFE.EDS:DSD_REG_DEMO@DF_DENSITY(2.0),Densité de population - Régions,I,A,Annuelle,CTRY,Pays,ITA,Italie,_Z,N'est pas applicable,POP,Population,_T,Total,_T,Total,PS_KM2,Personnes par kilomètre carré,2014,,202.62,,ITA,Italie,A,Valeur normale,0,Units,2,Two
DATAFLOW,OECD.CFE.EDS:DSD_REG_DEMO@DF_DENSITY(2.0),Densité de population - Régions,I,A,Annuelle,CTRY,Pays,ITA,Italie,_Z,N'est pas applicable,POP,Population,_T,Total,_T,Total,PS_KM2,Personnes par kilomètre carré,2001,,191.26,,ITA,Italie,A,Valeur normale,0,Units,2,Two
DATAFLOW,OECD.CFE.EDS:DSD_REG_DEMO@DF_DENSITY(2.0),Densité de population - Régions,I,A,Annuelle,CTRY,Pays,ITA,Italie,_Z,N'est pas applicable,POP,Population,_T,Total,_T,Total,PS_KM2,Personnes par kilomètre carré,1996,,190.86,,ITA,Italie,A,Valeur normale,0,Units,2,Two
DATAFLOW,OECD.CFE.EDS:DSD_REG_DEMO@DF_DENSITY(2.0),Densité de population - Régions,I,A,Annuelle,CTRY,Pays,ITA,Italie,_Z,N'est pas applicable,POP,Population,_T,Total,_T,Total,PS_KM2,Personnes par kilomètre carré,1997,,190.97,,ITA,Italie,A,Valeur normale,0,Units,2,Two
DATAFLOW,OECD.CFE.EDS:DSD_REG_DEMO@DF_DENSITY(2.0),Densité de population - Régions,I,A,Annuelle,CTRY,Pays,ITA,Italie,_Z,N'est pas applicable,POP,Population,_T,Total,_T,Total,PS_KM2,Personnes par kilomètre carré,1998,,191.07,,ITA,Italie,A,Valeur normale,0,Units,2,Two
DATAFLOW,OECD.CFE.EDS:DSD_REG_DEMO@DF_DENSITY(2.0),Densité de population - Régions,I,A,Annuelle,CTRY,Pays,ITA,Italie,_Z,N'est pas applicable,POP,Population,_T,Total,_T,Total,PS_KM2,Personnes par kilomètre carré,2000,,191.13,,ITA,Italie,A,Valeur normale,0,Units,2,Two
DATAFLOW,OECD.CFE.EDS:DSD_REG_DEMO@DF_DENSITY(2.0),Densité de population - Régions,I,A,Annuelle,CTRY,Pays,ITA,Italie,_Z,N'est pas applicable,POP,Population,_T,Total,_T,Total,PS_KM2,Personnes par kilomètre carré,1990,,190.42,,ITA,Italie,A,Valeur normale,0,Units,2,Two
DATAFLOW,OECD.CFE.EDS:DSD_REG_DEMO@DF_DENSITY(2.0),Densité de population - Régions,I,A,Annuelle,CTRY,Pays,ITA,Italie,_Z,N'est pas applicable,POP,Population,_T,Total,_T,Total,PS_KM2,Personnes par kilomètre carré,1991,,190.59,,ITA,Italie,A,Valeur normale,0,Units,2,Two
DATAFLOW,OECD.CFE.EDS:DSD_REG_DEMO@DF_DENSITY(2.0),Densité de population - Régions,I,A,Annuelle,CTRY,Pays,ITA,Italie,_Z,N'est pas applicable,POP,Population,_T,Total,_T,Total,PS_KM2,Personnes par kilomètre carré,1995,,190.87,,ITA,Italie,A,Valeur normale,0,Units,2,Two
DATAFLOW,OECD.CFE.EDS:DSD_REG_DEMO@DF_DENSITY(2.0),Densité de population - Régions,I,A,Annuelle,CTRY,Pays,ITA,Italie,_Z,N'est pas applicable,POP,Population,_T,Total,_T,Total,PS_KM2,Personnes par kilomètre carré,1994,,190.92,,ITA,Italie,A,Valeur normale,0,Units,2,Two
DATAFLOW,OECD.CFE.EDS:DSD_REG_DEMO@DF_DENSITY(2.0),Densité de population - Régions,I,A,Annuelle,CTRY,Pays,ITA,Italie,_Z,N'est pas applicable,POP,Population,_T,Total,_T,Total,PS_KM2,Personnes par kilomètre carré,1999,,191.08,,ITA,Italie,A,Valeur normale,0,Units,2,Two
DATAFLOW,OECD.CFE.EDS:DSD_REG_DEMO@DF_DENSITY(2.0),Densité de population - Régions,I,A,Annuelle,CTRY,Pays,ITA,Italie,_Z,N'est pas applicable,POP,Population,_T,Total,_T,Total,PS_KM2,Personnes par kilomètre carré,1992,,190.68,,ITA,Italie,A,Valeur normale,0,Units,2,Two
DATAFLOW,OECD.CFE.EDS:DSD_REG_DEMO@DF_DENSITY(2.0),Densité de population - Régions,I,A,Annuelle,CTRY,Pays,ITA,Italie,_Z,N'est pas applicable,POP,Population,_T,Total,_T,Total,PS_KM2,Personnes par kilomètre carré,1993,,190.85,,ITA,Italie,A,Valeur normale,0,Units,2,Two
DATAFLOW,OECD.CFE.EDS:DSD_REG_DEMO@DF_DENSITY(2.0),Densité de population - Régions,I,A,Annuelle,CTRY,Pays,ITA,Italie,_Z,N'est pas applicable,POP,Population,_T,Total,_T,Total,PS,Personnes,2015,,60295497,,ITA,Italie,A,Valeur normale,0,Units,0,Zero
DATAFLOW,OECD.CFE.EDS:DSD_REG_DEMO@DF_DENSITY(2.0),Densité de population - Régions,I,A,Annuelle,CTRY,Pays,ITA,Italie,_Z,N'est pas applicable,POP,Population,_T,Total,_T,Total,PS,Personnes,2016,,60163712,,ITA,Italie,A,Valeur normale,0,Units,0,Zero
DATAFLOW,OECD.CFE.EDS:DSD_REG_DEMO@DF_DENSITY(2.0),Densité de population - Régions,I,A,Annuelle,CTRY,Pays,ITA,Italie,_Z,N'est pas applicable,POP,Population,_T,Total,_T,Total,PS,Personnes,2017,,60066734,,ITA,Italie,A,Valeur normale,0,Units,0,Zero
DATAFLOW,OECD.CFE.EDS:DSD_REG_DEMO@DF_DENSITY(2.0),Densité de population - Régions,I,A,Annuelle,CTRY,Pays,ITA,Italie,_Z,N'est pas applicable,POP,Population,_T,Total,_T,Total,PS,Personnes,2018,,59937769,,ITA,Italie,A,Valeur normale,0,Units,0,Zero
DATAFLOW,OECD.CFE.EDS:DSD_REG_DEMO@DF_DENSITY(2.0),Densité de population - Régions,I,A,Annuelle,CTRY,Pays,ITA,Italie,_Z,N'est pas applicable,POP,Population,_T,Total,_T,Total,PS,Personnes,2019,,59816673,,ITA,Italie,B,Rupture de série,0,Units,0,Zero
DATAFLOW,OECD.CFE.EDS:DSD_REG_DEMO@DF_DENSITY(2.0),Densité de population - Régions,I,A,Annuelle,CTRY,Pays,ITA,Italie,_Z,N'est pas applicable,POP,Population,_T,Total,_T,Total,PS,Personnes,2023,,58997201,,ITA,Italie,A,Valeur normale,0,Units,0,Zero
DATAFLOW,OECD.CFE.EDS:DSD_REG_DEMO@DF_DENSITY(2.0),Densité de population - Régions,I,A,Annuelle,CTRY,Pays,ITA,Italie,_Z,N'est pas applicable,POP,Population,_T,Total,_T,Total,PS,Personnes,2002,,56993270,,ITA,Italie,A,Valeur normale,0,Units,0,Zero
DATAFLOW,OECD.CFE.EDS:DSD_REG_DEMO@DF_DENSITY(2.0),Densité de population - Régions,I,A,Annuelle,CTRY,Pays,ITA,Italie,_Z,N'est pas applicable,POP,Population,_T,Total,_T,Total,PS,Personnes,2003,,57186378,,ITA,Italie,A,Valeur normale,0,Units,0,Zero
DATAFLOW,OECD.CFE.EDS:DSD_REG_DEMO@DF_DENSITY(2.0),Densité de population - Régions,I,A,Annuelle,CTRY,Pays,ITA,Italie,_Z,N'est pas applicable,POP,Population,_T,Total,_T,Total,PS,Personnes,2004,,57611990,,ITA,Italie,A,Valeur normale,0,Units,0,Zero
DATAFLOW,OECD.CFE.EDS:DSD_REG_DEMO@DF_DENSITY(2.0),Densité de population - Régions,I,A,Annuelle,CTRY,Pays,ITA,Italie,_Z,N'est pas applicable,POP,Population,_T,Total,_T,Total,PS,Personnes,2005,,58044368,,ITA,Italie,A,Valeur normale,0,Units,0,Zero
DATAFLOW,OECD.CFE.EDS:DSD_REG_DEMO@DF_DENSITY(2.0),Densité de population - Régions,I,A,Annuelle,CTRY,Pays,ITA,Italie,_Z,N'est pas applicable,POP,Population,_T,Total,_T,Total,PS,Personnes,2006,,58288996,,ITA,Italie,A,Valeur normale,0,Units,0,Zero
DATAFLOW,OECD.CFE.EDS:DSD_REG_DEMO@DF_DENSITY(2.0),Densité de population - Régions,I,A,Annuelle,CTRY,Pays,ITA,Italie,_Z,N'est pas applicable,POP,Population,_T,Total,_T,Total,PS,Personnes,2007,,58510725,,ITA,Italie,A,Valeur normale,0,Units,0,Zero
DATAFLOW,OECD.CFE.EDS:DSD_REG_DEMO@DF_DENSITY(2.0),Densité de population - Régions,I,A,Annuelle,CTRY,Pays,ITA,Italie,_Z,N'est pas applicable,POP,Population,_T,Total,_T,Total,PS,Personnes,2008,,59001769,,ITA,Italie,A,Valeur normale,0,Units,0,Zero
DATAFLOW,OECD.CFE.EDS:DSD_REG_DEMO@DF_DENSITY(2.0),Densité de population - Régions,I,A,Annuelle,CTRY,Pays,ITA,Italie,_Z,N'est pas applicable,POP,Population,_T,Total,_T,Total,PS,Personnes,2009,,59420592,,ITA,Italie,A,Valeur normale,0,Units,0,Zero
DATAFLOW,OECD.CFE.EDS:DSD_REG_DEMO@DF_DENSITY(2.0),Densité de population - Régions,I,A,Annuelle,CTRY,Pays,ITA,Italie,_Z,N'est pas applicable,POP,Population,_T,Total,_T,Total,PS_KM2,Personnes par kilomètre carré,2016,,202.01,,ITA,Italie,A,Valeur normale,0,Units,2,Two
DATAFLOW,OECD.CFE.EDS:DSD_REG_DEMO@DF_DENSITY(2.0),Densité de population - Régions,I,A,Annuelle,CTRY,Pays,ITA,Italie,_Z,N'est pas applicable,POP,Population,_T,Total,_T,Total,PS_KM2,Personnes par kilomètre carré,2017,,201.68,,ITA,Italie,A,Valeur normale,0,Units,2,Two
DATAFLOW,OECD.CFE.EDS:DSD_REG_DEMO@DF_DENSITY(2.0),Densité de population - Régions,I,A,Annuelle,CTRY,Pays,ITA,Italie,_Z,N'est pas applicable,POP,Population,_T,Total,_T,Total,PS_KM2,Personnes par kilomètre carré,2018,,201.25,,ITA,Italie,A,Valeur normale,0,Units,2,Two
DATAFLOW,OECD.CFE.EDS:DSD_REG_DEMO@DF_DENSITY(2.0),Densité de population - Régions,I,A,Annuelle,CTRY,Pays,ITA,Italie,_Z,N'est pas applicable,POP,Population,_T,Total,_T,Total,PS_KM2,Personnes par kilomètre carré,2019,,200.85,,ITA,Italie,B,Rupture de série,0,Units,2,Two
DATAFLOW,OECD.CFE.EDS:DSD_REG_DEMO@DF_DENSITY(2.0),Densité de population - Régions,I,A,Annuelle,CTRY,Pays,ITA,Italie,_Z,N'est pas applicable,POP,Population,_T,Total,_T,Total,PS_KM2,Personnes par kilomètre carré,2020,,200.26,,ITA,Italie,A,Valeur normale,0,Units,2,Two
DATAFLOW,OECD.CFE.EDS:DSD_REG_DEMO@DF_DENSITY(2.0),Densité de population - Régions,I,A,Annuelle,CTRY,Pays,ITA,Italie,_Z,N'est pas applicable,POP,Population,_T,Total,_T,Total,PS_KM2,Personnes par kilomètre carré,2021,,198.9,,ITA,Italie,A,Valeur normale,0,Units,2,Two
DATAFLOW,OECD.CFE.EDS:DSD_REG_DEMO@DF_DENSITY(2.0),Densité de population - Régions,I,A,Annuelle,CTRY,Pays,ITA,Italie,_Z,N'est pas applicable,POP,Population,_T,Total,_T,Total,PS_KM2,Personnes par kilomètre carré,2015,,202.45,,ITA,Italie,A,Valeur normale,0,Units,2,Two
DATAFLOW,OECD.CFE.EDS:DSD_REG_DEMO@DF_DENSITY(2.0),Densité de population - Régions,I,A,Annuelle,CTRY,Pays,ITA,Italie,_Z,N'est pas applicable,POP,Population,_T,Total,_T,Total,PS_KM2,Personnes par kilomètre carré,2022,,198.2,,ITA,Italie,A,Valeur normale,0,Units,2,Two
DATAFLOW,OECD.CFE.EDS:DSD_REG_DEMO@DF_DENSITY(2.0),Densité de population - Régions,I,A,Annuelle,CTRY,Pays,ITA,Italie,_Z,N'est pas applicable,POP,Population,_T,Total,_T,Total,PS_KM2,Personnes par kilomètre carré,2023,,198.09,,ITA,Italie,A,Valeur normale,0,Units,2,Two
DATAFLOW,OECD.CFE.EDS:DSD_REG_DEMO@DF_DENSITY(2.0),Densité de population - Régions,I,A,Annuelle,CTRY,Pays,ITA,Italie,_Z,N'est pas applicable,POP,Population,_T,Total,_T,Total,PS_KM2,Personnes par kilomètre carré,2002,,191.36,,ITA,Italie,A,Valeur normale,0,Units,2,Two
DATAFLOW,OECD.CFE.EDS:DSD_REG_DEMO@DF_DENSITY(2.0),Densité de population - Régions,I,A,Annuelle,CTRY,Pays,ITA,Italie,_Z,N'est pas applicable,POP,Population,_T,Total,_T,Total,PS_KM2,Personnes par kilomètre carré,2003,,192.01,,ITA,Italie,A,Valeur normale,0,Units,2,Two
DATAFLOW,OECD.CFE.EDS:DSD_REG_DEMO@DF_DENSITY(2.0),Densité de population - Régions,I,A,Annuelle,CTRY,Pays,ITA,Italie,_Z,N'est pas applicable,POP,Population,_T,Total,_T,Total,PS_KM2,Personnes par kilomètre carré,2004,,193.44,,ITA,Italie,A,Valeur normale,0,Units,2,Two
DATAFLOW,OECD.CFE.EDS:DSD_REG_DEMO@DF_DENSITY(2.0),Densité de population - Régions,I,A,Annuelle,CTRY,Pays,ITA,Italie,_Z,N'est pas applicable,POP,Population,_T,Total,_T,Total,PS_KM2,Personnes par kilomètre carré,2005,,194.89,,ITA,Italie,A,Valeur normale,0,Units,2,Two
DATAFLOW,OECD.CFE.EDS:DSD_REG_DEMO@DF_DENSITY(2.0),Densité de population - Régions,I,A,Annuelle,CTRY,Pays,ITA,Italie,_Z,N'est pas applicable,POP,Population,_T,Total,_T,Total,PS_KM2,Personnes par kilomètre carré,2006,,195.72,,ITA,Italie,A,Valeur normale,0,Units,2,Two
DATAFLOW,OECD.CFE.EDS:DSD_REG_DEMO@DF_DENSITY(2.0),Densité de population - Régions,I,A,Annuelle,CTRY,Pays,JPN,Japon,_Z,N'est pas applicable,POP,Population,_T,Total,_T,Total,PS_KM2,Personnes par kilomètre carré,2006,,342.06,,JPN,Japon,A,Valeur normale,0,Units,2,Two
DATAFLOW,OECD.CFE.EDS:DSD_REG_DEMO@DF_DENSITY(2.0),Densité de population - Régions,I,A,Annuelle,CTRY,Pays,JPN,Japon,_Z,N'est pas applicable,POP,Population,_T,Total,_T,Total,PS_KM2,Personnes par kilomètre carré,2007,,342.06,,JPN,Japon,A,Valeur normale,0,Units,2,Two
DATAFLOW,OECD.CFE.EDS:DSD_REG_DEMO@DF_DENSITY(2.0),Densité de population - Régions,I,A,Annuelle,CTRY,Pays,JPN,Japon,_Z,N'est pas applicable,POP,Population,_T,Total,_T,Total,PS_KM2,Personnes par kilomètre carré,2008,,341.84,,JPN,Japon,A,Valeur normale,0,Units,2,Two
DATAFLOW,OECD.CFE.EDS:DSD_REG_DEMO@DF_DENSITY(2.0),Densité de population - Régions,I,A,Annuelle,CTRY,Pays,JPN,Japon,_Z,N'est pas applicable,POP,Population,_T,Total,_T,Total,PS,Personnes,2003,,127621000,,JPN,Japon,A,Valeur normale,0,Units,0,Zero
DATAFLOW,OECD.CFE.EDS:DSD_REG_DEMO@DF_DENSITY(2.0),Densité de population - Régions,I,A,Annuelle,CTRY,Pays,JPN,Japon,_Z,N'est pas applicable,POP,Population,_T,Total,_T,Total,PS,Personnes,1996,,125866000,,JPN,Japon,A,Valeur normale,0,Units,0,Zero
DATAFLOW,OECD.CFE.EDS:DSD_REG_DEMO@DF_DENSITY(2.0),Densité de population - Régions,I,A,Annuelle,CTRY,Pays,JPN,Japon,_Z,N'est pas applicable,POP,Population,_T,Total,_T,Total,PS,Personnes,1997,,126157000,,JPN,Japon,A,Valeur normale,0,Units,0,Zero
DATAFLOW,OECD.CFE.EDS:DSD_REG_DEMO@DF_DENSITY(2.0),Densité de population - Régions,I,A,Annuelle,CTRY,Pays,JPN,Japon,_Z,N'est pas applicable,POP,Population,_T,Total,_T,Total,PS,Personnes,1998,,126490000,,JPN,Japon,A,Valeur normale,0,Units,0,Zero
DATAFLOW,OECD.CFE.EDS:DSD_REG_DEMO@DF_DENSITY(2.0),Densité de population - Régions,I,A,Annuelle,CTRY,Pays,JPN,Japon,_Z,N'est pas applicable,POP,Population,_T,Total,_T,Total,PS,Personnes,1993,,124766000,,JPN,Japon,A,Valeur normale,0,Units,0,Zero
DATAFLOW,OECD.CFE.EDS:DSD_REG_DEMO@DF_DENSITY(2.0),Densité de population - Régions,I,A,Annuelle,CTRY,Pays,JPN,Japon,_Z,N'est pas applicable,POP,Population,_T,Total,_T,Total,PS,Personnes,1991,,124039000,,JPN,Japon,A,Valeur normale,0,Units,0,Zero
DATAFLOW,OECD.CFE.EDS:DSD_REG_DEMO@DF_DENSITY(2.0),Densité de population - Régions,I,A,Annuelle,CTRY,Pays,JPN,Japon,_Z,N'est pas applicable,POP,Population,_T,Total,_T,Total,PS,Personnes,2014,,127082000,,JPN,Japon,A,Valeur normale,0,Units,0,Zero
DATAFLOW,OECD.CFE.EDS:DSD_REG_DEMO@DF_DENSITY(2.0),Densité de population - Régions,I,A,Annuelle,CTRY,Pays,JPN,Japon,_Z,N'est pas applicable,POP,Population,_T,Total,_T,Total,PS,Personnes,2004,,127687000,,JPN,Japon,A,Valeur normale,0,Units,0,Zero
DATAFLOW,OECD.CFE.EDS:DSD_REG_DEMO@DF_DENSITY(2.0),Densité de population - Régions,I,A,Annuelle,CTRY,Pays,JPN,Japon,_Z,N'est pas applicable,POP,Population,_T,Total,_T,Total,PS,Personnes,2019,,126555000,,JPN,Japon,A,Valeur normale,0,Units,0,Zero
DATAFLOW,OECD.CFE.EDS:DSD_REG_DEMO@DF_DENSITY(2.0),Densité de population - Régions,I,A,Annuelle,CTRY,Pays,JPN,Japon,_Z,N'est pas applicable,POP,Population,_T,Total,_T,Total,PS,Personnes,2020,,126146099,,JPN,Japon,A,Valeur normale,0,Units,0,Zero
DATAFLOW,OECD.CFE.EDS:DSD_REG_DEMO@DF_DENSITY(2.0),Densité de population - Régions,I,A,Annuelle,CTRY,Pays,JPN,Japon,_Z,N'est pas applicable,POP,Population,_T,Total,_T,Total,PS,Personnes,1992,,124453000,,JPN,Japon,A,Valeur normale,0,Units,0,Zero
DATAFLOW,OECD.CFE.EDS:DSD_REG_DEMO@DF_DENSITY(2.0),Densité de population - Régions,I,A,Annuelle,CTRY,Pays,JPN,Japon,_Z,N'est pas applicable,POP,Population,_T,Total,_T,Total,PS,Personnes,2012,,127518000,,JPN,Japon,A,Valeur normale,0,Units,0,Zero
DATAFLOW,OECD.CFE.EDS:DSD_REG_DEMO@DF_DENSITY(2.0),Densité de population - Régions,I,A,Annuelle,CTRY,Pays,JPN,Japon,_Z,N'est pas applicable,POP,Population,_T,Total,_T,Total,PS,Personnes,2013,,127297000,,JPN,Japon,A,Valeur normale,0,Units,0,Zero
DATAFLOW,OECD.CFE.EDS:DSD_REG_DEMO@DF_DENSITY(2.0),Densité de population - Régions,I,A,Annuelle,CTRY,Pays,JPN,Japon,_Z,N'est pas applicable,POP,Population,_T,Total,_T,Total,PS,Personnes,1994,,125030000,,JPN,Japon,A,Valeur normale,0,Units,0,Zero
DATAFLOW,OECD.CFE.EDS:DSD_REG_DEMO@DF_DENSITY(2.0),Densité de population - Régions,I,A,Annuelle,CTRY,Pays,JPN,Japon,_Z,N'est pas applicable,POP,Population,_T,Total,_T,Total,PS,Personnes,1995,,125439273,,JPN,Japon,A,Valeur normale,0,Units,0,Zero
DATAFLOW,OECD.CFE.EDS:DSD_REG_DEMO@DF_DENSITY(2.0),Densité de population - Régions,I,A,Annuelle,CTRY,Pays,JPN,Japon,_Z,N'est pas applicable,POP,Population,_T,Total,_T,Total,PS,Personnes,2006,,127771000,,JPN,Japon,A,Valeur normale,0,Units,0,Zero
DATAFLOW,OECD.CFE.EDS:DSD_REG_DEMO@DF_DENSITY(2.0),Densité de population - Régions,I,A,Annuelle,CTRY,Pays,JPN,Japon,_Z,N'est pas applicable,POP,Population,_T,Total,_T,Total,PS,Personnes,2007,,127771000,,JPN,Japon,A,Valeur normale,0,Units,0,Zero
DATAFLOW,OECD.CFE.EDS:DSD_REG_DEMO@DF_DENSITY(2.0),Densité de population - Régions,I,A,Annuelle,CTRY,Pays,JPN,Japon,_Z,N'est pas applicable,POP,Population,_T,Total,_T,Total,PS,Personnes,2008,,127689000,,JPN,Japon,A,Valeur normale,0,Units,0,Zero
DATAFLOW,OECD.CFE.EDS:DSD_REG_DEMO@DF_DENSITY(2.0),Densité de population - Régions,I,A,Annuelle,CTRY,Pays,JPN,Japon,_Z,N'est pas applicable,POP,Population,_T,Total,_T,Total,PS,Personnes,1990,,123284810,,JPN,Japon,A,Valeur normale,0,Units,0,Zero
DATAFLOW,OECD.CFE.EDS:DSD_REG_DEMO@DF_DENSITY(2.0),Densité de population - Régions,I,A,Annuelle,CTRY,Pays,JPN,Japon,_Z,N'est pas applicable,POP,Population,_T,Total,_T,Total,PS,Personnes,2001,,127290000,,JPN,Japon,A,Valeur normale,0,Units,0,Zero
DATAFLOW,OECD.CFE.EDS:DSD_REG_DEMO@DF_DENSITY(2.0),Densité de population - Régions,I,A,Annuelle,CTRY,Pays,JPN,Japon,_Z,N'est pas applicable,POP,Population,_T,Total,_T,Total,PS,Personnes,2002,,127432000,,JPN,Japon,A,Valeur normale,0,Units,0,Zero
DATAFLOW,OECD.CFE.EDS:DSD_REG_DEMO@DF_DENSITY(2.0),Densité de population - Régions,I,A,Annuelle,CTRY,Pays,JPN,Japon,_Z,N'est pas applicable,POP,Population,_T,Total,_T,Total,PS_KM2,Personnes par kilomètre carré,2001,,340.78,,JPN,Japon,A,Valeur normale,0,Units,2,Two
DATAFLOW,OECD.CFE.EDS:DSD_REG_DEMO@DF_DENSITY(2.0),Densité de population - Régions,I,A,Annuelle,CTRY,Pays,JPN,Japon,_Z,N'est pas applicable,POP,Population,_T,Total,_T,Total,PS_KM2,Personnes par kilomètre carré,2002,,341.16,,JPN,Japon,A,Valeur normale,0,Units,2,Two
DATAFLOW,OECD.CFE.EDS:DSD_REG_DEMO@DF_DENSITY(2.0),Densité de population - Régions,I,A,Annuelle,CTRY,Pays,JPN,Japon,_Z,N'est pas applicable,POP,Population,_T,Total,_T,Total,PS_KM2,Personnes par kilomètre carré,2014,,340.22,,JPN,Japon,A,Valeur normale,0,Units,2,Two
DATAFLOW,OECD.CFE.EDS:DSD_REG_DEMO@DF_DENSITY(2.0),Densité de population - Régions,I,A,Annuelle,CTRY,Pays,JPN,Japon,_Z,N'est pas applicable,POP,Population,_T,Total,_T,Total,PS_KM2,Personnes par kilomètre carré,2005,,342.06,,JPN,Japon,A,Valeur normale,0,Units,2,Two
DATAFLOW,OECD.CFE.EDS:DSD_REG_DEMO@DF_DENSITY(2.0),Densité de population - Régions,I,A,Annuelle,CTRY,Pays,JPN,Japon,_Z,N'est pas applicable,POP,Population,_T,Total,_T,Total,PS_KM2,Personnes par kilomètre carré,1996,,336.96,,JPN,Japon,A,Valeur normale,0,Units,2,Two
DATAFLOW,OECD.CFE.EDS:DSD_REG_DEMO@DF_DENSITY(2.0),Densité de population - Régions,I,A,Annuelle,CTRY,Pays,JPN,Japon,_Z,N'est pas applicable,POP,Population,_T,Total,_T,Total,PS_KM2,Personnes par kilomètre carré,1997,,337.74,,JPN,Japon,A,Valeur normale,0,Units,2,Two
DATAFLOW,OECD.CFE.EDS:DSD_REG_DEMO@DF_DENSITY(2.0),Densité de population - Régions,I,A,Annuelle,CTRY,Pays,JPN,Japon,_Z,N'est pas applicable,POP,Population,_T,Total,_T,Total,PS_KM2,Personnes par kilomètre carré,1998,,338.63,,JPN,Japon,A,Valeur normale,0,Units,2,Two
DATAFLOW,OECD.CFE.EDS:DSD_REG_DEMO@DF_DENSITY(2.0),Densité de population - Régions,I,A,Annuelle,CTRY,Pays,JPN,Japon,_Z,N'est pas applicable,POP,Population,_T,Total,_T,Total,PS_KM2,Personnes par kilomètre carré,2009,,341.37,,JPN,Japon,A,Valeur normale,0,Units,2,Two
DATAFLOW,OECD.CFE.EDS:DSD_REG_DEMO@DF_DENSITY(2.0),Densité de population - Régions,I,A,Annuelle,CTRY,Pays,JPN,Japon,_Z,N'est pas applicable,POP,Population,_T,Total,_T,Total,PS_KM2,Personnes par kilomètre carré,2000,,339.8,,JPN,Japon,A,Valeur normale,0,Units,2,Two
DATAFLOW,OECD.CFE.EDS:DSD_REG_DEMO@DF_DENSITY(2.0),Densité de population - Régions,I,A,Annuelle,CTRY,Pays,JPN,Japon,_Z,N'est pas applicable,POP,Population,_T,Total,_T,Total,PS_KM2,Personnes par kilomètre carré,1990,,330.05,,JPN,Japon,A,Valeur normale,0,Units,2,Two
DATAFLOW,OECD.CFE.EDS:DSD_REG_DEMO@DF_DENSITY(2.0),Densité de population - Régions,I,A,Annuelle,CTRY,Pays,JPN,Japon,_Z,N'est pas applicable,POP,Population,_T,Total,_T,Total,PS_KM2,Personnes par kilomètre carré,1991,,332.07,,JPN,Japon,A,Valeur normale,0,Units,2,Two
DATAFLOW,OECD.CFE.EDS:DSD_REG_DEMO@DF_DENSITY(2.0),Densité de population - Régions,I,A,Annuelle,CTRY,Pays,JPN,Japon,_Z,N'est pas applicable,POP,Population,_T,Total,_T,Total,PS_KM2,Personnes par kilomètre carré,2004,,341.84,,JPN,Japon,A,Valeur normale,0,Units,2,Two
DATAFLOW,OECD.CFE.EDS:DSD_REG_DEMO@DF_DENSITY(2.0),Densité de population - Régions,I,A,Annuelle,CTRY,Pays,JPN,Japon,_Z,N'est pas applicable,POP,Population,_T,Total,_T,Total,PS_KM2,Personnes par kilomètre carré,1995,,335.82,,JPN,Japon,A,Valeur normale,0,Units,2,Two
DATAFLOW,OECD.CFE.EDS:DSD_REG_DEMO@DF_DENSITY(2.0),Densité de population - Régions,I,A,Annuelle,CTRY,Pays,JPN,Japon,_Z,N'est pas applicable,POP,Population,_T,Total,_T,Total,PS_KM2,Personnes par kilomètre carré,1994,,334.73,,JPN,Japon,A,Valeur normale,0,Units,2,Two
DATAFLOW,OECD.CFE.EDS:DSD_REG_DEMO@DF_DENSITY(2.0),Densité de population - Régions,I,A,Annuelle,CTRY,Pays,JPN,Japon,_Z,N'est pas applicable,POP,Population,_T,Total,_T,Total,PS_KM2,Personnes par kilomètre carré,1999,,339.17,,JPN,Japon,A,Valeur normale,0,Units,2,Two
DATAFLOW,OECD.CFE.EDS:DSD_REG_DEMO@DF_DENSITY(2.0),Densité de population - Régions,I,A,Annuelle,CTRY,Pays,JPN,Japon,_Z,N'est pas applicable,POP,Population,_T,Total,_T,Total,PS_KM2,Personnes par kilomètre carré,2003,,341.66,,JPN,Japon,A,Valeur normale,0,Units,2,Two
DATAFLOW,OECD.CFE.EDS:DSD_REG_DEMO@DF_DENSITY(2.0),Densité de population - Régions,I,A,Annuelle,CTRY,Pays,JPN,Japon,_Z,N'est pas applicable,POP,Population,_T,Total,_T,Total,PS_KM2,Personnes par kilomètre carré,1992,,333.18,,JPN,Japon,A,Valeur normale,0,Units,2,Two
DATAFLOW,OECD.CFE.EDS:DSD_REG_DEMO@DF_DENSITY(2.0),Densité de population - Régions,I,A,Annuelle,CTRY,Pays,JPN,Japon,_Z,N'est pas applicable,POP,Population,_T,Total,_T,Total,PS_KM2,Personnes par kilomètre carré,1993,,334.02,,JPN,Japon,A,Valeur normale,0,Units,2,Two
DATAFLOW,OECD.CFE.EDS:DSD_REG_DEMO@DF_DENSITY(2.0),Densité de population - Régions,I,A,Annuelle,CTRY,Pays,JPN,Japon,_Z,N'est pas applicable,POP,Population,_T,Total,_T,Total,PS_KM2,Personnes par kilomètre carré,2023,,332.91,,JPN,Japon,A,Valeur normale,0,Units,2,Two
DATAFLOW,OECD.CFE.EDS:DSD_REG_DEMO@DF_DENSITY(2.0),Densité de population - Régions,I,A,Annuelle,CTRY,Pays,JPN,Japon,_Z,N'est pas applicable,POP,Population,_T,Total,_T,Total,PS,Personnes,2023,,124351877,,JPN,Japon,A,Valeur normale,0,Units,0,Zero
DATAFLOW,OECD.CFE.EDS:DSD_REG_DEMO@DF_DENSITY(2.0),Densité de population - Régions,I,A,Annuelle,CTRY,Pays,JPN,Japon,_Z,N'est pas applicable,POP,Population,_T,Total,_T,Total,PS,Personnes,2018,,126748000,,JPN,Japon,A,Valeur normale,0,Units,0,Zero
DATAFLOW,OECD.CFE.EDS:DSD_REG_DEMO@DF_DENSITY(2.0),Densité de population - Régions,I,A,Annuelle,CTRY,Pays,JPN,Japon,_Z,N'est pas applicable,POP,Population,_T,Total,_T,Total,PS,Personnes,2010,,128054000,,JPN,Japon,A,Valeur normale,0,Units,0,Zero
DATAFLOW,OECD.CFE.EDS:DSD_REG_DEMO@DF_DENSITY(2.0),Densité de population - Régions,I,A,Annuelle,CTRY,Pays,JPN,Japon,_Z,N'est pas applicable,POP,Population,_T,Total,_T,Total,PS,Personnes,2011,,127797000,,JPN,Japon,A,Valeur normale,0,Units,0,Zero
DATAFLOW,OECD.CFE.EDS:DSD_REG_DEMO@DF_DENSITY(2.0),Densité de population - Régions,I,A,Annuelle,CTRY,Pays,JPN,Japon,_Z,N'est pas applicable,POP,Population,_T,Total,_T,Total,PS,Personnes,2015,,127110200,,JPN,Japon,A,Valeur normale,0,Units,0,Zero
DATAFLOW,OECD.CFE.EDS:DSD_REG_DEMO@DF_DENSITY(2.0),Densité de population - Régions,I,A,Annuelle,CTRY,Pays,JPN,Japon,_Z,N'est pas applicable,POP,Population,_T,Total,_T,Total,PS,Personnes,2016,,127044000,,JPN,Japon,A,Valeur normale,0,Units,0,Zero
DATAFLOW,OECD.CFE.EDS:DSD_REG_DEMO@DF_DENSITY(2.0),Densité de population - Régions,I,A,Annuelle,CTRY,Pays,JPN,Japon,_Z,N'est pas applicable,POP,Population,_T,Total,_T,Total,PS,Personnes,2017,,126920000,,JPN,Japon,A,Valeur normale,0,Units,0,Zero
DATAFLOW,OECD.CFE.EDS:DSD_REG_DEMO@DF_DENSITY(2.0),Densité de population - Régions,I,A,Annuelle,CTRY,Pays,JPN,Japon,_Z,N'est pas applicable,POP,Population,_T,Total,_T,Total,PS,Personnes,2005,,127769000,,JPN,Japon,A,Valeur normale,0,Units,0,Zero
DATAFLOW,OECD.CFE.EDS:DSD_REG_DEMO@DF_DENSITY(2.0),Densité de population - Régions,I,A,Annuelle,CTRY,Pays,JPN,Japon,_Z,N'est pas applicable,POP,Population,_T,Total,_T,Total,PS,Personnes,2021,,125500000,,JPN,Japon,A,Valeur normale,0,Units,0,Zero
DATAFLOW,OECD.CFE.EDS:DSD_REG_DEMO@DF_DENSITY(2.0),Densité de population - Régions,I,A,Annuelle,CTRY,Pays,JPN,Japon,_Z,N'est pas applicable,POP,Population,_T,Total,_T,Total,PS,Personnes,2022,,124946000,,JPN,Japon,A,Valeur normale,0,Units,0,Zero
DATAFLOW,OECD.CFE.EDS:DSD_REG_DEMO@DF_DENSITY(2.0),Densité de population - Régions,I,A,Annuelle,CTRY,Pays,JPN,Japon,_Z,N'est pas applicable,POP,Population,_T,Total,_T,Total,PS,Personnes,2009,,127513000,,JPN,Japon,A,Valeur normale,0,Units,0,Zero
DATAFLOW,OECD.CFE.EDS:DSD_REG_DEMO@DF_DENSITY(2.0),Densité de population - Régions,I,A,Annuelle,CTRY,Pays,JPN,Japon,_Z,N'est pas applicable,POP,Population,_T,Total,_T,Total,PS,Personnes,1999,,126689000,,JPN,Japon,A,Valeur normale,0,Units,0,Zero
DATAFLOW,OECD.CFE.EDS:DSD_REG_DEMO@DF_DENSITY(2.0),Densité de population - Régions,I,A,Annuelle,CTRY,Pays,JPN,Japon,_Z,N'est pas applicable,POP,Population,_T,Total,_T,Total,PS,Personnes,2000,,126926000,,JPN,Japon,A,Valeur normale,0,Units,0,Zero
DATAFLOW,OECD.CFE.EDS:DSD_REG_DEMO@DF_DENSITY(2.0),Densité de population - Régions,I,A,Annuelle,CTRY,Pays,JPN,Japon,_Z,N'est pas applicable,POP,Population,_T,Total,_T,Total,PS_KM2,Personnes par kilomètre carré,2020,,337.71,,JPN,Japon,A,Valeur normale,0,Units,2,Two
DATAFLOW,OECD.CFE.EDS:DSD_REG_DEMO@DF_DENSITY(2.0),Densité de population - Régions,I,A,Annuelle,CTRY,Pays,JPN,Japon,_Z,N'est pas applicable,POP,Population,_T,Total,_T,Total,PS_KM2,Personnes par kilomètre carré,2021,,335.98,,JPN,Japon,A,Valeur normale,0,Units,2,Two
DATAFLOW,OECD.CFE.EDS:DSD_REG_DEMO@DF_DENSITY(2.0),Densité de population - Régions,I,A,Annuelle,CTRY,Pays,JPN,Japon,_Z,N'est pas applicable,POP,Population,_T,Total,_T,Total,PS_KM2,Personnes par kilomètre carré,2018,,339.32,,JPN,Japon,A,Valeur normale,0,Units,2,Two
DATAFLOW,OECD.CFE.EDS:DSD_REG_DEMO@DF_DENSITY(2.0),Densité de population - Régions,I,A,Annuelle,CTRY,Pays,JPN,Japon,_Z,N'est pas applicable,POP,Population,_T,Total,_T,Total,PS_KM2,Personnes par kilomètre carré,2019,,338.81,,JPN,Japon,A,Valeur normale,0,Units,2,Two
DATAFLOW,OECD.CFE.EDS:DSD_REG_DEMO@DF_DENSITY(2.0),Densité de population - Régions,I,A,Annuelle,CTRY,Pays,JPN,Japon,_Z,N'est pas applicable,POP,Population,_T,Total,_T,Total,PS_KM2,Personnes par kilomètre carré,2022,,334.5,,JPN,Japon,A,Valeur normale,0,Units,2,Two
DATAFLOW,OECD.CFE.EDS:DSD_REG_DEMO@DF_DENSITY(2.0),Densité de population - Régions,I,A,Annuelle,CTRY,Pays,JPN,Japon,_Z,N'est pas applicable,POP,Population,_T,Total,_T,Total,PS_KM2,Personnes par kilomètre carré,2012,,341.39,,JPN,Japon,A,Valeur normale,0,Units,2,Two
DATAFLOW,OECD.CFE.EDS:DSD_REG_DEMO@DF_DENSITY(2.0),Densité de population - Régions,I,A,Annuelle,CTRY,Pays,JPN,Japon,_Z,N'est pas applicable,POP,Population,_T,Total,_T,Total,PS_KM2,Personnes par kilomètre carré,2013,,340.79,,JPN,Japon,A,Valeur normale,0,Units,2,Two
DATAFLOW,OECD.CFE.EDS:DSD_REG_DEMO@DF_DENSITY(2.0),Densité de population - Régions,I,A,Annuelle,CTRY,Pays,JPN,Japon,_Z,N'est pas applicable,POP,Population,_T,Total,_T,Total,PS_KM2,Personnes par kilomètre carré,2015,,340.29,,JPN,Japon,A,Valeur normale,0,Units,2,Two
DATAFLOW,OECD.CFE.EDS:DSD_REG_DEMO@DF_DENSITY(2.0),Densité de population - Régions,I,A,Annuelle,CTRY,Pays,JPN,Japon,_Z,N'est pas applicable,POP,Population,_T,Total,_T,Total,PS_KM2,Personnes par kilomètre carré,2016,,340.12,,JPN,Japon,A,Valeur normale,0,Units,2,Two
DATAFLOW,OECD.CFE.EDS:DSD_REG_DEMO@DF_DENSITY(2.0),Densité de population - Régions,I,A,Annuelle,CTRY,Pays,JPN,Japon,_Z,N'est pas applicable,POP,Population,_T,Total,_T,Total,PS_KM2,Personnes par kilomètre carré,2017,,339.79,,JPN,Japon,A,Valeur normale,0,Units,2,Two
DATAFLOW,OECD.CFE.EDS:DSD_REG_DEMO@DF_DENSITY(2.0),Densité de population - Régions,I,A,Annuelle,CTRY,Pays,JPN,Japon,_Z,N'est pas applicable,POP,Population,_T,Total,_T,Total,PS_KM2,Personnes par kilomètre carré,2010,,342.82,,JPN,Japon,A,Valeur normale,0,Units,2,Two
DATAFLOW,OECD.CFE.EDS:DSD_REG_DEMO@DF_DENSITY(2.0),Densité de population - Régions,I,A,Annuelle,CTRY,Pays,KOR,Corée,_Z,N'est pas applicable,POP,Population,_T,Total,_T,Total,PS_KM2,Personnes par kilomètre carré,2007,,489.47,,KOR,Corée,A,Valeur normale,0,Units,2,Two
DATAFLOW,OECD.CFE.EDS:DSD_REG_DEMO@DF_DENSITY(2.0),Densité de population - Régions,I,A,Annuelle,CTRY,Pays,KOR,Corée,_Z,N'est pas applicable,POP,Population,_T,Total,_T,Total,PS_KM2,Personnes par kilomètre carré,2008,,493.21,,KOR,Corée,A,Valeur normale,0,Units,2,Two
DATAFLOW,OECD.CFE.EDS:DSD_REG_DEMO@DF_DENSITY(2.0),Densité de population - Régions,I,A,Annuelle,CTRY,Pays,KOR,Corée,_Z,N'est pas applicable,POP,Population,_T,Total,_T,Total,PS,Personnes,1997,,45953580,,KOR,Corée,A,Valeur normale,0,Units,0,Zero
DATAFLOW,OECD.CFE.EDS:DSD_REG_DEMO@DF_DENSITY(2.0),Densité de population - Régions,I,A,Annuelle,CTRY,Pays,KOR,Corée,_Z,N'est pas applicable,POP,Population,_T,Total,_T,Total,PS,Personnes,1998,,46286503,,KOR,Corée,A,Valeur normale,0,Units,0,Zero
DATAFLOW,OECD.CFE.EDS:DSD_REG_DEMO@DF_DENSITY(2.0),Densité de population - Régions,I,A,Annuelle,CTRY,Pays,KOR,Corée,_Z,N'est pas applicable,POP,Population,_T,Total,_T,Total,PS,Personnes,1993,,44194628,,KOR,Corée,A,Valeur normale,0,Units,0,Zero
DATAFLOW,OECD.CFE.EDS:DSD_REG_DEMO@DF_DENSITY(2.0),Densité de population - Régions,I,A,Annuelle,CTRY,Pays,KOR,Corée,_Z,N'est pas applicable,POP,Population,_T,Total,_T,Total,PS,Personnes,1994,,44641540,,KOR,Corée,A,Valeur normale,0,Units,0,Zero
DATAFLOW,OECD.CFE.EDS:DSD_REG_DEMO@DF_DENSITY(2.0),Densité de population - Régions,I,A,Annuelle,CTRY,Pays,KOR,Corée,_Z,N'est pas applicable,POP,Population,_T,Total,_T,Total,PS,Personnes,1991,,43295704,,KOR,Corée,A,Valeur normale,0,Units,0,Zero
DATAFLOW,OECD.CFE.EDS:DSD_REG_DEMO@DF_DENSITY(2.0),Densité de population - Régions,I,A,Annuelle,CTRY,Pays,KOR,Corée,_Z,N'est pas applicable,POP,Population,_T,Total,_T,Total,PS,Personnes,1990,,42869283,,KOR,Corée,A,Valeur normale,0,Units,0,Zero
DATAFLOW,OECD.CFE.EDS:DSD_REG_DEMO@DF_DENSITY(2.0),Densité de population - Régions,I,A,Annuelle,CTRY,Pays,KOR,Corée,_Z,N'est pas applicable,POP,Population,_T,Total,_T,Total,PS,Personnes,2006,,48438292,,KOR,Corée,A,Valeur normale,0,Units,0,Zero
DATAFLOW,OECD.CFE.EDS:DSD_REG_DEMO@DF_DENSITY(2.0),Densité de population - Régions,I,A,Annuelle,CTRY,Pays,KOR,Corée,_Z,N'est pas applicable,POP,Population,_T,Total,_T,Total,PS,Personnes,2009,,49307835,,KOR,Corée,A,Valeur normale,0,Units,0,Zero
DATAFLOW,OECD.CFE.EDS:DSD_REG_DEMO@DF_DENSITY(2.0),Densité de population - Régions,I,A,Annuelle,CTRY,Pays,KOR,Corée,_Z,N'est pas applicable,POP,Population,_T,Total,_T,Total,PS,Personnes,2010,,49554112,,KOR,Corée,A,Valeur normale,0,Units,0,Zero
DATAFLOW,OECD.CFE.EDS:DSD_REG_DEMO@DF_DENSITY(2.0),Densité de population - Régions,I,A,Annuelle,CTRY,Pays,KOR,Corée,_Z,N'est pas applicable,POP,Population,_T,Total,_T,Total,PS,Personnes,1999,,46616677,,KOR,Corée,A,Valeur normale,0,Units,0,Zero
DATAFLOW,OECD.CFE.EDS:DSD_REG_DEMO@DF_DENSITY(2.0),Densité de population - Régions,I,A,Annuelle,CTRY,Pays,KOR,Corée,_Z,N'est pas applicable,POP,Population,_T,Total,_T,Total,PS,Personnes,2000,,47008111,,KOR,Corée,A,Valeur normale,0,Units,0,Zero
DATAFLOW,OECD.CFE.EDS:DSD_REG_DEMO@DF_DENSITY(2.0),Densité de population - Régions,I,A,Annuelle,CTRY,Pays,KOR,Corée,_Z,N'est pas applicable,POP,Population,_T,Total,_T,Total,PS,Personnes,1992,,43747962,,KOR,Corée,A,Valeur normale,0,Units,0,Zero
DATAFLOW,OECD.CFE.EDS:DSD_REG_DEMO@DF_DENSITY(2.0),Densité de population - Régions,I,A,Annuelle,CTRY,Pays,KOR,Corée,_Z,N'est pas applicable,POP,Population,_T,Total,_T,Total,PS,Personnes,2003,,47892330,,KOR,Corée,A,Valeur normale,0,Units,0,Zero
DATAFLOW,OECD.CFE.EDS:DSD_REG_DEMO@DF_DENSITY(2.0),Densité de population - Régions,I,A,Annuelle,CTRY,Pays,KOR,Corée,_Z,N'est pas applicable,POP,Population,_T,Total,_T,Total,PS,Personnes,2004,,48082519,,KOR,Corée,A,Valeur normale,0,Units,0,Zero
DATAFLOW,OECD.CFE.EDS:DSD_REG_DEMO@DF_DENSITY(2.0),Densité de population - Régions,I,A,Annuelle,CTRY,Pays,KOR,Corée,_Z,N'est pas applicable,POP,Population,_T,Total,_T,Total,PS,Personnes,2007,,48683638,,KOR,Corée,A,Valeur normale,0,Units,0,Zero
DATAFLOW,OECD.CFE.EDS:DSD_REG_DEMO@DF_DENSITY(2.0),Densité de population - Régions,I,A,Annuelle,CTRY,Pays,KOR,Corée,_Z,N'est pas applicable,POP,Population,_T,Total,_T,Total,PS,Personnes,2008,,49054708,,KOR,Corée,A,Valeur normale,0,Units,0,Zero
DATAFLOW,OECD.CFE.EDS:DSD_REG_DEMO@DF_DENSITY(2.0),Densité de population - Régions,I,A,Annuelle,CTRY,Pays,KOR,Corée,_Z,N'est pas applicable,POP,Population,_T,Total,_T,Total,PS,Personnes,2001,,47370164,,KOR,Corée,A,Valeur normale,0,Units,0,Zero
DATAFLOW,OECD.CFE.EDS:DSD_REG_DEMO@DF_DENSITY(2.0),Densité de population - Régions,I,A,Annuelle,CTRY,Pays,KOR,Corée,_Z,N'est pas applicable,POP,Population,_T,Total,_T,Total,PS,Personnes,2002,,47644736,,KOR,Corée,A,Valeur normale,0,Units,0,Zero
DATAFLOW,OECD.CFE.EDS:DSD_REG_DEMO@DF_DENSITY(2.0),Densité de population - Régions,I,A,Annuelle,CTRY,Pays,KOR,Corée,_Z,N'est pas applicable,POP,Population,_T,Total,_T,Total,PS,Personnes,1995,,45092991,,KOR,Corée,A,Valeur normale,0,Units,0,Zero
DATAFLOW,OECD.CFE.EDS:DSD_REG_DEMO@DF_DENSITY(2.0),Densité de population - Régions,I,A,Annuelle,CTRY,Pays,KOR,Corée,_Z,N'est pas applicable,POP,Population,_T,Total,_T,Total,PS,Personnes,1996,,45524681,,KOR,Corée,A,Valeur normale,0,Units,0,Zero
DATAFLOW,OECD.CFE.EDS:DSD_REG_DEMO@DF_DENSITY(2.0),Densité de population - Régions,I,A,Annuelle,CTRY,Pays,KOR,Corée,_Z,N'est pas applicable,POP,Population,_T,Total,_T,Total,PS_KM2,Personnes par kilomètre carré,2001,,476.27,,KOR,Corée,A,Valeur normale,0,Units,2,Two
DATAFLOW,OECD.CFE.EDS:DSD_REG_DEMO@DF_DENSITY(2.0),Densité de population - Régions,I,A,Annuelle,CTRY,Pays,KOR,Corée,_Z,N'est pas applicable,POP,Population,_T,Total,_T,Total,PS_KM2,Personnes par kilomètre carré,2002,,479.03,,KOR,Corée,A,Valeur normale,0,Units,2,Two
DATAFLOW,OECD.CFE.EDS:DSD_REG_DEMO@DF_DENSITY(2.0),Densité de population - Régions,I,A,Annuelle,CTRY,Pays,KOR,Corée,_Z,N'est pas applicable,POP,Population,_T,Total,_T,Total,PS_KM2,Personnes par kilomètre carré,2005,,484.46,,KOR,Corée,A,Valeur normale,0,Units,2,Two
DATAFLOW,OECD.CFE.EDS:DSD_REG_DEMO@DF_DENSITY(2.0),Densité de population - Régions,I,A,Annuelle,CTRY,Pays,KOR,Corée,_Z,N'est pas applicable,POP,Population,_T,Total,_T,Total,PS_KM2,Personnes par kilomètre carré,1996,,457.71,,KOR,Corée,A,Valeur normale,0,Units,2,Two
DATAFLOW,OECD.CFE.EDS:DSD_REG_DEMO@DF_DENSITY(2.0),Densité de population - Régions,I,A,Annuelle,CTRY,Pays,KOR,Corée,_Z,N'est pas applicable,POP,Population,_T,Total,_T,Total,PS_KM2,Personnes par kilomètre carré,1997,,462.03,,KOR,Corée,A,Valeur normale,0,Units,2,Two
DATAFLOW,OECD.CFE.EDS:DSD_REG_DEMO@DF_DENSITY(2.0),Densité de population - Régions,I,A,Annuelle,CTRY,Pays,KOR,Corée,_Z,N'est pas applicable,POP,Population,_T,Total,_T,Total,PS_KM2,Personnes par kilomètre carré,2009,,495.75,,KOR,Corée,A,Valeur normale,0,Units,2,Two
DATAFLOW,OECD.CFE.EDS:DSD_REG_DEMO@DF_DENSITY(2.0),Densité de population - Régions,I,A,Annuelle,CTRY,Pays,KOR,Corée,_Z,N'est pas applicable,POP,Population,_T,Total,_T,Total,PS_KM2,Personnes par kilomètre carré,2000,,472.63,,KOR,Corée,A,Valeur normale,0,Units,2,Two
DATAFLOW,OECD.CFE.EDS:DSD_REG_DEMO@DF_DENSITY(2.0),Densité de population - Régions,I,A,Annuelle,CTRY,Pays,KOR,Corée,_Z,N'est pas applicable,POP,Population,_T,Total,_T,Total,PS_KM2,Personnes par kilomètre carré,1990,,431.02,,KOR,Corée,A,Valeur normale,0,Units,2,Two
DATAFLOW,OECD.CFE.EDS:DSD_REG_DEMO@DF_DENSITY(2.0),Densité de population - Régions,I,A,Annuelle,CTRY,Pays,KOR,Corée,_Z,N'est pas applicable,POP,Population,_T,Total,_T,Total,PS_KM2,Personnes par kilomètre carré,1991,,435.3,,KOR,Corée,A,Valeur normale,0,Units,2,Two
DATAFLOW,OECD.CFE.EDS:DSD_REG_DEMO@DF_DENSITY(2.0),Densité de population - Régions,I,A,Annuelle,CTRY,Pays,KOR,Corée,_Z,N'est pas applicable,POP,Population,_T,Total,_T,Total,PS_KM2,Personnes par kilomètre carré,2004,,483.43,,KOR,Corée,A,Valeur normale,0,Units,2,Two
DATAFLOW,OECD.CFE.EDS:DSD_REG_DEMO@DF_DENSITY(2.0),Densité de population - Régions,I,A,Annuelle,CTRY,Pays,KOR,Corée,_Z,N'est pas applicable,POP,Population,_T,Total,_T,Total,PS_KM2,Personnes par kilomètre carré,1995,,453.37,,KOR,Corée,A,Valeur normale,0,Units,2,Two
DATAFLOW,OECD.CFE.EDS:DSD_REG_DEMO@DF_DENSITY(2.0),Densité de population - Régions,I,A,Annuelle,CTRY,Pays,KOR,Corée,_Z,N'est pas applicable,POP,Population,_T,Total,_T,Total,PS_KM2,Personnes par kilomètre carré,1994,,448.83,,KOR,Corée,A,Valeur normale,0,Units,2,Two
DATAFLOW,OECD.CFE.EDS:DSD_REG_DEMO@DF_DENSITY(2.0),Densité de population - Régions,I,A,Annuelle,CTRY,Pays,KOR,Corée,_Z,N'est pas applicable,POP,Population,_T,Total,_T,Total,PS_KM2,Personnes par kilomètre carré,1999,,468.69,,KOR,Corée,A,Valeur normale,0,Units,2,Two
DATAFLOW,OECD.CFE.EDS:DSD_REG_DEMO@DF_DENSITY(2.0),Densité de population - Régions,I,A,Annuelle,CTRY,Pays,KOR,Corée,_Z,N'est pas applicable,POP,Population,_T,Total,_T,Total,PS_KM2,Personnes par kilomètre carré,1993,,444.34,,KOR,Corée,A,Valeur normale,0,Units,2,Two
DATAFLOW,OECD.CFE.EDS:DSD_REG_DEMO@DF_DENSITY(2.0),Densité de population - Régions,I,A,Annuelle,CTRY,Pays,KOR,Corée,_Z,N'est pas applicable,POP,Population,_T,Total,_T,Total,PS_KM2,Personnes par kilomètre carré,1998,,465.37,,KOR,Corée,A,Valeur normale,0,Units,2,Two
DATAFLOW,OECD.CFE.EDS:DSD_REG_DEMO@DF_DENSITY(2.0),Densité de population - Régions,I,A,Annuelle,CTRY,Pays,KOR,Corée,_Z,N'est pas applicable,POP,Population,_T,Total,_T,Total,PS_KM2,Personnes par kilomètre carré,2003,,481.52,,KOR,Corée,A,Valeur normale,0,Units,2,Two
DATAFLOW,OECD.CFE.EDS:DSD_REG_DEMO@DF_DENSITY(2.0),Densité de population - Régions,I,A,Annuelle,CTRY,Pays,KOR,Corée,_Z,N'est pas applicable,POP,Population,_T,Total,_T,Total,PS_KM2,Personnes par kilomètre carré,1992,,439.85,,KOR,Corée,A,Valeur normale,0,Units,2,Two
DATAFLOW,OECD.CFE.EDS:DSD_REG_DEMO@DF_DENSITY(2.0),Densité de population - Régions,I,A,Annuelle,CTRY,Pays,KOR,Corée,_Z,N'est pas applicable,POP,Population,_T,Total,_T,Total,PS,Personnes,2011,,50734284,,KOR,Corée,B,Rupture de série,0,Units,0,Zero
DATAFLOW,OECD.CFE.EDS:DSD_REG_DEMO@DF_DENSITY(2.0),Densité de population - Régions,I,A,Annuelle,CTRY,Pays,KOR,Corée,_Z,N'est pas applicable,POP,Population,_T,Total,_T,Total,PS,Personnes,2016,,51696216,,KOR,Corée,A,Valeur normale,0,Units,0,Zero
DATAFLOW,OECD.CFE.EDS:DSD_REG_DEMO@DF_DENSITY(2.0),Densité de population - Régions,I,A,Annuelle,CTRY,Pays,KOR,Corée,_Z,N'est pas applicable,POP,Population,_T,Total,_T,Total,PS,Personnes,2017,,51778544,,KOR,Corée,A,Valeur normale,0,Units,0,Zero
DATAFLOW,OECD.CFE.EDS:DSD_REG_DEMO@DF_DENSITY(2.0),Densité de population - Régions,I,A,Annuelle,CTRY,Pays,KOR,Corée,_Z,N'est pas applicable,POP,Population,_T,Total,_T,Total,PS,Personnes,2018,,51826059,,KOR,Corée,A,Valeur normale,0,Units,0,Zero
DATAFLOW,OECD.CFE.EDS:DSD_REG_DEMO@DF_DENSITY(2.0),Densité de population - Régions,I,A,Annuelle,CTRY,Pays,KOR,Corée,_Z,N'est pas applicable,POP,Population,_T,Total,_T,Total,PS,Personnes,2019,,51849861,,KOR,Corée,A,Valeur normale,0,Units,0,Zero
DATAFLOW,OECD.CFE.EDS:DSD_REG_DEMO@DF_DENSITY(2.0),Densité de population - Régions,I,A,Annuelle,CTRY,Pays,KOR,Corée,_Z,N'est pas applicable,POP,Population,_T,Total,_T,Total,PS,Personnes,2020,,51829023,,KOR,Corée,A,Valeur normale,0,Units,0,Zero
DATAFLOW,OECD.CFE.EDS:DSD_REG_DEMO@DF_DENSITY(2.0),Densité de population - Régions,I,A,Annuelle,CTRY,Pays,KOR,Corée,_Z,N'est pas applicable,POP,Population,_T,Total,_T,Total,PS,Personnes,2021,,51638809,,KOR,Corée,A,Valeur normale,0,Units,0,Zero
DATAFLOW,OECD.CFE.EDS:DSD_REG_DEMO@DF_DENSITY(2.0),Densité de population - Régions,I,A,Annuelle,CTRY,Pays,KOR,Corée,_Z,N'est pas applicable,POP,Population,_T,Total,_T,Total,PS,Personnes,2022,,51439038,,KOR,Corée,A,Valeur normale,0,Units,0,Zero
DATAFLOW,OECD.CFE.EDS:DSD_REG_DEMO@DF_DENSITY(2.0),Densité de population - Régions,I,A,Annuelle,CTRY,Pays,KOR,Corée,_Z,N'est pas applicable,POP,Population,_T,Total,_T,Total,PS,Personnes,2023,,51325329,,KOR,Corée,A,Valeur normale,0,Units,0,Zero
DATAFLOW,OECD.CFE.EDS:DSD_REG_DEMO@DF_DENSITY(2.0),Densité de population - Régions,I,A,Annuelle,CTRY,Pays,KOR,Corée,_Z,N'est pas applicable,POP,Population,_T,Total,_T,Total,PS,Personnes,2012,,50948272,,KOR,Corée,A,Valeur normale,0,Units,0,Zero
DATAFLOW,OECD.CFE.EDS:DSD_REG_DEMO@DF_DENSITY(2.0),Densité de population - Régions,I,A,Annuelle,CTRY,Pays,KOR,Corée,_Z,N'est pas applicable,POP,Population,_T,Total,_T,Total,PS,Personnes,2013,,51141463,,KOR,Corée,A,Valeur normale,0,Units,0,Zero
DATAFLOW,OECD.CFE.EDS:DSD_REG_DEMO@DF_DENSITY(2.0),Densité de population - Régions,I,A,Annuelle,CTRY,Pays,KOR,Corée,_Z,N'est pas applicable,POP,Population,_T,Total,_T,Total,PS,Personnes,2014,,51327916,,KOR,Corée,A,Valeur normale,0,Units,0,Zero
DATAFLOW,OECD.CFE.EDS:DSD_REG_DEMO@DF_DENSITY(2.0),Densité de population - Régions,I,A,Annuelle,CTRY,Pays,KOR,Corée,_Z,N'est pas applicable,POP,Population,_T,Total,_T,Total,PS,Personnes,2015,,51529338,,KOR,Corée,A,Valeur normale,0,Units,0,Zero
DATAFLOW,OECD.CFE.EDS:DSD_REG_DEMO@DF_DENSITY(2.0),Densité de population - Régions,I,A,Annuelle,CTRY,Pays,KOR,Corée,_Z,N'est pas applicable,POP,Population,_T,Total,_T,Total,PS,Personnes,2005,,48184561,,KOR,Corée,A,Valeur normale,0,Units,0,Zero
DATAFLOW,OECD.CFE.EDS:DSD_REG_DEMO@DF_DENSITY(2.0),Densité de population - Régions,I,A,Annuelle,CTRY,Pays,KOR,Corée,_Z,N'est pas applicable,POP,Population,_T,Total,_T,Total,PS_KM2,Personnes par kilomètre carré,2023,,516.03,,KOR,Corée,A,Valeur normale,0,Units,2,Two
DATAFLOW,OECD.CFE.EDS:DSD_REG_DEMO@DF_DENSITY(2.0),Densité de population - Régions,I,A,Annuelle,CTRY,Pays,KOR,Corée,_Z,N'est pas applicable,POP,Population,_T,Total,_T,Total,PS_KM2,Personnes par kilomètre carré,2011,,510.09,,KOR,Corée,B,Rupture de série,0,Units,2,Two
DATAFLOW,OECD.CFE.EDS:DSD_REG_DEMO@DF_DENSITY(2.0),Densité de population - Régions,I,A,Annuelle,CTRY,Pays,KOR,Corée,_Z,N'est pas applicable,POP,Population,_T,Total,_T,Total,PS_KM2,Personnes par kilomètre carré,2016,,519.76,,KOR,Corée,A,Valeur normale,0,Units,2,Two
DATAFLOW,OECD.CFE.EDS:DSD_REG_DEMO@DF_DENSITY(2.0),Densité de population - Régions,I,A,Annuelle,CTRY,Pays,KOR,Corée,_Z,N'est pas applicable,POP,Population,_T,Total,_T,Total,PS_KM2,Personnes par kilomètre carré,2017,,520.59,,KOR,Corée,A,Valeur normale,0,Units,2,Two
DATAFLOW,OECD.CFE.EDS:DSD_REG_DEMO@DF_DENSITY(2.0),Densité de population - Régions,I,A,Annuelle,CTRY,Pays,KOR,Corée,_Z,N'est pas applicable,POP,Population,_T,Total,_T,Total,PS_KM2,Personnes par kilomètre carré,2018,,521.07,,KOR,Corée,A,Valeur normale,0,Units,2,Two
DATAFLOW,OECD.CFE.EDS:DSD_REG_DEMO@DF_DENSITY(2.0),Densité de population - Régions,I,A,Annuelle,CTRY,Pays,KOR,Corée,_Z,N'est pas applicable,POP,Population,_T,Total,_T,Total,PS_KM2,Personnes par kilomètre carré,2019,,521.31,,KOR,Corée,A,Valeur normale,0,Units,2,Two
DATAFLOW,OECD.CFE.EDS:DSD_REG_DEMO@DF_DENSITY(2.0),Densité de population - Régions,I,A,Annuelle,CTRY,Pays,KOR,Corée,_Z,N'est pas applicable,POP,Population,_T,Total,_T,Total,PS_KM2,Personnes par kilomètre carré,2020,,521.1,,KOR,Corée,A,Valeur normale,0,Units,2,Two
DATAFLOW,OECD.CFE.EDS:DSD_REG_DEMO@DF_DENSITY(2.0),Densité de population - Régions,I,A,Annuelle,CTRY,Pays,KOR,Corée,_Z,N'est pas applicable,POP,Population,_T,Total,_T,Total,PS_KM2,Personnes par kilomètre carré,2021,,519.19,,KOR,Corée,A,Valeur normale,0,Units,2,Two
DATAFLOW,OECD.CFE.EDS:DSD_REG_DEMO@DF_DENSITY(2.0),Densité de population - Régions,I,A,Annuelle,CTRY,Pays,KOR,Corée,_Z,N'est pas applicable,POP,Population,_T,Total,_T,Total,PS_KM2,Personnes par kilomètre carré,2012,,512.24,,KOR,Corée,A,Valeur normale,0,Units,2,Two
DATAFLOW,OECD.CFE.EDS:DSD_REG_DEMO@DF_DENSITY(2.0),Densité de population - Régions,I,A,Annuelle,CTRY,Pays,KOR,Corée,_Z,N'est pas applicable,POP,Population,_T,Total,_T,Total,PS_KM2,Personnes par kilomètre carré,2013,,514.19,,KOR,Corée,A,Valeur normale,0,Units,2,Two
DATAFLOW,OECD.CFE.EDS:DSD_REG_DEMO@DF_DENSITY(2.0),Densité de population - Régions,I,A,Annuelle,CTRY,Pays,KOR,Corée,_Z,N'est pas applicable,POP,Population,_T,Total,_T,Total,PS_KM2,Personnes par kilomètre carré,2014,,516.06,,KOR,Corée,A,Valeur normale,0,Units,2,Two
DATAFLOW,OECD.CFE.EDS:DSD_REG_DEMO@DF_DENSITY(2.0),Densité de population - Régions,I,A,Annuelle,CTRY,Pays,KOR,Corée,_Z,N'est pas applicable,POP,Population,_T,Total,_T,Total,PS_KM2,Personnes par kilomètre carré,2015,,518.09,,KOR,Corée,A,Valeur normale,0,Units,2,Two
DATAFLOW,OECD.CFE.EDS:DSD_REG_DEMO@DF_DENSITY(2.0),Densité de population - Régions,I,A,Annuelle,CTRY,Pays,KOR,Corée,_Z,N'est pas applicable,POP,Population,_T,Total,_T,Total,PS_KM2,Personnes par kilomètre carré,2022,,517.18,,KOR,Corée,A,Valeur normale,0,Units,2,Two
DATAFLOW,OECD.CFE.EDS:DSD_REG_DEMO@DF_DENSITY(2.0),Densité de population - Régions,I,A,Annuelle,CTRY,Pays,KOR,Corée,_Z,N'est pas applicable,POP,Population,_T,Total,_T,Total,PS_KM2,Personnes par kilomètre carré,2010,,498.23,,KOR,Corée,A,Valeur normale,0,Units,2,Two
DATAFLOW,OECD.CFE.EDS:DSD_REG_DEMO@DF_DENSITY(2.0),Densité de population - Régions,I,A,Annuelle,CTRY,Pays,LVA,Lettonie,_Z,N'est pas applicable,POP,Population,_T,Total,_T,Total,PS_KM2,Personnes par kilomètre carré,2003,,36.33,,LVA,Lettonie,A,Valeur normale,0,Units,2,Two
DATAFLOW,OECD.CFE.EDS:DSD_REG_DEMO@DF_DENSITY(2.0),Densité de population - Régions,I,A,Annuelle,CTRY,Pays,LVA,Lettonie,_Z,N'est pas applicable,POP,Population,_T,Total,_T,Total,PS_KM2,Personnes par kilomètre carré,2005,,35.55,,LVA,Lettonie,A,Valeur normale,0,Units,2,Two
DATAFLOW,OECD.CFE.EDS:DSD_REG_DEMO@DF_DENSITY(2.0),Densité de population - Régions,I,A,Annuelle,CTRY,Pays,LVA,Lettonie,_Z,N'est pas applicable,POP,Population,_T,Total,_T,Total,PS,Personnes,2002,,2320956,,LVA,Lettonie,A,Valeur normale,0,Units,0,Zero
DATAFLOW,OECD.CFE.EDS:DSD_REG_DEMO@DF_DENSITY(2.0),Densité de population - Régions,I,A,Annuelle,CTRY,Pays,LVA,Lettonie,_Z,N'est pas applicable,POP,Population,_T,Total,_T,Total,PS,Personnes,2003,,2299390,,LVA,Lettonie,A,Valeur normale,0,Units,0,Zero
DATAFLOW,OECD.CFE.EDS:DSD_REG_DEMO@DF_DENSITY(2.0),Densité de population - Régions,I,A,Annuelle,CTRY,Pays,LVA,Lettonie,_Z,N'est pas applicable,POP,Population,_T,Total,_T,Total,PS,Personnes,1996,,2469531,,LVA,Lettonie,A,Valeur normale,0,Units,0,Zero
DATAFLOW,OECD.CFE.EDS:DSD_REG_DEMO@DF_DENSITY(2.0),Densité de population - Régions,I,A,Annuelle,CTRY,Pays,LVA,Lettonie,_Z,N'est pas applicable,POP,Population,_T,Total,_T,Total,PS,Personnes,1997,,2444912,,LVA,Lettonie,A,Valeur normale,0,Units,0,Zero
DATAFLOW,OECD.CFE.EDS:DSD_REG_DEMO@DF_DENSITY(2.0),Densité de population - Régions,I,A,Annuelle,CTRY,Pays,LVA,Lettonie,_Z,N'est pas applicable,POP,Population,_T,Total,_T,Total,PS,Personnes,1992,,2643000,,LVA,Lettonie,A,Valeur normale,0,Units,0,Zero
DATAFLOW,OECD.CFE.EDS:DSD_REG_DEMO@DF_DENSITY(2.0),Densité de population - Régions,I,A,Annuelle,CTRY,Pays,LVA,Lettonie,_Z,N'est pas applicable,POP,Population,_T,Total,_T,Total,PS,Personnes,1993,,2585675,,LVA,Lettonie,A,Valeur normale,0,Units,0,Zero
DATAFLOW,OECD.CFE.EDS:DSD_REG_DEMO@DF_DENSITY(2.0),Densité de population - Régions,I,A,Annuelle,CTRY,Pays,LVA,Lettonie,_Z,N'est pas applicable,POP,Population,_T,Total,_T,Total,PS,Personnes,1995,,2500580,,LVA,Lettonie,A,Valeur normale,0,Units,0,Zero
DATAFLOW,OECD.CFE.EDS:DSD_REG_DEMO@DF_DENSITY(2.0),Densité de population - Régions,I,A,Annuelle,CTRY,Pays,LVA,Lettonie,_Z,N'est pas applicable,POP,Population,_T,Total,_T,Total,PS,Personnes,2018,,1934379,,LVA,Lettonie,A,Valeur normale,0,Units,0,Zero
DATAFLOW,OECD.CFE.EDS:DSD_REG_DEMO@DF_DENSITY(2.0),Densité de population - Régions,I,A,Annuelle,CTRY,Pays,LVA,Lettonie,_Z,N'est pas applicable,POP,Population,_T,Total,_T,Total,PS,Personnes,2019,,1919968,,LVA,Lettonie,A,Valeur normale,0,Units,0,Zero
DATAFLOW,OECD.CFE.EDS:DSD_REG_DEMO@DF_DENSITY(2.0),Densité de population - Régions,I,A,Annuelle,CTRY,Pays,LVA,Lettonie,_Z,N'est pas applicable,POP,Population,_T,Total,_T,Total,PS,Personnes,2008,,2191810,,LVA,Lettonie,A,Valeur normale,0,Units,0,Zero
DATAFLOW,OECD.CFE.EDS:DSD_REG_DEMO@DF_DENSITY(2.0),Densité de population - Régions,I,A,Annuelle,CTRY,Pays,LVA,Lettonie,_Z,N'est pas applicable,POP,Population,_T,Total,_T,Total,PS,Personnes,2000,,2381715,,LVA,Lettonie,A,Valeur normale,0,Units,0,Zero
DATAFLOW,OECD.CFE.EDS:DSD_REG_DEMO@DF_DENSITY(2.0),Densité de population - Régions,I,A,Annuelle,CTRY,Pays,LVA,Lettonie,_Z,N'est pas applicable,POP,Population,_T,Total,_T,Total,PS,Personnes,2012,,2044813,,LVA,Lettonie,A,Valeur normale,0,Units,0,Zero
DATAFLOW,OECD.CFE.EDS:DSD_REG_DEMO@DF_DENSITY(2.0),Densité de population - Régions,I,A,Annuelle,CTRY,Pays,LVA,Lettonie,_Z,N'est pas applicable,POP,Population,_T,Total,_T,Total,PS,Personnes,2013,,2023825,,LVA,Lettonie,A,Valeur normale,0,Units,0,Zero
DATAFLOW,OECD.CFE.EDS:DSD_REG_DEMO@DF_DENSITY(2.0),Densité de population - Régions,I,A,Annuelle,CTRY,Pays,LVA,Lettonie,_Z,N'est pas applicable,POP,Population,_T,Total,_T,Total,PS,Personnes,1990,,2668140,,LVA,Lettonie,A,Valeur normale,0,Units,0,Zero
DATAFLOW,OECD.CFE.EDS:DSD_REG_DEMO@DF_DENSITY(2.0),Densité de population - Régions,I,A,Annuelle,CTRY,Pays,LVA,Lettonie,_Z,N'est pas applicable,POP,Population,_T,Total,_T,Total,PS,Personnes,1991,,2658161,,LVA,Lettonie,A,Valeur normale,0,Units,0,Zero
DATAFLOW,OECD.CFE.EDS:DSD_REG_DEMO@DF_DENSITY(2.0),Densité de population - Régions,I,A,Annuelle,CTRY,Pays,LVA,Lettonie,_Z,N'est pas applicable,POP,Population,_T,Total,_T,Total,PS,Personnes,2006,,2227874,,LVA,Lettonie,A,Valeur normale,0,Units,0,Zero
DATAFLOW,OECD.CFE.EDS:DSD_REG_DEMO@DF_DENSITY(2.0),Densité de population - Régions,I,A,Annuelle,CTRY,Pays,LVA,Lettonie,_Z,N'est pas applicable,POP,Population,_T,Total,_T,Total,PS,Personnes,2007,,2208840,,LVA,Lettonie,A,Valeur normale,0,Units,0,Zero
DATAFLOW,OECD.CFE.EDS:DSD_REG_DEMO@DF_DENSITY(2.0),Densité de population - Régions,I,A,Annuelle,CTRY,Pays,LVA,Lettonie,_Z,N'est pas applicable,POP,Population,_T,Total,_T,Total,PS,Personnes,1998,,2420789,,LVA,Lettonie,A,Valeur normale,0,Units,0,Zero
DATAFLOW,OECD.CFE.EDS:DSD_REG_DEMO@DF_DENSITY(2.0),Densité de population - Régions,I,A,Annuelle,CTRY,Pays,LVA,Lettonie,_Z,N'est pas applicable,POP,Population,_T,Total,_T,Total,PS,Personnes,1999,,2399248,,LVA,Lettonie,A,Valeur normale,0,Units,0,Zero
DATAFLOW,OECD.CFE.EDS:DSD_REG_DEMO@DF_DENSITY(2.0),Densité de population - Régions,I,A,Annuelle,CTRY,Pays,LVA,Lettonie,_Z,N'est pas applicable,POP,Population,_T,Total,_T,Total,PS,Personnes,2001,,2353384,,LVA,Lettonie,A,Valeur normale,0,Units,0,Zero
DATAFLOW,OECD.CFE.EDS:DSD_REG_DEMO@DF_DENSITY(2.0),Densité de population - Régions,I,A,Annuelle,CTRY,Pays,LVA,Lettonie,_Z,N'est pas applicable,POP,Population,_T,Total,_T,Total,PS_KM2,Personnes par kilomètre carré,2006,,35.2,,LVA,Lettonie,A,Valeur normale,0,Units,2,Two
DATAFLOW,OECD.CFE.EDS:DSD_REG_DEMO@DF_DENSITY(2.0),Densité de population - Régions,I,A,Annuelle,CTRY,Pays,LVA,Lettonie,_Z,N'est pas applicable,POP,Population,_T,Total,_T,Total,PS_KM2,Personnes par kilomètre carré,2007,,34.9,,LVA,Lettonie,A,Valeur normale,0,Units,2,Two
DATAFLOW,OECD.CFE.EDS:DSD_REG_DEMO@DF_DENSITY(2.0),Densité de population - Régions,I,A,Annuelle,CTRY,Pays,LVA,Lettonie,_Z,N'est pas applicable,POP,Population,_T,Total,_T,Total,PS_KM2,Personnes par kilomètre carré,2001,,37.18,,LVA,Lettonie,A,Valeur normale,0,Units,2,Two
DATAFLOW,OECD.CFE.EDS:DSD_REG_DEMO@DF_DENSITY(2.0),Densité de population - Régions,I,A,Annuelle,CTRY,Pays,LVA,Lettonie,_Z,N'est pas applicable,POP,Population,_T,Total,_T,Total,PS_KM2,Personnes par kilomètre carré,2002,,36.67,,LVA,Lettonie,A,Valeur normale,0,Units,2,Two
DATAFLOW,OECD.CFE.EDS:DSD_REG_DEMO@DF_DENSITY(2.0),Densité de population - Régions,I,A,Annuelle,CTRY,Pays,LVA,Lettonie,_Z,N'est pas applicable,POP,Population,_T,Total,_T,Total,PS_KM2,Personnes par kilomètre carré,1996,,39.02,,LVA,Lettonie,A,Valeur normale,0,Units,2,Two
DATAFLOW,OECD.CFE.EDS:DSD_REG_DEMO@DF_DENSITY(2.0),Densité de population - Régions,I,A,Annuelle,CTRY,Pays,LVA,Lettonie,_Z,N'est pas applicable,POP,Population,_T,Total,_T,Total,PS_KM2,Personnes par kilomètre carré,1997,,38.63,,LVA,Lettonie,A,Valeur normale,0,Units,2,Two
DATAFLOW,OECD.CFE.EDS:DSD_REG_DEMO@DF_DENSITY(2.0),Densité de population - Régions,I,A,Annuelle,CTRY,Pays,LVA,Lettonie,_Z,N'est pas applicable,POP,Population,_T,Total,_T,Total,PS_KM2,Personnes par kilomètre carré,2009,,34.17,,LVA,Lettonie,A,Valeur normale,0,Units,2,Two
DATAFLOW,OECD.CFE.EDS:DSD_REG_DEMO@DF_DENSITY(2.0),Densité de population - Régions,I,A,Annuelle,CTRY,Pays,LVA,Lettonie,_Z,N'est pas applicable,POP,Population,_T,Total,_T,Total,PS_KM2,Personnes par kilomètre carré,2000,,37.63,,LVA,Lettonie,A,Valeur normale,0,Units,2,Two
DATAFLOW,OECD.CFE.EDS:DSD_REG_DEMO@DF_DENSITY(2.0),Densité de population - Régions,I,A,Annuelle,CTRY,Pays,LVA,Lettonie,_Z,N'est pas applicable,POP,Population,_T,Total,_T,Total,PS_KM2,Personnes par kilomètre carré,1991,,42,,LVA,Lettonie,A,Valeur normale,0,Units,2,Two
DATAFLOW,OECD.CFE.EDS:DSD_REG_DEMO@DF_DENSITY(2.0),Densité de population - Régions,I,A,Annuelle,CTRY,Pays,LVA,Lettonie,_Z,N'est pas applicable,POP,Population,_T,Total,_T,Total,PS_KM2,Personnes par kilomètre carré,2004,,35.97,,LVA,Lettonie,A,Valeur normale,0,Units,2,Two
DATAFLOW,OECD.CFE.EDS:DSD_REG_DEMO@DF_DENSITY(2.0),Densité de population - Régions,I,A,Annuelle,CTRY,Pays,LVA,Lettonie,_Z,N'est pas applicable,POP,Population,_T,Total,_T,Total,PS_KM2,Personnes par kilomètre carré,1995,,39.51,,LVA,Lettonie,A,Valeur normale,0,Units,2,Two
DATAFLOW,OECD.CFE.EDS:DSD_REG_DEMO@DF_DENSITY(2.0),Densité de population - Régions,I,A,Annuelle,CTRY,Pays,LVA,Lettonie,_Z,N'est pas applicable,POP,Population,_T,Total,_T,Total,PS_KM2,Personnes par kilomètre carré,1994,,40.15,,LVA,Lettonie,A,Valeur normale,0,Units,2,Two
DATAFLOW,OECD.CFE.EDS:DSD_REG_DEMO@DF_DENSITY(2.0),Densité de population - Régions,I,A,Annuelle,CTRY,Pays,LVA,Lettonie,_Z,N'est pas applicable,POP,Population,_T,Total,_T,Total,PS_KM2,Personnes par kilomètre carré,1999,,37.91,,LVA,Lettonie,A,Valeur normale,0,Units,2,Two
DATAFLOW,OECD.CFE.EDS:DSD_REG_DEMO@DF_DENSITY(2.0),Densité de population - Régions,I,A,Annuelle,CTRY,Pays,LVA,Lettonie,_Z,N'est pas applicable,POP,Population,_T,Total,_T,Total,PS_KM2,Personnes par kilomètre carré,1990,,42.16,,LVA,Lettonie,A,Valeur normale,0,Units,2,Two
DATAFLOW,OECD.CFE.EDS:DSD_REG_DEMO@DF_DENSITY(2.0),Densité de population - Régions,I,A,Annuelle,CTRY,Pays,LVA,Lettonie,_Z,N'est pas applicable,POP,Population,_T,Total,_T,Total,PS_KM2,Personnes par kilomètre carré,1993,,40.85,,LVA,Lettonie,A,Valeur normale,0,Units,2,Two
DATAFLOW,OECD.CFE.EDS:DSD_REG_DEMO@DF_DENSITY(2.0),Densité de population - Régions,I,A,Annuelle,CTRY,Pays,LVA,Lettonie,_Z,N'est pas applicable,POP,Population,_T,Total,_T,Total,PS_KM2,Personnes par kilomètre carré,1998,,38.25,,LVA,Lettonie,A,Valeur normale,0,Units,2,Two
DATAFLOW,OECD.CFE.EDS:DSD_REG_DEMO@DF_DENSITY(2.0),Densité de population - Régions,I,A,Annuelle,CTRY,Pays,LVA,Lettonie,_Z,N'est pas applicable,POP,Population,_T,Total,_T,Total,PS_KM2,Personnes par kilomètre carré,1992,,41.76,,LVA,Lettonie,A,Valeur normale,0,Units,2,Two
DATAFLOW,OECD.CFE.EDS:DSD_REG_DEMO@DF_DENSITY(2.0),Densité de population - Régions,I,A,Annuelle,CTRY,Pays,LVA,Lettonie,_Z,N'est pas applicable,POP,Population,_T,Total,_T,Total,PS,Personnes,2022,,1875757,,LVA,Lettonie,A,Valeur normale,0,Units,0,Zero
DATAFLOW,OECD.CFE.EDS:DSD_REG_DEMO@DF_DENSITY(2.0),Densité de population - Régions,I,A,Annuelle,CTRY,Pays,LVA,Lettonie,_Z,N'est pas applicable,POP,Population,_T,Total,_T,Total,PS,Personnes,2023,,1883008,,LVA,Lettonie,A,Valeur normale,0,Units,0,Zero
DATAFLOW,OECD.CFE.EDS:DSD_REG_DEMO@DF_DENSITY(2.0),Densité de population - Régions,I,A,Annuelle,CTRY,Pays,LVA,Lettonie,_Z,N'est pas applicable,POP,Population,_T,Total,_T,Total,PS,Personnes,2010,,2120504,,LVA,Lettonie,A,Valeur normale,0,Units,0,Zero
DATAFLOW,OECD.CFE.EDS:DSD_REG_DEMO@DF_DENSITY(2.0),Densité de population - Régions,I,A,Annuelle,CTRY,Pays,LVA,Lettonie,_Z,N'est pas applicable,POP,Population,_T,Total,_T,Total,PS,Personnes,2011,,2074605,,LVA,Lettonie,A,Valeur normale,0,Units,0,Zero
DATAFLOW,OECD.CFE.EDS:DSD_REG_DEMO@DF_DENSITY(2.0),Densité de population - Régions,I,A,Annuelle,CTRY,Pays,LVA,Lettonie,_Z,N'est pas applicable,POP,Population,_T,Total,_T,Total,PS,Personnes,2016,,1968957,,LVA,Lettonie,A,Valeur normale,0,Units,0,Zero
DATAFLOW,OECD.CFE.EDS:DSD_REG_DEMO@DF_DENSITY(2.0),Densité de population - Régions,I,A,Annuelle,CTRY,Pays,LVA,Lettonie,_Z,N'est pas applicable,POP,Population,_T,Total,_T,Total,PS,Personnes,2017,,1950116,,LVA,Lettonie,A,Valeur normale,0,Units,0,Zero
DATAFLOW,OECD.CFE.EDS:DSD_REG_DEMO@DF_DENSITY(2.0),Densité de population - Régions,I,A,Annuelle,CTRY,Pays,LVA,Lettonie,_Z,N'est pas applicable,POP,Population,_T,Total,_T,Total,PS,Personnes,2004,,2276520,,LVA,Lettonie,A,Valeur normale,0,Units,0,Zero
DATAFLOW,OECD.CFE.EDS:DSD_REG_DEMO@DF_DENSITY(2.0),Densité de population - Régions,I,A,Annuelle,CTRY,Pays,LVA,Lettonie,_Z,N'est pas applicable,POP,Population,_T,Total,_T,Total,PS,Personnes,2005,,2249724,,LVA,Lettonie,A,Valeur normale,0,Units,0,Zero
DATAFLOW,OECD.CFE.EDS:DSD_REG_DEMO@DF_DENSITY(2.0),Densité de population - Régions,I,A,Annuelle,CTRY,Pays,LVA,Lettonie,_Z,N'est pas applicable,POP,Population,_T,Total,_T,Total,PS,Personnes,2021,,1893223,,LVA,Lettonie,A,Valeur normale,0,Units,0,Zero
DATAFLOW,OECD.CFE.EDS:DSD_REG_DEMO@DF_DENSITY(2.0),Densité de population - Régions,I,A,Annuelle,CTRY,Pays,LVA,Lettonie,_Z,N'est pas applicable,POP,Population,_T,Total,_T,Total,PS,Personnes,2020,,1907675,,LVA,Lettonie,A,Valeur normale,0,Units,0,Zero
DATAFLOW,OECD.CFE.EDS:DSD_REG_DEMO@DF_DENSITY(2.0),Densité de population - Régions,I,A,Annuelle,CTRY,Pays,LVA,Lettonie,_Z,N'est pas applicable,POP,Population,_T,Total,_T,Total,PS,Personnes,2009,,2162834,,LVA,Lettonie,A,Valeur normale,0,Units,0,Zero
DATAFLOW,OECD.CFE.EDS:DSD_REG_DEMO@DF_DENSITY(2.0),Densité de population - Régions,I,A,Annuelle,CTRY,Pays,LVA,Lettonie,_Z,N'est pas applicable,POP,Population,_T,Total,_T,Total,PS,Personnes,2014,,2001468,,LVA,Lettonie,A,Valeur normale,0,Units,0,Zero
DATAFLOW,OECD.CFE.EDS:DSD_REG_DEMO@DF_DENSITY(2.0),Densité de population - Régions,I,A,Annuelle,CTRY,Pays,LVA,Lettonie,_Z,N'est pas applicable,POP,Population,_T,Total,_T,Total,PS,Personnes,2015,,1986096,,LVA,Lettonie,A,Valeur normale,0,Units,0,Zero
DATAFLOW,OECD.CFE.EDS:DSD_REG_DEMO@DF_DENSITY(2.0),Densité de population - Régions,I,A,Annuelle,CTRY,Pays,LVA,Lettonie,_Z,N'est pas applicable,POP,Population,_T,Total,_T,Total,PS,Personnes,1994,,2540904,,LVA,Lettonie,A,Valeur normale,0,Units,0,Zero
DATAFLOW,OECD.CFE.EDS:DSD_REG_DEMO@DF_DENSITY(2.0),Densité de population - Régions,I,A,Annuelle,CTRY,Pays,LVA,Lettonie,_Z,N'est pas applicable,POP,Population,_T,Total,_T,Total,PS_KM2,Personnes par kilomètre carré,2014,,31.62,,LVA,Lettonie,A,Valeur normale,0,Units,2,Two
DATAFLOW,OECD.CFE.EDS:DSD_REG_DEMO@DF_DENSITY(2.0),Densité de population - Régions,I,A,Annuelle,CTRY,Pays,LVA,Lettonie,_Z,N'est pas applicable,POP,Population,_T,Total,_T,Total,PS_KM2,Personnes par kilomètre carré,2020,,30.14,,LVA,Lettonie,A,Valeur normale,0,Units,2,Two
DATAFLOW,OECD.CFE.EDS:DSD_REG_DEMO@DF_DENSITY(2.0),Densité de population - Régions,I,A,Annuelle,CTRY,Pays,LVA,Lettonie,_Z,N'est pas applicable,POP,Population,_T,Total,_T,Total,PS_KM2,Personnes par kilomètre carré,2018,,30.56,,LVA,Lettonie,A,Valeur normale,0,Units,2,Two
DATAFLOW,OECD.CFE.EDS:DSD_REG_DEMO@DF_DENSITY(2.0),Densité de population - Régions,I,A,Annuelle,CTRY,Pays,LVA,Lettonie,_Z,N'est pas applicable,POP,Population,_T,Total,_T,Total,PS_KM2,Personnes par kilomètre carré,2019,,30.34,,LVA,Lettonie,A,Valeur normale,0,Units,2,Two
DATAFLOW,OECD.CFE.EDS:DSD_REG_DEMO@DF_DENSITY(2.0),Densité de population - Régions,I,A,Annuelle,CTRY,Pays,LVA,Lettonie,_Z,N'est pas applicable,POP,Population,_T,Total,_T,Total,PS_KM2,Personnes par kilomètre carré,2021,,29.91,,LVA,Lettonie,A,Valeur normale,0,Units,2,Two
DATAFLOW,OECD.CFE.EDS:DSD_REG_DEMO@DF_DENSITY(2.0),Densité de population - Régions,I,A,Annuelle,CTRY,Pays,LVA,Lettonie,_Z,N'est pas applicable,POP,Population,_T,Total,_T,Total,PS_KM2,Personnes par kilomètre carré,2008,,34.63,,LVA,Lettonie,A,Valeur normale,0,Units,2,Two
DATAFLOW,OECD.CFE.EDS:DSD_REG_DEMO@DF_DENSITY(2.0),Densité de population - Régions,I,A,Annuelle,CTRY,Pays,LVA,Lettonie,_Z,N'est pas applicable,POP,Population,_T,Total,_T,Total,PS_KM2,Personnes par kilomètre carré,2022,,29.64,,LVA,Lettonie,A,Valeur normale,0,Units,2,Two
DATAFLOW,OECD.CFE.EDS:DSD_REG_DEMO@DF_DENSITY(2.0),Densité de population - Régions,I,A,Annuelle,CTRY,Pays,LVA,Lettonie,_Z,N'est pas applicable,POP,Population,_T,Total,_T,Total,PS_KM2,Personnes par kilomètre carré,2023,,29.75,,LVA,Lettonie,A,Valeur normale,0,Units,2,Two
DATAFLOW,OECD.CFE.EDS:DSD_REG_DEMO@DF_DENSITY(2.0),Densité de population - Régions,I,A,Annuelle,CTRY,Pays,LVA,Lettonie,_Z,N'est pas applicable,POP,Population,_T,Total,_T,Total,PS_KM2,Personnes par kilomètre carré,2013,,31.98,,LVA,Lettonie,A,Valeur normale,0,Units,2,Two
DATAFLOW,OECD.CFE.EDS:DSD_REG_DEMO@DF_DENSITY(2.0),Densité de population - Régions,I,A,Annuelle,CTRY,Pays,LVA,Lettonie,_Z,N'est pas applicable,POP,Population,_T,Total,_T,Total,PS_KM2,Personnes par kilomètre carré,2015,,31.38,,LVA,Lettonie,A,Valeur normale,0,Units,2,Two
DATAFLOW,OECD.CFE.EDS:DSD_REG_DEMO@DF_DENSITY(2.0),Densité de population - Régions,I,A,Annuelle,CTRY,Pays,LVA,Lettonie,_Z,N'est pas applicable,POP,Population,_T,Total,_T,Total,PS_KM2,Personnes par kilomètre carré,2016,,31.11,,LVA,Lettonie,A,Valeur normale,0,Units,2,Two
DATAFLOW,OECD.CFE.EDS:DSD_REG_DEMO@DF_DENSITY(2.0),Densité de population - Régions,I,A,Annuelle,CTRY,Pays,LVA,Lettonie,_Z,N'est pas applicable,POP,Population,_T,Total,_T,Total,PS_KM2,Personnes par kilomètre carré,2017,,30.81,,LVA,Lettonie,A,Valeur normale,0,Units,2,Two
DATAFLOW,OECD.CFE.EDS:DSD_REG_DEMO@DF_DENSITY(2.0),Densité de population - Régions,I,A,Annuelle,CTRY,Pays,LVA,Lettonie,_Z,N'est pas applicable,POP,Population,_T,Total,_T,Total,PS_KM2,Personnes par kilomètre carré,2010,,33.5,,LVA,Lettonie,A,Valeur normale,0,Units,2,Two
DATAFLOW,OECD.CFE.EDS:DSD_REG_DEMO@DF_DENSITY(2.0),Densité de population - Régions,I,A,Annuelle,CTRY,Pays,LVA,Lettonie,_Z,N'est pas applicable,POP,Population,_T,Total,_T,Total,PS_KM2,Personnes par kilomètre carré,2011,,32.78,,LVA,Lettonie,A,Valeur normale,0,Units,2,Two
DATAFLOW,OECD.CFE.EDS:DSD_REG_DEMO@DF_DENSITY(2.0),Densité de population - Régions,I,A,Annuelle,CTRY,Pays,LTU,Lituanie,_Z,N'est pas applicable,POP,Population,_T,Total,_T,Total,PS_KM2,Personnes par kilomètre carré,2003,,54.78,,LTU,Lituanie,A,Valeur normale,0,Units,2,Two
DATAFLOW,OECD.CFE.EDS:DSD_REG_DEMO@DF_DENSITY(2.0),Densité de population - Régions,I,A,Annuelle,CTRY,Pays,LTU,Lituanie,_Z,N'est pas applicable,POP,Population,_T,Total,_T,Total,PS_KM2,Personnes par kilomètre carré,2005,,53.56,,LTU,Lituanie,A,Valeur normale,0,Units,2,Two
DATAFLOW,OECD.CFE.EDS:DSD_REG_DEMO@DF_DENSITY(2.0),Densité de population - Régions,I,A,Annuelle,CTRY,Pays,LTU,Lituanie,_Z,N'est pas applicable,POP,Population,_T,Total,_T,Total,PS,Personnes,1997,,3588013,,LTU,Lituanie,A,Valeur normale,0,Units,0,Zero
DATAFLOW,OECD.CFE.EDS:DSD_REG_DEMO@DF_DENSITY(2.0),Densité de population - Régions,I,A,Annuelle,CTRY,Pays,LTU,Lituanie,_Z,N'est pas applicable,POP,Population,_T,Total,_T,Total,PS,Personnes,1998,,3562261,,LTU,Lituanie,A,Valeur normale,0,Units,0,Zero
DATAFLOW,OECD.CFE.EDS:DSD_REG_DEMO@DF_DENSITY(2.0),Densité de population - Régions,I,A,Annuelle,CTRY,Pays,LTU,Lituanie,_Z,N'est pas applicable,POP,Population,_T,Total,_T,Total,PS,Personnes,1993,,3693929,,LTU,Lituanie,A,Valeur normale,0,Units,0,Zero
DATAFLOW,OECD.CFE.EDS:DSD_REG_DEMO@DF_DENSITY(2.0),Densité de population - Régions,I,A,Annuelle,CTRY,Pays,LTU,Lituanie,_Z,N'est pas applicable,POP,Population,_T,Total,_T,Total,PS,Personnes,1994,,3671296,,LTU,Lituanie,A,Valeur normale,0,Units,0,Zero
DATAFLOW,OECD.CFE.EDS:DSD_REG_DEMO@DF_DENSITY(2.0),Densité de population - Régions,I,A,Annuelle,CTRY,Pays,LTU,Lituanie,_Z,N'est pas applicable,POP,Population,_T,Total,_T,Total,PS,Personnes,1991,,3701968,,LTU,Lituanie,A,Valeur normale,0,Units,0,Zero
DATAFLOW,OECD.CFE.EDS:DSD_REG_DEMO@DF_DENSITY(2.0),Densité de population - Régions,I,A,Annuelle,CTRY,Pays,LTU,Lituanie,_Z,N'est pas applicable,POP,Population,_T,Total,_T,Total,PS,Personnes,1990,,3693708,,LTU,Lituanie,A,Valeur normale,0,Units,0,Zero
DATAFLOW,OECD.CFE.EDS:DSD_REG_DEMO@DF_DENSITY(2.0),Densité de population - Régions,I,A,Annuelle,CTRY,Pays,LTU,Lituanie,_Z,N'est pas applicable,POP,Population,_T,Total,_T,Total,PS,Personnes,2010,,3141976,,LTU,Lituanie,A,Valeur normale,0,Units,0,Zero
DATAFLOW,OECD.CFE.EDS:DSD_REG_DEMO@DF_DENSITY(2.0),Densité de population - Régions,I,A,Annuelle,CTRY,Pays,LTU,Lituanie,_Z,N'est pas applicable,POP,Population,_T,Total,_T,Total,PS,Personnes,1999,,3536401,,LTU,Lituanie,A,Valeur normale,0,Units,0,Zero
DATAFLOW,OECD.CFE.EDS:DSD_REG_DEMO@DF_DENSITY(2.0),Densité de population - Régions,I,A,Annuelle,CTRY,Pays,LTU,Lituanie,_Z,N'est pas applicable,POP,Population,_T,Total,_T,Total,PS,Personnes,2000,,3512074,,LTU,Lituanie,A,Valeur normale,0,Units,0,Zero
DATAFLOW,OECD.CFE.EDS:DSD_REG_DEMO@DF_DENSITY(2.0),Densité de population - Régions,I,A,Annuelle,CTRY,Pays,LTU,Lituanie,_Z,N'est pas applicable,POP,Population,_T,Total,_T,Total,PS,Personnes,1992,,3706299,,LTU,Lituanie,A,Valeur normale,0,Units,0,Zero
DATAFLOW,OECD.CFE.EDS:DSD_REG_DEMO@DF_DENSITY(2.0),Densité de population - Régions,I,A,Annuelle,CTRY,Pays,LTU,Lituanie,_Z,N'est pas applicable,POP,Population,_T,Total,_T,Total,PS,Personnes,2011,,3052588,,LTU,Lituanie,A,Valeur normale,0,Units,0,Zero
DATAFLOW,OECD.CFE.EDS:DSD_REG_DEMO@DF_DENSITY(2.0),Densité de population - Régions,I,A,Annuelle,CTRY,Pays,LTU,Lituanie,_Z,N'est pas applicable,POP,Population,_T,Total,_T,Total,PS,Personnes,2012,,3003641,,LTU,Lituanie,A,Valeur normale,0,Units,0,Zero
DATAFLOW,OECD.CFE.EDS:DSD_REG_DEMO@DF_DENSITY(2.0),Densité de population - Régions,I,A,Annuelle,CTRY,Pays,LTU,Lituanie,_Z,N'est pas applicable,POP,Population,_T,Total,_T,Total,PS,Personnes,2003,,3431497,,LTU,Lituanie,A,Valeur normale,0,Units,0,Zero
DATAFLOW,OECD.CFE.EDS:DSD_REG_DEMO@DF_DENSITY(2.0),Densité de population - Régions,I,A,Annuelle,CTRY,Pays,LTU,Lituanie,_Z,N'est pas applicable,POP,Population,_T,Total,_T,Total,PS,Personnes,2004,,3398929,,LTU,Lituanie,A,Valeur normale,0,Units,0,Zero
DATAFLOW,OECD.CFE.EDS:DSD_REG_DEMO@DF_DENSITY(2.0),Densité de population - Régions,I,A,Annuelle,CTRY,Pays,LTU,Lituanie,_Z,N'est pas applicable,POP,Population,_T,Total,_T,Total,PS,Personnes,2007,,3249983,,LTU,Lituanie,A,Valeur normale,0,Units,0,Zero
DATAFLOW,OECD.CFE.EDS:DSD_REG_DEMO@DF_DENSITY(2.0),Densité de population - Régions,I,A,Annuelle,CTRY,Pays,LTU,Lituanie,_Z,N'est pas applicable,POP,Population,_T,Total,_T,Total,PS,Personnes,2008,,3212605,,LTU,Lituanie,A,Valeur normale,0,Units,0,Zero
DATAFLOW,OECD.CFE.EDS:DSD_REG_DEMO@DF_DENSITY(2.0),Densité de population - Régions,I,A,Annuelle,CTRY,Pays,LTU,Lituanie,_Z,N'est pas applicable,POP,Population,_T,Total,_T,Total,PS,Personnes,2001,,3486998,,LTU,Lituanie,A,Valeur normale,0,Units,0,Zero
DATAFLOW,OECD.CFE.EDS:DSD_REG_DEMO@DF_DENSITY(2.0),Densité de population - Régions,I,A,Annuelle,CTRY,Pays,LTU,Lituanie,_Z,N'est pas applicable,POP,Population,_T,Total,_T,Total,PS,Personnes,2002,,3454637,,LTU,Lituanie,A,Valeur normale,0,Units,0,Zero
DATAFLOW,OECD.CFE.EDS:DSD_REG_DEMO@DF_DENSITY(2.0),Densité de population - Régions,I,A,Annuelle,CTRY,Pays,LTU,Lituanie,_Z,N'est pas applicable,POP,Population,_T,Total,_T,Total,PS,Personnes,1995,,3642991,,LTU,Lituanie,A,Valeur normale,0,Units,0,Zero
DATAFLOW,OECD.CFE.EDS:DSD_REG_DEMO@DF_DENSITY(2.0),Densité de population - Régions,I,A,Annuelle,CTRY,Pays,LTU,Lituanie,_Z,N'est pas applicable,POP,Population,_T,Total,_T,Total,PS,Personnes,1996,,3615212,,LTU,Lituanie,A,Valeur normale,0,Units,0,Zero
DATAFLOW,OECD.CFE.EDS:DSD_REG_DEMO@DF_DENSITY(2.0),Densité de population - Régions,I,A,Annuelle,CTRY,Pays,LTU,Lituanie,_Z,N'est pas applicable,POP,Population,_T,Total,_T,Total,PS_KM2,Personnes par kilomètre carré,2006,,52.52,,LTU,Lituanie,A,Valeur normale,0,Units,2,Two
DATAFLOW,OECD.CFE.EDS:DSD_REG_DEMO@DF_DENSITY(2.0),Densité de population - Régions,I,A,Annuelle,CTRY,Pays,LTU,Lituanie,_Z,N'est pas applicable,POP,Population,_T,Total,_T,Total,PS_KM2,Personnes par kilomètre carré,2007,,51.88,,LTU,Lituanie,A,Valeur normale,0,Units,2,Two
DATAFLOW,OECD.CFE.EDS:DSD_REG_DEMO@DF_DENSITY(2.0),Densité de population - Régions,I,A,Annuelle,CTRY,Pays,LTU,Lituanie,_Z,N'est pas applicable,POP,Population,_T,Total,_T,Total,PS_KM2,Personnes par kilomètre carré,2009,,50.83,,LTU,Lituanie,A,Valeur normale,0,Units,2,Two
DATAFLOW,OECD.CFE.EDS:DSD_REG_DEMO@DF_DENSITY(2.0),Densité de population - Régions,I,A,Annuelle,CTRY,Pays,LTU,Lituanie,_Z,N'est pas applicable,POP,Population,_T,Total,_T,Total,PS_KM2,Personnes par kilomètre carré,2001,,55.66,,LTU,Lituanie,A,Valeur normale,0,Units,2,Two
DATAFLOW,OECD.CFE.EDS:DSD_REG_DEMO@DF_DENSITY(2.0),Densité de population - Régions,I,A,Annuelle,CTRY,Pays,LTU,Lituanie,_Z,N'est pas applicable,POP,Population,_T,Total,_T,Total,PS_KM2,Personnes par kilomètre carré,2002,,55.15,,LTU,Lituanie,A,Valeur normale,0,Units,2,Two
DATAFLOW,OECD.CFE.EDS:DSD_REG_DEMO@DF_DENSITY(2.0),Densité de population - Régions,I,A,Annuelle,CTRY,Pays,LTU,Lituanie,_Z,N'est pas applicable,POP,Population,_T,Total,_T,Total,PS_KM2,Personnes par kilomètre carré,1996,,57.71,,LTU,Lituanie,A,Valeur normale,0,Units,2,Two
DATAFLOW,OECD.CFE.EDS:DSD_REG_DEMO@DF_DENSITY(2.0),Densité de population - Régions,I,A,Annuelle,CTRY,Pays,LTU,Lituanie,_Z,N'est pas applicable,POP,Population,_T,Total,_T,Total,PS_KM2,Personnes par kilomètre carré,1997,,57.28,,LTU,Lituanie,A,Valeur normale,0,Units,2,Two
DATAFLOW,OECD.CFE.EDS:DSD_REG_DEMO@DF_DENSITY(2.0),Densité de population - Régions,I,A,Annuelle,CTRY,Pays,LTU,Lituanie,_Z,N'est pas applicable,POP,Population,_T,Total,_T,Total,PS_KM2,Personnes par kilomètre carré,2000,,56.06,,LTU,Lituanie,A,Valeur normale,0,Units,2,Two
DATAFLOW,OECD.CFE.EDS:DSD_REG_DEMO@DF_DENSITY(2.0),Densité de population - Régions,I,A,Annuelle,CTRY,Pays,LTU,Lituanie,_Z,N'est pas applicable,POP,Population,_T,Total,_T,Total,PS_KM2,Personnes par kilomètre carré,1991,,59.1,,LTU,Lituanie,A,Valeur normale,0,Units,2,Two
DATAFLOW,OECD.CFE.EDS:DSD_REG_DEMO@DF_DENSITY(2.0),Densité de population - Régions,I,A,Annuelle,CTRY,Pays,LTU,Lituanie,_Z,N'est pas applicable,POP,Population,_T,Total,_T,Total,PS_KM2,Personnes par kilomètre carré,2004,,54.26,,LTU,Lituanie,A,Valeur normale,0,Units,2,Two
DATAFLOW,OECD.CFE.EDS:DSD_REG_DEMO@DF_DENSITY(2.0),Densité de population - Régions,I,A,Annuelle,CTRY,Pays,LTU,Lituanie,_Z,N'est pas applicable,POP,Population,_T,Total,_T,Total,PS_KM2,Personnes par kilomètre carré,1995,,58.15,,LTU,Lituanie,A,Valeur normale,0,Units,2,Two
DATAFLOW,OECD.CFE.EDS:DSD_REG_DEMO@DF_DENSITY(2.0),Densité de population - Régions,I,A,Annuelle,CTRY,Pays,LTU,Lituanie,_Z,N'est pas applicable,POP,Population,_T,Total,_T,Total,PS_KM2,Personnes par kilomètre carré,1993,,58.97,,LTU,Lituanie,A,Valeur normale,0,Units,2,Two
DATAFLOW,OECD.CFE.EDS:DSD_REG_DEMO@DF_DENSITY(2.0),Densité de population - Régions,I,A,Annuelle,CTRY,Pays,LTU,Lituanie,_Z,N'est pas applicable,POP,Population,_T,Total,_T,Total,PS_KM2,Personnes par kilomètre carré,1994,,58.61,,LTU,Lituanie,A,Valeur normale,0,Units,2,Two
DATAFLOW,OECD.CFE.EDS:DSD_REG_DEMO@DF_DENSITY(2.0),Densité de population - Régions,I,A,Annuelle,CTRY,Pays,LTU,Lituanie,_Z,N'est pas applicable,POP,Population,_T,Total,_T,Total,PS_KM2,Personnes par kilomètre carré,1999,,56.45,,LTU,Lituanie,A,Valeur normale,0,Units,2,Two
DATAFLOW,OECD.CFE.EDS:DSD_REG_DEMO@DF_DENSITY(2.0),Densité de population - Régions,I,A,Annuelle,CTRY,Pays,LTU,Lituanie,_Z,N'est pas applicable,POP,Population,_T,Total,_T,Total,PS_KM2,Personnes par kilomètre carré,1990,,58.96,,LTU,Lituanie,A,Valeur normale,0,Units,2,Two
DATAFLOW,OECD.CFE.EDS:DSD_REG_DEMO@DF_DENSITY(2.0),Densité de population - Régions,I,A,Annuelle,CTRY,Pays,LTU,Lituanie,_Z,N'est pas applicable,POP,Population,_T,Total,_T,Total,PS_KM2,Personnes par kilomètre carré,1998,,56.87,,LTU,Lituanie,A,Valeur normale,0,Units,2,Two
DATAFLOW,OECD.CFE.EDS:DSD_REG_DEMO@DF_DENSITY(2.0),Densité de population - Régions,I,A,Annuelle,CTRY,Pays,LTU,Lituanie,_Z,N'est pas applicable,POP,Population,_T,Total,_T,Total,PS_KM2,Personnes par kilomètre carré,1992,,59.17,,LTU,Lituanie,A,Valeur normale,0,Units,2,Two
DATAFLOW,OECD.CFE.EDS:DSD_REG_DEMO@DF_DENSITY(2.0),Densité de population - Régions,I,A,Annuelle,CTRY,Pays,LTU,Lituanie,_Z,N'est pas applicable,POP,Population,_T,Total,_T,Total,PS,Personnes,2019,,2812200,,LTU,Lituanie,A,Valeur normale,0,Units,0,Zero
DATAFLOW,OECD.CFE.EDS:DSD_REG_DEMO@DF_DENSITY(2.0),Densité de population - Régions,I,A,Annuelle,CTRY,Pays,LTU,Lituanie,_Z,N'est pas applicable,POP,Population,_T,Total,_T,Total,PS,Personnes,2020,,2809977,,LTU,Lituanie,A,Valeur normale,0,Units,0,Zero
DATAFLOW,OECD.CFE.EDS:DSD_REG_DEMO@DF_DENSITY(2.0),Densité de population - Régions,I,A,Annuelle,CTRY,Pays,LTU,Lituanie,_Z,N'est pas applicable,POP,Population,_T,Total,_T,Total,PS,Personnes,2021,,2810761,,LTU,Lituanie,A,Valeur normale,0,Units,0,Zero
DATAFLOW,OECD.CFE.EDS:DSD_REG_DEMO@DF_DENSITY(2.0),Densité de population - Régions,I,A,Annuelle,CTRY,Pays,LTU,Lituanie,_Z,N'est pas applicable,POP,Population,_T,Total,_T,Total,PS,Personnes,2015,,2926644,,LTU,Lituanie,A,Valeur normale,0,Units,0,Zero
DATAFLOW,OECD.CFE.EDS:DSD_REG_DEMO@DF_DENSITY(2.0),Densité de population - Régions,I,A,Annuelle,CTRY,Pays,LTU,Lituanie,_Z,N'est pas applicable,POP,Population,_T,Total,_T,Total,PS,Personnes,2016,,2895573,,LTU,Lituanie,A,Valeur normale,0,Units,0,Zero
DATAFLOW,OECD.CFE.EDS:DSD_REG_DEMO@DF_DENSITY(2.0),Densité de population - Régions,I,A,Annuelle,CTRY,Pays,LTU,Lituanie,_Z,N'est pas applicable,POP,Population,_T,Total,_T,Total,PS,Personnes,2017,,2859077,,LTU,Lituanie,A,Valeur normale,0,Units,0,Zero
DATAFLOW,OECD.CFE.EDS:DSD_REG_DEMO@DF_DENSITY(2.0),Densité de population - Régions,I,A,Annuelle,CTRY,Pays,LTU,Lituanie,_Z,N'est pas applicable,POP,Population,_T,Total,_T,Total,PS,Personnes,2018,,2826200,,LTU,Lituanie,A,Valeur normale,0,Units,0,Zero
DATAFLOW,OECD.CFE.EDS:DSD_REG_DEMO@DF_DENSITY(2.0),Densité de population - Régions,I,A,Annuelle,CTRY,Pays,LTU,Lituanie,_Z,N'est pas applicable,POP,Population,_T,Total,_T,Total,PS,Personnes,2023,,2857279,,LTU,Lituanie,A,Valeur normale,0,Units,0,Zero
DATAFLOW,OECD.CFE.EDS:DSD_REG_DEMO@DF_DENSITY(2.0),Densité de population - Régions,I,A,Annuelle,CTRY,Pays,LTU,Lituanie,_Z,N'est pas applicable,POP,Population,_T,Total,_T,Total,PS,Personnes,2014,,2947862,,LTU,Lituanie,A,Valeur normale,0,Units,0,Zero
DATAFLOW,OECD.CFE.EDS:DSD_REG_DEMO@DF_DENSITY(2.0),Densité de population - Régions,I,A,Annuelle,CTRY,Pays,LTU,Lituanie,_Z,N'est pas applicable,POP,Population,_T,Total,_T,Total,PS,Personnes,2013,,2974637,,LTU,Lituanie,A,Valeur normale,0,Units,0,Zero
DATAFLOW,OECD.CFE.EDS:DSD_REG_DEMO@DF_DENSITY(2.0),Densité de population - Régions,I,A,Annuelle,CTRY,Pays,LTU,Lituanie,_Z,N'est pas applicable,POP,Population,_T,Total,_T,Total,PS,Personnes,2005,,3355220,,LTU,Lituanie,A,Valeur normale,0,Units,0,Zero
DATAFLOW,OECD.CFE.EDS:DSD_REG_DEMO@DF_DENSITY(2.0),Densité de population - Régions,I,A,Annuelle,CTRY,Pays,LTU,Lituanie,_Z,N'est pas applicable,POP,Population,_T,Total,_T,Total,PS,Personnes,2006,,3289835,,LTU,Lituanie,A,Valeur normale,0,Units,0,Zero
DATAFLOW,OECD.CFE.EDS:DSD_REG_DEMO@DF_DENSITY(2.0),Densité de population - Régions,I,A,Annuelle,CTRY,Pays,LTU,Lituanie,_Z,N'est pas applicable,POP,Population,_T,Total,_T,Total,PS,Personnes,2022,,2805998,,LTU,Lituanie,A,Valeur normale,0,Units,0,Zero
DATAFLOW,OECD.CFE.EDS:DSD_REG_DEMO@DF_DENSITY(2.0),Densité de population - Régions,I,A,Annuelle,CTRY,Pays,LTU,Lituanie,_Z,N'est pas applicable,POP,Population,_T,Total,_T,Total,PS,Personnes,2009,,3183856,,LTU,Lituanie,A,Valeur normale,0,Units,0,Zero
DATAFLOW,OECD.CFE.EDS:DSD_REG_DEMO@DF_DENSITY(2.0),Densité de population - Régions,I,A,Annuelle,CTRY,Pays,LTU,Lituanie,_Z,N'est pas applicable,POP,Population,_T,Total,_T,Total,PS_KM2,Personnes par kilomètre carré,2019,,44.89,,LTU,Lituanie,A,Valeur normale,0,Units,2,Two
DATAFLOW,OECD.CFE.EDS:DSD_REG_DEMO@DF_DENSITY(2.0),Densité de population - Régions,I,A,Annuelle,CTRY,Pays,LTU,Lituanie,_Z,N'est pas applicable,POP,Population,_T,Total,_T,Total,PS_KM2,Personnes par kilomètre carré,2020,,44.86,,LTU,Lituanie,A,Valeur normale,0,Units,2,Two
DATAFLOW,OECD.CFE.EDS:DSD_REG_DEMO@DF_DENSITY(2.0),Densité de population - Régions,I,A,Annuelle,CTRY,Pays,LTU,Lituanie,_Z,N'est pas applicable,POP,Population,_T,Total,_T,Total,PS_KM2,Personnes par kilomètre carré,2021,,44.87,,LTU,Lituanie,A,Valeur normale,0,Units,2,Two
DATAFLOW,OECD.CFE.EDS:DSD_REG_DEMO@DF_DENSITY(2.0),Densité de population - Régions,I,A,Annuelle,CTRY,Pays,LTU,Lituanie,_Z,N'est pas applicable,POP,Population,_T,Total,_T,Total,PS_KM2,Personnes par kilomètre carré,2016,,46.22,,LTU,Lituanie,A,Valeur normale,0,Units,2,Two
DATAFLOW,OECD.CFE.EDS:DSD_REG_DEMO@DF_DENSITY(2.0),Densité de population - Régions,I,A,Annuelle,CTRY,Pays,LTU,Lituanie,_Z,N'est pas applicable,POP,Population,_T,Total,_T,Total,PS_KM2,Personnes par kilomètre carré,2017,,45.64,,LTU,Lituanie,A,Valeur normale,0,Units,2,Two
DATAFLOW,OECD.CFE.EDS:DSD_REG_DEMO@DF_DENSITY(2.0),Densité de population - Régions,I,A,Annuelle,CTRY,Pays,LTU,Lituanie,_Z,N'est pas applicable,POP,Population,_T,Total,_T,Total,PS_KM2,Personnes par kilomètre carré,2018,,45.12,,LTU,Lituanie,A,Valeur normale,0,Units,2,Two
DATAFLOW,OECD.CFE.EDS:DSD_REG_DEMO@DF_DENSITY(2.0),Densité de population - Régions,I,A,Annuelle,CTRY,Pays,LTU,Lituanie,_Z,N'est pas applicable,POP,Population,_T,Total,_T,Total,PS_KM2,Personnes par kilomètre carré,2013,,47.49,,LTU,Lituanie,A,Valeur normale,0,Units,2,Two
DATAFLOW,OECD.CFE.EDS:DSD_REG_DEMO@DF_DENSITY(2.0),Densité de population - Régions,I,A,Annuelle,CTRY,Pays,LTU,Lituanie,_Z,N'est pas applicable,POP,Population,_T,Total,_T,Total,PS_KM2,Personnes par kilomètre carré,2015,,46.72,,LTU,Lituanie,A,Valeur normale,0,Units,2,Two
DATAFLOW,OECD.CFE.EDS:DSD_REG_DEMO@DF_DENSITY(2.0),Densité de population - Régions,I,A,Annuelle,CTRY,Pays,LTU,Lituanie,_Z,N'est pas applicable,POP,Population,_T,Total,_T,Total,PS_KM2,Personnes par kilomètre carré,2022,,44.79,,LTU,Lituanie,A,Valeur normale,0,Units,2,Two
DATAFLOW,OECD.CFE.EDS:DSD_REG_DEMO@DF_DENSITY(2.0),Densité de population - Régions,I,A,Annuelle,CTRY,Pays,LTU,Lituanie,_Z,N'est pas applicable,POP,Population,_T,Total,_T,Total,PS_KM2,Personnes par kilomètre carré,2023,,45.61,,LTU,Lituanie,A,Valeur normale,0,Units,2,Two
DATAFLOW,OECD.CFE.EDS:DSD_REG_DEMO@DF_DENSITY(2.0),Densité de population - Régions,I,A,Annuelle,CTRY,Pays,LTU,Lituanie,_Z,N'est pas applicable,POP,Population,_T,Total,_T,Total,PS_KM2,Personnes par kilomètre carré,2014,,47.06,,LTU,Lituanie,A,Valeur normale,0,Units,2,Two
DATAFLOW,OECD.CFE.EDS:DSD_REG_DEMO@DF_DENSITY(2.0),Densité de population - Régions,I,A,Annuelle,CTRY,Pays,LTU,Lituanie,_Z,N'est pas applicable,POP,Population,_T,Total,_T,Total,PS_KM2,Personnes par kilomètre carré,2008,,51.28,,LTU,Lituanie,A,Valeur normale,0,Units,2,Two
DATAFLOW,OECD.CFE.EDS:DSD_REG_DEMO@DF_DENSITY(2.0),Densité de population - Régions,I,A,Annuelle,CTRY,Pays,LTU,Lituanie,_Z,N'est pas applicable,POP,Population,_T,Total,_T,Total,PS_KM2,Personnes par kilomètre carré,2010,,50.16,,LTU,Lituanie,A,Valeur normale,0,Units,2,Two
DATAFLOW,OECD.CFE.EDS:DSD_REG_DEMO@DF_DENSITY(2.0),Densité de population - Régions,I,A,Annuelle,CTRY,Pays,LTU,Lituanie,_Z,N'est pas applicable,POP,Population,_T,Total,_T,Total,PS_KM2,Personnes par kilomètre carré,2011,,48.73,,LTU,Lituanie,A,Valeur normale,0,Units,2,Two
DATAFLOW,OECD.CFE.EDS:DSD_REG_DEMO@DF_DENSITY(2.0),Densité de population - Régions,I,A,Annuelle,CTRY,Pays,LUX,Luxembourg,_Z,N'est pas applicable,POP,Population,_T,Total,_T,Total,PS_KM2,Personnes par kilomètre carré,2005,,178.36,,LUX,Luxembourg,A,Valeur normale,0,Units,2,Two
DATAFLOW,OECD.CFE.EDS:DSD_REG_DEMO@DF_DENSITY(2.0),Densité de population - Régions,I,A,Annuelle,CTRY,Pays,LUX,Luxembourg,_Z,N'est pas applicable,POP,Population,_T,Total,_T,Total,PS_KM2,Personnes par kilomètre carré,2006,,181.39,,LUX,Luxembourg,A,Valeur normale,0,Units,2,Two
DATAFLOW,OECD.CFE.EDS:DSD_REG_DEMO@DF_DENSITY(2.0),Densité de population - Régions,I,A,Annuelle,CTRY,Pays,LUX,Luxembourg,_Z,N'est pas applicable,POP,Population,_T,Total,_T,Total,PS,Personnes,1998,,422050,,LUX,Luxembourg,A,Valeur normale,0,Units,0,Zero
DATAFLOW,OECD.CFE.EDS:DSD_REG_DEMO@DF_DENSITY(2.0),Densité de population - Régions,I,A,Annuelle,CTRY,Pays,LUX,Luxembourg,_Z,N'est pas applicable,POP,Population,_T,Total,_T,Total,PS,Personnes,1992,,389600,,LUX,Luxembourg,A,Valeur normale,0,Units,0,Zero
DATAFLOW,OECD.CFE.EDS:DSD_REG_DEMO@DF_DENSITY(2.0),Densité de population - Régions,I,A,Annuelle,CTRY,Pays,LUX,Luxembourg,_Z,N'est pas applicable,POP,Population,_T,Total,_T,Total,PS,Personnes,1993,,394750,,LUX,Luxembourg,A,Valeur normale,0,Units,0,Zero
DATAFLOW,OECD.CFE.EDS:DSD_REG_DEMO@DF_DENSITY(2.0),Densité de population - Régions,I,A,Annuelle,CTRY,Pays,LUX,Luxembourg,_Z,N'est pas applicable,POP,Population,_T,Total,_T,Total,PS,Personnes,1991,,384400,,LUX,Luxembourg,A,Valeur normale,0,Units,0,Zero
DATAFLOW,OECD.CFE.EDS:DSD_REG_DEMO@DF_DENSITY(2.0),Densité de population - Régions,I,A,Annuelle,CTRY,Pays,LUX,Luxembourg,_Z,N'est pas applicable,POP,Population,_T,Total,_T,Total,PS,Personnes,1990,,379300,,LUX,Luxembourg,A,Valeur normale,0,Units,0,Zero
DATAFLOW,OECD.CFE.EDS:DSD_REG_DEMO@DF_DENSITY(2.0),Densité de population - Régions,I,A,Annuelle,CTRY,Pays,LUX,Luxembourg,_Z,N'est pas applicable,POP,Population,_T,Total,_T,Total,PS,Personnes,2017,,590667,,LUX,Luxembourg,B,Rupture de série,0,Units,0,Zero
DATAFLOW,OECD.CFE.EDS:DSD_REG_DEMO@DF_DENSITY(2.0),Densité de population - Régions,I,A,Annuelle,CTRY,Pays,LUX,Luxembourg,_Z,N'est pas applicable,POP,Population,_T,Total,_T,Total,PS,Personnes,1995,,405650,,LUX,Luxembourg,A,Valeur normale,0,Units,0,Zero
DATAFLOW,OECD.CFE.EDS:DSD_REG_DEMO@DF_DENSITY(2.0),Densité de population - Régions,I,A,Annuelle,CTRY,Pays,LUX,Luxembourg,_Z,N'est pas applicable,POP,Population,_T,Total,_T,Total,PS,Personnes,2018,,602005,,LUX,Luxembourg,A,Valeur normale,0,Units,0,Zero
DATAFLOW,OECD.CFE.EDS:DSD_REG_DEMO@DF_DENSITY(2.0),Densité de population - Régions,I,A,Annuelle,CTRY,Pays,LUX,Luxembourg,_Z,N'est pas applicable,POP,Population,_T,Total,_T,Total,PS,Personnes,2019,,613894,,LUX,Luxembourg,A,Valeur normale,0,Units,0,Zero
DATAFLOW,OECD.CFE.EDS:DSD_REG_DEMO@DF_DENSITY(2.0),Densité de population - Régions,I,A,Annuelle,CTRY,Pays,LUX,Luxembourg,_Z,N'est pas applicable,POP,Population,_T,Total,_T,Total,PS,Personnes,2008,,483799,,LUX,Luxembourg,A,Valeur normale,0,Units,0,Zero
DATAFLOW,OECD.CFE.EDS:DSD_REG_DEMO@DF_DENSITY(2.0),Densité de population - Régions,I,A,Annuelle,CTRY,Pays,LUX,Luxembourg,_Z,N'est pas applicable,POP,Population,_T,Total,_T,Total,PS,Personnes,1999,,427350,,LUX,Luxembourg,A,Valeur normale,0,Units,0,Zero
DATAFLOW,OECD.CFE.EDS:DSD_REG_DEMO@DF_DENSITY(2.0),Densité de population - Régions,I,A,Annuelle,CTRY,Pays,LUX,Luxembourg,_Z,N'est pas applicable,POP,Population,_T,Total,_T,Total,PS,Personnes,2012,,524853,,LUX,Luxembourg,A,Valeur normale,0,Units,0,Zero
DATAFLOW,OECD.CFE.EDS:DSD_REG_DEMO@DF_DENSITY(2.0),Densité de population - Régions,I,A,Annuelle,CTRY,Pays,LUX,Luxembourg,_Z,N'est pas applicable,POP,Population,_T,Total,_T,Total,PS,Personnes,2013,,537039,,LUX,Luxembourg,A,Valeur normale,0,Units,0,Zero
DATAFLOW,OECD.CFE.EDS:DSD_REG_DEMO@DF_DENSITY(2.0),Densité de population - Régions,I,A,Annuelle,CTRY,Pays,LUX,Luxembourg,_Z,N'est pas applicable,POP,Population,_T,Total,_T,Total,PS,Personnes,2006,,469086,,LUX,Luxembourg,A,Valeur normale,0,Units,0,Zero
DATAFLOW,OECD.CFE.EDS:DSD_REG_DEMO@DF_DENSITY(2.0),Densité de population - Régions,I,A,Annuelle,CTRY,Pays,LUX,Luxembourg,_Z,N'est pas applicable,POP,Population,_T,Total,_T,Total,PS,Personnes,2007,,476187,,LUX,Luxembourg,A,Valeur normale,0,Units,0,Zero
DATAFLOW,OECD.CFE.EDS:DSD_REG_DEMO@DF_DENSITY(2.0),Densité de population - Régions,I,A,Annuelle,CTRY,Pays,LUX,Luxembourg,_Z,N'est pas applicable,POP,Population,_T,Total,_T,Total,PS,Personnes,2001,,439000,,LUX,Luxembourg,A,Valeur normale,0,Units,0,Zero
DATAFLOW,OECD.CFE.EDS:DSD_REG_DEMO@DF_DENSITY(2.0),Densité de population - Régions,I,A,Annuelle,CTRY,Pays,LUX,Luxembourg,_Z,N'est pas applicable,POP,Population,_T,Total,_T,Total,PS,Personnes,2002,,444050,,LUX,Luxembourg,A,Valeur normale,0,Units,0,Zero
DATAFLOW,OECD.CFE.EDS:DSD_REG_DEMO@DF_DENSITY(2.0),Densité de population - Régions,I,A,Annuelle,CTRY,Pays,LUX,Luxembourg,_Z,N'est pas applicable,POP,Population,_T,Total,_T,Total,PS,Personnes,2003,,448300,,LUX,Luxembourg,A,Valeur normale,0,Units,0,Zero
DATAFLOW,OECD.CFE.EDS:DSD_REG_DEMO@DF_DENSITY(2.0),Densité de population - Régions,I,A,Annuelle,CTRY,Pays,LUX,Luxembourg,_Z,N'est pas applicable,POP,Population,_T,Total,_T,Total,PS,Personnes,1996,,411600,,LUX,Luxembourg,A,Valeur normale,0,Units,0,Zero
DATAFLOW,OECD.CFE.EDS:DSD_REG_DEMO@DF_DENSITY(2.0),Densité de population - Régions,I,A,Annuelle,CTRY,Pays,LUX,Luxembourg,_Z,N'est pas applicable,POP,Population,_T,Total,_T,Total,PS,Personnes,1997,,416850,,LUX,Luxembourg,A,Valeur normale,0,Units,0,Zero
DATAFLOW,OECD.CFE.EDS:DSD_REG_DEMO@DF_DENSITY(2.0),Densité de population - Régions,I,A,Annuelle,CTRY,Pays,LUX,Luxembourg,_Z,N'est pas applicable,POP,Population,_T,Total,_T,Total,PS_KM2,Personnes par kilomètre carré,2007,,184.14,,LUX,Luxembourg,A,Valeur normale,0,Units,2,Two
DATAFLOW,OECD.CFE.EDS:DSD_REG_DEMO@DF_DENSITY(2.0),Densité de population - Régions,I,A,Annuelle,CTRY,Pays,LUX,Luxembourg,_Z,N'est pas applicable,POP,Population,_T,Total,_T,Total,PS_KM2,Personnes par kilomètre carré,2009,,190.84,,LUX,Luxembourg,A,Valeur normale,0,Units,2,Two
DATAFLOW,OECD.CFE.EDS:DSD_REG_DEMO@DF_DENSITY(2.0),Densité de population - Régions,I,A,Annuelle,CTRY,Pays,LUX,Luxembourg,_Z,N'est pas applicable,POP,Population,_T,Total,_T,Total,PS_KM2,Personnes par kilomètre carré,2001,,169.76,,LUX,Luxembourg,A,Valeur normale,0,Units,2,Two
DATAFLOW,OECD.CFE.EDS:DSD_REG_DEMO@DF_DENSITY(2.0),Densité de population - Régions,I,A,Annuelle,CTRY,Pays,LUX,Luxembourg,_Z,N'est pas applicable,POP,Population,_T,Total,_T,Total,PS_KM2,Personnes par kilomètre carré,2002,,171.71,,LUX,Luxembourg,A,Valeur normale,0,Units,2,Two
DATAFLOW,OECD.CFE.EDS:DSD_REG_DEMO@DF_DENSITY(2.0),Densité de population - Régions,I,A,Annuelle,CTRY,Pays,LUX,Luxembourg,_Z,N'est pas applicable,POP,Population,_T,Total,_T,Total,PS_KM2,Personnes par kilomètre carré,1996,,159.16,,LUX,Luxembourg,A,Valeur normale,0,Units,2,Two
DATAFLOW,OECD.CFE.EDS:DSD_REG_DEMO@DF_DENSITY(2.0),Densité de population - Régions,I,A,Annuelle,CTRY,Pays,LUX,Luxembourg,_Z,N'est pas applicable,POP,Population,_T,Total,_T,Total,PS_KM2,Personnes par kilomètre carré,1997,,161.19,,LUX,Luxembourg,A,Valeur normale,0,Units,2,Two
DATAFLOW,OECD.CFE.EDS:DSD_REG_DEMO@DF_DENSITY(2.0),Densité de population - Régions,I,A,Annuelle,CTRY,Pays,LUX,Luxembourg,_Z,N'est pas applicable,POP,Population,_T,Total,_T,Total,PS_KM2,Personnes par kilomètre carré,2000,,167.67,,LUX,Luxembourg,A,Valeur normale,0,Units,2,Two
DATAFLOW,OECD.CFE.EDS:DSD_REG_DEMO@DF_DENSITY(2.0),Densité de population - Régions,I,A,Annuelle,CTRY,Pays,LUX,Luxembourg,_Z,N'est pas applicable,POP,Population,_T,Total,_T,Total,PS_KM2,Personnes par kilomètre carré,1991,,148.65,,LUX,Luxembourg,A,Valeur normale,0,Units,2,Two
DATAFLOW,OECD.CFE.EDS:DSD_REG_DEMO@DF_DENSITY(2.0),Densité de population - Régions,I,A,Annuelle,CTRY,Pays,LUX,Luxembourg,_Z,N'est pas applicable,POP,Population,_T,Total,_T,Total,PS_KM2,Personnes par kilomètre carré,2004,,175.93,,LUX,Luxembourg,A,Valeur normale,0,Units,2,Two
DATAFLOW,OECD.CFE.EDS:DSD_REG_DEMO@DF_DENSITY(2.0),Densité de population - Régions,I,A,Annuelle,CTRY,Pays,LUX,Luxembourg,_Z,N'est pas applicable,POP,Population,_T,Total,_T,Total,PS_KM2,Personnes par kilomètre carré,1995,,156.86,,LUX,Luxembourg,A,Valeur normale,0,Units,2,Two
DATAFLOW,OECD.CFE.EDS:DSD_REG_DEMO@DF_DENSITY(2.0),Densité de population - Régions,I,A,Annuelle,CTRY,Pays,LUX,Luxembourg,_Z,N'est pas applicable,POP,Population,_T,Total,_T,Total,PS_KM2,Personnes par kilomètre carré,1994,,154.76,,LUX,Luxembourg,A,Valeur normale,0,Units,2,Two
DATAFLOW,OECD.CFE.EDS:DSD_REG_DEMO@DF_DENSITY(2.0),Densité de population - Régions,I,A,Annuelle,CTRY,Pays,LUX,Luxembourg,_Z,N'est pas applicable,POP,Population,_T,Total,_T,Total,PS_KM2,Personnes par kilomètre carré,1999,,165.26,,LUX,Luxembourg,A,Valeur normale,0,Units,2,Two
DATAFLOW,OECD.CFE.EDS:DSD_REG_DEMO@DF_DENSITY(2.0),Densité de population - Régions,I,A,Annuelle,CTRY,Pays,LUX,Luxembourg,_Z,N'est pas applicable,POP,Population,_T,Total,_T,Total,PS_KM2,Personnes par kilomètre carré,1990,,146.67,,LUX,Luxembourg,A,Valeur normale,0,Units,2,Two
DATAFLOW,OECD.CFE.EDS:DSD_REG_DEMO@DF_DENSITY(2.0),Densité de population - Régions,I,A,Annuelle,CTRY,Pays,LUX,Luxembourg,_Z,N'est pas applicable,POP,Population,_T,Total,_T,Total,PS_KM2,Personnes par kilomètre carré,1993,,152.65,,LUX,Luxembourg,A,Valeur normale,0,Units,2,Two
DATAFLOW,OECD.CFE.EDS:DSD_REG_DEMO@DF_DENSITY(2.0),Densité de population - Régions,I,A,Annuelle,CTRY,Pays,LUX,Luxembourg,_Z,N'est pas applicable,POP,Population,_T,Total,_T,Total,PS_KM2,Personnes par kilomètre carré,1998,,163.21,,LUX,Luxembourg,A,Valeur normale,0,Units,2,Two
DATAFLOW,OECD.CFE.EDS:DSD_REG_DEMO@DF_DENSITY(2.0),Densité de population - Régions,I,A,Annuelle,CTRY,Pays,LUX,Luxembourg,_Z,N'est pas applicable,POP,Population,_T,Total,_T,Total,PS_KM2,Personnes par kilomètre carré,1992,,150.66,,LUX,Luxembourg,A,Valeur normale,0,Units,2,Two
DATAFLOW,OECD.CFE.EDS:DSD_REG_DEMO@DF_DENSITY(2.0),Densité de population - Régions,I,A,Annuelle,CTRY,Pays,LUX,Luxembourg,_Z,N'est pas applicable,POP,Population,_T,Total,_T,Total,PS_KM2,Personnes par kilomètre carré,2017,,228.41,,LUX,Luxembourg,B,Rupture de série,0,Units,2,Two
DATAFLOW,OECD.CFE.EDS:DSD_REG_DEMO@DF_DENSITY(2.0),Densité de population - Régions,I,A,Annuelle,CTRY,Pays,LUX,Luxembourg,_Z,N'est pas applicable,POP,Population,_T,Total,_T,Total,PS,Personnes,2023,,660809,,LUX,Luxembourg,A,Valeur normale,0,Units,0,Zero
DATAFLOW,OECD.CFE.EDS:DSD_REG_DEMO@DF_DENSITY(2.0),Densité de population - Régions,I,A,Annuelle,CTRY,Pays,LUX,Luxembourg,_Z,N'est pas applicable,POP,Population,_T,Total,_T,Total,PS,Personnes,2010,,502066,,LUX,Luxembourg,A,Valeur normale,0,Units,0,Zero
DATAFLOW,OECD.CFE.EDS:DSD_REG_DEMO@DF_DENSITY(2.0),Densité de population - Régions,I,A,Annuelle,CTRY,Pays,LUX,Luxembourg,_Z,N'est pas applicable,POP,Population,_T,Total,_T,Total,PS,Personnes,2011,,511840,,LUX,Luxembourg,A,Valeur normale,0,Units,0,Zero
DATAFLOW,OECD.CFE.EDS:DSD_REG_DEMO@DF_DENSITY(2.0),Densité de population - Régions,I,A,Annuelle,CTRY,Pays,LUX,Luxembourg,_Z,N'est pas applicable,POP,Population,_T,Total,_T,Total,PS,Personnes,2016,,576249,,LUX,Luxembourg,A,Valeur normale,0,Units,0,Zero
DATAFLOW,OECD.CFE.EDS:DSD_REG_DEMO@DF_DENSITY(2.0),Densité de population - Régions,I,A,Annuelle,CTRY,Pays,LUX,Luxembourg,_Z,N'est pas applicable,POP,Population,_T,Total,_T,Total,PS,Personnes,2005,,461230,,LUX,Luxembourg,A,Valeur normale,0,Units,0,Zero
DATAFLOW,OECD.CFE.EDS:DSD_REG_DEMO@DF_DENSITY(2.0),Densité de population - Régions,I,A,Annuelle,CTRY,Pays,LUX,Luxembourg,_Z,N'est pas applicable,POP,Population,_T,Total,_T,Total,PS,Personnes,2021,,634730,,LUX,Luxembourg,A,Valeur normale,0,Units,0,Zero
DATAFLOW,OECD.CFE.EDS:DSD_REG_DEMO@DF_DENSITY(2.0),Densité de population - Régions,I,A,Annuelle,CTRY,Pays,LUX,Luxembourg,_Z,N'est pas applicable,POP,Population,_T,Total,_T,Total,PS,Personnes,2022,,645397,,LUX,Luxembourg,A,Valeur normale,0,Units,0,Zero
DATAFLOW,OECD.CFE.EDS:DSD_REG_DEMO@DF_DENSITY(2.0),Densité de population - Régions,I,A,Annuelle,CTRY,Pays,LUX,Luxembourg,_Z,N'est pas applicable,POP,Population,_T,Total,_T,Total,PS,Personnes,2020,,626108,,LUX,Luxembourg,A,Valeur normale,0,Units,0,Zero
DATAFLOW,OECD.CFE.EDS:DSD_REG_DEMO@DF_DENSITY(2.0),Densité de population - Régions,I,A,Annuelle,CTRY,Pays,LUX,Luxembourg,_Z,N'est pas applicable,POP,Population,_T,Total,_T,Total,PS,Personnes,2009,,493500,,LUX,Luxembourg,A,Valeur normale,0,Units,0,Zero
DATAFLOW,OECD.CFE.EDS:DSD_REG_DEMO@DF_DENSITY(2.0),Densité de population - Régions,I,A,Annuelle,CTRY,Pays,LUX,Luxembourg,_Z,N'est pas applicable,POP,Population,_T,Total,_T,Total,PS,Personnes,2000,,433600,,LUX,Luxembourg,A,Valeur normale,0,Units,0,Zero
DATAFLOW,OECD.CFE.EDS:DSD_REG_DEMO@DF_DENSITY(2.0),Densité de population - Régions,I,A,Annuelle,CTRY,Pays,LUX,Luxembourg,_Z,N'est pas applicable,POP,Population,_T,Total,_T,Total,PS,Personnes,2014,,549680,,LUX,Luxembourg,A,Valeur normale,0,Units,0,Zero
DATAFLOW,OECD.CFE.EDS:DSD_REG_DEMO@DF_DENSITY(2.0),Densité de population - Régions,I,A,Annuelle,CTRY,Pays,LUX,Luxembourg,_Z,N'est pas applicable,POP,Population,_T,Total,_T,Total,PS,Personnes,2015,,562958,,LUX,Luxembourg,A,Valeur normale,0,Units,0,Zero
DATAFLOW,OECD.CFE.EDS:DSD_REG_DEMO@DF_DENSITY(2.0),Densité de population - Régions,I,A,Annuelle,CTRY,Pays,LUX,Luxembourg,_Z,N'est pas applicable,POP,Population,_T,Total,_T,Total,PS,Personnes,2004,,454960,,LUX,Luxembourg,A,Valeur normale,0,Units,0,Zero
DATAFLOW,OECD.CFE.EDS:DSD_REG_DEMO@DF_DENSITY(2.0),Densité de population - Régions,I,A,Annuelle,CTRY,Pays,LUX,Luxembourg,_Z,N'est pas applicable,POP,Population,_T,Total,_T,Total,PS,Personnes,1994,,400200,,LUX,Luxembourg,A,Valeur normale,0,Units,0,Zero
DATAFLOW,OECD.CFE.EDS:DSD_REG_DEMO@DF_DENSITY(2.0),Densité de population - Régions,I,A,Annuelle,CTRY,Pays,LUX,Luxembourg,_Z,N'est pas applicable,POP,Population,_T,Total,_T,Total,PS_KM2,Personnes par kilomètre carré,2014,,212.56,,LUX,Luxembourg,A,Valeur normale,0,Units,2,Two
DATAFLOW,OECD.CFE.EDS:DSD_REG_DEMO@DF_DENSITY(2.0),Densité de population - Régions,I,A,Annuelle,CTRY,Pays,LUX,Luxembourg,_Z,N'est pas applicable,POP,Population,_T,Total,_T,Total,PS_KM2,Personnes par kilomètre carré,2020,,242.11,,LUX,Luxembourg,A,Valeur normale,0,Units,2,Two
DATAFLOW,OECD.CFE.EDS:DSD_REG_DEMO@DF_DENSITY(2.0),Densité de population - Régions,I,A,Annuelle,CTRY,Pays,LUX,Luxembourg,_Z,N'est pas applicable,POP,Population,_T,Total,_T,Total,PS_KM2,Personnes par kilomètre carré,2019,,237.39,,LUX,Luxembourg,A,Valeur normale,0,Units,2,Two
DATAFLOW,OECD.CFE.EDS:DSD_REG_DEMO@DF_DENSITY(2.0),Densité de population - Régions,I,A,Annuelle,CTRY,Pays,LUX,Luxembourg,_Z,N'est pas applicable,POP,Population,_T,Total,_T,Total,PS_KM2,Personnes par kilomètre carré,2021,,245.45,,LUX,Luxembourg,A,Valeur normale,0,Units,2,Two
DATAFLOW,OECD.CFE.EDS:DSD_REG_DEMO@DF_DENSITY(2.0),Densité de population - Régions,I,A,Annuelle,CTRY,Pays,LUX,Luxembourg,_Z,N'est pas applicable,POP,Population,_T,Total,_T,Total,PS_KM2,Personnes par kilomètre carré,2022,,249.57,,LUX,Luxembourg,A,Valeur normale,0,Units,2,Two
DATAFLOW,OECD.CFE.EDS:DSD_REG_DEMO@DF_DENSITY(2.0),Densité de population - Régions,I,A,Annuelle,CTRY,Pays,LUX,Luxembourg,_Z,N'est pas applicable,POP,Population,_T,Total,_T,Total,PS_KM2,Personnes par kilomètre carré,2023,,255.53,,LUX,Luxembourg,A,Valeur normale,0,Units,2,Two
DATAFLOW,OECD.CFE.EDS:DSD_REG_DEMO@DF_DENSITY(2.0),Densité de population - Régions,I,A,Annuelle,CTRY,Pays,LUX,Luxembourg,_Z,N'est pas applicable,POP,Population,_T,Total,_T,Total,PS_KM2,Personnes par kilomètre carré,2013,,207.67,,LUX,Luxembourg,A,Valeur normale,0,Units,2,Two
DATAFLOW,OECD.CFE.EDS:DSD_REG_DEMO@DF_DENSITY(2.0),Densité de population - Régions,I,A,Annuelle,CTRY,Pays,LUX,Luxembourg,_Z,N'est pas applicable,POP,Population,_T,Total,_T,Total,PS_KM2,Personnes par kilomètre carré,2015,,217.69,,LUX,Luxembourg,A,Valeur normale,0,Units,2,Two
DATAFLOW,OECD.CFE.EDS:DSD_REG_DEMO@DF_DENSITY(2.0),Densité de population - Régions,I,A,Annuelle,CTRY,Pays,LUX,Luxembourg,_Z,N'est pas applicable,POP,Population,_T,Total,_T,Total,PS_KM2,Personnes par kilomètre carré,2016,,222.83,,LUX,Luxembourg,A,Valeur normale,0,Units,2,Two
DATAFLOW,OECD.CFE.EDS:DSD_REG_DEMO@DF_DENSITY(2.0),Densité de population - Régions,I,A,Annuelle,CTRY,Pays,LUX,Luxembourg,_Z,N'est pas applicable,POP,Population,_T,Total,_T,Total,PS_KM2,Personnes par kilomètre carré,2018,,232.79,,LUX,Luxembourg,A,Valeur normale,0,Units,2,Two
DATAFLOW,OECD.CFE.EDS:DSD_REG_DEMO@DF_DENSITY(2.0),Densité de population - Régions,I,A,Annuelle,CTRY,Pays,LUX,Luxembourg,_Z,N'est pas applicable,POP,Population,_T,Total,_T,Total,PS_KM2,Personnes par kilomètre carré,2008,,187.08,,LUX,Luxembourg,A,Valeur normale,0,Units,2,Two
DATAFLOW,OECD.CFE.EDS:DSD_REG_DEMO@DF_DENSITY(2.0),Densité de population - Régions,I,A,Annuelle,CTRY,Pays,LUX,Luxembourg,_Z,N'est pas applicable,POP,Population,_T,Total,_T,Total,PS_KM2,Personnes par kilomètre carré,2010,,194.15,,LUX,Luxembourg,A,Valeur normale,0,Units,2,Two
DATAFLOW,OECD.CFE.EDS:DSD_REG_DEMO@DF_DENSITY(2.0),Densité de population - Régions,I,A,Annuelle,CTRY,Pays,LUX,Luxembourg,_Z,N'est pas applicable,POP,Population,_T,Total,_T,Total,PS_KM2,Personnes par kilomètre carré,2011,,197.93,,LUX,Luxembourg,A,Valeur normale,0,Units,2,Two
DATAFLOW,OECD.CFE.EDS:DSD_REG_DEMO@DF_DENSITY(2.0),Densité de population - Régions,I,A,Annuelle,CTRY,Pays,LUX,Luxembourg,_Z,N'est pas applicable,POP,Population,_T,Total,_T,Total,PS_KM2,Personnes par kilomètre carré,2012,,202.96,,LUX,Luxembourg,A,Valeur normale,0,Units,2,Two
DATAFLOW,OECD.CFE.EDS:DSD_REG_DEMO@DF_DENSITY(2.0),Densité de population - Régions,I,A,Annuelle,CTRY,Pays,MEX,Mexique,_Z,N'est pas applicable,POP,Population,_T,Total,_T,Total,PS_KM2,Personnes par kilomètre carré,2005,,53.92,,MEX,Mexique,A,Valeur normale,0,Units,2,Two
DATAFLOW,OECD.CFE.EDS:DSD_REG_DEMO@DF_DENSITY(2.0),Densité de population - Régions,I,A,Annuelle,CTRY,Pays,MEX,Mexique,_Z,N'est pas applicable,POP,Population,_T,Total,_T,Total,PS_KM2,Personnes par kilomètre carré,2006,,54.66,,MEX,Mexique,A,Valeur normale,0,Units,2,Two
DATAFLOW,OECD.CFE.EDS:DSD_REG_DEMO@DF_DENSITY(2.0),Densité de population - Régions,I,A,Annuelle,CTRY,Pays,MEX,Mexique,_Z,N'est pas applicable,POP,Population,_T,Total,_T,Total,PS,Personnes,2020,,127817992,,MEX,Mexique,A,Valeur normale,0,Units,0,Zero
DATAFLOW,OECD.CFE.EDS:DSD_REG_DEMO@DF_DENSITY(2.0),Densité de population - Régions,I,A,Annuelle,CTRY,Pays,MEX,Mexique,_Z,N'est pas applicable,POP,Population,_T,Total,_T,Total,PS,Personnes,2021,,128600339,,MEX,Mexique,A,Valeur normale,0,Units,0,Zero
DATAFLOW,OECD.CFE.EDS:DSD_REG_DEMO@DF_DENSITY(2.0),Densité de population - Régions,I,A,Annuelle,CTRY,Pays,MEX,Mexique,_Z,N'est pas applicable,POP,Population,_T,Total,_T,Total,PS,Personnes,2022,,129365552,,MEX,Mexique,A,Valeur normale,0,Units,0,Zero
DATAFLOW,OECD.CFE.EDS:DSD_REG_DEMO@DF_DENSITY(2.0),Densité de population - Régions,I,A,Annuelle,CTRY,Pays,MEX,Mexique,_Z,N'est pas applicable,POP,Population,_T,Total,_T,Total,PS,Personnes,2023,,130555656,,MEX,Mexique,A,Valeur normale,0,Units,0,Zero
DATAFLOW,OECD.CFE.EDS:DSD_REG_DEMO@DF_DENSITY(2.0),Densité de population - Régions,I,A,Annuelle,CTRY,Pays,MEX,Mexique,_Z,N'est pas applicable,POP,Population,_T,Total,_T,Total,PS,Personnes,2001,,100027287,,MEX,Mexique,A,Valeur normale,0,Units,0,Zero
DATAFLOW,OECD.CFE.EDS:DSD_REG_DEMO@DF_DENSITY(2.0),Densité de population - Régions,I,A,Annuelle,CTRY,Pays,MEX,Mexique,_Z,N'est pas applicable,POP,Population,_T,Total,_T,Total,PS,Personnes,2002,,101447849,,MEX,Mexique,A,Valeur normale,0,Units,0,Zero
DATAFLOW,OECD.CFE.EDS:DSD_REG_DEMO@DF_DENSITY(2.0),Densité de population - Régions,I,A,Annuelle,CTRY,Pays,MEX,Mexique,_Z,N'est pas applicable,POP,Population,_T,Total,_T,Total,PS,Personnes,2006,,107089871,,MEX,Mexique,A,Valeur normale,0,Units,0,Zero
DATAFLOW,OECD.CFE.EDS:DSD_REG_DEMO@DF_DENSITY(2.0),Densité de population - Régions,I,A,Annuelle,CTRY,Pays,MEX,Mexique,_Z,N'est pas applicable,POP,Population,_T,Total,_T,Total,PS,Personnes,2007,,108678105,,MEX,Mexique,A,Valeur normale,0,Units,0,Zero
DATAFLOW,OECD.CFE.EDS:DSD_REG_DEMO@DF_DENSITY(2.0),Densité de population - Régions,I,A,Annuelle,CTRY,Pays,MEX,Mexique,_Z,N'est pas applicable,POP,Population,_T,Total,_T,Total,PS,Personnes,2008,,110395824,,MEX,Mexique,A,Valeur normale,0,Units,0,Zero
DATAFLOW,OECD.CFE.EDS:DSD_REG_DEMO@DF_DENSITY(2.0),Densité de population - Régions,I,A,Annuelle,CTRY,Pays,MEX,Mexique,_Z,N'est pas applicable,POP,Population,_T,Total,_T,Total,PS,Personnes,2009,,112152636,,MEX,Mexique,A,Valeur normale,0,Units,0,Zero
DATAFLOW,OECD.CFE.EDS:DSD_REG_DEMO@DF_DENSITY(2.0),Densité de population - Régions,I,A,Annuelle,CTRY,Pays,MEX,Mexique,_Z,N'est pas applicable,POP,Population,_T,Total,_T,Total,PS,Personnes,2010,,113904391,,MEX,Mexique,A,Valeur normale,0,Units,0,Zero
DATAFLOW,OECD.CFE.EDS:DSD_REG_DEMO@DF_DENSITY(2.0),Densité de population - Régions,I,A,Annuelle,CTRY,Pays,MEX,Mexique,_Z,N'est pas applicable,POP,Population,_T,Total,_T,Total,PS,Personnes,2011,,115604281,,MEX,Mexique,A,Valeur normale,0,Units,0,Zero
DATAFLOW,OECD.CFE.EDS:DSD_REG_DEMO@DF_DENSITY(2.0),Densité de population - Régions,I,A,Annuelle,CTRY,Pays,MEX,Mexique,_Z,N'est pas applicable,POP,Population,_T,Total,_T,Total,PS,Personnes,2012,,117284666,,MEX,Mexique,A,Valeur normale,0,Units,0,Zero
DATAFLOW,OECD.CFE.EDS:DSD_REG_DEMO@DF_DENSITY(2.0),Densité de population - Régions,I,A,Annuelle,CTRY,Pays,MEX,Mexique,_Z,N'est pas applicable,POP,Population,_T,Total,_T,Total,PS,Personnes,2013,,118832937,,MEX,Mexique,A,Valeur normale,0,Units,0,Zero
DATAFLOW,OECD.CFE.EDS:DSD_REG_DEMO@DF_DENSITY(2.0),Densité de population - Régions,I,A,Annuelle,CTRY,Pays,MEX,Mexique,_Z,N'est pas applicable,POP,Population,_T,Total,_T,Total,PS,Personnes,2014,,120358919,,MEX,Mexique,A,Valeur normale,0,Units,0,Zero
DATAFLOW,OECD.CFE.EDS:DSD_REG_DEMO@DF_DENSITY(2.0),Densité de population - Régions,I,A,Annuelle,CTRY,Pays,MEX,Mexique,_Z,N'est pas applicable,POP,Population,_T,Total,_T,Total,PS,Personnes,2015,,121734816,,MEX,Mexique,A,Valeur normale,0,Units,0,Zero
DATAFLOW,OECD.CFE.EDS:DSD_REG_DEMO@DF_DENSITY(2.0),Densité de population - Régions,I,A,Annuelle,CTRY,Pays,MEX,Mexique,_Z,N'est pas applicable,POP,Population,_T,Total,_T,Total,PS,Personnes,2016,,122998711,,MEX,Mexique,A,Valeur normale,0,Units,0,Zero
DATAFLOW,OECD.CFE.EDS:DSD_REG_DEMO@DF_DENSITY(2.0),Densité de population - Régions,I,A,Annuelle,CTRY,Pays,MEX,Mexique,_Z,N'est pas applicable,POP,Population,_T,Total,_T,Total,PS,Personnes,2017,,124172611,,MEX,Mexique,A,Valeur normale,0,Units,0,Zero
DATAFLOW,OECD.CFE.EDS:DSD_REG_DEMO@DF_DENSITY(2.0),Densité de population - Régions,I,A,Annuelle,CTRY,Pays,MEX,Mexique,_Z,N'est pas applicable,POP,Population,_T,Total,_T,Total,PS,Personnes,2018,,125378294,,MEX,Mexique,A,Valeur normale,0,Units,0,Zero
DATAFLOW,OECD.CFE.EDS:DSD_REG_DEMO@DF_DENSITY(2.0),Densité de population - Régions,I,A,Annuelle,CTRY,Pays,MEX,Mexique,_Z,N'est pas applicable,POP,Population,_T,Total,_T,Total,PS,Personnes,2019,,126609909,,MEX,Mexique,A,Valeur normale,0,Units,0,Zero
DATAFLOW,OECD.CFE.EDS:DSD_REG_DEMO@DF_DENSITY(2.0),Densité de population - Régions,I,A,Annuelle,CTRY,Pays,MEX,Mexique,_Z,N'est pas applicable,POP,Population,_T,Total,_T,Total,PS_KM2,Personnes par kilomètre carré,2007,,55.47,,MEX,Mexique,A,Valeur normale,0,Units,2,Two
DATAFLOW,OECD.CFE.EDS:DSD_REG_DEMO@DF_DENSITY(2.0),Densité de population - Régions,I,A,Annuelle,CTRY,Pays,MEX,Mexique,_Z,N'est pas applicable,POP,Population,_T,Total,_T,Total,PS_KM2,Personnes par kilomètre carré,2008,,56.35,,MEX,Mexique,A,Valeur normale,0,Units,2,Two
DATAFLOW,OECD.CFE.EDS:DSD_REG_DEMO@DF_DENSITY(2.0),Densité de population - Régions,I,A,Annuelle,CTRY,Pays,MEX,Mexique,_Z,N'est pas applicable,POP,Population,_T,Total,_T,Total,PS_KM2,Personnes par kilomètre carré,2009,,57.24,,MEX,Mexique,A,Valeur normale,0,Units,2,Two
DATAFLOW,OECD.CFE.EDS:DSD_REG_DEMO@DF_DENSITY(2.0),Densité de population - Régions,I,A,Annuelle,CTRY,Pays,MEX,Mexique,_Z,N'est pas applicable,POP,Population,_T,Total,_T,Total,PS_KM2,Personnes par kilomètre carré,2010,,58.14,,MEX,Mexique,A,Valeur normale,0,Units,2,Two
DATAFLOW,OECD.CFE.EDS:DSD_REG_DEMO@DF_DENSITY(2.0),Densité de population - Régions,I,A,Annuelle,CTRY,Pays,MEX,Mexique,_Z,N'est pas applicable,POP,Population,_T,Total,_T,Total,PS_KM2,Personnes par kilomètre carré,2011,,59,,MEX,Mexique,A,Valeur normale,0,Units,2,Two
DATAFLOW,OECD.CFE.EDS:DSD_REG_DEMO@DF_DENSITY(2.0),Densité de population - Régions,I,A,Annuelle,CTRY,Pays,MEX,Mexique,_Z,N'est pas applicable,POP,Population,_T,Total,_T,Total,PS_KM2,Personnes par kilomètre carré,2012,,59.86,,MEX,Mexique,A,Valeur normale,0,Units,2,Two
DATAFLOW,OECD.CFE.EDS:DSD_REG_DEMO@DF_DENSITY(2.0),Densité de population - Régions,I,A,Annuelle,CTRY,Pays,MEX,Mexique,_Z,N'est pas applicable,POP,Population,_T,Total,_T,Total,PS_KM2,Personnes par kilomètre carré,2013,,60.65,,MEX,Mexique,A,Valeur normale,0,Units,2,Two
DATAFLOW,OECD.CFE.EDS:DSD_REG_DEMO@DF_DENSITY(2.0),Densité de population - Régions,I,A,Annuelle,CTRY,Pays,MEX,Mexique,_Z,N'est pas applicable,POP,Population,_T,Total,_T,Total,PS_KM2,Personnes par kilomètre carré,2014,,61.43,,MEX,Mexique,A,Valeur normale,0,Units,2,Two
DATAFLOW,OECD.CFE.EDS:DSD_REG_DEMO@DF_DENSITY(2.0),Densité de population - Régions,I,A,Annuelle,CTRY,Pays,MEX,Mexique,_Z,N'est pas applicable,POP,Population,_T,Total,_T,Total,PS_KM2,Personnes par kilomètre carré,2015,,62.13,,MEX,Mexique,A,Valeur normale,0,Units,2,Two
DATAFLOW,OECD.CFE.EDS:DSD_REG_DEMO@DF_DENSITY(2.0),Densité de population - Régions,I,A,Annuelle,CTRY,Pays,MEX,Mexique,_Z,N'est pas applicable,POP,Population,_T,Total,_T,Total,PS_KM2,Personnes par kilomètre carré,2016,,62.78,,MEX,Mexique,A,Valeur normale,0,Units,2,Two
DATAFLOW,OECD.CFE.EDS:DSD_REG_DEMO@DF_DENSITY(2.0),Densité de population - Régions,I,A,Annuelle,CTRY,Pays,MEX,Mexique,_Z,N'est pas applicable,POP,Population,_T,Total,_T,Total,PS_KM2,Personnes par kilomètre carré,2017,,63.38,,MEX,Mexique,A,Valeur normale,0,Units,2,Two
DATAFLOW,OECD.CFE.EDS:DSD_REG_DEMO@DF_DENSITY(2.0),Densité de population - Régions,I,A,Annuelle,CTRY,Pays,MEX,Mexique,_Z,N'est pas applicable,POP,Population,_T,Total,_T,Total,PS_KM2,Personnes par kilomètre carré,2018,,63.99,,MEX,Mexique,A,Valeur normale,0,Units,2,Two
DATAFLOW,OECD.CFE.EDS:DSD_REG_DEMO@DF_DENSITY(2.0),Densité de population - Régions,I,A,Annuelle,CTRY,Pays,MEX,Mexique,_Z,N'est pas applicable,POP,Population,_T,Total,_T,Total,PS_KM2,Personnes par kilomètre carré,2019,,64.62,,MEX,Mexique,A,Valeur normale,0,Units,2,Two
DATAFLOW,OECD.CFE.EDS:DSD_REG_DEMO@DF_DENSITY(2.0),Densité de population - Régions,I,A,Annuelle,CTRY,Pays,MEX,Mexique,_Z,N'est pas applicable,POP,Population,_T,Total,_T,Total,PS_KM2,Personnes par kilomètre carré,2020,,65.24,,MEX,Mexique,A,Valeur normale,0,Units,2,Two
DATAFLOW,OECD.CFE.EDS:DSD_REG_DEMO@DF_DENSITY(2.0),Densité de population - Régions,I,A,Annuelle,CTRY,Pays,MEX,Mexique,_Z,N'est pas applicable,POP,Population,_T,Total,_T,Total,PS_KM2,Personnes par kilomètre carré,2021,,65.64,,MEX,Mexique,A,Valeur normale,0,Units,2,Two
DATAFLOW,OECD.CFE.EDS:DSD_REG_DEMO@DF_DENSITY(2.0),Densité de population - Régions,I,A,Annuelle,CTRY,Pays,MEX,Mexique,_Z,N'est pas applicable,POP,Population,_T,Total,_T,Total,PS_KM2,Personnes par kilomètre carré,2022,,66.03,,MEX,Mexique,A,Valeur normale,0,Units,2,Two
DATAFLOW,OECD.CFE.EDS:DSD_REG_DEMO@DF_DENSITY(2.0),Densité de population - Régions,I,A,Annuelle,CTRY,Pays,MEX,Mexique,_Z,N'est pas applicable,POP,Population,_T,Total,_T,Total,PS_KM2,Personnes par kilomètre carré,2023,,66.64,,MEX,Mexique,A,Valeur normale,0,Units,2,Two
DATAFLOW,OECD.CFE.EDS:DSD_REG_DEMO@DF_DENSITY(2.0),Densité de population - Régions,I,A,Annuelle,CTRY,Pays,MEX,Mexique,_Z,N'est pas applicable,POP,Population,_T,Total,_T,Total,PS,Personnes,2003,,102883299,,MEX,Mexique,A,Valeur normale,0,Units,0,Zero
DATAFLOW,OECD.CFE.EDS:DSD_REG_DEMO@DF_DENSITY(2.0),Densité de population - Régions,I,A,Annuelle,CTRY,Pays,MEX,Mexique,_Z,N'est pas applicable,POP,Population,_T,Total,_T,Total,PS,Personnes,2004,,104289107,,MEX,Mexique,A,Valeur normale,0,Units,0,Zero
DATAFLOW,OECD.CFE.EDS:DSD_REG_DEMO@DF_DENSITY(2.0),Densité de population - Régions,I,A,Annuelle,CTRY,Pays,MEX,Mexique,_Z,N'est pas applicable,POP,Population,_T,Total,_T,Total,PS,Personnes,1990,,83691596,,MEX,Mexique,A,Valeur normale,0,Units,0,Zero
DATAFLOW,OECD.CFE.EDS:DSD_REG_DEMO@DF_DENSITY(2.0),Densité de population - Régions,I,A,Annuelle,CTRY,Pays,MEX,Mexique,_Z,N'est pas applicable,POP,Population,_T,Total,_T,Total,PS,Personnes,1991,,85310987,,MEX,Mexique,A,Valeur normale,0,Units,0,Zero
DATAFLOW,OECD.CFE.EDS:DSD_REG_DEMO@DF_DENSITY(2.0),Densité de population - Régions,I,A,Annuelle,CTRY,Pays,MEX,Mexique,_Z,N'est pas applicable,POP,Population,_T,Total,_T,Total,PS,Personnes,1992,,86940705,,MEX,Mexique,A,Valeur normale,0,Units,0,Zero
DATAFLOW,OECD.CFE.EDS:DSD_REG_DEMO@DF_DENSITY(2.0),Densité de population - Régions,I,A,Annuelle,CTRY,Pays,MEX,Mexique,_Z,N'est pas applicable,POP,Population,_T,Total,_T,Total,PS,Personnes,1993,,88562177,,MEX,Mexique,A,Valeur normale,0,Units,0,Zero
DATAFLOW,OECD.CFE.EDS:DSD_REG_DEMO@DF_DENSITY(2.0),Densité de population - Régions,I,A,Annuelle,CTRY,Pays,MEX,Mexique,_Z,N'est pas applicable,POP,Population,_T,Total,_T,Total,PS,Personnes,1994,,90163548,,MEX,Mexique,A,Valeur normale,0,Units,0,Zero
DATAFLOW,OECD.CFE.EDS:DSD_REG_DEMO@DF_DENSITY(2.0),Densité de population - Régions,I,A,Annuelle,CTRY,Pays,MEX,Mexique,_Z,N'est pas applicable,POP,Population,_T,Total,_T,Total,PS,Personnes,1995,,91740200,,MEX,Mexique,A,Valeur normale,0,Units,0,Zero
DATAFLOW,OECD.CFE.EDS:DSD_REG_DEMO@DF_DENSITY(2.0),Densité de population - Régions,I,A,Annuelle,CTRY,Pays,MEX,Mexique,_Z,N'est pas applicable,POP,Population,_T,Total,_T,Total,PS,Personnes,1996,,93269981,,MEX,Mexique,A,Valeur normale,0,Units,0,Zero
DATAFLOW,OECD.CFE.EDS:DSD_REG_DEMO@DF_DENSITY(2.0),Densité de population - Régions,I,A,Annuelle,CTRY,Pays,MEX,Mexique,_Z,N'est pas applicable,POP,Population,_T,Total,_T,Total,PS,Personnes,1997,,94737983,,MEX,Mexique,A,Valeur normale,0,Units,0,Zero
DATAFLOW,OECD.CFE.EDS:DSD_REG_DEMO@DF_DENSITY(2.0),Densité de population - Régions,I,A,Annuelle,CTRY,Pays,MEX,Mexique,_Z,N'est pas applicable,POP,Population,_T,Total,_T,Total,PS,Personnes,1998,,96134593,,MEX,Mexique,A,Valeur normale,0,Units,0,Zero
DATAFLOW,OECD.CFE.EDS:DSD_REG_DEMO@DF_DENSITY(2.0),Densité de population - Régions,I,A,Annuelle,CTRY,Pays,MEX,Mexique,_Z,N'est pas applicable,POP,Population,_T,Total,_T,Total,PS,Personnes,1999,,97460436,,MEX,Mexique,A,Valeur normale,0,Units,0,Zero
DATAFLOW,OECD.CFE.EDS:DSD_REG_DEMO@DF_DENSITY(2.0),Densité de population - Régions,I,A,Annuelle,CTRY,Pays,MEX,Mexique,_Z,N'est pas applicable,POP,Population,_T,Total,_T,Total,PS,Personnes,2000,,98707050,,MEX,Mexique,A,Valeur normale,0,Units,0,Zero
DATAFLOW,OECD.CFE.EDS:DSD_REG_DEMO@DF_DENSITY(2.0),Densité de population - Régions,I,A,Annuelle,CTRY,Pays,MEX,Mexique,_Z,N'est pas applicable,POP,Population,_T,Total,_T,Total,PS,Personnes,2005,,105648670,,MEX,Mexique,A,Valeur normale,0,Units,0,Zero
DATAFLOW,OECD.CFE.EDS:DSD_REG_DEMO@DF_DENSITY(2.0),Densité de population - Régions,I,A,Annuelle,CTRY,Pays,MEX,Mexique,_Z,N'est pas applicable,POP,Population,_T,Total,_T,Total,PS_KM2,Personnes par kilomètre carré,1990,,42.72,,MEX,Mexique,A,Valeur normale,0,Units,2,Two
DATAFLOW,OECD.CFE.EDS:DSD_REG_DEMO@DF_DENSITY(2.0),Densité de population - Régions,I,A,Annuelle,CTRY,Pays,MEX,Mexique,_Z,N'est pas applicable,POP,Population,_T,Total,_T,Total,PS_KM2,Personnes par kilomètre carré,1991,,43.54,,MEX,Mexique,A,Valeur normale,0,Units,2,Two
DATAFLOW,OECD.CFE.EDS:DSD_REG_DEMO@DF_DENSITY(2.0),Densité de population - Régions,I,A,Annuelle,CTRY,Pays,MEX,Mexique,_Z,N'est pas applicable,POP,Population,_T,Total,_T,Total,PS_KM2,Personnes par kilomètre carré,1992,,44.37,,MEX,Mexique,A,Valeur normale,0,Units,2,Two
DATAFLOW,OECD.CFE.EDS:DSD_REG_DEMO@DF_DENSITY(2.0),Densité de population - Régions,I,A,Annuelle,CTRY,Pays,MEX,Mexique,_Z,N'est pas applicable,POP,Population,_T,Total,_T,Total,PS_KM2,Personnes par kilomètre carré,1993,,45.2,,MEX,Mexique,A,Valeur normale,0,Units,2,Two
DATAFLOW,OECD.CFE.EDS:DSD_REG_DEMO@DF_DENSITY(2.0),Densité de population - Régions,I,A,Annuelle,CTRY,Pays,MEX,Mexique,_Z,N'est pas applicable,POP,Population,_T,Total,_T,Total,PS_KM2,Personnes par kilomètre carré,1994,,46.02,,MEX,Mexique,A,Valeur normale,0,Units,2,Two
DATAFLOW,OECD.CFE.EDS:DSD_REG_DEMO@DF_DENSITY(2.0),Densité de population - Régions,I,A,Annuelle,CTRY,Pays,MEX,Mexique,_Z,N'est pas applicable,POP,Population,_T,Total,_T,Total,PS_KM2,Personnes par kilomètre carré,1995,,46.82,,MEX,Mexique,A,Valeur normale,0,Units,2,Two
DATAFLOW,OECD.CFE.EDS:DSD_REG_DEMO@DF_DENSITY(2.0),Densité de population - Régions,I,A,Annuelle,CTRY,Pays,MEX,Mexique,_Z,N'est pas applicable,POP,Population,_T,Total,_T,Total,PS_KM2,Personnes par kilomètre carré,1996,,47.6,,MEX,Mexique,A,Valeur normale,0,Units,2,Two
DATAFLOW,OECD.CFE.EDS:DSD_REG_DEMO@DF_DENSITY(2.0),Densité de population - Régions,I,A,Annuelle,CTRY,Pays,MEX,Mexique,_Z,N'est pas applicable,POP,Population,_T,Total,_T,Total,PS_KM2,Personnes par kilomètre carré,1997,,48.35,,MEX,Mexique,A,Valeur normale,0,Units,2,Two
DATAFLOW,OECD.CFE.EDS:DSD_REG_DEMO@DF_DENSITY(2.0),Densité de population - Régions,I,A,Annuelle,CTRY,Pays,MEX,Mexique,_Z,N'est pas applicable,POP,Population,_T,Total,_T,Total,PS_KM2,Personnes par kilomètre carré,1998,,49.07,,MEX,Mexique,A,Valeur normale,0,Units,2,Two
DATAFLOW,OECD.CFE.EDS:DSD_REG_DEMO@DF_DENSITY(2.0),Densité de population - Régions,I,A,Annuelle,CTRY,Pays,MEX,Mexique,_Z,N'est pas applicable,POP,Population,_T,Total,_T,Total,PS_KM2,Personnes par kilomètre carré,1999,,49.74,,MEX,Mexique,A,Valeur normale,0,Units,2,Two
DATAFLOW,OECD.CFE.EDS:DSD_REG_DEMO@DF_DENSITY(2.0),Densité de population - Régions,I,A,Annuelle,CTRY,Pays,MEX,Mexique,_Z,N'est pas applicable,POP,Population,_T,Total,_T,Total,PS_KM2,Personnes par kilomètre carré,2000,,50.38,,MEX,Mexique,A,Valeur normale,0,Units,2,Two
DATAFLOW,OECD.CFE.EDS:DSD_REG_DEMO@DF_DENSITY(2.0),Densité de population - Régions,I,A,Annuelle,CTRY,Pays,MEX,Mexique,_Z,N'est pas applicable,POP,Population,_T,Total,_T,Total,PS_KM2,Personnes par kilomètre carré,2001,,51.05,,MEX,Mexique,A,Valeur normale,0,Units,2,Two
DATAFLOW,OECD.CFE.EDS:DSD_REG_DEMO@DF_DENSITY(2.0),Densité de population - Régions,I,A,Annuelle,CTRY,Pays,MEX,Mexique,_Z,N'est pas applicable,POP,Population,_T,Total,_T,Total,PS_KM2,Personnes par kilomètre carré,2002,,51.78,,MEX,Mexique,A,Valeur normale,0,Units,2,Two
DATAFLOW,OECD.CFE.EDS:DSD_REG_DEMO@DF_DENSITY(2.0),Densité de population - Régions,I,A,Annuelle,CTRY,Pays,MEX,Mexique,_Z,N'est pas applicable,POP,Population,_T,Total,_T,Total,PS_KM2,Personnes par kilomètre carré,2003,,52.51,,MEX,Mexique,A,Valeur normale,0,Units,2,Two
DATAFLOW,OECD.CFE.EDS:DSD_REG_DEMO@DF_DENSITY(2.0),Densité de population - Régions,I,A,Annuelle,CTRY,Pays,NLD,Pays-Bas,_Z,N'est pas applicable,POP,Population,_T,Total,_T,Total,PS_KM2,Personnes par kilomètre carré,2003,,473.63,,NLD,Pays-Bas,A,Valeur normale,0,Units,2,Two
DATAFLOW,OECD.CFE.EDS:DSD_REG_DEMO@DF_DENSITY(2.0),Densité de population - Régions,I,A,Annuelle,CTRY,Pays,NLD,Pays-Bas,_Z,N'est pas applicable,POP,Population,_T,Total,_T,Total,PS_KM2,Personnes par kilomètre carré,2005,,476.94,,NLD,Pays-Bas,A,Valeur normale,0,Units,2,Two
DATAFLOW,OECD.CFE.EDS:DSD_REG_DEMO@DF_DENSITY(2.0),Densité de population - Régions,I,A,Annuelle,CTRY,Pays,NLD,Pays-Bas,_Z,N'est pas applicable,POP,Population,_T,Total,_T,Total,PS,Personnes,2002,,16105285,,NLD,Pays-Bas,A,Valeur normale,0,Units,0,Zero
DATAFLOW,OECD.CFE.EDS:DSD_REG_DEMO@DF_DENSITY(2.0),Densité de population - Régions,I,A,Annuelle,CTRY,Pays,NLD,Pays-Bas,_Z,N'est pas applicable,POP,Population,_T,Total,_T,Total,PS,Personnes,2003,,16192572,,NLD,Pays-Bas,A,Valeur normale,0,Units,0,Zero
DATAFLOW,OECD.CFE.EDS:DSD_REG_DEMO@DF_DENSITY(2.0),Densité de population - Régions,I,A,Annuelle,CTRY,Pays,NLD,Pays-Bas,_Z,N'est pas applicable,POP,Population,_T,Total,_T,Total,PS,Personnes,1996,,15493889,,NLD,Pays-Bas,A,Valeur normale,0,Units,0,Zero
DATAFLOW,OECD.CFE.EDS:DSD_REG_DEMO@DF_DENSITY(2.0),Densité de population - Régions,I,A,Annuelle,CTRY,Pays,NLD,Pays-Bas,_Z,N'est pas applicable,POP,Population,_T,Total,_T,Total,PS,Personnes,1997,,15567107,,NLD,Pays-Bas,A,Valeur normale,0,Units,0,Zero
DATAFLOW,OECD.CFE.EDS:DSD_REG_DEMO@DF_DENSITY(2.0),Densité de population - Régions,I,A,Annuelle,CTRY,Pays,NLD,Pays-Bas,_Z,N'est pas applicable,POP,Population,_T,Total,_T,Total,PS,Personnes,1992,,15129150,,NLD,Pays-Bas,A,Valeur normale,0,Units,0,Zero
DATAFLOW,OECD.CFE.EDS:DSD_REG_DEMO@DF_DENSITY(2.0),Densité de population - Régions,I,A,Annuelle,CTRY,Pays,NLD,Pays-Bas,_Z,N'est pas applicable,POP,Population,_T,Total,_T,Total,PS,Personnes,1993,,15239182,,NLD,Pays-Bas,A,Valeur normale,0,Units,0,Zero
DATAFLOW,OECD.CFE.EDS:DSD_REG_DEMO@DF_DENSITY(2.0),Densité de population - Régions,I,A,Annuelle,CTRY,Pays,NLD,Pays-Bas,_Z,N'est pas applicable,POP,Population,_T,Total,_T,Total,PS,Personnes,2018,,17181084,,NLD,Pays-Bas,A,Valeur normale,0,Units,0,Zero
DATAFLOW,OECD.CFE.EDS:DSD_REG_DEMO@DF_DENSITY(2.0),Densité de population - Régions,I,A,Annuelle,CTRY,Pays,NLD,Pays-Bas,_Z,N'est pas applicable,POP,Population,_T,Total,_T,Total,PS,Personnes,2019,,17282163,,NLD,Pays-Bas,A,Valeur normale,0,Units,0,Zero
DATAFLOW,OECD.CFE.EDS:DSD_REG_DEMO@DF_DENSITY(2.0),Densité de population - Régions,I,A,Annuelle,CTRY,Pays,NLD,Pays-Bas,_Z,N'est pas applicable,POP,Population,_T,Total,_T,Total,PS,Personnes,2008,,16405399,,NLD,Pays-Bas,A,Valeur normale,0,Units,0,Zero
DATAFLOW,OECD.CFE.EDS:DSD_REG_DEMO@DF_DENSITY(2.0),Densité de population - Régions,I,A,Annuelle,CTRY,Pays,NLD,Pays-Bas,_Z,N'est pas applicable,POP,Population,_T,Total,_T,Total,PS,Personnes,2009,,16485787,,NLD,Pays-Bas,A,Valeur normale,0,Units,0,Zero
DATAFLOW,OECD.CFE.EDS:DSD_REG_DEMO@DF_DENSITY(2.0),Densité de population - Régions,I,A,Annuelle,CTRY,Pays,NLD,Pays-Bas,_Z,N'est pas applicable,POP,Population,_T,Total,_T,Total,PS,Personnes,2012,,16730348,,NLD,Pays-Bas,A,Valeur normale,0,Units,0,Zero
DATAFLOW,OECD.CFE.EDS:DSD_REG_DEMO@DF_DENSITY(2.0),Densité de population - Régions,I,A,Annuelle,CTRY,Pays,NLD,Pays-Bas,_Z,N'est pas applicable,POP,Population,_T,Total,_T,Total,PS,Personnes,2013,,16779575,,NLD,Pays-Bas,A,Valeur normale,0,Units,0,Zero
DATAFLOW,OECD.CFE.EDS:DSD_REG_DEMO@DF_DENSITY(2.0),Densité de population - Régions,I,A,Annuelle,CTRY,Pays,NLD,Pays-Bas,_Z,N'est pas applicable,POP,Population,_T,Total,_T,Total,PS,Personnes,1990,,14892574,,NLD,Pays-Bas,A,Valeur normale,0,Units,0,Zero
DATAFLOW,OECD.CFE.EDS:DSD_REG_DEMO@DF_DENSITY(2.0),Densité de population - Régions,I,A,Annuelle,CTRY,Pays,NLD,Pays-Bas,_Z,N'est pas applicable,POP,Population,_T,Total,_T,Total,PS,Personnes,1991,,15010445,,NLD,Pays-Bas,A,Valeur normale,0,Units,0,Zero
DATAFLOW,OECD.CFE.EDS:DSD_REG_DEMO@DF_DENSITY(2.0),Densité de population - Régions,I,A,Annuelle,CTRY,Pays,NLD,Pays-Bas,_Z,N'est pas applicable,POP,Population,_T,Total,_T,Total,PS,Personnes,2006,,16334210,,NLD,Pays-Bas,A,Valeur normale,0,Units,0,Zero
DATAFLOW,OECD.CFE.EDS:DSD_REG_DEMO@DF_DENSITY(2.0),Densité de population - Régions,I,A,Annuelle,CTRY,Pays,NLD,Pays-Bas,_Z,N'est pas applicable,POP,Population,_T,Total,_T,Total,PS,Personnes,2007,,16357992,,NLD,Pays-Bas,A,Valeur normale,0,Units,0,Zero
DATAFLOW,OECD.CFE.EDS:DSD_REG_DEMO@DF_DENSITY(2.0),Densité de population - Régions,I,A,Annuelle,CTRY,Pays,NLD,Pays-Bas,_Z,N'est pas applicable,POP,Population,_T,Total,_T,Total,PS,Personnes,1998,,15654192,,NLD,Pays-Bas,A,Valeur normale,0,Units,0,Zero
DATAFLOW,OECD.CFE.EDS:DSD_REG_DEMO@DF_DENSITY(2.0),Densité de population - Régions,I,A,Annuelle,CTRY,Pays,NLD,Pays-Bas,_Z,N'est pas applicable,POP,Population,_T,Total,_T,Total,PS,Personnes,1999,,15760225,,NLD,Pays-Bas,A,Valeur normale,0,Units,0,Zero
DATAFLOW,OECD.CFE.EDS:DSD_REG_DEMO@DF_DENSITY(2.0),Densité de population - Régions,I,A,Annuelle,CTRY,Pays,NLD,Pays-Bas,_Z,N'est pas applicable,POP,Population,_T,Total,_T,Total,PS,Personnes,2000,,15863950,,NLD,Pays-Bas,A,Valeur normale,0,Units,0,Zero
DATAFLOW,OECD.CFE.EDS:DSD_REG_DEMO@DF_DENSITY(2.0),Densité de population - Régions,I,A,Annuelle,CTRY,Pays,NLD,Pays-Bas,_Z,N'est pas applicable,POP,Population,_T,Total,_T,Total,PS,Personnes,2001,,15987075,,NLD,Pays-Bas,A,Valeur normale,0,Units,0,Zero
DATAFLOW,OECD.CFE.EDS:DSD_REG_DEMO@DF_DENSITY(2.0),Densité de population - Régions,I,A,Annuelle,CTRY,Pays,NLD,Pays-Bas,_Z,N'est pas applicable,POP,Population,_T,Total,_T,Total,PS_KM2,Personnes par kilomètre carré,2006,,477.78,,NLD,Pays-Bas,A,Valeur normale,0,Units,2,Two
DATAFLOW,OECD.CFE.EDS:DSD_REG_DEMO@DF_DENSITY(2.0),Densité de population - Régions,I,A,Annuelle,CTRY,Pays,NLD,Pays-Bas,_Z,N'est pas applicable,POP,Population,_T,Total,_T,Total,PS_KM2,Personnes par kilomètre carré,2007,,478.47,,NLD,Pays-Bas,A,Valeur normale,0,Units,2,Two
DATAFLOW,OECD.CFE.EDS:DSD_REG_DEMO@DF_DENSITY(2.0),Densité de population - Régions,I,A,Annuelle,CTRY,Pays,NLD,Pays-Bas,_Z,N'est pas applicable,POP,Population,_T,Total,_T,Total,PS_KM2,Personnes par kilomètre carré,2009,,482.21,,NLD,Pays-Bas,A,Valeur normale,0,Units,2,Two
DATAFLOW,OECD.CFE.EDS:DSD_REG_DEMO@DF_DENSITY(2.0),Densité de population - Régions,I,A,Annuelle,CTRY,Pays,NLD,Pays-Bas,_Z,N'est pas applicable,POP,Population,_T,Total,_T,Total,PS_KM2,Personnes par kilomètre carré,2001,,467.62,,NLD,Pays-Bas,A,Valeur normale,0,Units,2,Two
DATAFLOW,OECD.CFE.EDS:DSD_REG_DEMO@DF_DENSITY(2.0),Densité de population - Régions,I,A,Annuelle,CTRY,Pays,NLD,Pays-Bas,_Z,N'est pas applicable,POP,Population,_T,Total,_T,Total,PS_KM2,Personnes par kilomètre carré,2002,,471.08,,NLD,Pays-Bas,A,Valeur normale,0,Units,2,Two
DATAFLOW,OECD.CFE.EDS:DSD_REG_DEMO@DF_DENSITY(2.0),Densité de population - Régions,I,A,Annuelle,CTRY,Pays,NLD,Pays-Bas,_Z,N'est pas applicable,POP,Population,_T,Total,_T,Total,PS_KM2,Personnes par kilomètre carré,1996,,453.2,,NLD,Pays-Bas,A,Valeur normale,0,Units,2,Two
DATAFLOW,OECD.CFE.EDS:DSD_REG_DEMO@DF_DENSITY(2.0),Densité de population - Régions,I,A,Annuelle,CTRY,Pays,NLD,Pays-Bas,_Z,N'est pas applicable,POP,Population,_T,Total,_T,Total,PS_KM2,Personnes par kilomètre carré,1997,,455.34,,NLD,Pays-Bas,A,Valeur normale,0,Units,2,Two
DATAFLOW,OECD.CFE.EDS:DSD_REG_DEMO@DF_DENSITY(2.0),Densité de population - Régions,I,A,Annuelle,CTRY,Pays,NLD,Pays-Bas,_Z,N'est pas applicable,POP,Population,_T,Total,_T,Total,PS_KM2,Personnes par kilomètre carré,2000,,464.02,,NLD,Pays-Bas,A,Valeur normale,0,Units,2,Two
DATAFLOW,OECD.CFE.EDS:DSD_REG_DEMO@DF_DENSITY(2.0),Densité de population - Régions,I,A,Annuelle,CTRY,Pays,NLD,Pays-Bas,_Z,N'est pas applicable,POP,Population,_T,Total,_T,Total,PS_KM2,Personnes par kilomètre carré,1991,,439.06,,NLD,Pays-Bas,A,Valeur normale,0,Units,2,Two
DATAFLOW,OECD.CFE.EDS:DSD_REG_DEMO@DF_DENSITY(2.0),Densité de population - Régions,I,A,Annuelle,CTRY,Pays,NLD,Pays-Bas,_Z,N'est pas applicable,POP,Population,_T,Total,_T,Total,PS_KM2,Personnes par kilomètre carré,2004,,475.55,,NLD,Pays-Bas,A,Valeur normale,0,Units,2,Two
DATAFLOW,OECD.CFE.EDS:DSD_REG_DEMO@DF_DENSITY(2.0),Densité de population - Régions,I,A,Annuelle,CTRY,Pays,NLD,Pays-Bas,_Z,N'est pas applicable,POP,Population,_T,Total,_T,Total,PS_KM2,Personnes par kilomètre carré,1995,,451.16,,NLD,Pays-Bas,A,Valeur normale,0,Units,2,Two
DATAFLOW,OECD.CFE.EDS:DSD_REG_DEMO@DF_DENSITY(2.0),Densité de population - Régions,I,A,Annuelle,CTRY,Pays,NLD,Pays-Bas,_Z,N'est pas applicable,POP,Population,_T,Total,_T,Total,PS_KM2,Personnes par kilomètre carré,1994,,448.74,,NLD,Pays-Bas,A,Valeur normale,0,Units,2,Two
DATAFLOW,OECD.CFE.EDS:DSD_REG_DEMO@DF_DENSITY(2.0),Densité de population - Régions,I,A,Annuelle,CTRY,Pays,NLD,Pays-Bas,_Z,N'est pas applicable,POP,Population,_T,Total,_T,Total,PS_KM2,Personnes par kilomètre carré,1999,,460.99,,NLD,Pays-Bas,A,Valeur normale,0,Units,2,Two
DATAFLOW,OECD.CFE.EDS:DSD_REG_DEMO@DF_DENSITY(2.0),Densité de population - Régions,I,A,Annuelle,CTRY,Pays,NLD,Pays-Bas,_Z,N'est pas applicable,POP,Population,_T,Total,_T,Total,PS_KM2,Personnes par kilomètre carré,1990,,435.61,,NLD,Pays-Bas,A,Valeur normale,0,Units,2,Two
DATAFLOW,OECD.CFE.EDS:DSD_REG_DEMO@DF_DENSITY(2.0),Densité de population - Régions,I,A,Annuelle,CTRY,Pays,NLD,Pays-Bas,_Z,N'est pas applicable,POP,Population,_T,Total,_T,Total,PS_KM2,Personnes par kilomètre carré,1993,,445.75,,NLD,Pays-Bas,A,Valeur normale,0,Units,2,Two
DATAFLOW,OECD.CFE.EDS:DSD_REG_DEMO@DF_DENSITY(2.0),Densité de population - Régions,I,A,Annuelle,CTRY,Pays,NLD,Pays-Bas,_Z,N'est pas applicable,POP,Population,_T,Total,_T,Total,PS_KM2,Personnes par kilomètre carré,1998,,457.89,,NLD,Pays-Bas,A,Valeur normale,0,Units,2,Two
DATAFLOW,OECD.CFE.EDS:DSD_REG_DEMO@DF_DENSITY(2.0),Densité de population - Régions,I,A,Annuelle,CTRY,Pays,NLD,Pays-Bas,_Z,N'est pas applicable,POP,Population,_T,Total,_T,Total,PS_KM2,Personnes par kilomètre carré,1992,,442.53,,NLD,Pays-Bas,A,Valeur normale,0,Units,2,Two
DATAFLOW,OECD.CFE.EDS:DSD_REG_DEMO@DF_DENSITY(2.0),Densité de population - Régions,I,A,Annuelle,CTRY,Pays,NLD,Pays-Bas,_Z,N'est pas applicable,POP,Population,_T,Total,_T,Total,PS,Personnes,2022,,17590672,,NLD,Pays-Bas,A,Valeur normale,0,Units,0,Zero
DATAFLOW,OECD.CFE.EDS:DSD_REG_DEMO@DF_DENSITY(2.0),Densité de population - Régions,I,A,Annuelle,CTRY,Pays,NLD,Pays-Bas,_Z,N'est pas applicable,POP,Population,_T,Total,_T,Total,PS,Personnes,2023,,17811291,,NLD,Pays-Bas,A,Valeur normale,0,Units,0,Zero
DATAFLOW,OECD.CFE.EDS:DSD_REG_DEMO@DF_DENSITY(2.0),Densité de population - Régions,I,A,Annuelle,CTRY,Pays,NLD,Pays-Bas,_Z,N'est pas applicable,POP,Population,_T,Total,_T,Total,PS,Personnes,2010,,16574989,,NLD,Pays-Bas,A,Valeur normale,0,Units,0,Zero
DATAFLOW,OECD.CFE.EDS:DSD_REG_DEMO@DF_DENSITY(2.0),Densité de population - Régions,I,A,Annuelle,CTRY,Pays,NLD,Pays-Bas,_Z,N'est pas applicable,POP,Population,_T,Total,_T,Total,PS,Personnes,2011,,16655799,,NLD,Pays-Bas,A,Valeur normale,0,Units,0,Zero
DATAFLOW,OECD.CFE.EDS:DSD_REG_DEMO@DF_DENSITY(2.0),Densité de population - Régions,I,A,Annuelle,CTRY,Pays,NLD,Pays-Bas,_Z,N'est pas applicable,POP,Population,_T,Total,_T,Total,PS,Personnes,2016,,16979120,,NLD,Pays-Bas,A,Valeur normale,0,Units,0,Zero
DATAFLOW,OECD.CFE.EDS:DSD_REG_DEMO@DF_DENSITY(2.0),Densité de population - Régions,I,A,Annuelle,CTRY,Pays,NLD,Pays-Bas,_Z,N'est pas applicable,POP,Population,_T,Total,_T,Total,PS,Personnes,2017,,17081507,,NLD,Pays-Bas,A,Valeur normale,0,Units,0,Zero
DATAFLOW,OECD.CFE.EDS:DSD_REG_DEMO@DF_DENSITY(2.0),Densité de population - Régions,I,A,Annuelle,CTRY,Pays,NLD,Pays-Bas,_Z,N'est pas applicable,POP,Population,_T,Total,_T,Total,PS,Personnes,2004,,16258032,,NLD,Pays-Bas,A,Valeur normale,0,Units,0,Zero
DATAFLOW,OECD.CFE.EDS:DSD_REG_DEMO@DF_DENSITY(2.0),Densité de population - Régions,I,A,Annuelle,CTRY,Pays,NLD,Pays-Bas,_Z,N'est pas applicable,POP,Population,_T,Total,_T,Total,PS,Personnes,2005,,16305526,,NLD,Pays-Bas,A,Valeur normale,0,Units,0,Zero
DATAFLOW,OECD.CFE.EDS:DSD_REG_DEMO@DF_DENSITY(2.0),Densité de population - Régions,I,A,Annuelle,CTRY,Pays,NLD,Pays-Bas,_Z,N'est pas applicable,POP,Population,_T,Total,_T,Total,PS,Personnes,2020,,17407585,,NLD,Pays-Bas,A,Valeur normale,0,Units,0,Zero
DATAFLOW,OECD.CFE.EDS:DSD_REG_DEMO@DF_DENSITY(2.0),Densité de population - Régions,I,A,Annuelle,CTRY,Pays,NLD,Pays-Bas,_Z,N'est pas applicable,POP,Population,_T,Total,_T,Total,PS,Personnes,2021,,17475415,,NLD,Pays-Bas,A,Valeur normale,0,Units,0,Zero
DATAFLOW,OECD.CFE.EDS:DSD_REG_DEMO@DF_DENSITY(2.0),Densité de population - Régions,I,A,Annuelle,CTRY,Pays,NLD,Pays-Bas,_Z,N'est pas applicable,POP,Population,_T,Total,_T,Total,PS,Personnes,2014,,16829289,,NLD,Pays-Bas,A,Valeur normale,0,Units,0,Zero
DATAFLOW,OECD.CFE.EDS:DSD_REG_DEMO@DF_DENSITY(2.0),Densité de population - Régions,I,A,Annuelle,CTRY,Pays,NLD,Pays-Bas,_Z,N'est pas applicable,POP,Population,_T,Total,_T,Total,PS,Personnes,2015,,16900726,,NLD,Pays-Bas,A,Valeur normale,0,Units,0,Zero
DATAFLOW,OECD.CFE.EDS:DSD_REG_DEMO@DF_DENSITY(2.0),Densité de population - Régions,I,A,Annuelle,CTRY,Pays,NLD,Pays-Bas,_Z,N'est pas applicable,POP,Population,_T,Total,_T,Total,PS,Personnes,1994,,15341553,,NLD,Pays-Bas,A,Valeur normale,0,Units,0,Zero
DATAFLOW,OECD.CFE.EDS:DSD_REG_DEMO@DF_DENSITY(2.0),Densité de population - Régions,I,A,Annuelle,CTRY,Pays,NLD,Pays-Bas,_Z,N'est pas applicable,POP,Population,_T,Total,_T,Total,PS,Personnes,1995,,15424122,,NLD,Pays-Bas,A,Valeur normale,0,Units,0,Zero
DATAFLOW,OECD.CFE.EDS:DSD_REG_DEMO@DF_DENSITY(2.0),Densité de population - Régions,I,A,Annuelle,CTRY,Pays,NLD,Pays-Bas,_Z,N'est pas applicable,POP,Population,_T,Total,_T,Total,PS_KM2,Personnes par kilomètre carré,2014,,492.26,,NLD,Pays-Bas,A,Valeur normale,0,Units,2,Two
DATAFLOW,OECD.CFE.EDS:DSD_REG_DEMO@DF_DENSITY(2.0),Densité de population - Régions,I,A,Annuelle,CTRY,Pays,NLD,Pays-Bas,_Z,N'est pas applicable,POP,Population,_T,Total,_T,Total,PS_KM2,Personnes par kilomètre carré,2020,,509.17,,NLD,Pays-Bas,A,Valeur normale,0,Units,2,Two
DATAFLOW,OECD.CFE.EDS:DSD_REG_DEMO@DF_DENSITY(2.0),Densité de population - Régions,I,A,Annuelle,CTRY,Pays,NLD,Pays-Bas,_Z,N'est pas applicable,POP,Population,_T,Total,_T,Total,PS_KM2,Personnes par kilomètre carré,2019,,505.5,,NLD,Pays-Bas,A,Valeur normale,0,Units,2,Two
DATAFLOW,OECD.CFE.EDS:DSD_REG_DEMO@DF_DENSITY(2.0),Densité de population - Régions,I,A,Annuelle,CTRY,Pays,NLD,Pays-Bas,_Z,N'est pas applicable,POP,Population,_T,Total,_T,Total,PS_KM2,Personnes par kilomètre carré,2021,,511.16,,NLD,Pays-Bas,A,Valeur normale,0,Units,2,Two
DATAFLOW,OECD.CFE.EDS:DSD_REG_DEMO@DF_DENSITY(2.0),Densité de population - Régions,I,A,Annuelle,CTRY,Pays,NLD,Pays-Bas,_Z,N'est pas applicable,POP,Population,_T,Total,_T,Total,PS_KM2,Personnes par kilomètre carré,2022,,514.53,,NLD,Pays-Bas,A,Valeur normale,0,Units,2,Two
DATAFLOW,OECD.CFE.EDS:DSD_REG_DEMO@DF_DENSITY(2.0),Densité de population - Régions,I,A,Annuelle,CTRY,Pays,NLD,Pays-Bas,_Z,N'est pas applicable,POP,Population,_T,Total,_T,Total,PS_KM2,Personnes par kilomètre carré,2023,,520.98,,NLD,Pays-Bas,A,Valeur normale,0,Units,2,Two
DATAFLOW,OECD.CFE.EDS:DSD_REG_DEMO@DF_DENSITY(2.0),Densité de population - Régions,I,A,Annuelle,CTRY,Pays,NLD,Pays-Bas,_Z,N'est pas applicable,POP,Population,_T,Total,_T,Total,PS_KM2,Personnes par kilomètre carré,2013,,490.8,,NLD,Pays-Bas,A,Valeur normale,0,Units,2,Two
DATAFLOW,OECD.CFE.EDS:DSD_REG_DEMO@DF_DENSITY(2.0),Densité de population - Régions,I,A,Annuelle,CTRY,Pays,NLD,Pays-Bas,_Z,N'est pas applicable,POP,Population,_T,Total,_T,Total,PS_KM2,Personnes par kilomètre carré,2015,,494.35,,NLD,Pays-Bas,A,Valeur normale,0,Units,2,Two
DATAFLOW,OECD.CFE.EDS:DSD_REG_DEMO@DF_DENSITY(2.0),Densité de population - Régions,I,A,Annuelle,CTRY,Pays,NLD,Pays-Bas,_Z,N'est pas applicable,POP,Population,_T,Total,_T,Total,PS_KM2,Personnes par kilomètre carré,2016,,496.64,,NLD,Pays-Bas,A,Valeur normale,0,Units,2,Two
DATAFLOW,OECD.CFE.EDS:DSD_REG_DEMO@DF_DENSITY(2.0),Densité de population - Régions,I,A,Annuelle,CTRY,Pays,NLD,Pays-Bas,_Z,N'est pas applicable,POP,Population,_T,Total,_T,Total,PS_KM2,Personnes par kilomètre carré,2017,,499.63,,NLD,Pays-Bas,A,Valeur normale,0,Units,2,Two
DATAFLOW,OECD.CFE.EDS:DSD_REG_DEMO@DF_DENSITY(2.0),Densité de population - Régions,I,A,Annuelle,CTRY,Pays,NLD,Pays-Bas,_Z,N'est pas applicable,POP,Population,_T,Total,_T,Total,PS_KM2,Personnes par kilomètre carré,2018,,502.55,,NLD,Pays-Bas,A,Valeur normale,0,Units,2,Two
DATAFLOW,OECD.CFE.EDS:DSD_REG_DEMO@DF_DENSITY(2.0),Densité de population - Régions,I,A,Annuelle,CTRY,Pays,NLD,Pays-Bas,_Z,N'est pas applicable,POP,Population,_T,Total,_T,Total,PS_KM2,Personnes par kilomètre carré,2008,,479.86,,NLD,Pays-Bas,A,Valeur normale,0,Units,2,Two
DATAFLOW,OECD.CFE.EDS:DSD_REG_DEMO@DF_DENSITY(2.0),Densité de population - Régions,I,A,Annuelle,CTRY,Pays,NLD,Pays-Bas,_Z,N'est pas applicable,POP,Population,_T,Total,_T,Total,PS_KM2,Personnes par kilomètre carré,2010,,484.82,,NLD,Pays-Bas,A,Valeur normale,0,Units,2,Two
DATAFLOW,OECD.CFE.EDS:DSD_REG_DEMO@DF_DENSITY(2.0),Densité de population - Régions,I,A,Annuelle,CTRY,Pays,NLD,Pays-Bas,_Z,N'est pas applicable,POP,Population,_T,Total,_T,Total,PS_KM2,Personnes par kilomètre carré,2011,,487.18,,NLD,Pays-Bas,A,Valeur normale,0,Units,2,Two
DATAFLOW,OECD.CFE.EDS:DSD_REG_DEMO@DF_DENSITY(2.0),Densité de population - Régions,I,A,Annuelle,CTRY,Pays,NZL,Nouvelle-Zélande,_Z,N'est pas applicable,POP,Population,_T,Total,_T,Total,PS_KM2,Personnes par kilomètre carré,2022,,19.18,,NZL,Nouvelle-Zélande,A,Valeur normale,0,Units,2,Two
DATAFLOW,OECD.CFE.EDS:DSD_REG_DEMO@DF_DENSITY(2.0),Densité de population - Régions,I,A,Annuelle,CTRY,Pays,NZL,Nouvelle-Zélande,_Z,N'est pas applicable,POP,Population,_T,Total,_T,Total,PS_KM2,Personnes par kilomètre carré,2018,,18.5,,NZL,Nouvelle-Zélande,A,Valeur normale,0,Units,2,Two
DATAFLOW,OECD.CFE.EDS:DSD_REG_DEMO@DF_DENSITY(2.0),Densité de population - Régions,I,A,Annuelle,CTRY,Pays,NZL,Nouvelle-Zélande,_Z,N'est pas applicable,POP,Population,_T,Total,_T,Total,PS,Personnes,2008,,4259800,,NZL,Nouvelle-Zélande,A,Valeur normale,0,Units,0,Zero
DATAFLOW,OECD.CFE.EDS:DSD_REG_DEMO@DF_DENSITY(2.0),Densité de population - Régions,I,A,Annuelle,CTRY,Pays,NZL,Nouvelle-Zélande,_Z,N'est pas applicable,POP,Population,_T,Total,_T,Total,PS,Personnes,2001,,3880500,,NZL,Nouvelle-Zélande,A,Valeur normale,0,Units,0,Zero
DATAFLOW,OECD.CFE.EDS:DSD_REG_DEMO@DF_DENSITY(2.0),Densité de population - Régions,I,A,Annuelle,CTRY,Pays,NZL,Nouvelle-Zélande,_Z,N'est pas applicable,POP,Population,_T,Total,_T,Total,PS,Personnes,2002,,3948500,,NZL,Nouvelle-Zélande,A,Valeur normale,0,Units,0,Zero
DATAFLOW,OECD.CFE.EDS:DSD_REG_DEMO@DF_DENSITY(2.0),Densité de population - Régions,I,A,Annuelle,CTRY,Pays,NZL,Nouvelle-Zélande,_Z,N'est pas applicable,POP,Population,_T,Total,_T,Total,PS,Personnes,1996,,3732000,,NZL,Nouvelle-Zélande,A,Valeur normale,0,Units,0,Zero
DATAFLOW,OECD.CFE.EDS:DSD_REG_DEMO@DF_DENSITY(2.0),Densité de population - Régions,I,A,Annuelle,CTRY,Pays,NZL,Nouvelle-Zélande,_Z,N'est pas applicable,POP,Population,_T,Total,_T,Total,PS,Personnes,1997,,3781300,,NZL,Nouvelle-Zélande,A,Valeur normale,0,Units,0,Zero
DATAFLOW,OECD.CFE.EDS:DSD_REG_DEMO@DF_DENSITY(2.0),Densité de population - Régions,I,A,Annuelle,CTRY,Pays,NZL,Nouvelle-Zélande,_Z,N'est pas applicable,POP,Population,_T,Total,_T,Total,PS,Personnes,1998,,3815000,,NZL,Nouvelle-Zélande,A,Valeur normale,0,Units,0,Zero
DATAFLOW,OECD.CFE.EDS:DSD_REG_DEMO@DF_DENSITY(2.0),Densité de population - Régions,I,A,Annuelle,CTRY,Pays,NZL,Nouvelle-Zélande,_Z,N'est pas applicable,POP,Population,_T,Total,_T,Total,PS,Personnes,2018,,4900600,,NZL,Nouvelle-Zélande,A,Valeur normale,0,Units,0,Zero
DATAFLOW,OECD.CFE.EDS:DSD_REG_DEMO@DF_DENSITY(2.0),Densité de population - Régions,I,A,Annuelle,CTRY,Pays,NZL,Nouvelle-Zélande,_Z,N'est pas applicable,POP,Population,_T,Total,_T,Total,PS,Personnes,2005,,4133900,,NZL,Nouvelle-Zélande,A,Valeur normale,0,Units,0,Zero
DATAFLOW,OECD.CFE.EDS:DSD_REG_DEMO@DF_DENSITY(2.0),Densité de population - Régions,I,A,Annuelle,CTRY,Pays,NZL,Nouvelle-Zélande,_Z,N'est pas applicable,POP,Population,_T,Total,_T,Total,PS,Personnes,2009,,4302600,,NZL,Nouvelle-Zélande,A,Valeur normale,0,Units,0,Zero
DATAFLOW,OECD.CFE.EDS:DSD_REG_DEMO@DF_DENSITY(2.0),Densité de population - Régions,I,A,Annuelle,CTRY,Pays,NZL,Nouvelle-Zélande,_Z,N'est pas applicable,POP,Population,_T,Total,_T,Total,PS,Personnes,2010,,4350700,,NZL,Nouvelle-Zélande,A,Valeur normale,0,Units,0,Zero
DATAFLOW,OECD.CFE.EDS:DSD_REG_DEMO@DF_DENSITY(2.0),Densité de population - Régions,I,A,Annuelle,CTRY,Pays,NZL,Nouvelle-Zélande,_Z,N'est pas applicable,POP,Population,_T,Total,_T,Total,PS,Personnes,1999,,3835100,,NZL,Nouvelle-Zélande,A,Valeur normale,0,Units,0,Zero
DATAFLOW,OECD.CFE.EDS:DSD_REG_DEMO@DF_DENSITY(2.0),Densité de population - Régions,I,A,Annuelle,CTRY,Pays,NZL,Nouvelle-Zélande,_Z,N'est pas applicable,POP,Population,_T,Total,_T,Total,PS,Personnes,2000,,3857700,,NZL,Nouvelle-Zélande,A,Valeur normale,0,Units,0,Zero
DATAFLOW,OECD.CFE.EDS:DSD_REG_DEMO@DF_DENSITY(2.0),Densité de population - Régions,I,A,Annuelle,CTRY,Pays,NZL,Nouvelle-Zélande,_Z,N'est pas applicable,POP,Population,_T,Total,_T,Total,PS,Personnes,2014,,4509700,,NZL,Nouvelle-Zélande,A,Valeur normale,0,Units,0,Zero
DATAFLOW,OECD.CFE.EDS:DSD_REG_DEMO@DF_DENSITY(2.0),Densité de population - Régions,I,A,Annuelle,CTRY,Pays,NZL,Nouvelle-Zélande,_Z,N'est pas applicable,POP,Population,_T,Total,_T,Total,PS,Personnes,2004,,4087500,,NZL,Nouvelle-Zélande,A,Valeur normale,0,Units,0,Zero
DATAFLOW,OECD.CFE.EDS:DSD_REG_DEMO@DF_DENSITY(2.0),Densité de population - Régions,I,A,Annuelle,CTRY,Pays,NZL,Nouvelle-Zélande,_Z,N'est pas applicable,POP,Population,_T,Total,_T,Total,PS,Personnes,2006,,4184600,,NZL,Nouvelle-Zélande,A,Valeur normale,0,Units,0,Zero
DATAFLOW,OECD.CFE.EDS:DSD_REG_DEMO@DF_DENSITY(2.0),Densité de population - Régions,I,A,Annuelle,CTRY,Pays,NZL,Nouvelle-Zélande,_Z,N'est pas applicable,POP,Population,_T,Total,_T,Total,PS,Personnes,2011,,4384000,,NZL,Nouvelle-Zélande,A,Valeur normale,0,Units,0,Zero
DATAFLOW,OECD.CFE.EDS:DSD_REG_DEMO@DF_DENSITY(2.0),Densité de population - Régions,I,A,Annuelle,CTRY,Pays,NZL,Nouvelle-Zélande,_Z,N'est pas applicable,POP,Population,_T,Total,_T,Total,PS,Personnes,2012,,4408100,,NZL,Nouvelle-Zélande,A,Valeur normale,0,Units,0,Zero
DATAFLOW,OECD.CFE.EDS:DSD_REG_DEMO@DF_DENSITY(2.0),Densité de population - Régions,I,A,Annuelle,CTRY,Pays,NZL,Nouvelle-Zélande,_Z,N'est pas applicable,POP,Population,_T,Total,_T,Total,PS,Personnes,2013,,4442100,,NZL,Nouvelle-Zélande,A,Valeur normale,0,Units,0,Zero
DATAFLOW,OECD.CFE.EDS:DSD_REG_DEMO@DF_DENSITY(2.0),Densité de population - Régions,I,A,Annuelle,CTRY,Pays,NZL,Nouvelle-Zélande,_Z,N'est pas applicable,POP,Population,_T,Total,_T,Total,PS,Personnes,2003,,4027200,,NZL,Nouvelle-Zélande,A,Valeur normale,0,Units,0,Zero
DATAFLOW,OECD.CFE.EDS:DSD_REG_DEMO@DF_DENSITY(2.0),Densité de population - Régions,I,A,Annuelle,CTRY,Pays,NZL,Nouvelle-Zélande,_Z,N'est pas applicable,POP,Population,_T,Total,_T,Total,PS,Personnes,2007,,4223800,,NZL,Nouvelle-Zélande,A,Valeur normale,0,Units,0,Zero
DATAFLOW,OECD.CFE.EDS:DSD_REG_DEMO@DF_DENSITY(2.0),Densité de population - Régions,I,A,Annuelle,CTRY,Pays,NZL,Nouvelle-Zélande,_Z,N'est pas applicable,POP,Population,_T,Total,_T,Total,PS_KM2,Personnes par kilomètre carré,2012,,16.64,,NZL,Nouvelle-Zélande,A,Valeur normale,0,Units,2,Two
DATAFLOW,OECD.CFE.EDS:DSD_REG_DEMO@DF_DENSITY(2.0),Densité de population - Régions,I,A,Annuelle,CTRY,Pays,NZL,Nouvelle-Zélande,_Z,N'est pas applicable,POP,Population,_T,Total,_T,Total,PS_KM2,Personnes par kilomètre carré,2013,,16.77,,NZL,Nouvelle-Zélande,A,Valeur normale,0,Units,2,Two
DATAFLOW,OECD.CFE.EDS:DSD_REG_DEMO@DF_DENSITY(2.0),Densité de population - Régions,I,A,Annuelle,CTRY,Pays,NZL,Nouvelle-Zélande,_Z,N'est pas applicable,POP,Population,_T,Total,_T,Total,PS_KM2,Personnes par kilomètre carré,2015,,17.35,,NZL,Nouvelle-Zélande,A,Valeur normale,0,Units,2,Two
DATAFLOW,OECD.CFE.EDS:DSD_REG_DEMO@DF_DENSITY(2.0),Densité de population - Régions,I,A,Annuelle,CTRY,Pays,NZL,Nouvelle-Zélande,_Z,N'est pas applicable,POP,Population,_T,Total,_T,Total,PS_KM2,Personnes par kilomètre carré,2016,,17.71,,NZL,Nouvelle-Zélande,A,Valeur normale,0,Units,2,Two
DATAFLOW,OECD.CFE.EDS:DSD_REG_DEMO@DF_DENSITY(2.0),Densité de population - Régions,I,A,Annuelle,CTRY,Pays,NZL,Nouvelle-Zélande,_Z,N'est pas applicable,POP,Population,_T,Total,_T,Total,PS_KM2,Personnes par kilomètre carré,2017,,18.09,,NZL,Nouvelle-Zélande,A,Valeur normale,0,Units,2,Two
DATAFLOW,OECD.CFE.EDS:DSD_REG_DEMO@DF_DENSITY(2.0),Densité de population - Régions,I,A,Annuelle,CTRY,Pays,NZL,Nouvelle-Zélande,_Z,N'est pas applicable,POP,Population,_T,Total,_T,Total,PS_KM2,Personnes par kilomètre carré,2010,,16.42,,NZL,Nouvelle-Zélande,A,Valeur normale,0,Units,2,Two
DATAFLOW,OECD.CFE.EDS:DSD_REG_DEMO@DF_DENSITY(2.0),Densité de population - Régions,I,A,Annuelle,CTRY,Pays,NZL,Nouvelle-Zélande,_Z,N'est pas applicable,POP,Population,_T,Total,_T,Total,PS_KM2,Personnes par kilomètre carré,2011,,16.55,,NZL,Nouvelle-Zélande,A,Valeur normale,0,Units,2,Two
DATAFLOW,OECD.CFE.EDS:DSD_REG_DEMO@DF_DENSITY(2.0),Densité de population - Régions,I,A,Annuelle,CTRY,Pays,NZL,Nouvelle-Zélande,_Z,N'est pas applicable,POP,Population,_T,Total,_T,Total,PS_KM2,Personnes par kilomètre carré,2014,,17.02,,NZL,Nouvelle-Zélande,A,Valeur normale,0,Units,2,Two
DATAFLOW,OECD.CFE.EDS:DSD_REG_DEMO@DF_DENSITY(2.0),Densité de population - Régions,I,A,Annuelle,CTRY,Pays,NZL,Nouvelle-Zélande,_Z,N'est pas applicable,POP,Population,_T,Total,_T,Total,PS_KM2,Personnes par kilomètre carré,2006,,15.79,,NZL,Nouvelle-Zélande,A,Valeur normale,0,Units,2,Two
DATAFLOW,OECD.CFE.EDS:DSD_REG_DEMO@DF_DENSITY(2.0),Densité de population - Régions,I,A,Annuelle,CTRY,Pays,NZL,Nouvelle-Zélande,_Z,N'est pas applicable,POP,Population,_T,Total,_T,Total,PS_KM2,Personnes par kilomètre carré,2007,,15.94,,NZL,Nouvelle-Zélande,A,Valeur normale,0,Units,2,Two
DATAFLOW,OECD.CFE.EDS:DSD_REG_DEMO@DF_DENSITY(2.0),Densité de population - Régions,I,A,Annuelle,CTRY,Pays,NZL,Nouvelle-Zélande,_Z,N'est pas applicable,POP,Population,_T,Total,_T,Total,PS_KM2,Personnes par kilomètre carré,2008,,16.08,,NZL,Nouvelle-Zélande,A,Valeur normale,0,Units,2,Two
DATAFLOW,OECD.CFE.EDS:DSD_REG_DEMO@DF_DENSITY(2.0),Densité de population - Régions,I,A,Annuelle,CTRY,Pays,NZL,Nouvelle-Zélande,_Z,N'est pas applicable,POP,Population,_T,Total,_T,Total,PS_KM2,Personnes par kilomètre carré,2001,,14.65,,NZL,Nouvelle-Zélande,A,Valeur normale,0,Units,2,Two
DATAFLOW,OECD.CFE.EDS:DSD_REG_DEMO@DF_DENSITY(2.0),Densité de population - Régions,I,A,Annuelle,CTRY,Pays,NZL,Nouvelle-Zélande,_Z,N'est pas applicable,POP,Population,_T,Total,_T,Total,PS_KM2,Personnes par kilomètre carré,2002,,14.9,,NZL,Nouvelle-Zélande,A,Valeur normale,0,Units,2,Two
DATAFLOW,OECD.CFE.EDS:DSD_REG_DEMO@DF_DENSITY(2.0),Densité de population - Régions,I,A,Annuelle,CTRY,Pays,NZL,Nouvelle-Zélande,_Z,N'est pas applicable,POP,Population,_T,Total,_T,Total,PS_KM2,Personnes par kilomètre carré,2005,,15.6,,NZL,Nouvelle-Zélande,A,Valeur normale,0,Units,2,Two
DATAFLOW,OECD.CFE.EDS:DSD_REG_DEMO@DF_DENSITY(2.0),Densité de population - Régions,I,A,Annuelle,CTRY,Pays,NZL,Nouvelle-Zélande,_Z,N'est pas applicable,POP,Population,_T,Total,_T,Total,PS_KM2,Personnes par kilomètre carré,1996,,14.09,,NZL,Nouvelle-Zélande,A,Valeur normale,0,Units,2,Two
DATAFLOW,OECD.CFE.EDS:DSD_REG_DEMO@DF_DENSITY(2.0),Densité de population - Régions,I,A,Annuelle,CTRY,Pays,NZL,Nouvelle-Zélande,_Z,N'est pas applicable,POP,Population,_T,Total,_T,Total,PS_KM2,Personnes par kilomètre carré,1997,,14.27,,NZL,Nouvelle-Zélande,A,Valeur normale,0,Units,2,Two
DATAFLOW,OECD.CFE.EDS:DSD_REG_DEMO@DF_DENSITY(2.0),Densité de population - Régions,I,A,Annuelle,CTRY,Pays,NZL,Nouvelle-Zélande,_Z,N'est pas applicable,POP,Population,_T,Total,_T,Total,PS_KM2,Personnes par kilomètre carré,1998,,14.4,,NZL,Nouvelle-Zélande,A,Valeur normale,0,Units,2,Two
DATAFLOW,OECD.CFE.EDS:DSD_REG_DEMO@DF_DENSITY(2.0),Densité de population - Régions,I,A,Annuelle,CTRY,Pays,NZL,Nouvelle-Zélande,_Z,N'est pas applicable,POP,Population,_T,Total,_T,Total,PS_KM2,Personnes par kilomètre carré,2009,,16.24,,NZL,Nouvelle-Zélande,A,Valeur normale,0,Units,2,Two
DATAFLOW,OECD.CFE.EDS:DSD_REG_DEMO@DF_DENSITY(2.0),Densité de population - Régions,I,A,Annuelle,CTRY,Pays,NZL,Nouvelle-Zélande,_Z,N'est pas applicable,POP,Population,_T,Total,_T,Total,PS_KM2,Personnes par kilomètre carré,2000,,14.56,,NZL,Nouvelle-Zélande,A,Valeur normale,0,Units,2,Two
DATAFLOW,OECD.CFE.EDS:DSD_REG_DEMO@DF_DENSITY(2.0),Densité de population - Régions,I,A,Annuelle,CTRY,Pays,NZL,Nouvelle-Zélande,_Z,N'est pas applicable,POP,Population,_T,Total,_T,Total,PS_KM2,Personnes par kilomètre carré,2004,,15.43,,NZL,Nouvelle-Zélande,A,Valeur normale,0,Units,2,Two
DATAFLOW,OECD.CFE.EDS:DSD_REG_DEMO@DF_DENSITY(2.0),Densité de population - Régions,I,A,Annuelle,CTRY,Pays,NZL,Nouvelle-Zélande,_Z,N'est pas applicable,POP,Population,_T,Total,_T,Total,PS_KM2,Personnes par kilomètre carré,1999,,14.48,,NZL,Nouvelle-Zélande,A,Valeur normale,0,Units,2,Two
DATAFLOW,OECD.CFE.EDS:DSD_REG_DEMO@DF_DENSITY(2.0),Densité de population - Régions,I,A,Annuelle,CTRY,Pays,NZL,Nouvelle-Zélande,_Z,N'est pas applicable,POP,Population,_T,Total,_T,Total,PS_KM2,Personnes par kilomètre carré,2003,,15.2,,NZL,Nouvelle-Zélande,A,Valeur normale,0,Units,2,Two
DATAFLOW,OECD.CFE.EDS:DSD_REG_DEMO@DF_DENSITY(2.0),Densité de population - Régions,I,A,Annuelle,CTRY,Pays,NZL,Nouvelle-Zélande,_Z,N'est pas applicable,POP,Population,_T,Total,_T,Total,PS_KM2,Personnes par kilomètre carré,2023,,19.63,,NZL,Nouvelle-Zélande,A,Valeur normale,0,Units,2,Two
DATAFLOW,OECD.CFE.EDS:DSD_REG_DEMO@DF_DENSITY(2.0),Densité de population - Régions,I,A,Annuelle,CTRY,Pays,NZL,Nouvelle-Zélande,_Z,N'est pas applicable,POP,Population,_T,Total,_T,Total,PS,Personnes,2019,,4970300,,NZL,Nouvelle-Zélande,A,Valeur normale,0,Units,0,Zero
DATAFLOW,OECD.CFE.EDS:DSD_REG_DEMO@DF_DENSITY(2.0),Densité de population - Régions,I,A,Annuelle,CTRY,Pays,NZL,Nouvelle-Zélande,_Z,N'est pas applicable,POP,Population,_T,Total,_T,Total,PS,Personnes,2020,,5072400,,NZL,Nouvelle-Zélande,A,Valeur normale,0,Units,0,Zero
DATAFLOW,OECD.CFE.EDS:DSD_REG_DEMO@DF_DENSITY(2.0),Densité de population - Régions,I,A,Annuelle,CTRY,Pays,NZL,Nouvelle-Zélande,_Z,N'est pas applicable,POP,Population,_T,Total,_T,Total,PS,Personnes,2021,,5084600,,NZL,Nouvelle-Zélande,A,Valeur normale,0,Units,0,Zero
DATAFLOW,OECD.CFE.EDS:DSD_REG_DEMO@DF_DENSITY(2.0),Densité de population - Régions,I,A,Annuelle,CTRY,Pays,NZL,Nouvelle-Zélande,_Z,N'est pas applicable,POP,Population,_T,Total,_T,Total,PS,Personnes,2022,,5081700,,NZL,Nouvelle-Zélande,A,Valeur normale,0,Units,0,Zero
DATAFLOW,OECD.CFE.EDS:DSD_REG_DEMO@DF_DENSITY(2.0),Densité de population - Régions,I,A,Annuelle,CTRY,Pays,NZL,Nouvelle-Zélande,_Z,N'est pas applicable,POP,Population,_T,Total,_T,Total,PS,Personnes,2023,,5200000,,NZL,Nouvelle-Zélande,A,Valeur normale,0,Units,0,Zero
DATAFLOW,OECD.CFE.EDS:DSD_REG_DEMO@DF_DENSITY(2.0),Densité de population - Régions,I,A,Annuelle,CTRY,Pays,NZL,Nouvelle-Zélande,_Z,N'est pas applicable,POP,Population,_T,Total,_T,Total,PS,Personnes,2015,,4595700,,NZL,Nouvelle-Zélande,A,Valeur normale,0,Units,0,Zero
DATAFLOW,OECD.CFE.EDS:DSD_REG_DEMO@DF_DENSITY(2.0),Densité de population - Régions,I,A,Annuelle,CTRY,Pays,NZL,Nouvelle-Zélande,_Z,N'est pas applicable,POP,Population,_T,Total,_T,Total,PS,Personnes,2016,,4693200,,NZL,Nouvelle-Zélande,A,Valeur normale,0,Units,0,Zero
DATAFLOW,OECD.CFE.EDS:DSD_REG_DEMO@DF_DENSITY(2.0),Densité de population - Régions,I,A,Annuelle,CTRY,Pays,NZL,Nouvelle-Zélande,_Z,N'est pas applicable,POP,Population,_T,Total,_T,Total,PS,Personnes,2017,,4793900,,NZL,Nouvelle-Zélande,A,Valeur normale,0,Units,0,Zero
DATAFLOW,OECD.CFE.EDS:DSD_REG_DEMO@DF_DENSITY(2.0),Densité de population - Régions,I,A,Annuelle,CTRY,Pays,NZL,Nouvelle-Zélande,_Z,N'est pas applicable,POP,Population,_T,Total,_T,Total,PS_KM2,Personnes par kilomètre carré,2019,,18.76,,NZL,Nouvelle-Zélande,A,Valeur normale,0,Units,2,Two
DATAFLOW,OECD.CFE.EDS:DSD_REG_DEMO@DF_DENSITY(2.0),Densité de population - Régions,I,A,Annuelle,CTRY,Pays,NZL,Nouvelle-Zélande,_Z,N'est pas applicable,POP,Population,_T,Total,_T,Total,PS_KM2,Personnes par kilomètre carré,2020,,19.15,,NZL,Nouvelle-Zélande,A,Valeur normale,0,Units,2,Two
DATAFLOW,OECD.CFE.EDS:DSD_REG_DEMO@DF_DENSITY(2.0),Densité de population - Régions,I,A,Annuelle,CTRY,Pays,NOR,Norvège,_Z,N'est pas applicable,POP,Population,_T,Total,_T,Total,PS_KM2,Personnes par kilomètre carré,2007,,12.85,,NOR,Norvège,A,Valeur normale,0,Units,2,Two
DATAFLOW,OECD.CFE.EDS:DSD_REG_DEMO@DF_DENSITY(2.0),Densité de population - Régions,I,A,Annuelle,CTRY,Pays,NOR,Norvège,_Z,N'est pas applicable,POP,Population,_T,Total,_T,Total,PS_KM2,Personnes par kilomètre carré,2000,,12.29,,NOR,Norvège,A,Valeur normale,0,Units,2,Two
DATAFLOW,OECD.CFE.EDS:DSD_REG_DEMO@DF_DENSITY(2.0),Densité de population - Régions,I,A,Annuelle,CTRY,Pays,NOR,Norvège,_Z,N'est pas applicable,POP,Population,_T,Total,_T,Total,PS,Personnes,2003,,4552252,,NOR,Norvège,A,Valeur normale,0,Units,0,Zero
DATAFLOW,OECD.CFE.EDS:DSD_REG_DEMO@DF_DENSITY(2.0),Densité de population - Régions,I,A,Annuelle,CTRY,Pays,NOR,Norvège,_Z,N'est pas applicable,POP,Population,_T,Total,_T,Total,PS,Personnes,1996,,4369957,,NOR,Norvège,A,Valeur normale,0,Units,0,Zero
DATAFLOW,OECD.CFE.EDS:DSD_REG_DEMO@DF_DENSITY(2.0),Densité de population - Régions,I,A,Annuelle,CTRY,Pays,NOR,Norvège,_Z,N'est pas applicable,POP,Population,_T,Total,_T,Total,PS,Personnes,1997,,4392714,,NOR,Norvège,A,Valeur normale,0,Units,0,Zero
DATAFLOW,OECD.CFE.EDS:DSD_REG_DEMO@DF_DENSITY(2.0),Densité de population - Régions,I,A,Annuelle,CTRY,Pays,NOR,Norvège,_Z,N'est pas applicable,POP,Population,_T,Total,_T,Total,PS,Personnes,1998,,4417599,,NOR,Norvège,A,Valeur normale,0,Units,0,Zero
DATAFLOW,OECD.CFE.EDS:DSD_REG_DEMO@DF_DENSITY(2.0),Densité de population - Régions,I,A,Annuelle,CTRY,Pays,NOR,Norvège,_Z,N'est pas applicable,POP,Population,_T,Total,_T,Total,PS,Personnes,1993,,4299167,,NOR,Norvège,A,Valeur normale,0,Units,0,Zero
DATAFLOW,OECD.CFE.EDS:DSD_REG_DEMO@DF_DENSITY(2.0),Densité de population - Régions,I,A,Annuelle,CTRY,Pays,NOR,Norvège,_Z,N'est pas applicable,POP,Population,_T,Total,_T,Total,PS,Personnes,1991,,4249830,,NOR,Norvège,A,Valeur normale,0,Units,0,Zero
DATAFLOW,OECD.CFE.EDS:DSD_REG_DEMO@DF_DENSITY(2.0),Densité de population - Régions,I,A,Annuelle,CTRY,Pays,NOR,Norvège,_Z,N'est pas applicable,POP,Population,_T,Total,_T,Total,PS,Personnes,2014,,5109056,,NOR,Norvège,A,Valeur normale,0,Units,0,Zero
DATAFLOW,OECD.CFE.EDS:DSD_REG_DEMO@DF_DENSITY(2.0),Densité de population - Régions,I,A,Annuelle,CTRY,Pays,NOR,Norvège,_Z,N'est pas applicable,POP,Population,_T,Total,_T,Total,PS,Personnes,2004,,4577457,,NOR,Norvège,A,Valeur normale,0,Units,0,Zero
DATAFLOW,OECD.CFE.EDS:DSD_REG_DEMO@DF_DENSITY(2.0),Densité de population - Régions,I,A,Annuelle,CTRY,Pays,NOR,Norvège,_Z,N'est pas applicable,POP,Population,_T,Total,_T,Total,PS,Personnes,2019,,5328212,,NOR,Norvège,A,Valeur normale,0,Units,0,Zero
DATAFLOW,OECD.CFE.EDS:DSD_REG_DEMO@DF_DENSITY(2.0),Densité de population - Régions,I,A,Annuelle,CTRY,Pays,NOR,Norvège,_Z,N'est pas applicable,POP,Population,_T,Total,_T,Total,PS,Personnes,1992,,4273634,,NOR,Norvège,A,Valeur normale,0,Units,0,Zero
DATAFLOW,OECD.CFE.EDS:DSD_REG_DEMO@DF_DENSITY(2.0),Densité de population - Régions,I,A,Annuelle,CTRY,Pays,NOR,Norvège,_Z,N'est pas applicable,POP,Population,_T,Total,_T,Total,PS,Personnes,2012,,4985870,,NOR,Norvège,A,Valeur normale,0,Units,0,Zero
DATAFLOW,OECD.CFE.EDS:DSD_REG_DEMO@DF_DENSITY(2.0),Densité de population - Régions,I,A,Annuelle,CTRY,Pays,NOR,Norvège,_Z,N'est pas applicable,POP,Population,_T,Total,_T,Total,PS,Personnes,2013,,5051275,,NOR,Norvège,A,Valeur normale,0,Units,0,Zero
DATAFLOW,OECD.CFE.EDS:DSD_REG_DEMO@DF_DENSITY(2.0),Densité de population - Régions,I,A,Annuelle,CTRY,Pays,NOR,Norvège,_Z,N'est pas applicable,POP,Population,_T,Total,_T,Total,PS,Personnes,1994,,4324815,,NOR,Norvège,A,Valeur normale,0,Units,0,Zero
DATAFLOW,OECD.CFE.EDS:DSD_REG_DEMO@DF_DENSITY(2.0),Densité de population - Régions,I,A,Annuelle,CTRY,Pays,NOR,Norvège,_Z,N'est pas applicable,POP,Population,_T,Total,_T,Total,PS,Personnes,1995,,4348410,,NOR,Norvège,A,Valeur normale,0,Units,0,Zero
DATAFLOW,OECD.CFE.EDS:DSD_REG_DEMO@DF_DENSITY(2.0),Densité de population - Régions,I,A,Annuelle,CTRY,Pays,NOR,Norvège,_Z,N'est pas applicable,POP,Population,_T,Total,_T,Total,PS,Personnes,2006,,4640219,,NOR,Norvège,A,Valeur normale,0,Units,0,Zero
DATAFLOW,OECD.CFE.EDS:DSD_REG_DEMO@DF_DENSITY(2.0),Densité de population - Régions,I,A,Annuelle,CTRY,Pays,NOR,Norvège,_Z,N'est pas applicable,POP,Population,_T,Total,_T,Total,PS,Personnes,2007,,4681134,,NOR,Norvège,A,Valeur normale,0,Units,0,Zero
DATAFLOW,OECD.CFE.EDS:DSD_REG_DEMO@DF_DENSITY(2.0),Densité de population - Régions,I,A,Annuelle,CTRY,Pays,NOR,Norvège,_Z,N'est pas applicable,POP,Population,_T,Total,_T,Total,PS,Personnes,2008,,4737171,,NOR,Norvège,A,Valeur normale,0,Units,0,Zero
DATAFLOW,OECD.CFE.EDS:DSD_REG_DEMO@DF_DENSITY(2.0),Densité de population - Régions,I,A,Annuelle,CTRY,Pays,NOR,Norvège,_Z,N'est pas applicable,POP,Population,_T,Total,_T,Total,PS,Personnes,1990,,4233116,,NOR,Norvège,A,Valeur normale,0,Units,0,Zero
DATAFLOW,OECD.CFE.EDS:DSD_REG_DEMO@DF_DENSITY(2.0),Densité de population - Régions,I,A,Annuelle,CTRY,Pays,NOR,Norvège,_Z,N'est pas applicable,POP,Population,_T,Total,_T,Total,PS,Personnes,2001,,4503436,,NOR,Norvège,A,Valeur normale,0,Units,0,Zero
DATAFLOW,OECD.CFE.EDS:DSD_REG_DEMO@DF_DENSITY(2.0),Densité de population - Régions,I,A,Annuelle,CTRY,Pays,NOR,Norvège,_Z,N'est pas applicable,POP,Population,_T,Total,_T,Total,PS,Personnes,2002,,4524066,,NOR,Norvège,A,Valeur normale,0,Units,0,Zero
DATAFLOW,OECD.CFE.EDS:DSD_REG_DEMO@DF_DENSITY(2.0),Densité de population - Régions,I,A,Annuelle,CTRY,Pays,NOR,Norvège,_Z,N'est pas applicable,POP,Population,_T,Total,_T,Total,PS_KM2,Personnes par kilomètre carré,2001,,12.36,,NOR,Norvège,A,Valeur normale,0,Units,2,Two
DATAFLOW,OECD.CFE.EDS:DSD_REG_DEMO@DF_DENSITY(2.0),Densité de population - Régions,I,A,Annuelle,CTRY,Pays,NOR,Norvège,_Z,N'est pas applicable,POP,Population,_T,Total,_T,Total,PS_KM2,Personnes par kilomètre carré,2004,,12.57,,NOR,Norvège,A,Valeur normale,0,Units,2,Two
DATAFLOW,OECD.CFE.EDS:DSD_REG_DEMO@DF_DENSITY(2.0),Densité de population - Régions,I,A,Annuelle,CTRY,Pays,NOR,Norvège,_Z,N'est pas applicable,POP,Population,_T,Total,_T,Total,PS_KM2,Personnes par kilomètre carré,2005,,12.65,,NOR,Norvège,A,Valeur normale,0,Units,2,Two
DATAFLOW,OECD.CFE.EDS:DSD_REG_DEMO@DF_DENSITY(2.0),Densité de population - Régions,I,A,Annuelle,CTRY,Pays,NOR,Norvège,_Z,N'est pas applicable,POP,Population,_T,Total,_T,Total,PS_KM2,Personnes par kilomètre carré,1996,,12,,NOR,Norvège,A,Valeur normale,0,Units,2,Two
DATAFLOW,OECD.CFE.EDS:DSD_REG_DEMO@DF_DENSITY(2.0),Densité de population - Régions,I,A,Annuelle,CTRY,Pays,NOR,Norvège,_Z,N'est pas applicable,POP,Population,_T,Total,_T,Total,PS_KM2,Personnes par kilomètre carré,1997,,12.06,,NOR,Norvège,A,Valeur normale,0,Units,2,Two
DATAFLOW,OECD.CFE.EDS:DSD_REG_DEMO@DF_DENSITY(2.0),Densité de population - Régions,I,A,Annuelle,CTRY,Pays,NOR,Norvège,_Z,N'est pas applicable,POP,Population,_T,Total,_T,Total,PS_KM2,Personnes par kilomètre carré,2008,,13,,NOR,Norvège,A,Valeur normale,0,Units,2,Two
DATAFLOW,OECD.CFE.EDS:DSD_REG_DEMO@DF_DENSITY(2.0),Densité de population - Régions,I,A,Annuelle,CTRY,Pays,NOR,Norvège,_Z,N'est pas applicable,POP,Population,_T,Total,_T,Total,PS_KM2,Personnes par kilomètre carré,2009,,13.18,,NOR,Norvège,A,Valeur normale,0,Units,2,Two
DATAFLOW,OECD.CFE.EDS:DSD_REG_DEMO@DF_DENSITY(2.0),Densité de population - Régions,I,A,Annuelle,CTRY,Pays,NOR,Norvège,_Z,N'est pas applicable,POP,Population,_T,Total,_T,Total,PS_KM2,Personnes par kilomètre carré,1990,,13.69,,NOR,Norvège,A,Valeur normale,0,Units,2,Two
DATAFLOW,OECD.CFE.EDS:DSD_REG_DEMO@DF_DENSITY(2.0),Densité de population - Régions,I,A,Annuelle,CTRY,Pays,NOR,Norvège,_Z,N'est pas applicable,POP,Population,_T,Total,_T,Total,PS_KM2,Personnes par kilomètre carré,1991,,13.75,,NOR,Norvège,A,Valeur normale,0,Units,2,Two
DATAFLOW,OECD.CFE.EDS:DSD_REG_DEMO@DF_DENSITY(2.0),Densité de population - Régions,I,A,Annuelle,CTRY,Pays,NOR,Norvège,_Z,N'est pas applicable,POP,Population,_T,Total,_T,Total,PS_KM2,Personnes par kilomètre carré,2002,,12.42,,NOR,Norvège,A,Valeur normale,0,Units,2,Two
DATAFLOW,OECD.CFE.EDS:DSD_REG_DEMO@DF_DENSITY(2.0),Densité de population - Régions,I,A,Annuelle,CTRY,Pays,NOR,Norvège,_Z,N'est pas applicable,POP,Population,_T,Total,_T,Total,PS_KM2,Personnes par kilomètre carré,2003,,12.5,,NOR,Norvège,A,Valeur normale,0,Units,2,Two
DATAFLOW,OECD.CFE.EDS:DSD_REG_DEMO@DF_DENSITY(2.0),Densité de population - Régions,I,A,Annuelle,CTRY,Pays,NOR,Norvège,_Z,N'est pas applicable,POP,Population,_T,Total,_T,Total,PS_KM2,Personnes par kilomètre carré,1994,,13.99,,NOR,Norvège,A,Valeur normale,0,Units,2,Two
DATAFLOW,OECD.CFE.EDS:DSD_REG_DEMO@DF_DENSITY(2.0),Densité de population - Régions,I,A,Annuelle,CTRY,Pays,NOR,Norvège,_Z,N'est pas applicable,POP,Population,_T,Total,_T,Total,PS_KM2,Personnes par kilomètre carré,1995,,11.94,,NOR,Norvège,A,Valeur normale,0,Units,2,Two
DATAFLOW,OECD.CFE.EDS:DSD_REG_DEMO@DF_DENSITY(2.0),Densité de population - Régions,I,A,Annuelle,CTRY,Pays,NOR,Norvège,_Z,N'est pas applicable,POP,Population,_T,Total,_T,Total,PS_KM2,Personnes par kilomètre carré,1998,,12.13,,NOR,Norvège,A,Valeur normale,0,Units,2,Two
DATAFLOW,OECD.CFE.EDS:DSD_REG_DEMO@DF_DENSITY(2.0),Densité de population - Régions,I,A,Annuelle,CTRY,Pays,NOR,Norvège,_Z,N'est pas applicable,POP,Population,_T,Total,_T,Total,PS_KM2,Personnes par kilomètre carré,1999,,12.2,,NOR,Norvège,A,Valeur normale,0,Units,2,Two
DATAFLOW,OECD.CFE.EDS:DSD_REG_DEMO@DF_DENSITY(2.0),Densité de population - Régions,I,A,Annuelle,CTRY,Pays,NOR,Norvège,_Z,N'est pas applicable,POP,Population,_T,Total,_T,Total,PS_KM2,Personnes par kilomètre carré,1992,,13.82,,NOR,Norvège,A,Valeur normale,0,Units,2,Two
DATAFLOW,OECD.CFE.EDS:DSD_REG_DEMO@DF_DENSITY(2.0),Densité de population - Régions,I,A,Annuelle,CTRY,Pays,NOR,Norvège,_Z,N'est pas applicable,POP,Population,_T,Total,_T,Total,PS_KM2,Personnes par kilomètre carré,1993,,13.91,,NOR,Norvège,A,Valeur normale,0,Units,2,Two
DATAFLOW,OECD.CFE.EDS:DSD_REG_DEMO@DF_DENSITY(2.0),Densité de population - Régions,I,A,Annuelle,CTRY,Pays,NOR,Norvège,_Z,N'est pas applicable,POP,Population,_T,Total,_T,Total,PS,Personnes,2023,,5488984,,NOR,Norvège,A,Valeur normale,0,Units,0,Zero
DATAFLOW,OECD.CFE.EDS:DSD_REG_DEMO@DF_DENSITY(2.0),Densité de population - Régions,I,A,Annuelle,CTRY,Pays,NOR,Norvège,_Z,N'est pas applicable,POP,Population,_T,Total,_T,Total,PS,Personnes,2010,,4858199,,NOR,Norvège,A,Valeur normale,0,Units,0,Zero
DATAFLOW,OECD.CFE.EDS:DSD_REG_DEMO@DF_DENSITY(2.0),Densité de population - Régions,I,A,Annuelle,CTRY,Pays,NOR,Norvège,_Z,N'est pas applicable,POP,Population,_T,Total,_T,Total,PS,Personnes,2011,,4920305,,NOR,Norvège,A,Valeur normale,0,Units,0,Zero
DATAFLOW,OECD.CFE.EDS:DSD_REG_DEMO@DF_DENSITY(2.0),Densité de population - Régions,I,A,Annuelle,CTRY,Pays,NOR,Norvège,_Z,N'est pas applicable,POP,Population,_T,Total,_T,Total,PS,Personnes,2015,,5165802,,NOR,Norvège,A,Valeur normale,0,Units,0,Zero
DATAFLOW,OECD.CFE.EDS:DSD_REG_DEMO@DF_DENSITY(2.0),Densité de population - Régions,I,A,Annuelle,CTRY,Pays,NOR,Norvège,_Z,N'est pas applicable,POP,Population,_T,Total,_T,Total,PS,Personnes,2016,,5213985,,NOR,Norvège,A,Valeur normale,0,Units,0,Zero
DATAFLOW,OECD.CFE.EDS:DSD_REG_DEMO@DF_DENSITY(2.0),Densité de population - Régions,I,A,Annuelle,CTRY,Pays,NOR,Norvège,_Z,N'est pas applicable,POP,Population,_T,Total,_T,Total,PS,Personnes,2017,,5258317,,NOR,Norvège,A,Valeur normale,0,Units,0,Zero
DATAFLOW,OECD.CFE.EDS:DSD_REG_DEMO@DF_DENSITY(2.0),Densité de population - Régions,I,A,Annuelle,CTRY,Pays,NOR,Norvège,_Z,N'est pas applicable,POP,Population,_T,Total,_T,Total,PS,Personnes,2005,,4606363,,NOR,Norvège,A,Valeur normale,0,Units,0,Zero
DATAFLOW,OECD.CFE.EDS:DSD_REG_DEMO@DF_DENSITY(2.0),Densité de population - Régions,I,A,Annuelle,CTRY,Pays,NOR,Norvège,_Z,N'est pas applicable,POP,Population,_T,Total,_T,Total,PS,Personnes,2018,,5295619,,NOR,Norvège,A,Valeur normale,0,Units,0,Zero
DATAFLOW,OECD.CFE.EDS:DSD_REG_DEMO@DF_DENSITY(2.0),Densité de population - Régions,I,A,Annuelle,CTRY,Pays,NOR,Norvège,_Z,N'est pas applicable,POP,Population,_T,Total,_T,Total,PS,Personnes,2021,,5391369,,NOR,Norvège,A,Valeur normale,0,Units,0,Zero
DATAFLOW,OECD.CFE.EDS:DSD_REG_DEMO@DF_DENSITY(2.0),Densité de population - Régions,I,A,Annuelle,CTRY,Pays,NOR,Norvège,_Z,N'est pas applicable,POP,Population,_T,Total,_T,Total,PS,Personnes,2022,,5425270,,NOR,Norvège,A,Valeur normale,0,Units,0,Zero
DATAFLOW,OECD.CFE.EDS:DSD_REG_DEMO@DF_DENSITY(2.0),Densité de population - Régions,I,A,Annuelle,CTRY,Pays,NOR,Norvège,_Z,N'est pas applicable,POP,Population,_T,Total,_T,Total,PS,Personnes,2020,,5367580,,NOR,Norvège,A,Valeur normale,0,Units,0,Zero
DATAFLOW,OECD.CFE.EDS:DSD_REG_DEMO@DF_DENSITY(2.0),Densité de population - Régions,I,A,Annuelle,CTRY,Pays,NOR,Norvège,_Z,N'est pas applicable,POP,Population,_T,Total,_T,Total,PS,Personnes,2009,,4799252,,NOR,Norvège,A,Valeur normale,0,Units,0,Zero
DATAFLOW,OECD.CFE.EDS:DSD_REG_DEMO@DF_DENSITY(2.0),Densité de population - Régions,I,A,Annuelle,CTRY,Pays,NOR,Norvège,_Z,N'est pas applicable,POP,Population,_T,Total,_T,Total,PS,Personnes,1999,,4445329,,NOR,Norvège,A,Valeur normale,0,Units,0,Zero
DATAFLOW,OECD.CFE.EDS:DSD_REG_DEMO@DF_DENSITY(2.0),Densité de population - Régions,I,A,Annuelle,CTRY,Pays,NOR,Norvège,_Z,N'est pas applicable,POP,Population,_T,Total,_T,Total,PS,Personnes,2000,,4478497,,NOR,Norvège,A,Valeur normale,0,Units,0,Zero
DATAFLOW,OECD.CFE.EDS:DSD_REG_DEMO@DF_DENSITY(2.0),Densité de population - Régions,I,A,Annuelle,CTRY,Pays,NOR,Norvège,_Z,N'est pas applicable,POP,Population,_T,Total,_T,Total,PS_KM2,Personnes par kilomètre carré,2020,,14.74,,NOR,Norvège,A,Valeur normale,0,Units,2,Two
DATAFLOW,OECD.CFE.EDS:DSD_REG_DEMO@DF_DENSITY(2.0),Densité de population - Régions,I,A,Annuelle,CTRY,Pays,NOR,Norvège,_Z,N'est pas applicable,POP,Population,_T,Total,_T,Total,PS_KM2,Personnes par kilomètre carré,2021,,14.8,,NOR,Norvège,A,Valeur normale,0,Units,2,Two
DATAFLOW,OECD.CFE.EDS:DSD_REG_DEMO@DF_DENSITY(2.0),Densité de population - Régions,I,A,Annuelle,CTRY,Pays,NOR,Norvège,_Z,N'est pas applicable,POP,Population,_T,Total,_T,Total,PS_KM2,Personnes par kilomètre carré,2018,,14.54,,NOR,Norvège,A,Valeur normale,0,Units,2,Two
DATAFLOW,OECD.CFE.EDS:DSD_REG_DEMO@DF_DENSITY(2.0),Densité de population - Régions,I,A,Annuelle,CTRY,Pays,NOR,Norvège,_Z,N'est pas applicable,POP,Population,_T,Total,_T,Total,PS_KM2,Personnes par kilomètre carré,2019,,14.63,,NOR,Norvège,A,Valeur normale,0,Units,2,Two
DATAFLOW,OECD.CFE.EDS:DSD_REG_DEMO@DF_DENSITY(2.0),Densité de population - Régions,I,A,Annuelle,CTRY,Pays,NOR,Norvège,_Z,N'est pas applicable,POP,Population,_T,Total,_T,Total,PS_KM2,Personnes par kilomètre carré,2022,,14.89,,NOR,Norvège,A,Valeur normale,0,Units,2,Two
DATAFLOW,OECD.CFE.EDS:DSD_REG_DEMO@DF_DENSITY(2.0),Densité de population - Régions,I,A,Annuelle,CTRY,Pays,NOR,Norvège,_Z,N'est pas applicable,POP,Population,_T,Total,_T,Total,PS_KM2,Personnes par kilomètre carré,2023,,15.07,,NOR,Norvège,A,Valeur normale,0,Units,2,Two
DATAFLOW,OECD.CFE.EDS:DSD_REG_DEMO@DF_DENSITY(2.0),Densité de population - Régions,I,A,Annuelle,CTRY,Pays,NOR,Norvège,_Z,N'est pas applicable,POP,Population,_T,Total,_T,Total,PS_KM2,Personnes par kilomètre carré,2012,,13.69,,NOR,Norvège,A,Valeur normale,0,Units,2,Two
DATAFLOW,OECD.CFE.EDS:DSD_REG_DEMO@DF_DENSITY(2.0),Densité de population - Régions,I,A,Annuelle,CTRY,Pays,NOR,Norvège,_Z,N'est pas applicable,POP,Population,_T,Total,_T,Total,PS_KM2,Personnes par kilomètre carré,2013,,13.87,,NOR,Norvège,A,Valeur normale,0,Units,2,Two
DATAFLOW,OECD.CFE.EDS:DSD_REG_DEMO@DF_DENSITY(2.0),Densité de population - Régions,I,A,Annuelle,CTRY,Pays,NOR,Norvège,_Z,N'est pas applicable,POP,Population,_T,Total,_T,Total,PS_KM2,Personnes par kilomètre carré,2016,,14.31,,NOR,Norvège,A,Valeur normale,0,Units,2,Two
DATAFLOW,OECD.CFE.EDS:DSD_REG_DEMO@DF_DENSITY(2.0),Densité de population - Régions,I,A,Annuelle,CTRY,Pays,NOR,Norvège,_Z,N'est pas applicable,POP,Population,_T,Total,_T,Total,PS_KM2,Personnes par kilomètre carré,2017,,14.44,,NOR,Norvège,A,Valeur normale,0,Units,2,Two
DATAFLOW,OECD.CFE.EDS:DSD_REG_DEMO@DF_DENSITY(2.0),Densité de population - Régions,I,A,Annuelle,CTRY,Pays,NOR,Norvège,_Z,N'est pas applicable,POP,Population,_T,Total,_T,Total,PS_KM2,Personnes par kilomètre carré,2010,,13.34,,NOR,Norvège,A,Valeur normale,0,Units,2,Two
DATAFLOW,OECD.CFE.EDS:DSD_REG_DEMO@DF_DENSITY(2.0),Densité de population - Régions,I,A,Annuelle,CTRY,Pays,NOR,Norvège,_Z,N'est pas applicable,POP,Population,_T,Total,_T,Total,PS_KM2,Personnes par kilomètre carré,2011,,13.51,,NOR,Norvège,A,Valeur normale,0,Units,2,Two
DATAFLOW,OECD.CFE.EDS:DSD_REG_DEMO@DF_DENSITY(2.0),Densité de population - Régions,I,A,Annuelle,CTRY,Pays,NOR,Norvège,_Z,N'est pas applicable,POP,Population,_T,Total,_T,Total,PS_KM2,Personnes par kilomètre carré,2014,,14.03,,NOR,Norvège,A,Valeur normale,0,Units,2,Two
DATAFLOW,OECD.CFE.EDS:DSD_REG_DEMO@DF_DENSITY(2.0),Densité de population - Régions,I,A,Annuelle,CTRY,Pays,NOR,Norvège,_Z,N'est pas applicable,POP,Population,_T,Total,_T,Total,PS_KM2,Personnes par kilomètre carré,2015,,14.18,,NOR,Norvège,A,Valeur normale,0,Units,2,Two
DATAFLOW,OECD.CFE.EDS:DSD_REG_DEMO@DF_DENSITY(2.0),Densité de population - Régions,I,A,Annuelle,CTRY,Pays,POL,Pologne,_Z,N'est pas applicable,POP,Population,_T,Total,_T,Total,PS_KM2,Personnes par kilomètre carré,2012,,123.89,,POL,Pologne,A,Valeur normale,0,Units,2,Two
DATAFLOW,OECD.CFE.EDS:DSD_REG_DEMO@DF_DENSITY(2.0),Densité de population - Régions,I,A,Annuelle,CTRY,Pays,POL,Pologne,_Z,N'est pas applicable,POP,Population,_T,Total,_T,Total,PS_KM2,Personnes par kilomètre carré,2003,,124.39,,POL,Pologne,A,Valeur normale,0,Units,2,Two
DATAFLOW,OECD.CFE.EDS:DSD_REG_DEMO@DF_DENSITY(2.0),Densité de population - Régions,I,A,Annuelle,CTRY,Pays,POL,Pologne,_Z,N'est pas applicable,POP,Population,_T,Total,_T,Total,PS,Personnes,2003,,38218531,,POL,Pologne,A,Valeur normale,0,Units,0,Zero
DATAFLOW,OECD.CFE.EDS:DSD_REG_DEMO@DF_DENSITY(2.0),Densité de population - Régions,I,A,Annuelle,CTRY,Pays,POL,Pologne,_Z,N'est pas applicable,POP,Population,_T,Total,_T,Total,PS,Personnes,1996,,38609399,,POL,Pologne,A,Valeur normale,0,Units,0,Zero
DATAFLOW,OECD.CFE.EDS:DSD_REG_DEMO@DF_DENSITY(2.0),Densité de population - Régions,I,A,Annuelle,CTRY,Pays,POL,Pologne,_Z,N'est pas applicable,POP,Population,_T,Total,_T,Total,PS,Personnes,1997,,38639341,,POL,Pologne,A,Valeur normale,0,Units,0,Zero
DATAFLOW,OECD.CFE.EDS:DSD_REG_DEMO@DF_DENSITY(2.0),Densité de population - Régions,I,A,Annuelle,CTRY,Pays,POL,Pologne,_Z,N'est pas applicable,POP,Population,_T,Total,_T,Total,PS,Personnes,1992,,38309226,,POL,Pologne,A,Valeur normale,0,Units,0,Zero
DATAFLOW,OECD.CFE.EDS:DSD_REG_DEMO@DF_DENSITY(2.0),Densité de population - Régions,I,A,Annuelle,CTRY,Pays,POL,Pologne,_Z,N'est pas applicable,POP,Population,_T,Total,_T,Total,PS,Personnes,1993,,38418108,,POL,Pologne,A,Valeur normale,0,Units,0,Zero
DATAFLOW,OECD.CFE.EDS:DSD_REG_DEMO@DF_DENSITY(2.0),Densité de population - Régions,I,A,Annuelle,CTRY,Pays,POL,Pologne,_Z,N'est pas applicable,POP,Population,_T,Total,_T,Total,PS,Personnes,1991,,38183160,,POL,Pologne,A,Valeur normale,0,Units,0,Zero
DATAFLOW,OECD.CFE.EDS:DSD_REG_DEMO@DF_DENSITY(2.0),Densité de population - Régions,I,A,Annuelle,CTRY,Pays,POL,Pologne,_Z,N'est pas applicable,POP,Population,_T,Total,_T,Total,PS,Personnes,1994,,38504707,,POL,Pologne,A,Valeur normale,0,Units,0,Zero
DATAFLOW,OECD.CFE.EDS:DSD_REG_DEMO@DF_DENSITY(2.0),Densité de population - Régions,I,A,Annuelle,CTRY,Pays,POL,Pologne,_Z,N'est pas applicable,POP,Population,_T,Total,_T,Total,PS,Personnes,1995,,38580597,,POL,Pologne,A,Valeur normale,0,Units,0,Zero
DATAFLOW,OECD.CFE.EDS:DSD_REG_DEMO@DF_DENSITY(2.0),Densité de population - Régions,I,A,Annuelle,CTRY,Pays,POL,Pologne,_Z,N'est pas applicable,POP,Population,_T,Total,_T,Total,PS,Personnes,2018,,37976687,,POL,Pologne,A,Valeur normale,0,Units,0,Zero
DATAFLOW,OECD.CFE.EDS:DSD_REG_DEMO@DF_DENSITY(2.0),Densité de population - Régions,I,A,Annuelle,CTRY,Pays,POL,Pologne,_Z,N'est pas applicable,POP,Population,_T,Total,_T,Total,PS,Personnes,2019,,37972812,,POL,Pologne,A,Valeur normale,0,Units,0,Zero
DATAFLOW,OECD.CFE.EDS:DSD_REG_DEMO@DF_DENSITY(2.0),Densité de population - Régions,I,A,Annuelle,CTRY,Pays,POL,Pologne,_Z,N'est pas applicable,POP,Population,_T,Total,_T,Total,PS,Personnes,2008,,38115641,,POL,Pologne,A,Valeur normale,0,Units,0,Zero
DATAFLOW,OECD.CFE.EDS:DSD_REG_DEMO@DF_DENSITY(2.0),Densité de population - Régions,I,A,Annuelle,CTRY,Pays,POL,Pologne,_Z,N'est pas applicable,POP,Population,_T,Total,_T,Total,PS,Personnes,1999,,38666983,,POL,Pologne,A,Valeur normale,0,Units,0,Zero
DATAFLOW,OECD.CFE.EDS:DSD_REG_DEMO@DF_DENSITY(2.0),Densité de population - Régions,I,A,Annuelle,CTRY,Pays,POL,Pologne,_Z,N'est pas applicable,POP,Population,_T,Total,_T,Total,PS,Personnes,2012,,38063792,,POL,Pologne,A,Valeur normale,0,Units,0,Zero
DATAFLOW,OECD.CFE.EDS:DSD_REG_DEMO@DF_DENSITY(2.0),Densité de population - Régions,I,A,Annuelle,CTRY,Pays,POL,Pologne,_Z,N'est pas applicable,POP,Population,_T,Total,_T,Total,PS,Personnes,2013,,38062535,,POL,Pologne,A,Valeur normale,0,Units,0,Zero
DATAFLOW,OECD.CFE.EDS:DSD_REG_DEMO@DF_DENSITY(2.0),Densité de population - Régions,I,A,Annuelle,CTRY,Pays,POL,Pologne,_Z,N'est pas applicable,POP,Population,_T,Total,_T,Total,PS,Personnes,1990,,38038403,,POL,Pologne,A,Valeur normale,0,Units,0,Zero
DATAFLOW,OECD.CFE.EDS:DSD_REG_DEMO@DF_DENSITY(2.0),Densité de population - Régions,I,A,Annuelle,CTRY,Pays,POL,Pologne,_Z,N'est pas applicable,POP,Population,_T,Total,_T,Total,PS,Personnes,2006,,38157055,,POL,Pologne,A,Valeur normale,0,Units,0,Zero
DATAFLOW,OECD.CFE.EDS:DSD_REG_DEMO@DF_DENSITY(2.0),Densité de population - Régions,I,A,Annuelle,CTRY,Pays,POL,Pologne,_Z,N'est pas applicable,POP,Population,_T,Total,_T,Total,PS,Personnes,2007,,38125479,,POL,Pologne,A,Valeur normale,0,Units,0,Zero
DATAFLOW,OECD.CFE.EDS:DSD_REG_DEMO@DF_DENSITY(2.0),Densité de population - Régions,I,A,Annuelle,CTRY,Pays,POL,Pologne,_Z,N'est pas applicable,POP,Population,_T,Total,_T,Total,PS,Personnes,1998,,38659979,,POL,Pologne,A,Valeur normale,0,Units,0,Zero
DATAFLOW,OECD.CFE.EDS:DSD_REG_DEMO@DF_DENSITY(2.0),Densité de population - Régions,I,A,Annuelle,CTRY,Pays,POL,Pologne,_Z,N'est pas applicable,POP,Population,_T,Total,_T,Total,PS,Personnes,2001,,38253955,,POL,Pologne,A,Valeur normale,0,Units,0,Zero
DATAFLOW,OECD.CFE.EDS:DSD_REG_DEMO@DF_DENSITY(2.0),Densité de population - Régions,I,A,Annuelle,CTRY,Pays,POL,Pologne,_Z,N'est pas applicable,POP,Population,_T,Total,_T,Total,PS,Personnes,2002,,38242197,,POL,Pologne,A,Valeur normale,0,Units,0,Zero
DATAFLOW,OECD.CFE.EDS:DSD_REG_DEMO@DF_DENSITY(2.0),Densité de population - Régions,I,A,Annuelle,CTRY,Pays,POL,Pologne,_Z,N'est pas applicable,POP,Population,_T,Total,_T,Total,PS_KM2,Personnes par kilomètre carré,2005,,124.25,,POL,Pologne,A,Valeur normale,0,Units,2,Two
DATAFLOW,OECD.CFE.EDS:DSD_REG_DEMO@DF_DENSITY(2.0),Densité de population - Régions,I,A,Annuelle,CTRY,Pays,POL,Pologne,_Z,N'est pas applicable,POP,Population,_T,Total,_T,Total,PS_KM2,Personnes par kilomètre carré,2006,,124.19,,POL,Pologne,A,Valeur normale,0,Units,2,Two
DATAFLOW,OECD.CFE.EDS:DSD_REG_DEMO@DF_DENSITY(2.0),Densité de population - Régions,I,A,Annuelle,CTRY,Pays,POL,Pologne,_Z,N'est pas applicable,POP,Population,_T,Total,_T,Total,PS_KM2,Personnes par kilomètre carré,2007,,124.09,,POL,Pologne,A,Valeur normale,0,Units,2,Two
DATAFLOW,OECD.CFE.EDS:DSD_REG_DEMO@DF_DENSITY(2.0),Densité de population - Régions,I,A,Annuelle,CTRY,Pays,POL,Pologne,_Z,N'est pas applicable,POP,Population,_T,Total,_T,Total,PS_KM2,Personnes par kilomètre carré,2009,,124.13,,POL,Pologne,A,Valeur normale,0,Units,2,Two
DATAFLOW,OECD.CFE.EDS:DSD_REG_DEMO@DF_DENSITY(2.0),Densité de population - Régions,I,A,Annuelle,CTRY,Pays,POL,Pologne,_Z,N'est pas applicable,POP,Population,_T,Total,_T,Total,PS_KM2,Personnes par kilomètre carré,2001,,124.51,,POL,Pologne,A,Valeur normale,0,Units,2,Two
DATAFLOW,OECD.CFE.EDS:DSD_REG_DEMO@DF_DENSITY(2.0),Densité de population - Régions,I,A,Annuelle,CTRY,Pays,POL,Pologne,_Z,N'est pas applicable,POP,Population,_T,Total,_T,Total,PS_KM2,Personnes par kilomètre carré,2002,,124.47,,POL,Pologne,A,Valeur normale,0,Units,2,Two
DATAFLOW,OECD.CFE.EDS:DSD_REG_DEMO@DF_DENSITY(2.0),Densité de population - Régions,I,A,Annuelle,CTRY,Pays,POL,Pologne,_Z,N'est pas applicable,POP,Population,_T,Total,_T,Total,PS_KM2,Personnes par kilomètre carré,1996,,125.67,,POL,Pologne,A,Valeur normale,0,Units,2,Two
DATAFLOW,OECD.CFE.EDS:DSD_REG_DEMO@DF_DENSITY(2.0),Densité de population - Régions,I,A,Annuelle,CTRY,Pays,POL,Pologne,_Z,N'est pas applicable,POP,Population,_T,Total,_T,Total,PS_KM2,Personnes par kilomètre carré,1997,,125.76,,POL,Pologne,A,Valeur normale,0,Units,2,Two
DATAFLOW,OECD.CFE.EDS:DSD_REG_DEMO@DF_DENSITY(2.0),Densité de population - Régions,I,A,Annuelle,CTRY,Pays,POL,Pologne,_Z,N'est pas applicable,POP,Population,_T,Total,_T,Total,PS_KM2,Personnes par kilomètre carré,1991,,124.28,,POL,Pologne,A,Valeur normale,0,Units,2,Two
DATAFLOW,OECD.CFE.EDS:DSD_REG_DEMO@DF_DENSITY(2.0),Densité de population - Régions,I,A,Annuelle,CTRY,Pays,POL,Pologne,_Z,N'est pas applicable,POP,Population,_T,Total,_T,Total,PS_KM2,Personnes par kilomètre carré,2004,,124.3,,POL,Pologne,A,Valeur normale,0,Units,2,Two
DATAFLOW,OECD.CFE.EDS:DSD_REG_DEMO@DF_DENSITY(2.0),Densité de population - Régions,I,A,Annuelle,CTRY,Pays,POL,Pologne,_Z,N'est pas applicable,POP,Population,_T,Total,_T,Total,PS_KM2,Personnes par kilomètre carré,1995,,125.57,,POL,Pologne,A,Valeur normale,0,Units,2,Two
DATAFLOW,OECD.CFE.EDS:DSD_REG_DEMO@DF_DENSITY(2.0),Densité de population - Régions,I,A,Annuelle,CTRY,Pays,POL,Pologne,_Z,N'est pas applicable,POP,Population,_T,Total,_T,Total,PS_KM2,Personnes par kilomètre carré,1994,,125.33,,POL,Pologne,A,Valeur normale,0,Units,2,Two
DATAFLOW,OECD.CFE.EDS:DSD_REG_DEMO@DF_DENSITY(2.0),Densité de population - Régions,I,A,Annuelle,CTRY,Pays,POL,Pologne,_Z,N'est pas applicable,POP,Population,_T,Total,_T,Total,PS_KM2,Personnes par kilomètre carré,1999,,125.85,,POL,Pologne,A,Valeur normale,0,Units,2,Two
DATAFLOW,OECD.CFE.EDS:DSD_REG_DEMO@DF_DENSITY(2.0),Densité de population - Régions,I,A,Annuelle,CTRY,Pays,POL,Pologne,_Z,N'est pas applicable,POP,Population,_T,Total,_T,Total,PS_KM2,Personnes par kilomètre carré,1990,,123.81,,POL,Pologne,A,Valeur normale,0,Units,2,Two
DATAFLOW,OECD.CFE.EDS:DSD_REG_DEMO@DF_DENSITY(2.0),Densité de population - Régions,I,A,Annuelle,CTRY,Pays,POL,Pologne,_Z,N'est pas applicable,POP,Population,_T,Total,_T,Total,PS_KM2,Personnes par kilomètre carré,1993,,125.04,,POL,Pologne,A,Valeur normale,0,Units,2,Two
DATAFLOW,OECD.CFE.EDS:DSD_REG_DEMO@DF_DENSITY(2.0),Densité de population - Régions,I,A,Annuelle,CTRY,Pays,POL,Pologne,_Z,N'est pas applicable,POP,Population,_T,Total,_T,Total,PS_KM2,Personnes par kilomètre carré,1998,,125.83,,POL,Pologne,A,Valeur normale,0,Units,2,Two
DATAFLOW,OECD.CFE.EDS:DSD_REG_DEMO@DF_DENSITY(2.0),Densité de population - Régions,I,A,Annuelle,CTRY,Pays,POL,Pologne,_Z,N'est pas applicable,POP,Population,_T,Total,_T,Total,PS_KM2,Personnes par kilomètre carré,1992,,124.69,,POL,Pologne,A,Valeur normale,0,Units,2,Two
DATAFLOW,OECD.CFE.EDS:DSD_REG_DEMO@DF_DENSITY(2.0),Densité de population - Régions,I,A,Annuelle,CTRY,Pays,POL,Pologne,_Z,N'est pas applicable,POP,Population,_T,Total,_T,Total,PS,Personnes,2000,,38263303,,POL,Pologne,B,Rupture de série,0,Units,0,Zero
DATAFLOW,OECD.CFE.EDS:DSD_REG_DEMO@DF_DENSITY(2.0),Densité de population - Régions,I,A,Annuelle,CTRY,Pays,POL,Pologne,_Z,N'est pas applicable,POP,Population,_T,Total,_T,Total,PS,Personnes,2010,,38022869,,POL,Pologne,B,Rupture de série,0,Units,0,Zero
DATAFLOW,OECD.CFE.EDS:DSD_REG_DEMO@DF_DENSITY(2.0),Densité de population - Régions,I,A,Annuelle,CTRY,Pays,POL,Pologne,_Z,N'est pas applicable,POP,Population,_T,Total,_T,Total,PS,Personnes,2021,,37073357,,POL,Pologne,E,Valeur estimée,0,Units,0,Zero
DATAFLOW,OECD.CFE.EDS:DSD_REG_DEMO@DF_DENSITY(2.0),Densité de population - Régions,I,A,Annuelle,CTRY,Pays,POL,Pologne,_Z,N'est pas applicable,POP,Population,_T,Total,_T,Total,PS,Personnes,2022,,36889761,,POL,Pologne,E,Valeur estimée,0,Units,0,Zero
DATAFLOW,OECD.CFE.EDS:DSD_REG_DEMO@DF_DENSITY(2.0),Densité de population - Régions,I,A,Annuelle,CTRY,Pays,POL,Pologne,_Z,N'est pas applicable,POP,Population,_T,Total,_T,Total,PS,Personnes,2023,,36753736,,POL,Pologne,E,Valeur estimée,0,Units,0,Zero
DATAFLOW,OECD.CFE.EDS:DSD_REG_DEMO@DF_DENSITY(2.0),Densité de population - Régions,I,A,Annuelle,CTRY,Pays,POL,Pologne,_Z,N'est pas applicable,POP,Population,_T,Total,_T,Total,PS,Personnes,2011,,38062718,,POL,Pologne,A,Valeur normale,0,Units,0,Zero
DATAFLOW,OECD.CFE.EDS:DSD_REG_DEMO@DF_DENSITY(2.0),Densité de population - Régions,I,A,Annuelle,CTRY,Pays,POL,Pologne,_Z,N'est pas applicable,POP,Population,_T,Total,_T,Total,PS,Personnes,2016,,37967209,,POL,Pologne,A,Valeur normale,0,Units,0,Zero
DATAFLOW,OECD.CFE.EDS:DSD_REG_DEMO@DF_DENSITY(2.0),Densité de population - Régions,I,A,Annuelle,CTRY,Pays,POL,Pologne,_Z,N'est pas applicable,POP,Population,_T,Total,_T,Total,PS,Personnes,2017,,37972964,,POL,Pologne,A,Valeur normale,0,Units,0,Zero
DATAFLOW,OECD.CFE.EDS:DSD_REG_DEMO@DF_DENSITY(2.0),Densité de population - Régions,I,A,Annuelle,CTRY,Pays,POL,Pologne,_Z,N'est pas applicable,POP,Population,_T,Total,_T,Total,PS,Personnes,2004,,38190608,,POL,Pologne,A,Valeur normale,0,Units,0,Zero
DATAFLOW,OECD.CFE.EDS:DSD_REG_DEMO@DF_DENSITY(2.0),Densité de population - Régions,I,A,Annuelle,CTRY,Pays,POL,Pologne,_Z,N'est pas applicable,POP,Population,_T,Total,_T,Total,PS,Personnes,2005,,38173835,,POL,Pologne,A,Valeur normale,0,Units,0,Zero
DATAFLOW,OECD.CFE.EDS:DSD_REG_DEMO@DF_DENSITY(2.0),Densité de population - Régions,I,A,Annuelle,CTRY,Pays,POL,Pologne,_Z,N'est pas applicable,POP,Population,_T,Total,_T,Total,PS,Personnes,2020,,37958138,,POL,Pologne,A,Valeur normale,0,Units,0,Zero
DATAFLOW,OECD.CFE.EDS:DSD_REG_DEMO@DF_DENSITY(2.0),Densité de population - Régions,I,A,Annuelle,CTRY,Pays,POL,Pologne,_Z,N'est pas applicable,POP,Population,_T,Total,_T,Total,PS,Personnes,2009,,38135876,,POL,Pologne,A,Valeur normale,0,Units,0,Zero
DATAFLOW,OECD.CFE.EDS:DSD_REG_DEMO@DF_DENSITY(2.0),Densité de population - Régions,I,A,Annuelle,CTRY,Pays,POL,Pologne,_Z,N'est pas applicable,POP,Population,_T,Total,_T,Total,PS,Personnes,2014,,38017856,,POL,Pologne,A,Valeur normale,0,Units,0,Zero
DATAFLOW,OECD.CFE.EDS:DSD_REG_DEMO@DF_DENSITY(2.0),Densité de population - Régions,I,A,Annuelle,CTRY,Pays,POL,Pologne,_Z,N'est pas applicable,POP,Population,_T,Total,_T,Total,PS,Personnes,2015,,38005614,,POL,Pologne,A,Valeur normale,0,Units,0,Zero
DATAFLOW,OECD.CFE.EDS:DSD_REG_DEMO@DF_DENSITY(2.0),Densité de population - Régions,I,A,Annuelle,CTRY,Pays,POL,Pologne,_Z,N'est pas applicable,POP,Population,_T,Total,_T,Total,PS_KM2,Personnes par kilomètre carré,2000,,124.54,,POL,Pologne,B,Rupture de série,0,Units,2,Two
DATAFLOW,OECD.CFE.EDS:DSD_REG_DEMO@DF_DENSITY(2.0),Densité de population - Régions,I,A,Annuelle,CTRY,Pays,POL,Pologne,_Z,N'est pas applicable,POP,Population,_T,Total,_T,Total,PS_KM2,Personnes par kilomètre carré,2014,,123.74,,POL,Pologne,A,Valeur normale,0,Units,2,Two
DATAFLOW,OECD.CFE.EDS:DSD_REG_DEMO@DF_DENSITY(2.0),Densité de population - Régions,I,A,Annuelle,CTRY,Pays,POL,Pologne,_Z,N'est pas applicable,POP,Population,_T,Total,_T,Total,PS_KM2,Personnes par kilomètre carré,2010,,123.76,,POL,Pologne,B,Rupture de série,0,Units,2,Two
DATAFLOW,OECD.CFE.EDS:DSD_REG_DEMO@DF_DENSITY(2.0),Densité de population - Régions,I,A,Annuelle,CTRY,Pays,POL,Pologne,_Z,N'est pas applicable,POP,Population,_T,Total,_T,Total,PS_KM2,Personnes par kilomètre carré,2021,,120.67,,POL,Pologne,E,Valeur estimée,0,Units,2,Two
DATAFLOW,OECD.CFE.EDS:DSD_REG_DEMO@DF_DENSITY(2.0),Densité de population - Régions,I,A,Annuelle,CTRY,Pays,POL,Pologne,_Z,N'est pas applicable,POP,Population,_T,Total,_T,Total,PS_KM2,Personnes par kilomètre carré,2022,,120.07,,POL,Pologne,E,Valeur estimée,0,Units,2,Two
DATAFLOW,OECD.CFE.EDS:DSD_REG_DEMO@DF_DENSITY(2.0),Densité de population - Régions,I,A,Annuelle,CTRY,Pays,POL,Pologne,_Z,N'est pas applicable,POP,Population,_T,Total,_T,Total,PS_KM2,Personnes par kilomètre carré,2023,,119.63,,POL,Pologne,E,Valeur estimée,0,Units,2,Two
DATAFLOW,OECD.CFE.EDS:DSD_REG_DEMO@DF_DENSITY(2.0),Densité de population - Régions,I,A,Annuelle,CTRY,Pays,POL,Pologne,_Z,N'est pas applicable,POP,Population,_T,Total,_T,Total,PS_KM2,Personnes par kilomètre carré,2020,,123.55,,POL,Pologne,A,Valeur normale,0,Units,2,Two
DATAFLOW,OECD.CFE.EDS:DSD_REG_DEMO@DF_DENSITY(2.0),Densité de population - Régions,I,A,Annuelle,CTRY,Pays,POL,Pologne,_Z,N'est pas applicable,POP,Population,_T,Total,_T,Total,PS_KM2,Personnes par kilomètre carré,2019,,123.59,,POL,Pologne,A,Valeur normale,0,Units,2,Two
DATAFLOW,OECD.CFE.EDS:DSD_REG_DEMO@DF_DENSITY(2.0),Densité de population - Régions,I,A,Annuelle,CTRY,Pays,POL,Pologne,_Z,N'est pas applicable,POP,Population,_T,Total,_T,Total,PS_KM2,Personnes par kilomètre carré,2013,,123.89,,POL,Pologne,A,Valeur normale,0,Units,2,Two
DATAFLOW,OECD.CFE.EDS:DSD_REG_DEMO@DF_DENSITY(2.0),Densité de population - Régions,I,A,Annuelle,CTRY,Pays,POL,Pologne,_Z,N'est pas applicable,POP,Population,_T,Total,_T,Total,PS_KM2,Personnes par kilomètre carré,2015,,123.7,,POL,Pologne,A,Valeur normale,0,Units,2,Two
DATAFLOW,OECD.CFE.EDS:DSD_REG_DEMO@DF_DENSITY(2.0),Densité de population - Régions,I,A,Annuelle,CTRY,Pays,POL,Pologne,_Z,N'est pas applicable,POP,Population,_T,Total,_T,Total,PS_KM2,Personnes par kilomètre carré,2016,,123.58,,POL,Pologne,A,Valeur normale,0,Units,2,Two
DATAFLOW,OECD.CFE.EDS:DSD_REG_DEMO@DF_DENSITY(2.0),Densité de population - Régions,I,A,Annuelle,CTRY,Pays,POL,Pologne,_Z,N'est pas applicable,POP,Population,_T,Total,_T,Total,PS_KM2,Personnes par kilomètre carré,2017,,123.6,,POL,Pologne,A,Valeur normale,0,Units,2,Two
DATAFLOW,OECD.CFE.EDS:DSD_REG_DEMO@DF_DENSITY(2.0),Densité de population - Régions,I,A,Annuelle,CTRY,Pays,POL,Pologne,_Z,N'est pas applicable,POP,Population,_T,Total,_T,Total,PS_KM2,Personnes par kilomètre carré,2018,,123.61,,POL,Pologne,A,Valeur normale,0,Units,2,Two
DATAFLOW,OECD.CFE.EDS:DSD_REG_DEMO@DF_DENSITY(2.0),Densité de population - Régions,I,A,Annuelle,CTRY,Pays,POL,Pologne,_Z,N'est pas applicable,POP,Population,_T,Total,_T,Total,PS_KM2,Personnes par kilomètre carré,2008,,124.06,,POL,Pologne,A,Valeur normale,0,Units,2,Two
DATAFLOW,OECD.CFE.EDS:DSD_REG_DEMO@DF_DENSITY(2.0),Densité de population - Régions,I,A,Annuelle,CTRY,Pays,PRT,Portugal,_Z,N'est pas applicable,POP,Population,_T,Total,_T,Total,PS_KM2,Personnes par kilomètre carré,2007,,115.75,,PRT,Portugal,A,Valeur normale,0,Units,2,Two
DATAFLOW,OECD.CFE.EDS:DSD_REG_DEMO@DF_DENSITY(2.0),Densité de population - Régions,I,A,Annuelle,CTRY,Pays,PRT,Portugal,_Z,N'est pas applicable,POP,Population,_T,Total,_T,Total,PS_KM2,Personnes par kilomètre carré,2008,,115.98,,PRT,Portugal,A,Valeur normale,0,Units,2,Two
DATAFLOW,OECD.CFE.EDS:DSD_REG_DEMO@DF_DENSITY(2.0),Densité de population - Régions,I,A,Annuelle,CTRY,Pays,PRT,Portugal,_Z,N'est pas applicable,POP,Population,_T,Total,_T,Total,PS,Personnes,1996,,10043693,,PRT,Portugal,A,Valeur normale,0,Units,0,Zero
DATAFLOW,OECD.CFE.EDS:DSD_REG_DEMO@DF_DENSITY(2.0),Densité de population - Régions,I,A,Annuelle,CTRY,Pays,PRT,Portugal,_Z,N'est pas applicable,POP,Population,_T,Total,_T,Total,PS,Personnes,1997,,10084196,,PRT,Portugal,A,Valeur normale,0,Units,0,Zero
DATAFLOW,OECD.CFE.EDS:DSD_REG_DEMO@DF_DENSITY(2.0),Densité de population - Régions,I,A,Annuelle,CTRY,Pays,PRT,Portugal,_Z,N'est pas applicable,POP,Population,_T,Total,_T,Total,PS,Personnes,1998,,10133758,,PRT,Portugal,A,Valeur normale,0,Units,0,Zero
DATAFLOW,OECD.CFE.EDS:DSD_REG_DEMO@DF_DENSITY(2.0),Densité de population - Régions,I,A,Annuelle,CTRY,Pays,PRT,Portugal,_Z,N'est pas applicable,POP,Population,_T,Total,_T,Total,PS,Personnes,1993,,9954958,,PRT,Portugal,A,Valeur normale,0,Units,0,Zero
DATAFLOW,OECD.CFE.EDS:DSD_REG_DEMO@DF_DENSITY(2.0),Densité de population - Régions,I,A,Annuelle,CTRY,Pays,PRT,Portugal,_Z,N'est pas applicable,POP,Population,_T,Total,_T,Total,PS,Personnes,1994,,9974391,,PRT,Portugal,A,Valeur normale,0,Units,0,Zero
DATAFLOW,OECD.CFE.EDS:DSD_REG_DEMO@DF_DENSITY(2.0),Densité de population - Régions,I,A,Annuelle,CTRY,Pays,PRT,Portugal,_Z,N'est pas applicable,POP,Population,_T,Total,_T,Total,PS,Personnes,1991,,9970441,,PRT,Portugal,A,Valeur normale,0,Units,0,Zero
DATAFLOW,OECD.CFE.EDS:DSD_REG_DEMO@DF_DENSITY(2.0),Densité de population - Régions,I,A,Annuelle,CTRY,Pays,PRT,Portugal,_Z,N'est pas applicable,POP,Population,_T,Total,_T,Total,PS,Personnes,2010,,10573479,,PRT,Portugal,A,Valeur normale,0,Units,0,Zero
DATAFLOW,OECD.CFE.EDS:DSD_REG_DEMO@DF_DENSITY(2.0),Densité de population - Régions,I,A,Annuelle,CTRY,Pays,PRT,Portugal,_Z,N'est pas applicable,POP,Population,_T,Total,_T,Total,PS,Personnes,1999,,10186634,,PRT,Portugal,A,Valeur normale,0,Units,0,Zero
DATAFLOW,OECD.CFE.EDS:DSD_REG_DEMO@DF_DENSITY(2.0),Densité de population - Régions,I,A,Annuelle,CTRY,Pays,PRT,Portugal,_Z,N'est pas applicable,POP,Population,_T,Total,_T,Total,PS,Personnes,2000,,10249022,,PRT,Portugal,A,Valeur normale,0,Units,0,Zero
DATAFLOW,OECD.CFE.EDS:DSD_REG_DEMO@DF_DENSITY(2.0),Densité de population - Régions,I,A,Annuelle,CTRY,Pays,PRT,Portugal,_Z,N'est pas applicable,POP,Population,_T,Total,_T,Total,PS,Personnes,2011,,10572721,,PRT,Portugal,A,Valeur normale,0,Units,0,Zero
DATAFLOW,OECD.CFE.EDS:DSD_REG_DEMO@DF_DENSITY(2.0),Densité de population - Régions,I,A,Annuelle,CTRY,Pays,PRT,Portugal,_Z,N'est pas applicable,POP,Population,_T,Total,_T,Total,PS,Personnes,2004,,10473050,,PRT,Portugal,A,Valeur normale,0,Units,0,Zero
DATAFLOW,OECD.CFE.EDS:DSD_REG_DEMO@DF_DENSITY(2.0),Densité de population - Régions,I,A,Annuelle,CTRY,Pays,PRT,Portugal,_Z,N'est pas applicable,POP,Population,_T,Total,_T,Total,PS,Personnes,2006,,10511988,,PRT,Portugal,A,Valeur normale,0,Units,0,Zero
DATAFLOW,OECD.CFE.EDS:DSD_REG_DEMO@DF_DENSITY(2.0),Densité de population - Régions,I,A,Annuelle,CTRY,Pays,PRT,Portugal,_Z,N'est pas applicable,POP,Population,_T,Total,_T,Total,PS,Personnes,1992,,9950029,,PRT,Portugal,A,Valeur normale,0,Units,0,Zero
DATAFLOW,OECD.CFE.EDS:DSD_REG_DEMO@DF_DENSITY(2.0),Densité de population - Régions,I,A,Annuelle,CTRY,Pays,PRT,Portugal,_Z,N'est pas applicable,POP,Population,_T,Total,_T,Total,PS,Personnes,2003,,10444592,,PRT,Portugal,A,Valeur normale,0,Units,0,Zero
DATAFLOW,OECD.CFE.EDS:DSD_REG_DEMO@DF_DENSITY(2.0),Densité de population - Régions,I,A,Annuelle,CTRY,Pays,PRT,Portugal,_Z,N'est pas applicable,POP,Population,_T,Total,_T,Total,PS,Personnes,2007,,10532588,,PRT,Portugal,A,Valeur normale,0,Units,0,Zero
DATAFLOW,OECD.CFE.EDS:DSD_REG_DEMO@DF_DENSITY(2.0),Densité de population - Régions,I,A,Annuelle,CTRY,Pays,PRT,Portugal,_Z,N'est pas applicable,POP,Population,_T,Total,_T,Total,PS,Personnes,2008,,10553339,,PRT,Portugal,A,Valeur normale,0,Units,0,Zero
DATAFLOW,OECD.CFE.EDS:DSD_REG_DEMO@DF_DENSITY(2.0),Densité de population - Régions,I,A,Annuelle,CTRY,Pays,PRT,Portugal,_Z,N'est pas applicable,POP,Population,_T,Total,_T,Total,PS,Personnes,1990,,9995995,,PRT,Portugal,A,Valeur normale,0,Units,0,Zero
DATAFLOW,OECD.CFE.EDS:DSD_REG_DEMO@DF_DENSITY(2.0),Densité de population - Régions,I,A,Annuelle,CTRY,Pays,PRT,Portugal,_Z,N'est pas applicable,POP,Population,_T,Total,_T,Total,PS,Personnes,2001,,10330774,,PRT,Portugal,A,Valeur normale,0,Units,0,Zero
DATAFLOW,OECD.CFE.EDS:DSD_REG_DEMO@DF_DENSITY(2.0),Densité de population - Régions,I,A,Annuelle,CTRY,Pays,PRT,Portugal,_Z,N'est pas applicable,POP,Population,_T,Total,_T,Total,PS,Personnes,2002,,10394669,,PRT,Portugal,A,Valeur normale,0,Units,0,Zero
DATAFLOW,OECD.CFE.EDS:DSD_REG_DEMO@DF_DENSITY(2.0),Densité de population - Régions,I,A,Annuelle,CTRY,Pays,PRT,Portugal,_Z,N'est pas applicable,POP,Population,_T,Total,_T,Total,PS,Personnes,1995,,10008659,,PRT,Portugal,A,Valeur normale,0,Units,0,Zero
DATAFLOW,OECD.CFE.EDS:DSD_REG_DEMO@DF_DENSITY(2.0),Densité de population - Régions,I,A,Annuelle,CTRY,Pays,PRT,Portugal,_Z,N'est pas applicable,POP,Population,_T,Total,_T,Total,PS_KM2,Personnes par kilomètre carré,2001,,113.53,,PRT,Portugal,A,Valeur normale,0,Units,2,Two
DATAFLOW,OECD.CFE.EDS:DSD_REG_DEMO@DF_DENSITY(2.0),Densité de population - Régions,I,A,Annuelle,CTRY,Pays,PRT,Portugal,_Z,N'est pas applicable,POP,Population,_T,Total,_T,Total,PS_KM2,Personnes par kilomètre carré,2002,,114.23,,PRT,Portugal,A,Valeur normale,0,Units,2,Two
DATAFLOW,OECD.CFE.EDS:DSD_REG_DEMO@DF_DENSITY(2.0),Densité de population - Régions,I,A,Annuelle,CTRY,Pays,PRT,Portugal,_Z,N'est pas applicable,POP,Population,_T,Total,_T,Total,PS_KM2,Personnes par kilomètre carré,2005,,115.33,,PRT,Portugal,A,Valeur normale,0,Units,2,Two
DATAFLOW,OECD.CFE.EDS:DSD_REG_DEMO@DF_DENSITY(2.0),Densité de population - Régions,I,A,Annuelle,CTRY,Pays,PRT,Portugal,_Z,N'est pas applicable,POP,Population,_T,Total,_T,Total,PS_KM2,Personnes par kilomètre carré,1996,,110.38,,PRT,Portugal,A,Valeur normale,0,Units,2,Two
DATAFLOW,OECD.CFE.EDS:DSD_REG_DEMO@DF_DENSITY(2.0),Densité de population - Régions,I,A,Annuelle,CTRY,Pays,PRT,Portugal,_Z,N'est pas applicable,POP,Population,_T,Total,_T,Total,PS_KM2,Personnes par kilomètre carré,1997,,110.82,,PRT,Portugal,A,Valeur normale,0,Units,2,Two
DATAFLOW,OECD.CFE.EDS:DSD_REG_DEMO@DF_DENSITY(2.0),Densité de population - Régions,I,A,Annuelle,CTRY,Pays,PRT,Portugal,_Z,N'est pas applicable,POP,Population,_T,Total,_T,Total,PS_KM2,Personnes par kilomètre carré,1998,,111.36,,PRT,Portugal,A,Valeur normale,0,Units,2,Two
DATAFLOW,OECD.CFE.EDS:DSD_REG_DEMO@DF_DENSITY(2.0),Densité de population - Régions,I,A,Annuelle,CTRY,Pays,PRT,Portugal,_Z,N'est pas applicable,POP,Population,_T,Total,_T,Total,PS_KM2,Personnes par kilomètre carré,2009,,116.08,,PRT,Portugal,A,Valeur normale,0,Units,2,Two
DATAFLOW,OECD.CFE.EDS:DSD_REG_DEMO@DF_DENSITY(2.0),Densité de population - Régions,I,A,Annuelle,CTRY,Pays,PRT,Portugal,_Z,N'est pas applicable,POP,Population,_T,Total,_T,Total,PS_KM2,Personnes par kilomètre carré,2000,,112.63,,PRT,Portugal,A,Valeur normale,0,Units,2,Two
DATAFLOW,OECD.CFE.EDS:DSD_REG_DEMO@DF_DENSITY(2.0),Densité de population - Régions,I,A,Annuelle,CTRY,Pays,PRT,Portugal,_Z,N'est pas applicable,POP,Population,_T,Total,_T,Total,PS_KM2,Personnes par kilomètre carré,1990,,109.85,,PRT,Portugal,A,Valeur normale,0,Units,2,Two
DATAFLOW,OECD.CFE.EDS:DSD_REG_DEMO@DF_DENSITY(2.0),Densité de population - Régions,I,A,Annuelle,CTRY,Pays,PRT,Portugal,_Z,N'est pas applicable,POP,Population,_T,Total,_T,Total,PS_KM2,Personnes par kilomètre carré,1991,,109.57,,PRT,Portugal,A,Valeur normale,0,Units,2,Two
DATAFLOW,OECD.CFE.EDS:DSD_REG_DEMO@DF_DENSITY(2.0),Densité de population - Régions,I,A,Annuelle,CTRY,Pays,PRT,Portugal,_Z,N'est pas applicable,POP,Population,_T,Total,_T,Total,PS_KM2,Personnes par kilomètre carré,2004,,115.09,,PRT,Portugal,A,Valeur normale,0,Units,2,Two
DATAFLOW,OECD.CFE.EDS:DSD_REG_DEMO@DF_DENSITY(2.0),Densité de population - Régions,I,A,Annuelle,CTRY,Pays,PRT,Portugal,_Z,N'est pas applicable,POP,Population,_T,Total,_T,Total,PS_KM2,Personnes par kilomètre carré,1995,,109.99,,PRT,Portugal,A,Valeur normale,0,Units,2,Two
DATAFLOW,OECD.CFE.EDS:DSD_REG_DEMO@DF_DENSITY(2.0),Densité de population - Régions,I,A,Annuelle,CTRY,Pays,PRT,Portugal,_Z,N'est pas applicable,POP,Population,_T,Total,_T,Total,PS_KM2,Personnes par kilomètre carré,1994,,109.61,,PRT,Portugal,A,Valeur normale,0,Units,2,Two
DATAFLOW,OECD.CFE.EDS:DSD_REG_DEMO@DF_DENSITY(2.0),Densité de population - Régions,I,A,Annuelle,CTRY,Pays,PRT,Portugal,_Z,N'est pas applicable,POP,Population,_T,Total,_T,Total,PS_KM2,Personnes par kilomètre carré,1999,,111.95,,PRT,Portugal,A,Valeur normale,0,Units,2,Two
DATAFLOW,OECD.CFE.EDS:DSD_REG_DEMO@DF_DENSITY(2.0),Densité de population - Régions,I,A,Annuelle,CTRY,Pays,PRT,Portugal,_Z,N'est pas applicable,POP,Population,_T,Total,_T,Total,PS_KM2,Personnes par kilomètre carré,1993,,109.4,,PRT,Portugal,A,Valeur normale,0,Units,2,Two
DATAFLOW,OECD.CFE.EDS:DSD_REG_DEMO@DF_DENSITY(2.0),Densité de population - Régions,I,A,Annuelle,CTRY,Pays,PRT,Portugal,_Z,N'est pas applicable,POP,Population,_T,Total,_T,Total,PS_KM2,Personnes par kilomètre carré,2003,,114.78,,PRT,Portugal,A,Valeur normale,0,Units,2,Two
DATAFLOW,OECD.CFE.EDS:DSD_REG_DEMO@DF_DENSITY(2.0),Densité de population - Régions,I,A,Annuelle,CTRY,Pays,PRT,Portugal,_Z,N'est pas applicable,POP,Population,_T,Total,_T,Total,PS_KM2,Personnes par kilomètre carré,1992,,109.35,,PRT,Portugal,A,Valeur normale,0,Units,2,Two
DATAFLOW,OECD.CFE.EDS:DSD_REG_DEMO@DF_DENSITY(2.0),Densité de population - Régions,I,A,Annuelle,CTRY,Pays,PRT,Portugal,_Z,N'est pas applicable,POP,Population,_T,Total,_T,Total,PS,Personnes,2019,,10333496,,PRT,Portugal,A,Valeur normale,0,Units,0,Zero
DATAFLOW,OECD.CFE.EDS:DSD_REG_DEMO@DF_DENSITY(2.0),Densité de population - Régions,I,A,Annuelle,CTRY,Pays,PRT,Portugal,_Z,N'est pas applicable,POP,Population,_T,Total,_T,Total,PS,Personnes,2020,,10375395,,PRT,Portugal,A,Valeur normale,0,Units,0,Zero
DATAFLOW,OECD.CFE.EDS:DSD_REG_DEMO@DF_DENSITY(2.0),Densité de population - Régions,I,A,Annuelle,CTRY,Pays,PRT,Portugal,_Z,N'est pas applicable,POP,Population,_T,Total,_T,Total,PS,Personnes,2021,,10394297,,PRT,Portugal,A,Valeur normale,0,Units,0,Zero
DATAFLOW,OECD.CFE.EDS:DSD_REG_DEMO@DF_DENSITY(2.0),Densité de population - Régions,I,A,Annuelle,CTRY,Pays,PRT,Portugal,_Z,N'est pas applicable,POP,Population,_T,Total,_T,Total,PS,Personnes,2015,,10395121,,PRT,Portugal,A,Valeur normale,0,Units,0,Zero
DATAFLOW,OECD.CFE.EDS:DSD_REG_DEMO@DF_DENSITY(2.0),Densité de population - Régions,I,A,Annuelle,CTRY,Pays,PRT,Portugal,_Z,N'est pas applicable,POP,Population,_T,Total,_T,Total,PS,Personnes,2016,,10368554,,PRT,Portugal,A,Valeur normale,0,Units,0,Zero
DATAFLOW,OECD.CFE.EDS:DSD_REG_DEMO@DF_DENSITY(2.0),Densité de population - Régions,I,A,Annuelle,CTRY,Pays,PRT,Portugal,_Z,N'est pas applicable,POP,Population,_T,Total,_T,Total,PS,Personnes,2017,,10344478,,PRT,Portugal,A,Valeur normale,0,Units,0,Zero
DATAFLOW,OECD.CFE.EDS:DSD_REG_DEMO@DF_DENSITY(2.0),Densité de population - Régions,I,A,Annuelle,CTRY,Pays,PRT,Portugal,_Z,N'est pas applicable,POP,Population,_T,Total,_T,Total,PS,Personnes,2018,,10335770,,PRT,Portugal,A,Valeur normale,0,Units,0,Zero
DATAFLOW,OECD.CFE.EDS:DSD_REG_DEMO@DF_DENSITY(2.0),Densité de population - Régions,I,A,Annuelle,CTRY,Pays,PRT,Portugal,_Z,N'est pas applicable,POP,Population,_T,Total,_T,Total,PS,Personnes,2022,,10421117,,PRT,Portugal,A,Valeur normale,0,Units,0,Zero
DATAFLOW,OECD.CFE.EDS:DSD_REG_DEMO@DF_DENSITY(2.0),Densité de population - Régions,I,A,Annuelle,CTRY,Pays,PRT,Portugal,_Z,N'est pas applicable,POP,Population,_T,Total,_T,Total,PS,Personnes,2012,,10558950,,PRT,Portugal,A,Valeur normale,0,Units,0,Zero
DATAFLOW,OECD.CFE.EDS:DSD_REG_DEMO@DF_DENSITY(2.0),Densité de population - Régions,I,A,Annuelle,CTRY,Pays,PRT,Portugal,_Z,N'est pas applicable,POP,Population,_T,Total,_T,Total,PS,Personnes,2013,,10503889,,PRT,Portugal,A,Valeur normale,0,Units,0,Zero
DATAFLOW,OECD.CFE.EDS:DSD_REG_DEMO@DF_DENSITY(2.0),Densité de population - Régions,I,A,Annuelle,CTRY,Pays,PRT,Portugal,_Z,N'est pas applicable,POP,Population,_T,Total,_T,Total,PS,Personnes,2014,,10444092,,PRT,Portugal,A,Valeur normale,0,Units,0,Zero
DATAFLOW,OECD.CFE.EDS:DSD_REG_DEMO@DF_DENSITY(2.0),Densité de population - Régions,I,A,Annuelle,CTRY,Pays,PRT,Portugal,_Z,N'est pas applicable,POP,Population,_T,Total,_T,Total,PS,Personnes,2023,,10516621,,PRT,Portugal,A,Valeur normale,0,Units,0,Zero
DATAFLOW,OECD.CFE.EDS:DSD_REG_DEMO@DF_DENSITY(2.0),Densité de population - Régions,I,A,Annuelle,CTRY,Pays,PRT,Portugal,_Z,N'est pas applicable,POP,Population,_T,Total,_T,Total,PS,Personnes,2005,,10494672,,PRT,Portugal,A,Valeur normale,0,Units,0,Zero
DATAFLOW,OECD.CFE.EDS:DSD_REG_DEMO@DF_DENSITY(2.0),Densité de population - Régions,I,A,Annuelle,CTRY,Pays,PRT,Portugal,_Z,N'est pas applicable,POP,Population,_T,Total,_T,Total,PS,Personnes,2009,,10563014,,PRT,Portugal,A,Valeur normale,0,Units,0,Zero
DATAFLOW,OECD.CFE.EDS:DSD_REG_DEMO@DF_DENSITY(2.0),Densité de population - Régions,I,A,Annuelle,CTRY,Pays,PRT,Portugal,_Z,N'est pas applicable,POP,Population,_T,Total,_T,Total,PS_KM2,Personnes par kilomètre carré,2019,,113.56,,PRT,Portugal,A,Valeur normale,0,Units,2,Two
DATAFLOW,OECD.CFE.EDS:DSD_REG_DEMO@DF_DENSITY(2.0),Densité de population - Régions,I,A,Annuelle,CTRY,Pays,PRT,Portugal,_Z,N'est pas applicable,POP,Population,_T,Total,_T,Total,PS_KM2,Personnes par kilomètre carré,2020,,114.02,,PRT,Portugal,A,Valeur normale,0,Units,2,Two
DATAFLOW,OECD.CFE.EDS:DSD_REG_DEMO@DF_DENSITY(2.0),Densité de population - Régions,I,A,Annuelle,CTRY,Pays,PRT,Portugal,_Z,N'est pas applicable,POP,Population,_T,Total,_T,Total,PS_KM2,Personnes par kilomètre carré,2021,,114.23,,PRT,Portugal,A,Valeur normale,0,Units,2,Two
DATAFLOW,OECD.CFE.EDS:DSD_REG_DEMO@DF_DENSITY(2.0),Densité de population - Régions,I,A,Annuelle,CTRY,Pays,PRT,Portugal,_Z,N'est pas applicable,POP,Population,_T,Total,_T,Total,PS_KM2,Personnes par kilomètre carré,2016,,113.95,,PRT,Portugal,A,Valeur normale,0,Units,2,Two
DATAFLOW,OECD.CFE.EDS:DSD_REG_DEMO@DF_DENSITY(2.0),Densité de population - Régions,I,A,Annuelle,CTRY,Pays,PRT,Portugal,_Z,N'est pas applicable,POP,Population,_T,Total,_T,Total,PS_KM2,Personnes par kilomètre carré,2017,,113.68,,PRT,Portugal,A,Valeur normale,0,Units,2,Two
DATAFLOW,OECD.CFE.EDS:DSD_REG_DEMO@DF_DENSITY(2.0),Densité de population - Régions,I,A,Annuelle,CTRY,Pays,PRT,Portugal,_Z,N'est pas applicable,POP,Population,_T,Total,_T,Total,PS_KM2,Personnes par kilomètre carré,2018,,113.58,,PRT,Portugal,A,Valeur normale,0,Units,2,Two
DATAFLOW,OECD.CFE.EDS:DSD_REG_DEMO@DF_DENSITY(2.0),Densité de population - Régions,I,A,Annuelle,CTRY,Pays,PRT,Portugal,_Z,N'est pas applicable,POP,Population,_T,Total,_T,Total,PS_KM2,Personnes par kilomètre carré,2023,,115.57,,PRT,Portugal,A,Valeur normale,0,Units,2,Two
DATAFLOW,OECD.CFE.EDS:DSD_REG_DEMO@DF_DENSITY(2.0),Densité de population - Régions,I,A,Annuelle,CTRY,Pays,PRT,Portugal,_Z,N'est pas applicable,POP,Population,_T,Total,_T,Total,PS_KM2,Personnes par kilomètre carré,2015,,114.24,,PRT,Portugal,A,Valeur normale,0,Units,2,Two
DATAFLOW,OECD.CFE.EDS:DSD_REG_DEMO@DF_DENSITY(2.0),Densité de population - Régions,I,A,Annuelle,CTRY,Pays,PRT,Portugal,_Z,N'est pas applicable,POP,Population,_T,Total,_T,Total,PS_KM2,Personnes par kilomètre carré,2012,,116.04,,PRT,Portugal,A,Valeur normale,0,Units,2,Two
DATAFLOW,OECD.CFE.EDS:DSD_REG_DEMO@DF_DENSITY(2.0),Densité de population - Régions,I,A,Annuelle,CTRY,Pays,PRT,Portugal,_Z,N'est pas applicable,POP,Population,_T,Total,_T,Total,PS_KM2,Personnes par kilomètre carré,2013,,115.43,,PRT,Portugal,A,Valeur normale,0,Units,2,Two
DATAFLOW,OECD.CFE.EDS:DSD_REG_DEMO@DF_DENSITY(2.0),Densité de population - Régions,I,A,Annuelle,CTRY,Pays,PRT,Portugal,_Z,N'est pas applicable,POP,Population,_T,Total,_T,Total,PS_KM2,Personnes par kilomètre carré,2014,,114.78,,PRT,Portugal,A,Valeur normale,0,Units,2,Two
DATAFLOW,OECD.CFE.EDS:DSD_REG_DEMO@DF_DENSITY(2.0),Densité de population - Régions,I,A,Annuelle,CTRY,Pays,PRT,Portugal,_Z,N'est pas applicable,POP,Population,_T,Total,_T,Total,PS_KM2,Personnes par kilomètre carré,2022,,114.52,,PRT,Portugal,A,Valeur normale,0,Units,2,Two
DATAFLOW,OECD.CFE.EDS:DSD_REG_DEMO@DF_DENSITY(2.0),Densité de population - Régions,I,A,Annuelle,CTRY,Pays,PRT,Portugal,_Z,N'est pas applicable,POP,Population,_T,Total,_T,Total,PS_KM2,Personnes par kilomètre carré,2010,,116.2,,PRT,Portugal,A,Valeur normale,0,Units,2,Two
DATAFLOW,OECD.CFE.EDS:DSD_REG_DEMO@DF_DENSITY(2.0),Densité de population - Régions,I,A,Annuelle,CTRY,Pays,PRT,Portugal,_Z,N'est pas applicable,POP,Population,_T,Total,_T,Total,PS_KM2,Personnes par kilomètre carré,2011,,116.19,,PRT,Portugal,A,Valeur normale,0,Units,2,Two
DATAFLOW,OECD.CFE.EDS:DSD_REG_DEMO@DF_DENSITY(2.0),Densité de population - Régions,I,A,Annuelle,CTRY,Pays,SVK,République slovaque,_Z,N'est pas applicable,POP,Population,_T,Total,_T,Total,PS_KM2,Personnes par kilomètre carré,2008,,110.39,,SVK,République slovaque,A,Valeur normale,0,Units,2,Two
DATAFLOW,OECD.CFE.EDS:DSD_REG_DEMO@DF_DENSITY(2.0),Densité de population - Régions,I,A,Annuelle,CTRY,Pays,SVK,République slovaque,_Z,N'est pas applicable,POP,Population,_T,Total,_T,Total,PS_KM2,Personnes par kilomètre carré,2001,,110.44,,SVK,République slovaque,A,Valeur normale,0,Units,2,Two
DATAFLOW,OECD.CFE.EDS:DSD_REG_DEMO@DF_DENSITY(2.0),Densité de population - Régions,I,A,Annuelle,CTRY,Pays,SVK,République slovaque,_Z,N'est pas applicable,POP,Population,_T,Total,_T,Total,PS,Personnes,1996,,5367790,,SVK,République slovaque,A,Valeur normale,0,Units,0,Zero
DATAFLOW,OECD.CFE.EDS:DSD_REG_DEMO@DF_DENSITY(2.0),Densité de population - Régions,I,A,Annuelle,CTRY,Pays,SVK,République slovaque,_Z,N'est pas applicable,POP,Population,_T,Total,_T,Total,PS,Personnes,1997,,5378932,,SVK,République slovaque,A,Valeur normale,0,Units,0,Zero
DATAFLOW,OECD.CFE.EDS:DSD_REG_DEMO@DF_DENSITY(2.0),Densité de population - Régions,I,A,Annuelle,CTRY,Pays,SVK,République slovaque,_Z,N'est pas applicable,POP,Population,_T,Total,_T,Total,PS,Personnes,1998,,5387650,,SVK,République slovaque,A,Valeur normale,0,Units,0,Zero
DATAFLOW,OECD.CFE.EDS:DSD_REG_DEMO@DF_DENSITY(2.0),Densité de population - Régions,I,A,Annuelle,CTRY,Pays,SVK,République slovaque,_Z,N'est pas applicable,POP,Population,_T,Total,_T,Total,PS,Personnes,1993,,5314155,,SVK,République slovaque,A,Valeur normale,0,Units,0,Zero
DATAFLOW,OECD.CFE.EDS:DSD_REG_DEMO@DF_DENSITY(2.0),Densité de population - Régions,I,A,Annuelle,CTRY,Pays,SVK,République slovaque,_Z,N'est pas applicable,POP,Population,_T,Total,_T,Total,PS,Personnes,1991,,5310711,,SVK,République slovaque,A,Valeur normale,0,Units,0,Zero
DATAFLOW,OECD.CFE.EDS:DSD_REG_DEMO@DF_DENSITY(2.0),Densité de population - Régions,I,A,Annuelle,CTRY,Pays,SVK,République slovaque,_Z,N'est pas applicable,POP,Population,_T,Total,_T,Total,PS,Personnes,1990,,5287663,,SVK,République slovaque,A,Valeur normale,0,Units,0,Zero
DATAFLOW,OECD.CFE.EDS:DSD_REG_DEMO@DF_DENSITY(2.0),Densité de population - Régions,I,A,Annuelle,CTRY,Pays,SVK,République slovaque,_Z,N'est pas applicable,POP,Population,_T,Total,_T,Total,PS,Personnes,2004,,5371875,,SVK,République slovaque,A,Valeur normale,0,Units,0,Zero
DATAFLOW,OECD.CFE.EDS:DSD_REG_DEMO@DF_DENSITY(2.0),Densité de population - Régions,I,A,Annuelle,CTRY,Pays,SVK,République slovaque,_Z,N'est pas applicable,POP,Population,_T,Total,_T,Total,PS,Personnes,1994,,5336455,,SVK,République slovaque,A,Valeur normale,0,Units,0,Zero
DATAFLOW,OECD.CFE.EDS:DSD_REG_DEMO@DF_DENSITY(2.0),Densité de population - Régions,I,A,Annuelle,CTRY,Pays,SVK,République slovaque,_Z,N'est pas applicable,POP,Population,_T,Total,_T,Total,PS,Personnes,1995,,5356207,,SVK,République slovaque,A,Valeur normale,0,Units,0,Zero
DATAFLOW,OECD.CFE.EDS:DSD_REG_DEMO@DF_DENSITY(2.0),Densité de population - Régions,I,A,Annuelle,CTRY,Pays,SVK,République slovaque,_Z,N'est pas applicable,POP,Population,_T,Total,_T,Total,PS,Personnes,2018,,5443120,,SVK,République slovaque,A,Valeur normale,0,Units,0,Zero
DATAFLOW,OECD.CFE.EDS:DSD_REG_DEMO@DF_DENSITY(2.0),Densité de population - Régions,I,A,Annuelle,CTRY,Pays,SVK,République slovaque,_Z,N'est pas applicable,POP,Population,_T,Total,_T,Total,PS,Personnes,2019,,5450421,,SVK,République slovaque,A,Valeur normale,0,Units,0,Zero
DATAFLOW,OECD.CFE.EDS:DSD_REG_DEMO@DF_DENSITY(2.0),Densité de population - Régions,I,A,Annuelle,CTRY,Pays,SVK,République slovaque,_Z,N'est pas applicable,POP,Population,_T,Total,_T,Total,PS,Personnes,1992,,5295877,,SVK,République slovaque,A,Valeur normale,0,Units,0,Zero
DATAFLOW,OECD.CFE.EDS:DSD_REG_DEMO@DF_DENSITY(2.0),Densité de population - Régions,I,A,Annuelle,CTRY,Pays,SVK,République slovaque,_Z,N'est pas applicable,POP,Population,_T,Total,_T,Total,PS,Personnes,2012,,5404322,,SVK,République slovaque,A,Valeur normale,0,Units,0,Zero
DATAFLOW,OECD.CFE.EDS:DSD_REG_DEMO@DF_DENSITY(2.0),Densité de population - Régions,I,A,Annuelle,CTRY,Pays,SVK,République slovaque,_Z,N'est pas applicable,POP,Population,_T,Total,_T,Total,PS,Personnes,2013,,5410836,,SVK,République slovaque,A,Valeur normale,0,Units,0,Zero
DATAFLOW,OECD.CFE.EDS:DSD_REG_DEMO@DF_DENSITY(2.0),Densité de population - Régions,I,A,Annuelle,CTRY,Pays,SVK,République slovaque,_Z,N'est pas applicable,POP,Population,_T,Total,_T,Total,PS,Personnes,2006,,5372928,,SVK,République slovaque,A,Valeur normale,0,Units,0,Zero
DATAFLOW,OECD.CFE.EDS:DSD_REG_DEMO@DF_DENSITY(2.0),Densité de population - Régions,I,A,Annuelle,CTRY,Pays,SVK,République slovaque,_Z,N'est pas applicable,POP,Population,_T,Total,_T,Total,PS,Personnes,2007,,5373180,,SVK,République slovaque,A,Valeur normale,0,Units,0,Zero
DATAFLOW,OECD.CFE.EDS:DSD_REG_DEMO@DF_DENSITY(2.0),Densité de population - Régions,I,A,Annuelle,CTRY,Pays,SVK,République slovaque,_Z,N'est pas applicable,POP,Population,_T,Total,_T,Total,PS,Personnes,2008,,5376064,,SVK,République slovaque,A,Valeur normale,0,Units,0,Zero
DATAFLOW,OECD.CFE.EDS:DSD_REG_DEMO@DF_DENSITY(2.0),Densité de population - Régions,I,A,Annuelle,CTRY,Pays,SVK,République slovaque,_Z,N'est pas applicable,POP,Population,_T,Total,_T,Total,PS,Personnes,2001,,5378783,,SVK,République slovaque,A,Valeur normale,0,Units,0,Zero
DATAFLOW,OECD.CFE.EDS:DSD_REG_DEMO@DF_DENSITY(2.0),Densité de population - Régions,I,A,Annuelle,CTRY,Pays,SVK,République slovaque,_Z,N'est pas applicable,POP,Population,_T,Total,_T,Total,PS,Personnes,2002,,5378951,,SVK,République slovaque,A,Valeur normale,0,Units,0,Zero
DATAFLOW,OECD.CFE.EDS:DSD_REG_DEMO@DF_DENSITY(2.0),Densité de population - Régions,I,A,Annuelle,CTRY,Pays,SVK,République slovaque,_Z,N'est pas applicable,POP,Population,_T,Total,_T,Total,PS,Personnes,2003,,5374873,,SVK,République slovaque,A,Valeur normale,0,Units,0,Zero
DATAFLOW,OECD.CFE.EDS:DSD_REG_DEMO@DF_DENSITY(2.0),Densité de population - Régions,I,A,Annuelle,CTRY,Pays,SVK,République slovaque,_Z,N'est pas applicable,POP,Population,_T,Total,_T,Total,PS_KM2,Personnes par kilomètre carré,2002,,110.45,,SVK,République slovaque,A,Valeur normale,0,Units,2,Two
DATAFLOW,OECD.CFE.EDS:DSD_REG_DEMO@DF_DENSITY(2.0),Densité de population - Régions,I,A,Annuelle,CTRY,Pays,SVK,République slovaque,_Z,N'est pas applicable,POP,Population,_T,Total,_T,Total,PS_KM2,Personnes par kilomètre carré,2014,,111.21,,SVK,République slovaque,A,Valeur normale,0,Units,2,Two
DATAFLOW,OECD.CFE.EDS:DSD_REG_DEMO@DF_DENSITY(2.0),Densité de population - Régions,I,A,Annuelle,CTRY,Pays,SVK,République slovaque,_Z,N'est pas applicable,POP,Population,_T,Total,_T,Total,PS_KM2,Personnes par kilomètre carré,2005,,110.32,,SVK,République slovaque,A,Valeur normale,0,Units,2,Two
DATAFLOW,OECD.CFE.EDS:DSD_REG_DEMO@DF_DENSITY(2.0),Densité de population - Régions,I,A,Annuelle,CTRY,Pays,SVK,République slovaque,_Z,N'est pas applicable,POP,Population,_T,Total,_T,Total,PS_KM2,Personnes par kilomètre carré,1996,,110.22,,SVK,République slovaque,A,Valeur normale,0,Units,2,Two
DATAFLOW,OECD.CFE.EDS:DSD_REG_DEMO@DF_DENSITY(2.0),Densité de population - Régions,I,A,Annuelle,CTRY,Pays,SVK,République slovaque,_Z,N'est pas applicable,POP,Population,_T,Total,_T,Total,PS_KM2,Personnes par kilomètre carré,1997,,110.45,,SVK,République slovaque,A,Valeur normale,0,Units,2,Two
DATAFLOW,OECD.CFE.EDS:DSD_REG_DEMO@DF_DENSITY(2.0),Densité de population - Régions,I,A,Annuelle,CTRY,Pays,SVK,République slovaque,_Z,N'est pas applicable,POP,Population,_T,Total,_T,Total,PS_KM2,Personnes par kilomètre carré,1998,,110.62,,SVK,République slovaque,A,Valeur normale,0,Units,2,Two
DATAFLOW,OECD.CFE.EDS:DSD_REG_DEMO@DF_DENSITY(2.0),Densité de population - Régions,I,A,Annuelle,CTRY,Pays,SVK,République slovaque,_Z,N'est pas applicable,POP,Population,_T,Total,_T,Total,PS_KM2,Personnes par kilomètre carré,2009,,110.52,,SVK,République slovaque,A,Valeur normale,0,Units,2,Two
DATAFLOW,OECD.CFE.EDS:DSD_REG_DEMO@DF_DENSITY(2.0),Densité de population - Régions,I,A,Annuelle,CTRY,Pays,SVK,République slovaque,_Z,N'est pas applicable,POP,Population,_T,Total,_T,Total,PS_KM2,Personnes par kilomètre carré,2000,,110.85,,SVK,République slovaque,A,Valeur normale,0,Units,2,Two
DATAFLOW,OECD.CFE.EDS:DSD_REG_DEMO@DF_DENSITY(2.0),Densité de population - Régions,I,A,Annuelle,CTRY,Pays,SVK,République slovaque,_Z,N'est pas applicable,POP,Population,_T,Total,_T,Total,PS_KM2,Personnes par kilomètre carré,1990,,108.57,,SVK,République slovaque,A,Valeur normale,0,Units,2,Two
DATAFLOW,OECD.CFE.EDS:DSD_REG_DEMO@DF_DENSITY(2.0),Densité de population - Régions,I,A,Annuelle,CTRY,Pays,SVK,République slovaque,_Z,N'est pas applicable,POP,Population,_T,Total,_T,Total,PS_KM2,Personnes par kilomètre carré,1991,,109.05,,SVK,République slovaque,A,Valeur normale,0,Units,2,Two
DATAFLOW,OECD.CFE.EDS:DSD_REG_DEMO@DF_DENSITY(2.0),Densité de population - Régions,I,A,Annuelle,CTRY,Pays,SVK,République slovaque,_Z,N'est pas applicable,POP,Population,_T,Total,_T,Total,PS_KM2,Personnes par kilomètre carré,2004,,110.3,,SVK,République slovaque,A,Valeur normale,0,Units,2,Two
DATAFLOW,OECD.CFE.EDS:DSD_REG_DEMO@DF_DENSITY(2.0),Densité de population - Régions,I,A,Annuelle,CTRY,Pays,SVK,République slovaque,_Z,N'est pas applicable,POP,Population,_T,Total,_T,Total,PS_KM2,Personnes par kilomètre carré,1995,,109.98,,SVK,République slovaque,A,Valeur normale,0,Units,2,Two
DATAFLOW,OECD.CFE.EDS:DSD_REG_DEMO@DF_DENSITY(2.0),Densité de population - Régions,I,A,Annuelle,CTRY,Pays,SVK,République slovaque,_Z,N'est pas applicable,POP,Population,_T,Total,_T,Total,PS_KM2,Personnes par kilomètre carré,1994,,109.57,,SVK,République slovaque,A,Valeur normale,0,Units,2,Two
DATAFLOW,OECD.CFE.EDS:DSD_REG_DEMO@DF_DENSITY(2.0),Densité de population - Régions,I,A,Annuelle,CTRY,Pays,SVK,République slovaque,_Z,N'est pas applicable,POP,Population,_T,Total,_T,Total,PS_KM2,Personnes par kilomètre carré,1999,,110.74,,SVK,République slovaque,A,Valeur normale,0,Units,2,Two
DATAFLOW,OECD.CFE.EDS:DSD_REG_DEMO@DF_DENSITY(2.0),Densité de population - Régions,I,A,Annuelle,CTRY,Pays,SVK,République slovaque,_Z,N'est pas applicable,POP,Population,_T,Total,_T,Total,PS_KM2,Personnes par kilomètre carré,2003,,110.36,,SVK,République slovaque,A,Valeur normale,0,Units,2,Two
DATAFLOW,OECD.CFE.EDS:DSD_REG_DEMO@DF_DENSITY(2.0),Densité de population - Régions,I,A,Annuelle,CTRY,Pays,SVK,République slovaque,_Z,N'est pas applicable,POP,Population,_T,Total,_T,Total,PS_KM2,Personnes par kilomètre carré,1992,,108.74,,SVK,République slovaque,A,Valeur normale,0,Units,2,Two
DATAFLOW,OECD.CFE.EDS:DSD_REG_DEMO@DF_DENSITY(2.0),Densité de population - Régions,I,A,Annuelle,CTRY,Pays,SVK,République slovaque,_Z,N'est pas applicable,POP,Population,_T,Total,_T,Total,PS_KM2,Personnes par kilomètre carré,1993,,109.12,,SVK,République slovaque,A,Valeur normale,0,Units,2,Two
DATAFLOW,OECD.CFE.EDS:DSD_REG_DEMO@DF_DENSITY(2.0),Densité de population - Régions,I,A,Annuelle,CTRY,Pays,SVK,République slovaque,_Z,N'est pas applicable,POP,Population,_T,Total,_T,Total,PS,Personnes,2023,,5428792,,SVK,République slovaque,A,Valeur normale,0,Units,0,Zero
DATAFLOW,OECD.CFE.EDS:DSD_REG_DEMO@DF_DENSITY(2.0),Densité de population - Régions,I,A,Annuelle,CTRY,Pays,SVK,République slovaque,_Z,N'est pas applicable,POP,Population,_T,Total,_T,Total,PS,Personnes,2010,,5390410,,SVK,République slovaque,A,Valeur normale,0,Units,0,Zero
DATAFLOW,OECD.CFE.EDS:DSD_REG_DEMO@DF_DENSITY(2.0),Densité de population - Régions,I,A,Annuelle,CTRY,Pays,SVK,République slovaque,_Z,N'est pas applicable,POP,Population,_T,Total,_T,Total,PS,Personnes,2011,,5392446,,SVK,République slovaque,A,Valeur normale,0,Units,0,Zero
DATAFLOW,OECD.CFE.EDS:DSD_REG_DEMO@DF_DENSITY(2.0),Densité de population - Régions,I,A,Annuelle,CTRY,Pays,SVK,République slovaque,_Z,N'est pas applicable,POP,Population,_T,Total,_T,Total,PS,Personnes,2015,,5421349,,SVK,République slovaque,A,Valeur normale,0,Units,0,Zero
DATAFLOW,OECD.CFE.EDS:DSD_REG_DEMO@DF_DENSITY(2.0),Densité de population - Régions,I,A,Annuelle,CTRY,Pays,SVK,République slovaque,_Z,N'est pas applicable,POP,Population,_T,Total,_T,Total,PS,Personnes,2016,,5426252,,SVK,République slovaque,A,Valeur normale,0,Units,0,Zero
DATAFLOW,OECD.CFE.EDS:DSD_REG_DEMO@DF_DENSITY(2.0),Densité de population - Régions,I,A,Annuelle,CTRY,Pays,SVK,République slovaque,_Z,N'est pas applicable,POP,Population,_T,Total,_T,Total,PS,Personnes,2017,,5435343,,SVK,République slovaque,A,Valeur normale,0,Units,0,Zero
DATAFLOW,OECD.CFE.EDS:DSD_REG_DEMO@DF_DENSITY(2.0),Densité de population - Régions,I,A,Annuelle,CTRY,Pays,SVK,République slovaque,_Z,N'est pas applicable,POP,Population,_T,Total,_T,Total,PS,Personnes,2005,,5372685,,SVK,République slovaque,A,Valeur normale,0,Units,0,Zero
DATAFLOW,OECD.CFE.EDS:DSD_REG_DEMO@DF_DENSITY(2.0),Densité de population - Régions,I,A,Annuelle,CTRY,Pays,SVK,République slovaque,_Z,N'est pas applicable,POP,Population,_T,Total,_T,Total,PS,Personnes,2021,,5459781,,SVK,République slovaque,A,Valeur normale,0,Units,0,Zero
DATAFLOW,OECD.CFE.EDS:DSD_REG_DEMO@DF_DENSITY(2.0),Densité de population - Régions,I,A,Annuelle,CTRY,Pays,SVK,République slovaque,_Z,N'est pas applicable,POP,Population,_T,Total,_T,Total,PS,Personnes,2022,,5434712,,SVK,République slovaque,A,Valeur normale,0,Units,0,Zero
DATAFLOW,OECD.CFE.EDS:DSD_REG_DEMO@DF_DENSITY(2.0),Densité de population - Régions,I,A,Annuelle,CTRY,Pays,SVK,République slovaque,_Z,N'est pas applicable,POP,Population,_T,Total,_T,Total,PS,Personnes,2020,,5457873,,SVK,République slovaque,A,Valeur normale,0,Units,0,Zero
DATAFLOW,OECD.CFE.EDS:DSD_REG_DEMO@DF_DENSITY(2.0),Densité de population - Régions,I,A,Annuelle,CTRY,Pays,SVK,République slovaque,_Z,N'est pas applicable,POP,Population,_T,Total,_T,Total,PS,Personnes,2009,,5382401,,SVK,République slovaque,A,Valeur normale,0,Units,0,Zero
DATAFLOW,OECD.CFE.EDS:DSD_REG_DEMO@DF_DENSITY(2.0),Densité de population - Régions,I,A,Annuelle,CTRY,Pays,SVK,République slovaque,_Z,N'est pas applicable,POP,Population,_T,Total,_T,Total,PS,Personnes,1999,,5393382,,SVK,République slovaque,A,Valeur normale,0,Units,0,Zero
DATAFLOW,OECD.CFE.EDS:DSD_REG_DEMO@DF_DENSITY(2.0),Densité de population - Régions,I,A,Annuelle,CTRY,Pays,SVK,République slovaque,_Z,N'est pas applicable,POP,Population,_T,Total,_T,Total,PS,Personnes,2000,,5398657,,SVK,République slovaque,A,Valeur normale,0,Units,0,Zero
DATAFLOW,OECD.CFE.EDS:DSD_REG_DEMO@DF_DENSITY(2.0),Densité de population - Régions,I,A,Annuelle,CTRY,Pays,SVK,République slovaque,_Z,N'est pas applicable,POP,Population,_T,Total,_T,Total,PS,Personnes,2014,,5415949,,SVK,République slovaque,A,Valeur normale,0,Units,0,Zero
DATAFLOW,OECD.CFE.EDS:DSD_REG_DEMO@DF_DENSITY(2.0),Densité de population - Régions,I,A,Annuelle,CTRY,Pays,SVK,République slovaque,_Z,N'est pas applicable,POP,Population,_T,Total,_T,Total,PS_KM2,Personnes par kilomètre carré,2020,,112.07,,SVK,République slovaque,A,Valeur normale,0,Units,2,Two
DATAFLOW,OECD.CFE.EDS:DSD_REG_DEMO@DF_DENSITY(2.0),Densité de population - Régions,I,A,Annuelle,CTRY,Pays,SVK,République slovaque,_Z,N'est pas applicable,POP,Population,_T,Total,_T,Total,PS_KM2,Personnes par kilomètre carré,2021,,112.11,,SVK,République slovaque,A,Valeur normale,0,Units,2,Two
DATAFLOW,OECD.CFE.EDS:DSD_REG_DEMO@DF_DENSITY(2.0),Densité de population - Régions,I,A,Annuelle,CTRY,Pays,SVK,République slovaque,_Z,N'est pas applicable,POP,Population,_T,Total,_T,Total,PS_KM2,Personnes par kilomètre carré,2018,,111.76,,SVK,République slovaque,A,Valeur normale,0,Units,2,Two
DATAFLOW,OECD.CFE.EDS:DSD_REG_DEMO@DF_DENSITY(2.0),Densité de population - Régions,I,A,Annuelle,CTRY,Pays,SVK,République slovaque,_Z,N'est pas applicable,POP,Population,_T,Total,_T,Total,PS_KM2,Personnes par kilomètre carré,2019,,111.91,,SVK,République slovaque,A,Valeur normale,0,Units,2,Two
DATAFLOW,OECD.CFE.EDS:DSD_REG_DEMO@DF_DENSITY(2.0),Densité de population - Régions,I,A,Annuelle,CTRY,Pays,SVK,République slovaque,_Z,N'est pas applicable,POP,Population,_T,Total,_T,Total,PS_KM2,Personnes par kilomètre carré,2022,,111.59,,SVK,République slovaque,A,Valeur normale,0,Units,2,Two
DATAFLOW,OECD.CFE.EDS:DSD_REG_DEMO@DF_DENSITY(2.0),Densité de population - Régions,I,A,Annuelle,CTRY,Pays,SVK,République slovaque,_Z,N'est pas applicable,POP,Population,_T,Total,_T,Total,PS_KM2,Personnes par kilomètre carré,2023,,111.47,,SVK,République slovaque,A,Valeur normale,0,Units,2,Two
DATAFLOW,OECD.CFE.EDS:DSD_REG_DEMO@DF_DENSITY(2.0),Densité de population - Régions,I,A,Annuelle,CTRY,Pays,SVK,République slovaque,_Z,N'est pas applicable,POP,Population,_T,Total,_T,Total,PS_KM2,Personnes par kilomètre carré,2012,,110.97,,SVK,République slovaque,A,Valeur normale,0,Units,2,Two
DATAFLOW,OECD.CFE.EDS:DSD_REG_DEMO@DF_DENSITY(2.0),Densité de population - Régions,I,A,Annuelle,CTRY,Pays,SVK,République slovaque,_Z,N'est pas applicable,POP,Population,_T,Total,_T,Total,PS_KM2,Personnes par kilomètre carré,2013,,111.1,,SVK,République slovaque,A,Valeur normale,0,Units,2,Two
DATAFLOW,OECD.CFE.EDS:DSD_REG_DEMO@DF_DENSITY(2.0),Densité de population - Régions,I,A,Annuelle,CTRY,Pays,SVK,République slovaque,_Z,N'est pas applicable,POP,Population,_T,Total,_T,Total,PS_KM2,Personnes par kilomètre carré,2015,,111.32,,SVK,République slovaque,A,Valeur normale,0,Units,2,Two
DATAFLOW,OECD.CFE.EDS:DSD_REG_DEMO@DF_DENSITY(2.0),Densité de population - Régions,I,A,Annuelle,CTRY,Pays,SVK,République slovaque,_Z,N'est pas applicable,POP,Population,_T,Total,_T,Total,PS_KM2,Personnes par kilomètre carré,2016,,111.42,,SVK,République slovaque,A,Valeur normale,0,Units,2,Two
DATAFLOW,OECD.CFE.EDS:DSD_REG_DEMO@DF_DENSITY(2.0),Densité de population - Régions,I,A,Annuelle,CTRY,Pays,SVK,République slovaque,_Z,N'est pas applicable,POP,Population,_T,Total,_T,Total,PS_KM2,Personnes par kilomètre carré,2017,,111.6,,SVK,République slovaque,A,Valeur normale,0,Units,2,Two
DATAFLOW,OECD.CFE.EDS:DSD_REG_DEMO@DF_DENSITY(2.0),Densité de population - Régions,I,A,Annuelle,CTRY,Pays,SVK,République slovaque,_Z,N'est pas applicable,POP,Population,_T,Total,_T,Total,PS_KM2,Personnes par kilomètre carré,2010,,110.68,,SVK,République slovaque,A,Valeur normale,0,Units,2,Two
DATAFLOW,OECD.CFE.EDS:DSD_REG_DEMO@DF_DENSITY(2.0),Densité de population - Régions,I,A,Annuelle,CTRY,Pays,SVK,République slovaque,_Z,N'est pas applicable,POP,Population,_T,Total,_T,Total,PS_KM2,Personnes par kilomètre carré,2011,,110.72,,SVK,République slovaque,A,Valeur normale,0,Units,2,Two
DATAFLOW,OECD.CFE.EDS:DSD_REG_DEMO@DF_DENSITY(2.0),Densité de population - Régions,I,A,Annuelle,CTRY,Pays,SVK,République slovaque,_Z,N'est pas applicable,POP,Population,_T,Total,_T,Total,PS_KM2,Personnes par kilomètre carré,2006,,110.32,,SVK,République slovaque,A,Valeur normale,0,Units,2,Two
DATAFLOW,OECD.CFE.EDS:DSD_REG_DEMO@DF_DENSITY(2.0),Densité de population - Régions,I,A,Annuelle,CTRY,Pays,SVN,Slovénie,_Z,N'est pas applicable,POP,Population,_T,Total,_T,Total,PS_KM2,Personnes par kilomètre carré,2007,,99.8,,SVN,Slovénie,A,Valeur normale,0,Units,2,Two
DATAFLOW,OECD.CFE.EDS:DSD_REG_DEMO@DF_DENSITY(2.0),Densité de population - Régions,I,A,Annuelle,CTRY,Pays,SVN,Slovénie,_Z,N'est pas applicable,POP,Population,_T,Total,_T,Total,PS_KM2,Personnes par kilomètre carré,2001,,98.79,,SVN,Slovénie,A,Valeur normale,0,Units,2,Two
DATAFLOW,OECD.CFE.EDS:DSD_REG_DEMO@DF_DENSITY(2.0),Densité de population - Régions,I,A,Annuelle,CTRY,Pays,SVN,Slovénie,_Z,N'est pas applicable,POP,Population,_T,Total,_T,Total,PS,Personnes,1995,,1989477,,SVN,Slovénie,A,Valeur normale,0,Units,0,Zero
DATAFLOW,OECD.CFE.EDS:DSD_REG_DEMO@DF_DENSITY(2.0),Densité de population - Régions,I,A,Annuelle,CTRY,Pays,SVN,Slovénie,_Z,N'est pas applicable,POP,Population,_T,Total,_T,Total,PS,Personnes,1996,,1990266,,SVN,Slovénie,A,Valeur normale,0,Units,0,Zero
DATAFLOW,OECD.CFE.EDS:DSD_REG_DEMO@DF_DENSITY(2.0),Densité de population - Régions,I,A,Annuelle,CTRY,Pays,SVN,Slovénie,_Z,N'est pas applicable,POP,Population,_T,Total,_T,Total,PS,Personnes,1997,,1986989,,SVN,Slovénie,A,Valeur normale,0,Units,0,Zero
DATAFLOW,OECD.CFE.EDS:DSD_REG_DEMO@DF_DENSITY(2.0),Densité de population - Régions,I,A,Annuelle,CTRY,Pays,SVN,Slovénie,_Z,N'est pas applicable,POP,Population,_T,Total,_T,Total,PS,Personnes,1998,,1984923,,SVN,Slovénie,A,Valeur normale,0,Units,0,Zero
DATAFLOW,OECD.CFE.EDS:DSD_REG_DEMO@DF_DENSITY(2.0),Densité de population - Régions,I,A,Annuelle,CTRY,Pays,SVN,Slovénie,_Z,N'est pas applicable,POP,Population,_T,Total,_T,Total,PS,Personnes,1993,,1994084,,SVN,Slovénie,A,Valeur normale,0,Units,0,Zero
DATAFLOW,OECD.CFE.EDS:DSD_REG_DEMO@DF_DENSITY(2.0),Densité de population - Régions,I,A,Annuelle,CTRY,Pays,SVN,Slovénie,_Z,N'est pas applicable,POP,Population,_T,Total,_T,Total,PS,Personnes,1994,,1989408,,SVN,Slovénie,A,Valeur normale,0,Units,0,Zero
DATAFLOW,OECD.CFE.EDS:DSD_REG_DEMO@DF_DENSITY(2.0),Densité de population - Régions,I,A,Annuelle,CTRY,Pays,SVN,Slovénie,_Z,N'est pas applicable,POP,Population,_T,Total,_T,Total,PS,Personnes,2013,,2058821,,SVN,Slovénie,A,Valeur normale,0,Units,0,Zero
DATAFLOW,OECD.CFE.EDS:DSD_REG_DEMO@DF_DENSITY(2.0),Densité de population - Régions,I,A,Annuelle,CTRY,Pays,SVN,Slovénie,_Z,N'est pas applicable,POP,Population,_T,Total,_T,Total,PS,Personnes,2014,,2061085,,SVN,Slovénie,A,Valeur normale,0,Units,0,Zero
DATAFLOW,OECD.CFE.EDS:DSD_REG_DEMO@DF_DENSITY(2.0),Densité de population - Régions,I,A,Annuelle,CTRY,Pays,SVN,Slovénie,_Z,N'est pas applicable,POP,Population,_T,Total,_T,Total,PS,Personnes,2019,,2080908,,SVN,Slovénie,A,Valeur normale,0,Units,0,Zero
DATAFLOW,OECD.CFE.EDS:DSD_REG_DEMO@DF_DENSITY(2.0),Densité de population - Régions,I,A,Annuelle,CTRY,Pays,SVN,Slovénie,_Z,N'est pas applicable,POP,Population,_T,Total,_T,Total,PS,Personnes,2020,,2095861,,SVN,Slovénie,A,Valeur normale,0,Units,0,Zero
DATAFLOW,OECD.CFE.EDS:DSD_REG_DEMO@DF_DENSITY(2.0),Densité de population - Régions,I,A,Annuelle,CTRY,Pays,SVN,Slovénie,_Z,N'est pas applicable,POP,Population,_T,Total,_T,Total,PS,Personnes,1991,,1999945,,SVN,Slovénie,A,Valeur normale,0,Units,0,Zero
DATAFLOW,OECD.CFE.EDS:DSD_REG_DEMO@DF_DENSITY(2.0),Densité de population - Régions,I,A,Annuelle,CTRY,Pays,SVN,Slovénie,_Z,N'est pas applicable,POP,Population,_T,Total,_T,Total,PS,Personnes,1992,,1998912,,SVN,Slovénie,A,Valeur normale,0,Units,0,Zero
DATAFLOW,OECD.CFE.EDS:DSD_REG_DEMO@DF_DENSITY(2.0),Densité de population - Régions,I,A,Annuelle,CTRY,Pays,SVN,Slovénie,_Z,N'est pas applicable,POP,Population,_T,Total,_T,Total,PS,Personnes,2011,,2050189,,SVN,Slovénie,A,Valeur normale,0,Units,0,Zero
DATAFLOW,OECD.CFE.EDS:DSD_REG_DEMO@DF_DENSITY(2.0),Densité de population - Régions,I,A,Annuelle,CTRY,Pays,SVN,Slovénie,_Z,N'est pas applicable,POP,Population,_T,Total,_T,Total,PS,Personnes,2012,,2055496,,SVN,Slovénie,A,Valeur normale,0,Units,0,Zero
DATAFLOW,OECD.CFE.EDS:DSD_REG_DEMO@DF_DENSITY(2.0),Densité de population - Régions,I,A,Annuelle,CTRY,Pays,SVN,Slovénie,_Z,N'est pas applicable,POP,Population,_T,Total,_T,Total,PS,Personnes,2003,,1995033,,SVN,Slovénie,A,Valeur normale,0,Units,0,Zero
DATAFLOW,OECD.CFE.EDS:DSD_REG_DEMO@DF_DENSITY(2.0),Densité de population - Régions,I,A,Annuelle,CTRY,Pays,SVN,Slovénie,_Z,N'est pas applicable,POP,Population,_T,Total,_T,Total,PS,Personnes,2004,,1996433,,SVN,Slovénie,A,Valeur normale,0,Units,0,Zero
DATAFLOW,OECD.CFE.EDS:DSD_REG_DEMO@DF_DENSITY(2.0),Densité de population - Régions,I,A,Annuelle,CTRY,Pays,SVN,Slovénie,_Z,N'est pas applicable,POP,Population,_T,Total,_T,Total,PS,Personnes,2007,,2010377,,SVN,Slovénie,A,Valeur normale,0,Units,0,Zero
DATAFLOW,OECD.CFE.EDS:DSD_REG_DEMO@DF_DENSITY(2.0),Densité de population - Régions,I,A,Annuelle,CTRY,Pays,SVN,Slovénie,_Z,N'est pas applicable,POP,Population,_T,Total,_T,Total,PS,Personnes,2001,,1990094,,SVN,Slovénie,A,Valeur normale,0,Units,0,Zero
DATAFLOW,OECD.CFE.EDS:DSD_REG_DEMO@DF_DENSITY(2.0),Densité de population - Régions,I,A,Annuelle,CTRY,Pays,SVN,Slovénie,_Z,N'est pas applicable,POP,Population,_T,Total,_T,Total,PS,Personnes,2002,,1994026,,SVN,Slovénie,A,Valeur normale,0,Units,0,Zero
DATAFLOW,OECD.CFE.EDS:DSD_REG_DEMO@DF_DENSITY(2.0),Densité de population - Régions,I,A,Annuelle,CTRY,Pays,SVN,Slovénie,_Z,N'est pas applicable,POP,Population,_T,Total,_T,Total,PS,Personnes,1990,,1996377,,SVN,Slovénie,A,Valeur normale,0,Units,0,Zero
DATAFLOW,OECD.CFE.EDS:DSD_REG_DEMO@DF_DENSITY(2.0),Densité de population - Régions,I,A,Annuelle,CTRY,Pays,SVN,Slovénie,_Z,N'est pas applicable,POP,Population,_T,Total,_T,Total,PS_KM2,Personnes par kilomètre carré,2002,,98.98,,SVN,Slovénie,A,Valeur normale,0,Units,2,Two
DATAFLOW,OECD.CFE.EDS:DSD_REG_DEMO@DF_DENSITY(2.0),Densité de population - Régions,I,A,Annuelle,CTRY,Pays,SVN,Slovénie,_Z,N'est pas applicable,POP,Population,_T,Total,_T,Total,PS_KM2,Personnes par kilomètre carré,2014,,102.31,,SVN,Slovénie,A,Valeur normale,0,Units,2,Two
DATAFLOW,OECD.CFE.EDS:DSD_REG_DEMO@DF_DENSITY(2.0),Densité de population - Régions,I,A,Annuelle,CTRY,Pays,SVN,Slovénie,_Z,N'est pas applicable,POP,Population,_T,Total,_T,Total,PS_KM2,Personnes par kilomètre carré,2005,,99.16,,SVN,Slovénie,A,Valeur normale,0,Units,2,Two
DATAFLOW,OECD.CFE.EDS:DSD_REG_DEMO@DF_DENSITY(2.0),Densité de population - Régions,I,A,Annuelle,CTRY,Pays,SVN,Slovénie,_Z,N'est pas applicable,POP,Population,_T,Total,_T,Total,PS_KM2,Personnes par kilomètre carré,1996,,98.8,,SVN,Slovénie,A,Valeur normale,0,Units,2,Two
DATAFLOW,OECD.CFE.EDS:DSD_REG_DEMO@DF_DENSITY(2.0),Densité de population - Régions,I,A,Annuelle,CTRY,Pays,SVN,Slovénie,_Z,N'est pas applicable,POP,Population,_T,Total,_T,Total,PS_KM2,Personnes par kilomètre carré,1997,,98.63,,SVN,Slovénie,A,Valeur normale,0,Units,2,Two
DATAFLOW,OECD.CFE.EDS:DSD_REG_DEMO@DF_DENSITY(2.0),Densité de population - Régions,I,A,Annuelle,CTRY,Pays,SVN,Slovénie,_Z,N'est pas applicable,POP,Population,_T,Total,_T,Total,PS_KM2,Personnes par kilomètre carré,2009,,100.89,,SVN,Slovénie,A,Valeur normale,0,Units,2,Two
DATAFLOW,OECD.CFE.EDS:DSD_REG_DEMO@DF_DENSITY(2.0),Densité de population - Régions,I,A,Annuelle,CTRY,Pays,SVN,Slovénie,_Z,N'est pas applicable,POP,Population,_T,Total,_T,Total,PS_KM2,Personnes par kilomètre carré,2000,,98.67,,SVN,Slovénie,A,Valeur normale,0,Units,2,Two
DATAFLOW,OECD.CFE.EDS:DSD_REG_DEMO@DF_DENSITY(2.0),Densité de population - Régions,I,A,Annuelle,CTRY,Pays,SVN,Slovénie,_Z,N'est pas applicable,POP,Population,_T,Total,_T,Total,PS_KM2,Personnes par kilomètre carré,1990,,99.1,,SVN,Slovénie,A,Valeur normale,0,Units,2,Two
DATAFLOW,OECD.CFE.EDS:DSD_REG_DEMO@DF_DENSITY(2.0),Densité de population - Régions,I,A,Annuelle,CTRY,Pays,SVN,Slovénie,_Z,N'est pas applicable,POP,Population,_T,Total,_T,Total,PS_KM2,Personnes par kilomètre carré,1991,,99.28,,SVN,Slovénie,A,Valeur normale,0,Units,2,Two
DATAFLOW,OECD.CFE.EDS:DSD_REG_DEMO@DF_DENSITY(2.0),Densité de population - Régions,I,A,Annuelle,CTRY,Pays,SVN,Slovénie,_Z,N'est pas applicable,POP,Population,_T,Total,_T,Total,PS_KM2,Personnes par kilomètre carré,2004,,99.1,,SVN,Slovénie,A,Valeur normale,0,Units,2,Two
DATAFLOW,OECD.CFE.EDS:DSD_REG_DEMO@DF_DENSITY(2.0),Densité de population - Régions,I,A,Annuelle,CTRY,Pays,SVN,Slovénie,_Z,N'est pas applicable,POP,Population,_T,Total,_T,Total,PS_KM2,Personnes par kilomètre carré,1995,,98.76,,SVN,Slovénie,A,Valeur normale,0,Units,2,Two
DATAFLOW,OECD.CFE.EDS:DSD_REG_DEMO@DF_DENSITY(2.0),Densité de population - Régions,I,A,Annuelle,CTRY,Pays,SVN,Slovénie,_Z,N'est pas applicable,POP,Population,_T,Total,_T,Total,PS_KM2,Personnes par kilomètre carré,1994,,98.75,,SVN,Slovénie,A,Valeur normale,0,Units,2,Two
DATAFLOW,OECD.CFE.EDS:DSD_REG_DEMO@DF_DENSITY(2.0),Densité de population - Régions,I,A,Annuelle,CTRY,Pays,SVN,Slovénie,_Z,N'est pas applicable,POP,Population,_T,Total,_T,Total,PS_KM2,Personnes par kilomètre carré,1999,,98.2,,SVN,Slovénie,A,Valeur normale,0,Units,2,Two
DATAFLOW,OECD.CFE.EDS:DSD_REG_DEMO@DF_DENSITY(2.0),Densité de population - Régions,I,A,Annuelle,CTRY,Pays,SVN,Slovénie,_Z,N'est pas applicable,POP,Population,_T,Total,_T,Total,PS_KM2,Personnes par kilomètre carré,1993,,98.99,,SVN,Slovénie,A,Valeur normale,0,Units,2,Two
DATAFLOW,OECD.CFE.EDS:DSD_REG_DEMO@DF_DENSITY(2.0),Densité de population - Régions,I,A,Annuelle,CTRY,Pays,SVN,Slovénie,_Z,N'est pas applicable,POP,Population,_T,Total,_T,Total,PS_KM2,Personnes par kilomètre carré,1998,,98.53,,SVN,Slovénie,A,Valeur normale,0,Units,2,Two
DATAFLOW,OECD.CFE.EDS:DSD_REG_DEMO@DF_DENSITY(2.0),Densité de population - Régions,I,A,Annuelle,CTRY,Pays,SVN,Slovénie,_Z,N'est pas applicable,POP,Population,_T,Total,_T,Total,PS_KM2,Personnes par kilomètre carré,2003,,99.03,,SVN,Slovénie,A,Valeur normale,0,Units,2,Two
DATAFLOW,OECD.CFE.EDS:DSD_REG_DEMO@DF_DENSITY(2.0),Densité de population - Régions,I,A,Annuelle,CTRY,Pays,SVN,Slovénie,_Z,N'est pas applicable,POP,Population,_T,Total,_T,Total,PS_KM2,Personnes par kilomètre carré,1992,,99.23,,SVN,Slovénie,A,Valeur normale,0,Units,2,Two
DATAFLOW,OECD.CFE.EDS:DSD_REG_DEMO@DF_DENSITY(2.0),Densité de population - Régions,I,A,Annuelle,CTRY,Pays,SVN,Slovénie,_Z,N'est pas applicable,POP,Population,_T,Total,_T,Total,PS,Personnes,2008,,2010269,,SVN,Slovénie,B,Rupture de série,0,Units,0,Zero
DATAFLOW,OECD.CFE.EDS:DSD_REG_DEMO@DF_DENSITY(2.0),Densité de population - Régions,I,A,Annuelle,CTRY,Pays,SVN,Slovénie,_Z,N'est pas applicable,POP,Population,_T,Total,_T,Total,PS,Personnes,2023,,2116972,,SVN,Slovénie,A,Valeur normale,0,Units,0,Zero
DATAFLOW,OECD.CFE.EDS:DSD_REG_DEMO@DF_DENSITY(2.0),Densité de population - Régions,I,A,Annuelle,CTRY,Pays,SVN,Slovénie,_Z,N'est pas applicable,POP,Population,_T,Total,_T,Total,PS,Personnes,2015,,2062874,,SVN,Slovénie,A,Valeur normale,0,Units,0,Zero
DATAFLOW,OECD.CFE.EDS:DSD_REG_DEMO@DF_DENSITY(2.0),Densité de population - Régions,I,A,Annuelle,CTRY,Pays,SVN,Slovénie,_Z,N'est pas applicable,POP,Population,_T,Total,_T,Total,PS,Personnes,2016,,2064188,,SVN,Slovénie,A,Valeur normale,0,Units,0,Zero
DATAFLOW,OECD.CFE.EDS:DSD_REG_DEMO@DF_DENSITY(2.0),Densité de population - Régions,I,A,Annuelle,CTRY,Pays,SVN,Slovénie,_Z,N'est pas applicable,POP,Population,_T,Total,_T,Total,PS,Personnes,2017,,2065895,,SVN,Slovénie,A,Valeur normale,0,Units,0,Zero
DATAFLOW,OECD.CFE.EDS:DSD_REG_DEMO@DF_DENSITY(2.0),Densité de population - Régions,I,A,Annuelle,CTRY,Pays,SVN,Slovénie,_Z,N'est pas applicable,POP,Population,_T,Total,_T,Total,PS,Personnes,2018,,2066880,,SVN,Slovénie,A,Valeur normale,0,Units,0,Zero
DATAFLOW,OECD.CFE.EDS:DSD_REG_DEMO@DF_DENSITY(2.0),Densité de population - Régions,I,A,Annuelle,CTRY,Pays,SVN,Slovénie,_Z,N'est pas applicable,POP,Population,_T,Total,_T,Total,PS,Personnes,2005,,1997590,,SVN,Slovénie,A,Valeur normale,0,Units,0,Zero
DATAFLOW,OECD.CFE.EDS:DSD_REG_DEMO@DF_DENSITY(2.0),Densité de population - Régions,I,A,Annuelle,CTRY,Pays,SVN,Slovénie,_Z,N'est pas applicable,POP,Population,_T,Total,_T,Total,PS,Personnes,2006,,2003358,,SVN,Slovénie,A,Valeur normale,0,Units,0,Zero
DATAFLOW,OECD.CFE.EDS:DSD_REG_DEMO@DF_DENSITY(2.0),Densité de population - Régions,I,A,Annuelle,CTRY,Pays,SVN,Slovénie,_Z,N'est pas applicable,POP,Population,_T,Total,_T,Total,PS,Personnes,2021,,2108977,,SVN,Slovénie,A,Valeur normale,0,Units,0,Zero
DATAFLOW,OECD.CFE.EDS:DSD_REG_DEMO@DF_DENSITY(2.0),Densité de population - Régions,I,A,Annuelle,CTRY,Pays,SVN,Slovénie,_Z,N'est pas applicable,POP,Population,_T,Total,_T,Total,PS,Personnes,2022,,2107180,,SVN,Slovénie,A,Valeur normale,0,Units,0,Zero
DATAFLOW,OECD.CFE.EDS:DSD_REG_DEMO@DF_DENSITY(2.0),Densité de population - Régions,I,A,Annuelle,CTRY,Pays,SVN,Slovénie,_Z,N'est pas applicable,POP,Population,_T,Total,_T,Total,PS,Personnes,2009,,2032362,,SVN,Slovénie,A,Valeur normale,0,Units,0,Zero
DATAFLOW,OECD.CFE.EDS:DSD_REG_DEMO@DF_DENSITY(2.0),Densité de population - Régions,I,A,Annuelle,CTRY,Pays,SVN,Slovénie,_Z,N'est pas applicable,POP,Population,_T,Total,_T,Total,PS,Personnes,2010,,2046976,,SVN,Slovénie,A,Valeur normale,0,Units,0,Zero
DATAFLOW,OECD.CFE.EDS:DSD_REG_DEMO@DF_DENSITY(2.0),Densité de population - Régions,I,A,Annuelle,CTRY,Pays,SVN,Slovénie,_Z,N'est pas applicable,POP,Population,_T,Total,_T,Total,PS,Personnes,1999,,1978334,,SVN,Slovénie,A,Valeur normale,0,Units,0,Zero
DATAFLOW,OECD.CFE.EDS:DSD_REG_DEMO@DF_DENSITY(2.0),Densité de population - Régions,I,A,Annuelle,CTRY,Pays,SVN,Slovénie,_Z,N'est pas applicable,POP,Population,_T,Total,_T,Total,PS,Personnes,2000,,1987755,,SVN,Slovénie,A,Valeur normale,0,Units,0,Zero
DATAFLOW,OECD.CFE.EDS:DSD_REG_DEMO@DF_DENSITY(2.0),Densité de population - Régions,I,A,Annuelle,CTRY,Pays,SVN,Slovénie,_Z,N'est pas applicable,POP,Population,_T,Total,_T,Total,PS_KM2,Personnes par kilomètre carré,2008,,99.79,,SVN,Slovénie,B,Rupture de série,0,Units,2,Two
DATAFLOW,OECD.CFE.EDS:DSD_REG_DEMO@DF_DENSITY(2.0),Densité de population - Régions,I,A,Annuelle,CTRY,Pays,SVN,Slovénie,_Z,N'est pas applicable,POP,Population,_T,Total,_T,Total,PS_KM2,Personnes par kilomètre carré,2020,,104.04,,SVN,Slovénie,A,Valeur normale,0,Units,2,Two
DATAFLOW,OECD.CFE.EDS:DSD_REG_DEMO@DF_DENSITY(2.0),Densité de population - Régions,I,A,Annuelle,CTRY,Pays,SVN,Slovénie,_Z,N'est pas applicable,POP,Population,_T,Total,_T,Total,PS_KM2,Personnes par kilomètre carré,2018,,102.6,,SVN,Slovénie,A,Valeur normale,0,Units,2,Two
DATAFLOW,OECD.CFE.EDS:DSD_REG_DEMO@DF_DENSITY(2.0),Densité de population - Régions,I,A,Annuelle,CTRY,Pays,SVN,Slovénie,_Z,N'est pas applicable,POP,Population,_T,Total,_T,Total,PS_KM2,Personnes par kilomètre carré,2019,,103.3,,SVN,Slovénie,A,Valeur normale,0,Units,2,Two
DATAFLOW,OECD.CFE.EDS:DSD_REG_DEMO@DF_DENSITY(2.0),Densité de population - Régions,I,A,Annuelle,CTRY,Pays,SVN,Slovénie,_Z,N'est pas applicable,POP,Population,_T,Total,_T,Total,PS_KM2,Personnes par kilomètre carré,2021,,104.69,,SVN,Slovénie,A,Valeur normale,0,Units,2,Two
DATAFLOW,OECD.CFE.EDS:DSD_REG_DEMO@DF_DENSITY(2.0),Densité de population - Régions,I,A,Annuelle,CTRY,Pays,SVN,Slovénie,_Z,N'est pas applicable,POP,Population,_T,Total,_T,Total,PS_KM2,Personnes par kilomètre carré,2022,,104.6,,SVN,Slovénie,A,Valeur normale,0,Units,2,Two
DATAFLOW,OECD.CFE.EDS:DSD_REG_DEMO@DF_DENSITY(2.0),Densité de population - Régions,I,A,Annuelle,CTRY,Pays,SVN,Slovénie,_Z,N'est pas applicable,POP,Population,_T,Total,_T,Total,PS_KM2,Personnes par kilomètre carré,2023,,105.09,,SVN,Slovénie,A,Valeur normale,0,Units,2,Two
DATAFLOW,OECD.CFE.EDS:DSD_REG_DEMO@DF_DENSITY(2.0),Densité de population - Régions,I,A,Annuelle,CTRY,Pays,SVN,Slovénie,_Z,N'est pas applicable,POP,Population,_T,Total,_T,Total,PS_KM2,Personnes par kilomètre carré,2013,,102.2,,SVN,Slovénie,A,Valeur normale,0,Units,2,Two
DATAFLOW,OECD.CFE.EDS:DSD_REG_DEMO@DF_DENSITY(2.0),Densité de population - Régions,I,A,Annuelle,CTRY,Pays,SVN,Slovénie,_Z,N'est pas applicable,POP,Population,_T,Total,_T,Total,PS_KM2,Personnes par kilomètre carré,2015,,102.4,,SVN,Slovénie,A,Valeur normale,0,Units,2,Two
DATAFLOW,OECD.CFE.EDS:DSD_REG_DEMO@DF_DENSITY(2.0),Densité de population - Régions,I,A,Annuelle,CTRY,Pays,SVN,Slovénie,_Z,N'est pas applicable,POP,Population,_T,Total,_T,Total,PS_KM2,Personnes par kilomètre carré,2016,,102.47,,SVN,Slovénie,A,Valeur normale,0,Units,2,Two
DATAFLOW,OECD.CFE.EDS:DSD_REG_DEMO@DF_DENSITY(2.0),Densité de population - Régions,I,A,Annuelle,CTRY,Pays,SVN,Slovénie,_Z,N'est pas applicable,POP,Population,_T,Total,_T,Total,PS_KM2,Personnes par kilomètre carré,2017,,102.55,,SVN,Slovénie,A,Valeur normale,0,Units,2,Two
DATAFLOW,OECD.CFE.EDS:DSD_REG_DEMO@DF_DENSITY(2.0),Densité de population - Régions,I,A,Annuelle,CTRY,Pays,SVN,Slovénie,_Z,N'est pas applicable,POP,Population,_T,Total,_T,Total,PS_KM2,Personnes par kilomètre carré,2010,,101.61,,SVN,Slovénie,A,Valeur normale,0,Units,2,Two
DATAFLOW,OECD.CFE.EDS:DSD_REG_DEMO@DF_DENSITY(2.0),Densité de population - Régions,I,A,Annuelle,CTRY,Pays,SVN,Slovénie,_Z,N'est pas applicable,POP,Population,_T,Total,_T,Total,PS_KM2,Personnes par kilomètre carré,2011,,101.77,,SVN,Slovénie,A,Valeur normale,0,Units,2,Two
DATAFLOW,OECD.CFE.EDS:DSD_REG_DEMO@DF_DENSITY(2.0),Densité de population - Régions,I,A,Annuelle,CTRY,Pays,SVN,Slovénie,_Z,N'est pas applicable,POP,Population,_T,Total,_T,Total,PS_KM2,Personnes par kilomètre carré,2012,,102.04,,SVN,Slovénie,A,Valeur normale,0,Units,2,Two
DATAFLOW,OECD.CFE.EDS:DSD_REG_DEMO@DF_DENSITY(2.0),Densité de population - Régions,I,A,Annuelle,CTRY,Pays,ESP,Espagne,_Z,N'est pas applicable,POP,Population,_T,Total,_T,Total,PS,Personnes,2016,,46418884,,ESP,Espagne,A,Valeur normale,0,Units,0,Zero
DATAFLOW,OECD.CFE.EDS:DSD_REG_DEMO@DF_DENSITY(2.0),Densité de population - Régions,I,A,Annuelle,CTRY,Pays,ESP,Espagne,_Z,N'est pas applicable,POP,Population,_T,Total,_T,Total,PS,Personnes,2017,,46497393,,ESP,Espagne,A,Valeur normale,0,Units,0,Zero
DATAFLOW,OECD.CFE.EDS:DSD_REG_DEMO@DF_DENSITY(2.0),Densité de population - Régions,I,A,Annuelle,CTRY,Pays,ESP,Espagne,_Z,N'est pas applicable,POP,Population,_T,Total,_T,Total,PS,Personnes,1996,,39808374,,ESP,Espagne,A,Valeur normale,0,Units,0,Zero
DATAFLOW,OECD.CFE.EDS:DSD_REG_DEMO@DF_DENSITY(2.0),Densité de population - Régions,I,A,Annuelle,CTRY,Pays,ESP,Espagne,_Z,N'est pas applicable,POP,Population,_T,Total,_T,Total,PS,Personnes,1997,,39971329,,ESP,Espagne,A,Valeur normale,0,Units,0,Zero
DATAFLOW,OECD.CFE.EDS:DSD_REG_DEMO@DF_DENSITY(2.0),Densité de population - Régions,I,A,Annuelle,CTRY,Pays,ESP,Espagne,_Z,N'est pas applicable,POP,Population,_T,Total,_T,Total,PS,Personnes,1992,,39051336,,ESP,Espagne,A,Valeur normale,0,Units,0,Zero
DATAFLOW,OECD.CFE.EDS:DSD_REG_DEMO@DF_DENSITY(2.0),Densité de population - Régions,I,A,Annuelle,CTRY,Pays,ESP,Espagne,_Z,N'est pas applicable,POP,Population,_T,Total,_T,Total,PS,Personnes,1993,,39264034,,ESP,Espagne,A,Valeur normale,0,Units,0,Zero
DATAFLOW,OECD.CFE.EDS:DSD_REG_DEMO@DF_DENSITY(2.0),Densité de population - Régions,I,A,Annuelle,CTRY,Pays,ESP,Espagne,_Z,N'est pas applicable,POP,Population,_T,Total,_T,Total,PS,Personnes,1991,,38881416,,ESP,Espagne,A,Valeur normale,0,Units,0,Zero
DATAFLOW,OECD.CFE.EDS:DSD_REG_DEMO@DF_DENSITY(2.0),Densité de population - Régions,I,A,Annuelle,CTRY,Pays,ESP,Espagne,_Z,N'est pas applicable,POP,Population,_T,Total,_T,Total,PS,Personnes,1990,,38853227,,ESP,Espagne,A,Valeur normale,0,Units,0,Zero
DATAFLOW,OECD.CFE.EDS:DSD_REG_DEMO@DF_DENSITY(2.0),Densité de population - Régions,I,A,Annuelle,CTRY,Pays,ESP,Espagne,_Z,N'est pas applicable,POP,Population,_T,Total,_T,Total,PS,Personnes,2012,,46818219,,ESP,Espagne,A,Valeur normale,0,Units,0,Zero
DATAFLOW,OECD.CFE.EDS:DSD_REG_DEMO@DF_DENSITY(2.0),Densité de population - Régions,I,A,Annuelle,CTRY,Pays,ESP,Espagne,_Z,N'est pas applicable,POP,Population,_T,Total,_T,Total,PS,Personnes,2006,,44009971,,ESP,Espagne,A,Valeur normale,0,Units,0,Zero
DATAFLOW,OECD.CFE.EDS:DSD_REG_DEMO@DF_DENSITY(2.0),Densité de population - Régions,I,A,Annuelle,CTRY,Pays,ESP,Espagne,_Z,N'est pas applicable,POP,Population,_T,Total,_T,Total,PS,Personnes,2007,,44784666,,ESP,Espagne,A,Valeur normale,0,Units,0,Zero
DATAFLOW,OECD.CFE.EDS:DSD_REG_DEMO@DF_DENSITY(2.0),Densité de population - Régions,I,A,Annuelle,CTRY,Pays,ESP,Espagne,_Z,N'est pas applicable,POP,Population,_T,Total,_T,Total,PS,Personnes,1998,,40143449,,ESP,Espagne,A,Valeur normale,0,Units,0,Zero
DATAFLOW,OECD.CFE.EDS:DSD_REG_DEMO@DF_DENSITY(2.0),Densité de population - Régions,I,A,Annuelle,CTRY,Pays,ESP,Espagne,_Z,N'est pas applicable,POP,Population,_T,Total,_T,Total,PS,Personnes,2001,,40665545,,ESP,Espagne,A,Valeur normale,0,Units,0,Zero
DATAFLOW,OECD.CFE.EDS:DSD_REG_DEMO@DF_DENSITY(2.0),Densité de population - Régions,I,A,Annuelle,CTRY,Pays,ESP,Espagne,_Z,N'est pas applicable,POP,Population,_T,Total,_T,Total,PS,Personnes,2002,,41035278,,ESP,Espagne,A,Valeur normale,0,Units,0,Zero
DATAFLOW,OECD.CFE.EDS:DSD_REG_DEMO@DF_DENSITY(2.0),Densité de population - Régions,I,A,Annuelle,CTRY,Pays,ESP,Espagne,_Z,N'est pas applicable,POP,Population,_T,Total,_T,Total,PS,Personnes,2003,,41827838,,ESP,Espagne,A,Valeur normale,0,Units,0,Zero
DATAFLOW,OECD.CFE.EDS:DSD_REG_DEMO@DF_DENSITY(2.0),Densité de population - Régions,I,A,Annuelle,CTRY,Pays,ESP,Espagne,_Z,N'est pas applicable,POP,Population,_T,Total,_T,Total,PS,Personnes,2018,,46645070,,ESP,Espagne,A,Valeur normale,0,Units,0,Zero
DATAFLOW,OECD.CFE.EDS:DSD_REG_DEMO@DF_DENSITY(2.0),Densité de population - Régions,I,A,Annuelle,CTRY,Pays,ESP,Espagne,_Z,N'est pas applicable,POP,Population,_T,Total,_T,Total,PS,Personnes,2023,,48085361,,ESP,Espagne,A,Valeur normale,0,Units,0,Zero
DATAFLOW,OECD.CFE.EDS:DSD_REG_DEMO@DF_DENSITY(2.0),Densité de population - Régions,I,A,Annuelle,CTRY,Pays,ESP,Espagne,_Z,N'est pas applicable,POP,Population,_T,Total,_T,Total,PS,Personnes,2013,,46712650,,ESP,Espagne,A,Valeur normale,0,Units,0,Zero
DATAFLOW,OECD.CFE.EDS:DSD_REG_DEMO@DF_DENSITY(2.0),Densité de population - Régions,I,A,Annuelle,CTRY,Pays,ESP,Espagne,_Z,N'est pas applicable,POP,Population,_T,Total,_T,Total,PS,Personnes,2014,,46495744,,ESP,Espagne,A,Valeur normale,0,Units,0,Zero
DATAFLOW,OECD.CFE.EDS:DSD_REG_DEMO@DF_DENSITY(2.0),Densité de population - Régions,I,A,Annuelle,CTRY,Pays,ESP,Espagne,_Z,N'est pas applicable,POP,Population,_T,Total,_T,Total,PS,Personnes,2022,,47486843,,ESP,Espagne,A,Valeur normale,0,Units,0,Zero
DATAFLOW,OECD.CFE.EDS:DSD_REG_DEMO@DF_DENSITY(2.0),Densité de population - Régions,I,A,Annuelle,CTRY,Pays,ESP,Espagne,_Z,N'est pas applicable,POP,Population,_T,Total,_T,Total,PS,Personnes,2010,,46486619,,ESP,Espagne,A,Valeur normale,0,Units,0,Zero
DATAFLOW,OECD.CFE.EDS:DSD_REG_DEMO@DF_DENSITY(2.0),Densité de population - Régions,I,A,Annuelle,CTRY,Pays,ESP,Espagne,_Z,N'est pas applicable,POP,Population,_T,Total,_T,Total,PS,Personnes,2011,,46667174,,ESP,Espagne,A,Valeur normale,0,Units,0,Zero
DATAFLOW,OECD.CFE.EDS:DSD_REG_DEMO@DF_DENSITY(2.0),Densité de population - Régions,I,A,Annuelle,CTRY,Pays,ESP,Espagne,_Z,N'est pas applicable,POP,Population,_T,Total,_T,Total,PS,Personnes,2004,,42547451,,ESP,Espagne,A,Valeur normale,0,Units,0,Zero
DATAFLOW,OECD.CFE.EDS:DSD_REG_DEMO@DF_DENSITY(2.0),Densité de population - Régions,I,A,Annuelle,CTRY,Pays,ESP,Espagne,_Z,N'est pas applicable,POP,Population,_T,Total,_T,Total,PS,Personnes,2005,,43296338,,ESP,Espagne,A,Valeur normale,0,Units,0,Zero
DATAFLOW,OECD.CFE.EDS:DSD_REG_DEMO@DF_DENSITY(2.0),Densité de population - Régions,I,A,Annuelle,CTRY,Pays,ESP,Espagne,_Z,N'est pas applicable,POP,Population,_T,Total,_T,Total,PS,Personnes,2009,,46239273,,ESP,Espagne,A,Valeur normale,0,Units,0,Zero
DATAFLOW,OECD.CFE.EDS:DSD_REG_DEMO@DF_DENSITY(2.0),Densité de population - Régions,I,A,Annuelle,CTRY,Pays,ESP,Espagne,_Z,N'est pas applicable,POP,Population,_T,Total,_T,Total,PS,Personnes,2000,,40470182,,ESP,Espagne,A,Valeur normale,0,Units,0,Zero
DATAFLOW,OECD.CFE.EDS:DSD_REG_DEMO@DF_DENSITY(2.0),Densité de population - Régions,I,A,Annuelle,CTRY,Pays,ESP,Espagne,_Z,N'est pas applicable,POP,Population,_T,Total,_T,Total,PS,Personnes,1994,,39458489,,ESP,Espagne,A,Valeur normale,0,Units,0,Zero
DATAFLOW,OECD.CFE.EDS:DSD_REG_DEMO@DF_DENSITY(2.0),Densité de population - Régions,I,A,Annuelle,CTRY,Pays,ESP,Espagne,_Z,N'est pas applicable,POP,Population,_T,Total,_T,Total,PS,Personnes,1995,,39639726,,ESP,Espagne,A,Valeur normale,0,Units,0,Zero
DATAFLOW,OECD.CFE.EDS:DSD_REG_DEMO@DF_DENSITY(2.0),Densité de population - Régions,I,A,Annuelle,CTRY,Pays,ESP,Espagne,_Z,N'est pas applicable,POP,Population,_T,Total,_T,Total,PS,Personnes,2008,,45668939,,ESP,Espagne,A,Valeur normale,0,Units,0,Zero
DATAFLOW,OECD.CFE.EDS:DSD_REG_DEMO@DF_DENSITY(2.0),Densité de population - Régions,I,A,Annuelle,CTRY,Pays,ESP,Espagne,_Z,N'est pas applicable,POP,Population,_T,Total,_T,Total,PS,Personnes,1999,,40303568,,ESP,Espagne,A,Valeur normale,0,Units,0,Zero
DATAFLOW,OECD.CFE.EDS:DSD_REG_DEMO@DF_DENSITY(2.0),Densité de population - Régions,I,A,Annuelle,CTRY,Pays,ESP,Espagne,_Z,N'est pas applicable,POP,Population,_T,Total,_T,Total,PS_KM2,Personnes par kilomètre carré,2019,,93.34,,ESP,Espagne,A,Valeur normale,0,Units,2,Two
DATAFLOW,OECD.CFE.EDS:DSD_REG_DEMO@DF_DENSITY(2.0),Densité de population - Régions,I,A,Annuelle,CTRY,Pays,ESP,Espagne,_Z,N'est pas applicable,POP,Population,_T,Total,_T,Total,PS_KM2,Personnes par kilomètre carré,2020,,94.14,,ESP,Espagne,A,Valeur normale,0,Units,2,Two
DATAFLOW,OECD.CFE.EDS:DSD_REG_DEMO@DF_DENSITY(2.0),Densité de population - Régions,I,A,Annuelle,CTRY,Pays,ESP,Espagne,_Z,N'est pas applicable,POP,Population,_T,Total,_T,Total,PS_KM2,Personnes par kilomètre carré,2016,,92.35,,ESP,Espagne,A,Valeur normale,0,Units,2,Two
DATAFLOW,OECD.CFE.EDS:DSD_REG_DEMO@DF_DENSITY(2.0),Densité de population - Régions,I,A,Annuelle,CTRY,Pays,ESP,Espagne,_Z,N'est pas applicable,POP,Population,_T,Total,_T,Total,PS_KM2,Personnes par kilomètre carré,2017,,92.5,,ESP,Espagne,A,Valeur normale,0,Units,2,Two
DATAFLOW,OECD.CFE.EDS:DSD_REG_DEMO@DF_DENSITY(2.0),Densité de population - Régions,I,A,Annuelle,CTRY,Pays,ESP,Espagne,_Z,N'est pas applicable,POP,Population,_T,Total,_T,Total,PS_KM2,Personnes par kilomètre carré,2018,,92.8,,ESP,Espagne,A,Valeur normale,0,Units,2,Two
DATAFLOW,OECD.CFE.EDS:DSD_REG_DEMO@DF_DENSITY(2.0),Densité de population - Régions,I,A,Annuelle,CTRY,Pays,ESP,Espagne,_Z,N'est pas applicable,POP,Population,_T,Total,_T,Total,PS_KM2,Personnes par kilomètre carré,2022,,94.47,,ESP,Espagne,A,Valeur normale,0,Units,2,Two
DATAFLOW,OECD.CFE.EDS:DSD_REG_DEMO@DF_DENSITY(2.0),Densité de population - Régions,I,A,Annuelle,CTRY,Pays,ESP,Espagne,_Z,N'est pas applicable,POP,Population,_T,Total,_T,Total,PS_KM2,Personnes par kilomètre carré,2015,,92.36,,ESP,Espagne,A,Valeur normale,0,Units,2,Two
DATAFLOW,OECD.CFE.EDS:DSD_REG_DEMO@DF_DENSITY(2.0),Densité de population - Régions,I,A,Annuelle,CTRY,Pays,ESP,Espagne,_Z,N'est pas applicable,POP,Population,_T,Total,_T,Total,PS_KM2,Personnes par kilomètre carré,2021,,94.3,,ESP,Espagne,A,Valeur normale,0,Units,2,Two
DATAFLOW,OECD.CFE.EDS:DSD_REG_DEMO@DF_DENSITY(2.0),Densité de population - Régions,I,A,Annuelle,CTRY,Pays,ESP,Espagne,_Z,N'est pas applicable,POP,Population,_T,Total,_T,Total,PS_KM2,Personnes par kilomètre carré,2023,,95.66,,ESP,Espagne,A,Valeur normale,0,Units,2,Two
DATAFLOW,OECD.CFE.EDS:DSD_REG_DEMO@DF_DENSITY(2.0),Densité de population - Régions,I,A,Annuelle,CTRY,Pays,ESP,Espagne,_Z,N'est pas applicable,POP,Population,_T,Total,_T,Total,PS_KM2,Personnes par kilomètre carré,2013,,92.93,,ESP,Espagne,A,Valeur normale,0,Units,2,Two
DATAFLOW,OECD.CFE.EDS:DSD_REG_DEMO@DF_DENSITY(2.0),Densité de population - Régions,I,A,Annuelle,CTRY,Pays,ESP,Espagne,_Z,N'est pas applicable,POP,Population,_T,Total,_T,Total,PS_KM2,Personnes par kilomètre carré,2014,,92.5,,ESP,Espagne,A,Valeur normale,0,Units,2,Two
DATAFLOW,OECD.CFE.EDS:DSD_REG_DEMO@DF_DENSITY(2.0),Densité de population - Régions,I,A,Annuelle,CTRY,Pays,ESP,Espagne,_Z,N'est pas applicable,POP,Population,_T,Total,_T,Total,PS_KM2,Personnes par kilomètre carré,2007,,89.1,,ESP,Espagne,A,Valeur normale,0,Units,2,Two
DATAFLOW,OECD.CFE.EDS:DSD_REG_DEMO@DF_DENSITY(2.0),Densité de population - Régions,I,A,Annuelle,CTRY,Pays,ESP,Espagne,_Z,N'est pas applicable,POP,Population,_T,Total,_T,Total,PS_KM2,Personnes par kilomètre carré,2008,,90.86,,ESP,Espagne,A,Valeur normale,0,Units,2,Two
DATAFLOW,OECD.CFE.EDS:DSD_REG_DEMO@DF_DENSITY(2.0),Densité de population - Régions,I,A,Annuelle,CTRY,Pays,ESP,Espagne,_Z,N'est pas applicable,POP,Population,_T,Total,_T,Total,PS_KM2,Personnes par kilomètre carré,2010,,92.48,,ESP,Espagne,A,Valeur normale,0,Units,2,Two
DATAFLOW,OECD.CFE.EDS:DSD_REG_DEMO@DF_DENSITY(2.0),Densité de population - Régions,I,A,Annuelle,CTRY,Pays,ESP,Espagne,_Z,N'est pas applicable,POP,Population,_T,Total,_T,Total,PS_KM2,Personnes par kilomètre carré,2011,,92.84,,ESP,Espagne,A,Valeur normale,0,Units,2,Two
DATAFLOW,OECD.CFE.EDS:DSD_REG_DEMO@DF_DENSITY(2.0),Densité de population - Régions,I,A,Annuelle,CTRY,Pays,ESP,Espagne,_Z,N'est pas applicable,POP,Population,_T,Total,_T,Total,PS_KM2,Personnes par kilomètre carré,2012,,93.14,,ESP,Espagne,A,Valeur normale,0,Units,2,Two
DATAFLOW,OECD.CFE.EDS:DSD_REG_DEMO@DF_DENSITY(2.0),Densité de population - Régions,I,A,Annuelle,CTRY,Pays,ESP,Espagne,_Z,N'est pas applicable,POP,Population,_T,Total,_T,Total,PS_KM2,Personnes par kilomètre carré,2005,,86.14,,ESP,Espagne,A,Valeur normale,0,Units,2,Two
DATAFLOW,OECD.CFE.EDS:DSD_REG_DEMO@DF_DENSITY(2.0),Densité de population - Régions,I,A,Annuelle,CTRY,Pays,ESP,Espagne,_Z,N'est pas applicable,POP,Population,_T,Total,_T,Total,PS_KM2,Personnes par kilomètre carré,2006,,87.56,,ESP,Espagne,A,Valeur normale,0,Units,2,Two
DATAFLOW,OECD.CFE.EDS:DSD_REG_DEMO@DF_DENSITY(2.0),Densité de population - Régions,I,A,Annuelle,CTRY,Pays,ESP,Espagne,_Z,N'est pas applicable,POP,Population,_T,Total,_T,Total,PS_KM2,Personnes par kilomètre carré,2009,,91.99,,ESP,Espagne,A,Valeur normale,0,Units,2,Two
DATAFLOW,OECD.CFE.EDS:DSD_REG_DEMO@DF_DENSITY(2.0),Densité de population - Régions,I,A,Annuelle,CTRY,Pays,ESP,Espagne,_Z,N'est pas applicable,POP,Population,_T,Total,_T,Total,PS_KM2,Personnes par kilomètre carré,2001,,80.9,,ESP,Espagne,A,Valeur normale,0,Units,2,Two
DATAFLOW,OECD.CFE.EDS:DSD_REG_DEMO@DF_DENSITY(2.0),Densité de population - Régions,I,A,Annuelle,CTRY,Pays,ESP,Espagne,_Z,N'est pas applicable,POP,Population,_T,Total,_T,Total,PS_KM2,Personnes par kilomètre carré,2002,,81.64,,ESP,Espagne,A,Valeur normale,0,Units,2,Two
DATAFLOW,OECD.CFE.EDS:DSD_REG_DEMO@DF_DENSITY(2.0),Densité de population - Régions,I,A,Annuelle,CTRY,Pays,ESP,Espagne,_Z,N'est pas applicable,POP,Population,_T,Total,_T,Total,PS_KM2,Personnes par kilomètre carré,2003,,83.21,,ESP,Espagne,A,Valeur normale,0,Units,2,Two
DATAFLOW,OECD.CFE.EDS:DSD_REG_DEMO@DF_DENSITY(2.0),Densité de population - Régions,I,A,Annuelle,CTRY,Pays,ESP,Espagne,_Z,N'est pas applicable,POP,Population,_T,Total,_T,Total,PS_KM2,Personnes par kilomètre carré,1996,,79.2,,ESP,Espagne,A,Valeur normale,0,Units,2,Two
DATAFLOW,OECD.CFE.EDS:DSD_REG_DEMO@DF_DENSITY(2.0),Densité de population - Régions,I,A,Annuelle,CTRY,Pays,ESP,Espagne,_Z,N'est pas applicable,POP,Population,_T,Total,_T,Total,PS_KM2,Personnes par kilomètre carré,1991,,77.35,,ESP,Espagne,A,Valeur normale,0,Units,2,Two
DATAFLOW,OECD.CFE.EDS:DSD_REG_DEMO@DF_DENSITY(2.0),Densité de population - Régions,I,A,Annuelle,CTRY,Pays,ESP,Espagne,_Z,N'est pas applicable,POP,Population,_T,Total,_T,Total,PS_KM2,Personnes par kilomètre carré,2004,,84.65,,ESP,Espagne,A,Valeur normale,0,Units,2,Two
DATAFLOW,OECD.CFE.EDS:DSD_REG_DEMO@DF_DENSITY(2.0),Densité de population - Régions,I,A,Annuelle,CTRY,Pays,ESP,Espagne,_Z,N'est pas applicable,POP,Population,_T,Total,_T,Total,PS_KM2,Personnes par kilomètre carré,1995,,78.86,,ESP,Espagne,A,Valeur normale,0,Units,2,Two
DATAFLOW,OECD.CFE.EDS:DSD_REG_DEMO@DF_DENSITY(2.0),Densité de population - Régions,I,A,Annuelle,CTRY,Pays,ESP,Espagne,_Z,N'est pas applicable,POP,Population,_T,Total,_T,Total,PS_KM2,Personnes par kilomètre carré,1993,,78.11,,ESP,Espagne,A,Valeur normale,0,Units,2,Two
DATAFLOW,OECD.CFE.EDS:DSD_REG_DEMO@DF_DENSITY(2.0),Densité de population - Régions,I,A,Annuelle,CTRY,Pays,ESP,Espagne,_Z,N'est pas applicable,POP,Population,_T,Total,_T,Total,PS_KM2,Personnes par kilomètre carré,1994,,78.5,,ESP,Espagne,A,Valeur normale,0,Units,2,Two
DATAFLOW,OECD.CFE.EDS:DSD_REG_DEMO@DF_DENSITY(2.0),Densité de population - Régions,I,A,Annuelle,CTRY,Pays,ESP,Espagne,_Z,N'est pas applicable,POP,Population,_T,Total,_T,Total,PS_KM2,Personnes par kilomètre carré,1999,,80.18,,ESP,Espagne,A,Valeur normale,0,Units,2,Two
DATAFLOW,OECD.CFE.EDS:DSD_REG_DEMO@DF_DENSITY(2.0),Densité de population - Régions,I,A,Annuelle,CTRY,Pays,ESP,Espagne,_Z,N'est pas applicable,POP,Population,_T,Total,_T,Total,PS_KM2,Personnes par kilomètre carré,2000,,80.51,,ESP,Espagne,A,Valeur normale,0,Units,2,Two
DATAFLOW,OECD.CFE.EDS:DSD_REG_DEMO@DF_DENSITY(2.0),Densité de population - Régions,I,A,Annuelle,CTRY,Pays,ESP,Espagne,_Z,N'est pas applicable,POP,Population,_T,Total,_T,Total,PS_KM2,Personnes par kilomètre carré,1990,,77.3,,ESP,Espagne,A,Valeur normale,0,Units,2,Two
DATAFLOW,OECD.CFE.EDS:DSD_REG_DEMO@DF_DENSITY(2.0),Densité de population - Régions,I,A,Annuelle,CTRY,Pays,ESP,Espagne,_Z,N'est pas applicable,POP,Population,_T,Total,_T,Total,PS_KM2,Personnes par kilomètre carré,1997,,79.52,,ESP,Espagne,A,Valeur normale,0,Units,2,Two
DATAFLOW,OECD.CFE.EDS:DSD_REG_DEMO@DF_DENSITY(2.0),Densité de population - Régions,I,A,Annuelle,CTRY,Pays,ESP,Espagne,_Z,N'est pas applicable,POP,Population,_T,Total,_T,Total,PS_KM2,Personnes par kilomètre carré,1998,,79.86,,ESP,Espagne,A,Valeur normale,0,Units,2,Two
DATAFLOW,OECD.CFE.EDS:DSD_REG_DEMO@DF_DENSITY(2.0),Densité de population - Régions,I,A,Annuelle,CTRY,Pays,ESP,Espagne,_Z,N'est pas applicable,POP,Population,_T,Total,_T,Total,PS_KM2,Personnes par kilomètre carré,1992,,77.69,,ESP,Espagne,A,Valeur normale,0,Units,2,Two
DATAFLOW,OECD.CFE.EDS:DSD_REG_DEMO@DF_DENSITY(2.0),Densité de population - Régions,I,A,Annuelle,CTRY,Pays,ESP,Espagne,_Z,N'est pas applicable,POP,Population,_T,Total,_T,Total,PS,Personnes,2019,,46918951,,ESP,Espagne,A,Valeur normale,0,Units,0,Zero
DATAFLOW,OECD.CFE.EDS:DSD_REG_DEMO@DF_DENSITY(2.0),Densité de population - Régions,I,A,Annuelle,CTRY,Pays,ESP,Espagne,_Z,N'est pas applicable,POP,Population,_T,Total,_T,Total,PS,Personnes,2020,,47318050,,ESP,Espagne,A,Valeur normale,0,Units,0,Zero
DATAFLOW,OECD.CFE.EDS:DSD_REG_DEMO@DF_DENSITY(2.0),Densité de population - Régions,I,A,Annuelle,CTRY,Pays,ESP,Espagne,_Z,N'est pas applicable,POP,Population,_T,Total,_T,Total,PS,Personnes,2021,,47400798,,ESP,Espagne,A,Valeur normale,0,Units,0,Zero
DATAFLOW,OECD.CFE.EDS:DSD_REG_DEMO@DF_DENSITY(2.0),Densité de population - Régions,I,A,Annuelle,CTRY,Pays,SWE,Suède,_Z,N'est pas applicable,POP,Population,_T,Total,_T,Total,PS_KM2,Personnes par kilomètre carré,2006,,22.21,,SWE,Suède,A,Valeur normale,0,Units,2,Two
DATAFLOW,OECD.CFE.EDS:DSD_REG_DEMO@DF_DENSITY(2.0),Densité de population - Régions,I,A,Annuelle,CTRY,Pays,SWE,Suède,_Z,N'est pas applicable,POP,Population,_T,Total,_T,Total,PS_KM2,Personnes par kilomètre carré,2007,,22.37,,SWE,Suède,A,Valeur normale,0,Units,2,Two
DATAFLOW,OECD.CFE.EDS:DSD_REG_DEMO@DF_DENSITY(2.0),Densité de population - Régions,I,A,Annuelle,CTRY,Pays,SWE,Suède,_Z,N'est pas applicable,POP,Population,_T,Total,_T,Total,PS,Personnes,1995,,8816381,,SWE,Suède,A,Valeur normale,0,Units,0,Zero
DATAFLOW,OECD.CFE.EDS:DSD_REG_DEMO@DF_DENSITY(2.0),Densité de population - Régions,I,A,Annuelle,CTRY,Pays,SWE,Suède,_Z,N'est pas applicable,POP,Population,_T,Total,_T,Total,PS,Personnes,1996,,8837496,,SWE,Suède,A,Valeur normale,0,Units,0,Zero
DATAFLOW,OECD.CFE.EDS:DSD_REG_DEMO@DF_DENSITY(2.0),Densité de population - Régions,I,A,Annuelle,CTRY,Pays,SWE,Suède,_Z,N'est pas applicable,POP,Population,_T,Total,_T,Total,PS,Personnes,1997,,8844499,,SWE,Suède,A,Valeur normale,0,Units,0,Zero
DATAFLOW,OECD.CFE.EDS:DSD_REG_DEMO@DF_DENSITY(2.0),Densité de population - Régions,I,A,Annuelle,CTRY,Pays,SWE,Suède,_Z,N'est pas applicable,POP,Population,_T,Total,_T,Total,PS,Personnes,1998,,8847625,,SWE,Suède,A,Valeur normale,0,Units,0,Zero
DATAFLOW,OECD.CFE.EDS:DSD_REG_DEMO@DF_DENSITY(2.0),Densité de population - Régions,I,A,Annuelle,CTRY,Pays,SWE,Suède,_Z,N'est pas applicable,POP,Population,_T,Total,_T,Total,PS,Personnes,1993,,8692013,,SWE,Suède,A,Valeur normale,0,Units,0,Zero
DATAFLOW,OECD.CFE.EDS:DSD_REG_DEMO@DF_DENSITY(2.0),Densité de population - Régions,I,A,Annuelle,CTRY,Pays,SWE,Suède,_Z,N'est pas applicable,POP,Population,_T,Total,_T,Total,PS,Personnes,1991,,8590630,,SWE,Suède,A,Valeur normale,0,Units,0,Zero
DATAFLOW,OECD.CFE.EDS:DSD_REG_DEMO@DF_DENSITY(2.0),Densité de population - Régions,I,A,Annuelle,CTRY,Pays,SWE,Suède,_Z,N'est pas applicable,POP,Population,_T,Total,_T,Total,PS,Personnes,2004,,8975670,,SWE,Suède,A,Valeur normale,0,Units,0,Zero
DATAFLOW,OECD.CFE.EDS:DSD_REG_DEMO@DF_DENSITY(2.0),Densité de population - Régions,I,A,Annuelle,CTRY,Pays,SWE,Suède,_Z,N'est pas applicable,POP,Population,_T,Total,_T,Total,PS,Personnes,2006,,9047752,,SWE,Suède,A,Valeur normale,0,Units,0,Zero
DATAFLOW,OECD.CFE.EDS:DSD_REG_DEMO@DF_DENSITY(2.0),Densité de population - Régions,I,A,Annuelle,CTRY,Pays,SWE,Suède,_Z,N'est pas applicable,POP,Population,_T,Total,_T,Total,PS,Personnes,2019,,10230185,,SWE,Suède,A,Valeur normale,0,Units,0,Zero
DATAFLOW,OECD.CFE.EDS:DSD_REG_DEMO@DF_DENSITY(2.0),Densité de population - Régions,I,A,Annuelle,CTRY,Pays,SWE,Suède,_Z,N'est pas applicable,POP,Population,_T,Total,_T,Total,PS,Personnes,2020,,10327589,,SWE,Suède,A,Valeur normale,0,Units,0,Zero
DATAFLOW,OECD.CFE.EDS:DSD_REG_DEMO@DF_DENSITY(2.0),Densité de population - Régions,I,A,Annuelle,CTRY,Pays,SWE,Suède,_Z,N'est pas applicable,POP,Population,_T,Total,_T,Total,PS,Personnes,1992,,8644120,,SWE,Suède,A,Valeur normale,0,Units,0,Zero
DATAFLOW,OECD.CFE.EDS:DSD_REG_DEMO@DF_DENSITY(2.0),Densité de population - Régions,I,A,Annuelle,CTRY,Pays,SWE,Suède,_Z,N'est pas applicable,POP,Population,_T,Total,_T,Total,PS,Personnes,2012,,9482855,,SWE,Suède,A,Valeur normale,0,Units,0,Zero
DATAFLOW,OECD.CFE.EDS:DSD_REG_DEMO@DF_DENSITY(2.0),Densité de population - Régions,I,A,Annuelle,CTRY,Pays,SWE,Suède,_Z,N'est pas applicable,POP,Population,_T,Total,_T,Total,PS,Personnes,2013,,9555893,,SWE,Suède,A,Valeur normale,0,Units,0,Zero
DATAFLOW,OECD.CFE.EDS:DSD_REG_DEMO@DF_DENSITY(2.0),Densité de population - Régions,I,A,Annuelle,CTRY,Pays,SWE,Suède,_Z,N'est pas applicable,POP,Population,_T,Total,_T,Total,PS,Personnes,2003,,8940788,,SWE,Suède,A,Valeur normale,0,Units,0,Zero
DATAFLOW,OECD.CFE.EDS:DSD_REG_DEMO@DF_DENSITY(2.0),Densité de population - Régions,I,A,Annuelle,CTRY,Pays,SWE,Suède,_Z,N'est pas applicable,POP,Population,_T,Total,_T,Total,PS,Personnes,2007,,9113257,,SWE,Suède,A,Valeur normale,0,Units,0,Zero
DATAFLOW,OECD.CFE.EDS:DSD_REG_DEMO@DF_DENSITY(2.0),Densité de population - Régions,I,A,Annuelle,CTRY,Pays,SWE,Suède,_Z,N'est pas applicable,POP,Population,_T,Total,_T,Total,PS,Personnes,2008,,9182927,,SWE,Suède,A,Valeur normale,0,Units,0,Zero
DATAFLOW,OECD.CFE.EDS:DSD_REG_DEMO@DF_DENSITY(2.0),Densité de population - Régions,I,A,Annuelle,CTRY,Pays,SWE,Suède,_Z,N'est pas applicable,POP,Population,_T,Total,_T,Total,PS,Personnes,1990,,8527039,,SWE,Suède,A,Valeur normale,0,Units,0,Zero
DATAFLOW,OECD.CFE.EDS:DSD_REG_DEMO@DF_DENSITY(2.0),Densité de population - Régions,I,A,Annuelle,CTRY,Pays,SWE,Suède,_Z,N'est pas applicable,POP,Population,_T,Total,_T,Total,PS,Personnes,2001,,8882792,,SWE,Suède,A,Valeur normale,0,Units,0,Zero
DATAFLOW,OECD.CFE.EDS:DSD_REG_DEMO@DF_DENSITY(2.0),Densité de population - Régions,I,A,Annuelle,CTRY,Pays,SWE,Suède,_Z,N'est pas applicable,POP,Population,_T,Total,_T,Total,PS,Personnes,2002,,8909128,,SWE,Suède,A,Valeur normale,0,Units,0,Zero
DATAFLOW,OECD.CFE.EDS:DSD_REG_DEMO@DF_DENSITY(2.0),Densité de population - Régions,I,A,Annuelle,CTRY,Pays,SWE,Suède,_Z,N'est pas applicable,POP,Population,_T,Total,_T,Total,PS,Personnes,1994,,8745109,,SWE,Suède,A,Valeur normale,0,Units,0,Zero
DATAFLOW,OECD.CFE.EDS:DSD_REG_DEMO@DF_DENSITY(2.0),Densité de population - Régions,I,A,Annuelle,CTRY,Pays,SWE,Suède,_Z,N'est pas applicable,POP,Population,_T,Total,_T,Total,PS_KM2,Personnes par kilomètre carré,2000,,21.76,,SWE,Suède,A,Valeur normale,0,Units,2,Two
DATAFLOW,OECD.CFE.EDS:DSD_REG_DEMO@DF_DENSITY(2.0),Densité de population - Régions,I,A,Annuelle,CTRY,Pays,SWE,Suède,_Z,N'est pas applicable,POP,Population,_T,Total,_T,Total,PS_KM2,Personnes par kilomètre carré,2001,,21.81,,SWE,Suède,A,Valeur normale,0,Units,2,Two
DATAFLOW,OECD.CFE.EDS:DSD_REG_DEMO@DF_DENSITY(2.0),Densité de population - Régions,I,A,Annuelle,CTRY,Pays,SWE,Suède,_Z,N'est pas applicable,POP,Population,_T,Total,_T,Total,PS_KM2,Personnes par kilomètre carré,2002,,21.87,,SWE,Suède,A,Valeur normale,0,Units,2,Two
DATAFLOW,OECD.CFE.EDS:DSD_REG_DEMO@DF_DENSITY(2.0),Densité de population - Régions,I,A,Annuelle,CTRY,Pays,SWE,Suède,_Z,N'est pas applicable,POP,Population,_T,Total,_T,Total,PS_KM2,Personnes par kilomètre carré,2004,,22.04,,SWE,Suède,A,Valeur normale,0,Units,2,Two
DATAFLOW,OECD.CFE.EDS:DSD_REG_DEMO@DF_DENSITY(2.0),Densité de population - Régions,I,A,Annuelle,CTRY,Pays,SWE,Suède,_Z,N'est pas applicable,POP,Population,_T,Total,_T,Total,PS_KM2,Personnes par kilomètre carré,2005,,22.12,,SWE,Suède,A,Valeur normale,0,Units,2,Two
DATAFLOW,OECD.CFE.EDS:DSD_REG_DEMO@DF_DENSITY(2.0),Densité de population - Régions,I,A,Annuelle,CTRY,Pays,SWE,Suède,_Z,N'est pas applicable,POP,Population,_T,Total,_T,Total,PS_KM2,Personnes par kilomètre carré,1996,,21.7,,SWE,Suède,A,Valeur normale,0,Units,2,Two
DATAFLOW,OECD.CFE.EDS:DSD_REG_DEMO@DF_DENSITY(2.0),Densité de population - Régions,I,A,Annuelle,CTRY,Pays,SWE,Suède,_Z,N'est pas applicable,POP,Population,_T,Total,_T,Total,PS_KM2,Personnes par kilomètre carré,1997,,21.71,,SWE,Suède,A,Valeur normale,0,Units,2,Two
DATAFLOW,OECD.CFE.EDS:DSD_REG_DEMO@DF_DENSITY(2.0),Densité de population - Régions,I,A,Annuelle,CTRY,Pays,SWE,Suède,_Z,N'est pas applicable,POP,Population,_T,Total,_T,Total,PS_KM2,Personnes par kilomètre carré,2009,,22.73,,SWE,Suède,A,Valeur normale,0,Units,2,Two
DATAFLOW,OECD.CFE.EDS:DSD_REG_DEMO@DF_DENSITY(2.0),Densité de population - Régions,I,A,Annuelle,CTRY,Pays,SWE,Suède,_Z,N'est pas applicable,POP,Population,_T,Total,_T,Total,PS_KM2,Personnes par kilomètre carré,1990,,20.94,,SWE,Suède,A,Valeur normale,0,Units,2,Two
DATAFLOW,OECD.CFE.EDS:DSD_REG_DEMO@DF_DENSITY(2.0),Densité de population - Régions,I,A,Annuelle,CTRY,Pays,SWE,Suède,_Z,N'est pas applicable,POP,Population,_T,Total,_T,Total,PS_KM2,Personnes par kilomètre carré,1991,,21.09,,SWE,Suède,A,Valeur normale,0,Units,2,Two
DATAFLOW,OECD.CFE.EDS:DSD_REG_DEMO@DF_DENSITY(2.0),Densité de population - Régions,I,A,Annuelle,CTRY,Pays,SWE,Suède,_Z,N'est pas applicable,POP,Population,_T,Total,_T,Total,PS_KM2,Personnes par kilomètre carré,2003,,21.95,,SWE,Suède,A,Valeur normale,0,Units,2,Two
DATAFLOW,OECD.CFE.EDS:DSD_REG_DEMO@DF_DENSITY(2.0),Densité de population - Régions,I,A,Annuelle,CTRY,Pays,SWE,Suède,_Z,N'est pas applicable,POP,Population,_T,Total,_T,Total,PS_KM2,Personnes par kilomètre carré,1994,,21.47,,SWE,Suède,A,Valeur normale,0,Units,2,Two
DATAFLOW,OECD.CFE.EDS:DSD_REG_DEMO@DF_DENSITY(2.0),Densité de population - Régions,I,A,Annuelle,CTRY,Pays,SWE,Suède,_Z,N'est pas applicable,POP,Population,_T,Total,_T,Total,PS_KM2,Personnes par kilomètre carré,1995,,21.65,,SWE,Suède,A,Valeur normale,0,Units,2,Two
DATAFLOW,OECD.CFE.EDS:DSD_REG_DEMO@DF_DENSITY(2.0),Densité de population - Régions,I,A,Annuelle,CTRY,Pays,SWE,Suède,_Z,N'est pas applicable,POP,Population,_T,Total,_T,Total,PS_KM2,Personnes par kilomètre carré,1998,,21.72,,SWE,Suède,A,Valeur normale,0,Units,2,Two
DATAFLOW,OECD.CFE.EDS:DSD_REG_DEMO@DF_DENSITY(2.0),Densité de population - Régions,I,A,Annuelle,CTRY,Pays,SWE,Suède,_Z,N'est pas applicable,POP,Population,_T,Total,_T,Total,PS_KM2,Personnes par kilomètre carré,1999,,21.74,,SWE,Suède,A,Valeur normale,0,Units,2,Two
DATAFLOW,OECD.CFE.EDS:DSD_REG_DEMO@DF_DENSITY(2.0),Densité de population - Régions,I,A,Annuelle,CTRY,Pays,SWE,Suède,_Z,N'est pas applicable,POP,Population,_T,Total,_T,Total,PS_KM2,Personnes par kilomètre carré,1992,,21.22,,SWE,Suède,A,Valeur normale,0,Units,2,Two
DATAFLOW,OECD.CFE.EDS:DSD_REG_DEMO@DF_DENSITY(2.0),Densité de population - Régions,I,A,Annuelle,CTRY,Pays,SWE,Suède,_Z,N'est pas applicable,POP,Population,_T,Total,_T,Total,PS_KM2,Personnes par kilomètre carré,1993,,21.34,,SWE,Suède,A,Valeur normale,0,Units,2,Two
DATAFLOW,OECD.CFE.EDS:DSD_REG_DEMO@DF_DENSITY(2.0),Densité de population - Régions,I,A,Annuelle,CTRY,Pays,SWE,Suède,_Z,N'est pas applicable,POP,Population,_T,Total,_T,Total,PS,Personnes,2018,,10120242,,SWE,Suède,A,Valeur normale,0,Units,0,Zero
DATAFLOW,OECD.CFE.EDS:DSD_REG_DEMO@DF_DENSITY(2.0),Densité de population - Régions,I,A,Annuelle,CTRY,Pays,SWE,Suède,_Z,N'est pas applicable,POP,Population,_T,Total,_T,Total,PS,Personnes,2023,,10521556,,SWE,Suède,A,Valeur normale,0,Units,0,Zero
DATAFLOW,OECD.CFE.EDS:DSD_REG_DEMO@DF_DENSITY(2.0),Densité de population - Régions,I,A,Annuelle,CTRY,Pays,SWE,Suède,_Z,N'est pas applicable,POP,Population,_T,Total,_T,Total,PS,Personnes,2015,,9747355,,SWE,Suède,A,Valeur normale,0,Units,0,Zero
DATAFLOW,OECD.CFE.EDS:DSD_REG_DEMO@DF_DENSITY(2.0),Densité de population - Régions,I,A,Annuelle,CTRY,Pays,SWE,Suède,_Z,N'est pas applicable,POP,Population,_T,Total,_T,Total,PS,Personnes,2016,,9851017,,SWE,Suède,A,Valeur normale,0,Units,0,Zero
DATAFLOW,OECD.CFE.EDS:DSD_REG_DEMO@DF_DENSITY(2.0),Densité de population - Régions,I,A,Annuelle,CTRY,Pays,SWE,Suède,_Z,N'est pas applicable,POP,Population,_T,Total,_T,Total,PS,Personnes,2017,,9995153,,SWE,Suède,A,Valeur normale,0,Units,0,Zero
DATAFLOW,OECD.CFE.EDS:DSD_REG_DEMO@DF_DENSITY(2.0),Densité de population - Régions,I,A,Annuelle,CTRY,Pays,SWE,Suède,_Z,N'est pas applicable,POP,Population,_T,Total,_T,Total,PS,Personnes,2005,,9011392,,SWE,Suède,A,Valeur normale,0,Units,0,Zero
DATAFLOW,OECD.CFE.EDS:DSD_REG_DEMO@DF_DENSITY(2.0),Densité de population - Régions,I,A,Annuelle,CTRY,Pays,SWE,Suède,_Z,N'est pas applicable,POP,Population,_T,Total,_T,Total,PS,Personnes,2021,,10379295,,SWE,Suède,A,Valeur normale,0,Units,0,Zero
DATAFLOW,OECD.CFE.EDS:DSD_REG_DEMO@DF_DENSITY(2.0),Densité de population - Régions,I,A,Annuelle,CTRY,Pays,SWE,Suède,_Z,N'est pas applicable,POP,Population,_T,Total,_T,Total,PS,Personnes,2022,,10452326,,SWE,Suède,A,Valeur normale,0,Units,0,Zero
DATAFLOW,OECD.CFE.EDS:DSD_REG_DEMO@DF_DENSITY(2.0),Densité de population - Régions,I,A,Annuelle,CTRY,Pays,SWE,Suède,_Z,N'est pas applicable,POP,Population,_T,Total,_T,Total,PS,Personnes,2009,,9256347,,SWE,Suède,A,Valeur normale,0,Units,0,Zero
DATAFLOW,OECD.CFE.EDS:DSD_REG_DEMO@DF_DENSITY(2.0),Densité de population - Régions,I,A,Annuelle,CTRY,Pays,SWE,Suède,_Z,N'est pas applicable,POP,Population,_T,Total,_T,Total,PS,Personnes,2010,,9340682,,SWE,Suède,A,Valeur normale,0,Units,0,Zero
DATAFLOW,OECD.CFE.EDS:DSD_REG_DEMO@DF_DENSITY(2.0),Densité de population - Régions,I,A,Annuelle,CTRY,Pays,SWE,Suède,_Z,N'est pas applicable,POP,Population,_T,Total,_T,Total,PS,Personnes,1999,,8854322,,SWE,Suède,A,Valeur normale,0,Units,0,Zero
DATAFLOW,OECD.CFE.EDS:DSD_REG_DEMO@DF_DENSITY(2.0),Densité de population - Régions,I,A,Annuelle,CTRY,Pays,SWE,Suède,_Z,N'est pas applicable,POP,Population,_T,Total,_T,Total,PS,Personnes,2000,,8861426,,SWE,Suède,A,Valeur normale,0,Units,0,Zero
DATAFLOW,OECD.CFE.EDS:DSD_REG_DEMO@DF_DENSITY(2.0),Densité de population - Régions,I,A,Annuelle,CTRY,Pays,SWE,Suède,_Z,N'est pas applicable,POP,Population,_T,Total,_T,Total,PS,Personnes,2011,,9415570,,SWE,Suède,A,Valeur normale,0,Units,0,Zero
DATAFLOW,OECD.CFE.EDS:DSD_REG_DEMO@DF_DENSITY(2.0),Densité de population - Régions,I,A,Annuelle,CTRY,Pays,SWE,Suède,_Z,N'est pas applicable,POP,Population,_T,Total,_T,Total,PS,Personnes,2014,,9644864,,SWE,Suède,A,Valeur normale,0,Units,0,Zero
DATAFLOW,OECD.CFE.EDS:DSD_REG_DEMO@DF_DENSITY(2.0),Densité de population - Régions,I,A,Annuelle,CTRY,Pays,SWE,Suède,_Z,N'est pas applicable,POP,Population,_T,Total,_T,Total,PS_KM2,Personnes par kilomètre carré,2020,,25.36,,SWE,Suède,A,Valeur normale,0,Units,2,Two
DATAFLOW,OECD.CFE.EDS:DSD_REG_DEMO@DF_DENSITY(2.0),Densité de population - Régions,I,A,Annuelle,CTRY,Pays,SWE,Suède,_Z,N'est pas applicable,POP,Population,_T,Total,_T,Total,PS_KM2,Personnes par kilomètre carré,2021,,25.48,,SWE,Suède,A,Valeur normale,0,Units,2,Two
DATAFLOW,OECD.CFE.EDS:DSD_REG_DEMO@DF_DENSITY(2.0),Densité de population - Régions,I,A,Annuelle,CTRY,Pays,SWE,Suède,_Z,N'est pas applicable,POP,Population,_T,Total,_T,Total,PS_KM2,Personnes par kilomètre carré,2018,,24.85,,SWE,Suède,A,Valeur normale,0,Units,2,Two
DATAFLOW,OECD.CFE.EDS:DSD_REG_DEMO@DF_DENSITY(2.0),Densité de population - Régions,I,A,Annuelle,CTRY,Pays,SWE,Suède,_Z,N'est pas applicable,POP,Population,_T,Total,_T,Total,PS_KM2,Personnes par kilomètre carré,2019,,25.12,,SWE,Suède,A,Valeur normale,0,Units,2,Two
DATAFLOW,OECD.CFE.EDS:DSD_REG_DEMO@DF_DENSITY(2.0),Densité de population - Régions,I,A,Annuelle,CTRY,Pays,SWE,Suède,_Z,N'est pas applicable,POP,Population,_T,Total,_T,Total,PS_KM2,Personnes par kilomètre carré,2008,,22.55,,SWE,Suède,A,Valeur normale,0,Units,2,Two
DATAFLOW,OECD.CFE.EDS:DSD_REG_DEMO@DF_DENSITY(2.0),Densité de population - Régions,I,A,Annuelle,CTRY,Pays,SWE,Suède,_Z,N'est pas applicable,POP,Population,_T,Total,_T,Total,PS_KM2,Personnes par kilomètre carré,2022,,25.66,,SWE,Suède,A,Valeur normale,0,Units,2,Two
DATAFLOW,OECD.CFE.EDS:DSD_REG_DEMO@DF_DENSITY(2.0),Densité de population - Régions,I,A,Annuelle,CTRY,Pays,SWE,Suède,_Z,N'est pas applicable,POP,Population,_T,Total,_T,Total,PS_KM2,Personnes par kilomètre carré,2023,,25.83,,SWE,Suède,A,Valeur normale,0,Units,2,Two
DATAFLOW,OECD.CFE.EDS:DSD_REG_DEMO@DF_DENSITY(2.0),Densité de population - Régions,I,A,Annuelle,CTRY,Pays,SWE,Suède,_Z,N'est pas applicable,POP,Population,_T,Total,_T,Total,PS_KM2,Personnes par kilomètre carré,2012,,23.28,,SWE,Suède,A,Valeur normale,0,Units,2,Two
DATAFLOW,OECD.CFE.EDS:DSD_REG_DEMO@DF_DENSITY(2.0),Densité de population - Régions,I,A,Annuelle,CTRY,Pays,SWE,Suède,_Z,N'est pas applicable,POP,Population,_T,Total,_T,Total,PS_KM2,Personnes par kilomètre carré,2013,,23.46,,SWE,Suède,A,Valeur normale,0,Units,2,Two
DATAFLOW,OECD.CFE.EDS:DSD_REG_DEMO@DF_DENSITY(2.0),Densité de population - Régions,I,A,Annuelle,CTRY,Pays,SWE,Suède,_Z,N'est pas applicable,POP,Population,_T,Total,_T,Total,PS_KM2,Personnes par kilomètre carré,2016,,24.19,,SWE,Suède,A,Valeur normale,0,Units,2,Two
DATAFLOW,OECD.CFE.EDS:DSD_REG_DEMO@DF_DENSITY(2.0),Densité de population - Régions,I,A,Annuelle,CTRY,Pays,SWE,Suède,_Z,N'est pas applicable,POP,Population,_T,Total,_T,Total,PS_KM2,Personnes par kilomètre carré,2017,,24.54,,SWE,Suède,A,Valeur normale,0,Units,2,Two
DATAFLOW,OECD.CFE.EDS:DSD_REG_DEMO@DF_DENSITY(2.0),Densité de population - Régions,I,A,Annuelle,CTRY,Pays,SWE,Suède,_Z,N'est pas applicable,POP,Population,_T,Total,_T,Total,PS_KM2,Personnes par kilomètre carré,2010,,22.93,,SWE,Suède,A,Valeur normale,0,Units,2,Two
DATAFLOW,OECD.CFE.EDS:DSD_REG_DEMO@DF_DENSITY(2.0),Densité de population - Régions,I,A,Annuelle,CTRY,Pays,SWE,Suède,_Z,N'est pas applicable,POP,Population,_T,Total,_T,Total,PS_KM2,Personnes par kilomètre carré,2011,,23.12,,SWE,Suède,A,Valeur normale,0,Units,2,Two
DATAFLOW,OECD.CFE.EDS:DSD_REG_DEMO@DF_DENSITY(2.0),Densité de population - Régions,I,A,Annuelle,CTRY,Pays,SWE,Suède,_Z,N'est pas applicable,POP,Population,_T,Total,_T,Total,PS_KM2,Personnes par kilomètre carré,2014,,23.68,,SWE,Suède,A,Valeur normale,0,Units,2,Two
DATAFLOW,OECD.CFE.EDS:DSD_REG_DEMO@DF_DENSITY(2.0),Densité de population - Régions,I,A,Annuelle,CTRY,Pays,CHE,Suisse,_Z,N'est pas applicable,POP,Population,_T,Total,_T,Total,PS_KM2,Personnes par kilomètre carré,2003,,183.49,,CHE,Suisse,A,Valeur normale,0,Units,2,Two
DATAFLOW,OECD.CFE.EDS:DSD_REG_DEMO@DF_DENSITY(2.0),Densité de population - Régions,I,A,Annuelle,CTRY,Pays,CHE,Suisse,_Z,N'est pas applicable,POP,Population,_T,Total,_T,Total,PS_KM2,Personnes par kilomètre carré,2005,,186.03,,CHE,Suisse,A,Valeur normale,0,Units,2,Two
DATAFLOW,OECD.CFE.EDS:DSD_REG_DEMO@DF_DENSITY(2.0),Densité de population - Régions,I,A,Annuelle,CTRY,Pays,CHE,Suisse,_Z,N'est pas applicable,POP,Population,_T,Total,_T,Total,PS,Personnes,2003,,7313853,,CHE,Suisse,A,Valeur normale,0,Units,0,Zero
DATAFLOW,OECD.CFE.EDS:DSD_REG_DEMO@DF_DENSITY(2.0),Densité de population - Régions,I,A,Annuelle,CTRY,Pays,CHE,Suisse,_Z,N'est pas applicable,POP,Population,_T,Total,_T,Total,PS,Personnes,1996,,7062354,,CHE,Suisse,A,Valeur normale,0,Units,0,Zero
DATAFLOW,OECD.CFE.EDS:DSD_REG_DEMO@DF_DENSITY(2.0),Densité de population - Régions,I,A,Annuelle,CTRY,Pays,CHE,Suisse,_Z,N'est pas applicable,POP,Population,_T,Total,_T,Total,PS,Personnes,1997,,7081346,,CHE,Suisse,A,Valeur normale,0,Units,0,Zero
DATAFLOW,OECD.CFE.EDS:DSD_REG_DEMO@DF_DENSITY(2.0),Densité de population - Régions,I,A,Annuelle,CTRY,Pays,CHE,Suisse,_Z,N'est pas applicable,POP,Population,_T,Total,_T,Total,PS,Personnes,1992,,6842768,,CHE,Suisse,A,Valeur normale,0,Units,0,Zero
DATAFLOW,OECD.CFE.EDS:DSD_REG_DEMO@DF_DENSITY(2.0),Densité de population - Régions,I,A,Annuelle,CTRY,Pays,CHE,Suisse,_Z,N'est pas applicable,POP,Population,_T,Total,_T,Total,PS,Personnes,1993,,6907959,,CHE,Suisse,A,Valeur normale,0,Units,0,Zero
DATAFLOW,OECD.CFE.EDS:DSD_REG_DEMO@DF_DENSITY(2.0),Densité de population - Régions,I,A,Annuelle,CTRY,Pays,CHE,Suisse,_Z,N'est pas applicable,POP,Population,_T,Total,_T,Total,PS,Personnes,1991,,6757188,,CHE,Suisse,A,Valeur normale,0,Units,0,Zero
DATAFLOW,OECD.CFE.EDS:DSD_REG_DEMO@DF_DENSITY(2.0),Densité de population - Régions,I,A,Annuelle,CTRY,Pays,CHE,Suisse,_Z,N'est pas applicable,POP,Population,_T,Total,_T,Total,PS,Personnes,1995,,7019019,,CHE,Suisse,A,Valeur normale,0,Units,0,Zero
DATAFLOW,OECD.CFE.EDS:DSD_REG_DEMO@DF_DENSITY(2.0),Densité de population - Régions,I,A,Annuelle,CTRY,Pays,CHE,Suisse,_Z,N'est pas applicable,POP,Population,_T,Total,_T,Total,PS,Personnes,2018,,8484130,,CHE,Suisse,A,Valeur normale,0,Units,0,Zero
DATAFLOW,OECD.CFE.EDS:DSD_REG_DEMO@DF_DENSITY(2.0),Densité de population - Régions,I,A,Annuelle,CTRY,Pays,CHE,Suisse,_Z,N'est pas applicable,POP,Population,_T,Total,_T,Total,PS,Personnes,2019,,8544527,,CHE,Suisse,A,Valeur normale,0,Units,0,Zero
DATAFLOW,OECD.CFE.EDS:DSD_REG_DEMO@DF_DENSITY(2.0),Densité de population - Régions,I,A,Annuelle,CTRY,Pays,CHE,Suisse,_Z,N'est pas applicable,POP,Population,_T,Total,_T,Total,PS,Personnes,2008,,7593494,,CHE,Suisse,A,Valeur normale,0,Units,0,Zero
DATAFLOW,OECD.CFE.EDS:DSD_REG_DEMO@DF_DENSITY(2.0),Densité de population - Régions,I,A,Annuelle,CTRY,Pays,CHE,Suisse,_Z,N'est pas applicable,POP,Population,_T,Total,_T,Total,PS,Personnes,1999,,7123537,,CHE,Suisse,A,Valeur normale,0,Units,0,Zero
DATAFLOW,OECD.CFE.EDS:DSD_REG_DEMO@DF_DENSITY(2.0),Densité de population - Régions,I,A,Annuelle,CTRY,Pays,CHE,Suisse,_Z,N'est pas applicable,POP,Population,_T,Total,_T,Total,PS,Personnes,2000,,7164444,,CHE,Suisse,A,Valeur normale,0,Units,0,Zero
DATAFLOW,OECD.CFE.EDS:DSD_REG_DEMO@DF_DENSITY(2.0),Densité de population - Régions,I,A,Annuelle,CTRY,Pays,CHE,Suisse,_Z,N'est pas applicable,POP,Population,_T,Total,_T,Total,PS,Personnes,2012,,7954662,,CHE,Suisse,A,Valeur normale,0,Units,0,Zero
DATAFLOW,OECD.CFE.EDS:DSD_REG_DEMO@DF_DENSITY(2.0),Densité de population - Régions,I,A,Annuelle,CTRY,Pays,CHE,Suisse,_Z,N'est pas applicable,POP,Population,_T,Total,_T,Total,PS,Personnes,2013,,8039060,,CHE,Suisse,A,Valeur normale,0,Units,0,Zero
DATAFLOW,OECD.CFE.EDS:DSD_REG_DEMO@DF_DENSITY(2.0),Densité de population - Régions,I,A,Annuelle,CTRY,Pays,CHE,Suisse,_Z,N'est pas applicable,POP,Population,_T,Total,_T,Total,PS,Personnes,1990,,6673850,,CHE,Suisse,A,Valeur normale,0,Units,0,Zero
DATAFLOW,OECD.CFE.EDS:DSD_REG_DEMO@DF_DENSITY(2.0),Densité de population - Régions,I,A,Annuelle,CTRY,Pays,CHE,Suisse,_Z,N'est pas applicable,POP,Population,_T,Total,_T,Total,PS,Personnes,2006,,7459128,,CHE,Suisse,A,Valeur normale,0,Units,0,Zero
DATAFLOW,OECD.CFE.EDS:DSD_REG_DEMO@DF_DENSITY(2.0),Densité de population - Régions,I,A,Annuelle,CTRY,Pays,CHE,Suisse,_Z,N'est pas applicable,POP,Population,_T,Total,_T,Total,PS,Personnes,2007,,7508739,,CHE,Suisse,A,Valeur normale,0,Units,0,Zero
DATAFLOW,OECD.CFE.EDS:DSD_REG_DEMO@DF_DENSITY(2.0),Densité de population - Régions,I,A,Annuelle,CTRY,Pays,CHE,Suisse,_Z,N'est pas applicable,POP,Population,_T,Total,_T,Total,PS,Personnes,1998,,7096465,,CHE,Suisse,A,Valeur normale,0,Units,0,Zero
DATAFLOW,OECD.CFE.EDS:DSD_REG_DEMO@DF_DENSITY(2.0),Densité de population - Régions,I,A,Annuelle,CTRY,Pays,CHE,Suisse,_Z,N'est pas applicable,POP,Population,_T,Total,_T,Total,PS,Personnes,2001,,7204055,,CHE,Suisse,A,Valeur normale,0,Units,0,Zero
DATAFLOW,OECD.CFE.EDS:DSD_REG_DEMO@DF_DENSITY(2.0),Densité de population - Régions,I,A,Annuelle,CTRY,Pays,CHE,Suisse,_Z,N'est pas applicable,POP,Population,_T,Total,_T,Total,PS,Personnes,2002,,7255653,,CHE,Suisse,A,Valeur normale,0,Units,0,Zero
DATAFLOW,OECD.CFE.EDS:DSD_REG_DEMO@DF_DENSITY(2.0),Densité de population - Régions,I,A,Annuelle,CTRY,Pays,CHE,Suisse,_Z,N'est pas applicable,POP,Population,_T,Total,_T,Total,PS_KM2,Personnes par kilomètre carré,2006,,187.13,,CHE,Suisse,A,Valeur normale,0,Units,2,Two
DATAFLOW,OECD.CFE.EDS:DSD_REG_DEMO@DF_DENSITY(2.0),Densité de population - Régions,I,A,Annuelle,CTRY,Pays,CHE,Suisse,_Z,N'est pas applicable,POP,Population,_T,Total,_T,Total,PS_KM2,Personnes par kilomètre carré,2007,,188.38,,CHE,Suisse,A,Valeur normale,0,Units,2,Two
DATAFLOW,OECD.CFE.EDS:DSD_REG_DEMO@DF_DENSITY(2.0),Densité de population - Régions,I,A,Annuelle,CTRY,Pays,CHE,Suisse,_Z,N'est pas applicable,POP,Population,_T,Total,_T,Total,PS_KM2,Personnes par kilomètre carré,2009,,193.22,,CHE,Suisse,A,Valeur normale,0,Units,2,Two
DATAFLOW,OECD.CFE.EDS:DSD_REG_DEMO@DF_DENSITY(2.0),Densité de population - Régions,I,A,Annuelle,CTRY,Pays,CHE,Suisse,_Z,N'est pas applicable,POP,Population,_T,Total,_T,Total,PS_KM2,Personnes par kilomètre carré,2001,,180.73,,CHE,Suisse,A,Valeur normale,0,Units,2,Two
DATAFLOW,OECD.CFE.EDS:DSD_REG_DEMO@DF_DENSITY(2.0),Densité de population - Régions,I,A,Annuelle,CTRY,Pays,CHE,Suisse,_Z,N'est pas applicable,POP,Population,_T,Total,_T,Total,PS_KM2,Personnes par kilomètre carré,2002,,182.03,,CHE,Suisse,A,Valeur normale,0,Units,2,Two
DATAFLOW,OECD.CFE.EDS:DSD_REG_DEMO@DF_DENSITY(2.0),Densité de population - Régions,I,A,Annuelle,CTRY,Pays,CHE,Suisse,_Z,N'est pas applicable,POP,Population,_T,Total,_T,Total,PS_KM2,Personnes par kilomètre carré,1996,,177.18,,CHE,Suisse,A,Valeur normale,0,Units,2,Two
DATAFLOW,OECD.CFE.EDS:DSD_REG_DEMO@DF_DENSITY(2.0),Densité de population - Régions,I,A,Annuelle,CTRY,Pays,CHE,Suisse,_Z,N'est pas applicable,POP,Population,_T,Total,_T,Total,PS_KM2,Personnes par kilomètre carré,1997,,177.66,,CHE,Suisse,A,Valeur normale,0,Units,2,Two
DATAFLOW,OECD.CFE.EDS:DSD_REG_DEMO@DF_DENSITY(2.0),Densité de population - Régions,I,A,Annuelle,CTRY,Pays,CHE,Suisse,_Z,N'est pas applicable,POP,Population,_T,Total,_T,Total,PS_KM2,Personnes par kilomètre carré,2000,,179.74,,CHE,Suisse,A,Valeur normale,0,Units,2,Two
DATAFLOW,OECD.CFE.EDS:DSD_REG_DEMO@DF_DENSITY(2.0),Densité de population - Régions,I,A,Annuelle,CTRY,Pays,CHE,Suisse,_Z,N'est pas applicable,POP,Population,_T,Total,_T,Total,PS_KM2,Personnes par kilomètre carré,1991,,169.52,,CHE,Suisse,A,Valeur normale,0,Units,2,Two
DATAFLOW,OECD.CFE.EDS:DSD_REG_DEMO@DF_DENSITY(2.0),Densité de population - Régions,I,A,Annuelle,CTRY,Pays,CHE,Suisse,_Z,N'est pas applicable,POP,Population,_T,Total,_T,Total,PS_KM2,Personnes par kilomètre carré,2004,,184.75,,CHE,Suisse,A,Valeur normale,0,Units,2,Two
DATAFLOW,OECD.CFE.EDS:DSD_REG_DEMO@DF_DENSITY(2.0),Densité de population - Régions,I,A,Annuelle,CTRY,Pays,CHE,Suisse,_Z,N'est pas applicable,POP,Population,_T,Total,_T,Total,PS_KM2,Personnes par kilomètre carré,1995,,176.09,,CHE,Suisse,A,Valeur normale,0,Units,2,Two
DATAFLOW,OECD.CFE.EDS:DSD_REG_DEMO@DF_DENSITY(2.0),Densité de population - Régions,I,A,Annuelle,CTRY,Pays,CHE,Suisse,_Z,N'est pas applicable,POP,Population,_T,Total,_T,Total,PS_KM2,Personnes par kilomètre carré,1993,,173.31,,CHE,Suisse,A,Valeur normale,0,Units,2,Two
DATAFLOW,OECD.CFE.EDS:DSD_REG_DEMO@DF_DENSITY(2.0),Densité de population - Régions,I,A,Annuelle,CTRY,Pays,CHE,Suisse,_Z,N'est pas applicable,POP,Population,_T,Total,_T,Total,PS_KM2,Personnes par kilomètre carré,1994,,174.83,,CHE,Suisse,A,Valeur normale,0,Units,2,Two
DATAFLOW,OECD.CFE.EDS:DSD_REG_DEMO@DF_DENSITY(2.0),Densité de population - Régions,I,A,Annuelle,CTRY,Pays,CHE,Suisse,_Z,N'est pas applicable,POP,Population,_T,Total,_T,Total,PS_KM2,Personnes par kilomètre carré,1999,,178.71,,CHE,Suisse,A,Valeur normale,0,Units,2,Two
DATAFLOW,OECD.CFE.EDS:DSD_REG_DEMO@DF_DENSITY(2.0),Densité de population - Régions,I,A,Annuelle,CTRY,Pays,CHE,Suisse,_Z,N'est pas applicable,POP,Population,_T,Total,_T,Total,PS_KM2,Personnes par kilomètre carré,1990,,167.43,,CHE,Suisse,A,Valeur normale,0,Units,2,Two
DATAFLOW,OECD.CFE.EDS:DSD_REG_DEMO@DF_DENSITY(2.0),Densité de population - Régions,I,A,Annuelle,CTRY,Pays,CHE,Suisse,_Z,N'est pas applicable,POP,Population,_T,Total,_T,Total,PS_KM2,Personnes par kilomètre carré,1998,,178.03,,CHE,Suisse,A,Valeur normale,0,Units,2,Two
DATAFLOW,OECD.CFE.EDS:DSD_REG_DEMO@DF_DENSITY(2.0),Densité de population - Régions,I,A,Annuelle,CTRY,Pays,CHE,Suisse,_Z,N'est pas applicable,POP,Population,_T,Total,_T,Total,PS_KM2,Personnes par kilomètre carré,1992,,171.67,,CHE,Suisse,A,Valeur normale,0,Units,2,Two
DATAFLOW,OECD.CFE.EDS:DSD_REG_DEMO@DF_DENSITY(2.0),Densité de population - Régions,I,A,Annuelle,CTRY,Pays,CHE,Suisse,_Z,N'est pas applicable,POP,Population,_T,Total,_T,Total,PS,Personnes,2011,,7870134,,CHE,Suisse,B,Rupture de série,0,Units,0,Zero
DATAFLOW,OECD.CFE.EDS:DSD_REG_DEMO@DF_DENSITY(2.0),Densité de population - Régions,I,A,Annuelle,CTRY,Pays,CHE,Suisse,_Z,N'est pas applicable,POP,Population,_T,Total,_T,Total,PS,Personnes,2023,,8815385,,CHE,Suisse,A,Valeur normale,0,Units,0,Zero
DATAFLOW,OECD.CFE.EDS:DSD_REG_DEMO@DF_DENSITY(2.0),Densité de population - Régions,I,A,Annuelle,CTRY,Pays,CHE,Suisse,_Z,N'est pas applicable,POP,Population,_T,Total,_T,Total,PS,Personnes,2010,,7785806,,CHE,Suisse,A,Valeur normale,0,Units,0,Zero
DATAFLOW,OECD.CFE.EDS:DSD_REG_DEMO@DF_DENSITY(2.0),Densité de population - Régions,I,A,Annuelle,CTRY,Pays,CHE,Suisse,_Z,N'est pas applicable,POP,Population,_T,Total,_T,Total,PS,Personnes,2016,,8327126,,CHE,Suisse,A,Valeur normale,0,Units,0,Zero
DATAFLOW,OECD.CFE.EDS:DSD_REG_DEMO@DF_DENSITY(2.0),Densité de population - Régions,I,A,Annuelle,CTRY,Pays,CHE,Suisse,_Z,N'est pas applicable,POP,Population,_T,Total,_T,Total,PS,Personnes,2017,,8419550,,CHE,Suisse,A,Valeur normale,0,Units,0,Zero
DATAFLOW,OECD.CFE.EDS:DSD_REG_DEMO@DF_DENSITY(2.0),Densité de population - Régions,I,A,Annuelle,CTRY,Pays,CHE,Suisse,_Z,N'est pas applicable,POP,Population,_T,Total,_T,Total,PS,Personnes,2004,,7364148,,CHE,Suisse,A,Valeur normale,0,Units,0,Zero
DATAFLOW,OECD.CFE.EDS:DSD_REG_DEMO@DF_DENSITY(2.0),Densité de population - Régions,I,A,Annuelle,CTRY,Pays,CHE,Suisse,_Z,N'est pas applicable,POP,Population,_T,Total,_T,Total,PS,Personnes,2005,,7415102,,CHE,Suisse,A,Valeur normale,0,Units,0,Zero
DATAFLOW,OECD.CFE.EDS:DSD_REG_DEMO@DF_DENSITY(2.0),Densité de population - Régions,I,A,Annuelle,CTRY,Pays,CHE,Suisse,_Z,N'est pas applicable,POP,Population,_T,Total,_T,Total,PS,Personnes,2021,,8670300,,CHE,Suisse,A,Valeur normale,0,Units,0,Zero
DATAFLOW,OECD.CFE.EDS:DSD_REG_DEMO@DF_DENSITY(2.0),Densité de population - Régions,I,A,Annuelle,CTRY,Pays,CHE,Suisse,_Z,N'est pas applicable,POP,Population,_T,Total,_T,Total,PS,Personnes,2022,,8738791,,CHE,Suisse,A,Valeur normale,0,Units,0,Zero
DATAFLOW,OECD.CFE.EDS:DSD_REG_DEMO@DF_DENSITY(2.0),Densité de population - Régions,I,A,Annuelle,CTRY,Pays,CHE,Suisse,_Z,N'est pas applicable,POP,Population,_T,Total,_T,Total,PS,Personnes,2020,,8606033,,CHE,Suisse,A,Valeur normale,0,Units,0,Zero
DATAFLOW,OECD.CFE.EDS:DSD_REG_DEMO@DF_DENSITY(2.0),Densité de population - Régions,I,A,Annuelle,CTRY,Pays,CHE,Suisse,_Z,N'est pas applicable,POP,Population,_T,Total,_T,Total,PS,Personnes,2009,,7701856,,CHE,Suisse,A,Valeur normale,0,Units,0,Zero
DATAFLOW,OECD.CFE.EDS:DSD_REG_DEMO@DF_DENSITY(2.0),Densité de population - Régions,I,A,Annuelle,CTRY,Pays,CHE,Suisse,_Z,N'est pas applicable,POP,Population,_T,Total,_T,Total,PS,Personnes,2014,,8139631,,CHE,Suisse,A,Valeur normale,0,Units,0,Zero
DATAFLOW,OECD.CFE.EDS:DSD_REG_DEMO@DF_DENSITY(2.0),Densité de population - Régions,I,A,Annuelle,CTRY,Pays,CHE,Suisse,_Z,N'est pas applicable,POP,Population,_T,Total,_T,Total,PS,Personnes,2015,,8237666,,CHE,Suisse,A,Valeur normale,0,Units,0,Zero
DATAFLOW,OECD.CFE.EDS:DSD_REG_DEMO@DF_DENSITY(2.0),Densité de population - Régions,I,A,Annuelle,CTRY,Pays,CHE,Suisse,_Z,N'est pas applicable,POP,Population,_T,Total,_T,Total,PS,Personnes,1994,,6968570,,CHE,Suisse,A,Valeur normale,0,Units,0,Zero
DATAFLOW,OECD.CFE.EDS:DSD_REG_DEMO@DF_DENSITY(2.0),Densité de population - Régions,I,A,Annuelle,CTRY,Pays,CHE,Suisse,_Z,N'est pas applicable,POP,Population,_T,Total,_T,Total,PS_KM2,Personnes par kilomètre carré,2014,,204.21,,CHE,Suisse,A,Valeur normale,0,Units,2,Two
DATAFLOW,OECD.CFE.EDS:DSD_REG_DEMO@DF_DENSITY(2.0),Densité de population - Régions,I,A,Annuelle,CTRY,Pays,CHE,Suisse,_Z,N'est pas applicable,POP,Population,_T,Total,_T,Total,PS_KM2,Personnes par kilomètre carré,2011,,197.44,,CHE,Suisse,B,Rupture de série,0,Units,2,Two
DATAFLOW,OECD.CFE.EDS:DSD_REG_DEMO@DF_DENSITY(2.0),Densité de population - Régions,I,A,Annuelle,CTRY,Pays,CHE,Suisse,_Z,N'est pas applicable,POP,Population,_T,Total,_T,Total,PS_KM2,Personnes par kilomètre carré,2019,,214.36,,CHE,Suisse,A,Valeur normale,0,Units,2,Two
DATAFLOW,OECD.CFE.EDS:DSD_REG_DEMO@DF_DENSITY(2.0),Densité de population - Régions,I,A,Annuelle,CTRY,Pays,CHE,Suisse,_Z,N'est pas applicable,POP,Population,_T,Total,_T,Total,PS_KM2,Personnes par kilomètre carré,2020,,215.91,,CHE,Suisse,A,Valeur normale,0,Units,2,Two
DATAFLOW,OECD.CFE.EDS:DSD_REG_DEMO@DF_DENSITY(2.0),Densité de population - Régions,I,A,Annuelle,CTRY,Pays,CHE,Suisse,_Z,N'est pas applicable,POP,Population,_T,Total,_T,Total,PS_KM2,Personnes par kilomètre carré,2021,,217.52,,CHE,Suisse,A,Valeur normale,0,Units,2,Two
DATAFLOW,OECD.CFE.EDS:DSD_REG_DEMO@DF_DENSITY(2.0),Densité de population - Régions,I,A,Annuelle,CTRY,Pays,CHE,Suisse,_Z,N'est pas applicable,POP,Population,_T,Total,_T,Total,PS_KM2,Personnes par kilomètre carré,2022,,219.24,,CHE,Suisse,A,Valeur normale,0,Units,2,Two
DATAFLOW,OECD.CFE.EDS:DSD_REG_DEMO@DF_DENSITY(2.0),Densité de population - Régions,I,A,Annuelle,CTRY,Pays,CHE,Suisse,_Z,N'est pas applicable,POP,Population,_T,Total,_T,Total,PS_KM2,Personnes par kilomètre carré,2023,,221.16,,CHE,Suisse,A,Valeur normale,0,Units,2,Two
DATAFLOW,OECD.CFE.EDS:DSD_REG_DEMO@DF_DENSITY(2.0),Densité de population - Régions,I,A,Annuelle,CTRY,Pays,CHE,Suisse,_Z,N'est pas applicable,POP,Population,_T,Total,_T,Total,PS_KM2,Personnes par kilomètre carré,2013,,201.68,,CHE,Suisse,A,Valeur normale,0,Units,2,Two
DATAFLOW,OECD.CFE.EDS:DSD_REG_DEMO@DF_DENSITY(2.0),Densité de population - Régions,I,A,Annuelle,CTRY,Pays,CHE,Suisse,_Z,N'est pas applicable,POP,Population,_T,Total,_T,Total,PS_KM2,Personnes par kilomètre carré,2015,,206.66,,CHE,Suisse,A,Valeur normale,0,Units,2,Two
DATAFLOW,OECD.CFE.EDS:DSD_REG_DEMO@DF_DENSITY(2.0),Densité de population - Régions,I,A,Annuelle,CTRY,Pays,CHE,Suisse,_Z,N'est pas applicable,POP,Population,_T,Total,_T,Total,PS_KM2,Personnes par kilomètre carré,2016,,208.91,,CHE,Suisse,A,Valeur normale,0,Units,2,Two
DATAFLOW,OECD.CFE.EDS:DSD_REG_DEMO@DF_DENSITY(2.0),Densité de population - Régions,I,A,Annuelle,CTRY,Pays,CHE,Suisse,_Z,N'est pas applicable,POP,Population,_T,Total,_T,Total,PS_KM2,Personnes par kilomètre carré,2017,,211.23,,CHE,Suisse,A,Valeur normale,0,Units,2,Two
DATAFLOW,OECD.CFE.EDS:DSD_REG_DEMO@DF_DENSITY(2.0),Densité de population - Régions,I,A,Annuelle,CTRY,Pays,CHE,Suisse,_Z,N'est pas applicable,POP,Population,_T,Total,_T,Total,PS_KM2,Personnes par kilomètre carré,2018,,212.85,,CHE,Suisse,A,Valeur normale,0,Units,2,Two
DATAFLOW,OECD.CFE.EDS:DSD_REG_DEMO@DF_DENSITY(2.0),Densité de population - Régions,I,A,Annuelle,CTRY,Pays,CHE,Suisse,_Z,N'est pas applicable,POP,Population,_T,Total,_T,Total,PS_KM2,Personnes par kilomètre carré,2008,,190.5,,CHE,Suisse,A,Valeur normale,0,Units,2,Two
DATAFLOW,OECD.CFE.EDS:DSD_REG_DEMO@DF_DENSITY(2.0),Densité de population - Régions,I,A,Annuelle,CTRY,Pays,CHE,Suisse,_Z,N'est pas applicable,POP,Population,_T,Total,_T,Total,PS_KM2,Personnes par kilomètre carré,2010,,195.33,,CHE,Suisse,A,Valeur normale,0,Units,2,Two
DATAFLOW,OECD.CFE.EDS:DSD_REG_DEMO@DF_DENSITY(2.0),Densité de population - Régions,I,A,Annuelle,CTRY,Pays,TUR,Türkiye,_Z,N'est pas applicable,POP,Population,_T,Total,_T,Total,PS_KM2,Personnes par kilomètre carré,2012,,97.49,,TUR,Türkiye,A,Valeur normale,0,Units,2,Two
DATAFLOW,OECD.CFE.EDS:DSD_REG_DEMO@DF_DENSITY(2.0),Densité de population - Régions,I,A,Annuelle,CTRY,Pays,TUR,Türkiye,_Z,N'est pas applicable,POP,Population,_T,Total,_T,Total,PS_KM2,Personnes par kilomètre carré,2005,,88.73,,TUR,Türkiye,A,Valeur normale,0,Units,2,Two
DATAFLOW,OECD.CFE.EDS:DSD_REG_DEMO@DF_DENSITY(2.0),Densité de population - Régions,I,A,Annuelle,CTRY,Pays,TUR,Türkiye,_Z,N'est pas applicable,POP,Population,_T,Total,_T,Total,PS,Personnes,1996,,62337617,,TUR,Türkiye,A,Valeur normale,0,Units,0,Zero
DATAFLOW,OECD.CFE.EDS:DSD_REG_DEMO@DF_DENSITY(2.0),Densité de population - Régions,I,A,Annuelle,CTRY,Pays,TUR,Türkiye,_Z,N'est pas applicable,POP,Population,_T,Total,_T,Total,PS,Personnes,1997,,63484661,,TUR,Türkiye,A,Valeur normale,0,Units,0,Zero
DATAFLOW,OECD.CFE.EDS:DSD_REG_DEMO@DF_DENSITY(2.0),Densité de population - Régions,I,A,Annuelle,CTRY,Pays,TUR,Türkiye,_Z,N'est pas applicable,POP,Population,_T,Total,_T,Total,PS,Personnes,1992,,57835076,,TUR,Türkiye,A,Valeur normale,0,Units,0,Zero
DATAFLOW,OECD.CFE.EDS:DSD_REG_DEMO@DF_DENSITY(2.0),Densité de population - Régions,I,A,Annuelle,CTRY,Pays,TUR,Türkiye,_Z,N'est pas applicable,POP,Population,_T,Total,_T,Total,PS,Personnes,1993,,58958565,,TUR,Türkiye,A,Valeur normale,0,Units,0,Zero
DATAFLOW,OECD.CFE.EDS:DSD_REG_DEMO@DF_DENSITY(2.0),Densité de population - Régions,I,A,Annuelle,CTRY,Pays,TUR,Türkiye,_Z,N'est pas applicable,POP,Population,_T,Total,_T,Total,PS,Personnes,1991,,56714051,,TUR,Türkiye,A,Valeur normale,0,Units,0,Zero
DATAFLOW,OECD.CFE.EDS:DSD_REG_DEMO@DF_DENSITY(2.0),Densité de population - Régions,I,A,Annuelle,CTRY,Pays,TUR,Türkiye,_Z,N'est pas applicable,POP,Population,_T,Total,_T,Total,PS,Personnes,1990,,55494711,,TUR,Türkiye,A,Valeur normale,0,Units,0,Zero
DATAFLOW,OECD.CFE.EDS:DSD_REG_DEMO@DF_DENSITY(2.0),Densité de population - Régions,I,A,Annuelle,CTRY,Pays,TUR,Türkiye,_Z,N'est pas applicable,POP,Population,_T,Total,_T,Total,PS,Personnes,2015,,77695904,,TUR,Türkiye,A,Valeur normale,0,Units,0,Zero
DATAFLOW,OECD.CFE.EDS:DSD_REG_DEMO@DF_DENSITY(2.0),Densité de population - Régions,I,A,Annuelle,CTRY,Pays,TUR,Türkiye,_Z,N'est pas applicable,POP,Population,_T,Total,_T,Total,PS,Personnes,1994,,60079060,,TUR,Türkiye,A,Valeur normale,0,Units,0,Zero
DATAFLOW,OECD.CFE.EDS:DSD_REG_DEMO@DF_DENSITY(2.0),Densité de population - Régions,I,A,Annuelle,CTRY,Pays,TUR,Türkiye,_Z,N'est pas applicable,POP,Population,_T,Total,_T,Total,PS,Personnes,1995,,61203584,,TUR,Türkiye,A,Valeur normale,0,Units,0,Zero
DATAFLOW,OECD.CFE.EDS:DSD_REG_DEMO@DF_DENSITY(2.0),Densité de population - Régions,I,A,Annuelle,CTRY,Pays,TUR,Türkiye,_Z,N'est pas applicable,POP,Population,_T,Total,_T,Total,PS,Personnes,2018,,80810525,,TUR,Türkiye,A,Valeur normale,0,Units,0,Zero
DATAFLOW,OECD.CFE.EDS:DSD_REG_DEMO@DF_DENSITY(2.0),Densité de population - Régions,I,A,Annuelle,CTRY,Pays,TUR,Türkiye,_Z,N'est pas applicable,POP,Population,_T,Total,_T,Total,PS,Personnes,2019,,82003882,,TUR,Türkiye,A,Valeur normale,0,Units,0,Zero
DATAFLOW,OECD.CFE.EDS:DSD_REG_DEMO@DF_DENSITY(2.0),Densité de population - Régions,I,A,Annuelle,CTRY,Pays,TUR,Türkiye,_Z,N'est pas applicable,POP,Population,_T,Total,_T,Total,PS,Personnes,2008,,70586256,,TUR,Türkiye,A,Valeur normale,0,Units,0,Zero
DATAFLOW,OECD.CFE.EDS:DSD_REG_DEMO@DF_DENSITY(2.0),Densité de population - Régions,I,A,Annuelle,CTRY,Pays,TUR,Türkiye,_Z,N'est pas applicable,POP,Population,_T,Total,_T,Total,PS,Personnes,1999,,65786563,,TUR,Türkiye,A,Valeur normale,0,Units,0,Zero
DATAFLOW,OECD.CFE.EDS:DSD_REG_DEMO@DF_DENSITY(2.0),Densité de population - Régions,I,A,Annuelle,CTRY,Pays,TUR,Türkiye,_Z,N'est pas applicable,POP,Population,_T,Total,_T,Total,PS,Personnes,2012,,74724269,,TUR,Türkiye,A,Valeur normale,0,Units,0,Zero
DATAFLOW,OECD.CFE.EDS:DSD_REG_DEMO@DF_DENSITY(2.0),Densité de population - Régions,I,A,Annuelle,CTRY,Pays,TUR,Türkiye,_Z,N'est pas applicable,POP,Population,_T,Total,_T,Total,PS,Personnes,2013,,75627384,,TUR,Türkiye,A,Valeur normale,0,Units,0,Zero
DATAFLOW,OECD.CFE.EDS:DSD_REG_DEMO@DF_DENSITY(2.0),Densité de population - Régions,I,A,Annuelle,CTRY,Pays,TUR,Türkiye,_Z,N'est pas applicable,POP,Population,_T,Total,_T,Total,PS,Personnes,2006,,68860539,,TUR,Türkiye,A,Valeur normale,0,Units,0,Zero
DATAFLOW,OECD.CFE.EDS:DSD_REG_DEMO@DF_DENSITY(2.0),Densité de population - Régions,I,A,Annuelle,CTRY,Pays,TUR,Türkiye,_Z,N'est pas applicable,POP,Population,_T,Total,_T,Total,PS,Personnes,2007,,69729967,,TUR,Türkiye,A,Valeur normale,0,Units,0,Zero
DATAFLOW,OECD.CFE.EDS:DSD_REG_DEMO@DF_DENSITY(2.0),Densité de population - Régions,I,A,Annuelle,CTRY,Pays,TUR,Türkiye,_Z,N'est pas applicable,POP,Population,_T,Total,_T,Total,PS,Personnes,1998,,64641675,,TUR,Türkiye,A,Valeur normale,0,Units,0,Zero
DATAFLOW,OECD.CFE.EDS:DSD_REG_DEMO@DF_DENSITY(2.0),Densité de population - Régions,I,A,Annuelle,CTRY,Pays,TUR,Türkiye,_Z,N'est pas applicable,POP,Population,_T,Total,_T,Total,PS,Personnes,2002,,65603160,,TUR,Türkiye,A,Valeur normale,0,Units,0,Zero
DATAFLOW,OECD.CFE.EDS:DSD_REG_DEMO@DF_DENSITY(2.0),Densité de population - Régions,I,A,Annuelle,CTRY,Pays,TUR,Türkiye,_Z,N'est pas applicable,POP,Population,_T,Total,_T,Total,PS,Personnes,2003,,66401851,,TUR,Türkiye,A,Valeur normale,0,Units,0,Zero
DATAFLOW,OECD.CFE.EDS:DSD_REG_DEMO@DF_DENSITY(2.0),Densité de population - Régions,I,A,Annuelle,CTRY,Pays,TUR,Türkiye,_Z,N'est pas applicable,POP,Population,_T,Total,_T,Total,PS_KM2,Personnes par kilomètre carré,2006,,89.84,,TUR,Türkiye,A,Valeur normale,0,Units,2,Two
DATAFLOW,OECD.CFE.EDS:DSD_REG_DEMO@DF_DENSITY(2.0),Densité de population - Régions,I,A,Annuelle,CTRY,Pays,TUR,Türkiye,_Z,N'est pas applicable,POP,Population,_T,Total,_T,Total,PS_KM2,Personnes par kilomètre carré,2009,,93.3,,TUR,Türkiye,A,Valeur normale,0,Units,2,Two
DATAFLOW,OECD.CFE.EDS:DSD_REG_DEMO@DF_DENSITY(2.0),Densité de population - Régions,I,A,Annuelle,CTRY,Pays,TUR,Türkiye,_Z,N'est pas applicable,POP,Population,_T,Total,_T,Total,PS_KM2,Personnes par kilomètre carré,2002,,85.59,,TUR,Türkiye,A,Valeur normale,0,Units,2,Two
DATAFLOW,OECD.CFE.EDS:DSD_REG_DEMO@DF_DENSITY(2.0),Densité de population - Régions,I,A,Annuelle,CTRY,Pays,TUR,Türkiye,_Z,N'est pas applicable,POP,Population,_T,Total,_T,Total,PS_KM2,Personnes par kilomètre carré,2003,,86.63,,TUR,Türkiye,A,Valeur normale,0,Units,2,Two
DATAFLOW,OECD.CFE.EDS:DSD_REG_DEMO@DF_DENSITY(2.0),Densité de population - Régions,I,A,Annuelle,CTRY,Pays,TUR,Türkiye,_Z,N'est pas applicable,POP,Population,_T,Total,_T,Total,PS_KM2,Personnes par kilomètre carré,1996,,81.33,,TUR,Türkiye,A,Valeur normale,0,Units,2,Two
DATAFLOW,OECD.CFE.EDS:DSD_REG_DEMO@DF_DENSITY(2.0),Densité de population - Régions,I,A,Annuelle,CTRY,Pays,TUR,Türkiye,_Z,N'est pas applicable,POP,Population,_T,Total,_T,Total,PS_KM2,Personnes par kilomètre carré,2007,,90.97,,TUR,Türkiye,A,Valeur normale,0,Units,2,Two
DATAFLOW,OECD.CFE.EDS:DSD_REG_DEMO@DF_DENSITY(2.0),Densité de population - Régions,I,A,Annuelle,CTRY,Pays,TUR,Türkiye,_Z,N'est pas applicable,POP,Population,_T,Total,_T,Total,PS_KM2,Personnes par kilomètre carré,2000,,87.27,,TUR,Türkiye,A,Valeur normale,0,Units,2,Two
DATAFLOW,OECD.CFE.EDS:DSD_REG_DEMO@DF_DENSITY(2.0),Densité de population - Régions,I,A,Annuelle,CTRY,Pays,TUR,Türkiye,_Z,N'est pas applicable,POP,Population,_T,Total,_T,Total,PS_KM2,Personnes par kilomètre carré,1991,,73.99,,TUR,Türkiye,A,Valeur normale,0,Units,2,Two
DATAFLOW,OECD.CFE.EDS:DSD_REG_DEMO@DF_DENSITY(2.0),Densité de population - Régions,I,A,Annuelle,CTRY,Pays,TUR,Türkiye,_Z,N'est pas applicable,POP,Population,_T,Total,_T,Total,PS_KM2,Personnes par kilomètre carré,2004,,87.65,,TUR,Türkiye,A,Valeur normale,0,Units,2,Two
DATAFLOW,OECD.CFE.EDS:DSD_REG_DEMO@DF_DENSITY(2.0),Densité de population - Régions,I,A,Annuelle,CTRY,Pays,TUR,Türkiye,_Z,N'est pas applicable,POP,Population,_T,Total,_T,Total,PS_KM2,Personnes par kilomètre carré,1995,,79.85,,TUR,Türkiye,A,Valeur normale,0,Units,2,Two
DATAFLOW,OECD.CFE.EDS:DSD_REG_DEMO@DF_DENSITY(2.0),Densité de population - Régions,I,A,Annuelle,CTRY,Pays,TUR,Türkiye,_Z,N'est pas applicable,POP,Population,_T,Total,_T,Total,PS_KM2,Personnes par kilomètre carré,1993,,76.92,,TUR,Türkiye,A,Valeur normale,0,Units,2,Two
DATAFLOW,OECD.CFE.EDS:DSD_REG_DEMO@DF_DENSITY(2.0),Densité de population - Régions,I,A,Annuelle,CTRY,Pays,TUR,Türkiye,_Z,N'est pas applicable,POP,Population,_T,Total,_T,Total,PS_KM2,Personnes par kilomètre carré,1994,,78.38,,TUR,Türkiye,A,Valeur normale,0,Units,2,Two
DATAFLOW,OECD.CFE.EDS:DSD_REG_DEMO@DF_DENSITY(2.0),Densité de population - Régions,I,A,Annuelle,CTRY,Pays,TUR,Türkiye,_Z,N'est pas applicable,POP,Population,_T,Total,_T,Total,PS_KM2,Personnes par kilomètre carré,1999,,85.83,,TUR,Türkiye,A,Valeur normale,0,Units,2,Two
DATAFLOW,OECD.CFE.EDS:DSD_REG_DEMO@DF_DENSITY(2.0),Densité de population - Régions,I,A,Annuelle,CTRY,Pays,TUR,Türkiye,_Z,N'est pas applicable,POP,Population,_T,Total,_T,Total,PS_KM2,Personnes par kilomètre carré,1990,,72.4,,TUR,Türkiye,A,Valeur normale,0,Units,2,Two
DATAFLOW,OECD.CFE.EDS:DSD_REG_DEMO@DF_DENSITY(2.0),Densité de population - Régions,I,A,Annuelle,CTRY,Pays,TUR,Türkiye,_Z,N'est pas applicable,POP,Population,_T,Total,_T,Total,PS_KM2,Personnes par kilomètre carré,1997,,82.82,,TUR,Türkiye,A,Valeur normale,0,Units,2,Two
DATAFLOW,OECD.CFE.EDS:DSD_REG_DEMO@DF_DENSITY(2.0),Densité de population - Régions,I,A,Annuelle,CTRY,Pays,TUR,Türkiye,_Z,N'est pas applicable,POP,Population,_T,Total,_T,Total,PS_KM2,Personnes par kilomètre carré,1998,,84.33,,TUR,Türkiye,A,Valeur normale,0,Units,2,Two
DATAFLOW,OECD.CFE.EDS:DSD_REG_DEMO@DF_DENSITY(2.0),Densité de population - Régions,I,A,Annuelle,CTRY,Pays,TUR,Türkiye,_Z,N'est pas applicable,POP,Population,_T,Total,_T,Total,PS_KM2,Personnes par kilomètre carré,1992,,75.45,,TUR,Türkiye,A,Valeur normale,0,Units,2,Two
DATAFLOW,OECD.CFE.EDS:DSD_REG_DEMO@DF_DENSITY(2.0),Densité de population - Régions,I,A,Annuelle,CTRY,Pays,TUR,Türkiye,_Z,N'est pas applicable,POP,Population,_T,Total,_T,Total,PS,Personnes,2001,,64729501,,TUR,Türkiye,B,Rupture de série,0,Units,0,Zero
DATAFLOW,OECD.CFE.EDS:DSD_REG_DEMO@DF_DENSITY(2.0),Densité de population - Régions,I,A,Annuelle,CTRY,Pays,TUR,Türkiye,_Z,N'est pas applicable,POP,Population,_T,Total,_T,Total,PS,Personnes,2023,,85279553,,TUR,Türkiye,A,Valeur normale,0,Units,0,Zero
DATAFLOW,OECD.CFE.EDS:DSD_REG_DEMO@DF_DENSITY(2.0),Densité de population - Régions,I,A,Annuelle,CTRY,Pays,TUR,Türkiye,_Z,N'est pas applicable,POP,Population,_T,Total,_T,Total,PS,Personnes,2010,,72561312,,TUR,Türkiye,A,Valeur normale,0,Units,0,Zero
DATAFLOW,OECD.CFE.EDS:DSD_REG_DEMO@DF_DENSITY(2.0),Densité de population - Régions,I,A,Annuelle,CTRY,Pays,TUR,Türkiye,_Z,N'est pas applicable,POP,Population,_T,Total,_T,Total,PS,Personnes,2011,,73722988,,TUR,Türkiye,A,Valeur normale,0,Units,0,Zero
DATAFLOW,OECD.CFE.EDS:DSD_REG_DEMO@DF_DENSITY(2.0),Densité de population - Régions,I,A,Annuelle,CTRY,Pays,TUR,Türkiye,_Z,N'est pas applicable,POP,Population,_T,Total,_T,Total,PS,Personnes,2016,,78741053,,TUR,Türkiye,A,Valeur normale,0,Units,0,Zero
DATAFLOW,OECD.CFE.EDS:DSD_REG_DEMO@DF_DENSITY(2.0),Densité de population - Régions,I,A,Annuelle,CTRY,Pays,TUR,Türkiye,_Z,N'est pas applicable,POP,Population,_T,Total,_T,Total,PS,Personnes,2017,,79814871,,TUR,Türkiye,A,Valeur normale,0,Units,0,Zero
DATAFLOW,OECD.CFE.EDS:DSD_REG_DEMO@DF_DENSITY(2.0),Densité de population - Régions,I,A,Annuelle,CTRY,Pays,TUR,Türkiye,_Z,N'est pas applicable,POP,Population,_T,Total,_T,Total,PS,Personnes,2004,,67187251,,TUR,Türkiye,A,Valeur normale,0,Units,0,Zero
DATAFLOW,OECD.CFE.EDS:DSD_REG_DEMO@DF_DENSITY(2.0),Densité de population - Régions,I,A,Annuelle,CTRY,Pays,TUR,Türkiye,_Z,N'est pas applicable,POP,Population,_T,Total,_T,Total,PS,Personnes,2005,,68010221,,TUR,Türkiye,A,Valeur normale,0,Units,0,Zero
DATAFLOW,OECD.CFE.EDS:DSD_REG_DEMO@DF_DENSITY(2.0),Densité de population - Régions,I,A,Annuelle,CTRY,Pays,TUR,Türkiye,_Z,N'est pas applicable,POP,Population,_T,Total,_T,Total,PS,Personnes,2021,,83614362,,TUR,Türkiye,A,Valeur normale,0,Units,0,Zero
DATAFLOW,OECD.CFE.EDS:DSD_REG_DEMO@DF_DENSITY(2.0),Densité de population - Régions,I,A,Annuelle,CTRY,Pays,TUR,Türkiye,_Z,N'est pas applicable,POP,Population,_T,Total,_T,Total,PS,Personnes,2022,,84680273,,TUR,Türkiye,A,Valeur normale,0,Units,0,Zero
DATAFLOW,OECD.CFE.EDS:DSD_REG_DEMO@DF_DENSITY(2.0),Densité de population - Régions,I,A,Annuelle,CTRY,Pays,TUR,Türkiye,_Z,N'est pas applicable,POP,Population,_T,Total,_T,Total,PS,Personnes,2020,,83154997,,TUR,Türkiye,A,Valeur normale,0,Units,0,Zero
DATAFLOW,OECD.CFE.EDS:DSD_REG_DEMO@DF_DENSITY(2.0),Densité de population - Régions,I,A,Annuelle,CTRY,Pays,TUR,Türkiye,_Z,N'est pas applicable,POP,Population,_T,Total,_T,Total,PS,Personnes,2009,,71517100,,TUR,Türkiye,A,Valeur normale,0,Units,0,Zero
DATAFLOW,OECD.CFE.EDS:DSD_REG_DEMO@DF_DENSITY(2.0),Densité de population - Régions,I,A,Annuelle,CTRY,Pays,TUR,Türkiye,_Z,N'est pas applicable,POP,Population,_T,Total,_T,Total,PS,Personnes,2000,,66889425,,TUR,Türkiye,A,Valeur normale,0,Units,0,Zero
DATAFLOW,OECD.CFE.EDS:DSD_REG_DEMO@DF_DENSITY(2.0),Densité de population - Régions,I,A,Annuelle,CTRY,Pays,TUR,Türkiye,_Z,N'est pas applicable,POP,Population,_T,Total,_T,Total,PS,Personnes,2014,,76667864,,TUR,Türkiye,A,Valeur normale,0,Units,0,Zero
DATAFLOW,OECD.CFE.EDS:DSD_REG_DEMO@DF_DENSITY(2.0),Densité de population - Régions,I,A,Annuelle,CTRY,Pays,TUR,Türkiye,_Z,N'est pas applicable,POP,Population,_T,Total,_T,Total,PS_KM2,Personnes par kilomètre carré,2001,,84.45,,TUR,Türkiye,B,Rupture de série,0,Units,2,Two
DATAFLOW,OECD.CFE.EDS:DSD_REG_DEMO@DF_DENSITY(2.0),Densité de population - Régions,I,A,Annuelle,CTRY,Pays,TUR,Türkiye,_Z,N'est pas applicable,POP,Population,_T,Total,_T,Total,PS_KM2,Personnes par kilomètre carré,2014,,100.02,,TUR,Türkiye,A,Valeur normale,0,Units,2,Two
DATAFLOW,OECD.CFE.EDS:DSD_REG_DEMO@DF_DENSITY(2.0),Densité de population - Régions,I,A,Annuelle,CTRY,Pays,TUR,Türkiye,_Z,N'est pas applicable,POP,Population,_T,Total,_T,Total,PS_KM2,Personnes par kilomètre carré,2019,,106.98,,TUR,Türkiye,A,Valeur normale,0,Units,2,Two
DATAFLOW,OECD.CFE.EDS:DSD_REG_DEMO@DF_DENSITY(2.0),Densité de population - Régions,I,A,Annuelle,CTRY,Pays,TUR,Türkiye,_Z,N'est pas applicable,POP,Population,_T,Total,_T,Total,PS_KM2,Personnes par kilomètre carré,2020,,108.49,,TUR,Türkiye,A,Valeur normale,0,Units,2,Two
DATAFLOW,OECD.CFE.EDS:DSD_REG_DEMO@DF_DENSITY(2.0),Densité de population - Régions,I,A,Annuelle,CTRY,Pays,TUR,Türkiye,_Z,N'est pas applicable,POP,Population,_T,Total,_T,Total,PS_KM2,Personnes par kilomètre carré,2021,,109.08,,TUR,Türkiye,A,Valeur normale,0,Units,2,Two
DATAFLOW,OECD.CFE.EDS:DSD_REG_DEMO@DF_DENSITY(2.0),Densité de population - Régions,I,A,Annuelle,CTRY,Pays,TUR,Türkiye,_Z,N'est pas applicable,POP,Population,_T,Total,_T,Total,PS_KM2,Personnes par kilomètre carré,2022,,110.48,,TUR,Türkiye,A,Valeur normale,0,Units,2,Two
DATAFLOW,OECD.CFE.EDS:DSD_REG_DEMO@DF_DENSITY(2.0),Densité de population - Régions,I,A,Annuelle,CTRY,Pays,TUR,Türkiye,_Z,N'est pas applicable,POP,Population,_T,Total,_T,Total,PS_KM2,Personnes par kilomètre carré,2023,,111.26,,TUR,Türkiye,A,Valeur normale,0,Units,2,Two
DATAFLOW,OECD.CFE.EDS:DSD_REG_DEMO@DF_DENSITY(2.0),Densité de population - Régions,I,A,Annuelle,CTRY,Pays,TUR,Türkiye,_Z,N'est pas applicable,POP,Population,_T,Total,_T,Total,PS_KM2,Personnes par kilomètre carré,2013,,98.66,,TUR,Türkiye,A,Valeur normale,0,Units,2,Two
DATAFLOW,OECD.CFE.EDS:DSD_REG_DEMO@DF_DENSITY(2.0),Densité de population - Régions,I,A,Annuelle,CTRY,Pays,TUR,Türkiye,_Z,N'est pas applicable,POP,Population,_T,Total,_T,Total,PS_KM2,Personnes par kilomètre carré,2015,,101.36,,TUR,Türkiye,A,Valeur normale,0,Units,2,Two
DATAFLOW,OECD.CFE.EDS:DSD_REG_DEMO@DF_DENSITY(2.0),Densité de population - Régions,I,A,Annuelle,CTRY,Pays,TUR,Türkiye,_Z,N'est pas applicable,POP,Population,_T,Total,_T,Total,PS_KM2,Personnes par kilomètre carré,2016,,102.73,,TUR,Türkiye,A,Valeur normale,0,Units,2,Two
DATAFLOW,OECD.CFE.EDS:DSD_REG_DEMO@DF_DENSITY(2.0),Densité de population - Régions,I,A,Annuelle,CTRY,Pays,TUR,Türkiye,_Z,N'est pas applicable,POP,Population,_T,Total,_T,Total,PS_KM2,Personnes par kilomètre carré,2017,,104.13,,TUR,Türkiye,A,Valeur normale,0,Units,2,Two
DATAFLOW,OECD.CFE.EDS:DSD_REG_DEMO@DF_DENSITY(2.0),Densité de population - Régions,I,A,Annuelle,CTRY,Pays,TUR,Türkiye,_Z,N'est pas applicable,POP,Population,_T,Total,_T,Total,PS_KM2,Personnes par kilomètre carré,2018,,105.43,,TUR,Türkiye,A,Valeur normale,0,Units,2,Two
DATAFLOW,OECD.CFE.EDS:DSD_REG_DEMO@DF_DENSITY(2.0),Densité de population - Régions,I,A,Annuelle,CTRY,Pays,TUR,Türkiye,_Z,N'est pas applicable,POP,Population,_T,Total,_T,Total,PS_KM2,Personnes par kilomètre carré,2008,,92.09,,TUR,Türkiye,A,Valeur normale,0,Units,2,Two
DATAFLOW,OECD.CFE.EDS:DSD_REG_DEMO@DF_DENSITY(2.0),Densité de population - Régions,I,A,Annuelle,CTRY,Pays,TUR,Türkiye,_Z,N'est pas applicable,POP,Population,_T,Total,_T,Total,PS_KM2,Personnes par kilomètre carré,2010,,94.66,,TUR,Türkiye,A,Valeur normale,0,Units,2,Two
DATAFLOW,OECD.CFE.EDS:DSD_REG_DEMO@DF_DENSITY(2.0),Densité de population - Régions,I,A,Annuelle,CTRY,Pays,GBR,Royaume-Uni,_Z,N'est pas applicable,POP,Population,_T,Total,_T,Total,PS_KM2,Personnes par kilomètre carré,2010,,258.53,,GBR,Royaume-Uni,A,Valeur normale,0,Units,2,Two
DATAFLOW,OECD.CFE.EDS:DSD_REG_DEMO@DF_DENSITY(2.0),Densité de population - Régions,I,A,Annuelle,CTRY,Pays,GBR,Royaume-Uni,_Z,N'est pas applicable,POP,Population,_T,Total,_T,Total,PS_KM2,Personnes par kilomètre carré,2011,,260.7,,GBR,Royaume-Uni,A,Valeur normale,0,Units,2,Two
DATAFLOW,OECD.CFE.EDS:DSD_REG_DEMO@DF_DENSITY(2.0),Densité de population - Régions,I,A,Annuelle,CTRY,Pays,GBR,Royaume-Uni,_Z,N'est pas applicable,POP,Population,_T,Total,_T,Total,PS,Personnes,1996,,58164400,,GBR,Royaume-Uni,A,Valeur normale,0,Units,0,Zero
DATAFLOW,OECD.CFE.EDS:DSD_REG_DEMO@DF_DENSITY(2.0),Densité de population - Régions,I,A,Annuelle,CTRY,Pays,GBR,Royaume-Uni,_Z,N'est pas applicable,POP,Population,_T,Total,_T,Total,PS,Personnes,1997,,58314600,,GBR,Royaume-Uni,A,Valeur normale,0,Units,0,Zero
DATAFLOW,OECD.CFE.EDS:DSD_REG_DEMO@DF_DENSITY(2.0),Densité de population - Régions,I,A,Annuelle,CTRY,Pays,GBR,Royaume-Uni,_Z,N'est pas applicable,POP,Population,_T,Total,_T,Total,PS,Personnes,1993,,57714000,,GBR,Royaume-Uni,A,Valeur normale,0,Units,0,Zero
DATAFLOW,OECD.CFE.EDS:DSD_REG_DEMO@DF_DENSITY(2.0),Densité de population - Régions,I,A,Annuelle,CTRY,Pays,GBR,Royaume-Uni,_Z,N'est pas applicable,POP,Population,_T,Total,_T,Total,PS,Personnes,1991,,57338199,,GBR,Royaume-Uni,A,Valeur normale,0,Units,0,Zero
DATAFLOW,OECD.CFE.EDS:DSD_REG_DEMO@DF_DENSITY(2.0),Densité de population - Régions,I,A,Annuelle,CTRY,Pays,GBR,Royaume-Uni,_Z,N'est pas applicable,POP,Population,_T,Total,_T,Total,PS,Personnes,1990,,57156972,,GBR,Royaume-Uni,A,Valeur normale,0,Units,0,Zero
DATAFLOW,OECD.CFE.EDS:DSD_REG_DEMO@DF_DENSITY(2.0),Densité de population - Régions,I,A,Annuelle,CTRY,Pays,GBR,Royaume-Uni,_Z,N'est pas applicable,POP,Population,_T,Total,_T,Total,PS,Personnes,2022,,67603461,,GBR,Royaume-Uni,A,Valeur normale,0,Units,0,Zero
DATAFLOW,OECD.CFE.EDS:DSD_REG_DEMO@DF_DENSITY(2.0),Densité de population - Régions,I,A,Annuelle,CTRY,Pays,GBR,Royaume-Uni,_Z,N'est pas applicable,POP,Population,_T,Total,_T,Total,PS,Personnes,2005,,60413276,,GBR,Royaume-Uni,A,Valeur normale,0,Units,0,Zero
DATAFLOW,OECD.CFE.EDS:DSD_REG_DEMO@DF_DENSITY(2.0),Densité de population - Régions,I,A,Annuelle,CTRY,Pays,GBR,Royaume-Uni,_Z,N'est pas applicable,POP,Population,_T,Total,_T,Total,PS,Personnes,2006,,60826967,,GBR,Royaume-Uni,A,Valeur normale,0,Units,0,Zero
DATAFLOW,OECD.CFE.EDS:DSD_REG_DEMO@DF_DENSITY(2.0),Densité de population - Régions,I,A,Annuelle,CTRY,Pays,GBR,Royaume-Uni,_Z,N'est pas applicable,POP,Population,_T,Total,_T,Total,PS,Personnes,2007,,61319075,,GBR,Royaume-Uni,A,Valeur normale,0,Units,0,Zero
DATAFLOW,OECD.CFE.EDS:DSD_REG_DEMO@DF_DENSITY(2.0),Densité de population - Régions,I,A,Annuelle,CTRY,Pays,GBR,Royaume-Uni,_Z,N'est pas applicable,POP,Population,_T,Total,_T,Total,PS,Personnes,2008,,61823772,,GBR,Royaume-Uni,A,Valeur normale,0,Units,0,Zero
DATAFLOW,OECD.CFE.EDS:DSD_REG_DEMO@DF_DENSITY(2.0),Densité de population - Régions,I,A,Annuelle,CTRY,Pays,GBR,Royaume-Uni,_Z,N'est pas applicable,POP,Population,_T,Total,_T,Total,PS,Personnes,2009,,62260486,,GBR,Royaume-Uni,A,Valeur normale,0,Units,0,Zero
DATAFLOW,OECD.CFE.EDS:DSD_REG_DEMO@DF_DENSITY(2.0),Densité de population - Régions,I,A,Annuelle,CTRY,Pays,GBR,Royaume-Uni,_Z,N'est pas applicable,POP,Population,_T,Total,_T,Total,PS,Personnes,2010,,62759456,,GBR,Royaume-Uni,A,Valeur normale,0,Units,0,Zero
DATAFLOW,OECD.CFE.EDS:DSD_REG_DEMO@DF_DENSITY(2.0),Densité de population - Régions,I,A,Annuelle,CTRY,Pays,GBR,Royaume-Uni,_Z,N'est pas applicable,POP,Population,_T,Total,_T,Total,PS,Personnes,2011,,63285145,,GBR,Royaume-Uni,A,Valeur normale,0,Units,0,Zero
DATAFLOW,OECD.CFE.EDS:DSD_REG_DEMO@DF_DENSITY(2.0),Densité de population - Régions,I,A,Annuelle,CTRY,Pays,GBR,Royaume-Uni,_Z,N'est pas applicable,POP,Population,_T,Total,_T,Total,PS,Personnes,2012,,63710843,,GBR,Royaume-Uni,A,Valeur normale,0,Units,0,Zero
DATAFLOW,OECD.CFE.EDS:DSD_REG_DEMO@DF_DENSITY(2.0),Densité de population - Régions,I,A,Annuelle,CTRY,Pays,GBR,Royaume-Uni,_Z,N'est pas applicable,POP,Population,_T,Total,_T,Total,PS,Personnes,2013,,64138721,,GBR,Royaume-Uni,A,Valeur normale,0,Units,0,Zero
DATAFLOW,OECD.CFE.EDS:DSD_REG_DEMO@DF_DENSITY(2.0),Densité de population - Régions,I,A,Annuelle,CTRY,Pays,GBR,Royaume-Uni,_Z,N'est pas applicable,POP,Population,_T,Total,_T,Total,PS,Personnes,2014,,64619493,,GBR,Royaume-Uni,A,Valeur normale,0,Units,0,Zero
DATAFLOW,OECD.CFE.EDS:DSD_REG_DEMO@DF_DENSITY(2.0),Densité de population - Régions,I,A,Annuelle,CTRY,Pays,GBR,Royaume-Uni,_Z,N'est pas applicable,POP,Population,_T,Total,_T,Total,PS,Personnes,2015,,65088058,,GBR,Royaume-Uni,A,Valeur normale,0,Units,0,Zero
DATAFLOW,OECD.CFE.EDS:DSD_REG_DEMO@DF_DENSITY(2.0),Densité de population - Régions,I,A,Annuelle,CTRY,Pays,GBR,Royaume-Uni,_Z,N'est pas applicable,POP,Population,_T,Total,_T,Total,PS,Personnes,1994,,57862100,,GBR,Royaume-Uni,A,Valeur normale,0,Units,0,Zero
DATAFLOW,OECD.CFE.EDS:DSD_REG_DEMO@DF_DENSITY(2.0),Densité de population - Régions,I,A,Annuelle,CTRY,Pays,GBR,Royaume-Uni,_Z,N'est pas applicable,POP,Population,_T,Total,_T,Total,PS,Personnes,1992,,57584400,,GBR,Royaume-Uni,A,Valeur normale,0,Units,0,Zero
DATAFLOW,OECD.CFE.EDS:DSD_REG_DEMO@DF_DENSITY(2.0),Densité de population - Régions,I,A,Annuelle,CTRY,Pays,GBR,Royaume-Uni,_Z,N'est pas applicable,POP,Population,_T,Total,_T,Total,PS,Personnes,1995,,58024800,,GBR,Royaume-Uni,A,Valeur normale,0,Units,0,Zero
DATAFLOW,OECD.CFE.EDS:DSD_REG_DEMO@DF_DENSITY(2.0),Densité de population - Régions,I,A,Annuelle,CTRY,Pays,GBR,Royaume-Uni,_Z,N'est pas applicable,POP,Population,_T,Total,_T,Total,PS_KM2,Personnes par kilomètre carré,2005,,248.87,,GBR,Royaume-Uni,A,Valeur normale,0,Units,2,Two
DATAFLOW,OECD.CFE.EDS:DSD_REG_DEMO@DF_DENSITY(2.0),Densité de population - Régions,I,A,Annuelle,CTRY,Pays,GBR,Royaume-Uni,_Z,N'est pas applicable,POP,Population,_T,Total,_T,Total,PS_KM2,Personnes par kilomètre carré,2006,,250.57,,GBR,Royaume-Uni,A,Valeur normale,0,Units,2,Two
DATAFLOW,OECD.CFE.EDS:DSD_REG_DEMO@DF_DENSITY(2.0),Densité de population - Régions,I,A,Annuelle,CTRY,Pays,GBR,Royaume-Uni,_Z,N'est pas applicable,POP,Population,_T,Total,_T,Total,PS_KM2,Personnes par kilomètre carré,2001,,243.51,,GBR,Royaume-Uni,A,Valeur normale,0,Units,2,Two
DATAFLOW,OECD.CFE.EDS:DSD_REG_DEMO@DF_DENSITY(2.0),Densité de population - Régions,I,A,Annuelle,CTRY,Pays,GBR,Royaume-Uni,_Z,N'est pas applicable,POP,Population,_T,Total,_T,Total,PS_KM2,Personnes par kilomètre carré,2002,,244.55,,GBR,Royaume-Uni,A,Valeur normale,0,Units,2,Two
DATAFLOW,OECD.CFE.EDS:DSD_REG_DEMO@DF_DENSITY(2.0),Densité de population - Régions,I,A,Annuelle,CTRY,Pays,GBR,Royaume-Uni,_Z,N'est pas applicable,POP,Population,_T,Total,_T,Total,PS_KM2,Personnes par kilomètre carré,2003,,245.67,,GBR,Royaume-Uni,A,Valeur normale,0,Units,2,Two
DATAFLOW,OECD.CFE.EDS:DSD_REG_DEMO@DF_DENSITY(2.0),Densité de population - Régions,I,A,Annuelle,CTRY,Pays,GBR,Royaume-Uni,_Z,N'est pas applicable,POP,Population,_T,Total,_T,Total,PS_KM2,Personnes par kilomètre carré,1996,,239.61,,GBR,Royaume-Uni,A,Valeur normale,0,Units,2,Two
DATAFLOW,OECD.CFE.EDS:DSD_REG_DEMO@DF_DENSITY(2.0),Densité de population - Régions,I,A,Annuelle,CTRY,Pays,GBR,Royaume-Uni,_Z,N'est pas applicable,POP,Population,_T,Total,_T,Total,PS_KM2,Personnes par kilomètre carré,1991,,236.2,,GBR,Royaume-Uni,A,Valeur normale,0,Units,2,Two
DATAFLOW,OECD.CFE.EDS:DSD_REG_DEMO@DF_DENSITY(2.0),Densité de population - Régions,I,A,Annuelle,CTRY,Pays,GBR,Royaume-Uni,_Z,N'est pas applicable,POP,Population,_T,Total,_T,Total,PS_KM2,Personnes par kilomètre carré,1992,,237.22,,GBR,Royaume-Uni,A,Valeur normale,0,Units,2,Two
DATAFLOW,OECD.CFE.EDS:DSD_REG_DEMO@DF_DENSITY(2.0),Densité de population - Régions,I,A,Annuelle,CTRY,Pays,GBR,Royaume-Uni,_Z,N'est pas applicable,POP,Population,_T,Total,_T,Total,PS_KM2,Personnes par kilomètre carré,2004,,246.96,,GBR,Royaume-Uni,A,Valeur normale,0,Units,2,Two
DATAFLOW,OECD.CFE.EDS:DSD_REG_DEMO@DF_DENSITY(2.0),Densité de population - Régions,I,A,Annuelle,CTRY,Pays,GBR,Royaume-Uni,_Z,N'est pas applicable,POP,Population,_T,Total,_T,Total,PS_KM2,Personnes par kilomètre carré,1995,,239.03,,GBR,Royaume-Uni,A,Valeur normale,0,Units,2,Two
DATAFLOW,OECD.CFE.EDS:DSD_REG_DEMO@DF_DENSITY(2.0),Densité de population - Régions,I,A,Annuelle,CTRY,Pays,GBR,Royaume-Uni,_Z,N'est pas applicable,POP,Population,_T,Total,_T,Total,PS_KM2,Personnes par kilomètre carré,1993,,237.75,,GBR,Royaume-Uni,A,Valeur normale,0,Units,2,Two
DATAFLOW,OECD.CFE.EDS:DSD_REG_DEMO@DF_DENSITY(2.0),Densité de population - Régions,I,A,Annuelle,CTRY,Pays,GBR,Royaume-Uni,_Z,N'est pas applicable,POP,Population,_T,Total,_T,Total,PS_KM2,Personnes par kilomètre carré,1994,,238.36,,GBR,Royaume-Uni,A,Valeur normale,0,Units,2,Two
DATAFLOW,OECD.CFE.EDS:DSD_REG_DEMO@DF_DENSITY(2.0),Densité de population - Régions,I,A,Annuelle,CTRY,Pays,GBR,Royaume-Uni,_Z,N'est pas applicable,POP,Population,_T,Total,_T,Total,PS_KM2,Personnes par kilomètre carré,1999,,241.75,,GBR,Royaume-Uni,A,Valeur normale,0,Units,2,Two
DATAFLOW,OECD.CFE.EDS:DSD_REG_DEMO@DF_DENSITY(2.0),Densité de population - Régions,I,A,Annuelle,CTRY,Pays,GBR,Royaume-Uni,_Z,N'est pas applicable,POP,Population,_T,Total,_T,Total,PS_KM2,Personnes par kilomètre carré,2000,,242.58,,GBR,Royaume-Uni,A,Valeur normale,0,Units,2,Two
DATAFLOW,OECD.CFE.EDS:DSD_REG_DEMO@DF_DENSITY(2.0),Densité de population - Régions,I,A,Annuelle,CTRY,Pays,GBR,Royaume-Uni,_Z,N'est pas applicable,POP,Population,_T,Total,_T,Total,PS_KM2,Personnes par kilomètre carré,1990,,235.46,,GBR,Royaume-Uni,A,Valeur normale,0,Units,2,Two
DATAFLOW,OECD.CFE.EDS:DSD_REG_DEMO@DF_DENSITY(2.0),Densité de population - Régions,I,A,Annuelle,CTRY,Pays,GBR,Royaume-Uni,_Z,N'est pas applicable,POP,Population,_T,Total,_T,Total,PS_KM2,Personnes par kilomètre carré,1997,,240.22,,GBR,Royaume-Uni,A,Valeur normale,0,Units,2,Two
DATAFLOW,OECD.CFE.EDS:DSD_REG_DEMO@DF_DENSITY(2.0),Densité de population - Régions,I,A,Annuelle,CTRY,Pays,GBR,Royaume-Uni,_Z,N'est pas applicable,POP,Population,_T,Total,_T,Total,PS_KM2,Personnes par kilomètre carré,1998,,240.88,,GBR,Royaume-Uni,A,Valeur normale,0,Units,2,Two
DATAFLOW,OECD.CFE.EDS:DSD_REG_DEMO@DF_DENSITY(2.0),Densité de population - Régions,I,A,Annuelle,CTRY,Pays,GBR,Royaume-Uni,_Z,N'est pas applicable,POP,Population,_T,Total,_T,Total,PS,Personnes,2016,,65607141,,GBR,Royaume-Uni,A,Valeur normale,0,Units,0,Zero
DATAFLOW,OECD.CFE.EDS:DSD_REG_DEMO@DF_DENSITY(2.0),Densité de population - Régions,I,A,Annuelle,CTRY,Pays,GBR,Royaume-Uni,_Z,N'est pas applicable,POP,Population,_T,Total,_T,Total,PS,Personnes,2017,,65965992,,GBR,Royaume-Uni,A,Valeur normale,0,Units,0,Zero
DATAFLOW,OECD.CFE.EDS:DSD_REG_DEMO@DF_DENSITY(2.0),Densité de population - Régions,I,A,Annuelle,CTRY,Pays,GBR,Royaume-Uni,_Z,N'est pas applicable,POP,Population,_T,Total,_T,Total,PS,Personnes,2018,,66288927,,GBR,Royaume-Uni,A,Valeur normale,0,Units,0,Zero
DATAFLOW,OECD.CFE.EDS:DSD_REG_DEMO@DF_DENSITY(2.0),Densité de population - Régions,I,A,Annuelle,CTRY,Pays,GBR,Royaume-Uni,_Z,N'est pas applicable,POP,Population,_T,Total,_T,Total,PS,Personnes,2019,,66630707,,GBR,Royaume-Uni,A,Valeur normale,0,Units,0,Zero
DATAFLOW,OECD.CFE.EDS:DSD_REG_DEMO@DF_DENSITY(2.0),Densité de population - Régions,I,A,Annuelle,CTRY,Pays,GBR,Royaume-Uni,_Z,N'est pas applicable,POP,Population,_T,Total,_T,Total,PS,Personnes,2020,,66744067,,GBR,Royaume-Uni,A,Valeur normale,0,Units,0,Zero
DATAFLOW,OECD.CFE.EDS:DSD_REG_DEMO@DF_DENSITY(2.0),Densité de population - Régions,I,A,Annuelle,CTRY,Pays,GBR,Royaume-Uni,_Z,N'est pas applicable,POP,Population,_T,Total,_T,Total,PS,Personnes,2021,,66983488,,GBR,Royaume-Uni,A,Valeur normale,0,Units,0,Zero
DATAFLOW,OECD.CFE.EDS:DSD_REG_DEMO@DF_DENSITY(2.0),Densité de population - Régions,I,A,Annuelle,CTRY,Pays,GBR,Royaume-Uni,_Z,N'est pas applicable,POP,Population,_T,Total,_T,Total,PS,Personnes,2023,,68265209,,GBR,Royaume-Uni,A,Valeur normale,0,Units,0,Zero
DATAFLOW,OECD.CFE.EDS:DSD_REG_DEMO@DF_DENSITY(2.0),Densité de population - Régions,I,A,Annuelle,CTRY,Pays,GBR,Royaume-Uni,_Z,N'est pas applicable,POP,Population,_T,Total,_T,Total,PS,Personnes,1998,,58474943,,GBR,Royaume-Uni,A,Valeur normale,0,Units,0,Zero
DATAFLOW,OECD.CFE.EDS:DSD_REG_DEMO@DF_DENSITY(2.0),Densité de population - Régions,I,A,Annuelle,CTRY,Pays,GBR,Royaume-Uni,_Z,N'est pas applicable,POP,Population,_T,Total,_T,Total,PS,Personnes,1999,,58684427,,GBR,Royaume-Uni,A,Valeur normale,0,Units,0,Zero
DATAFLOW,OECD.CFE.EDS:DSD_REG_DEMO@DF_DENSITY(2.0),Densité de population - Régions,I,A,Annuelle,CTRY,Pays,GBR,Royaume-Uni,_Z,N'est pas applicable,POP,Population,_T,Total,_T,Total,PS,Personnes,2000,,58886065,,GBR,Royaume-Uni,A,Valeur normale,0,Units,0,Zero
DATAFLOW,OECD.CFE.EDS:DSD_REG_DEMO@DF_DENSITY(2.0),Densité de population - Régions,I,A,Annuelle,CTRY,Pays,GBR,Royaume-Uni,_Z,N'est pas applicable,POP,Population,_T,Total,_T,Total,PS,Personnes,2001,,59113016,,GBR,Royaume-Uni,A,Valeur normale,0,Units,0,Zero
DATAFLOW,OECD.CFE.EDS:DSD_REG_DEMO@DF_DENSITY(2.0),Densité de population - Régions,I,A,Annuelle,CTRY,Pays,GBR,Royaume-Uni,_Z,N'est pas applicable,POP,Population,_T,Total,_T,Total,PS,Personnes,2002,,59365677,,GBR,Royaume-Uni,A,Valeur normale,0,Units,0,Zero
DATAFLOW,OECD.CFE.EDS:DSD_REG_DEMO@DF_DENSITY(2.0),Densité de population - Régions,I,A,Annuelle,CTRY,Pays,GBR,Royaume-Uni,_Z,N'est pas applicable,POP,Population,_T,Total,_T,Total,PS,Personnes,2003,,59636662,,GBR,Royaume-Uni,A,Valeur normale,0,Units,0,Zero
DATAFLOW,OECD.CFE.EDS:DSD_REG_DEMO@DF_DENSITY(2.0),Densité de population - Régions,I,A,Annuelle,CTRY,Pays,GBR,Royaume-Uni,_Z,N'est pas applicable,POP,Population,_T,Total,_T,Total,PS,Personnes,2004,,59950364,,GBR,Royaume-Uni,A,Valeur normale,0,Units,0,Zero
DATAFLOW,OECD.CFE.EDS:DSD_REG_DEMO@DF_DENSITY(2.0),Densité de population - Régions,I,A,Annuelle,CTRY,Pays,GBR,Royaume-Uni,_Z,N'est pas applicable,POP,Population,_T,Total,_T,Total,PS_KM2,Personnes par kilomètre carré,2023,,281.21,,GBR,Royaume-Uni,A,Valeur normale,0,Units,2,Two
DATAFLOW,OECD.CFE.EDS:DSD_REG_DEMO@DF_DENSITY(2.0),Densité de population - Régions,I,A,Annuelle,CTRY,Pays,GBR,Royaume-Uni,_Z,N'est pas applicable,POP,Population,_T,Total,_T,Total,PS_KM2,Personnes par kilomètre carré,2017,,271.74,,GBR,Royaume-Uni,A,Valeur normale,0,Units,2,Two
DATAFLOW,OECD.CFE.EDS:DSD_REG_DEMO@DF_DENSITY(2.0),Densité de population - Régions,I,A,Annuelle,CTRY,Pays,GBR,Royaume-Uni,_Z,N'est pas applicable,POP,Population,_T,Total,_T,Total,PS_KM2,Personnes par kilomètre carré,2018,,273.07,,GBR,Royaume-Uni,A,Valeur normale,0,Units,2,Two
DATAFLOW,OECD.CFE.EDS:DSD_REG_DEMO@DF_DENSITY(2.0),Densité de population - Régions,I,A,Annuelle,CTRY,Pays,GBR,Royaume-Uni,_Z,N'est pas applicable,POP,Population,_T,Total,_T,Total,PS_KM2,Personnes par kilomètre carré,2019,,274.48,,GBR,Royaume-Uni,A,Valeur normale,0,Units,2,Two
DATAFLOW,OECD.CFE.EDS:DSD_REG_DEMO@DF_DENSITY(2.0),Densité de population - Régions,I,A,Annuelle,CTRY,Pays,GBR,Royaume-Uni,_Z,N'est pas applicable,POP,Population,_T,Total,_T,Total,PS_KM2,Personnes par kilomètre carré,2020,,274.95,,GBR,Royaume-Uni,A,Valeur normale,0,Units,2,Two
DATAFLOW,OECD.CFE.EDS:DSD_REG_DEMO@DF_DENSITY(2.0),Densité de population - Régions,I,A,Annuelle,CTRY,Pays,GBR,Royaume-Uni,_Z,N'est pas applicable,POP,Population,_T,Total,_T,Total,PS_KM2,Personnes par kilomètre carré,2021,,275.93,,GBR,Royaume-Uni,A,Valeur normale,0,Units,2,Two
DATAFLOW,OECD.CFE.EDS:DSD_REG_DEMO@DF_DENSITY(2.0),Densité de population - Régions,I,A,Annuelle,CTRY,Pays,GBR,Royaume-Uni,_Z,N'est pas applicable,POP,Population,_T,Total,_T,Total,PS_KM2,Personnes par kilomètre carré,2022,,278.49,,GBR,Royaume-Uni,A,Valeur normale,0,Units,2,Two
DATAFLOW,OECD.CFE.EDS:DSD_REG_DEMO@DF_DENSITY(2.0),Densité de population - Régions,I,A,Annuelle,CTRY,Pays,GBR,Royaume-Uni,_Z,N'est pas applicable,POP,Population,_T,Total,_T,Total,PS_KM2,Personnes par kilomètre carré,2012,,262.45,,GBR,Royaume-Uni,A,Valeur normale,0,Units,2,Two
DATAFLOW,OECD.CFE.EDS:DSD_REG_DEMO@DF_DENSITY(2.0),Densité de population - Régions,I,A,Annuelle,CTRY,Pays,GBR,Royaume-Uni,_Z,N'est pas applicable,POP,Population,_T,Total,_T,Total,PS_KM2,Personnes par kilomètre carré,2013,,264.22,,GBR,Royaume-Uni,A,Valeur normale,0,Units,2,Two
DATAFLOW,OECD.CFE.EDS:DSD_REG_DEMO@DF_DENSITY(2.0),Densité de population - Régions,I,A,Annuelle,CTRY,Pays,GBR,Royaume-Uni,_Z,N'est pas applicable,POP,Population,_T,Total,_T,Total,PS_KM2,Personnes par kilomètre carré,2014,,266.2,,GBR,Royaume-Uni,A,Valeur normale,0,Units,2,Two
DATAFLOW,OECD.CFE.EDS:DSD_REG_DEMO@DF_DENSITY(2.0),Densité de population - Régions,I,A,Annuelle,CTRY,Pays,GBR,Royaume-Uni,_Z,N'est pas applicable,POP,Population,_T,Total,_T,Total,PS_KM2,Personnes par kilomètre carré,2015,,268.13,,GBR,Royaume-Uni,A,Valeur normale,0,Units,2,Two
DATAFLOW,OECD.CFE.EDS:DSD_REG_DEMO@DF_DENSITY(2.0),Densité de population - Régions,I,A,Annuelle,CTRY,Pays,GBR,Royaume-Uni,_Z,N'est pas applicable,POP,Population,_T,Total,_T,Total,PS_KM2,Personnes par kilomètre carré,2016,,270.27,,GBR,Royaume-Uni,A,Valeur normale,0,Units,2,Two
DATAFLOW,OECD.CFE.EDS:DSD_REG_DEMO@DF_DENSITY(2.0),Densité de population - Régions,I,A,Annuelle,CTRY,Pays,GBR,Royaume-Uni,_Z,N'est pas applicable,POP,Population,_T,Total,_T,Total,PS_KM2,Personnes par kilomètre carré,2007,,252.6,,GBR,Royaume-Uni,A,Valeur normale,0,Units,2,Two
DATAFLOW,OECD.CFE.EDS:DSD_REG_DEMO@DF_DENSITY(2.0),Densité de population - Régions,I,A,Annuelle,CTRY,Pays,GBR,Royaume-Uni,_Z,N'est pas applicable,POP,Population,_T,Total,_T,Total,PS_KM2,Personnes par kilomètre carré,2008,,254.68,,GBR,Royaume-Uni,A,Valeur normale,0,Units,2,Two
DATAFLOW,OECD.CFE.EDS:DSD_REG_DEMO@DF_DENSITY(2.0),Densité de population - Régions,I,A,Annuelle,CTRY,Pays,USA,États-Unis,_Z,N'est pas applicable,POP,Population,_T,Total,_T,Total,PS_KM2,Personnes par kilomètre carré,2003,,31.66,,USA,États-Unis,A,Valeur normale,0,Units,2,Two
DATAFLOW,OECD.CFE.EDS:DSD_REG_DEMO@DF_DENSITY(2.0),Densité de population - Régions,I,A,Annuelle,CTRY,Pays,USA,États-Unis,_Z,N'est pas applicable,POP,Population,_T,Total,_T,Total,PS_KM2,Personnes par kilomètre carré,2005,,32.25,,USA,États-Unis,A,Valeur normale,0,Units,2,Two
DATAFLOW,OECD.CFE.EDS:DSD_REG_DEMO@DF_DENSITY(2.0),Densité de population - Régions,I,A,Annuelle,CTRY,Pays,USA,États-Unis,_Z,N'est pas applicable,POP,Population,_T,Total,_T,Total,PS,Personnes,1996,,269394284,,USA,États-Unis,A,Valeur normale,0,Units,0,Zero
DATAFLOW,OECD.CFE.EDS:DSD_REG_DEMO@DF_DENSITY(2.0),Densité de population - Régions,I,A,Annuelle,CTRY,Pays,USA,États-Unis,_Z,N'est pas applicable,POP,Population,_T,Total,_T,Total,PS,Personnes,1997,,272646925,,USA,États-Unis,A,Valeur normale,0,Units,0,Zero
DATAFLOW,OECD.CFE.EDS:DSD_REG_DEMO@DF_DENSITY(2.0),Densité de population - Régions,I,A,Annuelle,CTRY,Pays,USA,États-Unis,_Z,N'est pas applicable,POP,Population,_T,Total,_T,Total,PS,Personnes,1998,,275854104,,USA,États-Unis,A,Valeur normale,0,Units,0,Zero
DATAFLOW,OECD.CFE.EDS:DSD_REG_DEMO@DF_DENSITY(2.0),Densité de population - Régions,I,A,Annuelle,CTRY,Pays,USA,États-Unis,_Z,N'est pas applicable,POP,Population,_T,Total,_T,Total,PS,Personnes,1993,,259918588,,USA,États-Unis,A,Valeur normale,0,Units,0,Zero
DATAFLOW,OECD.CFE.EDS:DSD_REG_DEMO@DF_DENSITY(2.0),Densité de population - Régions,I,A,Annuelle,CTRY,Pays,USA,États-Unis,_Z,N'est pas applicable,POP,Population,_T,Total,_T,Total,PS,Personnes,1991,,252980941,,USA,États-Unis,A,Valeur normale,0,Units,0,Zero
DATAFLOW,OECD.CFE.EDS:DSD_REG_DEMO@DF_DENSITY(2.0),Densité de population - Régions,I,A,Annuelle,CTRY,Pays,USA,États-Unis,_Z,N'est pas applicable,POP,Population,_T,Total,_T,Total,PS,Personnes,1990,,249622814,,USA,États-Unis,A,Valeur normale,0,Units,0,Zero
DATAFLOW,OECD.CFE.EDS:DSD_REG_DEMO@DF_DENSITY(2.0),Densité de population - Régions,I,A,Annuelle,CTRY,Pays,USA,États-Unis,_Z,N'est pas applicable,POP,Population,_T,Total,_T,Total,PS,Personnes,1994,,263125821,,USA,États-Unis,A,Valeur normale,0,Units,0,Zero
DATAFLOW,OECD.CFE.EDS:DSD_REG_DEMO@DF_DENSITY(2.0),Densité de population - Régions,I,A,Annuelle,CTRY,Pays,USA,États-Unis,_Z,N'est pas applicable,POP,Population,_T,Total,_T,Total,PS,Personnes,1995,,266278393,,USA,États-Unis,A,Valeur normale,0,Units,0,Zero
DATAFLOW,OECD.CFE.EDS:DSD_REG_DEMO@DF_DENSITY(2.0),Densité de population - Régions,I,A,Annuelle,CTRY,Pays,USA,États-Unis,_Z,N'est pas applicable,POP,Population,_T,Total,_T,Total,PS,Personnes,2018,,326687501,,USA,États-Unis,A,Valeur normale,0,Units,0,Zero
DATAFLOW,OECD.CFE.EDS:DSD_REG_DEMO@DF_DENSITY(2.0),Densité de population - Régions,I,A,Annuelle,CTRY,Pays,USA,États-Unis,_Z,N'est pas applicable,POP,Population,_T,Total,_T,Total,PS,Personnes,2019,,328239523,,USA,États-Unis,A,Valeur normale,0,Units,0,Zero
DATAFLOW,OECD.CFE.EDS:DSD_REG_DEMO@DF_DENSITY(2.0),Densité de population - Régions,I,A,Annuelle,CTRY,Pays,USA,États-Unis,_Z,N'est pas applicable,POP,Population,_T,Total,_T,Total,PS,Personnes,1999,,279040168,,USA,États-Unis,A,Valeur normale,0,Units,0,Zero
DATAFLOW,OECD.CFE.EDS:DSD_REG_DEMO@DF_DENSITY(2.0),Densité de population - Régions,I,A,Annuelle,CTRY,Pays,USA,États-Unis,_Z,N'est pas applicable,POP,Population,_T,Total,_T,Total,PS,Personnes,2012,,313830990,,USA,États-Unis,A,Valeur normale,0,Units,0,Zero
DATAFLOW,OECD.CFE.EDS:DSD_REG_DEMO@DF_DENSITY(2.0),Densité de population - Régions,I,A,Annuelle,CTRY,Pays,USA,États-Unis,_Z,N'est pas applicable,POP,Population,_T,Total,_T,Total,PS,Personnes,2013,,315993715,,USA,États-Unis,A,Valeur normale,0,Units,0,Zero
DATAFLOW,OECD.CFE.EDS:DSD_REG_DEMO@DF_DENSITY(2.0),Densité de population - Régions,I,A,Annuelle,CTRY,Pays,USA,États-Unis,_Z,N'est pas applicable,POP,Population,_T,Total,_T,Total,PS,Personnes,2006,,298379912,,USA,États-Unis,A,Valeur normale,0,Units,0,Zero
DATAFLOW,OECD.CFE.EDS:DSD_REG_DEMO@DF_DENSITY(2.0),Densité de population - Régions,I,A,Annuelle,CTRY,Pays,USA,États-Unis,_Z,N'est pas applicable,POP,Population,_T,Total,_T,Total,PS,Personnes,2007,,301231207,,USA,États-Unis,A,Valeur normale,0,Units,0,Zero
DATAFLOW,OECD.CFE.EDS:DSD_REG_DEMO@DF_DENSITY(2.0),Densité de population - Régions,I,A,Annuelle,CTRY,Pays,USA,États-Unis,_Z,N'est pas applicable,POP,Population,_T,Total,_T,Total,PS,Personnes,2008,,304093966,,USA,États-Unis,A,Valeur normale,0,Units,0,Zero
DATAFLOW,OECD.CFE.EDS:DSD_REG_DEMO@DF_DENSITY(2.0),Densité de population - Régions,I,A,Annuelle,CTRY,Pays,USA,États-Unis,_Z,N'est pas applicable,POP,Population,_T,Total,_T,Total,PS,Personnes,1992,,256514224,,USA,États-Unis,A,Valeur normale,0,Units,0,Zero
DATAFLOW,OECD.CFE.EDS:DSD_REG_DEMO@DF_DENSITY(2.0),Densité de population - Régions,I,A,Annuelle,CTRY,Pays,USA,États-Unis,_Z,N'est pas applicable,POP,Population,_T,Total,_T,Total,PS,Personnes,2001,,284968955,,USA,États-Unis,A,Valeur normale,0,Units,0,Zero
DATAFLOW,OECD.CFE.EDS:DSD_REG_DEMO@DF_DENSITY(2.0),Densité de population - Régions,I,A,Annuelle,CTRY,Pays,USA,États-Unis,_Z,N'est pas applicable,POP,Population,_T,Total,_T,Total,PS,Personnes,2002,,287625193,,USA,États-Unis,A,Valeur normale,0,Units,0,Zero
DATAFLOW,OECD.CFE.EDS:DSD_REG_DEMO@DF_DENSITY(2.0),Densité de population - Régions,I,A,Annuelle,CTRY,Pays,USA,États-Unis,_Z,N'est pas applicable,POP,Population,_T,Total,_T,Total,PS,Personnes,2003,,290107933,,USA,États-Unis,A,Valeur normale,0,Units,0,Zero
DATAFLOW,OECD.CFE.EDS:DSD_REG_DEMO@DF_DENSITY(2.0),Densité de population - Régions,I,A,Annuelle,CTRY,Pays,USA,États-Unis,_Z,N'est pas applicable,POP,Population,_T,Total,_T,Total,PS_KM2,Personnes par kilomètre carré,2006,,32.57,,USA,États-Unis,A,Valeur normale,0,Units,2,Two
DATAFLOW,OECD.CFE.EDS:DSD_REG_DEMO@DF_DENSITY(2.0),Densité de population - Régions,I,A,Annuelle,CTRY,Pays,USA,États-Unis,_Z,N'est pas applicable,POP,Population,_T,Total,_T,Total,PS_KM2,Personnes par kilomètre carré,2007,,32.88,,USA,États-Unis,A,Valeur normale,0,Units,2,Two
DATAFLOW,OECD.CFE.EDS:DSD_REG_DEMO@DF_DENSITY(2.0),Densité de population - Régions,I,A,Annuelle,CTRY,Pays,USA,États-Unis,_Z,N'est pas applicable,POP,Population,_T,Total,_T,Total,PS_KM2,Personnes par kilomètre carré,2009,,33.48,,USA,États-Unis,A,Valeur normale,0,Units,2,Two
DATAFLOW,OECD.CFE.EDS:DSD_REG_DEMO@DF_DENSITY(2.0),Densité de population - Régions,I,A,Annuelle,CTRY,Pays,USA,États-Unis,_Z,N'est pas applicable,POP,Population,_T,Total,_T,Total,PS_KM2,Personnes par kilomètre carré,2001,,31.1,,USA,États-Unis,A,Valeur normale,0,Units,2,Two
DATAFLOW,OECD.CFE.EDS:DSD_REG_DEMO@DF_DENSITY(2.0),Densité de population - Régions,I,A,Annuelle,CTRY,Pays,USA,États-Unis,_Z,N'est pas applicable,POP,Population,_T,Total,_T,Total,PS_KM2,Personnes par kilomètre carré,2002,,31.39,,USA,États-Unis,A,Valeur normale,0,Units,2,Two
DATAFLOW,OECD.CFE.EDS:DSD_REG_DEMO@DF_DENSITY(2.0),Densité de population - Régions,I,A,Annuelle,CTRY,Pays,USA,États-Unis,_Z,N'est pas applicable,POP,Population,_T,Total,_T,Total,PS_KM2,Personnes par kilomètre carré,1996,,29.4,,USA,États-Unis,A,Valeur normale,0,Units,2,Two
DATAFLOW,OECD.CFE.EDS:DSD_REG_DEMO@DF_DENSITY(2.0),Densité de population - Régions,I,A,Annuelle,CTRY,Pays,USA,États-Unis,_Z,N'est pas applicable,POP,Population,_T,Total,_T,Total,PS_KM2,Personnes par kilomètre carré,1997,,29.76,,USA,États-Unis,A,Valeur normale,0,Units,2,Two
DATAFLOW,OECD.CFE.EDS:DSD_REG_DEMO@DF_DENSITY(2.0),Densité de population - Régions,I,A,Annuelle,CTRY,Pays,USA,États-Unis,_Z,N'est pas applicable,POP,Population,_T,Total,_T,Total,PS_KM2,Personnes par kilomètre carré,2000,,30.8,,USA,États-Unis,A,Valeur normale,0,Units,2,Two
DATAFLOW,OECD.CFE.EDS:DSD_REG_DEMO@DF_DENSITY(2.0),Densité de population - Régions,I,A,Annuelle,CTRY,Pays,USA,États-Unis,_Z,N'est pas applicable,POP,Population,_T,Total,_T,Total,PS_KM2,Personnes par kilomètre carré,1991,,27.61,,USA,États-Unis,A,Valeur normale,0,Units,2,Two
DATAFLOW,OECD.CFE.EDS:DSD_REG_DEMO@DF_DENSITY(2.0),Densité de population - Régions,I,A,Annuelle,CTRY,Pays,USA,États-Unis,_Z,N'est pas applicable,POP,Population,_T,Total,_T,Total,PS_KM2,Personnes par kilomètre carré,2004,,31.96,,USA,États-Unis,A,Valeur normale,0,Units,2,Two
DATAFLOW,OECD.CFE.EDS:DSD_REG_DEMO@DF_DENSITY(2.0),Densité de population - Régions,I,A,Annuelle,CTRY,Pays,USA,États-Unis,_Z,N'est pas applicable,POP,Population,_T,Total,_T,Total,PS_KM2,Personnes par kilomètre carré,1995,,29.06,,USA,États-Unis,A,Valeur normale,0,Units,2,Two
DATAFLOW,OECD.CFE.EDS:DSD_REG_DEMO@DF_DENSITY(2.0),Densité de population - Régions,I,A,Annuelle,CTRY,Pays,USA,États-Unis,_Z,N'est pas applicable,POP,Population,_T,Total,_T,Total,PS_KM2,Personnes par kilomètre carré,1993,,28.37,,USA,États-Unis,A,Valeur normale,0,Units,2,Two
DATAFLOW,OECD.CFE.EDS:DSD_REG_DEMO@DF_DENSITY(2.0),Densité de population - Régions,I,A,Annuelle,CTRY,Pays,USA,États-Unis,_Z,N'est pas applicable,POP,Population,_T,Total,_T,Total,PS_KM2,Personnes par kilomètre carré,1994,,28.72,,USA,États-Unis,A,Valeur normale,0,Units,2,Two
DATAFLOW,OECD.CFE.EDS:DSD_REG_DEMO@DF_DENSITY(2.0),Densité de population - Régions,I,A,Annuelle,CTRY,Pays,USA,États-Unis,_Z,N'est pas applicable,POP,Population,_T,Total,_T,Total,PS_KM2,Personnes par kilomètre carré,1999,,30.46,,USA,États-Unis,A,Valeur normale,0,Units,2,Two
DATAFLOW,OECD.CFE.EDS:DSD_REG_DEMO@DF_DENSITY(2.0),Densité de population - Régions,I,A,Annuelle,CTRY,Pays,USA,États-Unis,_Z,N'est pas applicable,POP,Population,_T,Total,_T,Total,PS_KM2,Personnes par kilomètre carré,1990,,27.25,,USA,États-Unis,A,Valeur normale,0,Units,2,Two
DATAFLOW,OECD.CFE.EDS:DSD_REG_DEMO@DF_DENSITY(2.0),Densité de population - Régions,I,A,Annuelle,CTRY,Pays,USA,États-Unis,_Z,N'est pas applicable,POP,Population,_T,Total,_T,Total,PS_KM2,Personnes par kilomètre carré,1998,,30.11,,USA,États-Unis,A,Valeur normale,0,Units,2,Two
DATAFLOW,OECD.CFE.EDS:DSD_REG_DEMO@DF_DENSITY(2.0),Densité de population - Régions,I,A,Annuelle,CTRY,Pays,USA,États-Unis,_Z,N'est pas applicable,POP,Population,_T,Total,_T,Total,PS_KM2,Personnes par kilomètre carré,1992,,28,,USA,États-Unis,A,Valeur normale,0,Units,2,Two
DATAFLOW,OECD.CFE.EDS:DSD_REG_DEMO@DF_DENSITY(2.0),Densité de population - Régions,I,A,Annuelle,CTRY,Pays,USA,États-Unis,_Z,N'est pas applicable,POP,Population,_T,Total,_T,Total,PS,Personnes,2020,,331577720,,USA,États-Unis,A,Valeur normale,0,Units,0,Zero
DATAFLOW,OECD.CFE.EDS:DSD_REG_DEMO@DF_DENSITY(2.0),Densité de population - Régions,I,A,Annuelle,CTRY,Pays,USA,États-Unis,_Z,N'est pas applicable,POP,Population,_T,Total,_T,Total,PS,Personnes,2021,,332099760,,USA,États-Unis,A,Valeur normale,0,Units,0,Zero
DATAFLOW,OECD.CFE.EDS:DSD_REG_DEMO@DF_DENSITY(2.0),Densité de population - Régions,I,A,Annuelle,CTRY,Pays,USA,États-Unis,_Z,N'est pas applicable,POP,Population,_T,Total,_T,Total,PS,Personnes,2022,,334017321,,USA,États-Unis,A,Valeur normale,0,Units,0,Zero
DATAFLOW,OECD.CFE.EDS:DSD_REG_DEMO@DF_DENSITY(2.0),Densité de population - Régions,I,A,Annuelle,CTRY,Pays,USA,États-Unis,_Z,N'est pas applicable,POP,Population,_T,Total,_T,Total,PS,Personnes,2023,,336806231,,USA,États-Unis,A,Valeur normale,0,Units,0,Zero
DATAFLOW,OECD.CFE.EDS:DSD_REG_DEMO@DF_DENSITY(2.0),Densité de population - Régions,I,A,Annuelle,CTRY,Pays,USA,États-Unis,_Z,N'est pas applicable,POP,Population,_T,Total,_T,Total,PS,Personnes,2010,,309321666,,USA,États-Unis,A,Valeur normale,0,Units,0,Zero
DATAFLOW,OECD.CFE.EDS:DSD_REG_DEMO@DF_DENSITY(2.0),Densité de population - Régions,I,A,Annuelle,CTRY,Pays,USA,États-Unis,_Z,N'est pas applicable,POP,Population,_T,Total,_T,Total,PS,Personnes,2011,,311556874,,USA,États-Unis,A,Valeur normale,0,Units,0,Zero
DATAFLOW,OECD.CFE.EDS:DSD_REG_DEMO@DF_DENSITY(2.0),Densité de population - Régions,I,A,Annuelle,CTRY,Pays,USA,États-Unis,_Z,N'est pas applicable,POP,Population,_T,Total,_T,Total,PS,Personnes,2015,,320635163,,USA,États-Unis,A,Valeur normale,0,Units,0,Zero
DATAFLOW,OECD.CFE.EDS:DSD_REG_DEMO@DF_DENSITY(2.0),Densité de population - Régions,I,A,Annuelle,CTRY,Pays,USA,États-Unis,_Z,N'est pas applicable,POP,Population,_T,Total,_T,Total,PS,Personnes,2016,,322941311,,USA,États-Unis,A,Valeur normale,0,Units,0,Zero
DATAFLOW,OECD.CFE.EDS:DSD_REG_DEMO@DF_DENSITY(2.0),Densité de population - Régions,I,A,Annuelle,CTRY,Pays,USA,États-Unis,_Z,N'est pas applicable,POP,Population,_T,Total,_T,Total,PS,Personnes,2017,,324985539,,USA,États-Unis,A,Valeur normale,0,Units,0,Zero
DATAFLOW,OECD.CFE.EDS:DSD_REG_DEMO@DF_DENSITY(2.0),Densité de population - Régions,I,A,Annuelle,CTRY,Pays,USA,États-Unis,_Z,N'est pas applicable,POP,Population,_T,Total,_T,Total,PS,Personnes,2005,,295516599,,USA,États-Unis,A,Valeur normale,0,Units,0,Zero
DATAFLOW,OECD.CFE.EDS:DSD_REG_DEMO@DF_DENSITY(2.0),Densité de population - Régions,I,A,Annuelle,CTRY,Pays,USA,États-Unis,_Z,N'est pas applicable,POP,Population,_T,Total,_T,Total,PS,Personnes,2009,,306771529,,USA,États-Unis,A,Valeur normale,0,Units,0,Zero
DATAFLOW,OECD.CFE.EDS:DSD_REG_DEMO@DF_DENSITY(2.0),Densité de population - Régions,I,A,Annuelle,CTRY,Pays,USA,États-Unis,_Z,N'est pas applicable,POP,Population,_T,Total,_T,Total,PS,Personnes,2000,,282162411,,USA,États-Unis,A,Valeur normale,0,Units,0,Zero
DATAFLOW,OECD.CFE.EDS:DSD_REG_DEMO@DF_DENSITY(2.0),Densité de population - Régions,I,A,Annuelle,CTRY,Pays,USA,États-Unis,_Z,N'est pas applicable,POP,Population,_T,Total,_T,Total,PS,Personnes,2014,,318301008,,USA,États-Unis,A,Valeur normale,0,Units,0,Zero
DATAFLOW,OECD.CFE.EDS:DSD_REG_DEMO@DF_DENSITY(2.0),Densité de population - Régions,I,A,Annuelle,CTRY,Pays,USA,États-Unis,_Z,N'est pas applicable,POP,Population,_T,Total,_T,Total,PS,Personnes,2004,,292805298,,USA,États-Unis,A,Valeur normale,0,Units,0,Zero
DATAFLOW,OECD.CFE.EDS:DSD_REG_DEMO@DF_DENSITY(2.0),Densité de population - Régions,I,A,Annuelle,CTRY,Pays,USA,États-Unis,_Z,N'est pas applicable,POP,Population,_T,Total,_T,Total,PS_KM2,Personnes par kilomètre carré,2023,,36.76,,USA,États-Unis,A,Valeur normale,0,Units,2,Two
DATAFLOW,OECD.CFE.EDS:DSD_REG_DEMO@DF_DENSITY(2.0),Densité de population - Régions,I,A,Annuelle,CTRY,Pays,USA,États-Unis,_Z,N'est pas applicable,POP,Population,_T,Total,_T,Total,PS_KM2,Personnes par kilomètre carré,2014,,34.74,,USA,États-Unis,A,Valeur normale,0,Units,2,Two
DATAFLOW,OECD.CFE.EDS:DSD_REG_DEMO@DF_DENSITY(2.0),Densité de population - Régions,I,A,Annuelle,CTRY,Pays,USA,États-Unis,_Z,N'est pas applicable,POP,Population,_T,Total,_T,Total,PS_KM2,Personnes par kilomètre carré,2020,,36.19,,USA,États-Unis,A,Valeur normale,0,Units,2,Two
DATAFLOW,OECD.CFE.EDS:DSD_REG_DEMO@DF_DENSITY(2.0),Densité de population - Régions,I,A,Annuelle,CTRY,Pays,USA,États-Unis,_Z,N'est pas applicable,POP,Population,_T,Total,_T,Total,PS_KM2,Personnes par kilomètre carré,2021,,36.25,,USA,États-Unis,A,Valeur normale,0,Units,2,Two
DATAFLOW,OECD.CFE.EDS:DSD_REG_DEMO@DF_DENSITY(2.0),Densité de population - Régions,I,A,Annuelle,CTRY,Pays,USA,États-Unis,_Z,N'est pas applicable,POP,Population,_T,Total,_T,Total,PS_KM2,Personnes par kilomètre carré,2022,,36.46,,USA,États-Unis,A,Valeur normale,0,Units,2,Two
DATAFLOW,OECD.CFE.EDS:DSD_REG_DEMO@DF_DENSITY(2.0),Densité de population - Régions,I,A,Annuelle,CTRY,Pays,USA,États-Unis,_Z,N'est pas applicable,POP,Population,_T,Total,_T,Total,PS_KM2,Personnes par kilomètre carré,2019,,35.83,,USA,États-Unis,A,Valeur normale,0,Units,2,Two
DATAFLOW,OECD.CFE.EDS:DSD_REG_DEMO@DF_DENSITY(2.0),Densité de population - Régions,I,A,Annuelle,CTRY,Pays,USA,États-Unis,_Z,N'est pas applicable,POP,Population,_T,Total,_T,Total,PS_KM2,Personnes par kilomètre carré,2013,,34.49,,USA,États-Unis,A,Valeur normale,0,Units,2,Two
DATAFLOW,OECD.CFE.EDS:DSD_REG_DEMO@DF_DENSITY(2.0),Densité de population - Régions,I,A,Annuelle,CTRY,Pays,USA,États-Unis,_Z,N'est pas applicable,POP,Population,_T,Total,_T,Total,PS_KM2,Personnes par kilomètre carré,2015,,35,,USA,États-Unis,A,Valeur normale,0,Units,2,Two
DATAFLOW,OECD.CFE.EDS:DSD_REG_DEMO@DF_DENSITY(2.0),Densité de population - Régions,I,A,Annuelle,CTRY,Pays,USA,États-Unis,_Z,N'est pas applicable,POP,Population,_T,Total,_T,Total,PS_KM2,Personnes par kilomètre carré,2016,,35.25,,USA,États-Unis,A,Valeur normale,0,Units,2,Two
DATAFLOW,OECD.CFE.EDS:DSD_REG_DEMO@DF_DENSITY(2.0),Densité de population - Régions,I,A,Annuelle,CTRY,Pays,USA,États-Unis,_Z,N'est pas applicable,POP,Population,_T,Total,_T,Total,PS_KM2,Personnes par kilomètre carré,2017,,35.47,,USA,États-Unis,A,Valeur normale,0,Units,2,Two
DATAFLOW,OECD.CFE.EDS:DSD_REG_DEMO@DF_DENSITY(2.0),Densité de population - Régions,I,A,Annuelle,CTRY,Pays,USA,États-Unis,_Z,N'est pas applicable,POP,Population,_T,Total,_T,Total,PS_KM2,Personnes par kilomètre carré,2018,,35.66,,USA,États-Unis,A,Valeur normale,0,Units,2,Two
DATAFLOW,OECD.CFE.EDS:DSD_REG_DEMO@DF_DENSITY(2.0),Densité de population - Régions,I,A,Annuelle,CTRY,Pays,USA,États-Unis,_Z,N'est pas applicable,POP,Population,_T,Total,_T,Total,PS_KM2,Personnes par kilomètre carré,2008,,33.19,,USA,États-Unis,A,Valeur normale,0,Units,2,Two
DATAFLOW,OECD.CFE.EDS:DSD_REG_DEMO@DF_DENSITY(2.0),Densité de population - Régions,I,A,Annuelle,CTRY,Pays,USA,États-Unis,_Z,N'est pas applicable,POP,Population,_T,Total,_T,Total,PS_KM2,Personnes par kilomètre carré,2010,,33.76,,USA,États-Unis,A,Valeur normale,0,Units,2,Two
DATAFLOW,OECD.CFE.EDS:DSD_REG_DEMO@DF_DENSITY(2.0),Densité de population - Régions,I,A,Annuelle,CTRY,Pays,USA,États-Unis,_Z,N'est pas applicable,POP,Population,_T,Total,_T,Total,PS_KM2,Personnes par kilomètre carré,2011,,34.01,,USA,États-Unis,A,Valeur normale,0,Units,2,Two
DATAFLOW,OECD.CFE.EDS:DSD_REG_DEMO@DF_DENSITY(2.0),Densité de population - Régions,I,A,Annuelle,CTRY,Pays,EU27_2020,UE-27,_Z,N'est pas applicable,POP,Population,_T,Total,_T,Total,PS_KM2,Personnes par kilomètre carré,2018,,108.5,,EU27_2020,Union européenne (27 pays à partir du 01/02/2020),E,Valeur estimée,0,Units,2,Two
DATAFLOW,OECD.CFE.EDS:DSD_REG_DEMO@DF_DENSITY(2.0),Densité de population - Régions,I,A,Annuelle,CTRY,Pays,EU27_2020,UE-27,_Z,N'est pas applicable,POP,Population,_T,Total,_T,Total,PS_KM2,Personnes par kilomètre carré,2019,,108.71,,EU27_2020,Union européenne (27 pays à partir du 01/02/2020),B,Rupture de série,0,Units,2,Two
DATAFLOW,OECD.CFE.EDS:DSD_REG_DEMO@DF_DENSITY(2.0),Densité de population - Régions,I,A,Annuelle,CTRY,Pays,EU27_2020,UE-27,_Z,N'est pas applicable,POP,Population,_T,Total,_T,Total,PS,Personnes,2004,,432762039,,EU27_2020,Union européenne (27 pays à partir du 01/02/2020),A,Valeur normale,0,Units,0,Zero
DATAFLOW,OECD.CFE.EDS:DSD_REG_DEMO@DF_DENSITY(2.0),Densité de population - Régions,I,A,Annuelle,CTRY,Pays,EU27_2020,UE-27,_Z,N'est pas applicable,POP,Population,_T,Total,_T,Total,PS,Personnes,2003,,431190184,,EU27_2020,Union européenne (27 pays à partir du 01/02/2020),A,Valeur normale,0,Units,0,Zero
DATAFLOW,OECD.CFE.EDS:DSD_REG_DEMO@DF_DENSITY(2.0),Densité de population - Régions,I,A,Annuelle,CTRY,Pays,EU27_2020,UE-27,_Z,N'est pas applicable,POP,Population,_T,Total,_T,Total,PS,Personnes,2007,,437227496,,EU27_2020,Union européenne (27 pays à partir du 01/02/2020),A,Valeur normale,0,Units,0,Zero
DATAFLOW,OECD.CFE.EDS:DSD_REG_DEMO@DF_DENSITY(2.0),Densité de population - Régions,I,A,Annuelle,CTRY,Pays,EU27_2020,UE-27,_Z,N'est pas applicable,POP,Population,_T,Total,_T,Total,PS,Personnes,2002,,429723142,,EU27_2020,Union européenne (27 pays à partir du 01/02/2020),A,Valeur normale,0,Units,0,Zero
DATAFLOW,OECD.CFE.EDS:DSD_REG_DEMO@DF_DENSITY(2.0),Densité de population - Régions,I,A,Annuelle,CTRY,Pays,EU27_2020,UE-27,_Z,N'est pas applicable,POP,Population,_T,Total,_T,Total,PS,Personnes,1999,,427998269,,EU27_2020,Union européenne (27 pays à partir du 01/02/2020),E,Valeur estimée,0,Units,0,Zero
DATAFLOW,OECD.CFE.EDS:DSD_REG_DEMO@DF_DENSITY(2.0),Densité de population - Régions,I,A,Annuelle,CTRY,Pays,EU27_2020,UE-27,_Z,N'est pas applicable,POP,Population,_T,Total,_T,Total,PS,Personnes,1990,,418030739,,EU27_2020,Union européenne (27 pays à partir du 01/02/2020),A,Valeur normale,0,Units,0,Zero
DATAFLOW,OECD.CFE.EDS:DSD_REG_DEMO@DF_DENSITY(2.0),Densité de population - Régions,I,A,Annuelle,CTRY,Pays,EU27_2020,UE-27,_Z,N'est pas applicable,POP,Population,_T,Total,_T,Total,PS,Personnes,2016,,443987823,,EU27_2020,Union européenne (27 pays à partir du 01/02/2020),E,Valeur estimée,0,Units,0,Zero
DATAFLOW,OECD.CFE.EDS:DSD_REG_DEMO@DF_DENSITY(2.0),Densité de population - Régions,I,A,Annuelle,CTRY,Pays,EU27_2020,UE-27,_Z,N'est pas applicable,POP,Population,_T,Total,_T,Total,PS,Personnes,2017,,444655529,,EU27_2020,Union européenne (27 pays à partir du 01/02/2020),E,Valeur estimée,0,Units,0,Zero
DATAFLOW,OECD.CFE.EDS:DSD_REG_DEMO@DF_DENSITY(2.0),Densité de population - Régions,I,A,Annuelle,CTRY,Pays,EU27_2020,UE-27,_Z,N'est pas applicable,POP,Population,_T,Total,_T,Total,PS,Personnes,2018,,445287011,,EU27_2020,Union européenne (27 pays à partir du 01/02/2020),E,Valeur estimée,0,Units,0,Zero
DATAFLOW,OECD.CFE.EDS:DSD_REG_DEMO@DF_DENSITY(2.0),Densité de population - Régions,I,A,Annuelle,CTRY,Pays,EU27_2020,UE-27,_Z,N'est pas applicable,POP,Population,_T,Total,_T,Total,PS,Personnes,2019,,446135629,,EU27_2020,Union européenne (27 pays à partir du 01/02/2020),B,Rupture de série,0,Units,0,Zero
DATAFLOW,OECD.CFE.EDS:DSD_REG_DEMO@DF_DENSITY(2.0),Densité de population - Régions,I,A,Annuelle,CTRY,Pays,EU27_2020,UE-27,_Z,N'est pas applicable,POP,Population,_T,Total,_T,Total,PS,Personnes,2020,,447015600,,EU27_2020,Union européenne (27 pays à partir du 01/02/2020),E,Valeur estimée,0,Units,0,Zero
DATAFLOW,OECD.CFE.EDS:DSD_REG_DEMO@DF_DENSITY(2.0),Densité de population - Régions,I,A,Annuelle,CTRY,Pays,EU27_2020,UE-27,_Z,N'est pas applicable,POP,Population,_T,Total,_T,Total,PS,Personnes,2021,,445872542,,EU27_2020,Union européenne (27 pays à partir du 01/02/2020),E,Valeur estimée,0,Units,0,Zero
DATAFLOW,OECD.CFE.EDS:DSD_REG_DEMO@DF_DENSITY(2.0),Densité de population - Régions,I,A,Annuelle,CTRY,Pays,EU27_2020,UE-27,_Z,N'est pas applicable,POP,Population,_T,Total,_T,Total,PS,Personnes,2022,,445972024,,EU27_2020,Union européenne (27 pays à partir du 01/02/2020),E,Valeur estimée,0,Units,0,Zero
DATAFLOW,OECD.CFE.EDS:DSD_REG_DEMO@DF_DENSITY(2.0),Densité de population - Régions,I,A,Annuelle,CTRY,Pays,EU27_2020,UE-27,_Z,N'est pas applicable,POP,Population,_T,Total,_T,Total,PS,Personnes,2023,,447695350,,EU27_2020,Union européenne (27 pays à partir du 01/02/2020),E,Valeur estimée,0,Units,0,Zero
DATAFLOW,OECD.CFE.EDS:DSD_REG_DEMO@DF_DENSITY(2.0),Densité de population - Régions,I,A,Annuelle,CTRY,Pays,EU27_2020,UE-27,_Z,N'est pas applicable,POP,Population,_T,Total,_T,Total,PS,Personnes,2000,,428473834,,EU27_2020,Union européenne (27 pays à partir du 01/02/2020),E,Valeur estimée,0,Units,0,Zero
DATAFLOW,OECD.CFE.EDS:DSD_REG_DEMO@DF_DENSITY(2.0),Densité de population - Régions,I,A,Annuelle,CTRY,Pays,EU27_2020,UE-27,_Z,N'est pas applicable,POP,Population,_T,Total,_T,Total,PS,Personnes,1991,,419504036,,EU27_2020,Union européenne (27 pays à partir du 01/02/2020),E,Valeur estimée,0,Units,0,Zero
DATAFLOW,OECD.CFE.EDS:DSD_REG_DEMO@DF_DENSITY(2.0),Densité de population - Régions,I,A,Annuelle,CTRY,Pays,EU27_2020,UE-27,_Z,N'est pas applicable,POP,Population,_T,Total,_T,Total,PS,Personnes,2005,,434416272,,EU27_2020,Union européenne (27 pays à partir du 01/02/2020),A,Valeur normale,0,Units,0,Zero
DATAFLOW,OECD.CFE.EDS:DSD_REG_DEMO@DF_DENSITY(2.0),Densité de population - Régions,I,A,Annuelle,CTRY,Pays,EU27_2020,UE-27,_Z,N'est pas applicable,POP,Population,_T,Total,_T,Total,PS,Personnes,2006,,435816236,,EU27_2020,Union européenne (27 pays à partir du 01/02/2020),A,Valeur normale,0,Units,0,Zero
DATAFLOW,OECD.CFE.EDS:DSD_REG_DEMO@DF_DENSITY(2.0),Densité de population - Régions,I,A,Annuelle,CTRY,Pays,EU27_2020,UE-27,_Z,N'est pas applicable,POP,Population,_T,Total,_T,Total,PS,Personnes,2009,,440047892,,EU27_2020,Union européenne (27 pays à partir du 01/02/2020),A,Valeur normale,0,Units,0,Zero
DATAFLOW,OECD.CFE.EDS:DSD_REG_DEMO@DF_DENSITY(2.0),Densité de population - Régions,I,A,Annuelle,CTRY,Pays,EU27_2020,UE-27,_Z,N'est pas applicable,POP,Population,_T,Total,_T,Total,PS,Personnes,2013,,441257711,,EU27_2020,Union européenne (27 pays à partir du 01/02/2020),A,Valeur normale,0,Units,0,Zero
DATAFLOW,OECD.CFE.EDS:DSD_REG_DEMO@DF_DENSITY(2.0),Densité de population - Régions,I,A,Annuelle,CTRY,Pays,EU27_2020,UE-27,_Z,N'est pas applicable,POP,Population,_T,Total,_T,Total,PS_KM2,Personnes par kilomètre carré,2020,,108.92,,EU27_2020,Union européenne (27 pays à partir du 01/02/2020),E,Valeur estimée,0,Units,2,Two
DATAFLOW,OECD.CFE.EDS:DSD_REG_DEMO@DF_DENSITY(2.0),Densité de population - Régions,I,A,Annuelle,CTRY,Pays,EU27_2020,UE-27,_Z,N'est pas applicable,POP,Population,_T,Total,_T,Total,PS_KM2,Personnes par kilomètre carré,2021,,108.64,,EU27_2020,Union européenne (27 pays à partir du 01/02/2020),E,Valeur estimée,0,Units,2,Two
DATAFLOW,OECD.CFE.EDS:DSD_REG_DEMO@DF_DENSITY(2.0),Densité de population - Régions,I,A,Annuelle,CTRY,Pays,EU27_2020,UE-27,_Z,N'est pas applicable,POP,Population,_T,Total,_T,Total,PS_KM2,Personnes par kilomètre carré,2022,,108.67,,EU27_2020,Union européenne (27 pays à partir du 01/02/2020),E,Valeur estimée,0,Units,2,Two
DATAFLOW,OECD.CFE.EDS:DSD_REG_DEMO@DF_DENSITY(2.0),Densité de population - Régions,I,A,Annuelle,CTRY,Pays,EU27_2020,UE-27,_Z,N'est pas applicable,POP,Population,_T,Total,_T,Total,PS_KM2,Personnes par kilomètre carré,2023,,109.09,,EU27_2020,Union européenne (27 pays à partir du 01/02/2020),E,Valeur estimée,0,Units,2,Two
DATAFLOW,OECD.CFE.EDS:DSD_REG_DEMO@DF_DENSITY(2.0),Densité de population - Régions,I,A,Annuelle,CTRY,Pays,EU27_2020,UE-27,_Z,N'est pas applicable,POP,Population,_T,Total,_T,Total,PS_KM2,Personnes par kilomètre carré,1995,,103.3,,EU27_2020,Union européenne (27 pays à partir du 01/02/2020),E,Valeur estimée,0,Units,2,Two
DATAFLOW,OECD.CFE.EDS:DSD_REG_DEMO@DF_DENSITY(2.0),Densité de population - Régions,I,A,Annuelle,CTRY,Pays,EU27_2020,UE-27,_Z,N'est pas applicable,POP,Population,_T,Total,_T,Total,PS_KM2,Personnes par kilomètre carré,1996,,103.47,,EU27_2020,Union européenne (27 pays à partir du 01/02/2020),E,Valeur estimée,0,Units,2,Two
DATAFLOW,OECD.CFE.EDS:DSD_REG_DEMO@DF_DENSITY(2.0),Densité de population - Régions,I,A,Annuelle,CTRY,Pays,EU27_2020,UE-27,_Z,N'est pas applicable,POP,Population,_T,Total,_T,Total,PS_KM2,Personnes par kilomètre carré,1997,,103.62,,EU27_2020,Union européenne (27 pays à partir du 01/02/2020),E,Valeur estimée,0,Units,2,Two
DATAFLOW,OECD.CFE.EDS:DSD_REG_DEMO@DF_DENSITY(2.0),Densité de population - Régions,I,A,Annuelle,CTRY,Pays,EU27_2020,UE-27,_Z,N'est pas applicable,POP,Population,_T,Total,_T,Total,PS_KM2,Personnes par kilomètre carré,1998,,104.16,,EU27_2020,Union européenne (27 pays à partir du 01/02/2020),E,Valeur estimée,0,Units,2,Two
DATAFLOW,OECD.CFE.EDS:DSD_REG_DEMO@DF_DENSITY(2.0),Densité de population - Régions,I,A,Annuelle,CTRY,Pays,EU27_2020,UE-27,_Z,N'est pas applicable,POP,Population,_T,Total,_T,Total,PS_KM2,Personnes par kilomètre carré,2013,,107.52,,EU27_2020,Union européenne (27 pays à partir du 01/02/2020),A,Valeur normale,0,Units,2,Two
DATAFLOW,OECD.CFE.EDS:DSD_REG_DEMO@DF_DENSITY(2.0),Densité de population - Régions,I,A,Annuelle,CTRY,Pays,EU27_2020,UE-27,_Z,N'est pas applicable,POP,Population,_T,Total,_T,Total,PS_KM2,Personnes par kilomètre carré,2006,,106.19,,EU27_2020,Union européenne (27 pays à partir du 01/02/2020),A,Valeur normale,0,Units,2,Two
DATAFLOW,OECD.CFE.EDS:DSD_REG_DEMO@DF_DENSITY(2.0),Densité de population - Régions,I,A,Annuelle,CTRY,Pays,EU27_2020,UE-27,_Z,N'est pas applicable,POP,Population,_T,Total,_T,Total,PS_KM2,Personnes par kilomètre carré,2007,,106.54,,EU27_2020,Union européenne (27 pays à partir du 01/02/2020),A,Valeur normale,0,Units,2,Two
DATAFLOW,OECD.CFE.EDS:DSD_REG_DEMO@DF_DENSITY(2.0),Densité de population - Régions,I,A,Annuelle,CTRY,Pays,EU27_2020,UE-27,_Z,N'est pas applicable,POP,Population,_T,Total,_T,Total,PS_KM2,Personnes par kilomètre carré,2002,,104.71,,EU27_2020,Union européenne (27 pays à partir du 01/02/2020),A,Valeur normale,0,Units,2,Two
DATAFLOW,OECD.CFE.EDS:DSD_REG_DEMO@DF_DENSITY(2.0),Densité de population - Régions,I,A,Annuelle,CTRY,Pays,EU27_2020,UE-27,_Z,N'est pas applicable,POP,Population,_T,Total,_T,Total,PS_KM2,Personnes par kilomètre carré,2005,,105.85,,EU27_2020,Union européenne (27 pays à partir du 01/02/2020),A,Valeur normale,0,Units,2,Two
DATAFLOW,OECD.CFE.EDS:DSD_REG_DEMO@DF_DENSITY(2.0),Densité de population - Régions,I,A,Annuelle,CTRY,Pays,EU27_2020,UE-27,_Z,N'est pas applicable,POP,Population,_T,Total,_T,Total,PS_KM2,Personnes par kilomètre carré,2009,,107.22,,EU27_2020,Union européenne (27 pays à partir du 01/02/2020),A,Valeur normale,0,Units,2,Two
DATAFLOW,OECD.CFE.EDS:DSD_REG_DEMO@DF_DENSITY(2.0),Densité de population - Régions,I,A,Annuelle,CTRY,Pays,EU27_2020,UE-27,_Z,N'est pas applicable,POP,Population,_T,Total,_T,Total,PS_KM2,Personnes par kilomètre carré,2004,,105.45,,EU27_2020,Union européenne (27 pays à partir du 01/02/2020),A,Valeur normale,0,Units,2,Two
DATAFLOW,OECD.CFE.EDS:DSD_REG_DEMO@DF_DENSITY(2.0),Densité de population - Régions,I,A,Annuelle,CTRY,Pays,EU27_2020,UE-27,_Z,N'est pas applicable,POP,Population,_T,Total,_T,Total,PS_KM2,Personnes par kilomètre carré,2003,,105.07,,EU27_2020,Union européenne (27 pays à partir du 01/02/2020),A,Valeur normale,0,Units,2,Two
DATAFLOW,OECD.CFE.EDS:DSD_REG_DEMO@DF_DENSITY(2.0),Densité de population - Régions,I,A,Annuelle,CTRY,Pays,EU27_2020,UE-27,_Z,N'est pas applicable,POP,Population,_T,Total,_T,Total,PS_KM2,Personnes par kilomètre carré,1999,,104.29,,EU27_2020,Union européenne (27 pays à partir du 01/02/2020),E,Valeur estimée,0,Units,2,Two
DATAFLOW,OECD.CFE.EDS:DSD_REG_DEMO@DF_DENSITY(2.0),Densité de population - Régions,I,A,Annuelle,CTRY,Pays,EU27_2020,UE-27,_Z,N'est pas applicable,POP,Population,_T,Total,_T,Total,PS,Personnes,2001,,429240746,,EU27_2020,Union européenne (27 pays à partir du 01/02/2020),B,Rupture de série,0,Units,0,Zero
DATAFLOW,OECD.CFE.EDS:DSD_REG_DEMO@DF_DENSITY(2.0),Densité de population - Régions,I,A,Annuelle,CTRY,Pays,EU27_2020,UE-27,_Z,N'est pas applicable,POP,Population,_T,Total,_T,Total,PS,Personnes,2008,,438725386,,EU27_2020,Union européenne (27 pays à partir du 01/02/2020),B,Rupture de série,0,Units,0,Zero
DATAFLOW,OECD.CFE.EDS:DSD_REG_DEMO@DF_DENSITY(2.0),Densité de population - Régions,I,A,Annuelle,CTRY,Pays,EU27_2020,UE-27,_Z,N'est pas applicable,POP,Population,_T,Total,_T,Total,PS,Personnes,1992,,420413536,,EU27_2020,Union européenne (27 pays à partir du 01/02/2020),E,Valeur estimée,0,Units,0,Zero
DATAFLOW,OECD.CFE.EDS:DSD_REG_DEMO@DF_DENSITY(2.0),Densité de population - Régions,I,A,Annuelle,CTRY,Pays,EU27_2020,UE-27,_Z,N'est pas applicable,POP,Population,_T,Total,_T,Total,PS,Personnes,1993,,421912578,,EU27_2020,Union européenne (27 pays à partir du 01/02/2020),E,Valeur estimée,0,Units,0,Zero
DATAFLOW,OECD.CFE.EDS:DSD_REG_DEMO@DF_DENSITY(2.0),Densité de population - Régions,I,A,Annuelle,CTRY,Pays,EU27_2020,UE-27,_Z,N'est pas applicable,POP,Population,_T,Total,_T,Total,PS,Personnes,1994,,423104986,,EU27_2020,Union européenne (27 pays à partir du 01/02/2020),E,Valeur estimée,0,Units,0,Zero
DATAFLOW,OECD.CFE.EDS:DSD_REG_DEMO@DF_DENSITY(2.0),Densité de population - Régions,I,A,Annuelle,CTRY,Pays,EU27_2020,UE-27,_Z,N'est pas applicable,POP,Population,_T,Total,_T,Total,PS,Personnes,1995,,423960534,,EU27_2020,Union européenne (27 pays à partir du 01/02/2020),E,Valeur estimée,0,Units,0,Zero
DATAFLOW,OECD.CFE.EDS:DSD_REG_DEMO@DF_DENSITY(2.0),Densité de population - Régions,I,A,Annuelle,CTRY,Pays,EU27_2020,UE-27,_Z,N'est pas applicable,POP,Population,_T,Total,_T,Total,PS,Personnes,1996,,424641798,,EU27_2020,Union européenne (27 pays à partir du 01/02/2020),E,Valeur estimée,0,Units,0,Zero
DATAFLOW,OECD.CFE.EDS:DSD_REG_DEMO@DF_DENSITY(2.0),Densité de population - Régions,I,A,Annuelle,CTRY,Pays,EU27_2020,UE-27,_Z,N'est pas applicable,POP,Population,_T,Total,_T,Total,PS,Personnes,1997,,425273491,,EU27_2020,Union européenne (27 pays à partir du 01/02/2020),E,Valeur estimée,0,Units,0,Zero
DATAFLOW,OECD.CFE.EDS:DSD_REG_DEMO@DF_DENSITY(2.0),Densité de population - Régions,I,A,Annuelle,CTRY,Pays,EU27_2020,UE-27,_Z,N'est pas applicable,POP,Population,_T,Total,_T,Total,PS,Personnes,1998,,427482962,,EU27_2020,Union européenne (27 pays à partir du 01/02/2020),E,Valeur estimée,0,Units,0,Zero
DATAFLOW,OECD.CFE.EDS:DSD_REG_DEMO@DF_DENSITY(2.0),Densité de population - Régions,I,A,Annuelle,CTRY,Pays,EU27_2020,UE-27,_Z,N'est pas applicable,POP,Population,_T,Total,_T,Total,PS,Personnes,2010,,440660421,,EU27_2020,Union européenne (27 pays à partir du 01/02/2020),B,Rupture de série,0,Units,0,Zero
DATAFLOW,OECD.CFE.EDS:DSD_REG_DEMO@DF_DENSITY(2.0),Densité de population - Régions,I,A,Annuelle,CTRY,Pays,EU27_2020,UE-27,_Z,N'est pas applicable,POP,Population,_T,Total,_T,Total,PS,Personnes,2012,,440552661,,EU27_2020,Union européenne (27 pays à partir du 01/02/2020),B,Rupture de série,0,Units,0,Zero
DATAFLOW,OECD.CFE.EDS:DSD_REG_DEMO@DF_DENSITY(2.0),Densité de population - Régions,I,A,Annuelle,CTRY,Pays,EU27_2020,UE-27,_Z,N'est pas applicable,POP,Population,_T,Total,_T,Total,PS,Personnes,2011,,439942305,,EU27_2020,Union européenne (27 pays à partir du 01/02/2020),B,Rupture de série,0,Units,0,Zero
DATAFLOW,OECD.CFE.EDS:DSD_REG_DEMO@DF_DENSITY(2.0),Densité de population - Régions,I,A,Annuelle,CTRY,Pays,EU27_2020,UE-27,_Z,N'est pas applicable,POP,Population,_T,Total,_T,Total,PS,Personnes,2014,,442266046,,EU27_2020,Union européenne (27 pays à partir du 01/02/2020),E,Valeur estimée,0,Units,0,Zero
DATAFLOW,OECD.CFE.EDS:DSD_REG_DEMO@DF_DENSITY(2.0),Densité de population - Régions,I,A,Annuelle,CTRY,Pays,EU27_2020,UE-27,_Z,N'est pas applicable,POP,Population,_T,Total,_T,Total,PS,Personnes,2015,,442911027,,EU27_2020,Union européenne (27 pays à partir du 01/02/2020),E,Valeur estimée,0,Units,0,Zero
DATAFLOW,OECD.CFE.EDS:DSD_REG_DEMO@DF_DENSITY(2.0),Densité de population - Régions,I,A,Annuelle,CTRY,Pays,EU27_2020,UE-27,_Z,N'est pas applicable,POP,Population,_T,Total,_T,Total,PS_KM2,Personnes par kilomètre carré,2000,,104.4,,EU27_2020,Union européenne (27 pays à partir du 01/02/2020),E,Valeur estimée,0,Units,2,Two
DATAFLOW,OECD.CFE.EDS:DSD_REG_DEMO@DF_DENSITY(2.0),Densité de population - Régions,I,A,Annuelle,CTRY,Pays,EU27_2020,UE-27,_Z,N'est pas applicable,POP,Population,_T,Total,_T,Total,PS_KM2,Personnes par kilomètre carré,2001,,104.59,,EU27_2020,Union européenne (27 pays à partir du 01/02/2020),B,Rupture de série,0,Units,2,Two
DATAFLOW,OECD.CFE.EDS:DSD_REG_DEMO@DF_DENSITY(2.0),Densité de population - Régions,I,A,Annuelle,CTRY,Pays,EU27_2020,UE-27,_Z,N'est pas applicable,POP,Population,_T,Total,_T,Total,PS_KM2,Personnes par kilomètre carré,2008,,106.9,,EU27_2020,Union européenne (27 pays à partir du 01/02/2020),B,Rupture de série,0,Units,2,Two
DATAFLOW,OECD.CFE.EDS:DSD_REG_DEMO@DF_DENSITY(2.0),Densité de population - Régions,I,A,Annuelle,CTRY,Pays,EU27_2020,UE-27,_Z,N'est pas applicable,POP,Population,_T,Total,_T,Total,PS_KM2,Personnes par kilomètre carré,2010,,107.37,,EU27_2020,Union européenne (27 pays à partir du 01/02/2020),B,Rupture de série,0,Units,2,Two
DATAFLOW,OECD.CFE.EDS:DSD_REG_DEMO@DF_DENSITY(2.0),Densité de population - Régions,I,A,Annuelle,CTRY,Pays,EU27_2020,UE-27,_Z,N'est pas applicable,POP,Population,_T,Total,_T,Total,PS_KM2,Personnes par kilomètre carré,2012,,107.35,,EU27_2020,Union européenne (27 pays à partir du 01/02/2020),B,Rupture de série,0,Units,2,Two
DATAFLOW,OECD.CFE.EDS:DSD_REG_DEMO@DF_DENSITY(2.0),Densité de population - Régions,I,A,Annuelle,CTRY,Pays,EU27_2020,UE-27,_Z,N'est pas applicable,POP,Population,_T,Total,_T,Total,PS_KM2,Personnes par kilomètre carré,2011,,107.2,,EU27_2020,Union européenne (27 pays à partir du 01/02/2020),B,Rupture de série,0,Units,2,Two
DATAFLOW,OECD.CFE.EDS:DSD_REG_DEMO@DF_DENSITY(2.0),Densité de population - Régions,I,A,Annuelle,CTRY,Pays,EU27_2020,UE-27,_Z,N'est pas applicable,POP,Population,_T,Total,_T,Total,PS_KM2,Personnes par kilomètre carré,2014,,107.76,,EU27_2020,Union européenne (27 pays à partir du 01/02/2020),E,Valeur estimée,0,Units,2,Two
DATAFLOW,OECD.CFE.EDS:DSD_REG_DEMO@DF_DENSITY(2.0),Densité de population - Régions,I,A,Annuelle,CTRY,Pays,EU27_2020,UE-27,_Z,N'est pas applicable,POP,Population,_T,Total,_T,Total,PS_KM2,Personnes par kilomètre carré,2015,,107.92,,EU27_2020,Union européenne (27 pays à partir du 01/02/2020),E,Valeur estimée,0,Units,2,Two
DATAFLOW,OECD.CFE.EDS:DSD_REG_DEMO@DF_DENSITY(2.0),Densité de population - Régions,I,A,Annuelle,CTRY,Pays,EU27_2020,UE-27,_Z,N'est pas applicable,POP,Population,_T,Total,_T,Total,PS_KM2,Personnes par kilomètre carré,2016,,108.18,,EU27_2020,Union européenne (27 pays à partir du 01/02/2020),E,Valeur estimée,0,Units,2,Two
DATAFLOW,OECD.CFE.EDS:DSD_REG_DEMO@DF_DENSITY(2.0),Densité de population - Régions,I,A,Annuelle,CTRY,Pays,ALB,Albanie,_Z,N'est pas applicable,POP,Population,_T,Total,_T,Total,PS_KM2,Personnes par kilomètre carré,2017,,102.35,,ALB,Albanie,A,Valeur normale,0,Units,2,Two
DATAFLOW,OECD.CFE.EDS:DSD_REG_DEMO@DF_DENSITY(2.0),Densité de population - Régions,I,A,Annuelle,CTRY,Pays,ALB,Albanie,_Z,N'est pas applicable,POP,Population,_T,Total,_T,Total,PS_KM2,Personnes par kilomètre carré,2010,,103.85,,ALB,Albanie,A,Valeur normale,0,Units,2,Two
DATAFLOW,OECD.CFE.EDS:DSD_REG_DEMO@DF_DENSITY(2.0),Densité de population - Régions,I,A,Annuelle,CTRY,Pays,ALB,Albanie,_Z,N'est pas applicable,POP,Population,_T,Total,_T,Total,PS,Personnes,1994,,3220310,,ALB,Albanie,A,Valeur normale,0,Units,0,Zero
DATAFLOW,OECD.CFE.EDS:DSD_REG_DEMO@DF_DENSITY(2.0),Densité de population - Régions,I,A,Annuelle,CTRY,Pays,ALB,Albanie,_Z,N'est pas applicable,POP,Population,_T,Total,_T,Total,PS,Personnes,1996,,3283000,,ALB,Albanie,A,Valeur normale,0,Units,0,Zero
DATAFLOW,OECD.CFE.EDS:DSD_REG_DEMO@DF_DENSITY(2.0),Densité de population - Régions,I,A,Annuelle,CTRY,Pays,ALB,Albanie,_Z,N'est pas applicable,POP,Population,_T,Total,_T,Total,PS,Personnes,1997,,3324317,,ALB,Albanie,A,Valeur normale,0,Units,0,Zero
DATAFLOW,OECD.CFE.EDS:DSD_REG_DEMO@DF_DENSITY(2.0),Densité de population - Régions,I,A,Annuelle,CTRY,Pays,ALB,Albanie,_Z,N'est pas applicable,POP,Population,_T,Total,_T,Total,PS,Personnes,1998,,3354341,,ALB,Albanie,A,Valeur normale,0,Units,0,Zero
DATAFLOW,OECD.CFE.EDS:DSD_REG_DEMO@DF_DENSITY(2.0),Densité de population - Régions,I,A,Annuelle,CTRY,Pays,ALB,Albanie,_Z,N'est pas applicable,POP,Population,_T,Total,_T,Total,PS,Personnes,1993,,3167478,,ALB,Albanie,A,Valeur normale,0,Units,0,Zero
DATAFLOW,OECD.CFE.EDS:DSD_REG_DEMO@DF_DENSITY(2.0),Densité de population - Régions,I,A,Annuelle,CTRY,Pays,ALB,Albanie,_Z,N'est pas applicable,POP,Population,_T,Total,_T,Total,PS,Personnes,1991,,3259814,,ALB,Albanie,A,Valeur normale,0,Units,0,Zero
DATAFLOW,OECD.CFE.EDS:DSD_REG_DEMO@DF_DENSITY(2.0),Densité de population - Régions,I,A,Annuelle,CTRY,Pays,ALB,Albanie,_Z,N'est pas applicable,POP,Population,_T,Total,_T,Total,PS,Personnes,2004,,3034231,,ALB,Albanie,A,Valeur normale,0,Units,0,Zero
DATAFLOW,OECD.CFE.EDS:DSD_REG_DEMO@DF_DENSITY(2.0),Densité de population - Régions,I,A,Annuelle,CTRY,Pays,ALB,Albanie,_Z,N'est pas applicable,POP,Population,_T,Total,_T,Total,PS,Personnes,2006,,3003329,,ALB,Albanie,A,Valeur normale,0,Units,0,Zero
DATAFLOW,OECD.CFE.EDS:DSD_REG_DEMO@DF_DENSITY(2.0),Densité de population - Régions,I,A,Annuelle,CTRY,Pays,ALB,Albanie,_Z,N'est pas applicable,POP,Population,_T,Total,_T,Total,PS,Personnes,2019,,2862427,,ALB,Albanie,A,Valeur normale,0,Units,0,Zero
DATAFLOW,OECD.CFE.EDS:DSD_REG_DEMO@DF_DENSITY(2.0),Densité de population - Régions,I,A,Annuelle,CTRY,Pays,ALB,Albanie,_Z,N'est pas applicable,POP,Population,_T,Total,_T,Total,PS,Personnes,2020,,2845955,,ALB,Albanie,A,Valeur normale,0,Units,0,Zero
DATAFLOW,OECD.CFE.EDS:DSD_REG_DEMO@DF_DENSITY(2.0),Densité de population - Régions,I,A,Annuelle,CTRY,Pays,ALB,Albanie,_Z,N'est pas applicable,POP,Population,_T,Total,_T,Total,PS,Personnes,1992,,3190103,,ALB,Albanie,A,Valeur normale,0,Units,0,Zero
DATAFLOW,OECD.CFE.EDS:DSD_REG_DEMO@DF_DENSITY(2.0),Densité de population - Régions,I,A,Annuelle,CTRY,Pays,ALB,Albanie,_Z,N'est pas applicable,POP,Population,_T,Total,_T,Total,PS,Personnes,2012,,2903008,,ALB,Albanie,A,Valeur normale,0,Units,0,Zero
DATAFLOW,OECD.CFE.EDS:DSD_REG_DEMO@DF_DENSITY(2.0),Densité de population - Régions,I,A,Annuelle,CTRY,Pays,ALB,Albanie,_Z,N'est pas applicable,POP,Population,_T,Total,_T,Total,PS,Personnes,2013,,2897770,,ALB,Albanie,A,Valeur normale,0,Units,0,Zero
DATAFLOW,OECD.CFE.EDS:DSD_REG_DEMO@DF_DENSITY(2.0),Densité de population - Régions,I,A,Annuelle,CTRY,Pays,ALB,Albanie,_Z,N'est pas applicable,POP,Population,_T,Total,_T,Total,PS,Personnes,1995,,3248836,,ALB,Albanie,A,Valeur normale,0,Units,0,Zero
DATAFLOW,OECD.CFE.EDS:DSD_REG_DEMO@DF_DENSITY(2.0),Densité de population - Régions,I,A,Annuelle,CTRY,Pays,ALB,Albanie,_Z,N'est pas applicable,POP,Population,_T,Total,_T,Total,PS,Personnes,2007,,2981755,,ALB,Albanie,A,Valeur normale,0,Units,0,Zero
DATAFLOW,OECD.CFE.EDS:DSD_REG_DEMO@DF_DENSITY(2.0),Densité de population - Régions,I,A,Annuelle,CTRY,Pays,ALB,Albanie,_Z,N'est pas applicable,POP,Population,_T,Total,_T,Total,PS,Personnes,2008,,2958266,,ALB,Albanie,A,Valeur normale,0,Units,0,Zero
DATAFLOW,OECD.CFE.EDS:DSD_REG_DEMO@DF_DENSITY(2.0),Densité de population - Régions,I,A,Annuelle,CTRY,Pays,ALB,Albanie,_Z,N'est pas applicable,POP,Population,_T,Total,_T,Total,PS,Personnes,1990,,3286500,,ALB,Albanie,A,Valeur normale,0,Units,0,Zero
DATAFLOW,OECD.CFE.EDS:DSD_REG_DEMO@DF_DENSITY(2.0),Densité de population - Régions,I,A,Annuelle,CTRY,Pays,ALB,Albanie,_Z,N'est pas applicable,POP,Population,_T,Total,_T,Total,PS,Personnes,2001,,3063318,,ALB,Albanie,A,Valeur normale,0,Units,0,Zero
DATAFLOW,OECD.CFE.EDS:DSD_REG_DEMO@DF_DENSITY(2.0),Densité de population - Régions,I,A,Annuelle,CTRY,Pays,ALB,Albanie,_Z,N'est pas applicable,POP,Population,_T,Total,_T,Total,PS,Personnes,2002,,3057018,,ALB,Albanie,A,Valeur normale,0,Units,0,Zero
DATAFLOW,OECD.CFE.EDS:DSD_REG_DEMO@DF_DENSITY(2.0),Densité de population - Régions,I,A,Annuelle,CTRY,Pays,ALB,Albanie,_Z,N'est pas applicable,POP,Population,_T,Total,_T,Total,PS,Personnes,2003,,3044993,,ALB,Albanie,A,Valeur normale,0,Units,0,Zero
DATAFLOW,OECD.CFE.EDS:DSD_REG_DEMO@DF_DENSITY(2.0),Densité de population - Régions,I,A,Annuelle,CTRY,Pays,ALB,Albanie,_Z,N'est pas applicable,POP,Population,_T,Total,_T,Total,PS_KM2,Personnes par kilomètre carré,2011,,103.44,,ALB,Albanie,A,Valeur normale,0,Units,2,Two
DATAFLOW,OECD.CFE.EDS:DSD_REG_DEMO@DF_DENSITY(2.0),Densité de population - Régions,I,A,Annuelle,CTRY,Pays,ALB,Albanie,_Z,N'est pas applicable,POP,Population,_T,Total,_T,Total,PS_KM2,Personnes par kilomètre carré,2006,,106.86,,ALB,Albanie,A,Valeur normale,0,Units,2,Two
DATAFLOW,OECD.CFE.EDS:DSD_REG_DEMO@DF_DENSITY(2.0),Densité de population - Régions,I,A,Annuelle,CTRY,Pays,ALB,Albanie,_Z,N'est pas applicable,POP,Population,_T,Total,_T,Total,PS_KM2,Personnes par kilomètre carré,2007,,106.09,,ALB,Albanie,A,Valeur normale,0,Units,2,Two
DATAFLOW,OECD.CFE.EDS:DSD_REG_DEMO@DF_DENSITY(2.0),Densité de population - Régions,I,A,Annuelle,CTRY,Pays,ALB,Albanie,_Z,N'est pas applicable,POP,Population,_T,Total,_T,Total,PS_KM2,Personnes par kilomètre carré,2008,,105.25,,ALB,Albanie,A,Valeur normale,0,Units,2,Two
DATAFLOW,OECD.CFE.EDS:DSD_REG_DEMO@DF_DENSITY(2.0),Densité de population - Régions,I,A,Annuelle,CTRY,Pays,ALB,Albanie,_Z,N'est pas applicable,POP,Population,_T,Total,_T,Total,PS_KM2,Personnes par kilomètre carré,2001,,108.99,,ALB,Albanie,A,Valeur normale,0,Units,2,Two
DATAFLOW,OECD.CFE.EDS:DSD_REG_DEMO@DF_DENSITY(2.0),Densité de population - Régions,I,A,Annuelle,CTRY,Pays,ALB,Albanie,_Z,N'est pas applicable,POP,Population,_T,Total,_T,Total,PS_KM2,Personnes par kilomètre carré,2002,,108.77,,ALB,Albanie,A,Valeur normale,0,Units,2,Two
DATAFLOW,OECD.CFE.EDS:DSD_REG_DEMO@DF_DENSITY(2.0),Densité de population - Régions,I,A,Annuelle,CTRY,Pays,ALB,Albanie,_Z,N'est pas applicable,POP,Population,_T,Total,_T,Total,PS_KM2,Personnes par kilomètre carré,2014,,102.91,,ALB,Albanie,A,Valeur normale,0,Units,2,Two
DATAFLOW,OECD.CFE.EDS:DSD_REG_DEMO@DF_DENSITY(2.0),Densité de population - Régions,I,A,Annuelle,CTRY,Pays,ALB,Albanie,_Z,N'est pas applicable,POP,Population,_T,Total,_T,Total,PS_KM2,Personnes par kilomètre carré,2005,,107.44,,ALB,Albanie,A,Valeur normale,0,Units,2,Two
DATAFLOW,OECD.CFE.EDS:DSD_REG_DEMO@DF_DENSITY(2.0),Densité de population - Régions,I,A,Annuelle,CTRY,Pays,ALB,Albanie,_Z,N'est pas applicable,POP,Population,_T,Total,_T,Total,PS_KM2,Personnes par kilomètre carré,1996,,116.81,,ALB,Albanie,A,Valeur normale,0,Units,2,Two
DATAFLOW,OECD.CFE.EDS:DSD_REG_DEMO@DF_DENSITY(2.0),Densité de population - Régions,I,A,Annuelle,CTRY,Pays,ALB,Albanie,_Z,N'est pas applicable,POP,Population,_T,Total,_T,Total,PS_KM2,Personnes par kilomètre carré,1997,,118.28,,ALB,Albanie,A,Valeur normale,0,Units,2,Two
DATAFLOW,OECD.CFE.EDS:DSD_REG_DEMO@DF_DENSITY(2.0),Densité de population - Régions,I,A,Annuelle,CTRY,Pays,ALB,Albanie,_Z,N'est pas applicable,POP,Population,_T,Total,_T,Total,PS_KM2,Personnes par kilomètre carré,2009,,104.47,,ALB,Albanie,A,Valeur normale,0,Units,2,Two
DATAFLOW,OECD.CFE.EDS:DSD_REG_DEMO@DF_DENSITY(2.0),Densité de population - Régions,I,A,Annuelle,CTRY,Pays,ALB,Albanie,_Z,N'est pas applicable,POP,Population,_T,Total,_T,Total,PS_KM2,Personnes par kilomètre carré,2000,,108.82,,ALB,Albanie,A,Valeur normale,0,Units,2,Two
DATAFLOW,OECD.CFE.EDS:DSD_REG_DEMO@DF_DENSITY(2.0),Densité de population - Régions,I,A,Annuelle,CTRY,Pays,ALB,Albanie,_Z,N'est pas applicable,POP,Population,_T,Total,_T,Total,PS_KM2,Personnes par kilomètre carré,2004,,107.96,,ALB,Albanie,A,Valeur normale,0,Units,2,Two
DATAFLOW,OECD.CFE.EDS:DSD_REG_DEMO@DF_DENSITY(2.0),Densité de population - Régions,I,A,Annuelle,CTRY,Pays,ALB,Albanie,_Z,N'est pas applicable,POP,Population,_T,Total,_T,Total,PS_KM2,Personnes par kilomètre carré,1995,,115.59,,ALB,Albanie,A,Valeur normale,0,Units,2,Two
DATAFLOW,OECD.CFE.EDS:DSD_REG_DEMO@DF_DENSITY(2.0),Densité de population - Régions,I,A,Annuelle,CTRY,Pays,ALB,Albanie,_Z,N'est pas applicable,POP,Population,_T,Total,_T,Total,PS_KM2,Personnes par kilomètre carré,1999,,120.03,,ALB,Albanie,A,Valeur normale,0,Units,2,Two
DATAFLOW,OECD.CFE.EDS:DSD_REG_DEMO@DF_DENSITY(2.0),Densité de population - Régions,I,A,Annuelle,CTRY,Pays,ALB,Albanie,_Z,N'est pas applicable,POP,Population,_T,Total,_T,Total,PS_KM2,Personnes par kilomètre carré,1998,,119.35,,ALB,Albanie,A,Valeur normale,0,Units,2,Two
DATAFLOW,OECD.CFE.EDS:DSD_REG_DEMO@DF_DENSITY(2.0),Densité de population - Régions,I,A,Annuelle,CTRY,Pays,ALB,Albanie,_Z,N'est pas applicable,POP,Population,_T,Total,_T,Total,PS_KM2,Personnes par kilomètre carré,2003,,108.34,,ALB,Albanie,A,Valeur normale,0,Units,2,Two
DATAFLOW,OECD.CFE.EDS:DSD_REG_DEMO@DF_DENSITY(2.0),Densité de population - Régions,I,A,Annuelle,CTRY,Pays,ALB,Albanie,_Z,N'est pas applicable,POP,Population,_T,Total,_T,Total,PS,Personnes,2018,,2870324,,ALB,Albanie,A,Valeur normale,0,Units,0,Zero
DATAFLOW,OECD.CFE.EDS:DSD_REG_DEMO@DF_DENSITY(2.0),Densité de population - Régions,I,A,Annuelle,CTRY,Pays,ALB,Albanie,_Z,N'est pas applicable,POP,Population,_T,Total,_T,Total,PS,Personnes,2023,,2761785,,ALB,Albanie,A,Valeur normale,0,Units,0,Zero
DATAFLOW,OECD.CFE.EDS:DSD_REG_DEMO@DF_DENSITY(2.0),Densité de population - Régions,I,A,Annuelle,CTRY,Pays,ALB,Albanie,_Z,N'est pas applicable,POP,Population,_T,Total,_T,Total,PS,Personnes,2010,,2918674,,ALB,Albanie,A,Valeur normale,0,Units,0,Zero
DATAFLOW,OECD.CFE.EDS:DSD_REG_DEMO@DF_DENSITY(2.0),Densité de population - Régions,I,A,Annuelle,CTRY,Pays,ALB,Albanie,_Z,N'est pas applicable,POP,Population,_T,Total,_T,Total,PS,Personnes,2015,,2885796,,ALB,Albanie,A,Valeur normale,0,Units,0,Zero
DATAFLOW,OECD.CFE.EDS:DSD_REG_DEMO@DF_DENSITY(2.0),Densité de population - Régions,I,A,Annuelle,CTRY,Pays,ALB,Albanie,_Z,N'est pas applicable,POP,Population,_T,Total,_T,Total,PS,Personnes,2016,,2875592,,ALB,Albanie,A,Valeur normale,0,Units,0,Zero
DATAFLOW,OECD.CFE.EDS:DSD_REG_DEMO@DF_DENSITY(2.0),Densité de population - Régions,I,A,Annuelle,CTRY,Pays,ALB,Albanie,_Z,N'est pas applicable,POP,Population,_T,Total,_T,Total,PS,Personnes,2017,,2876591,,ALB,Albanie,A,Valeur normale,0,Units,0,Zero
DATAFLOW,OECD.CFE.EDS:DSD_REG_DEMO@DF_DENSITY(2.0),Densité de population - Régions,I,A,Annuelle,CTRY,Pays,ALB,Albanie,_Z,N'est pas applicable,POP,Population,_T,Total,_T,Total,PS,Personnes,2005,,3019634,,ALB,Albanie,A,Valeur normale,0,Units,0,Zero
DATAFLOW,OECD.CFE.EDS:DSD_REG_DEMO@DF_DENSITY(2.0),Densité de population - Régions,I,A,Annuelle,CTRY,Pays,ALB,Albanie,_Z,N'est pas applicable,POP,Population,_T,Total,_T,Total,PS,Personnes,2021,,2829741,,ALB,Albanie,A,Valeur normale,0,Units,0,Zero
DATAFLOW,OECD.CFE.EDS:DSD_REG_DEMO@DF_DENSITY(2.0),Densité de population - Régions,I,A,Annuelle,CTRY,Pays,ALB,Albanie,_Z,N'est pas applicable,POP,Population,_T,Total,_T,Total,PS,Personnes,2022,,2793592,,ALB,Albanie,A,Valeur normale,0,Units,0,Zero
DATAFLOW,OECD.CFE.EDS:DSD_REG_DEMO@DF_DENSITY(2.0),Densité de population - Régions,I,A,Annuelle,CTRY,Pays,ALB,Albanie,_Z,N'est pas applicable,POP,Population,_T,Total,_T,Total,PS,Personnes,2009,,2936355,,ALB,Albanie,A,Valeur normale,0,Units,0,Zero
DATAFLOW,OECD.CFE.EDS:DSD_REG_DEMO@DF_DENSITY(2.0),Densité de population - Régions,I,A,Annuelle,CTRY,Pays,ALB,Albanie,_Z,N'est pas applicable,POP,Population,_T,Total,_T,Total,PS,Personnes,1999,,3373445,,ALB,Albanie,A,Valeur normale,0,Units,0,Zero
DATAFLOW,OECD.CFE.EDS:DSD_REG_DEMO@DF_DENSITY(2.0),Densité de population - Régions,I,A,Annuelle,CTRY,Pays,ALB,Albanie,_Z,N'est pas applicable,POP,Population,_T,Total,_T,Total,PS,Personnes,2000,,3058497,,ALB,Albanie,A,Valeur normale,0,Units,0,Zero
DATAFLOW,OECD.CFE.EDS:DSD_REG_DEMO@DF_DENSITY(2.0),Densité de population - Régions,I,A,Annuelle,CTRY,Pays,ALB,Albanie,_Z,N'est pas applicable,POP,Population,_T,Total,_T,Total,PS,Personnes,2011,,2907361,,ALB,Albanie,A,Valeur normale,0,Units,0,Zero
DATAFLOW,OECD.CFE.EDS:DSD_REG_DEMO@DF_DENSITY(2.0),Densité de population - Régions,I,A,Annuelle,CTRY,Pays,ALB,Albanie,_Z,N'est pas applicable,POP,Population,_T,Total,_T,Total,PS,Personnes,2014,,2892394,,ALB,Albanie,A,Valeur normale,0,Units,0,Zero
DATAFLOW,OECD.CFE.EDS:DSD_REG_DEMO@DF_DENSITY(2.0),Densité de population - Régions,I,A,Annuelle,CTRY,Pays,ALB,Albanie,_Z,N'est pas applicable,POP,Population,_T,Total,_T,Total,PS_KM2,Personnes par kilomètre carré,2020,,101.26,,ALB,Albanie,A,Valeur normale,0,Units,2,Two
DATAFLOW,OECD.CFE.EDS:DSD_REG_DEMO@DF_DENSITY(2.0),Densité de population - Régions,I,A,Annuelle,CTRY,Pays,ALB,Albanie,_Z,N'est pas applicable,POP,Population,_T,Total,_T,Total,PS_KM2,Personnes par kilomètre carré,2021,,100.68,,ALB,Albanie,A,Valeur normale,0,Units,2,Two
DATAFLOW,OECD.CFE.EDS:DSD_REG_DEMO@DF_DENSITY(2.0),Densité de population - Régions,I,A,Annuelle,CTRY,Pays,ALB,Albanie,_Z,N'est pas applicable,POP,Population,_T,Total,_T,Total,PS_KM2,Personnes par kilomètre carré,2018,,102.12,,ALB,Albanie,A,Valeur normale,0,Units,2,Two
DATAFLOW,OECD.CFE.EDS:DSD_REG_DEMO@DF_DENSITY(2.0),Densité de population - Régions,I,A,Annuelle,CTRY,Pays,ALB,Albanie,_Z,N'est pas applicable,POP,Population,_T,Total,_T,Total,PS_KM2,Personnes par kilomètre carré,2019,,101.84,,ALB,Albanie,A,Valeur normale,0,Units,2,Two
DATAFLOW,OECD.CFE.EDS:DSD_REG_DEMO@DF_DENSITY(2.0),Densité de population - Régions,I,A,Annuelle,CTRY,Pays,ALB,Albanie,_Z,N'est pas applicable,POP,Population,_T,Total,_T,Total,PS_KM2,Personnes par kilomètre carré,2022,,99.39,,ALB,Albanie,A,Valeur normale,0,Units,2,Two
DATAFLOW,OECD.CFE.EDS:DSD_REG_DEMO@DF_DENSITY(2.0),Densité de population - Régions,I,A,Annuelle,CTRY,Pays,ALB,Albanie,_Z,N'est pas applicable,POP,Population,_T,Total,_T,Total,PS_KM2,Personnes par kilomètre carré,2023,,98.26,,ALB,Albanie,A,Valeur normale,0,Units,2,Two
DATAFLOW,OECD.CFE.EDS:DSD_REG_DEMO@DF_DENSITY(2.0),Densité de population - Régions,I,A,Annuelle,CTRY,Pays,ALB,Albanie,_Z,N'est pas applicable,POP,Population,_T,Total,_T,Total,PS_KM2,Personnes par kilomètre carré,2012,,103.29,,ALB,Albanie,A,Valeur normale,0,Units,2,Two
DATAFLOW,OECD.CFE.EDS:DSD_REG_DEMO@DF_DENSITY(2.0),Densité de population - Régions,I,A,Annuelle,CTRY,Pays,ALB,Albanie,_Z,N'est pas applicable,POP,Population,_T,Total,_T,Total,PS_KM2,Personnes par kilomètre carré,2013,,103.1,,ALB,Albanie,A,Valeur normale,0,Units,2,Two
DATAFLOW,OECD.CFE.EDS:DSD_REG_DEMO@DF_DENSITY(2.0),Densité de population - Régions,I,A,Annuelle,CTRY,Pays,ALB,Albanie,_Z,N'est pas applicable,POP,Population,_T,Total,_T,Total,PS_KM2,Personnes par kilomètre carré,2015,,102.68,,ALB,Albanie,A,Valeur normale,0,Units,2,Two
DATAFLOW,OECD.CFE.EDS:DSD_REG_DEMO@DF_DENSITY(2.0),Densité de population - Régions,I,A,Annuelle,CTRY,Pays,BRA,Brésil,_Z,N'est pas applicable,POP,Population,_T,Total,_T,Total,PS,Personnes,2018,,208494900,,BRA,Brésil,A,Valeur normale,0,Units,0,Zero
DATAFLOW,OECD.CFE.EDS:DSD_REG_DEMO@DF_DENSITY(2.0),Densité de population - Régions,I,A,Annuelle,CTRY,Pays,BRA,Brésil,_Z,N'est pas applicable,POP,Population,_T,Total,_T,Total,PS,Personnes,2010,,194890682,,BRA,Brésil,A,Valeur normale,0,Units,0,Zero
DATAFLOW,OECD.CFE.EDS:DSD_REG_DEMO@DF_DENSITY(2.0),Densité de population - Régions,I,A,Annuelle,CTRY,Pays,BRA,Brésil,_Z,N'est pas applicable,POP,Population,_T,Total,_T,Total,PS,Personnes,2013,,201032714,,BRA,Brésil,A,Valeur normale,0,Units,0,Zero
DATAFLOW,OECD.CFE.EDS:DSD_REG_DEMO@DF_DENSITY(2.0),Densité de population - Régions,I,A,Annuelle,CTRY,Pays,BRA,Brésil,_Z,N'est pas applicable,POP,Population,_T,Total,_T,Total,PS,Personnes,2007,,189605006,,BRA,Brésil,A,Valeur normale,0,Units,0,Zero
DATAFLOW,OECD.CFE.EDS:DSD_REG_DEMO@DF_DENSITY(2.0),Densité de population - Régions,I,A,Annuelle,CTRY,Pays,BRA,Brésil,_Z,N'est pas applicable,POP,Population,_T,Total,_T,Total,PS,Personnes,2008,,191480630,,BRA,Brésil,A,Valeur normale,0,Units,0,Zero
DATAFLOW,OECD.CFE.EDS:DSD_REG_DEMO@DF_DENSITY(2.0),Densité de population - Régions,I,A,Annuelle,CTRY,Pays,BRA,Brésil,_Z,N'est pas applicable,POP,Population,_T,Total,_T,Total,PS,Personnes,2001,,172385826,,BRA,Brésil,A,Valeur normale,0,Units,0,Zero
DATAFLOW,OECD.CFE.EDS:DSD_REG_DEMO@DF_DENSITY(2.0),Densité de population - Régions,I,A,Annuelle,CTRY,Pays,BRA,Brésil,_Z,N'est pas applicable,POP,Population,_T,Total,_T,Total,PS,Personnes,2002,,174632960,,BRA,Brésil,A,Valeur normale,0,Units,0,Zero
DATAFLOW,OECD.CFE.EDS:DSD_REG_DEMO@DF_DENSITY(2.0),Densité de population - Régions,I,A,Annuelle,CTRY,Pays,BRA,Brésil,_Z,N'est pas applicable,POP,Population,_T,Total,_T,Total,PS,Personnes,2003,,176871437,,BRA,Brésil,A,Valeur normale,0,Units,0,Zero
DATAFLOW,OECD.CFE.EDS:DSD_REG_DEMO@DF_DENSITY(2.0),Densité de population - Régions,I,A,Annuelle,CTRY,Pays,BRA,Brésil,_Z,N'est pas applicable,POP,Population,_T,Total,_T,Total,PS,Personnes,2015,,204450049,,BRA,Brésil,A,Valeur normale,0,Units,0,Zero
DATAFLOW,OECD.CFE.EDS:DSD_REG_DEMO@DF_DENSITY(2.0),Densité de population - Régions,I,A,Annuelle,CTRY,Pays,BRA,Brésil,_Z,N'est pas applicable,POP,Population,_T,Total,_T,Total,PS,Personnes,2016,,206081432,,BRA,Brésil,A,Valeur normale,0,Units,0,Zero
DATAFLOW,OECD.CFE.EDS:DSD_REG_DEMO@DF_DENSITY(2.0),Densité de population - Régions,I,A,Annuelle,CTRY,Pays,BRA,Brésil,_Z,N'est pas applicable,POP,Population,_T,Total,_T,Total,PS,Personnes,2017,,207660929,,BRA,Brésil,A,Valeur normale,0,Units,0,Zero
DATAFLOW,OECD.CFE.EDS:DSD_REG_DEMO@DF_DENSITY(2.0),Densité de population - Régions,I,A,Annuelle,CTRY,Pays,BRA,Brésil,_Z,N'est pas applicable,POP,Population,_T,Total,_T,Total,PS,Personnes,2005,,184184264,,BRA,Brésil,A,Valeur normale,0,Units,0,Zero
DATAFLOW,OECD.CFE.EDS:DSD_REG_DEMO@DF_DENSITY(2.0),Densité de population - Régions,I,A,Annuelle,CTRY,Pays,BRA,Brésil,_Z,N'est pas applicable,POP,Population,_T,Total,_T,Total,PS,Personnes,2021,,213317639,,BRA,Brésil,A,Valeur normale,0,Units,0,Zero
DATAFLOW,OECD.CFE.EDS:DSD_REG_DEMO@DF_DENSITY(2.0),Densité de population - Régions,I,A,Annuelle,CTRY,Pays,BRA,Brésil,_Z,N'est pas applicable,POP,Population,_T,Total,_T,Total,PS,Personnes,2009,,192379287,,BRA,Brésil,A,Valeur normale,0,Units,0,Zero
DATAFLOW,OECD.CFE.EDS:DSD_REG_DEMO@DF_DENSITY(2.0),Densité de population - Régions,I,A,Annuelle,CTRY,Pays,BRA,Brésil,_Z,N'est pas applicable,POP,Population,_T,Total,_T,Total,PS,Personnes,2000,,173765726,,BRA,Brésil,A,Valeur normale,0,Units,0,Zero
DATAFLOW,OECD.CFE.EDS:DSD_REG_DEMO@DF_DENSITY(2.0),Densité de population - Régions,I,A,Annuelle,CTRY,Pays,BRA,Brésil,_Z,N'est pas applicable,POP,Population,_T,Total,_T,Total,PS,Personnes,2011,,196603732,,BRA,Brésil,A,Valeur normale,0,Units,0,Zero
DATAFLOW,OECD.CFE.EDS:DSD_REG_DEMO@DF_DENSITY(2.0),Densité de population - Régions,I,A,Annuelle,CTRY,Pays,BRA,Brésil,_Z,N'est pas applicable,POP,Population,_T,Total,_T,Total,PS,Personnes,2014,,202768562,,BRA,Brésil,A,Valeur normale,0,Units,0,Zero
DATAFLOW,OECD.CFE.EDS:DSD_REG_DEMO@DF_DENSITY(2.0),Densité de population - Régions,I,A,Annuelle,CTRY,Pays,BRA,Brésil,_Z,N'est pas applicable,POP,Population,_T,Total,_T,Total,PS,Personnes,2004,,181569056,,BRA,Brésil,A,Valeur normale,0,Units,0,Zero
DATAFLOW,OECD.CFE.EDS:DSD_REG_DEMO@DF_DENSITY(2.0),Densité de population - Régions,I,A,Annuelle,CTRY,Pays,BRA,Brésil,_Z,N'est pas applicable,POP,Population,_T,Total,_T,Total,PS,Personnes,2006,,186770562,,BRA,Brésil,A,Valeur normale,0,Units,0,Zero
DATAFLOW,OECD.CFE.EDS:DSD_REG_DEMO@DF_DENSITY(2.0),Densité de population - Régions,I,A,Annuelle,CTRY,Pays,BRA,Brésil,_Z,N'est pas applicable,POP,Population,_T,Total,_T,Total,PS,Personnes,2019,,210147125,,BRA,Brésil,A,Valeur normale,0,Units,0,Zero
DATAFLOW,OECD.CFE.EDS:DSD_REG_DEMO@DF_DENSITY(2.0),Densité de population - Régions,I,A,Annuelle,CTRY,Pays,BRA,Brésil,_Z,N'est pas applicable,POP,Population,_T,Total,_T,Total,PS,Personnes,2020,,211755692,,BRA,Brésil,A,Valeur normale,0,Units,0,Zero
DATAFLOW,OECD.CFE.EDS:DSD_REG_DEMO@DF_DENSITY(2.0),Densité de population - Régions,I,A,Annuelle,CTRY,Pays,BRA,Brésil,_Z,N'est pas applicable,POP,Population,_T,Total,_T,Total,PS,Personnes,2012,,193904015,,BRA,Brésil,A,Valeur normale,0,Units,0,Zero
DATAFLOW,OECD.CFE.EDS:DSD_REG_DEMO@DF_DENSITY(2.0),Densité de population - Régions,I,A,Annuelle,CTRY,Pays,BRA,Brésil,_Z,N'est pas applicable,POP,Population,_T,Total,_T,Total,PS_KM2,Personnes par kilomètre carré,2020,,24.88,,BRA,Brésil,A,Valeur normale,0,Units,2,Two
DATAFLOW,OECD.CFE.EDS:DSD_REG_DEMO@DF_DENSITY(2.0),Densité de population - Régions,I,A,Annuelle,CTRY,Pays,BRA,Brésil,_Z,N'est pas applicable,POP,Population,_T,Total,_T,Total,PS_KM2,Personnes par kilomètre carré,2021,,25.06,,BRA,Brésil,A,Valeur normale,0,Units,2,Two
DATAFLOW,OECD.CFE.EDS:DSD_REG_DEMO@DF_DENSITY(2.0),Densité de population - Régions,I,A,Annuelle,CTRY,Pays,BRA,Brésil,_Z,N'est pas applicable,POP,Population,_T,Total,_T,Total,PS_KM2,Personnes par kilomètre carré,2018,,24.5,,BRA,Brésil,A,Valeur normale,0,Units,2,Two
DATAFLOW,OECD.CFE.EDS:DSD_REG_DEMO@DF_DENSITY(2.0),Densité de population - Régions,I,A,Annuelle,CTRY,Pays,BRA,Brésil,_Z,N'est pas applicable,POP,Population,_T,Total,_T,Total,PS_KM2,Personnes par kilomètre carré,2019,,24.69,,BRA,Brésil,A,Valeur normale,0,Units,2,Two
DATAFLOW,OECD.CFE.EDS:DSD_REG_DEMO@DF_DENSITY(2.0),Densité de population - Régions,I,A,Annuelle,CTRY,Pays,BRA,Brésil,_Z,N'est pas applicable,POP,Population,_T,Total,_T,Total,PS_KM2,Personnes par kilomètre carré,2008,,22.5,,BRA,Brésil,A,Valeur normale,0,Units,2,Two
DATAFLOW,OECD.CFE.EDS:DSD_REG_DEMO@DF_DENSITY(2.0),Densité de population - Régions,I,A,Annuelle,CTRY,Pays,BRA,Brésil,_Z,N'est pas applicable,POP,Population,_T,Total,_T,Total,PS_KM2,Personnes par kilomètre carré,2012,,22.78,,BRA,Brésil,A,Valeur normale,0,Units,2,Two
DATAFLOW,OECD.CFE.EDS:DSD_REG_DEMO@DF_DENSITY(2.0),Densité de population - Régions,I,A,Annuelle,CTRY,Pays,BRA,Brésil,_Z,N'est pas applicable,POP,Population,_T,Total,_T,Total,PS_KM2,Personnes par kilomètre carré,2013,,23.62,,BRA,Brésil,A,Valeur normale,0,Units,2,Two
DATAFLOW,OECD.CFE.EDS:DSD_REG_DEMO@DF_DENSITY(2.0),Densité de population - Régions,I,A,Annuelle,CTRY,Pays,BRA,Brésil,_Z,N'est pas applicable,POP,Population,_T,Total,_T,Total,PS_KM2,Personnes par kilomètre carré,2016,,24.21,,BRA,Brésil,A,Valeur normale,0,Units,2,Two
DATAFLOW,OECD.CFE.EDS:DSD_REG_DEMO@DF_DENSITY(2.0),Densité de population - Régions,I,A,Annuelle,CTRY,Pays,BRA,Brésil,_Z,N'est pas applicable,POP,Population,_T,Total,_T,Total,PS_KM2,Personnes par kilomètre carré,2017,,24.4,,BRA,Brésil,A,Valeur normale,0,Units,2,Two
DATAFLOW,OECD.CFE.EDS:DSD_REG_DEMO@DF_DENSITY(2.0),Densité de population - Régions,I,A,Annuelle,CTRY,Pays,BRA,Brésil,_Z,N'est pas applicable,POP,Population,_T,Total,_T,Total,PS_KM2,Personnes par kilomètre carré,2010,,22.9,,BRA,Brésil,A,Valeur normale,0,Units,2,Two
DATAFLOW,OECD.CFE.EDS:DSD_REG_DEMO@DF_DENSITY(2.0),Densité de population - Régions,I,A,Annuelle,CTRY,Pays,BRA,Brésil,_Z,N'est pas applicable,POP,Population,_T,Total,_T,Total,PS_KM2,Personnes par kilomètre carré,2011,,23.1,,BRA,Brésil,A,Valeur normale,0,Units,2,Two
DATAFLOW,OECD.CFE.EDS:DSD_REG_DEMO@DF_DENSITY(2.0),Densité de population - Régions,I,A,Annuelle,CTRY,Pays,BRA,Brésil,_Z,N'est pas applicable,POP,Population,_T,Total,_T,Total,PS_KM2,Personnes par kilomètre carré,2014,,23.82,,BRA,Brésil,A,Valeur normale,0,Units,2,Two
DATAFLOW,OECD.CFE.EDS:DSD_REG_DEMO@DF_DENSITY(2.0),Densité de population - Régions,I,A,Annuelle,CTRY,Pays,BRA,Brésil,_Z,N'est pas applicable,POP,Population,_T,Total,_T,Total,PS_KM2,Personnes par kilomètre carré,2015,,24.02,,BRA,Brésil,A,Valeur normale,0,Units,2,Two
DATAFLOW,OECD.CFE.EDS:DSD_REG_DEMO@DF_DENSITY(2.0),Densité de population - Régions,I,A,Annuelle,CTRY,Pays,BRA,Brésil,_Z,N'est pas applicable,POP,Population,_T,Total,_T,Total,PS_KM2,Personnes par kilomètre carré,2006,,21.94,,BRA,Brésil,A,Valeur normale,0,Units,2,Two
DATAFLOW,OECD.CFE.EDS:DSD_REG_DEMO@DF_DENSITY(2.0),Densité de population - Régions,I,A,Annuelle,CTRY,Pays,BRA,Brésil,_Z,N'est pas applicable,POP,Population,_T,Total,_T,Total,PS_KM2,Personnes par kilomètre carré,2007,,22.28,,BRA,Brésil,A,Valeur normale,0,Units,2,Two
DATAFLOW,OECD.CFE.EDS:DSD_REG_DEMO@DF_DENSITY(2.0),Densité de population - Régions,I,A,Annuelle,CTRY,Pays,BRA,Brésil,_Z,N'est pas applicable,POP,Population,_T,Total,_T,Total,PS_KM2,Personnes par kilomètre carré,2000,,20.42,,BRA,Brésil,A,Valeur normale,0,Units,2,Two
DATAFLOW,OECD.CFE.EDS:DSD_REG_DEMO@DF_DENSITY(2.0),Densité de population - Régions,I,A,Annuelle,CTRY,Pays,BRA,Brésil,_Z,N'est pas applicable,POP,Population,_T,Total,_T,Total,PS_KM2,Personnes par kilomètre carré,2001,,20.25,,BRA,Brésil,A,Valeur normale,0,Units,2,Two
DATAFLOW,OECD.CFE.EDS:DSD_REG_DEMO@DF_DENSITY(2.0),Densité de population - Régions,I,A,Annuelle,CTRY,Pays,BRA,Brésil,_Z,N'est pas applicable,POP,Population,_T,Total,_T,Total,PS_KM2,Personnes par kilomètre carré,2002,,20.52,,BRA,Brésil,A,Valeur normale,0,Units,2,Two
DATAFLOW,OECD.CFE.EDS:DSD_REG_DEMO@DF_DENSITY(2.0),Densité de population - Régions,I,A,Annuelle,CTRY,Pays,BRA,Brésil,_Z,N'est pas applicable,POP,Population,_T,Total,_T,Total,PS_KM2,Personnes par kilomètre carré,2004,,21.33,,BRA,Brésil,A,Valeur normale,0,Units,2,Two
DATAFLOW,OECD.CFE.EDS:DSD_REG_DEMO@DF_DENSITY(2.0),Densité de population - Régions,I,A,Annuelle,CTRY,Pays,BRA,Brésil,_Z,N'est pas applicable,POP,Population,_T,Total,_T,Total,PS_KM2,Personnes par kilomètre carré,2005,,21.64,,BRA,Brésil,A,Valeur normale,0,Units,2,Two
DATAFLOW,OECD.CFE.EDS:DSD_REG_DEMO@DF_DENSITY(2.0),Densité de population - Régions,I,A,Annuelle,CTRY,Pays,BRA,Brésil,_Z,N'est pas applicable,POP,Population,_T,Total,_T,Total,PS_KM2,Personnes par kilomètre carré,2009,,22.6,,BRA,Brésil,A,Valeur normale,0,Units,2,Two
DATAFLOW,OECD.CFE.EDS:DSD_REG_DEMO@DF_DENSITY(2.0),Densité de population - Régions,I,A,Annuelle,CTRY,Pays,BGR,Bulgarie,_Z,N'est pas applicable,POP,Population,_T,Total,_T,Total,PS_KM2,Personnes par kilomètre carré,2008,,68.34,,BGR,Bulgarie,A,Valeur normale,0,Units,2,Two
DATAFLOW,OECD.CFE.EDS:DSD_REG_DEMO@DF_DENSITY(2.0),Densité de population - Régions,I,A,Annuelle,CTRY,Pays,BGR,Bulgarie,_Z,N'est pas applicable,POP,Population,_T,Total,_T,Total,PS_KM2,Personnes par kilomètre carré,2009,,67.88,,BGR,Bulgarie,A,Valeur normale,0,Units,2,Two
DATAFLOW,OECD.CFE.EDS:DSD_REG_DEMO@DF_DENSITY(2.0),Densité de population - Régions,I,A,Annuelle,CTRY,Pays,BGR,Bulgarie,_Z,N'est pas applicable,POP,Population,_T,Total,_T,Total,PS,Personnes,1996,,8384715,,BGR,Bulgarie,A,Valeur normale,0,Units,0,Zero
DATAFLOW,OECD.CFE.EDS:DSD_REG_DEMO@DF_DENSITY(2.0),Densité de population - Régions,I,A,Annuelle,CTRY,Pays,BGR,Bulgarie,_Z,N'est pas applicable,POP,Population,_T,Total,_T,Total,PS,Personnes,1997,,8340936,,BGR,Bulgarie,A,Valeur normale,0,Units,0,Zero
DATAFLOW,OECD.CFE.EDS:DSD_REG_DEMO@DF_DENSITY(2.0),Densité de population - Régions,I,A,Annuelle,CTRY,Pays,BGR,Bulgarie,_Z,N'est pas applicable,POP,Population,_T,Total,_T,Total,PS,Personnes,1998,,8283200,,BGR,Bulgarie,A,Valeur normale,0,Units,0,Zero
DATAFLOW,OECD.CFE.EDS:DSD_REG_DEMO@DF_DENSITY(2.0),Densité de population - Régions,I,A,Annuelle,CTRY,Pays,BGR,Bulgarie,_Z,N'est pas applicable,POP,Population,_T,Total,_T,Total,PS,Personnes,1993,,8484863,,BGR,Bulgarie,A,Valeur normale,0,Units,0,Zero
DATAFLOW,OECD.CFE.EDS:DSD_REG_DEMO@DF_DENSITY(2.0),Densité de population - Régions,I,A,Annuelle,CTRY,Pays,BGR,Bulgarie,_Z,N'est pas applicable,POP,Population,_T,Total,_T,Total,PS,Personnes,1991,,8669269,,BGR,Bulgarie,A,Valeur normale,0,Units,0,Zero
DATAFLOW,OECD.CFE.EDS:DSD_REG_DEMO@DF_DENSITY(2.0),Densité de population - Régions,I,A,Annuelle,CTRY,Pays,BGR,Bulgarie,_Z,N'est pas applicable,POP,Population,_T,Total,_T,Total,PS,Personnes,1990,,8767308,,BGR,Bulgarie,A,Valeur normale,0,Units,0,Zero
DATAFLOW,OECD.CFE.EDS:DSD_REG_DEMO@DF_DENSITY(2.0),Densité de population - Régions,I,A,Annuelle,CTRY,Pays,BGR,Bulgarie,_Z,N'est pas applicable,POP,Population,_T,Total,_T,Total,PS,Personnes,2007,,7572673,,BGR,Bulgarie,A,Valeur normale,0,Units,0,Zero
DATAFLOW,OECD.CFE.EDS:DSD_REG_DEMO@DF_DENSITY(2.0),Densité de population - Régions,I,A,Annuelle,CTRY,Pays,BGR,Bulgarie,_Z,N'est pas applicable,POP,Population,_T,Total,_T,Total,PS,Personnes,2008,,7518002,,BGR,Bulgarie,A,Valeur normale,0,Units,0,Zero
DATAFLOW,OECD.CFE.EDS:DSD_REG_DEMO@DF_DENSITY(2.0),Densité de population - Régions,I,A,Annuelle,CTRY,Pays,BGR,Bulgarie,_Z,N'est pas applicable,POP,Population,_T,Total,_T,Total,PS,Personnes,2009,,7467119,,BGR,Bulgarie,A,Valeur normale,0,Units,0,Zero
DATAFLOW,OECD.CFE.EDS:DSD_REG_DEMO@DF_DENSITY(2.0),Densité de population - Régions,I,A,Annuelle,CTRY,Pays,BGR,Bulgarie,_Z,N'est pas applicable,POP,Population,_T,Total,_T,Total,PS,Personnes,2010,,7421766,,BGR,Bulgarie,A,Valeur normale,0,Units,0,Zero
DATAFLOW,OECD.CFE.EDS:DSD_REG_DEMO@DF_DENSITY(2.0),Densité de population - Régions,I,A,Annuelle,CTRY,Pays,BGR,Bulgarie,_Z,N'est pas applicable,POP,Population,_T,Total,_T,Total,PS,Personnes,2011,,7369431,,BGR,Bulgarie,A,Valeur normale,0,Units,0,Zero
DATAFLOW,OECD.CFE.EDS:DSD_REG_DEMO@DF_DENSITY(2.0),Densité de population - Régions,I,A,Annuelle,CTRY,Pays,BGR,Bulgarie,_Z,N'est pas applicable,POP,Population,_T,Total,_T,Total,PS,Personnes,2012,,7327224,,BGR,Bulgarie,A,Valeur normale,0,Units,0,Zero
DATAFLOW,OECD.CFE.EDS:DSD_REG_DEMO@DF_DENSITY(2.0),Densité de population - Régions,I,A,Annuelle,CTRY,Pays,BGR,Bulgarie,_Z,N'est pas applicable,POP,Population,_T,Total,_T,Total,PS,Personnes,2013,,7202556,,BGR,Bulgarie,A,Valeur normale,0,Units,0,Zero
DATAFLOW,OECD.CFE.EDS:DSD_REG_DEMO@DF_DENSITY(2.0),Densité de population - Régions,I,A,Annuelle,CTRY,Pays,BGR,Bulgarie,_Z,N'est pas applicable,POP,Population,_T,Total,_T,Total,PS,Personnes,2014,,7117453,,BGR,Bulgarie,A,Valeur normale,0,Units,0,Zero
DATAFLOW,OECD.CFE.EDS:DSD_REG_DEMO@DF_DENSITY(2.0),Densité de population - Régions,I,A,Annuelle,CTRY,Pays,BGR,Bulgarie,_Z,N'est pas applicable,POP,Population,_T,Total,_T,Total,PS,Personnes,2015,,7029690,,BGR,Bulgarie,A,Valeur normale,0,Units,0,Zero
DATAFLOW,OECD.CFE.EDS:DSD_REG_DEMO@DF_DENSITY(2.0),Densité de population - Régions,I,A,Annuelle,CTRY,Pays,BGR,Bulgarie,_Z,N'est pas applicable,POP,Population,_T,Total,_T,Total,PS,Personnes,2000,,8190876,,BGR,Bulgarie,A,Valeur normale,0,Units,0,Zero
DATAFLOW,OECD.CFE.EDS:DSD_REG_DEMO@DF_DENSITY(2.0),Densité de population - Régions,I,A,Annuelle,CTRY,Pays,BGR,Bulgarie,_Z,N'est pas applicable,POP,Population,_T,Total,_T,Total,PS,Personnes,1994,,8459763,,BGR,Bulgarie,A,Valeur normale,0,Units,0,Zero
DATAFLOW,OECD.CFE.EDS:DSD_REG_DEMO@DF_DENSITY(2.0),Densité de population - Régions,I,A,Annuelle,CTRY,Pays,BGR,Bulgarie,_Z,N'est pas applicable,POP,Population,_T,Total,_T,Total,PS,Personnes,1995,,8427418,,BGR,Bulgarie,A,Valeur normale,0,Units,0,Zero
DATAFLOW,OECD.CFE.EDS:DSD_REG_DEMO@DF_DENSITY(2.0),Densité de population - Régions,I,A,Annuelle,CTRY,Pays,BGR,Bulgarie,_Z,N'est pas applicable,POP,Population,_T,Total,_T,Total,PS,Personnes,1999,,8230371,,BGR,Bulgarie,A,Valeur normale,0,Units,0,Zero
DATAFLOW,OECD.CFE.EDS:DSD_REG_DEMO@DF_DENSITY(2.0),Densité de population - Régions,I,A,Annuelle,CTRY,Pays,BGR,Bulgarie,_Z,N'est pas applicable,POP,Population,_T,Total,_T,Total,PS,Personnes,1992,,8595465,,BGR,Bulgarie,A,Valeur normale,0,Units,0,Zero
DATAFLOW,OECD.CFE.EDS:DSD_REG_DEMO@DF_DENSITY(2.0),Densité de population - Régions,I,A,Annuelle,CTRY,Pays,BGR,Bulgarie,_Z,N'est pas applicable,POP,Population,_T,Total,_T,Total,PS_KM2,Personnes par kilomètre carré,2010,,67.47,,BGR,Bulgarie,A,Valeur normale,0,Units,2,Two
DATAFLOW,OECD.CFE.EDS:DSD_REG_DEMO@DF_DENSITY(2.0),Densité de population - Régions,I,A,Annuelle,CTRY,Pays,BGR,Bulgarie,_Z,N'est pas applicable,POP,Population,_T,Total,_T,Total,PS_KM2,Personnes par kilomètre carré,2011,,66.99,,BGR,Bulgarie,A,Valeur normale,0,Units,2,Two
DATAFLOW,OECD.CFE.EDS:DSD_REG_DEMO@DF_DENSITY(2.0),Densité de population - Régions,I,A,Annuelle,CTRY,Pays,BGR,Bulgarie,_Z,N'est pas applicable,POP,Population,_T,Total,_T,Total,PS_KM2,Personnes par kilomètre carré,2012,,66.61,,BGR,Bulgarie,A,Valeur normale,0,Units,2,Two
DATAFLOW,OECD.CFE.EDS:DSD_REG_DEMO@DF_DENSITY(2.0),Densité de population - Régions,I,A,Annuelle,CTRY,Pays,BGR,Bulgarie,_Z,N'est pas applicable,POP,Population,_T,Total,_T,Total,PS_KM2,Personnes par kilomètre carré,2013,,65.48,,BGR,Bulgarie,A,Valeur normale,0,Units,2,Two
DATAFLOW,OECD.CFE.EDS:DSD_REG_DEMO@DF_DENSITY(2.0),Densité de population - Régions,I,A,Annuelle,CTRY,Pays,BGR,Bulgarie,_Z,N'est pas applicable,POP,Population,_T,Total,_T,Total,PS_KM2,Personnes par kilomètre carré,2014,,64.7,,BGR,Bulgarie,A,Valeur normale,0,Units,2,Two
DATAFLOW,OECD.CFE.EDS:DSD_REG_DEMO@DF_DENSITY(2.0),Densité de population - Régions,I,A,Annuelle,CTRY,Pays,BGR,Bulgarie,_Z,N'est pas applicable,POP,Population,_T,Total,_T,Total,PS_KM2,Personnes par kilomètre carré,2015,,63.91,,BGR,Bulgarie,A,Valeur normale,0,Units,2,Two
DATAFLOW,OECD.CFE.EDS:DSD_REG_DEMO@DF_DENSITY(2.0),Densité de population - Régions,I,A,Annuelle,CTRY,Pays,BGR,Bulgarie,_Z,N'est pas applicable,POP,Population,_T,Total,_T,Total,PS_KM2,Personnes par kilomètre carré,1996,,76.22,,BGR,Bulgarie,A,Valeur normale,0,Units,2,Two
DATAFLOW,OECD.CFE.EDS:DSD_REG_DEMO@DF_DENSITY(2.0),Densité de population - Régions,I,A,Annuelle,CTRY,Pays,BGR,Bulgarie,_Z,N'est pas applicable,POP,Population,_T,Total,_T,Total,PS_KM2,Personnes par kilomètre carré,1997,,75.83,,BGR,Bulgarie,A,Valeur normale,0,Units,2,Two
DATAFLOW,OECD.CFE.EDS:DSD_REG_DEMO@DF_DENSITY(2.0),Densité de population - Régions,I,A,Annuelle,CTRY,Pays,BGR,Bulgarie,_Z,N'est pas applicable,POP,Population,_T,Total,_T,Total,PS_KM2,Personnes par kilomètre carré,2000,,74.46,,BGR,Bulgarie,A,Valeur normale,0,Units,2,Two
DATAFLOW,OECD.CFE.EDS:DSD_REG_DEMO@DF_DENSITY(2.0),Densité de population - Régions,I,A,Annuelle,CTRY,Pays,BGR,Bulgarie,_Z,N'est pas applicable,POP,Population,_T,Total,_T,Total,PS_KM2,Personnes par kilomètre carré,1991,,78.81,,BGR,Bulgarie,A,Valeur normale,0,Units,2,Two
DATAFLOW,OECD.CFE.EDS:DSD_REG_DEMO@DF_DENSITY(2.0),Densité de population - Régions,I,A,Annuelle,CTRY,Pays,BGR,Bulgarie,_Z,N'est pas applicable,POP,Population,_T,Total,_T,Total,PS_KM2,Personnes par kilomètre carré,1995,,76.61,,BGR,Bulgarie,A,Valeur normale,0,Units,2,Two
DATAFLOW,OECD.CFE.EDS:DSD_REG_DEMO@DF_DENSITY(2.0),Densité de population - Régions,I,A,Annuelle,CTRY,Pays,BGR,Bulgarie,_Z,N'est pas applicable,POP,Population,_T,Total,_T,Total,PS_KM2,Personnes par kilomètre carré,1993,,77.13,,BGR,Bulgarie,A,Valeur normale,0,Units,2,Two
DATAFLOW,OECD.CFE.EDS:DSD_REG_DEMO@DF_DENSITY(2.0),Densité de population - Régions,I,A,Annuelle,CTRY,Pays,BGR,Bulgarie,_Z,N'est pas applicable,POP,Population,_T,Total,_T,Total,PS_KM2,Personnes par kilomètre carré,1994,,76.91,,BGR,Bulgarie,A,Valeur normale,0,Units,2,Two
DATAFLOW,OECD.CFE.EDS:DSD_REG_DEMO@DF_DENSITY(2.0),Densité de population - Régions,I,A,Annuelle,CTRY,Pays,BGR,Bulgarie,_Z,N'est pas applicable,POP,Population,_T,Total,_T,Total,PS_KM2,Personnes par kilomètre carré,1999,,74.82,,BGR,Bulgarie,A,Valeur normale,0,Units,2,Two
DATAFLOW,OECD.CFE.EDS:DSD_REG_DEMO@DF_DENSITY(2.0),Densité de population - Régions,I,A,Annuelle,CTRY,Pays,BGR,Bulgarie,_Z,N'est pas applicable,POP,Population,_T,Total,_T,Total,PS_KM2,Personnes par kilomètre carré,1990,,79.7,,BGR,Bulgarie,A,Valeur normale,0,Units,2,Two
DATAFLOW,OECD.CFE.EDS:DSD_REG_DEMO@DF_DENSITY(2.0),Densité de population - Régions,I,A,Annuelle,CTRY,Pays,BGR,Bulgarie,_Z,N'est pas applicable,POP,Population,_T,Total,_T,Total,PS_KM2,Personnes par kilomètre carré,1998,,75.3,,BGR,Bulgarie,A,Valeur normale,0,Units,2,Two
DATAFLOW,OECD.CFE.EDS:DSD_REG_DEMO@DF_DENSITY(2.0),Densité de population - Régions,I,A,Annuelle,CTRY,Pays,BGR,Bulgarie,_Z,N'est pas applicable,POP,Population,_T,Total,_T,Total,PS_KM2,Personnes par kilomètre carré,1992,,78.14,,BGR,Bulgarie,A,Valeur normale,0,Units,2,Two
DATAFLOW,OECD.CFE.EDS:DSD_REG_DEMO@DF_DENSITY(2.0),Densité de population - Régions,I,A,Annuelle,CTRY,Pays,BGR,Bulgarie,_Z,N'est pas applicable,POP,Population,_T,Total,_T,Total,PS,Personnes,2016,,6938759,,BGR,Bulgarie,A,Valeur normale,0,Units,0,Zero
DATAFLOW,OECD.CFE.EDS:DSD_REG_DEMO@DF_DENSITY(2.0),Densité de population - Régions,I,A,Annuelle,CTRY,Pays,BGR,Bulgarie,_Z,N'est pas applicable,POP,Population,_T,Total,_T,Total,PS,Personnes,2017,,6849518,,BGR,Bulgarie,A,Valeur normale,0,Units,0,Zero
DATAFLOW,OECD.CFE.EDS:DSD_REG_DEMO@DF_DENSITY(2.0),Densité de population - Régions,I,A,Annuelle,CTRY,Pays,BGR,Bulgarie,_Z,N'est pas applicable,POP,Population,_T,Total,_T,Total,PS,Personnes,2018,,6757418,,BGR,Bulgarie,A,Valeur normale,0,Units,0,Zero
DATAFLOW,OECD.CFE.EDS:DSD_REG_DEMO@DF_DENSITY(2.0),Densité de population - Régions,I,A,Annuelle,CTRY,Pays,BGR,Bulgarie,_Z,N'est pas applicable,POP,Population,_T,Total,_T,Total,PS,Personnes,2019,,6664177,,BGR,Bulgarie,A,Valeur normale,0,Units,0,Zero
DATAFLOW,OECD.CFE.EDS:DSD_REG_DEMO@DF_DENSITY(2.0),Densité de population - Régions,I,A,Annuelle,CTRY,Pays,BGR,Bulgarie,_Z,N'est pas applicable,POP,Population,_T,Total,_T,Total,PS,Personnes,2020,,6569275,,BGR,Bulgarie,A,Valeur normale,0,Units,0,Zero
DATAFLOW,OECD.CFE.EDS:DSD_REG_DEMO@DF_DENSITY(2.0),Densité de population - Régions,I,A,Annuelle,CTRY,Pays,BGR,Bulgarie,_Z,N'est pas applicable,POP,Population,_T,Total,_T,Total,PS,Personnes,2021,,6532117,,BGR,Bulgarie,A,Valeur normale,0,Units,0,Zero
DATAFLOW,OECD.CFE.EDS:DSD_REG_DEMO@DF_DENSITY(2.0),Densité de population - Régions,I,A,Annuelle,CTRY,Pays,BGR,Bulgarie,_Z,N'est pas applicable,POP,Population,_T,Total,_T,Total,PS,Personnes,2022,,6482484,,BGR,Bulgarie,A,Valeur normale,0,Units,0,Zero
DATAFLOW,OECD.CFE.EDS:DSD_REG_DEMO@DF_DENSITY(2.0),Densité de population - Régions,I,A,Annuelle,CTRY,Pays,BGR,Bulgarie,_Z,N'est pas applicable,POP,Population,_T,Total,_T,Total,PS,Personnes,2023,,6447710,,BGR,Bulgarie,A,Valeur normale,0,Units,0,Zero
DATAFLOW,OECD.CFE.EDS:DSD_REG_DEMO@DF_DENSITY(2.0),Densité de population - Régions,I,A,Annuelle,CTRY,Pays,BGR,Bulgarie,_Z,N'est pas applicable,POP,Population,_T,Total,_T,Total,PS,Personnes,2001,,8149468,,BGR,Bulgarie,A,Valeur normale,0,Units,0,Zero
DATAFLOW,OECD.CFE.EDS:DSD_REG_DEMO@DF_DENSITY(2.0),Densité de population - Régions,I,A,Annuelle,CTRY,Pays,BGR,Bulgarie,_Z,N'est pas applicable,POP,Population,_T,Total,_T,Total,PS,Personnes,2002,,7868815,,BGR,Bulgarie,A,Valeur normale,0,Units,0,Zero
DATAFLOW,OECD.CFE.EDS:DSD_REG_DEMO@DF_DENSITY(2.0),Densité de population - Régions,I,A,Annuelle,CTRY,Pays,BGR,Bulgarie,_Z,N'est pas applicable,POP,Population,_T,Total,_T,Total,PS,Personnes,2003,,7805506,,BGR,Bulgarie,A,Valeur normale,0,Units,0,Zero
DATAFLOW,OECD.CFE.EDS:DSD_REG_DEMO@DF_DENSITY(2.0),Densité de population - Régions,I,A,Annuelle,CTRY,Pays,BGR,Bulgarie,_Z,N'est pas applicable,POP,Population,_T,Total,_T,Total,PS,Personnes,2004,,7745147,,BGR,Bulgarie,A,Valeur normale,0,Units,0,Zero
DATAFLOW,OECD.CFE.EDS:DSD_REG_DEMO@DF_DENSITY(2.0),Densité de population - Régions,I,A,Annuelle,CTRY,Pays,BGR,Bulgarie,_Z,N'est pas applicable,POP,Population,_T,Total,_T,Total,PS,Personnes,2005,,7688573,,BGR,Bulgarie,A,Valeur normale,0,Units,0,Zero
DATAFLOW,OECD.CFE.EDS:DSD_REG_DEMO@DF_DENSITY(2.0),Densité de population - Régions,I,A,Annuelle,CTRY,Pays,BGR,Bulgarie,_Z,N'est pas applicable,POP,Population,_T,Total,_T,Total,PS,Personnes,2006,,7629371,,BGR,Bulgarie,A,Valeur normale,0,Units,0,Zero
DATAFLOW,OECD.CFE.EDS:DSD_REG_DEMO@DF_DENSITY(2.0),Densité de population - Régions,I,A,Annuelle,CTRY,Pays,BGR,Bulgarie,_Z,N'est pas applicable,POP,Population,_T,Total,_T,Total,PS_KM2,Personnes par kilomètre carré,2023,,58.62,,BGR,Bulgarie,A,Valeur normale,0,Units,2,Two
DATAFLOW,OECD.CFE.EDS:DSD_REG_DEMO@DF_DENSITY(2.0),Densité de population - Régions,I,A,Annuelle,CTRY,Pays,BGR,Bulgarie,_Z,N'est pas applicable,POP,Population,_T,Total,_T,Total,PS_KM2,Personnes par kilomètre carré,2016,,63.08,,BGR,Bulgarie,A,Valeur normale,0,Units,2,Two
DATAFLOW,OECD.CFE.EDS:DSD_REG_DEMO@DF_DENSITY(2.0),Densité de population - Régions,I,A,Annuelle,CTRY,Pays,BGR,Bulgarie,_Z,N'est pas applicable,POP,Population,_T,Total,_T,Total,PS_KM2,Personnes par kilomètre carré,2017,,62.27,,BGR,Bulgarie,A,Valeur normale,0,Units,2,Two
DATAFLOW,OECD.CFE.EDS:DSD_REG_DEMO@DF_DENSITY(2.0),Densité de population - Régions,I,A,Annuelle,CTRY,Pays,BGR,Bulgarie,_Z,N'est pas applicable,POP,Population,_T,Total,_T,Total,PS_KM2,Personnes par kilomètre carré,2018,,61.43,,BGR,Bulgarie,A,Valeur normale,0,Units,2,Two
DATAFLOW,OECD.CFE.EDS:DSD_REG_DEMO@DF_DENSITY(2.0),Densité de population - Régions,I,A,Annuelle,CTRY,Pays,BGR,Bulgarie,_Z,N'est pas applicable,POP,Population,_T,Total,_T,Total,PS_KM2,Personnes par kilomètre carré,2019,,60.58,,BGR,Bulgarie,A,Valeur normale,0,Units,2,Two
DATAFLOW,OECD.CFE.EDS:DSD_REG_DEMO@DF_DENSITY(2.0),Densité de population - Régions,I,A,Annuelle,CTRY,Pays,BGR,Bulgarie,_Z,N'est pas applicable,POP,Population,_T,Total,_T,Total,PS_KM2,Personnes par kilomètre carré,2020,,59.72,,BGR,Bulgarie,A,Valeur normale,0,Units,2,Two
DATAFLOW,OECD.CFE.EDS:DSD_REG_DEMO@DF_DENSITY(2.0),Densité de population - Régions,I,A,Annuelle,CTRY,Pays,BGR,Bulgarie,_Z,N'est pas applicable,POP,Population,_T,Total,_T,Total,PS_KM2,Personnes par kilomètre carré,2021,,59.38,,BGR,Bulgarie,A,Valeur normale,0,Units,2,Two
DATAFLOW,OECD.CFE.EDS:DSD_REG_DEMO@DF_DENSITY(2.0),Densité de population - Régions,I,A,Annuelle,CTRY,Pays,BGR,Bulgarie,_Z,N'est pas applicable,POP,Population,_T,Total,_T,Total,PS_KM2,Personnes par kilomètre carré,2022,,58.93,,BGR,Bulgarie,A,Valeur normale,0,Units,2,Two
DATAFLOW,OECD.CFE.EDS:DSD_REG_DEMO@DF_DENSITY(2.0),Densité de population - Régions,I,A,Annuelle,CTRY,Pays,BGR,Bulgarie,_Z,N'est pas applicable,POP,Population,_T,Total,_T,Total,PS_KM2,Personnes par kilomètre carré,2001,,74.09,,BGR,Bulgarie,A,Valeur normale,0,Units,2,Two
DATAFLOW,OECD.CFE.EDS:DSD_REG_DEMO@DF_DENSITY(2.0),Densité de population - Régions,I,A,Annuelle,CTRY,Pays,BGR,Bulgarie,_Z,N'est pas applicable,POP,Population,_T,Total,_T,Total,PS_KM2,Personnes par kilomètre carré,2002,,71.53,,BGR,Bulgarie,A,Valeur normale,0,Units,2,Two
DATAFLOW,OECD.CFE.EDS:DSD_REG_DEMO@DF_DENSITY(2.0),Densité de population - Régions,I,A,Annuelle,CTRY,Pays,BGR,Bulgarie,_Z,N'est pas applicable,POP,Population,_T,Total,_T,Total,PS_KM2,Personnes par kilomètre carré,2003,,70.96,,BGR,Bulgarie,A,Valeur normale,0,Units,2,Two
DATAFLOW,OECD.CFE.EDS:DSD_REG_DEMO@DF_DENSITY(2.0),Densité de population - Régions,I,A,Annuelle,CTRY,Pays,BGR,Bulgarie,_Z,N'est pas applicable,POP,Population,_T,Total,_T,Total,PS_KM2,Personnes par kilomètre carré,2004,,70.41,,BGR,Bulgarie,A,Valeur normale,0,Units,2,Two
DATAFLOW,OECD.CFE.EDS:DSD_REG_DEMO@DF_DENSITY(2.0),Densité de population - Régions,I,A,Annuelle,CTRY,Pays,BGR,Bulgarie,_Z,N'est pas applicable,POP,Population,_T,Total,_T,Total,PS_KM2,Personnes par kilomètre carré,2005,,69.9,,BGR,Bulgarie,A,Valeur normale,0,Units,2,Two
DATAFLOW,OECD.CFE.EDS:DSD_REG_DEMO@DF_DENSITY(2.0),Densité de population - Régions,I,A,Annuelle,CTRY,Pays,BGR,Bulgarie,_Z,N'est pas applicable,POP,Population,_T,Total,_T,Total,PS_KM2,Personnes par kilomètre carré,2006,,69.36,,BGR,Bulgarie,A,Valeur normale,0,Units,2,Two
DATAFLOW,OECD.CFE.EDS:DSD_REG_DEMO@DF_DENSITY(2.0),Densité de population - Régions,I,A,Annuelle,CTRY,Pays,CHN,Chine (République populaire de),_Z,N'est pas applicable,POP,Population,_T,Total,_T,Total,PS_KM2,Personnes par kilomètre carré,2004,,135.19,,CHN,Chine (République populaire de),A,Valeur normale,0,Units,2,Two
DATAFLOW,OECD.CFE.EDS:DSD_REG_DEMO@DF_DENSITY(2.0),Densité de population - Régions,I,A,Annuelle,CTRY,Pays,CHN,Chine (République populaire de),_Z,N'est pas applicable,POP,Population,_T,Total,_T,Total,PS_KM2,Personnes par kilomètre carré,1999,,130.15,,CHN,Chine (République populaire de),A,Valeur normale,0,Units,2,Two
DATAFLOW,OECD.CFE.EDS:DSD_REG_DEMO@DF_DENSITY(2.0),Densité de population - Régions,I,A,Annuelle,CTRY,Pays,CHN,Chine (République populaire de),_Z,N'est pas applicable,POP,Population,_T,Total,_T,Total,PS,Personnes,2012,,1356940000,,CHN,Chine (République populaire de),A,Valeur normale,0,Units,0,Zero
DATAFLOW,OECD.CFE.EDS:DSD_REG_DEMO@DF_DENSITY(2.0),Densité de population - Régions,I,A,Annuelle,CTRY,Pays,CHN,Chine (République populaire de),_Z,N'est pas applicable,POP,Population,_T,Total,_T,Total,PS,Personnes,2013,,1364960000,,CHN,Chine (République populaire de),A,Valeur normale,0,Units,0,Zero
DATAFLOW,OECD.CFE.EDS:DSD_REG_DEMO@DF_DENSITY(2.0),Densité de population - Régions,I,A,Annuelle,CTRY,Pays,CHN,Chine (République populaire de),_Z,N'est pas applicable,POP,Population,_T,Total,_T,Total,PS,Personnes,2006,,1295230000,,CHN,Chine (République populaire de),A,Valeur normale,0,Units,0,Zero
DATAFLOW,OECD.CFE.EDS:DSD_REG_DEMO@DF_DENSITY(2.0),Densité de population - Régions,I,A,Annuelle,CTRY,Pays,CHN,Chine (République populaire de),_Z,N'est pas applicable,POP,Population,_T,Total,_T,Total,PS,Personnes,2007,,1303930000,,CHN,Chine (République populaire de),A,Valeur normale,0,Units,0,Zero
DATAFLOW,OECD.CFE.EDS:DSD_REG_DEMO@DF_DENSITY(2.0),Densité de population - Régions,I,A,Annuelle,CTRY,Pays,CHN,Chine (République populaire de),_Z,N'est pas applicable,POP,Population,_T,Total,_T,Total,PS,Personnes,2001,,1259950000,,CHN,Chine (République populaire de),A,Valeur normale,0,Units,0,Zero
DATAFLOW,OECD.CFE.EDS:DSD_REG_DEMO@DF_DENSITY(2.0),Densité de population - Régions,I,A,Annuelle,CTRY,Pays,CHN,Chine (République populaire de),_Z,N'est pas applicable,POP,Population,_T,Total,_T,Total,PS,Personnes,2002,,1273190000,,CHN,Chine (République populaire de),A,Valeur normale,0,Units,0,Zero
DATAFLOW,OECD.CFE.EDS:DSD_REG_DEMO@DF_DENSITY(2.0),Densité de population - Régions,I,A,Annuelle,CTRY,Pays,CHN,Chine (République populaire de),_Z,N'est pas applicable,POP,Population,_T,Total,_T,Total,PS,Personnes,2003,,1281900000,,CHN,Chine (République populaire de),A,Valeur normale,0,Units,0,Zero
DATAFLOW,OECD.CFE.EDS:DSD_REG_DEMO@DF_DENSITY(2.0),Densité de population - Régions,I,A,Annuelle,CTRY,Pays,CHN,Chine (République populaire de),_Z,N'est pas applicable,POP,Population,_T,Total,_T,Total,PS,Personnes,2010,,1333850000,,CHN,Chine (République populaire de),A,Valeur normale,0,Units,0,Zero
DATAFLOW,OECD.CFE.EDS:DSD_REG_DEMO@DF_DENSITY(2.0),Densité de population - Régions,I,A,Annuelle,CTRY,Pays,CHN,Chine (République populaire de),_Z,N'est pas applicable,POP,Population,_T,Total,_T,Total,PS,Personnes,2011,,1346870000,,CHN,Chine (République populaire de),A,Valeur normale,0,Units,0,Zero
DATAFLOW,OECD.CFE.EDS:DSD_REG_DEMO@DF_DENSITY(2.0),Densité de population - Régions,I,A,Annuelle,CTRY,Pays,CHN,Chine (République populaire de),_Z,N'est pas applicable,POP,Population,_T,Total,_T,Total,PS,Personnes,2016,,1390030000,,CHN,Chine (République populaire de),A,Valeur normale,0,Units,0,Zero
DATAFLOW,OECD.CFE.EDS:DSD_REG_DEMO@DF_DENSITY(2.0),Densité de population - Régions,I,A,Annuelle,CTRY,Pays,CHN,Chine (République populaire de),_Z,N'est pas applicable,POP,Population,_T,Total,_T,Total,PS,Personnes,2017,,1397790000,,CHN,Chine (République populaire de),A,Valeur normale,0,Units,0,Zero
DATAFLOW,OECD.CFE.EDS:DSD_REG_DEMO@DF_DENSITY(2.0),Densité de population - Régions,I,A,Annuelle,CTRY,Pays,CHN,Chine (République populaire de),_Z,N'est pas applicable,POP,Population,_T,Total,_T,Total,PS,Personnes,2004,,1290220000,,CHN,Chine (République populaire de),A,Valeur normale,0,Units,0,Zero
DATAFLOW,OECD.CFE.EDS:DSD_REG_DEMO@DF_DENSITY(2.0),Densité de population - Régions,I,A,Annuelle,CTRY,Pays,CHN,Chine (République populaire de),_Z,N'est pas applicable,POP,Population,_T,Total,_T,Total,PS,Personnes,2005,,1286040000,,CHN,Chine (République populaire de),A,Valeur normale,0,Units,0,Zero
DATAFLOW,OECD.CFE.EDS:DSD_REG_DEMO@DF_DENSITY(2.0),Densité de population - Régions,I,A,Annuelle,CTRY,Pays,CHN,Chine (République populaire de),_Z,N'est pas applicable,POP,Population,_T,Total,_T,Total,PS,Personnes,2021,,1410600000,,CHN,Chine (République populaire de),A,Valeur normale,0,Units,0,Zero
DATAFLOW,OECD.CFE.EDS:DSD_REG_DEMO@DF_DENSITY(2.0),Densité de population - Régions,I,A,Annuelle,CTRY,Pays,CHN,Chine (République populaire de),_Z,N'est pas applicable,POP,Population,_T,Total,_T,Total,PS,Personnes,2020,,1410130000,,CHN,Chine (République populaire de),A,Valeur normale,0,Units,0,Zero
DATAFLOW,OECD.CFE.EDS:DSD_REG_DEMO@DF_DENSITY(2.0),Densité de population - Régions,I,A,Annuelle,CTRY,Pays,CHN,Chine (République populaire de),_Z,N'est pas applicable,POP,Population,_T,Total,_T,Total,PS,Personnes,2009,,1324430000,,CHN,Chine (République populaire de),A,Valeur normale,0,Units,0,Zero
DATAFLOW,OECD.CFE.EDS:DSD_REG_DEMO@DF_DENSITY(2.0),Densité de population - Régions,I,A,Annuelle,CTRY,Pays,CHN,Chine (République populaire de),_Z,N'est pas applicable,POP,Population,_T,Total,_T,Total,PS,Personnes,2014,,1374170000,,CHN,Chine (République populaire de),A,Valeur normale,0,Units,0,Zero
DATAFLOW,OECD.CFE.EDS:DSD_REG_DEMO@DF_DENSITY(2.0),Densité de population - Régions,I,A,Annuelle,CTRY,Pays,CHN,Chine (République populaire de),_Z,N'est pas applicable,POP,Population,_T,Total,_T,Total,PS,Personnes,2015,,1380970000,,CHN,Chine (République populaire de),A,Valeur normale,0,Units,0,Zero
DATAFLOW,OECD.CFE.EDS:DSD_REG_DEMO@DF_DENSITY(2.0),Densité de population - Régions,I,A,Annuelle,CTRY,Pays,CHN,Chine (République populaire de),_Z,N'est pas applicable,POP,Population,_T,Total,_T,Total,PS,Personnes,2018,,1403100000,,CHN,Chine (République populaire de),A,Valeur normale,0,Units,0,Zero
DATAFLOW,OECD.CFE.EDS:DSD_REG_DEMO@DF_DENSITY(2.0),Densité de population - Régions,I,A,Annuelle,CTRY,Pays,CHN,Chine (République populaire de),_Z,N'est pas applicable,POP,Population,_T,Total,_T,Total,PS,Personnes,2019,,1408050000,,CHN,Chine (République populaire de),A,Valeur normale,0,Units,0,Zero
DATAFLOW,OECD.CFE.EDS:DSD_REG_DEMO@DF_DENSITY(2.0),Densité de population - Régions,I,A,Annuelle,CTRY,Pays,CHN,Chine (République populaire de),_Z,N'est pas applicable,POP,Population,_T,Total,_T,Total,PS,Personnes,2008,,1314340000,,CHN,Chine (République populaire de),A,Valeur normale,0,Units,0,Zero
DATAFLOW,OECD.CFE.EDS:DSD_REG_DEMO@DF_DENSITY(2.0),Densité de population - Régions,I,A,Annuelle,CTRY,Pays,CHN,Chine (République populaire de),_Z,N'est pas applicable,POP,Population,_T,Total,_T,Total,PS,Personnes,1999,,1242190000,,CHN,Chine (République populaire de),A,Valeur normale,0,Units,0,Zero
DATAFLOW,OECD.CFE.EDS:DSD_REG_DEMO@DF_DENSITY(2.0),Densité de population - Régions,I,A,Annuelle,CTRY,Pays,CHN,Chine (République populaire de),_Z,N'est pas applicable,POP,Population,_T,Total,_T,Total,PS,Personnes,2000,,1259946700,,CHN,Chine (République populaire de),A,Valeur normale,0,Units,0,Zero
DATAFLOW,OECD.CFE.EDS:DSD_REG_DEMO@DF_DENSITY(2.0),Densité de population - Régions,I,A,Annuelle,CTRY,Pays,CHN,Chine (République populaire de),_Z,N'est pas applicable,POP,Population,_T,Total,_T,Total,PS_KM2,Personnes par kilomètre carré,2014,,143.98,,CHN,Chine (République populaire de),A,Valeur normale,0,Units,2,Two
DATAFLOW,OECD.CFE.EDS:DSD_REG_DEMO@DF_DENSITY(2.0),Densité de population - Régions,I,A,Annuelle,CTRY,Pays,CHN,Chine (République populaire de),_Z,N'est pas applicable,POP,Population,_T,Total,_T,Total,PS_KM2,Personnes par kilomètre carré,2020,,147.75,,CHN,Chine (République populaire de),A,Valeur normale,0,Units,2,Two
DATAFLOW,OECD.CFE.EDS:DSD_REG_DEMO@DF_DENSITY(2.0),Densité de population - Régions,I,A,Annuelle,CTRY,Pays,CHN,Chine (République populaire de),_Z,N'est pas applicable,POP,Population,_T,Total,_T,Total,PS_KM2,Personnes par kilomètre carré,2019,,147.53,,CHN,Chine (République populaire de),A,Valeur normale,0,Units,2,Two
DATAFLOW,OECD.CFE.EDS:DSD_REG_DEMO@DF_DENSITY(2.0),Densité de population - Régions,I,A,Annuelle,CTRY,Pays,CHN,Chine (République populaire de),_Z,N'est pas applicable,POP,Population,_T,Total,_T,Total,PS_KM2,Personnes par kilomètre carré,2021,,147.8,,CHN,Chine (République populaire de),A,Valeur normale,0,Units,2,Two
DATAFLOW,OECD.CFE.EDS:DSD_REG_DEMO@DF_DENSITY(2.0),Densité de population - Régions,I,A,Annuelle,CTRY,Pays,CHN,Chine (République populaire de),_Z,N'est pas applicable,POP,Population,_T,Total,_T,Total,PS_KM2,Personnes par kilomètre carré,2013,,143.02,,CHN,Chine (République populaire de),A,Valeur normale,0,Units,2,Two
DATAFLOW,OECD.CFE.EDS:DSD_REG_DEMO@DF_DENSITY(2.0),Densité de population - Régions,I,A,Annuelle,CTRY,Pays,CHN,Chine (République populaire de),_Z,N'est pas applicable,POP,Population,_T,Total,_T,Total,PS_KM2,Personnes par kilomètre carré,2015,,144.69,,CHN,Chine (République populaire de),A,Valeur normale,0,Units,2,Two
DATAFLOW,OECD.CFE.EDS:DSD_REG_DEMO@DF_DENSITY(2.0),Densité de population - Régions,I,A,Annuelle,CTRY,Pays,CHN,Chine (République populaire de),_Z,N'est pas applicable,POP,Population,_T,Total,_T,Total,PS_KM2,Personnes par kilomètre carré,2016,,145.64,,CHN,Chine (République populaire de),A,Valeur normale,0,Units,2,Two
DATAFLOW,OECD.CFE.EDS:DSD_REG_DEMO@DF_DENSITY(2.0),Densité de population - Régions,I,A,Annuelle,CTRY,Pays,CHN,Chine (République populaire de),_Z,N'est pas applicable,POP,Population,_T,Total,_T,Total,PS_KM2,Personnes par kilomètre carré,2017,,146.46,,CHN,Chine (République populaire de),A,Valeur normale,0,Units,2,Two
DATAFLOW,OECD.CFE.EDS:DSD_REG_DEMO@DF_DENSITY(2.0),Densité de population - Régions,I,A,Annuelle,CTRY,Pays,CHN,Chine (République populaire de),_Z,N'est pas applicable,POP,Population,_T,Total,_T,Total,PS_KM2,Personnes par kilomètre carré,2018,,147.01,,CHN,Chine (République populaire de),A,Valeur normale,0,Units,2,Two
DATAFLOW,OECD.CFE.EDS:DSD_REG_DEMO@DF_DENSITY(2.0),Densité de population - Régions,I,A,Annuelle,CTRY,Pays,CHN,Chine (République populaire de),_Z,N'est pas applicable,POP,Population,_T,Total,_T,Total,PS_KM2,Personnes par kilomètre carré,2008,,137.71,,CHN,Chine (République populaire de),A,Valeur normale,0,Units,2,Two
DATAFLOW,OECD.CFE.EDS:DSD_REG_DEMO@DF_DENSITY(2.0),Densité de population - Régions,I,A,Annuelle,CTRY,Pays,CHN,Chine (République populaire de),_Z,N'est pas applicable,POP,Population,_T,Total,_T,Total,PS_KM2,Personnes par kilomètre carré,2010,,139.76,,CHN,Chine (République populaire de),A,Valeur normale,0,Units,2,Two
DATAFLOW,OECD.CFE.EDS:DSD_REG_DEMO@DF_DENSITY(2.0),Densité de population - Régions,I,A,Annuelle,CTRY,Pays,CHN,Chine (République populaire de),_Z,N'est pas applicable,POP,Population,_T,Total,_T,Total,PS_KM2,Personnes par kilomètre carré,2011,,141.12,,CHN,Chine (République populaire de),A,Valeur normale,0,Units,2,Two
DATAFLOW,OECD.CFE.EDS:DSD_REG_DEMO@DF_DENSITY(2.0),Densité de population - Régions,I,A,Annuelle,CTRY,Pays,CHN,Chine (République populaire de),_Z,N'est pas applicable,POP,Population,_T,Total,_T,Total,PS_KM2,Personnes par kilomètre carré,2012,,142.18,,CHN,Chine (République populaire de),A,Valeur normale,0,Units,2,Two
DATAFLOW,OECD.CFE.EDS:DSD_REG_DEMO@DF_DENSITY(2.0),Densité de population - Régions,I,A,Annuelle,CTRY,Pays,CHN,Chine (République populaire de),_Z,N'est pas applicable,POP,Population,_T,Total,_T,Total,PS_KM2,Personnes par kilomètre carré,2003,,134.31,,CHN,Chine (République populaire de),A,Valeur normale,0,Units,2,Two
DATAFLOW,OECD.CFE.EDS:DSD_REG_DEMO@DF_DENSITY(2.0),Densité de population - Régions,I,A,Annuelle,CTRY,Pays,CHN,Chine (République populaire de),_Z,N'est pas applicable,POP,Population,_T,Total,_T,Total,PS_KM2,Personnes par kilomètre carré,2005,,134.75,,CHN,Chine (République populaire de),A,Valeur normale,0,Units,2,Two
DATAFLOW,OECD.CFE.EDS:DSD_REG_DEMO@DF_DENSITY(2.0),Densité de population - Régions,I,A,Annuelle,CTRY,Pays,CHN,Chine (République populaire de),_Z,N'est pas applicable,POP,Population,_T,Total,_T,Total,PS_KM2,Personnes par kilomètre carré,2006,,135.71,,CHN,Chine (République populaire de),A,Valeur normale,0,Units,2,Two
DATAFLOW,OECD.CFE.EDS:DSD_REG_DEMO@DF_DENSITY(2.0),Densité de population - Régions,I,A,Annuelle,CTRY,Pays,CHN,Chine (République populaire de),_Z,N'est pas applicable,POP,Population,_T,Total,_T,Total,PS_KM2,Personnes par kilomètre carré,2007,,136.62,,CHN,Chine (République populaire de),A,Valeur normale,0,Units,2,Two
DATAFLOW,OECD.CFE.EDS:DSD_REG_DEMO@DF_DENSITY(2.0),Densité de population - Régions,I,A,Annuelle,CTRY,Pays,CHN,Chine (République populaire de),_Z,N'est pas applicable,POP,Population,_T,Total,_T,Total,PS_KM2,Personnes par kilomètre carré,2009,,138.77,,CHN,Chine (République populaire de),A,Valeur normale,0,Units,2,Two
DATAFLOW,OECD.CFE.EDS:DSD_REG_DEMO@DF_DENSITY(2.0),Densité de population - Régions,I,A,Annuelle,CTRY,Pays,CHN,Chine (République populaire de),_Z,N'est pas applicable,POP,Population,_T,Total,_T,Total,PS_KM2,Personnes par kilomètre carré,2001,,132.01,,CHN,Chine (République populaire de),A,Valeur normale,0,Units,2,Two
DATAFLOW,OECD.CFE.EDS:DSD_REG_DEMO@DF_DENSITY(2.0),Densité de population - Régions,I,A,Annuelle,CTRY,Pays,CHN,Chine (République populaire de),_Z,N'est pas applicable,POP,Population,_T,Total,_T,Total,PS_KM2,Personnes par kilomètre carré,2002,,133.4,,CHN,Chine (République populaire de),A,Valeur normale,0,Units,2,Two
DATAFLOW,OECD.CFE.EDS:DSD_REG_DEMO@DF_DENSITY(2.0),Densité de population - Régions,I,A,Annuelle,CTRY,Pays,HRV,Croatie,_Z,N'est pas applicable,POP,Population,_T,Total,_T,Total,PS_KM2,Personnes par kilomètre carré,1997,,81.1,,HRV,Croatie,E,Valeur estimée,0,Units,2,Two
DATAFLOW,OECD.CFE.EDS:DSD_REG_DEMO@DF_DENSITY(2.0),Densité de population - Régions,I,A,Annuelle,CTRY,Pays,HRV,Croatie,_Z,N'est pas applicable,POP,Population,_T,Total,_T,Total,PS_KM2,Personnes par kilomètre carré,1998,,81.17,,HRV,Croatie,E,Valeur estimée,0,Units,2,Two
DATAFLOW,OECD.CFE.EDS:DSD_REG_DEMO@DF_DENSITY(2.0),Densité de population - Régions,I,A,Annuelle,CTRY,Pays,HRV,Croatie,_Z,N'est pas applicable,POP,Population,_T,Total,_T,Total,PS,Personnes,2007,,4313530,,HRV,Croatie,A,Valeur normale,0,Units,0,Zero
DATAFLOW,OECD.CFE.EDS:DSD_REG_DEMO@DF_DENSITY(2.0),Densité de population - Régions,I,A,Annuelle,CTRY,Pays,HRV,Croatie,_Z,N'est pas applicable,POP,Population,_T,Total,_T,Total,PS,Personnes,2002,,4305494,,HRV,Croatie,A,Valeur normale,0,Units,0,Zero
DATAFLOW,OECD.CFE.EDS:DSD_REG_DEMO@DF_DENSITY(2.0),Densité de population - Régions,I,A,Annuelle,CTRY,Pays,HRV,Croatie,_Z,N'est pas applicable,POP,Population,_T,Total,_T,Total,PS,Personnes,2003,,4305384,,HRV,Croatie,A,Valeur normale,0,Units,0,Zero
DATAFLOW,OECD.CFE.EDS:DSD_REG_DEMO@DF_DENSITY(2.0),Densité de population - Régions,I,A,Annuelle,CTRY,Pays,HRV,Croatie,_Z,N'est pas applicable,POP,Population,_T,Total,_T,Total,PS,Personnes,1999,,4527460,,HRV,Croatie,E,Valeur estimée,0,Units,0,Zero
DATAFLOW,OECD.CFE.EDS:DSD_REG_DEMO@DF_DENSITY(2.0),Densité de population - Régions,I,A,Annuelle,CTRY,Pays,HRV,Croatie,_Z,N'est pas applicable,POP,Population,_T,Total,_T,Total,PS,Personnes,1998,,4536812,,HRV,Croatie,E,Valeur estimée,0,Units,0,Zero
DATAFLOW,OECD.CFE.EDS:DSD_REG_DEMO@DF_DENSITY(2.0),Densité de population - Régions,I,A,Annuelle,CTRY,Pays,HRV,Croatie,_Z,N'est pas applicable,POP,Population,_T,Total,_T,Total,PS,Personnes,2000,,4497735,,HRV,Croatie,E,Valeur estimée,0,Units,0,Zero
DATAFLOW,OECD.CFE.EDS:DSD_REG_DEMO@DF_DENSITY(2.0),Densité de population - Régions,I,A,Annuelle,CTRY,Pays,HRV,Croatie,_Z,N'est pas applicable,POP,Population,_T,Total,_T,Total,PS,Personnes,2019,,3968676,,HRV,Croatie,A,Valeur normale,0,Units,0,Zero
DATAFLOW,OECD.CFE.EDS:DSD_REG_DEMO@DF_DENSITY(2.0),Densité de population - Régions,I,A,Annuelle,CTRY,Pays,HRV,Croatie,_Z,N'est pas applicable,POP,Population,_T,Total,_T,Total,PS,Personnes,2023,,3850894,,HRV,Croatie,A,Valeur normale,0,Units,0,Zero
DATAFLOW,OECD.CFE.EDS:DSD_REG_DEMO@DF_DENSITY(2.0),Densité de population - Régions,I,A,Annuelle,CTRY,Pays,HRV,Croatie,_Z,N'est pas applicable,POP,Population,_T,Total,_T,Total,PS,Personnes,2013,,4247803,,HRV,Croatie,A,Valeur normale,0,Units,0,Zero
DATAFLOW,OECD.CFE.EDS:DSD_REG_DEMO@DF_DENSITY(2.0),Densité de population - Régions,I,A,Annuelle,CTRY,Pays,HRV,Croatie,_Z,N'est pas applicable,POP,Population,_T,Total,_T,Total,PS,Personnes,2022,,3862305,,HRV,Croatie,A,Valeur normale,0,Units,0,Zero
DATAFLOW,OECD.CFE.EDS:DSD_REG_DEMO@DF_DENSITY(2.0),Densité de population - Régions,I,A,Annuelle,CTRY,Pays,HRV,Croatie,_Z,N'est pas applicable,POP,Population,_T,Total,_T,Total,PS,Personnes,1990,,4772556,,HRV,Croatie,E,Valeur estimée,0,Units,0,Zero
DATAFLOW,OECD.CFE.EDS:DSD_REG_DEMO@DF_DENSITY(2.0),Densité de population - Régions,I,A,Annuelle,CTRY,Pays,HRV,Croatie,_Z,N'est pas applicable,POP,Population,_T,Total,_T,Total,PS,Personnes,1991,,4782179,,HRV,Croatie,E,Valeur estimée,0,Units,0,Zero
DATAFLOW,OECD.CFE.EDS:DSD_REG_DEMO@DF_DENSITY(2.0),Densité de population - Régions,I,A,Annuelle,CTRY,Pays,HRV,Croatie,_Z,N'est pas applicable,POP,Population,_T,Total,_T,Total,PS,Personnes,2010,,4302847,,HRV,Croatie,A,Valeur normale,0,Units,0,Zero
DATAFLOW,OECD.CFE.EDS:DSD_REG_DEMO@DF_DENSITY(2.0),Densité de population - Régions,I,A,Annuelle,CTRY,Pays,HRV,Croatie,_Z,N'est pas applicable,POP,Population,_T,Total,_T,Total,PS,Personnes,2011,,4289857,,HRV,Croatie,A,Valeur normale,0,Units,0,Zero
DATAFLOW,OECD.CFE.EDS:DSD_REG_DEMO@DF_DENSITY(2.0),Densité de population - Régions,I,A,Annuelle,CTRY,Pays,HRV,Croatie,_Z,N'est pas applicable,POP,Population,_T,Total,_T,Total,PS,Personnes,2004,,4305725,,HRV,Croatie,A,Valeur normale,0,Units,0,Zero
DATAFLOW,OECD.CFE.EDS:DSD_REG_DEMO@DF_DENSITY(2.0),Densité de population - Régions,I,A,Annuelle,CTRY,Pays,HRV,Croatie,_Z,N'est pas applicable,POP,Population,_T,Total,_T,Total,PS,Personnes,2005,,4310861,,HRV,Croatie,A,Valeur normale,0,Units,0,Zero
DATAFLOW,OECD.CFE.EDS:DSD_REG_DEMO@DF_DENSITY(2.0),Densité de population - Régions,I,A,Annuelle,CTRY,Pays,HRV,Croatie,_Z,N'est pas applicable,POP,Population,_T,Total,_T,Total,PS,Personnes,2009,,4309796,,HRV,Croatie,A,Valeur normale,0,Units,0,Zero
DATAFLOW,OECD.CFE.EDS:DSD_REG_DEMO@DF_DENSITY(2.0),Densité de population - Régions,I,A,Annuelle,CTRY,Pays,HRV,Croatie,_Z,N'est pas applicable,POP,Population,_T,Total,_T,Total,PS,Personnes,2008,,4311967,,HRV,Croatie,A,Valeur normale,0,Units,0,Zero
DATAFLOW,OECD.CFE.EDS:DSD_REG_DEMO@DF_DENSITY(2.0),Densité de population - Régions,I,A,Annuelle,CTRY,Pays,HRV,Croatie,_Z,N'est pas applicable,POP,Population,_T,Total,_T,Total,PS,Personnes,2012,,4275984,,HRV,Croatie,A,Valeur normale,0,Units,0,Zero
DATAFLOW,OECD.CFE.EDS:DSD_REG_DEMO@DF_DENSITY(2.0),Densité de population - Régions,I,A,Annuelle,CTRY,Pays,HRV,Croatie,_Z,N'est pas applicable,POP,Population,_T,Total,_T,Total,PS,Personnes,2006,,4312487,,HRV,Croatie,A,Valeur normale,0,Units,0,Zero
DATAFLOW,OECD.CFE.EDS:DSD_REG_DEMO@DF_DENSITY(2.0),Densité de population - Régions,I,A,Annuelle,CTRY,Pays,HRV,Croatie,_Z,N'est pas applicable,POP,Population,_T,Total,_T,Total,PS_KM2,Personnes par kilomètre carré,2015,,74.8,,HRV,Croatie,A,Valeur normale,0,Units,2,Two
DATAFLOW,OECD.CFE.EDS:DSD_REG_DEMO@DF_DENSITY(2.0),Densité de population - Régions,I,A,Annuelle,CTRY,Pays,HRV,Croatie,_Z,N'est pas applicable,POP,Population,_T,Total,_T,Total,PS_KM2,Personnes par kilomètre carré,2023,,68.89,,HRV,Croatie,A,Valeur normale,0,Units,2,Two
DATAFLOW,OECD.CFE.EDS:DSD_REG_DEMO@DF_DENSITY(2.0),Densité de population - Régions,I,A,Annuelle,CTRY,Pays,HRV,Croatie,_Z,N'est pas applicable,POP,Population,_T,Total,_T,Total,PS_KM2,Personnes par kilomètre carré,2013,,75.99,,HRV,Croatie,A,Valeur normale,0,Units,2,Two
DATAFLOW,OECD.CFE.EDS:DSD_REG_DEMO@DF_DENSITY(2.0),Densité de population - Régions,I,A,Annuelle,CTRY,Pays,HRV,Croatie,_Z,N'est pas applicable,POP,Population,_T,Total,_T,Total,PS_KM2,Personnes par kilomètre carré,2014,,75.45,,HRV,Croatie,A,Valeur normale,0,Units,2,Two
DATAFLOW,OECD.CFE.EDS:DSD_REG_DEMO@DF_DENSITY(2.0),Densité de population - Régions,I,A,Annuelle,CTRY,Pays,HRV,Croatie,_Z,N'est pas applicable,POP,Population,_T,Total,_T,Total,PS_KM2,Personnes par kilomètre carré,2022,,69.1,,HRV,Croatie,A,Valeur normale,0,Units,2,Two
DATAFLOW,OECD.CFE.EDS:DSD_REG_DEMO@DF_DENSITY(2.0),Densité de population - Régions,I,A,Annuelle,CTRY,Pays,HRV,Croatie,_Z,N'est pas applicable,POP,Population,_T,Total,_T,Total,PS_KM2,Personnes par kilomètre carré,2008,,77.14,,HRV,Croatie,A,Valeur normale,0,Units,2,Two
DATAFLOW,OECD.CFE.EDS:DSD_REG_DEMO@DF_DENSITY(2.0),Densité de population - Régions,I,A,Annuelle,CTRY,Pays,HRV,Croatie,_Z,N'est pas applicable,POP,Population,_T,Total,_T,Total,PS_KM2,Personnes par kilomètre carré,2010,,76.98,,HRV,Croatie,A,Valeur normale,0,Units,2,Two
DATAFLOW,OECD.CFE.EDS:DSD_REG_DEMO@DF_DENSITY(2.0),Densité de population - Régions,I,A,Annuelle,CTRY,Pays,HRV,Croatie,_Z,N'est pas applicable,POP,Population,_T,Total,_T,Total,PS_KM2,Personnes par kilomètre carré,2011,,76.75,,HRV,Croatie,A,Valeur normale,0,Units,2,Two
DATAFLOW,OECD.CFE.EDS:DSD_REG_DEMO@DF_DENSITY(2.0),Densité de population - Régions,I,A,Annuelle,CTRY,Pays,HRV,Croatie,_Z,N'est pas applicable,POP,Population,_T,Total,_T,Total,PS_KM2,Personnes par kilomètre carré,2012,,76.5,,HRV,Croatie,A,Valeur normale,0,Units,2,Two
DATAFLOW,OECD.CFE.EDS:DSD_REG_DEMO@DF_DENSITY(2.0),Densité de population - Régions,I,A,Annuelle,CTRY,Pays,HRV,Croatie,_Z,N'est pas applicable,POP,Population,_T,Total,_T,Total,PS_KM2,Personnes par kilomètre carré,2003,,77.02,,HRV,Croatie,A,Valeur normale,0,Units,2,Two
DATAFLOW,OECD.CFE.EDS:DSD_REG_DEMO@DF_DENSITY(2.0),Densité de population - Régions,I,A,Annuelle,CTRY,Pays,HRV,Croatie,_Z,N'est pas applicable,POP,Population,_T,Total,_T,Total,PS_KM2,Personnes par kilomètre carré,2005,,77.12,,HRV,Croatie,A,Valeur normale,0,Units,2,Two
DATAFLOW,OECD.CFE.EDS:DSD_REG_DEMO@DF_DENSITY(2.0),Densité de population - Régions,I,A,Annuelle,CTRY,Pays,HRV,Croatie,_Z,N'est pas applicable,POP,Population,_T,Total,_T,Total,PS_KM2,Personnes par kilomètre carré,2006,,77.15,,HRV,Croatie,A,Valeur normale,0,Units,2,Two
DATAFLOW,OECD.CFE.EDS:DSD_REG_DEMO@DF_DENSITY(2.0),Densité de population - Régions,I,A,Annuelle,CTRY,Pays,HRV,Croatie,_Z,N'est pas applicable,POP,Population,_T,Total,_T,Total,PS_KM2,Personnes par kilomètre carré,2007,,77.17,,HRV,Croatie,A,Valeur normale,0,Units,2,Two
DATAFLOW,OECD.CFE.EDS:DSD_REG_DEMO@DF_DENSITY(2.0),Densité de population - Régions,I,A,Annuelle,CTRY,Pays,HRV,Croatie,_Z,N'est pas applicable,POP,Population,_T,Total,_T,Total,PS_KM2,Personnes par kilomètre carré,2009,,77.1,,HRV,Croatie,A,Valeur normale,0,Units,2,Two
DATAFLOW,OECD.CFE.EDS:DSD_REG_DEMO@DF_DENSITY(2.0),Densité de population - Régions,I,A,Annuelle,CTRY,Pays,HRV,Croatie,_Z,N'est pas applicable,POP,Population,_T,Total,_T,Total,PS_KM2,Personnes par kilomètre carré,2002,,77.03,,HRV,Croatie,A,Valeur normale,0,Units,2,Two
DATAFLOW,OECD.CFE.EDS:DSD_REG_DEMO@DF_DENSITY(2.0),Densité de population - Régions,I,A,Annuelle,CTRY,Pays,HRV,Croatie,_Z,N'est pas applicable,POP,Population,_T,Total,_T,Total,PS_KM2,Personnes par kilomètre carré,2004,,77.03,,HRV,Croatie,A,Valeur normale,0,Units,2,Two
DATAFLOW,OECD.CFE.EDS:DSD_REG_DEMO@DF_DENSITY(2.0),Densité de population - Régions,I,A,Annuelle,CTRY,Pays,HRV,Croatie,_Z,N'est pas applicable,POP,Population,_T,Total,_T,Total,PS_KM2,Personnes par kilomètre carré,1999,,81,,HRV,Croatie,E,Valeur estimée,0,Units,2,Two
DATAFLOW,OECD.CFE.EDS:DSD_REG_DEMO@DF_DENSITY(2.0),Densité de population - Régions,I,A,Annuelle,CTRY,Pays,HRV,Croatie,_Z,N'est pas applicable,POP,Population,_T,Total,_T,Total,PS,Personnes,2001,,4295406,,HRV,Croatie,B,Rupture de série,0,Units,0,Zero
DATAFLOW,OECD.CFE.EDS:DSD_REG_DEMO@DF_DENSITY(2.0),Densité de population - Régions,I,A,Annuelle,CTRY,Pays,HRV,Croatie,_Z,N'est pas applicable,POP,Population,_T,Total,_T,Total,PS,Personnes,2020,,3933511,,HRV,Croatie,A,Valeur normale,0,Units,0,Zero
DATAFLOW,OECD.CFE.EDS:DSD_REG_DEMO@DF_DENSITY(2.0),Densité de population - Régions,I,A,Annuelle,CTRY,Pays,HRV,Croatie,_Z,N'est pas applicable,POP,Population,_T,Total,_T,Total,PS,Personnes,2021,,3893026,,HRV,Croatie,A,Valeur normale,0,Units,0,Zero
DATAFLOW,OECD.CFE.EDS:DSD_REG_DEMO@DF_DENSITY(2.0),Densité de population - Régions,I,A,Annuelle,CTRY,Pays,HRV,Croatie,_Z,N'est pas applicable,POP,Population,_T,Total,_T,Total,PS,Personnes,1992,,4595865,,HRV,Croatie,E,Valeur estimée,0,Units,0,Zero
DATAFLOW,OECD.CFE.EDS:DSD_REG_DEMO@DF_DENSITY(2.0),Densité de population - Régions,I,A,Annuelle,CTRY,Pays,HRV,Croatie,_Z,N'est pas applicable,POP,Population,_T,Total,_T,Total,PS,Personnes,1993,,4555771,,HRV,Croatie,E,Valeur estimée,0,Units,0,Zero
DATAFLOW,OECD.CFE.EDS:DSD_REG_DEMO@DF_DENSITY(2.0),Densité de population - Régions,I,A,Annuelle,CTRY,Pays,HRV,Croatie,_Z,N'est pas applicable,POP,Population,_T,Total,_T,Total,PS,Personnes,1994,,4645155,,HRV,Croatie,E,Valeur estimée,0,Units,0,Zero
DATAFLOW,OECD.CFE.EDS:DSD_REG_DEMO@DF_DENSITY(2.0),Densité de population - Régions,I,A,Annuelle,CTRY,Pays,HRV,Croatie,_Z,N'est pas applicable,POP,Population,_T,Total,_T,Total,PS,Personnes,1995,,4658893,,HRV,Croatie,E,Valeur estimée,0,Units,0,Zero
DATAFLOW,OECD.CFE.EDS:DSD_REG_DEMO@DF_DENSITY(2.0),Densité de population - Régions,I,A,Annuelle,CTRY,Pays,HRV,Croatie,_Z,N'est pas applicable,POP,Population,_T,Total,_T,Total,PS,Personnes,1996,,4581167,,HRV,Croatie,E,Valeur estimée,0,Units,0,Zero
DATAFLOW,OECD.CFE.EDS:DSD_REG_DEMO@DF_DENSITY(2.0),Densité de population - Régions,I,A,Annuelle,CTRY,Pays,HRV,Croatie,_Z,N'est pas applicable,POP,Population,_T,Total,_T,Total,PS,Personnes,1997,,4533028,,HRV,Croatie,E,Valeur estimée,0,Units,0,Zero
DATAFLOW,OECD.CFE.EDS:DSD_REG_DEMO@DF_DENSITY(2.0),Densité de population - Régions,I,A,Annuelle,CTRY,Pays,HRV,Croatie,_Z,N'est pas applicable,POP,Population,_T,Total,_T,Total,PS,Personnes,2014,,4217632,,HRV,Croatie,A,Valeur normale,0,Units,0,Zero
DATAFLOW,OECD.CFE.EDS:DSD_REG_DEMO@DF_DENSITY(2.0),Densité de population - Régions,I,A,Annuelle,CTRY,Pays,HRV,Croatie,_Z,N'est pas applicable,POP,Population,_T,Total,_T,Total,PS,Personnes,2015,,4180915,,HRV,Croatie,A,Valeur normale,0,Units,0,Zero
DATAFLOW,OECD.CFE.EDS:DSD_REG_DEMO@DF_DENSITY(2.0),Densité de population - Régions,I,A,Annuelle,CTRY,Pays,HRV,Croatie,_Z,N'est pas applicable,POP,Population,_T,Total,_T,Total,PS,Personnes,2016,,4131115,,HRV,Croatie,A,Valeur normale,0,Units,0,Zero
DATAFLOW,OECD.CFE.EDS:DSD_REG_DEMO@DF_DENSITY(2.0),Densité de population - Régions,I,A,Annuelle,CTRY,Pays,HRV,Croatie,_Z,N'est pas applicable,POP,Population,_T,Total,_T,Total,PS,Personnes,2017,,4078769,,HRV,Croatie,A,Valeur normale,0,Units,0,Zero
DATAFLOW,OECD.CFE.EDS:DSD_REG_DEMO@DF_DENSITY(2.0),Densité de population - Régions,I,A,Annuelle,CTRY,Pays,HRV,Croatie,_Z,N'est pas applicable,POP,Population,_T,Total,_T,Total,PS,Personnes,2018,,4014341,,HRV,Croatie,A,Valeur normale,0,Units,0,Zero
DATAFLOW,OECD.CFE.EDS:DSD_REG_DEMO@DF_DENSITY(2.0),Densité de population - Régions,I,A,Annuelle,CTRY,Pays,HRV,Croatie,_Z,N'est pas applicable,POP,Population,_T,Total,_T,Total,PS_KM2,Personnes par kilomètre carré,2000,,80.47,,HRV,Croatie,E,Valeur estimée,0,Units,2,Two
DATAFLOW,OECD.CFE.EDS:DSD_REG_DEMO@DF_DENSITY(2.0),Densité de population - Régions,I,A,Annuelle,CTRY,Pays,HRV,Croatie,_Z,N'est pas applicable,POP,Population,_T,Total,_T,Total,PS_KM2,Personnes par kilomètre carré,2001,,76.85,,HRV,Croatie,B,Rupture de série,0,Units,2,Two
DATAFLOW,OECD.CFE.EDS:DSD_REG_DEMO@DF_DENSITY(2.0),Densité de population - Régions,I,A,Annuelle,CTRY,Pays,HRV,Croatie,_Z,N'est pas applicable,POP,Population,_T,Total,_T,Total,PS_KM2,Personnes par kilomètre carré,2019,,71,,HRV,Croatie,A,Valeur normale,0,Units,2,Two
DATAFLOW,OECD.CFE.EDS:DSD_REG_DEMO@DF_DENSITY(2.0),Densité de population - Régions,I,A,Annuelle,CTRY,Pays,HRV,Croatie,_Z,N'est pas applicable,POP,Population,_T,Total,_T,Total,PS_KM2,Personnes par kilomètre carré,2020,,70.37,,HRV,Croatie,A,Valeur normale,0,Units,2,Two
DATAFLOW,OECD.CFE.EDS:DSD_REG_DEMO@DF_DENSITY(2.0),Densité de population - Régions,I,A,Annuelle,CTRY,Pays,HRV,Croatie,_Z,N'est pas applicable,POP,Population,_T,Total,_T,Total,PS_KM2,Personnes par kilomètre carré,2021,,69.65,,HRV,Croatie,A,Valeur normale,0,Units,2,Two
DATAFLOW,OECD.CFE.EDS:DSD_REG_DEMO@DF_DENSITY(2.0),Densité de population - Régions,I,A,Annuelle,CTRY,Pays,HRV,Croatie,_Z,N'est pas applicable,POP,Population,_T,Total,_T,Total,PS_KM2,Personnes par kilomètre carré,2016,,73.91,,HRV,Croatie,A,Valeur normale,0,Units,2,Two
DATAFLOW,OECD.CFE.EDS:DSD_REG_DEMO@DF_DENSITY(2.0),Densité de population - Régions,I,A,Annuelle,CTRY,Pays,HRV,Croatie,_Z,N'est pas applicable,POP,Population,_T,Total,_T,Total,PS_KM2,Personnes par kilomètre carré,2017,,72.97,,HRV,Croatie,A,Valeur normale,0,Units,2,Two
DATAFLOW,OECD.CFE.EDS:DSD_REG_DEMO@DF_DENSITY(2.0),Densité de population - Régions,I,A,Annuelle,CTRY,Pays,HRV,Croatie,_Z,N'est pas applicable,POP,Population,_T,Total,_T,Total,PS_KM2,Personnes par kilomètre carré,2018,,71.82,,HRV,Croatie,A,Valeur normale,0,Units,2,Two
DATAFLOW,OECD.CFE.EDS:DSD_REG_DEMO@DF_DENSITY(2.0),Densité de population - Régions,I,A,Annuelle,CTRY,Pays,HRV,Croatie,_Z,N'est pas applicable,POP,Population,_T,Total,_T,Total,PS_KM2,Personnes par kilomètre carré,1990,,85.38,,HRV,Croatie,E,Valeur estimée,0,Units,2,Two
DATAFLOW,OECD.CFE.EDS:DSD_REG_DEMO@DF_DENSITY(2.0),Densité de population - Régions,I,A,Annuelle,CTRY,Pays,HRV,Croatie,_Z,N'est pas applicable,POP,Population,_T,Total,_T,Total,PS_KM2,Personnes par kilomètre carré,1991,,85.55,,HRV,Croatie,E,Valeur estimée,0,Units,2,Two
DATAFLOW,OECD.CFE.EDS:DSD_REG_DEMO@DF_DENSITY(2.0),Densité de population - Régions,I,A,Annuelle,CTRY,Pays,HRV,Croatie,_Z,N'est pas applicable,POP,Population,_T,Total,_T,Total,PS_KM2,Personnes par kilomètre carré,1992,,82.22,,HRV,Croatie,E,Valeur estimée,0,Units,2,Two
DATAFLOW,OECD.CFE.EDS:DSD_REG_DEMO@DF_DENSITY(2.0),Densité de population - Régions,I,A,Annuelle,CTRY,Pays,HRV,Croatie,_Z,N'est pas applicable,POP,Population,_T,Total,_T,Total,PS_KM2,Personnes par kilomètre carré,1993,,81.5,,HRV,Croatie,E,Valeur estimée,0,Units,2,Two
DATAFLOW,OECD.CFE.EDS:DSD_REG_DEMO@DF_DENSITY(2.0),Densité de population - Régions,I,A,Annuelle,CTRY,Pays,HRV,Croatie,_Z,N'est pas applicable,POP,Population,_T,Total,_T,Total,PS_KM2,Personnes par kilomètre carré,1994,,83.1,,HRV,Croatie,E,Valeur estimée,0,Units,2,Two
DATAFLOW,OECD.CFE.EDS:DSD_REG_DEMO@DF_DENSITY(2.0),Densité de population - Régions,I,A,Annuelle,CTRY,Pays,HRV,Croatie,_Z,N'est pas applicable,POP,Population,_T,Total,_T,Total,PS_KM2,Personnes par kilomètre carré,1995,,83.35,,HRV,Croatie,E,Valeur estimée,0,Units,2,Two
DATAFLOW,OECD.CFE.EDS:DSD_REG_DEMO@DF_DENSITY(2.0),Densité de population - Régions,I,A,Annuelle,CTRY,Pays,CYP,Chypre,_Z,N'est pas applicable,POP,Population,_T,Total,_T,Total,PS_KM2,Personnes par kilomètre carré,2008,,84.26,,CYP,Chypre,A,Valeur normale,0,Units,2,Two
DATAFLOW,OECD.CFE.EDS:DSD_REG_DEMO@DF_DENSITY(2.0),Densité de population - Régions,I,A,Annuelle,CTRY,Pays,CYP,Chypre,_Z,N'est pas applicable,POP,Population,_T,Total,_T,Total,PS_KM2,Personnes par kilomètre carré,2001,,75.71,,CYP,Chypre,A,Valeur normale,0,Units,2,Two
DATAFLOW,OECD.CFE.EDS:DSD_REG_DEMO@DF_DENSITY(2.0),Densité de population - Régions,I,A,Annuelle,CTRY,Pays,CYP,Chypre,_Z,N'est pas applicable,POP,Population,_T,Total,_T,Total,PS,Personnes,1996,,656333,,CYP,Chypre,A,Valeur normale,0,Units,0,Zero
DATAFLOW,OECD.CFE.EDS:DSD_REG_DEMO@DF_DENSITY(2.0),Densité de population - Régions,I,A,Annuelle,CTRY,Pays,CYP,Chypre,_Z,N'est pas applicable,POP,Population,_T,Total,_T,Total,PS,Personnes,1997,,666313,,CYP,Chypre,A,Valeur normale,0,Units,0,Zero
DATAFLOW,OECD.CFE.EDS:DSD_REG_DEMO@DF_DENSITY(2.0),Densité de population - Régions,I,A,Annuelle,CTRY,Pays,CYP,Chypre,_Z,N'est pas applicable,POP,Population,_T,Total,_T,Total,PS,Personnes,1998,,675215,,CYP,Chypre,A,Valeur normale,0,Units,0,Zero
DATAFLOW,OECD.CFE.EDS:DSD_REG_DEMO@DF_DENSITY(2.0),Densité de population - Régions,I,A,Annuelle,CTRY,Pays,CYP,Chypre,_Z,N'est pas applicable,POP,Population,_T,Total,_T,Total,PS,Personnes,1993,,619231,,CYP,Chypre,A,Valeur normale,0,Units,0,Zero
DATAFLOW,OECD.CFE.EDS:DSD_REG_DEMO@DF_DENSITY(2.0),Densité de population - Régions,I,A,Annuelle,CTRY,Pays,CYP,Chypre,_Z,N'est pas applicable,POP,Population,_T,Total,_T,Total,PS,Personnes,1994,,632944,,CYP,Chypre,A,Valeur normale,0,Units,0,Zero
DATAFLOW,OECD.CFE.EDS:DSD_REG_DEMO@DF_DENSITY(2.0),Densité de population - Régions,I,A,Annuelle,CTRY,Pays,CYP,Chypre,_Z,N'est pas applicable,POP,Population,_T,Total,_T,Total,PS,Personnes,1991,,587141,,CYP,Chypre,A,Valeur normale,0,Units,0,Zero
DATAFLOW,OECD.CFE.EDS:DSD_REG_DEMO@DF_DENSITY(2.0),Densité de population - Régions,I,A,Annuelle,CTRY,Pays,CYP,Chypre,_Z,N'est pas applicable,POP,Population,_T,Total,_T,Total,PS,Personnes,1999,,682862,,CYP,Chypre,A,Valeur normale,0,Units,0,Zero
DATAFLOW,OECD.CFE.EDS:DSD_REG_DEMO@DF_DENSITY(2.0),Densité de population - Régions,I,A,Annuelle,CTRY,Pays,CYP,Chypre,_Z,N'est pas applicable,POP,Population,_T,Total,_T,Total,PS,Personnes,2000,,690497,,CYP,Chypre,A,Valeur normale,0,Units,0,Zero
DATAFLOW,OECD.CFE.EDS:DSD_REG_DEMO@DF_DENSITY(2.0),Densité de population - Régions,I,A,Annuelle,CTRY,Pays,CYP,Chypre,_Z,N'est pas applicable,POP,Population,_T,Total,_T,Total,PS,Personnes,2013,,865878,,CYP,Chypre,A,Valeur normale,0,Units,0,Zero
DATAFLOW,OECD.CFE.EDS:DSD_REG_DEMO@DF_DENSITY(2.0),Densité de population - Régions,I,A,Annuelle,CTRY,Pays,CYP,Chypre,_Z,N'est pas applicable,POP,Population,_T,Total,_T,Total,PS,Personnes,1992,,603069,,CYP,Chypre,A,Valeur normale,0,Units,0,Zero
DATAFLOW,OECD.CFE.EDS:DSD_REG_DEMO@DF_DENSITY(2.0),Densité de population - Régions,I,A,Annuelle,CTRY,Pays,CYP,Chypre,_Z,N'est pas applicable,POP,Population,_T,Total,_T,Total,PS,Personnes,2011,,839751,,CYP,Chypre,A,Valeur normale,0,Units,0,Zero
DATAFLOW,OECD.CFE.EDS:DSD_REG_DEMO@DF_DENSITY(2.0),Densité de population - Régions,I,A,Annuelle,CTRY,Pays,CYP,Chypre,_Z,N'est pas applicable,POP,Population,_T,Total,_T,Total,PS,Personnes,2012,,862011,,CYP,Chypre,A,Valeur normale,0,Units,0,Zero
DATAFLOW,OECD.CFE.EDS:DSD_REG_DEMO@DF_DENSITY(2.0),Densité de population - Régions,I,A,Annuelle,CTRY,Pays,CYP,Chypre,_Z,N'est pas applicable,POP,Population,_T,Total,_T,Total,PS,Personnes,2003,,713720,,CYP,Chypre,A,Valeur normale,0,Units,0,Zero
DATAFLOW,OECD.CFE.EDS:DSD_REG_DEMO@DF_DENSITY(2.0),Densité de population - Régions,I,A,Annuelle,CTRY,Pays,CYP,Chypre,_Z,N'est pas applicable,POP,Population,_T,Total,_T,Total,PS,Personnes,2004,,722893,,CYP,Chypre,A,Valeur normale,0,Units,0,Zero
DATAFLOW,OECD.CFE.EDS:DSD_REG_DEMO@DF_DENSITY(2.0),Densité de population - Régions,I,A,Annuelle,CTRY,Pays,CYP,Chypre,_Z,N'est pas applicable,POP,Population,_T,Total,_T,Total,PS,Personnes,2007,,757916,,CYP,Chypre,A,Valeur normale,0,Units,0,Zero
DATAFLOW,OECD.CFE.EDS:DSD_REG_DEMO@DF_DENSITY(2.0),Densité de population - Régions,I,A,Annuelle,CTRY,Pays,CYP,Chypre,_Z,N'est pas applicable,POP,Population,_T,Total,_T,Total,PS,Personnes,2008,,776333,,CYP,Chypre,A,Valeur normale,0,Units,0,Zero
DATAFLOW,OECD.CFE.EDS:DSD_REG_DEMO@DF_DENSITY(2.0),Densité de population - Régions,I,A,Annuelle,CTRY,Pays,CYP,Chypre,_Z,N'est pas applicable,POP,Population,_T,Total,_T,Total,PS,Personnes,2001,,697549,,CYP,Chypre,A,Valeur normale,0,Units,0,Zero
DATAFLOW,OECD.CFE.EDS:DSD_REG_DEMO@DF_DENSITY(2.0),Densité de population - Régions,I,A,Annuelle,CTRY,Pays,CYP,Chypre,_Z,N'est pas applicable,POP,Population,_T,Total,_T,Total,PS,Personnes,2002,,705539,,CYP,Chypre,A,Valeur normale,0,Units,0,Zero
DATAFLOW,OECD.CFE.EDS:DSD_REG_DEMO@DF_DENSITY(2.0),Densité de population - Régions,I,A,Annuelle,CTRY,Pays,CYP,Chypre,_Z,N'est pas applicable,POP,Population,_T,Total,_T,Total,PS,Personnes,1990,,572655,,CYP,Chypre,A,Valeur normale,0,Units,0,Zero
DATAFLOW,OECD.CFE.EDS:DSD_REG_DEMO@DF_DENSITY(2.0),Densité de population - Régions,I,A,Annuelle,CTRY,Pays,CYP,Chypre,_Z,N'est pas applicable,POP,Population,_T,Total,_T,Total,PS,Personnes,1995,,645399,,CYP,Chypre,A,Valeur normale,0,Units,0,Zero
DATAFLOW,OECD.CFE.EDS:DSD_REG_DEMO@DF_DENSITY(2.0),Densité de population - Régions,I,A,Annuelle,CTRY,Pays,CYP,Chypre,_Z,N'est pas applicable,POP,Population,_T,Total,_T,Total,PS_KM2,Personnes par kilomètre carré,2002,,76.58,,CYP,Chypre,A,Valeur normale,0,Units,2,Two
DATAFLOW,OECD.CFE.EDS:DSD_REG_DEMO@DF_DENSITY(2.0),Densité de population - Régions,I,A,Annuelle,CTRY,Pays,CYP,Chypre,_Z,N'est pas applicable,POP,Population,_T,Total,_T,Total,PS_KM2,Personnes par kilomètre carré,2005,,79.57,,CYP,Chypre,A,Valeur normale,0,Units,2,Two
DATAFLOW,OECD.CFE.EDS:DSD_REG_DEMO@DF_DENSITY(2.0),Densité de population - Régions,I,A,Annuelle,CTRY,Pays,CYP,Chypre,_Z,N'est pas applicable,POP,Population,_T,Total,_T,Total,PS_KM2,Personnes par kilomètre carré,1996,,71.24,,CYP,Chypre,A,Valeur normale,0,Units,2,Two
DATAFLOW,OECD.CFE.EDS:DSD_REG_DEMO@DF_DENSITY(2.0),Densité de population - Régions,I,A,Annuelle,CTRY,Pays,CYP,Chypre,_Z,N'est pas applicable,POP,Population,_T,Total,_T,Total,PS_KM2,Personnes par kilomètre carré,1997,,72.32,,CYP,Chypre,A,Valeur normale,0,Units,2,Two
DATAFLOW,OECD.CFE.EDS:DSD_REG_DEMO@DF_DENSITY(2.0),Densité de population - Régions,I,A,Annuelle,CTRY,Pays,CYP,Chypre,_Z,N'est pas applicable,POP,Population,_T,Total,_T,Total,PS_KM2,Personnes par kilomètre carré,1998,,73.29,,CYP,Chypre,A,Valeur normale,0,Units,2,Two
DATAFLOW,OECD.CFE.EDS:DSD_REG_DEMO@DF_DENSITY(2.0),Densité de population - Régions,I,A,Annuelle,CTRY,Pays,CYP,Chypre,_Z,N'est pas applicable,POP,Population,_T,Total,_T,Total,PS_KM2,Personnes par kilomètre carré,2009,,86.5,,CYP,Chypre,A,Valeur normale,0,Units,2,Two
DATAFLOW,OECD.CFE.EDS:DSD_REG_DEMO@DF_DENSITY(2.0),Densité de population - Régions,I,A,Annuelle,CTRY,Pays,CYP,Chypre,_Z,N'est pas applicable,POP,Population,_T,Total,_T,Total,PS_KM2,Personnes par kilomètre carré,2000,,74.95,,CYP,Chypre,A,Valeur normale,0,Units,2,Two
DATAFLOW,OECD.CFE.EDS:DSD_REG_DEMO@DF_DENSITY(2.0),Densité de population - Régions,I,A,Annuelle,CTRY,Pays,CYP,Chypre,_Z,N'est pas applicable,POP,Population,_T,Total,_T,Total,PS_KM2,Personnes par kilomètre carré,1990,,62.16,,CYP,Chypre,A,Valeur normale,0,Units,2,Two
DATAFLOW,OECD.CFE.EDS:DSD_REG_DEMO@DF_DENSITY(2.0),Densité de population - Régions,I,A,Annuelle,CTRY,Pays,CYP,Chypre,_Z,N'est pas applicable,POP,Population,_T,Total,_T,Total,PS_KM2,Personnes par kilomètre carré,1991,,63.73,,CYP,Chypre,A,Valeur normale,0,Units,2,Two
DATAFLOW,OECD.CFE.EDS:DSD_REG_DEMO@DF_DENSITY(2.0),Densité de population - Régions,I,A,Annuelle,CTRY,Pays,CYP,Chypre,_Z,N'est pas applicable,POP,Population,_T,Total,_T,Total,PS_KM2,Personnes par kilomètre carré,2004,,78.46,,CYP,Chypre,A,Valeur normale,0,Units,2,Two
DATAFLOW,OECD.CFE.EDS:DSD_REG_DEMO@DF_DENSITY(2.0),Densité de population - Régions,I,A,Annuelle,CTRY,Pays,CYP,Chypre,_Z,N'est pas applicable,POP,Population,_T,Total,_T,Total,PS_KM2,Personnes par kilomètre carré,1995,,70.05,,CYP,Chypre,A,Valeur normale,0,Units,2,Two
DATAFLOW,OECD.CFE.EDS:DSD_REG_DEMO@DF_DENSITY(2.0),Densité de population - Régions,I,A,Annuelle,CTRY,Pays,CYP,Chypre,_Z,N'est pas applicable,POP,Population,_T,Total,_T,Total,PS_KM2,Personnes par kilomètre carré,1994,,68.7,,CYP,Chypre,A,Valeur normale,0,Units,2,Two
DATAFLOW,OECD.CFE.EDS:DSD_REG_DEMO@DF_DENSITY(2.0),Densité de population - Régions,I,A,Annuelle,CTRY,Pays,CYP,Chypre,_Z,N'est pas applicable,POP,Population,_T,Total,_T,Total,PS_KM2,Personnes par kilomètre carré,1999,,74.12,,CYP,Chypre,A,Valeur normale,0,Units,2,Two
DATAFLOW,OECD.CFE.EDS:DSD_REG_DEMO@DF_DENSITY(2.0),Densité de population - Régions,I,A,Annuelle,CTRY,Pays,CYP,Chypre,_Z,N'est pas applicable,POP,Population,_T,Total,_T,Total,PS_KM2,Personnes par kilomètre carré,2003,,77.47,,CYP,Chypre,A,Valeur normale,0,Units,2,Two
DATAFLOW,OECD.CFE.EDS:DSD_REG_DEMO@DF_DENSITY(2.0),Densité de population - Régions,I,A,Annuelle,CTRY,Pays,CYP,Chypre,_Z,N'est pas applicable,POP,Population,_T,Total,_T,Total,PS_KM2,Personnes par kilomètre carré,1992,,65.46,,CYP,Chypre,A,Valeur normale,0,Units,2,Two
DATAFLOW,OECD.CFE.EDS:DSD_REG_DEMO@DF_DENSITY(2.0),Densité de population - Régions,I,A,Annuelle,CTRY,Pays,CYP,Chypre,_Z,N'est pas applicable,POP,Population,_T,Total,_T,Total,PS_KM2,Personnes par kilomètre carré,1993,,67.21,,CYP,Chypre,A,Valeur normale,0,Units,2,Two
DATAFLOW,OECD.CFE.EDS:DSD_REG_DEMO@DF_DENSITY(2.0),Densité de population - Régions,I,A,Annuelle,CTRY,Pays,CYP,Chypre,_Z,N'est pas applicable,POP,Population,_T,Total,_T,Total,PS_KM2,Personnes par kilomètre carré,2023,,103.02,,CYP,Chypre,A,Valeur normale,0,Units,2,Two
DATAFLOW,OECD.CFE.EDS:DSD_REG_DEMO@DF_DENSITY(2.0),Densité de population - Régions,I,A,Annuelle,CTRY,Pays,CYP,Chypre,_Z,N'est pas applicable,POP,Population,_T,Total,_T,Total,PS,Personnes,2016,,863764,,CYP,Chypre,A,Valeur normale,0,Units,0,Zero
DATAFLOW,OECD.CFE.EDS:DSD_REG_DEMO@DF_DENSITY(2.0),Densité de population - Régions,I,A,Annuelle,CTRY,Pays,CYP,Chypre,_Z,N'est pas applicable,POP,Population,_T,Total,_T,Total,PS,Personnes,2017,,869878,,CYP,Chypre,A,Valeur normale,0,Units,0,Zero
DATAFLOW,OECD.CFE.EDS:DSD_REG_DEMO@DF_DENSITY(2.0),Densité de population - Régions,I,A,Annuelle,CTRY,Pays,CYP,Chypre,_Z,N'est pas applicable,POP,Population,_T,Total,_T,Total,PS,Personnes,2018,,878601,,CYP,Chypre,A,Valeur normale,0,Units,0,Zero
DATAFLOW,OECD.CFE.EDS:DSD_REG_DEMO@DF_DENSITY(2.0),Densité de population - Régions,I,A,Annuelle,CTRY,Pays,CYP,Chypre,_Z,N'est pas applicable,POP,Population,_T,Total,_T,Total,PS,Personnes,2019,,890194,,CYP,Chypre,A,Valeur normale,0,Units,0,Zero
DATAFLOW,OECD.CFE.EDS:DSD_REG_DEMO@DF_DENSITY(2.0),Densité de population - Régions,I,A,Annuelle,CTRY,Pays,CYP,Chypre,_Z,N'est pas applicable,POP,Population,_T,Total,_T,Total,PS,Personnes,2020,,902429,,CYP,Chypre,A,Valeur normale,0,Units,0,Zero
DATAFLOW,OECD.CFE.EDS:DSD_REG_DEMO@DF_DENSITY(2.0),Densité de population - Régions,I,A,Annuelle,CTRY,Pays,CYP,Chypre,_Z,N'est pas applicable,POP,Population,_T,Total,_T,Total,PS,Personnes,2021,,914476,,CYP,Chypre,A,Valeur normale,0,Units,0,Zero
DATAFLOW,OECD.CFE.EDS:DSD_REG_DEMO@DF_DENSITY(2.0),Densité de population - Régions,I,A,Annuelle,CTRY,Pays,CYP,Chypre,_Z,N'est pas applicable,POP,Population,_T,Total,_T,Total,PS,Personnes,2022,,929764,,CYP,Chypre,A,Valeur normale,0,Units,0,Zero
DATAFLOW,OECD.CFE.EDS:DSD_REG_DEMO@DF_DENSITY(2.0),Densité de population - Régions,I,A,Annuelle,CTRY,Pays,CYP,Chypre,_Z,N'est pas applicable,POP,Population,_T,Total,_T,Total,PS,Personnes,2023,,949084,,CYP,Chypre,A,Valeur normale,0,Units,0,Zero
DATAFLOW,OECD.CFE.EDS:DSD_REG_DEMO@DF_DENSITY(2.0),Densité de population - Régions,I,A,Annuelle,CTRY,Pays,CYP,Chypre,_Z,N'est pas applicable,POP,Population,_T,Total,_T,Total,PS,Personnes,2014,,860032,,CYP,Chypre,A,Valeur normale,0,Units,0,Zero
DATAFLOW,OECD.CFE.EDS:DSD_REG_DEMO@DF_DENSITY(2.0),Densité de population - Régions,I,A,Annuelle,CTRY,Pays,CYP,Chypre,_Z,N'est pas applicable,POP,Population,_T,Total,_T,Total,PS,Personnes,2015,,860846,,CYP,Chypre,A,Valeur normale,0,Units,0,Zero
DATAFLOW,OECD.CFE.EDS:DSD_REG_DEMO@DF_DENSITY(2.0),Densité de population - Régions,I,A,Annuelle,CTRY,Pays,CYP,Chypre,_Z,N'est pas applicable,POP,Population,_T,Total,_T,Total,PS,Personnes,2005,,733067,,CYP,Chypre,A,Valeur normale,0,Units,0,Zero
DATAFLOW,OECD.CFE.EDS:DSD_REG_DEMO@DF_DENSITY(2.0),Densité de population - Régions,I,A,Annuelle,CTRY,Pays,CYP,Chypre,_Z,N'est pas applicable,POP,Population,_T,Total,_T,Total,PS,Personnes,2006,,744013,,CYP,Chypre,A,Valeur normale,0,Units,0,Zero
DATAFLOW,OECD.CFE.EDS:DSD_REG_DEMO@DF_DENSITY(2.0),Densité de population - Régions,I,A,Annuelle,CTRY,Pays,CYP,Chypre,_Z,N'est pas applicable,POP,Population,_T,Total,_T,Total,PS,Personnes,2009,,796930,,CYP,Chypre,A,Valeur normale,0,Units,0,Zero
DATAFLOW,OECD.CFE.EDS:DSD_REG_DEMO@DF_DENSITY(2.0),Densité de population - Régions,I,A,Annuelle,CTRY,Pays,CYP,Chypre,_Z,N'est pas applicable,POP,Population,_T,Total,_T,Total,PS,Personnes,2010,,819140,,CYP,Chypre,A,Valeur normale,0,Units,0,Zero
DATAFLOW,OECD.CFE.EDS:DSD_REG_DEMO@DF_DENSITY(2.0),Densité de population - Régions,I,A,Annuelle,CTRY,Pays,CYP,Chypre,_Z,N'est pas applicable,POP,Population,_T,Total,_T,Total,PS_KM2,Personnes par kilomètre carré,2016,,93.75,,CYP,Chypre,A,Valeur normale,0,Units,2,Two
DATAFLOW,OECD.CFE.EDS:DSD_REG_DEMO@DF_DENSITY(2.0),Densité de population - Régions,I,A,Annuelle,CTRY,Pays,CYP,Chypre,_Z,N'est pas applicable,POP,Population,_T,Total,_T,Total,PS_KM2,Personnes par kilomètre carré,2017,,94.42,,CYP,Chypre,A,Valeur normale,0,Units,2,Two
DATAFLOW,OECD.CFE.EDS:DSD_REG_DEMO@DF_DENSITY(2.0),Densité de population - Régions,I,A,Annuelle,CTRY,Pays,CYP,Chypre,_Z,N'est pas applicable,POP,Population,_T,Total,_T,Total,PS_KM2,Personnes par kilomètre carré,2018,,95.37,,CYP,Chypre,A,Valeur normale,0,Units,2,Two
DATAFLOW,OECD.CFE.EDS:DSD_REG_DEMO@DF_DENSITY(2.0),Densité de population - Régions,I,A,Annuelle,CTRY,Pays,CYP,Chypre,_Z,N'est pas applicable,POP,Population,_T,Total,_T,Total,PS_KM2,Personnes par kilomètre carré,2019,,96.62,,CYP,Chypre,A,Valeur normale,0,Units,2,Two
DATAFLOW,OECD.CFE.EDS:DSD_REG_DEMO@DF_DENSITY(2.0),Densité de population - Régions,I,A,Annuelle,CTRY,Pays,CYP,Chypre,_Z,N'est pas applicable,POP,Population,_T,Total,_T,Total,PS_KM2,Personnes par kilomètre carré,2020,,97.95,,CYP,Chypre,A,Valeur normale,0,Units,2,Two
DATAFLOW,OECD.CFE.EDS:DSD_REG_DEMO@DF_DENSITY(2.0),Densité de population - Régions,I,A,Annuelle,CTRY,Pays,CYP,Chypre,_Z,N'est pas applicable,POP,Population,_T,Total,_T,Total,PS_KM2,Personnes par kilomètre carré,2021,,99.26,,CYP,Chypre,A,Valeur normale,0,Units,2,Two
DATAFLOW,OECD.CFE.EDS:DSD_REG_DEMO@DF_DENSITY(2.0),Densité de population - Régions,I,A,Annuelle,CTRY,Pays,CYP,Chypre,_Z,N'est pas applicable,POP,Population,_T,Total,_T,Total,PS_KM2,Personnes par kilomètre carré,2022,,100.92,,CYP,Chypre,A,Valeur normale,0,Units,2,Two
DATAFLOW,OECD.CFE.EDS:DSD_REG_DEMO@DF_DENSITY(2.0),Densité de population - Régions,I,A,Annuelle,CTRY,Pays,CYP,Chypre,_Z,N'est pas applicable,POP,Population,_T,Total,_T,Total,PS_KM2,Personnes par kilomètre carré,2014,,93.35,,CYP,Chypre,A,Valeur normale,0,Units,2,Two
DATAFLOW,OECD.CFE.EDS:DSD_REG_DEMO@DF_DENSITY(2.0),Densité de population - Régions,I,A,Annuelle,CTRY,Pays,CYP,Chypre,_Z,N'est pas applicable,POP,Population,_T,Total,_T,Total,PS_KM2,Personnes par kilomètre carré,2015,,93.44,,CYP,Chypre,A,Valeur normale,0,Units,2,Two
DATAFLOW,OECD.CFE.EDS:DSD_REG_DEMO@DF_DENSITY(2.0),Densité de population - Régions,I,A,Annuelle,CTRY,Pays,CYP,Chypre,_Z,N'est pas applicable,POP,Population,_T,Total,_T,Total,PS_KM2,Personnes par kilomètre carré,2012,,93.56,,CYP,Chypre,A,Valeur normale,0,Units,2,Two
DATAFLOW,OECD.CFE.EDS:DSD_REG_DEMO@DF_DENSITY(2.0),Densité de population - Régions,I,A,Annuelle,CTRY,Pays,CYP,Chypre,_Z,N'est pas applicable,POP,Population,_T,Total,_T,Total,PS_KM2,Personnes par kilomètre carré,2013,,93.98,,CYP,Chypre,A,Valeur normale,0,Units,2,Two
DATAFLOW,OECD.CFE.EDS:DSD_REG_DEMO@DF_DENSITY(2.0),Densité de population - Régions,I,A,Annuelle,CTRY,Pays,CYP,Chypre,_Z,N'est pas applicable,POP,Population,_T,Total,_T,Total,PS_KM2,Personnes par kilomètre carré,2010,,88.91,,CYP,Chypre,A,Valeur normale,0,Units,2,Two
DATAFLOW,OECD.CFE.EDS:DSD_REG_DEMO@DF_DENSITY(2.0),Densité de population - Régions,I,A,Annuelle,CTRY,Pays,CYP,Chypre,_Z,N'est pas applicable,POP,Population,_T,Total,_T,Total,PS_KM2,Personnes par kilomètre carré,2011,,91.15,,CYP,Chypre,A,Valeur normale,0,Units,2,Two
DATAFLOW,OECD.CFE.EDS:DSD_REG_DEMO@DF_DENSITY(2.0),Densité de population - Régions,I,A,Annuelle,CTRY,Pays,CYP,Chypre,_Z,N'est pas applicable,POP,Population,_T,Total,_T,Total,PS_KM2,Personnes par kilomètre carré,2006,,80.76,,CYP,Chypre,A,Valeur normale,0,Units,2,Two
DATAFLOW,OECD.CFE.EDS:DSD_REG_DEMO@DF_DENSITY(2.0),Densité de population - Régions,I,A,Annuelle,CTRY,Pays,IND,Inde,_Z,N'est pas applicable,POP,Population,_T,Total,_T,Total,PS_KM2,Personnes par kilomètre carré,2001,,324.89,,IND,Inde,A,Valeur normale,0,Units,2,Two
DATAFLOW,OECD.CFE.EDS:DSD_REG_DEMO@DF_DENSITY(2.0),Densité de population - Régions,I,A,Annuelle,CTRY,Pays,IND,Inde,_Z,N'est pas applicable,POP,Population,_T,Total,_T,Total,PS_KM2,Personnes par kilomètre carré,1991,,267.31,,IND,Inde,A,Valeur normale,0,Units,2,Two
DATAFLOW,OECD.CFE.EDS:DSD_REG_DEMO@DF_DENSITY(2.0),Densité de population - Régions,I,A,Annuelle,CTRY,Pays,IND,Inde,_Z,N'est pas applicable,POP,Population,_T,Total,_T,Total,PS,Personnes,2012,,1234208000,,IND,Inde,A,Valeur normale,0,Units,0,Zero
DATAFLOW,OECD.CFE.EDS:DSD_REG_DEMO@DF_DENSITY(2.0),Densité de population - Régions,I,A,Annuelle,CTRY,Pays,IND,Inde,_Z,N'est pas applicable,POP,Population,_T,Total,_T,Total,PS,Personnes,2013,,1250248000,,IND,Inde,A,Valeur normale,0,Units,0,Zero
DATAFLOW,OECD.CFE.EDS:DSD_REG_DEMO@DF_DENSITY(2.0),Densité de population - Régions,I,A,Annuelle,CTRY,Pays,IND,Inde,_Z,N'est pas applicable,POP,Population,_T,Total,_T,Total,PS,Personnes,1991,,846421000,,IND,Inde,A,Valeur normale,0,Units,0,Zero
DATAFLOW,OECD.CFE.EDS:DSD_REG_DEMO@DF_DENSITY(2.0),Densité de population - Régions,I,A,Annuelle,CTRY,Pays,IND,Inde,_Z,N'est pas applicable,POP,Population,_T,Total,_T,Total,PS,Personnes,2006,,1132650000,,IND,Inde,A,Valeur normale,0,Units,0,Zero
DATAFLOW,OECD.CFE.EDS:DSD_REG_DEMO@DF_DENSITY(2.0),Densité de population - Régions,I,A,Annuelle,CTRY,Pays,IND,Inde,_Z,N'est pas applicable,POP,Population,_T,Total,_T,Total,PS,Personnes,2007,,1143724000,,IND,Inde,A,Valeur normale,0,Units,0,Zero
DATAFLOW,OECD.CFE.EDS:DSD_REG_DEMO@DF_DENSITY(2.0),Densité de population - Régions,I,A,Annuelle,CTRY,Pays,IND,Inde,_Z,N'est pas applicable,POP,Population,_T,Total,_T,Total,PS,Personnes,2001,,1028737000,,IND,Inde,A,Valeur normale,0,Units,0,Zero
DATAFLOW,OECD.CFE.EDS:DSD_REG_DEMO@DF_DENSITY(2.0),Densité de population - Régions,I,A,Annuelle,CTRY,Pays,IND,Inde,_Z,N'est pas applicable,POP,Population,_T,Total,_T,Total,PS,Personnes,2022,,1352695000,,IND,Inde,A,Valeur normale,0,Units,0,Zero
DATAFLOW,OECD.CFE.EDS:DSD_REG_DEMO@DF_DENSITY(2.0),Densité de population - Régions,I,A,Annuelle,CTRY,Pays,IND,Inde,_Z,N'est pas applicable,POP,Population,_T,Total,_T,Total,PS,Personnes,2002,,1051918000,,IND,Inde,E,Valeur estimée,0,Units,0,Zero
DATAFLOW,OECD.CFE.EDS:DSD_REG_DEMO@DF_DENSITY(2.0),Densité de population - Régions,I,A,Annuelle,CTRY,Pays,IND,Inde,_Z,N'est pas applicable,POP,Population,_T,Total,_T,Total,PS,Personnes,2003,,1075098000,,IND,Inde,E,Valeur estimée,0,Units,0,Zero
DATAFLOW,OECD.CFE.EDS:DSD_REG_DEMO@DF_DENSITY(2.0),Densité de population - Régions,I,A,Annuelle,CTRY,Pays,IND,Inde,_Z,N'est pas applicable,POP,Population,_T,Total,_T,Total,PS,Personnes,2010,,1201133000,,IND,Inde,A,Valeur normale,0,Units,0,Zero
DATAFLOW,OECD.CFE.EDS:DSD_REG_DEMO@DF_DENSITY(2.0),Densité de population - Régions,I,A,Annuelle,CTRY,Pays,IND,Inde,_Z,N'est pas applicable,POP,Population,_T,Total,_T,Total,PS,Personnes,2011,,1214420000,,IND,Inde,A,Valeur normale,0,Units,0,Zero
DATAFLOW,OECD.CFE.EDS:DSD_REG_DEMO@DF_DENSITY(2.0),Densité de population - Régions,I,A,Annuelle,CTRY,Pays,IND,Inde,_Z,N'est pas applicable,POP,Population,_T,Total,_T,Total,PS,Personnes,2017,,1283600000,,IND,Inde,A,Valeur normale,0,Units,0,Zero
DATAFLOW,OECD.CFE.EDS:DSD_REG_DEMO@DF_DENSITY(2.0),Densité de population - Régions,I,A,Annuelle,CTRY,Pays,IND,Inde,_Z,N'est pas applicable,POP,Population,_T,Total,_T,Total,PS,Personnes,2005,,1115618000,,IND,Inde,A,Valeur normale,0,Units,0,Zero
DATAFLOW,OECD.CFE.EDS:DSD_REG_DEMO@DF_DENSITY(2.0),Densité de population - Régions,I,A,Annuelle,CTRY,Pays,IND,Inde,_Z,N'est pas applicable,POP,Population,_T,Total,_T,Total,PS,Personnes,2021,,1339741000,,IND,Inde,A,Valeur normale,0,Units,0,Zero
DATAFLOW,OECD.CFE.EDS:DSD_REG_DEMO@DF_DENSITY(2.0),Densité de population - Régions,I,A,Annuelle,CTRY,Pays,IND,Inde,_Z,N'est pas applicable,POP,Population,_T,Total,_T,Total,PS,Personnes,2020,,1326155000,,IND,Inde,A,Valeur normale,0,Units,0,Zero
DATAFLOW,OECD.CFE.EDS:DSD_REG_DEMO@DF_DENSITY(2.0),Densité de population - Régions,I,A,Annuelle,CTRY,Pays,IND,Inde,_Z,N'est pas applicable,POP,Population,_T,Total,_T,Total,PS,Personnes,2009,,1178210000,,IND,Inde,A,Valeur normale,0,Units,0,Zero
DATAFLOW,OECD.CFE.EDS:DSD_REG_DEMO@DF_DENSITY(2.0),Densité de population - Régions,I,A,Annuelle,CTRY,Pays,IND,Inde,_Z,N'est pas applicable,POP,Population,_T,Total,_T,Total,PS,Personnes,2015,,1254017000,,IND,Inde,A,Valeur normale,0,Units,0,Zero
DATAFLOW,OECD.CFE.EDS:DSD_REG_DEMO@DF_DENSITY(2.0),Densité de population - Régions,I,A,Annuelle,CTRY,Pays,IND,Inde,_Z,N'est pas applicable,POP,Population,_T,Total,_T,Total,PS,Personnes,2018,,1298041000,,IND,Inde,A,Valeur normale,0,Units,0,Zero
DATAFLOW,OECD.CFE.EDS:DSD_REG_DEMO@DF_DENSITY(2.0),Densité de population - Régions,I,A,Annuelle,CTRY,Pays,IND,Inde,_Z,N'est pas applicable,POP,Population,_T,Total,_T,Total,PS,Personnes,2019,,1312240000,,IND,Inde,A,Valeur normale,0,Units,0,Zero
DATAFLOW,OECD.CFE.EDS:DSD_REG_DEMO@DF_DENSITY(2.0),Densité de population - Régions,I,A,Annuelle,CTRY,Pays,IND,Inde,_Z,N'est pas applicable,POP,Population,_T,Total,_T,Total,PS,Personnes,2008,,1162077000,,IND,Inde,A,Valeur normale,0,Units,0,Zero
DATAFLOW,OECD.CFE.EDS:DSD_REG_DEMO@DF_DENSITY(2.0),Densité de population - Régions,I,A,Annuelle,CTRY,Pays,IND,Inde,_Z,N'est pas applicable,POP,Population,_T,Total,_T,Total,PS_KM2,Personnes par kilomètre carré,2004,,346.85,,IND,Inde,B,Rupture de série,0,Units,2,Two
DATAFLOW,OECD.CFE.EDS:DSD_REG_DEMO@DF_DENSITY(2.0),Densité de population - Régions,I,A,Annuelle,CTRY,Pays,IND,Inde,_Z,N'est pas applicable,POP,Population,_T,Total,_T,Total,PS_KM2,Personnes par kilomètre carré,2019,,414.43,,IND,Inde,A,Valeur normale,0,Units,2,Two
DATAFLOW,OECD.CFE.EDS:DSD_REG_DEMO@DF_DENSITY(2.0),Densité de population - Régions,I,A,Annuelle,CTRY,Pays,IND,Inde,_Z,N'est pas applicable,POP,Population,_T,Total,_T,Total,PS_KM2,Personnes par kilomètre carré,2020,,418.82,,IND,Inde,A,Valeur normale,0,Units,2,Two
DATAFLOW,OECD.CFE.EDS:DSD_REG_DEMO@DF_DENSITY(2.0),Densité de population - Régions,I,A,Annuelle,CTRY,Pays,IND,Inde,_Z,N'est pas applicable,POP,Population,_T,Total,_T,Total,PS_KM2,Personnes par kilomètre carré,2002,,332.21,,IND,Inde,E,Valeur estimée,0,Units,2,Two
DATAFLOW,OECD.CFE.EDS:DSD_REG_DEMO@DF_DENSITY(2.0),Densité de population - Régions,I,A,Annuelle,CTRY,Pays,IND,Inde,_Z,N'est pas applicable,POP,Population,_T,Total,_T,Total,PS_KM2,Personnes par kilomètre carré,2003,,339.53,,IND,Inde,E,Valeur estimée,0,Units,2,Two
DATAFLOW,OECD.CFE.EDS:DSD_REG_DEMO@DF_DENSITY(2.0),Densité de population - Régions,I,A,Annuelle,CTRY,Pays,IND,Inde,_Z,N'est pas applicable,POP,Population,_T,Total,_T,Total,PS_KM2,Personnes par kilomètre carré,2021,,423.11,,IND,Inde,A,Valeur normale,0,Units,2,Two
DATAFLOW,OECD.CFE.EDS:DSD_REG_DEMO@DF_DENSITY(2.0),Densité de population - Régions,I,A,Annuelle,CTRY,Pays,IND,Inde,_Z,N'est pas applicable,POP,Population,_T,Total,_T,Total,PS_KM2,Personnes par kilomètre carré,2022,,427.2,,IND,Inde,A,Valeur normale,0,Units,2,Two
DATAFLOW,OECD.CFE.EDS:DSD_REG_DEMO@DF_DENSITY(2.0),Densité de population - Régions,I,A,Annuelle,CTRY,Pays,IND,Inde,_Z,N'est pas applicable,POP,Population,_T,Total,_T,Total,PS_KM2,Personnes par kilomètre carré,2013,,394.85,,IND,Inde,A,Valeur normale,0,Units,2,Two
DATAFLOW,OECD.CFE.EDS:DSD_REG_DEMO@DF_DENSITY(2.0),Densité de population - Régions,I,A,Annuelle,CTRY,Pays,IND,Inde,_Z,N'est pas applicable,POP,Population,_T,Total,_T,Total,PS_KM2,Personnes par kilomètre carré,2015,,396.04,,IND,Inde,A,Valeur normale,0,Units,2,Two
DATAFLOW,OECD.CFE.EDS:DSD_REG_DEMO@DF_DENSITY(2.0),Densité de population - Régions,I,A,Annuelle,CTRY,Pays,IND,Inde,_Z,N'est pas applicable,POP,Population,_T,Total,_T,Total,PS_KM2,Personnes par kilomètre carré,2017,,405.38,,IND,Inde,A,Valeur normale,0,Units,2,Two
DATAFLOW,OECD.CFE.EDS:DSD_REG_DEMO@DF_DENSITY(2.0),Densité de population - Régions,I,A,Annuelle,CTRY,Pays,IND,Inde,_Z,N'est pas applicable,POP,Population,_T,Total,_T,Total,PS_KM2,Personnes par kilomètre carré,2018,,409.94,,IND,Inde,A,Valeur normale,0,Units,2,Two
DATAFLOW,OECD.CFE.EDS:DSD_REG_DEMO@DF_DENSITY(2.0),Densité de population - Régions,I,A,Annuelle,CTRY,Pays,IND,Inde,_Z,N'est pas applicable,POP,Population,_T,Total,_T,Total,PS_KM2,Personnes par kilomètre carré,2008,,367,,IND,Inde,A,Valeur normale,0,Units,2,Two
DATAFLOW,OECD.CFE.EDS:DSD_REG_DEMO@DF_DENSITY(2.0),Densité de population - Régions,I,A,Annuelle,CTRY,Pays,IND,Inde,_Z,N'est pas applicable,POP,Population,_T,Total,_T,Total,PS_KM2,Personnes par kilomètre carré,2010,,379.34,,IND,Inde,A,Valeur normale,0,Units,2,Two
DATAFLOW,OECD.CFE.EDS:DSD_REG_DEMO@DF_DENSITY(2.0),Densité de population - Régions,I,A,Annuelle,CTRY,Pays,IND,Inde,_Z,N'est pas applicable,POP,Population,_T,Total,_T,Total,PS,Personnes,2004,,1098278000,,IND,Inde,B,Rupture de série,0,Units,0,Zero
DATAFLOW,OECD.CFE.EDS:DSD_REG_DEMO@DF_DENSITY(2.0),Densité de population - Régions,I,A,Annuelle,CTRY,Pays,IND,Inde,_Z,N'est pas applicable,POP,Population,_T,Total,_T,Total,PS_KM2,Personnes par kilomètre carré,2011,,383.53,,IND,Inde,A,Valeur normale,0,Units,2,Two
DATAFLOW,OECD.CFE.EDS:DSD_REG_DEMO@DF_DENSITY(2.0),Densité de population - Régions,I,A,Annuelle,CTRY,Pays,IND,Inde,_Z,N'est pas applicable,POP,Population,_T,Total,_T,Total,PS_KM2,Personnes par kilomètre carré,2012,,389.78,,IND,Inde,A,Valeur normale,0,Units,2,Two
DATAFLOW,OECD.CFE.EDS:DSD_REG_DEMO@DF_DENSITY(2.0),Densité de population - Régions,I,A,Annuelle,CTRY,Pays,IND,Inde,_Z,N'est pas applicable,POP,Population,_T,Total,_T,Total,PS_KM2,Personnes par kilomètre carré,2005,,352.33,,IND,Inde,A,Valeur normale,0,Units,2,Two
DATAFLOW,OECD.CFE.EDS:DSD_REG_DEMO@DF_DENSITY(2.0),Densité de population - Régions,I,A,Annuelle,CTRY,Pays,IND,Inde,_Z,N'est pas applicable,POP,Population,_T,Total,_T,Total,PS_KM2,Personnes par kilomètre carré,2006,,357.71,,IND,Inde,A,Valeur normale,0,Units,2,Two
DATAFLOW,OECD.CFE.EDS:DSD_REG_DEMO@DF_DENSITY(2.0),Densité de population - Régions,I,A,Annuelle,CTRY,Pays,IND,Inde,_Z,N'est pas applicable,POP,Population,_T,Total,_T,Total,PS_KM2,Personnes par kilomètre carré,2007,,361.21,,IND,Inde,A,Valeur normale,0,Units,2,Two
DATAFLOW,OECD.CFE.EDS:DSD_REG_DEMO@DF_DENSITY(2.0),Densité de population - Régions,I,A,Annuelle,CTRY,Pays,MLT,Malte,_Z,N'est pas applicable,POP,Population,_T,Total,_T,Total,PS_KM2,Personnes par kilomètre carré,2012,,1334.01,,MLT,Malte,A,Valeur normale,0,Units,2,Two
DATAFLOW,OECD.CFE.EDS:DSD_REG_DEMO@DF_DENSITY(2.0),Densité de population - Régions,I,A,Annuelle,CTRY,Pays,MLT,Malte,_Z,N'est pas applicable,POP,Population,_T,Total,_T,Total,PS_KM2,Personnes par kilomètre carré,2003,,1269.32,,MLT,Malte,A,Valeur normale,0,Units,2,Two
DATAFLOW,OECD.CFE.EDS:DSD_REG_DEMO@DF_DENSITY(2.0),Densité de population - Régions,I,A,Annuelle,CTRY,Pays,MLT,Malte,_Z,N'est pas applicable,POP,Population,_T,Total,_T,Total,PS,Personnes,2002,,394641,,MLT,Malte,A,Valeur normale,0,Units,0,Zero
DATAFLOW,OECD.CFE.EDS:DSD_REG_DEMO@DF_DENSITY(2.0),Densité de population - Régions,I,A,Annuelle,CTRY,Pays,MLT,Malte,_Z,N'est pas applicable,POP,Population,_T,Total,_T,Total,PS,Personnes,2003,,397296,,MLT,Malte,A,Valeur normale,0,Units,0,Zero
DATAFLOW,OECD.CFE.EDS:DSD_REG_DEMO@DF_DENSITY(2.0),Densité de population - Régions,I,A,Annuelle,CTRY,Pays,MLT,Malte,_Z,N'est pas applicable,POP,Population,_T,Total,_T,Total,PS,Personnes,1996,,378404,,MLT,Malte,A,Valeur normale,0,Units,0,Zero
DATAFLOW,OECD.CFE.EDS:DSD_REG_DEMO@DF_DENSITY(2.0),Densité de population - Régions,I,A,Annuelle,CTRY,Pays,MLT,Malte,_Z,N'est pas applicable,POP,Population,_T,Total,_T,Total,PS,Personnes,1997,,381405,,MLT,Malte,A,Valeur normale,0,Units,0,Zero
DATAFLOW,OECD.CFE.EDS:DSD_REG_DEMO@DF_DENSITY(2.0),Densité de population - Régions,I,A,Annuelle,CTRY,Pays,MLT,Malte,_Z,N'est pas applicable,POP,Population,_T,Total,_T,Total,PS,Personnes,1992,,365781,,MLT,Malte,A,Valeur normale,0,Units,0,Zero
DATAFLOW,OECD.CFE.EDS:DSD_REG_DEMO@DF_DENSITY(2.0),Densité de population - Régions,I,A,Annuelle,CTRY,Pays,MLT,Malte,_Z,N'est pas applicable,POP,Population,_T,Total,_T,Total,PS,Personnes,1993,,369455,,MLT,Malte,A,Valeur normale,0,Units,0,Zero
DATAFLOW,OECD.CFE.EDS:DSD_REG_DEMO@DF_DENSITY(2.0),Densité de population - Régions,I,A,Annuelle,CTRY,Pays,MLT,Malte,_Z,N'est pas applicable,POP,Population,_T,Total,_T,Total,PS,Personnes,2004,,399867,,MLT,Malte,A,Valeur normale,0,Units,0,Zero
DATAFLOW,OECD.CFE.EDS:DSD_REG_DEMO@DF_DENSITY(2.0),Densité de population - Régions,I,A,Annuelle,CTRY,Pays,MLT,Malte,_Z,N'est pas applicable,POP,Population,_T,Total,_T,Total,PS,Personnes,2005,,402668,,MLT,Malte,A,Valeur normale,0,Units,0,Zero
DATAFLOW,OECD.CFE.EDS:DSD_REG_DEMO@DF_DENSITY(2.0),Densité de population - Régions,I,A,Annuelle,CTRY,Pays,MLT,Malte,_Z,N'est pas applicable,POP,Population,_T,Total,_T,Total,PS,Personnes,2009,,410926,,MLT,Malte,A,Valeur normale,0,Units,0,Zero
DATAFLOW,OECD.CFE.EDS:DSD_REG_DEMO@DF_DENSITY(2.0),Densité de population - Régions,I,A,Annuelle,CTRY,Pays,MLT,Malte,_Z,N'est pas applicable,POP,Population,_T,Total,_T,Total,PS,Personnes,1994,,373161,,MLT,Malte,A,Valeur normale,0,Units,0,Zero
DATAFLOW,OECD.CFE.EDS:DSD_REG_DEMO@DF_DENSITY(2.0),Densité de population - Régions,I,A,Annuelle,CTRY,Pays,MLT,Malte,_Z,N'est pas applicable,POP,Population,_T,Total,_T,Total,PS,Personnes,1995,,376433,,MLT,Malte,A,Valeur normale,0,Units,0,Zero
DATAFLOW,OECD.CFE.EDS:DSD_REG_DEMO@DF_DENSITY(2.0),Densité de population - Régions,I,A,Annuelle,CTRY,Pays,MLT,Malte,_Z,N'est pas applicable,POP,Population,_T,Total,_T,Total,PS,Personnes,2008,,407832,,MLT,Malte,A,Valeur normale,0,Units,0,Zero
DATAFLOW,OECD.CFE.EDS:DSD_REG_DEMO@DF_DENSITY(2.0),Densité de population - Régions,I,A,Annuelle,CTRY,Pays,MLT,Malte,_Z,N'est pas applicable,POP,Population,_T,Total,_T,Total,PS,Personnes,1999,,386397,,MLT,Malte,A,Valeur normale,0,Units,0,Zero
DATAFLOW,OECD.CFE.EDS:DSD_REG_DEMO@DF_DENSITY(2.0),Densité de population - Régions,I,A,Annuelle,CTRY,Pays,MLT,Malte,_Z,N'est pas applicable,POP,Population,_T,Total,_T,Total,PS,Personnes,2000,,388759,,MLT,Malte,A,Valeur normale,0,Units,0,Zero
DATAFLOW,OECD.CFE.EDS:DSD_REG_DEMO@DF_DENSITY(2.0),Densité de population - Régions,I,A,Annuelle,CTRY,Pays,MLT,Malte,_Z,N'est pas applicable,POP,Population,_T,Total,_T,Total,PS,Personnes,2012,,417546,,MLT,Malte,A,Valeur normale,0,Units,0,Zero
DATAFLOW,OECD.CFE.EDS:DSD_REG_DEMO@DF_DENSITY(2.0),Densité de population - Régions,I,A,Annuelle,CTRY,Pays,MLT,Malte,_Z,N'est pas applicable,POP,Population,_T,Total,_T,Total,PS,Personnes,1990,,352430,,MLT,Malte,A,Valeur normale,0,Units,0,Zero
DATAFLOW,OECD.CFE.EDS:DSD_REG_DEMO@DF_DENSITY(2.0),Densité de population - Régions,I,A,Annuelle,CTRY,Pays,MLT,Malte,_Z,N'est pas applicable,POP,Population,_T,Total,_T,Total,PS,Personnes,2006,,404999,,MLT,Malte,A,Valeur normale,0,Units,0,Zero
DATAFLOW,OECD.CFE.EDS:DSD_REG_DEMO@DF_DENSITY(2.0),Densité de population - Régions,I,A,Annuelle,CTRY,Pays,MLT,Malte,_Z,N'est pas applicable,POP,Population,_T,Total,_T,Total,PS,Personnes,2007,,405616,,MLT,Malte,A,Valeur normale,0,Units,0,Zero
DATAFLOW,OECD.CFE.EDS:DSD_REG_DEMO@DF_DENSITY(2.0),Densité de population - Régions,I,A,Annuelle,CTRY,Pays,MLT,Malte,_Z,N'est pas applicable,POP,Population,_T,Total,_T,Total,PS,Personnes,1998,,384176,,MLT,Malte,A,Valeur normale,0,Units,0,Zero
DATAFLOW,OECD.CFE.EDS:DSD_REG_DEMO@DF_DENSITY(2.0),Densité de population - Régions,I,A,Annuelle,CTRY,Pays,MLT,Malte,_Z,N'est pas applicable,POP,Population,_T,Total,_T,Total,PS,Personnes,2001,,391415,,MLT,Malte,A,Valeur normale,0,Units,0,Zero
DATAFLOW,OECD.CFE.EDS:DSD_REG_DEMO@DF_DENSITY(2.0),Densité de population - Régions,I,A,Annuelle,CTRY,Pays,MLT,Malte,_Z,N'est pas applicable,POP,Population,_T,Total,_T,Total,PS_KM2,Personnes par kilomètre carré,2005,,1286.48,,MLT,Malte,A,Valeur normale,0,Units,2,Two
DATAFLOW,OECD.CFE.EDS:DSD_REG_DEMO@DF_DENSITY(2.0),Densité de population - Régions,I,A,Annuelle,CTRY,Pays,MLT,Malte,_Z,N'est pas applicable,POP,Population,_T,Total,_T,Total,PS_KM2,Personnes par kilomètre carré,2006,,1293.93,,MLT,Malte,A,Valeur normale,0,Units,2,Two
DATAFLOW,OECD.CFE.EDS:DSD_REG_DEMO@DF_DENSITY(2.0),Densité de population - Régions,I,A,Annuelle,CTRY,Pays,MLT,Malte,_Z,N'est pas applicable,POP,Population,_T,Total,_T,Total,PS_KM2,Personnes par kilomètre carré,2007,,1295.9,,MLT,Malte,A,Valeur normale,0,Units,2,Two
DATAFLOW,OECD.CFE.EDS:DSD_REG_DEMO@DF_DENSITY(2.0),Densité de population - Régions,I,A,Annuelle,CTRY,Pays,MLT,Malte,_Z,N'est pas applicable,POP,Population,_T,Total,_T,Total,PS_KM2,Personnes par kilomètre carré,2009,,1312.86,,MLT,Malte,A,Valeur normale,0,Units,2,Two
DATAFLOW,OECD.CFE.EDS:DSD_REG_DEMO@DF_DENSITY(2.0),Densité de population - Régions,I,A,Annuelle,CTRY,Pays,MLT,Malte,_Z,N'est pas applicable,POP,Population,_T,Total,_T,Total,PS_KM2,Personnes par kilomètre carré,2001,,1250.53,,MLT,Malte,A,Valeur normale,0,Units,2,Two
DATAFLOW,OECD.CFE.EDS:DSD_REG_DEMO@DF_DENSITY(2.0),Densité de population - Régions,I,A,Annuelle,CTRY,Pays,MLT,Malte,_Z,N'est pas applicable,POP,Population,_T,Total,_T,Total,PS_KM2,Personnes par kilomètre carré,2002,,1260.83,,MLT,Malte,A,Valeur normale,0,Units,2,Two
DATAFLOW,OECD.CFE.EDS:DSD_REG_DEMO@DF_DENSITY(2.0),Densité de population - Régions,I,A,Annuelle,CTRY,Pays,MLT,Malte,_Z,N'est pas applicable,POP,Population,_T,Total,_T,Total,PS_KM2,Personnes par kilomètre carré,1996,,1208.96,,MLT,Malte,A,Valeur normale,0,Units,2,Two
DATAFLOW,OECD.CFE.EDS:DSD_REG_DEMO@DF_DENSITY(2.0),Densité de population - Régions,I,A,Annuelle,CTRY,Pays,MLT,Malte,_Z,N'est pas applicable,POP,Population,_T,Total,_T,Total,PS_KM2,Personnes par kilomètre carré,1997,,1218.55,,MLT,Malte,A,Valeur normale,0,Units,2,Two
DATAFLOW,OECD.CFE.EDS:DSD_REG_DEMO@DF_DENSITY(2.0),Densité de population - Régions,I,A,Annuelle,CTRY,Pays,MLT,Malte,_Z,N'est pas applicable,POP,Population,_T,Total,_T,Total,PS_KM2,Personnes par kilomètre carré,2000,,1242.04,,MLT,Malte,A,Valeur normale,0,Units,2,Two
DATAFLOW,OECD.CFE.EDS:DSD_REG_DEMO@DF_DENSITY(2.0),Densité de population - Régions,I,A,Annuelle,CTRY,Pays,MLT,Malte,_Z,N'est pas applicable,POP,Population,_T,Total,_T,Total,PS_KM2,Personnes par kilomètre carré,2004,,1277.53,,MLT,Malte,A,Valeur normale,0,Units,2,Two
DATAFLOW,OECD.CFE.EDS:DSD_REG_DEMO@DF_DENSITY(2.0),Densité de population - Régions,I,A,Annuelle,CTRY,Pays,MLT,Malte,_Z,N'est pas applicable,POP,Population,_T,Total,_T,Total,PS_KM2,Personnes par kilomètre carré,1995,,1202.66,,MLT,Malte,A,Valeur normale,0,Units,2,Two
DATAFLOW,OECD.CFE.EDS:DSD_REG_DEMO@DF_DENSITY(2.0),Densité de population - Régions,I,A,Annuelle,CTRY,Pays,MLT,Malte,_Z,N'est pas applicable,POP,Population,_T,Total,_T,Total,PS_KM2,Personnes par kilomètre carré,1993,,1180.37,,MLT,Malte,A,Valeur normale,0,Units,2,Two
DATAFLOW,OECD.CFE.EDS:DSD_REG_DEMO@DF_DENSITY(2.0),Densité de population - Régions,I,A,Annuelle,CTRY,Pays,MLT,Malte,_Z,N'est pas applicable,POP,Population,_T,Total,_T,Total,PS_KM2,Personnes par kilomètre carré,1994,,1192.21,,MLT,Malte,A,Valeur normale,0,Units,2,Two
DATAFLOW,OECD.CFE.EDS:DSD_REG_DEMO@DF_DENSITY(2.0),Densité de population - Régions,I,A,Annuelle,CTRY,Pays,MLT,Malte,_Z,N'est pas applicable,POP,Population,_T,Total,_T,Total,PS_KM2,Personnes par kilomètre carré,1999,,1234.5,,MLT,Malte,A,Valeur normale,0,Units,2,Two
DATAFLOW,OECD.CFE.EDS:DSD_REG_DEMO@DF_DENSITY(2.0),Densité de population - Régions,I,A,Annuelle,CTRY,Pays,MLT,Malte,_Z,N'est pas applicable,POP,Population,_T,Total,_T,Total,PS_KM2,Personnes par kilomètre carré,1990,,1125.97,,MLT,Malte,A,Valeur normale,0,Units,2,Two
DATAFLOW,OECD.CFE.EDS:DSD_REG_DEMO@DF_DENSITY(2.0),Densité de population - Régions,I,A,Annuelle,CTRY,Pays,MLT,Malte,_Z,N'est pas applicable,POP,Population,_T,Total,_T,Total,PS_KM2,Personnes par kilomètre carré,1998,,1227.4,,MLT,Malte,A,Valeur normale,0,Units,2,Two
DATAFLOW,OECD.CFE.EDS:DSD_REG_DEMO@DF_DENSITY(2.0),Densité de population - Régions,I,A,Annuelle,CTRY,Pays,MLT,Malte,_Z,N'est pas applicable,POP,Population,_T,Total,_T,Total,PS_KM2,Personnes par kilomètre carré,1992,,1168.63,,MLT,Malte,A,Valeur normale,0,Units,2,Two
DATAFLOW,OECD.CFE.EDS:DSD_REG_DEMO@DF_DENSITY(2.0),Densité de population - Régions,I,A,Annuelle,CTRY,Pays,MLT,Malte,_Z,N'est pas applicable,POP,Population,_T,Total,_T,Total,PS,Personnes,1991,,361908,,MLT,Malte,B,Rupture de série,0,Units,0,Zero
DATAFLOW,OECD.CFE.EDS:DSD_REG_DEMO@DF_DENSITY(2.0),Densité de population - Régions,I,A,Annuelle,CTRY,Pays,MLT,Malte,_Z,N'est pas applicable,POP,Population,_T,Total,_T,Total,PS,Personnes,2020,,514855,,MLT,Malte,A,Valeur normale,0,Units,0,Zero
DATAFLOW,OECD.CFE.EDS:DSD_REG_DEMO@DF_DENSITY(2.0),Densité de population - Régions,I,A,Annuelle,CTRY,Pays,MLT,Malte,_Z,N'est pas applicable,POP,Population,_T,Total,_T,Total,PS,Personnes,2021,,516125,,MLT,Malte,A,Valeur normale,0,Units,0,Zero
DATAFLOW,OECD.CFE.EDS:DSD_REG_DEMO@DF_DENSITY(2.0),Densité de population - Régions,I,A,Annuelle,CTRY,Pays,MLT,Malte,_Z,N'est pas applicable,POP,Population,_T,Total,_T,Total,PS,Personnes,2015,,438805,,MLT,Malte,A,Valeur normale,0,Units,0,Zero
DATAFLOW,OECD.CFE.EDS:DSD_REG_DEMO@DF_DENSITY(2.0),Densité de population - Régions,I,A,Annuelle,CTRY,Pays,MLT,Malte,_Z,N'est pas applicable,POP,Population,_T,Total,_T,Total,PS,Personnes,2016,,449635,,MLT,Malte,A,Valeur normale,0,Units,0,Zero
DATAFLOW,OECD.CFE.EDS:DSD_REG_DEMO@DF_DENSITY(2.0),Densité de population - Régions,I,A,Annuelle,CTRY,Pays,MLT,Malte,_Z,N'est pas applicable,POP,Population,_T,Total,_T,Total,PS,Personnes,2017,,459375,,MLT,Malte,A,Valeur normale,0,Units,0,Zero
DATAFLOW,OECD.CFE.EDS:DSD_REG_DEMO@DF_DENSITY(2.0),Densité de population - Régions,I,A,Annuelle,CTRY,Pays,MLT,Malte,_Z,N'est pas applicable,POP,Population,_T,Total,_T,Total,PS,Personnes,2018,,474837,,MLT,Malte,A,Valeur normale,0,Units,0,Zero
DATAFLOW,OECD.CFE.EDS:DSD_REG_DEMO@DF_DENSITY(2.0),Densité de population - Régions,I,A,Annuelle,CTRY,Pays,MLT,Malte,_Z,N'est pas applicable,POP,Population,_T,Total,_T,Total,PS,Personnes,2019,,492968,,MLT,Malte,A,Valeur normale,0,Units,0,Zero
DATAFLOW,OECD.CFE.EDS:DSD_REG_DEMO@DF_DENSITY(2.0),Densité de population - Régions,I,A,Annuelle,CTRY,Pays,MLT,Malte,_Z,N'est pas applicable,POP,Population,_T,Total,_T,Total,PS,Personnes,2023,,542051,,MLT,Malte,A,Valeur normale,0,Units,0,Zero
DATAFLOW,OECD.CFE.EDS:DSD_REG_DEMO@DF_DENSITY(2.0),Densité de population - Régions,I,A,Annuelle,CTRY,Pays,MLT,Malte,_Z,N'est pas applicable,POP,Population,_T,Total,_T,Total,PS,Personnes,2013,,421464,,MLT,Malte,A,Valeur normale,0,Units,0,Zero
DATAFLOW,OECD.CFE.EDS:DSD_REG_DEMO@DF_DENSITY(2.0),Densité de population - Régions,I,A,Annuelle,CTRY,Pays,MLT,Malte,_Z,N'est pas applicable,POP,Population,_T,Total,_T,Total,PS,Personnes,2014,,428156,,MLT,Malte,A,Valeur normale,0,Units,0,Zero
DATAFLOW,OECD.CFE.EDS:DSD_REG_DEMO@DF_DENSITY(2.0),Densité de population - Régions,I,A,Annuelle,CTRY,Pays,MLT,Malte,_Z,N'est pas applicable,POP,Population,_T,Total,_T,Total,PS,Personnes,2022,,520174,,MLT,Malte,A,Valeur normale,0,Units,0,Zero
DATAFLOW,OECD.CFE.EDS:DSD_REG_DEMO@DF_DENSITY(2.0),Densité de population - Régions,I,A,Annuelle,CTRY,Pays,MLT,Malte,_Z,N'est pas applicable,POP,Population,_T,Total,_T,Total,PS,Personnes,2010,,414027,,MLT,Malte,A,Valeur normale,0,Units,0,Zero
DATAFLOW,OECD.CFE.EDS:DSD_REG_DEMO@DF_DENSITY(2.0),Densité de population - Régions,I,A,Annuelle,CTRY,Pays,MLT,Malte,_Z,N'est pas applicable,POP,Population,_T,Total,_T,Total,PS,Personnes,2011,,414989,,MLT,Malte,A,Valeur normale,0,Units,0,Zero
DATAFLOW,OECD.CFE.EDS:DSD_REG_DEMO@DF_DENSITY(2.0),Densité de population - Régions,I,A,Annuelle,CTRY,Pays,MLT,Malte,_Z,N'est pas applicable,POP,Population,_T,Total,_T,Total,PS_KM2,Personnes par kilomètre carré,1991,,1156.26,,MLT,Malte,B,Rupture de série,0,Units,2,Two
DATAFLOW,OECD.CFE.EDS:DSD_REG_DEMO@DF_DENSITY(2.0),Densité de population - Régions,I,A,Annuelle,CTRY,Pays,MLT,Malte,_Z,N'est pas applicable,POP,Population,_T,Total,_T,Total,PS_KM2,Personnes par kilomètre carré,2019,,1574.98,,MLT,Malte,A,Valeur normale,0,Units,2,Two
DATAFLOW,OECD.CFE.EDS:DSD_REG_DEMO@DF_DENSITY(2.0),Densité de population - Régions,I,A,Annuelle,CTRY,Pays,MLT,Malte,_Z,N'est pas applicable,POP,Population,_T,Total,_T,Total,PS_KM2,Personnes par kilomètre carré,2020,,1644.9,,MLT,Malte,A,Valeur normale,0,Units,2,Two
DATAFLOW,OECD.CFE.EDS:DSD_REG_DEMO@DF_DENSITY(2.0),Densité de population - Régions,I,A,Annuelle,CTRY,Pays,MLT,Malte,_Z,N'est pas applicable,POP,Population,_T,Total,_T,Total,PS_KM2,Personnes par kilomètre carré,2021,,1648.96,,MLT,Malte,A,Valeur normale,0,Units,2,Two
DATAFLOW,OECD.CFE.EDS:DSD_REG_DEMO@DF_DENSITY(2.0),Densité de population - Régions,I,A,Annuelle,CTRY,Pays,MLT,Malte,_Z,N'est pas applicable,POP,Population,_T,Total,_T,Total,PS_KM2,Personnes par kilomètre carré,2016,,1436.53,,MLT,Malte,A,Valeur normale,0,Units,2,Two
DATAFLOW,OECD.CFE.EDS:DSD_REG_DEMO@DF_DENSITY(2.0),Densité de population - Régions,I,A,Annuelle,CTRY,Pays,MLT,Malte,_Z,N'est pas applicable,POP,Population,_T,Total,_T,Total,PS_KM2,Personnes par kilomètre carré,2017,,1467.65,,MLT,Malte,A,Valeur normale,0,Units,2,Two
DATAFLOW,OECD.CFE.EDS:DSD_REG_DEMO@DF_DENSITY(2.0),Densité de population - Régions,I,A,Annuelle,CTRY,Pays,MLT,Malte,_Z,N'est pas applicable,POP,Population,_T,Total,_T,Total,PS_KM2,Personnes par kilomètre carré,2018,,1517.05,,MLT,Malte,A,Valeur normale,0,Units,2,Two
DATAFLOW,OECD.CFE.EDS:DSD_REG_DEMO@DF_DENSITY(2.0),Densité de population - Régions,I,A,Annuelle,CTRY,Pays,MLT,Malte,_Z,N'est pas applicable,POP,Population,_T,Total,_T,Total,PS_KM2,Personnes par kilomètre carré,2022,,1661.9,,MLT,Malte,A,Valeur normale,0,Units,2,Two
DATAFLOW,OECD.CFE.EDS:DSD_REG_DEMO@DF_DENSITY(2.0),Densité de population - Régions,I,A,Annuelle,CTRY,Pays,MLT,Malte,_Z,N'est pas applicable,POP,Population,_T,Total,_T,Total,PS_KM2,Personnes par kilomètre carré,2015,,1401.93,,MLT,Malte,A,Valeur normale,0,Units,2,Two
DATAFLOW,OECD.CFE.EDS:DSD_REG_DEMO@DF_DENSITY(2.0),Densité de population - Régions,I,A,Annuelle,CTRY,Pays,MLT,Malte,_Z,N'est pas applicable,POP,Population,_T,Total,_T,Total,PS_KM2,Personnes par kilomètre carré,2023,,1731.79,,MLT,Malte,A,Valeur normale,0,Units,2,Two
DATAFLOW,OECD.CFE.EDS:DSD_REG_DEMO@DF_DENSITY(2.0),Densité de population - Régions,I,A,Annuelle,CTRY,Pays,MLT,Malte,_Z,N'est pas applicable,POP,Population,_T,Total,_T,Total,PS_KM2,Personnes par kilomètre carré,2013,,1346.53,,MLT,Malte,A,Valeur normale,0,Units,2,Two
DATAFLOW,OECD.CFE.EDS:DSD_REG_DEMO@DF_DENSITY(2.0),Densité de population - Régions,I,A,Annuelle,CTRY,Pays,MLT,Malte,_Z,N'est pas applicable,POP,Population,_T,Total,_T,Total,PS_KM2,Personnes par kilomètre carré,2014,,1367.91,,MLT,Malte,A,Valeur normale,0,Units,2,Two
DATAFLOW,OECD.CFE.EDS:DSD_REG_DEMO@DF_DENSITY(2.0),Densité de population - Régions,I,A,Annuelle,CTRY,Pays,MLT,Malte,_Z,N'est pas applicable,POP,Population,_T,Total,_T,Total,PS_KM2,Personnes par kilomètre carré,2008,,1302.98,,MLT,Malte,A,Valeur normale,0,Units,2,Two
DATAFLOW,OECD.CFE.EDS:DSD_REG_DEMO@DF_DENSITY(2.0),Densité de population - Régions,I,A,Annuelle,CTRY,Pays,MLT,Malte,_Z,N'est pas applicable,POP,Population,_T,Total,_T,Total,PS_KM2,Personnes par kilomètre carré,2010,,1322.77,,MLT,Malte,A,Valeur normale,0,Units,2,Two
DATAFLOW,OECD.CFE.EDS:DSD_REG_DEMO@DF_DENSITY(2.0),Densité de population - Régions,I,A,Annuelle,CTRY,Pays,MKD,Macédoine du Nord,_Z,N'est pas applicable,POP,Population,_T,Total,_T,Total,PS_KM2,Personnes par kilomètre carré,2006,,81.88,,MKD,Macédoine du Nord,A,Valeur normale,0,Units,2,Two
DATAFLOW,OECD.CFE.EDS:DSD_REG_DEMO@DF_DENSITY(2.0),Densité de population - Régions,I,A,Annuelle,CTRY,Pays,MKD,Macédoine du Nord,_Z,N'est pas applicable,POP,Population,_T,Total,_T,Total,PS_KM2,Personnes par kilomètre carré,2007,,82.02,,MKD,Macédoine du Nord,A,Valeur normale,0,Units,2,Two
DATAFLOW,OECD.CFE.EDS:DSD_REG_DEMO@DF_DENSITY(2.0),Densité de population - Régions,I,A,Annuelle,CTRY,Pays,MKD,Macédoine du Nord,_Z,N'est pas applicable,POP,Population,_T,Total,_T,Total,PS,Personnes,1991,,1890872,,MKD,Macédoine du Nord,A,Valeur normale,0,Units,0,Zero
DATAFLOW,OECD.CFE.EDS:DSD_REG_DEMO@DF_DENSITY(2.0),Densité de population - Régions,I,A,Annuelle,CTRY,Pays,MKD,Macédoine du Nord,_Z,N'est pas applicable,POP,Population,_T,Total,_T,Total,PS,Personnes,1996,,1971687,,MKD,Macédoine du Nord,A,Valeur normale,0,Units,0,Zero
DATAFLOW,OECD.CFE.EDS:DSD_REG_DEMO@DF_DENSITY(2.0),Densité de population - Régions,I,A,Annuelle,CTRY,Pays,MKD,Macédoine du Nord,_Z,N'est pas applicable,POP,Population,_T,Total,_T,Total,PS,Personnes,1997,,1991398,,MKD,Macédoine du Nord,A,Valeur normale,0,Units,0,Zero
DATAFLOW,OECD.CFE.EDS:DSD_REG_DEMO@DF_DENSITY(2.0),Densité de population - Régions,I,A,Annuelle,CTRY,Pays,MKD,Macédoine du Nord,_Z,N'est pas applicable,POP,Population,_T,Total,_T,Total,PS,Personnes,1992,,1908941,,MKD,Macédoine du Nord,A,Valeur normale,0,Units,0,Zero
DATAFLOW,OECD.CFE.EDS:DSD_REG_DEMO@DF_DENSITY(2.0),Densité de population - Régions,I,A,Annuelle,CTRY,Pays,MKD,Macédoine du Nord,_Z,N'est pas applicable,POP,Population,_T,Total,_T,Total,PS,Personnes,1993,,2061000,,MKD,Macédoine du Nord,A,Valeur normale,0,Units,0,Zero
DATAFLOW,OECD.CFE.EDS:DSD_REG_DEMO@DF_DENSITY(2.0),Densité de population - Régions,I,A,Annuelle,CTRY,Pays,MKD,Macédoine du Nord,_Z,N'est pas applicable,POP,Population,_T,Total,_T,Total,PS,Personnes,2022,,1837114,,MKD,Macédoine du Nord,B,Rupture de série,0,Units,0,Zero
DATAFLOW,OECD.CFE.EDS:DSD_REG_DEMO@DF_DENSITY(2.0),Densité de population - Régions,I,A,Annuelle,CTRY,Pays,MKD,Macédoine du Nord,_Z,N'est pas applicable,POP,Population,_T,Total,_T,Total,PS,Personnes,1995,,1957265,,MKD,Macédoine du Nord,A,Valeur normale,0,Units,0,Zero
DATAFLOW,OECD.CFE.EDS:DSD_REG_DEMO@DF_DENSITY(2.0),Densité de population - Régions,I,A,Annuelle,CTRY,Pays,MKD,Macédoine du Nord,_Z,N'est pas applicable,POP,Population,_T,Total,_T,Total,PS,Personnes,2018,,2075301,,MKD,Macédoine du Nord,A,Valeur normale,0,Units,0,Zero
DATAFLOW,OECD.CFE.EDS:DSD_REG_DEMO@DF_DENSITY(2.0),Densité de population - Régions,I,A,Annuelle,CTRY,Pays,MKD,Macédoine du Nord,_Z,N'est pas applicable,POP,Population,_T,Total,_T,Total,PS,Personnes,2019,,2077132,,MKD,Macédoine du Nord,A,Valeur normale,0,Units,0,Zero
DATAFLOW,OECD.CFE.EDS:DSD_REG_DEMO@DF_DENSITY(2.0),Densité de population - Régions,I,A,Annuelle,CTRY,Pays,MKD,Macédoine du Nord,_Z,N'est pas applicable,POP,Population,_T,Total,_T,Total,PS,Personnes,2008,,2045177,,MKD,Macédoine du Nord,A,Valeur normale,0,Units,0,Zero
DATAFLOW,OECD.CFE.EDS:DSD_REG_DEMO@DF_DENSITY(2.0),Densité de population - Régions,I,A,Annuelle,CTRY,Pays,MKD,Macédoine du Nord,_Z,N'est pas applicable,POP,Population,_T,Total,_T,Total,PS,Personnes,2000,,2021578,,MKD,Macédoine du Nord,A,Valeur normale,0,Units,0,Zero
DATAFLOW,OECD.CFE.EDS:DSD_REG_DEMO@DF_DENSITY(2.0),Densité de population - Régions,I,A,Annuelle,CTRY,Pays,MKD,Macédoine du Nord,_Z,N'est pas applicable,POP,Population,_T,Total,_T,Total,PS,Personnes,2013,,2062294,,MKD,Macédoine du Nord,A,Valeur normale,0,Units,0,Zero
DATAFLOW,OECD.CFE.EDS:DSD_REG_DEMO@DF_DENSITY(2.0),Densité de population - Régions,I,A,Annuelle,CTRY,Pays,MKD,Macédoine du Nord,_Z,N'est pas applicable,POP,Population,_T,Total,_T,Total,PS,Personnes,1990,,1873109,,MKD,Macédoine du Nord,A,Valeur normale,0,Units,0,Zero
DATAFLOW,OECD.CFE.EDS:DSD_REG_DEMO@DF_DENSITY(2.0),Densité de population - Régions,I,A,Annuelle,CTRY,Pays,MKD,Macédoine du Nord,_Z,N'est pas applicable,POP,Population,_T,Total,_T,Total,PS,Personnes,2006,,2038514,,MKD,Macédoine du Nord,A,Valeur normale,0,Units,0,Zero
DATAFLOW,OECD.CFE.EDS:DSD_REG_DEMO@DF_DENSITY(2.0),Densité de population - Régions,I,A,Annuelle,CTRY,Pays,MKD,Macédoine du Nord,_Z,N'est pas applicable,POP,Population,_T,Total,_T,Total,PS,Personnes,2007,,2041941,,MKD,Macédoine du Nord,A,Valeur normale,0,Units,0,Zero
DATAFLOW,OECD.CFE.EDS:DSD_REG_DEMO@DF_DENSITY(2.0),Densité de population - Régions,I,A,Annuelle,CTRY,Pays,MKD,Macédoine du Nord,_Z,N'est pas applicable,POP,Population,_T,Total,_T,Total,PS,Personnes,1998,,2002340,,MKD,Macédoine du Nord,A,Valeur normale,0,Units,0,Zero
DATAFLOW,OECD.CFE.EDS:DSD_REG_DEMO@DF_DENSITY(2.0),Densité de population - Régions,I,A,Annuelle,CTRY,Pays,MKD,Macédoine du Nord,_Z,N'est pas applicable,POP,Population,_T,Total,_T,Total,PS,Personnes,1999,,2012705,,MKD,Macédoine du Nord,A,Valeur normale,0,Units,0,Zero
DATAFLOW,OECD.CFE.EDS:DSD_REG_DEMO@DF_DENSITY(2.0),Densité de population - Régions,I,A,Annuelle,CTRY,Pays,MKD,Macédoine du Nord,_Z,N'est pas applicable,POP,Population,_T,Total,_T,Total,PS,Personnes,2001,,2031112,,MKD,Macédoine du Nord,A,Valeur normale,0,Units,0,Zero
DATAFLOW,OECD.CFE.EDS:DSD_REG_DEMO@DF_DENSITY(2.0),Densité de population - Régions,I,A,Annuelle,CTRY,Pays,MKD,Macédoine du Nord,_Z,N'est pas applicable,POP,Population,_T,Total,_T,Total,PS,Personnes,2002,,2038651,,MKD,Macédoine du Nord,A,Valeur normale,0,Units,0,Zero
DATAFLOW,OECD.CFE.EDS:DSD_REG_DEMO@DF_DENSITY(2.0),Densité de population - Régions,I,A,Annuelle,CTRY,Pays,MKD,Macédoine du Nord,_Z,N'est pas applicable,POP,Population,_T,Total,_T,Total,PS,Personnes,2003,,2023654,,MKD,Macédoine du Nord,A,Valeur normale,0,Units,0,Zero
DATAFLOW,OECD.CFE.EDS:DSD_REG_DEMO@DF_DENSITY(2.0),Densité de population - Régions,I,A,Annuelle,CTRY,Pays,MKD,Macédoine du Nord,_Z,N'est pas applicable,POP,Population,_T,Total,_T,Total,PS_KM2,Personnes par kilomètre carré,2009,,82.29,,MKD,Macédoine du Nord,A,Valeur normale,0,Units,2,Two
DATAFLOW,OECD.CFE.EDS:DSD_REG_DEMO@DF_DENSITY(2.0),Densité de population - Régions,I,A,Annuelle,CTRY,Pays,MKD,Macédoine du Nord,_Z,N'est pas applicable,POP,Population,_T,Total,_T,Total,PS_KM2,Personnes par kilomètre carré,2001,,81.59,,MKD,Macédoine du Nord,A,Valeur normale,0,Units,2,Two
DATAFLOW,OECD.CFE.EDS:DSD_REG_DEMO@DF_DENSITY(2.0),Densité de population - Régions,I,A,Annuelle,CTRY,Pays,MKD,Macédoine du Nord,_Z,N'est pas applicable,POP,Population,_T,Total,_T,Total,PS_KM2,Personnes par kilomètre carré,2002,,81.89,,MKD,Macédoine du Nord,A,Valeur normale,0,Units,2,Two
DATAFLOW,OECD.CFE.EDS:DSD_REG_DEMO@DF_DENSITY(2.0),Densité de population - Régions,I,A,Annuelle,CTRY,Pays,MKD,Macédoine du Nord,_Z,N'est pas applicable,POP,Population,_T,Total,_T,Total,PS_KM2,Personnes par kilomètre carré,2003,,81.29,,MKD,Macédoine du Nord,A,Valeur normale,0,Units,2,Two
DATAFLOW,OECD.CFE.EDS:DSD_REG_DEMO@DF_DENSITY(2.0),Densité de population - Régions,I,A,Annuelle,CTRY,Pays,MKD,Macédoine du Nord,_Z,N'est pas applicable,POP,Population,_T,Total,_T,Total,PS_KM2,Personnes par kilomètre carré,1996,,79.2,,MKD,Macédoine du Nord,A,Valeur normale,0,Units,2,Two
DATAFLOW,OECD.CFE.EDS:DSD_REG_DEMO@DF_DENSITY(2.0),Densité de population - Régions,I,A,Annuelle,CTRY,Pays,MKD,Macédoine du Nord,_Z,N'est pas applicable,POP,Population,_T,Total,_T,Total,PS_KM2,Personnes par kilomètre carré,2000,,81.2,,MKD,Macédoine du Nord,A,Valeur normale,0,Units,2,Two
DATAFLOW,OECD.CFE.EDS:DSD_REG_DEMO@DF_DENSITY(2.0),Densité de population - Régions,I,A,Annuelle,CTRY,Pays,MKD,Macédoine du Nord,_Z,N'est pas applicable,POP,Population,_T,Total,_T,Total,PS_KM2,Personnes par kilomètre carré,1991,,75.95,,MKD,Macédoine du Nord,A,Valeur normale,0,Units,2,Two
DATAFLOW,OECD.CFE.EDS:DSD_REG_DEMO@DF_DENSITY(2.0),Densité de population - Régions,I,A,Annuelle,CTRY,Pays,MKD,Macédoine du Nord,_Z,N'est pas applicable,POP,Population,_T,Total,_T,Total,PS_KM2,Personnes par kilomètre carré,2004,,81.54,,MKD,Macédoine du Nord,A,Valeur normale,0,Units,2,Two
DATAFLOW,OECD.CFE.EDS:DSD_REG_DEMO@DF_DENSITY(2.0),Densité de population - Régions,I,A,Annuelle,CTRY,Pays,MKD,Macédoine du Nord,_Z,N'est pas applicable,POP,Population,_T,Total,_T,Total,PS_KM2,Personnes par kilomètre carré,1995,,78.62,,MKD,Macédoine du Nord,A,Valeur normale,0,Units,2,Two
DATAFLOW,OECD.CFE.EDS:DSD_REG_DEMO@DF_DENSITY(2.0),Densité de population - Régions,I,A,Annuelle,CTRY,Pays,MKD,Macédoine du Nord,_Z,N'est pas applicable,POP,Population,_T,Total,_T,Total,PS_KM2,Personnes par kilomètre carré,1993,,82.79,,MKD,Macédoine du Nord,A,Valeur normale,0,Units,2,Two
DATAFLOW,OECD.CFE.EDS:DSD_REG_DEMO@DF_DENSITY(2.0),Densité de population - Régions,I,A,Annuelle,CTRY,Pays,MKD,Macédoine du Nord,_Z,N'est pas applicable,POP,Population,_T,Total,_T,Total,PS_KM2,Personnes par kilomètre carré,1994,,77.8,,MKD,Macédoine du Nord,A,Valeur normale,0,Units,2,Two
DATAFLOW,OECD.CFE.EDS:DSD_REG_DEMO@DF_DENSITY(2.0),Densité de population - Régions,I,A,Annuelle,CTRY,Pays,MKD,Macédoine du Nord,_Z,N'est pas applicable,POP,Population,_T,Total,_T,Total,PS_KM2,Personnes par kilomètre carré,1997,,79.99,,MKD,Macédoine du Nord,A,Valeur normale,0,Units,2,Two
DATAFLOW,OECD.CFE.EDS:DSD_REG_DEMO@DF_DENSITY(2.0),Densité de population - Régions,I,A,Annuelle,CTRY,Pays,MKD,Macédoine du Nord,_Z,N'est pas applicable,POP,Population,_T,Total,_T,Total,PS_KM2,Personnes par kilomètre carré,1999,,80.85,,MKD,Macédoine du Nord,A,Valeur normale,0,Units,2,Two
DATAFLOW,OECD.CFE.EDS:DSD_REG_DEMO@DF_DENSITY(2.0),Densité de population - Régions,I,A,Annuelle,CTRY,Pays,MKD,Macédoine du Nord,_Z,N'est pas applicable,POP,Population,_T,Total,_T,Total,PS_KM2,Personnes par kilomètre carré,1990,,75.24,,MKD,Macédoine du Nord,A,Valeur normale,0,Units,2,Two
DATAFLOW,OECD.CFE.EDS:DSD_REG_DEMO@DF_DENSITY(2.0),Densité de population - Régions,I,A,Annuelle,CTRY,Pays,MKD,Macédoine du Nord,_Z,N'est pas applicable,POP,Population,_T,Total,_T,Total,PS_KM2,Personnes par kilomètre carré,1998,,80.43,,MKD,Macédoine du Nord,A,Valeur normale,0,Units,2,Two
DATAFLOW,OECD.CFE.EDS:DSD_REG_DEMO@DF_DENSITY(2.0),Densité de population - Régions,I,A,Annuelle,CTRY,Pays,MKD,Macédoine du Nord,_Z,N'est pas applicable,POP,Population,_T,Total,_T,Total,PS_KM2,Personnes par kilomètre carré,1992,,76.68,,MKD,Macédoine du Nord,A,Valeur normale,0,Units,2,Two
DATAFLOW,OECD.CFE.EDS:DSD_REG_DEMO@DF_DENSITY(2.0),Densité de population - Régions,I,A,Annuelle,CTRY,Pays,MKD,Macédoine du Nord,_Z,N'est pas applicable,POP,Population,_T,Total,_T,Total,PS_KM2,Personnes par kilomètre carré,2022,,73.79,,MKD,Macédoine du Nord,B,Rupture de série,0,Units,2,Two
DATAFLOW,OECD.CFE.EDS:DSD_REG_DEMO@DF_DENSITY(2.0),Densité de population - Régions,I,A,Annuelle,CTRY,Pays,MKD,Macédoine du Nord,_Z,N'est pas applicable,POP,Population,_T,Total,_T,Total,PS,Personnes,2012,,2059794,,MKD,Macédoine du Nord,P,Valeur provisoire,0,Units,0,Zero
DATAFLOW,OECD.CFE.EDS:DSD_REG_DEMO@DF_DENSITY(2.0),Densité de population - Régions,I,A,Annuelle,CTRY,Pays,MKD,Macédoine du Nord,_Z,N'est pas applicable,POP,Population,_T,Total,_T,Total,PS,Personnes,2023,,1829954,,MKD,Macédoine du Nord,A,Valeur normale,0,Units,0,Zero
DATAFLOW,OECD.CFE.EDS:DSD_REG_DEMO@DF_DENSITY(2.0),Densité de population - Régions,I,A,Annuelle,CTRY,Pays,MKD,Macédoine du Nord,_Z,N'est pas applicable,POP,Population,_T,Total,_T,Total,PS,Personnes,2010,,2052722,,MKD,Macédoine du Nord,A,Valeur normale,0,Units,0,Zero
DATAFLOW,OECD.CFE.EDS:DSD_REG_DEMO@DF_DENSITY(2.0),Densité de population - Régions,I,A,Annuelle,CTRY,Pays,MKD,Macédoine du Nord,_Z,N'est pas applicable,POP,Population,_T,Total,_T,Total,PS,Personnes,2011,,2057284,,MKD,Macédoine du Nord,A,Valeur normale,0,Units,0,Zero
DATAFLOW,OECD.CFE.EDS:DSD_REG_DEMO@DF_DENSITY(2.0),Densité de population - Régions,I,A,Annuelle,CTRY,Pays,MKD,Macédoine du Nord,_Z,N'est pas applicable,POP,Population,_T,Total,_T,Total,PS,Personnes,2016,,2071278,,MKD,Macédoine du Nord,A,Valeur normale,0,Units,0,Zero
DATAFLOW,OECD.CFE.EDS:DSD_REG_DEMO@DF_DENSITY(2.0),Densité de population - Régions,I,A,Annuelle,CTRY,Pays,MKD,Macédoine du Nord,_Z,N'est pas applicable,POP,Population,_T,Total,_T,Total,PS,Personnes,2017,,2073702,,MKD,Macédoine du Nord,A,Valeur normale,0,Units,0,Zero
DATAFLOW,OECD.CFE.EDS:DSD_REG_DEMO@DF_DENSITY(2.0),Densité de population - Régions,I,A,Annuelle,CTRY,Pays,MKD,Macédoine du Nord,_Z,N'est pas applicable,POP,Population,_T,Total,_T,Total,PS,Personnes,2004,,2029892,,MKD,Macédoine du Nord,A,Valeur normale,0,Units,0,Zero
DATAFLOW,OECD.CFE.EDS:DSD_REG_DEMO@DF_DENSITY(2.0),Densité de population - Régions,I,A,Annuelle,CTRY,Pays,MKD,Macédoine du Nord,_Z,N'est pas applicable,POP,Population,_T,Total,_T,Total,PS,Personnes,2005,,2035196,,MKD,Macédoine du Nord,A,Valeur normale,0,Units,0,Zero
DATAFLOW,OECD.CFE.EDS:DSD_REG_DEMO@DF_DENSITY(2.0),Densité de population - Régions,I,A,Annuelle,CTRY,Pays,MKD,Macédoine du Nord,_Z,N'est pas applicable,POP,Population,_T,Total,_T,Total,PS,Personnes,2021,,2068808,,MKD,Macédoine du Nord,A,Valeur normale,0,Units,0,Zero
DATAFLOW,OECD.CFE.EDS:DSD_REG_DEMO@DF_DENSITY(2.0),Densité de population - Régions,I,A,Annuelle,CTRY,Pays,MKD,Macédoine du Nord,_Z,N'est pas applicable,POP,Population,_T,Total,_T,Total,PS,Personnes,2020,,2076255,,MKD,Macédoine du Nord,A,Valeur normale,0,Units,0,Zero
DATAFLOW,OECD.CFE.EDS:DSD_REG_DEMO@DF_DENSITY(2.0),Densité de population - Régions,I,A,Annuelle,CTRY,Pays,MKD,Macédoine du Nord,_Z,N'est pas applicable,POP,Population,_T,Total,_T,Total,PS,Personnes,2009,,2048619,,MKD,Macédoine du Nord,A,Valeur normale,0,Units,0,Zero
DATAFLOW,OECD.CFE.EDS:DSD_REG_DEMO@DF_DENSITY(2.0),Densité de population - Régions,I,A,Annuelle,CTRY,Pays,MKD,Macédoine du Nord,_Z,N'est pas applicable,POP,Population,_T,Total,_T,Total,PS,Personnes,2014,,2065769,,MKD,Macédoine du Nord,A,Valeur normale,0,Units,0,Zero
DATAFLOW,OECD.CFE.EDS:DSD_REG_DEMO@DF_DENSITY(2.0),Densité de population - Régions,I,A,Annuelle,CTRY,Pays,MKD,Macédoine du Nord,_Z,N'est pas applicable,POP,Population,_T,Total,_T,Total,PS,Personnes,2015,,2069172,,MKD,Macédoine du Nord,A,Valeur normale,0,Units,0,Zero
DATAFLOW,OECD.CFE.EDS:DSD_REG_DEMO@DF_DENSITY(2.0),Densité de population - Régions,I,A,Annuelle,CTRY,Pays,MKD,Macédoine du Nord,_Z,N'est pas applicable,POP,Population,_T,Total,_T,Total,PS,Personnes,1994,,1936741,,MKD,Macédoine du Nord,A,Valeur normale,0,Units,0,Zero
DATAFLOW,OECD.CFE.EDS:DSD_REG_DEMO@DF_DENSITY(2.0),Densité de population - Régions,I,A,Annuelle,CTRY,Pays,MKD,Macédoine du Nord,_Z,N'est pas applicable,POP,Population,_T,Total,_T,Total,PS_KM2,Personnes par kilomètre carré,2014,,82.98,,MKD,Macédoine du Nord,A,Valeur normale,0,Units,2,Two
DATAFLOW,OECD.CFE.EDS:DSD_REG_DEMO@DF_DENSITY(2.0),Densité de population - Régions,I,A,Annuelle,CTRY,Pays,MKD,Macédoine du Nord,_Z,N'est pas applicable,POP,Population,_T,Total,_T,Total,PS_KM2,Personnes par kilomètre carré,2012,,82.74,,MKD,Macédoine du Nord,P,Valeur provisoire,0,Units,2,Two
DATAFLOW,OECD.CFE.EDS:DSD_REG_DEMO@DF_DENSITY(2.0),Densité de population - Régions,I,A,Annuelle,CTRY,Pays,MKD,Macédoine du Nord,_Z,N'est pas applicable,POP,Population,_T,Total,_T,Total,PS_KM2,Personnes par kilomètre carré,2023,,73.51,,MKD,Macédoine du Nord,A,Valeur normale,0,Units,2,Two
DATAFLOW,OECD.CFE.EDS:DSD_REG_DEMO@DF_DENSITY(2.0),Densité de population - Régions,I,A,Annuelle,CTRY,Pays,MKD,Macédoine du Nord,_Z,N'est pas applicable,POP,Population,_T,Total,_T,Total,PS_KM2,Personnes par kilomètre carré,2019,,83.44,,MKD,Macédoine du Nord,A,Valeur normale,0,Units,2,Two
DATAFLOW,OECD.CFE.EDS:DSD_REG_DEMO@DF_DENSITY(2.0),Densité de population - Régions,I,A,Annuelle,CTRY,Pays,MKD,Macédoine du Nord,_Z,N'est pas applicable,POP,Population,_T,Total,_T,Total,PS_KM2,Personnes par kilomètre carré,2020,,83.4,,MKD,Macédoine du Nord,A,Valeur normale,0,Units,2,Two
DATAFLOW,OECD.CFE.EDS:DSD_REG_DEMO@DF_DENSITY(2.0),Densité de population - Régions,I,A,Annuelle,CTRY,Pays,MKD,Macédoine du Nord,_Z,N'est pas applicable,POP,Population,_T,Total,_T,Total,PS_KM2,Personnes par kilomètre carré,2021,,83.1,,MKD,Macédoine du Nord,A,Valeur normale,0,Units,2,Two
DATAFLOW,OECD.CFE.EDS:DSD_REG_DEMO@DF_DENSITY(2.0),Densité de population - Régions,I,A,Annuelle,CTRY,Pays,MKD,Macédoine du Nord,_Z,N'est pas applicable,POP,Population,_T,Total,_T,Total,PS_KM2,Personnes par kilomètre carré,2013,,82.84,,MKD,Macédoine du Nord,A,Valeur normale,0,Units,2,Two
DATAFLOW,OECD.CFE.EDS:DSD_REG_DEMO@DF_DENSITY(2.0),Densité de population - Régions,I,A,Annuelle,CTRY,Pays,MKD,Macédoine du Nord,_Z,N'est pas applicable,POP,Population,_T,Total,_T,Total,PS_KM2,Personnes par kilomètre carré,2015,,83.12,,MKD,Macédoine du Nord,A,Valeur normale,0,Units,2,Two
DATAFLOW,OECD.CFE.EDS:DSD_REG_DEMO@DF_DENSITY(2.0),Densité de population - Régions,I,A,Annuelle,CTRY,Pays,MKD,Macédoine du Nord,_Z,N'est pas applicable,POP,Population,_T,Total,_T,Total,PS_KM2,Personnes par kilomètre carré,2016,,83.2,,MKD,Macédoine du Nord,A,Valeur normale,0,Units,2,Two
DATAFLOW,OECD.CFE.EDS:DSD_REG_DEMO@DF_DENSITY(2.0),Densité de population - Régions,I,A,Annuelle,CTRY,Pays,MKD,Macédoine du Nord,_Z,N'est pas applicable,POP,Population,_T,Total,_T,Total,PS_KM2,Personnes par kilomètre carré,2017,,83.3,,MKD,Macédoine du Nord,A,Valeur normale,0,Units,2,Two
DATAFLOW,OECD.CFE.EDS:DSD_REG_DEMO@DF_DENSITY(2.0),Densité de population - Régions,I,A,Annuelle,CTRY,Pays,MKD,Macédoine du Nord,_Z,N'est pas applicable,POP,Population,_T,Total,_T,Total,PS_KM2,Personnes par kilomètre carré,2018,,83.36,,MKD,Macédoine du Nord,A,Valeur normale,0,Units,2,Two
DATAFLOW,OECD.CFE.EDS:DSD_REG_DEMO@DF_DENSITY(2.0),Densité de population - Régions,I,A,Annuelle,CTRY,Pays,MKD,Macédoine du Nord,_Z,N'est pas applicable,POP,Population,_T,Total,_T,Total,PS_KM2,Personnes par kilomètre carré,2008,,82.15,,MKD,Macédoine du Nord,A,Valeur normale,0,Units,2,Two
DATAFLOW,OECD.CFE.EDS:DSD_REG_DEMO@DF_DENSITY(2.0),Densité de population - Régions,I,A,Annuelle,CTRY,Pays,MKD,Macédoine du Nord,_Z,N'est pas applicable,POP,Population,_T,Total,_T,Total,PS_KM2,Personnes par kilomètre carré,2010,,82.46,,MKD,Macédoine du Nord,A,Valeur normale,0,Units,2,Two
DATAFLOW,OECD.CFE.EDS:DSD_REG_DEMO@DF_DENSITY(2.0),Densité de population - Régions,I,A,Annuelle,CTRY,Pays,MKD,Macédoine du Nord,_Z,N'est pas applicable,POP,Population,_T,Total,_T,Total,PS_KM2,Personnes par kilomètre carré,2011,,82.64,,MKD,Macédoine du Nord,A,Valeur normale,0,Units,2,Two
DATAFLOW,OECD.CFE.EDS:DSD_REG_DEMO@DF_DENSITY(2.0),Densité de population - Régions,I,A,Annuelle,CTRY,Pays,PER,Pérou,_Z,N'est pas applicable,POP,Population,_T,Total,_T,Total,PS_KM2,Personnes par kilomètre carré,2007,,21.88,,PER,Pérou,A,Valeur normale,0,Units,2,Two
DATAFLOW,OECD.CFE.EDS:DSD_REG_DEMO@DF_DENSITY(2.0),Densité de population - Régions,I,A,Annuelle,CTRY,Pays,PER,Pérou,_Z,N'est pas applicable,POP,Population,_T,Total,_T,Total,PS_KM2,Personnes par kilomètre carré,2008,,22.02,,PER,Pérou,A,Valeur normale,0,Units,2,Two
DATAFLOW,OECD.CFE.EDS:DSD_REG_DEMO@DF_DENSITY(2.0),Densité de population - Régions,I,A,Annuelle,CTRY,Pays,PER,Pérou,_Z,N'est pas applicable,POP,Population,_T,Total,_T,Total,PS,Personnes,1996,,24348132,,PER,Pérou,A,Valeur normale,0,Units,0,Zero
DATAFLOW,OECD.CFE.EDS:DSD_REG_DEMO@DF_DENSITY(2.0),Densité de population - Régions,I,A,Annuelle,CTRY,Pays,PER,Pérou,_Z,N'est pas applicable,POP,Population,_T,Total,_T,Total,PS,Personnes,1997,,24767794,,PER,Pérou,A,Valeur normale,0,Units,0,Zero
DATAFLOW,OECD.CFE.EDS:DSD_REG_DEMO@DF_DENSITY(2.0),Densité de population - Régions,I,A,Annuelle,CTRY,Pays,PER,Pérou,_Z,N'est pas applicable,POP,Population,_T,Total,_T,Total,PS,Personnes,1998,,25182269,,PER,Pérou,A,Valeur normale,0,Units,0,Zero
DATAFLOW,OECD.CFE.EDS:DSD_REG_DEMO@DF_DENSITY(2.0),Densité de population - Régions,I,A,Annuelle,CTRY,Pays,PER,Pérou,_Z,N'est pas applicable,POP,Population,_T,Total,_T,Total,PS,Personnes,1990,,21764515,,PER,Pérou,A,Valeur normale,0,Units,0,Zero
DATAFLOW,OECD.CFE.EDS:DSD_REG_DEMO@DF_DENSITY(2.0),Densité de population - Régions,I,A,Annuelle,CTRY,Pays,PER,Pérou,_Z,N'est pas applicable,POP,Population,_T,Total,_T,Total,PS,Personnes,1993,,23073150,,PER,Pérou,A,Valeur normale,0,Units,0,Zero
DATAFLOW,OECD.CFE.EDS:DSD_REG_DEMO@DF_DENSITY(2.0),Densité de population - Régions,I,A,Annuelle,CTRY,Pays,PER,Pérou,_Z,N'est pas applicable,POP,Population,_T,Total,_T,Total,PS,Personnes,1991,,22203931,,PER,Pérou,A,Valeur normale,0,Units,0,Zero
DATAFLOW,OECD.CFE.EDS:DSD_REG_DEMO@DF_DENSITY(2.0),Densité de population - Régions,I,A,Annuelle,CTRY,Pays,PER,Pérou,_Z,N'est pas applicable,POP,Population,_T,Total,_T,Total,PS,Personnes,2014,,29616414,,PER,Pérou,A,Valeur normale,0,Units,0,Zero
DATAFLOW,OECD.CFE.EDS:DSD_REG_DEMO@DF_DENSITY(2.0),Densité de population - Régions,I,A,Annuelle,CTRY,Pays,PER,Pérou,_Z,N'est pas applicable,POP,Population,_T,Total,_T,Total,PS,Personnes,2004,,27492091,,PER,Pérou,A,Valeur normale,0,Units,0,Zero
DATAFLOW,OECD.CFE.EDS:DSD_REG_DEMO@DF_DENSITY(2.0),Densité de population - Régions,I,A,Annuelle,CTRY,Pays,PER,Pérou,_Z,N'est pas applicable,POP,Population,_T,Total,_T,Total,PS,Personnes,2019,,32131400,,PER,Pérou,A,Valeur normale,0,Units,0,Zero
DATAFLOW,OECD.CFE.EDS:DSD_REG_DEMO@DF_DENSITY(2.0),Densité de population - Régions,I,A,Annuelle,CTRY,Pays,PER,Pérou,_Z,N'est pas applicable,POP,Population,_T,Total,_T,Total,PS,Personnes,1992,,22640305,,PER,Pérou,A,Valeur normale,0,Units,0,Zero
DATAFLOW,OECD.CFE.EDS:DSD_REG_DEMO@DF_DENSITY(2.0),Densité de population - Régions,I,A,Annuelle,CTRY,Pays,PER,Pérou,_Z,N'est pas applicable,POP,Population,_T,Total,_T,Total,PS,Personnes,2012,,29113162,,PER,Pérou,A,Valeur normale,0,Units,0,Zero
DATAFLOW,OECD.CFE.EDS:DSD_REG_DEMO@DF_DENSITY(2.0),Densité de population - Régions,I,A,Annuelle,CTRY,Pays,PER,Pérou,_Z,N'est pas applicable,POP,Population,_T,Total,_T,Total,PS,Personnes,2013,,29341346,,PER,Pérou,A,Valeur normale,0,Units,0,Zero
DATAFLOW,OECD.CFE.EDS:DSD_REG_DEMO@DF_DENSITY(2.0),Densité de population - Régions,I,A,Annuelle,CTRY,Pays,PER,Pérou,_Z,N'est pas applicable,POP,Population,_T,Total,_T,Total,PS,Personnes,1994,,23501974,,PER,Pérou,A,Valeur normale,0,Units,0,Zero
DATAFLOW,OECD.CFE.EDS:DSD_REG_DEMO@DF_DENSITY(2.0),Densité de population - Régions,I,A,Annuelle,CTRY,Pays,PER,Pérou,_Z,N'est pas applicable,POP,Population,_T,Total,_T,Total,PS,Personnes,1995,,23926300,,PER,Pérou,A,Valeur normale,0,Units,0,Zero
DATAFLOW,OECD.CFE.EDS:DSD_REG_DEMO@DF_DENSITY(2.0),Densité de population - Régions,I,A,Annuelle,CTRY,Pays,PER,Pérou,_Z,N'est pas applicable,POP,Population,_T,Total,_T,Total,PS,Personnes,2006,,27934784,,PER,Pérou,A,Valeur normale,0,Units,0,Zero
DATAFLOW,OECD.CFE.EDS:DSD_REG_DEMO@DF_DENSITY(2.0),Densité de population - Régions,I,A,Annuelle,CTRY,Pays,PER,Pérou,_Z,N'est pas applicable,POP,Population,_T,Total,_T,Total,PS,Personnes,2007,,28122158,,PER,Pérou,A,Valeur normale,0,Units,0,Zero
DATAFLOW,OECD.CFE.EDS:DSD_REG_DEMO@DF_DENSITY(2.0),Densité de population - Régions,I,A,Annuelle,CTRY,Pays,PER,Pérou,_Z,N'est pas applicable,POP,Population,_T,Total,_T,Total,PS,Personnes,2008,,28300372,,PER,Pérou,A,Valeur normale,0,Units,0,Zero
DATAFLOW,OECD.CFE.EDS:DSD_REG_DEMO@DF_DENSITY(2.0),Densité de population - Régions,I,A,Annuelle,CTRY,Pays,PER,Pérou,_Z,N'est pas applicable,POP,Population,_T,Total,_T,Total,PS,Personnes,2001,,26714547,,PER,Pérou,A,Valeur normale,0,Units,0,Zero
DATAFLOW,OECD.CFE.EDS:DSD_REG_DEMO@DF_DENSITY(2.0),Densité de population - Régions,I,A,Annuelle,CTRY,Pays,PER,Pérou,_Z,N'est pas applicable,POP,Population,_T,Total,_T,Total,PS,Personnes,2002,,26999085,,PER,Pérou,A,Valeur normale,0,Units,0,Zero
DATAFLOW,OECD.CFE.EDS:DSD_REG_DEMO@DF_DENSITY(2.0),Densité de population - Régions,I,A,Annuelle,CTRY,Pays,PER,Pérou,_Z,N'est pas applicable,POP,Population,_T,Total,_T,Total,PS,Personnes,2003,,27254632,,PER,Pérou,A,Valeur normale,0,Units,0,Zero
DATAFLOW,OECD.CFE.EDS:DSD_REG_DEMO@DF_DENSITY(2.0),Densité de population - Régions,I,A,Annuelle,CTRY,Pays,PER,Pérou,_Z,N'est pas applicable,POP,Population,_T,Total,_T,Total,PS_KM2,Personnes par kilomètre carré,2001,,20.79,,PER,Pérou,A,Valeur normale,0,Units,2,Two
DATAFLOW,OECD.CFE.EDS:DSD_REG_DEMO@DF_DENSITY(2.0),Densité de population - Régions,I,A,Annuelle,CTRY,Pays,PER,Pérou,_Z,N'est pas applicable,POP,Population,_T,Total,_T,Total,PS_KM2,Personnes par kilomètre carré,2002,,21.01,,PER,Pérou,A,Valeur normale,0,Units,2,Two
DATAFLOW,OECD.CFE.EDS:DSD_REG_DEMO@DF_DENSITY(2.0),Densité de population - Régions,I,A,Annuelle,CTRY,Pays,PER,Pérou,_Z,N'est pas applicable,POP,Population,_T,Total,_T,Total,PS_KM2,Personnes par kilomètre carré,2004,,21.39,,PER,Pérou,A,Valeur normale,0,Units,2,Two
DATAFLOW,OECD.CFE.EDS:DSD_REG_DEMO@DF_DENSITY(2.0),Densité de population - Régions,I,A,Annuelle,CTRY,Pays,PER,Pérou,_Z,N'est pas applicable,POP,Population,_T,Total,_T,Total,PS_KM2,Personnes par kilomètre carré,2005,,21.57,,PER,Pérou,A,Valeur normale,0,Units,2,Two
DATAFLOW,OECD.CFE.EDS:DSD_REG_DEMO@DF_DENSITY(2.0),Densité de population - Régions,I,A,Annuelle,CTRY,Pays,PER,Pérou,_Z,N'est pas applicable,POP,Population,_T,Total,_T,Total,PS_KM2,Personnes par kilomètre carré,1996,,18.94,,PER,Pérou,A,Valeur normale,0,Units,2,Two
DATAFLOW,OECD.CFE.EDS:DSD_REG_DEMO@DF_DENSITY(2.0),Densité de population - Régions,I,A,Annuelle,CTRY,Pays,PER,Pérou,_Z,N'est pas applicable,POP,Population,_T,Total,_T,Total,PS_KM2,Personnes par kilomètre carré,1997,,19.27,,PER,Pérou,A,Valeur normale,0,Units,2,Two
DATAFLOW,OECD.CFE.EDS:DSD_REG_DEMO@DF_DENSITY(2.0),Densité de population - Régions,I,A,Annuelle,CTRY,Pays,PER,Pérou,_Z,N'est pas applicable,POP,Population,_T,Total,_T,Total,PS_KM2,Personnes par kilomètre carré,2009,,22.16,,PER,Pérou,A,Valeur normale,0,Units,2,Two
DATAFLOW,OECD.CFE.EDS:DSD_REG_DEMO@DF_DENSITY(2.0),Densité de population - Régions,I,A,Annuelle,CTRY,Pays,PER,Pérou,_Z,N'est pas applicable,POP,Population,_T,Total,_T,Total,PS_KM2,Personnes par kilomètre carré,2000,,20.53,,PER,Pérou,A,Valeur normale,0,Units,2,Two
DATAFLOW,OECD.CFE.EDS:DSD_REG_DEMO@DF_DENSITY(2.0),Densité de population - Régions,I,A,Annuelle,CTRY,Pays,PER,Pérou,_Z,N'est pas applicable,POP,Population,_T,Total,_T,Total,PS_KM2,Personnes par kilomètre carré,1990,,16.93,,PER,Pérou,A,Valeur normale,0,Units,2,Two
DATAFLOW,OECD.CFE.EDS:DSD_REG_DEMO@DF_DENSITY(2.0),Densité de population - Régions,I,A,Annuelle,CTRY,Pays,PER,Pérou,_Z,N'est pas applicable,POP,Population,_T,Total,_T,Total,PS_KM2,Personnes par kilomètre carré,1991,,17.28,,PER,Pérou,A,Valeur normale,0,Units,2,Two
DATAFLOW,OECD.CFE.EDS:DSD_REG_DEMO@DF_DENSITY(2.0),Densité de population - Régions,I,A,Annuelle,CTRY,Pays,PER,Pérou,_Z,N'est pas applicable,POP,Population,_T,Total,_T,Total,PS_KM2,Personnes par kilomètre carré,2003,,21.21,,PER,Pérou,A,Valeur normale,0,Units,2,Two
DATAFLOW,OECD.CFE.EDS:DSD_REG_DEMO@DF_DENSITY(2.0),Densité de population - Régions,I,A,Annuelle,CTRY,Pays,PER,Pérou,_Z,N'est pas applicable,POP,Population,_T,Total,_T,Total,PS_KM2,Personnes par kilomètre carré,1995,,18.62,,PER,Pérou,A,Valeur normale,0,Units,2,Two
DATAFLOW,OECD.CFE.EDS:DSD_REG_DEMO@DF_DENSITY(2.0),Densité de population - Régions,I,A,Annuelle,CTRY,Pays,PER,Pérou,_Z,N'est pas applicable,POP,Population,_T,Total,_T,Total,PS_KM2,Personnes par kilomètre carré,1994,,18.29,,PER,Pérou,A,Valeur normale,0,Units,2,Two
DATAFLOW,OECD.CFE.EDS:DSD_REG_DEMO@DF_DENSITY(2.0),Densité de population - Régions,I,A,Annuelle,CTRY,Pays,PER,Pérou,_Z,N'est pas applicable,POP,Population,_T,Total,_T,Total,PS_KM2,Personnes par kilomètre carré,1998,,19.59,,PER,Pérou,A,Valeur normale,0,Units,2,Two
DATAFLOW,OECD.CFE.EDS:DSD_REG_DEMO@DF_DENSITY(2.0),Densité de population - Régions,I,A,Annuelle,CTRY,Pays,PER,Pérou,_Z,N'est pas applicable,POP,Population,_T,Total,_T,Total,PS_KM2,Personnes par kilomètre carré,1999,,19.91,,PER,Pérou,A,Valeur normale,0,Units,2,Two
DATAFLOW,OECD.CFE.EDS:DSD_REG_DEMO@DF_DENSITY(2.0),Densité de population - Régions,I,A,Annuelle,CTRY,Pays,PER,Pérou,_Z,N'est pas applicable,POP,Population,_T,Total,_T,Total,PS_KM2,Personnes par kilomètre carré,1992,,17.62,,PER,Pérou,A,Valeur normale,0,Units,2,Two
DATAFLOW,OECD.CFE.EDS:DSD_REG_DEMO@DF_DENSITY(2.0),Densité de population - Régions,I,A,Annuelle,CTRY,Pays,PER,Pérou,_Z,N'est pas applicable,POP,Population,_T,Total,_T,Total,PS_KM2,Personnes par kilomètre carré,1993,,17.95,,PER,Pérou,A,Valeur normale,0,Units,2,Two
DATAFLOW,OECD.CFE.EDS:DSD_REG_DEMO@DF_DENSITY(2.0),Densité de population - Régions,I,A,Annuelle,CTRY,Pays,PER,Pérou,_Z,N'est pas applicable,POP,Population,_T,Total,_T,Total,PS,Personnes,2023,,33725844,,PER,Pérou,A,Valeur normale,0,Units,0,Zero
DATAFLOW,OECD.CFE.EDS:DSD_REG_DEMO@DF_DENSITY(2.0),Densité de population - Régions,I,A,Annuelle,CTRY,Pays,PER,Pérou,_Z,N'est pas applicable,POP,Population,_T,Total,_T,Total,PS,Personnes,2010,,28692915,,PER,Pérou,A,Valeur normale,0,Units,0,Zero
DATAFLOW,OECD.CFE.EDS:DSD_REG_DEMO@DF_DENSITY(2.0),Densité de population - Régions,I,A,Annuelle,CTRY,Pays,PER,Pérou,_Z,N'est pas applicable,POP,Population,_T,Total,_T,Total,PS,Personnes,2011,,28905725,,PER,Pérou,A,Valeur normale,0,Units,0,Zero
DATAFLOW,OECD.CFE.EDS:DSD_REG_DEMO@DF_DENSITY(2.0),Densité de population - Régions,I,A,Annuelle,CTRY,Pays,PER,Pérou,_Z,N'est pas applicable,POP,Population,_T,Total,_T,Total,PS,Personnes,2015,,29964499,,PER,Pérou,A,Valeur normale,0,Units,0,Zero
DATAFLOW,OECD.CFE.EDS:DSD_REG_DEMO@DF_DENSITY(2.0),Densité de population - Régions,I,A,Annuelle,CTRY,Pays,PER,Pérou,_Z,N'est pas applicable,POP,Population,_T,Total,_T,Total,PS,Personnes,2016,,30422831,,PER,Pérou,A,Valeur normale,0,Units,0,Zero
DATAFLOW,OECD.CFE.EDS:DSD_REG_DEMO@DF_DENSITY(2.0),Densité de population - Régions,I,A,Annuelle,CTRY,Pays,PER,Pérou,_Z,N'est pas applicable,POP,Population,_T,Total,_T,Total,PS,Personnes,2017,,30973992,,PER,Pérou,A,Valeur normale,0,Units,0,Zero
DATAFLOW,OECD.CFE.EDS:DSD_REG_DEMO@DF_DENSITY(2.0),Densité de population - Régions,I,A,Annuelle,CTRY,Pays,PER,Pérou,_Z,N'est pas applicable,POP,Population,_T,Total,_T,Total,PS,Personnes,2005,,27722342,,PER,Pérou,A,Valeur normale,0,Units,0,Zero
DATAFLOW,OECD.CFE.EDS:DSD_REG_DEMO@DF_DENSITY(2.0),Densité de population - Régions,I,A,Annuelle,CTRY,Pays,PER,Pérou,_Z,N'est pas applicable,POP,Population,_T,Total,_T,Total,PS,Personnes,2018,,31562130,,PER,Pérou,A,Valeur normale,0,Units,0,Zero
DATAFLOW,OECD.CFE.EDS:DSD_REG_DEMO@DF_DENSITY(2.0),Densité de population - Régions,I,A,Annuelle,CTRY,Pays,PER,Pérou,_Z,N'est pas applicable,POP,Population,_T,Total,_T,Total,PS,Personnes,2021,,33035304,,PER,Pérou,A,Valeur normale,0,Units,0,Zero
DATAFLOW,OECD.CFE.EDS:DSD_REG_DEMO@DF_DENSITY(2.0),Densité de population - Régions,I,A,Annuelle,CTRY,Pays,PER,Pérou,_Z,N'est pas applicable,POP,Population,_T,Total,_T,Total,PS,Personnes,2022,,33396698,,PER,Pérou,A,Valeur normale,0,Units,0,Zero
DATAFLOW,OECD.CFE.EDS:DSD_REG_DEMO@DF_DENSITY(2.0),Densité de population - Régions,I,A,Annuelle,CTRY,Pays,PER,Pérou,_Z,N'est pas applicable,POP,Population,_T,Total,_T,Total,PS,Personnes,2020,,32625948,,PER,Pérou,A,Valeur normale,0,Units,0,Zero
DATAFLOW,OECD.CFE.EDS:DSD_REG_DEMO@DF_DENSITY(2.0),Densité de population - Régions,I,A,Annuelle,CTRY,Pays,PER,Pérou,_Z,N'est pas applicable,POP,Population,_T,Total,_T,Total,PS,Personnes,2009,,28485319,,PER,Pérou,A,Valeur normale,0,Units,0,Zero
DATAFLOW,OECD.CFE.EDS:DSD_REG_DEMO@DF_DENSITY(2.0),Densité de population - Régions,I,A,Annuelle,CTRY,Pays,PER,Pérou,_Z,N'est pas applicable,POP,Population,_T,Total,_T,Total,PS,Personnes,1999,,25588546,,PER,Pérou,A,Valeur normale,0,Units,0,Zero
DATAFLOW,OECD.CFE.EDS:DSD_REG_DEMO@DF_DENSITY(2.0),Densité de population - Régions,I,A,Annuelle,CTRY,Pays,PER,Pérou,_Z,N'est pas applicable,POP,Population,_T,Total,_T,Total,PS,Personnes,2000,,26390142,,PER,Pérou,A,Valeur normale,0,Units,0,Zero
DATAFLOW,OECD.CFE.EDS:DSD_REG_DEMO@DF_DENSITY(2.0),Densité de population - Régions,I,A,Annuelle,CTRY,Pays,PER,Pérou,_Z,N'est pas applicable,POP,Population,_T,Total,_T,Total,PS_KM2,Personnes par kilomètre carré,2020,,25.39,,PER,Pérou,A,Valeur normale,0,Units,2,Two
DATAFLOW,OECD.CFE.EDS:DSD_REG_DEMO@DF_DENSITY(2.0),Densité de population - Régions,I,A,Annuelle,CTRY,Pays,PER,Pérou,_Z,N'est pas applicable,POP,Population,_T,Total,_T,Total,PS_KM2,Personnes par kilomètre carré,2021,,25.7,,PER,Pérou,A,Valeur normale,0,Units,2,Two
DATAFLOW,OECD.CFE.EDS:DSD_REG_DEMO@DF_DENSITY(2.0),Densité de population - Régions,I,A,Annuelle,CTRY,Pays,PER,Pérou,_Z,N'est pas applicable,POP,Population,_T,Total,_T,Total,PS_KM2,Personnes par kilomètre carré,2023,,26.24,,PER,Pérou,A,Valeur normale,0,Units,2,Two
DATAFLOW,OECD.CFE.EDS:DSD_REG_DEMO@DF_DENSITY(2.0),Densité de population - Régions,I,A,Annuelle,CTRY,Pays,PER,Pérou,_Z,N'est pas applicable,POP,Population,_T,Total,_T,Total,PS_KM2,Personnes par kilomètre carré,2018,,24.56,,PER,Pérou,A,Valeur normale,0,Units,2,Two
DATAFLOW,OECD.CFE.EDS:DSD_REG_DEMO@DF_DENSITY(2.0),Densité de population - Régions,I,A,Annuelle,CTRY,Pays,PER,Pérou,_Z,N'est pas applicable,POP,Population,_T,Total,_T,Total,PS_KM2,Personnes par kilomètre carré,2019,,25,,PER,Pérou,A,Valeur normale,0,Units,2,Two
DATAFLOW,OECD.CFE.EDS:DSD_REG_DEMO@DF_DENSITY(2.0),Densité de population - Régions,I,A,Annuelle,CTRY,Pays,PER,Pérou,_Z,N'est pas applicable,POP,Population,_T,Total,_T,Total,PS_KM2,Personnes par kilomètre carré,2022,,25.99,,PER,Pérou,A,Valeur normale,0,Units,2,Two
DATAFLOW,OECD.CFE.EDS:DSD_REG_DEMO@DF_DENSITY(2.0),Densité de population - Régions,I,A,Annuelle,CTRY,Pays,PER,Pérou,_Z,N'est pas applicable,POP,Population,_T,Total,_T,Total,PS_KM2,Personnes par kilomètre carré,2012,,22.65,,PER,Pérou,A,Valeur normale,0,Units,2,Two
DATAFLOW,OECD.CFE.EDS:DSD_REG_DEMO@DF_DENSITY(2.0),Densité de population - Régions,I,A,Annuelle,CTRY,Pays,PER,Pérou,_Z,N'est pas applicable,POP,Population,_T,Total,_T,Total,PS_KM2,Personnes par kilomètre carré,2013,,22.83,,PER,Pérou,A,Valeur normale,0,Units,2,Two
DATAFLOW,OECD.CFE.EDS:DSD_REG_DEMO@DF_DENSITY(2.0),Densité de population - Régions,I,A,Annuelle,CTRY,Pays,PER,Pérou,_Z,N'est pas applicable,POP,Population,_T,Total,_T,Total,PS_KM2,Personnes par kilomètre carré,2016,,23.67,,PER,Pérou,A,Valeur normale,0,Units,2,Two
DATAFLOW,OECD.CFE.EDS:DSD_REG_DEMO@DF_DENSITY(2.0),Densité de population - Régions,I,A,Annuelle,CTRY,Pays,PER,Pérou,_Z,N'est pas applicable,POP,Population,_T,Total,_T,Total,PS_KM2,Personnes par kilomètre carré,2017,,24.1,,PER,Pérou,A,Valeur normale,0,Units,2,Two
DATAFLOW,OECD.CFE.EDS:DSD_REG_DEMO@DF_DENSITY(2.0),Densité de population - Régions,I,A,Annuelle,CTRY,Pays,PER,Pérou,_Z,N'est pas applicable,POP,Population,_T,Total,_T,Total,PS_KM2,Personnes par kilomètre carré,2010,,22.33,,PER,Pérou,A,Valeur normale,0,Units,2,Two
DATAFLOW,OECD.CFE.EDS:DSD_REG_DEMO@DF_DENSITY(2.0),Densité de population - Régions,I,A,Annuelle,CTRY,Pays,PER,Pérou,_Z,N'est pas applicable,POP,Population,_T,Total,_T,Total,PS_KM2,Personnes par kilomètre carré,2011,,22.49,,PER,Pérou,A,Valeur normale,0,Units,2,Two
DATAFLOW,OECD.CFE.EDS:DSD_REG_DEMO@DF_DENSITY(2.0),Densité de population - Régions,I,A,Annuelle,CTRY,Pays,PER,Pérou,_Z,N'est pas applicable,POP,Population,_T,Total,_T,Total,PS_KM2,Personnes par kilomètre carré,2014,,23.04,,PER,Pérou,A,Valeur normale,0,Units,2,Two
DATAFLOW,OECD.CFE.EDS:DSD_REG_DEMO@DF_DENSITY(2.0),Densité de population - Régions,I,A,Annuelle,CTRY,Pays,PER,Pérou,_Z,N'est pas applicable,POP,Population,_T,Total,_T,Total,PS_KM2,Personnes par kilomètre carré,2015,,23.31,,PER,Pérou,A,Valeur normale,0,Units,2,Two
DATAFLOW,OECD.CFE.EDS:DSD_REG_DEMO@DF_DENSITY(2.0),Densité de population - Régions,I,A,Annuelle,CTRY,Pays,ROU,Roumanie,_Z,N'est pas applicable,POP,Population,_T,Total,_T,Total,PS_KM2,Personnes par kilomètre carré,2005,,91.27,,ROU,Roumanie,A,Valeur normale,0,Units,2,Two
DATAFLOW,OECD.CFE.EDS:DSD_REG_DEMO@DF_DENSITY(2.0),Densité de population - Régions,I,A,Annuelle,CTRY,Pays,ROU,Roumanie,_Z,N'est pas applicable,POP,Population,_T,Total,_T,Total,PS_KM2,Personnes par kilomètre carré,2006,,90.74,,ROU,Roumanie,A,Valeur normale,0,Units,2,Two
DATAFLOW,OECD.CFE.EDS:DSD_REG_DEMO@DF_DENSITY(2.0),Densité de population - Régions,I,A,Annuelle,CTRY,Pays,ROU,Roumanie,_Z,N'est pas applicable,POP,Population,_T,Total,_T,Total,PS,Personnes,1996,,22656145,,ROU,Roumanie,A,Valeur normale,0,Units,0,Zero
DATAFLOW,OECD.CFE.EDS:DSD_REG_DEMO@DF_DENSITY(2.0),Densité de population - Régions,I,A,Annuelle,CTRY,Pays,ROU,Roumanie,_Z,N'est pas applicable,POP,Population,_T,Total,_T,Total,PS,Personnes,1997,,22581862,,ROU,Roumanie,A,Valeur normale,0,Units,0,Zero
DATAFLOW,OECD.CFE.EDS:DSD_REG_DEMO@DF_DENSITY(2.0),Densité de population - Régions,I,A,Annuelle,CTRY,Pays,ROU,Roumanie,_Z,N'est pas applicable,POP,Population,_T,Total,_T,Total,PS,Personnes,1998,,22526093,,ROU,Roumanie,A,Valeur normale,0,Units,0,Zero
DATAFLOW,OECD.CFE.EDS:DSD_REG_DEMO@DF_DENSITY(2.0),Densité de population - Régions,I,A,Annuelle,CTRY,Pays,ROU,Roumanie,_Z,N'est pas applicable,POP,Population,_T,Total,_T,Total,PS,Personnes,1993,,22778533,,ROU,Roumanie,A,Valeur normale,0,Units,0,Zero
DATAFLOW,OECD.CFE.EDS:DSD_REG_DEMO@DF_DENSITY(2.0),Densité de population - Régions,I,A,Annuelle,CTRY,Pays,ROU,Roumanie,_Z,N'est pas applicable,POP,Population,_T,Total,_T,Total,PS,Personnes,1991,,23192274,,ROU,Roumanie,A,Valeur normale,0,Units,0,Zero
DATAFLOW,OECD.CFE.EDS:DSD_REG_DEMO@DF_DENSITY(2.0),Densité de population - Régions,I,A,Annuelle,CTRY,Pays,ROU,Roumanie,_Z,N'est pas applicable,POP,Population,_T,Total,_T,Total,PS,Personnes,1990,,23211395,,ROU,Roumanie,A,Valeur normale,0,Units,0,Zero
DATAFLOW,OECD.CFE.EDS:DSD_REG_DEMO@DF_DENSITY(2.0),Densité de population - Régions,I,A,Annuelle,CTRY,Pays,ROU,Roumanie,_Z,N'est pas applicable,POP,Population,_T,Total,_T,Total,PS,Personnes,2004,,21521142,,ROU,Roumanie,A,Valeur normale,0,Units,0,Zero
DATAFLOW,OECD.CFE.EDS:DSD_REG_DEMO@DF_DENSITY(2.0),Densité de population - Régions,I,A,Annuelle,CTRY,Pays,ROU,Roumanie,_Z,N'est pas applicable,POP,Population,_T,Total,_T,Total,PS,Personnes,1994,,22748027,,ROU,Roumanie,A,Valeur normale,0,Units,0,Zero
DATAFLOW,OECD.CFE.EDS:DSD_REG_DEMO@DF_DENSITY(2.0),Densité de population - Régions,I,A,Annuelle,CTRY,Pays,ROU,Roumanie,_Z,N'est pas applicable,POP,Population,_T,Total,_T,Total,PS,Personnes,1995,,22712394,,ROU,Roumanie,A,Valeur normale,0,Units,0,Zero
DATAFLOW,OECD.CFE.EDS:DSD_REG_DEMO@DF_DENSITY(2.0),Densité de population - Régions,I,A,Annuelle,CTRY,Pays,ROU,Roumanie,_Z,N'est pas applicable,POP,Population,_T,Total,_T,Total,PS,Personnes,2018,,19533481,,ROU,Roumanie,A,Valeur normale,0,Units,0,Zero
DATAFLOW,OECD.CFE.EDS:DSD_REG_DEMO@DF_DENSITY(2.0),Densité de population - Régions,I,A,Annuelle,CTRY,Pays,ROU,Roumanie,_Z,N'est pas applicable,POP,Population,_T,Total,_T,Total,PS,Personnes,2019,,19414458,,ROU,Roumanie,A,Valeur normale,0,Units,0,Zero
DATAFLOW,OECD.CFE.EDS:DSD_REG_DEMO@DF_DENSITY(2.0),Densité de population - Régions,I,A,Annuelle,CTRY,Pays,ROU,Roumanie,_Z,N'est pas applicable,POP,Population,_T,Total,_T,Total,PS,Personnes,1999,,22488595,,ROU,Roumanie,A,Valeur normale,0,Units,0,Zero
DATAFLOW,OECD.CFE.EDS:DSD_REG_DEMO@DF_DENSITY(2.0),Densité de population - Régions,I,A,Annuelle,CTRY,Pays,ROU,Roumanie,_Z,N'est pas applicable,POP,Population,_T,Total,_T,Total,PS,Personnes,2013,,20020074,,ROU,Roumanie,A,Valeur normale,0,Units,0,Zero
DATAFLOW,OECD.CFE.EDS:DSD_REG_DEMO@DF_DENSITY(2.0),Densité de population - Régions,I,A,Annuelle,CTRY,Pays,ROU,Roumanie,_Z,N'est pas applicable,POP,Population,_T,Total,_T,Total,PS,Personnes,2006,,21257016,,ROU,Roumanie,A,Valeur normale,0,Units,0,Zero
DATAFLOW,OECD.CFE.EDS:DSD_REG_DEMO@DF_DENSITY(2.0),Densité de population - Régions,I,A,Annuelle,CTRY,Pays,ROU,Roumanie,_Z,N'est pas applicable,POP,Population,_T,Total,_T,Total,PS,Personnes,2007,,21130503,,ROU,Roumanie,A,Valeur normale,0,Units,0,Zero
DATAFLOW,OECD.CFE.EDS:DSD_REG_DEMO@DF_DENSITY(2.0),Densité de population - Régions,I,A,Annuelle,CTRY,Pays,ROU,Roumanie,_Z,N'est pas applicable,POP,Population,_T,Total,_T,Total,PS,Personnes,2008,,20635460,,ROU,Roumanie,A,Valeur normale,0,Units,0,Zero
DATAFLOW,OECD.CFE.EDS:DSD_REG_DEMO@DF_DENSITY(2.0),Densité de population - Régions,I,A,Annuelle,CTRY,Pays,ROU,Roumanie,_Z,N'est pas applicable,POP,Population,_T,Total,_T,Total,PS,Personnes,1992,,22810035,,ROU,Roumanie,A,Valeur normale,0,Units,0,Zero
DATAFLOW,OECD.CFE.EDS:DSD_REG_DEMO@DF_DENSITY(2.0),Densité de population - Régions,I,A,Annuelle,CTRY,Pays,ROU,Roumanie,_Z,N'est pas applicable,POP,Population,_T,Total,_T,Total,PS,Personnes,2001,,22430457,,ROU,Roumanie,A,Valeur normale,0,Units,0,Zero
DATAFLOW,OECD.CFE.EDS:DSD_REG_DEMO@DF_DENSITY(2.0),Densité de population - Régions,I,A,Annuelle,CTRY,Pays,ROU,Roumanie,_Z,N'est pas applicable,POP,Population,_T,Total,_T,Total,PS,Personnes,2002,,21833483,,ROU,Roumanie,A,Valeur normale,0,Units,0,Zero
DATAFLOW,OECD.CFE.EDS:DSD_REG_DEMO@DF_DENSITY(2.0),Densité de population - Régions,I,A,Annuelle,CTRY,Pays,ROU,Roumanie,_Z,N'est pas applicable,POP,Population,_T,Total,_T,Total,PS,Personnes,2003,,21627509,,ROU,Roumanie,A,Valeur normale,0,Units,0,Zero
DATAFLOW,OECD.CFE.EDS:DSD_REG_DEMO@DF_DENSITY(2.0),Densité de population - Régions,I,A,Annuelle,CTRY,Pays,ROU,Roumanie,_Z,N'est pas applicable,POP,Population,_T,Total,_T,Total,PS_KM2,Personnes par kilomètre carré,2007,,90.2,,ROU,Roumanie,A,Valeur normale,0,Units,2,Two
DATAFLOW,OECD.CFE.EDS:DSD_REG_DEMO@DF_DENSITY(2.0),Densité de population - Régions,I,A,Annuelle,CTRY,Pays,ROU,Roumanie,_Z,N'est pas applicable,POP,Population,_T,Total,_T,Total,PS_KM2,Personnes par kilomètre carré,2009,,87.25,,ROU,Roumanie,A,Valeur normale,0,Units,2,Two
DATAFLOW,OECD.CFE.EDS:DSD_REG_DEMO@DF_DENSITY(2.0),Densité de population - Régions,I,A,Annuelle,CTRY,Pays,ROU,Roumanie,_Z,N'est pas applicable,POP,Population,_T,Total,_T,Total,PS_KM2,Personnes par kilomètre carré,2001,,95.75,,ROU,Roumanie,A,Valeur normale,0,Units,2,Two
DATAFLOW,OECD.CFE.EDS:DSD_REG_DEMO@DF_DENSITY(2.0),Densité de population - Régions,I,A,Annuelle,CTRY,Pays,ROU,Roumanie,_Z,N'est pas applicable,POP,Population,_T,Total,_T,Total,PS_KM2,Personnes par kilomètre carré,2002,,93.2,,ROU,Roumanie,A,Valeur normale,0,Units,2,Two
DATAFLOW,OECD.CFE.EDS:DSD_REG_DEMO@DF_DENSITY(2.0),Densité de population - Régions,I,A,Annuelle,CTRY,Pays,ROU,Roumanie,_Z,N'est pas applicable,POP,Population,_T,Total,_T,Total,PS_KM2,Personnes par kilomètre carré,2003,,92.32,,ROU,Roumanie,A,Valeur normale,0,Units,2,Two
DATAFLOW,OECD.CFE.EDS:DSD_REG_DEMO@DF_DENSITY(2.0),Densité de population - Régions,I,A,Annuelle,CTRY,Pays,ROU,Roumanie,_Z,N'est pas applicable,POP,Population,_T,Total,_T,Total,PS_KM2,Personnes par kilomètre carré,1996,,96.71,,ROU,Roumanie,A,Valeur normale,0,Units,2,Two
DATAFLOW,OECD.CFE.EDS:DSD_REG_DEMO@DF_DENSITY(2.0),Densité de population - Régions,I,A,Annuelle,CTRY,Pays,ROU,Roumanie,_Z,N'est pas applicable,POP,Population,_T,Total,_T,Total,PS_KM2,Personnes par kilomètre carré,2000,,95.85,,ROU,Roumanie,A,Valeur normale,0,Units,2,Two
DATAFLOW,OECD.CFE.EDS:DSD_REG_DEMO@DF_DENSITY(2.0),Densité de population - Régions,I,A,Annuelle,CTRY,Pays,ROU,Roumanie,_Z,N'est pas applicable,POP,Population,_T,Total,_T,Total,PS_KM2,Personnes par kilomètre carré,1991,,99,,ROU,Roumanie,A,Valeur normale,0,Units,2,Two
DATAFLOW,OECD.CFE.EDS:DSD_REG_DEMO@DF_DENSITY(2.0),Densité de population - Régions,I,A,Annuelle,CTRY,Pays,ROU,Roumanie,_Z,N'est pas applicable,POP,Population,_T,Total,_T,Total,PS_KM2,Personnes par kilomètre carré,2004,,91.86,,ROU,Roumanie,A,Valeur normale,0,Units,2,Two
DATAFLOW,OECD.CFE.EDS:DSD_REG_DEMO@DF_DENSITY(2.0),Densité de population - Régions,I,A,Annuelle,CTRY,Pays,ROU,Roumanie,_Z,N'est pas applicable,POP,Population,_T,Total,_T,Total,PS_KM2,Personnes par kilomètre carré,1995,,96.95,,ROU,Roumanie,A,Valeur normale,0,Units,2,Two
DATAFLOW,OECD.CFE.EDS:DSD_REG_DEMO@DF_DENSITY(2.0),Densité de population - Régions,I,A,Annuelle,CTRY,Pays,ROU,Roumanie,_Z,N'est pas applicable,POP,Population,_T,Total,_T,Total,PS_KM2,Personnes par kilomètre carré,1993,,97.23,,ROU,Roumanie,A,Valeur normale,0,Units,2,Two
DATAFLOW,OECD.CFE.EDS:DSD_REG_DEMO@DF_DENSITY(2.0),Densité de population - Régions,I,A,Annuelle,CTRY,Pays,ROU,Roumanie,_Z,N'est pas applicable,POP,Population,_T,Total,_T,Total,PS_KM2,Personnes par kilomètre carré,1994,,97.1,,ROU,Roumanie,A,Valeur normale,0,Units,2,Two
DATAFLOW,OECD.CFE.EDS:DSD_REG_DEMO@DF_DENSITY(2.0),Densité de population - Régions,I,A,Annuelle,CTRY,Pays,ROU,Roumanie,_Z,N'est pas applicable,POP,Population,_T,Total,_T,Total,PS_KM2,Personnes par kilomètre carré,1997,,96.39,,ROU,Roumanie,A,Valeur normale,0,Units,2,Two
DATAFLOW,OECD.CFE.EDS:DSD_REG_DEMO@DF_DENSITY(2.0),Densité de population - Régions,I,A,Annuelle,CTRY,Pays,ROU,Roumanie,_Z,N'est pas applicable,POP,Population,_T,Total,_T,Total,PS_KM2,Personnes par kilomètre carré,1999,,95.99,,ROU,Roumanie,A,Valeur normale,0,Units,2,Two
DATAFLOW,OECD.CFE.EDS:DSD_REG_DEMO@DF_DENSITY(2.0),Densité de population - Régions,I,A,Annuelle,CTRY,Pays,ROU,Roumanie,_Z,N'est pas applicable,POP,Population,_T,Total,_T,Total,PS_KM2,Personnes par kilomètre carré,1990,,99.08,,ROU,Roumanie,A,Valeur normale,0,Units,2,Two
DATAFLOW,OECD.CFE.EDS:DSD_REG_DEMO@DF_DENSITY(2.0),Densité de population - Régions,I,A,Annuelle,CTRY,Pays,ROU,Roumanie,_Z,N'est pas applicable,POP,Population,_T,Total,_T,Total,PS_KM2,Personnes par kilomètre carré,1998,,96.15,,ROU,Roumanie,A,Valeur normale,0,Units,2,Two
DATAFLOW,OECD.CFE.EDS:DSD_REG_DEMO@DF_DENSITY(2.0),Densité de population - Régions,I,A,Annuelle,CTRY,Pays,ROU,Roumanie,_Z,N'est pas applicable,POP,Population,_T,Total,_T,Total,PS_KM2,Personnes par kilomètre carré,1992,,97.37,,ROU,Roumanie,A,Valeur normale,0,Units,2,Two
DATAFLOW,OECD.CFE.EDS:DSD_REG_DEMO@DF_DENSITY(2.0),Densité de population - Régions,I,A,Annuelle,CTRY,Pays,ROU,Roumanie,_Z,N'est pas applicable,POP,Population,_T,Total,_T,Total,PS,Personnes,2012,,20095996,,ROU,Roumanie,B,Rupture de série,0,Units,0,Zero
DATAFLOW,OECD.CFE.EDS:DSD_REG_DEMO@DF_DENSITY(2.0),Densité de population - Régions,I,A,Annuelle,CTRY,Pays,ROU,Roumanie,_Z,N'est pas applicable,POP,Population,_T,Total,_T,Total,PS,Personnes,2020,,19328838,,ROU,Roumanie,E,Valeur estimée,0,Units,0,Zero
DATAFLOW,OECD.CFE.EDS:DSD_REG_DEMO@DF_DENSITY(2.0),Densité de population - Régions,I,A,Annuelle,CTRY,Pays,ROU,Roumanie,_Z,N'est pas applicable,POP,Population,_T,Total,_T,Total,PS,Personnes,2022,,19042455,,ROU,Roumanie,E,Valeur estimée,0,Units,0,Zero
DATAFLOW,OECD.CFE.EDS:DSD_REG_DEMO@DF_DENSITY(2.0),Densité de population - Régions,I,A,Annuelle,CTRY,Pays,ROU,Roumanie,_Z,N'est pas applicable,POP,Population,_T,Total,_T,Total,PS,Personnes,2023,,19054548,,ROU,Roumanie,E,Valeur estimée,0,Units,0,Zero
DATAFLOW,OECD.CFE.EDS:DSD_REG_DEMO@DF_DENSITY(2.0),Densité de population - Régions,I,A,Annuelle,CTRY,Pays,ROU,Roumanie,_Z,N'est pas applicable,POP,Population,_T,Total,_T,Total,PS,Personnes,2010,,20294683,,ROU,Roumanie,A,Valeur normale,0,Units,0,Zero
DATAFLOW,OECD.CFE.EDS:DSD_REG_DEMO@DF_DENSITY(2.0),Densité de population - Régions,I,A,Annuelle,CTRY,Pays,ROU,Roumanie,_Z,N'est pas applicable,POP,Population,_T,Total,_T,Total,PS,Personnes,2011,,20199059,,ROU,Roumanie,A,Valeur normale,0,Units,0,Zero
DATAFLOW,OECD.CFE.EDS:DSD_REG_DEMO@DF_DENSITY(2.0),Densité de population - Régions,I,A,Annuelle,CTRY,Pays,ROU,Roumanie,_Z,N'est pas applicable,POP,Population,_T,Total,_T,Total,PS,Personnes,2015,,19870647,,ROU,Roumanie,A,Valeur normale,0,Units,0,Zero
DATAFLOW,OECD.CFE.EDS:DSD_REG_DEMO@DF_DENSITY(2.0),Densité de population - Régions,I,A,Annuelle,CTRY,Pays,ROU,Roumanie,_Z,N'est pas applicable,POP,Population,_T,Total,_T,Total,PS,Personnes,2016,,19760585,,ROU,Roumanie,A,Valeur normale,0,Units,0,Zero
DATAFLOW,OECD.CFE.EDS:DSD_REG_DEMO@DF_DENSITY(2.0),Densité de population - Régions,I,A,Annuelle,CTRY,Pays,ROU,Roumanie,_Z,N'est pas applicable,POP,Population,_T,Total,_T,Total,PS,Personnes,2017,,19643949,,ROU,Roumanie,A,Valeur normale,0,Units,0,Zero
DATAFLOW,OECD.CFE.EDS:DSD_REG_DEMO@DF_DENSITY(2.0),Densité de population - Régions,I,A,Annuelle,CTRY,Pays,ROU,Roumanie,_Z,N'est pas applicable,POP,Population,_T,Total,_T,Total,PS,Personnes,2005,,21382354,,ROU,Roumanie,A,Valeur normale,0,Units,0,Zero
DATAFLOW,OECD.CFE.EDS:DSD_REG_DEMO@DF_DENSITY(2.0),Densité de population - Régions,I,A,Annuelle,CTRY,Pays,ROU,Roumanie,_Z,N'est pas applicable,POP,Population,_T,Total,_T,Total,PS,Personnes,2021,,19201662,,ROU,Roumanie,A,Valeur normale,0,Units,0,Zero
DATAFLOW,OECD.CFE.EDS:DSD_REG_DEMO@DF_DENSITY(2.0),Densité de population - Régions,I,A,Annuelle,CTRY,Pays,ROU,Roumanie,_Z,N'est pas applicable,POP,Population,_T,Total,_T,Total,PS,Personnes,2009,,20440290,,ROU,Roumanie,A,Valeur normale,0,Units,0,Zero
DATAFLOW,OECD.CFE.EDS:DSD_REG_DEMO@DF_DENSITY(2.0),Densité de population - Régions,I,A,Annuelle,CTRY,Pays,ROU,Roumanie,_Z,N'est pas applicable,POP,Population,_T,Total,_T,Total,PS,Personnes,2000,,22455485,,ROU,Roumanie,A,Valeur normale,0,Units,0,Zero
DATAFLOW,OECD.CFE.EDS:DSD_REG_DEMO@DF_DENSITY(2.0),Densité de population - Régions,I,A,Annuelle,CTRY,Pays,ROU,Roumanie,_Z,N'est pas applicable,POP,Population,_T,Total,_T,Total,PS,Personnes,2014,,19947311,,ROU,Roumanie,A,Valeur normale,0,Units,0,Zero
DATAFLOW,OECD.CFE.EDS:DSD_REG_DEMO@DF_DENSITY(2.0),Densité de population - Régions,I,A,Annuelle,CTRY,Pays,ROU,Roumanie,_Z,N'est pas applicable,POP,Population,_T,Total,_T,Total,PS_KM2,Personnes par kilomètre carré,2014,,85.15,,ROU,Roumanie,A,Valeur normale,0,Units,2,Two
DATAFLOW,OECD.CFE.EDS:DSD_REG_DEMO@DF_DENSITY(2.0),Densité de population - Régions,I,A,Annuelle,CTRY,Pays,ROU,Roumanie,_Z,N'est pas applicable,POP,Population,_T,Total,_T,Total,PS_KM2,Personnes par kilomètre carré,2012,,85.78,,ROU,Roumanie,B,Rupture de série,0,Units,2,Two
DATAFLOW,OECD.CFE.EDS:DSD_REG_DEMO@DF_DENSITY(2.0),Densité de population - Régions,I,A,Annuelle,CTRY,Pays,ROU,Roumanie,_Z,N'est pas applicable,POP,Population,_T,Total,_T,Total,PS_KM2,Personnes par kilomètre carré,2019,,82.87,,ROU,Roumanie,A,Valeur normale,0,Units,2,Two
DATAFLOW,OECD.CFE.EDS:DSD_REG_DEMO@DF_DENSITY(2.0),Densité de population - Régions,I,A,Annuelle,CTRY,Pays,ROU,Roumanie,_Z,N'est pas applicable,POP,Population,_T,Total,_T,Total,PS_KM2,Personnes par kilomètre carré,2020,,82.51,,ROU,Roumanie,E,Valeur estimée,0,Units,2,Two
DATAFLOW,OECD.CFE.EDS:DSD_REG_DEMO@DF_DENSITY(2.0),Densité de population - Régions,I,A,Annuelle,CTRY,Pays,ROU,Roumanie,_Z,N'est pas applicable,POP,Population,_T,Total,_T,Total,PS_KM2,Personnes par kilomètre carré,2022,,81.28,,ROU,Roumanie,E,Valeur estimée,0,Units,2,Two
DATAFLOW,OECD.CFE.EDS:DSD_REG_DEMO@DF_DENSITY(2.0),Densité de population - Régions,I,A,Annuelle,CTRY,Pays,ROU,Roumanie,_Z,N'est pas applicable,POP,Population,_T,Total,_T,Total,PS_KM2,Personnes par kilomètre carré,2023,,81.34,,ROU,Roumanie,E,Valeur estimée,0,Units,2,Two
DATAFLOW,OECD.CFE.EDS:DSD_REG_DEMO@DF_DENSITY(2.0),Densité de population - Régions,I,A,Annuelle,CTRY,Pays,ROU,Roumanie,_Z,N'est pas applicable,POP,Population,_T,Total,_T,Total,PS_KM2,Personnes par kilomètre carré,2021,,81.96,,ROU,Roumanie,A,Valeur normale,0,Units,2,Two
DATAFLOW,OECD.CFE.EDS:DSD_REG_DEMO@DF_DENSITY(2.0),Densité de population - Régions,I,A,Annuelle,CTRY,Pays,ROU,Roumanie,_Z,N'est pas applicable,POP,Population,_T,Total,_T,Total,PS_KM2,Personnes par kilomètre carré,2013,,85.46,,ROU,Roumanie,A,Valeur normale,0,Units,2,Two
DATAFLOW,OECD.CFE.EDS:DSD_REG_DEMO@DF_DENSITY(2.0),Densité de population - Régions,I,A,Annuelle,CTRY,Pays,ROU,Roumanie,_Z,N'est pas applicable,POP,Population,_T,Total,_T,Total,PS_KM2,Personnes par kilomètre carré,2015,,84.82,,ROU,Roumanie,A,Valeur normale,0,Units,2,Two
DATAFLOW,OECD.CFE.EDS:DSD_REG_DEMO@DF_DENSITY(2.0),Densité de population - Régions,I,A,Annuelle,CTRY,Pays,ROU,Roumanie,_Z,N'est pas applicable,POP,Population,_T,Total,_T,Total,PS_KM2,Personnes par kilomètre carré,2016,,84.35,,ROU,Roumanie,A,Valeur normale,0,Units,2,Two
DATAFLOW,OECD.CFE.EDS:DSD_REG_DEMO@DF_DENSITY(2.0),Densité de population - Régions,I,A,Annuelle,CTRY,Pays,ROU,Roumanie,_Z,N'est pas applicable,POP,Population,_T,Total,_T,Total,PS_KM2,Personnes par kilomètre carré,2017,,83.85,,ROU,Roumanie,A,Valeur normale,0,Units,2,Two
DATAFLOW,OECD.CFE.EDS:DSD_REG_DEMO@DF_DENSITY(2.0),Densité de population - Régions,I,A,Annuelle,CTRY,Pays,ROU,Roumanie,_Z,N'est pas applicable,POP,Population,_T,Total,_T,Total,PS_KM2,Personnes par kilomètre carré,2018,,83.38,,ROU,Roumanie,A,Valeur normale,0,Units,2,Two
DATAFLOW,OECD.CFE.EDS:DSD_REG_DEMO@DF_DENSITY(2.0),Densité de population - Régions,I,A,Annuelle,CTRY,Pays,ROU,Roumanie,_Z,N'est pas applicable,POP,Population,_T,Total,_T,Total,PS_KM2,Personnes par kilomètre carré,2008,,88.08,,ROU,Roumanie,A,Valeur normale,0,Units,2,Two
DATAFLOW,OECD.CFE.EDS:DSD_REG_DEMO@DF_DENSITY(2.0),Densité de population - Régions,I,A,Annuelle,CTRY,Pays,ROU,Roumanie,_Z,N'est pas applicable,POP,Population,_T,Total,_T,Total,PS_KM2,Personnes par kilomètre carré,2010,,86.63,,ROU,Roumanie,A,Valeur normale,0,Units,2,Two
DATAFLOW,OECD.CFE.EDS:DSD_REG_DEMO@DF_DENSITY(2.0),Densité de population - Régions,I,A,Annuelle,CTRY,Pays,RUS,Russie,_Z,N'est pas applicable,POP,Population,_T,Total,_T,Total,PS_KM2,Personnes par kilomètre carré,2011,,7.8,,RUS,Russie,A,Valeur normale,0,Units,2,Two
DATAFLOW,OECD.CFE.EDS:DSD_REG_DEMO@DF_DENSITY(2.0),Densité de population - Régions,I,A,Annuelle,CTRY,Pays,RUS,Russie,_Z,N'est pas applicable,POP,Population,_T,Total,_T,Total,PS_KM2,Personnes par kilomètre carré,2014,,7.85,,RUS,Russie,A,Valeur normale,0,Units,2,Two
DATAFLOW,OECD.CFE.EDS:DSD_REG_DEMO@DF_DENSITY(2.0),Densité de population - Régions,I,A,Annuelle,CTRY,Pays,RUS,Russie,_Z,N'est pas applicable,POP,Population,_T,Total,_T,Total,PS,Personnes,2003,,146951678,,RUS,Russie,A,Valeur normale,0,Units,0,Zero
DATAFLOW,OECD.CFE.EDS:DSD_REG_DEMO@DF_DENSITY(2.0),Densité de population - Régions,I,A,Annuelle,CTRY,Pays,RUS,Russie,_Z,N'est pas applicable,POP,Population,_T,Total,_T,Total,PS,Personnes,1996,,150125340,,RUS,Russie,A,Valeur normale,0,Units,0,Zero
DATAFLOW,OECD.CFE.EDS:DSD_REG_DEMO@DF_DENSITY(2.0),Densité de population - Régions,I,A,Annuelle,CTRY,Pays,RUS,Russie,_Z,N'est pas applicable,POP,Population,_T,Total,_T,Total,PS,Personnes,1997,,149879836,,RUS,Russie,A,Valeur normale,0,Units,0,Zero
DATAFLOW,OECD.CFE.EDS:DSD_REG_DEMO@DF_DENSITY(2.0),Densité de population - Régions,I,A,Annuelle,CTRY,Pays,RUS,Russie,_Z,N'est pas applicable,POP,Population,_T,Total,_T,Total,PS,Personnes,1998,,149684798,,RUS,Russie,A,Valeur normale,0,Units,0,Zero
DATAFLOW,OECD.CFE.EDS:DSD_REG_DEMO@DF_DENSITY(2.0),Densité de population - Régions,I,A,Annuelle,CTRY,Pays,RUS,Russie,_Z,N'est pas applicable,POP,Population,_T,Total,_T,Total,PS,Personnes,1993,,150341470,,RUS,Russie,A,Valeur normale,0,Units,0,Zero
DATAFLOW,OECD.CFE.EDS:DSD_REG_DEMO@DF_DENSITY(2.0),Densité de population - Régions,I,A,Annuelle,CTRY,Pays,RUS,Russie,_Z,N'est pas applicable,POP,Population,_T,Total,_T,Total,PS,Personnes,1991,,150094129,,RUS,Russie,A,Valeur normale,0,Units,0,Zero
DATAFLOW,OECD.CFE.EDS:DSD_REG_DEMO@DF_DENSITY(2.0),Densité de population - Régions,I,A,Annuelle,CTRY,Pays,RUS,Russie,_Z,N'est pas applicable,POP,Population,_T,Total,_T,Total,PS,Personnes,2014,,145846875,,RUS,Russie,A,Valeur normale,0,Units,0,Zero
DATAFLOW,OECD.CFE.EDS:DSD_REG_DEMO@DF_DENSITY(2.0),Densité de population - Régions,I,A,Annuelle,CTRY,Pays,RUS,Russie,_Z,N'est pas applicable,POP,Population,_T,Total,_T,Total,PS,Personnes,2004,,146339854,,RUS,Russie,A,Valeur normale,0,Units,0,Zero
DATAFLOW,OECD.CFE.EDS:DSD_REG_DEMO@DF_DENSITY(2.0),Densité de population - Régions,I,A,Annuelle,CTRY,Pays,RUS,Russie,_Z,N'est pas applicable,POP,Population,_T,Total,_T,Total,PS,Personnes,2019,,146674793,,RUS,Russie,A,Valeur normale,0,Units,0,Zero
DATAFLOW,OECD.CFE.EDS:DSD_REG_DEMO@DF_DENSITY(2.0),Densité de population - Régions,I,A,Annuelle,CTRY,Pays,RUS,Russie,_Z,N'est pas applicable,POP,Population,_T,Total,_T,Total,PS,Personnes,1992,,150313553,,RUS,Russie,A,Valeur normale,0,Units,0,Zero
DATAFLOW,OECD.CFE.EDS:DSD_REG_DEMO@DF_DENSITY(2.0),Densité de population - Régions,I,A,Annuelle,CTRY,Pays,RUS,Russie,_Z,N'est pas applicable,POP,Population,_T,Total,_T,Total,PS,Personnes,2012,,145196616,,RUS,Russie,A,Valeur normale,0,Units,0,Zero
DATAFLOW,OECD.CFE.EDS:DSD_REG_DEMO@DF_DENSITY(2.0),Densité de population - Régions,I,A,Annuelle,CTRY,Pays,RUS,Russie,_Z,N'est pas applicable,POP,Population,_T,Total,_T,Total,PS,Personnes,2013,,145515523,,RUS,Russie,A,Valeur normale,0,Units,0,Zero
DATAFLOW,OECD.CFE.EDS:DSD_REG_DEMO@DF_DENSITY(2.0),Densité de population - Régions,I,A,Annuelle,CTRY,Pays,RUS,Russie,_Z,N'est pas applicable,POP,Population,_T,Total,_T,Total,PS,Personnes,1994,,150149321,,RUS,Russie,A,Valeur normale,0,Units,0,Zero
DATAFLOW,OECD.CFE.EDS:DSD_REG_DEMO@DF_DENSITY(2.0),Densité de population - Régions,I,A,Annuelle,CTRY,Pays,RUS,Russie,_Z,N'est pas applicable,POP,Population,_T,Total,_T,Total,PS,Personnes,1995,,150275481,,RUS,Russie,A,Valeur normale,0,Units,0,Zero
DATAFLOW,OECD.CFE.EDS:DSD_REG_DEMO@DF_DENSITY(2.0),Densité de population - Régions,I,A,Annuelle,CTRY,Pays,RUS,Russie,_Z,N'est pas applicable,POP,Population,_T,Total,_T,Total,PS,Personnes,2006,,145263673,,RUS,Russie,A,Valeur normale,0,Units,0,Zero
DATAFLOW,OECD.CFE.EDS:DSD_REG_DEMO@DF_DENSITY(2.0),Densité de population - Régions,I,A,Annuelle,CTRY,Pays,RUS,Russie,_Z,N'est pas applicable,POP,Population,_T,Total,_T,Total,PS,Personnes,2007,,144901355,,RUS,Russie,A,Valeur normale,0,Units,0,Zero
DATAFLOW,OECD.CFE.EDS:DSD_REG_DEMO@DF_DENSITY(2.0),Densité de population - Régions,I,A,Annuelle,CTRY,Pays,RUS,Russie,_Z,N'est pas applicable,POP,Population,_T,Total,_T,Total,PS,Personnes,2008,,144804687,,RUS,Russie,A,Valeur normale,0,Units,0,Zero
DATAFLOW,OECD.CFE.EDS:DSD_REG_DEMO@DF_DENSITY(2.0),Densité de population - Régions,I,A,Annuelle,CTRY,Pays,RUS,Russie,_Z,N'est pas applicable,POP,Population,_T,Total,_T,Total,PS,Personnes,1990,,149473265,,RUS,Russie,A,Valeur normale,0,Units,0,Zero
DATAFLOW,OECD.CFE.EDS:DSD_REG_DEMO@DF_DENSITY(2.0),Densité de population - Régions,I,A,Annuelle,CTRY,Pays,RUS,Russie,_Z,N'est pas applicable,POP,Population,_T,Total,_T,Total,PS,Personnes,2001,,148226262,,RUS,Russie,A,Valeur normale,0,Units,0,Zero
DATAFLOW,OECD.CFE.EDS:DSD_REG_DEMO@DF_DENSITY(2.0),Densité de population - Régions,I,A,Annuelle,CTRY,Pays,RUS,Russie,_Z,N'est pas applicable,POP,Population,_T,Total,_T,Total,PS,Personnes,2002,,147605218,,RUS,Russie,A,Valeur normale,0,Units,0,Zero
DATAFLOW,OECD.CFE.EDS:DSD_REG_DEMO@DF_DENSITY(2.0),Densité de population - Régions,I,A,Annuelle,CTRY,Pays,RUS,Russie,_Z,N'est pas applicable,POP,Population,_T,Total,_T,Total,PS_KM2,Personnes par kilomètre carré,2006,,7.82,,RUS,Russie,A,Valeur normale,0,Units,2,Two
DATAFLOW,OECD.CFE.EDS:DSD_REG_DEMO@DF_DENSITY(2.0),Densité de population - Régions,I,A,Annuelle,CTRY,Pays,RUS,Russie,_Z,N'est pas applicable,POP,Population,_T,Total,_T,Total,PS_KM2,Personnes par kilomètre carré,2007,,7.8,,RUS,Russie,A,Valeur normale,0,Units,2,Two
DATAFLOW,OECD.CFE.EDS:DSD_REG_DEMO@DF_DENSITY(2.0),Densité de population - Régions,I,A,Annuelle,CTRY,Pays,RUS,Russie,_Z,N'est pas applicable,POP,Population,_T,Total,_T,Total,PS_KM2,Personnes par kilomètre carré,2008,,7.79,,RUS,Russie,A,Valeur normale,0,Units,2,Two
DATAFLOW,OECD.CFE.EDS:DSD_REG_DEMO@DF_DENSITY(2.0),Densité de population - Régions,I,A,Annuelle,CTRY,Pays,RUS,Russie,_Z,N'est pas applicable,POP,Population,_T,Total,_T,Total,PS_KM2,Personnes par kilomètre carré,2001,,7.98,,RUS,Russie,A,Valeur normale,0,Units,2,Two
DATAFLOW,OECD.CFE.EDS:DSD_REG_DEMO@DF_DENSITY(2.0),Densité de population - Régions,I,A,Annuelle,CTRY,Pays,RUS,Russie,_Z,N'est pas applicable,POP,Population,_T,Total,_T,Total,PS_KM2,Personnes par kilomètre carré,2002,,7.94,,RUS,Russie,A,Valeur normale,0,Units,2,Two
DATAFLOW,OECD.CFE.EDS:DSD_REG_DEMO@DF_DENSITY(2.0),Densité de population - Régions,I,A,Annuelle,CTRY,Pays,RUS,Russie,_Z,N'est pas applicable,POP,Population,_T,Total,_T,Total,PS_KM2,Personnes par kilomètre carré,2004,,7.88,,RUS,Russie,A,Valeur normale,0,Units,2,Two
DATAFLOW,OECD.CFE.EDS:DSD_REG_DEMO@DF_DENSITY(2.0),Densité de population - Régions,I,A,Annuelle,CTRY,Pays,RUS,Russie,_Z,N'est pas applicable,POP,Population,_T,Total,_T,Total,PS_KM2,Personnes par kilomètre carré,2005,,7.85,,RUS,Russie,A,Valeur normale,0,Units,2,Two
DATAFLOW,OECD.CFE.EDS:DSD_REG_DEMO@DF_DENSITY(2.0),Densité de population - Régions,I,A,Annuelle,CTRY,Pays,RUS,Russie,_Z,N'est pas applicable,POP,Population,_T,Total,_T,Total,PS_KM2,Personnes par kilomètre carré,1996,,8.08,,RUS,Russie,A,Valeur normale,0,Units,2,Two
DATAFLOW,OECD.CFE.EDS:DSD_REG_DEMO@DF_DENSITY(2.0),Densité de population - Régions,I,A,Annuelle,CTRY,Pays,RUS,Russie,_Z,N'est pas applicable,POP,Population,_T,Total,_T,Total,PS_KM2,Personnes par kilomètre carré,1997,,8.07,,RUS,Russie,A,Valeur normale,0,Units,2,Two
DATAFLOW,OECD.CFE.EDS:DSD_REG_DEMO@DF_DENSITY(2.0),Densité de population - Régions,I,A,Annuelle,CTRY,Pays,RUS,Russie,_Z,N'est pas applicable,POP,Population,_T,Total,_T,Total,PS_KM2,Personnes par kilomètre carré,2009,,7.79,,RUS,Russie,A,Valeur normale,0,Units,2,Two
DATAFLOW,OECD.CFE.EDS:DSD_REG_DEMO@DF_DENSITY(2.0),Densité de population - Régions,I,A,Annuelle,CTRY,Pays,RUS,Russie,_Z,N'est pas applicable,POP,Population,_T,Total,_T,Total,PS_KM2,Personnes par kilomètre carré,2000,,8.01,,RUS,Russie,A,Valeur normale,0,Units,2,Two
DATAFLOW,OECD.CFE.EDS:DSD_REG_DEMO@DF_DENSITY(2.0),Densité de population - Régions,I,A,Annuelle,CTRY,Pays,RUS,Russie,_Z,N'est pas applicable,POP,Population,_T,Total,_T,Total,PS_KM2,Personnes par kilomètre carré,1990,,8.05,,RUS,Russie,A,Valeur normale,0,Units,2,Two
DATAFLOW,OECD.CFE.EDS:DSD_REG_DEMO@DF_DENSITY(2.0),Densité de population - Régions,I,A,Annuelle,CTRY,Pays,RUS,Russie,_Z,N'est pas applicable,POP,Population,_T,Total,_T,Total,PS_KM2,Personnes par kilomètre carré,1991,,8.08,,RUS,Russie,A,Valeur normale,0,Units,2,Two
DATAFLOW,OECD.CFE.EDS:DSD_REG_DEMO@DF_DENSITY(2.0),Densité de population - Régions,I,A,Annuelle,CTRY,Pays,RUS,Russie,_Z,N'est pas applicable,POP,Population,_T,Total,_T,Total,PS_KM2,Personnes par kilomètre carré,1995,,8.09,,RUS,Russie,A,Valeur normale,0,Units,2,Two
DATAFLOW,OECD.CFE.EDS:DSD_REG_DEMO@DF_DENSITY(2.0),Densité de population - Régions,I,A,Annuelle,CTRY,Pays,RUS,Russie,_Z,N'est pas applicable,POP,Population,_T,Total,_T,Total,PS_KM2,Personnes par kilomètre carré,1994,,8.08,,RUS,Russie,A,Valeur normale,0,Units,2,Two
DATAFLOW,OECD.CFE.EDS:DSD_REG_DEMO@DF_DENSITY(2.0),Densité de population - Régions,I,A,Annuelle,CTRY,Pays,RUS,Russie,_Z,N'est pas applicable,POP,Population,_T,Total,_T,Total,PS_KM2,Personnes par kilomètre carré,1998,,8.06,,RUS,Russie,A,Valeur normale,0,Units,2,Two
DATAFLOW,OECD.CFE.EDS:DSD_REG_DEMO@DF_DENSITY(2.0),Densité de population - Régions,I,A,Annuelle,CTRY,Pays,RUS,Russie,_Z,N'est pas applicable,POP,Population,_T,Total,_T,Total,PS_KM2,Personnes par kilomètre carré,1999,,8.04,,RUS,Russie,A,Valeur normale,0,Units,2,Two
DATAFLOW,OECD.CFE.EDS:DSD_REG_DEMO@DF_DENSITY(2.0),Densité de population - Régions,I,A,Annuelle,CTRY,Pays,RUS,Russie,_Z,N'est pas applicable,POP,Population,_T,Total,_T,Total,PS_KM2,Personnes par kilomètre carré,2003,,7.91,,RUS,Russie,A,Valeur normale,0,Units,2,Two
DATAFLOW,OECD.CFE.EDS:DSD_REG_DEMO@DF_DENSITY(2.0),Densité de population - Régions,I,A,Annuelle,CTRY,Pays,RUS,Russie,_Z,N'est pas applicable,POP,Population,_T,Total,_T,Total,PS_KM2,Personnes par kilomètre carré,1992,,8.09,,RUS,Russie,A,Valeur normale,0,Units,2,Two
DATAFLOW,OECD.CFE.EDS:DSD_REG_DEMO@DF_DENSITY(2.0),Densité de population - Régions,I,A,Annuelle,CTRY,Pays,RUS,Russie,_Z,N'est pas applicable,POP,Population,_T,Total,_T,Total,PS_KM2,Personnes par kilomètre carré,1993,,8.09,,RUS,Russie,A,Valeur normale,0,Units,2,Two
DATAFLOW,OECD.CFE.EDS:DSD_REG_DEMO@DF_DENSITY(2.0),Densité de population - Régions,I,A,Annuelle,CTRY,Pays,RUS,Russie,_Z,N'est pas applicable,POP,Population,_T,Total,_T,Total,PS,Personnes,2010,,144920980,,RUS,Russie,A,Valeur normale,0,Units,0,Zero
DATAFLOW,OECD.CFE.EDS:DSD_REG_DEMO@DF_DENSITY(2.0),Densité de population - Régions,I,A,Annuelle,CTRY,Pays,RUS,Russie,_Z,N'est pas applicable,POP,Population,_T,Total,_T,Total,PS,Personnes,2011,,144969596,,RUS,Russie,A,Valeur normale,0,Units,0,Zero
DATAFLOW,OECD.CFE.EDS:DSD_REG_DEMO@DF_DENSITY(2.0),Densité de population - Régions,I,A,Annuelle,CTRY,Pays,RUS,Russie,_Z,N'est pas applicable,POP,Population,_T,Total,_T,Total,PS,Personnes,2015,,146167834,,RUS,Russie,A,Valeur normale,0,Units,0,Zero
DATAFLOW,OECD.CFE.EDS:DSD_REG_DEMO@DF_DENSITY(2.0),Densité de population - Régions,I,A,Annuelle,CTRY,Pays,RUS,Russie,_Z,N'est pas applicable,POP,Population,_T,Total,_T,Total,PS,Personnes,2016,,146426038,,RUS,Russie,A,Valeur normale,0,Units,0,Zero
DATAFLOW,OECD.CFE.EDS:DSD_REG_DEMO@DF_DENSITY(2.0),Densité de population - Régions,I,A,Annuelle,CTRY,Pays,RUS,Russie,_Z,N'est pas applicable,POP,Population,_T,Total,_T,Total,PS,Personnes,2017,,146689515,,RUS,Russie,A,Valeur normale,0,Units,0,Zero
DATAFLOW,OECD.CFE.EDS:DSD_REG_DEMO@DF_DENSITY(2.0),Densité de population - Régions,I,A,Annuelle,CTRY,Pays,RUS,Russie,_Z,N'est pas applicable,POP,Population,_T,Total,_T,Total,PS,Personnes,2005,,145819727,,RUS,Russie,A,Valeur normale,0,Units,0,Zero
DATAFLOW,OECD.CFE.EDS:DSD_REG_DEMO@DF_DENSITY(2.0),Densité de population - Régions,I,A,Annuelle,CTRY,Pays,RUS,Russie,_Z,N'est pas applicable,POP,Population,_T,Total,_T,Total,PS,Personnes,2018,,146767649,,RUS,Russie,A,Valeur normale,0,Units,0,Zero
DATAFLOW,OECD.CFE.EDS:DSD_REG_DEMO@DF_DENSITY(2.0),Densité de population - Régions,I,A,Annuelle,CTRY,Pays,RUS,Russie,_Z,N'est pas applicable,POP,Population,_T,Total,_T,Total,PS,Personnes,2020,,146650061,,RUS,Russie,A,Valeur normale,0,Units,0,Zero
DATAFLOW,OECD.CFE.EDS:DSD_REG_DEMO@DF_DENSITY(2.0),Densité de population - Régions,I,A,Annuelle,CTRY,Pays,RUS,Russie,_Z,N'est pas applicable,POP,Population,_T,Total,_T,Total,PS,Personnes,2009,,144806338,,RUS,Russie,A,Valeur normale,0,Units,0,Zero
DATAFLOW,OECD.CFE.EDS:DSD_REG_DEMO@DF_DENSITY(2.0),Densité de population - Régions,I,A,Annuelle,CTRY,Pays,RUS,Russie,_Z,N'est pas applicable,POP,Population,_T,Total,_T,Total,PS,Personnes,1999,,149439004,,RUS,Russie,A,Valeur normale,0,Units,0,Zero
DATAFLOW,OECD.CFE.EDS:DSD_REG_DEMO@DF_DENSITY(2.0),Densité de population - Régions,I,A,Annuelle,CTRY,Pays,RUS,Russie,_Z,N'est pas applicable,POP,Population,_T,Total,_T,Total,PS,Personnes,2000,,148787240,,RUS,Russie,A,Valeur normale,0,Units,0,Zero
DATAFLOW,OECD.CFE.EDS:DSD_REG_DEMO@DF_DENSITY(2.0),Densité de population - Régions,I,A,Annuelle,CTRY,Pays,RUS,Russie,_Z,N'est pas applicable,POP,Population,_T,Total,_T,Total,PS_KM2,Personnes par kilomètre carré,2020,,7.89,,RUS,Russie,A,Valeur normale,0,Units,2,Two
DATAFLOW,OECD.CFE.EDS:DSD_REG_DEMO@DF_DENSITY(2.0),Densité de population - Régions,I,A,Annuelle,CTRY,Pays,RUS,Russie,_Z,N'est pas applicable,POP,Population,_T,Total,_T,Total,PS_KM2,Personnes par kilomètre carré,2018,,7.9,,RUS,Russie,A,Valeur normale,0,Units,2,Two
DATAFLOW,OECD.CFE.EDS:DSD_REG_DEMO@DF_DENSITY(2.0),Densité de population - Régions,I,A,Annuelle,CTRY,Pays,RUS,Russie,_Z,N'est pas applicable,POP,Population,_T,Total,_T,Total,PS_KM2,Personnes par kilomètre carré,2019,,7.89,,RUS,Russie,A,Valeur normale,0,Units,2,Two
DATAFLOW,OECD.CFE.EDS:DSD_REG_DEMO@DF_DENSITY(2.0),Densité de population - Régions,I,A,Annuelle,CTRY,Pays,RUS,Russie,_Z,N'est pas applicable,POP,Population,_T,Total,_T,Total,PS_KM2,Personnes par kilomètre carré,2012,,7.82,,RUS,Russie,A,Valeur normale,0,Units,2,Two
DATAFLOW,OECD.CFE.EDS:DSD_REG_DEMO@DF_DENSITY(2.0),Densité de population - Régions,I,A,Annuelle,CTRY,Pays,RUS,Russie,_Z,N'est pas applicable,POP,Population,_T,Total,_T,Total,PS_KM2,Personnes par kilomètre carré,2013,,7.83,,RUS,Russie,A,Valeur normale,0,Units,2,Two
DATAFLOW,OECD.CFE.EDS:DSD_REG_DEMO@DF_DENSITY(2.0),Densité de population - Régions,I,A,Annuelle,CTRY,Pays,RUS,Russie,_Z,N'est pas applicable,POP,Population,_T,Total,_T,Total,PS_KM2,Personnes par kilomètre carré,2015,,7.87,,RUS,Russie,A,Valeur normale,0,Units,2,Two
DATAFLOW,OECD.CFE.EDS:DSD_REG_DEMO@DF_DENSITY(2.0),Densité de population - Régions,I,A,Annuelle,CTRY,Pays,RUS,Russie,_Z,N'est pas applicable,POP,Population,_T,Total,_T,Total,PS_KM2,Personnes par kilomètre carré,2016,,7.88,,RUS,Russie,A,Valeur normale,0,Units,2,Two
DATAFLOW,OECD.CFE.EDS:DSD_REG_DEMO@DF_DENSITY(2.0),Densité de population - Régions,I,A,Annuelle,CTRY,Pays,RUS,Russie,_Z,N'est pas applicable,POP,Population,_T,Total,_T,Total,PS_KM2,Personnes par kilomètre carré,2017,,7.9,,RUS,Russie,A,Valeur normale,0,Units,2,Two
DATAFLOW,OECD.CFE.EDS:DSD_REG_DEMO@DF_DENSITY(2.0),Densité de population - Régions,I,A,Annuelle,CTRY,Pays,ZAF,Afrique du Sud,_Z,N'est pas applicable,POP,Population,_T,Total,_T,Total,PS_KM2,Personnes par kilomètre carré,2002,,37.96,,ZAF,Afrique du Sud,A,Valeur normale,0,Units,2,Two
DATAFLOW,OECD.CFE.EDS:DSD_REG_DEMO@DF_DENSITY(2.0),Densité de population - Régions,I,A,Annuelle,CTRY,Pays,ZAF,Afrique du Sud,_Z,N'est pas applicable,POP,Population,_T,Total,_T,Total,PS_KM2,Personnes par kilomètre carré,2003,,38.33,,ZAF,Afrique du Sud,A,Valeur normale,0,Units,2,Two
DATAFLOW,OECD.CFE.EDS:DSD_REG_DEMO@DF_DENSITY(2.0),Densité de population - Régions,I,A,Annuelle,CTRY,Pays,ZAF,Afrique du Sud,_Z,N'est pas applicable,POP,Population,_T,Total,_T,Total,PS,Personnes,2012,,52930356,,ZAF,Afrique du Sud,A,Valeur normale,0,Units,0,Zero
DATAFLOW,OECD.CFE.EDS:DSD_REG_DEMO@DF_DENSITY(2.0),Densité de population - Régions,I,A,Annuelle,CTRY,Pays,ZAF,Afrique du Sud,_Z,N'est pas applicable,POP,Population,_T,Total,_T,Total,PS,Personnes,2013,,53751096,,ZAF,Afrique du Sud,A,Valeur normale,0,Units,0,Zero
DATAFLOW,OECD.CFE.EDS:DSD_REG_DEMO@DF_DENSITY(2.0),Densité de population - Régions,I,A,Annuelle,CTRY,Pays,ZAF,Afrique du Sud,_Z,N'est pas applicable,POP,Population,_T,Total,_T,Total,PS,Personnes,2006,,48446414,,ZAF,Afrique du Sud,A,Valeur normale,0,Units,0,Zero
DATAFLOW,OECD.CFE.EDS:DSD_REG_DEMO@DF_DENSITY(2.0),Densité de population - Régions,I,A,Annuelle,CTRY,Pays,ZAF,Afrique du Sud,_Z,N'est pas applicable,POP,Population,_T,Total,_T,Total,PS,Personnes,2007,,49088699,,ZAF,Afrique du Sud,A,Valeur normale,0,Units,0,Zero
DATAFLOW,OECD.CFE.EDS:DSD_REG_DEMO@DF_DENSITY(2.0),Densité de population - Régions,I,A,Annuelle,CTRY,Pays,ZAF,Afrique du Sud,_Z,N'est pas applicable,POP,Population,_T,Total,_T,Total,PS,Personnes,2002,,46355083,,ZAF,Afrique du Sud,A,Valeur normale,0,Units,0,Zero
DATAFLOW,OECD.CFE.EDS:DSD_REG_DEMO@DF_DENSITY(2.0),Densité de population - Régions,I,A,Annuelle,CTRY,Pays,ZAF,Afrique du Sud,_Z,N'est pas applicable,POP,Population,_T,Total,_T,Total,PS,Personnes,2003,,46806354,,ZAF,Afrique du Sud,A,Valeur normale,0,Units,0,Zero
DATAFLOW,OECD.CFE.EDS:DSD_REG_DEMO@DF_DENSITY(2.0),Densité de population - Régions,I,A,Annuelle,CTRY,Pays,ZAF,Afrique du Sud,_Z,N'est pas applicable,POP,Population,_T,Total,_T,Total,PS_KM2,Personnes par kilomètre carré,2004,,38.74,,ZAF,Afrique du Sud,A,Valeur normale,0,Units,2,Two
DATAFLOW,OECD.CFE.EDS:DSD_REG_DEMO@DF_DENSITY(2.0),Densité de population - Régions,I,A,Annuelle,CTRY,Pays,ZAF,Afrique du Sud,_Z,N'est pas applicable,POP,Population,_T,Total,_T,Total,PS,Personnes,2010,,51328662,,ZAF,Afrique du Sud,A,Valeur normale,0,Units,0,Zero
DATAFLOW,OECD.CFE.EDS:DSD_REG_DEMO@DF_DENSITY(2.0),Densité de population - Régions,I,A,Annuelle,CTRY,Pays,ZAF,Afrique du Sud,_Z,N'est pas applicable,POP,Population,_T,Total,_T,Total,PS,Personnes,2011,,52129117,,ZAF,Afrique du Sud,A,Valeur normale,0,Units,0,Zero
DATAFLOW,OECD.CFE.EDS:DSD_REG_DEMO@DF_DENSITY(2.0),Densité de population - Régions,I,A,Annuelle,CTRY,Pays,ZAF,Afrique du Sud,_Z,N'est pas applicable,POP,Population,_T,Total,_T,Total,PS,Personnes,2016,,56252336,,ZAF,Afrique du Sud,A,Valeur normale,0,Units,0,Zero
DATAFLOW,OECD.CFE.EDS:DSD_REG_DEMO@DF_DENSITY(2.0),Densité de population - Régions,I,A,Annuelle,CTRY,Pays,ZAF,Afrique du Sud,_Z,N'est pas applicable,POP,Population,_T,Total,_T,Total,PS,Personnes,2017,,57097857,,ZAF,Afrique du Sud,A,Valeur normale,0,Units,0,Zero
DATAFLOW,OECD.CFE.EDS:DSD_REG_DEMO@DF_DENSITY(2.0),Densité de population - Régions,I,A,Annuelle,CTRY,Pays,ZAF,Afrique du Sud,_Z,N'est pas applicable,POP,Population,_T,Total,_T,Total,PS,Personnes,2005,,47860360,,ZAF,Afrique du Sud,A,Valeur normale,0,Units,0,Zero
DATAFLOW,OECD.CFE.EDS:DSD_REG_DEMO@DF_DENSITY(2.0),Densité de population - Régions,I,A,Annuelle,CTRY,Pays,ZAF,Afrique du Sud,_Z,N'est pas applicable,POP,Population,_T,Total,_T,Total,PS,Personnes,2022,,60604994,,ZAF,Afrique du Sud,A,Valeur normale,0,Units,0,Zero
DATAFLOW,OECD.CFE.EDS:DSD_REG_DEMO@DF_DENSITY(2.0),Densité de population - Régions,I,A,Annuelle,CTRY,Pays,ZAF,Afrique du Sud,_Z,N'est pas applicable,POP,Population,_T,Total,_T,Total,PS,Personnes,2009,,50544931,,ZAF,Afrique du Sud,A,Valeur normale,0,Units,0,Zero
DATAFLOW,OECD.CFE.EDS:DSD_REG_DEMO@DF_DENSITY(2.0),Densité de population - Régions,I,A,Annuelle,CTRY,Pays,ZAF,Afrique du Sud,_Z,N'est pas applicable,POP,Population,_T,Total,_T,Total,PS,Personnes,2014,,54574401,,ZAF,Afrique du Sud,A,Valeur normale,0,Units,0,Zero
DATAFLOW,OECD.CFE.EDS:DSD_REG_DEMO@DF_DENSITY(2.0),Densité de population - Régions,I,A,Annuelle,CTRY,Pays,ZAF,Afrique du Sud,_Z,N'est pas applicable,POP,Population,_T,Total,_T,Total,PS,Personnes,2015,,55406634,,ZAF,Afrique du Sud,A,Valeur normale,0,Units,0,Zero
DATAFLOW,OECD.CFE.EDS:DSD_REG_DEMO@DF_DENSITY(2.0),Densité de population - Régions,I,A,Annuelle,CTRY,Pays,ZAF,Afrique du Sud,_Z,N'est pas applicable,POP,Population,_T,Total,_T,Total,PS,Personnes,2004,,47310050,,ZAF,Afrique du Sud,A,Valeur normale,0,Units,0,Zero
DATAFLOW,OECD.CFE.EDS:DSD_REG_DEMO@DF_DENSITY(2.0),Densité de population - Régions,I,A,Annuelle,CTRY,Pays,ZAF,Afrique du Sud,_Z,N'est pas applicable,POP,Population,_T,Total,_T,Total,PS,Personnes,2018,,57939226,,ZAF,Afrique du Sud,A,Valeur normale,0,Units,0,Zero
DATAFLOW,OECD.CFE.EDS:DSD_REG_DEMO@DF_DENSITY(2.0),Densité de population - Régions,I,A,Annuelle,CTRY,Pays,ZAF,Afrique du Sud,_Z,N'est pas applicable,POP,Population,_T,Total,_T,Total,PS,Personnes,2019,,58775022,,ZAF,Afrique du Sud,A,Valeur normale,0,Units,0,Zero
DATAFLOW,OECD.CFE.EDS:DSD_REG_DEMO@DF_DENSITY(2.0),Densité de population - Régions,I,A,Annuelle,CTRY,Pays,ZAF,Afrique du Sud,_Z,N'est pas applicable,POP,Population,_T,Total,_T,Total,PS,Personnes,2008,,49794560,,ZAF,Afrique du Sud,A,Valeur normale,0,Units,0,Zero
DATAFLOW,OECD.CFE.EDS:DSD_REG_DEMO@DF_DENSITY(2.0),Densité de population - Régions,I,A,Annuelle,CTRY,Pays,ZAF,Afrique du Sud,_Z,N'est pas applicable,POP,Population,_T,Total,_T,Total,PS_KM2,Personnes par kilomètre carré,2014,,44.69,,ZAF,Afrique du Sud,A,Valeur normale,0,Units,2,Two
DATAFLOW,OECD.CFE.EDS:DSD_REG_DEMO@DF_DENSITY(2.0),Densité de population - Régions,I,A,Annuelle,CTRY,Pays,ZAF,Afrique du Sud,_Z,N'est pas applicable,POP,Population,_T,Total,_T,Total,PS_KM2,Personnes par kilomètre carré,2019,,48.13,,ZAF,Afrique du Sud,A,Valeur normale,0,Units,2,Two
DATAFLOW,OECD.CFE.EDS:DSD_REG_DEMO@DF_DENSITY(2.0),Densité de population - Régions,I,A,Annuelle,CTRY,Pays,ZAF,Afrique du Sud,_Z,N'est pas applicable,POP,Population,_T,Total,_T,Total,PS_KM2,Personnes par kilomètre carré,2022,,49.63,,ZAF,Afrique du Sud,A,Valeur normale,0,Units,2,Two
DATAFLOW,OECD.CFE.EDS:DSD_REG_DEMO@DF_DENSITY(2.0),Densité de population - Régions,I,A,Annuelle,CTRY,Pays,ZAF,Afrique du Sud,_Z,N'est pas applicable,POP,Population,_T,Total,_T,Total,PS_KM2,Personnes par kilomètre carré,2013,,44.01,,ZAF,Afrique du Sud,A,Valeur normale,0,Units,2,Two
DATAFLOW,OECD.CFE.EDS:DSD_REG_DEMO@DF_DENSITY(2.0),Densité de population - Régions,I,A,Annuelle,CTRY,Pays,ZAF,Afrique du Sud,_Z,N'est pas applicable,POP,Population,_T,Total,_T,Total,PS_KM2,Personnes par kilomètre carré,2015,,45.37,,ZAF,Afrique du Sud,A,Valeur normale,0,Units,2,Two
DATAFLOW,OECD.CFE.EDS:DSD_REG_DEMO@DF_DENSITY(2.0),Densité de population - Régions,I,A,Annuelle,CTRY,Pays,ZAF,Afrique du Sud,_Z,N'est pas applicable,POP,Population,_T,Total,_T,Total,PS_KM2,Personnes par kilomètre carré,2016,,46.06,,ZAF,Afrique du Sud,A,Valeur normale,0,Units,2,Two
DATAFLOW,OECD.CFE.EDS:DSD_REG_DEMO@DF_DENSITY(2.0),Densité de population - Régions,I,A,Annuelle,CTRY,Pays,ZAF,Afrique du Sud,_Z,N'est pas applicable,POP,Population,_T,Total,_T,Total,PS_KM2,Personnes par kilomètre carré,2017,,46.75,,ZAF,Afrique du Sud,A,Valeur normale,0,Units,2,Two
DATAFLOW,OECD.CFE.EDS:DSD_REG_DEMO@DF_DENSITY(2.0),Densité de population - Régions,I,A,Annuelle,CTRY,Pays,ZAF,Afrique du Sud,_Z,N'est pas applicable,POP,Population,_T,Total,_T,Total,PS_KM2,Personnes par kilomètre carré,2018,,47.44,,ZAF,Afrique du Sud,A,Valeur normale,0,Units,2,Two
DATAFLOW,OECD.CFE.EDS:DSD_REG_DEMO@DF_DENSITY(2.0),Densité de population - Régions,I,A,Annuelle,CTRY,Pays,ZAF,Afrique du Sud,_Z,N'est pas applicable,POP,Population,_T,Total,_T,Total,PS_KM2,Personnes par kilomètre carré,2007,,40.2,,ZAF,Afrique du Sud,A,Valeur normale,0,Units,2,Two
DATAFLOW,OECD.CFE.EDS:DSD_REG_DEMO@DF_DENSITY(2.0),Densité de population - Régions,I,A,Annuelle,CTRY,Pays,ZAF,Afrique du Sud,_Z,N'est pas applicable,POP,Population,_T,Total,_T,Total,PS_KM2,Personnes par kilomètre carré,2008,,40.77,,ZAF,Afrique du Sud,A,Valeur normale,0,Units,2,Two
DATAFLOW,OECD.CFE.EDS:DSD_REG_DEMO@DF_DENSITY(2.0),Densité de population - Régions,I,A,Annuelle,CTRY,Pays,ZAF,Afrique du Sud,_Z,N'est pas applicable,POP,Population,_T,Total,_T,Total,PS_KM2,Personnes par kilomètre carré,2009,,41.39,,ZAF,Afrique du Sud,A,Valeur normale,0,Units,2,Two
DATAFLOW,OECD.CFE.EDS:DSD_REG_DEMO@DF_DENSITY(2.0),Densité de population - Régions,I,A,Annuelle,CTRY,Pays,ZAF,Afrique du Sud,_Z,N'est pas applicable,POP,Population,_T,Total,_T,Total,PS_KM2,Personnes par kilomètre carré,2010,,42.03,,ZAF,Afrique du Sud,A,Valeur normale,0,Units,2,Two
DATAFLOW,OECD.CFE.EDS:DSD_REG_DEMO@DF_DENSITY(2.0),Densité de population - Régions,I,A,Annuelle,CTRY,Pays,ZAF,Afrique du Sud,_Z,N'est pas applicable,POP,Population,_T,Total,_T,Total,PS_KM2,Personnes par kilomètre carré,2011,,42.69,,ZAF,Afrique du Sud,A,Valeur normale,0,Units,2,Two
DATAFLOW,OECD.CFE.EDS:DSD_REG_DEMO@DF_DENSITY(2.0),Densité de population - Régions,I,A,Annuelle,CTRY,Pays,ZAF,Afrique du Sud,_Z,N'est pas applicable,POP,Population,_T,Total,_T,Total,PS_KM2,Personnes par kilomètre carré,2012,,43.34,,ZAF,Afrique du Sud,A,Valeur normale,0,Units,2,Two
DATAFLOW,OECD.CFE.EDS:DSD_REG_DEMO@DF_DENSITY(2.0),Densité de population - Régions,I,A,Annuelle,CTRY,Pays,ZAF,Afrique du Sud,_Z,N'est pas applicable,POP,Population,_T,Total,_T,Total,PS_KM2,Personnes par kilomètre carré,2005,,39.19,,ZAF,Afrique du Sud,A,Valeur normale,0,Units,2,Two
DATAFLOW,OECD.CFE.EDS:DSD_REG_DEMO@DF_DENSITY(2.0),Densité de population - Régions,I,A,Annuelle,CTRY,Pays,TUN,Tunisie,_Z,N'est pas applicable,POP,Population,_T,Total,_T,Total,PS,Personnes,2009,,10458090,,TUN,Tunisie,A,Valeur normale,0,Units,0,Zero
DATAFLOW,OECD.CFE.EDS:DSD_REG_DEMO@DF_DENSITY(2.0),Densité de population - Régions,I,A,Annuelle,CTRY,Pays,TUN,Tunisie,_Z,N'est pas applicable,POP,Population,_T,Total,_T,Total,PS_KM2,Personnes par kilomètre carré,2018,,74.67,,TUN,Tunisie,A,Valeur normale,0,Units,2,Two
DATAFLOW,OECD.CFE.EDS:DSD_REG_DEMO@DF_DENSITY(2.0),Densité de population - Régions,I,A,Annuelle,CTRY,Pays,TUN,Tunisie,_Z,N'est pas applicable,POP,Population,_T,Total,_T,Total,PS,Personnes,1995,,8957500,,TUN,Tunisie,A,Valeur normale,0,Units,0,Zero
DATAFLOW,OECD.CFE.EDS:DSD_REG_DEMO@DF_DENSITY(2.0),Densité de population - Régions,I,A,Annuelle,CTRY,Pays,TUN,Tunisie,_Z,N'est pas applicable,POP,Population,_T,Total,_T,Total,PS,Personnes,1996,,9089300,,TUN,Tunisie,A,Valeur normale,0,Units,0,Zero
DATAFLOW,OECD.CFE.EDS:DSD_REG_DEMO@DF_DENSITY(2.0),Densité de population - Régions,I,A,Annuelle,CTRY,Pays,TUN,Tunisie,_Z,N'est pas applicable,POP,Population,_T,Total,_T,Total,PS,Personnes,1997,,9214900,,TUN,Tunisie,A,Valeur normale,0,Units,0,Zero
DATAFLOW,OECD.CFE.EDS:DSD_REG_DEMO@DF_DENSITY(2.0),Densité de population - Régions,I,A,Annuelle,CTRY,Pays,TUN,Tunisie,_Z,N'est pas applicable,POP,Population,_T,Total,_T,Total,PS,Personnes,1998,,9333300,,TUN,Tunisie,A,Valeur normale,0,Units,0,Zero
DATAFLOW,OECD.CFE.EDS:DSD_REG_DEMO@DF_DENSITY(2.0),Densité de population - Régions,I,A,Annuelle,CTRY,Pays,TUN,Tunisie,_Z,N'est pas applicable,POP,Population,_T,Total,_T,Total,PS,Personnes,1993,,8572300,,TUN,Tunisie,A,Valeur normale,0,Units,0,Zero
DATAFLOW,OECD.CFE.EDS:DSD_REG_DEMO@DF_DENSITY(2.0),Densité de population - Régions,I,A,Annuelle,CTRY,Pays,TUN,Tunisie,_Z,N'est pas applicable,POP,Population,_T,Total,_T,Total,PS,Personnes,1994,,8785700,,TUN,Tunisie,A,Valeur normale,0,Units,0,Zero
DATAFLOW,OECD.CFE.EDS:DSD_REG_DEMO@DF_DENSITY(2.0),Densité de population - Régions,I,A,Annuelle,CTRY,Pays,TUN,Tunisie,_Z,N'est pas applicable,POP,Population,_T,Total,_T,Total,PS,Personnes,2010,,10565710,,TUN,Tunisie,A,Valeur normale,0,Units,0,Zero
DATAFLOW,OECD.CFE.EDS:DSD_REG_DEMO@DF_DENSITY(2.0),Densité de population - Régions,I,A,Annuelle,CTRY,Pays,TUN,Tunisie,_Z,N'est pas applicable,POP,Population,_T,Total,_T,Total,PS,Personnes,1999,,9455900,,TUN,Tunisie,A,Valeur normale,0,Units,0,Zero
DATAFLOW,OECD.CFE.EDS:DSD_REG_DEMO@DF_DENSITY(2.0),Densité de population - Régions,I,A,Annuelle,CTRY,Pays,TUN,Tunisie,_Z,N'est pas applicable,POP,Population,_T,Total,_T,Total,PS,Personnes,2000,,9552500,,TUN,Tunisie,A,Valeur normale,0,Units,0,Zero
DATAFLOW,OECD.CFE.EDS:DSD_REG_DEMO@DF_DENSITY(2.0),Densité de population - Régions,I,A,Annuelle,CTRY,Pays,TUN,Tunisie,_Z,N'est pas applicable,POP,Population,_T,Total,_T,Total,PS,Personnes,2014,,11012486,,TUN,Tunisie,A,Valeur normale,0,Units,0,Zero
DATAFLOW,OECD.CFE.EDS:DSD_REG_DEMO@DF_DENSITY(2.0),Densité de population - Régions,I,A,Annuelle,CTRY,Pays,TUN,Tunisie,_Z,N'est pas applicable,POP,Population,_T,Total,_T,Total,PS,Personnes,2004,,9932431,,TUN,Tunisie,A,Valeur normale,0,Units,0,Zero
DATAFLOW,OECD.CFE.EDS:DSD_REG_DEMO@DF_DENSITY(2.0),Densité de population - Régions,I,A,Annuelle,CTRY,Pays,TUN,Tunisie,_Z,N'est pas applicable,POP,Population,_T,Total,_T,Total,PS,Personnes,2006,,10127900,,TUN,Tunisie,A,Valeur normale,0,Units,0,Zero
DATAFLOW,OECD.CFE.EDS:DSD_REG_DEMO@DF_DENSITY(2.0),Densité de population - Régions,I,A,Annuelle,CTRY,Pays,TUN,Tunisie,_Z,N'est pas applicable,POP,Population,_T,Total,_T,Total,PS,Personnes,2011,,10674400,,TUN,Tunisie,A,Valeur normale,0,Units,0,Zero
DATAFLOW,OECD.CFE.EDS:DSD_REG_DEMO@DF_DENSITY(2.0),Densité de population - Régions,I,A,Annuelle,CTRY,Pays,TUN,Tunisie,_Z,N'est pas applicable,POP,Population,_T,Total,_T,Total,PS,Personnes,2012,,10784260,,TUN,Tunisie,A,Valeur normale,0,Units,0,Zero
DATAFLOW,OECD.CFE.EDS:DSD_REG_DEMO@DF_DENSITY(2.0),Densité de population - Régions,I,A,Annuelle,CTRY,Pays,TUN,Tunisie,_Z,N'est pas applicable,POP,Population,_T,Total,_T,Total,PS,Personnes,2013,,10895220,,TUN,Tunisie,A,Valeur normale,0,Units,0,Zero
DATAFLOW,OECD.CFE.EDS:DSD_REG_DEMO@DF_DENSITY(2.0),Densité de population - Régions,I,A,Annuelle,CTRY,Pays,TUN,Tunisie,_Z,N'est pas applicable,POP,Population,_T,Total,_T,Total,PS,Personnes,2003,,9839841,,TUN,Tunisie,A,Valeur normale,0,Units,0,Zero
DATAFLOW,OECD.CFE.EDS:DSD_REG_DEMO@DF_DENSITY(2.0),Densité de population - Régions,I,A,Annuelle,CTRY,Pays,TUN,Tunisie,_Z,N'est pas applicable,POP,Population,_T,Total,_T,Total,PS,Personnes,2007,,10225200,,TUN,Tunisie,A,Valeur normale,0,Units,0,Zero
DATAFLOW,OECD.CFE.EDS:DSD_REG_DEMO@DF_DENSITY(2.0),Densité de population - Régions,I,A,Annuelle,CTRY,Pays,TUN,Tunisie,_Z,N'est pas applicable,POP,Population,_T,Total,_T,Total,PS,Personnes,2008,,10328700,,TUN,Tunisie,A,Valeur normale,0,Units,0,Zero
DATAFLOW,OECD.CFE.EDS:DSD_REG_DEMO@DF_DENSITY(2.0),Densité de population - Régions,I,A,Annuelle,CTRY,Pays,TUN,Tunisie,_Z,N'est pas applicable,POP,Population,_T,Total,_T,Total,PS,Personnes,2001,,9650600,,TUN,Tunisie,A,Valeur normale,0,Units,0,Zero
DATAFLOW,OECD.CFE.EDS:DSD_REG_DEMO@DF_DENSITY(2.0),Densité de population - Régions,I,A,Annuelle,CTRY,Pays,TUN,Tunisie,_Z,N'est pas applicable,POP,Population,_T,Total,_T,Total,PS,Personnes,2002,,9748900,,TUN,Tunisie,A,Valeur normale,0,Units,0,Zero
DATAFLOW,OECD.CFE.EDS:DSD_REG_DEMO@DF_DENSITY(2.0),Densité de population - Régions,I,A,Annuelle,CTRY,Pays,TUN,Tunisie,_Z,N'est pas applicable,POP,Population,_T,Total,_T,Total,PS_KM2,Personnes par kilomètre carré,2012,,69.71,,TUN,Tunisie,A,Valeur normale,0,Units,2,Two
DATAFLOW,OECD.CFE.EDS:DSD_REG_DEMO@DF_DENSITY(2.0),Densité de population - Régions,I,A,Annuelle,CTRY,Pays,TUN,Tunisie,_Z,N'est pas applicable,POP,Population,_T,Total,_T,Total,PS_KM2,Personnes par kilomètre carré,2013,,70.43,,TUN,Tunisie,A,Valeur normale,0,Units,2,Two
DATAFLOW,OECD.CFE.EDS:DSD_REG_DEMO@DF_DENSITY(2.0),Densité de population - Régions,I,A,Annuelle,CTRY,Pays,TUN,Tunisie,_Z,N'est pas applicable,POP,Population,_T,Total,_T,Total,PS_KM2,Personnes par kilomètre carré,2015,,72.15,,TUN,Tunisie,A,Valeur normale,0,Units,2,Two
DATAFLOW,OECD.CFE.EDS:DSD_REG_DEMO@DF_DENSITY(2.0),Densité de population - Régions,I,A,Annuelle,CTRY,Pays,TUN,Tunisie,_Z,N'est pas applicable,POP,Population,_T,Total,_T,Total,PS_KM2,Personnes par kilomètre carré,2016,,73.07,,TUN,Tunisie,A,Valeur normale,0,Units,2,Two
DATAFLOW,OECD.CFE.EDS:DSD_REG_DEMO@DF_DENSITY(2.0),Densité de population - Régions,I,A,Annuelle,CTRY,Pays,TUN,Tunisie,_Z,N'est pas applicable,POP,Population,_T,Total,_T,Total,PS_KM2,Personnes par kilomètre carré,2017,,73.92,,TUN,Tunisie,A,Valeur normale,0,Units,2,Two
DATAFLOW,OECD.CFE.EDS:DSD_REG_DEMO@DF_DENSITY(2.0),Densité de population - Régions,I,A,Annuelle,CTRY,Pays,TUN,Tunisie,_Z,N'est pas applicable,POP,Population,_T,Total,_T,Total,PS_KM2,Personnes par kilomètre carré,2010,,68.3,,TUN,Tunisie,A,Valeur normale,0,Units,2,Two
DATAFLOW,OECD.CFE.EDS:DSD_REG_DEMO@DF_DENSITY(2.0),Densité de population - Régions,I,A,Annuelle,CTRY,Pays,TUN,Tunisie,_Z,N'est pas applicable,POP,Population,_T,Total,_T,Total,PS_KM2,Personnes par kilomètre carré,2011,,69,,TUN,Tunisie,A,Valeur normale,0,Units,2,Two
DATAFLOW,OECD.CFE.EDS:DSD_REG_DEMO@DF_DENSITY(2.0),Densité de population - Régions,I,A,Annuelle,CTRY,Pays,TUN,Tunisie,_Z,N'est pas applicable,POP,Population,_T,Total,_T,Total,PS_KM2,Personnes par kilomètre carré,2006,,65.47,,TUN,Tunisie,A,Valeur normale,0,Units,2,Two
DATAFLOW,OECD.CFE.EDS:DSD_REG_DEMO@DF_DENSITY(2.0),Densité de population - Régions,I,A,Annuelle,CTRY,Pays,TUN,Tunisie,_Z,N'est pas applicable,POP,Population,_T,Total,_T,Total,PS_KM2,Personnes par kilomètre carré,2007,,66.1,,TUN,Tunisie,A,Valeur normale,0,Units,2,Two
DATAFLOW,OECD.CFE.EDS:DSD_REG_DEMO@DF_DENSITY(2.0),Densité de population - Régions,I,A,Annuelle,CTRY,Pays,TUN,Tunisie,_Z,N'est pas applicable,POP,Population,_T,Total,_T,Total,PS_KM2,Personnes par kilomètre carré,2008,,66.76,,TUN,Tunisie,A,Valeur normale,0,Units,2,Two
DATAFLOW,OECD.CFE.EDS:DSD_REG_DEMO@DF_DENSITY(2.0),Densité de population - Régions,I,A,Annuelle,CTRY,Pays,TUN,Tunisie,_Z,N'est pas applicable,POP,Population,_T,Total,_T,Total,PS_KM2,Personnes par kilomètre carré,2001,,62.38,,TUN,Tunisie,A,Valeur normale,0,Units,2,Two
DATAFLOW,OECD.CFE.EDS:DSD_REG_DEMO@DF_DENSITY(2.0),Densité de population - Régions,I,A,Annuelle,CTRY,Pays,TUN,Tunisie,_Z,N'est pas applicable,POP,Population,_T,Total,_T,Total,PS_KM2,Personnes par kilomètre carré,2002,,63.02,,TUN,Tunisie,A,Valeur normale,0,Units,2,Two
DATAFLOW,OECD.CFE.EDS:DSD_REG_DEMO@DF_DENSITY(2.0),Densité de population - Régions,I,A,Annuelle,CTRY,Pays,TUN,Tunisie,_Z,N'est pas applicable,POP,Population,_T,Total,_T,Total,PS_KM2,Personnes par kilomètre carré,2014,,71.18,,TUN,Tunisie,A,Valeur normale,0,Units,2,Two
DATAFLOW,OECD.CFE.EDS:DSD_REG_DEMO@DF_DENSITY(2.0),Densité de population - Régions,I,A,Annuelle,CTRY,Pays,TUN,Tunisie,_Z,N'est pas applicable,POP,Population,_T,Total,_T,Total,PS_KM2,Personnes par kilomètre carré,2005,,64.83,,TUN,Tunisie,A,Valeur normale,0,Units,2,Two
DATAFLOW,OECD.CFE.EDS:DSD_REG_DEMO@DF_DENSITY(2.0),Densité de population - Régions,I,A,Annuelle,CTRY,Pays,TUN,Tunisie,_Z,N'est pas applicable,POP,Population,_T,Total,_T,Total,PS_KM2,Personnes par kilomètre carré,1996,,58.75,,TUN,Tunisie,A,Valeur normale,0,Units,2,Two
DATAFLOW,OECD.CFE.EDS:DSD_REG_DEMO@DF_DENSITY(2.0),Densité de population - Régions,I,A,Annuelle,CTRY,Pays,TUN,Tunisie,_Z,N'est pas applicable,POP,Population,_T,Total,_T,Total,PS_KM2,Personnes par kilomètre carré,1997,,59.56,,TUN,Tunisie,A,Valeur normale,0,Units,2,Two
DATAFLOW,OECD.CFE.EDS:DSD_REG_DEMO@DF_DENSITY(2.0),Densité de population - Régions,I,A,Annuelle,CTRY,Pays,TUN,Tunisie,_Z,N'est pas applicable,POP,Population,_T,Total,_T,Total,PS_KM2,Personnes par kilomètre carré,1998,,60.33,,TUN,Tunisie,A,Valeur normale,0,Units,2,Two
DATAFLOW,OECD.CFE.EDS:DSD_REG_DEMO@DF_DENSITY(2.0),Densité de population - Régions,I,A,Annuelle,CTRY,Pays,TUN,Tunisie,_Z,N'est pas applicable,POP,Population,_T,Total,_T,Total,PS_KM2,Personnes par kilomètre carré,2009,,67.6,,TUN,Tunisie,A,Valeur normale,0,Units,2,Two
DATAFLOW,OECD.CFE.EDS:DSD_REG_DEMO@DF_DENSITY(2.0),Densité de population - Régions,I,A,Annuelle,CTRY,Pays,TUN,Tunisie,_Z,N'est pas applicable,POP,Population,_T,Total,_T,Total,PS_KM2,Personnes par kilomètre carré,2000,,61.75,,TUN,Tunisie,A,Valeur normale,0,Units,2,Two
DATAFLOW,OECD.CFE.EDS:DSD_REG_DEMO@DF_DENSITY(2.0),Densité de population - Régions,I,A,Annuelle,CTRY,Pays,TUN,Tunisie,_Z,N'est pas applicable,POP,Population,_T,Total,_T,Total,PS_KM2,Personnes par kilomètre carré,2004,,64.2,,TUN,Tunisie,A,Valeur normale,0,Units,2,Two
DATAFLOW,OECD.CFE.EDS:DSD_REG_DEMO@DF_DENSITY(2.0),Densité de population - Régions,I,A,Annuelle,CTRY,Pays,TUN,Tunisie,_Z,N'est pas applicable,POP,Population,_T,Total,_T,Total,PS_KM2,Personnes par kilomètre carré,1995,,57.9,,TUN,Tunisie,A,Valeur normale,0,Units,2,Two
DATAFLOW,OECD.CFE.EDS:DSD_REG_DEMO@DF_DENSITY(2.0),Densité de population - Régions,I,A,Annuelle,CTRY,Pays,TUN,Tunisie,_Z,N'est pas applicable,POP,Population,_T,Total,_T,Total,PS_KM2,Personnes par kilomètre carré,1994,,56.79,,TUN,Tunisie,A,Valeur normale,0,Units,2,Two
DATAFLOW,OECD.CFE.EDS:DSD_REG_DEMO@DF_DENSITY(2.0),Densité de population - Régions,I,A,Annuelle,CTRY,Pays,TUN,Tunisie,_Z,N'est pas applicable,POP,Population,_T,Total,_T,Total,PS_KM2,Personnes par kilomètre carré,1999,,61.12,,TUN,Tunisie,A,Valeur normale,0,Units,2,Two
DATAFLOW,OECD.CFE.EDS:DSD_REG_DEMO@DF_DENSITY(2.0),Densité de population - Régions,I,A,Annuelle,CTRY,Pays,TUN,Tunisie,_Z,N'est pas applicable,POP,Population,_T,Total,_T,Total,PS_KM2,Personnes par kilomètre carré,1993,,55.41,,TUN,Tunisie,A,Valeur normale,0,Units,2,Two
DATAFLOW,OECD.CFE.EDS:DSD_REG_DEMO@DF_DENSITY(2.0),Densité de population - Régions,I,A,Annuelle,CTRY,Pays,TUN,Tunisie,_Z,N'est pas applicable,POP,Population,_T,Total,_T,Total,PS_KM2,Personnes par kilomètre carré,2003,,63.6,,TUN,Tunisie,A,Valeur normale,0,Units,2,Two
DATAFLOW,OECD.CFE.EDS:DSD_REG_DEMO@DF_DENSITY(2.0),Densité de population - Régions,I,A,Annuelle,CTRY,Pays,TUN,Tunisie,_Z,N'est pas applicable,POP,Population,_T,Total,_T,Total,PS,Personnes,2015,,11162666,,TUN,Tunisie,A,Valeur normale,0,Units,0,Zero
DATAFLOW,OECD.CFE.EDS:DSD_REG_DEMO@DF_DENSITY(2.0),Densité de population - Régions,I,A,Annuelle,CTRY,Pays,TUN,Tunisie,_Z,N'est pas applicable,POP,Population,_T,Total,_T,Total,PS,Personnes,2016,,11304483,,TUN,Tunisie,A,Valeur normale,0,Units,0,Zero
DATAFLOW,OECD.CFE.EDS:DSD_REG_DEMO@DF_DENSITY(2.0),Densité de population - Régions,I,A,Annuelle,CTRY,Pays,TUN,Tunisie,_Z,N'est pas applicable,POP,Population,_T,Total,_T,Total,PS,Personnes,2017,,11434994,,TUN,Tunisie,A,Valeur normale,0,Units,0,Zero
DATAFLOW,OECD.CFE.EDS:DSD_REG_DEMO@DF_DENSITY(2.0),Densité de population - Régions,I,A,Annuelle,CTRY,Pays,TUN,Tunisie,_Z,N'est pas applicable,POP,Population,_T,Total,_T,Total,PS,Personnes,2018,,11551448,,TUN,Tunisie,A,Valeur normale,0,Units,0,Zero
DATAFLOW,OECD.CFE.EDS:DSD_REG_DEMO@DF_DENSITY(2.0),Densité de population - Régions,I,A,Annuelle,CTRY,Pays,AUS,Australie,_Z,N'est pas applicable,POP,Population,_T,Total,_T,Total,PS_KM2,Personnes par kilomètre carré,2003,,2.56,,AUS,Australie,A,Valeur normale,0,Units,2,Two
DATAFLOW,OECD.CFE.EDS:DSD_REG_DEMO@DF_DENSITY(2.0),Densité de population - Régions,I,A,Annuelle,CTRY,Pays,AUT,Autriche,_Z,N'est pas applicable,POP,Population,_T,Total,_T,Total,PS_KM2,Personnes par kilomètre carré,2011,,101.49,,AUT,Autriche,A,Valeur normale,0,Units,2,Two
DATAFLOW,OECD.CFE.EDS:DSD_REG_DEMO@DF_DENSITY(2.0),Densité de population - Régions,I,A,Annuelle,CTRY,Pays,BEL,Belgique,_Z,N'est pas applicable,POP,Population,_T,Total,_T,Total,PS_KM2,Personnes par kilomètre carré,2003,,340.07,,BEL,Belgique,A,Valeur normale,0,Units,2,Two
DATAFLOW,OECD.CFE.EDS:DSD_REG_DEMO@DF_DENSITY(2.0),Densité de population - Régions,I,A,Annuelle,CTRY,Pays,CAN,Canada,_Z,N'est pas applicable,POP,Population,_T,Total,_T,Total,PS_KM2,Personnes par kilomètre carré,2006,,3.63,,CAN,Canada,A,Valeur normale,0,Units,2,Two
DATAFLOW,OECD.CFE.EDS:DSD_REG_DEMO@DF_DENSITY(2.0),Densité de population - Régions,I,A,Annuelle,CTRY,Pays,CHL,Chili,_Z,N'est pas applicable,POP,Population,_T,Total,_T,Total,PS_KM2,Personnes par kilomètre carré,2012,,23.48,,CHL,Chili,A,Valeur normale,0,Units,2,Two
DATAFLOW,OECD.CFE.EDS:DSD_REG_DEMO@DF_DENSITY(2.0),Densité de population - Régions,I,A,Annuelle,CTRY,Pays,COL,Colombie,_Z,N'est pas applicable,POP,Population,_T,Total,_T,Total,PS_KM2,Personnes par kilomètre carré,2010,,38.61,,COL,Colombie,A,Valeur normale,0,Units,2,Two
DATAFLOW,OECD.CFE.EDS:DSD_REG_DEMO@DF_DENSITY(2.0),Densité de population - Régions,I,A,Annuelle,CTRY,Pays,CRI,Costa Rica,_Z,N'est pas applicable,POP,Population,_T,Total,_T,Total,PS,Personnes,2010,,4533894,,CRI,Costa Rica,A,Valeur normale,0,Units,0,Zero
DATAFLOW,OECD.CFE.EDS:DSD_REG_DEMO@DF_DENSITY(2.0),Densité de population - Régions,I,A,Annuelle,CTRY,Pays,CZE,Tchèquie,_Z,N'est pas applicable,POP,Population,_T,Total,_T,Total,PS_KM2,Personnes par kilomètre carré,2003,,132.01,,CZE,Tchéquie,A,Valeur normale,0,Units,2,Two
DATAFLOW,OECD.CFE.EDS:DSD_REG_DEMO@DF_DENSITY(2.0),Densité de population - Régions,I,A,Annuelle,CTRY,Pays,DNK,Danemark,_Z,N'est pas applicable,POP,Population,_T,Total,_T,Total,PS_KM2,Personnes par kilomètre carré,2007,,129.73,,DNK,Danemark,A,Valeur normale,0,Units,2,Two
DATAFLOW,OECD.CFE.EDS:DSD_REG_DEMO@DF_DENSITY(2.0),Densité de population - Régions,I,A,Annuelle,CTRY,Pays,EST,Estonie,_Z,N'est pas applicable,POP,Population,_T,Total,_T,Total,PS_KM2,Personnes par kilomètre carré,2005,,31.52,,EST,Estonie,A,Valeur normale,0,Units,2,Two
DATAFLOW,OECD.CFE.EDS:DSD_REG_DEMO@DF_DENSITY(2.0),Densité de population - Régions,I,A,Annuelle,CTRY,Pays,FIN,Finlande,_Z,N'est pas applicable,POP,Population,_T,Total,_T,Total,PS_KM2,Personnes par kilomètre carré,2010,,17.59,,FIN,Finlande,A,Valeur normale,0,Units,2,Two
DATAFLOW,OECD.CFE.EDS:DSD_REG_DEMO@DF_DENSITY(2.0),Densité de population - Régions,I,A,Annuelle,CTRY,Pays,FRA,France,_Z,N'est pas applicable,POP,Population,_T,Total,_T,Total,PS_KM2,Personnes par kilomètre carré,2006,,99.75,,FRA,France,A,Valeur normale,0,Units,2,Two
DATAFLOW,OECD.CFE.EDS:DSD_REG_DEMO@DF_DENSITY(2.0),Densité de population - Régions,I,A,Annuelle,CTRY,Pays,DEU,Allemagne,_Z,N'est pas applicable,POP,Population,_T,Total,_T,Total,PS_KM2,Personnes par kilomètre carré,2012,,227.37,,DEU,Allemagne,A,Valeur normale,0,Units,2,Two
DATAFLOW,OECD.CFE.EDS:DSD_REG_DEMO@DF_DENSITY(2.0),Densité de population - Régions,I,A,Annuelle,CTRY,Pays,GRC,Grèce,_Z,N'est pas applicable,POP,Population,_T,Total,_T,Total,PS_KM2,Personnes par kilomètre carré,2015,,83.49,,GRC,Grèce,A,Valeur normale,0,Units,2,Two
DATAFLOW,OECD.CFE.EDS:DSD_REG_DEMO@DF_DENSITY(2.0),Densité de population - Régions,I,A,Annuelle,CTRY,Pays,HUN,Hongrie,_Z,N'est pas applicable,POP,Population,_T,Total,_T,Total,PS_KM2,Personnes par kilomètre carré,2011,,109.43,,HUN,Hongrie,A,Valeur normale,0,Units,2,Two
DATAFLOW,OECD.CFE.EDS:DSD_REG_DEMO@DF_DENSITY(2.0),Densité de population - Régions,I,A,Annuelle,CTRY,Pays,ISL,Islande,_Z,N'est pas applicable,POP,Population,_T,Total,_T,Total,PS_KM2,Personnes par kilomètre carré,2005,,2.92,,ISL,Islande,A,Valeur normale,0,Units,2,Two
DATAFLOW,OECD.CFE.EDS:DSD_REG_DEMO@DF_DENSITY(2.0),Densité de population - Régions,I,A,Annuelle,CTRY,Pays,IRL,Irlande,_Z,N'est pas applicable,POP,Population,_T,Total,_T,Total,PS_KM2,Personnes par kilomètre carré,2012,,66.85,,IRL,Irlande,A,Valeur normale,0,Units,2,Two
DATAFLOW,OECD.CFE.EDS:DSD_REG_DEMO@DF_DENSITY(2.0),Densité de population - Régions,I,A,Annuelle,CTRY,Pays,ISR,Israël,_Z,N'est pas applicable,POP,Population,_T,Total,_T,Total,PS_KM2,Personnes par kilomètre carré,2018,,387.4,,ISR,Israël,A,Valeur normale,0,Units,2,Two
DATAFLOW,OECD.CFE.EDS:DSD_REG_DEMO@DF_DENSITY(2.0),Densité de population - Régions,I,A,Annuelle,CTRY,Pays,ITA,Italie,_Z,N'est pas applicable,POP,Population,_T,Total,_T,Total,PS_KM2,Personnes par kilomètre carré,2007,,196.46,,ITA,Italie,A,Valeur normale,0,Units,2,Two
DATAFLOW,OECD.CFE.EDS:DSD_REG_DEMO@DF_DENSITY(2.0),Densité de population - Régions,I,A,Annuelle,CTRY,Pays,JPN,Japon,_Z,N'est pas applicable,POP,Population,_T,Total,_T,Total,PS_KM2,Personnes par kilomètre carré,2011,,342.13,,JPN,Japon,A,Valeur normale,0,Units,2,Two
DATAFLOW,OECD.CFE.EDS:DSD_REG_DEMO@DF_DENSITY(2.0),Densité de population - Régions,I,A,Annuelle,CTRY,Pays,KOR,Corée,_Z,N'est pas applicable,POP,Population,_T,Total,_T,Total,PS_KM2,Personnes par kilomètre carré,2006,,487.01,,KOR,Corée,A,Valeur normale,0,Units,2,Two
DATAFLOW,OECD.CFE.EDS:DSD_REG_DEMO@DF_DENSITY(2.0),Densité de population - Régions,I,A,Annuelle,CTRY,Pays,LVA,Lettonie,_Z,N'est pas applicable,POP,Population,_T,Total,_T,Total,PS_KM2,Personnes par kilomètre carré,2012,,32.31,,LVA,Lettonie,A,Valeur normale,0,Units,2,Two
DATAFLOW,OECD.CFE.EDS:DSD_REG_DEMO@DF_DENSITY(2.0),Densité de population - Régions,I,A,Annuelle,CTRY,Pays,LTU,Lituanie,_Z,N'est pas applicable,POP,Population,_T,Total,_T,Total,PS_KM2,Personnes par kilomètre carré,2012,,47.95,,LTU,Lituanie,A,Valeur normale,0,Units,2,Two
DATAFLOW,OECD.CFE.EDS:DSD_REG_DEMO@DF_DENSITY(2.0),Densité de population - Régions,I,A,Annuelle,CTRY,Pays,LUX,Luxembourg,_Z,N'est pas applicable,POP,Population,_T,Total,_T,Total,PS_KM2,Personnes par kilomètre carré,2003,,173.36,,LUX,Luxembourg,A,Valeur normale,0,Units,2,Two
DATAFLOW,OECD.CFE.EDS:DSD_REG_DEMO@DF_DENSITY(2.0),Densité de population - Régions,I,A,Annuelle,CTRY,Pays,MEX,Mexique,_Z,N'est pas applicable,POP,Population,_T,Total,_T,Total,PS_KM2,Personnes par kilomètre carré,2004,,53.23,,MEX,Mexique,A,Valeur normale,0,Units,2,Two
DATAFLOW,OECD.CFE.EDS:DSD_REG_DEMO@DF_DENSITY(2.0),Densité de population - Régions,I,A,Annuelle,CTRY,Pays,NLD,Pays-Bas,_Z,N'est pas applicable,POP,Population,_T,Total,_T,Total,PS_KM2,Personnes par kilomètre carré,2012,,489.36,,NLD,Pays-Bas,A,Valeur normale,0,Units,2,Two
DATAFLOW,OECD.CFE.EDS:DSD_REG_DEMO@DF_DENSITY(2.0),Densité de population - Régions,I,A,Annuelle,CTRY,Pays,NZL,Nouvelle-Zélande,_Z,N'est pas applicable,POP,Population,_T,Total,_T,Total,PS_KM2,Personnes par kilomètre carré,2021,,19.19,,NZL,Nouvelle-Zélande,A,Valeur normale,0,Units,2,Two
DATAFLOW,OECD.CFE.EDS:DSD_REG_DEMO@DF_DENSITY(2.0),Densité de population - Régions,I,A,Annuelle,CTRY,Pays,NOR,Norvège,_Z,N'est pas applicable,POP,Population,_T,Total,_T,Total,PS_KM2,Personnes par kilomètre carré,2006,,12.74,,NOR,Norvège,A,Valeur normale,0,Units,2,Two
DATAFLOW,OECD.CFE.EDS:DSD_REG_DEMO@DF_DENSITY(2.0),Densité de population - Régions,I,A,Annuelle,CTRY,Pays,POL,Pologne,_Z,N'est pas applicable,POP,Population,_T,Total,_T,Total,PS_KM2,Personnes par kilomètre carré,2011,,123.89,,POL,Pologne,A,Valeur normale,0,Units,2,Two
DATAFLOW,OECD.CFE.EDS:DSD_REG_DEMO@DF_DENSITY(2.0),Densité de population - Régions,I,A,Annuelle,CTRY,Pays,PRT,Portugal,_Z,N'est pas applicable,POP,Population,_T,Total,_T,Total,PS_KM2,Personnes par kilomètre carré,2006,,115.52,,PRT,Portugal,A,Valeur normale,0,Units,2,Two
DATAFLOW,OECD.CFE.EDS:DSD_REG_DEMO@DF_DENSITY(2.0),Densité de population - Régions,I,A,Annuelle,CTRY,Pays,SVK,République slovaque,_Z,N'est pas applicable,POP,Population,_T,Total,_T,Total,PS_KM2,Personnes par kilomètre carré,2007,,110.33,,SVK,République slovaque,A,Valeur normale,0,Units,2,Two
DATAFLOW,OECD.CFE.EDS:DSD_REG_DEMO@DF_DENSITY(2.0),Densité de population - Régions,I,A,Annuelle,CTRY,Pays,SVN,Slovénie,_Z,N'est pas applicable,POP,Population,_T,Total,_T,Total,PS_KM2,Personnes par kilomètre carré,2006,,99.45,,SVN,Slovénie,A,Valeur normale,0,Units,2,Two
DATAFLOW,OECD.CFE.EDS:DSD_REG_DEMO@DF_DENSITY(2.0),Densité de population - Régions,I,A,Annuelle,CTRY,Pays,ESP,Espagne,_Z,N'est pas applicable,POP,Population,_T,Total,_T,Total,PS,Personnes,2015,,46425722,,ESP,Espagne,A,Valeur normale,0,Units,0,Zero
DATAFLOW,OECD.CFE.EDS:DSD_REG_DEMO@DF_DENSITY(2.0),Densité de population - Régions,I,A,Annuelle,CTRY,Pays,SWE,Suède,_Z,N'est pas applicable,POP,Population,_T,Total,_T,Total,PS_KM2,Personnes par kilomètre carré,2015,,23.93,,SWE,Suède,A,Valeur normale,0,Units,2,Two
DATAFLOW,OECD.CFE.EDS:DSD_REG_DEMO@DF_DENSITY(2.0),Densité de population - Régions,I,A,Annuelle,CTRY,Pays,CHE,Suisse,_Z,N'est pas applicable,POP,Population,_T,Total,_T,Total,PS_KM2,Personnes par kilomètre carré,2012,,199.57,,CHE,Suisse,A,Valeur normale,0,Units,2,Two
DATAFLOW,OECD.CFE.EDS:DSD_REG_DEMO@DF_DENSITY(2.0),Densité de population - Régions,I,A,Annuelle,CTRY,Pays,TUR,Türkiye,_Z,N'est pas applicable,POP,Population,_T,Total,_T,Total,PS_KM2,Personnes par kilomètre carré,2011,,96.18,,TUR,Türkiye,A,Valeur normale,0,Units,2,Two
DATAFLOW,OECD.CFE.EDS:DSD_REG_DEMO@DF_DENSITY(2.0),Densité de population - Régions,I,A,Annuelle,CTRY,Pays,GBR,Royaume-Uni,_Z,N'est pas applicable,POP,Population,_T,Total,_T,Total,PS_KM2,Personnes par kilomètre carré,2009,,256.48,,GBR,Royaume-Uni,A,Valeur normale,0,Units,2,Two
DATAFLOW,OECD.CFE.EDS:DSD_REG_DEMO@DF_DENSITY(2.0),Densité de population - Régions,I,A,Annuelle,CTRY,Pays,USA,États-Unis,_Z,N'est pas applicable,POP,Population,_T,Total,_T,Total,PS_KM2,Personnes par kilomètre carré,2012,,34.25,,USA,États-Unis,A,Valeur normale,0,Units,2,Two
DATAFLOW,OECD.CFE.EDS:DSD_REG_DEMO@DF_DENSITY(2.0),Densité de population - Régions,I,A,Annuelle,CTRY,Pays,EU27_2020,UE-27,_Z,N'est pas applicable,POP,Population,_T,Total,_T,Total,PS_KM2,Personnes par kilomètre carré,2017,,108.35,,EU27_2020,Union européenne (27 pays à partir du 01/02/2020),E,Valeur estimée,0,Units,2,Two
DATAFLOW,OECD.CFE.EDS:DSD_REG_DEMO@DF_DENSITY(2.0),Densité de population - Régions,I,A,Annuelle,CTRY,Pays,ALB,Albanie,_Z,N'est pas applicable,POP,Population,_T,Total,_T,Total,PS_KM2,Personnes par kilomètre carré,2016,,102.31,,ALB,Albanie,A,Valeur normale,0,Units,2,Two
DATAFLOW,OECD.CFE.EDS:DSD_REG_DEMO@DF_DENSITY(2.0),Densité de population - Régions,I,A,Annuelle,CTRY,Pays,BRA,Brésil,_Z,N'est pas applicable,POP,Population,_T,Total,_T,Total,PS_KM2,Personnes par kilomètre carré,2003,,20.78,,BRA,Brésil,A,Valeur normale,0,Units,2,Two
DATAFLOW,OECD.CFE.EDS:DSD_REG_DEMO@DF_DENSITY(2.0),Densité de population - Régions,I,A,Annuelle,CTRY,Pays,BGR,Bulgarie,_Z,N'est pas applicable,POP,Population,_T,Total,_T,Total,PS_KM2,Personnes par kilomètre carré,2007,,68.84,,BGR,Bulgarie,A,Valeur normale,0,Units,2,Two
DATAFLOW,OECD.CFE.EDS:DSD_REG_DEMO@DF_DENSITY(2.0),Densité de population - Régions,I,A,Annuelle,CTRY,Pays,CHN,Chine (République populaire de),_Z,N'est pas applicable,POP,Population,_T,Total,_T,Total,PS_KM2,Personnes par kilomètre carré,2000,,132.01,,CHN,Chine (République populaire de),A,Valeur normale,0,Units,2,Two
DATAFLOW,OECD.CFE.EDS:DSD_REG_DEMO@DF_DENSITY(2.0),Densité de population - Régions,I,A,Annuelle,CTRY,Pays,HRV,Croatie,_Z,N'est pas applicable,POP,Population,_T,Total,_T,Total,PS_KM2,Personnes par kilomètre carré,1996,,81.96,,HRV,Croatie,E,Valeur estimée,0,Units,2,Two
DATAFLOW,OECD.CFE.EDS:DSD_REG_DEMO@DF_DENSITY(2.0),Densité de population - Régions,I,A,Annuelle,CTRY,Pays,CYP,Chypre,_Z,N'est pas applicable,POP,Population,_T,Total,_T,Total,PS_KM2,Personnes par kilomètre carré,2007,,82.27,,CYP,Chypre,A,Valeur normale,0,Units,2,Two
DATAFLOW,OECD.CFE.EDS:DSD_REG_DEMO@DF_DENSITY(2.0),Densité de population - Régions,I,A,Annuelle,CTRY,Pays,IND,Inde,_Z,N'est pas applicable,POP,Population,_T,Total,_T,Total,PS_KM2,Personnes par kilomètre carré,2009,,372.1,,IND,Inde,A,Valeur normale,0,Units,2,Two
DATAFLOW,OECD.CFE.EDS:DSD_REG_DEMO@DF_DENSITY(2.0),Densité de population - Régions,I,A,Annuelle,CTRY,Pays,MLT,Malte,_Z,N'est pas applicable,POP,Population,_T,Total,_T,Total,PS_KM2,Personnes par kilomètre carré,2011,,1325.84,,MLT,Malte,A,Valeur normale,0,Units,2,Two
DATAFLOW,OECD.CFE.EDS:DSD_REG_DEMO@DF_DENSITY(2.0),Densité de population - Régions,I,A,Annuelle,CTRY,Pays,MKD,Macédoine du Nord,_Z,N'est pas applicable,POP,Population,_T,Total,_T,Total,PS_KM2,Personnes par kilomètre carré,2005,,81.75,,MKD,Macédoine du Nord,A,Valeur normale,0,Units,2,Two
DATAFLOW,OECD.CFE.EDS:DSD_REG_DEMO@DF_DENSITY(2.0),Densité de population - Régions,I,A,Annuelle,CTRY,Pays,PER,Pérou,_Z,N'est pas applicable,POP,Population,_T,Total,_T,Total,PS_KM2,Personnes par kilomètre carré,2006,,21.74,,PER,Pérou,A,Valeur normale,0,Units,2,Two
DATAFLOW,OECD.CFE.EDS:DSD_REG_DEMO@DF_DENSITY(2.0),Densité de population - Régions,I,A,Annuelle,CTRY,Pays,ROU,Roumanie,_Z,N'est pas applicable,POP,Population,_T,Total,_T,Total,PS_KM2,Personnes par kilomètre carré,2011,,86.22,,ROU,Roumanie,A,Valeur normale,0,Units,2,Two
DATAFLOW,OECD.CFE.EDS:DSD_REG_DEMO@DF_DENSITY(2.0),Densité de population - Régions,I,A,Annuelle,CTRY,Pays,RUS,Russie,_Z,N'est pas applicable,POP,Population,_T,Total,_T,Total,PS_KM2,Personnes par kilomètre carré,2010,,7.8,,RUS,Russie,A,Valeur normale,0,Units,2,Two
DATAFLOW,OECD.CFE.EDS:DSD_REG_DEMO@DF_DENSITY(2.0),Densité de population - Régions,I,A,Annuelle,CTRY,Pays,ZAF,Afrique du Sud,_Z,N'est pas applicable,POP,Population,_T,Total,_T,Total,PS_KM2,Personnes par kilomètre carré,2006,,39.67,,ZAF,Afrique du Sud,A,Valeur normale,0,Units,2,Two
DATAFLOW,OECD.CFE.EDS:DSD_REG_DEMO@DF_DENSITY(2.0),Densité de population - Régions,I,A,Annuelle,CTRY,Pays,TUN,Tunisie,_Z,N'est pas applicable,POP,Population,_T,Total,_T,Total,PS,Personnes,2005,,10029100,,TUN,Tunisie,A,Valeur normale,0,Units,0,Zero
