STRUCTURE,STRUCTURE_ID,STRUCTURE_NAME,ACTION,FREQ,Frequency of observation,TERRITORIAL_LEVEL,Territorial level,REF_AREA,Reference area,TERRITORIAL_TYPE,Territorial typology,MEASURE,Measure,AGE,Age,SEX,Sex,UNIT_MEASURE,Unit of measure,TIME_PERIOD,Time period,OBS_VALUE,Observation value,COUNTRY,Country,OBS_STATUS,Observation status,UNIT_MULT,Unit multiplier,DECIMALS,Decimals
DATAFLOW,OECD.CFE.EDS:DSD_REG_DEMO@DF_DENSITY(2.0),Population density - Regions,I,A,Annual,CTRY,Country,AUS,Australia,_Z,Not applicable,POP,Population,_T,Total,_T,Total,PS_KM2,Persons per square kilometer,2007,,2.7,,AUS,Australia,A,Normal value,0,Units,2,Two
DATAFLOW,OECD.CFE.EDS:DSD_REG_DEMO@DF_DENSITY(2.0),Population density - Regions,I,A,Annual,CTRY,Country,AUS,Australia,_Z,Not applicable,POP,Population,_T,Total,_T,Total,PS_KM2,Persons per square kilometer,2006,,2.65,,AUS,Australia,A,Normal value,0,Units,2,Two
DATAFLOW,OECD.CFE.EDS:DSD_REG_DEMO@DF_DENSITY(2.0),Population density - Regions,I,A,Annual,CTRY,Country,AUS,Australia,_Z,Not applicable,POP,Population,_T,Total,_T,Total,PS_KM2,Persons per square kilometer,1992,,2.27,,AUS,Australia,A,Normal value,0,Units,2,Two
DATAFLOW,OECD.CFE.EDS:DSD_REG_DEMO@DF_DENSITY(2.0),Population density - Regions,I,A,Annual,CTRY,Country,AUS,Australia,_Z,Not applicable,POP,Population,_T,Total,_T,Total,PS_KM2,Persons per square kilometer,1991,,2.24,,AUS,Australia,A,Normal value,0,Units,2,Two
DATAFLOW,OECD.CFE.EDS:DSD_REG_DEMO@DF_DENSITY(2.0),Population density - Regions,I,A,Annual,CTRY,Country,AUS,Australia,_Z,Not applicable,POP,Population,_T,Total,_T,Total,PS_KM2,Persons per square kilometer,2001,,2.5,,AUS,Australia,A,Normal value,0,Units,2,Two
DATAFLOW,OECD.CFE.EDS:DSD_REG_DEMO@DF_DENSITY(2.0),Population density - Regions,I,A,Annual,CTRY,Country,AUS,Australia,_Z,Not applicable,POP,Population,_T,Total,_T,Total,PS_KM2,Persons per square kilometer,1995,,2.34,,AUS,Australia,A,Normal value,0,Units,2,Two
DATAFLOW,OECD.CFE.EDS:DSD_REG_DEMO@DF_DENSITY(2.0),Population density - Regions,I,A,Annual,CTRY,Country,AUS,Australia,_Z,Not applicable,POP,Population,_T,Total,_T,Total,PS_KM2,Persons per square kilometer,1994,,2.31,,AUS,Australia,A,Normal value,0,Units,2,Two
DATAFLOW,OECD.CFE.EDS:DSD_REG_DEMO@DF_DENSITY(2.0),Population density - Regions,I,A,Annual,CTRY,Country,AUS,Australia,_Z,Not applicable,POP,Population,_T,Total,_T,Total,PS_KM2,Persons per square kilometer,1996,,2.37,,AUS,Australia,A,Normal value,0,Units,2,Two
DATAFLOW,OECD.CFE.EDS:DSD_REG_DEMO@DF_DENSITY(2.0),Population density - Regions,I,A,Annual,CTRY,Country,AUS,Australia,_Z,Not applicable,POP,Population,_T,Total,_T,Total,PS_KM2,Persons per square kilometer,1993,,2.29,,AUS,Australia,A,Normal value,0,Units,2,Two
DATAFLOW,OECD.CFE.EDS:DSD_REG_DEMO@DF_DENSITY(2.0),Population density - Regions,I,A,Annual,CTRY,Country,AUS,Australia,_Z,Not applicable,POP,Population,_T,Total,_T,Total,PS_KM2,Persons per square kilometer,2016,,3.14,,AUS,Australia,A,Normal value,0,Units,2,Two
DATAFLOW,OECD.CFE.EDS:DSD_REG_DEMO@DF_DENSITY(2.0),Population density - Regions,I,A,Annual,CTRY,Country,AUS,Australia,_Z,Not applicable,POP,Population,_T,Total,_T,Total,PS_KM2,Persons per square kilometer,2015,,3.09,,AUS,Australia,A,Normal value,0,Units,2,Two
DATAFLOW,OECD.CFE.EDS:DSD_REG_DEMO@DF_DENSITY(2.0),Population density - Regions,I,A,Annual,CTRY,Country,AUS,Australia,_Z,Not applicable,POP,Population,_T,Total,_T,Total,PS_KM2,Persons per square kilometer,2014,,3.05,,AUS,Australia,A,Normal value,0,Units,2,Two
DATAFLOW,OECD.CFE.EDS:DSD_REG_DEMO@DF_DENSITY(2.0),Population density - Regions,I,A,Annual,CTRY,Country,AUS,Australia,_Z,Not applicable,POP,Population,_T,Total,_T,Total,PS_KM2,Persons per square kilometer,2013,,3,,AUS,Australia,A,Normal value,0,Units,2,Two
DATAFLOW,OECD.CFE.EDS:DSD_REG_DEMO@DF_DENSITY(2.0),Population density - Regions,I,A,Annual,CTRY,Country,AUS,Australia,_Z,Not applicable,POP,Population,_T,Total,_T,Total,PS_KM2,Persons per square kilometer,2009,,2.82,,AUS,Australia,A,Normal value,0,Units,2,Two
DATAFLOW,OECD.CFE.EDS:DSD_REG_DEMO@DF_DENSITY(2.0),Population density - Regions,I,A,Annual,CTRY,Country,AUS,Australia,_Z,Not applicable,POP,Population,_T,Total,_T,Total,PS_KM2,Persons per square kilometer,2022,,3.38,,AUS,Australia,A,Normal value,0,Units,2,Two
DATAFLOW,OECD.CFE.EDS:DSD_REG_DEMO@DF_DENSITY(2.0),Population density - Regions,I,A,Annual,CTRY,Country,AUS,Australia,_Z,Not applicable,POP,Population,_T,Total,_T,Total,PS_KM2,Persons per square kilometer,2008,,2.76,,AUS,Australia,A,Normal value,0,Units,2,Two
DATAFLOW,OECD.CFE.EDS:DSD_REG_DEMO@DF_DENSITY(2.0),Population density - Regions,I,A,Annual,CTRY,Country,AUS,Australia,_Z,Not applicable,POP,Population,_T,Total,_T,Total,PS_KM2,Persons per square kilometer,1990,,2.22,,AUS,Australia,A,Normal value,0,Units,2,Two
DATAFLOW,OECD.CFE.EDS:DSD_REG_DEMO@DF_DENSITY(2.0),Population density - Regions,I,A,Annual,CTRY,Country,AUS,Australia,_Z,Not applicable,POP,Population,_T,Total,_T,Total,PS_KM2,Persons per square kilometer,2004,,2.59,,AUS,Australia,A,Normal value,0,Units,2,Two
DATAFLOW,OECD.CFE.EDS:DSD_REG_DEMO@DF_DENSITY(2.0),Population density - Regions,I,A,Annual,CTRY,Country,AUS,Australia,_Z,Not applicable,POP,Population,_T,Total,_T,Total,PS_KM2,Persons per square kilometer,2003,,2.56,,AUS,Australia,A,Normal value,0,Units,2,Two
DATAFLOW,OECD.CFE.EDS:DSD_REG_DEMO@DF_DENSITY(2.0),Population density - Regions,I,A,Annual,CTRY,Country,AUS,Australia,_Z,Not applicable,POP,Population,_T,Total,_T,Total,PS_KM2,Persons per square kilometer,2002,,2.53,,AUS,Australia,A,Normal value,0,Units,2,Two
DATAFLOW,OECD.CFE.EDS:DSD_REG_DEMO@DF_DENSITY(2.0),Population density - Regions,I,A,Annual,CTRY,Country,AUS,Australia,_Z,Not applicable,POP,Population,_T,Total,_T,Total,PS_KM2,Persons per square kilometer,1998,,2.42,,AUS,Australia,A,Normal value,0,Units,2,Two
DATAFLOW,OECD.CFE.EDS:DSD_REG_DEMO@DF_DENSITY(2.0),Population density - Regions,I,A,Annual,CTRY,Country,AUS,Australia,_Z,Not applicable,POP,Population,_T,Total,_T,Total,PS_KM2,Persons per square kilometer,1997,,2.39,,AUS,Australia,A,Normal value,0,Units,2,Two
DATAFLOW,OECD.CFE.EDS:DSD_REG_DEMO@DF_DENSITY(2.0),Population density - Regions,I,A,Annual,CTRY,Country,AUS,Australia,_Z,Not applicable,POP,Population,_T,Total,_T,Total,PS_KM2,Persons per square kilometer,2012,,2.95,,AUS,Australia,A,Normal value,0,Units,2,Two
DATAFLOW,OECD.CFE.EDS:DSD_REG_DEMO@DF_DENSITY(2.0),Population density - Regions,I,A,Annual,CTRY,Country,AUS,Australia,_Z,Not applicable,POP,Population,_T,Total,_T,Total,PS_KM2,Persons per square kilometer,2019,,3.29,,AUS,Australia,A,Normal value,0,Units,2,Two
DATAFLOW,OECD.CFE.EDS:DSD_REG_DEMO@DF_DENSITY(2.0),Population density - Regions,I,A,Annual,CTRY,Country,AUS,Australia,_Z,Not applicable,POP,Population,_T,Total,_T,Total,PS_KM2,Persons per square kilometer,2018,,3.24,,AUS,Australia,A,Normal value,0,Units,2,Two
DATAFLOW,OECD.CFE.EDS:DSD_REG_DEMO@DF_DENSITY(2.0),Population density - Regions,I,A,Annual,CTRY,Country,AUS,Australia,_Z,Not applicable,POP,Population,_T,Total,_T,Total,PS_KM2,Persons per square kilometer,2017,,3.19,,AUS,Australia,A,Normal value,0,Units,2,Two
DATAFLOW,OECD.CFE.EDS:DSD_REG_DEMO@DF_DENSITY(2.0),Population density - Regions,I,A,Annual,CTRY,Country,AUS,Australia,_Z,Not applicable,POP,Population,_T,Total,_T,Total,PS_KM2,Persons per square kilometer,2023,,3.46,,AUS,Australia,A,Normal value,0,Units,2,Two
DATAFLOW,OECD.CFE.EDS:DSD_REG_DEMO@DF_DENSITY(2.0),Population density - Regions,I,A,Annual,CTRY,Country,AUS,Australia,_Z,Not applicable,POP,Population,_T,Total,_T,Total,PS_KM2,Persons per square kilometer,2010,,2.86,,AUS,Australia,A,Normal value,0,Units,2,Two
DATAFLOW,OECD.CFE.EDS:DSD_REG_DEMO@DF_DENSITY(2.0),Population density - Regions,I,A,Annual,CTRY,Country,AUS,Australia,_Z,Not applicable,POP,Population,_T,Total,_T,Total,PS_KM2,Persons per square kilometer,2005,,2.62,,AUS,Australia,A,Normal value,0,Units,2,Two
DATAFLOW,OECD.CFE.EDS:DSD_REG_DEMO@DF_DENSITY(2.0),Population density - Regions,I,A,Annual,CTRY,Country,AUS,Australia,_Z,Not applicable,POP,Population,_T,Total,_T,Total,PS_KM2,Persons per square kilometer,2011,,2.9,,AUS,Australia,A,Normal value,0,Units,2,Two
DATAFLOW,OECD.CFE.EDS:DSD_REG_DEMO@DF_DENSITY(2.0),Population density - Regions,I,A,Annual,CTRY,Country,AUS,Australia,_Z,Not applicable,POP,Population,_T,Total,_T,Total,PS_KM2,Persons per square kilometer,2000,,2.47,,AUS,Australia,A,Normal value,0,Units,2,Two
DATAFLOW,OECD.CFE.EDS:DSD_REG_DEMO@DF_DENSITY(2.0),Population density - Regions,I,A,Annual,CTRY,Country,AUS,Australia,_Z,Not applicable,POP,Population,_T,Total,_T,Total,PS_KM2,Persons per square kilometer,1999,,2.44,,AUS,Australia,A,Normal value,0,Units,2,Two
DATAFLOW,OECD.CFE.EDS:DSD_REG_DEMO@DF_DENSITY(2.0),Population density - Regions,I,A,Annual,CTRY,Country,AUS,Australia,_Z,Not applicable,POP,Population,_T,Total,_T,Total,PS_KM2,Persons per square kilometer,2021,,3.33,,AUS,Australia,A,Normal value,0,Units,2,Two
DATAFLOW,OECD.CFE.EDS:DSD_REG_DEMO@DF_DENSITY(2.0),Population density - Regions,I,A,Annual,CTRY,Country,AUT,Austria,_Z,Not applicable,POP,Population,_T,Total,_T,Total,PS_KM2,Persons per square kilometer,1993,,95.52,,AUT,Austria,A,Normal value,0,Units,2,Two
DATAFLOW,OECD.CFE.EDS:DSD_REG_DEMO@DF_DENSITY(2.0),Population density - Regions,I,A,Annual,CTRY,Country,AUT,Austria,_Z,Not applicable,POP,Population,_T,Total,_T,Total,PS_KM2,Persons per square kilometer,2016,,105.44,,AUT,Austria,A,Normal value,0,Units,2,Two
DATAFLOW,OECD.CFE.EDS:DSD_REG_DEMO@DF_DENSITY(2.0),Population density - Regions,I,A,Annual,CTRY,Country,AUT,Austria,_Z,Not applicable,POP,Population,_T,Total,_T,Total,PS_KM2,Persons per square kilometer,1994,,96.08,,AUT,Austria,A,Normal value,0,Units,2,Two
DATAFLOW,OECD.CFE.EDS:DSD_REG_DEMO@DF_DENSITY(2.0),Population density - Regions,I,A,Annual,CTRY,Country,AUT,Austria,_Z,Not applicable,POP,Population,_T,Total,_T,Total,PS_KM2,Persons per square kilometer,1990,,92.64,,AUT,Austria,A,Normal value,0,Units,2,Two
DATAFLOW,OECD.CFE.EDS:DSD_REG_DEMO@DF_DENSITY(2.0),Population density - Regions,I,A,Annual,CTRY,Country,AUT,Austria,_Z,Not applicable,POP,Population,_T,Total,_T,Total,PS_KM2,Persons per square kilometer,1992,,94.51,,AUT,Austria,A,Normal value,0,Units,2,Two
DATAFLOW,OECD.CFE.EDS:DSD_REG_DEMO@DF_DENSITY(2.0),Population density - Regions,I,A,Annual,CTRY,Country,AUT,Austria,_Z,Not applicable,POP,Population,_T,Total,_T,Total,PS_KM2,Persons per square kilometer,1991,,93.44,,AUT,Austria,A,Normal value,0,Units,2,Two
DATAFLOW,OECD.CFE.EDS:DSD_REG_DEMO@DF_DENSITY(2.0),Population density - Regions,I,A,Annual,CTRY,Country,AUT,Austria,_Z,Not applicable,POP,Population,_T,Total,_T,Total,PS_KM2,Persons per square kilometer,2002,,97.72,,AUT,Austria,A,Normal value,0,Units,2,Two
DATAFLOW,OECD.CFE.EDS:DSD_REG_DEMO@DF_DENSITY(2.0),Population density - Regions,I,A,Annual,CTRY,Country,AUT,Austria,_Z,Not applicable,POP,Population,_T,Total,_T,Total,PS_KM2,Persons per square kilometer,2001,,97.2,,AUT,Austria,A,Normal value,0,Units,2,Two
DATAFLOW,OECD.CFE.EDS:DSD_REG_DEMO@DF_DENSITY(2.0),Population density - Regions,I,A,Annual,CTRY,Country,AUT,Austria,_Z,Not applicable,POP,Population,_T,Total,_T,Total,PS_KM2,Persons per square kilometer,2015,,104.04,,AUT,Austria,A,Normal value,0,Units,2,Two
DATAFLOW,OECD.CFE.EDS:DSD_REG_DEMO@DF_DENSITY(2.0),Population density - Regions,I,A,Annual,CTRY,Country,AUT,Austria,_Z,Not applicable,POP,Population,_T,Total,_T,Total,PS_KM2,Persons per square kilometer,2023,,110.34,,AUT,Austria,A,Normal value,0,Units,2,Two
DATAFLOW,OECD.CFE.EDS:DSD_REG_DEMO@DF_DENSITY(2.0),Population density - Regions,I,A,Annual,CTRY,Country,AUT,Austria,_Z,Not applicable,POP,Population,_T,Total,_T,Total,PS_KM2,Persons per square kilometer,2014,,103.1,,AUT,Austria,A,Normal value,0,Units,2,Two
DATAFLOW,OECD.CFE.EDS:DSD_REG_DEMO@DF_DENSITY(2.0),Population density - Regions,I,A,Annual,CTRY,Country,AUT,Austria,_Z,Not applicable,POP,Population,_T,Total,_T,Total,PS_KM2,Persons per square kilometer,2013,,102.42,,AUT,Austria,A,Normal value,0,Units,2,Two
DATAFLOW,OECD.CFE.EDS:DSD_REG_DEMO@DF_DENSITY(2.0),Population density - Regions,I,A,Annual,CTRY,Country,AUT,Austria,_Z,Not applicable,POP,Population,_T,Total,_T,Total,PS_KM2,Persons per square kilometer,1996,,96.38,,AUT,Austria,A,Normal value,0,Units,2,Two
DATAFLOW,OECD.CFE.EDS:DSD_REG_DEMO@DF_DENSITY(2.0),Population density - Regions,I,A,Annual,CTRY,Country,AUT,Austria,_Z,Not applicable,POP,Population,_T,Total,_T,Total,PS_KM2,Persons per square kilometer,2010,,101.21,,AUT,Austria,A,Normal value,0,Units,2,Two
DATAFLOW,OECD.CFE.EDS:DSD_REG_DEMO@DF_DENSITY(2.0),Population density - Regions,I,A,Annual,CTRY,Country,AUT,Austria,_Z,Not applicable,POP,Population,_T,Total,_T,Total,PS_KM2,Persons per square kilometer,2009,,101.01,,AUT,Austria,A,Normal value,0,Units,2,Two
DATAFLOW,OECD.CFE.EDS:DSD_REG_DEMO@DF_DENSITY(2.0),Population density - Regions,I,A,Annual,CTRY,Country,AUT,Austria,_Z,Not applicable,POP,Population,_T,Total,_T,Total,PS_KM2,Persons per square kilometer,2008,,100.68,,AUT,Austria,A,Normal value,0,Units,2,Two
DATAFLOW,OECD.CFE.EDS:DSD_REG_DEMO@DF_DENSITY(2.0),Population density - Regions,I,A,Annual,CTRY,Country,AUT,Austria,_Z,Not applicable,POP,Population,_T,Total,_T,Total,PS_KM2,Persons per square kilometer,2007,,100.38,,AUT,Austria,A,Normal value,0,Units,2,Two
DATAFLOW,OECD.CFE.EDS:DSD_REG_DEMO@DF_DENSITY(2.0),Population density - Regions,I,A,Annual,CTRY,Country,AUT,Austria,_Z,Not applicable,POP,Population,_T,Total,_T,Total,PS_KM2,Persons per square kilometer,2004,,98.68,,AUT,Austria,A,Normal value,0,Units,2,Two
DATAFLOW,OECD.CFE.EDS:DSD_REG_DEMO@DF_DENSITY(2.0),Population density - Regions,I,A,Annual,CTRY,Country,AUT,Austria,_Z,Not applicable,POP,Population,_T,Total,_T,Total,PS_KM2,Persons per square kilometer,2003,,98.16,,AUT,Austria,A,Normal value,0,Units,2,Two
DATAFLOW,OECD.CFE.EDS:DSD_REG_DEMO@DF_DENSITY(2.0),Population density - Regions,I,A,Annual,CTRY,Country,AUT,Austria,_Z,Not applicable,POP,Population,_T,Total,_T,Total,PS_KM2,Persons per square kilometer,1995,,96.26,,AUT,Austria,A,Normal value,0,Units,2,Two
DATAFLOW,OECD.CFE.EDS:DSD_REG_DEMO@DF_DENSITY(2.0),Population density - Regions,I,A,Annual,CTRY,Country,AUT,Austria,_Z,Not applicable,POP,Population,_T,Total,_T,Total,PS_KM2,Persons per square kilometer,1998,,96.6,,AUT,Austria,A,Normal value,0,Units,2,Two
DATAFLOW,OECD.CFE.EDS:DSD_REG_DEMO@DF_DENSITY(2.0),Population density - Regions,I,A,Annual,CTRY,Country,AUT,Austria,_Z,Not applicable,POP,Population,_T,Total,_T,Total,PS_KM2,Persons per square kilometer,1997,,96.52,,AUT,Austria,A,Normal value,0,Units,2,Two
DATAFLOW,OECD.CFE.EDS:DSD_REG_DEMO@DF_DENSITY(2.0),Population density - Regions,I,A,Annual,CTRY,Country,AUT,Austria,_Z,Not applicable,POP,Population,_T,Total,_T,Total,PS_KM2,Persons per square kilometer,2018,,106.91,,AUT,Austria,A,Normal value,0,Units,2,Two
DATAFLOW,OECD.CFE.EDS:DSD_REG_DEMO@DF_DENSITY(2.0),Population density - Regions,I,A,Annual,CTRY,Country,AUT,Austria,_Z,Not applicable,POP,Population,_T,Total,_T,Total,PS_KM2,Persons per square kilometer,2017,,106.31,,AUT,Austria,A,Normal value,0,Units,2,Two
DATAFLOW,OECD.CFE.EDS:DSD_REG_DEMO@DF_DENSITY(2.0),Population density - Regions,I,A,Annual,CTRY,Country,AUT,Austria,_Z,Not applicable,POP,Population,_T,Total,_T,Total,PS_KM2,Persons per square kilometer,2019,,107.35,,AUT,Austria,A,Normal value,0,Units,2,Two
DATAFLOW,OECD.CFE.EDS:DSD_REG_DEMO@DF_DENSITY(2.0),Population density - Regions,I,A,Annual,CTRY,Country,AUT,Austria,_Z,Not applicable,POP,Population,_T,Total,_T,Total,PS_KM2,Persons per square kilometer,2005,,99.39,,AUT,Austria,A,Normal value,0,Units,2,Two
DATAFLOW,OECD.CFE.EDS:DSD_REG_DEMO@DF_DENSITY(2.0),Population density - Regions,I,A,Annual,CTRY,Country,AUT,Austria,_Z,Not applicable,POP,Population,_T,Total,_T,Total,PS_KM2,Persons per square kilometer,2012,,101.89,,AUT,Austria,A,Normal value,0,Units,2,Two
DATAFLOW,OECD.CFE.EDS:DSD_REG_DEMO@DF_DENSITY(2.0),Population density - Regions,I,A,Annual,CTRY,Country,AUT,Austria,_Z,Not applicable,POP,Population,_T,Total,_T,Total,PS_KM2,Persons per square kilometer,2011,,101.49,,AUT,Austria,A,Normal value,0,Units,2,Two
DATAFLOW,OECD.CFE.EDS:DSD_REG_DEMO@DF_DENSITY(2.0),Population density - Regions,I,A,Annual,CTRY,Country,AUT,Austria,_Z,Not applicable,POP,Population,_T,Total,_T,Total,PS_KM2,Persons per square kilometer,2000,,96.97,,AUT,Austria,A,Normal value,0,Units,2,Two
DATAFLOW,OECD.CFE.EDS:DSD_REG_DEMO@DF_DENSITY(2.0),Population density - Regions,I,A,Annual,CTRY,Country,AUT,Austria,_Z,Not applicable,POP,Population,_T,Total,_T,Total,PS_KM2,Persons per square kilometer,1999,,96.73,,AUT,Austria,A,Normal value,0,Units,2,Two
DATAFLOW,OECD.CFE.EDS:DSD_REG_DEMO@DF_DENSITY(2.0),Population density - Regions,I,A,Annual,CTRY,Country,AUT,Austria,_Z,Not applicable,POP,Population,_T,Total,_T,Total,PS_KM2,Persons per square kilometer,2022,,108.81,,AUT,Austria,A,Normal value,0,Units,2,Two
DATAFLOW,OECD.CFE.EDS:DSD_REG_DEMO@DF_DENSITY(2.0),Population density - Regions,I,A,Annual,CTRY,Country,AUT,Austria,_Z,Not applicable,POP,Population,_T,Total,_T,Total,PS_KM2,Persons per square kilometer,2021,,108.25,,AUT,Austria,A,Normal value,0,Units,2,Two
DATAFLOW,OECD.CFE.EDS:DSD_REG_DEMO@DF_DENSITY(2.0),Population density - Regions,I,A,Annual,CTRY,Country,AUT,Austria,_Z,Not applicable,POP,Population,_T,Total,_T,Total,PS_KM2,Persons per square kilometer,2020,,107.87,,AUT,Austria,A,Normal value,0,Units,2,Two
DATAFLOW,OECD.CFE.EDS:DSD_REG_DEMO@DF_DENSITY(2.0),Population density - Regions,I,A,Annual,CTRY,Country,BEL,Belgium,_Z,Not applicable,POP,Population,_T,Total,_T,Total,PS_KM2,Persons per square kilometer,2021,,379.44,,BEL,Belgium,A,Normal value,0,Units,2,Two
DATAFLOW,OECD.CFE.EDS:DSD_REG_DEMO@DF_DENSITY(2.0),Population density - Regions,I,A,Annual,CTRY,Country,BEL,Belgium,_Z,Not applicable,POP,Population,_T,Total,_T,Total,PS_KM2,Persons per square kilometer,2020,,378.38,,BEL,Belgium,A,Normal value,0,Units,2,Two
DATAFLOW,OECD.CFE.EDS:DSD_REG_DEMO@DF_DENSITY(2.0),Population density - Regions,I,A,Annual,CTRY,Country,BEL,Belgium,_Z,Not applicable,POP,Population,_T,Total,_T,Total,PS_KM2,Persons per square kilometer,1991,,327.97,,BEL,Belgium,A,Normal value,0,Units,2,Two
DATAFLOW,OECD.CFE.EDS:DSD_REG_DEMO@DF_DENSITY(2.0),Population density - Regions,I,A,Annual,CTRY,Country,BEL,Belgium,_Z,Not applicable,POP,Population,_T,Total,_T,Total,PS_KM2,Persons per square kilometer,2001,,337.04,,BEL,Belgium,A,Normal value,0,Units,2,Two
DATAFLOW,OECD.CFE.EDS:DSD_REG_DEMO@DF_DENSITY(2.0),Population density - Regions,I,A,Annual,CTRY,Country,BEL,Belgium,_Z,Not applicable,POP,Population,_T,Total,_T,Total,PS_KM2,Persons per square kilometer,1995,,332.67,,BEL,Belgium,A,Normal value,0,Units,2,Two
DATAFLOW,OECD.CFE.EDS:DSD_REG_DEMO@DF_DENSITY(2.0),Population density - Regions,I,A,Annual,CTRY,Country,BEL,Belgium,_Z,Not applicable,POP,Population,_T,Total,_T,Total,PS_KM2,Persons per square kilometer,1994,,331.7,,BEL,Belgium,A,Normal value,0,Units,2,Two
DATAFLOW,OECD.CFE.EDS:DSD_REG_DEMO@DF_DENSITY(2.0),Population density - Regions,I,A,Annual,CTRY,Country,BEL,Belgium,_Z,Not applicable,POP,Population,_T,Total,_T,Total,PS_KM2,Persons per square kilometer,1996,,333.08,,BEL,Belgium,A,Normal value,0,Units,2,Two
DATAFLOW,OECD.CFE.EDS:DSD_REG_DEMO@DF_DENSITY(2.0),Population density - Regions,I,A,Annual,CTRY,Country,BEL,Belgium,_Z,Not applicable,POP,Population,_T,Total,_T,Total,PS_KM2,Persons per square kilometer,1990,,326.68,,BEL,Belgium,A,Normal value,0,Units,2,Two
DATAFLOW,OECD.CFE.EDS:DSD_REG_DEMO@DF_DENSITY(2.0),Population density - Regions,I,A,Annual,CTRY,Country,BEL,Belgium,_Z,Not applicable,POP,Population,_T,Total,_T,Total,PS_KM2,Persons per square kilometer,1993,,330.64,,BEL,Belgium,A,Normal value,0,Units,2,Two
DATAFLOW,OECD.CFE.EDS:DSD_REG_DEMO@DF_DENSITY(2.0),Population density - Regions,I,A,Annual,CTRY,Country,BEL,Belgium,_Z,Not applicable,POP,Population,_T,Total,_T,Total,PS_KM2,Persons per square kilometer,2015,,369.02,,BEL,Belgium,A,Normal value,0,Units,2,Two
DATAFLOW,OECD.CFE.EDS:DSD_REG_DEMO@DF_DENSITY(2.0),Population density - Regions,I,A,Annual,CTRY,Country,BEL,Belgium,_Z,Not applicable,POP,Population,_T,Total,_T,Total,PS_KM2,Persons per square kilometer,2014,,367.16,,BEL,Belgium,A,Normal value,0,Units,2,Two
DATAFLOW,OECD.CFE.EDS:DSD_REG_DEMO@DF_DENSITY(2.0),Population density - Regions,I,A,Annual,CTRY,Country,BEL,Belgium,_Z,Not applicable,POP,Population,_T,Total,_T,Total,PS_KM2,Persons per square kilometer,2000,,336.24,,BEL,Belgium,A,Normal value,0,Units,2,Two
DATAFLOW,OECD.CFE.EDS:DSD_REG_DEMO@DF_DENSITY(2.0),Population density - Regions,I,A,Annual,CTRY,Country,BEL,Belgium,_Z,Not applicable,POP,Population,_T,Total,_T,Total,PS_KM2,Persons per square kilometer,2009,,353.12,,BEL,Belgium,A,Normal value,0,Units,2,Two
DATAFLOW,OECD.CFE.EDS:DSD_REG_DEMO@DF_DENSITY(2.0),Population density - Regions,I,A,Annual,CTRY,Country,BEL,Belgium,_Z,Not applicable,POP,Population,_T,Total,_T,Total,PS_KM2,Persons per square kilometer,2008,,350.28,,BEL,Belgium,A,Normal value,0,Units,2,Two
DATAFLOW,OECD.CFE.EDS:DSD_REG_DEMO@DF_DENSITY(2.0),Population density - Regions,I,A,Annual,CTRY,Country,BEL,Belgium,_Z,Not applicable,POP,Population,_T,Total,_T,Total,PS_KM2,Persons per square kilometer,2006,,345.18,,BEL,Belgium,A,Normal value,0,Units,2,Two
DATAFLOW,OECD.CFE.EDS:DSD_REG_DEMO@DF_DENSITY(2.0),Population density - Regions,I,A,Annual,CTRY,Country,BEL,Belgium,_Z,Not applicable,POP,Population,_T,Total,_T,Total,PS_KM2,Persons per square kilometer,2004,,341.4,,BEL,Belgium,A,Normal value,0,Units,2,Two
DATAFLOW,OECD.CFE.EDS:DSD_REG_DEMO@DF_DENSITY(2.0),Population density - Regions,I,A,Annual,CTRY,Country,BEL,Belgium,_Z,Not applicable,POP,Population,_T,Total,_T,Total,PS_KM2,Persons per square kilometer,2003,,340.07,,BEL,Belgium,A,Normal value,0,Units,2,Two
DATAFLOW,OECD.CFE.EDS:DSD_REG_DEMO@DF_DENSITY(2.0),Population density - Regions,I,A,Annual,CTRY,Country,BEL,Belgium,_Z,Not applicable,POP,Population,_T,Total,_T,Total,PS_KM2,Persons per square kilometer,2002,,338.56,,BEL,Belgium,A,Normal value,0,Units,2,Two
DATAFLOW,OECD.CFE.EDS:DSD_REG_DEMO@DF_DENSITY(2.0),Population density - Regions,I,A,Annual,CTRY,Country,BEL,Belgium,_Z,Not applicable,POP,Population,_T,Total,_T,Total,PS_KM2,Persons per square kilometer,1999,,335.4,,BEL,Belgium,A,Normal value,0,Units,2,Two
DATAFLOW,OECD.CFE.EDS:DSD_REG_DEMO@DF_DENSITY(2.0),Population density - Regions,I,A,Annual,CTRY,Country,BEL,Belgium,_Z,Not applicable,POP,Population,_T,Total,_T,Total,PS_KM2,Persons per square kilometer,1998,,334.7,,BEL,Belgium,A,Normal value,0,Units,2,Two
DATAFLOW,OECD.CFE.EDS:DSD_REG_DEMO@DF_DENSITY(2.0),Population density - Regions,I,A,Annual,CTRY,Country,BEL,Belgium,_Z,Not applicable,POP,Population,_T,Total,_T,Total,PS_KM2,Persons per square kilometer,1997,,333.98,,BEL,Belgium,A,Normal value,0,Units,2,Two
DATAFLOW,OECD.CFE.EDS:DSD_REG_DEMO@DF_DENSITY(2.0),Population density - Regions,I,A,Annual,CTRY,Country,BEL,Belgium,_Z,Not applicable,POP,Population,_T,Total,_T,Total,PS_KM2,Persons per square kilometer,1992,,329.12,,BEL,Belgium,A,Normal value,0,Units,2,Two
DATAFLOW,OECD.CFE.EDS:DSD_REG_DEMO@DF_DENSITY(2.0),Population density - Regions,I,A,Annual,CTRY,Country,BEL,Belgium,_Z,Not applicable,POP,Population,_T,Total,_T,Total,PS_KM2,Persons per square kilometer,2012,,363.72,,BEL,Belgium,A,Normal value,0,Units,2,Two
DATAFLOW,OECD.CFE.EDS:DSD_REG_DEMO@DF_DENSITY(2.0),Population density - Regions,I,A,Annual,CTRY,Country,BEL,Belgium,_Z,Not applicable,POP,Population,_T,Total,_T,Total,PS_KM2,Persons per square kilometer,2019,,376.18,,BEL,Belgium,A,Normal value,0,Units,2,Two
DATAFLOW,OECD.CFE.EDS:DSD_REG_DEMO@DF_DENSITY(2.0),Population density - Regions,I,A,Annual,CTRY,Country,BEL,Belgium,_Z,Not applicable,POP,Population,_T,Total,_T,Total,PS_KM2,Persons per square kilometer,2017,,372.77,,BEL,Belgium,A,Normal value,0,Units,2,Two
DATAFLOW,OECD.CFE.EDS:DSD_REG_DEMO@DF_DENSITY(2.0),Population density - Regions,I,A,Annual,CTRY,Country,BEL,Belgium,_Z,Not applicable,POP,Population,_T,Total,_T,Total,PS_KM2,Persons per square kilometer,2013,,365.76,,BEL,Belgium,A,Normal value,0,Units,2,Two
DATAFLOW,OECD.CFE.EDS:DSD_REG_DEMO@DF_DENSITY(2.0),Population density - Regions,I,A,Annual,CTRY,Country,BEL,Belgium,_Z,Not applicable,POP,Population,_T,Total,_T,Total,PS_KM2,Persons per square kilometer,2010,,355.97,,BEL,Belgium,A,Normal value,0,Units,2,Two
DATAFLOW,OECD.CFE.EDS:DSD_REG_DEMO@DF_DENSITY(2.0),Population density - Regions,I,A,Annual,CTRY,Country,BEL,Belgium,_Z,Not applicable,POP,Population,_T,Total,_T,Total,PS_KM2,Persons per square kilometer,2023,,385.62,,BEL,Belgium,A,Normal value,0,Units,2,Two
DATAFLOW,OECD.CFE.EDS:DSD_REG_DEMO@DF_DENSITY(2.0),Population density - Regions,I,A,Annual,CTRY,Country,BEL,Belgium,_Z,Not applicable,POP,Population,_T,Total,_T,Total,PS_KM2,Persons per square kilometer,2007,,347.58,,BEL,Belgium,A,Normal value,0,Units,2,Two
DATAFLOW,OECD.CFE.EDS:DSD_REG_DEMO@DF_DENSITY(2.0),Population density - Regions,I,A,Annual,CTRY,Country,BEL,Belgium,_Z,Not applicable,POP,Population,_T,Total,_T,Total,PS_KM2,Persons per square kilometer,2018,,374.31,,BEL,Belgium,A,Normal value,0,Units,2,Two
DATAFLOW,OECD.CFE.EDS:DSD_REG_DEMO@DF_DENSITY(2.0),Population density - Regions,I,A,Annual,CTRY,Country,BEL,Belgium,_Z,Not applicable,POP,Population,_T,Total,_T,Total,PS_KM2,Persons per square kilometer,2005,,343.03,,BEL,Belgium,A,Normal value,0,Units,2,Two
DATAFLOW,OECD.CFE.EDS:DSD_REG_DEMO@DF_DENSITY(2.0),Population density - Regions,I,A,Annual,CTRY,Country,BEL,Belgium,_Z,Not applicable,POP,Population,_T,Total,_T,Total,PS_KM2,Persons per square kilometer,2016,,371.44,,BEL,Belgium,A,Normal value,0,Units,2,Two
DATAFLOW,OECD.CFE.EDS:DSD_REG_DEMO@DF_DENSITY(2.0),Population density - Regions,I,A,Annual,CTRY,Country,BEL,Belgium,_Z,Not applicable,POP,Population,_T,Total,_T,Total,PS_KM2,Persons per square kilometer,2011,,361.25,,BEL,Belgium,B,Time series break,0,Units,2,Two
DATAFLOW,OECD.CFE.EDS:DSD_REG_DEMO@DF_DENSITY(2.0),Population density - Regions,I,A,Annual,CTRY,Country,CAN,Canada,_Z,Not applicable,POP,Population,_T,Total,_T,Total,PS_KM2,Persons per square kilometer,2020,,4.24,,CAN,Canada,A,Normal value,0,Units,2,Two
DATAFLOW,OECD.CFE.EDS:DSD_REG_DEMO@DF_DENSITY(2.0),Population density - Regions,I,A,Annual,CTRY,Country,CAN,Canada,_Z,Not applicable,POP,Population,_T,Total,_T,Total,PS_KM2,Persons per square kilometer,2023,,4.47,,CAN,Canada,A,Normal value,0,Units,2,Two
DATAFLOW,OECD.CFE.EDS:DSD_REG_DEMO@DF_DENSITY(2.0),Population density - Regions,I,A,Annual,CTRY,Country,CAN,Canada,_Z,Not applicable,POP,Population,_T,Total,_T,Total,PS_KM2,Persons per square kilometer,1991,,3.13,,CAN,Canada,A,Normal value,0,Units,2,Two
DATAFLOW,OECD.CFE.EDS:DSD_REG_DEMO@DF_DENSITY(2.0),Population density - Regions,I,A,Annual,CTRY,Country,CAN,Canada,_Z,Not applicable,POP,Population,_T,Total,_T,Total,PS_KM2,Persons per square kilometer,2001,,3.46,,CAN,Canada,A,Normal value,0,Units,2,Two
DATAFLOW,OECD.CFE.EDS:DSD_REG_DEMO@DF_DENSITY(2.0),Population density - Regions,I,A,Annual,CTRY,Country,CAN,Canada,_Z,Not applicable,POP,Population,_T,Total,_T,Total,PS_KM2,Persons per square kilometer,1990,,3.09,,CAN,Canada,A,Normal value,0,Units,2,Two
DATAFLOW,OECD.CFE.EDS:DSD_REG_DEMO@DF_DENSITY(2.0),Population density - Regions,I,A,Annual,CTRY,Country,CAN,Canada,_Z,Not applicable,POP,Population,_T,Total,_T,Total,PS_KM2,Persons per square kilometer,1995,,3.27,,CAN,Canada,A,Normal value,0,Units,2,Two
DATAFLOW,OECD.CFE.EDS:DSD_REG_DEMO@DF_DENSITY(2.0),Population density - Regions,I,A,Annual,CTRY,Country,CAN,Canada,_Z,Not applicable,POP,Population,_T,Total,_T,Total,PS_KM2,Persons per square kilometer,1994,,3.23,,CAN,Canada,A,Normal value,0,Units,2,Two
DATAFLOW,OECD.CFE.EDS:DSD_REG_DEMO@DF_DENSITY(2.0),Population density - Regions,I,A,Annual,CTRY,Country,CAN,Canada,_Z,Not applicable,POP,Population,_T,Total,_T,Total,PS_KM2,Persons per square kilometer,1996,,3.3,,CAN,Canada,A,Normal value,0,Units,2,Two
DATAFLOW,OECD.CFE.EDS:DSD_REG_DEMO@DF_DENSITY(2.0),Population density - Regions,I,A,Annual,CTRY,Country,CAN,Canada,_Z,Not applicable,POP,Population,_T,Total,_T,Total,PS_KM2,Persons per square kilometer,2015,,3.98,,CAN,Canada,A,Normal value,0,Units,2,Two
DATAFLOW,OECD.CFE.EDS:DSD_REG_DEMO@DF_DENSITY(2.0),Population density - Regions,I,A,Annual,CTRY,Country,CAN,Canada,_Z,Not applicable,POP,Population,_T,Total,_T,Total,PS_KM2,Persons per square kilometer,2014,,3.95,,CAN,Canada,A,Normal value,0,Units,2,Two
DATAFLOW,OECD.CFE.EDS:DSD_REG_DEMO@DF_DENSITY(2.0),Population density - Regions,I,A,Annual,CTRY,Country,CAN,Canada,_Z,Not applicable,POP,Population,_T,Total,_T,Total,PS_KM2,Persons per square kilometer,2000,,3.42,,CAN,Canada,A,Normal value,0,Units,2,Two
DATAFLOW,OECD.CFE.EDS:DSD_REG_DEMO@DF_DENSITY(2.0),Population density - Regions,I,A,Annual,CTRY,Country,CAN,Canada,_Z,Not applicable,POP,Population,_T,Total,_T,Total,PS_KM2,Persons per square kilometer,2009,,3.75,,CAN,Canada,A,Normal value,0,Units,2,Two
DATAFLOW,OECD.CFE.EDS:DSD_REG_DEMO@DF_DENSITY(2.0),Population density - Regions,I,A,Annual,CTRY,Country,CAN,Canada,_Z,Not applicable,POP,Population,_T,Total,_T,Total,PS_KM2,Persons per square kilometer,2008,,3.71,,CAN,Canada,A,Normal value,0,Units,2,Two
DATAFLOW,OECD.CFE.EDS:DSD_REG_DEMO@DF_DENSITY(2.0),Population density - Regions,I,A,Annual,CTRY,Country,CAN,Canada,_Z,Not applicable,POP,Population,_T,Total,_T,Total,PS_KM2,Persons per square kilometer,1993,,3.2,,CAN,Canada,A,Normal value,0,Units,2,Two
DATAFLOW,OECD.CFE.EDS:DSD_REG_DEMO@DF_DENSITY(2.0),Population density - Regions,I,A,Annual,CTRY,Country,CAN,Canada,_Z,Not applicable,POP,Population,_T,Total,_T,Total,PS_KM2,Persons per square kilometer,2004,,3.56,,CAN,Canada,A,Normal value,0,Units,2,Two
DATAFLOW,OECD.CFE.EDS:DSD_REG_DEMO@DF_DENSITY(2.0),Population density - Regions,I,A,Annual,CTRY,Country,CAN,Canada,_Z,Not applicable,POP,Population,_T,Total,_T,Total,PS_KM2,Persons per square kilometer,2003,,3.53,,CAN,Canada,A,Normal value,0,Units,2,Two
DATAFLOW,OECD.CFE.EDS:DSD_REG_DEMO@DF_DENSITY(2.0),Population density - Regions,I,A,Annual,CTRY,Country,CAN,Canada,_Z,Not applicable,POP,Population,_T,Total,_T,Total,PS_KM2,Persons per square kilometer,2002,,3.5,,CAN,Canada,A,Normal value,0,Units,2,Two
DATAFLOW,OECD.CFE.EDS:DSD_REG_DEMO@DF_DENSITY(2.0),Population density - Regions,I,A,Annual,CTRY,Country,CAN,Canada,_Z,Not applicable,POP,Population,_T,Total,_T,Total,PS_KM2,Persons per square kilometer,1999,,3.39,,CAN,Canada,A,Normal value,0,Units,2,Two
DATAFLOW,OECD.CFE.EDS:DSD_REG_DEMO@DF_DENSITY(2.0),Population density - Regions,I,A,Annual,CTRY,Country,CAN,Canada,_Z,Not applicable,POP,Population,_T,Total,_T,Total,PS_KM2,Persons per square kilometer,1998,,3.36,,CAN,Canada,A,Normal value,0,Units,2,Two
DATAFLOW,OECD.CFE.EDS:DSD_REG_DEMO@DF_DENSITY(2.0),Population density - Regions,I,A,Annual,CTRY,Country,CAN,Canada,_Z,Not applicable,POP,Population,_T,Total,_T,Total,PS_KM2,Persons per square kilometer,1997,,3.34,,CAN,Canada,A,Normal value,0,Units,2,Two
DATAFLOW,OECD.CFE.EDS:DSD_REG_DEMO@DF_DENSITY(2.0),Population density - Regions,I,A,Annual,CTRY,Country,CAN,Canada,_Z,Not applicable,POP,Population,_T,Total,_T,Total,PS_KM2,Persons per square kilometer,2006,,3.63,,CAN,Canada,A,Normal value,0,Units,2,Two
DATAFLOW,OECD.CFE.EDS:DSD_REG_DEMO@DF_DENSITY(2.0),Population density - Regions,I,A,Annual,CTRY,Country,CAN,Canada,_Z,Not applicable,POP,Population,_T,Total,_T,Total,PS_KM2,Persons per square kilometer,1992,,3.16,,CAN,Canada,A,Normal value,0,Units,2,Two
DATAFLOW,OECD.CFE.EDS:DSD_REG_DEMO@DF_DENSITY(2.0),Population density - Regions,I,A,Annual,CTRY,Country,CAN,Canada,_Z,Not applicable,POP,Population,_T,Total,_T,Total,PS_KM2,Persons per square kilometer,2012,,3.87,,CAN,Canada,A,Normal value,0,Units,2,Two
DATAFLOW,OECD.CFE.EDS:DSD_REG_DEMO@DF_DENSITY(2.0),Population density - Regions,I,A,Annual,CTRY,Country,CAN,Canada,_Z,Not applicable,POP,Population,_T,Total,_T,Total,PS_KM2,Persons per square kilometer,2017,,4.08,,CAN,Canada,A,Normal value,0,Units,2,Two
DATAFLOW,OECD.CFE.EDS:DSD_REG_DEMO@DF_DENSITY(2.0),Population density - Regions,I,A,Annual,CTRY,Country,CAN,Canada,_Z,Not applicable,POP,Population,_T,Total,_T,Total,PS_KM2,Persons per square kilometer,2016,,4.03,,CAN,Canada,A,Normal value,0,Units,2,Two
DATAFLOW,OECD.CFE.EDS:DSD_REG_DEMO@DF_DENSITY(2.0),Population density - Regions,I,A,Annual,CTRY,Country,CAN,Canada,_Z,Not applicable,POP,Population,_T,Total,_T,Total,PS_KM2,Persons per square kilometer,2013,,3.91,,CAN,Canada,A,Normal value,0,Units,2,Two
DATAFLOW,OECD.CFE.EDS:DSD_REG_DEMO@DF_DENSITY(2.0),Population density - Regions,I,A,Annual,CTRY,Country,CAN,Canada,_Z,Not applicable,POP,Population,_T,Total,_T,Total,PS_KM2,Persons per square kilometer,2011,,3.83,,CAN,Canada,A,Normal value,0,Units,2,Two
DATAFLOW,OECD.CFE.EDS:DSD_REG_DEMO@DF_DENSITY(2.0),Population density - Regions,I,A,Annual,CTRY,Country,CAN,Canada,_Z,Not applicable,POP,Population,_T,Total,_T,Total,PS_KM2,Persons per square kilometer,2010,,3.79,,CAN,Canada,A,Normal value,0,Units,2,Two
DATAFLOW,OECD.CFE.EDS:DSD_REG_DEMO@DF_DENSITY(2.0),Population density - Regions,I,A,Annual,CTRY,Country,CAN,Canada,_Z,Not applicable,POP,Population,_T,Total,_T,Total,PS_KM2,Persons per square kilometer,2021,,4.27,,CAN,Canada,A,Normal value,0,Units,2,Two
DATAFLOW,OECD.CFE.EDS:DSD_REG_DEMO@DF_DENSITY(2.0),Population density - Regions,I,A,Annual,CTRY,Country,CAN,Canada,_Z,Not applicable,POP,Population,_T,Total,_T,Total,PS_KM2,Persons per square kilometer,2018,,4.13,,CAN,Canada,A,Normal value,0,Units,2,Two
DATAFLOW,OECD.CFE.EDS:DSD_REG_DEMO@DF_DENSITY(2.0),Population density - Regions,I,A,Annual,CTRY,Country,CAN,Canada,_Z,Not applicable,POP,Population,_T,Total,_T,Total,PS_KM2,Persons per square kilometer,2019,,4.2,,CAN,Canada,A,Normal value,0,Units,2,Two
DATAFLOW,OECD.CFE.EDS:DSD_REG_DEMO@DF_DENSITY(2.0),Population density - Regions,I,A,Annual,CTRY,Country,CAN,Canada,_Z,Not applicable,POP,Population,_T,Total,_T,Total,PS_KM2,Persons per square kilometer,2007,,3.67,,CAN,Canada,A,Normal value,0,Units,2,Two
DATAFLOW,OECD.CFE.EDS:DSD_REG_DEMO@DF_DENSITY(2.0),Population density - Regions,I,A,Annual,CTRY,Country,CAN,Canada,_Z,Not applicable,POP,Population,_T,Total,_T,Total,PS_KM2,Persons per square kilometer,2005,,3.6,,CAN,Canada,A,Normal value,0,Units,2,Two
DATAFLOW,OECD.CFE.EDS:DSD_REG_DEMO@DF_DENSITY(2.0),Population density - Regions,I,A,Annual,CTRY,Country,CHL,Chile,_Z,Not applicable,POP,Population,_T,Total,_T,Total,PS_KM2,Persons per square kilometer,2006,,22,,CHL,Chile,A,Normal value,0,Units,2,Two
DATAFLOW,OECD.CFE.EDS:DSD_REG_DEMO@DF_DENSITY(2.0),Population density - Regions,I,A,Annual,CTRY,Country,CHL,Chile,_Z,Not applicable,POP,Population,_T,Total,_T,Total,PS_KM2,Persons per square kilometer,1993,,18.79,,CHL,Chile,A,Normal value,0,Units,2,Two
DATAFLOW,OECD.CFE.EDS:DSD_REG_DEMO@DF_DENSITY(2.0),Population density - Regions,I,A,Annual,CTRY,Country,CHL,Chile,_Z,Not applicable,POP,Population,_T,Total,_T,Total,PS_KM2,Persons per square kilometer,1992,,18.46,,CHL,Chile,A,Normal value,0,Units,2,Two
DATAFLOW,OECD.CFE.EDS:DSD_REG_DEMO@DF_DENSITY(2.0),Population density - Regions,I,A,Annual,CTRY,Country,CHL,Chile,_Z,Not applicable,POP,Population,_T,Total,_T,Total,PS_KM2,Persons per square kilometer,1991,,18.13,,CHL,Chile,A,Normal value,0,Units,2,Two
DATAFLOW,OECD.CFE.EDS:DSD_REG_DEMO@DF_DENSITY(2.0),Population density - Regions,I,A,Annual,CTRY,Country,CHL,Chile,_Z,Not applicable,POP,Population,_T,Total,_T,Total,PS_KM2,Persons per square kilometer,2001,,20.91,,CHL,Chile,A,Normal value,0,Units,2,Two
DATAFLOW,OECD.CFE.EDS:DSD_REG_DEMO@DF_DENSITY(2.0),Population density - Regions,I,A,Annual,CTRY,Country,CHL,Chile,_Z,Not applicable,POP,Population,_T,Total,_T,Total,PS_KM2,Persons per square kilometer,1996,,19.64,,CHL,Chile,A,Normal value,0,Units,2,Two
DATAFLOW,OECD.CFE.EDS:DSD_REG_DEMO@DF_DENSITY(2.0),Population density - Regions,I,A,Annual,CTRY,Country,CHL,Chile,_Z,Not applicable,POP,Population,_T,Total,_T,Total,PS_KM2,Persons per square kilometer,1995,,19.37,,CHL,Chile,A,Normal value,0,Units,2,Two
DATAFLOW,OECD.CFE.EDS:DSD_REG_DEMO@DF_DENSITY(2.0),Population density - Regions,I,A,Annual,CTRY,Country,CHL,Chile,_Z,Not applicable,POP,Population,_T,Total,_T,Total,PS_KM2,Persons per square kilometer,1994,,19.12,,CHL,Chile,A,Normal value,0,Units,2,Two
DATAFLOW,OECD.CFE.EDS:DSD_REG_DEMO@DF_DENSITY(2.0),Population density - Regions,I,A,Annual,CTRY,Country,CHL,Chile,_Z,Not applicable,POP,Population,_T,Total,_T,Total,PS_KM2,Persons per square kilometer,2016,,24.45,,CHL,Chile,A,Normal value,0,Units,2,Two
DATAFLOW,OECD.CFE.EDS:DSD_REG_DEMO@DF_DENSITY(2.0),Population density - Regions,I,A,Annual,CTRY,Country,CHL,Chile,_Z,Not applicable,POP,Population,_T,Total,_T,Total,PS_KM2,Persons per square kilometer,2015,,24.19,,CHL,Chile,A,Normal value,0,Units,2,Two
DATAFLOW,OECD.CFE.EDS:DSD_REG_DEMO@DF_DENSITY(2.0),Population density - Regions,I,A,Annual,CTRY,Country,CHL,Chile,_Z,Not applicable,POP,Population,_T,Total,_T,Total,PS_KM2,Persons per square kilometer,2014,,23.94,,CHL,Chile,A,Normal value,0,Units,2,Two
DATAFLOW,OECD.CFE.EDS:DSD_REG_DEMO@DF_DENSITY(2.0),Population density - Regions,I,A,Annual,CTRY,Country,CHL,Chile,_Z,Not applicable,POP,Population,_T,Total,_T,Total,PS_KM2,Persons per square kilometer,2013,,23.7,,CHL,Chile,A,Normal value,0,Units,2,Two
DATAFLOW,OECD.CFE.EDS:DSD_REG_DEMO@DF_DENSITY(2.0),Population density - Regions,I,A,Annual,CTRY,Country,CHL,Chile,_Z,Not applicable,POP,Population,_T,Total,_T,Total,PS_KM2,Persons per square kilometer,2012,,23.48,,CHL,Chile,A,Normal value,0,Units,2,Two
DATAFLOW,OECD.CFE.EDS:DSD_REG_DEMO@DF_DENSITY(2.0),Population density - Regions,I,A,Annual,CTRY,Country,CHL,Chile,_Z,Not applicable,POP,Population,_T,Total,_T,Total,PS_KM2,Persons per square kilometer,2009,,22.72,,CHL,Chile,A,Normal value,0,Units,2,Two
DATAFLOW,OECD.CFE.EDS:DSD_REG_DEMO@DF_DENSITY(2.0),Population density - Regions,I,A,Annual,CTRY,Country,CHL,Chile,_Z,Not applicable,POP,Population,_T,Total,_T,Total,PS_KM2,Persons per square kilometer,2008,,22.47,,CHL,Chile,A,Normal value,0,Units,2,Two
DATAFLOW,OECD.CFE.EDS:DSD_REG_DEMO@DF_DENSITY(2.0),Population density - Regions,I,A,Annual,CTRY,Country,CHL,Chile,_Z,Not applicable,POP,Population,_T,Total,_T,Total,PS_KM2,Persons per square kilometer,2007,,22.23,,CHL,Chile,A,Normal value,0,Units,2,Two
DATAFLOW,OECD.CFE.EDS:DSD_REG_DEMO@DF_DENSITY(2.0),Population density - Regions,I,A,Annual,CTRY,Country,CHL,Chile,_Z,Not applicable,POP,Population,_T,Total,_T,Total,PS_KM2,Persons per square kilometer,1990,,17.8,,CHL,Chile,A,Normal value,0,Units,2,Two
DATAFLOW,OECD.CFE.EDS:DSD_REG_DEMO@DF_DENSITY(2.0),Population density - Regions,I,A,Annual,CTRY,Country,CHL,Chile,_Z,Not applicable,POP,Population,_T,Total,_T,Total,PS_KM2,Persons per square kilometer,2004,,21.56,,CHL,Chile,A,Normal value,0,Units,2,Two
DATAFLOW,OECD.CFE.EDS:DSD_REG_DEMO@DF_DENSITY(2.0),Population density - Regions,I,A,Annual,CTRY,Country,CHL,Chile,_Z,Not applicable,POP,Population,_T,Total,_T,Total,PS_KM2,Persons per square kilometer,2003,,21.34,,CHL,Chile,A,Normal value,0,Units,2,Two
DATAFLOW,OECD.CFE.EDS:DSD_REG_DEMO@DF_DENSITY(2.0),Population density - Regions,I,A,Annual,CTRY,Country,CHL,Chile,_Z,Not applicable,POP,Population,_T,Total,_T,Total,PS_KM2,Persons per square kilometer,2002,,21.12,,CHL,Chile,A,Normal value,0,Units,2,Two
DATAFLOW,OECD.CFE.EDS:DSD_REG_DEMO@DF_DENSITY(2.0),Population density - Regions,I,A,Annual,CTRY,Country,CHL,Chile,_Z,Not applicable,POP,Population,_T,Total,_T,Total,PS_KM2,Persons per square kilometer,1998,,20.18,,CHL,Chile,A,Normal value,0,Units,2,Two
DATAFLOW,OECD.CFE.EDS:DSD_REG_DEMO@DF_DENSITY(2.0),Population density - Regions,I,A,Annual,CTRY,Country,CHL,Chile,_Z,Not applicable,POP,Population,_T,Total,_T,Total,PS_KM2,Persons per square kilometer,1997,,19.91,,CHL,Chile,A,Normal value,0,Units,2,Two
DATAFLOW,OECD.CFE.EDS:DSD_REG_DEMO@DF_DENSITY(2.0),Population density - Regions,I,A,Annual,CTRY,Country,CHL,Chile,_Z,Not applicable,POP,Population,_T,Total,_T,Total,PS_KM2,Persons per square kilometer,2023,,26.87,,CHL,Chile,A,Normal value,0,Units,2,Two
DATAFLOW,OECD.CFE.EDS:DSD_REG_DEMO@DF_DENSITY(2.0),Population density - Regions,I,A,Annual,CTRY,Country,CHL,Chile,_Z,Not applicable,POP,Population,_T,Total,_T,Total,PS_KM2,Persons per square kilometer,2019,,25.72,,CHL,Chile,A,Normal value,0,Units,2,Two
DATAFLOW,OECD.CFE.EDS:DSD_REG_DEMO@DF_DENSITY(2.0),Population density - Regions,I,A,Annual,CTRY,Country,CHL,Chile,_Z,Not applicable,POP,Population,_T,Total,_T,Total,PS_KM2,Persons per square kilometer,2018,,25.24,,CHL,Chile,A,Normal value,0,Units,2,Two
DATAFLOW,OECD.CFE.EDS:DSD_REG_DEMO@DF_DENSITY(2.0),Population density - Regions,I,A,Annual,CTRY,Country,CHL,Chile,_Z,Not applicable,POP,Population,_T,Total,_T,Total,PS_KM2,Persons per square kilometer,2017,,24.79,,CHL,Chile,A,Normal value,0,Units,2,Two
DATAFLOW,OECD.CFE.EDS:DSD_REG_DEMO@DF_DENSITY(2.0),Population density - Regions,I,A,Annual,CTRY,Country,CHL,Chile,_Z,Not applicable,POP,Population,_T,Total,_T,Total,PS_KM2,Persons per square kilometer,2005,,21.78,,CHL,Chile,A,Normal value,0,Units,2,Two
DATAFLOW,OECD.CFE.EDS:DSD_REG_DEMO@DF_DENSITY(2.0),Population density - Regions,I,A,Annual,CTRY,Country,CHL,Chile,_Z,Not applicable,POP,Population,_T,Total,_T,Total,PS_KM2,Persons per square kilometer,2011,,23.22,,CHL,Chile,A,Normal value,0,Units,2,Two
DATAFLOW,OECD.CFE.EDS:DSD_REG_DEMO@DF_DENSITY(2.0),Population density - Regions,I,A,Annual,CTRY,Country,CHL,Chile,_Z,Not applicable,POP,Population,_T,Total,_T,Total,PS_KM2,Persons per square kilometer,2000,,20.72,,CHL,Chile,A,Normal value,0,Units,2,Two
DATAFLOW,OECD.CFE.EDS:DSD_REG_DEMO@DF_DENSITY(2.0),Population density - Regions,I,A,Annual,CTRY,Country,CHL,Chile,_Z,Not applicable,POP,Population,_T,Total,_T,Total,PS_KM2,Persons per square kilometer,1999,,20.45,,CHL,Chile,A,Normal value,0,Units,2,Two
DATAFLOW,OECD.CFE.EDS:DSD_REG_DEMO@DF_DENSITY(2.0),Population density - Regions,I,A,Annual,CTRY,Country,CHL,Chile,_Z,Not applicable,POP,Population,_T,Total,_T,Total,PS_KM2,Persons per square kilometer,2010,,22.97,,CHL,Chile,A,Normal value,0,Units,2,Two
DATAFLOW,OECD.CFE.EDS:DSD_REG_DEMO@DF_DENSITY(2.0),Population density - Regions,I,A,Annual,CTRY,Country,CHL,Chile,_Z,Not applicable,POP,Population,_T,Total,_T,Total,PS_KM2,Persons per square kilometer,2022,,26.69,,CHL,Chile,A,Normal value,0,Units,2,Two
DATAFLOW,OECD.CFE.EDS:DSD_REG_DEMO@DF_DENSITY(2.0),Population density - Regions,I,A,Annual,CTRY,Country,CHL,Chile,_Z,Not applicable,POP,Population,_T,Total,_T,Total,PS_KM2,Persons per square kilometer,2021,,26.49,,CHL,Chile,A,Normal value,0,Units,2,Two
DATAFLOW,OECD.CFE.EDS:DSD_REG_DEMO@DF_DENSITY(2.0),Population density - Regions,I,A,Annual,CTRY,Country,COL,Colombia,_Z,Not applicable,POP,Population,_T,Total,_T,Total,PS_KM2,Persons per square kilometer,2005,,36.5,,COL,Colombia,A,Normal value,0,Units,2,Two
DATAFLOW,OECD.CFE.EDS:DSD_REG_DEMO@DF_DENSITY(2.0),Population density - Regions,I,A,Annual,CTRY,Country,COL,Colombia,_Z,Not applicable,POP,Population,_T,Total,_T,Total,PS_KM2,Persons per square kilometer,2004,,36.07,,COL,Colombia,A,Normal value,0,Units,2,Two
DATAFLOW,OECD.CFE.EDS:DSD_REG_DEMO@DF_DENSITY(2.0),Population density - Regions,I,A,Annual,CTRY,Country,COL,Colombia,_Z,Not applicable,POP,Population,_T,Total,_T,Total,PS_KM2,Persons per square kilometer,2015,,40.56,,COL,Colombia,A,Normal value,0,Units,2,Two
DATAFLOW,OECD.CFE.EDS:DSD_REG_DEMO@DF_DENSITY(2.0),Population density - Regions,I,A,Annual,CTRY,Country,COL,Colombia,_Z,Not applicable,POP,Population,_T,Total,_T,Total,PS_KM2,Persons per square kilometer,2022,,45.27,,COL,Colombia,A,Normal value,0,Units,2,Two
DATAFLOW,OECD.CFE.EDS:DSD_REG_DEMO@DF_DENSITY(2.0),Population density - Regions,I,A,Annual,CTRY,Country,COL,Colombia,_Z,Not applicable,POP,Population,_T,Total,_T,Total,PS_KM2,Persons per square kilometer,1995,,31.73,,COL,Colombia,A,Normal value,0,Units,2,Two
DATAFLOW,OECD.CFE.EDS:DSD_REG_DEMO@DF_DENSITY(2.0),Population density - Regions,I,A,Annual,CTRY,Country,COL,Colombia,_Z,Not applicable,POP,Population,_T,Total,_T,Total,PS_KM2,Persons per square kilometer,1994,,32.28,,COL,Colombia,A,Normal value,0,Units,2,Two
DATAFLOW,OECD.CFE.EDS:DSD_REG_DEMO@DF_DENSITY(2.0),Population density - Regions,I,A,Annual,CTRY,Country,COL,Colombia,_Z,Not applicable,POP,Population,_T,Total,_T,Total,PS_KM2,Persons per square kilometer,1991,,30.51,,COL,Colombia,A,Normal value,0,Units,2,Two
DATAFLOW,OECD.CFE.EDS:DSD_REG_DEMO@DF_DENSITY(2.0),Population density - Regions,I,A,Annual,CTRY,Country,COL,Colombia,_Z,Not applicable,POP,Population,_T,Total,_T,Total,PS_KM2,Persons per square kilometer,1990,,29.89,,COL,Colombia,A,Normal value,0,Units,2,Two
DATAFLOW,OECD.CFE.EDS:DSD_REG_DEMO@DF_DENSITY(2.0),Population density - Regions,I,A,Annual,CTRY,Country,COL,Colombia,_Z,Not applicable,POP,Population,_T,Total,_T,Total,PS_KM2,Persons per square kilometer,2023,,45.73,,COL,Colombia,A,Normal value,0,Units,2,Two
DATAFLOW,OECD.CFE.EDS:DSD_REG_DEMO@DF_DENSITY(2.0),Population density - Regions,I,A,Annual,CTRY,Country,COL,Colombia,_Z,Not applicable,POP,Population,_T,Total,_T,Total,PS_KM2,Persons per square kilometer,2014,,40.17,,COL,Colombia,A,Normal value,0,Units,2,Two
DATAFLOW,OECD.CFE.EDS:DSD_REG_DEMO@DF_DENSITY(2.0),Population density - Regions,I,A,Annual,CTRY,Country,COL,Colombia,_Z,Not applicable,POP,Population,_T,Total,_T,Total,PS_KM2,Persons per square kilometer,2009,,38.19,,COL,Colombia,A,Normal value,0,Units,2,Two
DATAFLOW,OECD.CFE.EDS:DSD_REG_DEMO@DF_DENSITY(2.0),Population density - Regions,I,A,Annual,CTRY,Country,COL,Colombia,_Z,Not applicable,POP,Population,_T,Total,_T,Total,PS_KM2,Persons per square kilometer,2008,,37.78,,COL,Colombia,A,Normal value,0,Units,2,Two
DATAFLOW,OECD.CFE.EDS:DSD_REG_DEMO@DF_DENSITY(2.0),Population density - Regions,I,A,Annual,CTRY,Country,COL,Colombia,_Z,Not applicable,POP,Population,_T,Total,_T,Total,PS_KM2,Persons per square kilometer,2003,,35.64,,COL,Colombia,A,Normal value,0,Units,2,Two
DATAFLOW,OECD.CFE.EDS:DSD_REG_DEMO@DF_DENSITY(2.0),Population density - Regions,I,A,Annual,CTRY,Country,COL,Colombia,_Z,Not applicable,POP,Population,_T,Total,_T,Total,PS_KM2,Persons per square kilometer,2002,,35.2,,COL,Colombia,A,Normal value,0,Units,2,Two
DATAFLOW,OECD.CFE.EDS:DSD_REG_DEMO@DF_DENSITY(2.0),Population density - Regions,I,A,Annual,CTRY,Country,COL,Colombia,_Z,Not applicable,POP,Population,_T,Total,_T,Total,PS_KM2,Persons per square kilometer,1999,,33.79,,COL,Colombia,A,Normal value,0,Units,2,Two
DATAFLOW,OECD.CFE.EDS:DSD_REG_DEMO@DF_DENSITY(2.0),Population density - Regions,I,A,Annual,CTRY,Country,COL,Colombia,_Z,Not applicable,POP,Population,_T,Total,_T,Total,PS_KM2,Persons per square kilometer,1998,,33.29,,COL,Colombia,A,Normal value,0,Units,2,Two
DATAFLOW,OECD.CFE.EDS:DSD_REG_DEMO@DF_DENSITY(2.0),Population density - Regions,I,A,Annual,CTRY,Country,COL,Colombia,_Z,Not applicable,POP,Population,_T,Total,_T,Total,PS_KM2,Persons per square kilometer,1997,,32.78,,COL,Colombia,A,Normal value,0,Units,2,Two
DATAFLOW,OECD.CFE.EDS:DSD_REG_DEMO@DF_DENSITY(2.0),Population density - Regions,I,A,Annual,CTRY,Country,COL,Colombia,_Z,Not applicable,POP,Population,_T,Total,_T,Total,PS_KM2,Persons per square kilometer,1996,,32.26,,COL,Colombia,A,Normal value,0,Units,2,Two
DATAFLOW,OECD.CFE.EDS:DSD_REG_DEMO@DF_DENSITY(2.0),Population density - Regions,I,A,Annual,CTRY,Country,COL,Colombia,_Z,Not applicable,POP,Population,_T,Total,_T,Total,PS_KM2,Persons per square kilometer,2007,,37.36,,COL,Colombia,A,Normal value,0,Units,2,Two
DATAFLOW,OECD.CFE.EDS:DSD_REG_DEMO@DF_DENSITY(2.0),Population density - Regions,I,A,Annual,CTRY,Country,COL,Colombia,_Z,Not applicable,POP,Population,_T,Total,_T,Total,PS_KM2,Persons per square kilometer,2006,,36.93,,COL,Colombia,A,Normal value,0,Units,2,Two
DATAFLOW,OECD.CFE.EDS:DSD_REG_DEMO@DF_DENSITY(2.0),Population density - Regions,I,A,Annual,CTRY,Country,COL,Colombia,_Z,Not applicable,POP,Population,_T,Total,_T,Total,PS_KM2,Persons per square kilometer,1993,,31.71,,COL,Colombia,A,Normal value,0,Units,2,Two
DATAFLOW,OECD.CFE.EDS:DSD_REG_DEMO@DF_DENSITY(2.0),Population density - Regions,I,A,Annual,CTRY,Country,COL,Colombia,_Z,Not applicable,POP,Population,_T,Total,_T,Total,PS_KM2,Persons per square kilometer,1992,,31.11,,COL,Colombia,A,Normal value,0,Units,2,Two
DATAFLOW,OECD.CFE.EDS:DSD_REG_DEMO@DF_DENSITY(2.0),Population density - Regions,I,A,Annual,CTRY,Country,COL,Colombia,_Z,Not applicable,POP,Population,_T,Total,_T,Total,PS_KM2,Persons per square kilometer,2001,,34.75,,COL,Colombia,A,Normal value,0,Units,2,Two
DATAFLOW,OECD.CFE.EDS:DSD_REG_DEMO@DF_DENSITY(2.0),Population density - Regions,I,A,Annual,CTRY,Country,COL,Colombia,_Z,Not applicable,POP,Population,_T,Total,_T,Total,PS_KM2,Persons per square kilometer,2000,,34.28,,COL,Colombia,A,Normal value,0,Units,2,Two
DATAFLOW,OECD.CFE.EDS:DSD_REG_DEMO@DF_DENSITY(2.0),Population density - Regions,I,A,Annual,CTRY,Country,COL,Colombia,_Z,Not applicable,POP,Population,_T,Total,_T,Total,PS_KM2,Persons per square kilometer,2019,,43.26,,COL,Colombia,A,Normal value,0,Units,2,Two
DATAFLOW,OECD.CFE.EDS:DSD_REG_DEMO@DF_DENSITY(2.0),Population density - Regions,I,A,Annual,CTRY,Country,COL,Colombia,_Z,Not applicable,POP,Population,_T,Total,_T,Total,PS_KM2,Persons per square kilometer,2018,,42.27,,COL,Colombia,A,Normal value,0,Units,2,Two
DATAFLOW,OECD.CFE.EDS:DSD_REG_DEMO@DF_DENSITY(2.0),Population density - Regions,I,A,Annual,CTRY,Country,COL,Colombia,_Z,Not applicable,POP,Population,_T,Total,_T,Total,PS_KM2,Persons per square kilometer,2017,,41.53,,COL,Colombia,A,Normal value,0,Units,2,Two
DATAFLOW,OECD.CFE.EDS:DSD_REG_DEMO@DF_DENSITY(2.0),Population density - Regions,I,A,Annual,CTRY,Country,COL,Colombia,_Z,Not applicable,POP,Population,_T,Total,_T,Total,PS_KM2,Persons per square kilometer,2016,,41.02,,COL,Colombia,A,Normal value,0,Units,2,Two
DATAFLOW,OECD.CFE.EDS:DSD_REG_DEMO@DF_DENSITY(2.0),Population density - Regions,I,A,Annual,CTRY,Country,COL,Colombia,_Z,Not applicable,POP,Population,_T,Total,_T,Total,PS_KM2,Persons per square kilometer,2013,,39.79,,COL,Colombia,A,Normal value,0,Units,2,Two
DATAFLOW,OECD.CFE.EDS:DSD_REG_DEMO@DF_DENSITY(2.0),Population density - Regions,I,A,Annual,CTRY,Country,COL,Colombia,_Z,Not applicable,POP,Population,_T,Total,_T,Total,PS_KM2,Persons per square kilometer,2012,,39.41,,COL,Colombia,A,Normal value,0,Units,2,Two
DATAFLOW,OECD.CFE.EDS:DSD_REG_DEMO@DF_DENSITY(2.0),Population density - Regions,I,A,Annual,CTRY,Country,COL,Colombia,_Z,Not applicable,POP,Population,_T,Total,_T,Total,PS_KM2,Persons per square kilometer,2011,,39.02,,COL,Colombia,A,Normal value,0,Units,2,Two
DATAFLOW,OECD.CFE.EDS:DSD_REG_DEMO@DF_DENSITY(2.0),Population density - Regions,I,A,Annual,CTRY,Country,COL,Colombia,_Z,Not applicable,POP,Population,_T,Total,_T,Total,PS_KM2,Persons per square kilometer,2010,,38.61,,COL,Colombia,A,Normal value,0,Units,2,Two
DATAFLOW,OECD.CFE.EDS:DSD_REG_DEMO@DF_DENSITY(2.0),Population density - Regions,I,A,Annual,CTRY,Country,COL,Colombia,_Z,Not applicable,POP,Population,_T,Total,_T,Total,PS_KM2,Persons per square kilometer,2021,,44.77,,COL,Colombia,A,Normal value,0,Units,2,Two
DATAFLOW,OECD.CFE.EDS:DSD_REG_DEMO@DF_DENSITY(2.0),Population density - Regions,I,A,Annual,CTRY,Country,CRI,Costa Rica,_Z,Not applicable,POP,Population,_T,Total,_T,Total,PS_KM2,Persons per square kilometer,2018,,96.76,,CRI,Costa Rica,A,Normal value,0,Units,2,Two
DATAFLOW,OECD.CFE.EDS:DSD_REG_DEMO@DF_DENSITY(2.0),Population density - Regions,I,A,Annual,CTRY,Country,CRI,Costa Rica,_Z,Not applicable,POP,Population,_T,Total,_T,Total,PS_KM2,Persons per square kilometer,2017,,95.68,,CRI,Costa Rica,A,Normal value,0,Units,2,Two
DATAFLOW,OECD.CFE.EDS:DSD_REG_DEMO@DF_DENSITY(2.0),Population density - Regions,I,A,Annual,CTRY,Country,CRI,Costa Rica,_Z,Not applicable,POP,Population,_T,Total,_T,Total,PS_KM2,Persons per square kilometer,2006,,82.74,,CRI,Costa Rica,A,Normal value,0,Units,2,Two
DATAFLOW,OECD.CFE.EDS:DSD_REG_DEMO@DF_DENSITY(2.0),Population density - Regions,I,A,Annual,CTRY,Country,CRI,Costa Rica,_Z,Not applicable,POP,Population,_T,Total,_T,Total,PS_KM2,Persons per square kilometer,2004,,80.29,,CRI,Costa Rica,A,Normal value,0,Units,2,Two
DATAFLOW,OECD.CFE.EDS:DSD_REG_DEMO@DF_DENSITY(2.0),Population density - Regions,I,A,Annual,CTRY,Country,CRI,Costa Rica,_Z,Not applicable,POP,Population,_T,Total,_T,Total,PS_KM2,Persons per square kilometer,2003,,79.03,,CRI,Costa Rica,A,Normal value,0,Units,2,Two
DATAFLOW,OECD.CFE.EDS:DSD_REG_DEMO@DF_DENSITY(2.0),Population density - Regions,I,A,Annual,CTRY,Country,CRI,Costa Rica,_Z,Not applicable,POP,Population,_T,Total,_T,Total,PS_KM2,Persons per square kilometer,2002,,77.79,,CRI,Costa Rica,A,Normal value,0,Units,2,Two
DATAFLOW,OECD.CFE.EDS:DSD_REG_DEMO@DF_DENSITY(2.0),Population density - Regions,I,A,Annual,CTRY,Country,CRI,Costa Rica,_Z,Not applicable,POP,Population,_T,Total,_T,Total,PS_KM2,Persons per square kilometer,2001,,76.45,,CRI,Costa Rica,A,Normal value,0,Units,2,Two
DATAFLOW,OECD.CFE.EDS:DSD_REG_DEMO@DF_DENSITY(2.0),Population density - Regions,I,A,Annual,CTRY,Country,CRI,Costa Rica,_Z,Not applicable,POP,Population,_T,Total,_T,Total,PS_KM2,Persons per square kilometer,2023,,101.76,,CRI,Costa Rica,A,Normal value,0,Units,2,Two
DATAFLOW,OECD.CFE.EDS:DSD_REG_DEMO@DF_DENSITY(2.0),Population density - Regions,I,A,Annual,CTRY,Country,CRI,Costa Rica,_Z,Not applicable,POP,Population,_T,Total,_T,Total,PS_KM2,Persons per square kilometer,2013,,91.15,,CRI,Costa Rica,A,Normal value,0,Units,2,Two
DATAFLOW,OECD.CFE.EDS:DSD_REG_DEMO@DF_DENSITY(2.0),Population density - Regions,I,A,Annual,CTRY,Country,CRI,Costa Rica,_Z,Not applicable,POP,Population,_T,Total,_T,Total,PS_KM2,Persons per square kilometer,2011,,88.81,,CRI,Costa Rica,A,Normal value,0,Units,2,Two
DATAFLOW,OECD.CFE.EDS:DSD_REG_DEMO@DF_DENSITY(2.0),Population density - Regions,I,A,Annual,CTRY,Country,CRI,Costa Rica,_Z,Not applicable,POP,Population,_T,Total,_T,Total,PS_KM2,Persons per square kilometer,2010,,87.68,,CRI,Costa Rica,A,Normal value,0,Units,2,Two
DATAFLOW,OECD.CFE.EDS:DSD_REG_DEMO@DF_DENSITY(2.0),Population density - Regions,I,A,Annual,CTRY,Country,CRI,Costa Rica,_Z,Not applicable,POP,Population,_T,Total,_T,Total,PS_KM2,Persons per square kilometer,2007,,83.94,,CRI,Costa Rica,A,Normal value,0,Units,2,Two
DATAFLOW,OECD.CFE.EDS:DSD_REG_DEMO@DF_DENSITY(2.0),Population density - Regions,I,A,Annual,CTRY,Country,CRI,Costa Rica,_Z,Not applicable,POP,Population,_T,Total,_T,Total,PS_KM2,Persons per square kilometer,2005,,81.52,,CRI,Costa Rica,A,Normal value,0,Units,2,Two
DATAFLOW,OECD.CFE.EDS:DSD_REG_DEMO@DF_DENSITY(2.0),Population density - Regions,I,A,Annual,CTRY,Country,CRI,Costa Rica,_Z,Not applicable,POP,Population,_T,Total,_T,Total,PS_KM2,Persons per square kilometer,2022,,100.82,,CRI,Costa Rica,A,Normal value,0,Units,2,Two
DATAFLOW,OECD.CFE.EDS:DSD_REG_DEMO@DF_DENSITY(2.0),Population density - Regions,I,A,Annual,CTRY,Country,CRI,Costa Rica,_Z,Not applicable,POP,Population,_T,Total,_T,Total,PS_KM2,Persons per square kilometer,2021,,99.85,,CRI,Costa Rica,A,Normal value,0,Units,2,Two
DATAFLOW,OECD.CFE.EDS:DSD_REG_DEMO@DF_DENSITY(2.0),Population density - Regions,I,A,Annual,CTRY,Country,CRI,Costa Rica,_Z,Not applicable,POP,Population,_T,Total,_T,Total,PS_KM2,Persons per square kilometer,2020,,98.84,,CRI,Costa Rica,A,Normal value,0,Units,2,Two
DATAFLOW,OECD.CFE.EDS:DSD_REG_DEMO@DF_DENSITY(2.0),Population density - Regions,I,A,Annual,CTRY,Country,CRI,Costa Rica,_Z,Not applicable,POP,Population,_T,Total,_T,Total,PS_KM2,Persons per square kilometer,2016,,94.57,,CRI,Costa Rica,A,Normal value,0,Units,2,Two
DATAFLOW,OECD.CFE.EDS:DSD_REG_DEMO@DF_DENSITY(2.0),Population density - Regions,I,A,Annual,CTRY,Country,CRI,Costa Rica,_Z,Not applicable,POP,Population,_T,Total,_T,Total,PS_KM2,Persons per square kilometer,2015,,93.45,,CRI,Costa Rica,A,Normal value,0,Units,2,Two
DATAFLOW,OECD.CFE.EDS:DSD_REG_DEMO@DF_DENSITY(2.0),Population density - Regions,I,A,Annual,CTRY,Country,CRI,Costa Rica,_Z,Not applicable,POP,Population,_T,Total,_T,Total,PS_KM2,Persons per square kilometer,2014,,92.31,,CRI,Costa Rica,A,Normal value,0,Units,2,Two
DATAFLOW,OECD.CFE.EDS:DSD_REG_DEMO@DF_DENSITY(2.0),Population density - Regions,I,A,Annual,CTRY,Country,CRI,Costa Rica,_Z,Not applicable,POP,Population,_T,Total,_T,Total,PS_KM2,Persons per square kilometer,2000,,74.89,,CRI,Costa Rica,A,Normal value,0,Units,2,Two
DATAFLOW,OECD.CFE.EDS:DSD_REG_DEMO@DF_DENSITY(2.0),Population density - Regions,I,A,Annual,CTRY,Country,CRI,Costa Rica,_Z,Not applicable,POP,Population,_T,Total,_T,Total,PS_KM2,Persons per square kilometer,2009,,86.43,,CRI,Costa Rica,A,Normal value,0,Units,2,Two
DATAFLOW,OECD.CFE.EDS:DSD_REG_DEMO@DF_DENSITY(2.0),Population density - Regions,I,A,Annual,CTRY,Country,CRI,Costa Rica,_Z,Not applicable,POP,Population,_T,Total,_T,Total,PS_KM2,Persons per square kilometer,2008,,85.17,,CRI,Costa Rica,A,Normal value,0,Units,2,Two
DATAFLOW,OECD.CFE.EDS:DSD_REG_DEMO@DF_DENSITY(2.0),Population density - Regions,I,A,Annual,CTRY,Country,CRI,Costa Rica,_Z,Not applicable,POP,Population,_T,Total,_T,Total,PS_KM2,Persons per square kilometer,2012,,89.97,,CRI,Costa Rica,A,Normal value,0,Units,2,Two
DATAFLOW,OECD.CFE.EDS:DSD_REG_DEMO@DF_DENSITY(2.0),Population density - Regions,I,A,Annual,CTRY,Country,CZE,Czechia,_Z,Not applicable,POP,Population,_T,Total,_T,Total,PS_KM2,Persons per square kilometer,1993,,133.73,,CZE,Czechia,A,Normal value,0,Units,2,Two
DATAFLOW,OECD.CFE.EDS:DSD_REG_DEMO@DF_DENSITY(2.0),Population density - Regions,I,A,Annual,CTRY,Country,CZE,Czechia,_Z,Not applicable,POP,Population,_T,Total,_T,Total,PS_KM2,Persons per square kilometer,2016,,136.69,,CZE,Czechia,A,Normal value,0,Units,2,Two
DATAFLOW,OECD.CFE.EDS:DSD_REG_DEMO@DF_DENSITY(2.0),Population density - Regions,I,A,Annual,CTRY,Country,CZE,Czechia,_Z,Not applicable,POP,Population,_T,Total,_T,Total,PS_KM2,Persons per square kilometer,2001,,132.52,,CZE,Czechia,A,Normal value,0,Units,2,Two
DATAFLOW,OECD.CFE.EDS:DSD_REG_DEMO@DF_DENSITY(2.0),Population density - Regions,I,A,Annual,CTRY,Country,CZE,Czechia,_Z,Not applicable,POP,Population,_T,Total,_T,Total,PS_KM2,Persons per square kilometer,1995,,133.83,,CZE,Czechia,A,Normal value,0,Units,2,Two
DATAFLOW,OECD.CFE.EDS:DSD_REG_DEMO@DF_DENSITY(2.0),Population density - Regions,I,A,Annual,CTRY,Country,CZE,Czechia,_Z,Not applicable,POP,Population,_T,Total,_T,Total,PS_KM2,Persons per square kilometer,1994,,133.84,,CZE,Czechia,A,Normal value,0,Units,2,Two
DATAFLOW,OECD.CFE.EDS:DSD_REG_DEMO@DF_DENSITY(2.0),Population density - Regions,I,A,Annual,CTRY,Country,CZE,Czechia,_Z,Not applicable,POP,Population,_T,Total,_T,Total,PS_KM2,Persons per square kilometer,1996,,133.68,,CZE,Czechia,A,Normal value,0,Units,2,Two
DATAFLOW,OECD.CFE.EDS:DSD_REG_DEMO@DF_DENSITY(2.0),Population density - Regions,I,A,Annual,CTRY,Country,CZE,Czechia,_Z,Not applicable,POP,Population,_T,Total,_T,Total,PS_KM2,Persons per square kilometer,1990,,134.2,,CZE,Czechia,A,Normal value,0,Units,2,Two
DATAFLOW,OECD.CFE.EDS:DSD_REG_DEMO@DF_DENSITY(2.0),Population density - Regions,I,A,Annual,CTRY,Country,CZE,Czechia,_Z,Not applicable,POP,Population,_T,Total,_T,Total,PS_KM2,Persons per square kilometer,2023,,140.23,,CZE,Czechia,A,Normal value,0,Units,2,Two
DATAFLOW,OECD.CFE.EDS:DSD_REG_DEMO@DF_DENSITY(2.0),Population density - Regions,I,A,Annual,CTRY,Country,CZE,Czechia,_Z,Not applicable,POP,Population,_T,Total,_T,Total,PS_KM2,Persons per square kilometer,2015,,136.48,,CZE,Czechia,A,Normal value,0,Units,2,Two
DATAFLOW,OECD.CFE.EDS:DSD_REG_DEMO@DF_DENSITY(2.0),Population density - Regions,I,A,Annual,CTRY,Country,CZE,Czechia,_Z,Not applicable,POP,Population,_T,Total,_T,Total,PS_KM2,Persons per square kilometer,2014,,136.15,,CZE,Czechia,A,Normal value,0,Units,2,Two
DATAFLOW,OECD.CFE.EDS:DSD_REG_DEMO@DF_DENSITY(2.0),Population density - Regions,I,A,Annual,CTRY,Country,CZE,Czechia,_Z,Not applicable,POP,Population,_T,Total,_T,Total,PS_KM2,Persons per square kilometer,2000,,133.12,,CZE,Czechia,A,Normal value,0,Units,2,Two
DATAFLOW,OECD.CFE.EDS:DSD_REG_DEMO@DF_DENSITY(2.0),Population density - Regions,I,A,Annual,CTRY,Country,CZE,Czechia,_Z,Not applicable,POP,Population,_T,Total,_T,Total,PS_KM2,Persons per square kilometer,1999,,133.26,,CZE,Czechia,A,Normal value,0,Units,2,Two
DATAFLOW,OECD.CFE.EDS:DSD_REG_DEMO@DF_DENSITY(2.0),Population density - Regions,I,A,Annual,CTRY,Country,CZE,Czechia,_Z,Not applicable,POP,Population,_T,Total,_T,Total,PS_KM2,Persons per square kilometer,2009,,135.03,,CZE,Czechia,A,Normal value,0,Units,2,Two
DATAFLOW,OECD.CFE.EDS:DSD_REG_DEMO@DF_DENSITY(2.0),Population density - Regions,I,A,Annual,CTRY,Country,CZE,Czechia,_Z,Not applicable,POP,Population,_T,Total,_T,Total,PS_KM2,Persons per square kilometer,2008,,133.96,,CZE,Czechia,A,Normal value,0,Units,2,Two
DATAFLOW,OECD.CFE.EDS:DSD_REG_DEMO@DF_DENSITY(2.0),Population density - Regions,I,A,Annual,CTRY,Country,CZE,Czechia,_Z,Not applicable,POP,Population,_T,Total,_T,Total,PS_KM2,Persons per square kilometer,2006,,132.41,,CZE,Czechia,A,Normal value,0,Units,2,Two
DATAFLOW,OECD.CFE.EDS:DSD_REG_DEMO@DF_DENSITY(2.0),Population density - Regions,I,A,Annual,CTRY,Country,CZE,Czechia,_Z,Not applicable,POP,Population,_T,Total,_T,Total,PS_KM2,Persons per square kilometer,2004,,132.04,,CZE,Czechia,A,Normal value,0,Units,2,Two
DATAFLOW,OECD.CFE.EDS:DSD_REG_DEMO@DF_DENSITY(2.0),Population density - Regions,I,A,Annual,CTRY,Country,CZE,Czechia,_Z,Not applicable,POP,Population,_T,Total,_T,Total,PS_KM2,Persons per square kilometer,2003,,132.01,,CZE,Czechia,A,Normal value,0,Units,2,Two
DATAFLOW,OECD.CFE.EDS:DSD_REG_DEMO@DF_DENSITY(2.0),Population density - Regions,I,A,Annual,CTRY,Country,CZE,Czechia,_Z,Not applicable,POP,Population,_T,Total,_T,Total,PS_KM2,Persons per square kilometer,2002,,132.12,,CZE,Czechia,A,Normal value,0,Units,2,Two
DATAFLOW,OECD.CFE.EDS:DSD_REG_DEMO@DF_DENSITY(2.0),Population density - Regions,I,A,Annual,CTRY,Country,CZE,Czechia,_Z,Not applicable,POP,Population,_T,Total,_T,Total,PS_KM2,Persons per square kilometer,1998,,133.39,,CZE,Czechia,A,Normal value,0,Units,2,Two
DATAFLOW,OECD.CFE.EDS:DSD_REG_DEMO@DF_DENSITY(2.0),Population density - Regions,I,A,Annual,CTRY,Country,CZE,Czechia,_Z,Not applicable,POP,Population,_T,Total,_T,Total,PS_KM2,Persons per square kilometer,1997,,133.52,,CZE,Czechia,A,Normal value,0,Units,2,Two
DATAFLOW,OECD.CFE.EDS:DSD_REG_DEMO@DF_DENSITY(2.0),Population density - Regions,I,A,Annual,CTRY,Country,CZE,Czechia,_Z,Not applicable,POP,Population,_T,Total,_T,Total,PS_KM2,Persons per square kilometer,1992,,133.56,,CZE,Czechia,A,Normal value,0,Units,2,Two
DATAFLOW,OECD.CFE.EDS:DSD_REG_DEMO@DF_DENSITY(2.0),Population density - Regions,I,A,Annual,CTRY,Country,CZE,Czechia,_Z,Not applicable,POP,Population,_T,Total,_T,Total,PS_KM2,Persons per square kilometer,1991,,133.46,,CZE,Czechia,A,Normal value,0,Units,2,Two
DATAFLOW,OECD.CFE.EDS:DSD_REG_DEMO@DF_DENSITY(2.0),Population density - Regions,I,A,Annual,CTRY,Country,CZE,Czechia,_Z,Not applicable,POP,Population,_T,Total,_T,Total,PS_KM2,Persons per square kilometer,2012,,136.06,,CZE,Czechia,A,Normal value,0,Units,2,Two
DATAFLOW,OECD.CFE.EDS:DSD_REG_DEMO@DF_DENSITY(2.0),Population density - Regions,I,A,Annual,CTRY,Country,CZE,Czechia,_Z,Not applicable,POP,Population,_T,Total,_T,Total,PS_KM2,Persons per square kilometer,2019,,137.93,,CZE,Czechia,A,Normal value,0,Units,2,Two
DATAFLOW,OECD.CFE.EDS:DSD_REG_DEMO@DF_DENSITY(2.0),Population density - Regions,I,A,Annual,CTRY,Country,CZE,Czechia,_Z,Not applicable,POP,Population,_T,Total,_T,Total,PS_KM2,Persons per square kilometer,2018,,137.41,,CZE,Czechia,A,Normal value,0,Units,2,Two
DATAFLOW,OECD.CFE.EDS:DSD_REG_DEMO@DF_DENSITY(2.0),Population density - Regions,I,A,Annual,CTRY,Country,CZE,Czechia,_Z,Not applicable,POP,Population,_T,Total,_T,Total,PS_KM2,Persons per square kilometer,2017,,137.01,,CZE,Czechia,A,Normal value,0,Units,2,Two
DATAFLOW,OECD.CFE.EDS:DSD_REG_DEMO@DF_DENSITY(2.0),Population density - Regions,I,A,Annual,CTRY,Country,CZE,Czechia,_Z,Not applicable,POP,Population,_T,Total,_T,Total,PS_KM2,Persons per square kilometer,2013,,136.2,,CZE,Czechia,A,Normal value,0,Units,2,Two
DATAFLOW,OECD.CFE.EDS:DSD_REG_DEMO@DF_DENSITY(2.0),Population density - Regions,I,A,Annual,CTRY,Country,CZE,Czechia,_Z,Not applicable,POP,Population,_T,Total,_T,Total,PS_KM2,Persons per square kilometer,2011,,135.82,,CZE,Czechia,A,Normal value,0,Units,2,Two
DATAFLOW,OECD.CFE.EDS:DSD_REG_DEMO@DF_DENSITY(2.0),Population density - Regions,I,A,Annual,CTRY,Country,CZE,Czechia,_Z,Not applicable,POP,Population,_T,Total,_T,Total,PS_KM2,Persons per square kilometer,2010,,135.5,,CZE,Czechia,A,Normal value,0,Units,2,Two
DATAFLOW,OECD.CFE.EDS:DSD_REG_DEMO@DF_DENSITY(2.0),Population density - Regions,I,A,Annual,CTRY,Country,CZE,Czechia,_Z,Not applicable,POP,Population,_T,Total,_T,Total,PS_KM2,Persons per square kilometer,2007,,132.81,,CZE,Czechia,A,Normal value,0,Units,2,Two
DATAFLOW,OECD.CFE.EDS:DSD_REG_DEMO@DF_DENSITY(2.0),Population density - Regions,I,A,Annual,CTRY,Country,CZE,Czechia,_Z,Not applicable,POP,Population,_T,Total,_T,Total,PS_KM2,Persons per square kilometer,2005,,132.09,,CZE,Czechia,A,Normal value,0,Units,2,Two
DATAFLOW,OECD.CFE.EDS:DSD_REG_DEMO@DF_DENSITY(2.0),Population density - Regions,I,A,Annual,CTRY,Country,CZE,Czechia,_Z,Not applicable,POP,Population,_T,Total,_T,Total,PS_KM2,Persons per square kilometer,2021,,135.92,,CZE,Czechia,B,Time series break,0,Units,2,Two
DATAFLOW,OECD.CFE.EDS:DSD_REG_DEMO@DF_DENSITY(2.0),Population density - Regions,I,A,Annual,CTRY,Country,CZE,Czechia,_Z,Not applicable,POP,Population,_T,Total,_T,Total,PS_KM2,Persons per square kilometer,2022,,136.21,,CZE,Czechia,A,Normal value,0,Units,2,Two
DATAFLOW,OECD.CFE.EDS:DSD_REG_DEMO@DF_DENSITY(2.0),Population density - Regions,I,A,Annual,CTRY,Country,DNK,Denmark,_Z,Not applicable,POP,Population,_T,Total,_T,Total,PS_KM2,Persons per square kilometer,2021,,139.09,,DNK,Denmark,A,Normal value,0,Units,2,Two
DATAFLOW,OECD.CFE.EDS:DSD_REG_DEMO@DF_DENSITY(2.0),Population density - Regions,I,A,Annual,CTRY,Country,DNK,Denmark,_Z,Not applicable,POP,Population,_T,Total,_T,Total,PS_KM2,Persons per square kilometer,2020,,138.68,,DNK,Denmark,A,Normal value,0,Units,2,Two
DATAFLOW,OECD.CFE.EDS:DSD_REG_DEMO@DF_DENSITY(2.0),Population density - Regions,I,A,Annual,CTRY,Country,DNK,Denmark,_Z,Not applicable,POP,Population,_T,Total,_T,Total,PS_KM2,Persons per square kilometer,1991,,122.57,,DNK,Denmark,A,Normal value,0,Units,2,Two
DATAFLOW,OECD.CFE.EDS:DSD_REG_DEMO@DF_DENSITY(2.0),Population density - Regions,I,A,Annual,CTRY,Country,DNK,Denmark,_Z,Not applicable,POP,Population,_T,Total,_T,Total,PS_KM2,Persons per square kilometer,2001,,127.4,,DNK,Denmark,A,Normal value,0,Units,2,Two
DATAFLOW,OECD.CFE.EDS:DSD_REG_DEMO@DF_DENSITY(2.0),Population density - Regions,I,A,Annual,CTRY,Country,DNK,Denmark,_Z,Not applicable,POP,Population,_T,Total,_T,Total,PS_KM2,Persons per square kilometer,1995,,124.22,,DNK,Denmark,A,Normal value,0,Units,2,Two
DATAFLOW,OECD.CFE.EDS:DSD_REG_DEMO@DF_DENSITY(2.0),Population density - Regions,I,A,Annual,CTRY,Country,DNK,Denmark,_Z,Not applicable,POP,Population,_T,Total,_T,Total,PS_KM2,Persons per square kilometer,1994,,123.77,,DNK,Denmark,A,Normal value,0,Units,2,Two
DATAFLOW,OECD.CFE.EDS:DSD_REG_DEMO@DF_DENSITY(2.0),Population density - Regions,I,A,Annual,CTRY,Country,DNK,Denmark,_Z,Not applicable,POP,Population,_T,Total,_T,Total,PS_KM2,Persons per square kilometer,1996,,125.06,,DNK,Denmark,A,Normal value,0,Units,2,Two
DATAFLOW,OECD.CFE.EDS:DSD_REG_DEMO@DF_DENSITY(2.0),Population density - Regions,I,A,Annual,CTRY,Country,DNK,Denmark,_Z,Not applicable,POP,Population,_T,Total,_T,Total,PS_KM2,Persons per square kilometer,1990,,122.31,,DNK,Denmark,A,Normal value,0,Units,2,Two
DATAFLOW,OECD.CFE.EDS:DSD_REG_DEMO@DF_DENSITY(2.0),Population density - Regions,I,A,Annual,CTRY,Country,DNK,Denmark,_Z,Not applicable,POP,Population,_T,Total,_T,Total,PS_KM2,Persons per square kilometer,1993,,123.39,,DNK,Denmark,A,Normal value,0,Units,2,Two
DATAFLOW,OECD.CFE.EDS:DSD_REG_DEMO@DF_DENSITY(2.0),Population density - Regions,I,A,Annual,CTRY,Country,DNK,Denmark,_Z,Not applicable,POP,Population,_T,Total,_T,Total,PS_KM2,Persons per square kilometer,2015,,134.8,,DNK,Denmark,A,Normal value,0,Units,2,Two
DATAFLOW,OECD.CFE.EDS:DSD_REG_DEMO@DF_DENSITY(2.0),Population density - Regions,I,A,Annual,CTRY,Country,DNK,Denmark,_Z,Not applicable,POP,Population,_T,Total,_T,Total,PS_KM2,Persons per square kilometer,2014,,134.02,,DNK,Denmark,A,Normal value,0,Units,2,Two
DATAFLOW,OECD.CFE.EDS:DSD_REG_DEMO@DF_DENSITY(2.0),Population density - Regions,I,A,Annual,CTRY,Country,DNK,Denmark,_Z,Not applicable,POP,Population,_T,Total,_T,Total,PS_KM2,Persons per square kilometer,2000,,126.94,,DNK,Denmark,A,Normal value,0,Units,2,Two
DATAFLOW,OECD.CFE.EDS:DSD_REG_DEMO@DF_DENSITY(2.0),Population density - Regions,I,A,Annual,CTRY,Country,DNK,Denmark,_Z,Not applicable,POP,Population,_T,Total,_T,Total,PS_KM2,Persons per square kilometer,2009,,131.27,,DNK,Denmark,A,Normal value,0,Units,2,Two
DATAFLOW,OECD.CFE.EDS:DSD_REG_DEMO@DF_DENSITY(2.0),Population density - Regions,I,A,Annual,CTRY,Country,DNK,Denmark,_Z,Not applicable,POP,Population,_T,Total,_T,Total,PS_KM2,Persons per square kilometer,2008,,130.42,,DNK,Denmark,A,Normal value,0,Units,2,Two
DATAFLOW,OECD.CFE.EDS:DSD_REG_DEMO@DF_DENSITY(2.0),Population density - Regions,I,A,Annual,CTRY,Country,DNK,Denmark,_Z,Not applicable,POP,Population,_T,Total,_T,Total,PS_KM2,Persons per square kilometer,2004,,128.56,,DNK,Denmark,A,Normal value,0,Units,2,Two
DATAFLOW,OECD.CFE.EDS:DSD_REG_DEMO@DF_DENSITY(2.0),Population density - Regions,I,A,Annual,CTRY,Country,DNK,Denmark,_Z,Not applicable,POP,Population,_T,Total,_T,Total,PS_KM2,Persons per square kilometer,2003,,128.22,,DNK,Denmark,A,Normal value,0,Units,2,Two
DATAFLOW,OECD.CFE.EDS:DSD_REG_DEMO@DF_DENSITY(2.0),Population density - Regions,I,A,Annual,CTRY,Country,DNK,Denmark,_Z,Not applicable,POP,Population,_T,Total,_T,Total,PS_KM2,Persons per square kilometer,2002,,127.86,,DNK,Denmark,A,Normal value,0,Units,2,Two
DATAFLOW,OECD.CFE.EDS:DSD_REG_DEMO@DF_DENSITY(2.0),Population density - Regions,I,A,Annual,CTRY,Country,DNK,Denmark,_Z,Not applicable,POP,Population,_T,Total,_T,Total,PS_KM2,Persons per square kilometer,1999,,126.55,,DNK,Denmark,A,Normal value,0,Units,2,Two
DATAFLOW,OECD.CFE.EDS:DSD_REG_DEMO@DF_DENSITY(2.0),Population density - Regions,I,A,Annual,CTRY,Country,DNK,Denmark,_Z,Not applicable,POP,Population,_T,Total,_T,Total,PS_KM2,Persons per square kilometer,1998,,126.11,,DNK,Denmark,A,Normal value,0,Units,2,Two
DATAFLOW,OECD.CFE.EDS:DSD_REG_DEMO@DF_DENSITY(2.0),Population density - Regions,I,A,Annual,CTRY,Country,DNK,Denmark,_Z,Not applicable,POP,Population,_T,Total,_T,Total,PS_KM2,Persons per square kilometer,1997,,125.64,,DNK,Denmark,A,Normal value,0,Units,2,Two
DATAFLOW,OECD.CFE.EDS:DSD_REG_DEMO@DF_DENSITY(2.0),Population density - Regions,I,A,Annual,CTRY,Country,DNK,Denmark,_Z,Not applicable,POP,Population,_T,Total,_T,Total,PS_KM2,Persons per square kilometer,2006,,129.27,,DNK,Denmark,A,Normal value,0,Units,2,Two
DATAFLOW,OECD.CFE.EDS:DSD_REG_DEMO@DF_DENSITY(2.0),Population density - Regions,I,A,Annual,CTRY,Country,DNK,Denmark,_Z,Not applicable,POP,Population,_T,Total,_T,Total,PS_KM2,Persons per square kilometer,1992,,122.95,,DNK,Denmark,A,Normal value,0,Units,2,Two
DATAFLOW,OECD.CFE.EDS:DSD_REG_DEMO@DF_DENSITY(2.0),Population density - Regions,I,A,Annual,CTRY,Country,DNK,Denmark,_Z,Not applicable,POP,Population,_T,Total,_T,Total,PS_KM2,Persons per square kilometer,2012,,132.91,,DNK,Denmark,A,Normal value,0,Units,2,Two
DATAFLOW,OECD.CFE.EDS:DSD_REG_DEMO@DF_DENSITY(2.0),Population density - Regions,I,A,Annual,CTRY,Country,DNK,Denmark,_Z,Not applicable,POP,Population,_T,Total,_T,Total,PS_KM2,Persons per square kilometer,2019,,138.28,,DNK,Denmark,A,Normal value,0,Units,2,Two
DATAFLOW,OECD.CFE.EDS:DSD_REG_DEMO@DF_DENSITY(2.0),Population density - Regions,I,A,Annual,CTRY,Country,DNK,Denmark,_Z,Not applicable,POP,Population,_T,Total,_T,Total,PS_KM2,Persons per square kilometer,2017,,136.92,,DNK,Denmark,A,Normal value,0,Units,2,Two
DATAFLOW,OECD.CFE.EDS:DSD_REG_DEMO@DF_DENSITY(2.0),Population density - Regions,I,A,Annual,CTRY,Country,DNK,Denmark,_Z,Not applicable,POP,Population,_T,Total,_T,Total,PS_KM2,Persons per square kilometer,2013,,133.44,,DNK,Denmark,A,Normal value,0,Units,2,Two
DATAFLOW,OECD.CFE.EDS:DSD_REG_DEMO@DF_DENSITY(2.0),Population density - Regions,I,A,Annual,CTRY,Country,DNK,Denmark,_Z,Not applicable,POP,Population,_T,Total,_T,Total,PS_KM2,Persons per square kilometer,2011,,132.44,,DNK,Denmark,A,Normal value,0,Units,2,Two
DATAFLOW,OECD.CFE.EDS:DSD_REG_DEMO@DF_DENSITY(2.0),Population density - Regions,I,A,Annual,CTRY,Country,DNK,Denmark,_Z,Not applicable,POP,Population,_T,Total,_T,Total,PS_KM2,Persons per square kilometer,2010,,131.82,,DNK,Denmark,A,Normal value,0,Units,2,Two
DATAFLOW,OECD.CFE.EDS:DSD_REG_DEMO@DF_DENSITY(2.0),Population density - Regions,I,A,Annual,CTRY,Country,DNK,Denmark,_Z,Not applicable,POP,Population,_T,Total,_T,Total,PS_KM2,Persons per square kilometer,2018,,137.69,,DNK,Denmark,A,Normal value,0,Units,2,Two
DATAFLOW,OECD.CFE.EDS:DSD_REG_DEMO@DF_DENSITY(2.0),Population density - Regions,I,A,Annual,CTRY,Country,DNK,Denmark,_Z,Not applicable,POP,Population,_T,Total,_T,Total,PS_KM2,Persons per square kilometer,2007,,129.73,,DNK,Denmark,A,Normal value,0,Units,2,Two
DATAFLOW,OECD.CFE.EDS:DSD_REG_DEMO@DF_DENSITY(2.0),Population density - Regions,I,A,Annual,CTRY,Country,DNK,Denmark,_Z,Not applicable,POP,Population,_T,Total,_T,Total,PS_KM2,Persons per square kilometer,2005,,128.88,,DNK,Denmark,A,Normal value,0,Units,2,Two
DATAFLOW,OECD.CFE.EDS:DSD_REG_DEMO@DF_DENSITY(2.0),Population density - Regions,I,A,Annual,CTRY,Country,DNK,Denmark,_Z,Not applicable,POP,Population,_T,Total,_T,Total,PS_KM2,Persons per square kilometer,2016,,135.93,,DNK,Denmark,A,Normal value,0,Units,2,Two
DATAFLOW,OECD.CFE.EDS:DSD_REG_DEMO@DF_DENSITY(2.0),Population density - Regions,I,A,Annual,CTRY,Country,DNK,Denmark,_Z,Not applicable,POP,Population,_T,Total,_T,Total,PS_KM2,Persons per square kilometer,2023,,141.3,,DNK,Denmark,A,Normal value,0,Units,2,Two
DATAFLOW,OECD.CFE.EDS:DSD_REG_DEMO@DF_DENSITY(2.0),Population density - Regions,I,A,Annual,CTRY,Country,EST,Estonia,_Z,Not applicable,POP,Population,_T,Total,_T,Total,PS_KM2,Persons per square kilometer,2020,,30.83,,EST,Estonia,A,Normal value,0,Units,2,Two
DATAFLOW,OECD.CFE.EDS:DSD_REG_DEMO@DF_DENSITY(2.0),Population density - Regions,I,A,Annual,CTRY,Country,EST,Estonia,_Z,Not applicable,POP,Population,_T,Total,_T,Total,PS_KM2,Persons per square kilometer,2006,,31.33,,EST,Estonia,A,Normal value,0,Units,2,Two
DATAFLOW,OECD.CFE.EDS:DSD_REG_DEMO@DF_DENSITY(2.0),Population density - Regions,I,A,Annual,CTRY,Country,EST,Estonia,_Z,Not applicable,POP,Population,_T,Total,_T,Total,PS_KM2,Persons per square kilometer,1997,,32.61,,EST,Estonia,A,Normal value,0,Units,2,Two
DATAFLOW,OECD.CFE.EDS:DSD_REG_DEMO@DF_DENSITY(2.0),Population density - Regions,I,A,Annual,CTRY,Country,EST,Estonia,_Z,Not applicable,POP,Population,_T,Total,_T,Total,PS_KM2,Persons per square kilometer,1992,,35.77,,EST,Estonia,A,Normal value,0,Units,2,Two
DATAFLOW,OECD.CFE.EDS:DSD_REG_DEMO@DF_DENSITY(2.0),Population density - Regions,I,A,Annual,CTRY,Country,EST,Estonia,_Z,Not applicable,POP,Population,_T,Total,_T,Total,PS_KM2,Persons per square kilometer,1991,,36.07,,EST,Estonia,A,Normal value,0,Units,2,Two
DATAFLOW,OECD.CFE.EDS:DSD_REG_DEMO@DF_DENSITY(2.0),Population density - Regions,I,A,Annual,CTRY,Country,EST,Estonia,_Z,Not applicable,POP,Population,_T,Total,_T,Total,PS_KM2,Persons per square kilometer,2002,,32.09,,EST,Estonia,A,Normal value,0,Units,2,Two
DATAFLOW,OECD.CFE.EDS:DSD_REG_DEMO@DF_DENSITY(2.0),Population density - Regions,I,A,Annual,CTRY,Country,EST,Estonia,_Z,Not applicable,POP,Population,_T,Total,_T,Total,PS_KM2,Persons per square kilometer,2001,,32.31,,EST,Estonia,A,Normal value,0,Units,2,Two
DATAFLOW,OECD.CFE.EDS:DSD_REG_DEMO@DF_DENSITY(2.0),Population density - Regions,I,A,Annual,CTRY,Country,EST,Estonia,_Z,Not applicable,POP,Population,_T,Total,_T,Total,PS_KM2,Persons per square kilometer,1990,,36.13,,EST,Estonia,A,Normal value,0,Units,2,Two
DATAFLOW,OECD.CFE.EDS:DSD_REG_DEMO@DF_DENSITY(2.0),Population density - Regions,I,A,Annual,CTRY,Country,EST,Estonia,_Z,Not applicable,POP,Population,_T,Total,_T,Total,PS_KM2,Persons per square kilometer,2016,,30.53,,EST,Estonia,A,Normal value,0,Units,2,Two
DATAFLOW,OECD.CFE.EDS:DSD_REG_DEMO@DF_DENSITY(2.0),Population density - Regions,I,A,Annual,CTRY,Country,EST,Estonia,_Z,Not applicable,POP,Population,_T,Total,_T,Total,PS_KM2,Persons per square kilometer,2014,,30.52,,EST,Estonia,A,Normal value,0,Units,2,Two
DATAFLOW,OECD.CFE.EDS:DSD_REG_DEMO@DF_DENSITY(2.0),Population density - Regions,I,A,Annual,CTRY,Country,EST,Estonia,_Z,Not applicable,POP,Population,_T,Total,_T,Total,PS_KM2,Persons per square kilometer,2013,,30.62,,EST,Estonia,A,Normal value,0,Units,2,Two
DATAFLOW,OECD.CFE.EDS:DSD_REG_DEMO@DF_DENSITY(2.0),Population density - Regions,I,A,Annual,CTRY,Country,EST,Estonia,_Z,Not applicable,POP,Population,_T,Total,_T,Total,PS_KM2,Persons per square kilometer,1996,,33.06,,EST,Estonia,A,Normal value,0,Units,2,Two
DATAFLOW,OECD.CFE.EDS:DSD_REG_DEMO@DF_DENSITY(2.0),Population density - Regions,I,A,Annual,CTRY,Country,EST,Estonia,_Z,Not applicable,POP,Population,_T,Total,_T,Total,PS_KM2,Persons per square kilometer,1995,,33.59,,EST,Estonia,A,Normal value,0,Units,2,Two
DATAFLOW,OECD.CFE.EDS:DSD_REG_DEMO@DF_DENSITY(2.0),Population density - Regions,I,A,Annual,CTRY,Country,EST,Estonia,_Z,Not applicable,POP,Population,_T,Total,_T,Total,PS_KM2,Persons per square kilometer,2010,,30.93,,EST,Estonia,A,Normal value,0,Units,2,Two
DATAFLOW,OECD.CFE.EDS:DSD_REG_DEMO@DF_DENSITY(2.0),Population density - Regions,I,A,Annual,CTRY,Country,EST,Estonia,_Z,Not applicable,POP,Population,_T,Total,_T,Total,PS_KM2,Persons per square kilometer,2009,,30.98,,EST,Estonia,A,Normal value,0,Units,2,Two
DATAFLOW,OECD.CFE.EDS:DSD_REG_DEMO@DF_DENSITY(2.0),Population density - Regions,I,A,Annual,CTRY,Country,EST,Estonia,_Z,Not applicable,POP,Population,_T,Total,_T,Total,PS_KM2,Persons per square kilometer,2008,,31.05,,EST,Estonia,A,Normal value,0,Units,2,Two
DATAFLOW,OECD.CFE.EDS:DSD_REG_DEMO@DF_DENSITY(2.0),Population density - Regions,I,A,Annual,CTRY,Country,EST,Estonia,_Z,Not applicable,POP,Population,_T,Total,_T,Total,PS_KM2,Persons per square kilometer,2007,,31.15,,EST,Estonia,A,Normal value,0,Units,2,Two
DATAFLOW,OECD.CFE.EDS:DSD_REG_DEMO@DF_DENSITY(2.0),Population density - Regions,I,A,Annual,CTRY,Country,EST,Estonia,_Z,Not applicable,POP,Population,_T,Total,_T,Total,PS_KM2,Persons per square kilometer,1994,,33.98,,EST,Estonia,A,Normal value,0,Units,2,Two
DATAFLOW,OECD.CFE.EDS:DSD_REG_DEMO@DF_DENSITY(2.0),Population density - Regions,I,A,Annual,CTRY,Country,EST,Estonia,_Z,Not applicable,POP,Population,_T,Total,_T,Total,PS_KM2,Persons per square kilometer,1993,,34.77,,EST,Estonia,A,Normal value,0,Units,2,Two
DATAFLOW,OECD.CFE.EDS:DSD_REG_DEMO@DF_DENSITY(2.0),Population density - Regions,I,A,Annual,CTRY,Country,EST,Estonia,_Z,Not applicable,POP,Population,_T,Total,_T,Total,PS_KM2,Persons per square kilometer,2004,,31.69,,EST,Estonia,A,Normal value,0,Units,2,Two
DATAFLOW,OECD.CFE.EDS:DSD_REG_DEMO@DF_DENSITY(2.0),Population density - Regions,I,A,Annual,CTRY,Country,EST,Estonia,_Z,Not applicable,POP,Population,_T,Total,_T,Total,PS_KM2,Persons per square kilometer,2003,,31.9,,EST,Estonia,A,Normal value,0,Units,2,Two
DATAFLOW,OECD.CFE.EDS:DSD_REG_DEMO@DF_DENSITY(2.0),Population density - Regions,I,A,Annual,CTRY,Country,EST,Estonia,_Z,Not applicable,POP,Population,_T,Total,_T,Total,PS_KM2,Persons per square kilometer,1998,,32.31,,EST,Estonia,A,Normal value,0,Units,2,Two
DATAFLOW,OECD.CFE.EDS:DSD_REG_DEMO@DF_DENSITY(2.0),Population density - Regions,I,A,Annual,CTRY,Country,EST,Estonia,_Z,Not applicable,POP,Population,_T,Total,_T,Total,PS_KM2,Persons per square kilometer,2023,,31.68,,EST,Estonia,A,Normal value,0,Units,2,Two
DATAFLOW,OECD.CFE.EDS:DSD_REG_DEMO@DF_DENSITY(2.0),Population density - Regions,I,A,Annual,CTRY,Country,EST,Estonia,_Z,Not applicable,POP,Population,_T,Total,_T,Total,PS_KM2,Persons per square kilometer,2018,,30.6,,EST,Estonia,A,Normal value,0,Units,2,Two
DATAFLOW,OECD.CFE.EDS:DSD_REG_DEMO@DF_DENSITY(2.0),Population density - Regions,I,A,Annual,CTRY,Country,EST,Estonia,_Z,Not applicable,POP,Population,_T,Total,_T,Total,PS_KM2,Persons per square kilometer,2017,,30.52,,EST,Estonia,A,Normal value,0,Units,2,Two
DATAFLOW,OECD.CFE.EDS:DSD_REG_DEMO@DF_DENSITY(2.0),Population density - Regions,I,A,Annual,CTRY,Country,EST,Estonia,_Z,Not applicable,POP,Population,_T,Total,_T,Total,PS_KM2,Persons per square kilometer,2019,,30.73,,EST,Estonia,A,Normal value,0,Units,2,Two
DATAFLOW,OECD.CFE.EDS:DSD_REG_DEMO@DF_DENSITY(2.0),Population density - Regions,I,A,Annual,CTRY,Country,EST,Estonia,_Z,Not applicable,POP,Population,_T,Total,_T,Total,PS_KM2,Persons per square kilometer,2005,,31.52,,EST,Estonia,A,Normal value,0,Units,2,Two
DATAFLOW,OECD.CFE.EDS:DSD_REG_DEMO@DF_DENSITY(2.0),Population density - Regions,I,A,Annual,CTRY,Country,EST,Estonia,_Z,Not applicable,POP,Population,_T,Total,_T,Total,PS_KM2,Persons per square kilometer,2015,,30.5,,EST,Estonia,B,Time series break,0,Units,2,Two
DATAFLOW,OECD.CFE.EDS:DSD_REG_DEMO@DF_DENSITY(2.0),Population density - Regions,I,A,Annual,CTRY,Country,EST,Estonia,_Z,Not applicable,POP,Population,_T,Total,_T,Total,PS_KM2,Persons per square kilometer,2012,,30.74,,EST,Estonia,A,Normal value,0,Units,2,Two
DATAFLOW,OECD.CFE.EDS:DSD_REG_DEMO@DF_DENSITY(2.0),Population density - Regions,I,A,Annual,CTRY,Country,EST,Estonia,_Z,Not applicable,POP,Population,_T,Total,_T,Total,PS_KM2,Persons per square kilometer,2011,,30.84,,EST,Estonia,A,Normal value,0,Units,2,Two
DATAFLOW,OECD.CFE.EDS:DSD_REG_DEMO@DF_DENSITY(2.0),Population density - Regions,I,A,Annual,CTRY,Country,EST,Estonia,_Z,Not applicable,POP,Population,_T,Total,_T,Total,PS_KM2,Persons per square kilometer,2000,,32.5,,EST,Estonia,A,Normal value,0,Units,2,Two
DATAFLOW,OECD.CFE.EDS:DSD_REG_DEMO@DF_DENSITY(2.0),Population density - Regions,I,A,Annual,CTRY,Country,EST,Estonia,_Z,Not applicable,POP,Population,_T,Total,_T,Total,PS_KM2,Persons per square kilometer,1999,,31.99,,EST,Estonia,A,Normal value,0,Units,2,Two
DATAFLOW,OECD.CFE.EDS:DSD_REG_DEMO@DF_DENSITY(2.0),Population density - Regions,I,A,Annual,CTRY,Country,EST,Estonia,_Z,Not applicable,POP,Population,_T,Total,_T,Total,PS_KM2,Persons per square kilometer,2022,,30.89,,EST,Estonia,A,Normal value,0,Units,2,Two
DATAFLOW,OECD.CFE.EDS:DSD_REG_DEMO@DF_DENSITY(2.0),Population density - Regions,I,A,Annual,CTRY,Country,FIN,Finland,_Z,Not applicable,POP,Population,_T,Total,_T,Total,PS_KM2,Persons per square kilometer,2019,,18.13,,FIN,Finland,A,Normal value,0,Units,2,Two
DATAFLOW,OECD.CFE.EDS:DSD_REG_DEMO@DF_DENSITY(2.0),Population density - Regions,I,A,Annual,CTRY,Country,FIN,Finland,_Z,Not applicable,POP,Population,_T,Total,_T,Total,PS_KM2,Persons per square kilometer,2016,,18.03,,FIN,Finland,A,Normal value,0,Units,2,Two
DATAFLOW,OECD.CFE.EDS:DSD_REG_DEMO@DF_DENSITY(2.0),Population density - Regions,I,A,Annual,CTRY,Country,FIN,Finland,_Z,Not applicable,POP,Population,_T,Total,_T,Total,PS_KM2,Persons per square kilometer,1997,,16.87,,FIN,Finland,A,Normal value,0,Units,2,Two
DATAFLOW,OECD.CFE.EDS:DSD_REG_DEMO@DF_DENSITY(2.0),Population density - Regions,I,A,Annual,CTRY,Country,FIN,Finland,_Z,Not applicable,POP,Population,_T,Total,_T,Total,PS_KM2,Persons per square kilometer,1992,,16.53,,FIN,Finland,A,Normal value,0,Units,2,Two
DATAFLOW,OECD.CFE.EDS:DSD_REG_DEMO@DF_DENSITY(2.0),Population density - Regions,I,A,Annual,CTRY,Country,FIN,Finland,_Z,Not applicable,POP,Population,_T,Total,_T,Total,PS_KM2,Persons per square kilometer,1991,,16.43,,FIN,Finland,A,Normal value,0,Units,2,Two
DATAFLOW,OECD.CFE.EDS:DSD_REG_DEMO@DF_DENSITY(2.0),Population density - Regions,I,A,Annual,CTRY,Country,FIN,Finland,_Z,Not applicable,POP,Population,_T,Total,_T,Total,PS_KM2,Persons per square kilometer,2002,,17.07,,FIN,Finland,A,Normal value,0,Units,2,Two
DATAFLOW,OECD.CFE.EDS:DSD_REG_DEMO@DF_DENSITY(2.0),Population density - Regions,I,A,Annual,CTRY,Country,FIN,Finland,_Z,Not applicable,POP,Population,_T,Total,_T,Total,PS_KM2,Persons per square kilometer,2001,,17.03,,FIN,Finland,A,Normal value,0,Units,2,Two
DATAFLOW,OECD.CFE.EDS:DSD_REG_DEMO@DF_DENSITY(2.0),Population density - Regions,I,A,Annual,CTRY,Country,FIN,Finland,_Z,Not applicable,POP,Population,_T,Total,_T,Total,PS_KM2,Persons per square kilometer,1990,,16.35,,FIN,Finland,A,Normal value,0,Units,2,Two
DATAFLOW,OECD.CFE.EDS:DSD_REG_DEMO@DF_DENSITY(2.0),Population density - Regions,I,A,Annual,CTRY,Country,FIN,Finland,_Z,Not applicable,POP,Population,_T,Total,_T,Total,PS_KM2,Persons per square kilometer,2015,,17.98,,FIN,Finland,A,Normal value,0,Units,2,Two
DATAFLOW,OECD.CFE.EDS:DSD_REG_DEMO@DF_DENSITY(2.0),Population density - Regions,I,A,Annual,CTRY,Country,FIN,Finland,_Z,Not applicable,POP,Population,_T,Total,_T,Total,PS_KM2,Persons per square kilometer,2014,,17.91,,FIN,Finland,A,Normal value,0,Units,2,Two
DATAFLOW,OECD.CFE.EDS:DSD_REG_DEMO@DF_DENSITY(2.0),Population density - Regions,I,A,Annual,CTRY,Country,FIN,Finland,_Z,Not applicable,POP,Population,_T,Total,_T,Total,PS_KM2,Persons per square kilometer,2013,,17.83,,FIN,Finland,A,Normal value,0,Units,2,Two
DATAFLOW,OECD.CFE.EDS:DSD_REG_DEMO@DF_DENSITY(2.0),Population density - Regions,I,A,Annual,CTRY,Country,FIN,Finland,_Z,Not applicable,POP,Population,_T,Total,_T,Total,PS_KM2,Persons per square kilometer,1996,,16.81,,FIN,Finland,A,Normal value,0,Units,2,Two
DATAFLOW,OECD.CFE.EDS:DSD_REG_DEMO@DF_DENSITY(2.0),Population density - Regions,I,A,Annual,CTRY,Country,FIN,Finland,_Z,Not applicable,POP,Population,_T,Total,_T,Total,PS_KM2,Persons per square kilometer,1995,,16.75,,FIN,Finland,A,Normal value,0,Units,2,Two
DATAFLOW,OECD.CFE.EDS:DSD_REG_DEMO@DF_DENSITY(2.0),Population density - Regions,I,A,Annual,CTRY,Country,FIN,Finland,_Z,Not applicable,POP,Population,_T,Total,_T,Total,PS_KM2,Persons per square kilometer,2010,,17.59,,FIN,Finland,A,Normal value,0,Units,2,Two
DATAFLOW,OECD.CFE.EDS:DSD_REG_DEMO@DF_DENSITY(2.0),Population density - Regions,I,A,Annual,CTRY,Country,FIN,Finland,_Z,Not applicable,POP,Population,_T,Total,_T,Total,PS_KM2,Persons per square kilometer,2009,,17.5,,FIN,Finland,A,Normal value,0,Units,2,Two
DATAFLOW,OECD.CFE.EDS:DSD_REG_DEMO@DF_DENSITY(2.0),Population density - Regions,I,A,Annual,CTRY,Country,FIN,Finland,_Z,Not applicable,POP,Population,_T,Total,_T,Total,PS_KM2,Persons per square kilometer,2008,,17.42,,FIN,Finland,A,Normal value,0,Units,2,Two
DATAFLOW,OECD.CFE.EDS:DSD_REG_DEMO@DF_DENSITY(2.0),Population density - Regions,I,A,Annual,CTRY,Country,FIN,Finland,_Z,Not applicable,POP,Population,_T,Total,_T,Total,PS_KM2,Persons per square kilometer,2007,,17.34,,FIN,Finland,A,Normal value,0,Units,2,Two
DATAFLOW,OECD.CFE.EDS:DSD_REG_DEMO@DF_DENSITY(2.0),Population density - Regions,I,A,Annual,CTRY,Country,FIN,Finland,_Z,Not applicable,POP,Population,_T,Total,_T,Total,PS_KM2,Persons per square kilometer,1994,,16.69,,FIN,Finland,A,Normal value,0,Units,2,Two
DATAFLOW,OECD.CFE.EDS:DSD_REG_DEMO@DF_DENSITY(2.0),Population density - Regions,I,A,Annual,CTRY,Country,FIN,Finland,_Z,Not applicable,POP,Population,_T,Total,_T,Total,PS_KM2,Persons per square kilometer,1993,,16.61,,FIN,Finland,A,Normal value,0,Units,2,Two
DATAFLOW,OECD.CFE.EDS:DSD_REG_DEMO@DF_DENSITY(2.0),Population density - Regions,I,A,Annual,CTRY,Country,FIN,Finland,_Z,Not applicable,POP,Population,_T,Total,_T,Total,PS_KM2,Persons per square kilometer,2004,,17.15,,FIN,Finland,A,Normal value,0,Units,2,Two
DATAFLOW,OECD.CFE.EDS:DSD_REG_DEMO@DF_DENSITY(2.0),Population density - Regions,I,A,Annual,CTRY,Country,FIN,Finland,_Z,Not applicable,POP,Population,_T,Total,_T,Total,PS_KM2,Persons per square kilometer,2003,,17.11,,FIN,Finland,A,Normal value,0,Units,2,Two
DATAFLOW,OECD.CFE.EDS:DSD_REG_DEMO@DF_DENSITY(2.0),Population density - Regions,I,A,Annual,CTRY,Country,FIN,Finland,_Z,Not applicable,POP,Population,_T,Total,_T,Total,PS_KM2,Persons per square kilometer,1998,,16.91,,FIN,Finland,A,Normal value,0,Units,2,Two
DATAFLOW,OECD.CFE.EDS:DSD_REG_DEMO@DF_DENSITY(2.0),Population density - Regions,I,A,Annual,CTRY,Country,FIN,Finland,_Z,Not applicable,POP,Population,_T,Total,_T,Total,PS_KM2,Persons per square kilometer,2023,,18.28,,FIN,Finland,A,Normal value,0,Units,2,Two
DATAFLOW,OECD.CFE.EDS:DSD_REG_DEMO@DF_DENSITY(2.0),Population density - Regions,I,A,Annual,CTRY,Country,FIN,Finland,_Z,Not applicable,POP,Population,_T,Total,_T,Total,PS_KM2,Persons per square kilometer,2018,,18.12,,FIN,Finland,A,Normal value,0,Units,2,Two
DATAFLOW,OECD.CFE.EDS:DSD_REG_DEMO@DF_DENSITY(2.0),Population density - Regions,I,A,Annual,CTRY,Country,FIN,Finland,_Z,Not applicable,POP,Population,_T,Total,_T,Total,PS_KM2,Persons per square kilometer,2017,,18.08,,FIN,Finland,A,Normal value,0,Units,2,Two
DATAFLOW,OECD.CFE.EDS:DSD_REG_DEMO@DF_DENSITY(2.0),Population density - Regions,I,A,Annual,CTRY,Country,FIN,Finland,_Z,Not applicable,POP,Population,_T,Total,_T,Total,PS_KM2,Persons per square kilometer,2006,,17.27,,FIN,Finland,A,Normal value,0,Units,2,Two
DATAFLOW,OECD.CFE.EDS:DSD_REG_DEMO@DF_DENSITY(2.0),Population density - Regions,I,A,Annual,CTRY,Country,FIN,Finland,_Z,Not applicable,POP,Population,_T,Total,_T,Total,PS_KM2,Persons per square kilometer,2005,,17.21,,FIN,Finland,A,Normal value,0,Units,2,Two
DATAFLOW,OECD.CFE.EDS:DSD_REG_DEMO@DF_DENSITY(2.0),Population density - Regions,I,A,Annual,CTRY,Country,FIN,Finland,_Z,Not applicable,POP,Population,_T,Total,_T,Total,PS_KM2,Persons per square kilometer,2012,,17.75,,FIN,Finland,A,Normal value,0,Units,2,Two
DATAFLOW,OECD.CFE.EDS:DSD_REG_DEMO@DF_DENSITY(2.0),Population density - Regions,I,A,Annual,CTRY,Country,FIN,Finland,_Z,Not applicable,POP,Population,_T,Total,_T,Total,PS_KM2,Persons per square kilometer,2011,,17.66,,FIN,Finland,A,Normal value,0,Units,2,Two
DATAFLOW,OECD.CFE.EDS:DSD_REG_DEMO@DF_DENSITY(2.0),Population density - Regions,I,A,Annual,CTRY,Country,FIN,Finland,_Z,Not applicable,POP,Population,_T,Total,_T,Total,PS_KM2,Persons per square kilometer,2000,,16.99,,FIN,Finland,A,Normal value,0,Units,2,Two
DATAFLOW,OECD.CFE.EDS:DSD_REG_DEMO@DF_DENSITY(2.0),Population density - Regions,I,A,Annual,CTRY,Country,FIN,Finland,_Z,Not applicable,POP,Population,_T,Total,_T,Total,PS_KM2,Persons per square kilometer,1999,,16.95,,FIN,Finland,A,Normal value,0,Units,2,Two
DATAFLOW,OECD.CFE.EDS:DSD_REG_DEMO@DF_DENSITY(2.0),Population density - Regions,I,A,Annual,CTRY,Country,FIN,Finland,_Z,Not applicable,POP,Population,_T,Total,_T,Total,PS_KM2,Persons per square kilometer,2022,,18.23,,FIN,Finland,A,Normal value,0,Units,2,Two
DATAFLOW,OECD.CFE.EDS:DSD_REG_DEMO@DF_DENSITY(2.0),Population density - Regions,I,A,Annual,CTRY,Country,FIN,Finland,_Z,Not applicable,POP,Population,_T,Total,_T,Total,PS_KM2,Persons per square kilometer,2021,,18.18,,FIN,Finland,A,Normal value,0,Units,2,Two
DATAFLOW,OECD.CFE.EDS:DSD_REG_DEMO@DF_DENSITY(2.0),Population density - Regions,I,A,Annual,CTRY,Country,FRA,France,_Z,Not applicable,POP,Population,_T,Total,_T,Total,PS_KM2,Persons per square kilometer,2016,,105.13,,FRA,France,A,Normal value,0,Units,2,Two
DATAFLOW,OECD.CFE.EDS:DSD_REG_DEMO@DF_DENSITY(2.0),Population density - Regions,I,A,Annual,CTRY,Country,FRA,France,_Z,Not applicable,POP,Population,_T,Total,_T,Total,PS_KM2,Persons per square kilometer,2019,,106.16,,FRA,France,A,Normal value,0,Units,2,Two
DATAFLOW,OECD.CFE.EDS:DSD_REG_DEMO@DF_DENSITY(2.0),Population density - Regions,I,A,Annual,CTRY,Country,FRA,France,_Z,Not applicable,POP,Population,_T,Total,_T,Total,PS_KM2,Persons per square kilometer,1991,,89.67,,FRA,France,A,Normal value,0,Units,2,Two
DATAFLOW,OECD.CFE.EDS:DSD_REG_DEMO@DF_DENSITY(2.0),Population density - Regions,I,A,Annual,CTRY,Country,FRA,France,_Z,Not applicable,POP,Population,_T,Total,_T,Total,PS_KM2,Persons per square kilometer,2001,,96.2,,FRA,France,A,Normal value,0,Units,2,Two
DATAFLOW,OECD.CFE.EDS:DSD_REG_DEMO@DF_DENSITY(2.0),Population density - Regions,I,A,Annual,CTRY,Country,FRA,France,_Z,Not applicable,POP,Population,_T,Total,_T,Total,PS_KM2,Persons per square kilometer,1995,,91.11,,FRA,France,A,Normal value,0,Units,2,Two
DATAFLOW,OECD.CFE.EDS:DSD_REG_DEMO@DF_DENSITY(2.0),Population density - Regions,I,A,Annual,CTRY,Country,FRA,France,_Z,Not applicable,POP,Population,_T,Total,_T,Total,PS_KM2,Persons per square kilometer,1994,,90.81,,FRA,France,A,Normal value,0,Units,2,Two
DATAFLOW,OECD.CFE.EDS:DSD_REG_DEMO@DF_DENSITY(2.0),Population density - Regions,I,A,Annual,CTRY,Country,FRA,France,_Z,Not applicable,POP,Population,_T,Total,_T,Total,PS_KM2,Persons per square kilometer,1996,,91.4,,FRA,France,A,Normal value,0,Units,2,Two
DATAFLOW,OECD.CFE.EDS:DSD_REG_DEMO@DF_DENSITY(2.0),Population density - Regions,I,A,Annual,CTRY,Country,FRA,France,_Z,Not applicable,POP,Population,_T,Total,_T,Total,PS_KM2,Persons per square kilometer,1990,,89.25,,FRA,France,A,Normal value,0,Units,2,Two
DATAFLOW,OECD.CFE.EDS:DSD_REG_DEMO@DF_DENSITY(2.0),Population density - Regions,I,A,Annual,CTRY,Country,FRA,France,_Z,Not applicable,POP,Population,_T,Total,_T,Total,PS_KM2,Persons per square kilometer,1993,,90.5,,FRA,France,A,Normal value,0,Units,2,Two
DATAFLOW,OECD.CFE.EDS:DSD_REG_DEMO@DF_DENSITY(2.0),Population density - Regions,I,A,Annual,CTRY,Country,FRA,France,_Z,Not applicable,POP,Population,_T,Total,_T,Total,PS_KM2,Persons per square kilometer,2015,,104.84,,FRA,France,A,Normal value,0,Units,2,Two
DATAFLOW,OECD.CFE.EDS:DSD_REG_DEMO@DF_DENSITY(2.0),Population density - Regions,I,A,Annual,CTRY,Country,FRA,France,_Z,Not applicable,POP,Population,_T,Total,_T,Total,PS_KM2,Persons per square kilometer,2014,,104.38,,FRA,France,A,Normal value,0,Units,2,Two
DATAFLOW,OECD.CFE.EDS:DSD_REG_DEMO@DF_DENSITY(2.0),Population density - Regions,I,A,Annual,CTRY,Country,FRA,France,_Z,Not applicable,POP,Population,_T,Total,_T,Total,PS_KM2,Persons per square kilometer,2000,,95.51,,FRA,France,A,Normal value,0,Units,2,Two
DATAFLOW,OECD.CFE.EDS:DSD_REG_DEMO@DF_DENSITY(2.0),Population density - Regions,I,A,Annual,CTRY,Country,FRA,France,_Z,Not applicable,POP,Population,_T,Total,_T,Total,PS_KM2,Persons per square kilometer,2009,,101.52,,FRA,France,A,Normal value,0,Units,2,Two
DATAFLOW,OECD.CFE.EDS:DSD_REG_DEMO@DF_DENSITY(2.0),Population density - Regions,I,A,Annual,CTRY,Country,FRA,France,_Z,Not applicable,POP,Population,_T,Total,_T,Total,PS_KM2,Persons per square kilometer,2008,,100.98,,FRA,France,A,Normal value,0,Units,2,Two
DATAFLOW,OECD.CFE.EDS:DSD_REG_DEMO@DF_DENSITY(2.0),Population density - Regions,I,A,Annual,CTRY,Country,FRA,France,_Z,Not applicable,POP,Population,_T,Total,_T,Total,PS_KM2,Persons per square kilometer,2004,,98.27,,FRA,France,A,Normal value,0,Units,2,Two
DATAFLOW,OECD.CFE.EDS:DSD_REG_DEMO@DF_DENSITY(2.0),Population density - Regions,I,A,Annual,CTRY,Country,FRA,France,_Z,Not applicable,POP,Population,_T,Total,_T,Total,PS_KM2,Persons per square kilometer,2003,,97.59,,FRA,France,A,Normal value,0,Units,2,Two
DATAFLOW,OECD.CFE.EDS:DSD_REG_DEMO@DF_DENSITY(2.0),Population density - Regions,I,A,Annual,CTRY,Country,FRA,France,_Z,Not applicable,POP,Population,_T,Total,_T,Total,PS_KM2,Persons per square kilometer,2002,,96.9,,FRA,France,A,Normal value,0,Units,2,Two
DATAFLOW,OECD.CFE.EDS:DSD_REG_DEMO@DF_DENSITY(2.0),Population density - Regions,I,A,Annual,CTRY,Country,FRA,France,_Z,Not applicable,POP,Population,_T,Total,_T,Total,PS_KM2,Persons per square kilometer,1999,,94.9,,FRA,France,A,Normal value,0,Units,2,Two
DATAFLOW,OECD.CFE.EDS:DSD_REG_DEMO@DF_DENSITY(2.0),Population density - Regions,I,A,Annual,CTRY,Country,FRA,France,_Z,Not applicable,POP,Population,_T,Total,_T,Total,PS_KM2,Persons per square kilometer,1998,,91.97,,FRA,France,A,Normal value,0,Units,2,Two
DATAFLOW,OECD.CFE.EDS:DSD_REG_DEMO@DF_DENSITY(2.0),Population density - Regions,I,A,Annual,CTRY,Country,FRA,France,_Z,Not applicable,POP,Population,_T,Total,_T,Total,PS_KM2,Persons per square kilometer,1997,,91.68,,FRA,France,A,Normal value,0,Units,2,Two
DATAFLOW,OECD.CFE.EDS:DSD_REG_DEMO@DF_DENSITY(2.0),Population density - Regions,I,A,Annual,CTRY,Country,FRA,France,_Z,Not applicable,POP,Population,_T,Total,_T,Total,PS_KM2,Persons per square kilometer,2006,,99.75,,FRA,France,A,Normal value,0,Units,2,Two
DATAFLOW,OECD.CFE.EDS:DSD_REG_DEMO@DF_DENSITY(2.0),Population density - Regions,I,A,Annual,CTRY,Country,FRA,France,_Z,Not applicable,POP,Population,_T,Total,_T,Total,PS_KM2,Persons per square kilometer,1992,,90.1,,FRA,France,A,Normal value,0,Units,2,Two
DATAFLOW,OECD.CFE.EDS:DSD_REG_DEMO@DF_DENSITY(2.0),Population density - Regions,I,A,Annual,CTRY,Country,FRA,France,_Z,Not applicable,POP,Population,_T,Total,_T,Total,PS_KM2,Persons per square kilometer,2012,,102.98,,FRA,France,A,Normal value,0,Units,2,Two
DATAFLOW,OECD.CFE.EDS:DSD_REG_DEMO@DF_DENSITY(2.0),Population density - Regions,I,A,Annual,CTRY,Country,FRA,France,_Z,Not applicable,POP,Population,_T,Total,_T,Total,PS_KM2,Persons per square kilometer,2017,,105.4,,FRA,France,A,Normal value,0,Units,2,Two
DATAFLOW,OECD.CFE.EDS:DSD_REG_DEMO@DF_DENSITY(2.0),Population density - Regions,I,A,Annual,CTRY,Country,FRA,France,_Z,Not applicable,POP,Population,_T,Total,_T,Total,PS_KM2,Persons per square kilometer,2021,,106.85,,FRA,France,A,Normal value,0,Units,2,Two
DATAFLOW,OECD.CFE.EDS:DSD_REG_DEMO@DF_DENSITY(2.0),Population density - Regions,I,A,Annual,CTRY,Country,FRA,France,_Z,Not applicable,POP,Population,_T,Total,_T,Total,PS_KM2,Persons per square kilometer,2020,,106.44,,FRA,France,A,Normal value,0,Units,2,Two
DATAFLOW,OECD.CFE.EDS:DSD_REG_DEMO@DF_DENSITY(2.0),Population density - Regions,I,A,Annual,CTRY,Country,FRA,France,_Z,Not applicable,POP,Population,_T,Total,_T,Total,PS_KM2,Persons per square kilometer,2013,,103.49,,FRA,France,A,Normal value,0,Units,2,Two
DATAFLOW,OECD.CFE.EDS:DSD_REG_DEMO@DF_DENSITY(2.0),Population density - Regions,I,A,Annual,CTRY,Country,FRA,France,_Z,Not applicable,POP,Population,_T,Total,_T,Total,PS_KM2,Persons per square kilometer,2011,,102.51,,FRA,France,A,Normal value,0,Units,2,Two
DATAFLOW,OECD.CFE.EDS:DSD_REG_DEMO@DF_DENSITY(2.0),Population density - Regions,I,A,Annual,CTRY,Country,FRA,France,_Z,Not applicable,POP,Population,_T,Total,_T,Total,PS_KM2,Persons per square kilometer,2010,,102,,FRA,France,A,Normal value,0,Units,2,Two
DATAFLOW,OECD.CFE.EDS:DSD_REG_DEMO@DF_DENSITY(2.0),Population density - Regions,I,A,Annual,CTRY,Country,FRA,France,_Z,Not applicable,POP,Population,_T,Total,_T,Total,PS_KM2,Persons per square kilometer,2022,,107.42,,FRA,France,A,Normal value,0,Units,2,Two
DATAFLOW,OECD.CFE.EDS:DSD_REG_DEMO@DF_DENSITY(2.0),Population density - Regions,I,A,Annual,CTRY,Country,FRA,France,_Z,Not applicable,POP,Population,_T,Total,_T,Total,PS_KM2,Persons per square kilometer,2023,,107.71,,FRA,France,P,Provisional value,0,Units,2,Two
DATAFLOW,OECD.CFE.EDS:DSD_REG_DEMO@DF_DENSITY(2.0),Population density - Regions,I,A,Annual,CTRY,Country,FRA,France,_Z,Not applicable,POP,Population,_T,Total,_T,Total,PS_KM2,Persons per square kilometer,2018,,105.74,,FRA,France,A,Normal value,0,Units,2,Two
DATAFLOW,OECD.CFE.EDS:DSD_REG_DEMO@DF_DENSITY(2.0),Population density - Regions,I,A,Annual,CTRY,Country,FRA,France,_Z,Not applicable,POP,Population,_T,Total,_T,Total,PS_KM2,Persons per square kilometer,2007,,100.4,,FRA,France,A,Normal value,0,Units,2,Two
DATAFLOW,OECD.CFE.EDS:DSD_REG_DEMO@DF_DENSITY(2.0),Population density - Regions,I,A,Annual,CTRY,Country,DEU,Germany,_Z,Not applicable,POP,Population,_T,Total,_T,Total,PS_KM2,Persons per square kilometer,2006,,233.34,,DEU,Germany,A,Normal value,0,Units,2,Two
DATAFLOW,OECD.CFE.EDS:DSD_REG_DEMO@DF_DENSITY(2.0),Population density - Regions,I,A,Annual,CTRY,Country,DEU,Germany,_Z,Not applicable,POP,Population,_T,Total,_T,Total,PS_KM2,Persons per square kilometer,1993,,229.2,,DEU,Germany,A,Normal value,0,Units,2,Two
DATAFLOW,OECD.CFE.EDS:DSD_REG_DEMO@DF_DENSITY(2.0),Population density - Regions,I,A,Annual,CTRY,Country,DEU,Germany,_Z,Not applicable,POP,Population,_T,Total,_T,Total,PS_KM2,Persons per square kilometer,1997,,232.13,,DEU,Germany,A,Normal value,0,Units,2,Two
DATAFLOW,OECD.CFE.EDS:DSD_REG_DEMO@DF_DENSITY(2.0),Population density - Regions,I,A,Annual,CTRY,Country,DEU,Germany,_Z,Not applicable,POP,Population,_T,Total,_T,Total,PS_KM2,Persons per square kilometer,1992,,227.22,,DEU,Germany,A,Normal value,0,Units,2,Two
DATAFLOW,OECD.CFE.EDS:DSD_REG_DEMO@DF_DENSITY(2.0),Population density - Regions,I,A,Annual,CTRY,Country,DEU,Germany,_Z,Not applicable,POP,Population,_T,Total,_T,Total,PS_KM2,Persons per square kilometer,1991,,225.74,,DEU,Germany,A,Normal value,0,Units,2,Two
DATAFLOW,OECD.CFE.EDS:DSD_REG_DEMO@DF_DENSITY(2.0),Population density - Regions,I,A,Annual,CTRY,Country,DEU,Germany,_Z,Not applicable,POP,Population,_T,Total,_T,Total,PS_KM2,Persons per square kilometer,2001,,232.83,,DEU,Germany,A,Normal value,0,Units,2,Two
DATAFLOW,OECD.CFE.EDS:DSD_REG_DEMO@DF_DENSITY(2.0),Population density - Regions,I,A,Annual,CTRY,Country,DEU,Germany,_Z,Not applicable,POP,Population,_T,Total,_T,Total,PS_KM2,Persons per square kilometer,1995,,230.79,,DEU,Germany,A,Normal value,0,Units,2,Two
DATAFLOW,OECD.CFE.EDS:DSD_REG_DEMO@DF_DENSITY(2.0),Population density - Regions,I,A,Annual,CTRY,Country,DEU,Germany,_Z,Not applicable,POP,Population,_T,Total,_T,Total,PS_KM2,Persons per square kilometer,1994,,230.23,,DEU,Germany,A,Normal value,0,Units,2,Two
DATAFLOW,OECD.CFE.EDS:DSD_REG_DEMO@DF_DENSITY(2.0),Population density - Regions,I,A,Annual,CTRY,Country,DEU,Germany,_Z,Not applicable,POP,Population,_T,Total,_T,Total,PS_KM2,Persons per square kilometer,2016,,232.6,,DEU,Germany,A,Normal value,0,Units,2,Two
DATAFLOW,OECD.CFE.EDS:DSD_REG_DEMO@DF_DENSITY(2.0),Population density - Regions,I,A,Annual,CTRY,Country,DEU,Germany,_Z,Not applicable,POP,Population,_T,Total,_T,Total,PS_KM2,Persons per square kilometer,2015,,229.83,,DEU,Germany,A,Normal value,0,Units,2,Two
DATAFLOW,OECD.CFE.EDS:DSD_REG_DEMO@DF_DENSITY(2.0),Population density - Regions,I,A,Annual,CTRY,Country,DEU,Germany,_Z,Not applicable,POP,Population,_T,Total,_T,Total,PS_KM2,Persons per square kilometer,2014,,228.61,,DEU,Germany,A,Normal value,0,Units,2,Two
DATAFLOW,OECD.CFE.EDS:DSD_REG_DEMO@DF_DENSITY(2.0),Population density - Regions,I,A,Annual,CTRY,Country,DEU,Germany,_Z,Not applicable,POP,Population,_T,Total,_T,Total,PS_KM2,Persons per square kilometer,2013,,227.92,,DEU,Germany,A,Normal value,0,Units,2,Two
DATAFLOW,OECD.CFE.EDS:DSD_REG_DEMO@DF_DENSITY(2.0),Population density - Regions,I,A,Annual,CTRY,Country,DEU,Germany,_Z,Not applicable,POP,Population,_T,Total,_T,Total,PS_KM2,Persons per square kilometer,2012,,227.37,,DEU,Germany,A,Normal value,0,Units,2,Two
DATAFLOW,OECD.CFE.EDS:DSD_REG_DEMO@DF_DENSITY(2.0),Population density - Regions,I,A,Annual,CTRY,Country,DEU,Germany,_Z,Not applicable,POP,Population,_T,Total,_T,Total,PS_KM2,Persons per square kilometer,2009,,232.11,,DEU,Germany,A,Normal value,0,Units,2,Two
DATAFLOW,OECD.CFE.EDS:DSD_REG_DEMO@DF_DENSITY(2.0),Population density - Regions,I,A,Annual,CTRY,Country,DEU,Germany,_Z,Not applicable,POP,Population,_T,Total,_T,Total,PS_KM2,Persons per square kilometer,2008,,232.72,,DEU,Germany,A,Normal value,0,Units,2,Two
DATAFLOW,OECD.CFE.EDS:DSD_REG_DEMO@DF_DENSITY(2.0),Population density - Regions,I,A,Annual,CTRY,Country,DEU,Germany,_Z,Not applicable,POP,Population,_T,Total,_T,Total,PS_KM2,Persons per square kilometer,2007,,232.99,,DEU,Germany,A,Normal value,0,Units,2,Two
DATAFLOW,OECD.CFE.EDS:DSD_REG_DEMO@DF_DENSITY(2.0),Population density - Regions,I,A,Annual,CTRY,Country,DEU,Germany,_Z,Not applicable,POP,Population,_T,Total,_T,Total,PS_KM2,Persons per square kilometer,1990,,223.93,,DEU,Germany,A,Normal value,0,Units,2,Two
DATAFLOW,OECD.CFE.EDS:DSD_REG_DEMO@DF_DENSITY(2.0),Population density - Regions,I,A,Annual,CTRY,Country,DEU,Germany,_Z,Not applicable,POP,Population,_T,Total,_T,Total,PS_KM2,Persons per square kilometer,2004,,233.6,,DEU,Germany,A,Normal value,0,Units,2,Two
DATAFLOW,OECD.CFE.EDS:DSD_REG_DEMO@DF_DENSITY(2.0),Population density - Regions,I,A,Annual,CTRY,Country,DEU,Germany,_Z,Not applicable,POP,Population,_T,Total,_T,Total,PS_KM2,Persons per square kilometer,2003,,233.62,,DEU,Germany,A,Normal value,0,Units,2,Two
DATAFLOW,OECD.CFE.EDS:DSD_REG_DEMO@DF_DENSITY(2.0),Population density - Regions,I,A,Annual,CTRY,Country,DEU,Germany,_Z,Not applicable,POP,Population,_T,Total,_T,Total,PS_KM2,Persons per square kilometer,2002,,233.35,,DEU,Germany,A,Normal value,0,Units,2,Two
DATAFLOW,OECD.CFE.EDS:DSD_REG_DEMO@DF_DENSITY(2.0),Population density - Regions,I,A,Annual,CTRY,Country,DEU,Germany,_Z,Not applicable,POP,Population,_T,Total,_T,Total,PS_KM2,Persons per square kilometer,1996,,231.58,,DEU,Germany,A,Normal value,0,Units,2,Two
DATAFLOW,OECD.CFE.EDS:DSD_REG_DEMO@DF_DENSITY(2.0),Population density - Regions,I,A,Annual,CTRY,Country,DEU,Germany,_Z,Not applicable,POP,Population,_T,Total,_T,Total,PS_KM2,Persons per square kilometer,1998,,232.26,,DEU,Germany,A,Normal value,0,Units,2,Two
DATAFLOW,OECD.CFE.EDS:DSD_REG_DEMO@DF_DENSITY(2.0),Population density - Regions,I,A,Annual,CTRY,Country,DEU,Germany,_Z,Not applicable,POP,Population,_T,Total,_T,Total,PS_KM2,Persons per square kilometer,2019,,234.98,,DEU,Germany,A,Normal value,0,Units,2,Two
DATAFLOW,OECD.CFE.EDS:DSD_REG_DEMO@DF_DENSITY(2.0),Population density - Regions,I,A,Annual,CTRY,Country,DEU,Germany,_Z,Not applicable,POP,Population,_T,Total,_T,Total,PS_KM2,Persons per square kilometer,2018,,234.34,,DEU,Germany,A,Normal value,0,Units,2,Two
DATAFLOW,OECD.CFE.EDS:DSD_REG_DEMO@DF_DENSITY(2.0),Population density - Regions,I,A,Annual,CTRY,Country,DEU,Germany,_Z,Not applicable,POP,Population,_T,Total,_T,Total,PS_KM2,Persons per square kilometer,2017,,233.58,,DEU,Germany,A,Normal value,0,Units,2,Two
DATAFLOW,OECD.CFE.EDS:DSD_REG_DEMO@DF_DENSITY(2.0),Population density - Regions,I,A,Annual,CTRY,Country,DEU,Germany,_Z,Not applicable,POP,Population,_T,Total,_T,Total,PS_KM2,Persons per square kilometer,2023,,235.27,,DEU,Germany,B,Time series break,0,Units,2,Two
DATAFLOW,OECD.CFE.EDS:DSD_REG_DEMO@DF_DENSITY(2.0),Population density - Regions,I,A,Annual,CTRY,Country,DEU,Germany,_Z,Not applicable,POP,Population,_T,Total,_T,Total,PS_KM2,Persons per square kilometer,2005,,233.52,,DEU,Germany,A,Normal value,0,Units,2,Two
DATAFLOW,OECD.CFE.EDS:DSD_REG_DEMO@DF_DENSITY(2.0),Population density - Regions,I,A,Annual,CTRY,Country,DEU,Germany,_Z,Not applicable,POP,Population,_T,Total,_T,Total,PS_KM2,Persons per square kilometer,2011,,227.07,,DEU,Germany,B,Time series break,0,Units,2,Two
DATAFLOW,OECD.CFE.EDS:DSD_REG_DEMO@DF_DENSITY(2.0),Population density - Regions,I,A,Annual,CTRY,Country,DEU,Germany,_Z,Not applicable,POP,Population,_T,Total,_T,Total,PS_KM2,Persons per square kilometer,2000,,232.56,,DEU,Germany,A,Normal value,0,Units,2,Two
DATAFLOW,OECD.CFE.EDS:DSD_REG_DEMO@DF_DENSITY(2.0),Population density - Regions,I,A,Annual,CTRY,Country,DEU,Germany,_Z,Not applicable,POP,Population,_T,Total,_T,Total,PS_KM2,Persons per square kilometer,1999,,232.2,,DEU,Germany,A,Normal value,0,Units,2,Two
DATAFLOW,OECD.CFE.EDS:DSD_REG_DEMO@DF_DENSITY(2.0),Population density - Regions,I,A,Annual,CTRY,Country,DEU,Germany,_Z,Not applicable,POP,Population,_T,Total,_T,Total,PS_KM2,Persons per square kilometer,2010,,231.54,,DEU,Germany,A,Normal value,0,Units,2,Two
DATAFLOW,OECD.CFE.EDS:DSD_REG_DEMO@DF_DENSITY(2.0),Population density - Regions,I,A,Annual,CTRY,Country,DEU,Germany,_Z,Not applicable,POP,Population,_T,Total,_T,Total,PS_KM2,Persons per square kilometer,2022,,235.6,,DEU,Germany,A,Normal value,0,Units,2,Two
DATAFLOW,OECD.CFE.EDS:DSD_REG_DEMO@DF_DENSITY(2.0),Population density - Regions,I,A,Annual,CTRY,Country,DEU,Germany,_Z,Not applicable,POP,Population,_T,Total,_T,Total,PS_KM2,Persons per square kilometer,2021,,235.37,,DEU,Germany,A,Normal value,0,Units,2,Two
DATAFLOW,OECD.CFE.EDS:DSD_REG_DEMO@DF_DENSITY(2.0),Population density - Regions,I,A,Annual,CTRY,Country,GRC,Greece,_Z,Not applicable,POP,Population,_T,Total,_T,Total,PS_KM2,Persons per square kilometer,2021,,82.11,,GRC,Greece,A,Normal value,0,Units,2,Two
DATAFLOW,OECD.CFE.EDS:DSD_REG_DEMO@DF_DENSITY(2.0),Population density - Regions,I,A,Annual,CTRY,Country,GRC,Greece,_Z,Not applicable,POP,Population,_T,Total,_T,Total,PS_KM2,Persons per square kilometer,2020,,82.42,,GRC,Greece,A,Normal value,0,Units,2,Two
DATAFLOW,OECD.CFE.EDS:DSD_REG_DEMO@DF_DENSITY(2.0),Population density - Regions,I,A,Annual,CTRY,Country,GRC,Greece,_Z,Not applicable,POP,Population,_T,Total,_T,Total,PS_KM2,Persons per square kilometer,1992,,79.72,,GRC,Greece,A,Normal value,0,Units,2,Two
DATAFLOW,OECD.CFE.EDS:DSD_REG_DEMO@DF_DENSITY(2.0),Population density - Regions,I,A,Annual,CTRY,Country,GRC,Greece,_Z,Not applicable,POP,Population,_T,Total,_T,Total,PS_KM2,Persons per square kilometer,1991,,78.99,,GRC,Greece,A,Normal value,0,Units,2,Two
DATAFLOW,OECD.CFE.EDS:DSD_REG_DEMO@DF_DENSITY(2.0),Population density - Regions,I,A,Annual,CTRY,Country,GRC,Greece,_Z,Not applicable,POP,Population,_T,Total,_T,Total,PS_KM2,Persons per square kilometer,2001,,83.32,,GRC,Greece,A,Normal value,0,Units,2,Two
DATAFLOW,OECD.CFE.EDS:DSD_REG_DEMO@DF_DENSITY(2.0),Population density - Regions,I,A,Annual,CTRY,Country,GRC,Greece,_Z,Not applicable,POP,Population,_T,Total,_T,Total,PS_KM2,Persons per square kilometer,1995,,81.02,,GRC,Greece,A,Normal value,0,Units,2,Two
DATAFLOW,OECD.CFE.EDS:DSD_REG_DEMO@DF_DENSITY(2.0),Population density - Regions,I,A,Annual,CTRY,Country,GRC,Greece,_Z,Not applicable,POP,Population,_T,Total,_T,Total,PS_KM2,Persons per square kilometer,1994,,80.66,,GRC,Greece,A,Normal value,0,Units,2,Two
DATAFLOW,OECD.CFE.EDS:DSD_REG_DEMO@DF_DENSITY(2.0),Population density - Regions,I,A,Annual,CTRY,Country,GRC,Greece,_Z,Not applicable,POP,Population,_T,Total,_T,Total,PS_KM2,Persons per square kilometer,1996,,81.42,,GRC,Greece,A,Normal value,0,Units,2,Two
DATAFLOW,OECD.CFE.EDS:DSD_REG_DEMO@DF_DENSITY(2.0),Population density - Regions,I,A,Annual,CTRY,Country,GRC,Greece,_Z,Not applicable,POP,Population,_T,Total,_T,Total,PS_KM2,Persons per square kilometer,2015,,83.49,,GRC,Greece,A,Normal value,0,Units,2,Two
DATAFLOW,OECD.CFE.EDS:DSD_REG_DEMO@DF_DENSITY(2.0),Population density - Regions,I,A,Annual,CTRY,Country,GRC,Greece,_Z,Not applicable,POP,Population,_T,Total,_T,Total,PS_KM2,Persons per square kilometer,2014,,84.02,,GRC,Greece,A,Normal value,0,Units,2,Two
DATAFLOW,OECD.CFE.EDS:DSD_REG_DEMO@DF_DENSITY(2.0),Population density - Regions,I,A,Annual,CTRY,Country,GRC,Greece,_Z,Not applicable,POP,Population,_T,Total,_T,Total,PS_KM2,Persons per square kilometer,2009,,85.31,,GRC,Greece,A,Normal value,0,Units,2,Two
DATAFLOW,OECD.CFE.EDS:DSD_REG_DEMO@DF_DENSITY(2.0),Population density - Regions,I,A,Annual,CTRY,Country,GRC,Greece,_Z,Not applicable,POP,Population,_T,Total,_T,Total,PS_KM2,Persons per square kilometer,2008,,85.05,,GRC,Greece,A,Normal value,0,Units,2,Two
DATAFLOW,OECD.CFE.EDS:DSD_REG_DEMO@DF_DENSITY(2.0),Population density - Regions,I,A,Annual,CTRY,Country,GRC,Greece,_Z,Not applicable,POP,Population,_T,Total,_T,Total,PS_KM2,Persons per square kilometer,1993,,80.21,,GRC,Greece,A,Normal value,0,Units,2,Two
DATAFLOW,OECD.CFE.EDS:DSD_REG_DEMO@DF_DENSITY(2.0),Population density - Regions,I,A,Annual,CTRY,Country,GRC,Greece,_Z,Not applicable,POP,Population,_T,Total,_T,Total,PS_KM2,Persons per square kilometer,2004,,84.13,,GRC,Greece,A,Normal value,0,Units,2,Two
DATAFLOW,OECD.CFE.EDS:DSD_REG_DEMO@DF_DENSITY(2.0),Population density - Regions,I,A,Annual,CTRY,Country,GRC,Greece,_Z,Not applicable,POP,Population,_T,Total,_T,Total,PS_KM2,Persons per square kilometer,2003,,83.94,,GRC,Greece,A,Normal value,0,Units,2,Two
DATAFLOW,OECD.CFE.EDS:DSD_REG_DEMO@DF_DENSITY(2.0),Population density - Regions,I,A,Annual,CTRY,Country,GRC,Greece,_Z,Not applicable,POP,Population,_T,Total,_T,Total,PS_KM2,Persons per square kilometer,2002,,83.73,,GRC,Greece,A,Normal value,0,Units,2,Two
DATAFLOW,OECD.CFE.EDS:DSD_REG_DEMO@DF_DENSITY(2.0),Population density - Regions,I,A,Annual,CTRY,Country,GRC,Greece,_Z,Not applicable,POP,Population,_T,Total,_T,Total,PS_KM2,Persons per square kilometer,2000,,82.86,,GRC,Greece,A,Normal value,0,Units,2,Two
DATAFLOW,OECD.CFE.EDS:DSD_REG_DEMO@DF_DENSITY(2.0),Population density - Regions,I,A,Annual,CTRY,Country,GRC,Greece,_Z,Not applicable,POP,Population,_T,Total,_T,Total,PS_KM2,Persons per square kilometer,1990,,77.82,,GRC,Greece,A,Normal value,0,Units,2,Two
DATAFLOW,OECD.CFE.EDS:DSD_REG_DEMO@DF_DENSITY(2.0),Population density - Regions,I,A,Annual,CTRY,Country,GRC,Greece,_Z,Not applicable,POP,Population,_T,Total,_T,Total,PS_KM2,Persons per square kilometer,1999,,82.64,,GRC,Greece,A,Normal value,0,Units,2,Two
DATAFLOW,OECD.CFE.EDS:DSD_REG_DEMO@DF_DENSITY(2.0),Population density - Regions,I,A,Annual,CTRY,Country,GRC,Greece,_Z,Not applicable,POP,Population,_T,Total,_T,Total,PS_KM2,Persons per square kilometer,1998,,82.23,,GRC,Greece,A,Normal value,0,Units,2,Two
DATAFLOW,OECD.CFE.EDS:DSD_REG_DEMO@DF_DENSITY(2.0),Population density - Regions,I,A,Annual,CTRY,Country,GRC,Greece,_Z,Not applicable,POP,Population,_T,Total,_T,Total,PS_KM2,Persons per square kilometer,1997,,81.73,,GRC,Greece,A,Normal value,0,Units,2,Two
DATAFLOW,OECD.CFE.EDS:DSD_REG_DEMO@DF_DENSITY(2.0),Population density - Regions,I,A,Annual,CTRY,Country,GRC,Greece,_Z,Not applicable,POP,Population,_T,Total,_T,Total,PS_KM2,Persons per square kilometer,2006,,84.62,,GRC,Greece,A,Normal value,0,Units,2,Two
DATAFLOW,OECD.CFE.EDS:DSD_REG_DEMO@DF_DENSITY(2.0),Population density - Regions,I,A,Annual,CTRY,Country,GRC,Greece,_Z,Not applicable,POP,Population,_T,Total,_T,Total,PS_KM2,Persons per square kilometer,2012,,85.25,,GRC,Greece,A,Normal value,0,Units,2,Two
DATAFLOW,OECD.CFE.EDS:DSD_REG_DEMO@DF_DENSITY(2.0),Population density - Regions,I,A,Annual,CTRY,Country,GRC,Greece,_Z,Not applicable,POP,Population,_T,Total,_T,Total,PS_KM2,Persons per square kilometer,2019,,82.47,,GRC,Greece,A,Normal value,0,Units,2,Two
DATAFLOW,OECD.CFE.EDS:DSD_REG_DEMO@DF_DENSITY(2.0),Population density - Regions,I,A,Annual,CTRY,Country,GRC,Greece,_Z,Not applicable,POP,Population,_T,Total,_T,Total,PS_KM2,Persons per square kilometer,2017,,82.8,,GRC,Greece,A,Normal value,0,Units,2,Two
DATAFLOW,OECD.CFE.EDS:DSD_REG_DEMO@DF_DENSITY(2.0),Population density - Regions,I,A,Annual,CTRY,Country,GRC,Greece,_Z,Not applicable,POP,Population,_T,Total,_T,Total,PS_KM2,Persons per square kilometer,2016,,82.92,,GRC,Greece,A,Normal value,0,Units,2,Two
DATAFLOW,OECD.CFE.EDS:DSD_REG_DEMO@DF_DENSITY(2.0),Population density - Regions,I,A,Annual,CTRY,Country,GRC,Greece,_Z,Not applicable,POP,Population,_T,Total,_T,Total,PS_KM2,Persons per square kilometer,2013,,84.61,,GRC,Greece,A,Normal value,0,Units,2,Two
DATAFLOW,OECD.CFE.EDS:DSD_REG_DEMO@DF_DENSITY(2.0),Population density - Regions,I,A,Annual,CTRY,Country,GRC,Greece,_Z,Not applicable,POP,Population,_T,Total,_T,Total,PS_KM2,Persons per square kilometer,2011,,85.53,,GRC,Greece,A,Normal value,0,Units,2,Two
DATAFLOW,OECD.CFE.EDS:DSD_REG_DEMO@DF_DENSITY(2.0),Population density - Regions,I,A,Annual,CTRY,Country,GRC,Greece,_Z,Not applicable,POP,Population,_T,Total,_T,Total,PS_KM2,Persons per square kilometer,2010,,85.5,,GRC,Greece,A,Normal value,0,Units,2,Two
DATAFLOW,OECD.CFE.EDS:DSD_REG_DEMO@DF_DENSITY(2.0),Population density - Regions,I,A,Annual,CTRY,Country,GRC,Greece,_Z,Not applicable,POP,Population,_T,Total,_T,Total,PS_KM2,Persons per square kilometer,2018,,82.59,,GRC,Greece,A,Normal value,0,Units,2,Two
DATAFLOW,OECD.CFE.EDS:DSD_REG_DEMO@DF_DENSITY(2.0),Population density - Regions,I,A,Annual,CTRY,Country,GRC,Greece,_Z,Not applicable,POP,Population,_T,Total,_T,Total,PS_KM2,Persons per square kilometer,2007,,84.86,,GRC,Greece,A,Normal value,0,Units,2,Two
DATAFLOW,OECD.CFE.EDS:DSD_REG_DEMO@DF_DENSITY(2.0),Population density - Regions,I,A,Annual,CTRY,Country,GRC,Greece,_Z,Not applicable,POP,Population,_T,Total,_T,Total,PS_KM2,Persons per square kilometer,2005,,84.35,,GRC,Greece,A,Normal value,0,Units,2,Two
DATAFLOW,OECD.CFE.EDS:DSD_REG_DEMO@DF_DENSITY(2.0),Population density - Regions,I,A,Annual,CTRY,Country,GRC,Greece,_Z,Not applicable,POP,Population,_T,Total,_T,Total,PS_KM2,Persons per square kilometer,2022,,80.43,,GRC,Greece,B,Time series break,0,Units,2,Two
DATAFLOW,OECD.CFE.EDS:DSD_REG_DEMO@DF_DENSITY(2.0),Population density - Regions,I,A,Annual,CTRY,Country,HUN,Hungary,_Z,Not applicable,POP,Population,_T,Total,_T,Total,PS_KM2,Persons per square kilometer,2011,,109.43,,HUN,Hungary,A,Normal value,0,Units,2,Two
DATAFLOW,OECD.CFE.EDS:DSD_REG_DEMO@DF_DENSITY(2.0),Population density - Regions,I,A,Annual,CTRY,Country,HUN,Hungary,_Z,Not applicable,POP,Population,_T,Total,_T,Total,PS_KM2,Persons per square kilometer,2000,,112.02,,HUN,Hungary,A,Normal value,0,Units,2,Two
DATAFLOW,OECD.CFE.EDS:DSD_REG_DEMO@DF_DENSITY(2.0),Population density - Regions,I,A,Annual,CTRY,Country,HUN,Hungary,_Z,Not applicable,POP,Population,_T,Total,_T,Total,PS_KM2,Persons per square kilometer,1994,,113.43,,HUN,Hungary,A,Normal value,0,Units,2,Two
DATAFLOW,OECD.CFE.EDS:DSD_REG_DEMO@DF_DENSITY(2.0),Population density - Regions,I,A,Annual,CTRY,Country,HUN,Hungary,_Z,Not applicable,POP,Population,_T,Total,_T,Total,PS_KM2,Persons per square kilometer,1990,,113.7,,HUN,Hungary,A,Normal value,0,Units,2,Two
DATAFLOW,OECD.CFE.EDS:DSD_REG_DEMO@DF_DENSITY(2.0),Population density - Regions,I,A,Annual,CTRY,Country,HUN,Hungary,_Z,Not applicable,POP,Population,_T,Total,_T,Total,PS_KM2,Persons per square kilometer,1992,,113.69,,HUN,Hungary,A,Normal value,0,Units,2,Two
DATAFLOW,OECD.CFE.EDS:DSD_REG_DEMO@DF_DENSITY(2.0),Population density - Regions,I,A,Annual,CTRY,Country,HUN,Hungary,_Z,Not applicable,POP,Population,_T,Total,_T,Total,PS_KM2,Persons per square kilometer,1991,,113.68,,HUN,Hungary,A,Normal value,0,Units,2,Two
DATAFLOW,OECD.CFE.EDS:DSD_REG_DEMO@DF_DENSITY(2.0),Population density - Regions,I,A,Annual,CTRY,Country,HUN,Hungary,_Z,Not applicable,POP,Population,_T,Total,_T,Total,PS_KM2,Persons per square kilometer,2002,,111.51,,HUN,Hungary,A,Normal value,0,Units,2,Two
DATAFLOW,OECD.CFE.EDS:DSD_REG_DEMO@DF_DENSITY(2.0),Population density - Regions,I,A,Annual,CTRY,Country,HUN,Hungary,_Z,Not applicable,POP,Population,_T,Total,_T,Total,PS_KM2,Persons per square kilometer,2001,,111.79,,HUN,Hungary,A,Normal value,0,Units,2,Two
DATAFLOW,OECD.CFE.EDS:DSD_REG_DEMO@DF_DENSITY(2.0),Population density - Regions,I,A,Annual,CTRY,Country,HUN,Hungary,_Z,Not applicable,POP,Population,_T,Total,_T,Total,PS_KM2,Persons per square kilometer,1999,,112.37,,HUN,Hungary,A,Normal value,0,Units,2,Two
DATAFLOW,OECD.CFE.EDS:DSD_REG_DEMO@DF_DENSITY(2.0),Population density - Regions,I,A,Annual,CTRY,Country,HUN,Hungary,_Z,Not applicable,POP,Population,_T,Total,_T,Total,PS_KM2,Persons per square kilometer,2019,,106.31,,HUN,Hungary,A,Normal value,0,Units,2,Two
DATAFLOW,OECD.CFE.EDS:DSD_REG_DEMO@DF_DENSITY(2.0),Population density - Regions,I,A,Annual,CTRY,Country,HUN,Hungary,_Z,Not applicable,POP,Population,_T,Total,_T,Total,PS_KM2,Persons per square kilometer,2006,,110.43,,HUN,Hungary,A,Normal value,0,Units,2,Two
DATAFLOW,OECD.CFE.EDS:DSD_REG_DEMO@DF_DENSITY(2.0),Population density - Regions,I,A,Annual,CTRY,Country,HUN,Hungary,_Z,Not applicable,POP,Population,_T,Total,_T,Total,PS_KM2,Persons per square kilometer,1993,,113.59,,HUN,Hungary,A,Normal value,0,Units,2,Two
DATAFLOW,OECD.CFE.EDS:DSD_REG_DEMO@DF_DENSITY(2.0),Population density - Regions,I,A,Annual,CTRY,Country,HUN,Hungary,_Z,Not applicable,POP,Population,_T,Total,_T,Total,PS_KM2,Persons per square kilometer,1996,,113.11,,HUN,Hungary,A,Normal value,0,Units,2,Two
DATAFLOW,OECD.CFE.EDS:DSD_REG_DEMO@DF_DENSITY(2.0),Population density - Regions,I,A,Annual,CTRY,Country,HUN,Hungary,_Z,Not applicable,POP,Population,_T,Total,_T,Total,PS_KM2,Persons per square kilometer,2010,,109.75,,HUN,Hungary,A,Normal value,0,Units,2,Two
DATAFLOW,OECD.CFE.EDS:DSD_REG_DEMO@DF_DENSITY(2.0),Population density - Regions,I,A,Annual,CTRY,Country,HUN,Hungary,_Z,Not applicable,POP,Population,_T,Total,_T,Total,PS_KM2,Persons per square kilometer,2009,,109.93,,HUN,Hungary,A,Normal value,0,Units,2,Two
DATAFLOW,OECD.CFE.EDS:DSD_REG_DEMO@DF_DENSITY(2.0),Population density - Regions,I,A,Annual,CTRY,Country,HUN,Hungary,_Z,Not applicable,POP,Population,_T,Total,_T,Total,PS_KM2,Persons per square kilometer,2008,,110.09,,HUN,Hungary,A,Normal value,0,Units,2,Two
DATAFLOW,OECD.CFE.EDS:DSD_REG_DEMO@DF_DENSITY(2.0),Population density - Regions,I,A,Annual,CTRY,Country,HUN,Hungary,_Z,Not applicable,POP,Population,_T,Total,_T,Total,PS_KM2,Persons per square kilometer,2007,,110.32,,HUN,Hungary,A,Normal value,0,Units,2,Two
DATAFLOW,OECD.CFE.EDS:DSD_REG_DEMO@DF_DENSITY(2.0),Population density - Regions,I,A,Annual,CTRY,Country,HUN,Hungary,_Z,Not applicable,POP,Population,_T,Total,_T,Total,PS_KM2,Persons per square kilometer,2004,,110.87,,HUN,Hungary,A,Normal value,0,Units,2,Two
DATAFLOW,OECD.CFE.EDS:DSD_REG_DEMO@DF_DENSITY(2.0),Population density - Regions,I,A,Annual,CTRY,Country,HUN,Hungary,_Z,Not applicable,POP,Population,_T,Total,_T,Total,PS_KM2,Persons per square kilometer,2003,,111.15,,HUN,Hungary,A,Normal value,0,Units,2,Two
DATAFLOW,OECD.CFE.EDS:DSD_REG_DEMO@DF_DENSITY(2.0),Population density - Regions,I,A,Annual,CTRY,Country,HUN,Hungary,_Z,Not applicable,POP,Population,_T,Total,_T,Total,PS_KM2,Persons per square kilometer,1995,,113.28,,HUN,Hungary,A,Normal value,0,Units,2,Two
DATAFLOW,OECD.CFE.EDS:DSD_REG_DEMO@DF_DENSITY(2.0),Population density - Regions,I,A,Annual,CTRY,Country,HUN,Hungary,_Z,Not applicable,POP,Population,_T,Total,_T,Total,PS_KM2,Persons per square kilometer,1998,,112.66,,HUN,Hungary,A,Normal value,0,Units,2,Two
DATAFLOW,OECD.CFE.EDS:DSD_REG_DEMO@DF_DENSITY(2.0),Population density - Regions,I,A,Annual,CTRY,Country,HUN,Hungary,_Z,Not applicable,POP,Population,_T,Total,_T,Total,PS_KM2,Persons per square kilometer,1997,,112.89,,HUN,Hungary,A,Normal value,0,Units,2,Two
DATAFLOW,OECD.CFE.EDS:DSD_REG_DEMO@DF_DENSITY(2.0),Population density - Regions,I,A,Annual,CTRY,Country,HUN,Hungary,_Z,Not applicable,POP,Population,_T,Total,_T,Total,PS_KM2,Persons per square kilometer,2016,,107.18,,HUN,Hungary,A,Normal value,0,Units,2,Two
DATAFLOW,OECD.CFE.EDS:DSD_REG_DEMO@DF_DENSITY(2.0),Population density - Regions,I,A,Annual,CTRY,Country,HUN,Hungary,_Z,Not applicable,POP,Population,_T,Total,_T,Total,PS_KM2,Persons per square kilometer,2015,,107.57,,HUN,Hungary,A,Normal value,0,Units,2,Two
DATAFLOW,OECD.CFE.EDS:DSD_REG_DEMO@DF_DENSITY(2.0),Population density - Regions,I,A,Annual,CTRY,Country,HUN,Hungary,_Z,Not applicable,POP,Population,_T,Total,_T,Total,PS_KM2,Persons per square kilometer,2014,,107.95,,HUN,Hungary,A,Normal value,0,Units,2,Two
DATAFLOW,OECD.CFE.EDS:DSD_REG_DEMO@DF_DENSITY(2.0),Population density - Regions,I,A,Annual,CTRY,Country,HUN,Hungary,_Z,Not applicable,POP,Population,_T,Total,_T,Total,PS_KM2,Persons per square kilometer,2013,,108.44,,HUN,Hungary,A,Normal value,0,Units,2,Two
DATAFLOW,OECD.CFE.EDS:DSD_REG_DEMO@DF_DENSITY(2.0),Population density - Regions,I,A,Annual,CTRY,Country,HUN,Hungary,_Z,Not applicable,POP,Population,_T,Total,_T,Total,PS_KM2,Persons per square kilometer,2023,,105.2,,HUN,Hungary,A,Normal value,0,Units,2,Two
DATAFLOW,OECD.CFE.EDS:DSD_REG_DEMO@DF_DENSITY(2.0),Population density - Regions,I,A,Annual,CTRY,Country,HUN,Hungary,_Z,Not applicable,POP,Population,_T,Total,_T,Total,PS_KM2,Persons per square kilometer,2022,,105.32,,HUN,Hungary,A,Normal value,0,Units,2,Two
DATAFLOW,OECD.CFE.EDS:DSD_REG_DEMO@DF_DENSITY(2.0),Population density - Regions,I,A,Annual,CTRY,Country,HUN,Hungary,_Z,Not applicable,POP,Population,_T,Total,_T,Total,PS_KM2,Persons per square kilometer,2021,,105.77,,HUN,Hungary,A,Normal value,0,Units,2,Two
DATAFLOW,OECD.CFE.EDS:DSD_REG_DEMO@DF_DENSITY(2.0),Population density - Regions,I,A,Annual,CTRY,Country,HUN,Hungary,_Z,Not applicable,POP,Population,_T,Total,_T,Total,PS_KM2,Persons per square kilometer,2020,,106.19,,HUN,Hungary,A,Normal value,0,Units,2,Two
DATAFLOW,OECD.CFE.EDS:DSD_REG_DEMO@DF_DENSITY(2.0),Population density - Regions,I,A,Annual,CTRY,Country,HUN,Hungary,_Z,Not applicable,POP,Population,_T,Total,_T,Total,PS_KM2,Persons per square kilometer,2005,,110.66,,HUN,Hungary,A,Normal value,0,Units,2,Two
DATAFLOW,OECD.CFE.EDS:DSD_REG_DEMO@DF_DENSITY(2.0),Population density - Regions,I,A,Annual,CTRY,Country,HUN,Hungary,_Z,Not applicable,POP,Population,_T,Total,_T,Total,PS_KM2,Persons per square kilometer,2018,,106.45,,HUN,Hungary,A,Normal value,0,Units,2,Two
DATAFLOW,OECD.CFE.EDS:DSD_REG_DEMO@DF_DENSITY(2.0),Population density - Regions,I,A,Annual,CTRY,Country,HUN,Hungary,_Z,Not applicable,POP,Population,_T,Total,_T,Total,PS_KM2,Persons per square kilometer,2017,,106.74,,HUN,Hungary,A,Normal value,0,Units,2,Two
DATAFLOW,OECD.CFE.EDS:DSD_REG_DEMO@DF_DENSITY(2.0),Population density - Regions,I,A,Annual,CTRY,Country,ISL,Iceland,_Z,Not applicable,POP,Population,_T,Total,_T,Total,PS_KM2,Persons per square kilometer,2018,,3.47,,ISL,Iceland,A,Normal value,0,Units,2,Two
DATAFLOW,OECD.CFE.EDS:DSD_REG_DEMO@DF_DENSITY(2.0),Population density - Regions,I,A,Annual,CTRY,Country,ISL,Iceland,_Z,Not applicable,POP,Population,_T,Total,_T,Total,PS_KM2,Persons per square kilometer,2017,,3.37,,ISL,Iceland,A,Normal value,0,Units,2,Two
DATAFLOW,OECD.CFE.EDS:DSD_REG_DEMO@DF_DENSITY(2.0),Population density - Regions,I,A,Annual,CTRY,Country,ISL,Iceland,_Z,Not applicable,POP,Population,_T,Total,_T,Total,PS_KM2,Persons per square kilometer,1997,,2.69,,ISL,Iceland,A,Normal value,0,Units,2,Two
DATAFLOW,OECD.CFE.EDS:DSD_REG_DEMO@DF_DENSITY(2.0),Population density - Regions,I,A,Annual,CTRY,Country,ISL,Iceland,_Z,Not applicable,POP,Population,_T,Total,_T,Total,PS_KM2,Persons per square kilometer,1992,,2.59,,ISL,Iceland,A,Normal value,0,Units,2,Two
DATAFLOW,OECD.CFE.EDS:DSD_REG_DEMO@DF_DENSITY(2.0),Population density - Regions,I,A,Annual,CTRY,Country,ISL,Iceland,_Z,Not applicable,POP,Population,_T,Total,_T,Total,PS_KM2,Persons per square kilometer,1991,,2.55,,ISL,Iceland,A,Normal value,0,Units,2,Two
DATAFLOW,OECD.CFE.EDS:DSD_REG_DEMO@DF_DENSITY(2.0),Population density - Regions,I,A,Annual,CTRY,Country,ISL,Iceland,_Z,Not applicable,POP,Population,_T,Total,_T,Total,PS_KM2,Persons per square kilometer,2002,,2.85,,ISL,Iceland,A,Normal value,0,Units,2,Two
DATAFLOW,OECD.CFE.EDS:DSD_REG_DEMO@DF_DENSITY(2.0),Population density - Regions,I,A,Annual,CTRY,Country,ISL,Iceland,_Z,Not applicable,POP,Population,_T,Total,_T,Total,PS_KM2,Persons per square kilometer,2001,,2.82,,ISL,Iceland,A,Normal value,0,Units,2,Two
DATAFLOW,OECD.CFE.EDS:DSD_REG_DEMO@DF_DENSITY(2.0),Population density - Regions,I,A,Annual,CTRY,Country,ISL,Iceland,_Z,Not applicable,POP,Population,_T,Total,_T,Total,PS_KM2,Persons per square kilometer,1990,,2.53,,ISL,Iceland,A,Normal value,0,Units,2,Two
DATAFLOW,OECD.CFE.EDS:DSD_REG_DEMO@DF_DENSITY(2.0),Population density - Regions,I,A,Annual,CTRY,Country,ISL,Iceland,_Z,Not applicable,POP,Population,_T,Total,_T,Total,PS_KM2,Persons per square kilometer,2000,,2.78,,ISL,Iceland,A,Normal value,0,Units,2,Two
DATAFLOW,OECD.CFE.EDS:DSD_REG_DEMO@DF_DENSITY(2.0),Population density - Regions,I,A,Annual,CTRY,Country,ISL,Iceland,_Z,Not applicable,POP,Population,_T,Total,_T,Total,PS_KM2,Persons per square kilometer,1999,,2.74,,ISL,Iceland,A,Normal value,0,Units,2,Two
DATAFLOW,OECD.CFE.EDS:DSD_REG_DEMO@DF_DENSITY(2.0),Population density - Regions,I,A,Annual,CTRY,Country,ISL,Iceland,_Z,Not applicable,POP,Population,_T,Total,_T,Total,PS_KM2,Persons per square kilometer,2006,,2.99,,ISL,Iceland,A,Normal value,0,Units,2,Two
DATAFLOW,OECD.CFE.EDS:DSD_REG_DEMO@DF_DENSITY(2.0),Population density - Regions,I,A,Annual,CTRY,Country,ISL,Iceland,_Z,Not applicable,POP,Population,_T,Total,_T,Total,PS_KM2,Persons per square kilometer,1993,,2.61,,ISL,Iceland,A,Normal value,0,Units,2,Two
DATAFLOW,OECD.CFE.EDS:DSD_REG_DEMO@DF_DENSITY(2.0),Population density - Regions,I,A,Annual,CTRY,Country,ISL,Iceland,_Z,Not applicable,POP,Population,_T,Total,_T,Total,PS_KM2,Persons per square kilometer,1996,,2.67,,ISL,Iceland,A,Normal value,0,Units,2,Two
DATAFLOW,OECD.CFE.EDS:DSD_REG_DEMO@DF_DENSITY(2.0),Population density - Regions,I,A,Annual,CTRY,Country,ISL,Iceland,_Z,Not applicable,POP,Population,_T,Total,_T,Total,PS_KM2,Persons per square kilometer,1995,,2.66,,ISL,Iceland,A,Normal value,0,Units,2,Two
DATAFLOW,OECD.CFE.EDS:DSD_REG_DEMO@DF_DENSITY(2.0),Population density - Regions,I,A,Annual,CTRY,Country,ISL,Iceland,_Z,Not applicable,POP,Population,_T,Total,_T,Total,PS_KM2,Persons per square kilometer,2010,,3.16,,ISL,Iceland,A,Normal value,0,Units,2,Two
DATAFLOW,OECD.CFE.EDS:DSD_REG_DEMO@DF_DENSITY(2.0),Population density - Regions,I,A,Annual,CTRY,Country,ISL,Iceland,_Z,Not applicable,POP,Population,_T,Total,_T,Total,PS_KM2,Persons per square kilometer,2009,,3.18,,ISL,Iceland,A,Normal value,0,Units,2,Two
DATAFLOW,OECD.CFE.EDS:DSD_REG_DEMO@DF_DENSITY(2.0),Population density - Regions,I,A,Annual,CTRY,Country,ISL,Iceland,_Z,Not applicable,POP,Population,_T,Total,_T,Total,PS_KM2,Persons per square kilometer,2008,,3.14,,ISL,Iceland,A,Normal value,0,Units,2,Two
DATAFLOW,OECD.CFE.EDS:DSD_REG_DEMO@DF_DENSITY(2.0),Population density - Regions,I,A,Annual,CTRY,Country,ISL,Iceland,_Z,Not applicable,POP,Population,_T,Total,_T,Total,PS_KM2,Persons per square kilometer,2007,,3.06,,ISL,Iceland,A,Normal value,0,Units,2,Two
DATAFLOW,OECD.CFE.EDS:DSD_REG_DEMO@DF_DENSITY(2.0),Population density - Regions,I,A,Annual,CTRY,Country,ISL,Iceland,_Z,Not applicable,POP,Population,_T,Total,_T,Total,PS_KM2,Persons per square kilometer,1994,,2.64,,ISL,Iceland,A,Normal value,0,Units,2,Two
DATAFLOW,OECD.CFE.EDS:DSD_REG_DEMO@DF_DENSITY(2.0),Population density - Regions,I,A,Annual,CTRY,Country,ISL,Iceland,_Z,Not applicable,POP,Population,_T,Total,_T,Total,PS_KM2,Persons per square kilometer,2004,,2.89,,ISL,Iceland,A,Normal value,0,Units,2,Two
DATAFLOW,OECD.CFE.EDS:DSD_REG_DEMO@DF_DENSITY(2.0),Population density - Regions,I,A,Annual,CTRY,Country,ISL,Iceland,_Z,Not applicable,POP,Population,_T,Total,_T,Total,PS_KM2,Persons per square kilometer,2003,,2.87,,ISL,Iceland,A,Normal value,0,Units,2,Two
DATAFLOW,OECD.CFE.EDS:DSD_REG_DEMO@DF_DENSITY(2.0),Population density - Regions,I,A,Annual,CTRY,Country,ISL,Iceland,_Z,Not applicable,POP,Population,_T,Total,_T,Total,PS_KM2,Persons per square kilometer,1998,,2.71,,ISL,Iceland,A,Normal value,0,Units,2,Two
DATAFLOW,OECD.CFE.EDS:DSD_REG_DEMO@DF_DENSITY(2.0),Population density - Regions,I,A,Annual,CTRY,Country,ISL,Iceland,_Z,Not applicable,POP,Population,_T,Total,_T,Total,PS_KM2,Persons per square kilometer,2016,,3.31,,ISL,Iceland,A,Normal value,0,Units,2,Two
DATAFLOW,OECD.CFE.EDS:DSD_REG_DEMO@DF_DENSITY(2.0),Population density - Regions,I,A,Annual,CTRY,Country,ISL,Iceland,_Z,Not applicable,POP,Population,_T,Total,_T,Total,PS_KM2,Persons per square kilometer,2015,,3.28,,ISL,Iceland,A,Normal value,0,Units,2,Two
DATAFLOW,OECD.CFE.EDS:DSD_REG_DEMO@DF_DENSITY(2.0),Population density - Regions,I,A,Annual,CTRY,Country,ISL,Iceland,_Z,Not applicable,POP,Population,_T,Total,_T,Total,PS_KM2,Persons per square kilometer,2014,,3.24,,ISL,Iceland,A,Normal value,0,Units,2,Two
DATAFLOW,OECD.CFE.EDS:DSD_REG_DEMO@DF_DENSITY(2.0),Population density - Regions,I,A,Annual,CTRY,Country,ISL,Iceland,_Z,Not applicable,POP,Population,_T,Total,_T,Total,PS_KM2,Persons per square kilometer,2013,,3.2,,ISL,Iceland,A,Normal value,0,Units,2,Two
DATAFLOW,OECD.CFE.EDS:DSD_REG_DEMO@DF_DENSITY(2.0),Population density - Regions,I,A,Annual,CTRY,Country,ISL,Iceland,_Z,Not applicable,POP,Population,_T,Total,_T,Total,PS_KM2,Persons per square kilometer,2012,,3.18,,ISL,Iceland,A,Normal value,0,Units,2,Two
DATAFLOW,OECD.CFE.EDS:DSD_REG_DEMO@DF_DENSITY(2.0),Population density - Regions,I,A,Annual,CTRY,Country,ISL,Iceland,_Z,Not applicable,POP,Population,_T,Total,_T,Total,PS_KM2,Persons per square kilometer,2011,,3.17,,ISL,Iceland,A,Normal value,0,Units,2,Two
DATAFLOW,OECD.CFE.EDS:DSD_REG_DEMO@DF_DENSITY(2.0),Population density - Regions,I,A,Annual,CTRY,Country,ISL,Iceland,_Z,Not applicable,POP,Population,_T,Total,_T,Total,PS_KM2,Persons per square kilometer,2023,,3.86,,ISL,Iceland,A,Normal value,0,Units,2,Two
DATAFLOW,OECD.CFE.EDS:DSD_REG_DEMO@DF_DENSITY(2.0),Population density - Regions,I,A,Annual,CTRY,Country,ISL,Iceland,_Z,Not applicable,POP,Population,_T,Total,_T,Total,PS_KM2,Persons per square kilometer,2022,,3.75,,ISL,Iceland,A,Normal value,0,Units,2,Two
DATAFLOW,OECD.CFE.EDS:DSD_REG_DEMO@DF_DENSITY(2.0),Population density - Regions,I,A,Annual,CTRY,Country,ISL,Iceland,_Z,Not applicable,POP,Population,_T,Total,_T,Total,PS_KM2,Persons per square kilometer,2021,,3.67,,ISL,Iceland,A,Normal value,0,Units,2,Two
DATAFLOW,OECD.CFE.EDS:DSD_REG_DEMO@DF_DENSITY(2.0),Population density - Regions,I,A,Annual,CTRY,Country,ISL,Iceland,_Z,Not applicable,POP,Population,_T,Total,_T,Total,PS_KM2,Persons per square kilometer,2020,,3.63,,ISL,Iceland,A,Normal value,0,Units,2,Two
DATAFLOW,OECD.CFE.EDS:DSD_REG_DEMO@DF_DENSITY(2.0),Population density - Regions,I,A,Annual,CTRY,Country,ISL,Iceland,_Z,Not applicable,POP,Population,_T,Total,_T,Total,PS_KM2,Persons per square kilometer,2019,,3.55,,ISL,Iceland,A,Normal value,0,Units,2,Two
DATAFLOW,OECD.CFE.EDS:DSD_REG_DEMO@DF_DENSITY(2.0),Population density - Regions,I,A,Annual,CTRY,Country,IRL,Ireland,_Z,Not applicable,POP,Population,_T,Total,_T,Total,PS_KM2,Persons per square kilometer,2000,,55.02,,IRL,Ireland,A,Normal value,0,Units,2,Two
DATAFLOW,OECD.CFE.EDS:DSD_REG_DEMO@DF_DENSITY(2.0),Population density - Regions,I,A,Annual,CTRY,Country,IRL,Ireland,_Z,Not applicable,POP,Population,_T,Total,_T,Total,PS_KM2,Persons per square kilometer,2006,,61.29,,IRL,Ireland,A,Normal value,0,Units,2,Two
DATAFLOW,OECD.CFE.EDS:DSD_REG_DEMO@DF_DENSITY(2.0),Population density - Regions,I,A,Annual,CTRY,Country,IRL,Ireland,_Z,Not applicable,POP,Population,_T,Total,_T,Total,PS_KM2,Persons per square kilometer,1991,,51.29,,IRL,Ireland,A,Normal value,0,Units,2,Two
DATAFLOW,OECD.CFE.EDS:DSD_REG_DEMO@DF_DENSITY(2.0),Population density - Regions,I,A,Annual,CTRY,Country,IRL,Ireland,_Z,Not applicable,POP,Population,_T,Total,_T,Total,PS_KM2,Persons per square kilometer,2001,,55.83,,IRL,Ireland,A,Normal value,0,Units,2,Two
DATAFLOW,OECD.CFE.EDS:DSD_REG_DEMO@DF_DENSITY(2.0),Population density - Regions,I,A,Annual,CTRY,Country,IRL,Ireland,_Z,Not applicable,POP,Population,_T,Total,_T,Total,PS_KM2,Persons per square kilometer,1995,,52.4,,IRL,Ireland,A,Normal value,0,Units,2,Two
DATAFLOW,OECD.CFE.EDS:DSD_REG_DEMO@DF_DENSITY(2.0),Population density - Regions,I,A,Annual,CTRY,Country,IRL,Ireland,_Z,Not applicable,POP,Population,_T,Total,_T,Total,PS_KM2,Persons per square kilometer,1994,,52.19,,IRL,Ireland,A,Normal value,0,Units,2,Two
DATAFLOW,OECD.CFE.EDS:DSD_REG_DEMO@DF_DENSITY(2.0),Population density - Regions,I,A,Annual,CTRY,Country,IRL,Ireland,_Z,Not applicable,POP,Population,_T,Total,_T,Total,PS_KM2,Persons per square kilometer,2019,,71.96,,IRL,Ireland,A,Normal value,0,Units,2,Two
DATAFLOW,OECD.CFE.EDS:DSD_REG_DEMO@DF_DENSITY(2.0),Population density - Regions,I,A,Annual,CTRY,Country,IRL,Ireland,_Z,Not applicable,POP,Population,_T,Total,_T,Total,PS_KM2,Persons per square kilometer,1996,,52.73,,IRL,Ireland,A,Normal value,0,Units,2,Two
DATAFLOW,OECD.CFE.EDS:DSD_REG_DEMO@DF_DENSITY(2.0),Population density - Regions,I,A,Annual,CTRY,Country,IRL,Ireland,_Z,Not applicable,POP,Population,_T,Total,_T,Total,PS_KM2,Persons per square kilometer,1993,,51.99,,IRL,Ireland,A,Normal value,0,Units,2,Two
DATAFLOW,OECD.CFE.EDS:DSD_REG_DEMO@DF_DENSITY(2.0),Population density - Regions,I,A,Annual,CTRY,Country,IRL,Ireland,_Z,Not applicable,POP,Population,_T,Total,_T,Total,PS_KM2,Persons per square kilometer,2016,,68.84,,IRL,Ireland,A,Normal value,0,Units,2,Two
DATAFLOW,OECD.CFE.EDS:DSD_REG_DEMO@DF_DENSITY(2.0),Population density - Regions,I,A,Annual,CTRY,Country,IRL,Ireland,_Z,Not applicable,POP,Population,_T,Total,_T,Total,PS_KM2,Persons per square kilometer,2015,,68.13,,IRL,Ireland,A,Normal value,0,Units,2,Two
DATAFLOW,OECD.CFE.EDS:DSD_REG_DEMO@DF_DENSITY(2.0),Population density - Regions,I,A,Annual,CTRY,Country,IRL,Ireland,_Z,Not applicable,POP,Population,_T,Total,_T,Total,PS_KM2,Persons per square kilometer,2014,,67.55,,IRL,Ireland,A,Normal value,0,Units,2,Two
DATAFLOW,OECD.CFE.EDS:DSD_REG_DEMO@DF_DENSITY(2.0),Population density - Regions,I,A,Annual,CTRY,Country,IRL,Ireland,_Z,Not applicable,POP,Population,_T,Total,_T,Total,PS_KM2,Persons per square kilometer,1999,,54.36,,IRL,Ireland,A,Normal value,0,Units,2,Two
DATAFLOW,OECD.CFE.EDS:DSD_REG_DEMO@DF_DENSITY(2.0),Population density - Regions,I,A,Annual,CTRY,Country,IRL,Ireland,_Z,Not applicable,POP,Population,_T,Total,_T,Total,PS_KM2,Persons per square kilometer,2009,,65.86,,IRL,Ireland,A,Normal value,0,Units,2,Two
DATAFLOW,OECD.CFE.EDS:DSD_REG_DEMO@DF_DENSITY(2.0),Population density - Regions,I,A,Annual,CTRY,Country,IRL,Ireland,_Z,Not applicable,POP,Population,_T,Total,_T,Total,PS_KM2,Persons per square kilometer,2008,,64.93,,IRL,Ireland,A,Normal value,0,Units,2,Two
DATAFLOW,OECD.CFE.EDS:DSD_REG_DEMO@DF_DENSITY(2.0),Population density - Regions,I,A,Annual,CTRY,Country,IRL,Ireland,_Z,Not applicable,POP,Population,_T,Total,_T,Total,PS_KM2,Persons per square kilometer,1990,,51.08,,IRL,Ireland,A,Normal value,0,Units,2,Two
DATAFLOW,OECD.CFE.EDS:DSD_REG_DEMO@DF_DENSITY(2.0),Population density - Regions,I,A,Annual,CTRY,Country,IRL,Ireland,_Z,Not applicable,POP,Population,_T,Total,_T,Total,PS_KM2,Persons per square kilometer,2004,,58.68,,IRL,Ireland,A,Normal value,0,Units,2,Two
DATAFLOW,OECD.CFE.EDS:DSD_REG_DEMO@DF_DENSITY(2.0),Population density - Regions,I,A,Annual,CTRY,Country,IRL,Ireland,_Z,Not applicable,POP,Population,_T,Total,_T,Total,PS_KM2,Persons per square kilometer,2003,,57.74,,IRL,Ireland,A,Normal value,0,Units,2,Two
DATAFLOW,OECD.CFE.EDS:DSD_REG_DEMO@DF_DENSITY(2.0),Population density - Regions,I,A,Annual,CTRY,Country,IRL,Ireland,_Z,Not applicable,POP,Population,_T,Total,_T,Total,PS_KM2,Persons per square kilometer,2002,,56.8,,IRL,Ireland,A,Normal value,0,Units,2,Two
DATAFLOW,OECD.CFE.EDS:DSD_REG_DEMO@DF_DENSITY(2.0),Population density - Regions,I,A,Annual,CTRY,Country,IRL,Ireland,_Z,Not applicable,POP,Population,_T,Total,_T,Total,PS_KM2,Persons per square kilometer,1998,,53.8,,IRL,Ireland,A,Normal value,0,Units,2,Two
DATAFLOW,OECD.CFE.EDS:DSD_REG_DEMO@DF_DENSITY(2.0),Population density - Regions,I,A,Annual,CTRY,Country,IRL,Ireland,_Z,Not applicable,POP,Population,_T,Total,_T,Total,PS_KM2,Persons per square kilometer,1997,,53.24,,IRL,Ireland,A,Normal value,0,Units,2,Two
DATAFLOW,OECD.CFE.EDS:DSD_REG_DEMO@DF_DENSITY(2.0),Population density - Regions,I,A,Annual,CTRY,Country,IRL,Ireland,_Z,Not applicable,POP,Population,_T,Total,_T,Total,PS_KM2,Persons per square kilometer,1992,,51.67,,IRL,Ireland,A,Normal value,0,Units,2,Two
DATAFLOW,OECD.CFE.EDS:DSD_REG_DEMO@DF_DENSITY(2.0),Population density - Regions,I,A,Annual,CTRY,Country,IRL,Ireland,_Z,Not applicable,POP,Population,_T,Total,_T,Total,PS_KM2,Persons per square kilometer,2012,,66.85,,IRL,Ireland,A,Normal value,0,Units,2,Two
DATAFLOW,OECD.CFE.EDS:DSD_REG_DEMO@DF_DENSITY(2.0),Population density - Regions,I,A,Annual,CTRY,Country,IRL,Ireland,_Z,Not applicable,POP,Population,_T,Total,_T,Total,PS_KM2,Persons per square kilometer,2023,,76.78,,IRL,Ireland,A,Normal value,0,Units,2,Two
DATAFLOW,OECD.CFE.EDS:DSD_REG_DEMO@DF_DENSITY(2.0),Population density - Regions,I,A,Annual,CTRY,Country,IRL,Ireland,_Z,Not applicable,POP,Population,_T,Total,_T,Total,PS_KM2,Persons per square kilometer,2022,,75.08,,IRL,Ireland,A,Normal value,0,Units,2,Two
DATAFLOW,OECD.CFE.EDS:DSD_REG_DEMO@DF_DENSITY(2.0),Population density - Regions,I,A,Annual,CTRY,Country,IRL,Ireland,_Z,Not applicable,POP,Population,_T,Total,_T,Total,PS_KM2,Persons per square kilometer,2021,,73.8,,IRL,Ireland,A,Normal value,0,Units,2,Two
DATAFLOW,OECD.CFE.EDS:DSD_REG_DEMO@DF_DENSITY(2.0),Population density - Regions,I,A,Annual,CTRY,Country,IRL,Ireland,_Z,Not applicable,POP,Population,_T,Total,_T,Total,PS_KM2,Persons per square kilometer,2020,,73.01,,IRL,Ireland,A,Normal value,0,Units,2,Two
DATAFLOW,OECD.CFE.EDS:DSD_REG_DEMO@DF_DENSITY(2.0),Population density - Regions,I,A,Annual,CTRY,Country,IRL,Ireland,_Z,Not applicable,POP,Population,_T,Total,_T,Total,PS_KM2,Persons per square kilometer,2010,,66.27,,IRL,Ireland,A,Normal value,0,Units,2,Two
DATAFLOW,OECD.CFE.EDS:DSD_REG_DEMO@DF_DENSITY(2.0),Population density - Regions,I,A,Annual,CTRY,Country,IRL,Ireland,_Z,Not applicable,POP,Population,_T,Total,_T,Total,PS_KM2,Persons per square kilometer,2007,,63.22,,IRL,Ireland,A,Normal value,0,Units,2,Two
DATAFLOW,OECD.CFE.EDS:DSD_REG_DEMO@DF_DENSITY(2.0),Population density - Regions,I,A,Annual,CTRY,Country,IRL,Ireland,_Z,Not applicable,POP,Population,_T,Total,_T,Total,PS_KM2,Persons per square kilometer,2005,,59.89,,IRL,Ireland,A,Normal value,0,Units,2,Two
DATAFLOW,OECD.CFE.EDS:DSD_REG_DEMO@DF_DENSITY(2.0),Population density - Regions,I,A,Annual,CTRY,Country,IRL,Ireland,_Z,Not applicable,POP,Population,_T,Total,_T,Total,PS_KM2,Persons per square kilometer,2018,,70.73,,IRL,Ireland,A,Normal value,0,Units,2,Two
DATAFLOW,OECD.CFE.EDS:DSD_REG_DEMO@DF_DENSITY(2.0),Population density - Regions,I,A,Annual,CTRY,Country,IRL,Ireland,_Z,Not applicable,POP,Population,_T,Total,_T,Total,PS_KM2,Persons per square kilometer,2017,,69.9,,IRL,Ireland,A,Normal value,0,Units,2,Two
DATAFLOW,OECD.CFE.EDS:DSD_REG_DEMO@DF_DENSITY(2.0),Population density - Regions,I,A,Annual,CTRY,Country,IRL,Ireland,_Z,Not applicable,POP,Population,_T,Total,_T,Total,PS_KM2,Persons per square kilometer,2013,,67.14,,IRL,Ireland,A,Normal value,0,Units,2,Two
DATAFLOW,OECD.CFE.EDS:DSD_REG_DEMO@DF_DENSITY(2.0),Population density - Regions,I,A,Annual,CTRY,Country,ISR,Israel,_Z,Not applicable,POP,Population,_T,Total,_T,Total,PS_KM2,Persons per square kilometer,2011,,341.18,,ISR,Israel,A,Normal value,0,Units,2,Two
DATAFLOW,OECD.CFE.EDS:DSD_REG_DEMO@DF_DENSITY(2.0),Population density - Regions,I,A,Annual,CTRY,Country,ISR,Israel,_Z,Not applicable,POP,Population,_T,Total,_T,Total,PS_KM2,Persons per square kilometer,2010,,335.26,,ISR,Israel,A,Normal value,0,Units,2,Two
DATAFLOW,OECD.CFE.EDS:DSD_REG_DEMO@DF_DENSITY(2.0),Population density - Regions,I,A,Annual,CTRY,Country,ISR,Israel,_Z,Not applicable,POP,Population,_T,Total,_T,Total,PS_KM2,Persons per square kilometer,1999,,282.73,,ISR,Israel,A,Normal value,0,Units,2,Two
DATAFLOW,OECD.CFE.EDS:DSD_REG_DEMO@DF_DENSITY(2.0),Population density - Regions,I,A,Annual,CTRY,Country,ISR,Israel,_Z,Not applicable,POP,Population,_T,Total,_T,Total,PS_KM2,Persons per square kilometer,1998,,275.61,,ISR,Israel,A,Normal value,0,Units,2,Two
DATAFLOW,OECD.CFE.EDS:DSD_REG_DEMO@DF_DENSITY(2.0),Population density - Regions,I,A,Annual,CTRY,Country,ISR,Israel,_Z,Not applicable,POP,Population,_T,Total,_T,Total,PS_KM2,Persons per square kilometer,1997,,269.06,,ISR,Israel,A,Normal value,0,Units,2,Two
DATAFLOW,OECD.CFE.EDS:DSD_REG_DEMO@DF_DENSITY(2.0),Population density - Regions,I,A,Annual,CTRY,Country,ISR,Israel,_Z,Not applicable,POP,Population,_T,Total,_T,Total,PS_KM2,Persons per square kilometer,2006,,313.94,,ISR,Israel,A,Normal value,0,Units,2,Two
DATAFLOW,OECD.CFE.EDS:DSD_REG_DEMO@DF_DENSITY(2.0),Population density - Regions,I,A,Annual,CTRY,Country,ISR,Israel,_Z,Not applicable,POP,Population,_T,Total,_T,Total,PS_KM2,Persons per square kilometer,2001,,288.12,,ISR,Israel,A,Normal value,0,Units,2,Two
DATAFLOW,OECD.CFE.EDS:DSD_REG_DEMO@DF_DENSITY(2.0),Population density - Regions,I,A,Annual,CTRY,Country,ISR,Israel,_Z,Not applicable,POP,Population,_T,Total,_T,Total,PS_KM2,Persons per square kilometer,1996,,262.09,,ISR,Israel,A,Normal value,0,Units,2,Two
DATAFLOW,OECD.CFE.EDS:DSD_REG_DEMO@DF_DENSITY(2.0),Population density - Regions,I,A,Annual,CTRY,Country,ISR,Israel,_Z,Not applicable,POP,Population,_T,Total,_T,Total,PS_KM2,Persons per square kilometer,2018,,387.4,,ISR,Israel,A,Normal value,0,Units,2,Two
DATAFLOW,OECD.CFE.EDS:DSD_REG_DEMO@DF_DENSITY(2.0),Population density - Regions,I,A,Annual,CTRY,Country,ISR,Israel,_Z,Not applicable,POP,Population,_T,Total,_T,Total,PS_KM2,Persons per square kilometer,2007,,319.25,,ISR,Israel,A,Normal value,0,Units,2,Two
DATAFLOW,OECD.CFE.EDS:DSD_REG_DEMO@DF_DENSITY(2.0),Population density - Regions,I,A,Annual,CTRY,Country,ISR,Israel,_Z,Not applicable,POP,Population,_T,Total,_T,Total,PS_KM2,Persons per square kilometer,2005,,308.7,,ISR,Israel,A,Normal value,0,Units,2,Two
DATAFLOW,OECD.CFE.EDS:DSD_REG_DEMO@DF_DENSITY(2.0),Population density - Regions,I,A,Annual,CTRY,Country,ISR,Israel,_Z,Not applicable,POP,Population,_T,Total,_T,Total,PS_KM2,Persons per square kilometer,2022,,415.26,,ISR,Israel,A,Normal value,0,Units,2,Two
DATAFLOW,OECD.CFE.EDS:DSD_REG_DEMO@DF_DENSITY(2.0),Population density - Regions,I,A,Annual,CTRY,Country,ISR,Israel,_Z,Not applicable,POP,Population,_T,Total,_T,Total,PS_KM2,Persons per square kilometer,2021,,408.35,,ISR,Israel,A,Normal value,0,Units,2,Two
DATAFLOW,OECD.CFE.EDS:DSD_REG_DEMO@DF_DENSITY(2.0),Population density - Regions,I,A,Annual,CTRY,Country,ISR,Israel,_Z,Not applicable,POP,Population,_T,Total,_T,Total,PS_KM2,Persons per square kilometer,2020,,401.92,,ISR,Israel,A,Normal value,0,Units,2,Two
DATAFLOW,OECD.CFE.EDS:DSD_REG_DEMO@DF_DENSITY(2.0),Population density - Regions,I,A,Annual,CTRY,Country,ISR,Israel,_Z,Not applicable,POP,Population,_T,Total,_T,Total,PS_KM2,Persons per square kilometer,2015,,366.23,,ISR,Israel,A,Normal value,0,Units,2,Two
DATAFLOW,OECD.CFE.EDS:DSD_REG_DEMO@DF_DENSITY(2.0),Population density - Regions,I,A,Annual,CTRY,Country,ISR,Israel,_Z,Not applicable,POP,Population,_T,Total,_T,Total,PS_KM2,Persons per square kilometer,2014,,359.38,,ISR,Israel,A,Normal value,0,Units,2,Two
DATAFLOW,OECD.CFE.EDS:DSD_REG_DEMO@DF_DENSITY(2.0),Population density - Regions,I,A,Annual,CTRY,Country,ISR,Israel,_Z,Not applicable,POP,Population,_T,Total,_T,Total,PS_KM2,Persons per square kilometer,2000,,281.76,,ISR,Israel,A,Normal value,0,Units,2,Two
DATAFLOW,OECD.CFE.EDS:DSD_REG_DEMO@DF_DENSITY(2.0),Population density - Regions,I,A,Annual,CTRY,Country,ISR,Israel,_Z,Not applicable,POP,Population,_T,Total,_T,Total,PS_KM2,Persons per square kilometer,2009,,327.84,,ISR,Israel,A,Normal value,0,Units,2,Two
DATAFLOW,OECD.CFE.EDS:DSD_REG_DEMO@DF_DENSITY(2.0),Population density - Regions,I,A,Annual,CTRY,Country,ISR,Israel,_Z,Not applicable,POP,Population,_T,Total,_T,Total,PS_KM2,Persons per square kilometer,2008,,324.58,,ISR,Israel,A,Normal value,0,Units,2,Two
DATAFLOW,OECD.CFE.EDS:DSD_REG_DEMO@DF_DENSITY(2.0),Population density - Regions,I,A,Annual,CTRY,Country,ISR,Israel,_Z,Not applicable,POP,Population,_T,Total,_T,Total,PS_KM2,Persons per square kilometer,2004,,303.6,,ISR,Israel,A,Normal value,0,Units,2,Two
DATAFLOW,OECD.CFE.EDS:DSD_REG_DEMO@DF_DENSITY(2.0),Population density - Regions,I,A,Annual,CTRY,Country,ISR,Israel,_Z,Not applicable,POP,Population,_T,Total,_T,Total,PS_KM2,Persons per square kilometer,2003,,298.66,,ISR,Israel,A,Normal value,0,Units,2,Two
DATAFLOW,OECD.CFE.EDS:DSD_REG_DEMO@DF_DENSITY(2.0),Population density - Regions,I,A,Annual,CTRY,Country,ISR,Israel,_Z,Not applicable,POP,Population,_T,Total,_T,Total,PS_KM2,Persons per square kilometer,2002,,293.66,,ISR,Israel,A,Normal value,0,Units,2,Two
DATAFLOW,OECD.CFE.EDS:DSD_REG_DEMO@DF_DENSITY(2.0),Population density - Regions,I,A,Annual,CTRY,Country,ISR,Israel,_Z,Not applicable,POP,Population,_T,Total,_T,Total,PS_KM2,Persons per square kilometer,2023,,431.92,,ISR,Israel,A,Normal value,0,Units,2,Two
DATAFLOW,OECD.CFE.EDS:DSD_REG_DEMO@DF_DENSITY(2.0),Population density - Regions,I,A,Annual,CTRY,Country,ISR,Israel,_Z,Not applicable,POP,Population,_T,Total,_T,Total,PS_KM2,Persons per square kilometer,2012,,347.06,,ISR,Israel,A,Normal value,0,Units,2,Two
DATAFLOW,OECD.CFE.EDS:DSD_REG_DEMO@DF_DENSITY(2.0),Population density - Regions,I,A,Annual,CTRY,Country,ISR,Israel,_Z,Not applicable,POP,Population,_T,Total,_T,Total,PS_KM2,Persons per square kilometer,2019,,394.58,,ISR,Israel,A,Normal value,0,Units,2,Two
DATAFLOW,OECD.CFE.EDS:DSD_REG_DEMO@DF_DENSITY(2.0),Population density - Regions,I,A,Annual,CTRY,Country,ISR,Israel,_Z,Not applicable,POP,Population,_T,Total,_T,Total,PS_KM2,Persons per square kilometer,2017,,380.23,,ISR,Israel,A,Normal value,0,Units,2,Two
DATAFLOW,OECD.CFE.EDS:DSD_REG_DEMO@DF_DENSITY(2.0),Population density - Regions,I,A,Annual,CTRY,Country,ISR,Israel,_Z,Not applicable,POP,Population,_T,Total,_T,Total,PS_KM2,Persons per square kilometer,2016,,373.22,,ISR,Israel,A,Normal value,0,Units,2,Two
DATAFLOW,OECD.CFE.EDS:DSD_REG_DEMO@DF_DENSITY(2.0),Population density - Regions,I,A,Annual,CTRY,Country,ITA,Italy,_Z,Not applicable,POP,Population,_T,Total,_T,Total,PS_KM2,Persons per square kilometer,2003,,192.01,,ITA,Italy,A,Normal value,0,Units,2,Two
DATAFLOW,OECD.CFE.EDS:DSD_REG_DEMO@DF_DENSITY(2.0),Population density - Regions,I,A,Annual,CTRY,Country,ITA,Italy,_Z,Not applicable,POP,Population,_T,Total,_T,Total,PS_KM2,Persons per square kilometer,2002,,191.36,,ITA,Italy,A,Normal value,0,Units,2,Two
DATAFLOW,OECD.CFE.EDS:DSD_REG_DEMO@DF_DENSITY(2.0),Population density - Regions,I,A,Annual,CTRY,Country,ITA,Italy,_Z,Not applicable,POP,Population,_T,Total,_T,Total,PS_KM2,Persons per square kilometer,1991,,190.59,,ITA,Italy,A,Normal value,0,Units,2,Two
DATAFLOW,OECD.CFE.EDS:DSD_REG_DEMO@DF_DENSITY(2.0),Population density - Regions,I,A,Annual,CTRY,Country,ITA,Italy,_Z,Not applicable,POP,Population,_T,Total,_T,Total,PS_KM2,Persons per square kilometer,2001,,191.26,,ITA,Italy,A,Normal value,0,Units,2,Two
DATAFLOW,OECD.CFE.EDS:DSD_REG_DEMO@DF_DENSITY(2.0),Population density - Regions,I,A,Annual,CTRY,Country,ITA,Italy,_Z,Not applicable,POP,Population,_T,Total,_T,Total,PS_KM2,Persons per square kilometer,1995,,190.87,,ITA,Italy,A,Normal value,0,Units,2,Two
DATAFLOW,OECD.CFE.EDS:DSD_REG_DEMO@DF_DENSITY(2.0),Population density - Regions,I,A,Annual,CTRY,Country,ITA,Italy,_Z,Not applicable,POP,Population,_T,Total,_T,Total,PS_KM2,Persons per square kilometer,1994,,190.92,,ITA,Italy,A,Normal value,0,Units,2,Two
DATAFLOW,OECD.CFE.EDS:DSD_REG_DEMO@DF_DENSITY(2.0),Population density - Regions,I,A,Annual,CTRY,Country,ITA,Italy,_Z,Not applicable,POP,Population,_T,Total,_T,Total,PS_KM2,Persons per square kilometer,1996,,190.86,,ITA,Italy,A,Normal value,0,Units,2,Two
DATAFLOW,OECD.CFE.EDS:DSD_REG_DEMO@DF_DENSITY(2.0),Population density - Regions,I,A,Annual,CTRY,Country,ITA,Italy,_Z,Not applicable,POP,Population,_T,Total,_T,Total,PS_KM2,Persons per square kilometer,1990,,190.42,,ITA,Italy,A,Normal value,0,Units,2,Two
DATAFLOW,OECD.CFE.EDS:DSD_REG_DEMO@DF_DENSITY(2.0),Population density - Regions,I,A,Annual,CTRY,Country,ITA,Italy,_Z,Not applicable,POP,Population,_T,Total,_T,Total,PS_KM2,Persons per square kilometer,2023,,198.09,,ITA,Italy,A,Normal value,0,Units,2,Two
DATAFLOW,OECD.CFE.EDS:DSD_REG_DEMO@DF_DENSITY(2.0),Population density - Regions,I,A,Annual,CTRY,Country,ITA,Italy,_Z,Not applicable,POP,Population,_T,Total,_T,Total,PS_KM2,Persons per square kilometer,2018,,201.25,,ITA,Italy,A,Normal value,0,Units,2,Two
DATAFLOW,OECD.CFE.EDS:DSD_REG_DEMO@DF_DENSITY(2.0),Population density - Regions,I,A,Annual,CTRY,Country,ITA,Italy,_Z,Not applicable,POP,Population,_T,Total,_T,Total,PS_KM2,Persons per square kilometer,2017,,201.68,,ITA,Italy,A,Normal value,0,Units,2,Two
DATAFLOW,OECD.CFE.EDS:DSD_REG_DEMO@DF_DENSITY(2.0),Population density - Regions,I,A,Annual,CTRY,Country,ITA,Italy,_Z,Not applicable,POP,Population,_T,Total,_T,Total,PS_KM2,Persons per square kilometer,2016,,202.01,,ITA,Italy,A,Normal value,0,Units,2,Two
DATAFLOW,OECD.CFE.EDS:DSD_REG_DEMO@DF_DENSITY(2.0),Population density - Regions,I,A,Annual,CTRY,Country,ITA,Italy,_Z,Not applicable,POP,Population,_T,Total,_T,Total,PS_KM2,Persons per square kilometer,2019,,200.85,,ITA,Italy,B,Time series break,0,Units,2,Two
DATAFLOW,OECD.CFE.EDS:DSD_REG_DEMO@DF_DENSITY(2.0),Population density - Regions,I,A,Annual,CTRY,Country,ITA,Italy,_Z,Not applicable,POP,Population,_T,Total,_T,Total,PS_KM2,Persons per square kilometer,2022,,198.2,,ITA,Italy,A,Normal value,0,Units,2,Two
DATAFLOW,OECD.CFE.EDS:DSD_REG_DEMO@DF_DENSITY(2.0),Population density - Regions,I,A,Annual,CTRY,Country,ITA,Italy,_Z,Not applicable,POP,Population,_T,Total,_T,Total,PS_KM2,Persons per square kilometer,2021,,198.9,,ITA,Italy,A,Normal value,0,Units,2,Two
DATAFLOW,OECD.CFE.EDS:DSD_REG_DEMO@DF_DENSITY(2.0),Population density - Regions,I,A,Annual,CTRY,Country,ITA,Italy,_Z,Not applicable,POP,Population,_T,Total,_T,Total,PS_KM2,Persons per square kilometer,2020,,200.26,,ITA,Italy,A,Normal value,0,Units,2,Two
DATAFLOW,OECD.CFE.EDS:DSD_REG_DEMO@DF_DENSITY(2.0),Population density - Regions,I,A,Annual,CTRY,Country,ITA,Italy,_Z,Not applicable,POP,Population,_T,Total,_T,Total,PS_KM2,Persons per square kilometer,1993,,190.85,,ITA,Italy,A,Normal value,0,Units,2,Two
DATAFLOW,OECD.CFE.EDS:DSD_REG_DEMO@DF_DENSITY(2.0),Population density - Regions,I,A,Annual,CTRY,Country,ITA,Italy,_Z,Not applicable,POP,Population,_T,Total,_T,Total,PS_KM2,Persons per square kilometer,2000,,191.13,,ITA,Italy,A,Normal value,0,Units,2,Two
DATAFLOW,OECD.CFE.EDS:DSD_REG_DEMO@DF_DENSITY(2.0),Population density - Regions,I,A,Annual,CTRY,Country,ITA,Italy,_Z,Not applicable,POP,Population,_T,Total,_T,Total,PS_KM2,Persons per square kilometer,1999,,191.08,,ITA,Italy,A,Normal value,0,Units,2,Two
DATAFLOW,OECD.CFE.EDS:DSD_REG_DEMO@DF_DENSITY(2.0),Population density - Regions,I,A,Annual,CTRY,Country,ITA,Italy,_Z,Not applicable,POP,Population,_T,Total,_T,Total,PS_KM2,Persons per square kilometer,1998,,191.07,,ITA,Italy,A,Normal value,0,Units,2,Two
DATAFLOW,OECD.CFE.EDS:DSD_REG_DEMO@DF_DENSITY(2.0),Population density - Regions,I,A,Annual,CTRY,Country,ITA,Italy,_Z,Not applicable,POP,Population,_T,Total,_T,Total,PS_KM2,Persons per square kilometer,1997,,190.97,,ITA,Italy,A,Normal value,0,Units,2,Two
DATAFLOW,OECD.CFE.EDS:DSD_REG_DEMO@DF_DENSITY(2.0),Population density - Regions,I,A,Annual,CTRY,Country,ITA,Italy,_Z,Not applicable,POP,Population,_T,Total,_T,Total,PS_KM2,Persons per square kilometer,1992,,190.68,,ITA,Italy,A,Normal value,0,Units,2,Two
DATAFLOW,OECD.CFE.EDS:DSD_REG_DEMO@DF_DENSITY(2.0),Population density - Regions,I,A,Annual,CTRY,Country,ITA,Italy,_Z,Not applicable,POP,Population,_T,Total,_T,Total,PS_KM2,Persons per square kilometer,2015,,202.45,,ITA,Italy,A,Normal value,0,Units,2,Two
DATAFLOW,OECD.CFE.EDS:DSD_REG_DEMO@DF_DENSITY(2.0),Population density - Regions,I,A,Annual,CTRY,Country,ITA,Italy,_Z,Not applicable,POP,Population,_T,Total,_T,Total,PS_KM2,Persons per square kilometer,2014,,202.62,,ITA,Italy,A,Normal value,0,Units,2,Two
DATAFLOW,OECD.CFE.EDS:DSD_REG_DEMO@DF_DENSITY(2.0),Population density - Regions,I,A,Annual,CTRY,Country,ITA,Italy,_Z,Not applicable,POP,Population,_T,Total,_T,Total,PS_KM2,Persons per square kilometer,2013,,202.39,,ITA,Italy,A,Normal value,0,Units,2,Two
DATAFLOW,OECD.CFE.EDS:DSD_REG_DEMO@DF_DENSITY(2.0),Population density - Regions,I,A,Annual,CTRY,Country,ITA,Italy,_Z,Not applicable,POP,Population,_T,Total,_T,Total,PS_KM2,Persons per square kilometer,2012,,201.81,,ITA,Italy,A,Normal value,0,Units,2,Two
DATAFLOW,OECD.CFE.EDS:DSD_REG_DEMO@DF_DENSITY(2.0),Population density - Regions,I,A,Annual,CTRY,Country,ITA,Italy,_Z,Not applicable,POP,Population,_T,Total,_T,Total,PS_KM2,Persons per square kilometer,2011,,201.29,,ITA,Italy,A,Normal value,0,Units,2,Two
DATAFLOW,OECD.CFE.EDS:DSD_REG_DEMO@DF_DENSITY(2.0),Population density - Regions,I,A,Annual,CTRY,Country,ITA,Italy,_Z,Not applicable,POP,Population,_T,Total,_T,Total,PS_KM2,Persons per square kilometer,2010,,200.42,,ITA,Italy,A,Normal value,0,Units,2,Two
DATAFLOW,OECD.CFE.EDS:DSD_REG_DEMO@DF_DENSITY(2.0),Population density - Regions,I,A,Annual,CTRY,Country,ITA,Italy,_Z,Not applicable,POP,Population,_T,Total,_T,Total,PS_KM2,Persons per square kilometer,2009,,199.52,,ITA,Italy,A,Normal value,0,Units,2,Two
DATAFLOW,OECD.CFE.EDS:DSD_REG_DEMO@DF_DENSITY(2.0),Population density - Regions,I,A,Annual,CTRY,Country,ITA,Italy,_Z,Not applicable,POP,Population,_T,Total,_T,Total,PS_KM2,Persons per square kilometer,2008,,198.11,,ITA,Italy,A,Normal value,0,Units,2,Two
DATAFLOW,OECD.CFE.EDS:DSD_REG_DEMO@DF_DENSITY(2.0),Population density - Regions,I,A,Annual,CTRY,Country,ITA,Italy,_Z,Not applicable,POP,Population,_T,Total,_T,Total,PS_KM2,Persons per square kilometer,2007,,196.46,,ITA,Italy,A,Normal value,0,Units,2,Two
DATAFLOW,OECD.CFE.EDS:DSD_REG_DEMO@DF_DENSITY(2.0),Population density - Regions,I,A,Annual,CTRY,Country,ITA,Italy,_Z,Not applicable,POP,Population,_T,Total,_T,Total,PS_KM2,Persons per square kilometer,2006,,195.72,,ITA,Italy,A,Normal value,0,Units,2,Two
DATAFLOW,OECD.CFE.EDS:DSD_REG_DEMO@DF_DENSITY(2.0),Population density - Regions,I,A,Annual,CTRY,Country,ITA,Italy,_Z,Not applicable,POP,Population,_T,Total,_T,Total,PS_KM2,Persons per square kilometer,2005,,194.89,,ITA,Italy,A,Normal value,0,Units,2,Two
DATAFLOW,OECD.CFE.EDS:DSD_REG_DEMO@DF_DENSITY(2.0),Population density - Regions,I,A,Annual,CTRY,Country,JPN,Japan,_Z,Not applicable,POP,Population,_T,Total,_T,Total,PS_KM2,Persons per square kilometer,2005,,342.06,,JPN,Japan,A,Normal value,0,Units,2,Two
DATAFLOW,OECD.CFE.EDS:DSD_REG_DEMO@DF_DENSITY(2.0),Population density - Regions,I,A,Annual,CTRY,Country,JPN,Japan,_Z,Not applicable,POP,Population,_T,Total,_T,Total,PS_KM2,Persons per square kilometer,2022,,334.5,,JPN,Japan,A,Normal value,0,Units,2,Two
DATAFLOW,OECD.CFE.EDS:DSD_REG_DEMO@DF_DENSITY(2.0),Population density - Regions,I,A,Annual,CTRY,Country,JPN,Japan,_Z,Not applicable,POP,Population,_T,Total,_T,Total,PS_KM2,Persons per square kilometer,2021,,335.98,,JPN,Japan,A,Normal value,0,Units,2,Two
DATAFLOW,OECD.CFE.EDS:DSD_REG_DEMO@DF_DENSITY(2.0),Population density - Regions,I,A,Annual,CTRY,Country,JPN,Japan,_Z,Not applicable,POP,Population,_T,Total,_T,Total,PS_KM2,Persons per square kilometer,1992,,333.18,,JPN,Japan,A,Normal value,0,Units,2,Two
DATAFLOW,OECD.CFE.EDS:DSD_REG_DEMO@DF_DENSITY(2.0),Population density - Regions,I,A,Annual,CTRY,Country,JPN,Japan,_Z,Not applicable,POP,Population,_T,Total,_T,Total,PS_KM2,Persons per square kilometer,1991,,332.07,,JPN,Japan,A,Normal value,0,Units,2,Two
DATAFLOW,OECD.CFE.EDS:DSD_REG_DEMO@DF_DENSITY(2.0),Population density - Regions,I,A,Annual,CTRY,Country,JPN,Japan,_Z,Not applicable,POP,Population,_T,Total,_T,Total,PS_KM2,Persons per square kilometer,2001,,340.78,,JPN,Japan,A,Normal value,0,Units,2,Two
DATAFLOW,OECD.CFE.EDS:DSD_REG_DEMO@DF_DENSITY(2.0),Population density - Regions,I,A,Annual,CTRY,Country,JPN,Japan,_Z,Not applicable,POP,Population,_T,Total,_T,Total,PS_KM2,Persons per square kilometer,1995,,335.82,,JPN,Japan,A,Normal value,0,Units,2,Two
DATAFLOW,OECD.CFE.EDS:DSD_REG_DEMO@DF_DENSITY(2.0),Population density - Regions,I,A,Annual,CTRY,Country,JPN,Japan,_Z,Not applicable,POP,Population,_T,Total,_T,Total,PS_KM2,Persons per square kilometer,1994,,334.73,,JPN,Japan,A,Normal value,0,Units,2,Two
DATAFLOW,OECD.CFE.EDS:DSD_REG_DEMO@DF_DENSITY(2.0),Population density - Regions,I,A,Annual,CTRY,Country,JPN,Japan,_Z,Not applicable,POP,Population,_T,Total,_T,Total,PS_KM2,Persons per square kilometer,1996,,336.96,,JPN,Japan,A,Normal value,0,Units,2,Two
DATAFLOW,OECD.CFE.EDS:DSD_REG_DEMO@DF_DENSITY(2.0),Population density - Regions,I,A,Annual,CTRY,Country,JPN,Japan,_Z,Not applicable,POP,Population,_T,Total,_T,Total,PS_KM2,Persons per square kilometer,2020,,337.71,,JPN,Japan,A,Normal value,0,Units,2,Two
DATAFLOW,OECD.CFE.EDS:DSD_REG_DEMO@DF_DENSITY(2.0),Population density - Regions,I,A,Annual,CTRY,Country,JPN,Japan,_Z,Not applicable,POP,Population,_T,Total,_T,Total,PS_KM2,Persons per square kilometer,2015,,340.29,,JPN,Japan,A,Normal value,0,Units,2,Two
DATAFLOW,OECD.CFE.EDS:DSD_REG_DEMO@DF_DENSITY(2.0),Population density - Regions,I,A,Annual,CTRY,Country,JPN,Japan,_Z,Not applicable,POP,Population,_T,Total,_T,Total,PS_KM2,Persons per square kilometer,2014,,340.22,,JPN,Japan,A,Normal value,0,Units,2,Two
DATAFLOW,OECD.CFE.EDS:DSD_REG_DEMO@DF_DENSITY(2.0),Population density - Regions,I,A,Annual,CTRY,Country,JPN,Japan,_Z,Not applicable,POP,Population,_T,Total,_T,Total,PS_KM2,Persons per square kilometer,2009,,341.37,,JPN,Japan,A,Normal value,0,Units,2,Two
DATAFLOW,OECD.CFE.EDS:DSD_REG_DEMO@DF_DENSITY(2.0),Population density - Regions,I,A,Annual,CTRY,Country,JPN,Japan,_Z,Not applicable,POP,Population,_T,Total,_T,Total,PS_KM2,Persons per square kilometer,2008,,341.84,,JPN,Japan,A,Normal value,0,Units,2,Two
DATAFLOW,OECD.CFE.EDS:DSD_REG_DEMO@DF_DENSITY(2.0),Population density - Regions,I,A,Annual,CTRY,Country,JPN,Japan,_Z,Not applicable,POP,Population,_T,Total,_T,Total,PS_KM2,Persons per square kilometer,1993,,334.02,,JPN,Japan,A,Normal value,0,Units,2,Two
DATAFLOW,OECD.CFE.EDS:DSD_REG_DEMO@DF_DENSITY(2.0),Population density - Regions,I,A,Annual,CTRY,Country,JPN,Japan,_Z,Not applicable,POP,Population,_T,Total,_T,Total,PS_KM2,Persons per square kilometer,2004,,341.84,,JPN,Japan,A,Normal value,0,Units,2,Two
DATAFLOW,OECD.CFE.EDS:DSD_REG_DEMO@DF_DENSITY(2.0),Population density - Regions,I,A,Annual,CTRY,Country,JPN,Japan,_Z,Not applicable,POP,Population,_T,Total,_T,Total,PS_KM2,Persons per square kilometer,2003,,341.66,,JPN,Japan,A,Normal value,0,Units,2,Two
DATAFLOW,OECD.CFE.EDS:DSD_REG_DEMO@DF_DENSITY(2.0),Population density - Regions,I,A,Annual,CTRY,Country,JPN,Japan,_Z,Not applicable,POP,Population,_T,Total,_T,Total,PS_KM2,Persons per square kilometer,2002,,341.16,,JPN,Japan,A,Normal value,0,Units,2,Two
DATAFLOW,OECD.CFE.EDS:DSD_REG_DEMO@DF_DENSITY(2.0),Population density - Regions,I,A,Annual,CTRY,Country,JPN,Japan,_Z,Not applicable,POP,Population,_T,Total,_T,Total,PS_KM2,Persons per square kilometer,2000,,339.8,,JPN,Japan,A,Normal value,0,Units,2,Two
DATAFLOW,OECD.CFE.EDS:DSD_REG_DEMO@DF_DENSITY(2.0),Population density - Regions,I,A,Annual,CTRY,Country,JPN,Japan,_Z,Not applicable,POP,Population,_T,Total,_T,Total,PS_KM2,Persons per square kilometer,1990,,330.05,,JPN,Japan,A,Normal value,0,Units,2,Two
DATAFLOW,OECD.CFE.EDS:DSD_REG_DEMO@DF_DENSITY(2.0),Population density - Regions,I,A,Annual,CTRY,Country,JPN,Japan,_Z,Not applicable,POP,Population,_T,Total,_T,Total,PS_KM2,Persons per square kilometer,1999,,339.17,,JPN,Japan,A,Normal value,0,Units,2,Two
DATAFLOW,OECD.CFE.EDS:DSD_REG_DEMO@DF_DENSITY(2.0),Population density - Regions,I,A,Annual,CTRY,Country,JPN,Japan,_Z,Not applicable,POP,Population,_T,Total,_T,Total,PS_KM2,Persons per square kilometer,1998,,338.63,,JPN,Japan,A,Normal value,0,Units,2,Two
DATAFLOW,OECD.CFE.EDS:DSD_REG_DEMO@DF_DENSITY(2.0),Population density - Regions,I,A,Annual,CTRY,Country,JPN,Japan,_Z,Not applicable,POP,Population,_T,Total,_T,Total,PS_KM2,Persons per square kilometer,1997,,337.74,,JPN,Japan,A,Normal value,0,Units,2,Two
DATAFLOW,OECD.CFE.EDS:DSD_REG_DEMO@DF_DENSITY(2.0),Population density - Regions,I,A,Annual,CTRY,Country,JPN,Japan,_Z,Not applicable,POP,Population,_T,Total,_T,Total,PS_KM2,Persons per square kilometer,2006,,342.06,,JPN,Japan,A,Normal value,0,Units,2,Two
DATAFLOW,OECD.CFE.EDS:DSD_REG_DEMO@DF_DENSITY(2.0),Population density - Regions,I,A,Annual,CTRY,Country,JPN,Japan,_Z,Not applicable,POP,Population,_T,Total,_T,Total,PS_KM2,Persons per square kilometer,2023,,332.91,,JPN,Japan,A,Normal value,0,Units,2,Two
DATAFLOW,OECD.CFE.EDS:DSD_REG_DEMO@DF_DENSITY(2.0),Population density - Regions,I,A,Annual,CTRY,Country,JPN,Japan,_Z,Not applicable,POP,Population,_T,Total,_T,Total,PS_KM2,Persons per square kilometer,2012,,341.39,,JPN,Japan,A,Normal value,0,Units,2,Two
DATAFLOW,OECD.CFE.EDS:DSD_REG_DEMO@DF_DENSITY(2.0),Population density - Regions,I,A,Annual,CTRY,Country,JPN,Japan,_Z,Not applicable,POP,Population,_T,Total,_T,Total,PS_KM2,Persons per square kilometer,2019,,338.81,,JPN,Japan,A,Normal value,0,Units,2,Two
DATAFLOW,OECD.CFE.EDS:DSD_REG_DEMO@DF_DENSITY(2.0),Population density - Regions,I,A,Annual,CTRY,Country,JPN,Japan,_Z,Not applicable,POP,Population,_T,Total,_T,Total,PS_KM2,Persons per square kilometer,2017,,339.79,,JPN,Japan,A,Normal value,0,Units,2,Two
DATAFLOW,OECD.CFE.EDS:DSD_REG_DEMO@DF_DENSITY(2.0),Population density - Regions,I,A,Annual,CTRY,Country,JPN,Japan,_Z,Not applicable,POP,Population,_T,Total,_T,Total,PS_KM2,Persons per square kilometer,2016,,340.12,,JPN,Japan,A,Normal value,0,Units,2,Two
DATAFLOW,OECD.CFE.EDS:DSD_REG_DEMO@DF_DENSITY(2.0),Population density - Regions,I,A,Annual,CTRY,Country,JPN,Japan,_Z,Not applicable,POP,Population,_T,Total,_T,Total,PS_KM2,Persons per square kilometer,2013,,340.79,,JPN,Japan,A,Normal value,0,Units,2,Two
DATAFLOW,OECD.CFE.EDS:DSD_REG_DEMO@DF_DENSITY(2.0),Population density - Regions,I,A,Annual,CTRY,Country,JPN,Japan,_Z,Not applicable,POP,Population,_T,Total,_T,Total,PS_KM2,Persons per square kilometer,2011,,342.13,,JPN,Japan,A,Normal value,0,Units,2,Two
DATAFLOW,OECD.CFE.EDS:DSD_REG_DEMO@DF_DENSITY(2.0),Population density - Regions,I,A,Annual,CTRY,Country,JPN,Japan,_Z,Not applicable,POP,Population,_T,Total,_T,Total,PS_KM2,Persons per square kilometer,2010,,342.82,,JPN,Japan,A,Normal value,0,Units,2,Two
DATAFLOW,OECD.CFE.EDS:DSD_REG_DEMO@DF_DENSITY(2.0),Population density - Regions,I,A,Annual,CTRY,Country,JPN,Japan,_Z,Not applicable,POP,Population,_T,Total,_T,Total,PS_KM2,Persons per square kilometer,2018,,339.32,,JPN,Japan,A,Normal value,0,Units,2,Two
DATAFLOW,OECD.CFE.EDS:DSD_REG_DEMO@DF_DENSITY(2.0),Population density - Regions,I,A,Annual,CTRY,Country,KOR,Korea,_Z,Not applicable,POP,Population,_T,Total,_T,Total,PS_KM2,Persons per square kilometer,2007,,489.47,,KOR,Korea,A,Normal value,0,Units,2,Two
DATAFLOW,OECD.CFE.EDS:DSD_REG_DEMO@DF_DENSITY(2.0),Population density - Regions,I,A,Annual,CTRY,Country,KOR,Korea,_Z,Not applicable,POP,Population,_T,Total,_T,Total,PS_KM2,Persons per square kilometer,2005,,484.46,,KOR,Korea,A,Normal value,0,Units,2,Two
DATAFLOW,OECD.CFE.EDS:DSD_REG_DEMO@DF_DENSITY(2.0),Population density - Regions,I,A,Annual,CTRY,Country,KOR,Korea,_Z,Not applicable,POP,Population,_T,Total,_T,Total,PS_KM2,Persons per square kilometer,2022,,517.18,,KOR,Korea,A,Normal value,0,Units,2,Two
DATAFLOW,OECD.CFE.EDS:DSD_REG_DEMO@DF_DENSITY(2.0),Population density - Regions,I,A,Annual,CTRY,Country,KOR,Korea,_Z,Not applicable,POP,Population,_T,Total,_T,Total,PS_KM2,Persons per square kilometer,1990,,431.02,,KOR,Korea,A,Normal value,0,Units,2,Two
DATAFLOW,OECD.CFE.EDS:DSD_REG_DEMO@DF_DENSITY(2.0),Population density - Regions,I,A,Annual,CTRY,Country,KOR,Korea,_Z,Not applicable,POP,Population,_T,Total,_T,Total,PS_KM2,Persons per square kilometer,1995,,453.37,,KOR,Korea,A,Normal value,0,Units,2,Two
DATAFLOW,OECD.CFE.EDS:DSD_REG_DEMO@DF_DENSITY(2.0),Population density - Regions,I,A,Annual,CTRY,Country,KOR,Korea,_Z,Not applicable,POP,Population,_T,Total,_T,Total,PS_KM2,Persons per square kilometer,1994,,448.83,,KOR,Korea,A,Normal value,0,Units,2,Two
DATAFLOW,OECD.CFE.EDS:DSD_REG_DEMO@DF_DENSITY(2.0),Population density - Regions,I,A,Annual,CTRY,Country,KOR,Korea,_Z,Not applicable,POP,Population,_T,Total,_T,Total,PS_KM2,Persons per square kilometer,1996,,457.71,,KOR,Korea,A,Normal value,0,Units,2,Two
DATAFLOW,OECD.CFE.EDS:DSD_REG_DEMO@DF_DENSITY(2.0),Population density - Regions,I,A,Annual,CTRY,Country,KOR,Korea,_Z,Not applicable,POP,Population,_T,Total,_T,Total,PS_KM2,Persons per square kilometer,2023,,516.03,,KOR,Korea,A,Normal value,0,Units,2,Two
DATAFLOW,OECD.CFE.EDS:DSD_REG_DEMO@DF_DENSITY(2.0),Population density - Regions,I,A,Annual,CTRY,Country,KOR,Korea,_Z,Not applicable,POP,Population,_T,Total,_T,Total,PS_KM2,Persons per square kilometer,2000,,472.63,,KOR,Korea,A,Normal value,0,Units,2,Two
DATAFLOW,OECD.CFE.EDS:DSD_REG_DEMO@DF_DENSITY(2.0),Population density - Regions,I,A,Annual,CTRY,Country,KOR,Korea,_Z,Not applicable,POP,Population,_T,Total,_T,Total,PS_KM2,Persons per square kilometer,2009,,495.75,,KOR,Korea,A,Normal value,0,Units,2,Two
DATAFLOW,OECD.CFE.EDS:DSD_REG_DEMO@DF_DENSITY(2.0),Population density - Regions,I,A,Annual,CTRY,Country,KOR,Korea,_Z,Not applicable,POP,Population,_T,Total,_T,Total,PS_KM2,Persons per square kilometer,2008,,493.21,,KOR,Korea,A,Normal value,0,Units,2,Two
DATAFLOW,OECD.CFE.EDS:DSD_REG_DEMO@DF_DENSITY(2.0),Population density - Regions,I,A,Annual,CTRY,Country,KOR,Korea,_Z,Not applicable,POP,Population,_T,Total,_T,Total,PS_KM2,Persons per square kilometer,1993,,444.34,,KOR,Korea,A,Normal value,0,Units,2,Two
DATAFLOW,OECD.CFE.EDS:DSD_REG_DEMO@DF_DENSITY(2.0),Population density - Regions,I,A,Annual,CTRY,Country,KOR,Korea,_Z,Not applicable,POP,Population,_T,Total,_T,Total,PS_KM2,Persons per square kilometer,2004,,483.43,,KOR,Korea,A,Normal value,0,Units,2,Two
DATAFLOW,OECD.CFE.EDS:DSD_REG_DEMO@DF_DENSITY(2.0),Population density - Regions,I,A,Annual,CTRY,Country,KOR,Korea,_Z,Not applicable,POP,Population,_T,Total,_T,Total,PS_KM2,Persons per square kilometer,2003,,481.52,,KOR,Korea,A,Normal value,0,Units,2,Two
DATAFLOW,OECD.CFE.EDS:DSD_REG_DEMO@DF_DENSITY(2.0),Population density - Regions,I,A,Annual,CTRY,Country,KOR,Korea,_Z,Not applicable,POP,Population,_T,Total,_T,Total,PS_KM2,Persons per square kilometer,2002,,479.03,,KOR,Korea,A,Normal value,0,Units,2,Two
DATAFLOW,OECD.CFE.EDS:DSD_REG_DEMO@DF_DENSITY(2.0),Population density - Regions,I,A,Annual,CTRY,Country,KOR,Korea,_Z,Not applicable,POP,Population,_T,Total,_T,Total,PS_KM2,Persons per square kilometer,1999,,468.69,,KOR,Korea,A,Normal value,0,Units,2,Two
DATAFLOW,OECD.CFE.EDS:DSD_REG_DEMO@DF_DENSITY(2.0),Population density - Regions,I,A,Annual,CTRY,Country,KOR,Korea,_Z,Not applicable,POP,Population,_T,Total,_T,Total,PS_KM2,Persons per square kilometer,1998,,465.37,,KOR,Korea,A,Normal value,0,Units,2,Two
DATAFLOW,OECD.CFE.EDS:DSD_REG_DEMO@DF_DENSITY(2.0),Population density - Regions,I,A,Annual,CTRY,Country,KOR,Korea,_Z,Not applicable,POP,Population,_T,Total,_T,Total,PS_KM2,Persons per square kilometer,1997,,462.03,,KOR,Korea,A,Normal value,0,Units,2,Two
DATAFLOW,OECD.CFE.EDS:DSD_REG_DEMO@DF_DENSITY(2.0),Population density - Regions,I,A,Annual,CTRY,Country,KOR,Korea,_Z,Not applicable,POP,Population,_T,Total,_T,Total,PS_KM2,Persons per square kilometer,2006,,487.01,,KOR,Korea,A,Normal value,0,Units,2,Two
DATAFLOW,OECD.CFE.EDS:DSD_REG_DEMO@DF_DENSITY(2.0),Population density - Regions,I,A,Annual,CTRY,Country,KOR,Korea,_Z,Not applicable,POP,Population,_T,Total,_T,Total,PS_KM2,Persons per square kilometer,1992,,439.85,,KOR,Korea,A,Normal value,0,Units,2,Two
DATAFLOW,OECD.CFE.EDS:DSD_REG_DEMO@DF_DENSITY(2.0),Population density - Regions,I,A,Annual,CTRY,Country,KOR,Korea,_Z,Not applicable,POP,Population,_T,Total,_T,Total,PS_KM2,Persons per square kilometer,1991,,435.3,,KOR,Korea,A,Normal value,0,Units,2,Two
DATAFLOW,OECD.CFE.EDS:DSD_REG_DEMO@DF_DENSITY(2.0),Population density - Regions,I,A,Annual,CTRY,Country,KOR,Korea,_Z,Not applicable,POP,Population,_T,Total,_T,Total,PS_KM2,Persons per square kilometer,2001,,476.27,,KOR,Korea,A,Normal value,0,Units,2,Two
DATAFLOW,OECD.CFE.EDS:DSD_REG_DEMO@DF_DENSITY(2.0),Population density - Regions,I,A,Annual,CTRY,Country,KOR,Korea,_Z,Not applicable,POP,Population,_T,Total,_T,Total,PS_KM2,Persons per square kilometer,2010,,498.23,,KOR,Korea,A,Normal value,0,Units,2,Two
DATAFLOW,OECD.CFE.EDS:DSD_REG_DEMO@DF_DENSITY(2.0),Population density - Regions,I,A,Annual,CTRY,Country,KOR,Korea,_Z,Not applicable,POP,Population,_T,Total,_T,Total,PS_KM2,Persons per square kilometer,2021,,519.19,,KOR,Korea,A,Normal value,0,Units,2,Two
DATAFLOW,OECD.CFE.EDS:DSD_REG_DEMO@DF_DENSITY(2.0),Population density - Regions,I,A,Annual,CTRY,Country,KOR,Korea,_Z,Not applicable,POP,Population,_T,Total,_T,Total,PS_KM2,Persons per square kilometer,2020,,521.1,,KOR,Korea,A,Normal value,0,Units,2,Two
DATAFLOW,OECD.CFE.EDS:DSD_REG_DEMO@DF_DENSITY(2.0),Population density - Regions,I,A,Annual,CTRY,Country,KOR,Korea,_Z,Not applicable,POP,Population,_T,Total,_T,Total,PS_KM2,Persons per square kilometer,2011,,510.09,,KOR,Korea,B,Time series break,0,Units,2,Two
DATAFLOW,OECD.CFE.EDS:DSD_REG_DEMO@DF_DENSITY(2.0),Population density - Regions,I,A,Annual,CTRY,Country,KOR,Korea,_Z,Not applicable,POP,Population,_T,Total,_T,Total,PS_KM2,Persons per square kilometer,2019,,521.31,,KOR,Korea,A,Normal value,0,Units,2,Two
DATAFLOW,OECD.CFE.EDS:DSD_REG_DEMO@DF_DENSITY(2.0),Population density - Regions,I,A,Annual,CTRY,Country,KOR,Korea,_Z,Not applicable,POP,Population,_T,Total,_T,Total,PS_KM2,Persons per square kilometer,2018,,521.07,,KOR,Korea,A,Normal value,0,Units,2,Two
DATAFLOW,OECD.CFE.EDS:DSD_REG_DEMO@DF_DENSITY(2.0),Population density - Regions,I,A,Annual,CTRY,Country,KOR,Korea,_Z,Not applicable,POP,Population,_T,Total,_T,Total,PS_KM2,Persons per square kilometer,2017,,520.59,,KOR,Korea,A,Normal value,0,Units,2,Two
DATAFLOW,OECD.CFE.EDS:DSD_REG_DEMO@DF_DENSITY(2.0),Population density - Regions,I,A,Annual,CTRY,Country,KOR,Korea,_Z,Not applicable,POP,Population,_T,Total,_T,Total,PS_KM2,Persons per square kilometer,2016,,519.76,,KOR,Korea,A,Normal value,0,Units,2,Two
DATAFLOW,OECD.CFE.EDS:DSD_REG_DEMO@DF_DENSITY(2.0),Population density - Regions,I,A,Annual,CTRY,Country,KOR,Korea,_Z,Not applicable,POP,Population,_T,Total,_T,Total,PS_KM2,Persons per square kilometer,2015,,518.09,,KOR,Korea,A,Normal value,0,Units,2,Two
DATAFLOW,OECD.CFE.EDS:DSD_REG_DEMO@DF_DENSITY(2.0),Population density - Regions,I,A,Annual,CTRY,Country,KOR,Korea,_Z,Not applicable,POP,Population,_T,Total,_T,Total,PS_KM2,Persons per square kilometer,2014,,516.06,,KOR,Korea,A,Normal value,0,Units,2,Two
DATAFLOW,OECD.CFE.EDS:DSD_REG_DEMO@DF_DENSITY(2.0),Population density - Regions,I,A,Annual,CTRY,Country,KOR,Korea,_Z,Not applicable,POP,Population,_T,Total,_T,Total,PS_KM2,Persons per square kilometer,2013,,514.19,,KOR,Korea,A,Normal value,0,Units,2,Two
DATAFLOW,OECD.CFE.EDS:DSD_REG_DEMO@DF_DENSITY(2.0),Population density - Regions,I,A,Annual,CTRY,Country,LVA,Latvia,_Z,Not applicable,POP,Population,_T,Total,_T,Total,PS_KM2,Persons per square kilometer,1993,,40.85,,LVA,Latvia,A,Normal value,0,Units,2,Two
DATAFLOW,OECD.CFE.EDS:DSD_REG_DEMO@DF_DENSITY(2.0),Population density - Regions,I,A,Annual,CTRY,Country,LVA,Latvia,_Z,Not applicable,POP,Population,_T,Total,_T,Total,PS_KM2,Persons per square kilometer,2016,,31.11,,LVA,Latvia,A,Normal value,0,Units,2,Two
DATAFLOW,OECD.CFE.EDS:DSD_REG_DEMO@DF_DENSITY(2.0),Population density - Regions,I,A,Annual,CTRY,Country,LVA,Latvia,_Z,Not applicable,POP,Population,_T,Total,_T,Total,PS_KM2,Persons per square kilometer,2001,,37.18,,LVA,Latvia,A,Normal value,0,Units,2,Two
DATAFLOW,OECD.CFE.EDS:DSD_REG_DEMO@DF_DENSITY(2.0),Population density - Regions,I,A,Annual,CTRY,Country,LVA,Latvia,_Z,Not applicable,POP,Population,_T,Total,_T,Total,PS_KM2,Persons per square kilometer,1995,,39.51,,LVA,Latvia,A,Normal value,0,Units,2,Two
DATAFLOW,OECD.CFE.EDS:DSD_REG_DEMO@DF_DENSITY(2.0),Population density - Regions,I,A,Annual,CTRY,Country,LVA,Latvia,_Z,Not applicable,POP,Population,_T,Total,_T,Total,PS_KM2,Persons per square kilometer,1994,,40.15,,LVA,Latvia,A,Normal value,0,Units,2,Two
DATAFLOW,OECD.CFE.EDS:DSD_REG_DEMO@DF_DENSITY(2.0),Population density - Regions,I,A,Annual,CTRY,Country,LVA,Latvia,_Z,Not applicable,POP,Population,_T,Total,_T,Total,PS_KM2,Persons per square kilometer,1996,,39.02,,LVA,Latvia,A,Normal value,0,Units,2,Two
DATAFLOW,OECD.CFE.EDS:DSD_REG_DEMO@DF_DENSITY(2.0),Population density - Regions,I,A,Annual,CTRY,Country,LVA,Latvia,_Z,Not applicable,POP,Population,_T,Total,_T,Total,PS_KM2,Persons per square kilometer,1990,,42.16,,LVA,Latvia,A,Normal value,0,Units,2,Two
DATAFLOW,OECD.CFE.EDS:DSD_REG_DEMO@DF_DENSITY(2.0),Population density - Regions,I,A,Annual,CTRY,Country,LVA,Latvia,_Z,Not applicable,POP,Population,_T,Total,_T,Total,PS_KM2,Persons per square kilometer,2023,,29.75,,LVA,Latvia,A,Normal value,0,Units,2,Two
DATAFLOW,OECD.CFE.EDS:DSD_REG_DEMO@DF_DENSITY(2.0),Population density - Regions,I,A,Annual,CTRY,Country,LVA,Latvia,_Z,Not applicable,POP,Population,_T,Total,_T,Total,PS_KM2,Persons per square kilometer,2015,,31.38,,LVA,Latvia,A,Normal value,0,Units,2,Two
DATAFLOW,OECD.CFE.EDS:DSD_REG_DEMO@DF_DENSITY(2.0),Population density - Regions,I,A,Annual,CTRY,Country,LVA,Latvia,_Z,Not applicable,POP,Population,_T,Total,_T,Total,PS_KM2,Persons per square kilometer,2014,,31.62,,LVA,Latvia,A,Normal value,0,Units,2,Two
DATAFLOW,OECD.CFE.EDS:DSD_REG_DEMO@DF_DENSITY(2.0),Population density - Regions,I,A,Annual,CTRY,Country,LVA,Latvia,_Z,Not applicable,POP,Population,_T,Total,_T,Total,PS_KM2,Persons per square kilometer,2000,,37.63,,LVA,Latvia,A,Normal value,0,Units,2,Two
DATAFLOW,OECD.CFE.EDS:DSD_REG_DEMO@DF_DENSITY(2.0),Population density - Regions,I,A,Annual,CTRY,Country,LVA,Latvia,_Z,Not applicable,POP,Population,_T,Total,_T,Total,PS_KM2,Persons per square kilometer,1999,,37.91,,LVA,Latvia,A,Normal value,0,Units,2,Two
DATAFLOW,OECD.CFE.EDS:DSD_REG_DEMO@DF_DENSITY(2.0),Population density - Regions,I,A,Annual,CTRY,Country,LVA,Latvia,_Z,Not applicable,POP,Population,_T,Total,_T,Total,PS_KM2,Persons per square kilometer,2009,,34.17,,LVA,Latvia,A,Normal value,0,Units,2,Two
DATAFLOW,OECD.CFE.EDS:DSD_REG_DEMO@DF_DENSITY(2.0),Population density - Regions,I,A,Annual,CTRY,Country,LVA,Latvia,_Z,Not applicable,POP,Population,_T,Total,_T,Total,PS_KM2,Persons per square kilometer,2008,,34.63,,LVA,Latvia,A,Normal value,0,Units,2,Two
DATAFLOW,OECD.CFE.EDS:DSD_REG_DEMO@DF_DENSITY(2.0),Population density - Regions,I,A,Annual,CTRY,Country,LVA,Latvia,_Z,Not applicable,POP,Population,_T,Total,_T,Total,PS_KM2,Persons per square kilometer,2006,,35.2,,LVA,Latvia,A,Normal value,0,Units,2,Two
DATAFLOW,OECD.CFE.EDS:DSD_REG_DEMO@DF_DENSITY(2.0),Population density - Regions,I,A,Annual,CTRY,Country,LVA,Latvia,_Z,Not applicable,POP,Population,_T,Total,_T,Total,PS_KM2,Persons per square kilometer,2004,,35.97,,LVA,Latvia,A,Normal value,0,Units,2,Two
DATAFLOW,OECD.CFE.EDS:DSD_REG_DEMO@DF_DENSITY(2.0),Population density - Regions,I,A,Annual,CTRY,Country,LVA,Latvia,_Z,Not applicable,POP,Population,_T,Total,_T,Total,PS_KM2,Persons per square kilometer,2003,,36.33,,LVA,Latvia,A,Normal value,0,Units,2,Two
DATAFLOW,OECD.CFE.EDS:DSD_REG_DEMO@DF_DENSITY(2.0),Population density - Regions,I,A,Annual,CTRY,Country,LVA,Latvia,_Z,Not applicable,POP,Population,_T,Total,_T,Total,PS_KM2,Persons per square kilometer,2002,,36.67,,LVA,Latvia,A,Normal value,0,Units,2,Two
DATAFLOW,OECD.CFE.EDS:DSD_REG_DEMO@DF_DENSITY(2.0),Population density - Regions,I,A,Annual,CTRY,Country,LVA,Latvia,_Z,Not applicable,POP,Population,_T,Total,_T,Total,PS_KM2,Persons per square kilometer,1998,,38.25,,LVA,Latvia,A,Normal value,0,Units,2,Two
DATAFLOW,OECD.CFE.EDS:DSD_REG_DEMO@DF_DENSITY(2.0),Population density - Regions,I,A,Annual,CTRY,Country,LVA,Latvia,_Z,Not applicable,POP,Population,_T,Total,_T,Total,PS_KM2,Persons per square kilometer,1997,,38.63,,LVA,Latvia,A,Normal value,0,Units,2,Two
DATAFLOW,OECD.CFE.EDS:DSD_REG_DEMO@DF_DENSITY(2.0),Population density - Regions,I,A,Annual,CTRY,Country,LVA,Latvia,_Z,Not applicable,POP,Population,_T,Total,_T,Total,PS_KM2,Persons per square kilometer,1992,,41.76,,LVA,Latvia,A,Normal value,0,Units,2,Two
DATAFLOW,OECD.CFE.EDS:DSD_REG_DEMO@DF_DENSITY(2.0),Population density - Regions,I,A,Annual,CTRY,Country,LVA,Latvia,_Z,Not applicable,POP,Population,_T,Total,_T,Total,PS_KM2,Persons per square kilometer,1991,,42,,LVA,Latvia,A,Normal value,0,Units,2,Two
DATAFLOW,OECD.CFE.EDS:DSD_REG_DEMO@DF_DENSITY(2.0),Population density - Regions,I,A,Annual,CTRY,Country,LVA,Latvia,_Z,Not applicable,POP,Population,_T,Total,_T,Total,PS_KM2,Persons per square kilometer,2012,,32.31,,LVA,Latvia,A,Normal value,0,Units,2,Two
DATAFLOW,OECD.CFE.EDS:DSD_REG_DEMO@DF_DENSITY(2.0),Population density - Regions,I,A,Annual,CTRY,Country,LVA,Latvia,_Z,Not applicable,POP,Population,_T,Total,_T,Total,PS_KM2,Persons per square kilometer,2019,,30.34,,LVA,Latvia,A,Normal value,0,Units,2,Two
DATAFLOW,OECD.CFE.EDS:DSD_REG_DEMO@DF_DENSITY(2.0),Population density - Regions,I,A,Annual,CTRY,Country,LVA,Latvia,_Z,Not applicable,POP,Population,_T,Total,_T,Total,PS_KM2,Persons per square kilometer,2018,,30.56,,LVA,Latvia,A,Normal value,0,Units,2,Two
DATAFLOW,OECD.CFE.EDS:DSD_REG_DEMO@DF_DENSITY(2.0),Population density - Regions,I,A,Annual,CTRY,Country,LVA,Latvia,_Z,Not applicable,POP,Population,_T,Total,_T,Total,PS_KM2,Persons per square kilometer,2017,,30.81,,LVA,Latvia,A,Normal value,0,Units,2,Two
DATAFLOW,OECD.CFE.EDS:DSD_REG_DEMO@DF_DENSITY(2.0),Population density - Regions,I,A,Annual,CTRY,Country,LVA,Latvia,_Z,Not applicable,POP,Population,_T,Total,_T,Total,PS_KM2,Persons per square kilometer,2013,,31.98,,LVA,Latvia,A,Normal value,0,Units,2,Two
DATAFLOW,OECD.CFE.EDS:DSD_REG_DEMO@DF_DENSITY(2.0),Population density - Regions,I,A,Annual,CTRY,Country,LVA,Latvia,_Z,Not applicable,POP,Population,_T,Total,_T,Total,PS_KM2,Persons per square kilometer,2011,,32.78,,LVA,Latvia,A,Normal value,0,Units,2,Two
DATAFLOW,OECD.CFE.EDS:DSD_REG_DEMO@DF_DENSITY(2.0),Population density - Regions,I,A,Annual,CTRY,Country,LVA,Latvia,_Z,Not applicable,POP,Population,_T,Total,_T,Total,PS_KM2,Persons per square kilometer,2010,,33.5,,LVA,Latvia,A,Normal value,0,Units,2,Two
DATAFLOW,OECD.CFE.EDS:DSD_REG_DEMO@DF_DENSITY(2.0),Population density - Regions,I,A,Annual,CTRY,Country,LVA,Latvia,_Z,Not applicable,POP,Population,_T,Total,_T,Total,PS_KM2,Persons per square kilometer,2007,,34.9,,LVA,Latvia,A,Normal value,0,Units,2,Two
DATAFLOW,OECD.CFE.EDS:DSD_REG_DEMO@DF_DENSITY(2.0),Population density - Regions,I,A,Annual,CTRY,Country,LVA,Latvia,_Z,Not applicable,POP,Population,_T,Total,_T,Total,PS_KM2,Persons per square kilometer,2005,,35.55,,LVA,Latvia,A,Normal value,0,Units,2,Two
DATAFLOW,OECD.CFE.EDS:DSD_REG_DEMO@DF_DENSITY(2.0),Population density - Regions,I,A,Annual,CTRY,Country,LVA,Latvia,_Z,Not applicable,POP,Population,_T,Total,_T,Total,PS_KM2,Persons per square kilometer,2022,,29.64,,LVA,Latvia,A,Normal value,0,Units,2,Two
DATAFLOW,OECD.CFE.EDS:DSD_REG_DEMO@DF_DENSITY(2.0),Population density - Regions,I,A,Annual,CTRY,Country,LVA,Latvia,_Z,Not applicable,POP,Population,_T,Total,_T,Total,PS_KM2,Persons per square kilometer,2021,,29.91,,LVA,Latvia,A,Normal value,0,Units,2,Two
DATAFLOW,OECD.CFE.EDS:DSD_REG_DEMO@DF_DENSITY(2.0),Population density - Regions,I,A,Annual,CTRY,Country,LTU,Lithuania,_Z,Not applicable,POP,Population,_T,Total,_T,Total,PS_KM2,Persons per square kilometer,1999,,56.45,,LTU,Lithuania,A,Normal value,0,Units,2,Two
DATAFLOW,OECD.CFE.EDS:DSD_REG_DEMO@DF_DENSITY(2.0),Population density - Regions,I,A,Annual,CTRY,Country,LTU,Lithuania,_Z,Not applicable,POP,Population,_T,Total,_T,Total,PS_KM2,Persons per square kilometer,2010,,50.16,,LTU,Lithuania,A,Normal value,0,Units,2,Two
DATAFLOW,OECD.CFE.EDS:DSD_REG_DEMO@DF_DENSITY(2.0),Population density - Regions,I,A,Annual,CTRY,Country,LTU,Lithuania,_Z,Not applicable,POP,Population,_T,Total,_T,Total,PS_KM2,Persons per square kilometer,1992,,59.17,,LTU,Lithuania,A,Normal value,0,Units,2,Two
DATAFLOW,OECD.CFE.EDS:DSD_REG_DEMO@DF_DENSITY(2.0),Population density - Regions,I,A,Annual,CTRY,Country,LTU,Lithuania,_Z,Not applicable,POP,Population,_T,Total,_T,Total,PS_KM2,Persons per square kilometer,1991,,59.1,,LTU,Lithuania,A,Normal value,0,Units,2,Two
DATAFLOW,OECD.CFE.EDS:DSD_REG_DEMO@DF_DENSITY(2.0),Population density - Regions,I,A,Annual,CTRY,Country,LTU,Lithuania,_Z,Not applicable,POP,Population,_T,Total,_T,Total,PS_KM2,Persons per square kilometer,2002,,55.15,,LTU,Lithuania,A,Normal value,0,Units,2,Two
DATAFLOW,OECD.CFE.EDS:DSD_REG_DEMO@DF_DENSITY(2.0),Population density - Regions,I,A,Annual,CTRY,Country,LTU,Lithuania,_Z,Not applicable,POP,Population,_T,Total,_T,Total,PS_KM2,Persons per square kilometer,2001,,55.66,,LTU,Lithuania,A,Normal value,0,Units,2,Two
DATAFLOW,OECD.CFE.EDS:DSD_REG_DEMO@DF_DENSITY(2.0),Population density - Regions,I,A,Annual,CTRY,Country,LTU,Lithuania,_Z,Not applicable,POP,Population,_T,Total,_T,Total,PS_KM2,Persons per square kilometer,1994,,58.61,,LTU,Lithuania,A,Normal value,0,Units,2,Two
DATAFLOW,OECD.CFE.EDS:DSD_REG_DEMO@DF_DENSITY(2.0),Population density - Regions,I,A,Annual,CTRY,Country,LTU,Lithuania,_Z,Not applicable,POP,Population,_T,Total,_T,Total,PS_KM2,Persons per square kilometer,2019,,44.89,,LTU,Lithuania,A,Normal value,0,Units,2,Two
DATAFLOW,OECD.CFE.EDS:DSD_REG_DEMO@DF_DENSITY(2.0),Population density - Regions,I,A,Annual,CTRY,Country,LTU,Lithuania,_Z,Not applicable,POP,Population,_T,Total,_T,Total,PS_KM2,Persons per square kilometer,2022,,44.79,,LTU,Lithuania,A,Normal value,0,Units,2,Two
DATAFLOW,OECD.CFE.EDS:DSD_REG_DEMO@DF_DENSITY(2.0),Population density - Regions,I,A,Annual,CTRY,Country,LTU,Lithuania,_Z,Not applicable,POP,Population,_T,Total,_T,Total,PS_KM2,Persons per square kilometer,2006,,52.52,,LTU,Lithuania,A,Normal value,0,Units,2,Two
DATAFLOW,OECD.CFE.EDS:DSD_REG_DEMO@DF_DENSITY(2.0),Population density - Regions,I,A,Annual,CTRY,Country,LTU,Lithuania,_Z,Not applicable,POP,Population,_T,Total,_T,Total,PS_KM2,Persons per square kilometer,1993,,58.97,,LTU,Lithuania,A,Normal value,0,Units,2,Two
DATAFLOW,OECD.CFE.EDS:DSD_REG_DEMO@DF_DENSITY(2.0),Population density - Regions,I,A,Annual,CTRY,Country,LTU,Lithuania,_Z,Not applicable,POP,Population,_T,Total,_T,Total,PS_KM2,Persons per square kilometer,2012,,47.95,,LTU,Lithuania,A,Normal value,0,Units,2,Two
DATAFLOW,OECD.CFE.EDS:DSD_REG_DEMO@DF_DENSITY(2.0),Population density - Regions,I,A,Annual,CTRY,Country,LTU,Lithuania,_Z,Not applicable,POP,Population,_T,Total,_T,Total,PS_KM2,Persons per square kilometer,1996,,57.71,,LTU,Lithuania,A,Normal value,0,Units,2,Two
DATAFLOW,OECD.CFE.EDS:DSD_REG_DEMO@DF_DENSITY(2.0),Population density - Regions,I,A,Annual,CTRY,Country,LTU,Lithuania,_Z,Not applicable,POP,Population,_T,Total,_T,Total,PS_KM2,Persons per square kilometer,2009,,50.83,,LTU,Lithuania,A,Normal value,0,Units,2,Two
DATAFLOW,OECD.CFE.EDS:DSD_REG_DEMO@DF_DENSITY(2.0),Population density - Regions,I,A,Annual,CTRY,Country,LTU,Lithuania,_Z,Not applicable,POP,Population,_T,Total,_T,Total,PS_KM2,Persons per square kilometer,2008,,51.28,,LTU,Lithuania,A,Normal value,0,Units,2,Two
DATAFLOW,OECD.CFE.EDS:DSD_REG_DEMO@DF_DENSITY(2.0),Population density - Regions,I,A,Annual,CTRY,Country,LTU,Lithuania,_Z,Not applicable,POP,Population,_T,Total,_T,Total,PS_KM2,Persons per square kilometer,2007,,51.88,,LTU,Lithuania,A,Normal value,0,Units,2,Two
DATAFLOW,OECD.CFE.EDS:DSD_REG_DEMO@DF_DENSITY(2.0),Population density - Regions,I,A,Annual,CTRY,Country,LTU,Lithuania,_Z,Not applicable,POP,Population,_T,Total,_T,Total,PS_KM2,Persons per square kilometer,1990,,58.96,,LTU,Lithuania,A,Normal value,0,Units,2,Two
DATAFLOW,OECD.CFE.EDS:DSD_REG_DEMO@DF_DENSITY(2.0),Population density - Regions,I,A,Annual,CTRY,Country,LTU,Lithuania,_Z,Not applicable,POP,Population,_T,Total,_T,Total,PS_KM2,Persons per square kilometer,2004,,54.26,,LTU,Lithuania,A,Normal value,0,Units,2,Two
DATAFLOW,OECD.CFE.EDS:DSD_REG_DEMO@DF_DENSITY(2.0),Population density - Regions,I,A,Annual,CTRY,Country,LTU,Lithuania,_Z,Not applicable,POP,Population,_T,Total,_T,Total,PS_KM2,Persons per square kilometer,2003,,54.78,,LTU,Lithuania,A,Normal value,0,Units,2,Two
DATAFLOW,OECD.CFE.EDS:DSD_REG_DEMO@DF_DENSITY(2.0),Population density - Regions,I,A,Annual,CTRY,Country,LTU,Lithuania,_Z,Not applicable,POP,Population,_T,Total,_T,Total,PS_KM2,Persons per square kilometer,1995,,58.15,,LTU,Lithuania,A,Normal value,0,Units,2,Two
DATAFLOW,OECD.CFE.EDS:DSD_REG_DEMO@DF_DENSITY(2.0),Population density - Regions,I,A,Annual,CTRY,Country,LTU,Lithuania,_Z,Not applicable,POP,Population,_T,Total,_T,Total,PS_KM2,Persons per square kilometer,1998,,56.87,,LTU,Lithuania,A,Normal value,0,Units,2,Two
DATAFLOW,OECD.CFE.EDS:DSD_REG_DEMO@DF_DENSITY(2.0),Population density - Regions,I,A,Annual,CTRY,Country,LTU,Lithuania,_Z,Not applicable,POP,Population,_T,Total,_T,Total,PS_KM2,Persons per square kilometer,1997,,57.28,,LTU,Lithuania,A,Normal value,0,Units,2,Two
DATAFLOW,OECD.CFE.EDS:DSD_REG_DEMO@DF_DENSITY(2.0),Population density - Regions,I,A,Annual,CTRY,Country,LTU,Lithuania,_Z,Not applicable,POP,Population,_T,Total,_T,Total,PS_KM2,Persons per square kilometer,2016,,46.22,,LTU,Lithuania,A,Normal value,0,Units,2,Two
DATAFLOW,OECD.CFE.EDS:DSD_REG_DEMO@DF_DENSITY(2.0),Population density - Regions,I,A,Annual,CTRY,Country,LTU,Lithuania,_Z,Not applicable,POP,Population,_T,Total,_T,Total,PS_KM2,Persons per square kilometer,2015,,46.72,,LTU,Lithuania,A,Normal value,0,Units,2,Two
DATAFLOW,OECD.CFE.EDS:DSD_REG_DEMO@DF_DENSITY(2.0),Population density - Regions,I,A,Annual,CTRY,Country,LTU,Lithuania,_Z,Not applicable,POP,Population,_T,Total,_T,Total,PS_KM2,Persons per square kilometer,2014,,47.06,,LTU,Lithuania,A,Normal value,0,Units,2,Two
DATAFLOW,OECD.CFE.EDS:DSD_REG_DEMO@DF_DENSITY(2.0),Population density - Regions,I,A,Annual,CTRY,Country,LTU,Lithuania,_Z,Not applicable,POP,Population,_T,Total,_T,Total,PS_KM2,Persons per square kilometer,2023,,45.61,,LTU,Lithuania,A,Normal value,0,Units,2,Two
DATAFLOW,OECD.CFE.EDS:DSD_REG_DEMO@DF_DENSITY(2.0),Population density - Regions,I,A,Annual,CTRY,Country,LTU,Lithuania,_Z,Not applicable,POP,Population,_T,Total,_T,Total,PS_KM2,Persons per square kilometer,2021,,44.87,,LTU,Lithuania,A,Normal value,0,Units,2,Two
DATAFLOW,OECD.CFE.EDS:DSD_REG_DEMO@DF_DENSITY(2.0),Population density - Regions,I,A,Annual,CTRY,Country,LTU,Lithuania,_Z,Not applicable,POP,Population,_T,Total,_T,Total,PS_KM2,Persons per square kilometer,2020,,44.86,,LTU,Lithuania,A,Normal value,0,Units,2,Two
DATAFLOW,OECD.CFE.EDS:DSD_REG_DEMO@DF_DENSITY(2.0),Population density - Regions,I,A,Annual,CTRY,Country,LTU,Lithuania,_Z,Not applicable,POP,Population,_T,Total,_T,Total,PS_KM2,Persons per square kilometer,2013,,47.49,,LTU,Lithuania,A,Normal value,0,Units,2,Two
DATAFLOW,OECD.CFE.EDS:DSD_REG_DEMO@DF_DENSITY(2.0),Population density - Regions,I,A,Annual,CTRY,Country,LTU,Lithuania,_Z,Not applicable,POP,Population,_T,Total,_T,Total,PS_KM2,Persons per square kilometer,2005,,53.56,,LTU,Lithuania,A,Normal value,0,Units,2,Two
DATAFLOW,OECD.CFE.EDS:DSD_REG_DEMO@DF_DENSITY(2.0),Population density - Regions,I,A,Annual,CTRY,Country,LTU,Lithuania,_Z,Not applicable,POP,Population,_T,Total,_T,Total,PS_KM2,Persons per square kilometer,2018,,45.12,,LTU,Lithuania,A,Normal value,0,Units,2,Two
DATAFLOW,OECD.CFE.EDS:DSD_REG_DEMO@DF_DENSITY(2.0),Population density - Regions,I,A,Annual,CTRY,Country,LTU,Lithuania,_Z,Not applicable,POP,Population,_T,Total,_T,Total,PS_KM2,Persons per square kilometer,2017,,45.64,,LTU,Lithuania,A,Normal value,0,Units,2,Two
DATAFLOW,OECD.CFE.EDS:DSD_REG_DEMO@DF_DENSITY(2.0),Population density - Regions,I,A,Annual,CTRY,Country,LTU,Lithuania,_Z,Not applicable,POP,Population,_T,Total,_T,Total,PS_KM2,Persons per square kilometer,2011,,48.73,,LTU,Lithuania,A,Normal value,0,Units,2,Two
DATAFLOW,OECD.CFE.EDS:DSD_REG_DEMO@DF_DENSITY(2.0),Population density - Regions,I,A,Annual,CTRY,Country,LUX,Luxembourg,_Z,Not applicable,POP,Population,_T,Total,_T,Total,PS_KM2,Persons per square kilometer,2021,,245.45,,LUX,Luxembourg,A,Normal value,0,Units,2,Two
DATAFLOW,OECD.CFE.EDS:DSD_REG_DEMO@DF_DENSITY(2.0),Population density - Regions,I,A,Annual,CTRY,Country,LUX,Luxembourg,_Z,Not applicable,POP,Population,_T,Total,_T,Total,PS_KM2,Persons per square kilometer,2020,,242.11,,LUX,Luxembourg,A,Normal value,0,Units,2,Two
DATAFLOW,OECD.CFE.EDS:DSD_REG_DEMO@DF_DENSITY(2.0),Population density - Regions,I,A,Annual,CTRY,Country,LUX,Luxembourg,_Z,Not applicable,POP,Population,_T,Total,_T,Total,PS_KM2,Persons per square kilometer,1991,,148.65,,LUX,Luxembourg,A,Normal value,0,Units,2,Two
DATAFLOW,OECD.CFE.EDS:DSD_REG_DEMO@DF_DENSITY(2.0),Population density - Regions,I,A,Annual,CTRY,Country,LUX,Luxembourg,_Z,Not applicable,POP,Population,_T,Total,_T,Total,PS_KM2,Persons per square kilometer,2001,,169.76,,LUX,Luxembourg,A,Normal value,0,Units,2,Two
DATAFLOW,OECD.CFE.EDS:DSD_REG_DEMO@DF_DENSITY(2.0),Population density - Regions,I,A,Annual,CTRY,Country,LUX,Luxembourg,_Z,Not applicable,POP,Population,_T,Total,_T,Total,PS_KM2,Persons per square kilometer,1995,,156.86,,LUX,Luxembourg,A,Normal value,0,Units,2,Two
DATAFLOW,OECD.CFE.EDS:DSD_REG_DEMO@DF_DENSITY(2.0),Population density - Regions,I,A,Annual,CTRY,Country,LUX,Luxembourg,_Z,Not applicable,POP,Population,_T,Total,_T,Total,PS_KM2,Persons per square kilometer,1994,,154.76,,LUX,Luxembourg,A,Normal value,0,Units,2,Two
DATAFLOW,OECD.CFE.EDS:DSD_REG_DEMO@DF_DENSITY(2.0),Population density - Regions,I,A,Annual,CTRY,Country,LUX,Luxembourg,_Z,Not applicable,POP,Population,_T,Total,_T,Total,PS_KM2,Persons per square kilometer,1996,,159.16,,LUX,Luxembourg,A,Normal value,0,Units,2,Two
DATAFLOW,OECD.CFE.EDS:DSD_REG_DEMO@DF_DENSITY(2.0),Population density - Regions,I,A,Annual,CTRY,Country,LUX,Luxembourg,_Z,Not applicable,POP,Population,_T,Total,_T,Total,PS_KM2,Persons per square kilometer,1990,,146.67,,LUX,Luxembourg,A,Normal value,0,Units,2,Two
DATAFLOW,OECD.CFE.EDS:DSD_REG_DEMO@DF_DENSITY(2.0),Population density - Regions,I,A,Annual,CTRY,Country,LUX,Luxembourg,_Z,Not applicable,POP,Population,_T,Total,_T,Total,PS_KM2,Persons per square kilometer,1993,,152.65,,LUX,Luxembourg,A,Normal value,0,Units,2,Two
DATAFLOW,OECD.CFE.EDS:DSD_REG_DEMO@DF_DENSITY(2.0),Population density - Regions,I,A,Annual,CTRY,Country,LUX,Luxembourg,_Z,Not applicable,POP,Population,_T,Total,_T,Total,PS_KM2,Persons per square kilometer,2015,,217.69,,LUX,Luxembourg,A,Normal value,0,Units,2,Two
DATAFLOW,OECD.CFE.EDS:DSD_REG_DEMO@DF_DENSITY(2.0),Population density - Regions,I,A,Annual,CTRY,Country,LUX,Luxembourg,_Z,Not applicable,POP,Population,_T,Total,_T,Total,PS_KM2,Persons per square kilometer,2014,,212.56,,LUX,Luxembourg,A,Normal value,0,Units,2,Two
DATAFLOW,OECD.CFE.EDS:DSD_REG_DEMO@DF_DENSITY(2.0),Population density - Regions,I,A,Annual,CTRY,Country,LUX,Luxembourg,_Z,Not applicable,POP,Population,_T,Total,_T,Total,PS_KM2,Persons per square kilometer,2000,,167.67,,LUX,Luxembourg,A,Normal value,0,Units,2,Two
DATAFLOW,OECD.CFE.EDS:DSD_REG_DEMO@DF_DENSITY(2.0),Population density - Regions,I,A,Annual,CTRY,Country,LUX,Luxembourg,_Z,Not applicable,POP,Population,_T,Total,_T,Total,PS_KM2,Persons per square kilometer,2009,,190.84,,LUX,Luxembourg,A,Normal value,0,Units,2,Two
DATAFLOW,OECD.CFE.EDS:DSD_REG_DEMO@DF_DENSITY(2.0),Population density - Regions,I,A,Annual,CTRY,Country,LUX,Luxembourg,_Z,Not applicable,POP,Population,_T,Total,_T,Total,PS_KM2,Persons per square kilometer,2008,,187.08,,LUX,Luxembourg,A,Normal value,0,Units,2,Two
DATAFLOW,OECD.CFE.EDS:DSD_REG_DEMO@DF_DENSITY(2.0),Population density - Regions,I,A,Annual,CTRY,Country,LUX,Luxembourg,_Z,Not applicable,POP,Population,_T,Total,_T,Total,PS_KM2,Persons per square kilometer,2004,,175.93,,LUX,Luxembourg,A,Normal value,0,Units,2,Two
DATAFLOW,OECD.CFE.EDS:DSD_REG_DEMO@DF_DENSITY(2.0),Population density - Regions,I,A,Annual,CTRY,Country,LUX,Luxembourg,_Z,Not applicable,POP,Population,_T,Total,_T,Total,PS_KM2,Persons per square kilometer,2003,,173.36,,LUX,Luxembourg,A,Normal value,0,Units,2,Two
DATAFLOW,OECD.CFE.EDS:DSD_REG_DEMO@DF_DENSITY(2.0),Population density - Regions,I,A,Annual,CTRY,Country,LUX,Luxembourg,_Z,Not applicable,POP,Population,_T,Total,_T,Total,PS_KM2,Persons per square kilometer,2002,,171.71,,LUX,Luxembourg,A,Normal value,0,Units,2,Two
DATAFLOW,OECD.CFE.EDS:DSD_REG_DEMO@DF_DENSITY(2.0),Population density - Regions,I,A,Annual,CTRY,Country,LUX,Luxembourg,_Z,Not applicable,POP,Population,_T,Total,_T,Total,PS_KM2,Persons per square kilometer,1999,,165.26,,LUX,Luxembourg,A,Normal value,0,Units,2,Two
DATAFLOW,OECD.CFE.EDS:DSD_REG_DEMO@DF_DENSITY(2.0),Population density - Regions,I,A,Annual,CTRY,Country,LUX,Luxembourg,_Z,Not applicable,POP,Population,_T,Total,_T,Total,PS_KM2,Persons per square kilometer,1998,,163.21,,LUX,Luxembourg,A,Normal value,0,Units,2,Two
DATAFLOW,OECD.CFE.EDS:DSD_REG_DEMO@DF_DENSITY(2.0),Population density - Regions,I,A,Annual,CTRY,Country,LUX,Luxembourg,_Z,Not applicable,POP,Population,_T,Total,_T,Total,PS_KM2,Persons per square kilometer,1997,,161.19,,LUX,Luxembourg,A,Normal value,0,Units,2,Two
DATAFLOW,OECD.CFE.EDS:DSD_REG_DEMO@DF_DENSITY(2.0),Population density - Regions,I,A,Annual,CTRY,Country,LUX,Luxembourg,_Z,Not applicable,POP,Population,_T,Total,_T,Total,PS_KM2,Persons per square kilometer,2006,,181.39,,LUX,Luxembourg,A,Normal value,0,Units,2,Two
DATAFLOW,OECD.CFE.EDS:DSD_REG_DEMO@DF_DENSITY(2.0),Population density - Regions,I,A,Annual,CTRY,Country,LUX,Luxembourg,_Z,Not applicable,POP,Population,_T,Total,_T,Total,PS_KM2,Persons per square kilometer,1992,,150.66,,LUX,Luxembourg,A,Normal value,0,Units,2,Two
DATAFLOW,OECD.CFE.EDS:DSD_REG_DEMO@DF_DENSITY(2.0),Population density - Regions,I,A,Annual,CTRY,Country,LUX,Luxembourg,_Z,Not applicable,POP,Population,_T,Total,_T,Total,PS_KM2,Persons per square kilometer,2012,,202.96,,LUX,Luxembourg,A,Normal value,0,Units,2,Two
DATAFLOW,OECD.CFE.EDS:DSD_REG_DEMO@DF_DENSITY(2.0),Population density - Regions,I,A,Annual,CTRY,Country,LUX,Luxembourg,_Z,Not applicable,POP,Population,_T,Total,_T,Total,PS_KM2,Persons per square kilometer,2019,,237.39,,LUX,Luxembourg,A,Normal value,0,Units,2,Two
DATAFLOW,OECD.CFE.EDS:DSD_REG_DEMO@DF_DENSITY(2.0),Population density - Regions,I,A,Annual,CTRY,Country,LUX,Luxembourg,_Z,Not applicable,POP,Population,_T,Total,_T,Total,PS_KM2,Persons per square kilometer,2013,,207.67,,LUX,Luxembourg,A,Normal value,0,Units,2,Two
DATAFLOW,OECD.CFE.EDS:DSD_REG_DEMO@DF_DENSITY(2.0),Population density - Regions,I,A,Annual,CTRY,Country,LUX,Luxembourg,_Z,Not applicable,POP,Population,_T,Total,_T,Total,PS_KM2,Persons per square kilometer,2011,,197.93,,LUX,Luxembourg,A,Normal value,0,Units,2,Two
DATAFLOW,OECD.CFE.EDS:DSD_REG_DEMO@DF_DENSITY(2.0),Population density - Regions,I,A,Annual,CTRY,Country,LUX,Luxembourg,_Z,Not applicable,POP,Population,_T,Total,_T,Total,PS_KM2,Persons per square kilometer,2010,,194.15,,LUX,Luxembourg,A,Normal value,0,Units,2,Two
DATAFLOW,OECD.CFE.EDS:DSD_REG_DEMO@DF_DENSITY(2.0),Population density - Regions,I,A,Annual,CTRY,Country,LUX,Luxembourg,_Z,Not applicable,POP,Population,_T,Total,_T,Total,PS_KM2,Persons per square kilometer,2023,,255.53,,LUX,Luxembourg,A,Normal value,0,Units,2,Two
DATAFLOW,OECD.CFE.EDS:DSD_REG_DEMO@DF_DENSITY(2.0),Population density - Regions,I,A,Annual,CTRY,Country,LUX,Luxembourg,_Z,Not applicable,POP,Population,_T,Total,_T,Total,PS_KM2,Persons per square kilometer,2018,,232.79,,LUX,Luxembourg,A,Normal value,0,Units,2,Two
DATAFLOW,OECD.CFE.EDS:DSD_REG_DEMO@DF_DENSITY(2.0),Population density - Regions,I,A,Annual,CTRY,Country,LUX,Luxembourg,_Z,Not applicable,POP,Population,_T,Total,_T,Total,PS_KM2,Persons per square kilometer,2007,,184.14,,LUX,Luxembourg,A,Normal value,0,Units,2,Two
DATAFLOW,OECD.CFE.EDS:DSD_REG_DEMO@DF_DENSITY(2.0),Population density - Regions,I,A,Annual,CTRY,Country,LUX,Luxembourg,_Z,Not applicable,POP,Population,_T,Total,_T,Total,PS_KM2,Persons per square kilometer,2005,,178.36,,LUX,Luxembourg,A,Normal value,0,Units,2,Two
DATAFLOW,OECD.CFE.EDS:DSD_REG_DEMO@DF_DENSITY(2.0),Population density - Regions,I,A,Annual,CTRY,Country,LUX,Luxembourg,_Z,Not applicable,POP,Population,_T,Total,_T,Total,PS_KM2,Persons per square kilometer,2016,,222.83,,LUX,Luxembourg,A,Normal value,0,Units,2,Two
DATAFLOW,OECD.CFE.EDS:DSD_REG_DEMO@DF_DENSITY(2.0),Population density - Regions,I,A,Annual,CTRY,Country,LUX,Luxembourg,_Z,Not applicable,POP,Population,_T,Total,_T,Total,PS_KM2,Persons per square kilometer,2017,,228.41,,LUX,Luxembourg,B,Time series break,0,Units,2,Two
DATAFLOW,OECD.CFE.EDS:DSD_REG_DEMO@DF_DENSITY(2.0),Population density - Regions,I,A,Annual,CTRY,Country,MEX,Mexico,_Z,Not applicable,POP,Population,_T,Total,_T,Total,PS_KM2,Persons per square kilometer,2002,,51.78,,MEX,Mexico,A,Normal value,0,Units,2,Two
DATAFLOW,OECD.CFE.EDS:DSD_REG_DEMO@DF_DENSITY(2.0),Population density - Regions,I,A,Annual,CTRY,Country,MEX,Mexico,_Z,Not applicable,POP,Population,_T,Total,_T,Total,PS_KM2,Persons per square kilometer,2001,,51.05,,MEX,Mexico,A,Normal value,0,Units,2,Two
DATAFLOW,OECD.CFE.EDS:DSD_REG_DEMO@DF_DENSITY(2.0),Population density - Regions,I,A,Annual,CTRY,Country,MEX,Mexico,_Z,Not applicable,POP,Population,_T,Total,_T,Total,PS_KM2,Persons per square kilometer,2020,,65.24,,MEX,Mexico,A,Normal value,0,Units,2,Two
DATAFLOW,OECD.CFE.EDS:DSD_REG_DEMO@DF_DENSITY(2.0),Population density - Regions,I,A,Annual,CTRY,Country,MEX,Mexico,_Z,Not applicable,POP,Population,_T,Total,_T,Total,PS_KM2,Persons per square kilometer,2019,,64.62,,MEX,Mexico,A,Normal value,0,Units,2,Two
DATAFLOW,OECD.CFE.EDS:DSD_REG_DEMO@DF_DENSITY(2.0),Population density - Regions,I,A,Annual,CTRY,Country,MEX,Mexico,_Z,Not applicable,POP,Population,_T,Total,_T,Total,PS_KM2,Persons per square kilometer,2018,,63.99,,MEX,Mexico,A,Normal value,0,Units,2,Two
DATAFLOW,OECD.CFE.EDS:DSD_REG_DEMO@DF_DENSITY(2.0),Population density - Regions,I,A,Annual,CTRY,Country,MEX,Mexico,_Z,Not applicable,POP,Population,_T,Total,_T,Total,PS_KM2,Persons per square kilometer,2017,,63.38,,MEX,Mexico,A,Normal value,0,Units,2,Two
DATAFLOW,OECD.CFE.EDS:DSD_REG_DEMO@DF_DENSITY(2.0),Population density - Regions,I,A,Annual,CTRY,Country,MEX,Mexico,_Z,Not applicable,POP,Population,_T,Total,_T,Total,PS_KM2,Persons per square kilometer,2016,,62.78,,MEX,Mexico,A,Normal value,0,Units,2,Two
DATAFLOW,OECD.CFE.EDS:DSD_REG_DEMO@DF_DENSITY(2.0),Population density - Regions,I,A,Annual,CTRY,Country,MEX,Mexico,_Z,Not applicable,POP,Population,_T,Total,_T,Total,PS_KM2,Persons per square kilometer,2015,,62.13,,MEX,Mexico,A,Normal value,0,Units,2,Two
DATAFLOW,OECD.CFE.EDS:DSD_REG_DEMO@DF_DENSITY(2.0),Population density - Regions,I,A,Annual,CTRY,Country,MEX,Mexico,_Z,Not applicable,POP,Population,_T,Total,_T,Total,PS_KM2,Persons per square kilometer,2000,,50.38,,MEX,Mexico,A,Normal value,0,Units,2,Two
DATAFLOW,OECD.CFE.EDS:DSD_REG_DEMO@DF_DENSITY(2.0),Population density - Regions,I,A,Annual,CTRY,Country,MEX,Mexico,_Z,Not applicable,POP,Population,_T,Total,_T,Total,PS_KM2,Persons per square kilometer,1999,,49.74,,MEX,Mexico,A,Normal value,0,Units,2,Two
DATAFLOW,OECD.CFE.EDS:DSD_REG_DEMO@DF_DENSITY(2.0),Population density - Regions,I,A,Annual,CTRY,Country,MEX,Mexico,_Z,Not applicable,POP,Population,_T,Total,_T,Total,PS_KM2,Persons per square kilometer,1998,,49.07,,MEX,Mexico,A,Normal value,0,Units,2,Two
DATAFLOW,OECD.CFE.EDS:DSD_REG_DEMO@DF_DENSITY(2.0),Population density - Regions,I,A,Annual,CTRY,Country,MEX,Mexico,_Z,Not applicable,POP,Population,_T,Total,_T,Total,PS_KM2,Persons per square kilometer,1997,,48.35,,MEX,Mexico,A,Normal value,0,Units,2,Two
DATAFLOW,OECD.CFE.EDS:DSD_REG_DEMO@DF_DENSITY(2.0),Population density - Regions,I,A,Annual,CTRY,Country,MEX,Mexico,_Z,Not applicable,POP,Population,_T,Total,_T,Total,PS_KM2,Persons per square kilometer,1996,,47.6,,MEX,Mexico,A,Normal value,0,Units,2,Two
DATAFLOW,OECD.CFE.EDS:DSD_REG_DEMO@DF_DENSITY(2.0),Population density - Regions,I,A,Annual,CTRY,Country,MEX,Mexico,_Z,Not applicable,POP,Population,_T,Total,_T,Total,PS_KM2,Persons per square kilometer,1995,,46.82,,MEX,Mexico,A,Normal value,0,Units,2,Two
DATAFLOW,OECD.CFE.EDS:DSD_REG_DEMO@DF_DENSITY(2.0),Population density - Regions,I,A,Annual,CTRY,Country,MEX,Mexico,_Z,Not applicable,POP,Population,_T,Total,_T,Total,PS_KM2,Persons per square kilometer,1994,,46.02,,MEX,Mexico,A,Normal value,0,Units,2,Two
DATAFLOW,OECD.CFE.EDS:DSD_REG_DEMO@DF_DENSITY(2.0),Population density - Regions,I,A,Annual,CTRY,Country,MEX,Mexico,_Z,Not applicable,POP,Population,_T,Total,_T,Total,PS_KM2,Persons per square kilometer,1993,,45.2,,MEX,Mexico,A,Normal value,0,Units,2,Two
DATAFLOW,OECD.CFE.EDS:DSD_REG_DEMO@DF_DENSITY(2.0),Population density - Regions,I,A,Annual,CTRY,Country,MEX,Mexico,_Z,Not applicable,POP,Population,_T,Total,_T,Total,PS_KM2,Persons per square kilometer,1992,,44.37,,MEX,Mexico,A,Normal value,0,Units,2,Two
DATAFLOW,OECD.CFE.EDS:DSD_REG_DEMO@DF_DENSITY(2.0),Population density - Regions,I,A,Annual,CTRY,Country,MEX,Mexico,_Z,Not applicable,POP,Population,_T,Total,_T,Total,PS_KM2,Persons per square kilometer,1991,,43.54,,MEX,Mexico,A,Normal value,0,Units,2,Two
DATAFLOW,OECD.CFE.EDS:DSD_REG_DEMO@DF_DENSITY(2.0),Population density - Regions,I,A,Annual,CTRY,Country,MEX,Mexico,_Z,Not applicable,POP,Population,_T,Total,_T,Total,PS_KM2,Persons per square kilometer,1990,,42.72,,MEX,Mexico,A,Normal value,0,Units,2,Two
DATAFLOW,OECD.CFE.EDS:DSD_REG_DEMO@DF_DENSITY(2.0),Population density - Regions,I,A,Annual,CTRY,Country,MEX,Mexico,_Z,Not applicable,POP,Population,_T,Total,_T,Total,PS_KM2,Persons per square kilometer,2023,,66.64,,MEX,Mexico,A,Normal value,0,Units,2,Two
DATAFLOW,OECD.CFE.EDS:DSD_REG_DEMO@DF_DENSITY(2.0),Population density - Regions,I,A,Annual,CTRY,Country,MEX,Mexico,_Z,Not applicable,POP,Population,_T,Total,_T,Total,PS_KM2,Persons per square kilometer,2022,,66.03,,MEX,Mexico,A,Normal value,0,Units,2,Two
DATAFLOW,OECD.CFE.EDS:DSD_REG_DEMO@DF_DENSITY(2.0),Population density - Regions,I,A,Annual,CTRY,Country,MEX,Mexico,_Z,Not applicable,POP,Population,_T,Total,_T,Total,PS_KM2,Persons per square kilometer,2021,,65.64,,MEX,Mexico,A,Normal value,0,Units,2,Two
DATAFLOW,OECD.CFE.EDS:DSD_REG_DEMO@DF_DENSITY(2.0),Population density - Regions,I,A,Annual,CTRY,Country,MEX,Mexico,_Z,Not applicable,POP,Population,_T,Total,_T,Total,PS_KM2,Persons per square kilometer,2014,,61.43,,MEX,Mexico,A,Normal value,0,Units,2,Two
DATAFLOW,OECD.CFE.EDS:DSD_REG_DEMO@DF_DENSITY(2.0),Population density - Regions,I,A,Annual,CTRY,Country,MEX,Mexico,_Z,Not applicable,POP,Population,_T,Total,_T,Total,PS_KM2,Persons per square kilometer,2013,,60.65,,MEX,Mexico,A,Normal value,0,Units,2,Two
DATAFLOW,OECD.CFE.EDS:DSD_REG_DEMO@DF_DENSITY(2.0),Population density - Regions,I,A,Annual,CTRY,Country,MEX,Mexico,_Z,Not applicable,POP,Population,_T,Total,_T,Total,PS_KM2,Persons per square kilometer,2012,,59.86,,MEX,Mexico,A,Normal value,0,Units,2,Two
DATAFLOW,OECD.CFE.EDS:DSD_REG_DEMO@DF_DENSITY(2.0),Population density - Regions,I,A,Annual,CTRY,Country,MEX,Mexico,_Z,Not applicable,POP,Population,_T,Total,_T,Total,PS_KM2,Persons per square kilometer,2011,,59,,MEX,Mexico,A,Normal value,0,Units,2,Two
DATAFLOW,OECD.CFE.EDS:DSD_REG_DEMO@DF_DENSITY(2.0),Population density - Regions,I,A,Annual,CTRY,Country,MEX,Mexico,_Z,Not applicable,POP,Population,_T,Total,_T,Total,PS_KM2,Persons per square kilometer,2010,,58.14,,MEX,Mexico,A,Normal value,0,Units,2,Two
DATAFLOW,OECD.CFE.EDS:DSD_REG_DEMO@DF_DENSITY(2.0),Population density - Regions,I,A,Annual,CTRY,Country,MEX,Mexico,_Z,Not applicable,POP,Population,_T,Total,_T,Total,PS_KM2,Persons per square kilometer,2009,,57.24,,MEX,Mexico,A,Normal value,0,Units,2,Two
DATAFLOW,OECD.CFE.EDS:DSD_REG_DEMO@DF_DENSITY(2.0),Population density - Regions,I,A,Annual,CTRY,Country,MEX,Mexico,_Z,Not applicable,POP,Population,_T,Total,_T,Total,PS_KM2,Persons per square kilometer,2008,,56.35,,MEX,Mexico,A,Normal value,0,Units,2,Two
DATAFLOW,OECD.CFE.EDS:DSD_REG_DEMO@DF_DENSITY(2.0),Population density - Regions,I,A,Annual,CTRY,Country,MEX,Mexico,_Z,Not applicable,POP,Population,_T,Total,_T,Total,PS_KM2,Persons per square kilometer,2007,,55.47,,MEX,Mexico,A,Normal value,0,Units,2,Two
DATAFLOW,OECD.CFE.EDS:DSD_REG_DEMO@DF_DENSITY(2.0),Population density - Regions,I,A,Annual,CTRY,Country,MEX,Mexico,_Z,Not applicable,POP,Population,_T,Total,_T,Total,PS_KM2,Persons per square kilometer,2006,,54.66,,MEX,Mexico,A,Normal value,0,Units,2,Two
DATAFLOW,OECD.CFE.EDS:DSD_REG_DEMO@DF_DENSITY(2.0),Population density - Regions,I,A,Annual,CTRY,Country,MEX,Mexico,_Z,Not applicable,POP,Population,_T,Total,_T,Total,PS_KM2,Persons per square kilometer,2005,,53.92,,MEX,Mexico,A,Normal value,0,Units,2,Two
DATAFLOW,OECD.CFE.EDS:DSD_REG_DEMO@DF_DENSITY(2.0),Population density - Regions,I,A,Annual,CTRY,Country,MEX,Mexico,_Z,Not applicable,POP,Population,_T,Total,_T,Total,PS_KM2,Persons per square kilometer,2004,,53.23,,MEX,Mexico,A,Normal value,0,Units,2,Two
DATAFLOW,OECD.CFE.EDS:DSD_REG_DEMO@DF_DENSITY(2.0),Population density - Regions,I,A,Annual,CTRY,Country,NLD,Netherlands,_Z,Not applicable,POP,Population,_T,Total,_T,Total,PS_KM2,Persons per square kilometer,2020,,509.17,,NLD,Netherlands,A,Normal value,0,Units,2,Two
DATAFLOW,OECD.CFE.EDS:DSD_REG_DEMO@DF_DENSITY(2.0),Population density - Regions,I,A,Annual,CTRY,Country,NLD,Netherlands,_Z,Not applicable,POP,Population,_T,Total,_T,Total,PS_KM2,Persons per square kilometer,1993,,445.75,,NLD,Netherlands,A,Normal value,0,Units,2,Two
DATAFLOW,OECD.CFE.EDS:DSD_REG_DEMO@DF_DENSITY(2.0),Population density - Regions,I,A,Annual,CTRY,Country,NLD,Netherlands,_Z,Not applicable,POP,Population,_T,Total,_T,Total,PS_KM2,Persons per square kilometer,2001,,467.62,,NLD,Netherlands,A,Normal value,0,Units,2,Two
DATAFLOW,OECD.CFE.EDS:DSD_REG_DEMO@DF_DENSITY(2.0),Population density - Regions,I,A,Annual,CTRY,Country,NLD,Netherlands,_Z,Not applicable,POP,Population,_T,Total,_T,Total,PS_KM2,Persons per square kilometer,1995,,451.16,,NLD,Netherlands,A,Normal value,0,Units,2,Two
DATAFLOW,OECD.CFE.EDS:DSD_REG_DEMO@DF_DENSITY(2.0),Population density - Regions,I,A,Annual,CTRY,Country,NLD,Netherlands,_Z,Not applicable,POP,Population,_T,Total,_T,Total,PS_KM2,Persons per square kilometer,1994,,448.74,,NLD,Netherlands,A,Normal value,0,Units,2,Two
DATAFLOW,OECD.CFE.EDS:DSD_REG_DEMO@DF_DENSITY(2.0),Population density - Regions,I,A,Annual,CTRY,Country,NLD,Netherlands,_Z,Not applicable,POP,Population,_T,Total,_T,Total,PS_KM2,Persons per square kilometer,1996,,453.2,,NLD,Netherlands,A,Normal value,0,Units,2,Two
DATAFLOW,OECD.CFE.EDS:DSD_REG_DEMO@DF_DENSITY(2.0),Population density - Regions,I,A,Annual,CTRY,Country,NLD,Netherlands,_Z,Not applicable,POP,Population,_T,Total,_T,Total,PS_KM2,Persons per square kilometer,1990,,435.61,,NLD,Netherlands,A,Normal value,0,Units,2,Two
DATAFLOW,OECD.CFE.EDS:DSD_REG_DEMO@DF_DENSITY(2.0),Population density - Regions,I,A,Annual,CTRY,Country,NLD,Netherlands,_Z,Not applicable,POP,Population,_T,Total,_T,Total,PS_KM2,Persons per square kilometer,2023,,520.98,,NLD,Netherlands,A,Normal value,0,Units,2,Two
DATAFLOW,OECD.CFE.EDS:DSD_REG_DEMO@DF_DENSITY(2.0),Population density - Regions,I,A,Annual,CTRY,Country,NLD,Netherlands,_Z,Not applicable,POP,Population,_T,Total,_T,Total,PS_KM2,Persons per square kilometer,2016,,496.64,,NLD,Netherlands,A,Normal value,0,Units,2,Two
DATAFLOW,OECD.CFE.EDS:DSD_REG_DEMO@DF_DENSITY(2.0),Population density - Regions,I,A,Annual,CTRY,Country,NLD,Netherlands,_Z,Not applicable,POP,Population,_T,Total,_T,Total,PS_KM2,Persons per square kilometer,2015,,494.35,,NLD,Netherlands,A,Normal value,0,Units,2,Two
DATAFLOW,OECD.CFE.EDS:DSD_REG_DEMO@DF_DENSITY(2.0),Population density - Regions,I,A,Annual,CTRY,Country,NLD,Netherlands,_Z,Not applicable,POP,Population,_T,Total,_T,Total,PS_KM2,Persons per square kilometer,2014,,492.26,,NLD,Netherlands,A,Normal value,0,Units,2,Two
DATAFLOW,OECD.CFE.EDS:DSD_REG_DEMO@DF_DENSITY(2.0),Population density - Regions,I,A,Annual,CTRY,Country,NLD,Netherlands,_Z,Not applicable,POP,Population,_T,Total,_T,Total,PS_KM2,Persons per square kilometer,1999,,460.99,,NLD,Netherlands,A,Normal value,0,Units,2,Two
DATAFLOW,OECD.CFE.EDS:DSD_REG_DEMO@DF_DENSITY(2.0),Population density - Regions,I,A,Annual,CTRY,Country,NLD,Netherlands,_Z,Not applicable,POP,Population,_T,Total,_T,Total,PS_KM2,Persons per square kilometer,2009,,482.21,,NLD,Netherlands,A,Normal value,0,Units,2,Two
DATAFLOW,OECD.CFE.EDS:DSD_REG_DEMO@DF_DENSITY(2.0),Population density - Regions,I,A,Annual,CTRY,Country,NLD,Netherlands,_Z,Not applicable,POP,Population,_T,Total,_T,Total,PS_KM2,Persons per square kilometer,2008,,479.86,,NLD,Netherlands,A,Normal value,0,Units,2,Two
DATAFLOW,OECD.CFE.EDS:DSD_REG_DEMO@DF_DENSITY(2.0),Population density - Regions,I,A,Annual,CTRY,Country,NLD,Netherlands,_Z,Not applicable,POP,Population,_T,Total,_T,Total,PS_KM2,Persons per square kilometer,2006,,477.78,,NLD,Netherlands,A,Normal value,0,Units,2,Two
DATAFLOW,OECD.CFE.EDS:DSD_REG_DEMO@DF_DENSITY(2.0),Population density - Regions,I,A,Annual,CTRY,Country,NLD,Netherlands,_Z,Not applicable,POP,Population,_T,Total,_T,Total,PS_KM2,Persons per square kilometer,2004,,475.55,,NLD,Netherlands,A,Normal value,0,Units,2,Two
DATAFLOW,OECD.CFE.EDS:DSD_REG_DEMO@DF_DENSITY(2.0),Population density - Regions,I,A,Annual,CTRY,Country,NLD,Netherlands,_Z,Not applicable,POP,Population,_T,Total,_T,Total,PS_KM2,Persons per square kilometer,2003,,473.63,,NLD,Netherlands,A,Normal value,0,Units,2,Two
DATAFLOW,OECD.CFE.EDS:DSD_REG_DEMO@DF_DENSITY(2.0),Population density - Regions,I,A,Annual,CTRY,Country,NLD,Netherlands,_Z,Not applicable,POP,Population,_T,Total,_T,Total,PS_KM2,Persons per square kilometer,2002,,471.08,,NLD,Netherlands,A,Normal value,0,Units,2,Two
DATAFLOW,OECD.CFE.EDS:DSD_REG_DEMO@DF_DENSITY(2.0),Population density - Regions,I,A,Annual,CTRY,Country,NLD,Netherlands,_Z,Not applicable,POP,Population,_T,Total,_T,Total,PS_KM2,Persons per square kilometer,1998,,457.89,,NLD,Netherlands,A,Normal value,0,Units,2,Two
DATAFLOW,OECD.CFE.EDS:DSD_REG_DEMO@DF_DENSITY(2.0),Population density - Regions,I,A,Annual,CTRY,Country,NLD,Netherlands,_Z,Not applicable,POP,Population,_T,Total,_T,Total,PS_KM2,Persons per square kilometer,1997,,455.34,,NLD,Netherlands,A,Normal value,0,Units,2,Two
DATAFLOW,OECD.CFE.EDS:DSD_REG_DEMO@DF_DENSITY(2.0),Population density - Regions,I,A,Annual,CTRY,Country,NLD,Netherlands,_Z,Not applicable,POP,Population,_T,Total,_T,Total,PS_KM2,Persons per square kilometer,1992,,442.53,,NLD,Netherlands,A,Normal value,0,Units,2,Two
DATAFLOW,OECD.CFE.EDS:DSD_REG_DEMO@DF_DENSITY(2.0),Population density - Regions,I,A,Annual,CTRY,Country,NLD,Netherlands,_Z,Not applicable,POP,Population,_T,Total,_T,Total,PS_KM2,Persons per square kilometer,1991,,439.06,,NLD,Netherlands,A,Normal value,0,Units,2,Two
DATAFLOW,OECD.CFE.EDS:DSD_REG_DEMO@DF_DENSITY(2.0),Population density - Regions,I,A,Annual,CTRY,Country,NLD,Netherlands,_Z,Not applicable,POP,Population,_T,Total,_T,Total,PS_KM2,Persons per square kilometer,2012,,489.36,,NLD,Netherlands,A,Normal value,0,Units,2,Two
DATAFLOW,OECD.CFE.EDS:DSD_REG_DEMO@DF_DENSITY(2.0),Population density - Regions,I,A,Annual,CTRY,Country,NLD,Netherlands,_Z,Not applicable,POP,Population,_T,Total,_T,Total,PS_KM2,Persons per square kilometer,2019,,505.5,,NLD,Netherlands,A,Normal value,0,Units,2,Two
DATAFLOW,OECD.CFE.EDS:DSD_REG_DEMO@DF_DENSITY(2.0),Population density - Regions,I,A,Annual,CTRY,Country,NLD,Netherlands,_Z,Not applicable,POP,Population,_T,Total,_T,Total,PS_KM2,Persons per square kilometer,2018,,502.55,,NLD,Netherlands,A,Normal value,0,Units,2,Two
DATAFLOW,OECD.CFE.EDS:DSD_REG_DEMO@DF_DENSITY(2.0),Population density - Regions,I,A,Annual,CTRY,Country,NLD,Netherlands,_Z,Not applicable,POP,Population,_T,Total,_T,Total,PS_KM2,Persons per square kilometer,2017,,499.63,,NLD,Netherlands,A,Normal value,0,Units,2,Two
DATAFLOW,OECD.CFE.EDS:DSD_REG_DEMO@DF_DENSITY(2.0),Population density - Regions,I,A,Annual,CTRY,Country,NLD,Netherlands,_Z,Not applicable,POP,Population,_T,Total,_T,Total,PS_KM2,Persons per square kilometer,2011,,487.18,,NLD,Netherlands,A,Normal value,0,Units,2,Two
DATAFLOW,OECD.CFE.EDS:DSD_REG_DEMO@DF_DENSITY(2.0),Population density - Regions,I,A,Annual,CTRY,Country,NLD,Netherlands,_Z,Not applicable,POP,Population,_T,Total,_T,Total,PS_KM2,Persons per square kilometer,2010,,484.82,,NLD,Netherlands,A,Normal value,0,Units,2,Two
DATAFLOW,OECD.CFE.EDS:DSD_REG_DEMO@DF_DENSITY(2.0),Population density - Regions,I,A,Annual,CTRY,Country,NLD,Netherlands,_Z,Not applicable,POP,Population,_T,Total,_T,Total,PS_KM2,Persons per square kilometer,2007,,478.47,,NLD,Netherlands,A,Normal value,0,Units,2,Two
DATAFLOW,OECD.CFE.EDS:DSD_REG_DEMO@DF_DENSITY(2.0),Population density - Regions,I,A,Annual,CTRY,Country,NLD,Netherlands,_Z,Not applicable,POP,Population,_T,Total,_T,Total,PS_KM2,Persons per square kilometer,2005,,476.94,,NLD,Netherlands,A,Normal value,0,Units,2,Two
DATAFLOW,OECD.CFE.EDS:DSD_REG_DEMO@DF_DENSITY(2.0),Population density - Regions,I,A,Annual,CTRY,Country,NLD,Netherlands,_Z,Not applicable,POP,Population,_T,Total,_T,Total,PS_KM2,Persons per square kilometer,2013,,490.8,,NLD,Netherlands,A,Normal value,0,Units,2,Two
DATAFLOW,OECD.CFE.EDS:DSD_REG_DEMO@DF_DENSITY(2.0),Population density - Regions,I,A,Annual,CTRY,Country,NLD,Netherlands,_Z,Not applicable,POP,Population,_T,Total,_T,Total,PS_KM2,Persons per square kilometer,2000,,464.02,,NLD,Netherlands,A,Normal value,0,Units,2,Two
DATAFLOW,OECD.CFE.EDS:DSD_REG_DEMO@DF_DENSITY(2.0),Population density - Regions,I,A,Annual,CTRY,Country,NLD,Netherlands,_Z,Not applicable,POP,Population,_T,Total,_T,Total,PS_KM2,Persons per square kilometer,2022,,514.53,,NLD,Netherlands,A,Normal value,0,Units,2,Two
DATAFLOW,OECD.CFE.EDS:DSD_REG_DEMO@DF_DENSITY(2.0),Population density - Regions,I,A,Annual,CTRY,Country,NZL,New Zealand,_Z,Not applicable,POP,Population,_T,Total,_T,Total,PS_KM2,Persons per square kilometer,2010,,16.42,,NZL,New Zealand,A,Normal value,0,Units,2,Two
DATAFLOW,OECD.CFE.EDS:DSD_REG_DEMO@DF_DENSITY(2.0),Population density - Regions,I,A,Annual,CTRY,Country,NZL,New Zealand,_Z,Not applicable,POP,Population,_T,Total,_T,Total,PS_KM2,Persons per square kilometer,2021,,19.19,,NZL,New Zealand,A,Normal value,0,Units,2,Two
DATAFLOW,OECD.CFE.EDS:DSD_REG_DEMO@DF_DENSITY(2.0),Population density - Regions,I,A,Annual,CTRY,Country,NZL,New Zealand,_Z,Not applicable,POP,Population,_T,Total,_T,Total,PS_KM2,Persons per square kilometer,1997,,14.27,,NZL,New Zealand,A,Normal value,0,Units,2,Two
DATAFLOW,OECD.CFE.EDS:DSD_REG_DEMO@DF_DENSITY(2.0),Population density - Regions,I,A,Annual,CTRY,Country,NZL,New Zealand,_Z,Not applicable,POP,Population,_T,Total,_T,Total,PS_KM2,Persons per square kilometer,2007,,15.94,,NZL,New Zealand,A,Normal value,0,Units,2,Two
DATAFLOW,OECD.CFE.EDS:DSD_REG_DEMO@DF_DENSITY(2.0),Population density - Regions,I,A,Annual,CTRY,Country,NZL,New Zealand,_Z,Not applicable,POP,Population,_T,Total,_T,Total,PS_KM2,Persons per square kilometer,2006,,15.79,,NZL,New Zealand,A,Normal value,0,Units,2,Two
DATAFLOW,OECD.CFE.EDS:DSD_REG_DEMO@DF_DENSITY(2.0),Population density - Regions,I,A,Annual,CTRY,Country,NZL,New Zealand,_Z,Not applicable,POP,Population,_T,Total,_T,Total,PS_KM2,Persons per square kilometer,2001,,14.65,,NZL,New Zealand,A,Normal value,0,Units,2,Two
DATAFLOW,OECD.CFE.EDS:DSD_REG_DEMO@DF_DENSITY(2.0),Population density - Regions,I,A,Annual,CTRY,Country,NZL,New Zealand,_Z,Not applicable,POP,Population,_T,Total,_T,Total,PS_KM2,Persons per square kilometer,2022,,19.18,,NZL,New Zealand,A,Normal value,0,Units,2,Two
DATAFLOW,OECD.CFE.EDS:DSD_REG_DEMO@DF_DENSITY(2.0),Population density - Regions,I,A,Annual,CTRY,Country,NZL,New Zealand,_Z,Not applicable,POP,Population,_T,Total,_T,Total,PS_KM2,Persons per square kilometer,1996,,14.09,,NZL,New Zealand,A,Normal value,0,Units,2,Two
DATAFLOW,OECD.CFE.EDS:DSD_REG_DEMO@DF_DENSITY(2.0),Population density - Regions,I,A,Annual,CTRY,Country,NZL,New Zealand,_Z,Not applicable,POP,Population,_T,Total,_T,Total,PS_KM2,Persons per square kilometer,2020,,19.15,,NZL,New Zealand,A,Normal value,0,Units,2,Two
DATAFLOW,OECD.CFE.EDS:DSD_REG_DEMO@DF_DENSITY(2.0),Population density - Regions,I,A,Annual,CTRY,Country,NZL,New Zealand,_Z,Not applicable,POP,Population,_T,Total,_T,Total,PS_KM2,Persons per square kilometer,2018,,18.5,,NZL,New Zealand,A,Normal value,0,Units,2,Two
DATAFLOW,OECD.CFE.EDS:DSD_REG_DEMO@DF_DENSITY(2.0),Population density - Regions,I,A,Annual,CTRY,Country,NZL,New Zealand,_Z,Not applicable,POP,Population,_T,Total,_T,Total,PS_KM2,Persons per square kilometer,2019,,18.76,,NZL,New Zealand,A,Normal value,0,Units,2,Two
DATAFLOW,OECD.CFE.EDS:DSD_REG_DEMO@DF_DENSITY(2.0),Population density - Regions,I,A,Annual,CTRY,Country,NZL,New Zealand,_Z,Not applicable,POP,Population,_T,Total,_T,Total,PS_KM2,Persons per square kilometer,2005,,15.6,,NZL,New Zealand,A,Normal value,0,Units,2,Two
DATAFLOW,OECD.CFE.EDS:DSD_REG_DEMO@DF_DENSITY(2.0),Population density - Regions,I,A,Annual,CTRY,Country,NZL,New Zealand,_Z,Not applicable,POP,Population,_T,Total,_T,Total,PS_KM2,Persons per square kilometer,2015,,17.35,,NZL,New Zealand,A,Normal value,0,Units,2,Two
DATAFLOW,OECD.CFE.EDS:DSD_REG_DEMO@DF_DENSITY(2.0),Population density - Regions,I,A,Annual,CTRY,Country,NZL,New Zealand,_Z,Not applicable,POP,Population,_T,Total,_T,Total,PS_KM2,Persons per square kilometer,2014,,17.02,,NZL,New Zealand,A,Normal value,0,Units,2,Two
DATAFLOW,OECD.CFE.EDS:DSD_REG_DEMO@DF_DENSITY(2.0),Population density - Regions,I,A,Annual,CTRY,Country,NZL,New Zealand,_Z,Not applicable,POP,Population,_T,Total,_T,Total,PS_KM2,Persons per square kilometer,2009,,16.24,,NZL,New Zealand,A,Normal value,0,Units,2,Two
DATAFLOW,OECD.CFE.EDS:DSD_REG_DEMO@DF_DENSITY(2.0),Population density - Regions,I,A,Annual,CTRY,Country,NZL,New Zealand,_Z,Not applicable,POP,Population,_T,Total,_T,Total,PS_KM2,Persons per square kilometer,2008,,16.08,,NZL,New Zealand,A,Normal value,0,Units,2,Two
DATAFLOW,OECD.CFE.EDS:DSD_REG_DEMO@DF_DENSITY(2.0),Population density - Regions,I,A,Annual,CTRY,Country,NZL,New Zealand,_Z,Not applicable,POP,Population,_T,Total,_T,Total,PS_KM2,Persons per square kilometer,2004,,15.43,,NZL,New Zealand,A,Normal value,0,Units,2,Two
DATAFLOW,OECD.CFE.EDS:DSD_REG_DEMO@DF_DENSITY(2.0),Population density - Regions,I,A,Annual,CTRY,Country,NZL,New Zealand,_Z,Not applicable,POP,Population,_T,Total,_T,Total,PS_KM2,Persons per square kilometer,2003,,15.2,,NZL,New Zealand,A,Normal value,0,Units,2,Two
DATAFLOW,OECD.CFE.EDS:DSD_REG_DEMO@DF_DENSITY(2.0),Population density - Regions,I,A,Annual,CTRY,Country,NZL,New Zealand,_Z,Not applicable,POP,Population,_T,Total,_T,Total,PS_KM2,Persons per square kilometer,2002,,14.9,,NZL,New Zealand,A,Normal value,0,Units,2,Two
DATAFLOW,OECD.CFE.EDS:DSD_REG_DEMO@DF_DENSITY(2.0),Population density - Regions,I,A,Annual,CTRY,Country,NZL,New Zealand,_Z,Not applicable,POP,Population,_T,Total,_T,Total,PS_KM2,Persons per square kilometer,2000,,14.56,,NZL,New Zealand,A,Normal value,0,Units,2,Two
DATAFLOW,OECD.CFE.EDS:DSD_REG_DEMO@DF_DENSITY(2.0),Population density - Regions,I,A,Annual,CTRY,Country,NZL,New Zealand,_Z,Not applicable,POP,Population,_T,Total,_T,Total,PS_KM2,Persons per square kilometer,1999,,14.48,,NZL,New Zealand,A,Normal value,0,Units,2,Two
DATAFLOW,OECD.CFE.EDS:DSD_REG_DEMO@DF_DENSITY(2.0),Population density - Regions,I,A,Annual,CTRY,Country,NZL,New Zealand,_Z,Not applicable,POP,Population,_T,Total,_T,Total,PS_KM2,Persons per square kilometer,1998,,14.4,,NZL,New Zealand,A,Normal value,0,Units,2,Two
DATAFLOW,OECD.CFE.EDS:DSD_REG_DEMO@DF_DENSITY(2.0),Population density - Regions,I,A,Annual,CTRY,Country,NZL,New Zealand,_Z,Not applicable,POP,Population,_T,Total,_T,Total,PS_KM2,Persons per square kilometer,2023,,19.63,,NZL,New Zealand,A,Normal value,0,Units,2,Two
DATAFLOW,OECD.CFE.EDS:DSD_REG_DEMO@DF_DENSITY(2.0),Population density - Regions,I,A,Annual,CTRY,Country,NZL,New Zealand,_Z,Not applicable,POP,Population,_T,Total,_T,Total,PS_KM2,Persons per square kilometer,2012,,16.64,,NZL,New Zealand,A,Normal value,0,Units,2,Two
DATAFLOW,OECD.CFE.EDS:DSD_REG_DEMO@DF_DENSITY(2.0),Population density - Regions,I,A,Annual,CTRY,Country,NZL,New Zealand,_Z,Not applicable,POP,Population,_T,Total,_T,Total,PS_KM2,Persons per square kilometer,2017,,18.09,,NZL,New Zealand,A,Normal value,0,Units,2,Two
DATAFLOW,OECD.CFE.EDS:DSD_REG_DEMO@DF_DENSITY(2.0),Population density - Regions,I,A,Annual,CTRY,Country,NZL,New Zealand,_Z,Not applicable,POP,Population,_T,Total,_T,Total,PS_KM2,Persons per square kilometer,2016,,17.71,,NZL,New Zealand,A,Normal value,0,Units,2,Two
DATAFLOW,OECD.CFE.EDS:DSD_REG_DEMO@DF_DENSITY(2.0),Population density - Regions,I,A,Annual,CTRY,Country,NZL,New Zealand,_Z,Not applicable,POP,Population,_T,Total,_T,Total,PS_KM2,Persons per square kilometer,2013,,16.77,,NZL,New Zealand,A,Normal value,0,Units,2,Two
DATAFLOW,OECD.CFE.EDS:DSD_REG_DEMO@DF_DENSITY(2.0),Population density - Regions,I,A,Annual,CTRY,Country,NOR,Norway,_Z,Not applicable,POP,Population,_T,Total,_T,Total,PS_KM2,Persons per square kilometer,2020,,14.74,,NOR,Norway,A,Normal value,0,Units,2,Two
DATAFLOW,OECD.CFE.EDS:DSD_REG_DEMO@DF_DENSITY(2.0),Population density - Regions,I,A,Annual,CTRY,Country,NOR,Norway,_Z,Not applicable,POP,Population,_T,Total,_T,Total,PS_KM2,Persons per square kilometer,2015,,14.18,,NOR,Norway,A,Normal value,0,Units,2,Two
DATAFLOW,OECD.CFE.EDS:DSD_REG_DEMO@DF_DENSITY(2.0),Population density - Regions,I,A,Annual,CTRY,Country,NOR,Norway,_Z,Not applicable,POP,Population,_T,Total,_T,Total,PS_KM2,Persons per square kilometer,2006,,12.74,,NOR,Norway,A,Normal value,0,Units,2,Two
DATAFLOW,OECD.CFE.EDS:DSD_REG_DEMO@DF_DENSITY(2.0),Population density - Regions,I,A,Annual,CTRY,Country,NOR,Norway,_Z,Not applicable,POP,Population,_T,Total,_T,Total,PS_KM2,Persons per square kilometer,1991,,13.75,,NOR,Norway,A,Normal value,0,Units,2,Two
DATAFLOW,OECD.CFE.EDS:DSD_REG_DEMO@DF_DENSITY(2.0),Population density - Regions,I,A,Annual,CTRY,Country,NOR,Norway,_Z,Not applicable,POP,Population,_T,Total,_T,Total,PS_KM2,Persons per square kilometer,1992,,13.82,,NOR,Norway,A,Normal value,0,Units,2,Two
DATAFLOW,OECD.CFE.EDS:DSD_REG_DEMO@DF_DENSITY(2.0),Population density - Regions,I,A,Annual,CTRY,Country,NOR,Norway,_Z,Not applicable,POP,Population,_T,Total,_T,Total,PS_KM2,Persons per square kilometer,2001,,12.36,,NOR,Norway,A,Normal value,0,Units,2,Two
DATAFLOW,OECD.CFE.EDS:DSD_REG_DEMO@DF_DENSITY(2.0),Population density - Regions,I,A,Annual,CTRY,Country,NOR,Norway,_Z,Not applicable,POP,Population,_T,Total,_T,Total,PS_KM2,Persons per square kilometer,1995,,11.94,,NOR,Norway,A,Normal value,0,Units,2,Two
DATAFLOW,OECD.CFE.EDS:DSD_REG_DEMO@DF_DENSITY(2.0),Population density - Regions,I,A,Annual,CTRY,Country,NOR,Norway,_Z,Not applicable,POP,Population,_T,Total,_T,Total,PS_KM2,Persons per square kilometer,1994,,13.99,,NOR,Norway,A,Normal value,0,Units,2,Two
DATAFLOW,OECD.CFE.EDS:DSD_REG_DEMO@DF_DENSITY(2.0),Population density - Regions,I,A,Annual,CTRY,Country,NOR,Norway,_Z,Not applicable,POP,Population,_T,Total,_T,Total,PS_KM2,Persons per square kilometer,2014,,14.03,,NOR,Norway,A,Normal value,0,Units,2,Two
DATAFLOW,OECD.CFE.EDS:DSD_REG_DEMO@DF_DENSITY(2.0),Population density - Regions,I,A,Annual,CTRY,Country,NOR,Norway,_Z,Not applicable,POP,Population,_T,Total,_T,Total,PS_KM2,Persons per square kilometer,2009,,13.18,,NOR,Norway,A,Normal value,0,Units,2,Two
DATAFLOW,OECD.CFE.EDS:DSD_REG_DEMO@DF_DENSITY(2.0),Population density - Regions,I,A,Annual,CTRY,Country,NOR,Norway,_Z,Not applicable,POP,Population,_T,Total,_T,Total,PS_KM2,Persons per square kilometer,2008,,13,,NOR,Norway,A,Normal value,0,Units,2,Two
DATAFLOW,OECD.CFE.EDS:DSD_REG_DEMO@DF_DENSITY(2.0),Population density - Regions,I,A,Annual,CTRY,Country,NOR,Norway,_Z,Not applicable,POP,Population,_T,Total,_T,Total,PS_KM2,Persons per square kilometer,1993,,13.91,,NOR,Norway,A,Normal value,0,Units,2,Two
DATAFLOW,OECD.CFE.EDS:DSD_REG_DEMO@DF_DENSITY(2.0),Population density - Regions,I,A,Annual,CTRY,Country,NOR,Norway,_Z,Not applicable,POP,Population,_T,Total,_T,Total,PS_KM2,Persons per square kilometer,2004,,12.57,,NOR,Norway,A,Normal value,0,Units,2,Two
DATAFLOW,OECD.CFE.EDS:DSD_REG_DEMO@DF_DENSITY(2.0),Population density - Regions,I,A,Annual,CTRY,Country,NOR,Norway,_Z,Not applicable,POP,Population,_T,Total,_T,Total,PS_KM2,Persons per square kilometer,2003,,12.5,,NOR,Norway,A,Normal value,0,Units,2,Two
DATAFLOW,OECD.CFE.EDS:DSD_REG_DEMO@DF_DENSITY(2.0),Population density - Regions,I,A,Annual,CTRY,Country,NOR,Norway,_Z,Not applicable,POP,Population,_T,Total,_T,Total,PS_KM2,Persons per square kilometer,2002,,12.42,,NOR,Norway,A,Normal value,0,Units,2,Two
DATAFLOW,OECD.CFE.EDS:DSD_REG_DEMO@DF_DENSITY(2.0),Population density - Regions,I,A,Annual,CTRY,Country,NOR,Norway,_Z,Not applicable,POP,Population,_T,Total,_T,Total,PS_KM2,Persons per square kilometer,2000,,12.29,,NOR,Norway,A,Normal value,0,Units,2,Two
DATAFLOW,OECD.CFE.EDS:DSD_REG_DEMO@DF_DENSITY(2.0),Population density - Regions,I,A,Annual,CTRY,Country,NOR,Norway,_Z,Not applicable,POP,Population,_T,Total,_T,Total,PS_KM2,Persons per square kilometer,1990,,13.69,,NOR,Norway,A,Normal value,0,Units,2,Two
DATAFLOW,OECD.CFE.EDS:DSD_REG_DEMO@DF_DENSITY(2.0),Population density - Regions,I,A,Annual,CTRY,Country,NOR,Norway,_Z,Not applicable,POP,Population,_T,Total,_T,Total,PS_KM2,Persons per square kilometer,1999,,12.2,,NOR,Norway,A,Normal value,0,Units,2,Two
DATAFLOW,OECD.CFE.EDS:DSD_REG_DEMO@DF_DENSITY(2.0),Population density - Regions,I,A,Annual,CTRY,Country,NOR,Norway,_Z,Not applicable,POP,Population,_T,Total,_T,Total,PS_KM2,Persons per square kilometer,1998,,12.13,,NOR,Norway,A,Normal value,0,Units,2,Two
DATAFLOW,OECD.CFE.EDS:DSD_REG_DEMO@DF_DENSITY(2.0),Population density - Regions,I,A,Annual,CTRY,Country,NOR,Norway,_Z,Not applicable,POP,Population,_T,Total,_T,Total,PS_KM2,Persons per square kilometer,1997,,12.06,,NOR,Norway,A,Normal value,0,Units,2,Two
DATAFLOW,OECD.CFE.EDS:DSD_REG_DEMO@DF_DENSITY(2.0),Population density - Regions,I,A,Annual,CTRY,Country,NOR,Norway,_Z,Not applicable,POP,Population,_T,Total,_T,Total,PS_KM2,Persons per square kilometer,1996,,12,,NOR,Norway,A,Normal value,0,Units,2,Two
DATAFLOW,OECD.CFE.EDS:DSD_REG_DEMO@DF_DENSITY(2.0),Population density - Regions,I,A,Annual,CTRY,Country,NOR,Norway,_Z,Not applicable,POP,Population,_T,Total,_T,Total,PS_KM2,Persons per square kilometer,2007,,12.85,,NOR,Norway,A,Normal value,0,Units,2,Two
DATAFLOW,OECD.CFE.EDS:DSD_REG_DEMO@DF_DENSITY(2.0),Population density - Regions,I,A,Annual,CTRY,Country,NOR,Norway,_Z,Not applicable,POP,Population,_T,Total,_T,Total,PS_KM2,Persons per square kilometer,2019,,14.63,,NOR,Norway,A,Normal value,0,Units,2,Two
DATAFLOW,OECD.CFE.EDS:DSD_REG_DEMO@DF_DENSITY(2.0),Population density - Regions,I,A,Annual,CTRY,Country,NOR,Norway,_Z,Not applicable,POP,Population,_T,Total,_T,Total,PS_KM2,Persons per square kilometer,2017,,14.44,,NOR,Norway,A,Normal value,0,Units,2,Two
DATAFLOW,OECD.CFE.EDS:DSD_REG_DEMO@DF_DENSITY(2.0),Population density - Regions,I,A,Annual,CTRY,Country,NOR,Norway,_Z,Not applicable,POP,Population,_T,Total,_T,Total,PS_KM2,Persons per square kilometer,2016,,14.31,,NOR,Norway,A,Normal value,0,Units,2,Two
DATAFLOW,OECD.CFE.EDS:DSD_REG_DEMO@DF_DENSITY(2.0),Population density - Regions,I,A,Annual,CTRY,Country,NOR,Norway,_Z,Not applicable,POP,Population,_T,Total,_T,Total,PS_KM2,Persons per square kilometer,2013,,13.87,,NOR,Norway,A,Normal value,0,Units,2,Two
DATAFLOW,OECD.CFE.EDS:DSD_REG_DEMO@DF_DENSITY(2.0),Population density - Regions,I,A,Annual,CTRY,Country,NOR,Norway,_Z,Not applicable,POP,Population,_T,Total,_T,Total,PS_KM2,Persons per square kilometer,2012,,13.69,,NOR,Norway,A,Normal value,0,Units,2,Two
DATAFLOW,OECD.CFE.EDS:DSD_REG_DEMO@DF_DENSITY(2.0),Population density - Regions,I,A,Annual,CTRY,Country,NOR,Norway,_Z,Not applicable,POP,Population,_T,Total,_T,Total,PS_KM2,Persons per square kilometer,2011,,13.51,,NOR,Norway,A,Normal value,0,Units,2,Two
DATAFLOW,OECD.CFE.EDS:DSD_REG_DEMO@DF_DENSITY(2.0),Population density - Regions,I,A,Annual,CTRY,Country,NOR,Norway,_Z,Not applicable,POP,Population,_T,Total,_T,Total,PS_KM2,Persons per square kilometer,2010,,13.34,,NOR,Norway,A,Normal value,0,Units,2,Two
DATAFLOW,OECD.CFE.EDS:DSD_REG_DEMO@DF_DENSITY(2.0),Population density - Regions,I,A,Annual,CTRY,Country,NOR,Norway,_Z,Not applicable,POP,Population,_T,Total,_T,Total,PS_KM2,Persons per square kilometer,2018,,14.54,,NOR,Norway,A,Normal value,0,Units,2,Two
DATAFLOW,OECD.CFE.EDS:DSD_REG_DEMO@DF_DENSITY(2.0),Population density - Regions,I,A,Annual,CTRY,Country,NOR,Norway,_Z,Not applicable,POP,Population,_T,Total,_T,Total,PS_KM2,Persons per square kilometer,2005,,12.65,,NOR,Norway,A,Normal value,0,Units,2,Two
DATAFLOW,OECD.CFE.EDS:DSD_REG_DEMO@DF_DENSITY(2.0),Population density - Regions,I,A,Annual,CTRY,Country,NOR,Norway,_Z,Not applicable,POP,Population,_T,Total,_T,Total,PS_KM2,Persons per square kilometer,2023,,15.07,,NOR,Norway,A,Normal value,0,Units,2,Two
DATAFLOW,OECD.CFE.EDS:DSD_REG_DEMO@DF_DENSITY(2.0),Population density - Regions,I,A,Annual,CTRY,Country,NOR,Norway,_Z,Not applicable,POP,Population,_T,Total,_T,Total,PS_KM2,Persons per square kilometer,2022,,14.89,,NOR,Norway,A,Normal value,0,Units,2,Two
DATAFLOW,OECD.CFE.EDS:DSD_REG_DEMO@DF_DENSITY(2.0),Population density - Regions,I,A,Annual,CTRY,Country,POL,Poland,_Z,Not applicable,POP,Population,_T,Total,_T,Total,PS_KM2,Persons per square kilometer,2020,,123.55,,POL,Poland,A,Normal value,0,Units,2,Two
DATAFLOW,OECD.CFE.EDS:DSD_REG_DEMO@DF_DENSITY(2.0),Population density - Regions,I,A,Annual,CTRY,Country,POL,Poland,_Z,Not applicable,POP,Population,_T,Total,_T,Total,PS_KM2,Persons per square kilometer,2006,,124.19,,POL,Poland,A,Normal value,0,Units,2,Two
DATAFLOW,OECD.CFE.EDS:DSD_REG_DEMO@DF_DENSITY(2.0),Population density - Regions,I,A,Annual,CTRY,Country,POL,Poland,_Z,Not applicable,POP,Population,_T,Total,_T,Total,PS_KM2,Persons per square kilometer,1992,,124.69,,POL,Poland,A,Normal value,0,Units,2,Two
DATAFLOW,OECD.CFE.EDS:DSD_REG_DEMO@DF_DENSITY(2.0),Population density - Regions,I,A,Annual,CTRY,Country,POL,Poland,_Z,Not applicable,POP,Population,_T,Total,_T,Total,PS_KM2,Persons per square kilometer,1991,,124.28,,POL,Poland,A,Normal value,0,Units,2,Two
DATAFLOW,OECD.CFE.EDS:DSD_REG_DEMO@DF_DENSITY(2.0),Population density - Regions,I,A,Annual,CTRY,Country,POL,Poland,_Z,Not applicable,POP,Population,_T,Total,_T,Total,PS_KM2,Persons per square kilometer,2001,,124.51,,POL,Poland,A,Normal value,0,Units,2,Two
DATAFLOW,OECD.CFE.EDS:DSD_REG_DEMO@DF_DENSITY(2.0),Population density - Regions,I,A,Annual,CTRY,Country,POL,Poland,_Z,Not applicable,POP,Population,_T,Total,_T,Total,PS_KM2,Persons per square kilometer,1995,,125.57,,POL,Poland,A,Normal value,0,Units,2,Two
DATAFLOW,OECD.CFE.EDS:DSD_REG_DEMO@DF_DENSITY(2.0),Population density - Regions,I,A,Annual,CTRY,Country,POL,Poland,_Z,Not applicable,POP,Population,_T,Total,_T,Total,PS_KM2,Persons per square kilometer,1994,,125.33,,POL,Poland,A,Normal value,0,Units,2,Two
DATAFLOW,OECD.CFE.EDS:DSD_REG_DEMO@DF_DENSITY(2.0),Population density - Regions,I,A,Annual,CTRY,Country,POL,Poland,_Z,Not applicable,POP,Population,_T,Total,_T,Total,PS_KM2,Persons per square kilometer,1996,,125.67,,POL,Poland,A,Normal value,0,Units,2,Two
DATAFLOW,OECD.CFE.EDS:DSD_REG_DEMO@DF_DENSITY(2.0),Population density - Regions,I,A,Annual,CTRY,Country,POL,Poland,_Z,Not applicable,POP,Population,_T,Total,_T,Total,PS_KM2,Persons per square kilometer,1993,,125.04,,POL,Poland,A,Normal value,0,Units,2,Two
DATAFLOW,OECD.CFE.EDS:DSD_REG_DEMO@DF_DENSITY(2.0),Population density - Regions,I,A,Annual,CTRY,Country,POL,Poland,_Z,Not applicable,POP,Population,_T,Total,_T,Total,PS_KM2,Persons per square kilometer,2016,,123.58,,POL,Poland,A,Normal value,0,Units,2,Two
DATAFLOW,OECD.CFE.EDS:DSD_REG_DEMO@DF_DENSITY(2.0),Population density - Regions,I,A,Annual,CTRY,Country,POL,Poland,_Z,Not applicable,POP,Population,_T,Total,_T,Total,PS_KM2,Persons per square kilometer,2015,,123.7,,POL,Poland,A,Normal value,0,Units,2,Two
DATAFLOW,OECD.CFE.EDS:DSD_REG_DEMO@DF_DENSITY(2.0),Population density - Regions,I,A,Annual,CTRY,Country,POL,Poland,_Z,Not applicable,POP,Population,_T,Total,_T,Total,PS_KM2,Persons per square kilometer,2014,,123.74,,POL,Poland,A,Normal value,0,Units,2,Two
DATAFLOW,OECD.CFE.EDS:DSD_REG_DEMO@DF_DENSITY(2.0),Population density - Regions,I,A,Annual,CTRY,Country,POL,Poland,_Z,Not applicable,POP,Population,_T,Total,_T,Total,PS_KM2,Persons per square kilometer,2013,,123.89,,POL,Poland,A,Normal value,0,Units,2,Two
DATAFLOW,OECD.CFE.EDS:DSD_REG_DEMO@DF_DENSITY(2.0),Population density - Regions,I,A,Annual,CTRY,Country,POL,Poland,_Z,Not applicable,POP,Population,_T,Total,_T,Total,PS_KM2,Persons per square kilometer,1999,,125.85,,POL,Poland,A,Normal value,0,Units,2,Two
DATAFLOW,OECD.CFE.EDS:DSD_REG_DEMO@DF_DENSITY(2.0),Population density - Regions,I,A,Annual,CTRY,Country,POL,Poland,_Z,Not applicable,POP,Population,_T,Total,_T,Total,PS_KM2,Persons per square kilometer,2009,,124.13,,POL,Poland,A,Normal value,0,Units,2,Two
DATAFLOW,OECD.CFE.EDS:DSD_REG_DEMO@DF_DENSITY(2.0),Population density - Regions,I,A,Annual,CTRY,Country,POL,Poland,_Z,Not applicable,POP,Population,_T,Total,_T,Total,PS_KM2,Persons per square kilometer,2008,,124.06,,POL,Poland,A,Normal value,0,Units,2,Two
DATAFLOW,OECD.CFE.EDS:DSD_REG_DEMO@DF_DENSITY(2.0),Population density - Regions,I,A,Annual,CTRY,Country,POL,Poland,_Z,Not applicable,POP,Population,_T,Total,_T,Total,PS_KM2,Persons per square kilometer,1990,,123.81,,POL,Poland,A,Normal value,0,Units,2,Two
DATAFLOW,OECD.CFE.EDS:DSD_REG_DEMO@DF_DENSITY(2.0),Population density - Regions,I,A,Annual,CTRY,Country,POL,Poland,_Z,Not applicable,POP,Population,_T,Total,_T,Total,PS_KM2,Persons per square kilometer,2004,,124.3,,POL,Poland,A,Normal value,0,Units,2,Two
DATAFLOW,OECD.CFE.EDS:DSD_REG_DEMO@DF_DENSITY(2.0),Population density - Regions,I,A,Annual,CTRY,Country,POL,Poland,_Z,Not applicable,POP,Population,_T,Total,_T,Total,PS_KM2,Persons per square kilometer,2003,,124.39,,POL,Poland,A,Normal value,0,Units,2,Two
DATAFLOW,OECD.CFE.EDS:DSD_REG_DEMO@DF_DENSITY(2.0),Population density - Regions,I,A,Annual,CTRY,Country,POL,Poland,_Z,Not applicable,POP,Population,_T,Total,_T,Total,PS_KM2,Persons per square kilometer,2002,,124.47,,POL,Poland,A,Normal value,0,Units,2,Two
DATAFLOW,OECD.CFE.EDS:DSD_REG_DEMO@DF_DENSITY(2.0),Population density - Regions,I,A,Annual,CTRY,Country,POL,Poland,_Z,Not applicable,POP,Population,_T,Total,_T,Total,PS_KM2,Persons per square kilometer,1998,,125.83,,POL,Poland,A,Normal value,0,Units,2,Two
DATAFLOW,OECD.CFE.EDS:DSD_REG_DEMO@DF_DENSITY(2.0),Population density - Regions,I,A,Annual,CTRY,Country,POL,Poland,_Z,Not applicable,POP,Population,_T,Total,_T,Total,PS_KM2,Persons per square kilometer,1997,,125.76,,POL,Poland,A,Normal value,0,Units,2,Two
DATAFLOW,OECD.CFE.EDS:DSD_REG_DEMO@DF_DENSITY(2.0),Population density - Regions,I,A,Annual,CTRY,Country,POL,Poland,_Z,Not applicable,POP,Population,_T,Total,_T,Total,PS_KM2,Persons per square kilometer,2012,,123.89,,POL,Poland,A,Normal value,0,Units,2,Two
DATAFLOW,OECD.CFE.EDS:DSD_REG_DEMO@DF_DENSITY(2.0),Population density - Regions,I,A,Annual,CTRY,Country,POL,Poland,_Z,Not applicable,POP,Population,_T,Total,_T,Total,PS_KM2,Persons per square kilometer,2019,,123.59,,POL,Poland,A,Normal value,0,Units,2,Two
DATAFLOW,OECD.CFE.EDS:DSD_REG_DEMO@DF_DENSITY(2.0),Population density - Regions,I,A,Annual,CTRY,Country,POL,Poland,_Z,Not applicable,POP,Population,_T,Total,_T,Total,PS_KM2,Persons per square kilometer,2018,,123.61,,POL,Poland,A,Normal value,0,Units,2,Two
DATAFLOW,OECD.CFE.EDS:DSD_REG_DEMO@DF_DENSITY(2.0),Population density - Regions,I,A,Annual,CTRY,Country,POL,Poland,_Z,Not applicable,POP,Population,_T,Total,_T,Total,PS_KM2,Persons per square kilometer,2017,,123.6,,POL,Poland,A,Normal value,0,Units,2,Two
DATAFLOW,OECD.CFE.EDS:DSD_REG_DEMO@DF_DENSITY(2.0),Population density - Regions,I,A,Annual,CTRY,Country,POL,Poland,_Z,Not applicable,POP,Population,_T,Total,_T,Total,PS_KM2,Persons per square kilometer,2023,,119.63,,POL,Poland,E,Estimated value,0,Units,2,Two
DATAFLOW,OECD.CFE.EDS:DSD_REG_DEMO@DF_DENSITY(2.0),Population density - Regions,I,A,Annual,CTRY,Country,POL,Poland,_Z,Not applicable,POP,Population,_T,Total,_T,Total,PS_KM2,Persons per square kilometer,2007,,124.09,,POL,Poland,A,Normal value,0,Units,2,Two
DATAFLOW,OECD.CFE.EDS:DSD_REG_DEMO@DF_DENSITY(2.0),Population density - Regions,I,A,Annual,CTRY,Country,POL,Poland,_Z,Not applicable,POP,Population,_T,Total,_T,Total,PS_KM2,Persons per square kilometer,2005,,124.25,,POL,Poland,A,Normal value,0,Units,2,Two
DATAFLOW,OECD.CFE.EDS:DSD_REG_DEMO@DF_DENSITY(2.0),Population density - Regions,I,A,Annual,CTRY,Country,POL,Poland,_Z,Not applicable,POP,Population,_T,Total,_T,Total,PS_KM2,Persons per square kilometer,2022,,120.07,,POL,Poland,E,Estimated value,0,Units,2,Two
DATAFLOW,OECD.CFE.EDS:DSD_REG_DEMO@DF_DENSITY(2.0),Population density - Regions,I,A,Annual,CTRY,Country,POL,Poland,_Z,Not applicable,POP,Population,_T,Total,_T,Total,PS_KM2,Persons per square kilometer,2021,,120.67,,POL,Poland,E,Estimated value,0,Units,2,Two
DATAFLOW,OECD.CFE.EDS:DSD_REG_DEMO@DF_DENSITY(2.0),Population density - Regions,I,A,Annual,CTRY,Country,POL,Poland,_Z,Not applicable,POP,Population,_T,Total,_T,Total,PS_KM2,Persons per square kilometer,2010,,123.76,,POL,Poland,B,Time series break,0,Units,2,Two
DATAFLOW,OECD.CFE.EDS:DSD_REG_DEMO@DF_DENSITY(2.0),Population density - Regions,I,A,Annual,CTRY,Country,POL,Poland,_Z,Not applicable,POP,Population,_T,Total,_T,Total,PS_KM2,Persons per square kilometer,2000,,124.54,,POL,Poland,B,Time series break,0,Units,2,Two
DATAFLOW,OECD.CFE.EDS:DSD_REG_DEMO@DF_DENSITY(2.0),Population density - Regions,I,A,Annual,CTRY,Country,PRT,Portugal,_Z,Not applicable,POP,Population,_T,Total,_T,Total,PS_KM2,Persons per square kilometer,2019,,113.56,,PRT,Portugal,A,Normal value,0,Units,2,Two
DATAFLOW,OECD.CFE.EDS:DSD_REG_DEMO@DF_DENSITY(2.0),Population density - Regions,I,A,Annual,CTRY,Country,PRT,Portugal,_Z,Not applicable,POP,Population,_T,Total,_T,Total,PS_KM2,Persons per square kilometer,2018,,113.58,,PRT,Portugal,A,Normal value,0,Units,2,Two
DATAFLOW,OECD.CFE.EDS:DSD_REG_DEMO@DF_DENSITY(2.0),Population density - Regions,I,A,Annual,CTRY,Country,PRT,Portugal,_Z,Not applicable,POP,Population,_T,Total,_T,Total,PS_KM2,Persons per square kilometer,1992,,109.35,,PRT,Portugal,A,Normal value,0,Units,2,Two
DATAFLOW,OECD.CFE.EDS:DSD_REG_DEMO@DF_DENSITY(2.0),Population density - Regions,I,A,Annual,CTRY,Country,PRT,Portugal,_Z,Not applicable,POP,Population,_T,Total,_T,Total,PS_KM2,Persons per square kilometer,1991,,109.57,,PRT,Portugal,A,Normal value,0,Units,2,Two
DATAFLOW,OECD.CFE.EDS:DSD_REG_DEMO@DF_DENSITY(2.0),Population density - Regions,I,A,Annual,CTRY,Country,PRT,Portugal,_Z,Not applicable,POP,Population,_T,Total,_T,Total,PS_KM2,Persons per square kilometer,2001,,113.53,,PRT,Portugal,A,Normal value,0,Units,2,Two
DATAFLOW,OECD.CFE.EDS:DSD_REG_DEMO@DF_DENSITY(2.0),Population density - Regions,I,A,Annual,CTRY,Country,PRT,Portugal,_Z,Not applicable,POP,Population,_T,Total,_T,Total,PS_KM2,Persons per square kilometer,1995,,109.99,,PRT,Portugal,A,Normal value,0,Units,2,Two
DATAFLOW,OECD.CFE.EDS:DSD_REG_DEMO@DF_DENSITY(2.0),Population density - Regions,I,A,Annual,CTRY,Country,PRT,Portugal,_Z,Not applicable,POP,Population,_T,Total,_T,Total,PS_KM2,Persons per square kilometer,1994,,109.61,,PRT,Portugal,A,Normal value,0,Units,2,Two
DATAFLOW,OECD.CFE.EDS:DSD_REG_DEMO@DF_DENSITY(2.0),Population density - Regions,I,A,Annual,CTRY,Country,PRT,Portugal,_Z,Not applicable,POP,Population,_T,Total,_T,Total,PS_KM2,Persons per square kilometer,1996,,110.38,,PRT,Portugal,A,Normal value,0,Units,2,Two
DATAFLOW,OECD.CFE.EDS:DSD_REG_DEMO@DF_DENSITY(2.0),Population density - Regions,I,A,Annual,CTRY,Country,PRT,Portugal,_Z,Not applicable,POP,Population,_T,Total,_T,Total,PS_KM2,Persons per square kilometer,2017,,113.68,,PRT,Portugal,A,Normal value,0,Units,2,Two
DATAFLOW,OECD.CFE.EDS:DSD_REG_DEMO@DF_DENSITY(2.0),Population density - Regions,I,A,Annual,CTRY,Country,PRT,Portugal,_Z,Not applicable,POP,Population,_T,Total,_T,Total,PS_KM2,Persons per square kilometer,2016,,113.95,,PRT,Portugal,A,Normal value,0,Units,2,Two
DATAFLOW,OECD.CFE.EDS:DSD_REG_DEMO@DF_DENSITY(2.0),Population density - Regions,I,A,Annual,CTRY,Country,PRT,Portugal,_Z,Not applicable,POP,Population,_T,Total,_T,Total,PS_KM2,Persons per square kilometer,2009,,116.08,,PRT,Portugal,A,Normal value,0,Units,2,Two
DATAFLOW,OECD.CFE.EDS:DSD_REG_DEMO@DF_DENSITY(2.0),Population density - Regions,I,A,Annual,CTRY,Country,PRT,Portugal,_Z,Not applicable,POP,Population,_T,Total,_T,Total,PS_KM2,Persons per square kilometer,2008,,115.98,,PRT,Portugal,A,Normal value,0,Units,2,Two
DATAFLOW,OECD.CFE.EDS:DSD_REG_DEMO@DF_DENSITY(2.0),Population density - Regions,I,A,Annual,CTRY,Country,PRT,Portugal,_Z,Not applicable,POP,Population,_T,Total,_T,Total,PS_KM2,Persons per square kilometer,1993,,109.4,,PRT,Portugal,A,Normal value,0,Units,2,Two
DATAFLOW,OECD.CFE.EDS:DSD_REG_DEMO@DF_DENSITY(2.0),Population density - Regions,I,A,Annual,CTRY,Country,PRT,Portugal,_Z,Not applicable,POP,Population,_T,Total,_T,Total,PS_KM2,Persons per square kilometer,2004,,115.09,,PRT,Portugal,A,Normal value,0,Units,2,Two
DATAFLOW,OECD.CFE.EDS:DSD_REG_DEMO@DF_DENSITY(2.0),Population density - Regions,I,A,Annual,CTRY,Country,PRT,Portugal,_Z,Not applicable,POP,Population,_T,Total,_T,Total,PS_KM2,Persons per square kilometer,2003,,114.78,,PRT,Portugal,A,Normal value,0,Units,2,Two
DATAFLOW,OECD.CFE.EDS:DSD_REG_DEMO@DF_DENSITY(2.0),Population density - Regions,I,A,Annual,CTRY,Country,PRT,Portugal,_Z,Not applicable,POP,Population,_T,Total,_T,Total,PS_KM2,Persons per square kilometer,2002,,114.23,,PRT,Portugal,A,Normal value,0,Units,2,Two
DATAFLOW,OECD.CFE.EDS:DSD_REG_DEMO@DF_DENSITY(2.0),Population density - Regions,I,A,Annual,CTRY,Country,PRT,Portugal,_Z,Not applicable,POP,Population,_T,Total,_T,Total,PS_KM2,Persons per square kilometer,2000,,112.63,,PRT,Portugal,A,Normal value,0,Units,2,Two
DATAFLOW,OECD.CFE.EDS:DSD_REG_DEMO@DF_DENSITY(2.0),Population density - Regions,I,A,Annual,CTRY,Country,PRT,Portugal,_Z,Not applicable,POP,Population,_T,Total,_T,Total,PS_KM2,Persons per square kilometer,1990,,109.85,,PRT,Portugal,A,Normal value,0,Units,2,Two
DATAFLOW,OECD.CFE.EDS:DSD_REG_DEMO@DF_DENSITY(2.0),Population density - Regions,I,A,Annual,CTRY,Country,PRT,Portugal,_Z,Not applicable,POP,Population,_T,Total,_T,Total,PS_KM2,Persons per square kilometer,1999,,111.95,,PRT,Portugal,A,Normal value,0,Units,2,Two
DATAFLOW,OECD.CFE.EDS:DSD_REG_DEMO@DF_DENSITY(2.0),Population density - Regions,I,A,Annual,CTRY,Country,PRT,Portugal,_Z,Not applicable,POP,Population,_T,Total,_T,Total,PS_KM2,Persons per square kilometer,1998,,111.36,,PRT,Portugal,A,Normal value,0,Units,2,Two
DATAFLOW,OECD.CFE.EDS:DSD_REG_DEMO@DF_DENSITY(2.0),Population density - Regions,I,A,Annual,CTRY,Country,PRT,Portugal,_Z,Not applicable,POP,Population,_T,Total,_T,Total,PS_KM2,Persons per square kilometer,1997,,110.82,,PRT,Portugal,A,Normal value,0,Units,2,Two
DATAFLOW,OECD.CFE.EDS:DSD_REG_DEMO@DF_DENSITY(2.0),Population density - Regions,I,A,Annual,CTRY,Country,PRT,Portugal,_Z,Not applicable,POP,Population,_T,Total,_T,Total,PS_KM2,Persons per square kilometer,2006,,115.52,,PRT,Portugal,A,Normal value,0,Units,2,Two
DATAFLOW,OECD.CFE.EDS:DSD_REG_DEMO@DF_DENSITY(2.0),Population density - Regions,I,A,Annual,CTRY,Country,PRT,Portugal,_Z,Not applicable,POP,Population,_T,Total,_T,Total,PS_KM2,Persons per square kilometer,2015,,114.24,,PRT,Portugal,A,Normal value,0,Units,2,Two
DATAFLOW,OECD.CFE.EDS:DSD_REG_DEMO@DF_DENSITY(2.0),Population density - Regions,I,A,Annual,CTRY,Country,PRT,Portugal,_Z,Not applicable,POP,Population,_T,Total,_T,Total,PS_KM2,Persons per square kilometer,2014,,114.78,,PRT,Portugal,A,Normal value,0,Units,2,Two
DATAFLOW,OECD.CFE.EDS:DSD_REG_DEMO@DF_DENSITY(2.0),Population density - Regions,I,A,Annual,CTRY,Country,PRT,Portugal,_Z,Not applicable,POP,Population,_T,Total,_T,Total,PS_KM2,Persons per square kilometer,2013,,115.43,,PRT,Portugal,A,Normal value,0,Units,2,Two
DATAFLOW,OECD.CFE.EDS:DSD_REG_DEMO@DF_DENSITY(2.0),Population density - Regions,I,A,Annual,CTRY,Country,PRT,Portugal,_Z,Not applicable,POP,Population,_T,Total,_T,Total,PS_KM2,Persons per square kilometer,2012,,116.04,,PRT,Portugal,A,Normal value,0,Units,2,Two
DATAFLOW,OECD.CFE.EDS:DSD_REG_DEMO@DF_DENSITY(2.0),Population density - Regions,I,A,Annual,CTRY,Country,PRT,Portugal,_Z,Not applicable,POP,Population,_T,Total,_T,Total,PS_KM2,Persons per square kilometer,2023,,115.57,,PRT,Portugal,A,Normal value,0,Units,2,Two
DATAFLOW,OECD.CFE.EDS:DSD_REG_DEMO@DF_DENSITY(2.0),Population density - Regions,I,A,Annual,CTRY,Country,PRT,Portugal,_Z,Not applicable,POP,Population,_T,Total,_T,Total,PS_KM2,Persons per square kilometer,2022,,114.52,,PRT,Portugal,A,Normal value,0,Units,2,Two
DATAFLOW,OECD.CFE.EDS:DSD_REG_DEMO@DF_DENSITY(2.0),Population density - Regions,I,A,Annual,CTRY,Country,PRT,Portugal,_Z,Not applicable,POP,Population,_T,Total,_T,Total,PS_KM2,Persons per square kilometer,2021,,114.23,,PRT,Portugal,A,Normal value,0,Units,2,Two
DATAFLOW,OECD.CFE.EDS:DSD_REG_DEMO@DF_DENSITY(2.0),Population density - Regions,I,A,Annual,CTRY,Country,PRT,Portugal,_Z,Not applicable,POP,Population,_T,Total,_T,Total,PS_KM2,Persons per square kilometer,2020,,114.02,,PRT,Portugal,A,Normal value,0,Units,2,Two
DATAFLOW,OECD.CFE.EDS:DSD_REG_DEMO@DF_DENSITY(2.0),Population density - Regions,I,A,Annual,CTRY,Country,PRT,Portugal,_Z,Not applicable,POP,Population,_T,Total,_T,Total,PS_KM2,Persons per square kilometer,2011,,116.19,,PRT,Portugal,A,Normal value,0,Units,2,Two
DATAFLOW,OECD.CFE.EDS:DSD_REG_DEMO@DF_DENSITY(2.0),Population density - Regions,I,A,Annual,CTRY,Country,PRT,Portugal,_Z,Not applicable,POP,Population,_T,Total,_T,Total,PS_KM2,Persons per square kilometer,2010,,116.2,,PRT,Portugal,A,Normal value,0,Units,2,Two
DATAFLOW,OECD.CFE.EDS:DSD_REG_DEMO@DF_DENSITY(2.0),Population density - Regions,I,A,Annual,CTRY,Country,PRT,Portugal,_Z,Not applicable,POP,Population,_T,Total,_T,Total,PS_KM2,Persons per square kilometer,2007,,115.75,,PRT,Portugal,A,Normal value,0,Units,2,Two
DATAFLOW,OECD.CFE.EDS:DSD_REG_DEMO@DF_DENSITY(2.0),Population density - Regions,I,A,Annual,CTRY,Country,SVK,Slovak Republic,_Z,Not applicable,POP,Population,_T,Total,_T,Total,PS_KM2,Persons per square kilometer,2021,,112.11,,SVK,Slovak Republic,A,Normal value,0,Units,2,Two
DATAFLOW,OECD.CFE.EDS:DSD_REG_DEMO@DF_DENSITY(2.0),Population density - Regions,I,A,Annual,CTRY,Country,SVK,Slovak Republic,_Z,Not applicable,POP,Population,_T,Total,_T,Total,PS_KM2,Persons per square kilometer,2020,,112.07,,SVK,Slovak Republic,A,Normal value,0,Units,2,Two
DATAFLOW,OECD.CFE.EDS:DSD_REG_DEMO@DF_DENSITY(2.0),Population density - Regions,I,A,Annual,CTRY,Country,SVK,Slovak Republic,_Z,Not applicable,POP,Population,_T,Total,_T,Total,PS_KM2,Persons per square kilometer,1992,,108.74,,SVK,Slovak Republic,A,Normal value,0,Units,2,Two
DATAFLOW,OECD.CFE.EDS:DSD_REG_DEMO@DF_DENSITY(2.0),Population density - Regions,I,A,Annual,CTRY,Country,SVK,Slovak Republic,_Z,Not applicable,POP,Population,_T,Total,_T,Total,PS_KM2,Persons per square kilometer,1991,,109.05,,SVK,Slovak Republic,A,Normal value,0,Units,2,Two
DATAFLOW,OECD.CFE.EDS:DSD_REG_DEMO@DF_DENSITY(2.0),Population density - Regions,I,A,Annual,CTRY,Country,SVK,Slovak Republic,_Z,Not applicable,POP,Population,_T,Total,_T,Total,PS_KM2,Persons per square kilometer,2001,,110.44,,SVK,Slovak Republic,A,Normal value,0,Units,2,Two
DATAFLOW,OECD.CFE.EDS:DSD_REG_DEMO@DF_DENSITY(2.0),Population density - Regions,I,A,Annual,CTRY,Country,SVK,Slovak Republic,_Z,Not applicable,POP,Population,_T,Total,_T,Total,PS_KM2,Persons per square kilometer,1995,,109.98,,SVK,Slovak Republic,A,Normal value,0,Units,2,Two
DATAFLOW,OECD.CFE.EDS:DSD_REG_DEMO@DF_DENSITY(2.0),Population density - Regions,I,A,Annual,CTRY,Country,SVK,Slovak Republic,_Z,Not applicable,POP,Population,_T,Total,_T,Total,PS_KM2,Persons per square kilometer,1994,,109.57,,SVK,Slovak Republic,A,Normal value,0,Units,2,Two
DATAFLOW,OECD.CFE.EDS:DSD_REG_DEMO@DF_DENSITY(2.0),Population density - Regions,I,A,Annual,CTRY,Country,SVK,Slovak Republic,_Z,Not applicable,POP,Population,_T,Total,_T,Total,PS_KM2,Persons per square kilometer,1996,,110.22,,SVK,Slovak Republic,A,Normal value,0,Units,2,Two
DATAFLOW,OECD.CFE.EDS:DSD_REG_DEMO@DF_DENSITY(2.0),Population density - Regions,I,A,Annual,CTRY,Country,SVK,Slovak Republic,_Z,Not applicable,POP,Population,_T,Total,_T,Total,PS_KM2,Persons per square kilometer,2015,,111.32,,SVK,Slovak Republic,A,Normal value,0,Units,2,Two
DATAFLOW,OECD.CFE.EDS:DSD_REG_DEMO@DF_DENSITY(2.0),Population density - Regions,I,A,Annual,CTRY,Country,SVK,Slovak Republic,_Z,Not applicable,POP,Population,_T,Total,_T,Total,PS_KM2,Persons per square kilometer,2014,,111.21,,SVK,Slovak Republic,A,Normal value,0,Units,2,Two
DATAFLOW,OECD.CFE.EDS:DSD_REG_DEMO@DF_DENSITY(2.0),Population density - Regions,I,A,Annual,CTRY,Country,SVK,Slovak Republic,_Z,Not applicable,POP,Population,_T,Total,_T,Total,PS_KM2,Persons per square kilometer,2009,,110.52,,SVK,Slovak Republic,A,Normal value,0,Units,2,Two
DATAFLOW,OECD.CFE.EDS:DSD_REG_DEMO@DF_DENSITY(2.0),Population density - Regions,I,A,Annual,CTRY,Country,SVK,Slovak Republic,_Z,Not applicable,POP,Population,_T,Total,_T,Total,PS_KM2,Persons per square kilometer,2008,,110.39,,SVK,Slovak Republic,A,Normal value,0,Units,2,Two
DATAFLOW,OECD.CFE.EDS:DSD_REG_DEMO@DF_DENSITY(2.0),Population density - Regions,I,A,Annual,CTRY,Country,SVK,Slovak Republic,_Z,Not applicable,POP,Population,_T,Total,_T,Total,PS_KM2,Persons per square kilometer,1993,,109.12,,SVK,Slovak Republic,A,Normal value,0,Units,2,Two
DATAFLOW,OECD.CFE.EDS:DSD_REG_DEMO@DF_DENSITY(2.0),Population density - Regions,I,A,Annual,CTRY,Country,SVK,Slovak Republic,_Z,Not applicable,POP,Population,_T,Total,_T,Total,PS_KM2,Persons per square kilometer,2004,,110.3,,SVK,Slovak Republic,A,Normal value,0,Units,2,Two
DATAFLOW,OECD.CFE.EDS:DSD_REG_DEMO@DF_DENSITY(2.0),Population density - Regions,I,A,Annual,CTRY,Country,SVK,Slovak Republic,_Z,Not applicable,POP,Population,_T,Total,_T,Total,PS_KM2,Persons per square kilometer,2003,,110.36,,SVK,Slovak Republic,A,Normal value,0,Units,2,Two
DATAFLOW,OECD.CFE.EDS:DSD_REG_DEMO@DF_DENSITY(2.0),Population density - Regions,I,A,Annual,CTRY,Country,SVK,Slovak Republic,_Z,Not applicable,POP,Population,_T,Total,_T,Total,PS_KM2,Persons per square kilometer,2002,,110.45,,SVK,Slovak Republic,A,Normal value,0,Units,2,Two
DATAFLOW,OECD.CFE.EDS:DSD_REG_DEMO@DF_DENSITY(2.0),Population density - Regions,I,A,Annual,CTRY,Country,SVK,Slovak Republic,_Z,Not applicable,POP,Population,_T,Total,_T,Total,PS_KM2,Persons per square kilometer,2000,,110.85,,SVK,Slovak Republic,A,Normal value,0,Units,2,Two
DATAFLOW,OECD.CFE.EDS:DSD_REG_DEMO@DF_DENSITY(2.0),Population density - Regions,I,A,Annual,CTRY,Country,SVK,Slovak Republic,_Z,Not applicable,POP,Population,_T,Total,_T,Total,PS_KM2,Persons per square kilometer,1990,,108.57,,SVK,Slovak Republic,A,Normal value,0,Units,2,Two
DATAFLOW,OECD.CFE.EDS:DSD_REG_DEMO@DF_DENSITY(2.0),Population density - Regions,I,A,Annual,CTRY,Country,SVK,Slovak Republic,_Z,Not applicable,POP,Population,_T,Total,_T,Total,PS_KM2,Persons per square kilometer,1999,,110.74,,SVK,Slovak Republic,A,Normal value,0,Units,2,Two
DATAFLOW,OECD.CFE.EDS:DSD_REG_DEMO@DF_DENSITY(2.0),Population density - Regions,I,A,Annual,CTRY,Country,SVK,Slovak Republic,_Z,Not applicable,POP,Population,_T,Total,_T,Total,PS_KM2,Persons per square kilometer,1998,,110.62,,SVK,Slovak Republic,A,Normal value,0,Units,2,Two
DATAFLOW,OECD.CFE.EDS:DSD_REG_DEMO@DF_DENSITY(2.0),Population density - Regions,I,A,Annual,CTRY,Country,SVK,Slovak Republic,_Z,Not applicable,POP,Population,_T,Total,_T,Total,PS_KM2,Persons per square kilometer,1997,,110.45,,SVK,Slovak Republic,A,Normal value,0,Units,2,Two
DATAFLOW,OECD.CFE.EDS:DSD_REG_DEMO@DF_DENSITY(2.0),Population density - Regions,I,A,Annual,CTRY,Country,SVK,Slovak Republic,_Z,Not applicable,POP,Population,_T,Total,_T,Total,PS_KM2,Persons per square kilometer,2006,,110.32,,SVK,Slovak Republic,A,Normal value,0,Units,2,Two
DATAFLOW,OECD.CFE.EDS:DSD_REG_DEMO@DF_DENSITY(2.0),Population density - Regions,I,A,Annual,CTRY,Country,SVK,Slovak Republic,_Z,Not applicable,POP,Population,_T,Total,_T,Total,PS_KM2,Persons per square kilometer,2012,,110.97,,SVK,Slovak Republic,A,Normal value,0,Units,2,Two
DATAFLOW,OECD.CFE.EDS:DSD_REG_DEMO@DF_DENSITY(2.0),Population density - Regions,I,A,Annual,CTRY,Country,SVK,Slovak Republic,_Z,Not applicable,POP,Population,_T,Total,_T,Total,PS_KM2,Persons per square kilometer,2019,,111.91,,SVK,Slovak Republic,A,Normal value,0,Units,2,Two
DATAFLOW,OECD.CFE.EDS:DSD_REG_DEMO@DF_DENSITY(2.0),Population density - Regions,I,A,Annual,CTRY,Country,SVK,Slovak Republic,_Z,Not applicable,POP,Population,_T,Total,_T,Total,PS_KM2,Persons per square kilometer,2017,,111.6,,SVK,Slovak Republic,A,Normal value,0,Units,2,Two
DATAFLOW,OECD.CFE.EDS:DSD_REG_DEMO@DF_DENSITY(2.0),Population density - Regions,I,A,Annual,CTRY,Country,SVK,Slovak Republic,_Z,Not applicable,POP,Population,_T,Total,_T,Total,PS_KM2,Persons per square kilometer,2016,,111.42,,SVK,Slovak Republic,A,Normal value,0,Units,2,Two
DATAFLOW,OECD.CFE.EDS:DSD_REG_DEMO@DF_DENSITY(2.0),Population density - Regions,I,A,Annual,CTRY,Country,SVK,Slovak Republic,_Z,Not applicable,POP,Population,_T,Total,_T,Total,PS_KM2,Persons per square kilometer,2013,,111.1,,SVK,Slovak Republic,A,Normal value,0,Units,2,Two
DATAFLOW,OECD.CFE.EDS:DSD_REG_DEMO@DF_DENSITY(2.0),Population density - Regions,I,A,Annual,CTRY,Country,SVK,Slovak Republic,_Z,Not applicable,POP,Population,_T,Total,_T,Total,PS_KM2,Persons per square kilometer,2011,,110.72,,SVK,Slovak Republic,A,Normal value,0,Units,2,Two
DATAFLOW,OECD.CFE.EDS:DSD_REG_DEMO@DF_DENSITY(2.0),Population density - Regions,I,A,Annual,CTRY,Country,SVK,Slovak Republic,_Z,Not applicable,POP,Population,_T,Total,_T,Total,PS_KM2,Persons per square kilometer,2010,,110.68,,SVK,Slovak Republic,A,Normal value,0,Units,2,Two
DATAFLOW,OECD.CFE.EDS:DSD_REG_DEMO@DF_DENSITY(2.0),Population density - Regions,I,A,Annual,CTRY,Country,SVK,Slovak Republic,_Z,Not applicable,POP,Population,_T,Total,_T,Total,PS_KM2,Persons per square kilometer,2018,,111.76,,SVK,Slovak Republic,A,Normal value,0,Units,2,Two
DATAFLOW,OECD.CFE.EDS:DSD_REG_DEMO@DF_DENSITY(2.0),Population density - Regions,I,A,Annual,CTRY,Country,SVK,Slovak Republic,_Z,Not applicable,POP,Population,_T,Total,_T,Total,PS_KM2,Persons per square kilometer,2007,,110.33,,SVK,Slovak Republic,A,Normal value,0,Units,2,Two
DATAFLOW,OECD.CFE.EDS:DSD_REG_DEMO@DF_DENSITY(2.0),Population density - Regions,I,A,Annual,CTRY,Country,SVK,Slovak Republic,_Z,Not applicable,POP,Population,_T,Total,_T,Total,PS_KM2,Persons per square kilometer,2005,,110.32,,SVK,Slovak Republic,A,Normal value,0,Units,2,Two
DATAFLOW,OECD.CFE.EDS:DSD_REG_DEMO@DF_DENSITY(2.0),Population density - Regions,I,A,Annual,CTRY,Country,SVK,Slovak Republic,_Z,Not applicable,POP,Population,_T,Total,_T,Total,PS_KM2,Persons per square kilometer,2023,,111.47,,SVK,Slovak Republic,A,Normal value,0,Units,2,Two
DATAFLOW,OECD.CFE.EDS:DSD_REG_DEMO@DF_DENSITY(2.0),Population density - Regions,I,A,Annual,CTRY,Country,SVN,Slovenia,_Z,Not applicable,POP,Population,_T,Total,_T,Total,PS_KM2,Persons per square kilometer,2021,,104.69,,SVN,Slovenia,A,Normal value,0,Units,2,Two
DATAFLOW,OECD.CFE.EDS:DSD_REG_DEMO@DF_DENSITY(2.0),Population density - Regions,I,A,Annual,CTRY,Country,SVN,Slovenia,_Z,Not applicable,POP,Population,_T,Total,_T,Total,PS_KM2,Persons per square kilometer,2020,,104.04,,SVN,Slovenia,A,Normal value,0,Units,2,Two
DATAFLOW,OECD.CFE.EDS:DSD_REG_DEMO@DF_DENSITY(2.0),Population density - Regions,I,A,Annual,CTRY,Country,SVN,Slovenia,_Z,Not applicable,POP,Population,_T,Total,_T,Total,PS_KM2,Persons per square kilometer,1991,,99.28,,SVN,Slovenia,A,Normal value,0,Units,2,Two
DATAFLOW,OECD.CFE.EDS:DSD_REG_DEMO@DF_DENSITY(2.0),Population density - Regions,I,A,Annual,CTRY,Country,SVN,Slovenia,_Z,Not applicable,POP,Population,_T,Total,_T,Total,PS_KM2,Persons per square kilometer,2001,,98.79,,SVN,Slovenia,A,Normal value,0,Units,2,Two
DATAFLOW,OECD.CFE.EDS:DSD_REG_DEMO@DF_DENSITY(2.0),Population density - Regions,I,A,Annual,CTRY,Country,SVN,Slovenia,_Z,Not applicable,POP,Population,_T,Total,_T,Total,PS_KM2,Persons per square kilometer,1995,,98.76,,SVN,Slovenia,A,Normal value,0,Units,2,Two
DATAFLOW,OECD.CFE.EDS:DSD_REG_DEMO@DF_DENSITY(2.0),Population density - Regions,I,A,Annual,CTRY,Country,SVN,Slovenia,_Z,Not applicable,POP,Population,_T,Total,_T,Total,PS_KM2,Persons per square kilometer,1994,,98.75,,SVN,Slovenia,A,Normal value,0,Units,2,Two
DATAFLOW,OECD.CFE.EDS:DSD_REG_DEMO@DF_DENSITY(2.0),Population density - Regions,I,A,Annual,CTRY,Country,SVN,Slovenia,_Z,Not applicable,POP,Population,_T,Total,_T,Total,PS_KM2,Persons per square kilometer,1996,,98.8,,SVN,Slovenia,A,Normal value,0,Units,2,Two
DATAFLOW,OECD.CFE.EDS:DSD_REG_DEMO@DF_DENSITY(2.0),Population density - Regions,I,A,Annual,CTRY,Country,SVN,Slovenia,_Z,Not applicable,POP,Population,_T,Total,_T,Total,PS_KM2,Persons per square kilometer,1990,,99.1,,SVN,Slovenia,A,Normal value,0,Units,2,Two
DATAFLOW,OECD.CFE.EDS:DSD_REG_DEMO@DF_DENSITY(2.0),Population density - Regions,I,A,Annual,CTRY,Country,SVN,Slovenia,_Z,Not applicable,POP,Population,_T,Total,_T,Total,PS_KM2,Persons per square kilometer,1993,,98.99,,SVN,Slovenia,A,Normal value,0,Units,2,Two
DATAFLOW,OECD.CFE.EDS:DSD_REG_DEMO@DF_DENSITY(2.0),Population density - Regions,I,A,Annual,CTRY,Country,SVN,Slovenia,_Z,Not applicable,POP,Population,_T,Total,_T,Total,PS_KM2,Persons per square kilometer,2016,,102.47,,SVN,Slovenia,A,Normal value,0,Units,2,Two
DATAFLOW,OECD.CFE.EDS:DSD_REG_DEMO@DF_DENSITY(2.0),Population density - Regions,I,A,Annual,CTRY,Country,SVN,Slovenia,_Z,Not applicable,POP,Population,_T,Total,_T,Total,PS_KM2,Persons per square kilometer,2015,,102.4,,SVN,Slovenia,A,Normal value,0,Units,2,Two
DATAFLOW,OECD.CFE.EDS:DSD_REG_DEMO@DF_DENSITY(2.0),Population density - Regions,I,A,Annual,CTRY,Country,SVN,Slovenia,_Z,Not applicable,POP,Population,_T,Total,_T,Total,PS_KM2,Persons per square kilometer,2014,,102.31,,SVN,Slovenia,A,Normal value,0,Units,2,Two
DATAFLOW,OECD.CFE.EDS:DSD_REG_DEMO@DF_DENSITY(2.0),Population density - Regions,I,A,Annual,CTRY,Country,SVN,Slovenia,_Z,Not applicable,POP,Population,_T,Total,_T,Total,PS_KM2,Persons per square kilometer,2000,,98.67,,SVN,Slovenia,A,Normal value,0,Units,2,Two
DATAFLOW,OECD.CFE.EDS:DSD_REG_DEMO@DF_DENSITY(2.0),Population density - Regions,I,A,Annual,CTRY,Country,SVN,Slovenia,_Z,Not applicable,POP,Population,_T,Total,_T,Total,PS_KM2,Persons per square kilometer,1999,,98.2,,SVN,Slovenia,A,Normal value,0,Units,2,Two
DATAFLOW,OECD.CFE.EDS:DSD_REG_DEMO@DF_DENSITY(2.0),Population density - Regions,I,A,Annual,CTRY,Country,SVN,Slovenia,_Z,Not applicable,POP,Population,_T,Total,_T,Total,PS_KM2,Persons per square kilometer,2009,,100.89,,SVN,Slovenia,A,Normal value,0,Units,2,Two
DATAFLOW,OECD.CFE.EDS:DSD_REG_DEMO@DF_DENSITY(2.0),Population density - Regions,I,A,Annual,CTRY,Country,SVN,Slovenia,_Z,Not applicable,POP,Population,_T,Total,_T,Total,PS_KM2,Persons per square kilometer,2006,,99.45,,SVN,Slovenia,A,Normal value,0,Units,2,Two
DATAFLOW,OECD.CFE.EDS:DSD_REG_DEMO@DF_DENSITY(2.0),Population density - Regions,I,A,Annual,CTRY,Country,SVN,Slovenia,_Z,Not applicable,POP,Population,_T,Total,_T,Total,PS_KM2,Persons per square kilometer,2004,,99.1,,SVN,Slovenia,A,Normal value,0,Units,2,Two
DATAFLOW,OECD.CFE.EDS:DSD_REG_DEMO@DF_DENSITY(2.0),Population density - Regions,I,A,Annual,CTRY,Country,SVN,Slovenia,_Z,Not applicable,POP,Population,_T,Total,_T,Total,PS_KM2,Persons per square kilometer,2003,,99.03,,SVN,Slovenia,A,Normal value,0,Units,2,Two
DATAFLOW,OECD.CFE.EDS:DSD_REG_DEMO@DF_DENSITY(2.0),Population density - Regions,I,A,Annual,CTRY,Country,SVN,Slovenia,_Z,Not applicable,POP,Population,_T,Total,_T,Total,PS_KM2,Persons per square kilometer,2002,,98.98,,SVN,Slovenia,A,Normal value,0,Units,2,Two
DATAFLOW,OECD.CFE.EDS:DSD_REG_DEMO@DF_DENSITY(2.0),Population density - Regions,I,A,Annual,CTRY,Country,SVN,Slovenia,_Z,Not applicable,POP,Population,_T,Total,_T,Total,PS_KM2,Persons per square kilometer,1998,,98.53,,SVN,Slovenia,A,Normal value,0,Units,2,Two
DATAFLOW,OECD.CFE.EDS:DSD_REG_DEMO@DF_DENSITY(2.0),Population density - Regions,I,A,Annual,CTRY,Country,SVN,Slovenia,_Z,Not applicable,POP,Population,_T,Total,_T,Total,PS_KM2,Persons per square kilometer,1997,,98.63,,SVN,Slovenia,A,Normal value,0,Units,2,Two
DATAFLOW,OECD.CFE.EDS:DSD_REG_DEMO@DF_DENSITY(2.0),Population density - Regions,I,A,Annual,CTRY,Country,SVN,Slovenia,_Z,Not applicable,POP,Population,_T,Total,_T,Total,PS_KM2,Persons per square kilometer,1992,,99.23,,SVN,Slovenia,A,Normal value,0,Units,2,Two
DATAFLOW,OECD.CFE.EDS:DSD_REG_DEMO@DF_DENSITY(2.0),Population density - Regions,I,A,Annual,CTRY,Country,SVN,Slovenia,_Z,Not applicable,POP,Population,_T,Total,_T,Total,PS_KM2,Persons per square kilometer,2012,,102.04,,SVN,Slovenia,A,Normal value,0,Units,2,Two
DATAFLOW,OECD.CFE.EDS:DSD_REG_DEMO@DF_DENSITY(2.0),Population density - Regions,I,A,Annual,CTRY,Country,SVN,Slovenia,_Z,Not applicable,POP,Population,_T,Total,_T,Total,PS_KM2,Persons per square kilometer,2019,,103.3,,SVN,Slovenia,A,Normal value,0,Units,2,Two
DATAFLOW,OECD.CFE.EDS:DSD_REG_DEMO@DF_DENSITY(2.0),Population density - Regions,I,A,Annual,CTRY,Country,SVN,Slovenia,_Z,Not applicable,POP,Population,_T,Total,_T,Total,PS_KM2,Persons per square kilometer,2018,,102.6,,SVN,Slovenia,A,Normal value,0,Units,2,Two
DATAFLOW,OECD.CFE.EDS:DSD_REG_DEMO@DF_DENSITY(2.0),Population density - Regions,I,A,Annual,CTRY,Country,SVN,Slovenia,_Z,Not applicable,POP,Population,_T,Total,_T,Total,PS_KM2,Persons per square kilometer,2017,,102.55,,SVN,Slovenia,A,Normal value,0,Units,2,Two
DATAFLOW,OECD.CFE.EDS:DSD_REG_DEMO@DF_DENSITY(2.0),Population density - Regions,I,A,Annual,CTRY,Country,SVN,Slovenia,_Z,Not applicable,POP,Population,_T,Total,_T,Total,PS_KM2,Persons per square kilometer,2013,,102.2,,SVN,Slovenia,A,Normal value,0,Units,2,Two
DATAFLOW,OECD.CFE.EDS:DSD_REG_DEMO@DF_DENSITY(2.0),Population density - Regions,I,A,Annual,CTRY,Country,SVN,Slovenia,_Z,Not applicable,POP,Population,_T,Total,_T,Total,PS_KM2,Persons per square kilometer,2011,,101.77,,SVN,Slovenia,A,Normal value,0,Units,2,Two
DATAFLOW,OECD.CFE.EDS:DSD_REG_DEMO@DF_DENSITY(2.0),Population density - Regions,I,A,Annual,CTRY,Country,SVN,Slovenia,_Z,Not applicable,POP,Population,_T,Total,_T,Total,PS_KM2,Persons per square kilometer,2010,,101.61,,SVN,Slovenia,A,Normal value,0,Units,2,Two
DATAFLOW,OECD.CFE.EDS:DSD_REG_DEMO@DF_DENSITY(2.0),Population density - Regions,I,A,Annual,CTRY,Country,SVN,Slovenia,_Z,Not applicable,POP,Population,_T,Total,_T,Total,PS_KM2,Persons per square kilometer,2023,,105.09,,SVN,Slovenia,A,Normal value,0,Units,2,Two
DATAFLOW,OECD.CFE.EDS:DSD_REG_DEMO@DF_DENSITY(2.0),Population density - Regions,I,A,Annual,CTRY,Country,SVN,Slovenia,_Z,Not applicable,POP,Population,_T,Total,_T,Total,PS_KM2,Persons per square kilometer,2007,,99.8,,SVN,Slovenia,A,Normal value,0,Units,2,Two
DATAFLOW,OECD.CFE.EDS:DSD_REG_DEMO@DF_DENSITY(2.0),Population density - Regions,I,A,Annual,CTRY,Country,SVN,Slovenia,_Z,Not applicable,POP,Population,_T,Total,_T,Total,PS_KM2,Persons per square kilometer,2005,,99.16,,SVN,Slovenia,A,Normal value,0,Units,2,Two
DATAFLOW,OECD.CFE.EDS:DSD_REG_DEMO@DF_DENSITY(2.0),Population density - Regions,I,A,Annual,CTRY,Country,SVN,Slovenia,_Z,Not applicable,POP,Population,_T,Total,_T,Total,PS_KM2,Persons per square kilometer,2008,,99.79,,SVN,Slovenia,B,Time series break,0,Units,2,Two
DATAFLOW,OECD.CFE.EDS:DSD_REG_DEMO@DF_DENSITY(2.0),Population density - Regions,I,A,Annual,CTRY,Country,ESP,Spain,_Z,Not applicable,POP,Population,_T,Total,_T,Total,PS_KM2,Persons per square kilometer,2013,,92.93,,ESP,Spain,A,Normal value,0,Units,2,Two
DATAFLOW,OECD.CFE.EDS:DSD_REG_DEMO@DF_DENSITY(2.0),Population density - Regions,I,A,Annual,CTRY,Country,ESP,Spain,_Z,Not applicable,POP,Population,_T,Total,_T,Total,PS_KM2,Persons per square kilometer,2023,,95.66,,ESP,Spain,A,Normal value,0,Units,2,Two
DATAFLOW,OECD.CFE.EDS:DSD_REG_DEMO@DF_DENSITY(2.0),Population density - Regions,I,A,Annual,CTRY,Country,ESP,Spain,_Z,Not applicable,POP,Population,_T,Total,_T,Total,PS_KM2,Persons per square kilometer,1992,,77.69,,ESP,Spain,A,Normal value,0,Units,2,Two
DATAFLOW,OECD.CFE.EDS:DSD_REG_DEMO@DF_DENSITY(2.0),Population density - Regions,I,A,Annual,CTRY,Country,ESP,Spain,_Z,Not applicable,POP,Population,_T,Total,_T,Total,PS_KM2,Persons per square kilometer,1991,,77.35,,ESP,Spain,A,Normal value,0,Units,2,Two
DATAFLOW,OECD.CFE.EDS:DSD_REG_DEMO@DF_DENSITY(2.0),Population density - Regions,I,A,Annual,CTRY,Country,ESP,Spain,_Z,Not applicable,POP,Population,_T,Total,_T,Total,PS_KM2,Persons per square kilometer,2002,,81.64,,ESP,Spain,A,Normal value,0,Units,2,Two
DATAFLOW,OECD.CFE.EDS:DSD_REG_DEMO@DF_DENSITY(2.0),Population density - Regions,I,A,Annual,CTRY,Country,ESP,Spain,_Z,Not applicable,POP,Population,_T,Total,_T,Total,PS_KM2,Persons per square kilometer,2001,,80.9,,ESP,Spain,A,Normal value,0,Units,2,Two
DATAFLOW,OECD.CFE.EDS:DSD_REG_DEMO@DF_DENSITY(2.0),Population density - Regions,I,A,Annual,CTRY,Country,ESP,Spain,_Z,Not applicable,POP,Population,_T,Total,_T,Total,PS_KM2,Persons per square kilometer,2019,,93.34,,ESP,Spain,A,Normal value,0,Units,2,Two
DATAFLOW,OECD.CFE.EDS:DSD_REG_DEMO@DF_DENSITY(2.0),Population density - Regions,I,A,Annual,CTRY,Country,ESP,Spain,_Z,Not applicable,POP,Population,_T,Total,_T,Total,PS_KM2,Persons per square kilometer,2008,,90.86,,ESP,Spain,A,Normal value,0,Units,2,Two
DATAFLOW,OECD.CFE.EDS:DSD_REG_DEMO@DF_DENSITY(2.0),Population density - Regions,I,A,Annual,CTRY,Country,ESP,Spain,_Z,Not applicable,POP,Population,_T,Total,_T,Total,PS_KM2,Persons per square kilometer,2007,,89.1,,ESP,Spain,A,Normal value,0,Units,2,Two
DATAFLOW,OECD.CFE.EDS:DSD_REG_DEMO@DF_DENSITY(2.0),Population density - Regions,I,A,Annual,CTRY,Country,ESP,Spain,_Z,Not applicable,POP,Population,_T,Total,_T,Total,PS_KM2,Persons per square kilometer,1990,,77.3,,ESP,Spain,A,Normal value,0,Units,2,Two
DATAFLOW,OECD.CFE.EDS:DSD_REG_DEMO@DF_DENSITY(2.0),Population density - Regions,I,A,Annual,CTRY,Country,ESP,Spain,_Z,Not applicable,POP,Population,_T,Total,_T,Total,PS_KM2,Persons per square kilometer,2004,,84.65,,ESP,Spain,A,Normal value,0,Units,2,Two
DATAFLOW,OECD.CFE.EDS:DSD_REG_DEMO@DF_DENSITY(2.0),Population density - Regions,I,A,Annual,CTRY,Country,ESP,Spain,_Z,Not applicable,POP,Population,_T,Total,_T,Total,PS_KM2,Persons per square kilometer,2003,,83.21,,ESP,Spain,A,Normal value,0,Units,2,Two
DATAFLOW,OECD.CFE.EDS:DSD_REG_DEMO@DF_DENSITY(2.0),Population density - Regions,I,A,Annual,CTRY,Country,ESP,Spain,_Z,Not applicable,POP,Population,_T,Total,_T,Total,PS_KM2,Persons per square kilometer,1995,,78.86,,ESP,Spain,A,Normal value,0,Units,2,Two
DATAFLOW,OECD.CFE.EDS:DSD_REG_DEMO@DF_DENSITY(2.0),Population density - Regions,I,A,Annual,CTRY,Country,ESP,Spain,_Z,Not applicable,POP,Population,_T,Total,_T,Total,PS_KM2,Persons per square kilometer,1998,,79.86,,ESP,Spain,A,Normal value,0,Units,2,Two
DATAFLOW,OECD.CFE.EDS:DSD_REG_DEMO@DF_DENSITY(2.0),Population density - Regions,I,A,Annual,CTRY,Country,ESP,Spain,_Z,Not applicable,POP,Population,_T,Total,_T,Total,PS_KM2,Persons per square kilometer,1997,,79.52,,ESP,Spain,A,Normal value,0,Units,2,Two
DATAFLOW,OECD.CFE.EDS:DSD_REG_DEMO@DF_DENSITY(2.0),Population density - Regions,I,A,Annual,CTRY,Country,ESP,Spain,_Z,Not applicable,POP,Population,_T,Total,_T,Total,PS_KM2,Persons per square kilometer,1994,,78.5,,ESP,Spain,A,Normal value,0,Units,2,Two
DATAFLOW,OECD.CFE.EDS:DSD_REG_DEMO@DF_DENSITY(2.0),Population density - Regions,I,A,Annual,CTRY,Country,ESP,Spain,_Z,Not applicable,POP,Population,_T,Total,_T,Total,PS_KM2,Persons per square kilometer,2022,,94.47,,ESP,Spain,A,Normal value,0,Units,2,Two
DATAFLOW,OECD.CFE.EDS:DSD_REG_DEMO@DF_DENSITY(2.0),Population density - Regions,I,A,Annual,CTRY,Country,ESP,Spain,_Z,Not applicable,POP,Population,_T,Total,_T,Total,PS_KM2,Persons per square kilometer,2020,,94.14,,ESP,Spain,A,Normal value,0,Units,2,Two
DATAFLOW,OECD.CFE.EDS:DSD_REG_DEMO@DF_DENSITY(2.0),Population density - Regions,I,A,Annual,CTRY,Country,ESP,Spain,_Z,Not applicable,POP,Population,_T,Total,_T,Total,PS_KM2,Persons per square kilometer,2005,,86.14,,ESP,Spain,A,Normal value,0,Units,2,Two
DATAFLOW,OECD.CFE.EDS:DSD_REG_DEMO@DF_DENSITY(2.0),Population density - Regions,I,A,Annual,CTRY,Country,ESP,Spain,_Z,Not applicable,POP,Population,_T,Total,_T,Total,PS_KM2,Persons per square kilometer,2018,,92.8,,ESP,Spain,A,Normal value,0,Units,2,Two
DATAFLOW,OECD.CFE.EDS:DSD_REG_DEMO@DF_DENSITY(2.0),Population density - Regions,I,A,Annual,CTRY,Country,ESP,Spain,_Z,Not applicable,POP,Population,_T,Total,_T,Total,PS_KM2,Persons per square kilometer,2017,,92.5,,ESP,Spain,A,Normal value,0,Units,2,Two
DATAFLOW,OECD.CFE.EDS:DSD_REG_DEMO@DF_DENSITY(2.0),Population density - Regions,I,A,Annual,CTRY,Country,ESP,Spain,_Z,Not applicable,POP,Population,_T,Total,_T,Total,PS_KM2,Persons per square kilometer,2011,,92.84,,ESP,Spain,A,Normal value,0,Units,2,Two
DATAFLOW,OECD.CFE.EDS:DSD_REG_DEMO@DF_DENSITY(2.0),Population density - Regions,I,A,Annual,CTRY,Country,ESP,Spain,_Z,Not applicable,POP,Population,_T,Total,_T,Total,PS_KM2,Persons per square kilometer,2000,,80.51,,ESP,Spain,A,Normal value,0,Units,2,Two
DATAFLOW,OECD.CFE.EDS:DSD_REG_DEMO@DF_DENSITY(2.0),Population density - Regions,I,A,Annual,CTRY,Country,ESP,Spain,_Z,Not applicable,POP,Population,_T,Total,_T,Total,PS_KM2,Persons per square kilometer,1999,,80.18,,ESP,Spain,A,Normal value,0,Units,2,Two
DATAFLOW,OECD.CFE.EDS:DSD_REG_DEMO@DF_DENSITY(2.0),Population density - Regions,I,A,Annual,CTRY,Country,ESP,Spain,_Z,Not applicable,POP,Population,_T,Total,_T,Total,PS_KM2,Persons per square kilometer,2021,,94.3,,ESP,Spain,A,Normal value,0,Units,2,Two
DATAFLOW,OECD.CFE.EDS:DSD_REG_DEMO@DF_DENSITY(2.0),Population density - Regions,I,A,Annual,CTRY,Country,ESP,Spain,_Z,Not applicable,POP,Population,_T,Total,_T,Total,PS_KM2,Persons per square kilometer,2006,,87.56,,ESP,Spain,A,Normal value,0,Units,2,Two
DATAFLOW,OECD.CFE.EDS:DSD_REG_DEMO@DF_DENSITY(2.0),Population density - Regions,I,A,Annual,CTRY,Country,ESP,Spain,_Z,Not applicable,POP,Population,_T,Total,_T,Total,PS_KM2,Persons per square kilometer,1993,,78.11,,ESP,Spain,A,Normal value,0,Units,2,Two
DATAFLOW,OECD.CFE.EDS:DSD_REG_DEMO@DF_DENSITY(2.0),Population density - Regions,I,A,Annual,CTRY,Country,ESP,Spain,_Z,Not applicable,POP,Population,_T,Total,_T,Total,PS_KM2,Persons per square kilometer,2012,,93.14,,ESP,Spain,A,Normal value,0,Units,2,Two
DATAFLOW,OECD.CFE.EDS:DSD_REG_DEMO@DF_DENSITY(2.0),Population density - Regions,I,A,Annual,CTRY,Country,ESP,Spain,_Z,Not applicable,POP,Population,_T,Total,_T,Total,PS_KM2,Persons per square kilometer,1996,,79.2,,ESP,Spain,A,Normal value,0,Units,2,Two
DATAFLOW,OECD.CFE.EDS:DSD_REG_DEMO@DF_DENSITY(2.0),Population density - Regions,I,A,Annual,CTRY,Country,ESP,Spain,_Z,Not applicable,POP,Population,_T,Total,_T,Total,PS_KM2,Persons per square kilometer,2010,,92.48,,ESP,Spain,A,Normal value,0,Units,2,Two
DATAFLOW,OECD.CFE.EDS:DSD_REG_DEMO@DF_DENSITY(2.0),Population density - Regions,I,A,Annual,CTRY,Country,ESP,Spain,_Z,Not applicable,POP,Population,_T,Total,_T,Total,PS_KM2,Persons per square kilometer,2009,,91.99,,ESP,Spain,A,Normal value,0,Units,2,Two
DATAFLOW,OECD.CFE.EDS:DSD_REG_DEMO@DF_DENSITY(2.0),Population density - Regions,I,A,Annual,CTRY,Country,ESP,Spain,_Z,Not applicable,POP,Population,_T,Total,_T,Total,PS_KM2,Persons per square kilometer,2016,,92.35,,ESP,Spain,A,Normal value,0,Units,2,Two
DATAFLOW,OECD.CFE.EDS:DSD_REG_DEMO@DF_DENSITY(2.0),Population density - Regions,I,A,Annual,CTRY,Country,ESP,Spain,_Z,Not applicable,POP,Population,_T,Total,_T,Total,PS_KM2,Persons per square kilometer,2015,,92.36,,ESP,Spain,A,Normal value,0,Units,2,Two
DATAFLOW,OECD.CFE.EDS:DSD_REG_DEMO@DF_DENSITY(2.0),Population density - Regions,I,A,Annual,CTRY,Country,SWE,Sweden,_Z,Not applicable,POP,Population,_T,Total,_T,Total,PS_KM2,Persons per square kilometer,2005,,22.12,,SWE,Sweden,A,Normal value,0,Units,2,Two
DATAFLOW,OECD.CFE.EDS:DSD_REG_DEMO@DF_DENSITY(2.0),Population density - Regions,I,A,Annual,CTRY,Country,SWE,Sweden,_Z,Not applicable,POP,Population,_T,Total,_T,Total,PS_KM2,Persons per square kilometer,2004,,22.04,,SWE,Sweden,A,Normal value,0,Units,2,Two
DATAFLOW,OECD.CFE.EDS:DSD_REG_DEMO@DF_DENSITY(2.0),Population density - Regions,I,A,Annual,CTRY,Country,SWE,Sweden,_Z,Not applicable,POP,Population,_T,Total,_T,Total,PS_KM2,Persons per square kilometer,1993,,21.34,,SWE,Sweden,A,Normal value,0,Units,2,Two
DATAFLOW,OECD.CFE.EDS:DSD_REG_DEMO@DF_DENSITY(2.0),Population density - Regions,I,A,Annual,CTRY,Country,SWE,Sweden,_Z,Not applicable,POP,Population,_T,Total,_T,Total,PS_KM2,Persons per square kilometer,1992,,21.22,,SWE,Sweden,A,Normal value,0,Units,2,Two
DATAFLOW,OECD.CFE.EDS:DSD_REG_DEMO@DF_DENSITY(2.0),Population density - Regions,I,A,Annual,CTRY,Country,SWE,Sweden,_Z,Not applicable,POP,Population,_T,Total,_T,Total,PS_KM2,Persons per square kilometer,2001,,21.81,,SWE,Sweden,A,Normal value,0,Units,2,Two
DATAFLOW,OECD.CFE.EDS:DSD_REG_DEMO@DF_DENSITY(2.0),Population density - Regions,I,A,Annual,CTRY,Country,SWE,Sweden,_Z,Not applicable,POP,Population,_T,Total,_T,Total,PS_KM2,Persons per square kilometer,1995,,21.65,,SWE,Sweden,A,Normal value,0,Units,2,Two
DATAFLOW,OECD.CFE.EDS:DSD_REG_DEMO@DF_DENSITY(2.0),Population density - Regions,I,A,Annual,CTRY,Country,SWE,Sweden,_Z,Not applicable,POP,Population,_T,Total,_T,Total,PS_KM2,Persons per square kilometer,1994,,21.47,,SWE,Sweden,A,Normal value,0,Units,2,Two
DATAFLOW,OECD.CFE.EDS:DSD_REG_DEMO@DF_DENSITY(2.0),Population density - Regions,I,A,Annual,CTRY,Country,SWE,Sweden,_Z,Not applicable,POP,Population,_T,Total,_T,Total,PS_KM2,Persons per square kilometer,1990,,20.94,,SWE,Sweden,A,Normal value,0,Units,2,Two
DATAFLOW,OECD.CFE.EDS:DSD_REG_DEMO@DF_DENSITY(2.0),Population density - Regions,I,A,Annual,CTRY,Country,SWE,Sweden,_Z,Not applicable,POP,Population,_T,Total,_T,Total,PS_KM2,Persons per square kilometer,2015,,23.93,,SWE,Sweden,A,Normal value,0,Units,2,Two
DATAFLOW,OECD.CFE.EDS:DSD_REG_DEMO@DF_DENSITY(2.0),Population density - Regions,I,A,Annual,CTRY,Country,SWE,Sweden,_Z,Not applicable,POP,Population,_T,Total,_T,Total,PS_KM2,Persons per square kilometer,2014,,23.68,,SWE,Sweden,A,Normal value,0,Units,2,Two
DATAFLOW,OECD.CFE.EDS:DSD_REG_DEMO@DF_DENSITY(2.0),Population density - Regions,I,A,Annual,CTRY,Country,SWE,Sweden,_Z,Not applicable,POP,Population,_T,Total,_T,Total,PS_KM2,Persons per square kilometer,2009,,22.73,,SWE,Sweden,A,Normal value,0,Units,2,Two
DATAFLOW,OECD.CFE.EDS:DSD_REG_DEMO@DF_DENSITY(2.0),Population density - Regions,I,A,Annual,CTRY,Country,SWE,Sweden,_Z,Not applicable,POP,Population,_T,Total,_T,Total,PS_KM2,Persons per square kilometer,2008,,22.55,,SWE,Sweden,A,Normal value,0,Units,2,Two
DATAFLOW,OECD.CFE.EDS:DSD_REG_DEMO@DF_DENSITY(2.0),Population density - Regions,I,A,Annual,CTRY,Country,SWE,Sweden,_Z,Not applicable,POP,Population,_T,Total,_T,Total,PS_KM2,Persons per square kilometer,2003,,21.95,,SWE,Sweden,A,Normal value,0,Units,2,Two
DATAFLOW,OECD.CFE.EDS:DSD_REG_DEMO@DF_DENSITY(2.0),Population density - Regions,I,A,Annual,CTRY,Country,SWE,Sweden,_Z,Not applicable,POP,Population,_T,Total,_T,Total,PS_KM2,Persons per square kilometer,2002,,21.87,,SWE,Sweden,A,Normal value,0,Units,2,Two
DATAFLOW,OECD.CFE.EDS:DSD_REG_DEMO@DF_DENSITY(2.0),Population density - Regions,I,A,Annual,CTRY,Country,SWE,Sweden,_Z,Not applicable,POP,Population,_T,Total,_T,Total,PS_KM2,Persons per square kilometer,2000,,21.76,,SWE,Sweden,A,Normal value,0,Units,2,Two
DATAFLOW,OECD.CFE.EDS:DSD_REG_DEMO@DF_DENSITY(2.0),Population density - Regions,I,A,Annual,CTRY,Country,SWE,Sweden,_Z,Not applicable,POP,Population,_T,Total,_T,Total,PS_KM2,Persons per square kilometer,1999,,21.74,,SWE,Sweden,A,Normal value,0,Units,2,Two
DATAFLOW,OECD.CFE.EDS:DSD_REG_DEMO@DF_DENSITY(2.0),Population density - Regions,I,A,Annual,CTRY,Country,SWE,Sweden,_Z,Not applicable,POP,Population,_T,Total,_T,Total,PS_KM2,Persons per square kilometer,1998,,21.72,,SWE,Sweden,A,Normal value,0,Units,2,Two
DATAFLOW,OECD.CFE.EDS:DSD_REG_DEMO@DF_DENSITY(2.0),Population density - Regions,I,A,Annual,CTRY,Country,SWE,Sweden,_Z,Not applicable,POP,Population,_T,Total,_T,Total,PS_KM2,Persons per square kilometer,1997,,21.71,,SWE,Sweden,A,Normal value,0,Units,2,Two
DATAFLOW,OECD.CFE.EDS:DSD_REG_DEMO@DF_DENSITY(2.0),Population density - Regions,I,A,Annual,CTRY,Country,SWE,Sweden,_Z,Not applicable,POP,Population,_T,Total,_T,Total,PS_KM2,Persons per square kilometer,1996,,21.7,,SWE,Sweden,A,Normal value,0,Units,2,Two
DATAFLOW,OECD.CFE.EDS:DSD_REG_DEMO@DF_DENSITY(2.0),Population density - Regions,I,A,Annual,CTRY,Country,SWE,Sweden,_Z,Not applicable,POP,Population,_T,Total,_T,Total,PS_KM2,Persons per square kilometer,2007,,22.37,,SWE,Sweden,A,Normal value,0,Units,2,Two
DATAFLOW,OECD.CFE.EDS:DSD_REG_DEMO@DF_DENSITY(2.0),Population density - Regions,I,A,Annual,CTRY,Country,SWE,Sweden,_Z,Not applicable,POP,Population,_T,Total,_T,Total,PS_KM2,Persons per square kilometer,2006,,22.21,,SWE,Sweden,A,Normal value,0,Units,2,Two
DATAFLOW,OECD.CFE.EDS:DSD_REG_DEMO@DF_DENSITY(2.0),Population density - Regions,I,A,Annual,CTRY,Country,SWE,Sweden,_Z,Not applicable,POP,Population,_T,Total,_T,Total,PS_KM2,Persons per square kilometer,1991,,21.09,,SWE,Sweden,A,Normal value,0,Units,2,Two
DATAFLOW,OECD.CFE.EDS:DSD_REG_DEMO@DF_DENSITY(2.0),Population density - Regions,I,A,Annual,CTRY,Country,SWE,Sweden,_Z,Not applicable,POP,Population,_T,Total,_T,Total,PS_KM2,Persons per square kilometer,2019,,25.12,,SWE,Sweden,A,Normal value,0,Units,2,Two
DATAFLOW,OECD.CFE.EDS:DSD_REG_DEMO@DF_DENSITY(2.0),Population density - Regions,I,A,Annual,CTRY,Country,SWE,Sweden,_Z,Not applicable,POP,Population,_T,Total,_T,Total,PS_KM2,Persons per square kilometer,2018,,24.85,,SWE,Sweden,A,Normal value,0,Units,2,Two
DATAFLOW,OECD.CFE.EDS:DSD_REG_DEMO@DF_DENSITY(2.0),Population density - Regions,I,A,Annual,CTRY,Country,SWE,Sweden,_Z,Not applicable,POP,Population,_T,Total,_T,Total,PS_KM2,Persons per square kilometer,2017,,24.54,,SWE,Sweden,A,Normal value,0,Units,2,Two
DATAFLOW,OECD.CFE.EDS:DSD_REG_DEMO@DF_DENSITY(2.0),Population density - Regions,I,A,Annual,CTRY,Country,SWE,Sweden,_Z,Not applicable,POP,Population,_T,Total,_T,Total,PS_KM2,Persons per square kilometer,2016,,24.19,,SWE,Sweden,A,Normal value,0,Units,2,Two
DATAFLOW,OECD.CFE.EDS:DSD_REG_DEMO@DF_DENSITY(2.0),Population density - Regions,I,A,Annual,CTRY,Country,SWE,Sweden,_Z,Not applicable,POP,Population,_T,Total,_T,Total,PS_KM2,Persons per square kilometer,2013,,23.46,,SWE,Sweden,A,Normal value,0,Units,2,Two
DATAFLOW,OECD.CFE.EDS:DSD_REG_DEMO@DF_DENSITY(2.0),Population density - Regions,I,A,Annual,CTRY,Country,SWE,Sweden,_Z,Not applicable,POP,Population,_T,Total,_T,Total,PS_KM2,Persons per square kilometer,2012,,23.28,,SWE,Sweden,A,Normal value,0,Units,2,Two
DATAFLOW,OECD.CFE.EDS:DSD_REG_DEMO@DF_DENSITY(2.0),Population density - Regions,I,A,Annual,CTRY,Country,SWE,Sweden,_Z,Not applicable,POP,Population,_T,Total,_T,Total,PS_KM2,Persons per square kilometer,2011,,23.12,,SWE,Sweden,A,Normal value,0,Units,2,Two
DATAFLOW,OECD.CFE.EDS:DSD_REG_DEMO@DF_DENSITY(2.0),Population density - Regions,I,A,Annual,CTRY,Country,SWE,Sweden,_Z,Not applicable,POP,Population,_T,Total,_T,Total,PS_KM2,Persons per square kilometer,2010,,22.93,,SWE,Sweden,A,Normal value,0,Units,2,Two
DATAFLOW,OECD.CFE.EDS:DSD_REG_DEMO@DF_DENSITY(2.0),Population density - Regions,I,A,Annual,CTRY,Country,SWE,Sweden,_Z,Not applicable,POP,Population,_T,Total,_T,Total,PS_KM2,Persons per square kilometer,2023,,25.83,,SWE,Sweden,A,Normal value,0,Units,2,Two
DATAFLOW,OECD.CFE.EDS:DSD_REG_DEMO@DF_DENSITY(2.0),Population density - Regions,I,A,Annual,CTRY,Country,SWE,Sweden,_Z,Not applicable,POP,Population,_T,Total,_T,Total,PS_KM2,Persons per square kilometer,2022,,25.66,,SWE,Sweden,A,Normal value,0,Units,2,Two
DATAFLOW,OECD.CFE.EDS:DSD_REG_DEMO@DF_DENSITY(2.0),Population density - Regions,I,A,Annual,CTRY,Country,SWE,Sweden,_Z,Not applicable,POP,Population,_T,Total,_T,Total,PS_KM2,Persons per square kilometer,2021,,25.48,,SWE,Sweden,A,Normal value,0,Units,2,Two
DATAFLOW,OECD.CFE.EDS:DSD_REG_DEMO@DF_DENSITY(2.0),Population density - Regions,I,A,Annual,CTRY,Country,CHE,Switzerland,_Z,Not applicable,POP,Population,_T,Total,_T,Total,PS_KM2,Persons per square kilometer,2021,,217.52,,CHE,Switzerland,A,Normal value,0,Units,2,Two
DATAFLOW,OECD.CFE.EDS:DSD_REG_DEMO@DF_DENSITY(2.0),Population density - Regions,I,A,Annual,CTRY,Country,CHE,Switzerland,_Z,Not applicable,POP,Population,_T,Total,_T,Total,PS_KM2,Persons per square kilometer,2020,,215.91,,CHE,Switzerland,A,Normal value,0,Units,2,Two
DATAFLOW,OECD.CFE.EDS:DSD_REG_DEMO@DF_DENSITY(2.0),Population density - Regions,I,A,Annual,CTRY,Country,CHE,Switzerland,_Z,Not applicable,POP,Population,_T,Total,_T,Total,PS_KM2,Persons per square kilometer,1991,,169.52,,CHE,Switzerland,A,Normal value,0,Units,2,Two
DATAFLOW,OECD.CFE.EDS:DSD_REG_DEMO@DF_DENSITY(2.0),Population density - Regions,I,A,Annual,CTRY,Country,CHE,Switzerland,_Z,Not applicable,POP,Population,_T,Total,_T,Total,PS_KM2,Persons per square kilometer,2001,,180.73,,CHE,Switzerland,A,Normal value,0,Units,2,Two
DATAFLOW,OECD.CFE.EDS:DSD_REG_DEMO@DF_DENSITY(2.0),Population density - Regions,I,A,Annual,CTRY,Country,CHE,Switzerland,_Z,Not applicable,POP,Population,_T,Total,_T,Total,PS_KM2,Persons per square kilometer,1995,,176.09,,CHE,Switzerland,A,Normal value,0,Units,2,Two
DATAFLOW,OECD.CFE.EDS:DSD_REG_DEMO@DF_DENSITY(2.0),Population density - Regions,I,A,Annual,CTRY,Country,CHE,Switzerland,_Z,Not applicable,POP,Population,_T,Total,_T,Total,PS_KM2,Persons per square kilometer,1994,,174.83,,CHE,Switzerland,A,Normal value,0,Units,2,Two
DATAFLOW,OECD.CFE.EDS:DSD_REG_DEMO@DF_DENSITY(2.0),Population density - Regions,I,A,Annual,CTRY,Country,CHE,Switzerland,_Z,Not applicable,POP,Population,_T,Total,_T,Total,PS_KM2,Persons per square kilometer,1996,,177.18,,CHE,Switzerland,A,Normal value,0,Units,2,Two
DATAFLOW,OECD.CFE.EDS:DSD_REG_DEMO@DF_DENSITY(2.0),Population density - Regions,I,A,Annual,CTRY,Country,CHE,Switzerland,_Z,Not applicable,POP,Population,_T,Total,_T,Total,PS_KM2,Persons per square kilometer,1990,,167.43,,CHE,Switzerland,A,Normal value,0,Units,2,Two
DATAFLOW,OECD.CFE.EDS:DSD_REG_DEMO@DF_DENSITY(2.0),Population density - Regions,I,A,Annual,CTRY,Country,CHE,Switzerland,_Z,Not applicable,POP,Population,_T,Total,_T,Total,PS_KM2,Persons per square kilometer,1993,,173.31,,CHE,Switzerland,A,Normal value,0,Units,2,Two
DATAFLOW,OECD.CFE.EDS:DSD_REG_DEMO@DF_DENSITY(2.0),Population density - Regions,I,A,Annual,CTRY,Country,CHE,Switzerland,_Z,Not applicable,POP,Population,_T,Total,_T,Total,PS_KM2,Persons per square kilometer,2016,,208.91,,CHE,Switzerland,A,Normal value,0,Units,2,Two
DATAFLOW,OECD.CFE.EDS:DSD_REG_DEMO@DF_DENSITY(2.0),Population density - Regions,I,A,Annual,CTRY,Country,CHE,Switzerland,_Z,Not applicable,POP,Population,_T,Total,_T,Total,PS_KM2,Persons per square kilometer,2015,,206.66,,CHE,Switzerland,A,Normal value,0,Units,2,Two
DATAFLOW,OECD.CFE.EDS:DSD_REG_DEMO@DF_DENSITY(2.0),Population density - Regions,I,A,Annual,CTRY,Country,CHE,Switzerland,_Z,Not applicable,POP,Population,_T,Total,_T,Total,PS_KM2,Persons per square kilometer,2014,,204.21,,CHE,Switzerland,A,Normal value,0,Units,2,Two
DATAFLOW,OECD.CFE.EDS:DSD_REG_DEMO@DF_DENSITY(2.0),Population density - Regions,I,A,Annual,CTRY,Country,CHE,Switzerland,_Z,Not applicable,POP,Population,_T,Total,_T,Total,PS_KM2,Persons per square kilometer,1999,,178.71,,CHE,Switzerland,A,Normal value,0,Units,2,Two
DATAFLOW,OECD.CFE.EDS:DSD_REG_DEMO@DF_DENSITY(2.0),Population density - Regions,I,A,Annual,CTRY,Country,CHE,Switzerland,_Z,Not applicable,POP,Population,_T,Total,_T,Total,PS_KM2,Persons per square kilometer,2009,,193.22,,CHE,Switzerland,A,Normal value,0,Units,2,Two
DATAFLOW,OECD.CFE.EDS:DSD_REG_DEMO@DF_DENSITY(2.0),Population density - Regions,I,A,Annual,CTRY,Country,CHE,Switzerland,_Z,Not applicable,POP,Population,_T,Total,_T,Total,PS_KM2,Persons per square kilometer,2008,,190.5,,CHE,Switzerland,A,Normal value,0,Units,2,Two
DATAFLOW,OECD.CFE.EDS:DSD_REG_DEMO@DF_DENSITY(2.0),Population density - Regions,I,A,Annual,CTRY,Country,CHE,Switzerland,_Z,Not applicable,POP,Population,_T,Total,_T,Total,PS_KM2,Persons per square kilometer,2006,,187.13,,CHE,Switzerland,A,Normal value,0,Units,2,Two
DATAFLOW,OECD.CFE.EDS:DSD_REG_DEMO@DF_DENSITY(2.0),Population density - Regions,I,A,Annual,CTRY,Country,CHE,Switzerland,_Z,Not applicable,POP,Population,_T,Total,_T,Total,PS_KM2,Persons per square kilometer,2004,,184.75,,CHE,Switzerland,A,Normal value,0,Units,2,Two
DATAFLOW,OECD.CFE.EDS:DSD_REG_DEMO@DF_DENSITY(2.0),Population density - Regions,I,A,Annual,CTRY,Country,CHE,Switzerland,_Z,Not applicable,POP,Population,_T,Total,_T,Total,PS_KM2,Persons per square kilometer,2003,,183.49,,CHE,Switzerland,A,Normal value,0,Units,2,Two
DATAFLOW,OECD.CFE.EDS:DSD_REG_DEMO@DF_DENSITY(2.0),Population density - Regions,I,A,Annual,CTRY,Country,CHE,Switzerland,_Z,Not applicable,POP,Population,_T,Total,_T,Total,PS_KM2,Persons per square kilometer,2002,,182.03,,CHE,Switzerland,A,Normal value,0,Units,2,Two
DATAFLOW,OECD.CFE.EDS:DSD_REG_DEMO@DF_DENSITY(2.0),Population density - Regions,I,A,Annual,CTRY,Country,CHE,Switzerland,_Z,Not applicable,POP,Population,_T,Total,_T,Total,PS_KM2,Persons per square kilometer,1998,,178.03,,CHE,Switzerland,A,Normal value,0,Units,2,Two
DATAFLOW,OECD.CFE.EDS:DSD_REG_DEMO@DF_DENSITY(2.0),Population density - Regions,I,A,Annual,CTRY,Country,CHE,Switzerland,_Z,Not applicable,POP,Population,_T,Total,_T,Total,PS_KM2,Persons per square kilometer,1997,,177.66,,CHE,Switzerland,A,Normal value,0,Units,2,Two
DATAFLOW,OECD.CFE.EDS:DSD_REG_DEMO@DF_DENSITY(2.0),Population density - Regions,I,A,Annual,CTRY,Country,CHE,Switzerland,_Z,Not applicable,POP,Population,_T,Total,_T,Total,PS_KM2,Persons per square kilometer,1992,,171.67,,CHE,Switzerland,A,Normal value,0,Units,2,Two
DATAFLOW,OECD.CFE.EDS:DSD_REG_DEMO@DF_DENSITY(2.0),Population density - Regions,I,A,Annual,CTRY,Country,CHE,Switzerland,_Z,Not applicable,POP,Population,_T,Total,_T,Total,PS_KM2,Persons per square kilometer,2012,,199.57,,CHE,Switzerland,A,Normal value,0,Units,2,Two
DATAFLOW,OECD.CFE.EDS:DSD_REG_DEMO@DF_DENSITY(2.0),Population density - Regions,I,A,Annual,CTRY,Country,CHE,Switzerland,_Z,Not applicable,POP,Population,_T,Total,_T,Total,PS_KM2,Persons per square kilometer,2023,,221.16,,CHE,Switzerland,A,Normal value,0,Units,2,Two
DATAFLOW,OECD.CFE.EDS:DSD_REG_DEMO@DF_DENSITY(2.0),Population density - Regions,I,A,Annual,CTRY,Country,CHE,Switzerland,_Z,Not applicable,POP,Population,_T,Total,_T,Total,PS_KM2,Persons per square kilometer,2019,,214.36,,CHE,Switzerland,A,Normal value,0,Units,2,Two
DATAFLOW,OECD.CFE.EDS:DSD_REG_DEMO@DF_DENSITY(2.0),Population density - Regions,I,A,Annual,CTRY,Country,CHE,Switzerland,_Z,Not applicable,POP,Population,_T,Total,_T,Total,PS_KM2,Persons per square kilometer,2018,,212.85,,CHE,Switzerland,A,Normal value,0,Units,2,Two
DATAFLOW,OECD.CFE.EDS:DSD_REG_DEMO@DF_DENSITY(2.0),Population density - Regions,I,A,Annual,CTRY,Country,CHE,Switzerland,_Z,Not applicable,POP,Population,_T,Total,_T,Total,PS_KM2,Persons per square kilometer,2017,,211.23,,CHE,Switzerland,A,Normal value,0,Units,2,Two
DATAFLOW,OECD.CFE.EDS:DSD_REG_DEMO@DF_DENSITY(2.0),Population density - Regions,I,A,Annual,CTRY,Country,CHE,Switzerland,_Z,Not applicable,POP,Population,_T,Total,_T,Total,PS_KM2,Persons per square kilometer,2010,,195.33,,CHE,Switzerland,A,Normal value,0,Units,2,Two
DATAFLOW,OECD.CFE.EDS:DSD_REG_DEMO@DF_DENSITY(2.0),Population density - Regions,I,A,Annual,CTRY,Country,CHE,Switzerland,_Z,Not applicable,POP,Population,_T,Total,_T,Total,PS_KM2,Persons per square kilometer,2011,,197.44,,CHE,Switzerland,B,Time series break,0,Units,2,Two
DATAFLOW,OECD.CFE.EDS:DSD_REG_DEMO@DF_DENSITY(2.0),Population density - Regions,I,A,Annual,CTRY,Country,CHE,Switzerland,_Z,Not applicable,POP,Population,_T,Total,_T,Total,PS_KM2,Persons per square kilometer,2007,,188.38,,CHE,Switzerland,A,Normal value,0,Units,2,Two
DATAFLOW,OECD.CFE.EDS:DSD_REG_DEMO@DF_DENSITY(2.0),Population density - Regions,I,A,Annual,CTRY,Country,CHE,Switzerland,_Z,Not applicable,POP,Population,_T,Total,_T,Total,PS_KM2,Persons per square kilometer,2005,,186.03,,CHE,Switzerland,A,Normal value,0,Units,2,Two
DATAFLOW,OECD.CFE.EDS:DSD_REG_DEMO@DF_DENSITY(2.0),Population density - Regions,I,A,Annual,CTRY,Country,CHE,Switzerland,_Z,Not applicable,POP,Population,_T,Total,_T,Total,PS_KM2,Persons per square kilometer,2013,,201.68,,CHE,Switzerland,A,Normal value,0,Units,2,Two
DATAFLOW,OECD.CFE.EDS:DSD_REG_DEMO@DF_DENSITY(2.0),Population density - Regions,I,A,Annual,CTRY,Country,CHE,Switzerland,_Z,Not applicable,POP,Population,_T,Total,_T,Total,PS_KM2,Persons per square kilometer,2000,,179.74,,CHE,Switzerland,A,Normal value,0,Units,2,Two
DATAFLOW,OECD.CFE.EDS:DSD_REG_DEMO@DF_DENSITY(2.0),Population density - Regions,I,A,Annual,CTRY,Country,TUR,Türkiye,_Z,Not applicable,POP,Population,_T,Total,_T,Total,PS_KM2,Persons per square kilometer,2019,,106.98,,TUR,Türkiye,A,Normal value,0,Units,2,Two
DATAFLOW,OECD.CFE.EDS:DSD_REG_DEMO@DF_DENSITY(2.0),Population density - Regions,I,A,Annual,CTRY,Country,TUR,Türkiye,_Z,Not applicable,POP,Population,_T,Total,_T,Total,PS_KM2,Persons per square kilometer,2006,,89.84,,TUR,Türkiye,A,Normal value,0,Units,2,Two
DATAFLOW,OECD.CFE.EDS:DSD_REG_DEMO@DF_DENSITY(2.0),Population density - Regions,I,A,Annual,CTRY,Country,TUR,Türkiye,_Z,Not applicable,POP,Population,_T,Total,_T,Total,PS_KM2,Persons per square kilometer,1997,,82.82,,TUR,Türkiye,A,Normal value,0,Units,2,Two
DATAFLOW,OECD.CFE.EDS:DSD_REG_DEMO@DF_DENSITY(2.0),Population density - Regions,I,A,Annual,CTRY,Country,TUR,Türkiye,_Z,Not applicable,POP,Population,_T,Total,_T,Total,PS_KM2,Persons per square kilometer,1994,,78.38,,TUR,Türkiye,A,Normal value,0,Units,2,Two
DATAFLOW,OECD.CFE.EDS:DSD_REG_DEMO@DF_DENSITY(2.0),Population density - Regions,I,A,Annual,CTRY,Country,TUR,Türkiye,_Z,Not applicable,POP,Population,_T,Total,_T,Total,PS_KM2,Persons per square kilometer,1992,,75.45,,TUR,Türkiye,A,Normal value,0,Units,2,Two
DATAFLOW,OECD.CFE.EDS:DSD_REG_DEMO@DF_DENSITY(2.0),Population density - Regions,I,A,Annual,CTRY,Country,TUR,Türkiye,_Z,Not applicable,POP,Population,_T,Total,_T,Total,PS_KM2,Persons per square kilometer,1991,,73.99,,TUR,Türkiye,A,Normal value,0,Units,2,Two
DATAFLOW,OECD.CFE.EDS:DSD_REG_DEMO@DF_DENSITY(2.0),Population density - Regions,I,A,Annual,CTRY,Country,TUR,Türkiye,_Z,Not applicable,POP,Population,_T,Total,_T,Total,PS_KM2,Persons per square kilometer,2002,,85.59,,TUR,Türkiye,A,Normal value,0,Units,2,Two
DATAFLOW,OECD.CFE.EDS:DSD_REG_DEMO@DF_DENSITY(2.0),Population density - Regions,I,A,Annual,CTRY,Country,TUR,Türkiye,_Z,Not applicable,POP,Population,_T,Total,_T,Total,PS_KM2,Persons per square kilometer,1990,,72.4,,TUR,Türkiye,A,Normal value,0,Units,2,Two
DATAFLOW,OECD.CFE.EDS:DSD_REG_DEMO@DF_DENSITY(2.0),Population density - Regions,I,A,Annual,CTRY,Country,TUR,Türkiye,_Z,Not applicable,POP,Population,_T,Total,_T,Total,PS_KM2,Persons per square kilometer,2016,,102.73,,TUR,Türkiye,A,Normal value,0,Units,2,Two
DATAFLOW,OECD.CFE.EDS:DSD_REG_DEMO@DF_DENSITY(2.0),Population density - Regions,I,A,Annual,CTRY,Country,TUR,Türkiye,_Z,Not applicable,POP,Population,_T,Total,_T,Total,PS_KM2,Persons per square kilometer,2015,,101.36,,TUR,Türkiye,A,Normal value,0,Units,2,Two
DATAFLOW,OECD.CFE.EDS:DSD_REG_DEMO@DF_DENSITY(2.0),Population density - Regions,I,A,Annual,CTRY,Country,TUR,Türkiye,_Z,Not applicable,POP,Population,_T,Total,_T,Total,PS_KM2,Persons per square kilometer,2014,,100.02,,TUR,Türkiye,A,Normal value,0,Units,2,Two
DATAFLOW,OECD.CFE.EDS:DSD_REG_DEMO@DF_DENSITY(2.0),Population density - Regions,I,A,Annual,CTRY,Country,TUR,Türkiye,_Z,Not applicable,POP,Population,_T,Total,_T,Total,PS_KM2,Persons per square kilometer,2013,,98.66,,TUR,Türkiye,A,Normal value,0,Units,2,Two
DATAFLOW,OECD.CFE.EDS:DSD_REG_DEMO@DF_DENSITY(2.0),Population density - Regions,I,A,Annual,CTRY,Country,TUR,Türkiye,_Z,Not applicable,POP,Population,_T,Total,_T,Total,PS_KM2,Persons per square kilometer,1996,,81.33,,TUR,Türkiye,A,Normal value,0,Units,2,Two
DATAFLOW,OECD.CFE.EDS:DSD_REG_DEMO@DF_DENSITY(2.0),Population density - Regions,I,A,Annual,CTRY,Country,TUR,Türkiye,_Z,Not applicable,POP,Population,_T,Total,_T,Total,PS_KM2,Persons per square kilometer,1995,,79.85,,TUR,Türkiye,A,Normal value,0,Units,2,Two
DATAFLOW,OECD.CFE.EDS:DSD_REG_DEMO@DF_DENSITY(2.0),Population density - Regions,I,A,Annual,CTRY,Country,TUR,Türkiye,_Z,Not applicable,POP,Population,_T,Total,_T,Total,PS_KM2,Persons per square kilometer,2010,,94.66,,TUR,Türkiye,A,Normal value,0,Units,2,Two
DATAFLOW,OECD.CFE.EDS:DSD_REG_DEMO@DF_DENSITY(2.0),Population density - Regions,I,A,Annual,CTRY,Country,TUR,Türkiye,_Z,Not applicable,POP,Population,_T,Total,_T,Total,PS_KM2,Persons per square kilometer,2009,,93.3,,TUR,Türkiye,A,Normal value,0,Units,2,Two
DATAFLOW,OECD.CFE.EDS:DSD_REG_DEMO@DF_DENSITY(2.0),Population density - Regions,I,A,Annual,CTRY,Country,TUR,Türkiye,_Z,Not applicable,POP,Population,_T,Total,_T,Total,PS_KM2,Persons per square kilometer,2008,,92.09,,TUR,Türkiye,A,Normal value,0,Units,2,Two
DATAFLOW,OECD.CFE.EDS:DSD_REG_DEMO@DF_DENSITY(2.0),Population density - Regions,I,A,Annual,CTRY,Country,TUR,Türkiye,_Z,Not applicable,POP,Population,_T,Total,_T,Total,PS_KM2,Persons per square kilometer,2007,,90.97,,TUR,Türkiye,A,Normal value,0,Units,2,Two
DATAFLOW,OECD.CFE.EDS:DSD_REG_DEMO@DF_DENSITY(2.0),Population density - Regions,I,A,Annual,CTRY,Country,TUR,Türkiye,_Z,Not applicable,POP,Population,_T,Total,_T,Total,PS_KM2,Persons per square kilometer,1993,,76.92,,TUR,Türkiye,A,Normal value,0,Units,2,Two
DATAFLOW,OECD.CFE.EDS:DSD_REG_DEMO@DF_DENSITY(2.0),Population density - Regions,I,A,Annual,CTRY,Country,TUR,Türkiye,_Z,Not applicable,POP,Population,_T,Total,_T,Total,PS_KM2,Persons per square kilometer,2004,,87.65,,TUR,Türkiye,A,Normal value,0,Units,2,Two
DATAFLOW,OECD.CFE.EDS:DSD_REG_DEMO@DF_DENSITY(2.0),Population density - Regions,I,A,Annual,CTRY,Country,TUR,Türkiye,_Z,Not applicable,POP,Population,_T,Total,_T,Total,PS_KM2,Persons per square kilometer,2003,,86.63,,TUR,Türkiye,A,Normal value,0,Units,2,Two
DATAFLOW,OECD.CFE.EDS:DSD_REG_DEMO@DF_DENSITY(2.0),Population density - Regions,I,A,Annual,CTRY,Country,TUR,Türkiye,_Z,Not applicable,POP,Population,_T,Total,_T,Total,PS_KM2,Persons per square kilometer,1998,,84.33,,TUR,Türkiye,A,Normal value,0,Units,2,Two
DATAFLOW,OECD.CFE.EDS:DSD_REG_DEMO@DF_DENSITY(2.0),Population density - Regions,I,A,Annual,CTRY,Country,TUR,Türkiye,_Z,Not applicable,POP,Population,_T,Total,_T,Total,PS_KM2,Persons per square kilometer,2023,,111.26,,TUR,Türkiye,A,Normal value,0,Units,2,Two
DATAFLOW,OECD.CFE.EDS:DSD_REG_DEMO@DF_DENSITY(2.0),Population density - Regions,I,A,Annual,CTRY,Country,TUR,Türkiye,_Z,Not applicable,POP,Population,_T,Total,_T,Total,PS_KM2,Persons per square kilometer,2018,,105.43,,TUR,Türkiye,A,Normal value,0,Units,2,Two
DATAFLOW,OECD.CFE.EDS:DSD_REG_DEMO@DF_DENSITY(2.0),Population density - Regions,I,A,Annual,CTRY,Country,TUR,Türkiye,_Z,Not applicable,POP,Population,_T,Total,_T,Total,PS_KM2,Persons per square kilometer,2017,,104.13,,TUR,Türkiye,A,Normal value,0,Units,2,Two
DATAFLOW,OECD.CFE.EDS:DSD_REG_DEMO@DF_DENSITY(2.0),Population density - Regions,I,A,Annual,CTRY,Country,TUR,Türkiye,_Z,Not applicable,POP,Population,_T,Total,_T,Total,PS_KM2,Persons per square kilometer,2005,,88.73,,TUR,Türkiye,A,Normal value,0,Units,2,Two
DATAFLOW,OECD.CFE.EDS:DSD_REG_DEMO@DF_DENSITY(2.0),Population density - Regions,I,A,Annual,CTRY,Country,TUR,Türkiye,_Z,Not applicable,POP,Population,_T,Total,_T,Total,PS_KM2,Persons per square kilometer,2001,,84.45,,TUR,Türkiye,B,Time series break,0,Units,2,Two
DATAFLOW,OECD.CFE.EDS:DSD_REG_DEMO@DF_DENSITY(2.0),Population density - Regions,I,A,Annual,CTRY,Country,TUR,Türkiye,_Z,Not applicable,POP,Population,_T,Total,_T,Total,PS_KM2,Persons per square kilometer,2012,,97.49,,TUR,Türkiye,A,Normal value,0,Units,2,Two
DATAFLOW,OECD.CFE.EDS:DSD_REG_DEMO@DF_DENSITY(2.0),Population density - Regions,I,A,Annual,CTRY,Country,TUR,Türkiye,_Z,Not applicable,POP,Population,_T,Total,_T,Total,PS_KM2,Persons per square kilometer,2011,,96.18,,TUR,Türkiye,A,Normal value,0,Units,2,Two
DATAFLOW,OECD.CFE.EDS:DSD_REG_DEMO@DF_DENSITY(2.0),Population density - Regions,I,A,Annual,CTRY,Country,TUR,Türkiye,_Z,Not applicable,POP,Population,_T,Total,_T,Total,PS_KM2,Persons per square kilometer,2000,,87.27,,TUR,Türkiye,A,Normal value,0,Units,2,Two
DATAFLOW,OECD.CFE.EDS:DSD_REG_DEMO@DF_DENSITY(2.0),Population density - Regions,I,A,Annual,CTRY,Country,TUR,Türkiye,_Z,Not applicable,POP,Population,_T,Total,_T,Total,PS_KM2,Persons per square kilometer,1999,,85.83,,TUR,Türkiye,A,Normal value,0,Units,2,Two
DATAFLOW,OECD.CFE.EDS:DSD_REG_DEMO@DF_DENSITY(2.0),Population density - Regions,I,A,Annual,CTRY,Country,TUR,Türkiye,_Z,Not applicable,POP,Population,_T,Total,_T,Total,PS_KM2,Persons per square kilometer,2022,,110.48,,TUR,Türkiye,A,Normal value,0,Units,2,Two
DATAFLOW,OECD.CFE.EDS:DSD_REG_DEMO@DF_DENSITY(2.0),Population density - Regions,I,A,Annual,CTRY,Country,TUR,Türkiye,_Z,Not applicable,POP,Population,_T,Total,_T,Total,PS_KM2,Persons per square kilometer,2021,,109.08,,TUR,Türkiye,A,Normal value,0,Units,2,Two
DATAFLOW,OECD.CFE.EDS:DSD_REG_DEMO@DF_DENSITY(2.0),Population density - Regions,I,A,Annual,CTRY,Country,GBR,United Kingdom,_Z,Not applicable,POP,Population,_T,Total,_T,Total,PS_KM2,Persons per square kilometer,2011,,260.7,,GBR,United Kingdom,A,Normal value,0,Units,2,Two
DATAFLOW,OECD.CFE.EDS:DSD_REG_DEMO@DF_DENSITY(2.0),Population density - Regions,I,A,Annual,CTRY,Country,GBR,United Kingdom,_Z,Not applicable,POP,Population,_T,Total,_T,Total,PS_KM2,Persons per square kilometer,2000,,242.58,,GBR,United Kingdom,A,Normal value,0,Units,2,Two
DATAFLOW,OECD.CFE.EDS:DSD_REG_DEMO@DF_DENSITY(2.0),Population density - Regions,I,A,Annual,CTRY,Country,GBR,United Kingdom,_Z,Not applicable,POP,Population,_T,Total,_T,Total,PS_KM2,Persons per square kilometer,1990,,235.46,,GBR,United Kingdom,A,Normal value,0,Units,2,Two
DATAFLOW,OECD.CFE.EDS:DSD_REG_DEMO@DF_DENSITY(2.0),Population density - Regions,I,A,Annual,CTRY,Country,GBR,United Kingdom,_Z,Not applicable,POP,Population,_T,Total,_T,Total,PS_KM2,Persons per square kilometer,1992,,237.22,,GBR,United Kingdom,A,Normal value,0,Units,2,Two
DATAFLOW,OECD.CFE.EDS:DSD_REG_DEMO@DF_DENSITY(2.0),Population density - Regions,I,A,Annual,CTRY,Country,GBR,United Kingdom,_Z,Not applicable,POP,Population,_T,Total,_T,Total,PS_KM2,Persons per square kilometer,1991,,236.2,,GBR,United Kingdom,A,Normal value,0,Units,2,Two
DATAFLOW,OECD.CFE.EDS:DSD_REG_DEMO@DF_DENSITY(2.0),Population density - Regions,I,A,Annual,CTRY,Country,GBR,United Kingdom,_Z,Not applicable,POP,Population,_T,Total,_T,Total,PS_KM2,Persons per square kilometer,2002,,244.55,,GBR,United Kingdom,A,Normal value,0,Units,2,Two
DATAFLOW,OECD.CFE.EDS:DSD_REG_DEMO@DF_DENSITY(2.0),Population density - Regions,I,A,Annual,CTRY,Country,GBR,United Kingdom,_Z,Not applicable,POP,Population,_T,Total,_T,Total,PS_KM2,Persons per square kilometer,2001,,243.51,,GBR,United Kingdom,A,Normal value,0,Units,2,Two
DATAFLOW,OECD.CFE.EDS:DSD_REG_DEMO@DF_DENSITY(2.0),Population density - Regions,I,A,Annual,CTRY,Country,GBR,United Kingdom,_Z,Not applicable,POP,Population,_T,Total,_T,Total,PS_KM2,Persons per square kilometer,2012,,262.45,,GBR,United Kingdom,A,Normal value,0,Units,2,Two
DATAFLOW,OECD.CFE.EDS:DSD_REG_DEMO@DF_DENSITY(2.0),Population density - Regions,I,A,Annual,CTRY,Country,GBR,United Kingdom,_Z,Not applicable,POP,Population,_T,Total,_T,Total,PS_KM2,Persons per square kilometer,1999,,241.75,,GBR,United Kingdom,A,Normal value,0,Units,2,Two
DATAFLOW,OECD.CFE.EDS:DSD_REG_DEMO@DF_DENSITY(2.0),Population density - Regions,I,A,Annual,CTRY,Country,GBR,United Kingdom,_Z,Not applicable,POP,Population,_T,Total,_T,Total,PS_KM2,Persons per square kilometer,2006,,250.57,,GBR,United Kingdom,A,Normal value,0,Units,2,Two
DATAFLOW,OECD.CFE.EDS:DSD_REG_DEMO@DF_DENSITY(2.0),Population density - Regions,I,A,Annual,CTRY,Country,GBR,United Kingdom,_Z,Not applicable,POP,Population,_T,Total,_T,Total,PS_KM2,Persons per square kilometer,1993,,237.75,,GBR,United Kingdom,A,Normal value,0,Units,2,Two
DATAFLOW,OECD.CFE.EDS:DSD_REG_DEMO@DF_DENSITY(2.0),Population density - Regions,I,A,Annual,CTRY,Country,GBR,United Kingdom,_Z,Not applicable,POP,Population,_T,Total,_T,Total,PS_KM2,Persons per square kilometer,1996,,239.61,,GBR,United Kingdom,A,Normal value,0,Units,2,Two
DATAFLOW,OECD.CFE.EDS:DSD_REG_DEMO@DF_DENSITY(2.0),Population density - Regions,I,A,Annual,CTRY,Country,GBR,United Kingdom,_Z,Not applicable,POP,Population,_T,Total,_T,Total,PS_KM2,Persons per square kilometer,1995,,239.03,,GBR,United Kingdom,A,Normal value,0,Units,2,Two
DATAFLOW,OECD.CFE.EDS:DSD_REG_DEMO@DF_DENSITY(2.0),Population density - Regions,I,A,Annual,CTRY,Country,GBR,United Kingdom,_Z,Not applicable,POP,Population,_T,Total,_T,Total,PS_KM2,Persons per square kilometer,2010,,258.53,,GBR,United Kingdom,A,Normal value,0,Units,2,Two
DATAFLOW,OECD.CFE.EDS:DSD_REG_DEMO@DF_DENSITY(2.0),Population density - Regions,I,A,Annual,CTRY,Country,GBR,United Kingdom,_Z,Not applicable,POP,Population,_T,Total,_T,Total,PS_KM2,Persons per square kilometer,2009,,256.48,,GBR,United Kingdom,A,Normal value,0,Units,2,Two
DATAFLOW,OECD.CFE.EDS:DSD_REG_DEMO@DF_DENSITY(2.0),Population density - Regions,I,A,Annual,CTRY,Country,GBR,United Kingdom,_Z,Not applicable,POP,Population,_T,Total,_T,Total,PS_KM2,Persons per square kilometer,2008,,254.68,,GBR,United Kingdom,A,Normal value,0,Units,2,Two
DATAFLOW,OECD.CFE.EDS:DSD_REG_DEMO@DF_DENSITY(2.0),Population density - Regions,I,A,Annual,CTRY,Country,GBR,United Kingdom,_Z,Not applicable,POP,Population,_T,Total,_T,Total,PS_KM2,Persons per square kilometer,2007,,252.6,,GBR,United Kingdom,A,Normal value,0,Units,2,Two
DATAFLOW,OECD.CFE.EDS:DSD_REG_DEMO@DF_DENSITY(2.0),Population density - Regions,I,A,Annual,CTRY,Country,GBR,United Kingdom,_Z,Not applicable,POP,Population,_T,Total,_T,Total,PS_KM2,Persons per square kilometer,2004,,246.96,,GBR,United Kingdom,A,Normal value,0,Units,2,Two
DATAFLOW,OECD.CFE.EDS:DSD_REG_DEMO@DF_DENSITY(2.0),Population density - Regions,I,A,Annual,CTRY,Country,GBR,United Kingdom,_Z,Not applicable,POP,Population,_T,Total,_T,Total,PS_KM2,Persons per square kilometer,2003,,245.67,,GBR,United Kingdom,A,Normal value,0,Units,2,Two
DATAFLOW,OECD.CFE.EDS:DSD_REG_DEMO@DF_DENSITY(2.0),Population density - Regions,I,A,Annual,CTRY,Country,GBR,United Kingdom,_Z,Not applicable,POP,Population,_T,Total,_T,Total,PS_KM2,Persons per square kilometer,1998,,240.88,,GBR,United Kingdom,A,Normal value,0,Units,2,Two
DATAFLOW,OECD.CFE.EDS:DSD_REG_DEMO@DF_DENSITY(2.0),Population density - Regions,I,A,Annual,CTRY,Country,GBR,United Kingdom,_Z,Not applicable,POP,Population,_T,Total,_T,Total,PS_KM2,Persons per square kilometer,1997,,240.22,,GBR,United Kingdom,A,Normal value,0,Units,2,Two
DATAFLOW,OECD.CFE.EDS:DSD_REG_DEMO@DF_DENSITY(2.0),Population density - Regions,I,A,Annual,CTRY,Country,GBR,United Kingdom,_Z,Not applicable,POP,Population,_T,Total,_T,Total,PS_KM2,Persons per square kilometer,1994,,238.36,,GBR,United Kingdom,A,Normal value,0,Units,2,Two
DATAFLOW,OECD.CFE.EDS:DSD_REG_DEMO@DF_DENSITY(2.0),Population density - Regions,I,A,Annual,CTRY,Country,GBR,United Kingdom,_Z,Not applicable,POP,Population,_T,Total,_T,Total,PS_KM2,Persons per square kilometer,2023,,281.21,,GBR,United Kingdom,A,Normal value,0,Units,2,Two
DATAFLOW,OECD.CFE.EDS:DSD_REG_DEMO@DF_DENSITY(2.0),Population density - Regions,I,A,Annual,CTRY,Country,GBR,United Kingdom,_Z,Not applicable,POP,Population,_T,Total,_T,Total,PS_KM2,Persons per square kilometer,2022,,278.49,,GBR,United Kingdom,A,Normal value,0,Units,2,Two
DATAFLOW,OECD.CFE.EDS:DSD_REG_DEMO@DF_DENSITY(2.0),Population density - Regions,I,A,Annual,CTRY,Country,GBR,United Kingdom,_Z,Not applicable,POP,Population,_T,Total,_T,Total,PS_KM2,Persons per square kilometer,2021,,275.93,,GBR,United Kingdom,A,Normal value,0,Units,2,Two
DATAFLOW,OECD.CFE.EDS:DSD_REG_DEMO@DF_DENSITY(2.0),Population density - Regions,I,A,Annual,CTRY,Country,GBR,United Kingdom,_Z,Not applicable,POP,Population,_T,Total,_T,Total,PS_KM2,Persons per square kilometer,2020,,274.95,,GBR,United Kingdom,A,Normal value,0,Units,2,Two
DATAFLOW,OECD.CFE.EDS:DSD_REG_DEMO@DF_DENSITY(2.0),Population density - Regions,I,A,Annual,CTRY,Country,GBR,United Kingdom,_Z,Not applicable,POP,Population,_T,Total,_T,Total,PS_KM2,Persons per square kilometer,2019,,274.48,,GBR,United Kingdom,A,Normal value,0,Units,2,Two
DATAFLOW,OECD.CFE.EDS:DSD_REG_DEMO@DF_DENSITY(2.0),Population density - Regions,I,A,Annual,CTRY,Country,GBR,United Kingdom,_Z,Not applicable,POP,Population,_T,Total,_T,Total,PS_KM2,Persons per square kilometer,2018,,273.07,,GBR,United Kingdom,A,Normal value,0,Units,2,Two
DATAFLOW,OECD.CFE.EDS:DSD_REG_DEMO@DF_DENSITY(2.0),Population density - Regions,I,A,Annual,CTRY,Country,GBR,United Kingdom,_Z,Not applicable,POP,Population,_T,Total,_T,Total,PS_KM2,Persons per square kilometer,2017,,271.74,,GBR,United Kingdom,A,Normal value,0,Units,2,Two
DATAFLOW,OECD.CFE.EDS:DSD_REG_DEMO@DF_DENSITY(2.0),Population density - Regions,I,A,Annual,CTRY,Country,GBR,United Kingdom,_Z,Not applicable,POP,Population,_T,Total,_T,Total,PS_KM2,Persons per square kilometer,2016,,270.27,,GBR,United Kingdom,A,Normal value,0,Units,2,Two
DATAFLOW,OECD.CFE.EDS:DSD_REG_DEMO@DF_DENSITY(2.0),Population density - Regions,I,A,Annual,CTRY,Country,GBR,United Kingdom,_Z,Not applicable,POP,Population,_T,Total,_T,Total,PS_KM2,Persons per square kilometer,2015,,268.13,,GBR,United Kingdom,A,Normal value,0,Units,2,Two
DATAFLOW,OECD.CFE.EDS:DSD_REG_DEMO@DF_DENSITY(2.0),Population density - Regions,I,A,Annual,CTRY,Country,GBR,United Kingdom,_Z,Not applicable,POP,Population,_T,Total,_T,Total,PS_KM2,Persons per square kilometer,2014,,266.2,,GBR,United Kingdom,A,Normal value,0,Units,2,Two
DATAFLOW,OECD.CFE.EDS:DSD_REG_DEMO@DF_DENSITY(2.0),Population density - Regions,I,A,Annual,CTRY,Country,GBR,United Kingdom,_Z,Not applicable,POP,Population,_T,Total,_T,Total,PS_KM2,Persons per square kilometer,2013,,264.22,,GBR,United Kingdom,A,Normal value,0,Units,2,Two
DATAFLOW,OECD.CFE.EDS:DSD_REG_DEMO@DF_DENSITY(2.0),Population density - Regions,I,A,Annual,CTRY,Country,USA,United States,_Z,Not applicable,POP,Population,_T,Total,_T,Total,PS_KM2,Persons per square kilometer,2007,,32.88,,USA,United States,A,Normal value,0,Units,2,Two
DATAFLOW,OECD.CFE.EDS:DSD_REG_DEMO@DF_DENSITY(2.0),Population density - Regions,I,A,Annual,CTRY,Country,USA,United States,_Z,Not applicable,POP,Population,_T,Total,_T,Total,PS_KM2,Persons per square kilometer,2006,,32.57,,USA,United States,A,Normal value,0,Units,2,Two
DATAFLOW,OECD.CFE.EDS:DSD_REG_DEMO@DF_DENSITY(2.0),Population density - Regions,I,A,Annual,CTRY,Country,USA,United States,_Z,Not applicable,POP,Population,_T,Total,_T,Total,PS_KM2,Persons per square kilometer,1992,,28,,USA,United States,A,Normal value,0,Units,2,Two
DATAFLOW,OECD.CFE.EDS:DSD_REG_DEMO@DF_DENSITY(2.0),Population density - Regions,I,A,Annual,CTRY,Country,USA,United States,_Z,Not applicable,POP,Population,_T,Total,_T,Total,PS_KM2,Persons per square kilometer,1991,,27.61,,USA,United States,A,Normal value,0,Units,2,Two
DATAFLOW,OECD.CFE.EDS:DSD_REG_DEMO@DF_DENSITY(2.0),Population density - Regions,I,A,Annual,CTRY,Country,USA,United States,_Z,Not applicable,POP,Population,_T,Total,_T,Total,PS_KM2,Persons per square kilometer,2001,,31.1,,USA,United States,A,Normal value,0,Units,2,Two
DATAFLOW,OECD.CFE.EDS:DSD_REG_DEMO@DF_DENSITY(2.0),Population density - Regions,I,A,Annual,CTRY,Country,USA,United States,_Z,Not applicable,POP,Population,_T,Total,_T,Total,PS_KM2,Persons per square kilometer,1995,,29.06,,USA,United States,A,Normal value,0,Units,2,Two
DATAFLOW,OECD.CFE.EDS:DSD_REG_DEMO@DF_DENSITY(2.0),Population density - Regions,I,A,Annual,CTRY,Country,USA,United States,_Z,Not applicable,POP,Population,_T,Total,_T,Total,PS_KM2,Persons per square kilometer,1994,,28.72,,USA,United States,A,Normal value,0,Units,2,Two
DATAFLOW,OECD.CFE.EDS:DSD_REG_DEMO@DF_DENSITY(2.0),Population density - Regions,I,A,Annual,CTRY,Country,USA,United States,_Z,Not applicable,POP,Population,_T,Total,_T,Total,PS_KM2,Persons per square kilometer,1996,,29.4,,USA,United States,A,Normal value,0,Units,2,Two
DATAFLOW,OECD.CFE.EDS:DSD_REG_DEMO@DF_DENSITY(2.0),Population density - Regions,I,A,Annual,CTRY,Country,USA,United States,_Z,Not applicable,POP,Population,_T,Total,_T,Total,PS_KM2,Persons per square kilometer,1993,,28.37,,USA,United States,A,Normal value,0,Units,2,Two
DATAFLOW,OECD.CFE.EDS:DSD_REG_DEMO@DF_DENSITY(2.0),Population density - Regions,I,A,Annual,CTRY,Country,USA,United States,_Z,Not applicable,POP,Population,_T,Total,_T,Total,PS_KM2,Persons per square kilometer,2016,,35.25,,USA,United States,A,Normal value,0,Units,2,Two
DATAFLOW,OECD.CFE.EDS:DSD_REG_DEMO@DF_DENSITY(2.0),Population density - Regions,I,A,Annual,CTRY,Country,USA,United States,_Z,Not applicable,POP,Population,_T,Total,_T,Total,PS_KM2,Persons per square kilometer,2015,,35,,USA,United States,A,Normal value,0,Units,2,Two
DATAFLOW,OECD.CFE.EDS:DSD_REG_DEMO@DF_DENSITY(2.0),Population density - Regions,I,A,Annual,CTRY,Country,USA,United States,_Z,Not applicable,POP,Population,_T,Total,_T,Total,PS_KM2,Persons per square kilometer,2014,,34.74,,USA,United States,A,Normal value,0,Units,2,Two
DATAFLOW,OECD.CFE.EDS:DSD_REG_DEMO@DF_DENSITY(2.0),Population density - Regions,I,A,Annual,CTRY,Country,USA,United States,_Z,Not applicable,POP,Population,_T,Total,_T,Total,PS_KM2,Persons per square kilometer,2013,,34.49,,USA,United States,A,Normal value,0,Units,2,Two
DATAFLOW,OECD.CFE.EDS:DSD_REG_DEMO@DF_DENSITY(2.0),Population density - Regions,I,A,Annual,CTRY,Country,USA,United States,_Z,Not applicable,POP,Population,_T,Total,_T,Total,PS_KM2,Persons per square kilometer,2012,,34.25,,USA,United States,A,Normal value,0,Units,2,Two
DATAFLOW,OECD.CFE.EDS:DSD_REG_DEMO@DF_DENSITY(2.0),Population density - Regions,I,A,Annual,CTRY,Country,USA,United States,_Z,Not applicable,POP,Population,_T,Total,_T,Total,PS_KM2,Persons per square kilometer,2009,,33.48,,USA,United States,A,Normal value,0,Units,2,Two
DATAFLOW,OECD.CFE.EDS:DSD_REG_DEMO@DF_DENSITY(2.0),Population density - Regions,I,A,Annual,CTRY,Country,USA,United States,_Z,Not applicable,POP,Population,_T,Total,_T,Total,PS_KM2,Persons per square kilometer,2008,,33.19,,USA,United States,A,Normal value,0,Units,2,Two
DATAFLOW,OECD.CFE.EDS:DSD_REG_DEMO@DF_DENSITY(2.0),Population density - Regions,I,A,Annual,CTRY,Country,USA,United States,_Z,Not applicable,POP,Population,_T,Total,_T,Total,PS_KM2,Persons per square kilometer,1990,,27.25,,USA,United States,A,Normal value,0,Units,2,Two
DATAFLOW,OECD.CFE.EDS:DSD_REG_DEMO@DF_DENSITY(2.0),Population density - Regions,I,A,Annual,CTRY,Country,USA,United States,_Z,Not applicable,POP,Population,_T,Total,_T,Total,PS_KM2,Persons per square kilometer,2004,,31.96,,USA,United States,A,Normal value,0,Units,2,Two
DATAFLOW,OECD.CFE.EDS:DSD_REG_DEMO@DF_DENSITY(2.0),Population density - Regions,I,A,Annual,CTRY,Country,USA,United States,_Z,Not applicable,POP,Population,_T,Total,_T,Total,PS_KM2,Persons per square kilometer,2003,,31.66,,USA,United States,A,Normal value,0,Units,2,Two
DATAFLOW,OECD.CFE.EDS:DSD_REG_DEMO@DF_DENSITY(2.0),Population density - Regions,I,A,Annual,CTRY,Country,USA,United States,_Z,Not applicable,POP,Population,_T,Total,_T,Total,PS_KM2,Persons per square kilometer,2002,,31.39,,USA,United States,A,Normal value,0,Units,2,Two
DATAFLOW,OECD.CFE.EDS:DSD_REG_DEMO@DF_DENSITY(2.0),Population density - Regions,I,A,Annual,CTRY,Country,USA,United States,_Z,Not applicable,POP,Population,_T,Total,_T,Total,PS_KM2,Persons per square kilometer,1998,,30.11,,USA,United States,A,Normal value,0,Units,2,Two
DATAFLOW,OECD.CFE.EDS:DSD_REG_DEMO@DF_DENSITY(2.0),Population density - Regions,I,A,Annual,CTRY,Country,USA,United States,_Z,Not applicable,POP,Population,_T,Total,_T,Total,PS_KM2,Persons per square kilometer,1997,,29.76,,USA,United States,A,Normal value,0,Units,2,Two
DATAFLOW,OECD.CFE.EDS:DSD_REG_DEMO@DF_DENSITY(2.0),Population density - Regions,I,A,Annual,CTRY,Country,USA,United States,_Z,Not applicable,POP,Population,_T,Total,_T,Total,PS_KM2,Persons per square kilometer,2019,,35.83,,USA,United States,A,Normal value,0,Units,2,Two
DATAFLOW,OECD.CFE.EDS:DSD_REG_DEMO@DF_DENSITY(2.0),Population density - Regions,I,A,Annual,CTRY,Country,USA,United States,_Z,Not applicable,POP,Population,_T,Total,_T,Total,PS_KM2,Persons per square kilometer,2018,,35.66,,USA,United States,A,Normal value,0,Units,2,Two
DATAFLOW,OECD.CFE.EDS:DSD_REG_DEMO@DF_DENSITY(2.0),Population density - Regions,I,A,Annual,CTRY,Country,USA,United States,_Z,Not applicable,POP,Population,_T,Total,_T,Total,PS_KM2,Persons per square kilometer,2017,,35.47,,USA,United States,A,Normal value,0,Units,2,Two
DATAFLOW,OECD.CFE.EDS:DSD_REG_DEMO@DF_DENSITY(2.0),Population density - Regions,I,A,Annual,CTRY,Country,USA,United States,_Z,Not applicable,POP,Population,_T,Total,_T,Total,PS_KM2,Persons per square kilometer,2023,,36.76,,USA,United States,A,Normal value,0,Units,2,Two
DATAFLOW,OECD.CFE.EDS:DSD_REG_DEMO@DF_DENSITY(2.0),Population density - Regions,I,A,Annual,CTRY,Country,USA,United States,_Z,Not applicable,POP,Population,_T,Total,_T,Total,PS_KM2,Persons per square kilometer,2022,,36.46,,USA,United States,A,Normal value,0,Units,2,Two
DATAFLOW,OECD.CFE.EDS:DSD_REG_DEMO@DF_DENSITY(2.0),Population density - Regions,I,A,Annual,CTRY,Country,USA,United States,_Z,Not applicable,POP,Population,_T,Total,_T,Total,PS_KM2,Persons per square kilometer,2021,,36.25,,USA,United States,A,Normal value,0,Units,2,Two
DATAFLOW,OECD.CFE.EDS:DSD_REG_DEMO@DF_DENSITY(2.0),Population density - Regions,I,A,Annual,CTRY,Country,USA,United States,_Z,Not applicable,POP,Population,_T,Total,_T,Total,PS_KM2,Persons per square kilometer,2020,,36.19,,USA,United States,A,Normal value,0,Units,2,Two
DATAFLOW,OECD.CFE.EDS:DSD_REG_DEMO@DF_DENSITY(2.0),Population density - Regions,I,A,Annual,CTRY,Country,USA,United States,_Z,Not applicable,POP,Population,_T,Total,_T,Total,PS_KM2,Persons per square kilometer,2005,,32.25,,USA,United States,A,Normal value,0,Units,2,Two
DATAFLOW,OECD.CFE.EDS:DSD_REG_DEMO@DF_DENSITY(2.0),Population density - Regions,I,A,Annual,CTRY,Country,USA,United States,_Z,Not applicable,POP,Population,_T,Total,_T,Total,PS_KM2,Persons per square kilometer,2011,,34.01,,USA,United States,A,Normal value,0,Units,2,Two
DATAFLOW,OECD.CFE.EDS:DSD_REG_DEMO@DF_DENSITY(2.0),Population density - Regions,I,A,Annual,CTRY,Country,USA,United States,_Z,Not applicable,POP,Population,_T,Total,_T,Total,PS_KM2,Persons per square kilometer,2000,,30.8,,USA,United States,A,Normal value,0,Units,2,Two
DATAFLOW,OECD.CFE.EDS:DSD_REG_DEMO@DF_DENSITY(2.0),Population density - Regions,I,A,Annual,CTRY,Country,USA,United States,_Z,Not applicable,POP,Population,_T,Total,_T,Total,PS_KM2,Persons per square kilometer,1999,,30.46,,USA,United States,A,Normal value,0,Units,2,Two
DATAFLOW,OECD.CFE.EDS:DSD_REG_DEMO@DF_DENSITY(2.0),Population density - Regions,I,A,Annual,CTRY,Country,EU27_2020,EU-27,_Z,Not applicable,POP,Population,_T,Total,_T,Total,PS_KM2,Persons per square kilometer,2016,,108.18,,EU27_2020,European Union (27 countries from 01/02/2020),E,Estimated value,0,Units,2,Two
DATAFLOW,OECD.CFE.EDS:DSD_REG_DEMO@DF_DENSITY(2.0),Population density - Regions,I,A,Annual,CTRY,Country,EU27_2020,EU-27,_Z,Not applicable,POP,Population,_T,Total,_T,Total,PS_KM2,Persons per square kilometer,2015,,107.92,,EU27_2020,European Union (27 countries from 01/02/2020),E,Estimated value,0,Units,2,Two
DATAFLOW,OECD.CFE.EDS:DSD_REG_DEMO@DF_DENSITY(2.0),Population density - Regions,I,A,Annual,CTRY,Country,EU27_2020,EU-27,_Z,Not applicable,POP,Population,_T,Total,_T,Total,PS_KM2,Persons per square kilometer,2003,,105.07,,EU27_2020,European Union (27 countries from 01/02/2020),A,Normal value,0,Units,2,Two
DATAFLOW,OECD.CFE.EDS:DSD_REG_DEMO@DF_DENSITY(2.0),Population density - Regions,I,A,Annual,CTRY,Country,EU27_2020,EU-27,_Z,Not applicable,POP,Population,_T,Total,_T,Total,PS_KM2,Persons per square kilometer,2002,,104.71,,EU27_2020,European Union (27 countries from 01/02/2020),A,Normal value,0,Units,2,Two
DATAFLOW,OECD.CFE.EDS:DSD_REG_DEMO@DF_DENSITY(2.0),Population density - Regions,I,A,Annual,CTRY,Country,EU27_2020,EU-27,_Z,Not applicable,POP,Population,_T,Total,_T,Total,PS_KM2,Persons per square kilometer,2006,,106.19,,EU27_2020,European Union (27 countries from 01/02/2020),A,Normal value,0,Units,2,Two
DATAFLOW,OECD.CFE.EDS:DSD_REG_DEMO@DF_DENSITY(2.0),Population density - Regions,I,A,Annual,CTRY,Country,EU27_2020,EU-27,_Z,Not applicable,POP,Population,_T,Total,_T,Total,PS_KM2,Persons per square kilometer,2020,,108.92,,EU27_2020,European Union (27 countries from 01/02/2020),E,Estimated value,0,Units,2,Two
DATAFLOW,OECD.CFE.EDS:DSD_REG_DEMO@DF_DENSITY(2.0),Population density - Regions,I,A,Annual,CTRY,Country,EU27_2020,EU-27,_Z,Not applicable,POP,Population,_T,Total,_T,Total,PS_KM2,Persons per square kilometer,2019,,108.71,,EU27_2020,European Union (27 countries from 01/02/2020),B,Time series break,0,Units,2,Two
DATAFLOW,OECD.CFE.EDS:DSD_REG_DEMO@DF_DENSITY(2.0),Population density - Regions,I,A,Annual,CTRY,Country,EU27_2020,EU-27,_Z,Not applicable,POP,Population,_T,Total,_T,Total,PS_KM2,Persons per square kilometer,2021,,108.64,,EU27_2020,European Union (27 countries from 01/02/2020),E,Estimated value,0,Units,2,Two
DATAFLOW,OECD.CFE.EDS:DSD_REG_DEMO@DF_DENSITY(2.0),Population density - Regions,I,A,Annual,CTRY,Country,EU27_2020,EU-27,_Z,Not applicable,POP,Population,_T,Total,_T,Total,PS_KM2,Persons per square kilometer,2014,,107.76,,EU27_2020,European Union (27 countries from 01/02/2020),E,Estimated value,0,Units,2,Two
DATAFLOW,OECD.CFE.EDS:DSD_REG_DEMO@DF_DENSITY(2.0),Population density - Regions,I,A,Annual,CTRY,Country,EU27_2020,EU-27,_Z,Not applicable,POP,Population,_T,Total,_T,Total,PS_KM2,Persons per square kilometer,2011,,107.2,,EU27_2020,European Union (27 countries from 01/02/2020),B,Time series break,0,Units,2,Two
DATAFLOW,OECD.CFE.EDS:DSD_REG_DEMO@DF_DENSITY(2.0),Population density - Regions,I,A,Annual,CTRY,Country,EU27_2020,EU-27,_Z,Not applicable,POP,Population,_T,Total,_T,Total,PS_KM2,Persons per square kilometer,2012,,107.35,,EU27_2020,European Union (27 countries from 01/02/2020),B,Time series break,0,Units,2,Two
DATAFLOW,OECD.CFE.EDS:DSD_REG_DEMO@DF_DENSITY(2.0),Population density - Regions,I,A,Annual,CTRY,Country,EU27_2020,EU-27,_Z,Not applicable,POP,Population,_T,Total,_T,Total,PS_KM2,Persons per square kilometer,2010,,107.37,,EU27_2020,European Union (27 countries from 01/02/2020),B,Time series break,0,Units,2,Two
DATAFLOW,OECD.CFE.EDS:DSD_REG_DEMO@DF_DENSITY(2.0),Population density - Regions,I,A,Annual,CTRY,Country,EU27_2020,EU-27,_Z,Not applicable,POP,Population,_T,Total,_T,Total,PS_KM2,Persons per square kilometer,2008,,106.9,,EU27_2020,European Union (27 countries from 01/02/2020),B,Time series break,0,Units,2,Two
DATAFLOW,OECD.CFE.EDS:DSD_REG_DEMO@DF_DENSITY(2.0),Population density - Regions,I,A,Annual,CTRY,Country,EU27_2020,EU-27,_Z,Not applicable,POP,Population,_T,Total,_T,Total,PS_KM2,Persons per square kilometer,2001,,104.59,,EU27_2020,European Union (27 countries from 01/02/2020),B,Time series break,0,Units,2,Two
DATAFLOW,OECD.CFE.EDS:DSD_REG_DEMO@DF_DENSITY(2.0),Population density - Regions,I,A,Annual,CTRY,Country,EU27_2020,EU-27,_Z,Not applicable,POP,Population,_T,Total,_T,Total,PS_KM2,Persons per square kilometer,2000,,104.4,,EU27_2020,European Union (27 countries from 01/02/2020),E,Estimated value,0,Units,2,Two
DATAFLOW,OECD.CFE.EDS:DSD_REG_DEMO@DF_DENSITY(2.0),Population density - Regions,I,A,Annual,CTRY,Country,EU27_2020,EU-27,_Z,Not applicable,POP,Population,_T,Total,_T,Total,PS_KM2,Persons per square kilometer,1999,,104.29,,EU27_2020,European Union (27 countries from 01/02/2020),E,Estimated value,0,Units,2,Two
DATAFLOW,OECD.CFE.EDS:DSD_REG_DEMO@DF_DENSITY(2.0),Population density - Regions,I,A,Annual,CTRY,Country,EU27_2020,EU-27,_Z,Not applicable,POP,Population,_T,Total,_T,Total,PS_KM2,Persons per square kilometer,1998,,104.16,,EU27_2020,European Union (27 countries from 01/02/2020),E,Estimated value,0,Units,2,Two
DATAFLOW,OECD.CFE.EDS:DSD_REG_DEMO@DF_DENSITY(2.0),Population density - Regions,I,A,Annual,CTRY,Country,EU27_2020,EU-27,_Z,Not applicable,POP,Population,_T,Total,_T,Total,PS_KM2,Persons per square kilometer,1997,,103.62,,EU27_2020,European Union (27 countries from 01/02/2020),E,Estimated value,0,Units,2,Two
DATAFLOW,OECD.CFE.EDS:DSD_REG_DEMO@DF_DENSITY(2.0),Population density - Regions,I,A,Annual,CTRY,Country,EU27_2020,EU-27,_Z,Not applicable,POP,Population,_T,Total,_T,Total,PS_KM2,Persons per square kilometer,1996,,103.47,,EU27_2020,European Union (27 countries from 01/02/2020),E,Estimated value,0,Units,2,Two
DATAFLOW,OECD.CFE.EDS:DSD_REG_DEMO@DF_DENSITY(2.0),Population density - Regions,I,A,Annual,CTRY,Country,EU27_2020,EU-27,_Z,Not applicable,POP,Population,_T,Total,_T,Total,PS_KM2,Persons per square kilometer,1995,,103.3,,EU27_2020,European Union (27 countries from 01/02/2020),E,Estimated value,0,Units,2,Two
DATAFLOW,OECD.CFE.EDS:DSD_REG_DEMO@DF_DENSITY(2.0),Population density - Regions,I,A,Annual,CTRY,Country,EU27_2020,EU-27,_Z,Not applicable,POP,Population,_T,Total,_T,Total,PS_KM2,Persons per square kilometer,2009,,107.22,,EU27_2020,European Union (27 countries from 01/02/2020),A,Normal value,0,Units,2,Two
DATAFLOW,OECD.CFE.EDS:DSD_REG_DEMO@DF_DENSITY(2.0),Population density - Regions,I,A,Annual,CTRY,Country,EU27_2020,EU-27,_Z,Not applicable,POP,Population,_T,Total,_T,Total,PS_KM2,Persons per square kilometer,2004,,105.45,,EU27_2020,European Union (27 countries from 01/02/2020),A,Normal value,0,Units,2,Two
DATAFLOW,OECD.CFE.EDS:DSD_REG_DEMO@DF_DENSITY(2.0),Population density - Regions,I,A,Annual,CTRY,Country,EU27_2020,EU-27,_Z,Not applicable,POP,Population,_T,Total,_T,Total,PS_KM2,Persons per square kilometer,2013,,107.52,,EU27_2020,European Union (27 countries from 01/02/2020),A,Normal value,0,Units,2,Two
DATAFLOW,OECD.CFE.EDS:DSD_REG_DEMO@DF_DENSITY(2.0),Population density - Regions,I,A,Annual,CTRY,Country,EU27_2020,EU-27,_Z,Not applicable,POP,Population,_T,Total,_T,Total,PS_KM2,Persons per square kilometer,2023,,109.09,,EU27_2020,European Union (27 countries from 01/02/2020),E,Estimated value,0,Units,2,Two
DATAFLOW,OECD.CFE.EDS:DSD_REG_DEMO@DF_DENSITY(2.0),Population density - Regions,I,A,Annual,CTRY,Country,EU27_2020,EU-27,_Z,Not applicable,POP,Population,_T,Total,_T,Total,PS_KM2,Persons per square kilometer,2022,,108.67,,EU27_2020,European Union (27 countries from 01/02/2020),E,Estimated value,0,Units,2,Two
DATAFLOW,OECD.CFE.EDS:DSD_REG_DEMO@DF_DENSITY(2.0),Population density - Regions,I,A,Annual,CTRY,Country,EU27_2020,EU-27,_Z,Not applicable,POP,Population,_T,Total,_T,Total,PS_KM2,Persons per square kilometer,2007,,106.54,,EU27_2020,European Union (27 countries from 01/02/2020),A,Normal value,0,Units,2,Two
DATAFLOW,OECD.CFE.EDS:DSD_REG_DEMO@DF_DENSITY(2.0),Population density - Regions,I,A,Annual,CTRY,Country,EU27_2020,EU-27,_Z,Not applicable,POP,Population,_T,Total,_T,Total,PS_KM2,Persons per square kilometer,2005,,105.85,,EU27_2020,European Union (27 countries from 01/02/2020),A,Normal value,0,Units,2,Two
DATAFLOW,OECD.CFE.EDS:DSD_REG_DEMO@DF_DENSITY(2.0),Population density - Regions,I,A,Annual,CTRY,Country,EU27_2020,EU-27,_Z,Not applicable,POP,Population,_T,Total,_T,Total,PS_KM2,Persons per square kilometer,2018,,108.5,,EU27_2020,European Union (27 countries from 01/02/2020),E,Estimated value,0,Units,2,Two
DATAFLOW,OECD.CFE.EDS:DSD_REG_DEMO@DF_DENSITY(2.0),Population density - Regions,I,A,Annual,CTRY,Country,ALB,Albania,_Z,Not applicable,POP,Population,_T,Total,_T,Total,PS_KM2,Persons per square kilometer,2018,,102.12,,ALB,Albania,A,Normal value,0,Units,2,Two
DATAFLOW,OECD.CFE.EDS:DSD_REG_DEMO@DF_DENSITY(2.0),Population density - Regions,I,A,Annual,CTRY,Country,ALB,Albania,_Z,Not applicable,POP,Population,_T,Total,_T,Total,PS_KM2,Persons per square kilometer,2007,,106.09,,ALB,Albania,A,Normal value,0,Units,2,Two
DATAFLOW,OECD.CFE.EDS:DSD_REG_DEMO@DF_DENSITY(2.0),Population density - Regions,I,A,Annual,CTRY,Country,ALB,Albania,_Z,Not applicable,POP,Population,_T,Total,_T,Total,PS_KM2,Persons per square kilometer,1998,,119.35,,ALB,Albania,A,Normal value,0,Units,2,Two
DATAFLOW,OECD.CFE.EDS:DSD_REG_DEMO@DF_DENSITY(2.0),Population density - Regions,I,A,Annual,CTRY,Country,ALB,Albania,_Z,Not applicable,POP,Population,_T,Total,_T,Total,PS_KM2,Persons per square kilometer,1997,,118.28,,ALB,Albania,A,Normal value,0,Units,2,Two
DATAFLOW,OECD.CFE.EDS:DSD_REG_DEMO@DF_DENSITY(2.0),Population density - Regions,I,A,Annual,CTRY,Country,ALB,Albania,_Z,Not applicable,POP,Population,_T,Total,_T,Total,PS_KM2,Persons per square kilometer,2006,,106.86,,ALB,Albania,A,Normal value,0,Units,2,Two
DATAFLOW,OECD.CFE.EDS:DSD_REG_DEMO@DF_DENSITY(2.0),Population density - Regions,I,A,Annual,CTRY,Country,ALB,Albania,_Z,Not applicable,POP,Population,_T,Total,_T,Total,PS_KM2,Persons per square kilometer,2001,,108.99,,ALB,Albania,A,Normal value,0,Units,2,Two
DATAFLOW,OECD.CFE.EDS:DSD_REG_DEMO@DF_DENSITY(2.0),Population density - Regions,I,A,Annual,CTRY,Country,ALB,Albania,_Z,Not applicable,POP,Population,_T,Total,_T,Total,PS_KM2,Persons per square kilometer,1995,,115.59,,ALB,Albania,A,Normal value,0,Units,2,Two
DATAFLOW,OECD.CFE.EDS:DSD_REG_DEMO@DF_DENSITY(2.0),Population density - Regions,I,A,Annual,CTRY,Country,ALB,Albania,_Z,Not applicable,POP,Population,_T,Total,_T,Total,PS_KM2,Persons per square kilometer,1996,,116.81,,ALB,Albania,A,Normal value,0,Units,2,Two
DATAFLOW,OECD.CFE.EDS:DSD_REG_DEMO@DF_DENSITY(2.0),Population density - Regions,I,A,Annual,CTRY,Country,ALB,Albania,_Z,Not applicable,POP,Population,_T,Total,_T,Total,PS_KM2,Persons per square kilometer,2005,,107.44,,ALB,Albania,A,Normal value,0,Units,2,Two
DATAFLOW,OECD.CFE.EDS:DSD_REG_DEMO@DF_DENSITY(2.0),Population density - Regions,I,A,Annual,CTRY,Country,ALB,Albania,_Z,Not applicable,POP,Population,_T,Total,_T,Total,PS_KM2,Persons per square kilometer,2023,,98.26,,ALB,Albania,A,Normal value,0,Units,2,Two
DATAFLOW,OECD.CFE.EDS:DSD_REG_DEMO@DF_DENSITY(2.0),Population density - Regions,I,A,Annual,CTRY,Country,ALB,Albania,_Z,Not applicable,POP,Population,_T,Total,_T,Total,PS_KM2,Persons per square kilometer,2022,,99.39,,ALB,Albania,A,Normal value,0,Units,2,Two
DATAFLOW,OECD.CFE.EDS:DSD_REG_DEMO@DF_DENSITY(2.0),Population density - Regions,I,A,Annual,CTRY,Country,ALB,Albania,_Z,Not applicable,POP,Population,_T,Total,_T,Total,PS_KM2,Persons per square kilometer,2021,,100.68,,ALB,Albania,A,Normal value,0,Units,2,Two
DATAFLOW,OECD.CFE.EDS:DSD_REG_DEMO@DF_DENSITY(2.0),Population density - Regions,I,A,Annual,CTRY,Country,ALB,Albania,_Z,Not applicable,POP,Population,_T,Total,_T,Total,PS_KM2,Persons per square kilometer,2020,,101.26,,ALB,Albania,A,Normal value,0,Units,2,Two
DATAFLOW,OECD.CFE.EDS:DSD_REG_DEMO@DF_DENSITY(2.0),Population density - Regions,I,A,Annual,CTRY,Country,ALB,Albania,_Z,Not applicable,POP,Population,_T,Total,_T,Total,PS_KM2,Persons per square kilometer,2015,,102.68,,ALB,Albania,A,Normal value,0,Units,2,Two
DATAFLOW,OECD.CFE.EDS:DSD_REG_DEMO@DF_DENSITY(2.0),Population density - Regions,I,A,Annual,CTRY,Country,ALB,Albania,_Z,Not applicable,POP,Population,_T,Total,_T,Total,PS_KM2,Persons per square kilometer,2014,,102.91,,ALB,Albania,A,Normal value,0,Units,2,Two
DATAFLOW,OECD.CFE.EDS:DSD_REG_DEMO@DF_DENSITY(2.0),Population density - Regions,I,A,Annual,CTRY,Country,ALB,Albania,_Z,Not applicable,POP,Population,_T,Total,_T,Total,PS_KM2,Persons per square kilometer,2000,,108.82,,ALB,Albania,A,Normal value,0,Units,2,Two
DATAFLOW,OECD.CFE.EDS:DSD_REG_DEMO@DF_DENSITY(2.0),Population density - Regions,I,A,Annual,CTRY,Country,ALB,Albania,_Z,Not applicable,POP,Population,_T,Total,_T,Total,PS_KM2,Persons per square kilometer,2009,,104.47,,ALB,Albania,A,Normal value,0,Units,2,Two
DATAFLOW,OECD.CFE.EDS:DSD_REG_DEMO@DF_DENSITY(2.0),Population density - Regions,I,A,Annual,CTRY,Country,ALB,Albania,_Z,Not applicable,POP,Population,_T,Total,_T,Total,PS_KM2,Persons per square kilometer,2008,,105.25,,ALB,Albania,A,Normal value,0,Units,2,Two
DATAFLOW,OECD.CFE.EDS:DSD_REG_DEMO@DF_DENSITY(2.0),Population density - Regions,I,A,Annual,CTRY,Country,ALB,Albania,_Z,Not applicable,POP,Population,_T,Total,_T,Total,PS_KM2,Persons per square kilometer,2004,,107.96,,ALB,Albania,A,Normal value,0,Units,2,Two
DATAFLOW,OECD.CFE.EDS:DSD_REG_DEMO@DF_DENSITY(2.0),Population density - Regions,I,A,Annual,CTRY,Country,ALB,Albania,_Z,Not applicable,POP,Population,_T,Total,_T,Total,PS_KM2,Persons per square kilometer,2003,,108.34,,ALB,Albania,A,Normal value,0,Units,2,Two
DATAFLOW,OECD.CFE.EDS:DSD_REG_DEMO@DF_DENSITY(2.0),Population density - Regions,I,A,Annual,CTRY,Country,ALB,Albania,_Z,Not applicable,POP,Population,_T,Total,_T,Total,PS_KM2,Persons per square kilometer,2002,,108.77,,ALB,Albania,A,Normal value,0,Units,2,Two
DATAFLOW,OECD.CFE.EDS:DSD_REG_DEMO@DF_DENSITY(2.0),Population density - Regions,I,A,Annual,CTRY,Country,ALB,Albania,_Z,Not applicable,POP,Population,_T,Total,_T,Total,PS_KM2,Persons per square kilometer,1999,,120.03,,ALB,Albania,A,Normal value,0,Units,2,Two
DATAFLOW,OECD.CFE.EDS:DSD_REG_DEMO@DF_DENSITY(2.0),Population density - Regions,I,A,Annual,CTRY,Country,ALB,Albania,_Z,Not applicable,POP,Population,_T,Total,_T,Total,PS_KM2,Persons per square kilometer,2012,,103.29,,ALB,Albania,A,Normal value,0,Units,2,Two
DATAFLOW,OECD.CFE.EDS:DSD_REG_DEMO@DF_DENSITY(2.0),Population density - Regions,I,A,Annual,CTRY,Country,ALB,Albania,_Z,Not applicable,POP,Population,_T,Total,_T,Total,PS_KM2,Persons per square kilometer,2019,,101.84,,ALB,Albania,A,Normal value,0,Units,2,Two
DATAFLOW,OECD.CFE.EDS:DSD_REG_DEMO@DF_DENSITY(2.0),Population density - Regions,I,A,Annual,CTRY,Country,ALB,Albania,_Z,Not applicable,POP,Population,_T,Total,_T,Total,PS_KM2,Persons per square kilometer,2017,,102.35,,ALB,Albania,A,Normal value,0,Units,2,Two
DATAFLOW,OECD.CFE.EDS:DSD_REG_DEMO@DF_DENSITY(2.0),Population density - Regions,I,A,Annual,CTRY,Country,ALB,Albania,_Z,Not applicable,POP,Population,_T,Total,_T,Total,PS_KM2,Persons per square kilometer,2016,,102.31,,ALB,Albania,A,Normal value,0,Units,2,Two
DATAFLOW,OECD.CFE.EDS:DSD_REG_DEMO@DF_DENSITY(2.0),Population density - Regions,I,A,Annual,CTRY,Country,ALB,Albania,_Z,Not applicable,POP,Population,_T,Total,_T,Total,PS_KM2,Persons per square kilometer,2013,,103.1,,ALB,Albania,A,Normal value,0,Units,2,Two
DATAFLOW,OECD.CFE.EDS:DSD_REG_DEMO@DF_DENSITY(2.0),Population density - Regions,I,A,Annual,CTRY,Country,ALB,Albania,_Z,Not applicable,POP,Population,_T,Total,_T,Total,PS_KM2,Persons per square kilometer,2011,,103.44,,ALB,Albania,A,Normal value,0,Units,2,Two
DATAFLOW,OECD.CFE.EDS:DSD_REG_DEMO@DF_DENSITY(2.0),Population density - Regions,I,A,Annual,CTRY,Country,BRA,Brazil,_Z,Not applicable,POP,Population,_T,Total,_T,Total,PS_KM2,Persons per square kilometer,2019,,24.69,,BRA,Brazil,A,Normal value,0,Units,2,Two
DATAFLOW,OECD.CFE.EDS:DSD_REG_DEMO@DF_DENSITY(2.0),Population density - Regions,I,A,Annual,CTRY,Country,BRA,Brazil,_Z,Not applicable,POP,Population,_T,Total,_T,Total,PS_KM2,Persons per square kilometer,2018,,24.5,,BRA,Brazil,A,Normal value,0,Units,2,Two
DATAFLOW,OECD.CFE.EDS:DSD_REG_DEMO@DF_DENSITY(2.0),Population density - Regions,I,A,Annual,CTRY,Country,BRA,Brazil,_Z,Not applicable,POP,Population,_T,Total,_T,Total,PS_KM2,Persons per square kilometer,2003,,20.78,,BRA,Brazil,A,Normal value,0,Units,2,Two
DATAFLOW,OECD.CFE.EDS:DSD_REG_DEMO@DF_DENSITY(2.0),Population density - Regions,I,A,Annual,CTRY,Country,BRA,Brazil,_Z,Not applicable,POP,Population,_T,Total,_T,Total,PS_KM2,Persons per square kilometer,2002,,20.52,,BRA,Brazil,A,Normal value,0,Units,2,Two
DATAFLOW,OECD.CFE.EDS:DSD_REG_DEMO@DF_DENSITY(2.0),Population density - Regions,I,A,Annual,CTRY,Country,BRA,Brazil,_Z,Not applicable,POP,Population,_T,Total,_T,Total,PS_KM2,Persons per square kilometer,2007,,22.28,,BRA,Brazil,A,Normal value,0,Units,2,Two
DATAFLOW,OECD.CFE.EDS:DSD_REG_DEMO@DF_DENSITY(2.0),Population density - Regions,I,A,Annual,CTRY,Country,BRA,Brazil,_Z,Not applicable,POP,Population,_T,Total,_T,Total,PS_KM2,Persons per square kilometer,2006,,21.94,,BRA,Brazil,A,Normal value,0,Units,2,Two
DATAFLOW,OECD.CFE.EDS:DSD_REG_DEMO@DF_DENSITY(2.0),Population density - Regions,I,A,Annual,CTRY,Country,BRA,Brazil,_Z,Not applicable,POP,Population,_T,Total,_T,Total,PS_KM2,Persons per square kilometer,2001,,20.25,,BRA,Brazil,A,Normal value,0,Units,2,Two
DATAFLOW,OECD.CFE.EDS:DSD_REG_DEMO@DF_DENSITY(2.0),Population density - Regions,I,A,Annual,CTRY,Country,BRA,Brazil,_Z,Not applicable,POP,Population,_T,Total,_T,Total,PS_KM2,Persons per square kilometer,2000,,20.42,,BRA,Brazil,A,Normal value,0,Units,2,Two
DATAFLOW,OECD.CFE.EDS:DSD_REG_DEMO@DF_DENSITY(2.0),Population density - Regions,I,A,Annual,CTRY,Country,BRA,Brazil,_Z,Not applicable,POP,Population,_T,Total,_T,Total,PS_KM2,Persons per square kilometer,2017,,24.4,,BRA,Brazil,A,Normal value,0,Units,2,Two
DATAFLOW,OECD.CFE.EDS:DSD_REG_DEMO@DF_DENSITY(2.0),Population density - Regions,I,A,Annual,CTRY,Country,BRA,Brazil,_Z,Not applicable,POP,Population,_T,Total,_T,Total,PS_KM2,Persons per square kilometer,2016,,24.21,,BRA,Brazil,A,Normal value,0,Units,2,Two
DATAFLOW,OECD.CFE.EDS:DSD_REG_DEMO@DF_DENSITY(2.0),Population density - Regions,I,A,Annual,CTRY,Country,BRA,Brazil,_Z,Not applicable,POP,Population,_T,Total,_T,Total,PS_KM2,Persons per square kilometer,2013,,23.62,,BRA,Brazil,A,Normal value,0,Units,2,Two
DATAFLOW,OECD.CFE.EDS:DSD_REG_DEMO@DF_DENSITY(2.0),Population density - Regions,I,A,Annual,CTRY,Country,BRA,Brazil,_Z,Not applicable,POP,Population,_T,Total,_T,Total,PS_KM2,Persons per square kilometer,2012,,22.78,,BRA,Brazil,A,Normal value,0,Units,2,Two
DATAFLOW,OECD.CFE.EDS:DSD_REG_DEMO@DF_DENSITY(2.0),Population density - Regions,I,A,Annual,CTRY,Country,BRA,Brazil,_Z,Not applicable,POP,Population,_T,Total,_T,Total,PS_KM2,Persons per square kilometer,2011,,23.1,,BRA,Brazil,A,Normal value,0,Units,2,Two
DATAFLOW,OECD.CFE.EDS:DSD_REG_DEMO@DF_DENSITY(2.0),Population density - Regions,I,A,Annual,CTRY,Country,BRA,Brazil,_Z,Not applicable,POP,Population,_T,Total,_T,Total,PS_KM2,Persons per square kilometer,2010,,22.9,,BRA,Brazil,A,Normal value,0,Units,2,Two
DATAFLOW,OECD.CFE.EDS:DSD_REG_DEMO@DF_DENSITY(2.0),Population density - Regions,I,A,Annual,CTRY,Country,BRA,Brazil,_Z,Not applicable,POP,Population,_T,Total,_T,Total,PS_KM2,Persons per square kilometer,2021,,25.06,,BRA,Brazil,A,Normal value,0,Units,2,Two
DATAFLOW,OECD.CFE.EDS:DSD_REG_DEMO@DF_DENSITY(2.0),Population density - Regions,I,A,Annual,CTRY,Country,BRA,Brazil,_Z,Not applicable,POP,Population,_T,Total,_T,Total,PS_KM2,Persons per square kilometer,2020,,24.88,,BRA,Brazil,A,Normal value,0,Units,2,Two
DATAFLOW,OECD.CFE.EDS:DSD_REG_DEMO@DF_DENSITY(2.0),Population density - Regions,I,A,Annual,CTRY,Country,BRA,Brazil,_Z,Not applicable,POP,Population,_T,Total,_T,Total,PS_KM2,Persons per square kilometer,2005,,21.64,,BRA,Brazil,A,Normal value,0,Units,2,Two
DATAFLOW,OECD.CFE.EDS:DSD_REG_DEMO@DF_DENSITY(2.0),Population density - Regions,I,A,Annual,CTRY,Country,BRA,Brazil,_Z,Not applicable,POP,Population,_T,Total,_T,Total,PS_KM2,Persons per square kilometer,2004,,21.33,,BRA,Brazil,A,Normal value,0,Units,2,Two
DATAFLOW,OECD.CFE.EDS:DSD_REG_DEMO@DF_DENSITY(2.0),Population density - Regions,I,A,Annual,CTRY,Country,BRA,Brazil,_Z,Not applicable,POP,Population,_T,Total,_T,Total,PS_KM2,Persons per square kilometer,2015,,24.02,,BRA,Brazil,A,Normal value,0,Units,2,Two
DATAFLOW,OECD.CFE.EDS:DSD_REG_DEMO@DF_DENSITY(2.0),Population density - Regions,I,A,Annual,CTRY,Country,BRA,Brazil,_Z,Not applicable,POP,Population,_T,Total,_T,Total,PS_KM2,Persons per square kilometer,2014,,23.82,,BRA,Brazil,A,Normal value,0,Units,2,Two
DATAFLOW,OECD.CFE.EDS:DSD_REG_DEMO@DF_DENSITY(2.0),Population density - Regions,I,A,Annual,CTRY,Country,BRA,Brazil,_Z,Not applicable,POP,Population,_T,Total,_T,Total,PS_KM2,Persons per square kilometer,2009,,22.6,,BRA,Brazil,A,Normal value,0,Units,2,Two
DATAFLOW,OECD.CFE.EDS:DSD_REG_DEMO@DF_DENSITY(2.0),Population density - Regions,I,A,Annual,CTRY,Country,BGR,Bulgaria,_Z,Not applicable,POP,Population,_T,Total,_T,Total,PS_KM2,Persons per square kilometer,2017,,62.27,,BGR,Bulgaria,A,Normal value,0,Units,2,Two
DATAFLOW,OECD.CFE.EDS:DSD_REG_DEMO@DF_DENSITY(2.0),Population density - Regions,I,A,Annual,CTRY,Country,BGR,Bulgaria,_Z,Not applicable,POP,Population,_T,Total,_T,Total,PS_KM2,Persons per square kilometer,2016,,63.08,,BGR,Bulgaria,A,Normal value,0,Units,2,Two
DATAFLOW,OECD.CFE.EDS:DSD_REG_DEMO@DF_DENSITY(2.0),Population density - Regions,I,A,Annual,CTRY,Country,BGR,Bulgaria,_Z,Not applicable,POP,Population,_T,Total,_T,Total,PS_KM2,Persons per square kilometer,1996,,76.22,,BGR,Bulgaria,A,Normal value,0,Units,2,Two
DATAFLOW,OECD.CFE.EDS:DSD_REG_DEMO@DF_DENSITY(2.0),Population density - Regions,I,A,Annual,CTRY,Country,BGR,Bulgaria,_Z,Not applicable,POP,Population,_T,Total,_T,Total,PS_KM2,Persons per square kilometer,2011,,66.99,,BGR,Bulgaria,A,Normal value,0,Units,2,Two
DATAFLOW,OECD.CFE.EDS:DSD_REG_DEMO@DF_DENSITY(2.0),Population density - Regions,I,A,Annual,CTRY,Country,BGR,Bulgaria,_Z,Not applicable,POP,Population,_T,Total,_T,Total,PS_KM2,Persons per square kilometer,2010,,67.47,,BGR,Bulgaria,A,Normal value,0,Units,2,Two
DATAFLOW,OECD.CFE.EDS:DSD_REG_DEMO@DF_DENSITY(2.0),Population density - Regions,I,A,Annual,CTRY,Country,BGR,Bulgaria,_Z,Not applicable,POP,Population,_T,Total,_T,Total,PS_KM2,Persons per square kilometer,2009,,67.88,,BGR,Bulgaria,A,Normal value,0,Units,2,Two
DATAFLOW,OECD.CFE.EDS:DSD_REG_DEMO@DF_DENSITY(2.0),Population density - Regions,I,A,Annual,CTRY,Country,BGR,Bulgaria,_Z,Not applicable,POP,Population,_T,Total,_T,Total,PS_KM2,Persons per square kilometer,1990,,79.7,,BGR,Bulgaria,A,Normal value,0,Units,2,Two
DATAFLOW,OECD.CFE.EDS:DSD_REG_DEMO@DF_DENSITY(2.0),Population density - Regions,I,A,Annual,CTRY,Country,BGR,Bulgaria,_Z,Not applicable,POP,Population,_T,Total,_T,Total,PS_KM2,Persons per square kilometer,2023,,58.62,,BGR,Bulgaria,A,Normal value,0,Units,2,Two
DATAFLOW,OECD.CFE.EDS:DSD_REG_DEMO@DF_DENSITY(2.0),Population density - Regions,I,A,Annual,CTRY,Country,BGR,Bulgaria,_Z,Not applicable,POP,Population,_T,Total,_T,Total,PS_KM2,Persons per square kilometer,2015,,63.91,,BGR,Bulgaria,A,Normal value,0,Units,2,Two
DATAFLOW,OECD.CFE.EDS:DSD_REG_DEMO@DF_DENSITY(2.0),Population density - Regions,I,A,Annual,CTRY,Country,BGR,Bulgaria,_Z,Not applicable,POP,Population,_T,Total,_T,Total,PS_KM2,Persons per square kilometer,2014,,64.7,,BGR,Bulgaria,A,Normal value,0,Units,2,Two
DATAFLOW,OECD.CFE.EDS:DSD_REG_DEMO@DF_DENSITY(2.0),Population density - Regions,I,A,Annual,CTRY,Country,BGR,Bulgaria,_Z,Not applicable,POP,Population,_T,Total,_T,Total,PS_KM2,Persons per square kilometer,2013,,65.48,,BGR,Bulgaria,A,Normal value,0,Units,2,Two
DATAFLOW,OECD.CFE.EDS:DSD_REG_DEMO@DF_DENSITY(2.0),Population density - Regions,I,A,Annual,CTRY,Country,BGR,Bulgaria,_Z,Not applicable,POP,Population,_T,Total,_T,Total,PS_KM2,Persons per square kilometer,2012,,66.61,,BGR,Bulgaria,A,Normal value,0,Units,2,Two
DATAFLOW,OECD.CFE.EDS:DSD_REG_DEMO@DF_DENSITY(2.0),Population density - Regions,I,A,Annual,CTRY,Country,BGR,Bulgaria,_Z,Not applicable,POP,Population,_T,Total,_T,Total,PS_KM2,Persons per square kilometer,2008,,68.34,,BGR,Bulgaria,A,Normal value,0,Units,2,Two
DATAFLOW,OECD.CFE.EDS:DSD_REG_DEMO@DF_DENSITY(2.0),Population density - Regions,I,A,Annual,CTRY,Country,BGR,Bulgaria,_Z,Not applicable,POP,Population,_T,Total,_T,Total,PS_KM2,Persons per square kilometer,2000,,74.46,,BGR,Bulgaria,A,Normal value,0,Units,2,Two
DATAFLOW,OECD.CFE.EDS:DSD_REG_DEMO@DF_DENSITY(2.0),Population density - Regions,I,A,Annual,CTRY,Country,BGR,Bulgaria,_Z,Not applicable,POP,Population,_T,Total,_T,Total,PS_KM2,Persons per square kilometer,1993,,77.13,,BGR,Bulgaria,A,Normal value,0,Units,2,Two
DATAFLOW,OECD.CFE.EDS:DSD_REG_DEMO@DF_DENSITY(2.0),Population density - Regions,I,A,Annual,CTRY,Country,BGR,Bulgaria,_Z,Not applicable,POP,Population,_T,Total,_T,Total,PS_KM2,Persons per square kilometer,1999,,74.82,,BGR,Bulgaria,A,Normal value,0,Units,2,Two
DATAFLOW,OECD.CFE.EDS:DSD_REG_DEMO@DF_DENSITY(2.0),Population density - Regions,I,A,Annual,CTRY,Country,BGR,Bulgaria,_Z,Not applicable,POP,Population,_T,Total,_T,Total,PS_KM2,Persons per square kilometer,1998,,75.3,,BGR,Bulgaria,A,Normal value,0,Units,2,Two
DATAFLOW,OECD.CFE.EDS:DSD_REG_DEMO@DF_DENSITY(2.0),Population density - Regions,I,A,Annual,CTRY,Country,BGR,Bulgaria,_Z,Not applicable,POP,Population,_T,Total,_T,Total,PS_KM2,Persons per square kilometer,1997,,75.83,,BGR,Bulgaria,A,Normal value,0,Units,2,Two
DATAFLOW,OECD.CFE.EDS:DSD_REG_DEMO@DF_DENSITY(2.0),Population density - Regions,I,A,Annual,CTRY,Country,BGR,Bulgaria,_Z,Not applicable,POP,Population,_T,Total,_T,Total,PS_KM2,Persons per square kilometer,1992,,78.14,,BGR,Bulgaria,A,Normal value,0,Units,2,Two
DATAFLOW,OECD.CFE.EDS:DSD_REG_DEMO@DF_DENSITY(2.0),Population density - Regions,I,A,Annual,CTRY,Country,BGR,Bulgaria,_Z,Not applicable,POP,Population,_T,Total,_T,Total,PS_KM2,Persons per square kilometer,1991,,78.81,,BGR,Bulgaria,A,Normal value,0,Units,2,Two
DATAFLOW,OECD.CFE.EDS:DSD_REG_DEMO@DF_DENSITY(2.0),Population density - Regions,I,A,Annual,CTRY,Country,BGR,Bulgaria,_Z,Not applicable,POP,Population,_T,Total,_T,Total,PS_KM2,Persons per square kilometer,1995,,76.61,,BGR,Bulgaria,A,Normal value,0,Units,2,Two
DATAFLOW,OECD.CFE.EDS:DSD_REG_DEMO@DF_DENSITY(2.0),Population density - Regions,I,A,Annual,CTRY,Country,BGR,Bulgaria,_Z,Not applicable,POP,Population,_T,Total,_T,Total,PS_KM2,Persons per square kilometer,1994,,76.91,,BGR,Bulgaria,A,Normal value,0,Units,2,Two
DATAFLOW,OECD.CFE.EDS:DSD_REG_DEMO@DF_DENSITY(2.0),Population density - Regions,I,A,Annual,CTRY,Country,BGR,Bulgaria,_Z,Not applicable,POP,Population,_T,Total,_T,Total,PS_KM2,Persons per square kilometer,2007,,68.84,,BGR,Bulgaria,A,Normal value,0,Units,2,Two
DATAFLOW,OECD.CFE.EDS:DSD_REG_DEMO@DF_DENSITY(2.0),Population density - Regions,I,A,Annual,CTRY,Country,BGR,Bulgaria,_Z,Not applicable,POP,Population,_T,Total,_T,Total,PS_KM2,Persons per square kilometer,2006,,69.36,,BGR,Bulgaria,A,Normal value,0,Units,2,Two
DATAFLOW,OECD.CFE.EDS:DSD_REG_DEMO@DF_DENSITY(2.0),Population density - Regions,I,A,Annual,CTRY,Country,BGR,Bulgaria,_Z,Not applicable,POP,Population,_T,Total,_T,Total,PS_KM2,Persons per square kilometer,2005,,69.9,,BGR,Bulgaria,A,Normal value,0,Units,2,Two
DATAFLOW,OECD.CFE.EDS:DSD_REG_DEMO@DF_DENSITY(2.0),Population density - Regions,I,A,Annual,CTRY,Country,BGR,Bulgaria,_Z,Not applicable,POP,Population,_T,Total,_T,Total,PS_KM2,Persons per square kilometer,2004,,70.41,,BGR,Bulgaria,A,Normal value,0,Units,2,Two
DATAFLOW,OECD.CFE.EDS:DSD_REG_DEMO@DF_DENSITY(2.0),Population density - Regions,I,A,Annual,CTRY,Country,BGR,Bulgaria,_Z,Not applicable,POP,Population,_T,Total,_T,Total,PS_KM2,Persons per square kilometer,2003,,70.96,,BGR,Bulgaria,A,Normal value,0,Units,2,Two
DATAFLOW,OECD.CFE.EDS:DSD_REG_DEMO@DF_DENSITY(2.0),Population density - Regions,I,A,Annual,CTRY,Country,BGR,Bulgaria,_Z,Not applicable,POP,Population,_T,Total,_T,Total,PS_KM2,Persons per square kilometer,2002,,71.53,,BGR,Bulgaria,A,Normal value,0,Units,2,Two
DATAFLOW,OECD.CFE.EDS:DSD_REG_DEMO@DF_DENSITY(2.0),Population density - Regions,I,A,Annual,CTRY,Country,BGR,Bulgaria,_Z,Not applicable,POP,Population,_T,Total,_T,Total,PS_KM2,Persons per square kilometer,2001,,74.09,,BGR,Bulgaria,A,Normal value,0,Units,2,Two
DATAFLOW,OECD.CFE.EDS:DSD_REG_DEMO@DF_DENSITY(2.0),Population density - Regions,I,A,Annual,CTRY,Country,BGR,Bulgaria,_Z,Not applicable,POP,Population,_T,Total,_T,Total,PS_KM2,Persons per square kilometer,2022,,58.93,,BGR,Bulgaria,A,Normal value,0,Units,2,Two
DATAFLOW,OECD.CFE.EDS:DSD_REG_DEMO@DF_DENSITY(2.0),Population density - Regions,I,A,Annual,CTRY,Country,BGR,Bulgaria,_Z,Not applicable,POP,Population,_T,Total,_T,Total,PS_KM2,Persons per square kilometer,2021,,59.38,,BGR,Bulgaria,A,Normal value,0,Units,2,Two
DATAFLOW,OECD.CFE.EDS:DSD_REG_DEMO@DF_DENSITY(2.0),Population density - Regions,I,A,Annual,CTRY,Country,BGR,Bulgaria,_Z,Not applicable,POP,Population,_T,Total,_T,Total,PS_KM2,Persons per square kilometer,2020,,59.72,,BGR,Bulgaria,A,Normal value,0,Units,2,Two
DATAFLOW,OECD.CFE.EDS:DSD_REG_DEMO@DF_DENSITY(2.0),Population density - Regions,I,A,Annual,CTRY,Country,BGR,Bulgaria,_Z,Not applicable,POP,Population,_T,Total,_T,Total,PS_KM2,Persons per square kilometer,2019,,60.58,,BGR,Bulgaria,A,Normal value,0,Units,2,Two
DATAFLOW,OECD.CFE.EDS:DSD_REG_DEMO@DF_DENSITY(2.0),Population density - Regions,I,A,Annual,CTRY,Country,CHN,China (People's Republic of),_Z,Not applicable,POP,Population,_T,Total,_T,Total,PS_KM2,Persons per square kilometer,2012,,142.18,,CHN,China (People’s Republic of),A,Normal value,0,Units,2,Two
DATAFLOW,OECD.CFE.EDS:DSD_REG_DEMO@DF_DENSITY(2.0),Population density - Regions,I,A,Annual,CTRY,Country,CHN,China (People's Republic of),_Z,Not applicable,POP,Population,_T,Total,_T,Total,PS_KM2,Persons per square kilometer,2019,,147.53,,CHN,China (People’s Republic of),A,Normal value,0,Units,2,Two
DATAFLOW,OECD.CFE.EDS:DSD_REG_DEMO@DF_DENSITY(2.0),Population density - Regions,I,A,Annual,CTRY,Country,CHN,China (People's Republic of),_Z,Not applicable,POP,Population,_T,Total,_T,Total,PS_KM2,Persons per square kilometer,2001,,132.01,,CHN,China (People’s Republic of),A,Normal value,0,Units,2,Two
DATAFLOW,OECD.CFE.EDS:DSD_REG_DEMO@DF_DENSITY(2.0),Population density - Regions,I,A,Annual,CTRY,Country,CHN,China (People's Republic of),_Z,Not applicable,POP,Population,_T,Total,_T,Total,PS_KM2,Persons per square kilometer,2009,,138.77,,CHN,China (People’s Republic of),A,Normal value,0,Units,2,Two
DATAFLOW,OECD.CFE.EDS:DSD_REG_DEMO@DF_DENSITY(2.0),Population density - Regions,I,A,Annual,CTRY,Country,CHN,China (People's Republic of),_Z,Not applicable,POP,Population,_T,Total,_T,Total,PS_KM2,Persons per square kilometer,2008,,137.71,,CHN,China (People’s Republic of),A,Normal value,0,Units,2,Two
DATAFLOW,OECD.CFE.EDS:DSD_REG_DEMO@DF_DENSITY(2.0),Population density - Regions,I,A,Annual,CTRY,Country,CHN,China (People's Republic of),_Z,Not applicable,POP,Population,_T,Total,_T,Total,PS_KM2,Persons per square kilometer,2004,,135.19,,CHN,China (People’s Republic of),A,Normal value,0,Units,2,Two
DATAFLOW,OECD.CFE.EDS:DSD_REG_DEMO@DF_DENSITY(2.0),Population density - Regions,I,A,Annual,CTRY,Country,CHN,China (People's Republic of),_Z,Not applicable,POP,Population,_T,Total,_T,Total,PS_KM2,Persons per square kilometer,2003,,134.31,,CHN,China (People’s Republic of),A,Normal value,0,Units,2,Two
DATAFLOW,OECD.CFE.EDS:DSD_REG_DEMO@DF_DENSITY(2.0),Population density - Regions,I,A,Annual,CTRY,Country,CHN,China (People's Republic of),_Z,Not applicable,POP,Population,_T,Total,_T,Total,PS_KM2,Persons per square kilometer,2002,,133.4,,CHN,China (People’s Republic of),A,Normal value,0,Units,2,Two
DATAFLOW,OECD.CFE.EDS:DSD_REG_DEMO@DF_DENSITY(2.0),Population density - Regions,I,A,Annual,CTRY,Country,CHN,China (People's Republic of),_Z,Not applicable,POP,Population,_T,Total,_T,Total,PS_KM2,Persons per square kilometer,2018,,147.01,,CHN,China (People’s Republic of),A,Normal value,0,Units,2,Two
DATAFLOW,OECD.CFE.EDS:DSD_REG_DEMO@DF_DENSITY(2.0),Population density - Regions,I,A,Annual,CTRY,Country,CHN,China (People's Republic of),_Z,Not applicable,POP,Population,_T,Total,_T,Total,PS_KM2,Persons per square kilometer,2017,,146.46,,CHN,China (People’s Republic of),A,Normal value,0,Units,2,Two
DATAFLOW,OECD.CFE.EDS:DSD_REG_DEMO@DF_DENSITY(2.0),Population density - Regions,I,A,Annual,CTRY,Country,CHN,China (People's Republic of),_Z,Not applicable,POP,Population,_T,Total,_T,Total,PS_KM2,Persons per square kilometer,2010,,139.76,,CHN,China (People’s Republic of),A,Normal value,0,Units,2,Two
DATAFLOW,OECD.CFE.EDS:DSD_REG_DEMO@DF_DENSITY(2.0),Population density - Regions,I,A,Annual,CTRY,Country,CHN,China (People's Republic of),_Z,Not applicable,POP,Population,_T,Total,_T,Total,PS_KM2,Persons per square kilometer,2005,,134.75,,CHN,China (People’s Republic of),A,Normal value,0,Units,2,Two
DATAFLOW,OECD.CFE.EDS:DSD_REG_DEMO@DF_DENSITY(2.0),Population density - Regions,I,A,Annual,CTRY,Country,CHN,China (People's Republic of),_Z,Not applicable,POP,Population,_T,Total,_T,Total,PS_KM2,Persons per square kilometer,2011,,141.12,,CHN,China (People’s Republic of),A,Normal value,0,Units,2,Two
DATAFLOW,OECD.CFE.EDS:DSD_REG_DEMO@DF_DENSITY(2.0),Population density - Regions,I,A,Annual,CTRY,Country,CHN,China (People's Republic of),_Z,Not applicable,POP,Population,_T,Total,_T,Total,PS_KM2,Persons per square kilometer,2000,,132.01,,CHN,China (People’s Republic of),A,Normal value,0,Units,2,Two
DATAFLOW,OECD.CFE.EDS:DSD_REG_DEMO@DF_DENSITY(2.0),Population density - Regions,I,A,Annual,CTRY,Country,CHN,China (People's Republic of),_Z,Not applicable,POP,Population,_T,Total,_T,Total,PS_KM2,Persons per square kilometer,1999,,130.15,,CHN,China (People’s Republic of),A,Normal value,0,Units,2,Two
DATAFLOW,OECD.CFE.EDS:DSD_REG_DEMO@DF_DENSITY(2.0),Population density - Regions,I,A,Annual,CTRY,Country,CHN,China (People's Republic of),_Z,Not applicable,POP,Population,_T,Total,_T,Total,PS_KM2,Persons per square kilometer,2021,,147.8,,CHN,China (People’s Republic of),A,Normal value,0,Units,2,Two
DATAFLOW,OECD.CFE.EDS:DSD_REG_DEMO@DF_DENSITY(2.0),Population density - Regions,I,A,Annual,CTRY,Country,CHN,China (People's Republic of),_Z,Not applicable,POP,Population,_T,Total,_T,Total,PS_KM2,Persons per square kilometer,2020,,147.75,,CHN,China (People’s Republic of),A,Normal value,0,Units,2,Two
DATAFLOW,OECD.CFE.EDS:DSD_REG_DEMO@DF_DENSITY(2.0),Population density - Regions,I,A,Annual,CTRY,Country,CHN,China (People's Republic of),_Z,Not applicable,POP,Population,_T,Total,_T,Total,PS_KM2,Persons per square kilometer,2007,,136.62,,CHN,China (People’s Republic of),A,Normal value,0,Units,2,Two
DATAFLOW,OECD.CFE.EDS:DSD_REG_DEMO@DF_DENSITY(2.0),Population density - Regions,I,A,Annual,CTRY,Country,CHN,China (People's Republic of),_Z,Not applicable,POP,Population,_T,Total,_T,Total,PS_KM2,Persons per square kilometer,2006,,135.71,,CHN,China (People’s Republic of),A,Normal value,0,Units,2,Two
DATAFLOW,OECD.CFE.EDS:DSD_REG_DEMO@DF_DENSITY(2.0),Population density - Regions,I,A,Annual,CTRY,Country,CHN,China (People's Republic of),_Z,Not applicable,POP,Population,_T,Total,_T,Total,PS_KM2,Persons per square kilometer,2016,,145.64,,CHN,China (People’s Republic of),A,Normal value,0,Units,2,Two
DATAFLOW,OECD.CFE.EDS:DSD_REG_DEMO@DF_DENSITY(2.0),Population density - Regions,I,A,Annual,CTRY,Country,CHN,China (People's Republic of),_Z,Not applicable,POP,Population,_T,Total,_T,Total,PS_KM2,Persons per square kilometer,2015,,144.69,,CHN,China (People’s Republic of),A,Normal value,0,Units,2,Two
DATAFLOW,OECD.CFE.EDS:DSD_REG_DEMO@DF_DENSITY(2.0),Population density - Regions,I,A,Annual,CTRY,Country,CHN,China (People's Republic of),_Z,Not applicable,POP,Population,_T,Total,_T,Total,PS_KM2,Persons per square kilometer,2014,,143.98,,CHN,China (People’s Republic of),A,Normal value,0,Units,2,Two
DATAFLOW,OECD.CFE.EDS:DSD_REG_DEMO@DF_DENSITY(2.0),Population density - Regions,I,A,Annual,CTRY,Country,HRV,Croatia,_Z,Not applicable,POP,Population,_T,Total,_T,Total,PS_KM2,Persons per square kilometer,2018,,71.82,,HRV,Croatia,A,Normal value,0,Units,2,Two
DATAFLOW,OECD.CFE.EDS:DSD_REG_DEMO@DF_DENSITY(2.0),Population density - Regions,I,A,Annual,CTRY,Country,HRV,Croatia,_Z,Not applicable,POP,Population,_T,Total,_T,Total,PS_KM2,Persons per square kilometer,2017,,72.97,,HRV,Croatia,A,Normal value,0,Units,2,Two
DATAFLOW,OECD.CFE.EDS:DSD_REG_DEMO@DF_DENSITY(2.0),Population density - Regions,I,A,Annual,CTRY,Country,HRV,Croatia,_Z,Not applicable,POP,Population,_T,Total,_T,Total,PS_KM2,Persons per square kilometer,2008,,77.14,,HRV,Croatia,A,Normal value,0,Units,2,Two
DATAFLOW,OECD.CFE.EDS:DSD_REG_DEMO@DF_DENSITY(2.0),Population density - Regions,I,A,Annual,CTRY,Country,HRV,Croatia,_Z,Not applicable,POP,Population,_T,Total,_T,Total,PS_KM2,Persons per square kilometer,2006,,77.15,,HRV,Croatia,A,Normal value,0,Units,2,Two
DATAFLOW,OECD.CFE.EDS:DSD_REG_DEMO@DF_DENSITY(2.0),Population density - Regions,I,A,Annual,CTRY,Country,HRV,Croatia,_Z,Not applicable,POP,Population,_T,Total,_T,Total,PS_KM2,Persons per square kilometer,2004,,77.03,,HRV,Croatia,A,Normal value,0,Units,2,Two
DATAFLOW,OECD.CFE.EDS:DSD_REG_DEMO@DF_DENSITY(2.0),Population density - Regions,I,A,Annual,CTRY,Country,HRV,Croatia,_Z,Not applicable,POP,Population,_T,Total,_T,Total,PS_KM2,Persons per square kilometer,2003,,77.02,,HRV,Croatia,A,Normal value,0,Units,2,Two
DATAFLOW,OECD.CFE.EDS:DSD_REG_DEMO@DF_DENSITY(2.0),Population density - Regions,I,A,Annual,CTRY,Country,HRV,Croatia,_Z,Not applicable,POP,Population,_T,Total,_T,Total,PS_KM2,Persons per square kilometer,2002,,77.03,,HRV,Croatia,A,Normal value,0,Units,2,Two
DATAFLOW,OECD.CFE.EDS:DSD_REG_DEMO@DF_DENSITY(2.0),Population density - Regions,I,A,Annual,CTRY,Country,HRV,Croatia,_Z,Not applicable,POP,Population,_T,Total,_T,Total,PS_KM2,Persons per square kilometer,2023,,68.89,,HRV,Croatia,A,Normal value,0,Units,2,Two
DATAFLOW,OECD.CFE.EDS:DSD_REG_DEMO@DF_DENSITY(2.0),Population density - Regions,I,A,Annual,CTRY,Country,HRV,Croatia,_Z,Not applicable,POP,Population,_T,Total,_T,Total,PS_KM2,Persons per square kilometer,2016,,73.91,,HRV,Croatia,A,Normal value,0,Units,2,Two
DATAFLOW,OECD.CFE.EDS:DSD_REG_DEMO@DF_DENSITY(2.0),Population density - Regions,I,A,Annual,CTRY,Country,HRV,Croatia,_Z,Not applicable,POP,Population,_T,Total,_T,Total,PS_KM2,Persons per square kilometer,2001,,76.85,,HRV,Croatia,B,Time series break,0,Units,2,Two
DATAFLOW,OECD.CFE.EDS:DSD_REG_DEMO@DF_DENSITY(2.0),Population density - Regions,I,A,Annual,CTRY,Country,HRV,Croatia,_Z,Not applicable,POP,Population,_T,Total,_T,Total,PS_KM2,Persons per square kilometer,2000,,80.47,,HRV,Croatia,E,Estimated value,0,Units,2,Two
DATAFLOW,OECD.CFE.EDS:DSD_REG_DEMO@DF_DENSITY(2.0),Population density - Regions,I,A,Annual,CTRY,Country,HRV,Croatia,_Z,Not applicable,POP,Population,_T,Total,_T,Total,PS_KM2,Persons per square kilometer,1999,,81,,HRV,Croatia,E,Estimated value,0,Units,2,Two
DATAFLOW,OECD.CFE.EDS:DSD_REG_DEMO@DF_DENSITY(2.0),Population density - Regions,I,A,Annual,CTRY,Country,HRV,Croatia,_Z,Not applicable,POP,Population,_T,Total,_T,Total,PS_KM2,Persons per square kilometer,1998,,81.17,,HRV,Croatia,E,Estimated value,0,Units,2,Two
DATAFLOW,OECD.CFE.EDS:DSD_REG_DEMO@DF_DENSITY(2.0),Population density - Regions,I,A,Annual,CTRY,Country,HRV,Croatia,_Z,Not applicable,POP,Population,_T,Total,_T,Total,PS_KM2,Persons per square kilometer,1997,,81.1,,HRV,Croatia,E,Estimated value,0,Units,2,Two
DATAFLOW,OECD.CFE.EDS:DSD_REG_DEMO@DF_DENSITY(2.0),Population density - Regions,I,A,Annual,CTRY,Country,HRV,Croatia,_Z,Not applicable,POP,Population,_T,Total,_T,Total,PS_KM2,Persons per square kilometer,1996,,81.96,,HRV,Croatia,E,Estimated value,0,Units,2,Two
DATAFLOW,OECD.CFE.EDS:DSD_REG_DEMO@DF_DENSITY(2.0),Population density - Regions,I,A,Annual,CTRY,Country,HRV,Croatia,_Z,Not applicable,POP,Population,_T,Total,_T,Total,PS_KM2,Persons per square kilometer,1995,,83.35,,HRV,Croatia,E,Estimated value,0,Units,2,Two
DATAFLOW,OECD.CFE.EDS:DSD_REG_DEMO@DF_DENSITY(2.0),Population density - Regions,I,A,Annual,CTRY,Country,HRV,Croatia,_Z,Not applicable,POP,Population,_T,Total,_T,Total,PS_KM2,Persons per square kilometer,1994,,83.1,,HRV,Croatia,E,Estimated value,0,Units,2,Two
DATAFLOW,OECD.CFE.EDS:DSD_REG_DEMO@DF_DENSITY(2.0),Population density - Regions,I,A,Annual,CTRY,Country,HRV,Croatia,_Z,Not applicable,POP,Population,_T,Total,_T,Total,PS_KM2,Persons per square kilometer,1993,,81.5,,HRV,Croatia,E,Estimated value,0,Units,2,Two
DATAFLOW,OECD.CFE.EDS:DSD_REG_DEMO@DF_DENSITY(2.0),Population density - Regions,I,A,Annual,CTRY,Country,HRV,Croatia,_Z,Not applicable,POP,Population,_T,Total,_T,Total,PS_KM2,Persons per square kilometer,1992,,82.22,,HRV,Croatia,E,Estimated value,0,Units,2,Two
DATAFLOW,OECD.CFE.EDS:DSD_REG_DEMO@DF_DENSITY(2.0),Population density - Regions,I,A,Annual,CTRY,Country,HRV,Croatia,_Z,Not applicable,POP,Population,_T,Total,_T,Total,PS_KM2,Persons per square kilometer,1991,,85.55,,HRV,Croatia,E,Estimated value,0,Units,2,Two
DATAFLOW,OECD.CFE.EDS:DSD_REG_DEMO@DF_DENSITY(2.0),Population density - Regions,I,A,Annual,CTRY,Country,HRV,Croatia,_Z,Not applicable,POP,Population,_T,Total,_T,Total,PS_KM2,Persons per square kilometer,1990,,85.38,,HRV,Croatia,E,Estimated value,0,Units,2,Two
DATAFLOW,OECD.CFE.EDS:DSD_REG_DEMO@DF_DENSITY(2.0),Population density - Regions,I,A,Annual,CTRY,Country,HRV,Croatia,_Z,Not applicable,POP,Population,_T,Total,_T,Total,PS_KM2,Persons per square kilometer,2009,,77.1,,HRV,Croatia,A,Normal value,0,Units,2,Two
DATAFLOW,OECD.CFE.EDS:DSD_REG_DEMO@DF_DENSITY(2.0),Population density - Regions,I,A,Annual,CTRY,Country,HRV,Croatia,_Z,Not applicable,POP,Population,_T,Total,_T,Total,PS_KM2,Persons per square kilometer,2012,,76.5,,HRV,Croatia,A,Normal value,0,Units,2,Two
DATAFLOW,OECD.CFE.EDS:DSD_REG_DEMO@DF_DENSITY(2.0),Population density - Regions,I,A,Annual,CTRY,Country,HRV,Croatia,_Z,Not applicable,POP,Population,_T,Total,_T,Total,PS_KM2,Persons per square kilometer,2015,,74.8,,HRV,Croatia,A,Normal value,0,Units,2,Two
DATAFLOW,OECD.CFE.EDS:DSD_REG_DEMO@DF_DENSITY(2.0),Population density - Regions,I,A,Annual,CTRY,Country,HRV,Croatia,_Z,Not applicable,POP,Population,_T,Total,_T,Total,PS_KM2,Persons per square kilometer,2014,,75.45,,HRV,Croatia,A,Normal value,0,Units,2,Two
DATAFLOW,OECD.CFE.EDS:DSD_REG_DEMO@DF_DENSITY(2.0),Population density - Regions,I,A,Annual,CTRY,Country,HRV,Croatia,_Z,Not applicable,POP,Population,_T,Total,_T,Total,PS_KM2,Persons per square kilometer,2013,,75.99,,HRV,Croatia,A,Normal value,0,Units,2,Two
DATAFLOW,OECD.CFE.EDS:DSD_REG_DEMO@DF_DENSITY(2.0),Population density - Regions,I,A,Annual,CTRY,Country,HRV,Croatia,_Z,Not applicable,POP,Population,_T,Total,_T,Total,PS_KM2,Persons per square kilometer,2022,,69.1,,HRV,Croatia,A,Normal value,0,Units,2,Two
DATAFLOW,OECD.CFE.EDS:DSD_REG_DEMO@DF_DENSITY(2.0),Population density - Regions,I,A,Annual,CTRY,Country,HRV,Croatia,_Z,Not applicable,POP,Population,_T,Total,_T,Total,PS_KM2,Persons per square kilometer,2021,,69.65,,HRV,Croatia,A,Normal value,0,Units,2,Two
DATAFLOW,OECD.CFE.EDS:DSD_REG_DEMO@DF_DENSITY(2.0),Population density - Regions,I,A,Annual,CTRY,Country,HRV,Croatia,_Z,Not applicable,POP,Population,_T,Total,_T,Total,PS_KM2,Persons per square kilometer,2020,,70.37,,HRV,Croatia,A,Normal value,0,Units,2,Two
DATAFLOW,OECD.CFE.EDS:DSD_REG_DEMO@DF_DENSITY(2.0),Population density - Regions,I,A,Annual,CTRY,Country,HRV,Croatia,_Z,Not applicable,POP,Population,_T,Total,_T,Total,PS_KM2,Persons per square kilometer,2011,,76.75,,HRV,Croatia,A,Normal value,0,Units,2,Two
DATAFLOW,OECD.CFE.EDS:DSD_REG_DEMO@DF_DENSITY(2.0),Population density - Regions,I,A,Annual,CTRY,Country,HRV,Croatia,_Z,Not applicable,POP,Population,_T,Total,_T,Total,PS_KM2,Persons per square kilometer,2010,,76.98,,HRV,Croatia,A,Normal value,0,Units,2,Two
DATAFLOW,OECD.CFE.EDS:DSD_REG_DEMO@DF_DENSITY(2.0),Population density - Regions,I,A,Annual,CTRY,Country,HRV,Croatia,_Z,Not applicable,POP,Population,_T,Total,_T,Total,PS_KM2,Persons per square kilometer,2007,,77.17,,HRV,Croatia,A,Normal value,0,Units,2,Two
DATAFLOW,OECD.CFE.EDS:DSD_REG_DEMO@DF_DENSITY(2.0),Population density - Regions,I,A,Annual,CTRY,Country,HRV,Croatia,_Z,Not applicable,POP,Population,_T,Total,_T,Total,PS_KM2,Persons per square kilometer,2005,,77.12,,HRV,Croatia,A,Normal value,0,Units,2,Two
DATAFLOW,OECD.CFE.EDS:DSD_REG_DEMO@DF_DENSITY(2.0),Population density - Regions,I,A,Annual,CTRY,Country,CYP,Cyprus,_Z,Not applicable,POP,Population,_T,Total,_T,Total,PS_KM2,Persons per square kilometer,2014,,93.35,,CYP,Cyprus,A,Normal value,0,Units,2,Two
DATAFLOW,OECD.CFE.EDS:DSD_REG_DEMO@DF_DENSITY(2.0),Population density - Regions,I,A,Annual,CTRY,Country,CYP,Cyprus,_Z,Not applicable,POP,Population,_T,Total,_T,Total,PS_KM2,Persons per square kilometer,2007,,82.27,,CYP,Cyprus,A,Normal value,0,Units,2,Two
DATAFLOW,OECD.CFE.EDS:DSD_REG_DEMO@DF_DENSITY(2.0),Population density - Regions,I,A,Annual,CTRY,Country,CYP,Cyprus,_Z,Not applicable,POP,Population,_T,Total,_T,Total,PS_KM2,Persons per square kilometer,1991,,63.73,,CYP,Cyprus,A,Normal value,0,Units,2,Two
DATAFLOW,OECD.CFE.EDS:DSD_REG_DEMO@DF_DENSITY(2.0),Population density - Regions,I,A,Annual,CTRY,Country,CYP,Cyprus,_Z,Not applicable,POP,Population,_T,Total,_T,Total,PS_KM2,Persons per square kilometer,2001,,75.71,,CYP,Cyprus,A,Normal value,0,Units,2,Two
DATAFLOW,OECD.CFE.EDS:DSD_REG_DEMO@DF_DENSITY(2.0),Population density - Regions,I,A,Annual,CTRY,Country,CYP,Cyprus,_Z,Not applicable,POP,Population,_T,Total,_T,Total,PS_KM2,Persons per square kilometer,2022,,100.92,,CYP,Cyprus,A,Normal value,0,Units,2,Two
DATAFLOW,OECD.CFE.EDS:DSD_REG_DEMO@DF_DENSITY(2.0),Population density - Regions,I,A,Annual,CTRY,Country,CYP,Cyprus,_Z,Not applicable,POP,Population,_T,Total,_T,Total,PS_KM2,Persons per square kilometer,1995,,70.05,,CYP,Cyprus,A,Normal value,0,Units,2,Two
DATAFLOW,OECD.CFE.EDS:DSD_REG_DEMO@DF_DENSITY(2.0),Population density - Regions,I,A,Annual,CTRY,Country,CYP,Cyprus,_Z,Not applicable,POP,Population,_T,Total,_T,Total,PS_KM2,Persons per square kilometer,1994,,68.7,,CYP,Cyprus,A,Normal value,0,Units,2,Two
DATAFLOW,OECD.CFE.EDS:DSD_REG_DEMO@DF_DENSITY(2.0),Population density - Regions,I,A,Annual,CTRY,Country,CYP,Cyprus,_Z,Not applicable,POP,Population,_T,Total,_T,Total,PS_KM2,Persons per square kilometer,1996,,71.24,,CYP,Cyprus,A,Normal value,0,Units,2,Two
DATAFLOW,OECD.CFE.EDS:DSD_REG_DEMO@DF_DENSITY(2.0),Population density - Regions,I,A,Annual,CTRY,Country,CYP,Cyprus,_Z,Not applicable,POP,Population,_T,Total,_T,Total,PS_KM2,Persons per square kilometer,2005,,79.57,,CYP,Cyprus,A,Normal value,0,Units,2,Two
DATAFLOW,OECD.CFE.EDS:DSD_REG_DEMO@DF_DENSITY(2.0),Population density - Regions,I,A,Annual,CTRY,Country,CYP,Cyprus,_Z,Not applicable,POP,Population,_T,Total,_T,Total,PS_KM2,Persons per square kilometer,2000,,74.95,,CYP,Cyprus,A,Normal value,0,Units,2,Two
DATAFLOW,OECD.CFE.EDS:DSD_REG_DEMO@DF_DENSITY(2.0),Population density - Regions,I,A,Annual,CTRY,Country,CYP,Cyprus,_Z,Not applicable,POP,Population,_T,Total,_T,Total,PS_KM2,Persons per square kilometer,2009,,86.5,,CYP,Cyprus,A,Normal value,0,Units,2,Two
DATAFLOW,OECD.CFE.EDS:DSD_REG_DEMO@DF_DENSITY(2.0),Population density - Regions,I,A,Annual,CTRY,Country,CYP,Cyprus,_Z,Not applicable,POP,Population,_T,Total,_T,Total,PS_KM2,Persons per square kilometer,2008,,84.26,,CYP,Cyprus,A,Normal value,0,Units,2,Two
DATAFLOW,OECD.CFE.EDS:DSD_REG_DEMO@DF_DENSITY(2.0),Population density - Regions,I,A,Annual,CTRY,Country,CYP,Cyprus,_Z,Not applicable,POP,Population,_T,Total,_T,Total,PS_KM2,Persons per square kilometer,1993,,67.21,,CYP,Cyprus,A,Normal value,0,Units,2,Two
DATAFLOW,OECD.CFE.EDS:DSD_REG_DEMO@DF_DENSITY(2.0),Population density - Regions,I,A,Annual,CTRY,Country,CYP,Cyprus,_Z,Not applicable,POP,Population,_T,Total,_T,Total,PS_KM2,Persons per square kilometer,2004,,78.46,,CYP,Cyprus,A,Normal value,0,Units,2,Two
DATAFLOW,OECD.CFE.EDS:DSD_REG_DEMO@DF_DENSITY(2.0),Population density - Regions,I,A,Annual,CTRY,Country,CYP,Cyprus,_Z,Not applicable,POP,Population,_T,Total,_T,Total,PS_KM2,Persons per square kilometer,2003,,77.47,,CYP,Cyprus,A,Normal value,0,Units,2,Two
DATAFLOW,OECD.CFE.EDS:DSD_REG_DEMO@DF_DENSITY(2.0),Population density - Regions,I,A,Annual,CTRY,Country,CYP,Cyprus,_Z,Not applicable,POP,Population,_T,Total,_T,Total,PS_KM2,Persons per square kilometer,2002,,76.58,,CYP,Cyprus,A,Normal value,0,Units,2,Two
DATAFLOW,OECD.CFE.EDS:DSD_REG_DEMO@DF_DENSITY(2.0),Population density - Regions,I,A,Annual,CTRY,Country,CYP,Cyprus,_Z,Not applicable,POP,Population,_T,Total,_T,Total,PS_KM2,Persons per square kilometer,1990,,62.16,,CYP,Cyprus,A,Normal value,0,Units,2,Two
DATAFLOW,OECD.CFE.EDS:DSD_REG_DEMO@DF_DENSITY(2.0),Population density - Regions,I,A,Annual,CTRY,Country,CYP,Cyprus,_Z,Not applicable,POP,Population,_T,Total,_T,Total,PS_KM2,Persons per square kilometer,1999,,74.12,,CYP,Cyprus,A,Normal value,0,Units,2,Two
DATAFLOW,OECD.CFE.EDS:DSD_REG_DEMO@DF_DENSITY(2.0),Population density - Regions,I,A,Annual,CTRY,Country,CYP,Cyprus,_Z,Not applicable,POP,Population,_T,Total,_T,Total,PS_KM2,Persons per square kilometer,1998,,73.29,,CYP,Cyprus,A,Normal value,0,Units,2,Two
DATAFLOW,OECD.CFE.EDS:DSD_REG_DEMO@DF_DENSITY(2.0),Population density - Regions,I,A,Annual,CTRY,Country,CYP,Cyprus,_Z,Not applicable,POP,Population,_T,Total,_T,Total,PS_KM2,Persons per square kilometer,1997,,72.32,,CYP,Cyprus,A,Normal value,0,Units,2,Two
DATAFLOW,OECD.CFE.EDS:DSD_REG_DEMO@DF_DENSITY(2.0),Population density - Regions,I,A,Annual,CTRY,Country,CYP,Cyprus,_Z,Not applicable,POP,Population,_T,Total,_T,Total,PS_KM2,Persons per square kilometer,2006,,80.76,,CYP,Cyprus,A,Normal value,0,Units,2,Two
DATAFLOW,OECD.CFE.EDS:DSD_REG_DEMO@DF_DENSITY(2.0),Population density - Regions,I,A,Annual,CTRY,Country,CYP,Cyprus,_Z,Not applicable,POP,Population,_T,Total,_T,Total,PS_KM2,Persons per square kilometer,1992,,65.46,,CYP,Cyprus,A,Normal value,0,Units,2,Two
DATAFLOW,OECD.CFE.EDS:DSD_REG_DEMO@DF_DENSITY(2.0),Population density - Regions,I,A,Annual,CTRY,Country,CYP,Cyprus,_Z,Not applicable,POP,Population,_T,Total,_T,Total,PS_KM2,Persons per square kilometer,2023,,103.02,,CYP,Cyprus,A,Normal value,0,Units,2,Two
DATAFLOW,OECD.CFE.EDS:DSD_REG_DEMO@DF_DENSITY(2.0),Population density - Regions,I,A,Annual,CTRY,Country,CYP,Cyprus,_Z,Not applicable,POP,Population,_T,Total,_T,Total,PS_KM2,Persons per square kilometer,2012,,93.56,,CYP,Cyprus,A,Normal value,0,Units,2,Two
DATAFLOW,OECD.CFE.EDS:DSD_REG_DEMO@DF_DENSITY(2.0),Population density - Regions,I,A,Annual,CTRY,Country,CYP,Cyprus,_Z,Not applicable,POP,Population,_T,Total,_T,Total,PS_KM2,Persons per square kilometer,2013,,93.98,,CYP,Cyprus,A,Normal value,0,Units,2,Two
DATAFLOW,OECD.CFE.EDS:DSD_REG_DEMO@DF_DENSITY(2.0),Population density - Regions,I,A,Annual,CTRY,Country,CYP,Cyprus,_Z,Not applicable,POP,Population,_T,Total,_T,Total,PS_KM2,Persons per square kilometer,2011,,91.15,,CYP,Cyprus,A,Normal value,0,Units,2,Two
DATAFLOW,OECD.CFE.EDS:DSD_REG_DEMO@DF_DENSITY(2.0),Population density - Regions,I,A,Annual,CTRY,Country,CYP,Cyprus,_Z,Not applicable,POP,Population,_T,Total,_T,Total,PS_KM2,Persons per square kilometer,2010,,88.91,,CYP,Cyprus,A,Normal value,0,Units,2,Two
DATAFLOW,OECD.CFE.EDS:DSD_REG_DEMO@DF_DENSITY(2.0),Population density - Regions,I,A,Annual,CTRY,Country,CYP,Cyprus,_Z,Not applicable,POP,Population,_T,Total,_T,Total,PS_KM2,Persons per square kilometer,2021,,99.26,,CYP,Cyprus,A,Normal value,0,Units,2,Two
DATAFLOW,OECD.CFE.EDS:DSD_REG_DEMO@DF_DENSITY(2.0),Population density - Regions,I,A,Annual,CTRY,Country,CYP,Cyprus,_Z,Not applicable,POP,Population,_T,Total,_T,Total,PS_KM2,Persons per square kilometer,2020,,97.95,,CYP,Cyprus,A,Normal value,0,Units,2,Two
DATAFLOW,OECD.CFE.EDS:DSD_REG_DEMO@DF_DENSITY(2.0),Population density - Regions,I,A,Annual,CTRY,Country,CYP,Cyprus,_Z,Not applicable,POP,Population,_T,Total,_T,Total,PS_KM2,Persons per square kilometer,2019,,96.62,,CYP,Cyprus,A,Normal value,0,Units,2,Two
DATAFLOW,OECD.CFE.EDS:DSD_REG_DEMO@DF_DENSITY(2.0),Population density - Regions,I,A,Annual,CTRY,Country,CYP,Cyprus,_Z,Not applicable,POP,Population,_T,Total,_T,Total,PS_KM2,Persons per square kilometer,2018,,95.37,,CYP,Cyprus,A,Normal value,0,Units,2,Two
DATAFLOW,OECD.CFE.EDS:DSD_REG_DEMO@DF_DENSITY(2.0),Population density - Regions,I,A,Annual,CTRY,Country,CYP,Cyprus,_Z,Not applicable,POP,Population,_T,Total,_T,Total,PS_KM2,Persons per square kilometer,2017,,94.42,,CYP,Cyprus,A,Normal value,0,Units,2,Two
DATAFLOW,OECD.CFE.EDS:DSD_REG_DEMO@DF_DENSITY(2.0),Population density - Regions,I,A,Annual,CTRY,Country,CYP,Cyprus,_Z,Not applicable,POP,Population,_T,Total,_T,Total,PS_KM2,Persons per square kilometer,2016,,93.75,,CYP,Cyprus,A,Normal value,0,Units,2,Two
DATAFLOW,OECD.CFE.EDS:DSD_REG_DEMO@DF_DENSITY(2.0),Population density - Regions,I,A,Annual,CTRY,Country,IND,India,_Z,Not applicable,POP,Population,_T,Total,_T,Total,PS_KM2,Persons per square kilometer,2020,,418.82,,IND,India,A,Normal value,0,Units,2,Two
DATAFLOW,OECD.CFE.EDS:DSD_REG_DEMO@DF_DENSITY(2.0),Population density - Regions,I,A,Annual,CTRY,Country,IND,India,_Z,Not applicable,POP,Population,_T,Total,_T,Total,PS_KM2,Persons per square kilometer,2012,,389.78,,IND,India,A,Normal value,0,Units,2,Two
DATAFLOW,OECD.CFE.EDS:DSD_REG_DEMO@DF_DENSITY(2.0),Population density - Regions,I,A,Annual,CTRY,Country,IND,India,_Z,Not applicable,POP,Population,_T,Total,_T,Total,PS_KM2,Persons per square kilometer,2006,,357.71,,IND,India,A,Normal value,0,Units,2,Two
DATAFLOW,OECD.CFE.EDS:DSD_REG_DEMO@DF_DENSITY(2.0),Population density - Regions,I,A,Annual,CTRY,Country,IND,India,_Z,Not applicable,POP,Population,_T,Total,_T,Total,PS_KM2,Persons per square kilometer,2015,,396.04,,IND,India,A,Normal value,0,Units,2,Two
DATAFLOW,OECD.CFE.EDS:DSD_REG_DEMO@DF_DENSITY(2.0),Population density - Regions,I,A,Annual,CTRY,Country,IND,India,_Z,Not applicable,POP,Population,_T,Total,_T,Total,PS_KM2,Persons per square kilometer,2009,,372.1,,IND,India,A,Normal value,0,Units,2,Two
DATAFLOW,OECD.CFE.EDS:DSD_REG_DEMO@DF_DENSITY(2.0),Population density - Regions,I,A,Annual,CTRY,Country,IND,India,_Z,Not applicable,POP,Population,_T,Total,_T,Total,PS_KM2,Persons per square kilometer,2008,,367,,IND,India,A,Normal value,0,Units,2,Two
DATAFLOW,OECD.CFE.EDS:DSD_REG_DEMO@DF_DENSITY(2.0),Population density - Regions,I,A,Annual,CTRY,Country,IND,India,_Z,Not applicable,POP,Population,_T,Total,_T,Total,PS_KM2,Persons per square kilometer,1991,,267.31,,IND,India,A,Normal value,0,Units,2,Two
DATAFLOW,OECD.CFE.EDS:DSD_REG_DEMO@DF_DENSITY(2.0),Population density - Regions,I,A,Annual,CTRY,Country,IND,India,_Z,Not applicable,POP,Population,_T,Total,_T,Total,PS_KM2,Persons per square kilometer,2001,,324.89,,IND,India,A,Normal value,0,Units,2,Two
DATAFLOW,OECD.CFE.EDS:DSD_REG_DEMO@DF_DENSITY(2.0),Population density - Regions,I,A,Annual,CTRY,Country,IND,India,_Z,Not applicable,POP,Population,_T,Total,_T,Total,PS_KM2,Persons per square kilometer,2019,,414.43,,IND,India,A,Normal value,0,Units,2,Two
DATAFLOW,OECD.CFE.EDS:DSD_REG_DEMO@DF_DENSITY(2.0),Population density - Regions,I,A,Annual,CTRY,Country,IND,India,_Z,Not applicable,POP,Population,_T,Total,_T,Total,PS_KM2,Persons per square kilometer,2018,,409.94,,IND,India,A,Normal value,0,Units,2,Two
DATAFLOW,OECD.CFE.EDS:DSD_REG_DEMO@DF_DENSITY(2.0),Population density - Regions,I,A,Annual,CTRY,Country,IND,India,_Z,Not applicable,POP,Population,_T,Total,_T,Total,PS_KM2,Persons per square kilometer,2017,,405.38,,IND,India,A,Normal value,0,Units,2,Two
DATAFLOW,OECD.CFE.EDS:DSD_REG_DEMO@DF_DENSITY(2.0),Population density - Regions,I,A,Annual,CTRY,Country,IND,India,_Z,Not applicable,POP,Population,_T,Total,_T,Total,PS_KM2,Persons per square kilometer,2011,,383.53,,IND,India,A,Normal value,0,Units,2,Two
DATAFLOW,OECD.CFE.EDS:DSD_REG_DEMO@DF_DENSITY(2.0),Population density - Regions,I,A,Annual,CTRY,Country,IND,India,_Z,Not applicable,POP,Population,_T,Total,_T,Total,PS_KM2,Persons per square kilometer,2010,,379.34,,IND,India,A,Normal value,0,Units,2,Two
DATAFLOW,OECD.CFE.EDS:DSD_REG_DEMO@DF_DENSITY(2.0),Population density - Regions,I,A,Annual,CTRY,Country,IND,India,_Z,Not applicable,POP,Population,_T,Total,_T,Total,PS_KM2,Persons per square kilometer,2007,,361.21,,IND,India,A,Normal value,0,Units,2,Two
DATAFLOW,OECD.CFE.EDS:DSD_REG_DEMO@DF_DENSITY(2.0),Population density - Regions,I,A,Annual,CTRY,Country,IND,India,_Z,Not applicable,POP,Population,_T,Total,_T,Total,PS_KM2,Persons per square kilometer,2005,,352.33,,IND,India,A,Normal value,0,Units,2,Two
DATAFLOW,OECD.CFE.EDS:DSD_REG_DEMO@DF_DENSITY(2.0),Population density - Regions,I,A,Annual,CTRY,Country,IND,India,_Z,Not applicable,POP,Population,_T,Total,_T,Total,PS_KM2,Persons per square kilometer,2004,,346.85,,IND,India,B,Time series break,0,Units,2,Two
DATAFLOW,OECD.CFE.EDS:DSD_REG_DEMO@DF_DENSITY(2.0),Population density - Regions,I,A,Annual,CTRY,Country,IND,India,_Z,Not applicable,POP,Population,_T,Total,_T,Total,PS_KM2,Persons per square kilometer,2003,,339.53,,IND,India,E,Estimated value,0,Units,2,Two
DATAFLOW,OECD.CFE.EDS:DSD_REG_DEMO@DF_DENSITY(2.0),Population density - Regions,I,A,Annual,CTRY,Country,IND,India,_Z,Not applicable,POP,Population,_T,Total,_T,Total,PS_KM2,Persons per square kilometer,2002,,332.21,,IND,India,E,Estimated value,0,Units,2,Two
DATAFLOW,OECD.CFE.EDS:DSD_REG_DEMO@DF_DENSITY(2.0),Population density - Regions,I,A,Annual,CTRY,Country,IND,India,_Z,Not applicable,POP,Population,_T,Total,_T,Total,PS_KM2,Persons per square kilometer,2013,,394.85,,IND,India,A,Normal value,0,Units,2,Two
DATAFLOW,OECD.CFE.EDS:DSD_REG_DEMO@DF_DENSITY(2.0),Population density - Regions,I,A,Annual,CTRY,Country,IND,India,_Z,Not applicable,POP,Population,_T,Total,_T,Total,PS_KM2,Persons per square kilometer,2022,,427.2,,IND,India,A,Normal value,0,Units,2,Two
DATAFLOW,OECD.CFE.EDS:DSD_REG_DEMO@DF_DENSITY(2.0),Population density - Regions,I,A,Annual,CTRY,Country,MLT,Malta,_Z,Not applicable,POP,Population,_T,Total,_T,Total,PS_KM2,Persons per square kilometer,2018,,1517.05,,MLT,Malta,A,Normal value,0,Units,2,Two
DATAFLOW,OECD.CFE.EDS:DSD_REG_DEMO@DF_DENSITY(2.0),Population density - Regions,I,A,Annual,CTRY,Country,MLT,Malta,_Z,Not applicable,POP,Population,_T,Total,_T,Total,PS_KM2,Persons per square kilometer,2017,,1467.65,,MLT,Malta,A,Normal value,0,Units,2,Two
DATAFLOW,OECD.CFE.EDS:DSD_REG_DEMO@DF_DENSITY(2.0),Population density - Regions,I,A,Annual,CTRY,Country,MLT,Malta,_Z,Not applicable,POP,Population,_T,Total,_T,Total,PS_KM2,Persons per square kilometer,2001,,1250.53,,MLT,Malta,A,Normal value,0,Units,2,Two
DATAFLOW,OECD.CFE.EDS:DSD_REG_DEMO@DF_DENSITY(2.0),Population density - Regions,I,A,Annual,CTRY,Country,MLT,Malta,_Z,Not applicable,POP,Population,_T,Total,_T,Total,PS_KM2,Persons per square kilometer,1995,,1202.66,,MLT,Malta,A,Normal value,0,Units,2,Two
DATAFLOW,OECD.CFE.EDS:DSD_REG_DEMO@DF_DENSITY(2.0),Population density - Regions,I,A,Annual,CTRY,Country,MLT,Malta,_Z,Not applicable,POP,Population,_T,Total,_T,Total,PS_KM2,Persons per square kilometer,1994,,1192.21,,MLT,Malta,A,Normal value,0,Units,2,Two
DATAFLOW,OECD.CFE.EDS:DSD_REG_DEMO@DF_DENSITY(2.0),Population density - Regions,I,A,Annual,CTRY,Country,MLT,Malta,_Z,Not applicable,POP,Population,_T,Total,_T,Total,PS_KM2,Persons per square kilometer,2019,,1574.98,,MLT,Malta,A,Normal value,0,Units,2,Two
DATAFLOW,OECD.CFE.EDS:DSD_REG_DEMO@DF_DENSITY(2.0),Population density - Regions,I,A,Annual,CTRY,Country,MLT,Malta,_Z,Not applicable,POP,Population,_T,Total,_T,Total,PS_KM2,Persons per square kilometer,1996,,1208.96,,MLT,Malta,A,Normal value,0,Units,2,Two
DATAFLOW,OECD.CFE.EDS:DSD_REG_DEMO@DF_DENSITY(2.0),Population density - Regions,I,A,Annual,CTRY,Country,MLT,Malta,_Z,Not applicable,POP,Population,_T,Total,_T,Total,PS_KM2,Persons per square kilometer,1990,,1125.97,,MLT,Malta,A,Normal value,0,Units,2,Two
DATAFLOW,OECD.CFE.EDS:DSD_REG_DEMO@DF_DENSITY(2.0),Population density - Regions,I,A,Annual,CTRY,Country,MLT,Malta,_Z,Not applicable,POP,Population,_T,Total,_T,Total,PS_KM2,Persons per square kilometer,2016,,1436.53,,MLT,Malta,A,Normal value,0,Units,2,Two
DATAFLOW,OECD.CFE.EDS:DSD_REG_DEMO@DF_DENSITY(2.0),Population density - Regions,I,A,Annual,CTRY,Country,MLT,Malta,_Z,Not applicable,POP,Population,_T,Total,_T,Total,PS_KM2,Persons per square kilometer,1991,,1156.26,,MLT,Malta,B,Time series break,0,Units,2,Two
DATAFLOW,OECD.CFE.EDS:DSD_REG_DEMO@DF_DENSITY(2.0),Population density - Regions,I,A,Annual,CTRY,Country,MLT,Malta,_Z,Not applicable,POP,Population,_T,Total,_T,Total,PS_KM2,Persons per square kilometer,2000,,1242.04,,MLT,Malta,A,Normal value,0,Units,2,Two
DATAFLOW,OECD.CFE.EDS:DSD_REG_DEMO@DF_DENSITY(2.0),Population density - Regions,I,A,Annual,CTRY,Country,MLT,Malta,_Z,Not applicable,POP,Population,_T,Total,_T,Total,PS_KM2,Persons per square kilometer,1993,,1180.37,,MLT,Malta,A,Normal value,0,Units,2,Two
DATAFLOW,OECD.CFE.EDS:DSD_REG_DEMO@DF_DENSITY(2.0),Population density - Regions,I,A,Annual,CTRY,Country,MLT,Malta,_Z,Not applicable,POP,Population,_T,Total,_T,Total,PS_KM2,Persons per square kilometer,1999,,1234.5,,MLT,Malta,A,Normal value,0,Units,2,Two
DATAFLOW,OECD.CFE.EDS:DSD_REG_DEMO@DF_DENSITY(2.0),Population density - Regions,I,A,Annual,CTRY,Country,MLT,Malta,_Z,Not applicable,POP,Population,_T,Total,_T,Total,PS_KM2,Persons per square kilometer,2009,,1312.86,,MLT,Malta,A,Normal value,0,Units,2,Two
DATAFLOW,OECD.CFE.EDS:DSD_REG_DEMO@DF_DENSITY(2.0),Population density - Regions,I,A,Annual,CTRY,Country,MLT,Malta,_Z,Not applicable,POP,Population,_T,Total,_T,Total,PS_KM2,Persons per square kilometer,2008,,1302.98,,MLT,Malta,A,Normal value,0,Units,2,Two
DATAFLOW,OECD.CFE.EDS:DSD_REG_DEMO@DF_DENSITY(2.0),Population density - Regions,I,A,Annual,CTRY,Country,MLT,Malta,_Z,Not applicable,POP,Population,_T,Total,_T,Total,PS_KM2,Persons per square kilometer,2006,,1293.93,,MLT,Malta,A,Normal value,0,Units,2,Two
DATAFLOW,OECD.CFE.EDS:DSD_REG_DEMO@DF_DENSITY(2.0),Population density - Regions,I,A,Annual,CTRY,Country,MLT,Malta,_Z,Not applicable,POP,Population,_T,Total,_T,Total,PS_KM2,Persons per square kilometer,2004,,1277.53,,MLT,Malta,A,Normal value,0,Units,2,Two
DATAFLOW,OECD.CFE.EDS:DSD_REG_DEMO@DF_DENSITY(2.0),Population density - Regions,I,A,Annual,CTRY,Country,MLT,Malta,_Z,Not applicable,POP,Population,_T,Total,_T,Total,PS_KM2,Persons per square kilometer,2003,,1269.32,,MLT,Malta,A,Normal value,0,Units,2,Two
DATAFLOW,OECD.CFE.EDS:DSD_REG_DEMO@DF_DENSITY(2.0),Population density - Regions,I,A,Annual,CTRY,Country,MLT,Malta,_Z,Not applicable,POP,Population,_T,Total,_T,Total,PS_KM2,Persons per square kilometer,2002,,1260.83,,MLT,Malta,A,Normal value,0,Units,2,Two
DATAFLOW,OECD.CFE.EDS:DSD_REG_DEMO@DF_DENSITY(2.0),Population density - Regions,I,A,Annual,CTRY,Country,MLT,Malta,_Z,Not applicable,POP,Population,_T,Total,_T,Total,PS_KM2,Persons per square kilometer,1998,,1227.4,,MLT,Malta,A,Normal value,0,Units,2,Two
DATAFLOW,OECD.CFE.EDS:DSD_REG_DEMO@DF_DENSITY(2.0),Population density - Regions,I,A,Annual,CTRY,Country,MLT,Malta,_Z,Not applicable,POP,Population,_T,Total,_T,Total,PS_KM2,Persons per square kilometer,1997,,1218.55,,MLT,Malta,A,Normal value,0,Units,2,Two
DATAFLOW,OECD.CFE.EDS:DSD_REG_DEMO@DF_DENSITY(2.0),Population density - Regions,I,A,Annual,CTRY,Country,MLT,Malta,_Z,Not applicable,POP,Population,_T,Total,_T,Total,PS_KM2,Persons per square kilometer,1992,,1168.63,,MLT,Malta,A,Normal value,0,Units,2,Two
DATAFLOW,OECD.CFE.EDS:DSD_REG_DEMO@DF_DENSITY(2.0),Population density - Regions,I,A,Annual,CTRY,Country,MLT,Malta,_Z,Not applicable,POP,Population,_T,Total,_T,Total,PS_KM2,Persons per square kilometer,2012,,1334.01,,MLT,Malta,A,Normal value,0,Units,2,Two
DATAFLOW,OECD.CFE.EDS:DSD_REG_DEMO@DF_DENSITY(2.0),Population density - Regions,I,A,Annual,CTRY,Country,MLT,Malta,_Z,Not applicable,POP,Population,_T,Total,_T,Total,PS_KM2,Persons per square kilometer,2015,,1401.93,,MLT,Malta,A,Normal value,0,Units,2,Two
DATAFLOW,OECD.CFE.EDS:DSD_REG_DEMO@DF_DENSITY(2.0),Population density - Regions,I,A,Annual,CTRY,Country,MLT,Malta,_Z,Not applicable,POP,Population,_T,Total,_T,Total,PS_KM2,Persons per square kilometer,2014,,1367.91,,MLT,Malta,A,Normal value,0,Units,2,Two
DATAFLOW,OECD.CFE.EDS:DSD_REG_DEMO@DF_DENSITY(2.0),Population density - Regions,I,A,Annual,CTRY,Country,MLT,Malta,_Z,Not applicable,POP,Population,_T,Total,_T,Total,PS_KM2,Persons per square kilometer,2013,,1346.53,,MLT,Malta,A,Normal value,0,Units,2,Two
DATAFLOW,OECD.CFE.EDS:DSD_REG_DEMO@DF_DENSITY(2.0),Population density - Regions,I,A,Annual,CTRY,Country,MLT,Malta,_Z,Not applicable,POP,Population,_T,Total,_T,Total,PS_KM2,Persons per square kilometer,2023,,1731.79,,MLT,Malta,A,Normal value,0,Units,2,Two
DATAFLOW,OECD.CFE.EDS:DSD_REG_DEMO@DF_DENSITY(2.0),Population density - Regions,I,A,Annual,CTRY,Country,MLT,Malta,_Z,Not applicable,POP,Population,_T,Total,_T,Total,PS_KM2,Persons per square kilometer,2022,,1661.9,,MLT,Malta,A,Normal value,0,Units,2,Two
DATAFLOW,OECD.CFE.EDS:DSD_REG_DEMO@DF_DENSITY(2.0),Population density - Regions,I,A,Annual,CTRY,Country,MLT,Malta,_Z,Not applicable,POP,Population,_T,Total,_T,Total,PS_KM2,Persons per square kilometer,2021,,1648.96,,MLT,Malta,A,Normal value,0,Units,2,Two
DATAFLOW,OECD.CFE.EDS:DSD_REG_DEMO@DF_DENSITY(2.0),Population density - Regions,I,A,Annual,CTRY,Country,MLT,Malta,_Z,Not applicable,POP,Population,_T,Total,_T,Total,PS_KM2,Persons per square kilometer,2020,,1644.9,,MLT,Malta,A,Normal value,0,Units,2,Two
DATAFLOW,OECD.CFE.EDS:DSD_REG_DEMO@DF_DENSITY(2.0),Population density - Regions,I,A,Annual,CTRY,Country,MLT,Malta,_Z,Not applicable,POP,Population,_T,Total,_T,Total,PS_KM2,Persons per square kilometer,2011,,1325.84,,MLT,Malta,A,Normal value,0,Units,2,Two
DATAFLOW,OECD.CFE.EDS:DSD_REG_DEMO@DF_DENSITY(2.0),Population density - Regions,I,A,Annual,CTRY,Country,MLT,Malta,_Z,Not applicable,POP,Population,_T,Total,_T,Total,PS_KM2,Persons per square kilometer,2010,,1322.77,,MLT,Malta,A,Normal value,0,Units,2,Two
DATAFLOW,OECD.CFE.EDS:DSD_REG_DEMO@DF_DENSITY(2.0),Population density - Regions,I,A,Annual,CTRY,Country,MLT,Malta,_Z,Not applicable,POP,Population,_T,Total,_T,Total,PS_KM2,Persons per square kilometer,2007,,1295.9,,MLT,Malta,A,Normal value,0,Units,2,Two
DATAFLOW,OECD.CFE.EDS:DSD_REG_DEMO@DF_DENSITY(2.0),Population density - Regions,I,A,Annual,CTRY,Country,MKD,North Macedonia,_Z,Not applicable,POP,Population,_T,Total,_T,Total,PS_KM2,Persons per square kilometer,2020,,83.4,,MKD,North Macedonia,A,Normal value,0,Units,2,Two
DATAFLOW,OECD.CFE.EDS:DSD_REG_DEMO@DF_DENSITY(2.0),Population density - Regions,I,A,Annual,CTRY,Country,MKD,North Macedonia,_Z,Not applicable,POP,Population,_T,Total,_T,Total,PS_KM2,Persons per square kilometer,2007,,82.02,,MKD,North Macedonia,A,Normal value,0,Units,2,Two
DATAFLOW,OECD.CFE.EDS:DSD_REG_DEMO@DF_DENSITY(2.0),Population density - Regions,I,A,Annual,CTRY,Country,MKD,North Macedonia,_Z,Not applicable,POP,Population,_T,Total,_T,Total,PS_KM2,Persons per square kilometer,1992,,76.68,,MKD,North Macedonia,A,Normal value,0,Units,2,Two
DATAFLOW,OECD.CFE.EDS:DSD_REG_DEMO@DF_DENSITY(2.0),Population density - Regions,I,A,Annual,CTRY,Country,MKD,North Macedonia,_Z,Not applicable,POP,Population,_T,Total,_T,Total,PS_KM2,Persons per square kilometer,1991,,75.95,,MKD,North Macedonia,A,Normal value,0,Units,2,Two
DATAFLOW,OECD.CFE.EDS:DSD_REG_DEMO@DF_DENSITY(2.0),Population density - Regions,I,A,Annual,CTRY,Country,MKD,North Macedonia,_Z,Not applicable,POP,Population,_T,Total,_T,Total,PS_KM2,Persons per square kilometer,2001,,81.59,,MKD,North Macedonia,A,Normal value,0,Units,2,Two
DATAFLOW,OECD.CFE.EDS:DSD_REG_DEMO@DF_DENSITY(2.0),Population density - Regions,I,A,Annual,CTRY,Country,MKD,North Macedonia,_Z,Not applicable,POP,Population,_T,Total,_T,Total,PS_KM2,Persons per square kilometer,1996,,79.2,,MKD,North Macedonia,A,Normal value,0,Units,2,Two
DATAFLOW,OECD.CFE.EDS:DSD_REG_DEMO@DF_DENSITY(2.0),Population density - Regions,I,A,Annual,CTRY,Country,MKD,North Macedonia,_Z,Not applicable,POP,Population,_T,Total,_T,Total,PS_KM2,Persons per square kilometer,1995,,78.62,,MKD,North Macedonia,A,Normal value,0,Units,2,Two
DATAFLOW,OECD.CFE.EDS:DSD_REG_DEMO@DF_DENSITY(2.0),Population density - Regions,I,A,Annual,CTRY,Country,MKD,North Macedonia,_Z,Not applicable,POP,Population,_T,Total,_T,Total,PS_KM2,Persons per square kilometer,1994,,77.8,,MKD,North Macedonia,A,Normal value,0,Units,2,Two
DATAFLOW,OECD.CFE.EDS:DSD_REG_DEMO@DF_DENSITY(2.0),Population density - Regions,I,A,Annual,CTRY,Country,MKD,North Macedonia,_Z,Not applicable,POP,Population,_T,Total,_T,Total,PS_KM2,Persons per square kilometer,2006,,81.88,,MKD,North Macedonia,A,Normal value,0,Units,2,Two
DATAFLOW,OECD.CFE.EDS:DSD_REG_DEMO@DF_DENSITY(2.0),Population density - Regions,I,A,Annual,CTRY,Country,MKD,North Macedonia,_Z,Not applicable,POP,Population,_T,Total,_T,Total,PS_KM2,Persons per square kilometer,1993,,82.79,,MKD,North Macedonia,A,Normal value,0,Units,2,Two
DATAFLOW,OECD.CFE.EDS:DSD_REG_DEMO@DF_DENSITY(2.0),Population density - Regions,I,A,Annual,CTRY,Country,MKD,North Macedonia,_Z,Not applicable,POP,Population,_T,Total,_T,Total,PS_KM2,Persons per square kilometer,2016,,83.2,,MKD,North Macedonia,A,Normal value,0,Units,2,Two
DATAFLOW,OECD.CFE.EDS:DSD_REG_DEMO@DF_DENSITY(2.0),Population density - Regions,I,A,Annual,CTRY,Country,MKD,North Macedonia,_Z,Not applicable,POP,Population,_T,Total,_T,Total,PS_KM2,Persons per square kilometer,2015,,83.12,,MKD,North Macedonia,A,Normal value,0,Units,2,Two
DATAFLOW,OECD.CFE.EDS:DSD_REG_DEMO@DF_DENSITY(2.0),Population density - Regions,I,A,Annual,CTRY,Country,MKD,North Macedonia,_Z,Not applicable,POP,Population,_T,Total,_T,Total,PS_KM2,Persons per square kilometer,2014,,82.98,,MKD,North Macedonia,A,Normal value,0,Units,2,Two
DATAFLOW,OECD.CFE.EDS:DSD_REG_DEMO@DF_DENSITY(2.0),Population density - Regions,I,A,Annual,CTRY,Country,MKD,North Macedonia,_Z,Not applicable,POP,Population,_T,Total,_T,Total,PS_KM2,Persons per square kilometer,2013,,82.84,,MKD,North Macedonia,A,Normal value,0,Units,2,Two
DATAFLOW,OECD.CFE.EDS:DSD_REG_DEMO@DF_DENSITY(2.0),Population density - Regions,I,A,Annual,CTRY,Country,MKD,North Macedonia,_Z,Not applicable,POP,Population,_T,Total,_T,Total,PS_KM2,Persons per square kilometer,2009,,82.29,,MKD,North Macedonia,A,Normal value,0,Units,2,Two
DATAFLOW,OECD.CFE.EDS:DSD_REG_DEMO@DF_DENSITY(2.0),Population density - Regions,I,A,Annual,CTRY,Country,MKD,North Macedonia,_Z,Not applicable,POP,Population,_T,Total,_T,Total,PS_KM2,Persons per square kilometer,2008,,82.15,,MKD,North Macedonia,A,Normal value,0,Units,2,Two
DATAFLOW,OECD.CFE.EDS:DSD_REG_DEMO@DF_DENSITY(2.0),Population density - Regions,I,A,Annual,CTRY,Country,MKD,North Macedonia,_Z,Not applicable,POP,Population,_T,Total,_T,Total,PS_KM2,Persons per square kilometer,1990,,75.24,,MKD,North Macedonia,A,Normal value,0,Units,2,Two
DATAFLOW,OECD.CFE.EDS:DSD_REG_DEMO@DF_DENSITY(2.0),Population density - Regions,I,A,Annual,CTRY,Country,MKD,North Macedonia,_Z,Not applicable,POP,Population,_T,Total,_T,Total,PS_KM2,Persons per square kilometer,2004,,81.54,,MKD,North Macedonia,A,Normal value,0,Units,2,Two
DATAFLOW,OECD.CFE.EDS:DSD_REG_DEMO@DF_DENSITY(2.0),Population density - Regions,I,A,Annual,CTRY,Country,MKD,North Macedonia,_Z,Not applicable,POP,Population,_T,Total,_T,Total,PS_KM2,Persons per square kilometer,2003,,81.29,,MKD,North Macedonia,A,Normal value,0,Units,2,Two
DATAFLOW,OECD.CFE.EDS:DSD_REG_DEMO@DF_DENSITY(2.0),Population density - Regions,I,A,Annual,CTRY,Country,MKD,North Macedonia,_Z,Not applicable,POP,Population,_T,Total,_T,Total,PS_KM2,Persons per square kilometer,2002,,81.89,,MKD,North Macedonia,A,Normal value,0,Units,2,Two
DATAFLOW,OECD.CFE.EDS:DSD_REG_DEMO@DF_DENSITY(2.0),Population density - Regions,I,A,Annual,CTRY,Country,MKD,North Macedonia,_Z,Not applicable,POP,Population,_T,Total,_T,Total,PS_KM2,Persons per square kilometer,1998,,80.43,,MKD,North Macedonia,A,Normal value,0,Units,2,Two
DATAFLOW,OECD.CFE.EDS:DSD_REG_DEMO@DF_DENSITY(2.0),Population density - Regions,I,A,Annual,CTRY,Country,MKD,North Macedonia,_Z,Not applicable,POP,Population,_T,Total,_T,Total,PS_KM2,Persons per square kilometer,1997,,79.99,,MKD,North Macedonia,A,Normal value,0,Units,2,Two
DATAFLOW,OECD.CFE.EDS:DSD_REG_DEMO@DF_DENSITY(2.0),Population density - Regions,I,A,Annual,CTRY,Country,MKD,North Macedonia,_Z,Not applicable,POP,Population,_T,Total,_T,Total,PS_KM2,Persons per square kilometer,2019,,83.44,,MKD,North Macedonia,A,Normal value,0,Units,2,Two
DATAFLOW,OECD.CFE.EDS:DSD_REG_DEMO@DF_DENSITY(2.0),Population density - Regions,I,A,Annual,CTRY,Country,MKD,North Macedonia,_Z,Not applicable,POP,Population,_T,Total,_T,Total,PS_KM2,Persons per square kilometer,2018,,83.36,,MKD,North Macedonia,A,Normal value,0,Units,2,Two
DATAFLOW,OECD.CFE.EDS:DSD_REG_DEMO@DF_DENSITY(2.0),Population density - Regions,I,A,Annual,CTRY,Country,MKD,North Macedonia,_Z,Not applicable,POP,Population,_T,Total,_T,Total,PS_KM2,Persons per square kilometer,2017,,83.3,,MKD,North Macedonia,A,Normal value,0,Units,2,Two
DATAFLOW,OECD.CFE.EDS:DSD_REG_DEMO@DF_DENSITY(2.0),Population density - Regions,I,A,Annual,CTRY,Country,MKD,North Macedonia,_Z,Not applicable,POP,Population,_T,Total,_T,Total,PS_KM2,Persons per square kilometer,2023,,73.51,,MKD,North Macedonia,A,Normal value,0,Units,2,Two
DATAFLOW,OECD.CFE.EDS:DSD_REG_DEMO@DF_DENSITY(2.0),Population density - Regions,I,A,Annual,CTRY,Country,MKD,North Macedonia,_Z,Not applicable,POP,Population,_T,Total,_T,Total,PS_KM2,Persons per square kilometer,2005,,81.75,,MKD,North Macedonia,A,Normal value,0,Units,2,Two
DATAFLOW,OECD.CFE.EDS:DSD_REG_DEMO@DF_DENSITY(2.0),Population density - Regions,I,A,Annual,CTRY,Country,MKD,North Macedonia,_Z,Not applicable,POP,Population,_T,Total,_T,Total,PS_KM2,Persons per square kilometer,2012,,82.74,,MKD,North Macedonia,P,Provisional value,0,Units,2,Two
DATAFLOW,OECD.CFE.EDS:DSD_REG_DEMO@DF_DENSITY(2.0),Population density - Regions,I,A,Annual,CTRY,Country,MKD,North Macedonia,_Z,Not applicable,POP,Population,_T,Total,_T,Total,PS_KM2,Persons per square kilometer,2022,,73.79,,MKD,North Macedonia,B,Time series break,0,Units,2,Two
DATAFLOW,OECD.CFE.EDS:DSD_REG_DEMO@DF_DENSITY(2.0),Population density - Regions,I,A,Annual,CTRY,Country,MKD,North Macedonia,_Z,Not applicable,POP,Population,_T,Total,_T,Total,PS_KM2,Persons per square kilometer,2011,,82.64,,MKD,North Macedonia,A,Normal value,0,Units,2,Two
DATAFLOW,OECD.CFE.EDS:DSD_REG_DEMO@DF_DENSITY(2.0),Population density - Regions,I,A,Annual,CTRY,Country,MKD,North Macedonia,_Z,Not applicable,POP,Population,_T,Total,_T,Total,PS_KM2,Persons per square kilometer,2000,,81.2,,MKD,North Macedonia,A,Normal value,0,Units,2,Two
DATAFLOW,OECD.CFE.EDS:DSD_REG_DEMO@DF_DENSITY(2.0),Population density - Regions,I,A,Annual,CTRY,Country,MKD,North Macedonia,_Z,Not applicable,POP,Population,_T,Total,_T,Total,PS_KM2,Persons per square kilometer,1999,,80.85,,MKD,North Macedonia,A,Normal value,0,Units,2,Two
DATAFLOW,OECD.CFE.EDS:DSD_REG_DEMO@DF_DENSITY(2.0),Population density - Regions,I,A,Annual,CTRY,Country,MKD,North Macedonia,_Z,Not applicable,POP,Population,_T,Total,_T,Total,PS_KM2,Persons per square kilometer,2010,,82.46,,MKD,North Macedonia,A,Normal value,0,Units,2,Two
DATAFLOW,OECD.CFE.EDS:DSD_REG_DEMO@DF_DENSITY(2.0),Population density - Regions,I,A,Annual,CTRY,Country,PER,Peru,_Z,Not applicable,POP,Population,_T,Total,_T,Total,PS_KM2,Persons per square kilometer,2020,,25.39,,PER,Peru,A,Normal value,0,Units,2,Two
DATAFLOW,OECD.CFE.EDS:DSD_REG_DEMO@DF_DENSITY(2.0),Population density - Regions,I,A,Annual,CTRY,Country,PER,Peru,_Z,Not applicable,POP,Population,_T,Total,_T,Total,PS_KM2,Persons per square kilometer,2015,,23.31,,PER,Peru,A,Normal value,0,Units,2,Two
DATAFLOW,OECD.CFE.EDS:DSD_REG_DEMO@DF_DENSITY(2.0),Population density - Regions,I,A,Annual,CTRY,Country,PER,Peru,_Z,Not applicable,POP,Population,_T,Total,_T,Total,PS_KM2,Persons per square kilometer,2006,,21.74,,PER,Peru,A,Normal value,0,Units,2,Two
DATAFLOW,OECD.CFE.EDS:DSD_REG_DEMO@DF_DENSITY(2.0),Population density - Regions,I,A,Annual,CTRY,Country,PER,Peru,_Z,Not applicable,POP,Population,_T,Total,_T,Total,PS_KM2,Persons per square kilometer,1991,,17.28,,PER,Peru,A,Normal value,0,Units,2,Two
DATAFLOW,OECD.CFE.EDS:DSD_REG_DEMO@DF_DENSITY(2.0),Population density - Regions,I,A,Annual,CTRY,Country,PER,Peru,_Z,Not applicable,POP,Population,_T,Total,_T,Total,PS_KM2,Persons per square kilometer,1992,,17.62,,PER,Peru,A,Normal value,0,Units,2,Two
DATAFLOW,OECD.CFE.EDS:DSD_REG_DEMO@DF_DENSITY(2.0),Population density - Regions,I,A,Annual,CTRY,Country,PER,Peru,_Z,Not applicable,POP,Population,_T,Total,_T,Total,PS_KM2,Persons per square kilometer,2001,,20.79,,PER,Peru,A,Normal value,0,Units,2,Two
DATAFLOW,OECD.CFE.EDS:DSD_REG_DEMO@DF_DENSITY(2.0),Population density - Regions,I,A,Annual,CTRY,Country,PER,Peru,_Z,Not applicable,POP,Population,_T,Total,_T,Total,PS_KM2,Persons per square kilometer,1995,,18.62,,PER,Peru,A,Normal value,0,Units,2,Two
DATAFLOW,OECD.CFE.EDS:DSD_REG_DEMO@DF_DENSITY(2.0),Population density - Regions,I,A,Annual,CTRY,Country,PER,Peru,_Z,Not applicable,POP,Population,_T,Total,_T,Total,PS_KM2,Persons per square kilometer,1994,,18.29,,PER,Peru,A,Normal value,0,Units,2,Two
DATAFLOW,OECD.CFE.EDS:DSD_REG_DEMO@DF_DENSITY(2.0),Population density - Regions,I,A,Annual,CTRY,Country,PER,Peru,_Z,Not applicable,POP,Population,_T,Total,_T,Total,PS_KM2,Persons per square kilometer,2014,,23.04,,PER,Peru,A,Normal value,0,Units,2,Two
DATAFLOW,OECD.CFE.EDS:DSD_REG_DEMO@DF_DENSITY(2.0),Population density - Regions,I,A,Annual,CTRY,Country,PER,Peru,_Z,Not applicable,POP,Population,_T,Total,_T,Total,PS_KM2,Persons per square kilometer,2009,,22.16,,PER,Peru,A,Normal value,0,Units,2,Two
DATAFLOW,OECD.CFE.EDS:DSD_REG_DEMO@DF_DENSITY(2.0),Population density - Regions,I,A,Annual,CTRY,Country,PER,Peru,_Z,Not applicable,POP,Population,_T,Total,_T,Total,PS_KM2,Persons per square kilometer,2008,,22.02,,PER,Peru,A,Normal value,0,Units,2,Two
DATAFLOW,OECD.CFE.EDS:DSD_REG_DEMO@DF_DENSITY(2.0),Population density - Regions,I,A,Annual,CTRY,Country,PER,Peru,_Z,Not applicable,POP,Population,_T,Total,_T,Total,PS_KM2,Persons per square kilometer,1993,,17.95,,PER,Peru,A,Normal value,0,Units,2,Two
DATAFLOW,OECD.CFE.EDS:DSD_REG_DEMO@DF_DENSITY(2.0),Population density - Regions,I,A,Annual,CTRY,Country,PER,Peru,_Z,Not applicable,POP,Population,_T,Total,_T,Total,PS_KM2,Persons per square kilometer,2004,,21.39,,PER,Peru,A,Normal value,0,Units,2,Two
DATAFLOW,OECD.CFE.EDS:DSD_REG_DEMO@DF_DENSITY(2.0),Population density - Regions,I,A,Annual,CTRY,Country,PER,Peru,_Z,Not applicable,POP,Population,_T,Total,_T,Total,PS_KM2,Persons per square kilometer,2003,,21.21,,PER,Peru,A,Normal value,0,Units,2,Two
DATAFLOW,OECD.CFE.EDS:DSD_REG_DEMO@DF_DENSITY(2.0),Population density - Regions,I,A,Annual,CTRY,Country,PER,Peru,_Z,Not applicable,POP,Population,_T,Total,_T,Total,PS_KM2,Persons per square kilometer,2002,,21.01,,PER,Peru,A,Normal value,0,Units,2,Two
DATAFLOW,OECD.CFE.EDS:DSD_REG_DEMO@DF_DENSITY(2.0),Population density - Regions,I,A,Annual,CTRY,Country,PER,Peru,_Z,Not applicable,POP,Population,_T,Total,_T,Total,PS_KM2,Persons per square kilometer,2000,,20.53,,PER,Peru,A,Normal value,0,Units,2,Two
DATAFLOW,OECD.CFE.EDS:DSD_REG_DEMO@DF_DENSITY(2.0),Population density - Regions,I,A,Annual,CTRY,Country,PER,Peru,_Z,Not applicable,POP,Population,_T,Total,_T,Total,PS_KM2,Persons per square kilometer,1990,,16.93,,PER,Peru,A,Normal value,0,Units,2,Two
DATAFLOW,OECD.CFE.EDS:DSD_REG_DEMO@DF_DENSITY(2.0),Population density - Regions,I,A,Annual,CTRY,Country,PER,Peru,_Z,Not applicable,POP,Population,_T,Total,_T,Total,PS_KM2,Persons per square kilometer,1999,,19.91,,PER,Peru,A,Normal value,0,Units,2,Two
DATAFLOW,OECD.CFE.EDS:DSD_REG_DEMO@DF_DENSITY(2.0),Population density - Regions,I,A,Annual,CTRY,Country,PER,Peru,_Z,Not applicable,POP,Population,_T,Total,_T,Total,PS_KM2,Persons per square kilometer,1998,,19.59,,PER,Peru,A,Normal value,0,Units,2,Two
DATAFLOW,OECD.CFE.EDS:DSD_REG_DEMO@DF_DENSITY(2.0),Population density - Regions,I,A,Annual,CTRY,Country,PER,Peru,_Z,Not applicable,POP,Population,_T,Total,_T,Total,PS_KM2,Persons per square kilometer,1997,,19.27,,PER,Peru,A,Normal value,0,Units,2,Two
DATAFLOW,OECD.CFE.EDS:DSD_REG_DEMO@DF_DENSITY(2.0),Population density - Regions,I,A,Annual,CTRY,Country,PER,Peru,_Z,Not applicable,POP,Population,_T,Total,_T,Total,PS_KM2,Persons per square kilometer,1996,,18.94,,PER,Peru,A,Normal value,0,Units,2,Two
DATAFLOW,OECD.CFE.EDS:DSD_REG_DEMO@DF_DENSITY(2.0),Population density - Regions,I,A,Annual,CTRY,Country,PER,Peru,_Z,Not applicable,POP,Population,_T,Total,_T,Total,PS_KM2,Persons per square kilometer,2007,,21.88,,PER,Peru,A,Normal value,0,Units,2,Two
DATAFLOW,OECD.CFE.EDS:DSD_REG_DEMO@DF_DENSITY(2.0),Population density - Regions,I,A,Annual,CTRY,Country,PER,Peru,_Z,Not applicable,POP,Population,_T,Total,_T,Total,PS_KM2,Persons per square kilometer,2023,,26.24,,PER,Peru,A,Normal value,0,Units,2,Two
DATAFLOW,OECD.CFE.EDS:DSD_REG_DEMO@DF_DENSITY(2.0),Population density - Regions,I,A,Annual,CTRY,Country,PER,Peru,_Z,Not applicable,POP,Population,_T,Total,_T,Total,PS_KM2,Persons per square kilometer,2012,,22.65,,PER,Peru,A,Normal value,0,Units,2,Two
DATAFLOW,OECD.CFE.EDS:DSD_REG_DEMO@DF_DENSITY(2.0),Population density - Regions,I,A,Annual,CTRY,Country,PER,Peru,_Z,Not applicable,POP,Population,_T,Total,_T,Total,PS_KM2,Persons per square kilometer,2019,,25,,PER,Peru,A,Normal value,0,Units,2,Two
DATAFLOW,OECD.CFE.EDS:DSD_REG_DEMO@DF_DENSITY(2.0),Population density - Regions,I,A,Annual,CTRY,Country,PER,Peru,_Z,Not applicable,POP,Population,_T,Total,_T,Total,PS_KM2,Persons per square kilometer,2017,,24.1,,PER,Peru,A,Normal value,0,Units,2,Two
DATAFLOW,OECD.CFE.EDS:DSD_REG_DEMO@DF_DENSITY(2.0),Population density - Regions,I,A,Annual,CTRY,Country,PER,Peru,_Z,Not applicable,POP,Population,_T,Total,_T,Total,PS_KM2,Persons per square kilometer,2016,,23.67,,PER,Peru,A,Normal value,0,Units,2,Two
DATAFLOW,OECD.CFE.EDS:DSD_REG_DEMO@DF_DENSITY(2.0),Population density - Regions,I,A,Annual,CTRY,Country,PER,Peru,_Z,Not applicable,POP,Population,_T,Total,_T,Total,PS_KM2,Persons per square kilometer,2013,,22.83,,PER,Peru,A,Normal value,0,Units,2,Two
DATAFLOW,OECD.CFE.EDS:DSD_REG_DEMO@DF_DENSITY(2.0),Population density - Regions,I,A,Annual,CTRY,Country,PER,Peru,_Z,Not applicable,POP,Population,_T,Total,_T,Total,PS_KM2,Persons per square kilometer,2011,,22.49,,PER,Peru,A,Normal value,0,Units,2,Two
DATAFLOW,OECD.CFE.EDS:DSD_REG_DEMO@DF_DENSITY(2.0),Population density - Regions,I,A,Annual,CTRY,Country,PER,Peru,_Z,Not applicable,POP,Population,_T,Total,_T,Total,PS_KM2,Persons per square kilometer,2010,,22.33,,PER,Peru,A,Normal value,0,Units,2,Two
DATAFLOW,OECD.CFE.EDS:DSD_REG_DEMO@DF_DENSITY(2.0),Population density - Regions,I,A,Annual,CTRY,Country,PER,Peru,_Z,Not applicable,POP,Population,_T,Total,_T,Total,PS_KM2,Persons per square kilometer,2018,,24.56,,PER,Peru,A,Normal value,0,Units,2,Two
DATAFLOW,OECD.CFE.EDS:DSD_REG_DEMO@DF_DENSITY(2.0),Population density - Regions,I,A,Annual,CTRY,Country,PER,Peru,_Z,Not applicable,POP,Population,_T,Total,_T,Total,PS_KM2,Persons per square kilometer,2005,,21.57,,PER,Peru,A,Normal value,0,Units,2,Two
DATAFLOW,OECD.CFE.EDS:DSD_REG_DEMO@DF_DENSITY(2.0),Population density - Regions,I,A,Annual,CTRY,Country,PER,Peru,_Z,Not applicable,POP,Population,_T,Total,_T,Total,PS_KM2,Persons per square kilometer,2022,,25.99,,PER,Peru,A,Normal value,0,Units,2,Two
DATAFLOW,OECD.CFE.EDS:DSD_REG_DEMO@DF_DENSITY(2.0),Population density - Regions,I,A,Annual,CTRY,Country,ROU,Romania,_Z,Not applicable,POP,Population,_T,Total,_T,Total,PS_KM2,Persons per square kilometer,2021,,81.96,,ROU,Romania,A,Normal value,0,Units,2,Two
DATAFLOW,OECD.CFE.EDS:DSD_REG_DEMO@DF_DENSITY(2.0),Population density - Regions,I,A,Annual,CTRY,Country,ROU,Romania,_Z,Not applicable,POP,Population,_T,Total,_T,Total,PS_KM2,Persons per square kilometer,2006,,90.74,,ROU,Romania,A,Normal value,0,Units,2,Two
DATAFLOW,OECD.CFE.EDS:DSD_REG_DEMO@DF_DENSITY(2.0),Population density - Regions,I,A,Annual,CTRY,Country,ROU,Romania,_Z,Not applicable,POP,Population,_T,Total,_T,Total,PS_KM2,Persons per square kilometer,1998,,96.15,,ROU,Romania,A,Normal value,0,Units,2,Two
DATAFLOW,OECD.CFE.EDS:DSD_REG_DEMO@DF_DENSITY(2.0),Population density - Regions,I,A,Annual,CTRY,Country,ROU,Romania,_Z,Not applicable,POP,Population,_T,Total,_T,Total,PS_KM2,Persons per square kilometer,1997,,96.39,,ROU,Romania,A,Normal value,0,Units,2,Two
DATAFLOW,OECD.CFE.EDS:DSD_REG_DEMO@DF_DENSITY(2.0),Population density - Regions,I,A,Annual,CTRY,Country,ROU,Romania,_Z,Not applicable,POP,Population,_T,Total,_T,Total,PS_KM2,Persons per square kilometer,1992,,97.37,,ROU,Romania,A,Normal value,0,Units,2,Two
DATAFLOW,OECD.CFE.EDS:DSD_REG_DEMO@DF_DENSITY(2.0),Population density - Regions,I,A,Annual,CTRY,Country,ROU,Romania,_Z,Not applicable,POP,Population,_T,Total,_T,Total,PS_KM2,Persons per square kilometer,1991,,99,,ROU,Romania,A,Normal value,0,Units,2,Two
DATAFLOW,OECD.CFE.EDS:DSD_REG_DEMO@DF_DENSITY(2.0),Population density - Regions,I,A,Annual,CTRY,Country,ROU,Romania,_Z,Not applicable,POP,Population,_T,Total,_T,Total,PS_KM2,Persons per square kilometer,2001,,95.75,,ROU,Romania,A,Normal value,0,Units,2,Two
DATAFLOW,OECD.CFE.EDS:DSD_REG_DEMO@DF_DENSITY(2.0),Population density - Regions,I,A,Annual,CTRY,Country,ROU,Romania,_Z,Not applicable,POP,Population,_T,Total,_T,Total,PS_KM2,Persons per square kilometer,1994,,97.1,,ROU,Romania,A,Normal value,0,Units,2,Two
DATAFLOW,OECD.CFE.EDS:DSD_REG_DEMO@DF_DENSITY(2.0),Population density - Regions,I,A,Annual,CTRY,Country,ROU,Romania,_Z,Not applicable,POP,Population,_T,Total,_T,Total,PS_KM2,Persons per square kilometer,1993,,97.23,,ROU,Romania,A,Normal value,0,Units,2,Two
DATAFLOW,OECD.CFE.EDS:DSD_REG_DEMO@DF_DENSITY(2.0),Population density - Regions,I,A,Annual,CTRY,Country,ROU,Romania,_Z,Not applicable,POP,Population,_T,Total,_T,Total,PS_KM2,Persons per square kilometer,2016,,84.35,,ROU,Romania,A,Normal value,0,Units,2,Two
DATAFLOW,OECD.CFE.EDS:DSD_REG_DEMO@DF_DENSITY(2.0),Population density - Regions,I,A,Annual,CTRY,Country,ROU,Romania,_Z,Not applicable,POP,Population,_T,Total,_T,Total,PS_KM2,Persons per square kilometer,2015,,84.82,,ROU,Romania,A,Normal value,0,Units,2,Two
DATAFLOW,OECD.CFE.EDS:DSD_REG_DEMO@DF_DENSITY(2.0),Population density - Regions,I,A,Annual,CTRY,Country,ROU,Romania,_Z,Not applicable,POP,Population,_T,Total,_T,Total,PS_KM2,Persons per square kilometer,2014,,85.15,,ROU,Romania,A,Normal value,0,Units,2,Two
DATAFLOW,OECD.CFE.EDS:DSD_REG_DEMO@DF_DENSITY(2.0),Population density - Regions,I,A,Annual,CTRY,Country,ROU,Romania,_Z,Not applicable,POP,Population,_T,Total,_T,Total,PS_KM2,Persons per square kilometer,2013,,85.46,,ROU,Romania,A,Normal value,0,Units,2,Two
DATAFLOW,OECD.CFE.EDS:DSD_REG_DEMO@DF_DENSITY(2.0),Population density - Regions,I,A,Annual,CTRY,Country,ROU,Romania,_Z,Not applicable,POP,Population,_T,Total,_T,Total,PS_KM2,Persons per square kilometer,2002,,93.2,,ROU,Romania,A,Normal value,0,Units,2,Two
DATAFLOW,OECD.CFE.EDS:DSD_REG_DEMO@DF_DENSITY(2.0),Population density - Regions,I,A,Annual,CTRY,Country,ROU,Romania,_Z,Not applicable,POP,Population,_T,Total,_T,Total,PS_KM2,Persons per square kilometer,1996,,96.71,,ROU,Romania,A,Normal value,0,Units,2,Two
DATAFLOW,OECD.CFE.EDS:DSD_REG_DEMO@DF_DENSITY(2.0),Population density - Regions,I,A,Annual,CTRY,Country,ROU,Romania,_Z,Not applicable,POP,Population,_T,Total,_T,Total,PS_KM2,Persons per square kilometer,2009,,87.25,,ROU,Romania,A,Normal value,0,Units,2,Two
DATAFLOW,OECD.CFE.EDS:DSD_REG_DEMO@DF_DENSITY(2.0),Population density - Regions,I,A,Annual,CTRY,Country,ROU,Romania,_Z,Not applicable,POP,Population,_T,Total,_T,Total,PS_KM2,Persons per square kilometer,2008,,88.08,,ROU,Romania,A,Normal value,0,Units,2,Two
DATAFLOW,OECD.CFE.EDS:DSD_REG_DEMO@DF_DENSITY(2.0),Population density - Regions,I,A,Annual,CTRY,Country,ROU,Romania,_Z,Not applicable,POP,Population,_T,Total,_T,Total,PS_KM2,Persons per square kilometer,2007,,90.2,,ROU,Romania,A,Normal value,0,Units,2,Two
DATAFLOW,OECD.CFE.EDS:DSD_REG_DEMO@DF_DENSITY(2.0),Population density - Regions,I,A,Annual,CTRY,Country,ROU,Romania,_Z,Not applicable,POP,Population,_T,Total,_T,Total,PS_KM2,Persons per square kilometer,1990,,99.08,,ROU,Romania,A,Normal value,0,Units,2,Two
DATAFLOW,OECD.CFE.EDS:DSD_REG_DEMO@DF_DENSITY(2.0),Population density - Regions,I,A,Annual,CTRY,Country,ROU,Romania,_Z,Not applicable,POP,Population,_T,Total,_T,Total,PS_KM2,Persons per square kilometer,2004,,91.86,,ROU,Romania,A,Normal value,0,Units,2,Two
DATAFLOW,OECD.CFE.EDS:DSD_REG_DEMO@DF_DENSITY(2.0),Population density - Regions,I,A,Annual,CTRY,Country,ROU,Romania,_Z,Not applicable,POP,Population,_T,Total,_T,Total,PS_KM2,Persons per square kilometer,2003,,92.32,,ROU,Romania,A,Normal value,0,Units,2,Two
DATAFLOW,OECD.CFE.EDS:DSD_REG_DEMO@DF_DENSITY(2.0),Population density - Regions,I,A,Annual,CTRY,Country,ROU,Romania,_Z,Not applicable,POP,Population,_T,Total,_T,Total,PS_KM2,Persons per square kilometer,1995,,96.95,,ROU,Romania,A,Normal value,0,Units,2,Two
DATAFLOW,OECD.CFE.EDS:DSD_REG_DEMO@DF_DENSITY(2.0),Population density - Regions,I,A,Annual,CTRY,Country,ROU,Romania,_Z,Not applicable,POP,Population,_T,Total,_T,Total,PS_KM2,Persons per square kilometer,2018,,83.38,,ROU,Romania,A,Normal value,0,Units,2,Two
DATAFLOW,OECD.CFE.EDS:DSD_REG_DEMO@DF_DENSITY(2.0),Population density - Regions,I,A,Annual,CTRY,Country,ROU,Romania,_Z,Not applicable,POP,Population,_T,Total,_T,Total,PS_KM2,Persons per square kilometer,2017,,83.85,,ROU,Romania,A,Normal value,0,Units,2,Two
DATAFLOW,OECD.CFE.EDS:DSD_REG_DEMO@DF_DENSITY(2.0),Population density - Regions,I,A,Annual,CTRY,Country,ROU,Romania,_Z,Not applicable,POP,Population,_T,Total,_T,Total,PS_KM2,Persons per square kilometer,2019,,82.87,,ROU,Romania,A,Normal value,0,Units,2,Two
DATAFLOW,OECD.CFE.EDS:DSD_REG_DEMO@DF_DENSITY(2.0),Population density - Regions,I,A,Annual,CTRY,Country,ROU,Romania,_Z,Not applicable,POP,Population,_T,Total,_T,Total,PS_KM2,Persons per square kilometer,2005,,91.27,,ROU,Romania,A,Normal value,0,Units,2,Two
DATAFLOW,OECD.CFE.EDS:DSD_REG_DEMO@DF_DENSITY(2.0),Population density - Regions,I,A,Annual,CTRY,Country,ROU,Romania,_Z,Not applicable,POP,Population,_T,Total,_T,Total,PS_KM2,Persons per square kilometer,2012,,85.78,,ROU,Romania,B,Time series break,0,Units,2,Two
DATAFLOW,OECD.CFE.EDS:DSD_REG_DEMO@DF_DENSITY(2.0),Population density - Regions,I,A,Annual,CTRY,Country,ROU,Romania,_Z,Not applicable,POP,Population,_T,Total,_T,Total,PS_KM2,Persons per square kilometer,2023,,81.34,,ROU,Romania,E,Estimated value,0,Units,2,Two
DATAFLOW,OECD.CFE.EDS:DSD_REG_DEMO@DF_DENSITY(2.0),Population density - Regions,I,A,Annual,CTRY,Country,ROU,Romania,_Z,Not applicable,POP,Population,_T,Total,_T,Total,PS_KM2,Persons per square kilometer,2022,,81.28,,ROU,Romania,E,Estimated value,0,Units,2,Two
DATAFLOW,OECD.CFE.EDS:DSD_REG_DEMO@DF_DENSITY(2.0),Population density - Regions,I,A,Annual,CTRY,Country,ROU,Romania,_Z,Not applicable,POP,Population,_T,Total,_T,Total,PS_KM2,Persons per square kilometer,2020,,82.51,,ROU,Romania,E,Estimated value,0,Units,2,Two
DATAFLOW,OECD.CFE.EDS:DSD_REG_DEMO@DF_DENSITY(2.0),Population density - Regions,I,A,Annual,CTRY,Country,ROU,Romania,_Z,Not applicable,POP,Population,_T,Total,_T,Total,PS_KM2,Persons per square kilometer,2011,,86.22,,ROU,Romania,A,Normal value,0,Units,2,Two
DATAFLOW,OECD.CFE.EDS:DSD_REG_DEMO@DF_DENSITY(2.0),Population density - Regions,I,A,Annual,CTRY,Country,ROU,Romania,_Z,Not applicable,POP,Population,_T,Total,_T,Total,PS_KM2,Persons per square kilometer,2000,,95.85,,ROU,Romania,A,Normal value,0,Units,2,Two
DATAFLOW,OECD.CFE.EDS:DSD_REG_DEMO@DF_DENSITY(2.0),Population density - Regions,I,A,Annual,CTRY,Country,ROU,Romania,_Z,Not applicable,POP,Population,_T,Total,_T,Total,PS_KM2,Persons per square kilometer,1999,,95.99,,ROU,Romania,A,Normal value,0,Units,2,Two
DATAFLOW,OECD.CFE.EDS:DSD_REG_DEMO@DF_DENSITY(2.0),Population density - Regions,I,A,Annual,CTRY,Country,RUS,Russia,_Z,Not applicable,POP,Population,_T,Total,_T,Total,PS_KM2,Persons per square kilometer,2005,,7.85,,RUS,Russia,A,Normal value,0,Units,2,Two
DATAFLOW,OECD.CFE.EDS:DSD_REG_DEMO@DF_DENSITY(2.0),Population density - Regions,I,A,Annual,CTRY,Country,RUS,Russia,_Z,Not applicable,POP,Population,_T,Total,_T,Total,PS_KM2,Persons per square kilometer,2020,,7.89,,RUS,Russia,A,Normal value,0,Units,2,Two
DATAFLOW,OECD.CFE.EDS:DSD_REG_DEMO@DF_DENSITY(2.0),Population density - Regions,I,A,Annual,CTRY,Country,RUS,Russia,_Z,Not applicable,POP,Population,_T,Total,_T,Total,PS_KM2,Persons per square kilometer,1992,,8.09,,RUS,Russia,A,Normal value,0,Units,2,Two
DATAFLOW,OECD.CFE.EDS:DSD_REG_DEMO@DF_DENSITY(2.0),Population density - Regions,I,A,Annual,CTRY,Country,RUS,Russia,_Z,Not applicable,POP,Population,_T,Total,_T,Total,PS_KM2,Persons per square kilometer,1991,,8.08,,RUS,Russia,A,Normal value,0,Units,2,Two
DATAFLOW,OECD.CFE.EDS:DSD_REG_DEMO@DF_DENSITY(2.0),Population density - Regions,I,A,Annual,CTRY,Country,RUS,Russia,_Z,Not applicable,POP,Population,_T,Total,_T,Total,PS_KM2,Persons per square kilometer,2001,,7.98,,RUS,Russia,A,Normal value,0,Units,2,Two
DATAFLOW,OECD.CFE.EDS:DSD_REG_DEMO@DF_DENSITY(2.0),Population density - Regions,I,A,Annual,CTRY,Country,RUS,Russia,_Z,Not applicable,POP,Population,_T,Total,_T,Total,PS_KM2,Persons per square kilometer,1995,,8.09,,RUS,Russia,A,Normal value,0,Units,2,Two
DATAFLOW,OECD.CFE.EDS:DSD_REG_DEMO@DF_DENSITY(2.0),Population density - Regions,I,A,Annual,CTRY,Country,RUS,Russia,_Z,Not applicable,POP,Population,_T,Total,_T,Total,PS_KM2,Persons per square kilometer,1994,,8.08,,RUS,Russia,A,Normal value,0,Units,2,Two
DATAFLOW,OECD.CFE.EDS:DSD_REG_DEMO@DF_DENSITY(2.0),Population density - Regions,I,A,Annual,CTRY,Country,RUS,Russia,_Z,Not applicable,POP,Population,_T,Total,_T,Total,PS_KM2,Persons per square kilometer,1996,,8.08,,RUS,Russia,A,Normal value,0,Units,2,Two
DATAFLOW,OECD.CFE.EDS:DSD_REG_DEMO@DF_DENSITY(2.0),Population density - Regions,I,A,Annual,CTRY,Country,RUS,Russia,_Z,Not applicable,POP,Population,_T,Total,_T,Total,PS_KM2,Persons per square kilometer,2015,,7.87,,RUS,Russia,A,Normal value,0,Units,2,Two
DATAFLOW,OECD.CFE.EDS:DSD_REG_DEMO@DF_DENSITY(2.0),Population density - Regions,I,A,Annual,CTRY,Country,RUS,Russia,_Z,Not applicable,POP,Population,_T,Total,_T,Total,PS_KM2,Persons per square kilometer,2014,,7.85,,RUS,Russia,A,Normal value,0,Units,2,Two
DATAFLOW,OECD.CFE.EDS:DSD_REG_DEMO@DF_DENSITY(2.0),Population density - Regions,I,A,Annual,CTRY,Country,RUS,Russia,_Z,Not applicable,POP,Population,_T,Total,_T,Total,PS_KM2,Persons per square kilometer,2009,,7.79,,RUS,Russia,A,Normal value,0,Units,2,Two
DATAFLOW,OECD.CFE.EDS:DSD_REG_DEMO@DF_DENSITY(2.0),Population density - Regions,I,A,Annual,CTRY,Country,RUS,Russia,_Z,Not applicable,POP,Population,_T,Total,_T,Total,PS_KM2,Persons per square kilometer,2008,,7.79,,RUS,Russia,A,Normal value,0,Units,2,Two
DATAFLOW,OECD.CFE.EDS:DSD_REG_DEMO@DF_DENSITY(2.0),Population density - Regions,I,A,Annual,CTRY,Country,RUS,Russia,_Z,Not applicable,POP,Population,_T,Total,_T,Total,PS_KM2,Persons per square kilometer,1993,,8.09,,RUS,Russia,A,Normal value,0,Units,2,Two
DATAFLOW,OECD.CFE.EDS:DSD_REG_DEMO@DF_DENSITY(2.0),Population density - Regions,I,A,Annual,CTRY,Country,RUS,Russia,_Z,Not applicable,POP,Population,_T,Total,_T,Total,PS_KM2,Persons per square kilometer,2004,,7.88,,RUS,Russia,A,Normal value,0,Units,2,Two
DATAFLOW,OECD.CFE.EDS:DSD_REG_DEMO@DF_DENSITY(2.0),Population density - Regions,I,A,Annual,CTRY,Country,RUS,Russia,_Z,Not applicable,POP,Population,_T,Total,_T,Total,PS_KM2,Persons per square kilometer,2003,,7.91,,RUS,Russia,A,Normal value,0,Units,2,Two
DATAFLOW,OECD.CFE.EDS:DSD_REG_DEMO@DF_DENSITY(2.0),Population density - Regions,I,A,Annual,CTRY,Country,RUS,Russia,_Z,Not applicable,POP,Population,_T,Total,_T,Total,PS_KM2,Persons per square kilometer,2002,,7.94,,RUS,Russia,A,Normal value,0,Units,2,Two
DATAFLOW,OECD.CFE.EDS:DSD_REG_DEMO@DF_DENSITY(2.0),Population density - Regions,I,A,Annual,CTRY,Country,RUS,Russia,_Z,Not applicable,POP,Population,_T,Total,_T,Total,PS_KM2,Persons per square kilometer,2000,,8.01,,RUS,Russia,A,Normal value,0,Units,2,Two
DATAFLOW,OECD.CFE.EDS:DSD_REG_DEMO@DF_DENSITY(2.0),Population density - Regions,I,A,Annual,CTRY,Country,RUS,Russia,_Z,Not applicable,POP,Population,_T,Total,_T,Total,PS_KM2,Persons per square kilometer,1990,,8.05,,RUS,Russia,A,Normal value,0,Units,2,Two
DATAFLOW,OECD.CFE.EDS:DSD_REG_DEMO@DF_DENSITY(2.0),Population density - Regions,I,A,Annual,CTRY,Country,RUS,Russia,_Z,Not applicable,POP,Population,_T,Total,_T,Total,PS_KM2,Persons per square kilometer,1999,,8.04,,RUS,Russia,A,Normal value,0,Units,2,Two
DATAFLOW,OECD.CFE.EDS:DSD_REG_DEMO@DF_DENSITY(2.0),Population density - Regions,I,A,Annual,CTRY,Country,RUS,Russia,_Z,Not applicable,POP,Population,_T,Total,_T,Total,PS_KM2,Persons per square kilometer,1998,,8.06,,RUS,Russia,A,Normal value,0,Units,2,Two
DATAFLOW,OECD.CFE.EDS:DSD_REG_DEMO@DF_DENSITY(2.0),Population density - Regions,I,A,Annual,CTRY,Country,RUS,Russia,_Z,Not applicable,POP,Population,_T,Total,_T,Total,PS_KM2,Persons per square kilometer,1997,,8.07,,RUS,Russia,A,Normal value,0,Units,2,Two
DATAFLOW,OECD.CFE.EDS:DSD_REG_DEMO@DF_DENSITY(2.0),Population density - Regions,I,A,Annual,CTRY,Country,RUS,Russia,_Z,Not applicable,POP,Population,_T,Total,_T,Total,PS_KM2,Persons per square kilometer,2006,,7.82,,RUS,Russia,A,Normal value,0,Units,2,Two
DATAFLOW,OECD.CFE.EDS:DSD_REG_DEMO@DF_DENSITY(2.0),Population density - Regions,I,A,Annual,CTRY,Country,RUS,Russia,_Z,Not applicable,POP,Population,_T,Total,_T,Total,PS_KM2,Persons per square kilometer,2012,,7.82,,RUS,Russia,A,Normal value,0,Units,2,Two
DATAFLOW,OECD.CFE.EDS:DSD_REG_DEMO@DF_DENSITY(2.0),Population density - Regions,I,A,Annual,CTRY,Country,RUS,Russia,_Z,Not applicable,POP,Population,_T,Total,_T,Total,PS_KM2,Persons per square kilometer,2019,,7.89,,RUS,Russia,A,Normal value,0,Units,2,Two
DATAFLOW,OECD.CFE.EDS:DSD_REG_DEMO@DF_DENSITY(2.0),Population density - Regions,I,A,Annual,CTRY,Country,RUS,Russia,_Z,Not applicable,POP,Population,_T,Total,_T,Total,PS_KM2,Persons per square kilometer,2017,,7.9,,RUS,Russia,A,Normal value,0,Units,2,Two
DATAFLOW,OECD.CFE.EDS:DSD_REG_DEMO@DF_DENSITY(2.0),Population density - Regions,I,A,Annual,CTRY,Country,RUS,Russia,_Z,Not applicable,POP,Population,_T,Total,_T,Total,PS_KM2,Persons per square kilometer,2016,,7.88,,RUS,Russia,A,Normal value,0,Units,2,Two
DATAFLOW,OECD.CFE.EDS:DSD_REG_DEMO@DF_DENSITY(2.0),Population density - Regions,I,A,Annual,CTRY,Country,RUS,Russia,_Z,Not applicable,POP,Population,_T,Total,_T,Total,PS_KM2,Persons per square kilometer,2013,,7.83,,RUS,Russia,A,Normal value,0,Units,2,Two
DATAFLOW,OECD.CFE.EDS:DSD_REG_DEMO@DF_DENSITY(2.0),Population density - Regions,I,A,Annual,CTRY,Country,RUS,Russia,_Z,Not applicable,POP,Population,_T,Total,_T,Total,PS_KM2,Persons per square kilometer,2011,,7.8,,RUS,Russia,A,Normal value,0,Units,2,Two
DATAFLOW,OECD.CFE.EDS:DSD_REG_DEMO@DF_DENSITY(2.0),Population density - Regions,I,A,Annual,CTRY,Country,RUS,Russia,_Z,Not applicable,POP,Population,_T,Total,_T,Total,PS_KM2,Persons per square kilometer,2010,,7.8,,RUS,Russia,A,Normal value,0,Units,2,Two
DATAFLOW,OECD.CFE.EDS:DSD_REG_DEMO@DF_DENSITY(2.0),Population density - Regions,I,A,Annual,CTRY,Country,RUS,Russia,_Z,Not applicable,POP,Population,_T,Total,_T,Total,PS_KM2,Persons per square kilometer,2018,,7.9,,RUS,Russia,A,Normal value,0,Units,2,Two
DATAFLOW,OECD.CFE.EDS:DSD_REG_DEMO@DF_DENSITY(2.0),Population density - Regions,I,A,Annual,CTRY,Country,ZAF,South Africa,_Z,Not applicable,POP,Population,_T,Total,_T,Total,PS_KM2,Persons per square kilometer,2013,,44.01,,ZAF,South Africa,A,Normal value,0,Units,2,Two
DATAFLOW,OECD.CFE.EDS:DSD_REG_DEMO@DF_DENSITY(2.0),Population density - Regions,I,A,Annual,CTRY,Country,ZAF,South Africa,_Z,Not applicable,POP,Population,_T,Total,_T,Total,PS_KM2,Persons per square kilometer,2010,,42.03,,ZAF,South Africa,A,Normal value,0,Units,2,Two
DATAFLOW,OECD.CFE.EDS:DSD_REG_DEMO@DF_DENSITY(2.0),Population density - Regions,I,A,Annual,CTRY,Country,ZAF,South Africa,_Z,Not applicable,POP,Population,_T,Total,_T,Total,PS_KM2,Persons per square kilometer,2009,,41.39,,ZAF,South Africa,A,Normal value,0,Units,2,Two
DATAFLOW,OECD.CFE.EDS:DSD_REG_DEMO@DF_DENSITY(2.0),Population density - Regions,I,A,Annual,CTRY,Country,ZAF,South Africa,_Z,Not applicable,POP,Population,_T,Total,_T,Total,PS_KM2,Persons per square kilometer,2008,,40.77,,ZAF,South Africa,A,Normal value,0,Units,2,Two
DATAFLOW,OECD.CFE.EDS:DSD_REG_DEMO@DF_DENSITY(2.0),Population density - Regions,I,A,Annual,CTRY,Country,ZAF,South Africa,_Z,Not applicable,POP,Population,_T,Total,_T,Total,PS_KM2,Persons per square kilometer,2007,,40.2,,ZAF,South Africa,A,Normal value,0,Units,2,Two
DATAFLOW,OECD.CFE.EDS:DSD_REG_DEMO@DF_DENSITY(2.0),Population density - Regions,I,A,Annual,CTRY,Country,ZAF,South Africa,_Z,Not applicable,POP,Population,_T,Total,_T,Total,PS_KM2,Persons per square kilometer,2004,,38.74,,ZAF,South Africa,A,Normal value,0,Units,2,Two
DATAFLOW,OECD.CFE.EDS:DSD_REG_DEMO@DF_DENSITY(2.0),Population density - Regions,I,A,Annual,CTRY,Country,ZAF,South Africa,_Z,Not applicable,POP,Population,_T,Total,_T,Total,PS_KM2,Persons per square kilometer,2003,,38.33,,ZAF,South Africa,A,Normal value,0,Units,2,Two
DATAFLOW,OECD.CFE.EDS:DSD_REG_DEMO@DF_DENSITY(2.0),Population density - Regions,I,A,Annual,CTRY,Country,ZAF,South Africa,_Z,Not applicable,POP,Population,_T,Total,_T,Total,PS_KM2,Persons per square kilometer,2002,,37.96,,ZAF,South Africa,A,Normal value,0,Units,2,Two
DATAFLOW,OECD.CFE.EDS:DSD_REG_DEMO@DF_DENSITY(2.0),Population density - Regions,I,A,Annual,CTRY,Country,ZAF,South Africa,_Z,Not applicable,POP,Population,_T,Total,_T,Total,PS_KM2,Persons per square kilometer,2018,,47.44,,ZAF,South Africa,A,Normal value,0,Units,2,Two
DATAFLOW,OECD.CFE.EDS:DSD_REG_DEMO@DF_DENSITY(2.0),Population density - Regions,I,A,Annual,CTRY,Country,ZAF,South Africa,_Z,Not applicable,POP,Population,_T,Total,_T,Total,PS_KM2,Persons per square kilometer,2017,,46.75,,ZAF,South Africa,A,Normal value,0,Units,2,Two
DATAFLOW,OECD.CFE.EDS:DSD_REG_DEMO@DF_DENSITY(2.0),Population density - Regions,I,A,Annual,CTRY,Country,ZAF,South Africa,_Z,Not applicable,POP,Population,_T,Total,_T,Total,PS_KM2,Persons per square kilometer,2006,,39.67,,ZAF,South Africa,A,Normal value,0,Units,2,Two
DATAFLOW,OECD.CFE.EDS:DSD_REG_DEMO@DF_DENSITY(2.0),Population density - Regions,I,A,Annual,CTRY,Country,ZAF,South Africa,_Z,Not applicable,POP,Population,_T,Total,_T,Total,PS_KM2,Persons per square kilometer,2005,,39.19,,ZAF,South Africa,A,Normal value,0,Units,2,Two
DATAFLOW,OECD.CFE.EDS:DSD_REG_DEMO@DF_DENSITY(2.0),Population density - Regions,I,A,Annual,CTRY,Country,ZAF,South Africa,_Z,Not applicable,POP,Population,_T,Total,_T,Total,PS_KM2,Persons per square kilometer,2012,,43.34,,ZAF,South Africa,A,Normal value,0,Units,2,Two
DATAFLOW,OECD.CFE.EDS:DSD_REG_DEMO@DF_DENSITY(2.0),Population density - Regions,I,A,Annual,CTRY,Country,ZAF,South Africa,_Z,Not applicable,POP,Population,_T,Total,_T,Total,PS_KM2,Persons per square kilometer,2011,,42.69,,ZAF,South Africa,A,Normal value,0,Units,2,Two
DATAFLOW,OECD.CFE.EDS:DSD_REG_DEMO@DF_DENSITY(2.0),Population density - Regions,I,A,Annual,CTRY,Country,ZAF,South Africa,_Z,Not applicable,POP,Population,_T,Total,_T,Total,PS_KM2,Persons per square kilometer,2022,,49.63,,ZAF,South Africa,A,Normal value,0,Units,2,Two
DATAFLOW,OECD.CFE.EDS:DSD_REG_DEMO@DF_DENSITY(2.0),Population density - Regions,I,A,Annual,CTRY,Country,ZAF,South Africa,_Z,Not applicable,POP,Population,_T,Total,_T,Total,PS_KM2,Persons per square kilometer,2019,,48.13,,ZAF,South Africa,A,Normal value,0,Units,2,Two
DATAFLOW,OECD.CFE.EDS:DSD_REG_DEMO@DF_DENSITY(2.0),Population density - Regions,I,A,Annual,CTRY,Country,ZAF,South Africa,_Z,Not applicable,POP,Population,_T,Total,_T,Total,PS_KM2,Persons per square kilometer,2016,,46.06,,ZAF,South Africa,A,Normal value,0,Units,2,Two
DATAFLOW,OECD.CFE.EDS:DSD_REG_DEMO@DF_DENSITY(2.0),Population density - Regions,I,A,Annual,CTRY,Country,ZAF,South Africa,_Z,Not applicable,POP,Population,_T,Total,_T,Total,PS_KM2,Persons per square kilometer,2015,,45.37,,ZAF,South Africa,A,Normal value,0,Units,2,Two
DATAFLOW,OECD.CFE.EDS:DSD_REG_DEMO@DF_DENSITY(2.0),Population density - Regions,I,A,Annual,CTRY,Country,TUN,Tunisia,_Z,Not applicable,POP,Population,_T,Total,_T,Total,PS_KM2,Persons per square kilometer,2012,,69.71,,TUN,Tunisia,A,Normal value,0,Units,2,Two
DATAFLOW,OECD.CFE.EDS:DSD_REG_DEMO@DF_DENSITY(2.0),Population density - Regions,I,A,Annual,CTRY,Country,TUN,Tunisia,_Z,Not applicable,POP,Population,_T,Total,_T,Total,PS_KM2,Persons per square kilometer,2011,,69,,TUN,Tunisia,A,Normal value,0,Units,2,Two
DATAFLOW,OECD.CFE.EDS:DSD_REG_DEMO@DF_DENSITY(2.0),Population density - Regions,I,A,Annual,CTRY,Country,TUN,Tunisia,_Z,Not applicable,POP,Population,_T,Total,_T,Total,PS_KM2,Persons per square kilometer,2007,,66.1,,TUN,Tunisia,A,Normal value,0,Units,2,Two
DATAFLOW,OECD.CFE.EDS:DSD_REG_DEMO@DF_DENSITY(2.0),Population density - Regions,I,A,Annual,CTRY,Country,TUN,Tunisia,_Z,Not applicable,POP,Population,_T,Total,_T,Total,PS_KM2,Persons per square kilometer,2006,,65.47,,TUN,Tunisia,A,Normal value,0,Units,2,Two
DATAFLOW,OECD.CFE.EDS:DSD_REG_DEMO@DF_DENSITY(2.0),Population density - Regions,I,A,Annual,CTRY,Country,TUN,Tunisia,_Z,Not applicable,POP,Population,_T,Total,_T,Total,PS_KM2,Persons per square kilometer,1993,,55.41,,TUN,Tunisia,A,Normal value,0,Units,2,Two
DATAFLOW,OECD.CFE.EDS:DSD_REG_DEMO@DF_DENSITY(2.0),Population density - Regions,I,A,Annual,CTRY,Country,TUN,Tunisia,_Z,Not applicable,POP,Population,_T,Total,_T,Total,PS_KM2,Persons per square kilometer,2001,,62.38,,TUN,Tunisia,A,Normal value,0,Units,2,Two
DATAFLOW,OECD.CFE.EDS:DSD_REG_DEMO@DF_DENSITY(2.0),Population density - Regions,I,A,Annual,CTRY,Country,TUN,Tunisia,_Z,Not applicable,POP,Population,_T,Total,_T,Total,PS_KM2,Persons per square kilometer,1995,,57.9,,TUN,Tunisia,A,Normal value,0,Units,2,Two
DATAFLOW,OECD.CFE.EDS:DSD_REG_DEMO@DF_DENSITY(2.0),Population density - Regions,I,A,Annual,CTRY,Country,TUN,Tunisia,_Z,Not applicable,POP,Population,_T,Total,_T,Total,PS_KM2,Persons per square kilometer,1994,,56.79,,TUN,Tunisia,A,Normal value,0,Units,2,Two
DATAFLOW,OECD.CFE.EDS:DSD_REG_DEMO@DF_DENSITY(2.0),Population density - Regions,I,A,Annual,CTRY,Country,TUN,Tunisia,_Z,Not applicable,POP,Population,_T,Total,_T,Total,PS_KM2,Persons per square kilometer,2010,,68.3,,TUN,Tunisia,A,Normal value,0,Units,2,Two
DATAFLOW,OECD.CFE.EDS:DSD_REG_DEMO@DF_DENSITY(2.0),Population density - Regions,I,A,Annual,CTRY,Country,TUN,Tunisia,_Z,Not applicable,POP,Population,_T,Total,_T,Total,PS_KM2,Persons per square kilometer,2005,,64.83,,TUN,Tunisia,A,Normal value,0,Units,2,Two
DATAFLOW,OECD.CFE.EDS:DSD_REG_DEMO@DF_DENSITY(2.0),Population density - Regions,I,A,Annual,CTRY,Country,TUN,Tunisia,_Z,Not applicable,POP,Population,_T,Total,_T,Total,PS_KM2,Persons per square kilometer,2004,,64.2,,TUN,Tunisia,A,Normal value,0,Units,2,Two
DATAFLOW,OECD.CFE.EDS:DSD_REG_DEMO@DF_DENSITY(2.0),Population density - Regions,I,A,Annual,CTRY,Country,TUN,Tunisia,_Z,Not applicable,POP,Population,_T,Total,_T,Total,PS_KM2,Persons per square kilometer,2015,,72.15,,TUN,Tunisia,A,Normal value,0,Units,2,Two
DATAFLOW,OECD.CFE.EDS:DSD_REG_DEMO@DF_DENSITY(2.0),Population density - Regions,I,A,Annual,CTRY,Country,TUN,Tunisia,_Z,Not applicable,POP,Population,_T,Total,_T,Total,PS_KM2,Persons per square kilometer,2014,,71.18,,TUN,Tunisia,A,Normal value,0,Units,2,Two
DATAFLOW,OECD.CFE.EDS:DSD_REG_DEMO@DF_DENSITY(2.0),Population density - Regions,I,A,Annual,CTRY,Country,TUN,Tunisia,_Z,Not applicable,POP,Population,_T,Total,_T,Total,PS_KM2,Persons per square kilometer,2009,,67.6,,TUN,Tunisia,A,Normal value,0,Units,2,Two
DATAFLOW,OECD.CFE.EDS:DSD_REG_DEMO@DF_DENSITY(2.0),Population density - Regions,I,A,Annual,CTRY,Country,TUN,Tunisia,_Z,Not applicable,POP,Population,_T,Total,_T,Total,PS_KM2,Persons per square kilometer,2008,,66.76,,TUN,Tunisia,A,Normal value,0,Units,2,Two
DATAFLOW,OECD.CFE.EDS:DSD_REG_DEMO@DF_DENSITY(2.0),Population density - Regions,I,A,Annual,CTRY,Country,TUN,Tunisia,_Z,Not applicable,POP,Population,_T,Total,_T,Total,PS_KM2,Persons per square kilometer,2003,,63.6,,TUN,Tunisia,A,Normal value,0,Units,2,Two
DATAFLOW,OECD.CFE.EDS:DSD_REG_DEMO@DF_DENSITY(2.0),Population density - Regions,I,A,Annual,CTRY,Country,TUN,Tunisia,_Z,Not applicable,POP,Population,_T,Total,_T,Total,PS_KM2,Persons per square kilometer,2002,,63.02,,TUN,Tunisia,A,Normal value,0,Units,2,Two
DATAFLOW,OECD.CFE.EDS:DSD_REG_DEMO@DF_DENSITY(2.0),Population density - Regions,I,A,Annual,CTRY,Country,TUN,Tunisia,_Z,Not applicable,POP,Population,_T,Total,_T,Total,PS_KM2,Persons per square kilometer,2000,,61.75,,TUN,Tunisia,A,Normal value,0,Units,2,Two
DATAFLOW,OECD.CFE.EDS:DSD_REG_DEMO@DF_DENSITY(2.0),Population density - Regions,I,A,Annual,CTRY,Country,TUN,Tunisia,_Z,Not applicable,POP,Population,_T,Total,_T,Total,PS_KM2,Persons per square kilometer,1999,,61.12,,TUN,Tunisia,A,Normal value,0,Units,2,Two
DATAFLOW,OECD.CFE.EDS:DSD_REG_DEMO@DF_DENSITY(2.0),Population density - Regions,I,A,Annual,CTRY,Country,TUN,Tunisia,_Z,Not applicable,POP,Population,_T,Total,_T,Total,PS_KM2,Persons per square kilometer,1998,,60.33,,TUN,Tunisia,A,Normal value,0,Units,2,Two
DATAFLOW,OECD.CFE.EDS:DSD_REG_DEMO@DF_DENSITY(2.0),Population density - Regions,I,A,Annual,CTRY,Country,TUN,Tunisia,_Z,Not applicable,POP,Population,_T,Total,_T,Total,PS_KM2,Persons per square kilometer,1997,,59.56,,TUN,Tunisia,A,Normal value,0,Units,2,Two
DATAFLOW,OECD.CFE.EDS:DSD_REG_DEMO@DF_DENSITY(2.0),Population density - Regions,I,A,Annual,CTRY,Country,TUN,Tunisia,_Z,Not applicable,POP,Population,_T,Total,_T,Total,PS_KM2,Persons per square kilometer,1996,,58.75,,TUN,Tunisia,A,Normal value,0,Units,2,Two
DATAFLOW,OECD.CFE.EDS:DSD_REG_DEMO@DF_DENSITY(2.0),Population density - Regions,I,A,Annual,CTRY,Country,TUN,Tunisia,_Z,Not applicable,POP,Population,_T,Total,_T,Total,PS_KM2,Persons per square kilometer,2018,,74.67,,TUN,Tunisia,A,Normal value,0,Units,2,Two
DATAFLOW,OECD.CFE.EDS:DSD_REG_DEMO@DF_DENSITY(2.0),Population density - Regions,I,A,Annual,CTRY,Country,TUN,Tunisia,_Z,Not applicable,POP,Population,_T,Total,_T,Total,PS_KM2,Persons per square kilometer,2017,,73.92,,TUN,Tunisia,A,Normal value,0,Units,2,Two
DATAFLOW,OECD.CFE.EDS:DSD_REG_DEMO@DF_DENSITY(2.0),Population density - Regions,I,A,Annual,CTRY,Country,TUN,Tunisia,_Z,Not applicable,POP,Population,_T,Total,_T,Total,PS_KM2,Persons per square kilometer,2016,,73.07,,TUN,Tunisia,A,Normal value,0,Units,2,Two
DATAFLOW,OECD.CFE.EDS:DSD_REG_DEMO@DF_DENSITY(2.0),Population density - Regions,I,A,Annual,CTRY,Country,AUS,Australia,_Z,Not applicable,POP,Population,_T,Total,_T,Total,PS_KM2,Persons per square kilometer,2020,,3.33,,AUS,Australia,A,Normal value,0,Units,2,Two
DATAFLOW,OECD.CFE.EDS:DSD_REG_DEMO@DF_DENSITY(2.0),Population density - Regions,I,A,Annual,CTRY,Country,AUT,Austria,_Z,Not applicable,POP,Population,_T,Total,_T,Total,PS_KM2,Persons per square kilometer,2006,,100.03,,AUT,Austria,A,Normal value,0,Units,2,Two
DATAFLOW,OECD.CFE.EDS:DSD_REG_DEMO@DF_DENSITY(2.0),Population density - Regions,I,A,Annual,CTRY,Country,BEL,Belgium,_Z,Not applicable,POP,Population,_T,Total,_T,Total,PS_KM2,Persons per square kilometer,2022,,381.51,,BEL,Belgium,A,Normal value,0,Units,2,Two
DATAFLOW,OECD.CFE.EDS:DSD_REG_DEMO@DF_DENSITY(2.0),Population density - Regions,I,A,Annual,CTRY,Country,CAN,Canada,_Z,Not applicable,POP,Population,_T,Total,_T,Total,PS_KM2,Persons per square kilometer,2022,,4.34,,CAN,Canada,A,Normal value,0,Units,2,Two
DATAFLOW,OECD.CFE.EDS:DSD_REG_DEMO@DF_DENSITY(2.0),Population density - Regions,I,A,Annual,CTRY,Country,CHL,Chile,_Z,Not applicable,POP,Population,_T,Total,_T,Total,PS_KM2,Persons per square kilometer,2020,,26.19,,CHL,Chile,A,Normal value,0,Units,2,Two
DATAFLOW,OECD.CFE.EDS:DSD_REG_DEMO@DF_DENSITY(2.0),Population density - Regions,I,A,Annual,CTRY,Country,COL,Colombia,_Z,Not applicable,POP,Population,_T,Total,_T,Total,PS_KM2,Persons per square kilometer,2020,,44.15,,COL,Colombia,A,Normal value,0,Units,2,Two
DATAFLOW,OECD.CFE.EDS:DSD_REG_DEMO@DF_DENSITY(2.0),Population density - Regions,I,A,Annual,CTRY,Country,CRI,Costa Rica,_Z,Not applicable,POP,Population,_T,Total,_T,Total,PS_KM2,Persons per square kilometer,2019,,97.81,,CRI,Costa Rica,A,Normal value,0,Units,2,Two
DATAFLOW,OECD.CFE.EDS:DSD_REG_DEMO@DF_DENSITY(2.0),Population density - Regions,I,A,Annual,CTRY,Country,CZE,Czechia,_Z,Not applicable,POP,Population,_T,Total,_T,Total,PS_KM2,Persons per square kilometer,2020,,138.5,,CZE,Czechia,A,Normal value,0,Units,2,Two
DATAFLOW,OECD.CFE.EDS:DSD_REG_DEMO@DF_DENSITY(2.0),Population density - Regions,I,A,Annual,CTRY,Country,DNK,Denmark,_Z,Not applicable,POP,Population,_T,Total,_T,Total,PS_KM2,Persons per square kilometer,2022,,139.89,,DNK,Denmark,A,Normal value,0,Units,2,Two
DATAFLOW,OECD.CFE.EDS:DSD_REG_DEMO@DF_DENSITY(2.0),Population density - Regions,I,A,Annual,CTRY,Country,EST,Estonia,_Z,Not applicable,POP,Population,_T,Total,_T,Total,PS_KM2,Persons per square kilometer,2021,,30.85,,EST,Estonia,A,Normal value,0,Units,2,Two
DATAFLOW,OECD.CFE.EDS:DSD_REG_DEMO@DF_DENSITY(2.0),Population density - Regions,I,A,Annual,CTRY,Country,FIN,Finland,_Z,Not applicable,POP,Population,_T,Total,_T,Total,PS_KM2,Persons per square kilometer,2020,,18.16,,FIN,Finland,A,Normal value,0,Units,2,Two
DATAFLOW,OECD.CFE.EDS:DSD_REG_DEMO@DF_DENSITY(2.0),Population density - Regions,I,A,Annual,CTRY,Country,FRA,France,_Z,Not applicable,POP,Population,_T,Total,_T,Total,PS_KM2,Persons per square kilometer,2005,,99.03,,FRA,France,A,Normal value,0,Units,2,Two
DATAFLOW,OECD.CFE.EDS:DSD_REG_DEMO@DF_DENSITY(2.0),Population density - Regions,I,A,Annual,CTRY,Country,DEU,Germany,_Z,Not applicable,POP,Population,_T,Total,_T,Total,PS_KM2,Persons per square kilometer,2020,,235.4,,DEU,Germany,A,Normal value,0,Units,2,Two
DATAFLOW,OECD.CFE.EDS:DSD_REG_DEMO@DF_DENSITY(2.0),Population density - Regions,I,A,Annual,CTRY,Country,GRC,Greece,_Z,Not applicable,POP,Population,_T,Total,_T,Total,PS_KM2,Persons per square kilometer,2023,,80.08,,GRC,Greece,A,Normal value,0,Units,2,Two
DATAFLOW,OECD.CFE.EDS:DSD_REG_DEMO@DF_DENSITY(2.0),Population density - Regions,I,A,Annual,CTRY,Country,HUN,Hungary,_Z,Not applicable,POP,Population,_T,Total,_T,Total,PS_KM2,Persons per square kilometer,2012,,108.85,,HUN,Hungary,B,Time series break,0,Units,2,Two
DATAFLOW,OECD.CFE.EDS:DSD_REG_DEMO@DF_DENSITY(2.0),Population density - Regions,I,A,Annual,CTRY,Country,ISL,Iceland,_Z,Not applicable,POP,Population,_T,Total,_T,Total,PS_KM2,Persons per square kilometer,2005,,2.92,,ISL,Iceland,A,Normal value,0,Units,2,Two
DATAFLOW,OECD.CFE.EDS:DSD_REG_DEMO@DF_DENSITY(2.0),Population density - Regions,I,A,Annual,CTRY,Country,IRL,Ireland,_Z,Not applicable,POP,Population,_T,Total,_T,Total,PS_KM2,Persons per square kilometer,2011,,66.58,,IRL,Ireland,A,Normal value,0,Units,2,Two
DATAFLOW,OECD.CFE.EDS:DSD_REG_DEMO@DF_DENSITY(2.0),Population density - Regions,I,A,Annual,CTRY,Country,ISR,Israel,_Z,Not applicable,POP,Population,_T,Total,_T,Total,PS_KM2,Persons per square kilometer,2013,,353.14,,ISR,Israel,A,Normal value,0,Units,2,Two
DATAFLOW,OECD.CFE.EDS:DSD_REG_DEMO@DF_DENSITY(2.0),Population density - Regions,I,A,Annual,CTRY,Country,ITA,Italy,_Z,Not applicable,POP,Population,_T,Total,_T,Total,PS_KM2,Persons per square kilometer,2004,,193.44,,ITA,Italy,A,Normal value,0,Units,2,Two
DATAFLOW,OECD.CFE.EDS:DSD_REG_DEMO@DF_DENSITY(2.0),Population density - Regions,I,A,Annual,CTRY,Country,JPN,Japan,_Z,Not applicable,POP,Population,_T,Total,_T,Total,PS_KM2,Persons per square kilometer,2007,,342.06,,JPN,Japan,A,Normal value,0,Units,2,Two
DATAFLOW,OECD.CFE.EDS:DSD_REG_DEMO@DF_DENSITY(2.0),Population density - Regions,I,A,Annual,CTRY,Country,KOR,Korea,_Z,Not applicable,POP,Population,_T,Total,_T,Total,PS_KM2,Persons per square kilometer,2012,,512.24,,KOR,Korea,A,Normal value,0,Units,2,Two
DATAFLOW,OECD.CFE.EDS:DSD_REG_DEMO@DF_DENSITY(2.0),Population density - Regions,I,A,Annual,CTRY,Country,LVA,Latvia,_Z,Not applicable,POP,Population,_T,Total,_T,Total,PS_KM2,Persons per square kilometer,2020,,30.14,,LVA,Latvia,A,Normal value,0,Units,2,Two
DATAFLOW,OECD.CFE.EDS:DSD_REG_DEMO@DF_DENSITY(2.0),Population density - Regions,I,A,Annual,CTRY,Country,LTU,Lithuania,_Z,Not applicable,POP,Population,_T,Total,_T,Total,PS_KM2,Persons per square kilometer,2000,,56.06,,LTU,Lithuania,A,Normal value,0,Units,2,Two
DATAFLOW,OECD.CFE.EDS:DSD_REG_DEMO@DF_DENSITY(2.0),Population density - Regions,I,A,Annual,CTRY,Country,LUX,Luxembourg,_Z,Not applicable,POP,Population,_T,Total,_T,Total,PS_KM2,Persons per square kilometer,2022,,249.57,,LUX,Luxembourg,A,Normal value,0,Units,2,Two
DATAFLOW,OECD.CFE.EDS:DSD_REG_DEMO@DF_DENSITY(2.0),Population density - Regions,I,A,Annual,CTRY,Country,MEX,Mexico,_Z,Not applicable,POP,Population,_T,Total,_T,Total,PS_KM2,Persons per square kilometer,2003,,52.51,,MEX,Mexico,A,Normal value,0,Units,2,Two
DATAFLOW,OECD.CFE.EDS:DSD_REG_DEMO@DF_DENSITY(2.0),Population density - Regions,I,A,Annual,CTRY,Country,NLD,Netherlands,_Z,Not applicable,POP,Population,_T,Total,_T,Total,PS_KM2,Persons per square kilometer,2021,,511.16,,NLD,Netherlands,A,Normal value,0,Units,2,Two
DATAFLOW,OECD.CFE.EDS:DSD_REG_DEMO@DF_DENSITY(2.0),Population density - Regions,I,A,Annual,CTRY,Country,NZL,New Zealand,_Z,Not applicable,POP,Population,_T,Total,_T,Total,PS_KM2,Persons per square kilometer,2011,,16.55,,NZL,New Zealand,A,Normal value,0,Units,2,Two
DATAFLOW,OECD.CFE.EDS:DSD_REG_DEMO@DF_DENSITY(2.0),Population density - Regions,I,A,Annual,CTRY,Country,NOR,Norway,_Z,Not applicable,POP,Population,_T,Total,_T,Total,PS_KM2,Persons per square kilometer,2021,,14.8,,NOR,Norway,A,Normal value,0,Units,2,Two
DATAFLOW,OECD.CFE.EDS:DSD_REG_DEMO@DF_DENSITY(2.0),Population density - Regions,I,A,Annual,CTRY,Country,POL,Poland,_Z,Not applicable,POP,Population,_T,Total,_T,Total,PS_KM2,Persons per square kilometer,2011,,123.89,,POL,Poland,A,Normal value,0,Units,2,Two
DATAFLOW,OECD.CFE.EDS:DSD_REG_DEMO@DF_DENSITY(2.0),Population density - Regions,I,A,Annual,CTRY,Country,PRT,Portugal,_Z,Not applicable,POP,Population,_T,Total,_T,Total,PS_KM2,Persons per square kilometer,2005,,115.33,,PRT,Portugal,A,Normal value,0,Units,2,Two
DATAFLOW,OECD.CFE.EDS:DSD_REG_DEMO@DF_DENSITY(2.0),Population density - Regions,I,A,Annual,CTRY,Country,SVK,Slovak Republic,_Z,Not applicable,POP,Population,_T,Total,_T,Total,PS_KM2,Persons per square kilometer,2022,,111.59,,SVK,Slovak Republic,A,Normal value,0,Units,2,Two
DATAFLOW,OECD.CFE.EDS:DSD_REG_DEMO@DF_DENSITY(2.0),Population density - Regions,I,A,Annual,CTRY,Country,SVN,Slovenia,_Z,Not applicable,POP,Population,_T,Total,_T,Total,PS_KM2,Persons per square kilometer,2022,,104.6,,SVN,Slovenia,A,Normal value,0,Units,2,Two
DATAFLOW,OECD.CFE.EDS:DSD_REG_DEMO@DF_DENSITY(2.0),Population density - Regions,I,A,Annual,CTRY,Country,ESP,Spain,_Z,Not applicable,POP,Population,_T,Total,_T,Total,PS_KM2,Persons per square kilometer,2014,,92.5,,ESP,Spain,A,Normal value,0,Units,2,Two
DATAFLOW,OECD.CFE.EDS:DSD_REG_DEMO@DF_DENSITY(2.0),Population density - Regions,I,A,Annual,CTRY,Country,SWE,Sweden,_Z,Not applicable,POP,Population,_T,Total,_T,Total,PS_KM2,Persons per square kilometer,2020,,25.36,,SWE,Sweden,A,Normal value,0,Units,2,Two
DATAFLOW,OECD.CFE.EDS:DSD_REG_DEMO@DF_DENSITY(2.0),Population density - Regions,I,A,Annual,CTRY,Country,CHE,Switzerland,_Z,Not applicable,POP,Population,_T,Total,_T,Total,PS_KM2,Persons per square kilometer,2022,,219.24,,CHE,Switzerland,A,Normal value,0,Units,2,Two
DATAFLOW,OECD.CFE.EDS:DSD_REG_DEMO@DF_DENSITY(2.0),Population density - Regions,I,A,Annual,CTRY,Country,TUR,Türkiye,_Z,Not applicable,POP,Population,_T,Total,_T,Total,PS_KM2,Persons per square kilometer,2020,,108.49,,TUR,Türkiye,A,Normal value,0,Units,2,Two
DATAFLOW,OECD.CFE.EDS:DSD_REG_DEMO@DF_DENSITY(2.0),Population density - Regions,I,A,Annual,CTRY,Country,GBR,United Kingdom,_Z,Not applicable,POP,Population,_T,Total,_T,Total,PS_KM2,Persons per square kilometer,2005,,248.87,,GBR,United Kingdom,A,Normal value,0,Units,2,Two
DATAFLOW,OECD.CFE.EDS:DSD_REG_DEMO@DF_DENSITY(2.0),Population density - Regions,I,A,Annual,CTRY,Country,USA,United States,_Z,Not applicable,POP,Population,_T,Total,_T,Total,PS_KM2,Persons per square kilometer,2010,,33.76,,USA,United States,A,Normal value,0,Units,2,Two
DATAFLOW,OECD.CFE.EDS:DSD_REG_DEMO@DF_DENSITY(2.0),Population density - Regions,I,A,Annual,CTRY,Country,EU27_2020,EU-27,_Z,Not applicable,POP,Population,_T,Total,_T,Total,PS_KM2,Persons per square kilometer,2017,,108.35,,EU27_2020,European Union (27 countries from 01/02/2020),E,Estimated value,0,Units,2,Two
DATAFLOW,OECD.CFE.EDS:DSD_REG_DEMO@DF_DENSITY(2.0),Population density - Regions,I,A,Annual,CTRY,Country,ALB,Albania,_Z,Not applicable,POP,Population,_T,Total,_T,Total,PS_KM2,Persons per square kilometer,2010,,103.85,,ALB,Albania,A,Normal value,0,Units,2,Two
DATAFLOW,OECD.CFE.EDS:DSD_REG_DEMO@DF_DENSITY(2.0),Population density - Regions,I,A,Annual,CTRY,Country,BRA,Brazil,_Z,Not applicable,POP,Population,_T,Total,_T,Total,PS_KM2,Persons per square kilometer,2008,,22.5,,BRA,Brazil,A,Normal value,0,Units,2,Two
DATAFLOW,OECD.CFE.EDS:DSD_REG_DEMO@DF_DENSITY(2.0),Population density - Regions,I,A,Annual,CTRY,Country,BGR,Bulgaria,_Z,Not applicable,POP,Population,_T,Total,_T,Total,PS_KM2,Persons per square kilometer,2018,,61.43,,BGR,Bulgaria,A,Normal value,0,Units,2,Two
DATAFLOW,OECD.CFE.EDS:DSD_REG_DEMO@DF_DENSITY(2.0),Population density - Regions,I,A,Annual,CTRY,Country,CHN,China (People's Republic of),_Z,Not applicable,POP,Population,_T,Total,_T,Total,PS_KM2,Persons per square kilometer,2013,,143.02,,CHN,China (People’s Republic of),A,Normal value,0,Units,2,Two
DATAFLOW,OECD.CFE.EDS:DSD_REG_DEMO@DF_DENSITY(2.0),Population density - Regions,I,A,Annual,CTRY,Country,HRV,Croatia,_Z,Not applicable,POP,Population,_T,Total,_T,Total,PS_KM2,Persons per square kilometer,2019,,71,,HRV,Croatia,A,Normal value,0,Units,2,Two
DATAFLOW,OECD.CFE.EDS:DSD_REG_DEMO@DF_DENSITY(2.0),Population density - Regions,I,A,Annual,CTRY,Country,CYP,Cyprus,_Z,Not applicable,POP,Population,_T,Total,_T,Total,PS_KM2,Persons per square kilometer,2015,,93.44,,CYP,Cyprus,A,Normal value,0,Units,2,Two
DATAFLOW,OECD.CFE.EDS:DSD_REG_DEMO@DF_DENSITY(2.0),Population density - Regions,I,A,Annual,CTRY,Country,IND,India,_Z,Not applicable,POP,Population,_T,Total,_T,Total,PS_KM2,Persons per square kilometer,2021,,423.11,,IND,India,A,Normal value,0,Units,2,Two
DATAFLOW,OECD.CFE.EDS:DSD_REG_DEMO@DF_DENSITY(2.0),Population density - Regions,I,A,Annual,CTRY,Country,MLT,Malta,_Z,Not applicable,POP,Population,_T,Total,_T,Total,PS_KM2,Persons per square kilometer,2005,,1286.48,,MLT,Malta,A,Normal value,0,Units,2,Two
DATAFLOW,OECD.CFE.EDS:DSD_REG_DEMO@DF_DENSITY(2.0),Population density - Regions,I,A,Annual,CTRY,Country,MKD,North Macedonia,_Z,Not applicable,POP,Population,_T,Total,_T,Total,PS_KM2,Persons per square kilometer,2021,,83.1,,MKD,North Macedonia,A,Normal value,0,Units,2,Two
DATAFLOW,OECD.CFE.EDS:DSD_REG_DEMO@DF_DENSITY(2.0),Population density - Regions,I,A,Annual,CTRY,Country,PER,Peru,_Z,Not applicable,POP,Population,_T,Total,_T,Total,PS_KM2,Persons per square kilometer,2021,,25.7,,PER,Peru,A,Normal value,0,Units,2,Two
DATAFLOW,OECD.CFE.EDS:DSD_REG_DEMO@DF_DENSITY(2.0),Population density - Regions,I,A,Annual,CTRY,Country,ROU,Romania,_Z,Not applicable,POP,Population,_T,Total,_T,Total,PS_KM2,Persons per square kilometer,2010,,86.63,,ROU,Romania,A,Normal value,0,Units,2,Two
DATAFLOW,OECD.CFE.EDS:DSD_REG_DEMO@DF_DENSITY(2.0),Population density - Regions,I,A,Annual,CTRY,Country,RUS,Russia,_Z,Not applicable,POP,Population,_T,Total,_T,Total,PS_KM2,Persons per square kilometer,2007,,7.8,,RUS,Russia,A,Normal value,0,Units,2,Two
DATAFLOW,OECD.CFE.EDS:DSD_REG_DEMO@DF_DENSITY(2.0),Population density - Regions,I,A,Annual,CTRY,Country,ZAF,South Africa,_Z,Not applicable,POP,Population,_T,Total,_T,Total,PS_KM2,Persons per square kilometer,2014,,44.69,,ZAF,South Africa,A,Normal value,0,Units,2,Two
DATAFLOW,OECD.CFE.EDS:DSD_REG_DEMO@DF_DENSITY(2.0),Population density - Regions,I,A,Annual,CTRY,Country,TUN,Tunisia,_Z,Not applicable,POP,Population,_T,Total,_T,Total,PS_KM2,Persons per square kilometer,2013,,70.43,,TUN,Tunisia,A,Normal value,0,Units,2,Two
