STRUCTURE,STRUCTURE_ID,STRUCTURE_NAME,ACTION,FREQ,Frequency of observation,TERRITORIAL_LEVEL,Territorial level,REF_AREA,Reference area,TERRITORIAL_TYPE,Territorial typology,MEASURE,Measure,ACTIVITY,Economic activity,PRICES,Price base,UNIT_MEASURE,Unit of measure,TIME_PERIOD,Time period,OBS_VALUE,Observation value,COUNTRY,Country,OBS_STATUS,Observation status,REF_YEAR_PRICE,Price reference year,UNIT_MULT,Unit multiplier,DECIMALS,Decimals,CURRENCY,Currency
DATAFLOW,OECD.CFE.EDS:DSD_REG_ECO@DF_INC(2.0),Income - Regions,I,A,Annual,CTRY,Country,USA,United States,_Z,Not applicable,B6N,"Disposable income, net",_T,Total - all activities,Q,Constant prices,USD_PPP_PS,"US dollars per person, PPP converted",1990,,28248.7,,USA,United States,A,Normal value,2020,,0,Units,0,Zero,USD,US dollar
DATAFLOW,OECD.CFE.EDS:DSD_REG_ECO@DF_INC(2.0),Income - Regions,I,A,Annual,CTRY,Country,USA,United States,_Z,Not applicable,B5N,"Primary incomes, net",_T,Total - all activities,Q,Constant prices,USD_PPP_PS,"US dollars per person, PPP converted",1990,,28223,,USA,United States,A,Normal value,2020,,0,Units,0,Zero,USD,US dollar
DATAFLOW,OECD.CFE.EDS:DSD_REG_ECO@DF_INC(2.0),Income - Regions,I,A,Annual,CTRY,Country,USA,United States,_Z,Not applicable,B5N,"Primary incomes, net",_T,Total - all activities,Q,Constant prices,USD_PPP_PS,"US dollars per person, PPP converted",1991,,27478.2,,USA,United States,A,Normal value,2020,,0,Units,0,Zero,USD,US dollar
DATAFLOW,OECD.CFE.EDS:DSD_REG_ECO@DF_INC(2.0),Income - Regions,I,A,Annual,CTRY,Country,USA,United States,_Z,Not applicable,B6N,"Disposable income, net",_T,Total - all activities,Q,Constant prices,USD_PPP_PS,"US dollars per person, PPP converted",1991,,27982.8,,USA,United States,A,Normal value,2020,,0,Units,0,Zero,USD,US dollar
DATAFLOW,OECD.CFE.EDS:DSD_REG_ECO@DF_INC(2.0),Income - Regions,I,A,Annual,CTRY,Country,USA,United States,_Z,Not applicable,B6N,"Disposable income, net",_T,Total - all activities,Q,Constant prices,USD_PPP_PS,"US dollars per person, PPP converted",1992,,28745.1,,USA,United States,A,Normal value,2020,,0,Units,0,Zero,USD,US dollar
DATAFLOW,OECD.CFE.EDS:DSD_REG_ECO@DF_INC(2.0),Income - Regions,I,A,Annual,CTRY,Country,USA,United States,_Z,Not applicable,B5N,"Primary incomes, net",_T,Total - all activities,Q,Constant prices,USD_PPP_PS,"US dollars per person, PPP converted",1992,,27927.8,,USA,United States,A,Normal value,2020,,0,Units,0,Zero,USD,US dollar
DATAFLOW,OECD.CFE.EDS:DSD_REG_ECO@DF_INC(2.0),Income - Regions,I,A,Annual,CTRY,Country,USA,United States,_Z,Not applicable,B5N,"Primary incomes, net",_T,Total - all activities,Q,Constant prices,USD_PPP_PS,"US dollars per person, PPP converted",1993,,27959.1,,USA,United States,A,Normal value,2020,,0,Units,0,Zero,USD,US dollar
DATAFLOW,OECD.CFE.EDS:DSD_REG_ECO@DF_INC(2.0),Income - Regions,I,A,Annual,CTRY,Country,USA,United States,_Z,Not applicable,B6N,"Disposable income, net",_T,Total - all activities,Q,Constant prices,USD_PPP_PS,"US dollars per person, PPP converted",1993,,28796.2,,USA,United States,A,Normal value,2020,,0,Units,0,Zero,USD,US dollar
DATAFLOW,OECD.CFE.EDS:DSD_REG_ECO@DF_INC(2.0),Income - Regions,I,A,Annual,CTRY,Country,USA,United States,_Z,Not applicable,B6N,"Disposable income, net",_T,Total - all activities,Q,Constant prices,USD_PPP_PS,"US dollars per person, PPP converted",1994,,29223.8,,USA,United States,A,Normal value,2020,,0,Units,0,Zero,USD,US dollar
DATAFLOW,OECD.CFE.EDS:DSD_REG_ECO@DF_INC(2.0),Income - Regions,I,A,Annual,CTRY,Country,USA,United States,_Z,Not applicable,B5N,"Primary incomes, net",_T,Total - all activities,Q,Constant prices,USD_PPP_PS,"US dollars per person, PPP converted",1994,,28461.3,,USA,United States,A,Normal value,2020,,0,Units,0,Zero,USD,US dollar
DATAFLOW,OECD.CFE.EDS:DSD_REG_ECO@DF_INC(2.0),Income - Regions,I,A,Annual,CTRY,Country,USA,United States,_Z,Not applicable,B5N,"Primary incomes, net",_T,Total - all activities,Q,Constant prices,USD_PPP_PS,"US dollars per person, PPP converted",1995,,33988,,USA,United States,A,Normal value,2020,,0,Units,0,Zero,USD,US dollar
DATAFLOW,OECD.CFE.EDS:DSD_REG_ECO@DF_INC(2.0),Income - Regions,I,A,Annual,CTRY,Country,USA,United States,_Z,Not applicable,B6N,"Disposable income, net",_T,Total - all activities,Q,Constant prices,USD_PPP_PS,"US dollars per person, PPP converted",1995,,29946,,USA,United States,A,Normal value,2020,,0,Units,0,Zero,USD,US dollar
DATAFLOW,OECD.CFE.EDS:DSD_REG_ECO@DF_INC(2.0),Income - Regions,I,A,Annual,CTRY,Country,USA,United States,_Z,Not applicable,B6N,"Disposable income, net",_T,Total - all activities,Q,Constant prices,USD_PPP_PS,"US dollars per person, PPP converted",1996,,30538.8,,USA,United States,A,Normal value,2020,,0,Units,0,Zero,USD,US dollar
DATAFLOW,OECD.CFE.EDS:DSD_REG_ECO@DF_INC(2.0),Income - Regions,I,A,Annual,CTRY,Country,USA,United States,_Z,Not applicable,B5N,"Primary incomes, net",_T,Total - all activities,Q,Constant prices,USD_PPP_PS,"US dollars per person, PPP converted",1996,,34913.7,,USA,United States,A,Normal value,2020,,0,Units,0,Zero,USD,US dollar
DATAFLOW,OECD.CFE.EDS:DSD_REG_ECO@DF_INC(2.0),Income - Regions,I,A,Annual,CTRY,Country,USA,United States,_Z,Not applicable,B5N,"Primary incomes, net",_T,Total - all activities,Q,Constant prices,USD_PPP_PS,"US dollars per person, PPP converted",1997,,36027.2,,USA,United States,A,Normal value,2020,,0,Units,0,Zero,USD,US dollar
DATAFLOW,OECD.CFE.EDS:DSD_REG_ECO@DF_INC(2.0),Income - Regions,I,A,Annual,CTRY,Country,USA,United States,_Z,Not applicable,B6N,"Disposable income, net",_T,Total - all activities,Q,Constant prices,USD_PPP_PS,"US dollars per person, PPP converted",1997,,31294.9,,USA,United States,A,Normal value,2020,,0,Units,0,Zero,USD,US dollar
DATAFLOW,OECD.CFE.EDS:DSD_REG_ECO@DF_INC(2.0),Income - Regions,I,A,Annual,CTRY,Country,USA,United States,_Z,Not applicable,B6N,"Disposable income, net",_T,Total - all activities,Q,Constant prices,USD_PPP_PS,"US dollars per person, PPP converted",1998,,32789.9,,USA,United States,A,Normal value,2020,,0,Units,0,Zero,USD,US dollar
DATAFLOW,OECD.CFE.EDS:DSD_REG_ECO@DF_INC(2.0),Income - Regions,I,A,Annual,CTRY,Country,USA,United States,_Z,Not applicable,B5N,"Primary incomes, net",_T,Total - all activities,Q,Constant prices,USD_PPP_PS,"US dollars per person, PPP converted",1998,,37937.5,,USA,United States,A,Normal value,2020,,0,Units,0,Zero,USD,US dollar
DATAFLOW,OECD.CFE.EDS:DSD_REG_ECO@DF_INC(2.0),Income - Regions,I,A,Annual,CTRY,Country,USA,United States,_Z,Not applicable,B5N,"Primary incomes, net",_T,Total - all activities,Q,Constant prices,USD_PPP_PS,"US dollars per person, PPP converted",1999,,38928.5,,USA,United States,A,Normal value,2020,,0,Units,0,Zero,USD,US dollar
DATAFLOW,OECD.CFE.EDS:DSD_REG_ECO@DF_INC(2.0),Income - Regions,I,A,Annual,CTRY,Country,USA,United States,_Z,Not applicable,B6N,"Disposable income, net",_T,Total - all activities,Q,Constant prices,USD_PPP_PS,"US dollars per person, PPP converted",1999,,33523.9,,USA,United States,A,Normal value,2020,,0,Units,0,Zero,USD,US dollar
DATAFLOW,OECD.CFE.EDS:DSD_REG_ECO@DF_INC(2.0),Income - Regions,I,A,Annual,CTRY,Country,USA,United States,_Z,Not applicable,B6N,"Disposable income, net",_T,Total - all activities,Q,Constant prices,USD_PPP_PS,"US dollars per person, PPP converted",2000,,34819.2,,USA,United States,A,Normal value,2020,,0,Units,0,Zero,USD,US dollar
DATAFLOW,OECD.CFE.EDS:DSD_REG_ECO@DF_INC(2.0),Income - Regions,I,A,Annual,CTRY,Country,USA,United States,_Z,Not applicable,B5N,"Primary incomes, net",_T,Total - all activities,Q,Constant prices,USD_PPP_PS,"US dollars per person, PPP converted",2000,,40619.6,,USA,United States,A,Normal value,2020,,0,Units,0,Zero,USD,US dollar
DATAFLOW,OECD.CFE.EDS:DSD_REG_ECO@DF_INC(2.0),Income - Regions,I,A,Annual,CTRY,Country,USA,United States,_Z,Not applicable,B5N,"Primary incomes, net",_T,Total - all activities,Q,Constant prices,USD_PPP_PS,"US dollars per person, PPP converted",2001,,41057.6,,USA,United States,A,Normal value,2020,,0,Units,0,Zero,USD,US dollar
DATAFLOW,OECD.CFE.EDS:DSD_REG_ECO@DF_INC(2.0),Income - Regions,I,A,Annual,CTRY,Country,USA,United States,_Z,Not applicable,B6N,"Disposable income, net",_T,Total - all activities,Q,Constant prices,USD_PPP_PS,"US dollars per person, PPP converted",2001,,35411.4,,USA,United States,A,Normal value,2020,,0,Units,0,Zero,USD,US dollar
DATAFLOW,OECD.CFE.EDS:DSD_REG_ECO@DF_INC(2.0),Income - Regions,I,A,Annual,CTRY,Country,USA,United States,_Z,Not applicable,B6N,"Disposable income, net",_T,Total - all activities,Q,Constant prices,USD_PPP_PS,"US dollars per person, PPP converted",2002,,36140.3,,USA,United States,A,Normal value,2020,,0,Units,0,Zero,USD,US dollar
DATAFLOW,OECD.CFE.EDS:DSD_REG_ECO@DF_INC(2.0),Income - Regions,I,A,Annual,CTRY,Country,USA,United States,_Z,Not applicable,B5N,"Primary incomes, net",_T,Total - all activities,Q,Constant prices,USD_PPP_PS,"US dollars per person, PPP converted",2002,,40827.8,,USA,United States,A,Normal value,2020,,0,Units,0,Zero,USD,US dollar
DATAFLOW,OECD.CFE.EDS:DSD_REG_ECO@DF_INC(2.0),Income - Regions,I,A,Annual,CTRY,Country,USA,United States,_Z,Not applicable,B5N,"Primary incomes, net",_T,Total - all activities,Q,Constant prices,USD_PPP_PS,"US dollars per person, PPP converted",2003,,40990.1,,USA,United States,A,Normal value,2020,,0,Units,0,Zero,USD,US dollar
DATAFLOW,OECD.CFE.EDS:DSD_REG_ECO@DF_INC(2.0),Income - Regions,I,A,Annual,CTRY,Country,USA,United States,_Z,Not applicable,B6N,"Disposable income, net",_T,Total - all activities,Q,Constant prices,USD_PPP_PS,"US dollars per person, PPP converted",2003,,36656.1,,USA,United States,A,Normal value,2020,,0,Units,0,Zero,USD,US dollar
DATAFLOW,OECD.CFE.EDS:DSD_REG_ECO@DF_INC(2.0),Income - Regions,I,A,Annual,CTRY,Country,USA,United States,_Z,Not applicable,B6N,"Disposable income, net",_T,Total - all activities,Q,Constant prices,USD_PPP_PS,"US dollars per person, PPP converted",2004,,37504.3,,USA,United States,A,Normal value,2020,,0,Units,0,Zero,USD,US dollar
DATAFLOW,OECD.CFE.EDS:DSD_REG_ECO@DF_INC(2.0),Income - Regions,I,A,Annual,CTRY,Country,USA,United States,_Z,Not applicable,B5N,"Primary incomes, net",_T,Total - all activities,Q,Constant prices,USD_PPP_PS,"US dollars per person, PPP converted",2004,,41879.1,,USA,United States,A,Normal value,2020,,0,Units,0,Zero,USD,US dollar
DATAFLOW,OECD.CFE.EDS:DSD_REG_ECO@DF_INC(2.0),Income - Regions,I,A,Annual,CTRY,Country,USA,United States,_Z,Not applicable,B5N,"Primary incomes, net",_T,Total - all activities,Q,Constant prices,USD_PPP_PS,"US dollars per person, PPP converted",2005,,42598.3,,USA,United States,A,Normal value,2020,,0,Units,0,Zero,USD,US dollar
DATAFLOW,OECD.CFE.EDS:DSD_REG_ECO@DF_INC(2.0),Income - Regions,I,A,Annual,CTRY,Country,USA,United States,_Z,Not applicable,B6N,"Disposable income, net",_T,Total - all activities,Q,Constant prices,USD_PPP_PS,"US dollars per person, PPP converted",2005,,37728.1,,USA,United States,A,Normal value,2020,,0,Units,0,Zero,USD,US dollar
DATAFLOW,OECD.CFE.EDS:DSD_REG_ECO@DF_INC(2.0),Income - Regions,I,A,Annual,CTRY,Country,USA,United States,_Z,Not applicable,B6N,"Disposable income, net",_T,Total - all activities,Q,Constant prices,USD_PPP_PS,"US dollars per person, PPP converted",2006,,38785.2,,USA,United States,A,Normal value,2020,,0,Units,0,Zero,USD,US dollar
DATAFLOW,OECD.CFE.EDS:DSD_REG_ECO@DF_INC(2.0),Income - Regions,I,A,Annual,CTRY,Country,USA,United States,_Z,Not applicable,B5N,"Primary incomes, net",_T,Total - all activities,Q,Constant prices,USD_PPP_PS,"US dollars per person, PPP converted",2006,,44033.4,,USA,United States,A,Normal value,2020,,0,Units,0,Zero,USD,US dollar
DATAFLOW,OECD.CFE.EDS:DSD_REG_ECO@DF_INC(2.0),Income - Regions,I,A,Annual,CTRY,Country,USA,United States,_Z,Not applicable,B5N,"Primary incomes, net",_T,Total - all activities,Q,Constant prices,USD_PPP_PS,"US dollars per person, PPP converted",2007,,44863.1,,USA,United States,A,Normal value,2020,,0,Units,0,Zero,USD,US dollar
DATAFLOW,OECD.CFE.EDS:DSD_REG_ECO@DF_INC(2.0),Income - Regions,I,A,Annual,CTRY,Country,USA,United States,_Z,Not applicable,B6N,"Disposable income, net",_T,Total - all activities,Q,Constant prices,USD_PPP_PS,"US dollars per person, PPP converted",2007,,39290.5,,USA,United States,A,Normal value,2020,,0,Units,0,Zero,USD,US dollar
DATAFLOW,OECD.CFE.EDS:DSD_REG_ECO@DF_INC(2.0),Income - Regions,I,A,Annual,CTRY,Country,USA,United States,_Z,Not applicable,B6N,"Disposable income, net",_T,Total - all activities,Q,Constant prices,USD_PPP_PS,"US dollars per person, PPP converted",2008,,39293,,USA,United States,A,Normal value,2020,,0,Units,0,Zero,USD,US dollar
DATAFLOW,OECD.CFE.EDS:DSD_REG_ECO@DF_INC(2.0),Income - Regions,I,A,Annual,CTRY,Country,USA,United States,_Z,Not applicable,B5N,"Primary incomes, net",_T,Total - all activities,Q,Constant prices,USD_PPP_PS,"US dollars per person, PPP converted",2008,,44705,,USA,United States,A,Normal value,2020,,0,Units,0,Zero,USD,US dollar
DATAFLOW,OECD.CFE.EDS:DSD_REG_ECO@DF_INC(2.0),Income - Regions,I,A,Annual,CTRY,Country,USA,United States,_Z,Not applicable,B5N,"Primary incomes, net",_T,Total - all activities,Q,Constant prices,USD_PPP_PS,"US dollars per person, PPP converted",2009,,43021.1,,USA,United States,A,Normal value,2020,,0,Units,0,Zero,USD,US dollar
DATAFLOW,OECD.CFE.EDS:DSD_REG_ECO@DF_INC(2.0),Income - Regions,I,A,Annual,CTRY,Country,USA,United States,_Z,Not applicable,B6N,"Disposable income, net",_T,Total - all activities,Q,Constant prices,USD_PPP_PS,"US dollars per person, PPP converted",2009,,38912.6,,USA,United States,A,Normal value,2020,,0,Units,0,Zero,USD,US dollar
DATAFLOW,OECD.CFE.EDS:DSD_REG_ECO@DF_INC(2.0),Income - Regions,I,A,Annual,CTRY,Country,USA,United States,_Z,Not applicable,B6N,"Disposable income, net",_T,Total - all activities,Q,Constant prices,USD_PPP_PS,"US dollars per person, PPP converted",2010,,39286.4,,USA,United States,A,Normal value,2020,,0,Units,0,Zero,USD,US dollar
DATAFLOW,OECD.CFE.EDS:DSD_REG_ECO@DF_INC(2.0),Income - Regions,I,A,Annual,CTRY,Country,USA,United States,_Z,Not applicable,B5N,"Primary incomes, net",_T,Total - all activities,Q,Constant prices,USD_PPP_PS,"US dollars per person, PPP converted",2010,,43581.3,,USA,United States,A,Normal value,2020,,0,Units,0,Zero,USD,US dollar
DATAFLOW,OECD.CFE.EDS:DSD_REG_ECO@DF_INC(2.0),Income - Regions,I,A,Annual,CTRY,Country,USA,United States,_Z,Not applicable,B5N,"Primary incomes, net",_T,Total - all activities,Q,Constant prices,USD_PPP_PS,"US dollars per person, PPP converted",2011,,44784.9,,USA,United States,A,Normal value,2020,,0,Units,0,Zero,USD,US dollar
DATAFLOW,OECD.CFE.EDS:DSD_REG_ECO@DF_INC(2.0),Income - Regions,I,A,Annual,CTRY,Country,USA,United States,_Z,Not applicable,B6N,"Disposable income, net",_T,Total - all activities,Q,Constant prices,USD_PPP_PS,"US dollars per person, PPP converted",2011,,39902.5,,USA,United States,A,Normal value,2020,,0,Units,0,Zero,USD,US dollar
DATAFLOW,OECD.CFE.EDS:DSD_REG_ECO@DF_INC(2.0),Income - Regions,I,A,Annual,CTRY,Country,USA,United States,_Z,Not applicable,B6N,"Disposable income, net",_T,Total - all activities,Q,Constant prices,USD_PPP_PS,"US dollars per person, PPP converted",2012,,40925.2,,USA,United States,A,Normal value,2020,,0,Units,0,Zero,USD,US dollar
DATAFLOW,OECD.CFE.EDS:DSD_REG_ECO@DF_INC(2.0),Income - Regions,I,A,Annual,CTRY,Country,USA,United States,_Z,Not applicable,B5N,"Primary incomes, net",_T,Total - all activities,Q,Constant prices,USD_PPP_PS,"US dollars per person, PPP converted",2012,,45864.2,,USA,United States,A,Normal value,2020,,0,Units,0,Zero,USD,US dollar
DATAFLOW,OECD.CFE.EDS:DSD_REG_ECO@DF_INC(2.0),Income - Regions,I,A,Annual,CTRY,Country,USA,United States,_Z,Not applicable,B5N,"Primary incomes, net",_T,Total - all activities,Q,Constant prices,USD_PPP_PS,"US dollars per person, PPP converted",2013,,45520.4,,USA,United States,A,Normal value,2020,,0,Units,0,Zero,USD,US dollar
DATAFLOW,OECD.CFE.EDS:DSD_REG_ECO@DF_INC(2.0),Income - Regions,I,A,Annual,CTRY,Country,USA,United States,_Z,Not applicable,B6N,"Disposable income, net",_T,Total - all activities,Q,Constant prices,USD_PPP_PS,"US dollars per person, PPP converted",2013,,40144.2,,USA,United States,A,Normal value,2020,,0,Units,0,Zero,USD,US dollar
DATAFLOW,OECD.CFE.EDS:DSD_REG_ECO@DF_INC(2.0),Income - Regions,I,A,Annual,CTRY,Country,USA,United States,_Z,Not applicable,B6N,"Disposable income, net",_T,Total - all activities,Q,Constant prices,USD_PPP_PS,"US dollars per person, PPP converted",2014,,41507.3,,USA,United States,A,Normal value,2020,,0,Units,0,Zero,USD,US dollar
DATAFLOW,OECD.CFE.EDS:DSD_REG_ECO@DF_INC(2.0),Income - Regions,I,A,Annual,CTRY,Country,USA,United States,_Z,Not applicable,B5N,"Primary incomes, net",_T,Total - all activities,Q,Constant prices,USD_PPP_PS,"US dollars per person, PPP converted",2014,,47111.7,,USA,United States,A,Normal value,2020,,0,Units,0,Zero,USD,US dollar
DATAFLOW,OECD.CFE.EDS:DSD_REG_ECO@DF_INC(2.0),Income - Regions,I,A,Annual,CTRY,Country,USA,United States,_Z,Not applicable,B5N,"Primary incomes, net",_T,Total - all activities,Q,Constant prices,USD_PPP_PS,"US dollars per person, PPP converted",2015,,49018.8,,USA,United States,A,Normal value,2020,,0,Units,0,Zero,USD,US dollar
DATAFLOW,OECD.CFE.EDS:DSD_REG_ECO@DF_INC(2.0),Income - Regions,I,A,Annual,CTRY,Country,USA,United States,_Z,Not applicable,B6N,"Disposable income, net",_T,Total - all activities,Q,Constant prices,USD_PPP_PS,"US dollars per person, PPP converted",2015,,42976.2,,USA,United States,A,Normal value,2020,,0,Units,0,Zero,USD,US dollar
DATAFLOW,OECD.CFE.EDS:DSD_REG_ECO@DF_INC(2.0),Income - Regions,I,A,Annual,CTRY,Country,USA,United States,_Z,Not applicable,B6N,"Disposable income, net",_T,Total - all activities,Q,Constant prices,USD_PPP_PS,"US dollars per person, PPP converted",2016,,43544,,USA,United States,A,Normal value,2020,,0,Units,0,Zero,USD,US dollar
DATAFLOW,OECD.CFE.EDS:DSD_REG_ECO@DF_INC(2.0),Income - Regions,I,A,Annual,CTRY,Country,USA,United States,_Z,Not applicable,B5N,"Primary incomes, net",_T,Total - all activities,Q,Constant prices,USD_PPP_PS,"US dollars per person, PPP converted",2016,,49542.4,,USA,United States,A,Normal value,2020,,0,Units,0,Zero,USD,US dollar
DATAFLOW,OECD.CFE.EDS:DSD_REG_ECO@DF_INC(2.0),Income - Regions,I,A,Annual,CTRY,Country,USA,United States,_Z,Not applicable,B5N,"Primary incomes, net",_T,Total - all activities,Q,Constant prices,USD_PPP_PS,"US dollars per person, PPP converted",2017,,50751.2,,USA,United States,A,Normal value,2020,,0,Units,0,Zero,USD,US dollar
DATAFLOW,OECD.CFE.EDS:DSD_REG_ECO@DF_INC(2.0),Income - Regions,I,A,Annual,CTRY,Country,USA,United States,_Z,Not applicable,B6N,"Disposable income, net",_T,Total - all activities,Q,Constant prices,USD_PPP_PS,"US dollars per person, PPP converted",2017,,44627.9,,USA,United States,A,Normal value,2020,,0,Units,0,Zero,USD,US dollar
DATAFLOW,OECD.CFE.EDS:DSD_REG_ECO@DF_INC(2.0),Income - Regions,I,A,Annual,CTRY,Country,USA,United States,_Z,Not applicable,B6N,"Disposable income, net",_T,Total - all activities,Q,Constant prices,USD_PPP_PS,"US dollars per person, PPP converted",2018,,46016.1,,USA,United States,A,Normal value,2020,,0,Units,0,Zero,USD,US dollar
DATAFLOW,OECD.CFE.EDS:DSD_REG_ECO@DF_INC(2.0),Income - Regions,I,A,Annual,CTRY,Country,USA,United States,_Z,Not applicable,B5N,"Primary incomes, net",_T,Total - all activities,Q,Constant prices,USD_PPP_PS,"US dollars per person, PPP converted",2018,,52096.5,,USA,United States,A,Normal value,2020,,0,Units,0,Zero,USD,US dollar
DATAFLOW,OECD.CFE.EDS:DSD_REG_ECO@DF_INC(2.0),Income - Regions,I,A,Annual,CTRY,Country,USA,United States,_Z,Not applicable,B5N,"Primary incomes, net",_T,Total - all activities,Q,Constant prices,USD_PPP_PS,"US dollars per person, PPP converted",2019,,53149.5,,USA,United States,A,Normal value,2020,,0,Units,0,Zero,USD,US dollar
DATAFLOW,OECD.CFE.EDS:DSD_REG_ECO@DF_INC(2.0),Income - Regions,I,A,Annual,CTRY,Country,USA,United States,_Z,Not applicable,B6N,"Disposable income, net",_T,Total - all activities,Q,Constant prices,USD_PPP_PS,"US dollars per person, PPP converted",2019,,46843.5,,USA,United States,A,Normal value,2020,,0,Units,0,Zero,USD,US dollar
DATAFLOW,OECD.CFE.EDS:DSD_REG_ECO@DF_INC(2.0),Income - Regions,I,A,Annual,CTRY,Country,DEU,Germany,_Z,Not applicable,B6N,"Disposable income, net",_T,Total - all activities,Q,Constant prices,USD_PPP_PS,"US dollars per person, PPP converted",2000,,25461.5,,DEU,Germany,A,Normal value,2020,,0,Units,0,Zero,USD,US dollar
DATAFLOW,OECD.CFE.EDS:DSD_REG_ECO@DF_INC(2.0),Income - Regions,I,A,Annual,CTRY,Country,DEU,Germany,_Z,Not applicable,B5N,"Primary incomes, net",_T,Total - all activities,Q,Constant prices,USD_PPP_PS,"US dollars per person, PPP converted",2000,,30474.2,,DEU,Germany,A,Normal value,2020,,0,Units,0,Zero,USD,US dollar
DATAFLOW,OECD.CFE.EDS:DSD_REG_ECO@DF_INC(2.0),Income - Regions,I,A,Annual,CTRY,Country,DEU,Germany,_Z,Not applicable,B5N,"Primary incomes, net",_T,Total - all activities,Q,Constant prices,USD_PPP_PS,"US dollars per person, PPP converted",2001,,30685.8,,DEU,Germany,A,Normal value,2020,,0,Units,0,Zero,USD,US dollar
DATAFLOW,OECD.CFE.EDS:DSD_REG_ECO@DF_INC(2.0),Income - Regions,I,A,Annual,CTRY,Country,DEU,Germany,_Z,Not applicable,B6N,"Disposable income, net",_T,Total - all activities,Q,Constant prices,USD_PPP_PS,"US dollars per person, PPP converted",2001,,26079.6,,DEU,Germany,A,Normal value,2020,,0,Units,0,Zero,USD,US dollar
DATAFLOW,OECD.CFE.EDS:DSD_REG_ECO@DF_INC(2.0),Income - Regions,I,A,Annual,CTRY,Country,DEU,Germany,_Z,Not applicable,B6N,"Disposable income, net",_T,Total - all activities,Q,Constant prices,USD_PPP_PS,"US dollars per person, PPP converted",2002,,25726.1,,DEU,Germany,A,Normal value,2020,,0,Units,0,Zero,USD,US dollar
DATAFLOW,OECD.CFE.EDS:DSD_REG_ECO@DF_INC(2.0),Income - Regions,I,A,Annual,CTRY,Country,DEU,Germany,_Z,Not applicable,B5N,"Primary incomes, net",_T,Total - all activities,Q,Constant prices,USD_PPP_PS,"US dollars per person, PPP converted",2002,,30006.9,,DEU,Germany,A,Normal value,2020,,0,Units,0,Zero,USD,US dollar
DATAFLOW,OECD.CFE.EDS:DSD_REG_ECO@DF_INC(2.0),Income - Regions,I,A,Annual,CTRY,Country,DEU,Germany,_Z,Not applicable,B5N,"Primary incomes, net",_T,Total - all activities,Q,Constant prices,USD_PPP_PS,"US dollars per person, PPP converted",2003,,30105,,DEU,Germany,A,Normal value,2020,,0,Units,0,Zero,USD,US dollar
DATAFLOW,OECD.CFE.EDS:DSD_REG_ECO@DF_INC(2.0),Income - Regions,I,A,Annual,CTRY,Country,DEU,Germany,_Z,Not applicable,B6N,"Disposable income, net",_T,Total - all activities,Q,Constant prices,USD_PPP_PS,"US dollars per person, PPP converted",2003,,25977.7,,DEU,Germany,A,Normal value,2020,,0,Units,0,Zero,USD,US dollar
DATAFLOW,OECD.CFE.EDS:DSD_REG_ECO@DF_INC(2.0),Income - Regions,I,A,Annual,CTRY,Country,DEU,Germany,_Z,Not applicable,B6N,"Disposable income, net",_T,Total - all activities,Q,Constant prices,USD_PPP_PS,"US dollars per person, PPP converted",2004,,26206.4,,DEU,Germany,A,Normal value,2020,,0,Units,0,Zero,USD,US dollar
DATAFLOW,OECD.CFE.EDS:DSD_REG_ECO@DF_INC(2.0),Income - Regions,I,A,Annual,CTRY,Country,DEU,Germany,_Z,Not applicable,B5N,"Primary incomes, net",_T,Total - all activities,Q,Constant prices,USD_PPP_PS,"US dollars per person, PPP converted",2004,,30096.1,,DEU,Germany,A,Normal value,2020,,0,Units,0,Zero,USD,US dollar
DATAFLOW,OECD.CFE.EDS:DSD_REG_ECO@DF_INC(2.0),Income - Regions,I,A,Annual,CTRY,Country,DEU,Germany,_Z,Not applicable,B5N,"Primary incomes, net",_T,Total - all activities,Q,Constant prices,USD_PPP_PS,"US dollars per person, PPP converted",2005,,30234.1,,DEU,Germany,A,Normal value,2020,,0,Units,0,Zero,USD,US dollar
DATAFLOW,OECD.CFE.EDS:DSD_REG_ECO@DF_INC(2.0),Income - Regions,I,A,Annual,CTRY,Country,DEU,Germany,_Z,Not applicable,B6N,"Disposable income, net",_T,Total - all activities,Q,Constant prices,USD_PPP_PS,"US dollars per person, PPP converted",2005,,26344.2,,DEU,Germany,A,Normal value,2020,,0,Units,0,Zero,USD,US dollar
DATAFLOW,OECD.CFE.EDS:DSD_REG_ECO@DF_INC(2.0),Income - Regions,I,A,Annual,CTRY,Country,DEU,Germany,_Z,Not applicable,B6N,"Disposable income, net",_T,Total - all activities,Q,Constant prices,USD_PPP_PS,"US dollars per person, PPP converted",2006,,26648.6,,DEU,Germany,A,Normal value,2020,,0,Units,0,Zero,USD,US dollar
DATAFLOW,OECD.CFE.EDS:DSD_REG_ECO@DF_INC(2.0),Income - Regions,I,A,Annual,CTRY,Country,DEU,Germany,_Z,Not applicable,B5N,"Primary incomes, net",_T,Total - all activities,Q,Constant prices,USD_PPP_PS,"US dollars per person, PPP converted",2006,,31017.5,,DEU,Germany,A,Normal value,2020,,0,Units,0,Zero,USD,US dollar
DATAFLOW,OECD.CFE.EDS:DSD_REG_ECO@DF_INC(2.0),Income - Regions,I,A,Annual,CTRY,Country,DEU,Germany,_Z,Not applicable,B5N,"Primary incomes, net",_T,Total - all activities,Q,Constant prices,USD_PPP_PS,"US dollars per person, PPP converted",2007,,31397.2,,DEU,Germany,A,Normal value,2020,,0,Units,0,Zero,USD,US dollar
DATAFLOW,OECD.CFE.EDS:DSD_REG_ECO@DF_INC(2.0),Income - Regions,I,A,Annual,CTRY,Country,DEU,Germany,_Z,Not applicable,B6N,"Disposable income, net",_T,Total - all activities,Q,Constant prices,USD_PPP_PS,"US dollars per person, PPP converted",2007,,26614,,DEU,Germany,A,Normal value,2020,,0,Units,0,Zero,USD,US dollar
DATAFLOW,OECD.CFE.EDS:DSD_REG_ECO@DF_INC(2.0),Income - Regions,I,A,Annual,CTRY,Country,DEU,Germany,_Z,Not applicable,B6N,"Disposable income, net",_T,Total - all activities,Q,Constant prices,USD_PPP_PS,"US dollars per person, PPP converted",2008,,26752.1,,DEU,Germany,A,Normal value,2020,,0,Units,0,Zero,USD,US dollar
DATAFLOW,OECD.CFE.EDS:DSD_REG_ECO@DF_INC(2.0),Income - Regions,I,A,Annual,CTRY,Country,DEU,Germany,_Z,Not applicable,B5N,"Primary incomes, net",_T,Total - all activities,Q,Constant prices,USD_PPP_PS,"US dollars per person, PPP converted",2008,,31984.8,,DEU,Germany,A,Normal value,2020,,0,Units,0,Zero,USD,US dollar
DATAFLOW,OECD.CFE.EDS:DSD_REG_ECO@DF_INC(2.0),Income - Regions,I,A,Annual,CTRY,Country,DEU,Germany,_Z,Not applicable,B5N,"Primary incomes, net",_T,Total - all activities,Q,Constant prices,USD_PPP_PS,"US dollars per person, PPP converted",2009,,31455.6,,DEU,Germany,A,Normal value,2020,,0,Units,0,Zero,USD,US dollar
DATAFLOW,OECD.CFE.EDS:DSD_REG_ECO@DF_INC(2.0),Income - Regions,I,A,Annual,CTRY,Country,DEU,Germany,_Z,Not applicable,B6N,"Disposable income, net",_T,Total - all activities,Q,Constant prices,USD_PPP_PS,"US dollars per person, PPP converted",2009,,26595,,DEU,Germany,A,Normal value,2020,,0,Units,0,Zero,USD,US dollar
DATAFLOW,OECD.CFE.EDS:DSD_REG_ECO@DF_INC(2.0),Income - Regions,I,A,Annual,CTRY,Country,DEU,Germany,_Z,Not applicable,B6N,"Disposable income, net",_T,Total - all activities,Q,Constant prices,USD_PPP_PS,"US dollars per person, PPP converted",2010,,26841.8,,DEU,Germany,A,Normal value,2020,,0,Units,0,Zero,USD,US dollar
DATAFLOW,OECD.CFE.EDS:DSD_REG_ECO@DF_INC(2.0),Income - Regions,I,A,Annual,CTRY,Country,DEU,Germany,_Z,Not applicable,B5N,"Primary incomes, net",_T,Total - all activities,Q,Constant prices,USD_PPP_PS,"US dollars per person, PPP converted",2010,,31639.4,,DEU,Germany,A,Normal value,2020,,0,Units,0,Zero,USD,US dollar
DATAFLOW,OECD.CFE.EDS:DSD_REG_ECO@DF_INC(2.0),Income - Regions,I,A,Annual,CTRY,Country,DEU,Germany,_Z,Not applicable,B5N,"Primary incomes, net",_T,Total - all activities,Q,Constant prices,USD_PPP_PS,"US dollars per person, PPP converted",2011,,32587.9,,DEU,Germany,A,Normal value,2020,,0,Units,0,Zero,USD,US dollar
DATAFLOW,OECD.CFE.EDS:DSD_REG_ECO@DF_INC(2.0),Income - Regions,I,A,Annual,CTRY,Country,DEU,Germany,_Z,Not applicable,B6N,"Disposable income, net",_T,Total - all activities,Q,Constant prices,USD_PPP_PS,"US dollars per person, PPP converted",2011,,27289,,DEU,Germany,A,Normal value,2020,,0,Units,0,Zero,USD,US dollar
DATAFLOW,OECD.CFE.EDS:DSD_REG_ECO@DF_INC(2.0),Income - Regions,I,A,Annual,CTRY,Country,DEU,Germany,_Z,Not applicable,B6N,"Disposable income, net",_T,Total - all activities,Q,Constant prices,USD_PPP_PS,"US dollars per person, PPP converted",2012,,27487.7,,DEU,Germany,A,Normal value,2020,,0,Units,0,Zero,USD,US dollar
DATAFLOW,OECD.CFE.EDS:DSD_REG_ECO@DF_INC(2.0),Income - Regions,I,A,Annual,CTRY,Country,DEU,Germany,_Z,Not applicable,B5N,"Primary incomes, net",_T,Total - all activities,Q,Constant prices,USD_PPP_PS,"US dollars per person, PPP converted",2012,,33084.2,,DEU,Germany,A,Normal value,2020,,0,Units,0,Zero,USD,US dollar
DATAFLOW,OECD.CFE.EDS:DSD_REG_ECO@DF_INC(2.0),Income - Regions,I,A,Annual,CTRY,Country,DEU,Germany,_Z,Not applicable,B5N,"Primary incomes, net",_T,Total - all activities,Q,Constant prices,USD_PPP_PS,"US dollars per person, PPP converted",2013,,33176.7,,DEU,Germany,A,Normal value,2020,,0,Units,0,Zero,USD,US dollar
DATAFLOW,OECD.CFE.EDS:DSD_REG_ECO@DF_INC(2.0),Income - Regions,I,A,Annual,CTRY,Country,DEU,Germany,_Z,Not applicable,B6N,"Disposable income, net",_T,Total - all activities,Q,Constant prices,USD_PPP_PS,"US dollars per person, PPP converted",2013,,27426.2,,DEU,Germany,A,Normal value,2020,,0,Units,0,Zero,USD,US dollar
DATAFLOW,OECD.CFE.EDS:DSD_REG_ECO@DF_INC(2.0),Income - Regions,I,A,Annual,CTRY,Country,DEU,Germany,_Z,Not applicable,B6N,"Disposable income, net",_T,Total - all activities,Q,Constant prices,USD_PPP_PS,"US dollars per person, PPP converted",2014,,27759.5,,DEU,Germany,A,Normal value,2020,,0,Units,0,Zero,USD,US dollar
DATAFLOW,OECD.CFE.EDS:DSD_REG_ECO@DF_INC(2.0),Income - Regions,I,A,Annual,CTRY,Country,DEU,Germany,_Z,Not applicable,B5N,"Primary incomes, net",_T,Total - all activities,Q,Constant prices,USD_PPP_PS,"US dollars per person, PPP converted",2014,,33686.2,,DEU,Germany,A,Normal value,2020,,0,Units,0,Zero,USD,US dollar
DATAFLOW,OECD.CFE.EDS:DSD_REG_ECO@DF_INC(2.0),Income - Regions,I,A,Annual,CTRY,Country,DEU,Germany,_Z,Not applicable,B5N,"Primary incomes, net",_T,Total - all activities,Q,Constant prices,USD_PPP_PS,"US dollars per person, PPP converted",2015,,34265.8,,DEU,Germany,A,Normal value,2020,,0,Units,0,Zero,USD,US dollar
DATAFLOW,OECD.CFE.EDS:DSD_REG_ECO@DF_INC(2.0),Income - Regions,I,A,Annual,CTRY,Country,DEU,Germany,_Z,Not applicable,B6N,"Disposable income, net",_T,Total - all activities,Q,Constant prices,USD_PPP_PS,"US dollars per person, PPP converted",2015,,28136.6,,DEU,Germany,A,Normal value,2020,,0,Units,0,Zero,USD,US dollar
DATAFLOW,OECD.CFE.EDS:DSD_REG_ECO@DF_INC(2.0),Income - Regions,I,A,Annual,CTRY,Country,DEU,Germany,_Z,Not applicable,B6N,"Disposable income, net",_T,Total - all activities,Q,Constant prices,USD_PPP_PS,"US dollars per person, PPP converted",2016,,28694.1,,DEU,Germany,A,Normal value,2020,,0,Units,0,Zero,USD,US dollar
DATAFLOW,OECD.CFE.EDS:DSD_REG_ECO@DF_INC(2.0),Income - Regions,I,A,Annual,CTRY,Country,DEU,Germany,_Z,Not applicable,B5N,"Primary incomes, net",_T,Total - all activities,Q,Constant prices,USD_PPP_PS,"US dollars per person, PPP converted",2016,,34991,,DEU,Germany,A,Normal value,2020,,0,Units,0,Zero,USD,US dollar
DATAFLOW,OECD.CFE.EDS:DSD_REG_ECO@DF_INC(2.0),Income - Regions,I,A,Annual,CTRY,Country,DEU,Germany,_Z,Not applicable,B5N,"Primary incomes, net",_T,Total - all activities,Q,Constant prices,USD_PPP_PS,"US dollars per person, PPP converted",2017,,35793.8,,DEU,Germany,A,Normal value,2020,,0,Units,0,Zero,USD,US dollar
DATAFLOW,OECD.CFE.EDS:DSD_REG_ECO@DF_INC(2.0),Income - Regions,I,A,Annual,CTRY,Country,DEU,Germany,_Z,Not applicable,B6N,"Disposable income, net",_T,Total - all activities,Q,Constant prices,USD_PPP_PS,"US dollars per person, PPP converted",2017,,29106.3,,DEU,Germany,A,Normal value,2020,,0,Units,0,Zero,USD,US dollar
DATAFLOW,OECD.CFE.EDS:DSD_REG_ECO@DF_INC(2.0),Income - Regions,I,A,Annual,CTRY,Country,DEU,Germany,_Z,Not applicable,B6N,"Disposable income, net",_T,Total - all activities,Q,Constant prices,USD_PPP_PS,"US dollars per person, PPP converted",2018,,29777.6,,DEU,Germany,A,Normal value,2020,,0,Units,0,Zero,USD,US dollar
DATAFLOW,OECD.CFE.EDS:DSD_REG_ECO@DF_INC(2.0),Income - Regions,I,A,Annual,CTRY,Country,DEU,Germany,_Z,Not applicable,B5N,"Primary incomes, net",_T,Total - all activities,Q,Constant prices,USD_PPP_PS,"US dollars per person, PPP converted",2018,,36629.3,,DEU,Germany,A,Normal value,2020,,0,Units,0,Zero,USD,US dollar
DATAFLOW,OECD.CFE.EDS:DSD_REG_ECO@DF_INC(2.0),Income - Regions,I,A,Annual,CTRY,Country,BEL,Belgium,_Z,Not applicable,B6N,"Disposable income, net",_T,Total - all activities,Q,Constant prices,USD_PPP_PS,"US dollars per person, PPP converted",1995,,22417.2,,BEL,Belgium,A,Normal value,2020,,0,Units,0,Zero,USD,US dollar
DATAFLOW,OECD.CFE.EDS:DSD_REG_ECO@DF_INC(2.0),Income - Regions,I,A,Annual,CTRY,Country,EST,Estonia,_Z,Not applicable,B6N,"Disposable income, net",_T,Total - all activities,Q,Constant prices,USD_PPP_PS,"US dollars per person, PPP converted",1995,,5425.1,,EST,Estonia,A,Normal value,2020,,0,Units,0,Zero,USD,US dollar
DATAFLOW,OECD.CFE.EDS:DSD_REG_ECO@DF_INC(2.0),Income - Regions,I,A,Annual,CTRY,Country,BEL,Belgium,_Z,Not applicable,B5N,"Primary incomes, net",_T,Total - all activities,Q,Constant prices,USD_PPP_PS,"US dollars per person, PPP converted",1995,,27904,,BEL,Belgium,A,Normal value,2020,,0,Units,0,Zero,USD,US dollar
DATAFLOW,OECD.CFE.EDS:DSD_REG_ECO@DF_INC(2.0),Income - Regions,I,A,Annual,CTRY,Country,CHL,Chile,_Z,Not applicable,B6N,"Disposable income, net",_T,Total - all activities,Q,Constant prices,USD_PPP_PS,"US dollars per person, PPP converted",1996,,4139.4,,CHL,Chile,A,Normal value,2020,,0,Units,0,Zero,USD,US dollar
DATAFLOW,OECD.CFE.EDS:DSD_REG_ECO@DF_INC(2.0),Income - Regions,I,A,Annual,CTRY,Country,BEL,Belgium,_Z,Not applicable,B5N,"Primary incomes, net",_T,Total - all activities,Q,Constant prices,USD_PPP_PS,"US dollars per person, PPP converted",1996,,27804.6,,BEL,Belgium,A,Normal value,2020,,0,Units,0,Zero,USD,US dollar
DATAFLOW,OECD.CFE.EDS:DSD_REG_ECO@DF_INC(2.0),Income - Regions,I,A,Annual,CTRY,Country,BEL,Belgium,_Z,Not applicable,B6N,"Disposable income, net",_T,Total - all activities,Q,Constant prices,USD_PPP_PS,"US dollars per person, PPP converted",1996,,22301.2,,BEL,Belgium,A,Normal value,2020,,0,Units,0,Zero,USD,US dollar
DATAFLOW,OECD.CFE.EDS:DSD_REG_ECO@DF_INC(2.0),Income - Regions,I,A,Annual,CTRY,Country,EST,Estonia,_Z,Not applicable,B5N,"Primary incomes, net",_T,Total - all activities,Q,Constant prices,USD_PPP_PS,"US dollars per person, PPP converted",1997,,6133.5,,EST,Estonia,A,Normal value,2020,,0,Units,0,Zero,USD,US dollar
DATAFLOW,OECD.CFE.EDS:DSD_REG_ECO@DF_INC(2.0),Income - Regions,I,A,Annual,CTRY,Country,BEL,Belgium,_Z,Not applicable,B6N,"Disposable income, net",_T,Total - all activities,Q,Constant prices,USD_PPP_PS,"US dollars per person, PPP converted",1997,,22366.9,,BEL,Belgium,A,Normal value,2020,,0,Units,0,Zero,USD,US dollar
DATAFLOW,OECD.CFE.EDS:DSD_REG_ECO@DF_INC(2.0),Income - Regions,I,A,Annual,CTRY,Country,BEL,Belgium,_Z,Not applicable,B5N,"Primary incomes, net",_T,Total - all activities,Q,Constant prices,USD_PPP_PS,"US dollars per person, PPP converted",1997,,28175.9,,BEL,Belgium,A,Normal value,2020,,0,Units,0,Zero,USD,US dollar
DATAFLOW,OECD.CFE.EDS:DSD_REG_ECO@DF_INC(2.0),Income - Regions,I,A,Annual,CTRY,Country,CHL,Chile,_Z,Not applicable,B6N,"Disposable income, net",_T,Total - all activities,Q,Constant prices,USD_PPP_PS,"US dollars per person, PPP converted",1998,,4566,,CHL,Chile,A,Normal value,2020,,0,Units,0,Zero,USD,US dollar
DATAFLOW,OECD.CFE.EDS:DSD_REG_ECO@DF_INC(2.0),Income - Regions,I,A,Annual,CTRY,Country,BEL,Belgium,_Z,Not applicable,B5N,"Primary incomes, net",_T,Total - all activities,Q,Constant prices,USD_PPP_PS,"US dollars per person, PPP converted",1998,,28892.6,,BEL,Belgium,A,Normal value,2020,,0,Units,0,Zero,USD,US dollar
DATAFLOW,OECD.CFE.EDS:DSD_REG_ECO@DF_INC(2.0),Income - Regions,I,A,Annual,CTRY,Country,EST,Estonia,_Z,Not applicable,B6N,"Disposable income, net",_T,Total - all activities,Q,Constant prices,USD_PPP_PS,"US dollars per person, PPP converted",1998,,6251.6,,EST,Estonia,A,Normal value,2020,,0,Units,0,Zero,USD,US dollar
DATAFLOW,OECD.CFE.EDS:DSD_REG_ECO@DF_INC(2.0),Income - Regions,I,A,Annual,CTRY,Country,EST,Estonia,_Z,Not applicable,B5N,"Primary incomes, net",_T,Total - all activities,Q,Constant prices,USD_PPP_PS,"US dollars per person, PPP converted",1998,,6459.1,,EST,Estonia,A,Normal value,2020,,0,Units,0,Zero,USD,US dollar
DATAFLOW,OECD.CFE.EDS:DSD_REG_ECO@DF_INC(2.0),Income - Regions,I,A,Annual,CTRY,Country,BEL,Belgium,_Z,Not applicable,B6N,"Disposable income, net",_T,Total - all activities,Q,Constant prices,USD_PPP_PS,"US dollars per person, PPP converted",1998,,22815.1,,BEL,Belgium,A,Normal value,2020,,0,Units,0,Zero,USD,US dollar
DATAFLOW,OECD.CFE.EDS:DSD_REG_ECO@DF_INC(2.0),Income - Regions,I,A,Annual,CTRY,Country,BEL,Belgium,_Z,Not applicable,B6N,"Disposable income, net",_T,Total - all activities,Q,Constant prices,USD_PPP_PS,"US dollars per person, PPP converted",1999,,23368.4,,BEL,Belgium,A,Normal value,2020,,0,Units,0,Zero,USD,US dollar
DATAFLOW,OECD.CFE.EDS:DSD_REG_ECO@DF_INC(2.0),Income - Regions,I,A,Annual,CTRY,Country,EST,Estonia,_Z,Not applicable,B6N,"Disposable income, net",_T,Total - all activities,Q,Constant prices,USD_PPP_PS,"US dollars per person, PPP converted",1999,,6207.8,,EST,Estonia,A,Normal value,2020,,0,Units,0,Zero,USD,US dollar
DATAFLOW,OECD.CFE.EDS:DSD_REG_ECO@DF_INC(2.0),Income - Regions,I,A,Annual,CTRY,Country,BEL,Belgium,_Z,Not applicable,B5N,"Primary incomes, net",_T,Total - all activities,Q,Constant prices,USD_PPP_PS,"US dollars per person, PPP converted",1999,,29614,,BEL,Belgium,A,Normal value,2020,,0,Units,0,Zero,USD,US dollar
DATAFLOW,OECD.CFE.EDS:DSD_REG_ECO@DF_INC(2.0),Income - Regions,I,A,Annual,CTRY,Country,IRL,Ireland,_Z,Not applicable,B6N,"Disposable income, net",_T,Total - all activities,Q,Constant prices,USD_PPP_PS,"US dollars per person, PPP converted",2000,,15279.2,,IRL,Ireland,A,Normal value,2020,,0,Units,0,Zero,USD,US dollar
DATAFLOW,OECD.CFE.EDS:DSD_REG_ECO@DF_INC(2.0),Income - Regions,I,A,Annual,CTRY,Country,CHL,Chile,_Z,Not applicable,B6N,"Disposable income, net",_T,Total - all activities,Q,Constant prices,USD_PPP_PS,"US dollars per person, PPP converted",2000,,4678.8,,CHL,Chile,A,Normal value,2020,,0,Units,0,Zero,USD,US dollar
DATAFLOW,OECD.CFE.EDS:DSD_REG_ECO@DF_INC(2.0),Income - Regions,I,A,Annual,CTRY,Country,ROU,Romania,_Z,Not applicable,B6N,"Disposable income, net",_T,Total - all activities,Q,Constant prices,USD_PPP_PS,"US dollars per person, PPP converted",2000,,4498.9,,ROU,Romania,A,Normal value,2020,,0,Units,0,Zero,USD,US dollar
DATAFLOW,OECD.CFE.EDS:DSD_REG_ECO@DF_INC(2.0),Income - Regions,I,A,Annual,CTRY,Country,POL,Poland,_Z,Not applicable,B5N,"Primary incomes, net",_T,Total - all activities,Q,Constant prices,USD_PPP_PS,"US dollars per person, PPP converted",2000,,10657.3,,POL,Poland,A,Normal value,2020,,0,Units,0,Zero,USD,US dollar
DATAFLOW,OECD.CFE.EDS:DSD_REG_ECO@DF_INC(2.0),Income - Regions,I,A,Annual,CTRY,Country,ROU,Romania,_Z,Not applicable,B5N,"Primary incomes, net",_T,Total - all activities,Q,Constant prices,USD_PPP_PS,"US dollars per person, PPP converted",2000,,4507.8,,ROU,Romania,A,Normal value,2020,,0,Units,0,Zero,USD,US dollar
DATAFLOW,OECD.CFE.EDS:DSD_REG_ECO@DF_INC(2.0),Income - Regions,I,A,Annual,CTRY,Country,POL,Poland,_Z,Not applicable,B6N,"Disposable income, net",_T,Total - all activities,Q,Constant prices,USD_PPP_PS,"US dollars per person, PPP converted",2000,,10208.5,,POL,Poland,A,Normal value,2020,,0,Units,0,Zero,USD,US dollar
DATAFLOW,OECD.CFE.EDS:DSD_REG_ECO@DF_INC(2.0),Income - Regions,I,A,Annual,CTRY,Country,KOR,Korea,_Z,Not applicable,B5N,"Primary incomes, net",_T,Total - all activities,Q,Constant prices,USD_PPP_PS,"US dollars per person, PPP converted",2000,,13718.2,,KOR,Korea,A,Normal value,2020,,0,Units,0,Zero,USD,US dollar
DATAFLOW,OECD.CFE.EDS:DSD_REG_ECO@DF_INC(2.0),Income - Regions,I,A,Annual,CTRY,Country,IRL,Ireland,_Z,Not applicable,B5N,"Primary incomes, net",_T,Total - all activities,Q,Constant prices,USD_PPP_PS,"US dollars per person, PPP converted",2000,,18222.2,,IRL,Ireland,A,Normal value,2020,,0,Units,0,Zero,USD,US dollar
DATAFLOW,OECD.CFE.EDS:DSD_REG_ECO@DF_INC(2.0),Income - Regions,I,A,Annual,CTRY,Country,KOR,Korea,_Z,Not applicable,B6N,"Disposable income, net",_T,Total - all activities,Q,Constant prices,USD_PPP_PS,"US dollars per person, PPP converted",2000,,12856.8,,KOR,Korea,A,Normal value,2020,,0,Units,0,Zero,USD,US dollar
DATAFLOW,OECD.CFE.EDS:DSD_REG_ECO@DF_INC(2.0),Income - Regions,I,A,Annual,CTRY,Country,KOR,Korea,_Z,Not applicable,B6N,"Disposable income, net",_T,Total - all activities,Q,Constant prices,USD_PPP_PS,"US dollars per person, PPP converted",2001,,12938,,KOR,Korea,A,Normal value,2020,,0,Units,0,Zero,USD,US dollar
DATAFLOW,OECD.CFE.EDS:DSD_REG_ECO@DF_INC(2.0),Income - Regions,I,A,Annual,CTRY,Country,IRL,Ireland,_Z,Not applicable,B5N,"Primary incomes, net",_T,Total - all activities,Q,Constant prices,USD_PPP_PS,"US dollars per person, PPP converted",2001,,19181.2,,IRL,Ireland,A,Normal value,2020,,0,Units,0,Zero,USD,US dollar
DATAFLOW,OECD.CFE.EDS:DSD_REG_ECO@DF_INC(2.0),Income - Regions,I,A,Annual,CTRY,Country,KOR,Korea,_Z,Not applicable,B5N,"Primary incomes, net",_T,Total - all activities,Q,Constant prices,USD_PPP_PS,"US dollars per person, PPP converted",2001,,13890.7,,KOR,Korea,A,Normal value,2020,,0,Units,0,Zero,USD,US dollar
DATAFLOW,OECD.CFE.EDS:DSD_REG_ECO@DF_INC(2.0),Income - Regions,I,A,Annual,CTRY,Country,POL,Poland,_Z,Not applicable,B6N,"Disposable income, net",_T,Total - all activities,Q,Constant prices,USD_PPP_PS,"US dollars per person, PPP converted",2001,,10610.9,,POL,Poland,A,Normal value,2020,,0,Units,0,Zero,USD,US dollar
DATAFLOW,OECD.CFE.EDS:DSD_REG_ECO@DF_INC(2.0),Income - Regions,I,A,Annual,CTRY,Country,ROU,Romania,_Z,Not applicable,B5N,"Primary incomes, net",_T,Total - all activities,Q,Constant prices,USD_PPP_PS,"US dollars per person, PPP converted",2001,,5074.9,,ROU,Romania,A,Normal value,2020,,0,Units,0,Zero,USD,US dollar
DATAFLOW,OECD.CFE.EDS:DSD_REG_ECO@DF_INC(2.0),Income - Regions,I,A,Annual,CTRY,Country,ROU,Romania,_Z,Not applicable,B6N,"Disposable income, net",_T,Total - all activities,Q,Constant prices,USD_PPP_PS,"US dollars per person, PPP converted",2001,,4985.3,,ROU,Romania,A,Normal value,2020,,0,Units,0,Zero,USD,US dollar
DATAFLOW,OECD.CFE.EDS:DSD_REG_ECO@DF_INC(2.0),Income - Regions,I,A,Annual,CTRY,Country,IRL,Ireland,_Z,Not applicable,B6N,"Disposable income, net",_T,Total - all activities,Q,Constant prices,USD_PPP_PS,"US dollars per person, PPP converted",2001,,16573.2,,IRL,Ireland,A,Normal value,2020,,0,Units,0,Zero,USD,US dollar
DATAFLOW,OECD.CFE.EDS:DSD_REG_ECO@DF_INC(2.0),Income - Regions,I,A,Annual,CTRY,Country,IRL,Ireland,_Z,Not applicable,B6N,"Disposable income, net",_T,Total - all activities,Q,Constant prices,USD_PPP_PS,"US dollars per person, PPP converted",2002,,16622.1,,IRL,Ireland,A,Normal value,2020,,0,Units,0,Zero,USD,US dollar
DATAFLOW,OECD.CFE.EDS:DSD_REG_ECO@DF_INC(2.0),Income - Regions,I,A,Annual,CTRY,Country,ROU,Romania,_Z,Not applicable,B6N,"Disposable income, net",_T,Total - all activities,Q,Constant prices,USD_PPP_PS,"US dollars per person, PPP converted",2002,,4926.7,,ROU,Romania,A,Normal value,2020,,0,Units,0,Zero,USD,US dollar
DATAFLOW,OECD.CFE.EDS:DSD_REG_ECO@DF_INC(2.0),Income - Regions,I,A,Annual,CTRY,Country,ROU,Romania,_Z,Not applicable,B5N,"Primary incomes, net",_T,Total - all activities,Q,Constant prices,USD_PPP_PS,"US dollars per person, PPP converted",2002,,4868.5,,ROU,Romania,A,Normal value,2020,,0,Units,0,Zero,USD,US dollar
DATAFLOW,OECD.CFE.EDS:DSD_REG_ECO@DF_INC(2.0),Income - Regions,I,A,Annual,CTRY,Country,KOR,Korea,_Z,Not applicable,B5N,"Primary incomes, net",_T,Total - all activities,Q,Constant prices,USD_PPP_PS,"US dollars per person, PPP converted",2002,,14471.3,,KOR,Korea,A,Normal value,2020,,0,Units,0,Zero,USD,US dollar
DATAFLOW,OECD.CFE.EDS:DSD_REG_ECO@DF_INC(2.0),Income - Regions,I,A,Annual,CTRY,Country,IRL,Ireland,_Z,Not applicable,B5N,"Primary incomes, net",_T,Total - all activities,Q,Constant prices,USD_PPP_PS,"US dollars per person, PPP converted",2002,,18717.7,,IRL,Ireland,A,Normal value,2020,,0,Units,0,Zero,USD,US dollar
DATAFLOW,OECD.CFE.EDS:DSD_REG_ECO@DF_INC(2.0),Income - Regions,I,A,Annual,CTRY,Country,KOR,Korea,_Z,Not applicable,B6N,"Disposable income, net",_T,Total - all activities,Q,Constant prices,USD_PPP_PS,"US dollars per person, PPP converted",2002,,13508.3,,KOR,Korea,A,Normal value,2020,,0,Units,0,Zero,USD,US dollar
DATAFLOW,OECD.CFE.EDS:DSD_REG_ECO@DF_INC(2.0),Income - Regions,I,A,Annual,CTRY,Country,KOR,Korea,_Z,Not applicable,B5N,"Primary incomes, net",_T,Total - all activities,Q,Constant prices,USD_PPP_PS,"US dollars per person, PPP converted",2003,,14937.4,,KOR,Korea,A,Normal value,2020,,0,Units,0,Zero,USD,US dollar
DATAFLOW,OECD.CFE.EDS:DSD_REG_ECO@DF_INC(2.0),Income - Regions,I,A,Annual,CTRY,Country,KOR,Korea,_Z,Not applicable,B6N,"Disposable income, net",_T,Total - all activities,Q,Constant prices,USD_PPP_PS,"US dollars per person, PPP converted",2003,,13848.5,,KOR,Korea,A,Normal value,2020,,0,Units,0,Zero,USD,US dollar
DATAFLOW,OECD.CFE.EDS:DSD_REG_ECO@DF_INC(2.0),Income - Regions,I,A,Annual,CTRY,Country,IRL,Ireland,_Z,Not applicable,B5N,"Primary incomes, net",_T,Total - all activities,Q,Constant prices,USD_PPP_PS,"US dollars per person, PPP converted",2003,,19206.4,,IRL,Ireland,A,Normal value,2020,,0,Units,0,Zero,USD,US dollar
DATAFLOW,OECD.CFE.EDS:DSD_REG_ECO@DF_INC(2.0),Income - Regions,I,A,Annual,CTRY,Country,POL,Poland,_Z,Not applicable,B6N,"Disposable income, net",_T,Total - all activities,Q,Constant prices,USD_PPP_PS,"US dollars per person, PPP converted",2003,,10689.1,,POL,Poland,A,Normal value,2020,,0,Units,0,Zero,USD,US dollar
DATAFLOW,OECD.CFE.EDS:DSD_REG_ECO@DF_INC(2.0),Income - Regions,I,A,Annual,CTRY,Country,ROU,Romania,_Z,Not applicable,B5N,"Primary incomes, net",_T,Total - all activities,Q,Constant prices,USD_PPP_PS,"US dollars per person, PPP converted",2003,,4839.3,,ROU,Romania,A,Normal value,2020,,0,Units,0,Zero,USD,US dollar
DATAFLOW,OECD.CFE.EDS:DSD_REG_ECO@DF_INC(2.0),Income - Regions,I,A,Annual,CTRY,Country,CHL,Chile,_Z,Not applicable,B6N,"Disposable income, net",_T,Total - all activities,Q,Constant prices,USD_PPP_PS,"US dollars per person, PPP converted",2003,,4578.7,,CHL,Chile,A,Normal value,2020,,0,Units,0,Zero,USD,US dollar
DATAFLOW,OECD.CFE.EDS:DSD_REG_ECO@DF_INC(2.0),Income - Regions,I,A,Annual,CTRY,Country,ROU,Romania,_Z,Not applicable,B6N,"Disposable income, net",_T,Total - all activities,Q,Constant prices,USD_PPP_PS,"US dollars per person, PPP converted",2003,,5445.2,,ROU,Romania,A,Normal value,2020,,0,Units,0,Zero,USD,US dollar
DATAFLOW,OECD.CFE.EDS:DSD_REG_ECO@DF_INC(2.0),Income - Regions,I,A,Annual,CTRY,Country,IRL,Ireland,_Z,Not applicable,B6N,"Disposable income, net",_T,Total - all activities,Q,Constant prices,USD_PPP_PS,"US dollars per person, PPP converted",2003,,16876.6,,IRL,Ireland,A,Normal value,2020,,0,Units,0,Zero,USD,US dollar
DATAFLOW,OECD.CFE.EDS:DSD_REG_ECO@DF_INC(2.0),Income - Regions,I,A,Annual,CTRY,Country,IRL,Ireland,_Z,Not applicable,B6N,"Disposable income, net",_T,Total - all activities,Q,Constant prices,USD_PPP_PS,"US dollars per person, PPP converted",2004,,17425.5,,IRL,Ireland,A,Normal value,2020,,0,Units,0,Zero,USD,US dollar
DATAFLOW,OECD.CFE.EDS:DSD_REG_ECO@DF_INC(2.0),Income - Regions,I,A,Annual,CTRY,Country,ROU,Romania,_Z,Not applicable,B6N,"Disposable income, net",_T,Total - all activities,Q,Constant prices,USD_PPP_PS,"US dollars per person, PPP converted",2004,,6524.8,,ROU,Romania,A,Normal value,2020,,0,Units,0,Zero,USD,US dollar
DATAFLOW,OECD.CFE.EDS:DSD_REG_ECO@DF_INC(2.0),Income - Regions,I,A,Annual,CTRY,Country,ROU,Romania,_Z,Not applicable,B5N,"Primary incomes, net",_T,Total - all activities,Q,Constant prices,USD_PPP_PS,"US dollars per person, PPP converted",2004,,5864.5,,ROU,Romania,A,Normal value,2020,,0,Units,0,Zero,USD,US dollar
DATAFLOW,OECD.CFE.EDS:DSD_REG_ECO@DF_INC(2.0),Income - Regions,I,A,Annual,CTRY,Country,POL,Poland,_Z,Not applicable,B6N,"Disposable income, net",_T,Total - all activities,Q,Constant prices,USD_PPP_PS,"US dollars per person, PPP converted",2004,,10670.5,,POL,Poland,A,Normal value,2020,,0,Units,0,Zero,USD,US dollar
DATAFLOW,OECD.CFE.EDS:DSD_REG_ECO@DF_INC(2.0),Income - Regions,I,A,Annual,CTRY,Country,KOR,Korea,_Z,Not applicable,B5N,"Primary incomes, net",_T,Total - all activities,Q,Constant prices,USD_PPP_PS,"US dollars per person, PPP converted",2004,,15447.5,,KOR,Korea,A,Normal value,2020,,0,Units,0,Zero,USD,US dollar
DATAFLOW,OECD.CFE.EDS:DSD_REG_ECO@DF_INC(2.0),Income - Regions,I,A,Annual,CTRY,Country,IRL,Ireland,_Z,Not applicable,B5N,"Primary incomes, net",_T,Total - all activities,Q,Constant prices,USD_PPP_PS,"US dollars per person, PPP converted",2004,,19968.1,,IRL,Ireland,A,Normal value,2020,,0,Units,0,Zero,USD,US dollar
DATAFLOW,OECD.CFE.EDS:DSD_REG_ECO@DF_INC(2.0),Income - Regions,I,A,Annual,CTRY,Country,KOR,Korea,_Z,Not applicable,B6N,"Disposable income, net",_T,Total - all activities,Q,Constant prices,USD_PPP_PS,"US dollars per person, PPP converted",2004,,14306.1,,KOR,Korea,A,Normal value,2020,,0,Units,0,Zero,USD,US dollar
DATAFLOW,OECD.CFE.EDS:DSD_REG_ECO@DF_INC(2.0),Income - Regions,I,A,Annual,CTRY,Country,KOR,Korea,_Z,Not applicable,B6N,"Disposable income, net",_T,Total - all activities,Q,Constant prices,USD_PPP_PS,"US dollars per person, PPP converted",2005,,14633.9,,KOR,Korea,A,Normal value,2020,,0,Units,0,Zero,USD,US dollar
DATAFLOW,OECD.CFE.EDS:DSD_REG_ECO@DF_INC(2.0),Income - Regions,I,A,Annual,CTRY,Country,IRL,Ireland,_Z,Not applicable,B5N,"Primary incomes, net",_T,Total - all activities,Q,Constant prices,USD_PPP_PS,"US dollars per person, PPP converted",2005,,21048.6,,IRL,Ireland,A,Normal value,2020,,0,Units,0,Zero,USD,US dollar
DATAFLOW,OECD.CFE.EDS:DSD_REG_ECO@DF_INC(2.0),Income - Regions,I,A,Annual,CTRY,Country,KOR,Korea,_Z,Not applicable,B5N,"Primary incomes, net",_T,Total - all activities,Q,Constant prices,USD_PPP_PS,"US dollars per person, PPP converted",2005,,15813.7,,KOR,Korea,A,Normal value,2020,,0,Units,0,Zero,USD,US dollar
DATAFLOW,OECD.CFE.EDS:DSD_REG_ECO@DF_INC(2.0),Income - Regions,I,A,Annual,CTRY,Country,ROU,Romania,_Z,Not applicable,B5N,"Primary incomes, net",_T,Total - all activities,Q,Constant prices,USD_PPP_PS,"US dollars per person, PPP converted",2005,,6641.6,,ROU,Romania,A,Normal value,2020,,0,Units,0,Zero,USD,US dollar
DATAFLOW,OECD.CFE.EDS:DSD_REG_ECO@DF_INC(2.0),Income - Regions,I,A,Annual,CTRY,Country,ROU,Romania,_Z,Not applicable,B6N,"Disposable income, net",_T,Total - all activities,Q,Constant prices,USD_PPP_PS,"US dollars per person, PPP converted",2005,,7256.7,,ROU,Romania,A,Normal value,2020,,0,Units,0,Zero,USD,US dollar
DATAFLOW,OECD.CFE.EDS:DSD_REG_ECO@DF_INC(2.0),Income - Regions,I,A,Annual,CTRY,Country,IRL,Ireland,_Z,Not applicable,B6N,"Disposable income, net",_T,Total - all activities,Q,Constant prices,USD_PPP_PS,"US dollars per person, PPP converted",2005,,18358.2,,IRL,Ireland,A,Normal value,2020,,0,Units,0,Zero,USD,US dollar
DATAFLOW,OECD.CFE.EDS:DSD_REG_ECO@DF_INC(2.0),Income - Regions,I,A,Annual,CTRY,Country,IRL,Ireland,_Z,Not applicable,B6N,"Disposable income, net",_T,Total - all activities,Q,Constant prices,USD_PPP_PS,"US dollars per person, PPP converted",2006,,18664.1,,IRL,Ireland,A,Normal value,2020,,0,Units,0,Zero,USD,US dollar
DATAFLOW,OECD.CFE.EDS:DSD_REG_ECO@DF_INC(2.0),Income - Regions,I,A,Annual,CTRY,Country,CHL,Chile,_Z,Not applicable,B6N,"Disposable income, net",_T,Total - all activities,Q,Constant prices,USD_PPP_PS,"US dollars per person, PPP converted",2006,,4948.5,,CHL,Chile,A,Normal value,2020,,0,Units,0,Zero,USD,US dollar
DATAFLOW,OECD.CFE.EDS:DSD_REG_ECO@DF_INC(2.0),Income - Regions,I,A,Annual,CTRY,Country,BEL,Belgium,_Z,Not applicable,B5N,"Primary incomes, net",_T,Total - all activities,Q,Constant prices,USD_PPP_PS,"US dollars per person, PPP converted",2006,,30744.5,,BEL,Belgium,A,Normal value,2020,,0,Units,0,Zero,USD,US dollar
DATAFLOW,OECD.CFE.EDS:DSD_REG_ECO@DF_INC(2.0),Income - Regions,I,A,Annual,CTRY,Country,ROU,Romania,_Z,Not applicable,B6N,"Disposable income, net",_T,Total - all activities,Q,Constant prices,USD_PPP_PS,"US dollars per person, PPP converted",2006,,8183,,ROU,Romania,A,Normal value,2020,,0,Units,0,Zero,USD,US dollar
DATAFLOW,OECD.CFE.EDS:DSD_REG_ECO@DF_INC(2.0),Income - Regions,I,A,Annual,CTRY,Country,ROU,Romania,_Z,Not applicable,B5N,"Primary incomes, net",_T,Total - all activities,Q,Constant prices,USD_PPP_PS,"US dollars per person, PPP converted",2006,,7462.8,,ROU,Romania,A,Normal value,2020,,0,Units,0,Zero,USD,US dollar
DATAFLOW,OECD.CFE.EDS:DSD_REG_ECO@DF_INC(2.0),Income - Regions,I,A,Annual,CTRY,Country,KOR,Korea,_Z,Not applicable,B5N,"Primary incomes, net",_T,Total - all activities,Q,Constant prices,USD_PPP_PS,"US dollars per person, PPP converted",2006,,16476.2,,KOR,Korea,A,Normal value,2020,,0,Units,0,Zero,USD,US dollar
DATAFLOW,OECD.CFE.EDS:DSD_REG_ECO@DF_INC(2.0),Income - Regions,I,A,Annual,CTRY,Country,BEL,Belgium,_Z,Not applicable,B6N,"Disposable income, net",_T,Total - all activities,Q,Constant prices,USD_PPP_PS,"US dollars per person, PPP converted",2006,,24265.8,,BEL,Belgium,A,Normal value,2020,,0,Units,0,Zero,USD,US dollar
DATAFLOW,OECD.CFE.EDS:DSD_REG_ECO@DF_INC(2.0),Income - Regions,I,A,Annual,CTRY,Country,IRL,Ireland,_Z,Not applicable,B5N,"Primary incomes, net",_T,Total - all activities,Q,Constant prices,USD_PPP_PS,"US dollars per person, PPP converted",2006,,21526.4,,IRL,Ireland,A,Normal value,2020,,0,Units,0,Zero,USD,US dollar
DATAFLOW,OECD.CFE.EDS:DSD_REG_ECO@DF_INC(2.0),Income - Regions,I,A,Annual,CTRY,Country,KOR,Korea,_Z,Not applicable,B6N,"Disposable income, net",_T,Total - all activities,Q,Constant prices,USD_PPP_PS,"US dollars per person, PPP converted",2006,,15063.9,,KOR,Korea,A,Normal value,2020,,0,Units,0,Zero,USD,US dollar
DATAFLOW,OECD.CFE.EDS:DSD_REG_ECO@DF_INC(2.0),Income - Regions,I,A,Annual,CTRY,Country,TUR,Türkiye,_Z,Not applicable,B6N,"Disposable income, net",_T,Total - all activities,Q,Constant prices,USD_PPP_PS,"US dollars per person, PPP converted",2006,,2898.9,,TUR,Türkiye,A,Normal value,2020,,0,Units,0,Zero,USD,US dollar
DATAFLOW,OECD.CFE.EDS:DSD_REG_ECO@DF_INC(2.0),Income - Regions,I,A,Annual,CTRY,Country,TUR,Türkiye,_Z,Not applicable,B6N,"Disposable income, net",_T,Total - all activities,Q,Constant prices,USD_PPP_PS,"US dollars per person, PPP converted",2007,,3422.4,,TUR,Türkiye,A,Normal value,2020,,0,Units,0,Zero,USD,US dollar
DATAFLOW,OECD.CFE.EDS:DSD_REG_ECO@DF_INC(2.0),Income - Regions,I,A,Annual,CTRY,Country,POL,Poland,_Z,Not applicable,B6N,"Disposable income, net",_T,Total - all activities,Q,Constant prices,USD_PPP_PS,"US dollars per person, PPP converted",2007,,11797.9,,POL,Poland,A,Normal value,2020,,0,Units,0,Zero,USD,US dollar
DATAFLOW,OECD.CFE.EDS:DSD_REG_ECO@DF_INC(2.0),Income - Regions,I,A,Annual,CTRY,Country,KOR,Korea,_Z,Not applicable,B6N,"Disposable income, net",_T,Total - all activities,Q,Constant prices,USD_PPP_PS,"US dollars per person, PPP converted",2007,,15508.5,,KOR,Korea,A,Normal value,2020,,0,Units,0,Zero,USD,US dollar
DATAFLOW,OECD.CFE.EDS:DSD_REG_ECO@DF_INC(2.0),Income - Regions,I,A,Annual,CTRY,Country,IRL,Ireland,_Z,Not applicable,B5N,"Primary incomes, net",_T,Total - all activities,Q,Constant prices,USD_PPP_PS,"US dollars per person, PPP converted",2007,,22171.5,,IRL,Ireland,A,Normal value,2020,,0,Units,0,Zero,USD,US dollar
DATAFLOW,OECD.CFE.EDS:DSD_REG_ECO@DF_INC(2.0),Income - Regions,I,A,Annual,CTRY,Country,KOR,Korea,_Z,Not applicable,B5N,"Primary incomes, net",_T,Total - all activities,Q,Constant prices,USD_PPP_PS,"US dollars per person, PPP converted",2007,,17143,,KOR,Korea,A,Normal value,2020,,0,Units,0,Zero,USD,US dollar
DATAFLOW,OECD.CFE.EDS:DSD_REG_ECO@DF_INC(2.0),Income - Regions,I,A,Annual,CTRY,Country,ROU,Romania,_Z,Not applicable,B5N,"Primary incomes, net",_T,Total - all activities,Q,Constant prices,USD_PPP_PS,"US dollars per person, PPP converted",2007,,8129.9,,ROU,Romania,A,Normal value,2020,,0,Units,0,Zero,USD,US dollar
DATAFLOW,OECD.CFE.EDS:DSD_REG_ECO@DF_INC(2.0),Income - Regions,I,A,Annual,CTRY,Country,IRL,Ireland,_Z,Not applicable,B6N,"Disposable income, net",_T,Total - all activities,Q,Constant prices,USD_PPP_PS,"US dollars per person, PPP converted",2007,,19222,,IRL,Ireland,A,Normal value,2020,,0,Units,0,Zero,USD,US dollar
DATAFLOW,OECD.CFE.EDS:DSD_REG_ECO@DF_INC(2.0),Income - Regions,I,A,Annual,CTRY,Country,IRL,Ireland,_Z,Not applicable,B6N,"Disposable income, net",_T,Total - all activities,Q,Constant prices,USD_PPP_PS,"US dollars per person, PPP converted",2008,,20056.5,,IRL,Ireland,A,Normal value,2020,,0,Units,0,Zero,USD,US dollar
DATAFLOW,OECD.CFE.EDS:DSD_REG_ECO@DF_INC(2.0),Income - Regions,I,A,Annual,CTRY,Country,BEL,Belgium,_Z,Not applicable,B5N,"Primary incomes, net",_T,Total - all activities,Q,Constant prices,USD_PPP_PS,"US dollars per person, PPP converted",2008,,31737.8,,BEL,Belgium,A,Normal value,2020,,0,Units,0,Zero,USD,US dollar
DATAFLOW,OECD.CFE.EDS:DSD_REG_ECO@DF_INC(2.0),Income - Regions,I,A,Annual,CTRY,Country,POL,Poland,_Z,Not applicable,B5N,"Primary incomes, net",_T,Total - all activities,Q,Constant prices,USD_PPP_PS,"US dollars per person, PPP converted",2008,,13364.8,,POL,Poland,A,Normal value,2020,,0,Units,0,Zero,USD,US dollar
DATAFLOW,OECD.CFE.EDS:DSD_REG_ECO@DF_INC(2.0),Income - Regions,I,A,Annual,CTRY,Country,POL,Poland,_Z,Not applicable,B6N,"Disposable income, net",_T,Total - all activities,Q,Constant prices,USD_PPP_PS,"US dollars per person, PPP converted",2008,,12325.5,,POL,Poland,A,Normal value,2020,,0,Units,0,Zero,USD,US dollar
DATAFLOW,OECD.CFE.EDS:DSD_REG_ECO@DF_INC(2.0),Income - Regions,I,A,Annual,CTRY,Country,KOR,Korea,_Z,Not applicable,B5N,"Primary incomes, net",_T,Total - all activities,Q,Constant prices,USD_PPP_PS,"US dollars per person, PPP converted",2008,,17286.8,,KOR,Korea,A,Normal value,2020,,0,Units,0,Zero,USD,US dollar
DATAFLOW,OECD.CFE.EDS:DSD_REG_ECO@DF_INC(2.0),Income - Regions,I,A,Annual,CTRY,Country,BEL,Belgium,_Z,Not applicable,B6N,"Disposable income, net",_T,Total - all activities,Q,Constant prices,USD_PPP_PS,"US dollars per person, PPP converted",2008,,25037.1,,BEL,Belgium,A,Normal value,2020,,0,Units,0,Zero,USD,US dollar
DATAFLOW,OECD.CFE.EDS:DSD_REG_ECO@DF_INC(2.0),Income - Regions,I,A,Annual,CTRY,Country,IRL,Ireland,_Z,Not applicable,B5N,"Primary incomes, net",_T,Total - all activities,Q,Constant prices,USD_PPP_PS,"US dollars per person, PPP converted",2008,,22003.7,,IRL,Ireland,A,Normal value,2020,,0,Units,0,Zero,USD,US dollar
DATAFLOW,OECD.CFE.EDS:DSD_REG_ECO@DF_INC(2.0),Income - Regions,I,A,Annual,CTRY,Country,KOR,Korea,_Z,Not applicable,B6N,"Disposable income, net",_T,Total - all activities,Q,Constant prices,USD_PPP_PS,"US dollars per person, PPP converted",2008,,15793.2,,KOR,Korea,A,Normal value,2020,,0,Units,0,Zero,USD,US dollar
DATAFLOW,OECD.CFE.EDS:DSD_REG_ECO@DF_INC(2.0),Income - Regions,I,A,Annual,CTRY,Country,TUR,Türkiye,_Z,Not applicable,B6N,"Disposable income, net",_T,Total - all activities,Q,Constant prices,USD_PPP_PS,"US dollars per person, PPP converted",2008,,3203.4,,TUR,Türkiye,A,Normal value,2020,,0,Units,0,Zero,USD,US dollar
DATAFLOW,OECD.CFE.EDS:DSD_REG_ECO@DF_INC(2.0),Income - Regions,I,A,Annual,CTRY,Country,TUR,Türkiye,_Z,Not applicable,B6N,"Disposable income, net",_T,Total - all activities,Q,Constant prices,USD_PPP_PS,"US dollars per person, PPP converted",2009,,3368,,TUR,Türkiye,A,Normal value,2020,,0,Units,0,Zero,USD,US dollar
DATAFLOW,OECD.CFE.EDS:DSD_REG_ECO@DF_INC(2.0),Income - Regions,I,A,Annual,CTRY,Country,KOR,Korea,_Z,Not applicable,B6N,"Disposable income, net",_T,Total - all activities,Q,Constant prices,USD_PPP_PS,"US dollars per person, PPP converted",2009,,15854,,KOR,Korea,A,Normal value,2020,,0,Units,0,Zero,USD,US dollar
DATAFLOW,OECD.CFE.EDS:DSD_REG_ECO@DF_INC(2.0),Income - Regions,I,A,Annual,CTRY,Country,IRL,Ireland,_Z,Not applicable,B5N,"Primary incomes, net",_T,Total - all activities,Q,Constant prices,USD_PPP_PS,"US dollars per person, PPP converted",2009,,21053.1,,IRL,Ireland,A,Normal value,2020,,0,Units,0,Zero,USD,US dollar
DATAFLOW,OECD.CFE.EDS:DSD_REG_ECO@DF_INC(2.0),Income - Regions,I,A,Annual,CTRY,Country,KOR,Korea,_Z,Not applicable,B5N,"Primary incomes, net",_T,Total - all activities,Q,Constant prices,USD_PPP_PS,"US dollars per person, PPP converted",2009,,17233.6,,KOR,Korea,A,Normal value,2020,,0,Units,0,Zero,USD,US dollar
DATAFLOW,OECD.CFE.EDS:DSD_REG_ECO@DF_INC(2.0),Income - Regions,I,A,Annual,CTRY,Country,BEL,Belgium,_Z,Not applicable,B5N,"Primary incomes, net",_T,Total - all activities,Q,Constant prices,USD_PPP_PS,"US dollars per person, PPP converted",2009,,31106,,BEL,Belgium,A,Normal value,2020,,0,Units,0,Zero,USD,US dollar
DATAFLOW,OECD.CFE.EDS:DSD_REG_ECO@DF_INC(2.0),Income - Regions,I,A,Annual,CTRY,Country,CHL,Chile,_Z,Not applicable,B6N,"Disposable income, net",_T,Total - all activities,Q,Constant prices,USD_PPP_PS,"US dollars per person, PPP converted",2009,,4621.9,,CHL,Chile,A,Normal value,2020,,0,Units,0,Zero,USD,US dollar
DATAFLOW,OECD.CFE.EDS:DSD_REG_ECO@DF_INC(2.0),Income - Regions,I,A,Annual,CTRY,Country,IRL,Ireland,_Z,Not applicable,B6N,"Disposable income, net",_T,Total - all activities,Q,Constant prices,USD_PPP_PS,"US dollars per person, PPP converted",2009,,19993.3,,IRL,Ireland,A,Normal value,2020,,0,Units,0,Zero,USD,US dollar
DATAFLOW,OECD.CFE.EDS:DSD_REG_ECO@DF_INC(2.0),Income - Regions,I,A,Annual,CTRY,Country,BEL,Belgium,_Z,Not applicable,B5N,"Primary incomes, net",_T,Total - all activities,Q,Constant prices,USD_PPP_PS,"US dollars per person, PPP converted",2010,,30918.3,,BEL,Belgium,A,Normal value,2020,,0,Units,0,Zero,USD,US dollar
DATAFLOW,OECD.CFE.EDS:DSD_REG_ECO@DF_INC(2.0),Income - Regions,I,A,Annual,CTRY,Country,KOR,Korea,_Z,Not applicable,B5N,"Primary incomes, net",_T,Total - all activities,Q,Constant prices,USD_PPP_PS,"US dollars per person, PPP converted",2010,,17748.1,,KOR,Korea,A,Normal value,2020,,0,Units,0,Zero,USD,US dollar
DATAFLOW,OECD.CFE.EDS:DSD_REG_ECO@DF_INC(2.0),Income - Regions,I,A,Annual,CTRY,Country,KOR,Korea,_Z,Not applicable,B6N,"Disposable income, net",_T,Total - all activities,Q,Constant prices,USD_PPP_PS,"US dollars per person, PPP converted",2010,,16285.8,,KOR,Korea,A,Normal value,2020,,0,Units,0,Zero,USD,US dollar
DATAFLOW,OECD.CFE.EDS:DSD_REG_ECO@DF_INC(2.0),Income - Regions,I,A,Annual,CTRY,Country,TUR,Türkiye,_Z,Not applicable,B6N,"Disposable income, net",_T,Total - all activities,Q,Constant prices,USD_PPP_PS,"US dollars per person, PPP converted",2010,,3276.4,,TUR,Türkiye,A,Normal value,2020,,0,Units,0,Zero,USD,US dollar
DATAFLOW,OECD.CFE.EDS:DSD_REG_ECO@DF_INC(2.0),Income - Regions,I,A,Annual,CTRY,Country,TUR,Türkiye,_Z,Not applicable,B6N,"Disposable income, net",_T,Total - all activities,Q,Constant prices,USD_PPP_PS,"US dollars per person, PPP converted",2011,,3372.2,,TUR,Türkiye,A,Normal value,2020,,0,Units,0,Zero,USD,US dollar
DATAFLOW,OECD.CFE.EDS:DSD_REG_ECO@DF_INC(2.0),Income - Regions,I,A,Annual,CTRY,Country,NOR,Norway,_Z,Not applicable,B5N,"Primary incomes, net",_T,Total - all activities,Q,Constant prices,USD_PPP_PS,"US dollars per person, PPP converted",2011,,28786.6,,NOR,Norway,A,Normal value,2020,,0,Units,0,Zero,USD,US dollar
DATAFLOW,OECD.CFE.EDS:DSD_REG_ECO@DF_INC(2.0),Income - Regions,I,A,Annual,CTRY,Country,CHL,Chile,_Z,Not applicable,B6N,"Disposable income, net",_T,Total - all activities,Q,Constant prices,USD_PPP_PS,"US dollars per person, PPP converted",2011,,4836.8,,CHL,Chile,A,Normal value,2020,,0,Units,0,Zero,USD,US dollar
DATAFLOW,OECD.CFE.EDS:DSD_REG_ECO@DF_INC(2.0),Income - Regions,I,A,Annual,CTRY,Country,NOR,Norway,_Z,Not applicable,B6N,"Disposable income, net",_T,Total - all activities,Q,Constant prices,USD_PPP_PS,"US dollars per person, PPP converted",2011,,22780.7,,NOR,Norway,A,Normal value,2020,,0,Units,0,Zero,USD,US dollar
DATAFLOW,OECD.CFE.EDS:DSD_REG_ECO@DF_INC(2.0),Income - Regions,I,A,Annual,CTRY,Country,NOR,Norway,_Z,Not applicable,B6N,"Disposable income, net",_T,Total - all activities,Q,Constant prices,USD_PPP_PS,"US dollars per person, PPP converted",2012,,23492.7,,NOR,Norway,A,Normal value,2020,,0,Units,0,Zero,USD,US dollar
DATAFLOW,OECD.CFE.EDS:DSD_REG_ECO@DF_INC(2.0),Income - Regions,I,A,Annual,CTRY,Country,CHL,Chile,_Z,Not applicable,B6N,"Disposable income, net",_T,Total - all activities,Q,Constant prices,USD_PPP_PS,"US dollars per person, PPP converted",2012,,5510.7,,CHL,Chile,A,Normal value,2020,,0,Units,0,Zero,USD,US dollar
DATAFLOW,OECD.CFE.EDS:DSD_REG_ECO@DF_INC(2.0),Income - Regions,I,A,Annual,CTRY,Country,NOR,Norway,_Z,Not applicable,B5N,"Primary incomes, net",_T,Total - all activities,Q,Constant prices,USD_PPP_PS,"US dollars per person, PPP converted",2012,,29905.4,,NOR,Norway,A,Normal value,2020,,0,Units,0,Zero,USD,US dollar
DATAFLOW,OECD.CFE.EDS:DSD_REG_ECO@DF_INC(2.0),Income - Regions,I,A,Annual,CTRY,Country,BEL,Belgium,_Z,Not applicable,B6N,"Disposable income, net",_T,Total - all activities,Q,Constant prices,USD_PPP_PS,"US dollars per person, PPP converted",2012,,24422.8,,BEL,Belgium,A,Normal value,2020,,0,Units,0,Zero,USD,US dollar
DATAFLOW,OECD.CFE.EDS:DSD_REG_ECO@DF_INC(2.0),Income - Regions,I,A,Annual,CTRY,Country,TUR,Türkiye,_Z,Not applicable,B6N,"Disposable income, net",_T,Total - all activities,Q,Constant prices,USD_PPP_PS,"US dollars per person, PPP converted",2012,,3413.6,,TUR,Türkiye,A,Normal value,2020,,0,Units,0,Zero,USD,US dollar
DATAFLOW,OECD.CFE.EDS:DSD_REG_ECO@DF_INC(2.0),Income - Regions,I,A,Annual,CTRY,Country,TUR,Türkiye,_Z,Not applicable,B6N,"Disposable income, net",_T,Total - all activities,Q,Constant prices,USD_PPP_PS,"US dollars per person, PPP converted",2013,,3636,,TUR,Türkiye,A,Normal value,2020,,0,Units,0,Zero,USD,US dollar
DATAFLOW,OECD.CFE.EDS:DSD_REG_ECO@DF_INC(2.0),Income - Regions,I,A,Annual,CTRY,Country,NOR,Norway,_Z,Not applicable,B5N,"Primary incomes, net",_T,Total - all activities,Q,Constant prices,USD_PPP_PS,"US dollars per person, PPP converted",2013,,30595,,NOR,Norway,A,Normal value,2020,,0,Units,0,Zero,USD,US dollar
DATAFLOW,OECD.CFE.EDS:DSD_REG_ECO@DF_INC(2.0),Income - Regions,I,A,Annual,CTRY,Country,CHL,Chile,_Z,Not applicable,B6N,"Disposable income, net",_T,Total - all activities,Q,Constant prices,USD_PPP_PS,"US dollars per person, PPP converted",2013,,7054.5,,CHL,Chile,A,Normal value,2020,,0,Units,0,Zero,USD,US dollar
DATAFLOW,OECD.CFE.EDS:DSD_REG_ECO@DF_INC(2.0),Income - Regions,I,A,Annual,CTRY,Country,NOR,Norway,_Z,Not applicable,B6N,"Disposable income, net",_T,Total - all activities,Q,Constant prices,USD_PPP_PS,"US dollars per person, PPP converted",2013,,24146.7,,NOR,Norway,A,Normal value,2020,,0,Units,0,Zero,USD,US dollar
DATAFLOW,OECD.CFE.EDS:DSD_REG_ECO@DF_INC(2.0),Income - Regions,I,A,Annual,CTRY,Country,NOR,Norway,_Z,Not applicable,B6N,"Disposable income, net",_T,Total - all activities,Q,Constant prices,USD_PPP_PS,"US dollars per person, PPP converted",2014,,24351.1,,NOR,Norway,A,Normal value,2020,,0,Units,0,Zero,USD,US dollar
DATAFLOW,OECD.CFE.EDS:DSD_REG_ECO@DF_INC(2.0),Income - Regions,I,A,Annual,CTRY,Country,NOR,Norway,_Z,Not applicable,B5N,"Primary incomes, net",_T,Total - all activities,Q,Constant prices,USD_PPP_PS,"US dollars per person, PPP converted",2014,,30860.7,,NOR,Norway,A,Normal value,2020,,0,Units,0,Zero,USD,US dollar
DATAFLOW,OECD.CFE.EDS:DSD_REG_ECO@DF_INC(2.0),Income - Regions,I,A,Annual,CTRY,Country,TUR,Türkiye,_Z,Not applicable,B6N,"Disposable income, net",_T,Total - all activities,Q,Constant prices,USD_PPP_PS,"US dollars per person, PPP converted",2014,,3719.9,,TUR,Türkiye,A,Normal value,2020,,0,Units,0,Zero,USD,US dollar
DATAFLOW,OECD.CFE.EDS:DSD_REG_ECO@DF_INC(2.0),Income - Regions,I,A,Annual,CTRY,Country,NOR,Norway,_Z,Not applicable,B5N,"Primary incomes, net",_T,Total - all activities,Q,Constant prices,USD_PPP_PS,"US dollars per person, PPP converted",2015,,31907.4,,NOR,Norway,A,Normal value,2020,,0,Units,0,Zero,USD,US dollar
DATAFLOW,OECD.CFE.EDS:DSD_REG_ECO@DF_INC(2.0),Income - Regions,I,A,Annual,CTRY,Country,CHL,Chile,_Z,Not applicable,B6N,"Disposable income, net",_T,Total - all activities,Q,Constant prices,USD_PPP_PS,"US dollars per person, PPP converted",2015,,7219.4,,CHL,Chile,A,Normal value,2020,,0,Units,0,Zero,USD,US dollar
DATAFLOW,OECD.CFE.EDS:DSD_REG_ECO@DF_INC(2.0),Income - Regions,I,A,Annual,CTRY,Country,NOR,Norway,_Z,Not applicable,B6N,"Disposable income, net",_T,Total - all activities,Q,Constant prices,USD_PPP_PS,"US dollars per person, PPP converted",2015,,25363.2,,NOR,Norway,A,Normal value,2020,,0,Units,0,Zero,USD,US dollar
DATAFLOW,OECD.CFE.EDS:DSD_REG_ECO@DF_INC(2.0),Income - Regions,I,A,Annual,CTRY,Country,NOR,Norway,_Z,Not applicable,B6N,"Disposable income, net",_T,Total - all activities,Q,Constant prices,USD_PPP_PS,"US dollars per person, PPP converted",2016,,24714.9,,NOR,Norway,A,Normal value,2020,,0,Units,0,Zero,USD,US dollar
DATAFLOW,OECD.CFE.EDS:DSD_REG_ECO@DF_INC(2.0),Income - Regions,I,A,Annual,CTRY,Country,NOR,Norway,_Z,Not applicable,B5N,"Primary incomes, net",_T,Total - all activities,Q,Constant prices,USD_PPP_PS,"US dollars per person, PPP converted",2016,,30709.6,,NOR,Norway,A,Normal value,2020,,0,Units,0,Zero,USD,US dollar
DATAFLOW,OECD.CFE.EDS:DSD_REG_ECO@DF_INC(2.0),Income - Regions,I,A,Annual,CTRY,Country,BEL,Belgium,_Z,Not applicable,B6N,"Disposable income, net",_T,Total - all activities,Q,Constant prices,USD_PPP_PS,"US dollars per person, PPP converted",2017,,24977,,BEL,Belgium,A,Normal value,2020,,0,Units,0,Zero,USD,US dollar
DATAFLOW,OECD.CFE.EDS:DSD_REG_ECO@DF_INC(2.0),Income - Regions,I,A,Annual,CTRY,Country,NOR,Norway,_Z,Not applicable,B5N,"Primary incomes, net",_T,Total - all activities,Q,Constant prices,USD_PPP_PS,"US dollars per person, PPP converted",2017,,30930.1,,NOR,Norway,A,Normal value,2020,,0,Units,0,Zero,USD,US dollar
DATAFLOW,OECD.CFE.EDS:DSD_REG_ECO@DF_INC(2.0),Income - Regions,I,A,Annual,CTRY,Country,CHL,Chile,_Z,Not applicable,B6N,"Disposable income, net",_T,Total - all activities,Q,Constant prices,USD_PPP_PS,"US dollars per person, PPP converted",2017,,7743.2,,CHL,Chile,A,Normal value,2020,,0,Units,0,Zero,USD,US dollar
DATAFLOW,OECD.CFE.EDS:DSD_REG_ECO@DF_INC(2.0),Income - Regions,I,A,Annual,CTRY,Country,NOR,Norway,_Z,Not applicable,B6N,"Disposable income, net",_T,Total - all activities,Q,Constant prices,USD_PPP_PS,"US dollars per person, PPP converted",2017,,25002.8,,NOR,Norway,A,Normal value,2020,,0,Units,0,Zero,USD,US dollar
DATAFLOW,OECD.CFE.EDS:DSD_REG_ECO@DF_INC(2.0),Income - Regions,I,A,Annual,CTRY,Country,NOR,Norway,_Z,Not applicable,B6N,"Disposable income, net",_T,Total - all activities,Q,Constant prices,USD_PPP_PS,"US dollars per person, PPP converted",2018,,25049.9,,NOR,Norway,A,Normal value,2020,,0,Units,0,Zero,USD,US dollar
DATAFLOW,OECD.CFE.EDS:DSD_REG_ECO@DF_INC(2.0),Income - Regions,I,A,Annual,CTRY,Country,NOR,Norway,_Z,Not applicable,B5N,"Primary incomes, net",_T,Total - all activities,Q,Constant prices,USD_PPP_PS,"US dollars per person, PPP converted",2018,,31156.8,,NOR,Norway,A,Normal value,2020,,0,Units,0,Zero,USD,US dollar
DATAFLOW,OECD.CFE.EDS:DSD_REG_ECO@DF_INC(2.0),Income - Regions,I,A,Annual,CTRY,Country,NOR,Norway,_Z,Not applicable,B5N,"Primary incomes, net",_T,Total - all activities,Q,Constant prices,USD_PPP_PS,"US dollars per person, PPP converted",2019,,31805.5,,NOR,Norway,A,Normal value,2020,,0,Units,0,Zero,USD,US dollar
DATAFLOW,OECD.CFE.EDS:DSD_REG_ECO@DF_INC(2.0),Income - Regions,I,A,Annual,CTRY,Country,NOR,Norway,_Z,Not applicable,B6N,"Disposable income, net",_T,Total - all activities,Q,Constant prices,USD_PPP_PS,"US dollars per person, PPP converted",2019,,25408.2,,NOR,Norway,A,Normal value,2020,,0,Units,0,Zero,USD,US dollar
DATAFLOW,OECD.CFE.EDS:DSD_REG_ECO@DF_INC(2.0),Income - Regions,I,A,Annual,CTRY,Country,NOR,Norway,_Z,Not applicable,B6N,"Disposable income, net",_T,Total - all activities,Q,Constant prices,USD_PPP_PS,"US dollars per person, PPP converted",2020,,25653.6,,NOR,Norway,A,Normal value,2020,,0,Units,0,Zero,USD,US dollar
DATAFLOW,OECD.CFE.EDS:DSD_REG_ECO@DF_INC(2.0),Income - Regions,I,A,Annual,CTRY,Country,CRI,Costa Rica,_Z,Not applicable,B6N,"Disposable income, net",_T,Total - all activities,Q,Constant prices,USD_PPP_PS,"US dollars per person, PPP converted",2020,,8245.7,,CRI,Costa Rica,A,Normal value,2020,,0,Units,0,Zero,USD,US dollar
DATAFLOW,OECD.CFE.EDS:DSD_REG_ECO@DF_INC(2.0),Income - Regions,I,A,Annual,CTRY,Country,NOR,Norway,_Z,Not applicable,B5N,"Primary incomes, net",_T,Total - all activities,Q,Constant prices,USD_PPP_PS,"US dollars per person, PPP converted",2020,,31098.8,,NOR,Norway,A,Normal value,2020,,0,Units,0,Zero,USD,US dollar
DATAFLOW,OECD.CFE.EDS:DSD_REG_ECO@DF_INC(2.0),Income - Regions,I,A,Annual,CTRY,Country,KOR,Korea,_Z,Not applicable,B5N,"Primary incomes, net",_T,Total - all activities,Q,Constant prices,USD_PPP_PS,"US dollars per person, PPP converted",2020,,22672.8,,KOR,Korea,A,Normal value,2020,,0,Units,0,Zero,USD,US dollar
DATAFLOW,OECD.CFE.EDS:DSD_REG_ECO@DF_INC(2.0),Income - Regions,I,A,Annual,CTRY,Country,KOR,Korea,_Z,Not applicable,B6N,"Disposable income, net",_T,Total - all activities,Q,Constant prices,USD_PPP_PS,"US dollars per person, PPP converted",2020,,20749.3,,KOR,Korea,A,Normal value,2020,,0,Units,0,Zero,USD,US dollar
DATAFLOW,OECD.CFE.EDS:DSD_REG_ECO@DF_INC(2.0),Income - Regions,I,A,Annual,CTRY,Country,TUR,Türkiye,_Z,Not applicable,B6N,"Disposable income, net",_T,Total - all activities,Q,Constant prices,USD_PPP_PS,"US dollars per person, PPP converted",2021,,3799.1,,TUR,Türkiye,A,Normal value,2020,,0,Units,0,Zero,USD,US dollar
DATAFLOW,OECD.CFE.EDS:DSD_REG_ECO@DF_INC(2.0),Income - Regions,I,A,Annual,CTRY,Country,KOR,Korea,_Z,Not applicable,B6N,"Disposable income, net",_T,Total - all activities,Q,Constant prices,USD_PPP_PS,"US dollars per person, PPP converted",2021,,20947.9,,KOR,Korea,A,Normal value,2020,,0,Units,0,Zero,USD,US dollar
DATAFLOW,OECD.CFE.EDS:DSD_REG_ECO@DF_INC(2.0),Income - Regions,I,A,Annual,CTRY,Country,KOR,Korea,_Z,Not applicable,B5N,"Primary incomes, net",_T,Total - all activities,Q,Constant prices,USD_PPP_PS,"US dollars per person, PPP converted",2021,,23346.1,,KOR,Korea,A,Normal value,2020,,0,Units,0,Zero,USD,US dollar
DATAFLOW,OECD.CFE.EDS:DSD_REG_ECO@DF_INC(2.0),Income - Regions,I,A,Annual,CTRY,Country,NOR,Norway,_Z,Not applicable,B5N,"Primary incomes, net",_T,Total - all activities,Q,Constant prices,USD_PPP_PS,"US dollars per person, PPP converted",2021,,37161,,NOR,Norway,A,Normal value,2020,,0,Units,0,Zero,USD,US dollar
DATAFLOW,OECD.CFE.EDS:DSD_REG_ECO@DF_INC(2.0),Income - Regions,I,A,Annual,CTRY,Country,NOR,Norway,_Z,Not applicable,B6N,"Disposable income, net",_T,Total - all activities,Q,Constant prices,USD_PPP_PS,"US dollars per person, PPP converted",2021,,26506.9,,NOR,Norway,A,Normal value,2020,,0,Units,0,Zero,USD,US dollar
DATAFLOW,OECD.CFE.EDS:DSD_REG_ECO@DF_INC(2.0),Income - Regions,I,A,Annual,CTRY,Country,CRI,Costa Rica,_Z,Not applicable,B6N,"Disposable income, net",_T,Total - all activities,Q,Constant prices,USD_PPP_PS,"US dollars per person, PPP converted",2021,,9235.6,,CRI,Costa Rica,A,Normal value,2020,,0,Units,0,Zero,USD,US dollar
DATAFLOW,OECD.CFE.EDS:DSD_REG_ECO@DF_INC(2.0),Income - Regions,I,A,Annual,CTRY,Country,KOR,Korea,_Z,Not applicable,B5N,"Primary incomes, net",_T,Total - all activities,Q,Constant prices,USD_PPP_PS,"US dollars per person, PPP converted",2022,,23154.1,,KOR,Korea,A,Normal value,2020,,0,Units,0,Zero,USD,US dollar
DATAFLOW,OECD.CFE.EDS:DSD_REG_ECO@DF_INC(2.0),Income - Regions,I,A,Annual,CTRY,Country,KOR,Korea,_Z,Not applicable,B6N,"Disposable income, net",_T,Total - all activities,Q,Constant prices,USD_PPP_PS,"US dollars per person, PPP converted",2022,,21295.8,,KOR,Korea,A,Normal value,2020,,0,Units,0,Zero,USD,US dollar
DATAFLOW,OECD.CFE.EDS:DSD_REG_ECO@DF_INC(2.0),Income - Regions,I,A,Annual,CTRY,Country,PRT,Portugal,_Z,Not applicable,B5N,"Primary incomes, net",_T,Total - all activities,Q,Constant prices,USD_PPP_PS,"US dollars per person, PPP converted",1995,,15567.1,,PRT,Portugal,A,Normal value,2020,,0,Units,0,Zero,USD,US dollar
DATAFLOW,OECD.CFE.EDS:DSD_REG_ECO@DF_INC(2.0),Income - Regions,I,A,Annual,CTRY,Country,PRT,Portugal,_Z,Not applicable,B6N,"Disposable income, net",_T,Total - all activities,Q,Constant prices,USD_PPP_PS,"US dollars per person, PPP converted",1995,,15160.6,,PRT,Portugal,A,Normal value,2020,,0,Units,0,Zero,USD,US dollar
DATAFLOW,OECD.CFE.EDS:DSD_REG_ECO@DF_INC(2.0),Income - Regions,I,A,Annual,CTRY,Country,PRT,Portugal,_Z,Not applicable,B6N,"Disposable income, net",_T,Total - all activities,Q,Constant prices,USD_PPP_PS,"US dollars per person, PPP converted",1996,,15425.4,,PRT,Portugal,A,Normal value,2020,,0,Units,0,Zero,USD,US dollar
DATAFLOW,OECD.CFE.EDS:DSD_REG_ECO@DF_INC(2.0),Income - Regions,I,A,Annual,CTRY,Country,PRT,Portugal,_Z,Not applicable,B5N,"Primary incomes, net",_T,Total - all activities,Q,Constant prices,USD_PPP_PS,"US dollars per person, PPP converted",1996,,15902.8,,PRT,Portugal,A,Normal value,2020,,0,Units,0,Zero,USD,US dollar
DATAFLOW,OECD.CFE.EDS:DSD_REG_ECO@DF_INC(2.0),Income - Regions,I,A,Annual,CTRY,Country,PRT,Portugal,_Z,Not applicable,B5N,"Primary incomes, net",_T,Total - all activities,Q,Constant prices,USD_PPP_PS,"US dollars per person, PPP converted",1997,,16292.7,,PRT,Portugal,A,Normal value,2020,,0,Units,0,Zero,USD,US dollar
DATAFLOW,OECD.CFE.EDS:DSD_REG_ECO@DF_INC(2.0),Income - Regions,I,A,Annual,CTRY,Country,PRT,Portugal,_Z,Not applicable,B6N,"Disposable income, net",_T,Total - all activities,Q,Constant prices,USD_PPP_PS,"US dollars per person, PPP converted",1997,,15819.6,,PRT,Portugal,A,Normal value,2020,,0,Units,0,Zero,USD,US dollar
DATAFLOW,OECD.CFE.EDS:DSD_REG_ECO@DF_INC(2.0),Income - Regions,I,A,Annual,CTRY,Country,PRT,Portugal,_Z,Not applicable,B6N,"Disposable income, net",_T,Total - all activities,Q,Constant prices,USD_PPP_PS,"US dollars per person, PPP converted",1998,,16771.7,,PRT,Portugal,A,Normal value,2020,,0,Units,0,Zero,USD,US dollar
DATAFLOW,OECD.CFE.EDS:DSD_REG_ECO@DF_INC(2.0),Income - Regions,I,A,Annual,CTRY,Country,PRT,Portugal,_Z,Not applicable,B5N,"Primary incomes, net",_T,Total - all activities,Q,Constant prices,USD_PPP_PS,"US dollars per person, PPP converted",1998,,17260.9,,PRT,Portugal,A,Normal value,2020,,0,Units,0,Zero,USD,US dollar
DATAFLOW,OECD.CFE.EDS:DSD_REG_ECO@DF_INC(2.0),Income - Regions,I,A,Annual,CTRY,Country,PRT,Portugal,_Z,Not applicable,B5N,"Primary incomes, net",_T,Total - all activities,Q,Constant prices,USD_PPP_PS,"US dollars per person, PPP converted",1999,,17953.4,,PRT,Portugal,A,Normal value,2020,,0,Units,0,Zero,USD,US dollar
DATAFLOW,OECD.CFE.EDS:DSD_REG_ECO@DF_INC(2.0),Income - Regions,I,A,Annual,CTRY,Country,PRT,Portugal,_Z,Not applicable,B6N,"Disposable income, net",_T,Total - all activities,Q,Constant prices,USD_PPP_PS,"US dollars per person, PPP converted",1999,,17375.6,,PRT,Portugal,A,Normal value,2020,,0,Units,0,Zero,USD,US dollar
DATAFLOW,OECD.CFE.EDS:DSD_REG_ECO@DF_INC(2.0),Income - Regions,I,A,Annual,CTRY,Country,PRT,Portugal,_Z,Not applicable,B6N,"Disposable income, net",_T,Total - all activities,Q,Constant prices,USD_PPP_PS,"US dollars per person, PPP converted",2000,,17676.9,,PRT,Portugal,A,Normal value,2020,,0,Units,0,Zero,USD,US dollar
DATAFLOW,OECD.CFE.EDS:DSD_REG_ECO@DF_INC(2.0),Income - Regions,I,A,Annual,CTRY,Country,PRT,Portugal,_Z,Not applicable,B5N,"Primary incomes, net",_T,Total - all activities,Q,Constant prices,USD_PPP_PS,"US dollars per person, PPP converted",2000,,18324.6,,PRT,Portugal,A,Normal value,2020,,0,Units,0,Zero,USD,US dollar
DATAFLOW,OECD.CFE.EDS:DSD_REG_ECO@DF_INC(2.0),Income - Regions,I,A,Annual,CTRY,Country,PRT,Portugal,_Z,Not applicable,B5N,"Primary incomes, net",_T,Total - all activities,Q,Constant prices,USD_PPP_PS,"US dollars per person, PPP converted",2001,,18301.4,,PRT,Portugal,A,Normal value,2020,,0,Units,0,Zero,USD,US dollar
DATAFLOW,OECD.CFE.EDS:DSD_REG_ECO@DF_INC(2.0),Income - Regions,I,A,Annual,CTRY,Country,PRT,Portugal,_Z,Not applicable,B6N,"Disposable income, net",_T,Total - all activities,Q,Constant prices,USD_PPP_PS,"US dollars per person, PPP converted",2001,,17755.4,,PRT,Portugal,A,Normal value,2020,,0,Units,0,Zero,USD,US dollar
DATAFLOW,OECD.CFE.EDS:DSD_REG_ECO@DF_INC(2.0),Income - Regions,I,A,Annual,CTRY,Country,PRT,Portugal,_Z,Not applicable,B5N,"Primary incomes, net",_T,Total - all activities,Q,Constant prices,USD_PPP_PS,"US dollars per person, PPP converted",2003,,18265.9,,PRT,Portugal,A,Normal value,2020,,0,Units,0,Zero,USD,US dollar
DATAFLOW,OECD.CFE.EDS:DSD_REG_ECO@DF_INC(2.0),Income - Regions,I,A,Annual,CTRY,Country,PRT,Portugal,_Z,Not applicable,B6N,"Disposable income, net",_T,Total - all activities,Q,Constant prices,USD_PPP_PS,"US dollars per person, PPP converted",2003,,17723.3,,PRT,Portugal,A,Normal value,2020,,0,Units,0,Zero,USD,US dollar
DATAFLOW,OECD.CFE.EDS:DSD_REG_ECO@DF_INC(2.0),Income - Regions,I,A,Annual,CTRY,Country,PRT,Portugal,_Z,Not applicable,B6N,"Disposable income, net",_T,Total - all activities,Q,Constant prices,USD_PPP_PS,"US dollars per person, PPP converted",2004,,17791.8,,PRT,Portugal,A,Normal value,2020,,0,Units,0,Zero,USD,US dollar
DATAFLOW,OECD.CFE.EDS:DSD_REG_ECO@DF_INC(2.0),Income - Regions,I,A,Annual,CTRY,Country,PRT,Portugal,_Z,Not applicable,B6N,"Disposable income, net",_T,Total - all activities,Q,Constant prices,USD_PPP_PS,"US dollars per person, PPP converted",2005,,17826.4,,PRT,Portugal,A,Normal value,2020,,0,Units,0,Zero,USD,US dollar
DATAFLOW,OECD.CFE.EDS:DSD_REG_ECO@DF_INC(2.0),Income - Regions,I,A,Annual,CTRY,Country,PRT,Portugal,_Z,Not applicable,B6N,"Disposable income, net",_T,Total - all activities,Q,Constant prices,USD_PPP_PS,"US dollars per person, PPP converted",2006,,17717.6,,PRT,Portugal,A,Normal value,2020,,0,Units,0,Zero,USD,US dollar
DATAFLOW,OECD.CFE.EDS:DSD_REG_ECO@DF_INC(2.0),Income - Regions,I,A,Annual,CTRY,Country,PRT,Portugal,_Z,Not applicable,B5N,"Primary incomes, net",_T,Total - all activities,Q,Constant prices,USD_PPP_PS,"US dollars per person, PPP converted",2006,,18196.7,,PRT,Portugal,A,Normal value,2020,,0,Units,0,Zero,USD,US dollar
DATAFLOW,OECD.CFE.EDS:DSD_REG_ECO@DF_INC(2.0),Income - Regions,I,A,Annual,CTRY,Country,PRT,Portugal,_Z,Not applicable,B5N,"Primary incomes, net",_T,Total - all activities,Q,Constant prices,USD_PPP_PS,"US dollars per person, PPP converted",2007,,18359.5,,PRT,Portugal,A,Normal value,2020,,0,Units,0,Zero,USD,US dollar
DATAFLOW,OECD.CFE.EDS:DSD_REG_ECO@DF_INC(2.0),Income - Regions,I,A,Annual,CTRY,Country,PRT,Portugal,_Z,Not applicable,B6N,"Disposable income, net",_T,Total - all activities,Q,Constant prices,USD_PPP_PS,"US dollars per person, PPP converted",2009,,18513.1,,PRT,Portugal,A,Normal value,2020,,0,Units,0,Zero,USD,US dollar
DATAFLOW,OECD.CFE.EDS:DSD_REG_ECO@DF_INC(2.0),Income - Regions,I,A,Annual,CTRY,Country,PRT,Portugal,_Z,Not applicable,B6N,"Disposable income, net",_T,Total - all activities,Q,Constant prices,USD_PPP_PS,"US dollars per person, PPP converted",2010,,18460.4,,PRT,Portugal,A,Normal value,2020,,0,Units,0,Zero,USD,US dollar
DATAFLOW,OECD.CFE.EDS:DSD_REG_ECO@DF_INC(2.0),Income - Regions,I,A,Annual,CTRY,Country,PRT,Portugal,_Z,Not applicable,B5N,"Primary incomes, net",_T,Total - all activities,Q,Constant prices,USD_PPP_PS,"US dollars per person, PPP converted",2010,,18444.8,,PRT,Portugal,A,Normal value,2020,,0,Units,0,Zero,USD,US dollar
DATAFLOW,OECD.CFE.EDS:DSD_REG_ECO@DF_INC(2.0),Income - Regions,I,A,Annual,CTRY,Country,PRT,Portugal,_Z,Not applicable,B6N,"Disposable income, net",_T,Total - all activities,Q,Constant prices,USD_PPP_PS,"US dollars per person, PPP converted",2011,,17696.7,,PRT,Portugal,A,Normal value,2020,,0,Units,0,Zero,USD,US dollar
DATAFLOW,OECD.CFE.EDS:DSD_REG_ECO@DF_INC(2.0),Income - Regions,I,A,Annual,CTRY,Country,PRT,Portugal,_Z,Not applicable,B5N,"Primary incomes, net",_T,Total - all activities,Q,Constant prices,USD_PPP_PS,"US dollars per person, PPP converted",2012,,16692,,PRT,Portugal,A,Normal value,2020,,0,Units,0,Zero,USD,US dollar
DATAFLOW,OECD.CFE.EDS:DSD_REG_ECO@DF_INC(2.0),Income - Regions,I,A,Annual,CTRY,Country,PRT,Portugal,_Z,Not applicable,B5N,"Primary incomes, net",_T,Total - all activities,Q,Constant prices,USD_PPP_PS,"US dollars per person, PPP converted",2013,,16871.4,,PRT,Portugal,A,Normal value,2020,,0,Units,0,Zero,USD,US dollar
DATAFLOW,OECD.CFE.EDS:DSD_REG_ECO@DF_INC(2.0),Income - Regions,I,A,Annual,CTRY,Country,PRT,Portugal,_Z,Not applicable,B6N,"Disposable income, net",_T,Total - all activities,Q,Constant prices,USD_PPP_PS,"US dollars per person, PPP converted",2013,,16856.3,,PRT,Portugal,A,Normal value,2020,,0,Units,0,Zero,USD,US dollar
DATAFLOW,OECD.CFE.EDS:DSD_REG_ECO@DF_INC(2.0),Income - Regions,I,A,Annual,CTRY,Country,PRT,Portugal,_Z,Not applicable,B5N,"Primary incomes, net",_T,Total - all activities,Q,Constant prices,USD_PPP_PS,"US dollars per person, PPP converted",2014,,16903.6,,PRT,Portugal,A,Normal value,2020,,0,Units,0,Zero,USD,US dollar
DATAFLOW,OECD.CFE.EDS:DSD_REG_ECO@DF_INC(2.0),Income - Regions,I,A,Annual,CTRY,Country,PRT,Portugal,_Z,Not applicable,B5N,"Primary incomes, net",_T,Total - all activities,Q,Constant prices,USD_PPP_PS,"US dollars per person, PPP converted",2015,,17214.7,,PRT,Portugal,A,Normal value,2020,,0,Units,0,Zero,USD,US dollar
DATAFLOW,OECD.CFE.EDS:DSD_REG_ECO@DF_INC(2.0),Income - Regions,I,A,Annual,CTRY,Country,PRT,Portugal,_Z,Not applicable,B6N,"Disposable income, net",_T,Total - all activities,Q,Constant prices,USD_PPP_PS,"US dollars per person, PPP converted",2015,,17261.9,,PRT,Portugal,A,Normal value,2020,,0,Units,0,Zero,USD,US dollar
DATAFLOW,OECD.CFE.EDS:DSD_REG_ECO@DF_INC(2.0),Income - Regions,I,A,Annual,CTRY,Country,PRT,Portugal,_Z,Not applicable,B5N,"Primary incomes, net",_T,Total - all activities,Q,Constant prices,USD_PPP_PS,"US dollars per person, PPP converted",2017,,17879.5,,PRT,Portugal,A,Normal value,2020,,0,Units,0,Zero,USD,US dollar
DATAFLOW,OECD.CFE.EDS:DSD_REG_ECO@DF_INC(2.0),Income - Regions,I,A,Annual,CTRY,Country,PRT,Portugal,_Z,Not applicable,B6N,"Disposable income, net",_T,Total - all activities,Q,Constant prices,USD_PPP_PS,"US dollars per person, PPP converted",2017,,18014.6,,PRT,Portugal,A,Normal value,2020,,0,Units,0,Zero,USD,US dollar
DATAFLOW,OECD.CFE.EDS:DSD_REG_ECO@DF_INC(2.0),Income - Regions,I,A,Annual,CTRY,Country,PRT,Portugal,_Z,Not applicable,B6N,"Disposable income, net",_T,Total - all activities,Q,Constant prices,USD_PPP_PS,"US dollars per person, PPP converted",2018,,18461.7,,PRT,Portugal,A,Normal value,2020,,0,Units,0,Zero,USD,US dollar
DATAFLOW,OECD.CFE.EDS:DSD_REG_ECO@DF_INC(2.0),Income - Regions,I,A,Annual,CTRY,Country,PRT,Portugal,_Z,Not applicable,B6N,"Disposable income, net",_T,Total - all activities,Q,Constant prices,USD_PPP_PS,"US dollars per person, PPP converted",2020,,18543.2,,PRT,Portugal,A,Normal value,2020,,0,Units,0,Zero,USD,US dollar
DATAFLOW,OECD.CFE.EDS:DSD_REG_ECO@DF_INC(2.0),Income - Regions,I,A,Annual,CTRY,Country,PRT,Portugal,_Z,Not applicable,B5N,"Primary incomes, net",_T,Total - all activities,Q,Constant prices,USD_PPP_PS,"US dollars per person, PPP converted",2020,,18381.3,,PRT,Portugal,A,Normal value,2020,,0,Units,0,Zero,USD,US dollar
DATAFLOW,OECD.CFE.EDS:DSD_REG_ECO@DF_INC(2.0),Income - Regions,I,A,Annual,CTRY,Country,ISR,Israel,_Z,Not applicable,B6N,"Disposable income, net",_T,Total - all activities,Q,Constant prices,USD_PPP_PS,"US dollars per person, PPP converted",1996,,9943.3,,ISR,Israel,A,Normal value,2020,,0,Units,0,Zero,USD,US dollar
DATAFLOW,OECD.CFE.EDS:DSD_REG_ECO@DF_INC(2.0),Income - Regions,I,A,Annual,CTRY,Country,ISR,Israel,_Z,Not applicable,B6N,"Disposable income, net",_T,Total - all activities,Q,Constant prices,USD_PPP_PS,"US dollars per person, PPP converted",1997,,10657.7,,ISR,Israel,A,Normal value,2020,,0,Units,0,Zero,USD,US dollar
DATAFLOW,OECD.CFE.EDS:DSD_REG_ECO@DF_INC(2.0),Income - Regions,I,A,Annual,CTRY,Country,ISR,Israel,_Z,Not applicable,B6N,"Disposable income, net",_T,Total - all activities,Q,Constant prices,USD_PPP_PS,"US dollars per person, PPP converted",1998,,10287,,ISR,Israel,A,Normal value,2020,,0,Units,0,Zero,USD,US dollar
DATAFLOW,OECD.CFE.EDS:DSD_REG_ECO@DF_INC(2.0),Income - Regions,I,A,Annual,CTRY,Country,ISR,Israel,_Z,Not applicable,B6N,"Disposable income, net",_T,Total - all activities,Q,Constant prices,USD_PPP_PS,"US dollars per person, PPP converted",1999,,10555.4,,ISR,Israel,A,Normal value,2020,,0,Units,0,Zero,USD,US dollar
DATAFLOW,OECD.CFE.EDS:DSD_REG_ECO@DF_INC(2.0),Income - Regions,I,A,Annual,CTRY,Country,ISR,Israel,_Z,Not applicable,B6N,"Disposable income, net",_T,Total - all activities,Q,Constant prices,USD_PPP_PS,"US dollars per person, PPP converted",2000,,10347.3,,ISR,Israel,A,Normal value,2020,,0,Units,0,Zero,USD,US dollar
DATAFLOW,OECD.CFE.EDS:DSD_REG_ECO@DF_INC(2.0),Income - Regions,I,A,Annual,CTRY,Country,ISR,Israel,_Z,Not applicable,B6N,"Disposable income, net",_T,Total - all activities,Q,Constant prices,USD_PPP_PS,"US dollars per person, PPP converted",2001,,10596.3,,ISR,Israel,A,Normal value,2020,,0,Units,0,Zero,USD,US dollar
DATAFLOW,OECD.CFE.EDS:DSD_REG_ECO@DF_INC(2.0),Income - Regions,I,A,Annual,CTRY,Country,ISR,Israel,_Z,Not applicable,B6N,"Disposable income, net",_T,Total - all activities,Q,Constant prices,USD_PPP_PS,"US dollars per person, PPP converted",2002,,7730.3,,ISR,Israel,A,Normal value,2020,,0,Units,0,Zero,USD,US dollar
DATAFLOW,OECD.CFE.EDS:DSD_REG_ECO@DF_INC(2.0),Income - Regions,I,A,Annual,CTRY,Country,ISR,Israel,_Z,Not applicable,B6N,"Disposable income, net",_T,Total - all activities,Q,Constant prices,USD_PPP_PS,"US dollars per person, PPP converted",2003,,9681.7,,ISR,Israel,A,Normal value,2020,,0,Units,0,Zero,USD,US dollar
DATAFLOW,OECD.CFE.EDS:DSD_REG_ECO@DF_INC(2.0),Income - Regions,I,A,Annual,CTRY,Country,ISR,Israel,_Z,Not applicable,B6N,"Disposable income, net",_T,Total - all activities,Q,Constant prices,USD_PPP_PS,"US dollars per person, PPP converted",2004,,10019.4,,ISR,Israel,A,Normal value,2020,,0,Units,0,Zero,USD,US dollar
DATAFLOW,OECD.CFE.EDS:DSD_REG_ECO@DF_INC(2.0),Income - Regions,I,A,Annual,CTRY,Country,ISR,Israel,_Z,Not applicable,B6N,"Disposable income, net",_T,Total - all activities,Q,Constant prices,USD_PPP_PS,"US dollars per person, PPP converted",2005,,10323.4,,ISR,Israel,A,Normal value,2020,,0,Units,0,Zero,USD,US dollar
DATAFLOW,OECD.CFE.EDS:DSD_REG_ECO@DF_INC(2.0),Income - Regions,I,A,Annual,CTRY,Country,ISR,Israel,_Z,Not applicable,B6N,"Disposable income, net",_T,Total - all activities,Q,Constant prices,USD_PPP_PS,"US dollars per person, PPP converted",2006,,10532,,ISR,Israel,A,Normal value,2020,,0,Units,0,Zero,USD,US dollar
DATAFLOW,OECD.CFE.EDS:DSD_REG_ECO@DF_INC(2.0),Income - Regions,I,A,Annual,CTRY,Country,ISR,Israel,_Z,Not applicable,B6N,"Disposable income, net",_T,Total - all activities,Q,Constant prices,USD_PPP_PS,"US dollars per person, PPP converted",2007,,10809.9,,ISR,Israel,A,Normal value,2020,,0,Units,0,Zero,USD,US dollar
DATAFLOW,OECD.CFE.EDS:DSD_REG_ECO@DF_INC(2.0),Income - Regions,I,A,Annual,CTRY,Country,ISR,Israel,_Z,Not applicable,B6N,"Disposable income, net",_T,Total - all activities,Q,Constant prices,USD_PPP_PS,"US dollars per person, PPP converted",2008,,10426.6,,ISR,Israel,A,Normal value,2020,,0,Units,0,Zero,USD,US dollar
DATAFLOW,OECD.CFE.EDS:DSD_REG_ECO@DF_INC(2.0),Income - Regions,I,A,Annual,CTRY,Country,ISR,Israel,_Z,Not applicable,B6N,"Disposable income, net",_T,Total - all activities,Q,Constant prices,USD_PPP_PS,"US dollars per person, PPP converted",2009,,10113.5,,ISR,Israel,A,Normal value,2020,,0,Units,0,Zero,USD,US dollar
DATAFLOW,OECD.CFE.EDS:DSD_REG_ECO@DF_INC(2.0),Income - Regions,I,A,Annual,CTRY,Country,ISR,Israel,_Z,Not applicable,B6N,"Disposable income, net",_T,Total - all activities,Q,Constant prices,USD_PPP_PS,"US dollars per person, PPP converted",2010,,10507.8,,ISR,Israel,A,Normal value,2020,,0,Units,0,Zero,USD,US dollar
DATAFLOW,OECD.CFE.EDS:DSD_REG_ECO@DF_INC(2.0),Income - Regions,I,A,Annual,CTRY,Country,ISR,Israel,_Z,Not applicable,B5N,"Primary incomes, net",_T,Total - all activities,Q,Constant prices,USD_PPP_PS,"US dollars per person, PPP converted",2010,,11138.2,,ISR,Israel,A,Normal value,2020,,0,Units,0,Zero,USD,US dollar
DATAFLOW,OECD.CFE.EDS:DSD_REG_ECO@DF_INC(2.0),Income - Regions,I,A,Annual,CTRY,Country,ISR,Israel,_Z,Not applicable,B5N,"Primary incomes, net",_T,Total - all activities,Q,Constant prices,USD_PPP_PS,"US dollars per person, PPP converted",2011,,11008.4,,ISR,Israel,A,Normal value,2020,,0,Units,0,Zero,USD,US dollar
DATAFLOW,OECD.CFE.EDS:DSD_REG_ECO@DF_INC(2.0),Income - Regions,I,A,Annual,CTRY,Country,ISR,Israel,_Z,Not applicable,B6N,"Disposable income, net",_T,Total - all activities,Q,Constant prices,USD_PPP_PS,"US dollars per person, PPP converted",2011,,10477,,ISR,Israel,A,Normal value,2020,,0,Units,0,Zero,USD,US dollar
DATAFLOW,OECD.CFE.EDS:DSD_REG_ECO@DF_INC(2.0),Income - Regions,I,A,Annual,CTRY,Country,ISR,Israel,_Z,Not applicable,B6N,"Disposable income, net",_T,Total - all activities,Q,Constant prices,USD_PPP_PS,"US dollars per person, PPP converted",2012,,11555.9,,ISR,Israel,A,Normal value,2020,,0,Units,0,Zero,USD,US dollar
DATAFLOW,OECD.CFE.EDS:DSD_REG_ECO@DF_INC(2.0),Income - Regions,I,A,Annual,CTRY,Country,ISR,Israel,_Z,Not applicable,B5N,"Primary incomes, net",_T,Total - all activities,Q,Constant prices,USD_PPP_PS,"US dollars per person, PPP converted",2012,,12393.7,,ISR,Israel,A,Normal value,2020,,0,Units,0,Zero,USD,US dollar
DATAFLOW,OECD.CFE.EDS:DSD_REG_ECO@DF_INC(2.0),Income - Regions,I,A,Annual,CTRY,Country,ISR,Israel,_Z,Not applicable,B5N,"Primary incomes, net",_T,Total - all activities,Q,Constant prices,USD_PPP_PS,"US dollars per person, PPP converted",2013,,13205.9,,ISR,Israel,A,Normal value,2020,,0,Units,0,Zero,USD,US dollar
DATAFLOW,OECD.CFE.EDS:DSD_REG_ECO@DF_INC(2.0),Income - Regions,I,A,Annual,CTRY,Country,ISR,Israel,_Z,Not applicable,B6N,"Disposable income, net",_T,Total - all activities,Q,Constant prices,USD_PPP_PS,"US dollars per person, PPP converted",2013,,12074.6,,ISR,Israel,A,Normal value,2020,,0,Units,0,Zero,USD,US dollar
DATAFLOW,OECD.CFE.EDS:DSD_REG_ECO@DF_INC(2.0),Income - Regions,I,A,Annual,CTRY,Country,ISR,Israel,_Z,Not applicable,B6N,"Disposable income, net",_T,Total - all activities,Q,Constant prices,USD_PPP_PS,"US dollars per person, PPP converted",2014,,12554.1,,ISR,Israel,A,Normal value,2020,,0,Units,0,Zero,USD,US dollar
DATAFLOW,OECD.CFE.EDS:DSD_REG_ECO@DF_INC(2.0),Income - Regions,I,A,Annual,CTRY,Country,ISR,Israel,_Z,Not applicable,B5N,"Primary incomes, net",_T,Total - all activities,Q,Constant prices,USD_PPP_PS,"US dollars per person, PPP converted",2014,,13726.9,,ISR,Israel,A,Normal value,2020,,0,Units,0,Zero,USD,US dollar
DATAFLOW,OECD.CFE.EDS:DSD_REG_ECO@DF_INC(2.0),Income - Regions,I,A,Annual,CTRY,Country,ISR,Israel,_Z,Not applicable,B5N,"Primary incomes, net",_T,Total - all activities,Q,Constant prices,USD_PPP_PS,"US dollars per person, PPP converted",2015,,13765.7,,ISR,Israel,A,Normal value,2020,,0,Units,0,Zero,USD,US dollar
DATAFLOW,OECD.CFE.EDS:DSD_REG_ECO@DF_INC(2.0),Income - Regions,I,A,Annual,CTRY,Country,ISR,Israel,_Z,Not applicable,B6N,"Disposable income, net",_T,Total - all activities,Q,Constant prices,USD_PPP_PS,"US dollars per person, PPP converted",2015,,12588.1,,ISR,Israel,A,Normal value,2020,,0,Units,0,Zero,USD,US dollar
DATAFLOW,OECD.CFE.EDS:DSD_REG_ECO@DF_INC(2.0),Income - Regions,I,A,Annual,CTRY,Country,ISR,Israel,_Z,Not applicable,B6N,"Disposable income, net",_T,Total - all activities,Q,Constant prices,USD_PPP_PS,"US dollars per person, PPP converted",2016,,13354.8,,ISR,Israel,A,Normal value,2020,,0,Units,0,Zero,USD,US dollar
DATAFLOW,OECD.CFE.EDS:DSD_REG_ECO@DF_INC(2.0),Income - Regions,I,A,Annual,CTRY,Country,ISR,Israel,_Z,Not applicable,B5N,"Primary incomes, net",_T,Total - all activities,Q,Constant prices,USD_PPP_PS,"US dollars per person, PPP converted",2016,,14603.2,,ISR,Israel,A,Normal value,2020,,0,Units,0,Zero,USD,US dollar
DATAFLOW,OECD.CFE.EDS:DSD_REG_ECO@DF_INC(2.0),Income - Regions,I,A,Annual,CTRY,Country,ISR,Israel,_Z,Not applicable,B5N,"Primary incomes, net",_T,Total - all activities,Q,Constant prices,USD_PPP_PS,"US dollars per person, PPP converted",2017,,15387.5,,ISR,Israel,A,Normal value,2020,,0,Units,0,Zero,USD,US dollar
DATAFLOW,OECD.CFE.EDS:DSD_REG_ECO@DF_INC(2.0),Income - Regions,I,A,Annual,CTRY,Country,ISR,Israel,_Z,Not applicable,B6N,"Disposable income, net",_T,Total - all activities,Q,Constant prices,USD_PPP_PS,"US dollars per person, PPP converted",2017,,14027.7,,ISR,Israel,A,Normal value,2020,,0,Units,0,Zero,USD,US dollar
DATAFLOW,OECD.CFE.EDS:DSD_REG_ECO@DF_INC(2.0),Income - Regions,I,A,Annual,CTRY,Country,ISR,Israel,_Z,Not applicable,B6N,"Disposable income, net",_T,Total - all activities,Q,Constant prices,USD_PPP_PS,"US dollars per person, PPP converted",2018,,14671.6,,ISR,Israel,A,Normal value,2020,,0,Units,0,Zero,USD,US dollar
DATAFLOW,OECD.CFE.EDS:DSD_REG_ECO@DF_INC(2.0),Income - Regions,I,A,Annual,CTRY,Country,ISR,Israel,_Z,Not applicable,B5N,"Primary incomes, net",_T,Total - all activities,Q,Constant prices,USD_PPP_PS,"US dollars per person, PPP converted",2018,,16194.3,,ISR,Israel,A,Normal value,2020,,0,Units,0,Zero,USD,US dollar
DATAFLOW,OECD.CFE.EDS:DSD_REG_ECO@DF_INC(2.0),Income - Regions,I,A,Annual,CTRY,Country,ISR,Israel,_Z,Not applicable,B5N,"Primary incomes, net",_T,Total - all activities,Q,Constant prices,USD_PPP_PS,"US dollars per person, PPP converted",2019,,15001.8,,ISR,Israel,A,Normal value,2020,,0,Units,0,Zero,USD,US dollar
DATAFLOW,OECD.CFE.EDS:DSD_REG_ECO@DF_INC(2.0),Income - Regions,I,A,Annual,CTRY,Country,ISR,Israel,_Z,Not applicable,B6N,"Disposable income, net",_T,Total - all activities,Q,Constant prices,USD_PPP_PS,"US dollars per person, PPP converted",2019,,14118.7,,ISR,Israel,A,Normal value,2020,,0,Units,0,Zero,USD,US dollar
DATAFLOW,OECD.CFE.EDS:DSD_REG_ECO@DF_INC(2.0),Income - Regions,I,A,Annual,CTRY,Country,ISR,Israel,_Z,Not applicable,B6N,"Disposable income, net",_T,Total - all activities,Q,Constant prices,USD_PPP_PS,"US dollars per person, PPP converted",2020,,14129.7,,ISR,Israel,A,Normal value,2020,,0,Units,0,Zero,USD,US dollar
DATAFLOW,OECD.CFE.EDS:DSD_REG_ECO@DF_INC(2.0),Income - Regions,I,A,Annual,CTRY,Country,ISR,Israel,_Z,Not applicable,B5N,"Primary incomes, net",_T,Total - all activities,Q,Constant prices,USD_PPP_PS,"US dollars per person, PPP converted",2020,,13977.5,,ISR,Israel,A,Normal value,2020,,0,Units,0,Zero,USD,US dollar
DATAFLOW,OECD.CFE.EDS:DSD_REG_ECO@DF_INC(2.0),Income - Regions,I,A,Annual,CTRY,Country,ISR,Israel,_Z,Not applicable,B5N,"Primary incomes, net",_T,Total - all activities,Q,Constant prices,USD_PPP_PS,"US dollars per person, PPP converted",2021,,14623.6,,ISR,Israel,A,Normal value,2020,,0,Units,0,Zero,USD,US dollar
DATAFLOW,OECD.CFE.EDS:DSD_REG_ECO@DF_INC(2.0),Income - Regions,I,A,Annual,CTRY,Country,ISR,Israel,_Z,Not applicable,B6N,"Disposable income, net",_T,Total - all activities,Q,Constant prices,USD_PPP_PS,"US dollars per person, PPP converted",2021,,14316.8,,ISR,Israel,A,Normal value,2020,,0,Units,0,Zero,USD,US dollar
DATAFLOW,OECD.CFE.EDS:DSD_REG_ECO@DF_INC(2.0),Income - Regions,I,A,Annual,CTRY,Country,NZL,New Zealand,_Z,Not applicable,B6N,"Disposable income, net",_T,Total - all activities,Q,Constant prices,USD_PPP_PS,"US dollars per person, PPP converted",1997,,13388.1,,NZL,New Zealand,A,Normal value,2020,,0,Units,0,Zero,USD,US dollar
DATAFLOW,OECD.CFE.EDS:DSD_REG_ECO@DF_INC(2.0),Income - Regions,I,A,Annual,CTRY,Country,NZL,New Zealand,_Z,Not applicable,B6N,"Disposable income, net",_T,Total - all activities,Q,Constant prices,USD_PPP_PS,"US dollars per person, PPP converted",1998,,13679.6,,NZL,New Zealand,A,Normal value,2020,,0,Units,0,Zero,USD,US dollar
DATAFLOW,OECD.CFE.EDS:DSD_REG_ECO@DF_INC(2.0),Income - Regions,I,A,Annual,CTRY,Country,NZL,New Zealand,_Z,Not applicable,B6N,"Disposable income, net",_T,Total - all activities,Q,Constant prices,USD_PPP_PS,"US dollars per person, PPP converted",1999,,13758.9,,NZL,New Zealand,A,Normal value,2020,,0,Units,0,Zero,USD,US dollar
DATAFLOW,OECD.CFE.EDS:DSD_REG_ECO@DF_INC(2.0),Income - Regions,I,A,Annual,CTRY,Country,NZL,New Zealand,_Z,Not applicable,B6N,"Disposable income, net",_T,Total - all activities,Q,Constant prices,USD_PPP_PS,"US dollars per person, PPP converted",2000,,14351.9,,NZL,New Zealand,A,Normal value,2020,,0,Units,0,Zero,USD,US dollar
DATAFLOW,OECD.CFE.EDS:DSD_REG_ECO@DF_INC(2.0),Income - Regions,I,A,Annual,CTRY,Country,NZL,New Zealand,_Z,Not applicable,B6N,"Disposable income, net",_T,Total - all activities,Q,Constant prices,USD_PPP_PS,"US dollars per person, PPP converted",2001,,14877.5,,NZL,New Zealand,A,Normal value,2020,,0,Units,0,Zero,USD,US dollar
DATAFLOW,OECD.CFE.EDS:DSD_REG_ECO@DF_INC(2.0),Income - Regions,I,A,Annual,CTRY,Country,NZL,New Zealand,_Z,Not applicable,B5N,"Primary incomes, net",_T,Total - all activities,Q,Constant prices,USD_PPP_PS,"US dollars per person, PPP converted",2002,,13275.9,,NZL,New Zealand,A,Normal value,2020,,0,Units,0,Zero,USD,US dollar
DATAFLOW,OECD.CFE.EDS:DSD_REG_ECO@DF_INC(2.0),Income - Regions,I,A,Annual,CTRY,Country,NZL,New Zealand,_Z,Not applicable,B6N,"Disposable income, net",_T,Total - all activities,Q,Constant prices,USD_PPP_PS,"US dollars per person, PPP converted",2002,,15414.5,,NZL,New Zealand,A,Normal value,2020,,0,Units,0,Zero,USD,US dollar
DATAFLOW,OECD.CFE.EDS:DSD_REG_ECO@DF_INC(2.0),Income - Regions,I,A,Annual,CTRY,Country,NZL,New Zealand,_Z,Not applicable,B6N,"Disposable income, net",_T,Total - all activities,Q,Constant prices,USD_PPP_PS,"US dollars per person, PPP converted",2003,,16032.5,,NZL,New Zealand,A,Normal value,2020,,0,Units,0,Zero,USD,US dollar
DATAFLOW,OECD.CFE.EDS:DSD_REG_ECO@DF_INC(2.0),Income - Regions,I,A,Annual,CTRY,Country,NZL,New Zealand,_Z,Not applicable,B5N,"Primary incomes, net",_T,Total - all activities,Q,Constant prices,USD_PPP_PS,"US dollars per person, PPP converted",2003,,14023.3,,NZL,New Zealand,A,Normal value,2020,,0,Units,0,Zero,USD,US dollar
DATAFLOW,OECD.CFE.EDS:DSD_REG_ECO@DF_INC(2.0),Income - Regions,I,A,Annual,CTRY,Country,NZL,New Zealand,_Z,Not applicable,B5N,"Primary incomes, net",_T,Total - all activities,Q,Constant prices,USD_PPP_PS,"US dollars per person, PPP converted",2004,,14651.3,,NZL,New Zealand,A,Normal value,2020,,0,Units,0,Zero,USD,US dollar
DATAFLOW,OECD.CFE.EDS:DSD_REG_ECO@DF_INC(2.0),Income - Regions,I,A,Annual,CTRY,Country,NZL,New Zealand,_Z,Not applicable,B6N,"Disposable income, net",_T,Total - all activities,Q,Constant prices,USD_PPP_PS,"US dollars per person, PPP converted",2004,,16433.4,,NZL,New Zealand,A,Normal value,2020,,0,Units,0,Zero,USD,US dollar
DATAFLOW,OECD.CFE.EDS:DSD_REG_ECO@DF_INC(2.0),Income - Regions,I,A,Annual,CTRY,Country,NZL,New Zealand,_Z,Not applicable,B6N,"Disposable income, net",_T,Total - all activities,Q,Constant prices,USD_PPP_PS,"US dollars per person, PPP converted",2005,,16747,,NZL,New Zealand,A,Normal value,2020,,0,Units,0,Zero,USD,US dollar
DATAFLOW,OECD.CFE.EDS:DSD_REG_ECO@DF_INC(2.0),Income - Regions,I,A,Annual,CTRY,Country,NZL,New Zealand,_Z,Not applicable,B5N,"Primary incomes, net",_T,Total - all activities,Q,Constant prices,USD_PPP_PS,"US dollars per person, PPP converted",2005,,15351.4,,NZL,New Zealand,A,Normal value,2020,,0,Units,0,Zero,USD,US dollar
DATAFLOW,OECD.CFE.EDS:DSD_REG_ECO@DF_INC(2.0),Income - Regions,I,A,Annual,CTRY,Country,NZL,New Zealand,_Z,Not applicable,B5N,"Primary incomes, net",_T,Total - all activities,Q,Constant prices,USD_PPP_PS,"US dollars per person, PPP converted",2006,,16218.3,,NZL,New Zealand,A,Normal value,2020,,0,Units,0,Zero,USD,US dollar
DATAFLOW,OECD.CFE.EDS:DSD_REG_ECO@DF_INC(2.0),Income - Regions,I,A,Annual,CTRY,Country,NZL,New Zealand,_Z,Not applicable,B6N,"Disposable income, net",_T,Total - all activities,Q,Constant prices,USD_PPP_PS,"US dollars per person, PPP converted",2006,,17478.8,,NZL,New Zealand,A,Normal value,2020,,0,Units,0,Zero,USD,US dollar
DATAFLOW,OECD.CFE.EDS:DSD_REG_ECO@DF_INC(2.0),Income - Regions,I,A,Annual,CTRY,Country,NZL,New Zealand,_Z,Not applicable,B6N,"Disposable income, net",_T,Total - all activities,Q,Constant prices,USD_PPP_PS,"US dollars per person, PPP converted",2007,,17627.2,,NZL,New Zealand,A,Normal value,2020,,0,Units,0,Zero,USD,US dollar
DATAFLOW,OECD.CFE.EDS:DSD_REG_ECO@DF_INC(2.0),Income - Regions,I,A,Annual,CTRY,Country,NZL,New Zealand,_Z,Not applicable,B5N,"Primary incomes, net",_T,Total - all activities,Q,Constant prices,USD_PPP_PS,"US dollars per person, PPP converted",2007,,16442.8,,NZL,New Zealand,A,Normal value,2020,,0,Units,0,Zero,USD,US dollar
DATAFLOW,OECD.CFE.EDS:DSD_REG_ECO@DF_INC(2.0),Income - Regions,I,A,Annual,CTRY,Country,NZL,New Zealand,_Z,Not applicable,B5N,"Primary incomes, net",_T,Total - all activities,Q,Constant prices,USD_PPP_PS,"US dollars per person, PPP converted",2008,,16155.2,,NZL,New Zealand,A,Normal value,2020,,0,Units,0,Zero,USD,US dollar
DATAFLOW,OECD.CFE.EDS:DSD_REG_ECO@DF_INC(2.0),Income - Regions,I,A,Annual,CTRY,Country,NZL,New Zealand,_Z,Not applicable,B6N,"Disposable income, net",_T,Total - all activities,Q,Constant prices,USD_PPP_PS,"US dollars per person, PPP converted",2008,,17164.1,,NZL,New Zealand,A,Normal value,2020,,0,Units,0,Zero,USD,US dollar
DATAFLOW,OECD.CFE.EDS:DSD_REG_ECO@DF_INC(2.0),Income - Regions,I,A,Annual,CTRY,Country,NZL,New Zealand,_Z,Not applicable,B6N,"Disposable income, net",_T,Total - all activities,Q,Constant prices,USD_PPP_PS,"US dollars per person, PPP converted",2009,,17141.4,,NZL,New Zealand,A,Normal value,2020,,0,Units,0,Zero,USD,US dollar
DATAFLOW,OECD.CFE.EDS:DSD_REG_ECO@DF_INC(2.0),Income - Regions,I,A,Annual,CTRY,Country,NZL,New Zealand,_Z,Not applicable,B5N,"Primary incomes, net",_T,Total - all activities,Q,Constant prices,USD_PPP_PS,"US dollars per person, PPP converted",2009,,16019.5,,NZL,New Zealand,A,Normal value,2020,,0,Units,0,Zero,USD,US dollar
DATAFLOW,OECD.CFE.EDS:DSD_REG_ECO@DF_INC(2.0),Income - Regions,I,A,Annual,CTRY,Country,NZL,New Zealand,_Z,Not applicable,B5N,"Primary incomes, net",_T,Total - all activities,Q,Constant prices,USD_PPP_PS,"US dollars per person, PPP converted",2010,,15607.8,,NZL,New Zealand,A,Normal value,2020,,0,Units,0,Zero,USD,US dollar
DATAFLOW,OECD.CFE.EDS:DSD_REG_ECO@DF_INC(2.0),Income - Regions,I,A,Annual,CTRY,Country,NZL,New Zealand,_Z,Not applicable,B6N,"Disposable income, net",_T,Total - all activities,Q,Constant prices,USD_PPP_PS,"US dollars per person, PPP converted",2010,,16997,,NZL,New Zealand,A,Normal value,2020,,0,Units,0,Zero,USD,US dollar
DATAFLOW,OECD.CFE.EDS:DSD_REG_ECO@DF_INC(2.0),Income - Regions,I,A,Annual,CTRY,Country,NZL,New Zealand,_Z,Not applicable,B6N,"Disposable income, net",_T,Total - all activities,Q,Constant prices,USD_PPP_PS,"US dollars per person, PPP converted",2011,,16944.8,,NZL,New Zealand,A,Normal value,2020,,0,Units,0,Zero,USD,US dollar
DATAFLOW,OECD.CFE.EDS:DSD_REG_ECO@DF_INC(2.0),Income - Regions,I,A,Annual,CTRY,Country,NZL,New Zealand,_Z,Not applicable,B5N,"Primary incomes, net",_T,Total - all activities,Q,Constant prices,USD_PPP_PS,"US dollars per person, PPP converted",2011,,15565,,NZL,New Zealand,A,Normal value,2020,,0,Units,0,Zero,USD,US dollar
DATAFLOW,OECD.CFE.EDS:DSD_REG_ECO@DF_INC(2.0),Income - Regions,I,A,Annual,CTRY,Country,NZL,New Zealand,_Z,Not applicable,B5N,"Primary incomes, net",_T,Total - all activities,Q,Constant prices,USD_PPP_PS,"US dollars per person, PPP converted",2012,,16275.7,,NZL,New Zealand,A,Normal value,2020,,0,Units,0,Zero,USD,US dollar
DATAFLOW,OECD.CFE.EDS:DSD_REG_ECO@DF_INC(2.0),Income - Regions,I,A,Annual,CTRY,Country,NZL,New Zealand,_Z,Not applicable,B6N,"Disposable income, net",_T,Total - all activities,Q,Constant prices,USD_PPP_PS,"US dollars per person, PPP converted",2012,,17314.1,,NZL,New Zealand,A,Normal value,2020,,0,Units,0,Zero,USD,US dollar
DATAFLOW,OECD.CFE.EDS:DSD_REG_ECO@DF_INC(2.0),Income - Regions,I,A,Annual,CTRY,Country,NZL,New Zealand,_Z,Not applicable,B6N,"Disposable income, net",_T,Total - all activities,Q,Constant prices,USD_PPP_PS,"US dollars per person, PPP converted",2013,,18296.2,,NZL,New Zealand,A,Normal value,2020,,0,Units,0,Zero,USD,US dollar
DATAFLOW,OECD.CFE.EDS:DSD_REG_ECO@DF_INC(2.0),Income - Regions,I,A,Annual,CTRY,Country,NZL,New Zealand,_Z,Not applicable,B5N,"Primary incomes, net",_T,Total - all activities,Q,Constant prices,USD_PPP_PS,"US dollars per person, PPP converted",2013,,17007.8,,NZL,New Zealand,A,Normal value,2020,,0,Units,0,Zero,USD,US dollar
DATAFLOW,OECD.CFE.EDS:DSD_REG_ECO@DF_INC(2.0),Income - Regions,I,A,Annual,CTRY,Country,NZL,New Zealand,_Z,Not applicable,B5N,"Primary incomes, net",_T,Total - all activities,Q,Constant prices,USD_PPP_PS,"US dollars per person, PPP converted",2014,,17361,,NZL,New Zealand,A,Normal value,2020,,0,Units,0,Zero,USD,US dollar
DATAFLOW,OECD.CFE.EDS:DSD_REG_ECO@DF_INC(2.0),Income - Regions,I,A,Annual,CTRY,Country,NZL,New Zealand,_Z,Not applicable,B6N,"Disposable income, net",_T,Total - all activities,Q,Constant prices,USD_PPP_PS,"US dollars per person, PPP converted",2014,,18834.9,,NZL,New Zealand,A,Normal value,2020,,0,Units,0,Zero,USD,US dollar
DATAFLOW,OECD.CFE.EDS:DSD_REG_ECO@DF_INC(2.0),Income - Regions,I,A,Annual,CTRY,Country,NZL,New Zealand,_Z,Not applicable,B6N,"Disposable income, net",_T,Total - all activities,Q,Constant prices,USD_PPP_PS,"US dollars per person, PPP converted",2015,,19778.3,,NZL,New Zealand,A,Normal value,2020,,0,Units,0,Zero,USD,US dollar
DATAFLOW,OECD.CFE.EDS:DSD_REG_ECO@DF_INC(2.0),Income - Regions,I,A,Annual,CTRY,Country,NZL,New Zealand,_Z,Not applicable,B5N,"Primary incomes, net",_T,Total - all activities,Q,Constant prices,USD_PPP_PS,"US dollars per person, PPP converted",2015,,17166.7,,NZL,New Zealand,A,Normal value,2020,,0,Units,0,Zero,USD,US dollar
DATAFLOW,OECD.CFE.EDS:DSD_REG_ECO@DF_INC(2.0),Income - Regions,I,A,Annual,CTRY,Country,NZL,New Zealand,_Z,Not applicable,B5N,"Primary incomes, net",_T,Total - all activities,Q,Constant prices,USD_PPP_PS,"US dollars per person, PPP converted",2016,,17676,,NZL,New Zealand,A,Normal value,2020,,0,Units,0,Zero,USD,US dollar
DATAFLOW,OECD.CFE.EDS:DSD_REG_ECO@DF_INC(2.0),Income - Regions,I,A,Annual,CTRY,Country,NZL,New Zealand,_Z,Not applicable,B6N,"Disposable income, net",_T,Total - all activities,Q,Constant prices,USD_PPP_PS,"US dollars per person, PPP converted",2016,,20122.2,,NZL,New Zealand,A,Normal value,2020,,0,Units,0,Zero,USD,US dollar
DATAFLOW,OECD.CFE.EDS:DSD_REG_ECO@DF_INC(2.0),Income - Regions,I,A,Annual,CTRY,Country,NZL,New Zealand,_Z,Not applicable,B6N,"Disposable income, net",_T,Total - all activities,Q,Constant prices,USD_PPP_PS,"US dollars per person, PPP converted",2017,,21184.6,,NZL,New Zealand,A,Normal value,2020,,0,Units,0,Zero,USD,US dollar
DATAFLOW,OECD.CFE.EDS:DSD_REG_ECO@DF_INC(2.0),Income - Regions,I,A,Annual,CTRY,Country,NZL,New Zealand,_Z,Not applicable,B5N,"Primary incomes, net",_T,Total - all activities,Q,Constant prices,USD_PPP_PS,"US dollars per person, PPP converted",2017,,18100.7,,NZL,New Zealand,A,Normal value,2020,,0,Units,0,Zero,USD,US dollar
DATAFLOW,OECD.CFE.EDS:DSD_REG_ECO@DF_INC(2.0),Income - Regions,I,A,Annual,CTRY,Country,NZL,New Zealand,_Z,Not applicable,B5N,"Primary incomes, net",_T,Total - all activities,Q,Constant prices,USD_PPP_PS,"US dollars per person, PPP converted",2018,,18219,,NZL,New Zealand,A,Normal value,2020,,0,Units,0,Zero,USD,US dollar
DATAFLOW,OECD.CFE.EDS:DSD_REG_ECO@DF_INC(2.0),Income - Regions,I,A,Annual,CTRY,Country,NZL,New Zealand,_Z,Not applicable,B6N,"Disposable income, net",_T,Total - all activities,Q,Constant prices,USD_PPP_PS,"US dollars per person, PPP converted",2018,,21252,,NZL,New Zealand,A,Normal value,2020,,0,Units,0,Zero,USD,US dollar
DATAFLOW,OECD.CFE.EDS:DSD_REG_ECO@DF_INC(2.0),Income - Regions,I,A,Annual,CTRY,Country,JPN,Japan,_Z,Not applicable,B5N,"Primary incomes, net",_T,Total - all activities,Q,Constant prices,USD_PPP_PS,"US dollars per person, PPP converted",1996,,23491.6,,JPN,Japan,A,Normal value,2020,,0,Units,0,Zero,USD,US dollar
DATAFLOW,OECD.CFE.EDS:DSD_REG_ECO@DF_INC(2.0),Income - Regions,I,A,Annual,CTRY,Country,JPN,Japan,_Z,Not applicable,B6N,"Disposable income, net",_T,Total - all activities,Q,Constant prices,USD_PPP_PS,"US dollars per person, PPP converted",1996,,18536.1,,JPN,Japan,A,Normal value,2020,,0,Units,0,Zero,USD,US dollar
DATAFLOW,OECD.CFE.EDS:DSD_REG_ECO@DF_INC(2.0),Income - Regions,I,A,Annual,CTRY,Country,JPN,Japan,_Z,Not applicable,B6N,"Disposable income, net",_T,Total - all activities,Q,Constant prices,USD_PPP_PS,"US dollars per person, PPP converted",1997,,18333.1,,JPN,Japan,A,Normal value,2020,,0,Units,0,Zero,USD,US dollar
DATAFLOW,OECD.CFE.EDS:DSD_REG_ECO@DF_INC(2.0),Income - Regions,I,A,Annual,CTRY,Country,JPN,Japan,_Z,Not applicable,B5N,"Primary incomes, net",_T,Total - all activities,Q,Constant prices,USD_PPP_PS,"US dollars per person, PPP converted",1997,,23307.5,,JPN,Japan,A,Normal value,2020,,0,Units,0,Zero,USD,US dollar
DATAFLOW,OECD.CFE.EDS:DSD_REG_ECO@DF_INC(2.0),Income - Regions,I,A,Annual,CTRY,Country,JPN,Japan,_Z,Not applicable,B5N,"Primary incomes, net",_T,Total - all activities,Q,Constant prices,USD_PPP_PS,"US dollars per person, PPP converted",1998,,22761.2,,JPN,Japan,A,Normal value,2020,,0,Units,0,Zero,USD,US dollar
DATAFLOW,OECD.CFE.EDS:DSD_REG_ECO@DF_INC(2.0),Income - Regions,I,A,Annual,CTRY,Country,JPN,Japan,_Z,Not applicable,B6N,"Disposable income, net",_T,Total - all activities,Q,Constant prices,USD_PPP_PS,"US dollars per person, PPP converted",1998,,18170.5,,JPN,Japan,A,Normal value,2020,,0,Units,0,Zero,USD,US dollar
DATAFLOW,OECD.CFE.EDS:DSD_REG_ECO@DF_INC(2.0),Income - Regions,I,A,Annual,CTRY,Country,JPN,Japan,_Z,Not applicable,B6N,"Disposable income, net",_T,Total - all activities,Q,Constant prices,USD_PPP_PS,"US dollars per person, PPP converted",1999,,18074.3,,JPN,Japan,A,Normal value,2020,,0,Units,0,Zero,USD,US dollar
DATAFLOW,OECD.CFE.EDS:DSD_REG_ECO@DF_INC(2.0),Income - Regions,I,A,Annual,CTRY,Country,JPN,Japan,_Z,Not applicable,B5N,"Primary incomes, net",_T,Total - all activities,Q,Constant prices,USD_PPP_PS,"US dollars per person, PPP converted",1999,,22382.3,,JPN,Japan,A,Normal value,2020,,0,Units,0,Zero,USD,US dollar
DATAFLOW,OECD.CFE.EDS:DSD_REG_ECO@DF_INC(2.0),Income - Regions,I,A,Annual,CTRY,Country,JPN,Japan,_Z,Not applicable,B5N,"Primary incomes, net",_T,Total - all activities,Q,Constant prices,USD_PPP_PS,"US dollars per person, PPP converted",2000,,22620.9,,JPN,Japan,A,Normal value,2020,,0,Units,0,Zero,USD,US dollar
DATAFLOW,OECD.CFE.EDS:DSD_REG_ECO@DF_INC(2.0),Income - Regions,I,A,Annual,CTRY,Country,JPN,Japan,_Z,Not applicable,B6N,"Disposable income, net",_T,Total - all activities,Q,Constant prices,USD_PPP_PS,"US dollars per person, PPP converted",2000,,18074.2,,JPN,Japan,A,Normal value,2020,,0,Units,0,Zero,USD,US dollar
DATAFLOW,OECD.CFE.EDS:DSD_REG_ECO@DF_INC(2.0),Income - Regions,I,A,Annual,CTRY,Country,JPN,Japan,_Z,Not applicable,B6N,"Disposable income, net",_T,Total - all activities,Q,Constant prices,USD_PPP_PS,"US dollars per person, PPP converted",2001,,19857.3,,JPN,Japan,A,Normal value,2020,,0,Units,0,Zero,USD,US dollar
DATAFLOW,OECD.CFE.EDS:DSD_REG_ECO@DF_INC(2.0),Income - Regions,I,A,Annual,CTRY,Country,JPN,Japan,_Z,Not applicable,B5N,"Primary incomes, net",_T,Total - all activities,Q,Constant prices,USD_PPP_PS,"US dollars per person, PPP converted",2001,,19865.6,,JPN,Japan,A,Normal value,2020,,0,Units,0,Zero,USD,US dollar
DATAFLOW,OECD.CFE.EDS:DSD_REG_ECO@DF_INC(2.0),Income - Regions,I,A,Annual,CTRY,Country,JPN,Japan,_Z,Not applicable,B5N,"Primary incomes, net",_T,Total - all activities,Q,Constant prices,USD_PPP_PS,"US dollars per person, PPP converted",2002,,20355.8,,JPN,Japan,A,Normal value,2020,,0,Units,0,Zero,USD,US dollar
DATAFLOW,OECD.CFE.EDS:DSD_REG_ECO@DF_INC(2.0),Income - Regions,I,A,Annual,CTRY,Country,JPN,Japan,_Z,Not applicable,B6N,"Disposable income, net",_T,Total - all activities,Q,Constant prices,USD_PPP_PS,"US dollars per person, PPP converted",2002,,20262,,JPN,Japan,A,Normal value,2020,,0,Units,0,Zero,USD,US dollar
DATAFLOW,OECD.CFE.EDS:DSD_REG_ECO@DF_INC(2.0),Income - Regions,I,A,Annual,CTRY,Country,JPN,Japan,_Z,Not applicable,B6N,"Disposable income, net",_T,Total - all activities,Q,Constant prices,USD_PPP_PS,"US dollars per person, PPP converted",2003,,20420,,JPN,Japan,A,Normal value,2020,,0,Units,0,Zero,USD,US dollar
DATAFLOW,OECD.CFE.EDS:DSD_REG_ECO@DF_INC(2.0),Income - Regions,I,A,Annual,CTRY,Country,JPN,Japan,_Z,Not applicable,B5N,"Primary incomes, net",_T,Total - all activities,Q,Constant prices,USD_PPP_PS,"US dollars per person, PPP converted",2003,,20483.5,,JPN,Japan,A,Normal value,2020,,0,Units,0,Zero,USD,US dollar
DATAFLOW,OECD.CFE.EDS:DSD_REG_ECO@DF_INC(2.0),Income - Regions,I,A,Annual,CTRY,Country,JPN,Japan,_Z,Not applicable,B5N,"Primary incomes, net",_T,Total - all activities,Q,Constant prices,USD_PPP_PS,"US dollars per person, PPP converted",2004,,20603.6,,JPN,Japan,A,Normal value,2020,,0,Units,0,Zero,USD,US dollar
DATAFLOW,OECD.CFE.EDS:DSD_REG_ECO@DF_INC(2.0),Income - Regions,I,A,Annual,CTRY,Country,JPN,Japan,_Z,Not applicable,B6N,"Disposable income, net",_T,Total - all activities,Q,Constant prices,USD_PPP_PS,"US dollars per person, PPP converted",2004,,20574.8,,JPN,Japan,A,Normal value,2020,,0,Units,0,Zero,USD,US dollar
DATAFLOW,OECD.CFE.EDS:DSD_REG_ECO@DF_INC(2.0),Income - Regions,I,A,Annual,CTRY,Country,JPN,Japan,_Z,Not applicable,B6N,"Disposable income, net",_T,Total - all activities,Q,Constant prices,USD_PPP_PS,"US dollars per person, PPP converted",2005,,20842,,JPN,Japan,A,Normal value,2020,,0,Units,0,Zero,USD,US dollar
DATAFLOW,OECD.CFE.EDS:DSD_REG_ECO@DF_INC(2.0),Income - Regions,I,A,Annual,CTRY,Country,JPN,Japan,_Z,Not applicable,B5N,"Primary incomes, net",_T,Total - all activities,Q,Constant prices,USD_PPP_PS,"US dollars per person, PPP converted",2005,,20764.1,,JPN,Japan,A,Normal value,2020,,0,Units,0,Zero,USD,US dollar
DATAFLOW,OECD.CFE.EDS:DSD_REG_ECO@DF_INC(2.0),Income - Regions,I,A,Annual,CTRY,Country,JPN,Japan,_Z,Not applicable,B5N,"Primary incomes, net",_T,Total - all activities,Q,Constant prices,USD_PPP_PS,"US dollars per person, PPP converted",2006,,21053.9,,JPN,Japan,A,Normal value,2020,,0,Units,0,Zero,USD,US dollar
DATAFLOW,OECD.CFE.EDS:DSD_REG_ECO@DF_INC(2.0),Income - Regions,I,A,Annual,CTRY,Country,JPN,Japan,_Z,Not applicable,B6N,"Disposable income, net",_T,Total - all activities,Q,Constant prices,USD_PPP_PS,"US dollars per person, PPP converted",2006,,20741.4,,JPN,Japan,A,Normal value,2020,,0,Units,0,Zero,USD,US dollar
DATAFLOW,OECD.CFE.EDS:DSD_REG_ECO@DF_INC(2.0),Income - Regions,I,A,Annual,CTRY,Country,JPN,Japan,_Z,Not applicable,B6N,"Disposable income, net",_T,Total - all activities,Q,Constant prices,USD_PPP_PS,"US dollars per person, PPP converted",2007,,20850.1,,JPN,Japan,A,Normal value,2020,,0,Units,0,Zero,USD,US dollar
DATAFLOW,OECD.CFE.EDS:DSD_REG_ECO@DF_INC(2.0),Income - Regions,I,A,Annual,CTRY,Country,JPN,Japan,_Z,Not applicable,B5N,"Primary incomes, net",_T,Total - all activities,Q,Constant prices,USD_PPP_PS,"US dollars per person, PPP converted",2007,,21066.2,,JPN,Japan,A,Normal value,2020,,0,Units,0,Zero,USD,US dollar
DATAFLOW,OECD.CFE.EDS:DSD_REG_ECO@DF_INC(2.0),Income - Regions,I,A,Annual,CTRY,Country,JPN,Japan,_Z,Not applicable,B5N,"Primary incomes, net",_T,Total - all activities,Q,Constant prices,USD_PPP_PS,"US dollars per person, PPP converted",2008,,20641,,JPN,Japan,A,Normal value,2020,,0,Units,0,Zero,USD,US dollar
DATAFLOW,OECD.CFE.EDS:DSD_REG_ECO@DF_INC(2.0),Income - Regions,I,A,Annual,CTRY,Country,JPN,Japan,_Z,Not applicable,B6N,"Disposable income, net",_T,Total - all activities,Q,Constant prices,USD_PPP_PS,"US dollars per person, PPP converted",2008,,20650.9,,JPN,Japan,A,Normal value,2020,,0,Units,0,Zero,USD,US dollar
DATAFLOW,OECD.CFE.EDS:DSD_REG_ECO@DF_INC(2.0),Income - Regions,I,A,Annual,CTRY,Country,JPN,Japan,_Z,Not applicable,B6N,"Disposable income, net",_T,Total - all activities,Q,Constant prices,USD_PPP_PS,"US dollars per person, PPP converted",2009,,20807.4,,JPN,Japan,A,Normal value,2020,,0,Units,0,Zero,USD,US dollar
DATAFLOW,OECD.CFE.EDS:DSD_REG_ECO@DF_INC(2.0),Income - Regions,I,A,Annual,CTRY,Country,JPN,Japan,_Z,Not applicable,B5N,"Primary incomes, net",_T,Total - all activities,Q,Constant prices,USD_PPP_PS,"US dollars per person, PPP converted",2009,,20832.5,,JPN,Japan,A,Normal value,2020,,0,Units,0,Zero,USD,US dollar
DATAFLOW,OECD.CFE.EDS:DSD_REG_ECO@DF_INC(2.0),Income - Regions,I,A,Annual,CTRY,Country,JPN,Japan,_Z,Not applicable,B5N,"Primary incomes, net",_T,Total - all activities,Q,Constant prices,USD_PPP_PS,"US dollars per person, PPP converted",2010,,21172.8,,JPN,Japan,A,Normal value,2020,,0,Units,0,Zero,USD,US dollar
DATAFLOW,OECD.CFE.EDS:DSD_REG_ECO@DF_INC(2.0),Income - Regions,I,A,Annual,CTRY,Country,JPN,Japan,_Z,Not applicable,B6N,"Disposable income, net",_T,Total - all activities,Q,Constant prices,USD_PPP_PS,"US dollars per person, PPP converted",2010,,21117,,JPN,Japan,A,Normal value,2020,,0,Units,0,Zero,USD,US dollar
DATAFLOW,OECD.CFE.EDS:DSD_REG_ECO@DF_INC(2.0),Income - Regions,I,A,Annual,CTRY,Country,JPN,Japan,_Z,Not applicable,B6N,"Disposable income, net",_T,Total - all activities,Q,Constant prices,USD_PPP_PS,"US dollars per person, PPP converted",2011,,21097.1,,JPN,Japan,A,Normal value,2020,,0,Units,0,Zero,USD,US dollar
DATAFLOW,OECD.CFE.EDS:DSD_REG_ECO@DF_INC(2.0),Income - Regions,I,A,Annual,CTRY,Country,JPN,Japan,_Z,Not applicable,B5N,"Primary incomes, net",_T,Total - all activities,Q,Constant prices,USD_PPP_PS,"US dollars per person, PPP converted",2011,,21202.3,,JPN,Japan,A,Normal value,2020,,0,Units,0,Zero,USD,US dollar
DATAFLOW,OECD.CFE.EDS:DSD_REG_ECO@DF_INC(2.0),Income - Regions,I,A,Annual,CTRY,Country,JPN,Japan,_Z,Not applicable,B6N,"Disposable income, net",_T,Total - all activities,Q,Constant prices,USD_PPP_PS,"US dollars per person, PPP converted",2012,,21221.7,,JPN,Japan,A,Normal value,2020,,0,Units,0,Zero,USD,US dollar
DATAFLOW,OECD.CFE.EDS:DSD_REG_ECO@DF_INC(2.0),Income - Regions,I,A,Annual,CTRY,Country,JPN,Japan,_Z,Not applicable,B6N,"Disposable income, net",_T,Total - all activities,Q,Constant prices,USD_PPP_PS,"US dollars per person, PPP converted",2013,,21377.1,,JPN,Japan,A,Normal value,2020,,0,Units,0,Zero,USD,US dollar
DATAFLOW,OECD.CFE.EDS:DSD_REG_ECO@DF_INC(2.0),Income - Regions,I,A,Annual,CTRY,Country,JPN,Japan,_Z,Not applicable,B6N,"Disposable income, net",_T,Total - all activities,Q,Constant prices,USD_PPP_PS,"US dollars per person, PPP converted",2014,,21073.7,,JPN,Japan,A,Normal value,2020,,0,Units,0,Zero,USD,US dollar
DATAFLOW,OECD.CFE.EDS:DSD_REG_ECO@DF_INC(2.0),Income - Regions,I,A,Annual,CTRY,Country,JPN,Japan,_Z,Not applicable,B6N,"Disposable income, net",_T,Total - all activities,Q,Constant prices,USD_PPP_PS,"US dollars per person, PPP converted",2015,,21230.8,,JPN,Japan,A,Normal value,2020,,0,Units,0,Zero,USD,US dollar
DATAFLOW,OECD.CFE.EDS:DSD_REG_ECO@DF_INC(2.0),Income - Regions,I,A,Annual,CTRY,Country,JPN,Japan,_Z,Not applicable,B6N,"Disposable income, net",_T,Total - all activities,Q,Constant prices,USD_PPP_PS,"US dollars per person, PPP converted",2016,,21456,,JPN,Japan,A,Normal value,2020,,0,Units,0,Zero,USD,US dollar
DATAFLOW,OECD.CFE.EDS:DSD_REG_ECO@DF_INC(2.0),Income - Regions,I,A,Annual,CTRY,Country,JPN,Japan,_Z,Not applicable,B6N,"Disposable income, net",_T,Total - all activities,Q,Constant prices,USD_PPP_PS,"US dollars per person, PPP converted",2017,,21725.4,,JPN,Japan,A,Normal value,2020,,0,Units,0,Zero,USD,US dollar
DATAFLOW,OECD.CFE.EDS:DSD_REG_ECO@DF_INC(2.0),Income - Regions,I,A,Annual,CTRY,Country,JPN,Japan,_Z,Not applicable,B6N,"Disposable income, net",_T,Total - all activities,Q,Constant prices,USD_PPP_PS,"US dollars per person, PPP converted",2018,,21773.6,,JPN,Japan,A,Normal value,2020,,0,Units,0,Zero,USD,US dollar
DATAFLOW,OECD.CFE.EDS:DSD_REG_ECO@DF_INC(2.0),Income - Regions,I,A,Annual,CTRY,Country,JPN,Japan,_Z,Not applicable,B6N,"Disposable income, net",_T,Total - all activities,Q,Constant prices,USD_PPP_PS,"US dollars per person, PPP converted",2019,,21773.6,,JPN,Japan,A,Normal value,2020,,0,Units,0,Zero,USD,US dollar
DATAFLOW,OECD.CFE.EDS:DSD_REG_ECO@DF_INC(2.0),Income - Regions,I,A,Annual,CTRY,Country,JPN,Japan,_Z,Not applicable,B6N,"Disposable income, net",_T,Total - all activities,Q,Constant prices,USD_PPP_PS,"US dollars per person, PPP converted",2020,,22534.6,,JPN,Japan,A,Normal value,2020,,0,Units,0,Zero,USD,US dollar
DATAFLOW,OECD.CFE.EDS:DSD_REG_ECO@DF_INC(2.0),Income - Regions,I,A,Annual,CTRY,Country,NLD,Netherlands,_Z,Not applicable,B5N,"Primary incomes, net",_T,Total - all activities,Q,Constant prices,USD_PPP_PS,"US dollars per person, PPP converted",2000,,28648.1,,NLD,Netherlands,A,Normal value,2020,,0,Units,0,Zero,USD,US dollar
DATAFLOW,OECD.CFE.EDS:DSD_REG_ECO@DF_INC(2.0),Income - Regions,I,A,Annual,CTRY,Country,NLD,Netherlands,_Z,Not applicable,B6N,"Disposable income, net",_T,Total - all activities,Q,Constant prices,USD_PPP_PS,"US dollars per person, PPP converted",2000,,21671.8,,NLD,Netherlands,A,Normal value,2020,,0,Units,0,Zero,USD,US dollar
DATAFLOW,OECD.CFE.EDS:DSD_REG_ECO@DF_INC(2.0),Income - Regions,I,A,Annual,CTRY,Country,NLD,Netherlands,_Z,Not applicable,B6N,"Disposable income, net",_T,Total - all activities,Q,Constant prices,USD_PPP_PS,"US dollars per person, PPP converted",2001,,22695.1,,NLD,Netherlands,A,Normal value,2020,,0,Units,0,Zero,USD,US dollar
DATAFLOW,OECD.CFE.EDS:DSD_REG_ECO@DF_INC(2.0),Income - Regions,I,A,Annual,CTRY,Country,NLD,Netherlands,_Z,Not applicable,B5N,"Primary incomes, net",_T,Total - all activities,Q,Constant prices,USD_PPP_PS,"US dollars per person, PPP converted",2001,,28540.5,,NLD,Netherlands,A,Normal value,2020,,0,Units,0,Zero,USD,US dollar
DATAFLOW,OECD.CFE.EDS:DSD_REG_ECO@DF_INC(2.0),Income - Regions,I,A,Annual,CTRY,Country,NLD,Netherlands,_Z,Not applicable,B5N,"Primary incomes, net",_T,Total - all activities,Q,Constant prices,USD_PPP_PS,"US dollars per person, PPP converted",2002,,28782.3,,NLD,Netherlands,A,Normal value,2020,,0,Units,0,Zero,USD,US dollar
DATAFLOW,OECD.CFE.EDS:DSD_REG_ECO@DF_INC(2.0),Income - Regions,I,A,Annual,CTRY,Country,NLD,Netherlands,_Z,Not applicable,B6N,"Disposable income, net",_T,Total - all activities,Q,Constant prices,USD_PPP_PS,"US dollars per person, PPP converted",2002,,22426.2,,NLD,Netherlands,A,Normal value,2020,,0,Units,0,Zero,USD,US dollar
DATAFLOW,OECD.CFE.EDS:DSD_REG_ECO@DF_INC(2.0),Income - Regions,I,A,Annual,CTRY,Country,NLD,Netherlands,_Z,Not applicable,B5N,"Primary incomes, net",_T,Total - all activities,Q,Constant prices,USD_PPP_PS,"US dollars per person, PPP converted",2003,,28540.2,,NLD,Netherlands,A,Normal value,2020,,0,Units,0,Zero,USD,US dollar
DATAFLOW,OECD.CFE.EDS:DSD_REG_ECO@DF_INC(2.0),Income - Regions,I,A,Annual,CTRY,Country,NLD,Netherlands,_Z,Not applicable,B6N,"Disposable income, net",_T,Total - all activities,Q,Constant prices,USD_PPP_PS,"US dollars per person, PPP converted",2003,,22069,,NLD,Netherlands,A,Normal value,2020,,0,Units,0,Zero,USD,US dollar
DATAFLOW,OECD.CFE.EDS:DSD_REG_ECO@DF_INC(2.0),Income - Regions,I,A,Annual,CTRY,Country,NLD,Netherlands,_Z,Not applicable,B5N,"Primary incomes, net",_T,Total - all activities,Q,Constant prices,USD_PPP_PS,"US dollars per person, PPP converted",2004,,28494.7,,NLD,Netherlands,A,Normal value,2020,,0,Units,0,Zero,USD,US dollar
DATAFLOW,OECD.CFE.EDS:DSD_REG_ECO@DF_INC(2.0),Income - Regions,I,A,Annual,CTRY,Country,NLD,Netherlands,_Z,Not applicable,B6N,"Disposable income, net",_T,Total - all activities,Q,Constant prices,USD_PPP_PS,"US dollars per person, PPP converted",2004,,22047.8,,NLD,Netherlands,A,Normal value,2020,,0,Units,0,Zero,USD,US dollar
DATAFLOW,OECD.CFE.EDS:DSD_REG_ECO@DF_INC(2.0),Income - Regions,I,A,Annual,CTRY,Country,NLD,Netherlands,_Z,Not applicable,B6N,"Disposable income, net",_T,Total - all activities,Q,Constant prices,USD_PPP_PS,"US dollars per person, PPP converted",2005,,21878.3,,NLD,Netherlands,A,Normal value,2020,,0,Units,0,Zero,USD,US dollar
DATAFLOW,OECD.CFE.EDS:DSD_REG_ECO@DF_INC(2.0),Income - Regions,I,A,Annual,CTRY,Country,NLD,Netherlands,_Z,Not applicable,B5N,"Primary incomes, net",_T,Total - all activities,Q,Constant prices,USD_PPP_PS,"US dollars per person, PPP converted",2005,,28359.7,,NLD,Netherlands,A,Normal value,2020,,0,Units,0,Zero,USD,US dollar
DATAFLOW,OECD.CFE.EDS:DSD_REG_ECO@DF_INC(2.0),Income - Regions,I,A,Annual,CTRY,Country,NLD,Netherlands,_Z,Not applicable,B5N,"Primary incomes, net",_T,Total - all activities,Q,Constant prices,USD_PPP_PS,"US dollars per person, PPP converted",2006,,28568,,NLD,Netherlands,A,Normal value,2020,,0,Units,0,Zero,USD,US dollar
DATAFLOW,OECD.CFE.EDS:DSD_REG_ECO@DF_INC(2.0),Income - Regions,I,A,Annual,CTRY,Country,NLD,Netherlands,_Z,Not applicable,B6N,"Disposable income, net",_T,Total - all activities,Q,Constant prices,USD_PPP_PS,"US dollars per person, PPP converted",2006,,22112.4,,NLD,Netherlands,A,Normal value,2020,,0,Units,0,Zero,USD,US dollar
DATAFLOW,OECD.CFE.EDS:DSD_REG_ECO@DF_INC(2.0),Income - Regions,I,A,Annual,CTRY,Country,NLD,Netherlands,_Z,Not applicable,B6N,"Disposable income, net",_T,Total - all activities,Q,Constant prices,USD_PPP_PS,"US dollars per person, PPP converted",2007,,22535.9,,NLD,Netherlands,A,Normal value,2020,,0,Units,0,Zero,USD,US dollar
DATAFLOW,OECD.CFE.EDS:DSD_REG_ECO@DF_INC(2.0),Income - Regions,I,A,Annual,CTRY,Country,NLD,Netherlands,_Z,Not applicable,B5N,"Primary incomes, net",_T,Total - all activities,Q,Constant prices,USD_PPP_PS,"US dollars per person, PPP converted",2007,,29183.1,,NLD,Netherlands,A,Normal value,2020,,0,Units,0,Zero,USD,US dollar
DATAFLOW,OECD.CFE.EDS:DSD_REG_ECO@DF_INC(2.0),Income - Regions,I,A,Annual,CTRY,Country,NLD,Netherlands,_Z,Not applicable,B5N,"Primary incomes, net",_T,Total - all activities,Q,Constant prices,USD_PPP_PS,"US dollars per person, PPP converted",2008,,30076.9,,NLD,Netherlands,A,Normal value,2020,,0,Units,0,Zero,USD,US dollar
DATAFLOW,OECD.CFE.EDS:DSD_REG_ECO@DF_INC(2.0),Income - Regions,I,A,Annual,CTRY,Country,NLD,Netherlands,_Z,Not applicable,B6N,"Disposable income, net",_T,Total - all activities,Q,Constant prices,USD_PPP_PS,"US dollars per person, PPP converted",2008,,22573,,NLD,Netherlands,A,Normal value,2020,,0,Units,0,Zero,USD,US dollar
DATAFLOW,OECD.CFE.EDS:DSD_REG_ECO@DF_INC(2.0),Income - Regions,I,A,Annual,CTRY,Country,NLD,Netherlands,_Z,Not applicable,B6N,"Disposable income, net",_T,Total - all activities,Q,Constant prices,USD_PPP_PS,"US dollars per person, PPP converted",2009,,22745.2,,NLD,Netherlands,A,Normal value,2020,,0,Units,0,Zero,USD,US dollar
DATAFLOW,OECD.CFE.EDS:DSD_REG_ECO@DF_INC(2.0),Income - Regions,I,A,Annual,CTRY,Country,NLD,Netherlands,_Z,Not applicable,B5N,"Primary incomes, net",_T,Total - all activities,Q,Constant prices,USD_PPP_PS,"US dollars per person, PPP converted",2009,,30232.1,,NLD,Netherlands,A,Normal value,2020,,0,Units,0,Zero,USD,US dollar
DATAFLOW,OECD.CFE.EDS:DSD_REG_ECO@DF_INC(2.0),Income - Regions,I,A,Annual,CTRY,Country,NLD,Netherlands,_Z,Not applicable,B5N,"Primary incomes, net",_T,Total - all activities,Q,Constant prices,USD_PPP_PS,"US dollars per person, PPP converted",2010,,29699.3,,NLD,Netherlands,A,Normal value,2020,,0,Units,0,Zero,USD,US dollar
DATAFLOW,OECD.CFE.EDS:DSD_REG_ECO@DF_INC(2.0),Income - Regions,I,A,Annual,CTRY,Country,NLD,Netherlands,_Z,Not applicable,B6N,"Disposable income, net",_T,Total - all activities,Q,Constant prices,USD_PPP_PS,"US dollars per person, PPP converted",2010,,22555.1,,NLD,Netherlands,A,Normal value,2020,,0,Units,0,Zero,USD,US dollar
DATAFLOW,OECD.CFE.EDS:DSD_REG_ECO@DF_INC(2.0),Income - Regions,I,A,Annual,CTRY,Country,NLD,Netherlands,_Z,Not applicable,B6N,"Disposable income, net",_T,Total - all activities,Q,Constant prices,USD_PPP_PS,"US dollars per person, PPP converted",2011,,22615.8,,NLD,Netherlands,A,Normal value,2020,,0,Units,0,Zero,USD,US dollar
DATAFLOW,OECD.CFE.EDS:DSD_REG_ECO@DF_INC(2.0),Income - Regions,I,A,Annual,CTRY,Country,NLD,Netherlands,_Z,Not applicable,B5N,"Primary incomes, net",_T,Total - all activities,Q,Constant prices,USD_PPP_PS,"US dollars per person, PPP converted",2011,,29887.4,,NLD,Netherlands,A,Normal value,2020,,0,Units,0,Zero,USD,US dollar
DATAFLOW,OECD.CFE.EDS:DSD_REG_ECO@DF_INC(2.0),Income - Regions,I,A,Annual,CTRY,Country,NLD,Netherlands,_Z,Not applicable,B5N,"Primary incomes, net",_T,Total - all activities,Q,Constant prices,USD_PPP_PS,"US dollars per person, PPP converted",2012,,29965.2,,NLD,Netherlands,A,Normal value,2020,,0,Units,0,Zero,USD,US dollar
DATAFLOW,OECD.CFE.EDS:DSD_REG_ECO@DF_INC(2.0),Income - Regions,I,A,Annual,CTRY,Country,NLD,Netherlands,_Z,Not applicable,B6N,"Disposable income, net",_T,Total - all activities,Q,Constant prices,USD_PPP_PS,"US dollars per person, PPP converted",2012,,22537,,NLD,Netherlands,A,Normal value,2020,,0,Units,0,Zero,USD,US dollar
DATAFLOW,OECD.CFE.EDS:DSD_REG_ECO@DF_INC(2.0),Income - Regions,I,A,Annual,CTRY,Country,NLD,Netherlands,_Z,Not applicable,B6N,"Disposable income, net",_T,Total - all activities,Q,Constant prices,USD_PPP_PS,"US dollars per person, PPP converted",2013,,22267.5,,NLD,Netherlands,A,Normal value,2020,,0,Units,0,Zero,USD,US dollar
DATAFLOW,OECD.CFE.EDS:DSD_REG_ECO@DF_INC(2.0),Income - Regions,I,A,Annual,CTRY,Country,NLD,Netherlands,_Z,Not applicable,B5N,"Primary incomes, net",_T,Total - all activities,Q,Constant prices,USD_PPP_PS,"US dollars per person, PPP converted",2013,,29629.4,,NLD,Netherlands,A,Normal value,2020,,0,Units,0,Zero,USD,US dollar
DATAFLOW,OECD.CFE.EDS:DSD_REG_ECO@DF_INC(2.0),Income - Regions,I,A,Annual,CTRY,Country,NLD,Netherlands,_Z,Not applicable,B5N,"Primary incomes, net",_T,Total - all activities,Q,Constant prices,USD_PPP_PS,"US dollars per person, PPP converted",2014,,30152.5,,NLD,Netherlands,A,Normal value,2020,,0,Units,0,Zero,USD,US dollar
DATAFLOW,OECD.CFE.EDS:DSD_REG_ECO@DF_INC(2.0),Income - Regions,I,A,Annual,CTRY,Country,NLD,Netherlands,_Z,Not applicable,B6N,"Disposable income, net",_T,Total - all activities,Q,Constant prices,USD_PPP_PS,"US dollars per person, PPP converted",2014,,22682.6,,NLD,Netherlands,A,Normal value,2020,,0,Units,0,Zero,USD,US dollar
DATAFLOW,OECD.CFE.EDS:DSD_REG_ECO@DF_INC(2.0),Income - Regions,I,A,Annual,CTRY,Country,NLD,Netherlands,_Z,Not applicable,B6N,"Disposable income, net",_T,Total - all activities,Q,Constant prices,USD_PPP_PS,"US dollars per person, PPP converted",2015,,22947.8,,NLD,Netherlands,A,Normal value,2020,,0,Units,0,Zero,USD,US dollar
DATAFLOW,OECD.CFE.EDS:DSD_REG_ECO@DF_INC(2.0),Income - Regions,I,A,Annual,CTRY,Country,NLD,Netherlands,_Z,Not applicable,B5N,"Primary incomes, net",_T,Total - all activities,Q,Constant prices,USD_PPP_PS,"US dollars per person, PPP converted",2015,,30583.3,,NLD,Netherlands,A,Normal value,2020,,0,Units,0,Zero,USD,US dollar
DATAFLOW,OECD.CFE.EDS:DSD_REG_ECO@DF_INC(2.0),Income - Regions,I,A,Annual,CTRY,Country,NLD,Netherlands,_Z,Not applicable,B5N,"Primary incomes, net",_T,Total - all activities,Q,Constant prices,USD_PPP_PS,"US dollars per person, PPP converted",2016,,31225.2,,NLD,Netherlands,A,Normal value,2020,,0,Units,0,Zero,USD,US dollar
DATAFLOW,OECD.CFE.EDS:DSD_REG_ECO@DF_INC(2.0),Income - Regions,I,A,Annual,CTRY,Country,NLD,Netherlands,_Z,Not applicable,B6N,"Disposable income, net",_T,Total - all activities,Q,Constant prices,USD_PPP_PS,"US dollars per person, PPP converted",2016,,23386.2,,NLD,Netherlands,A,Normal value,2020,,0,Units,0,Zero,USD,US dollar
DATAFLOW,OECD.CFE.EDS:DSD_REG_ECO@DF_INC(2.0),Income - Regions,I,A,Annual,CTRY,Country,NLD,Netherlands,_Z,Not applicable,B6N,"Disposable income, net",_T,Total - all activities,Q,Constant prices,USD_PPP_PS,"US dollars per person, PPP converted",2017,,23468.9,,NLD,Netherlands,A,Normal value,2020,,0,Units,0,Zero,USD,US dollar
DATAFLOW,OECD.CFE.EDS:DSD_REG_ECO@DF_INC(2.0),Income - Regions,I,A,Annual,CTRY,Country,NLD,Netherlands,_Z,Not applicable,B5N,"Primary incomes, net",_T,Total - all activities,Q,Constant prices,USD_PPP_PS,"US dollars per person, PPP converted",2017,,31713.3,,NLD,Netherlands,A,Normal value,2020,,0,Units,0,Zero,USD,US dollar
DATAFLOW,OECD.CFE.EDS:DSD_REG_ECO@DF_INC(2.0),Income - Regions,I,A,Annual,CTRY,Country,NLD,Netherlands,_Z,Not applicable,B5N,"Primary incomes, net",_T,Total - all activities,Q,Constant prices,USD_PPP_PS,"US dollars per person, PPP converted",2018,,32426.5,,NLD,Netherlands,A,Normal value,2020,,0,Units,0,Zero,USD,US dollar
DATAFLOW,OECD.CFE.EDS:DSD_REG_ECO@DF_INC(2.0),Income - Regions,I,A,Annual,CTRY,Country,NLD,Netherlands,_Z,Not applicable,B6N,"Disposable income, net",_T,Total - all activities,Q,Constant prices,USD_PPP_PS,"US dollars per person, PPP converted",2018,,23964.9,,NLD,Netherlands,A,Normal value,2020,,0,Units,0,Zero,USD,US dollar
DATAFLOW,OECD.CFE.EDS:DSD_REG_ECO@DF_INC(2.0),Income - Regions,I,A,Annual,CTRY,Country,NLD,Netherlands,_Z,Not applicable,B6N,"Disposable income, net",_T,Total - all activities,Q,Constant prices,USD_PPP_PS,"US dollars per person, PPP converted",2019,,24407.1,,NLD,Netherlands,A,Normal value,2020,,0,Units,0,Zero,USD,US dollar
DATAFLOW,OECD.CFE.EDS:DSD_REG_ECO@DF_INC(2.0),Income - Regions,I,A,Annual,CTRY,Country,NLD,Netherlands,_Z,Not applicable,B5N,"Primary incomes, net",_T,Total - all activities,Q,Constant prices,USD_PPP_PS,"US dollars per person, PPP converted",2019,,33367.2,,NLD,Netherlands,A,Normal value,2020,,0,Units,0,Zero,USD,US dollar
DATAFLOW,OECD.CFE.EDS:DSD_REG_ECO@DF_INC(2.0),Income - Regions,I,A,Annual,CTRY,Country,NLD,Netherlands,_Z,Not applicable,B5N,"Primary incomes, net",_T,Total - all activities,Q,Constant prices,USD_PPP_PS,"US dollars per person, PPP converted",2020,,33330.5,,NLD,Netherlands,A,Normal value,2020,,0,Units,0,Zero,USD,US dollar
DATAFLOW,OECD.CFE.EDS:DSD_REG_ECO@DF_INC(2.0),Income - Regions,I,A,Annual,CTRY,Country,NLD,Netherlands,_Z,Not applicable,B6N,"Disposable income, net",_T,Total - all activities,Q,Constant prices,USD_PPP_PS,"US dollars per person, PPP converted",2020,,24861.6,,NLD,Netherlands,A,Normal value,2020,,0,Units,0,Zero,USD,US dollar
DATAFLOW,OECD.CFE.EDS:DSD_REG_ECO@DF_INC(2.0),Income - Regions,I,A,Annual,CTRY,Country,FIN,Finland,_Z,Not applicable,B6N,"Disposable income, net",_T,Total - all activities,Q,Constant prices,USD_PPP_PS,"US dollars per person, PPP converted",2000,,16836,,FIN,Finland,A,Normal value,2020,,0,Units,0,Zero,USD,US dollar
DATAFLOW,OECD.CFE.EDS:DSD_REG_ECO@DF_INC(2.0),Income - Regions,I,A,Annual,CTRY,Country,FIN,Finland,_Z,Not applicable,B5N,"Primary incomes, net",_T,Total - all activities,Q,Constant prices,USD_PPP_PS,"US dollars per person, PPP converted",2000,,17460.8,,FIN,Finland,A,Normal value,2020,,0,Units,0,Zero,USD,US dollar
DATAFLOW,OECD.CFE.EDS:DSD_REG_ECO@DF_INC(2.0),Income - Regions,I,A,Annual,CTRY,Country,FIN,Finland,_Z,Not applicable,B5N,"Primary incomes, net",_T,Total - all activities,Q,Constant prices,USD_PPP_PS,"US dollars per person, PPP converted",2001,,17266,,FIN,Finland,A,Normal value,2020,,0,Units,0,Zero,USD,US dollar
DATAFLOW,OECD.CFE.EDS:DSD_REG_ECO@DF_INC(2.0),Income - Regions,I,A,Annual,CTRY,Country,FIN,Finland,_Z,Not applicable,B6N,"Disposable income, net",_T,Total - all activities,Q,Constant prices,USD_PPP_PS,"US dollars per person, PPP converted",2001,,17018.1,,FIN,Finland,A,Normal value,2020,,0,Units,0,Zero,USD,US dollar
DATAFLOW,OECD.CFE.EDS:DSD_REG_ECO@DF_INC(2.0),Income - Regions,I,A,Annual,CTRY,Country,FIN,Finland,_Z,Not applicable,B6N,"Disposable income, net",_T,Total - all activities,Q,Constant prices,USD_PPP_PS,"US dollars per person, PPP converted",2002,,17445.4,,FIN,Finland,A,Normal value,2020,,0,Units,0,Zero,USD,US dollar
DATAFLOW,OECD.CFE.EDS:DSD_REG_ECO@DF_INC(2.0),Income - Regions,I,A,Annual,CTRY,Country,FIN,Finland,_Z,Not applicable,B5N,"Primary incomes, net",_T,Total - all activities,Q,Constant prices,USD_PPP_PS,"US dollars per person, PPP converted",2002,,17474,,FIN,Finland,A,Normal value,2020,,0,Units,0,Zero,USD,US dollar
DATAFLOW,OECD.CFE.EDS:DSD_REG_ECO@DF_INC(2.0),Income - Regions,I,A,Annual,CTRY,Country,FIN,Finland,_Z,Not applicable,B5N,"Primary incomes, net",_T,Total - all activities,Q,Constant prices,USD_PPP_PS,"US dollars per person, PPP converted",2003,,17856.1,,FIN,Finland,A,Normal value,2020,,0,Units,0,Zero,USD,US dollar
DATAFLOW,OECD.CFE.EDS:DSD_REG_ECO@DF_INC(2.0),Income - Regions,I,A,Annual,CTRY,Country,FIN,Finland,_Z,Not applicable,B6N,"Disposable income, net",_T,Total - all activities,Q,Constant prices,USD_PPP_PS,"US dollars per person, PPP converted",2003,,17975.9,,FIN,Finland,A,Normal value,2020,,0,Units,0,Zero,USD,US dollar
DATAFLOW,OECD.CFE.EDS:DSD_REG_ECO@DF_INC(2.0),Income - Regions,I,A,Annual,CTRY,Country,FIN,Finland,_Z,Not applicable,B6N,"Disposable income, net",_T,Total - all activities,Q,Constant prices,USD_PPP_PS,"US dollars per person, PPP converted",2004,,18895.2,,FIN,Finland,A,Normal value,2020,,0,Units,0,Zero,USD,US dollar
DATAFLOW,OECD.CFE.EDS:DSD_REG_ECO@DF_INC(2.0),Income - Regions,I,A,Annual,CTRY,Country,FIN,Finland,_Z,Not applicable,B5N,"Primary incomes, net",_T,Total - all activities,Q,Constant prices,USD_PPP_PS,"US dollars per person, PPP converted",2004,,18797.3,,FIN,Finland,A,Normal value,2020,,0,Units,0,Zero,USD,US dollar
DATAFLOW,OECD.CFE.EDS:DSD_REG_ECO@DF_INC(2.0),Income - Regions,I,A,Annual,CTRY,Country,FIN,Finland,_Z,Not applicable,B5N,"Primary incomes, net",_T,Total - all activities,Q,Constant prices,USD_PPP_PS,"US dollars per person, PPP converted",2005,,19319.5,,FIN,Finland,A,Normal value,2020,,0,Units,0,Zero,USD,US dollar
DATAFLOW,OECD.CFE.EDS:DSD_REG_ECO@DF_INC(2.0),Income - Regions,I,A,Annual,CTRY,Country,FIN,Finland,_Z,Not applicable,B6N,"Disposable income, net",_T,Total - all activities,Q,Constant prices,USD_PPP_PS,"US dollars per person, PPP converted",2005,,19226.6,,FIN,Finland,A,Normal value,2020,,0,Units,0,Zero,USD,US dollar
DATAFLOW,OECD.CFE.EDS:DSD_REG_ECO@DF_INC(2.0),Income - Regions,I,A,Annual,CTRY,Country,FIN,Finland,_Z,Not applicable,B6N,"Disposable income, net",_T,Total - all activities,Q,Constant prices,USD_PPP_PS,"US dollars per person, PPP converted",2006,,19903.5,,FIN,Finland,A,Normal value,2020,,0,Units,0,Zero,USD,US dollar
DATAFLOW,OECD.CFE.EDS:DSD_REG_ECO@DF_INC(2.0),Income - Regions,I,A,Annual,CTRY,Country,FIN,Finland,_Z,Not applicable,B5N,"Primary incomes, net",_T,Total - all activities,Q,Constant prices,USD_PPP_PS,"US dollars per person, PPP converted",2006,,20115.6,,FIN,Finland,A,Normal value,2020,,0,Units,0,Zero,USD,US dollar
DATAFLOW,OECD.CFE.EDS:DSD_REG_ECO@DF_INC(2.0),Income - Regions,I,A,Annual,CTRY,Country,FIN,Finland,_Z,Not applicable,B5N,"Primary incomes, net",_T,Total - all activities,Q,Constant prices,USD_PPP_PS,"US dollars per person, PPP converted",2007,,21237.1,,FIN,Finland,A,Normal value,2020,,0,Units,0,Zero,USD,US dollar
DATAFLOW,OECD.CFE.EDS:DSD_REG_ECO@DF_INC(2.0),Income - Regions,I,A,Annual,CTRY,Country,FIN,Finland,_Z,Not applicable,B6N,"Disposable income, net",_T,Total - all activities,Q,Constant prices,USD_PPP_PS,"US dollars per person, PPP converted",2007,,20901.2,,FIN,Finland,A,Normal value,2020,,0,Units,0,Zero,USD,US dollar
DATAFLOW,OECD.CFE.EDS:DSD_REG_ECO@DF_INC(2.0),Income - Regions,I,A,Annual,CTRY,Country,FIN,Finland,_Z,Not applicable,B6N,"Disposable income, net",_T,Total - all activities,Q,Constant prices,USD_PPP_PS,"US dollars per person, PPP converted",2008,,21035.6,,FIN,Finland,A,Normal value,2020,,0,Units,0,Zero,USD,US dollar
DATAFLOW,OECD.CFE.EDS:DSD_REG_ECO@DF_INC(2.0),Income - Regions,I,A,Annual,CTRY,Country,FIN,Finland,_Z,Not applicable,B5N,"Primary incomes, net",_T,Total - all activities,Q,Constant prices,USD_PPP_PS,"US dollars per person, PPP converted",2008,,21156,,FIN,Finland,A,Normal value,2020,,0,Units,0,Zero,USD,US dollar
DATAFLOW,OECD.CFE.EDS:DSD_REG_ECO@DF_INC(2.0),Income - Regions,I,A,Annual,CTRY,Country,FIN,Finland,_Z,Not applicable,B5N,"Primary incomes, net",_T,Total - all activities,Q,Constant prices,USD_PPP_PS,"US dollars per person, PPP converted",2009,,19984.2,,FIN,Finland,A,Normal value,2020,,0,Units,0,Zero,USD,US dollar
DATAFLOW,OECD.CFE.EDS:DSD_REG_ECO@DF_INC(2.0),Income - Regions,I,A,Annual,CTRY,Country,FIN,Finland,_Z,Not applicable,B6N,"Disposable income, net",_T,Total - all activities,Q,Constant prices,USD_PPP_PS,"US dollars per person, PPP converted",2009,,20833.2,,FIN,Finland,A,Normal value,2020,,0,Units,0,Zero,USD,US dollar
DATAFLOW,OECD.CFE.EDS:DSD_REG_ECO@DF_INC(2.0),Income - Regions,I,A,Annual,CTRY,Country,FIN,Finland,_Z,Not applicable,B6N,"Disposable income, net",_T,Total - all activities,Q,Constant prices,USD_PPP_PS,"US dollars per person, PPP converted",2010,,21303.7,,FIN,Finland,A,Normal value,2020,,0,Units,0,Zero,USD,US dollar
DATAFLOW,OECD.CFE.EDS:DSD_REG_ECO@DF_INC(2.0),Income - Regions,I,A,Annual,CTRY,Country,FIN,Finland,_Z,Not applicable,B5N,"Primary incomes, net",_T,Total - all activities,Q,Constant prices,USD_PPP_PS,"US dollars per person, PPP converted",2010,,20430.1,,FIN,Finland,A,Normal value,2020,,0,Units,0,Zero,USD,US dollar
DATAFLOW,OECD.CFE.EDS:DSD_REG_ECO@DF_INC(2.0),Income - Regions,I,A,Annual,CTRY,Country,FIN,Finland,_Z,Not applicable,B5N,"Primary incomes, net",_T,Total - all activities,Q,Constant prices,USD_PPP_PS,"US dollars per person, PPP converted",2011,,20716.4,,FIN,Finland,A,Normal value,2020,,0,Units,0,Zero,USD,US dollar
DATAFLOW,OECD.CFE.EDS:DSD_REG_ECO@DF_INC(2.0),Income - Regions,I,A,Annual,CTRY,Country,FIN,Finland,_Z,Not applicable,B6N,"Disposable income, net",_T,Total - all activities,Q,Constant prices,USD_PPP_PS,"US dollars per person, PPP converted",2011,,21447.1,,FIN,Finland,A,Normal value,2020,,0,Units,0,Zero,USD,US dollar
DATAFLOW,OECD.CFE.EDS:DSD_REG_ECO@DF_INC(2.0),Income - Regions,I,A,Annual,CTRY,Country,FIN,Finland,_Z,Not applicable,B6N,"Disposable income, net",_T,Total - all activities,Q,Constant prices,USD_PPP_PS,"US dollars per person, PPP converted",2012,,21264.2,,FIN,Finland,A,Normal value,2020,,0,Units,0,Zero,USD,US dollar
DATAFLOW,OECD.CFE.EDS:DSD_REG_ECO@DF_INC(2.0),Income - Regions,I,A,Annual,CTRY,Country,FIN,Finland,_Z,Not applicable,B5N,"Primary incomes, net",_T,Total - all activities,Q,Constant prices,USD_PPP_PS,"US dollars per person, PPP converted",2012,,20322.5,,FIN,Finland,A,Normal value,2020,,0,Units,0,Zero,USD,US dollar
DATAFLOW,OECD.CFE.EDS:DSD_REG_ECO@DF_INC(2.0),Income - Regions,I,A,Annual,CTRY,Country,FIN,Finland,_Z,Not applicable,B5N,"Primary incomes, net",_T,Total - all activities,Q,Constant prices,USD_PPP_PS,"US dollars per person, PPP converted",2013,,20127.7,,FIN,Finland,A,Normal value,2020,,0,Units,0,Zero,USD,US dollar
DATAFLOW,OECD.CFE.EDS:DSD_REG_ECO@DF_INC(2.0),Income - Regions,I,A,Annual,CTRY,Country,FIN,Finland,_Z,Not applicable,B6N,"Disposable income, net",_T,Total - all activities,Q,Constant prices,USD_PPP_PS,"US dollars per person, PPP converted",2013,,21101.7,,FIN,Finland,A,Normal value,2020,,0,Units,0,Zero,USD,US dollar
DATAFLOW,OECD.CFE.EDS:DSD_REG_ECO@DF_INC(2.0),Income - Regions,I,A,Annual,CTRY,Country,FIN,Finland,_Z,Not applicable,B6N,"Disposable income, net",_T,Total - all activities,Q,Constant prices,USD_PPP_PS,"US dollars per person, PPP converted",2014,,20975.7,,FIN,Finland,A,Normal value,2020,,0,Units,0,Zero,USD,US dollar
DATAFLOW,OECD.CFE.EDS:DSD_REG_ECO@DF_INC(2.0),Income - Regions,I,A,Annual,CTRY,Country,FIN,Finland,_Z,Not applicable,B5N,"Primary incomes, net",_T,Total - all activities,Q,Constant prices,USD_PPP_PS,"US dollars per person, PPP converted",2014,,19925,,FIN,Finland,A,Normal value,2020,,0,Units,0,Zero,USD,US dollar
DATAFLOW,OECD.CFE.EDS:DSD_REG_ECO@DF_INC(2.0),Income - Regions,I,A,Annual,CTRY,Country,FIN,Finland,_Z,Not applicable,B5N,"Primary incomes, net",_T,Total - all activities,Q,Constant prices,USD_PPP_PS,"US dollars per person, PPP converted",2015,,20025.5,,FIN,Finland,A,Normal value,2020,,0,Units,0,Zero,USD,US dollar
DATAFLOW,OECD.CFE.EDS:DSD_REG_ECO@DF_INC(2.0),Income - Regions,I,A,Annual,CTRY,Country,FIN,Finland,_Z,Not applicable,B6N,"Disposable income, net",_T,Total - all activities,Q,Constant prices,USD_PPP_PS,"US dollars per person, PPP converted",2015,,21123.8,,FIN,Finland,A,Normal value,2020,,0,Units,0,Zero,USD,US dollar
DATAFLOW,OECD.CFE.EDS:DSD_REG_ECO@DF_INC(2.0),Income - Regions,I,A,Annual,CTRY,Country,FIN,Finland,_Z,Not applicable,B6N,"Disposable income, net",_T,Total - all activities,Q,Constant prices,USD_PPP_PS,"US dollars per person, PPP converted",2016,,21337.5,,FIN,Finland,A,Normal value,2020,,0,Units,0,Zero,USD,US dollar
DATAFLOW,OECD.CFE.EDS:DSD_REG_ECO@DF_INC(2.0),Income - Regions,I,A,Annual,CTRY,Country,FIN,Finland,_Z,Not applicable,B5N,"Primary incomes, net",_T,Total - all activities,Q,Constant prices,USD_PPP_PS,"US dollars per person, PPP converted",2016,,20206.6,,FIN,Finland,A,Normal value,2020,,0,Units,0,Zero,USD,US dollar
DATAFLOW,OECD.CFE.EDS:DSD_REG_ECO@DF_INC(2.0),Income - Regions,I,A,Annual,CTRY,Country,FIN,Finland,_Z,Not applicable,B5N,"Primary incomes, net",_T,Total - all activities,Q,Constant prices,USD_PPP_PS,"US dollars per person, PPP converted",2017,,20592,,FIN,Finland,A,Normal value,2020,,0,Units,0,Zero,USD,US dollar
DATAFLOW,OECD.CFE.EDS:DSD_REG_ECO@DF_INC(2.0),Income - Regions,I,A,Annual,CTRY,Country,FIN,Finland,_Z,Not applicable,B6N,"Disposable income, net",_T,Total - all activities,Q,Constant prices,USD_PPP_PS,"US dollars per person, PPP converted",2017,,21726.1,,FIN,Finland,A,Normal value,2020,,0,Units,0,Zero,USD,US dollar
DATAFLOW,OECD.CFE.EDS:DSD_REG_ECO@DF_INC(2.0),Income - Regions,I,A,Annual,CTRY,Country,FIN,Finland,_Z,Not applicable,B6N,"Disposable income, net",_T,Total - all activities,Q,Constant prices,USD_PPP_PS,"US dollars per person, PPP converted",2018,,22126.2,,FIN,Finland,A,Normal value,2020,,0,Units,0,Zero,USD,US dollar
DATAFLOW,OECD.CFE.EDS:DSD_REG_ECO@DF_INC(2.0),Income - Regions,I,A,Annual,CTRY,Country,FIN,Finland,_Z,Not applicable,B5N,"Primary incomes, net",_T,Total - all activities,Q,Constant prices,USD_PPP_PS,"US dollars per person, PPP converted",2018,,21234.4,,FIN,Finland,A,Normal value,2020,,0,Units,0,Zero,USD,US dollar
DATAFLOW,OECD.CFE.EDS:DSD_REG_ECO@DF_INC(2.0),Income - Regions,I,A,Annual,CTRY,Country,FIN,Finland,_Z,Not applicable,B5N,"Primary incomes, net",_T,Total - all activities,Q,Constant prices,USD_PPP_PS,"US dollars per person, PPP converted",2019,,21662.1,,FIN,Finland,A,Normal value,2020,,0,Units,0,Zero,USD,US dollar
DATAFLOW,OECD.CFE.EDS:DSD_REG_ECO@DF_INC(2.0),Income - Regions,I,A,Annual,CTRY,Country,FIN,Finland,_Z,Not applicable,B6N,"Disposable income, net",_T,Total - all activities,Q,Constant prices,USD_PPP_PS,"US dollars per person, PPP converted",2019,,22470.5,,FIN,Finland,A,Normal value,2020,,0,Units,0,Zero,USD,US dollar
DATAFLOW,OECD.CFE.EDS:DSD_REG_ECO@DF_INC(2.0),Income - Regions,I,A,Annual,CTRY,Country,FIN,Finland,_Z,Not applicable,B6N,"Disposable income, net",_T,Total - all activities,Q,Constant prices,USD_PPP_PS,"US dollars per person, PPP converted",2020,,22594.7,,FIN,Finland,A,Normal value,2020,,0,Units,0,Zero,USD,US dollar
DATAFLOW,OECD.CFE.EDS:DSD_REG_ECO@DF_INC(2.0),Income - Regions,I,A,Annual,CTRY,Country,FIN,Finland,_Z,Not applicable,B5N,"Primary incomes, net",_T,Total - all activities,Q,Constant prices,USD_PPP_PS,"US dollars per person, PPP converted",2020,,21411.1,,FIN,Finland,A,Normal value,2020,,0,Units,0,Zero,USD,US dollar
DATAFLOW,OECD.CFE.EDS:DSD_REG_ECO@DF_INC(2.0),Income - Regions,I,A,Annual,CTRY,Country,FIN,Finland,_Z,Not applicable,B5N,"Primary incomes, net",_T,Total - all activities,Q,Constant prices,USD_PPP_PS,"US dollars per person, PPP converted",2021,,22689.4,,FIN,Finland,A,Normal value,2020,,0,Units,0,Zero,USD,US dollar
DATAFLOW,OECD.CFE.EDS:DSD_REG_ECO@DF_INC(2.0),Income - Regions,I,A,Annual,CTRY,Country,FIN,Finland,_Z,Not applicable,B6N,"Disposable income, net",_T,Total - all activities,Q,Constant prices,USD_PPP_PS,"US dollars per person, PPP converted",2021,,23303.5,,FIN,Finland,A,Normal value,2020,,0,Units,0,Zero,USD,US dollar
DATAFLOW,OECD.CFE.EDS:DSD_REG_ECO@DF_INC(2.0),Income - Regions,I,A,Annual,CTRY,Country,FIN,Finland,_Z,Not applicable,B6N,"Disposable income, net",_T,Total - all activities,Q,Constant prices,USD_PPP_PS,"US dollars per person, PPP converted",2022,,22727.3,,FIN,Finland,A,Normal value,2020,,0,Units,0,Zero,USD,US dollar
DATAFLOW,OECD.CFE.EDS:DSD_REG_ECO@DF_INC(2.0),Income - Regions,I,A,Annual,CTRY,Country,FIN,Finland,_Z,Not applicable,B5N,"Primary incomes, net",_T,Total - all activities,Q,Constant prices,USD_PPP_PS,"US dollars per person, PPP converted",2022,,22252.6,,FIN,Finland,A,Normal value,2020,,0,Units,0,Zero,USD,US dollar
DATAFLOW,OECD.CFE.EDS:DSD_REG_ECO@DF_INC(2.0),Income - Regions,I,A,Annual,CTRY,Country,ITA,Italy,_Z,Not applicable,B5N,"Primary incomes, net",_T,Total - all activities,Q,Constant prices,USD_PPP_PS,"US dollars per person, PPP converted",1995,,29262.8,,ITA,Italy,A,Normal value,2020,,0,Units,0,Zero,USD,US dollar
DATAFLOW,OECD.CFE.EDS:DSD_REG_ECO@DF_INC(2.0),Income - Regions,I,A,Annual,CTRY,Country,ITA,Italy,_Z,Not applicable,B6N,"Disposable income, net",_T,Total - all activities,Q,Constant prices,USD_PPP_PS,"US dollars per person, PPP converted",1995,,25636.6,,ITA,Italy,A,Normal value,2020,,0,Units,0,Zero,USD,US dollar
DATAFLOW,OECD.CFE.EDS:DSD_REG_ECO@DF_INC(2.0),Income - Regions,I,A,Annual,CTRY,Country,ITA,Italy,_Z,Not applicable,B6N,"Disposable income, net",_T,Total - all activities,Q,Constant prices,USD_PPP_PS,"US dollars per person, PPP converted",1996,,25955.8,,ITA,Italy,A,Normal value,2020,,0,Units,0,Zero,USD,US dollar
DATAFLOW,OECD.CFE.EDS:DSD_REG_ECO@DF_INC(2.0),Income - Regions,I,A,Annual,CTRY,Country,ITA,Italy,_Z,Not applicable,B5N,"Primary incomes, net",_T,Total - all activities,Q,Constant prices,USD_PPP_PS,"US dollars per person, PPP converted",1996,,29796.3,,ITA,Italy,A,Normal value,2020,,0,Units,0,Zero,USD,US dollar
DATAFLOW,OECD.CFE.EDS:DSD_REG_ECO@DF_INC(2.0),Income - Regions,I,A,Annual,CTRY,Country,ITA,Italy,_Z,Not applicable,B5N,"Primary incomes, net",_T,Total - all activities,Q,Constant prices,USD_PPP_PS,"US dollars per person, PPP converted",1997,,29918.6,,ITA,Italy,A,Normal value,2020,,0,Units,0,Zero,USD,US dollar
DATAFLOW,OECD.CFE.EDS:DSD_REG_ECO@DF_INC(2.0),Income - Regions,I,A,Annual,CTRY,Country,ITA,Italy,_Z,Not applicable,B6N,"Disposable income, net",_T,Total - all activities,Q,Constant prices,USD_PPP_PS,"US dollars per person, PPP converted",1997,,25971.4,,ITA,Italy,A,Normal value,2020,,0,Units,0,Zero,USD,US dollar
DATAFLOW,OECD.CFE.EDS:DSD_REG_ECO@DF_INC(2.0),Income - Regions,I,A,Annual,CTRY,Country,ITA,Italy,_Z,Not applicable,B6N,"Disposable income, net",_T,Total - all activities,Q,Constant prices,USD_PPP_PS,"US dollars per person, PPP converted",1998,,25655.9,,ITA,Italy,A,Normal value,2020,,0,Units,0,Zero,USD,US dollar
DATAFLOW,OECD.CFE.EDS:DSD_REG_ECO@DF_INC(2.0),Income - Regions,I,A,Annual,CTRY,Country,ITA,Italy,_Z,Not applicable,B5N,"Primary incomes, net",_T,Total - all activities,Q,Constant prices,USD_PPP_PS,"US dollars per person, PPP converted",1998,,28949.1,,ITA,Italy,A,Normal value,2020,,0,Units,0,Zero,USD,US dollar
DATAFLOW,OECD.CFE.EDS:DSD_REG_ECO@DF_INC(2.0),Income - Regions,I,A,Annual,CTRY,Country,ITA,Italy,_Z,Not applicable,B5N,"Primary incomes, net",_T,Total - all activities,Q,Constant prices,USD_PPP_PS,"US dollars per person, PPP converted",1999,,29336,,ITA,Italy,A,Normal value,2020,,0,Units,0,Zero,USD,US dollar
DATAFLOW,OECD.CFE.EDS:DSD_REG_ECO@DF_INC(2.0),Income - Regions,I,A,Annual,CTRY,Country,ITA,Italy,_Z,Not applicable,B6N,"Disposable income, net",_T,Total - all activities,Q,Constant prices,USD_PPP_PS,"US dollars per person, PPP converted",1999,,25944.3,,ITA,Italy,A,Normal value,2020,,0,Units,0,Zero,USD,US dollar
DATAFLOW,OECD.CFE.EDS:DSD_REG_ECO@DF_INC(2.0),Income - Regions,I,A,Annual,CTRY,Country,ITA,Italy,_Z,Not applicable,B6N,"Disposable income, net",_T,Total - all activities,Q,Constant prices,USD_PPP_PS,"US dollars per person, PPP converted",2000,,26186,,ITA,Italy,A,Normal value,2020,,0,Units,0,Zero,USD,US dollar
DATAFLOW,OECD.CFE.EDS:DSD_REG_ECO@DF_INC(2.0),Income - Regions,I,A,Annual,CTRY,Country,ITA,Italy,_Z,Not applicable,B5N,"Primary incomes, net",_T,Total - all activities,Q,Constant prices,USD_PPP_PS,"US dollars per person, PPP converted",2000,,29609.2,,ITA,Italy,A,Normal value,2020,,0,Units,0,Zero,USD,US dollar
DATAFLOW,OECD.CFE.EDS:DSD_REG_ECO@DF_INC(2.0),Income - Regions,I,A,Annual,CTRY,Country,ITA,Italy,_Z,Not applicable,B5N,"Primary incomes, net",_T,Total - all activities,Q,Constant prices,USD_PPP_PS,"US dollars per person, PPP converted",2001,,30186,,ITA,Italy,A,Normal value,2020,,0,Units,0,Zero,USD,US dollar
DATAFLOW,OECD.CFE.EDS:DSD_REG_ECO@DF_INC(2.0),Income - Regions,I,A,Annual,CTRY,Country,ITA,Italy,_Z,Not applicable,B6N,"Disposable income, net",_T,Total - all activities,Q,Constant prices,USD_PPP_PS,"US dollars per person, PPP converted",2001,,26754.7,,ITA,Italy,A,Normal value,2020,,0,Units,0,Zero,USD,US dollar
DATAFLOW,OECD.CFE.EDS:DSD_REG_ECO@DF_INC(2.0),Income - Regions,I,A,Annual,CTRY,Country,ITA,Italy,_Z,Not applicable,B6N,"Disposable income, net",_T,Total - all activities,Q,Constant prices,USD_PPP_PS,"US dollars per person, PPP converted",2002,,26927.3,,ITA,Italy,A,Normal value,2020,,0,Units,0,Zero,USD,US dollar
DATAFLOW,OECD.CFE.EDS:DSD_REG_ECO@DF_INC(2.0),Income - Regions,I,A,Annual,CTRY,Country,ITA,Italy,_Z,Not applicable,B5N,"Primary incomes, net",_T,Total - all activities,Q,Constant prices,USD_PPP_PS,"US dollars per person, PPP converted",2002,,30186.1,,ITA,Italy,A,Normal value,2020,,0,Units,0,Zero,USD,US dollar
DATAFLOW,OECD.CFE.EDS:DSD_REG_ECO@DF_INC(2.0),Income - Regions,I,A,Annual,CTRY,Country,ITA,Italy,_Z,Not applicable,B5N,"Primary incomes, net",_T,Total - all activities,Q,Constant prices,USD_PPP_PS,"US dollars per person, PPP converted",2003,,29925.8,,ITA,Italy,A,Normal value,2020,,0,Units,0,Zero,USD,US dollar
DATAFLOW,OECD.CFE.EDS:DSD_REG_ECO@DF_INC(2.0),Income - Regions,I,A,Annual,CTRY,Country,ITA,Italy,_Z,Not applicable,B6N,"Disposable income, net",_T,Total - all activities,Q,Constant prices,USD_PPP_PS,"US dollars per person, PPP converted",2003,,26877.8,,ITA,Italy,A,Normal value,2020,,0,Units,0,Zero,USD,US dollar
DATAFLOW,OECD.CFE.EDS:DSD_REG_ECO@DF_INC(2.0),Income - Regions,I,A,Annual,CTRY,Country,ITA,Italy,_Z,Not applicable,B6N,"Disposable income, net",_T,Total - all activities,Q,Constant prices,USD_PPP_PS,"US dollars per person, PPP converted",2004,,27013.2,,ITA,Italy,A,Normal value,2020,,0,Units,0,Zero,USD,US dollar
DATAFLOW,OECD.CFE.EDS:DSD_REG_ECO@DF_INC(2.0),Income - Regions,I,A,Annual,CTRY,Country,ITA,Italy,_Z,Not applicable,B5N,"Primary incomes, net",_T,Total - all activities,Q,Constant prices,USD_PPP_PS,"US dollars per person, PPP converted",2004,,30165,,ITA,Italy,A,Normal value,2020,,0,Units,0,Zero,USD,US dollar
DATAFLOW,OECD.CFE.EDS:DSD_REG_ECO@DF_INC(2.0),Income - Regions,I,A,Annual,CTRY,Country,ITA,Italy,_Z,Not applicable,B5N,"Primary incomes, net",_T,Total - all activities,Q,Constant prices,USD_PPP_PS,"US dollars per person, PPP converted",2005,,30223.3,,ITA,Italy,A,Normal value,2020,,0,Units,0,Zero,USD,US dollar
DATAFLOW,OECD.CFE.EDS:DSD_REG_ECO@DF_INC(2.0),Income - Regions,I,A,Annual,CTRY,Country,ITA,Italy,_Z,Not applicable,B6N,"Disposable income, net",_T,Total - all activities,Q,Constant prices,USD_PPP_PS,"US dollars per person, PPP converted",2005,,26987.7,,ITA,Italy,A,Normal value,2020,,0,Units,0,Zero,USD,US dollar
DATAFLOW,OECD.CFE.EDS:DSD_REG_ECO@DF_INC(2.0),Income - Regions,I,A,Annual,CTRY,Country,ITA,Italy,_Z,Not applicable,B6N,"Disposable income, net",_T,Total - all activities,Q,Constant prices,USD_PPP_PS,"US dollars per person, PPP converted",2006,,27110,,ITA,Italy,A,Normal value,2020,,0,Units,0,Zero,USD,US dollar
DATAFLOW,OECD.CFE.EDS:DSD_REG_ECO@DF_INC(2.0),Income - Regions,I,A,Annual,CTRY,Country,ITA,Italy,_Z,Not applicable,B5N,"Primary incomes, net",_T,Total - all activities,Q,Constant prices,USD_PPP_PS,"US dollars per person, PPP converted",2006,,30409.2,,ITA,Italy,A,Normal value,2020,,0,Units,0,Zero,USD,US dollar
DATAFLOW,OECD.CFE.EDS:DSD_REG_ECO@DF_INC(2.0),Income - Regions,I,A,Annual,CTRY,Country,ITA,Italy,_Z,Not applicable,B5N,"Primary incomes, net",_T,Total - all activities,Q,Constant prices,USD_PPP_PS,"US dollars per person, PPP converted",2007,,30841.2,,ITA,Italy,A,Normal value,2020,,0,Units,0,Zero,USD,US dollar
DATAFLOW,OECD.CFE.EDS:DSD_REG_ECO@DF_INC(2.0),Income - Regions,I,A,Annual,CTRY,Country,ITA,Italy,_Z,Not applicable,B6N,"Disposable income, net",_T,Total - all activities,Q,Constant prices,USD_PPP_PS,"US dollars per person, PPP converted",2007,,27287.8,,ITA,Italy,A,Normal value,2020,,0,Units,0,Zero,USD,US dollar
DATAFLOW,OECD.CFE.EDS:DSD_REG_ECO@DF_INC(2.0),Income - Regions,I,A,Annual,CTRY,Country,ITA,Italy,_Z,Not applicable,B6N,"Disposable income, net",_T,Total - all activities,Q,Constant prices,USD_PPP_PS,"US dollars per person, PPP converted",2008,,26627.4,,ITA,Italy,A,Normal value,2020,,0,Units,0,Zero,USD,US dollar
DATAFLOW,OECD.CFE.EDS:DSD_REG_ECO@DF_INC(2.0),Income - Regions,I,A,Annual,CTRY,Country,ITA,Italy,_Z,Not applicable,B5N,"Primary incomes, net",_T,Total - all activities,Q,Constant prices,USD_PPP_PS,"US dollars per person, PPP converted",2008,,30229.2,,ITA,Italy,A,Normal value,2020,,0,Units,0,Zero,USD,US dollar
DATAFLOW,OECD.CFE.EDS:DSD_REG_ECO@DF_INC(2.0),Income - Regions,I,A,Annual,CTRY,Country,ITA,Italy,_Z,Not applicable,B5N,"Primary incomes, net",_T,Total - all activities,Q,Constant prices,USD_PPP_PS,"US dollars per person, PPP converted",2009,,28962.4,,ITA,Italy,A,Normal value,2020,,0,Units,0,Zero,USD,US dollar
DATAFLOW,OECD.CFE.EDS:DSD_REG_ECO@DF_INC(2.0),Income - Regions,I,A,Annual,CTRY,Country,ITA,Italy,_Z,Not applicable,B6N,"Disposable income, net",_T,Total - all activities,Q,Constant prices,USD_PPP_PS,"US dollars per person, PPP converted",2009,,25897.1,,ITA,Italy,A,Normal value,2020,,0,Units,0,Zero,USD,US dollar
DATAFLOW,OECD.CFE.EDS:DSD_REG_ECO@DF_INC(2.0),Income - Regions,I,A,Annual,CTRY,Country,ITA,Italy,_Z,Not applicable,B6N,"Disposable income, net",_T,Total - all activities,Q,Constant prices,USD_PPP_PS,"US dollars per person, PPP converted",2010,,25289.6,,ITA,Italy,A,Normal value,2020,,0,Units,0,Zero,USD,US dollar
DATAFLOW,OECD.CFE.EDS:DSD_REG_ECO@DF_INC(2.0),Income - Regions,I,A,Annual,CTRY,Country,ITA,Italy,_Z,Not applicable,B5N,"Primary incomes, net",_T,Total - all activities,Q,Constant prices,USD_PPP_PS,"US dollars per person, PPP converted",2010,,28299.9,,ITA,Italy,A,Normal value,2020,,0,Units,0,Zero,USD,US dollar
DATAFLOW,OECD.CFE.EDS:DSD_REG_ECO@DF_INC(2.0),Income - Regions,I,A,Annual,CTRY,Country,ITA,Italy,_Z,Not applicable,B5N,"Primary incomes, net",_T,Total - all activities,Q,Constant prices,USD_PPP_PS,"US dollars per person, PPP converted",2011,,27947.7,,ITA,Italy,A,Normal value,2020,,0,Units,0,Zero,USD,US dollar
DATAFLOW,OECD.CFE.EDS:DSD_REG_ECO@DF_INC(2.0),Income - Regions,I,A,Annual,CTRY,Country,ITA,Italy,_Z,Not applicable,B6N,"Disposable income, net",_T,Total - all activities,Q,Constant prices,USD_PPP_PS,"US dollars per person, PPP converted",2011,,25099.4,,ITA,Italy,A,Normal value,2020,,0,Units,0,Zero,USD,US dollar
DATAFLOW,OECD.CFE.EDS:DSD_REG_ECO@DF_INC(2.0),Income - Regions,I,A,Annual,CTRY,Country,ITA,Italy,_Z,Not applicable,B6N,"Disposable income, net",_T,Total - all activities,Q,Constant prices,USD_PPP_PS,"US dollars per person, PPP converted",2012,,23624.4,,ITA,Italy,A,Normal value,2020,,0,Units,0,Zero,USD,US dollar
DATAFLOW,OECD.CFE.EDS:DSD_REG_ECO@DF_INC(2.0),Income - Regions,I,A,Annual,CTRY,Country,ITA,Italy,_Z,Not applicable,B5N,"Primary incomes, net",_T,Total - all activities,Q,Constant prices,USD_PPP_PS,"US dollars per person, PPP converted",2012,,26443.3,,ITA,Italy,A,Normal value,2020,,0,Units,0,Zero,USD,US dollar
DATAFLOW,OECD.CFE.EDS:DSD_REG_ECO@DF_INC(2.0),Income - Regions,I,A,Annual,CTRY,Country,ITA,Italy,_Z,Not applicable,B5N,"Primary incomes, net",_T,Total - all activities,Q,Constant prices,USD_PPP_PS,"US dollars per person, PPP converted",2013,,25953.8,,ITA,Italy,A,Normal value,2020,,0,Units,0,Zero,USD,US dollar
DATAFLOW,OECD.CFE.EDS:DSD_REG_ECO@DF_INC(2.0),Income - Regions,I,A,Annual,CTRY,Country,ITA,Italy,_Z,Not applicable,B6N,"Disposable income, net",_T,Total - all activities,Q,Constant prices,USD_PPP_PS,"US dollars per person, PPP converted",2013,,23427.1,,ITA,Italy,A,Normal value,2020,,0,Units,0,Zero,USD,US dollar
DATAFLOW,OECD.CFE.EDS:DSD_REG_ECO@DF_INC(2.0),Income - Regions,I,A,Annual,CTRY,Country,ITA,Italy,_Z,Not applicable,B6N,"Disposable income, net",_T,Total - all activities,Q,Constant prices,USD_PPP_PS,"US dollars per person, PPP converted",2014,,23521.7,,ITA,Italy,A,Normal value,2020,,0,Units,0,Zero,USD,US dollar
DATAFLOW,OECD.CFE.EDS:DSD_REG_ECO@DF_INC(2.0),Income - Regions,I,A,Annual,CTRY,Country,ITA,Italy,_Z,Not applicable,B5N,"Primary incomes, net",_T,Total - all activities,Q,Constant prices,USD_PPP_PS,"US dollars per person, PPP converted",2014,,25912.6,,ITA,Italy,A,Normal value,2020,,0,Units,0,Zero,USD,US dollar
DATAFLOW,OECD.CFE.EDS:DSD_REG_ECO@DF_INC(2.0),Income - Regions,I,A,Annual,CTRY,Country,ITA,Italy,_Z,Not applicable,B5N,"Primary incomes, net",_T,Total - all activities,Q,Constant prices,USD_PPP_PS,"US dollars per person, PPP converted",2015,,26297.5,,ITA,Italy,A,Normal value,2020,,0,Units,0,Zero,USD,US dollar
DATAFLOW,OECD.CFE.EDS:DSD_REG_ECO@DF_INC(2.0),Income - Regions,I,A,Annual,CTRY,Country,ITA,Italy,_Z,Not applicable,B6N,"Disposable income, net",_T,Total - all activities,Q,Constant prices,USD_PPP_PS,"US dollars per person, PPP converted",2015,,23816.8,,ITA,Italy,A,Normal value,2020,,0,Units,0,Zero,USD,US dollar
DATAFLOW,OECD.CFE.EDS:DSD_REG_ECO@DF_INC(2.0),Income - Regions,I,A,Annual,CTRY,Country,ITA,Italy,_Z,Not applicable,B6N,"Disposable income, net",_T,Total - all activities,Q,Constant prices,USD_PPP_PS,"US dollars per person, PPP converted",2016,,24157.2,,ITA,Italy,A,Normal value,2020,,0,Units,0,Zero,USD,US dollar
DATAFLOW,OECD.CFE.EDS:DSD_REG_ECO@DF_INC(2.0),Income - Regions,I,A,Annual,CTRY,Country,ITA,Italy,_Z,Not applicable,B5N,"Primary incomes, net",_T,Total - all activities,Q,Constant prices,USD_PPP_PS,"US dollars per person, PPP converted",2016,,26682.8,,ITA,Italy,A,Normal value,2020,,0,Units,0,Zero,USD,US dollar
DATAFLOW,OECD.CFE.EDS:DSD_REG_ECO@DF_INC(2.0),Income - Regions,I,A,Annual,CTRY,Country,ITA,Italy,_Z,Not applicable,B5N,"Primary incomes, net",_T,Total - all activities,Q,Constant prices,USD_PPP_PS,"US dollars per person, PPP converted",2017,,27031.4,,ITA,Italy,A,Normal value,2020,,0,Units,0,Zero,USD,US dollar
DATAFLOW,OECD.CFE.EDS:DSD_REG_ECO@DF_INC(2.0),Income - Regions,I,A,Annual,CTRY,Country,ITA,Italy,_Z,Not applicable,B6N,"Disposable income, net",_T,Total - all activities,Q,Constant prices,USD_PPP_PS,"US dollars per person, PPP converted",2017,,24441.8,,ITA,Italy,A,Normal value,2020,,0,Units,0,Zero,USD,US dollar
DATAFLOW,OECD.CFE.EDS:DSD_REG_ECO@DF_INC(2.0),Income - Regions,I,A,Annual,CTRY,Country,ITA,Italy,_Z,Not applicable,B6N,"Disposable income, net",_T,Total - all activities,Q,Constant prices,USD_PPP_PS,"US dollars per person, PPP converted",2018,,24695.3,,ITA,Italy,A,Normal value,2020,,0,Units,0,Zero,USD,US dollar
DATAFLOW,OECD.CFE.EDS:DSD_REG_ECO@DF_INC(2.0),Income - Regions,I,A,Annual,CTRY,Country,ITA,Italy,_Z,Not applicable,B5N,"Primary incomes, net",_T,Total - all activities,Q,Constant prices,USD_PPP_PS,"US dollars per person, PPP converted",2018,,27378.3,,ITA,Italy,A,Normal value,2020,,0,Units,0,Zero,USD,US dollar
DATAFLOW,OECD.CFE.EDS:DSD_REG_ECO@DF_INC(2.0),Income - Regions,I,A,Annual,CTRY,Country,ITA,Italy,_Z,Not applicable,B5N,"Primary incomes, net",_T,Total - all activities,Q,Constant prices,USD_PPP_PS,"US dollars per person, PPP converted",2019,,27503.7,,ITA,Italy,A,Normal value,2020,,0,Units,0,Zero,USD,US dollar
DATAFLOW,OECD.CFE.EDS:DSD_REG_ECO@DF_INC(2.0),Income - Regions,I,A,Annual,CTRY,Country,ITA,Italy,_Z,Not applicable,B6N,"Disposable income, net",_T,Total - all activities,Q,Constant prices,USD_PPP_PS,"US dollars per person, PPP converted",2019,,24783,,ITA,Italy,A,Normal value,2020,,0,Units,0,Zero,USD,US dollar
DATAFLOW,OECD.CFE.EDS:DSD_REG_ECO@DF_INC(2.0),Income - Regions,I,A,Annual,CTRY,Country,ITA,Italy,_Z,Not applicable,B6N,"Disposable income, net",_T,Total - all activities,Q,Constant prices,USD_PPP_PS,"US dollars per person, PPP converted",2020,,24287.4,,ITA,Italy,A,Normal value,2020,,0,Units,0,Zero,USD,US dollar
DATAFLOW,OECD.CFE.EDS:DSD_REG_ECO@DF_INC(2.0),Income - Regions,I,A,Annual,CTRY,Country,ITA,Italy,_Z,Not applicable,B5N,"Primary incomes, net",_T,Total - all activities,Q,Constant prices,USD_PPP_PS,"US dollars per person, PPP converted",2020,,25611,,ITA,Italy,A,Normal value,2020,,0,Units,0,Zero,USD,US dollar
DATAFLOW,OECD.CFE.EDS:DSD_REG_ECO@DF_INC(2.0),Income - Regions,I,A,Annual,CTRY,Country,AUS,Australia,_Z,Not applicable,B5N,"Primary incomes, net",_T,Total - all activities,Q,Constant prices,USD_PPP_PS,"US dollars per person, PPP converted",1989,,25342.4,,AUS,Australia,A,Normal value,2020,,0,Units,0,Zero,USD,US dollar
DATAFLOW,OECD.CFE.EDS:DSD_REG_ECO@DF_INC(2.0),Income - Regions,I,A,Annual,CTRY,Country,AUS,Australia,_Z,Not applicable,B6N,"Disposable income, net",_T,Total - all activities,Q,Constant prices,USD_PPP_PS,"US dollars per person, PPP converted",1989,,18940.5,,AUS,Australia,A,Normal value,2020,,0,Units,0,Zero,USD,US dollar
DATAFLOW,OECD.CFE.EDS:DSD_REG_ECO@DF_INC(2.0),Income - Regions,I,A,Annual,CTRY,Country,AUS,Australia,_Z,Not applicable,B5N,"Primary incomes, net",_T,Total - all activities,Q,Constant prices,USD_PPP_PS,"US dollars per person, PPP converted",1990,,24445.2,,AUS,Australia,A,Normal value,2020,,0,Units,0,Zero,USD,US dollar
DATAFLOW,OECD.CFE.EDS:DSD_REG_ECO@DF_INC(2.0),Income - Regions,I,A,Annual,CTRY,Country,AUS,Australia,_Z,Not applicable,B6N,"Disposable income, net",_T,Total - all activities,Q,Constant prices,USD_PPP_PS,"US dollars per person, PPP converted",1990,,18561.3,,AUS,Australia,A,Normal value,2020,,0,Units,0,Zero,USD,US dollar
DATAFLOW,OECD.CFE.EDS:DSD_REG_ECO@DF_INC(2.0),Income - Regions,I,A,Annual,CTRY,Country,AUS,Australia,_Z,Not applicable,B6N,"Disposable income, net",_T,Total - all activities,Q,Constant prices,USD_PPP_PS,"US dollars per person, PPP converted",1991,,18380.1,,AUS,Australia,A,Normal value,2020,,0,Units,0,Zero,USD,US dollar
DATAFLOW,OECD.CFE.EDS:DSD_REG_ECO@DF_INC(2.0),Income - Regions,I,A,Annual,CTRY,Country,AUS,Australia,_Z,Not applicable,B5N,"Primary incomes, net",_T,Total - all activities,Q,Constant prices,USD_PPP_PS,"US dollars per person, PPP converted",1991,,23581.8,,AUS,Australia,A,Normal value,2020,,0,Units,0,Zero,USD,US dollar
DATAFLOW,OECD.CFE.EDS:DSD_REG_ECO@DF_INC(2.0),Income - Regions,I,A,Annual,CTRY,Country,AUS,Australia,_Z,Not applicable,B5N,"Primary incomes, net",_T,Total - all activities,Q,Constant prices,USD_PPP_PS,"US dollars per person, PPP converted",1992,,23531.4,,AUS,Australia,A,Normal value,2020,,0,Units,0,Zero,USD,US dollar
DATAFLOW,OECD.CFE.EDS:DSD_REG_ECO@DF_INC(2.0),Income - Regions,I,A,Annual,CTRY,Country,AUS,Australia,_Z,Not applicable,B6N,"Disposable income, net",_T,Total - all activities,Q,Constant prices,USD_PPP_PS,"US dollars per person, PPP converted",1992,,18574.3,,AUS,Australia,A,Normal value,2020,,0,Units,0,Zero,USD,US dollar
DATAFLOW,OECD.CFE.EDS:DSD_REG_ECO@DF_INC(2.0),Income - Regions,I,A,Annual,CTRY,Country,AUS,Australia,_Z,Not applicable,B6N,"Disposable income, net",_T,Total - all activities,Q,Constant prices,USD_PPP_PS,"US dollars per person, PPP converted",1993,,18821.9,,AUS,Australia,A,Normal value,2020,,0,Units,0,Zero,USD,US dollar
DATAFLOW,OECD.CFE.EDS:DSD_REG_ECO@DF_INC(2.0),Income - Regions,I,A,Annual,CTRY,Country,AUS,Australia,_Z,Not applicable,B5N,"Primary incomes, net",_T,Total - all activities,Q,Constant prices,USD_PPP_PS,"US dollars per person, PPP converted",1993,,23936.6,,AUS,Australia,A,Normal value,2020,,0,Units,0,Zero,USD,US dollar
DATAFLOW,OECD.CFE.EDS:DSD_REG_ECO@DF_INC(2.0),Income - Regions,I,A,Annual,CTRY,Country,AUS,Australia,_Z,Not applicable,B5N,"Primary incomes, net",_T,Total - all activities,Q,Constant prices,USD_PPP_PS,"US dollars per person, PPP converted",1994,,24768.3,,AUS,Australia,A,Normal value,2020,,0,Units,0,Zero,USD,US dollar
DATAFLOW,OECD.CFE.EDS:DSD_REG_ECO@DF_INC(2.0),Income - Regions,I,A,Annual,CTRY,Country,AUS,Australia,_Z,Not applicable,B6N,"Disposable income, net",_T,Total - all activities,Q,Constant prices,USD_PPP_PS,"US dollars per person, PPP converted",1994,,19211.7,,AUS,Australia,A,Normal value,2020,,0,Units,0,Zero,USD,US dollar
DATAFLOW,OECD.CFE.EDS:DSD_REG_ECO@DF_INC(2.0),Income - Regions,I,A,Annual,CTRY,Country,AUS,Australia,_Z,Not applicable,B6N,"Disposable income, net",_T,Total - all activities,Q,Constant prices,USD_PPP_PS,"US dollars per person, PPP converted",1995,,19220.3,,AUS,Australia,A,Normal value,2020,,0,Units,0,Zero,USD,US dollar
DATAFLOW,OECD.CFE.EDS:DSD_REG_ECO@DF_INC(2.0),Income - Regions,I,A,Annual,CTRY,Country,AUS,Australia,_Z,Not applicable,B5N,"Primary incomes, net",_T,Total - all activities,Q,Constant prices,USD_PPP_PS,"US dollars per person, PPP converted",1995,,25018.1,,AUS,Australia,A,Normal value,2020,,0,Units,0,Zero,USD,US dollar
DATAFLOW,OECD.CFE.EDS:DSD_REG_ECO@DF_INC(2.0),Income - Regions,I,A,Annual,CTRY,Country,AUS,Australia,_Z,Not applicable,B5N,"Primary incomes, net",_T,Total - all activities,Q,Constant prices,USD_PPP_PS,"US dollars per person, PPP converted",1996,,25787.9,,AUS,Australia,A,Normal value,2020,,0,Units,0,Zero,USD,US dollar
DATAFLOW,OECD.CFE.EDS:DSD_REG_ECO@DF_INC(2.0),Income - Regions,I,A,Annual,CTRY,Country,AUS,Australia,_Z,Not applicable,B6N,"Disposable income, net",_T,Total - all activities,Q,Constant prices,USD_PPP_PS,"US dollars per person, PPP converted",1996,,19808.9,,AUS,Australia,A,Normal value,2020,,0,Units,0,Zero,USD,US dollar
DATAFLOW,OECD.CFE.EDS:DSD_REG_ECO@DF_INC(2.0),Income - Regions,I,A,Annual,CTRY,Country,AUS,Australia,_Z,Not applicable,B6N,"Disposable income, net",_T,Total - all activities,Q,Constant prices,USD_PPP_PS,"US dollars per person, PPP converted",1997,,20057,,AUS,Australia,A,Normal value,2020,,0,Units,0,Zero,USD,US dollar
DATAFLOW,OECD.CFE.EDS:DSD_REG_ECO@DF_INC(2.0),Income - Regions,I,A,Annual,CTRY,Country,AUS,Australia,_Z,Not applicable,B5N,"Primary incomes, net",_T,Total - all activities,Q,Constant prices,USD_PPP_PS,"US dollars per person, PPP converted",1997,,26104.7,,AUS,Australia,A,Normal value,2020,,0,Units,0,Zero,USD,US dollar
DATAFLOW,OECD.CFE.EDS:DSD_REG_ECO@DF_INC(2.0),Income - Regions,I,A,Annual,CTRY,Country,AUS,Australia,_Z,Not applicable,B5N,"Primary incomes, net",_T,Total - all activities,Q,Constant prices,USD_PPP_PS,"US dollars per person, PPP converted",1998,,26932,,AUS,Australia,A,Normal value,2020,,0,Units,0,Zero,USD,US dollar
DATAFLOW,OECD.CFE.EDS:DSD_REG_ECO@DF_INC(2.0),Income - Regions,I,A,Annual,CTRY,Country,AUS,Australia,_Z,Not applicable,B6N,"Disposable income, net",_T,Total - all activities,Q,Constant prices,USD_PPP_PS,"US dollars per person, PPP converted",1998,,20454.5,,AUS,Australia,A,Normal value,2020,,0,Units,0,Zero,USD,US dollar
DATAFLOW,OECD.CFE.EDS:DSD_REG_ECO@DF_INC(2.0),Income - Regions,I,A,Annual,CTRY,Country,AUS,Australia,_Z,Not applicable,B6N,"Disposable income, net",_T,Total - all activities,Q,Constant prices,USD_PPP_PS,"US dollars per person, PPP converted",1999,,21031.4,,AUS,Australia,A,Normal value,2020,,0,Units,0,Zero,USD,US dollar
DATAFLOW,OECD.CFE.EDS:DSD_REG_ECO@DF_INC(2.0),Income - Regions,I,A,Annual,CTRY,Country,AUS,Australia,_Z,Not applicable,B5N,"Primary incomes, net",_T,Total - all activities,Q,Constant prices,USD_PPP_PS,"US dollars per person, PPP converted",1999,,27899.5,,AUS,Australia,A,Normal value,2020,,0,Units,0,Zero,USD,US dollar
DATAFLOW,OECD.CFE.EDS:DSD_REG_ECO@DF_INC(2.0),Income - Regions,I,A,Annual,CTRY,Country,AUS,Australia,_Z,Not applicable,B5N,"Primary incomes, net",_T,Total - all activities,Q,Constant prices,USD_PPP_PS,"US dollars per person, PPP converted",2000,,28234.5,,AUS,Australia,A,Normal value,2020,,0,Units,0,Zero,USD,US dollar
DATAFLOW,OECD.CFE.EDS:DSD_REG_ECO@DF_INC(2.0),Income - Regions,I,A,Annual,CTRY,Country,AUS,Australia,_Z,Not applicable,B6N,"Disposable income, net",_T,Total - all activities,Q,Constant prices,USD_PPP_PS,"US dollars per person, PPP converted",2000,,21814.1,,AUS,Australia,A,Normal value,2020,,0,Units,0,Zero,USD,US dollar
DATAFLOW,OECD.CFE.EDS:DSD_REG_ECO@DF_INC(2.0),Income - Regions,I,A,Annual,CTRY,Country,AUS,Australia,_Z,Not applicable,B6N,"Disposable income, net",_T,Total - all activities,Q,Constant prices,USD_PPP_PS,"US dollars per person, PPP converted",2001,,22445.5,,AUS,Australia,A,Normal value,2020,,0,Units,0,Zero,USD,US dollar
DATAFLOW,OECD.CFE.EDS:DSD_REG_ECO@DF_INC(2.0),Income - Regions,I,A,Annual,CTRY,Country,AUS,Australia,_Z,Not applicable,B5N,"Primary incomes, net",_T,Total - all activities,Q,Constant prices,USD_PPP_PS,"US dollars per person, PPP converted",2001,,29036.2,,AUS,Australia,A,Normal value,2020,,0,Units,0,Zero,USD,US dollar
DATAFLOW,OECD.CFE.EDS:DSD_REG_ECO@DF_INC(2.0),Income - Regions,I,A,Annual,CTRY,Country,AUS,Australia,_Z,Not applicable,B5N,"Primary incomes, net",_T,Total - all activities,Q,Constant prices,USD_PPP_PS,"US dollars per person, PPP converted",2002,,29302.6,,AUS,Australia,A,Normal value,2020,,0,Units,0,Zero,USD,US dollar
DATAFLOW,OECD.CFE.EDS:DSD_REG_ECO@DF_INC(2.0),Income - Regions,I,A,Annual,CTRY,Country,AUS,Australia,_Z,Not applicable,B6N,"Disposable income, net",_T,Total - all activities,Q,Constant prices,USD_PPP_PS,"US dollars per person, PPP converted",2002,,22324.1,,AUS,Australia,A,Normal value,2020,,0,Units,0,Zero,USD,US dollar
DATAFLOW,OECD.CFE.EDS:DSD_REG_ECO@DF_INC(2.0),Income - Regions,I,A,Annual,CTRY,Country,AUS,Australia,_Z,Not applicable,B6N,"Disposable income, net",_T,Total - all activities,Q,Constant prices,USD_PPP_PS,"US dollars per person, PPP converted",2003,,23451.4,,AUS,Australia,A,Normal value,2020,,0,Units,0,Zero,USD,US dollar
DATAFLOW,OECD.CFE.EDS:DSD_REG_ECO@DF_INC(2.0),Income - Regions,I,A,Annual,CTRY,Country,AUS,Australia,_Z,Not applicable,B5N,"Primary incomes, net",_T,Total - all activities,Q,Constant prices,USD_PPP_PS,"US dollars per person, PPP converted",2003,,31010.4,,AUS,Australia,A,Normal value,2020,,0,Units,0,Zero,USD,US dollar
DATAFLOW,OECD.CFE.EDS:DSD_REG_ECO@DF_INC(2.0),Income - Regions,I,A,Annual,CTRY,Country,AUS,Australia,_Z,Not applicable,B5N,"Primary incomes, net",_T,Total - all activities,Q,Constant prices,USD_PPP_PS,"US dollars per person, PPP converted",2004,,32734.9,,AUS,Australia,A,Normal value,2020,,0,Units,0,Zero,USD,US dollar
DATAFLOW,OECD.CFE.EDS:DSD_REG_ECO@DF_INC(2.0),Income - Regions,I,A,Annual,CTRY,Country,AUS,Australia,_Z,Not applicable,B6N,"Disposable income, net",_T,Total - all activities,Q,Constant prices,USD_PPP_PS,"US dollars per person, PPP converted",2004,,24551.6,,AUS,Australia,A,Normal value,2020,,0,Units,0,Zero,USD,US dollar
DATAFLOW,OECD.CFE.EDS:DSD_REG_ECO@DF_INC(2.0),Income - Regions,I,A,Annual,CTRY,Country,AUS,Australia,_Z,Not applicable,B6N,"Disposable income, net",_T,Total - all activities,Q,Constant prices,USD_PPP_PS,"US dollars per person, PPP converted",2005,,24862.5,,AUS,Australia,A,Normal value,2020,,0,Units,0,Zero,USD,US dollar
DATAFLOW,OECD.CFE.EDS:DSD_REG_ECO@DF_INC(2.0),Income - Regions,I,A,Annual,CTRY,Country,AUS,Australia,_Z,Not applicable,B5N,"Primary incomes, net",_T,Total - all activities,Q,Constant prices,USD_PPP_PS,"US dollars per person, PPP converted",2005,,33340.8,,AUS,Australia,A,Normal value,2020,,0,Units,0,Zero,USD,US dollar
DATAFLOW,OECD.CFE.EDS:DSD_REG_ECO@DF_INC(2.0),Income - Regions,I,A,Annual,CTRY,Country,AUS,Australia,_Z,Not applicable,B5N,"Primary incomes, net",_T,Total - all activities,Q,Constant prices,USD_PPP_PS,"US dollars per person, PPP converted",2006,,34817.9,,AUS,Australia,A,Normal value,2020,,0,Units,0,Zero,USD,US dollar
DATAFLOW,OECD.CFE.EDS:DSD_REG_ECO@DF_INC(2.0),Income - Regions,I,A,Annual,CTRY,Country,AUS,Australia,_Z,Not applicable,B6N,"Disposable income, net",_T,Total - all activities,Q,Constant prices,USD_PPP_PS,"US dollars per person, PPP converted",2006,,25973.2,,AUS,Australia,A,Normal value,2020,,0,Units,0,Zero,USD,US dollar
DATAFLOW,OECD.CFE.EDS:DSD_REG_ECO@DF_INC(2.0),Income - Regions,I,A,Annual,CTRY,Country,AUS,Australia,_Z,Not applicable,B6N,"Disposable income, net",_T,Total - all activities,Q,Constant prices,USD_PPP_PS,"US dollars per person, PPP converted",2007,,27045.6,,AUS,Australia,A,Normal value,2020,,0,Units,0,Zero,USD,US dollar
DATAFLOW,OECD.CFE.EDS:DSD_REG_ECO@DF_INC(2.0),Income - Regions,I,A,Annual,CTRY,Country,AUS,Australia,_Z,Not applicable,B5N,"Primary incomes, net",_T,Total - all activities,Q,Constant prices,USD_PPP_PS,"US dollars per person, PPP converted",2007,,36498.1,,AUS,Australia,A,Normal value,2020,,0,Units,0,Zero,USD,US dollar
DATAFLOW,OECD.CFE.EDS:DSD_REG_ECO@DF_INC(2.0),Income - Regions,I,A,Annual,CTRY,Country,AUS,Australia,_Z,Not applicable,B5N,"Primary incomes, net",_T,Total - all activities,Q,Constant prices,USD_PPP_PS,"US dollars per person, PPP converted",2008,,37243.2,,AUS,Australia,A,Normal value,2020,,0,Units,0,Zero,USD,US dollar
DATAFLOW,OECD.CFE.EDS:DSD_REG_ECO@DF_INC(2.0),Income - Regions,I,A,Annual,CTRY,Country,AUS,Australia,_Z,Not applicable,B6N,"Disposable income, net",_T,Total - all activities,Q,Constant prices,USD_PPP_PS,"US dollars per person, PPP converted",2008,,28328.5,,AUS,Australia,A,Normal value,2020,,0,Units,0,Zero,USD,US dollar
DATAFLOW,OECD.CFE.EDS:DSD_REG_ECO@DF_INC(2.0),Income - Regions,I,A,Annual,CTRY,Country,AUS,Australia,_Z,Not applicable,B6N,"Disposable income, net",_T,Total - all activities,Q,Constant prices,USD_PPP_PS,"US dollars per person, PPP converted",2009,,28151.4,,AUS,Australia,A,Normal value,2020,,0,Units,0,Zero,USD,US dollar
DATAFLOW,OECD.CFE.EDS:DSD_REG_ECO@DF_INC(2.0),Income - Regions,I,A,Annual,CTRY,Country,AUS,Australia,_Z,Not applicable,B5N,"Primary incomes, net",_T,Total - all activities,Q,Constant prices,USD_PPP_PS,"US dollars per person, PPP converted",2009,,36683,,AUS,Australia,A,Normal value,2020,,0,Units,0,Zero,USD,US dollar
DATAFLOW,OECD.CFE.EDS:DSD_REG_ECO@DF_INC(2.0),Income - Regions,I,A,Annual,CTRY,Country,AUS,Australia,_Z,Not applicable,B5N,"Primary incomes, net",_T,Total - all activities,Q,Constant prices,USD_PPP_PS,"US dollars per person, PPP converted",2010,,38531.2,,AUS,Australia,A,Normal value,2020,,0,Units,0,Zero,USD,US dollar
DATAFLOW,OECD.CFE.EDS:DSD_REG_ECO@DF_INC(2.0),Income - Regions,I,A,Annual,CTRY,Country,AUS,Australia,_Z,Not applicable,B6N,"Disposable income, net",_T,Total - all activities,Q,Constant prices,USD_PPP_PS,"US dollars per person, PPP converted",2010,,29330.3,,AUS,Australia,A,Normal value,2020,,0,Units,0,Zero,USD,US dollar
DATAFLOW,OECD.CFE.EDS:DSD_REG_ECO@DF_INC(2.0),Income - Regions,I,A,Annual,CTRY,Country,AUS,Australia,_Z,Not applicable,B6N,"Disposable income, net",_T,Total - all activities,Q,Constant prices,USD_PPP_PS,"US dollars per person, PPP converted",2011,,29839,,AUS,Australia,A,Normal value,2020,,0,Units,0,Zero,USD,US dollar
DATAFLOW,OECD.CFE.EDS:DSD_REG_ECO@DF_INC(2.0),Income - Regions,I,A,Annual,CTRY,Country,AUS,Australia,_Z,Not applicable,B5N,"Primary incomes, net",_T,Total - all activities,Q,Constant prices,USD_PPP_PS,"US dollars per person, PPP converted",2011,,39443.6,,AUS,Australia,A,Normal value,2020,,0,Units,0,Zero,USD,US dollar
DATAFLOW,OECD.CFE.EDS:DSD_REG_ECO@DF_INC(2.0),Income - Regions,I,A,Annual,CTRY,Country,AUS,Australia,_Z,Not applicable,B5N,"Primary incomes, net",_T,Total - all activities,Q,Constant prices,USD_PPP_PS,"US dollars per person, PPP converted",2012,,38781.5,,AUS,Australia,A,Normal value,2020,,0,Units,0,Zero,USD,US dollar
DATAFLOW,OECD.CFE.EDS:DSD_REG_ECO@DF_INC(2.0),Income - Regions,I,A,Annual,CTRY,Country,AUS,Australia,_Z,Not applicable,B6N,"Disposable income, net",_T,Total - all activities,Q,Constant prices,USD_PPP_PS,"US dollars per person, PPP converted",2012,,29446.7,,AUS,Australia,A,Normal value,2020,,0,Units,0,Zero,USD,US dollar
DATAFLOW,OECD.CFE.EDS:DSD_REG_ECO@DF_INC(2.0),Income - Regions,I,A,Annual,CTRY,Country,AUS,Australia,_Z,Not applicable,B6N,"Disposable income, net",_T,Total - all activities,Q,Constant prices,USD_PPP_PS,"US dollars per person, PPP converted",2013,,29882.6,,AUS,Australia,A,Normal value,2020,,0,Units,0,Zero,USD,US dollar
DATAFLOW,OECD.CFE.EDS:DSD_REG_ECO@DF_INC(2.0),Income - Regions,I,A,Annual,CTRY,Country,AUS,Australia,_Z,Not applicable,B5N,"Primary incomes, net",_T,Total - all activities,Q,Constant prices,USD_PPP_PS,"US dollars per person, PPP converted",2013,,38981.6,,AUS,Australia,A,Normal value,2020,,0,Units,0,Zero,USD,US dollar
DATAFLOW,OECD.CFE.EDS:DSD_REG_ECO@DF_INC(2.0),Income - Regions,I,A,Annual,CTRY,Country,AUS,Australia,_Z,Not applicable,B5N,"Primary incomes, net",_T,Total - all activities,Q,Constant prices,USD_PPP_PS,"US dollars per person, PPP converted",2014,,39671.9,,AUS,Australia,A,Normal value,2020,,0,Units,0,Zero,USD,US dollar
DATAFLOW,OECD.CFE.EDS:DSD_REG_ECO@DF_INC(2.0),Income - Regions,I,A,Annual,CTRY,Country,AUS,Australia,_Z,Not applicable,B6N,"Disposable income, net",_T,Total - all activities,Q,Constant prices,USD_PPP_PS,"US dollars per person, PPP converted",2014,,30402.5,,AUS,Australia,A,Normal value,2020,,0,Units,0,Zero,USD,US dollar
DATAFLOW,OECD.CFE.EDS:DSD_REG_ECO@DF_INC(2.0),Income - Regions,I,A,Annual,CTRY,Country,AUS,Australia,_Z,Not applicable,B6N,"Disposable income, net",_T,Total - all activities,Q,Constant prices,USD_PPP_PS,"US dollars per person, PPP converted",2015,,30364.6,,AUS,Australia,A,Normal value,2020,,0,Units,0,Zero,USD,US dollar
DATAFLOW,OECD.CFE.EDS:DSD_REG_ECO@DF_INC(2.0),Income - Regions,I,A,Annual,CTRY,Country,AUS,Australia,_Z,Not applicable,B5N,"Primary incomes, net",_T,Total - all activities,Q,Constant prices,USD_PPP_PS,"US dollars per person, PPP converted",2015,,39694.3,,AUS,Australia,A,Normal value,2020,,0,Units,0,Zero,USD,US dollar
DATAFLOW,OECD.CFE.EDS:DSD_REG_ECO@DF_INC(2.0),Income - Regions,I,A,Annual,CTRY,Country,AUS,Australia,_Z,Not applicable,B5N,"Primary incomes, net",_T,Total - all activities,Q,Constant prices,USD_PPP_PS,"US dollars per person, PPP converted",2016,,39802.4,,AUS,Australia,A,Normal value,2020,,0,Units,0,Zero,USD,US dollar
DATAFLOW,OECD.CFE.EDS:DSD_REG_ECO@DF_INC(2.0),Income - Regions,I,A,Annual,CTRY,Country,AUS,Australia,_Z,Not applicable,B6N,"Disposable income, net",_T,Total - all activities,Q,Constant prices,USD_PPP_PS,"US dollars per person, PPP converted",2016,,30452.9,,AUS,Australia,A,Normal value,2020,,0,Units,0,Zero,USD,US dollar
DATAFLOW,OECD.CFE.EDS:DSD_REG_ECO@DF_INC(2.0),Income - Regions,I,A,Annual,CTRY,Country,AUS,Australia,_Z,Not applicable,B5N,"Primary incomes, net",_T,Total - all activities,Q,Constant prices,USD_PPP_PS,"US dollars per person, PPP converted",2022,,42654.5,,AUS,Australia,A,Normal value,2020,,0,Units,0,Zero,USD,US dollar
DATAFLOW,OECD.CFE.EDS:DSD_REG_ECO@DF_INC(2.0),Income - Regions,I,A,Annual,CTRY,Country,AUS,Australia,_Z,Not applicable,B6N,"Disposable income, net",_T,Total - all activities,Q,Constant prices,USD_PPP_PS,"US dollars per person, PPP converted",2022,,31560.8,,AUS,Australia,A,Normal value,2020,,0,Units,0,Zero,USD,US dollar
DATAFLOW,OECD.CFE.EDS:DSD_REG_ECO@DF_INC(2.0),Income - Regions,I,A,Annual,CTRY,Country,CAN,Canada,_Z,Not applicable,B6N,"Disposable income, net",_T,Total - all activities,Q,Constant prices,USD_PPP_PS,"US dollars per person, PPP converted",1989,,17324,,CAN,Canada,A,Normal value,2020,,0,Units,0,Zero,USD,US dollar
DATAFLOW,OECD.CFE.EDS:DSD_REG_ECO@DF_INC(2.0),Income - Regions,I,A,Annual,CTRY,Country,CAN,Canada,_Z,Not applicable,B5N,"Primary incomes, net",_T,Total - all activities,Q,Constant prices,USD_PPP_PS,"US dollars per person, PPP converted",1989,,20979.7,,CAN,Canada,A,Normal value,2020,,0,Units,0,Zero,USD,US dollar
DATAFLOW,OECD.CFE.EDS:DSD_REG_ECO@DF_INC(2.0),Income - Regions,I,A,Annual,CTRY,Country,CAN,Canada,_Z,Not applicable,B6N,"Disposable income, net",_T,Total - all activities,Q,Constant prices,USD_PPP_PS,"US dollars per person, PPP converted",1990,,17050.5,,CAN,Canada,A,Normal value,2020,,0,Units,0,Zero,USD,US dollar
DATAFLOW,OECD.CFE.EDS:DSD_REG_ECO@DF_INC(2.0),Income - Regions,I,A,Annual,CTRY,Country,CAN,Canada,_Z,Not applicable,B5N,"Primary incomes, net",_T,Total - all activities,Q,Constant prices,USD_PPP_PS,"US dollars per person, PPP converted",1990,,21148.2,,CAN,Canada,A,Normal value,2020,,0,Units,0,Zero,USD,US dollar
DATAFLOW,OECD.CFE.EDS:DSD_REG_ECO@DF_INC(2.0),Income - Regions,I,A,Annual,CTRY,Country,CAN,Canada,_Z,Not applicable,B5N,"Primary incomes, net",_T,Total - all activities,Q,Constant prices,USD_PPP_PS,"US dollars per person, PPP converted",1991,,20292.7,,CAN,Canada,A,Normal value,2020,,0,Units,0,Zero,USD,US dollar
DATAFLOW,OECD.CFE.EDS:DSD_REG_ECO@DF_INC(2.0),Income - Regions,I,A,Annual,CTRY,Country,CAN,Canada,_Z,Not applicable,B6N,"Disposable income, net",_T,Total - all activities,Q,Constant prices,USD_PPP_PS,"US dollars per person, PPP converted",1991,,16662.3,,CAN,Canada,A,Normal value,2020,,0,Units,0,Zero,USD,US dollar
DATAFLOW,OECD.CFE.EDS:DSD_REG_ECO@DF_INC(2.0),Income - Regions,I,A,Annual,CTRY,Country,CAN,Canada,_Z,Not applicable,B6N,"Disposable income, net",_T,Total - all activities,Q,Constant prices,USD_PPP_PS,"US dollars per person, PPP converted",1992,,16716.6,,CAN,Canada,A,Normal value,2020,,0,Units,0,Zero,USD,US dollar
DATAFLOW,OECD.CFE.EDS:DSD_REG_ECO@DF_INC(2.0),Income - Regions,I,A,Annual,CTRY,Country,CAN,Canada,_Z,Not applicable,B5N,"Primary incomes, net",_T,Total - all activities,Q,Constant prices,USD_PPP_PS,"US dollars per person, PPP converted",1992,,20120.9,,CAN,Canada,A,Normal value,2020,,0,Units,0,Zero,USD,US dollar
DATAFLOW,OECD.CFE.EDS:DSD_REG_ECO@DF_INC(2.0),Income - Regions,I,A,Annual,CTRY,Country,CAN,Canada,_Z,Not applicable,B5N,"Primary incomes, net",_T,Total - all activities,Q,Constant prices,USD_PPP_PS,"US dollars per person, PPP converted",1993,,19913.3,,CAN,Canada,A,Normal value,2020,,0,Units,0,Zero,USD,US dollar
DATAFLOW,OECD.CFE.EDS:DSD_REG_ECO@DF_INC(2.0),Income - Regions,I,A,Annual,CTRY,Country,CAN,Canada,_Z,Not applicable,B6N,"Disposable income, net",_T,Total - all activities,Q,Constant prices,USD_PPP_PS,"US dollars per person, PPP converted",1993,,16757.4,,CAN,Canada,A,Normal value,2020,,0,Units,0,Zero,USD,US dollar
DATAFLOW,OECD.CFE.EDS:DSD_REG_ECO@DF_INC(2.0),Income - Regions,I,A,Annual,CTRY,Country,CAN,Canada,_Z,Not applicable,B6N,"Disposable income, net",_T,Total - all activities,Q,Constant prices,USD_PPP_PS,"US dollars per person, PPP converted",1994,,16710.9,,CAN,Canada,A,Normal value,2020,,0,Units,0,Zero,USD,US dollar
DATAFLOW,OECD.CFE.EDS:DSD_REG_ECO@DF_INC(2.0),Income - Regions,I,A,Annual,CTRY,Country,CAN,Canada,_Z,Not applicable,B5N,"Primary incomes, net",_T,Total - all activities,Q,Constant prices,USD_PPP_PS,"US dollars per person, PPP converted",1994,,20036.9,,CAN,Canada,A,Normal value,2020,,0,Units,0,Zero,USD,US dollar
DATAFLOW,OECD.CFE.EDS:DSD_REG_ECO@DF_INC(2.0),Income - Regions,I,A,Annual,CTRY,Country,CAN,Canada,_Z,Not applicable,B5N,"Primary incomes, net",_T,Total - all activities,Q,Constant prices,USD_PPP_PS,"US dollars per person, PPP converted",1995,,20343.9,,CAN,Canada,A,Normal value,2020,,0,Units,0,Zero,USD,US dollar
DATAFLOW,OECD.CFE.EDS:DSD_REG_ECO@DF_INC(2.0),Income - Regions,I,A,Annual,CTRY,Country,CAN,Canada,_Z,Not applicable,B6N,"Disposable income, net",_T,Total - all activities,Q,Constant prices,USD_PPP_PS,"US dollars per person, PPP converted",1995,,16710.7,,CAN,Canada,A,Normal value,2020,,0,Units,0,Zero,USD,US dollar
DATAFLOW,OECD.CFE.EDS:DSD_REG_ECO@DF_INC(2.0),Income - Regions,I,A,Annual,CTRY,Country,CAN,Canada,_Z,Not applicable,B6N,"Disposable income, net",_T,Total - all activities,Q,Constant prices,USD_PPP_PS,"US dollars per person, PPP converted",1996,,16607,,CAN,Canada,A,Normal value,2020,,0,Units,0,Zero,USD,US dollar
DATAFLOW,OECD.CFE.EDS:DSD_REG_ECO@DF_INC(2.0),Income - Regions,I,A,Annual,CTRY,Country,CAN,Canada,_Z,Not applicable,B5N,"Primary incomes, net",_T,Total - all activities,Q,Constant prices,USD_PPP_PS,"US dollars per person, PPP converted",1996,,20360.9,,CAN,Canada,A,Normal value,2020,,0,Units,0,Zero,USD,US dollar
DATAFLOW,OECD.CFE.EDS:DSD_REG_ECO@DF_INC(2.0),Income - Regions,I,A,Annual,CTRY,Country,CAN,Canada,_Z,Not applicable,B5N,"Primary incomes, net",_T,Total - all activities,Q,Constant prices,USD_PPP_PS,"US dollars per person, PPP converted",1997,,20847.1,,CAN,Canada,A,Normal value,2020,,0,Units,0,Zero,USD,US dollar
DATAFLOW,OECD.CFE.EDS:DSD_REG_ECO@DF_INC(2.0),Income - Regions,I,A,Annual,CTRY,Country,CAN,Canada,_Z,Not applicable,B6N,"Disposable income, net",_T,Total - all activities,Q,Constant prices,USD_PPP_PS,"US dollars per person, PPP converted",1997,,16833.6,,CAN,Canada,A,Normal value,2020,,0,Units,0,Zero,USD,US dollar
DATAFLOW,OECD.CFE.EDS:DSD_REG_ECO@DF_INC(2.0),Income - Regions,I,A,Annual,CTRY,Country,CAN,Canada,_Z,Not applicable,B6N,"Disposable income, net",_T,Total - all activities,Q,Constant prices,USD_PPP_PS,"US dollars per person, PPP converted",1998,,17283.9,,CAN,Canada,A,Normal value,2020,,0,Units,0,Zero,USD,US dollar
DATAFLOW,OECD.CFE.EDS:DSD_REG_ECO@DF_INC(2.0),Income - Regions,I,A,Annual,CTRY,Country,CAN,Canada,_Z,Not applicable,B5N,"Primary incomes, net",_T,Total - all activities,Q,Constant prices,USD_PPP_PS,"US dollars per person, PPP converted",1998,,21461.1,,CAN,Canada,A,Normal value,2020,,0,Units,0,Zero,USD,US dollar
DATAFLOW,OECD.CFE.EDS:DSD_REG_ECO@DF_INC(2.0),Income - Regions,I,A,Annual,CTRY,Country,CAN,Canada,_Z,Not applicable,B5N,"Primary incomes, net",_T,Total - all activities,Q,Constant prices,USD_PPP_PS,"US dollars per person, PPP converted",1999,,22108.6,,CAN,Canada,A,Normal value,2020,,0,Units,0,Zero,USD,US dollar
DATAFLOW,OECD.CFE.EDS:DSD_REG_ECO@DF_INC(2.0),Income - Regions,I,A,Annual,CTRY,Country,CAN,Canada,_Z,Not applicable,B6N,"Disposable income, net",_T,Total - all activities,Q,Constant prices,USD_PPP_PS,"US dollars per person, PPP converted",1999,,17760.1,,CAN,Canada,A,Normal value,2020,,0,Units,0,Zero,USD,US dollar
DATAFLOW,OECD.CFE.EDS:DSD_REG_ECO@DF_INC(2.0),Income - Regions,I,A,Annual,CTRY,Country,CAN,Canada,_Z,Not applicable,B6N,"Disposable income, net",_T,Total - all activities,Q,Constant prices,USD_PPP_PS,"US dollars per person, PPP converted",2000,,18254.7,,CAN,Canada,A,Normal value,2020,,0,Units,0,Zero,USD,US dollar
DATAFLOW,OECD.CFE.EDS:DSD_REG_ECO@DF_INC(2.0),Income - Regions,I,A,Annual,CTRY,Country,CAN,Canada,_Z,Not applicable,B5N,"Primary incomes, net",_T,Total - all activities,Q,Constant prices,USD_PPP_PS,"US dollars per person, PPP converted",2000,,22986.8,,CAN,Canada,A,Normal value,2020,,0,Units,0,Zero,USD,US dollar
DATAFLOW,OECD.CFE.EDS:DSD_REG_ECO@DF_INC(2.0),Income - Regions,I,A,Annual,CTRY,Country,CAN,Canada,_Z,Not applicable,B5N,"Primary incomes, net",_T,Total - all activities,Q,Constant prices,USD_PPP_PS,"US dollars per person, PPP converted",2001,,23130.4,,CAN,Canada,A,Normal value,2020,,0,Units,0,Zero,USD,US dollar
DATAFLOW,OECD.CFE.EDS:DSD_REG_ECO@DF_INC(2.0),Income - Regions,I,A,Annual,CTRY,Country,CAN,Canada,_Z,Not applicable,B6N,"Disposable income, net",_T,Total - all activities,Q,Constant prices,USD_PPP_PS,"US dollars per person, PPP converted",2001,,18784.1,,CAN,Canada,A,Normal value,2020,,0,Units,0,Zero,USD,US dollar
DATAFLOW,OECD.CFE.EDS:DSD_REG_ECO@DF_INC(2.0),Income - Regions,I,A,Annual,CTRY,Country,CAN,Canada,_Z,Not applicable,B6N,"Disposable income, net",_T,Total - all activities,Q,Constant prices,USD_PPP_PS,"US dollars per person, PPP converted",2002,,19028.8,,CAN,Canada,A,Normal value,2020,,0,Units,0,Zero,USD,US dollar
DATAFLOW,OECD.CFE.EDS:DSD_REG_ECO@DF_INC(2.0),Income - Regions,I,A,Annual,CTRY,Country,CAN,Canada,_Z,Not applicable,B5N,"Primary incomes, net",_T,Total - all activities,Q,Constant prices,USD_PPP_PS,"US dollars per person, PPP converted",2002,,23115.1,,CAN,Canada,A,Normal value,2020,,0,Units,0,Zero,USD,US dollar
DATAFLOW,OECD.CFE.EDS:DSD_REG_ECO@DF_INC(2.0),Income - Regions,I,A,Annual,CTRY,Country,CAN,Canada,_Z,Not applicable,B5N,"Primary incomes, net",_T,Total - all activities,Q,Constant prices,USD_PPP_PS,"US dollars per person, PPP converted",2003,,23301.8,,CAN,Canada,A,Normal value,2020,,0,Units,0,Zero,USD,US dollar
DATAFLOW,OECD.CFE.EDS:DSD_REG_ECO@DF_INC(2.0),Income - Regions,I,A,Annual,CTRY,Country,CAN,Canada,_Z,Not applicable,B6N,"Disposable income, net",_T,Total - all activities,Q,Constant prices,USD_PPP_PS,"US dollars per person, PPP converted",2003,,19157.2,,CAN,Canada,A,Normal value,2020,,0,Units,0,Zero,USD,US dollar
DATAFLOW,OECD.CFE.EDS:DSD_REG_ECO@DF_INC(2.0),Income - Regions,I,A,Annual,CTRY,Country,CAN,Canada,_Z,Not applicable,B6N,"Disposable income, net",_T,Total - all activities,Q,Constant prices,USD_PPP_PS,"US dollars per person, PPP converted",2004,,19624.7,,CAN,Canada,A,Normal value,2020,,0,Units,0,Zero,USD,US dollar
DATAFLOW,OECD.CFE.EDS:DSD_REG_ECO@DF_INC(2.0),Income - Regions,I,A,Annual,CTRY,Country,CAN,Canada,_Z,Not applicable,B5N,"Primary incomes, net",_T,Total - all activities,Q,Constant prices,USD_PPP_PS,"US dollars per person, PPP converted",2004,,24035.8,,CAN,Canada,A,Normal value,2020,,0,Units,0,Zero,USD,US dollar
DATAFLOW,OECD.CFE.EDS:DSD_REG_ECO@DF_INC(2.0),Income - Regions,I,A,Annual,CTRY,Country,CAN,Canada,_Z,Not applicable,B5N,"Primary incomes, net",_T,Total - all activities,Q,Constant prices,USD_PPP_PS,"US dollars per person, PPP converted",2005,,24708.4,,CAN,Canada,A,Normal value,2020,,0,Units,0,Zero,USD,US dollar
DATAFLOW,OECD.CFE.EDS:DSD_REG_ECO@DF_INC(2.0),Income - Regions,I,A,Annual,CTRY,Country,CAN,Canada,_Z,Not applicable,B6N,"Disposable income, net",_T,Total - all activities,Q,Constant prices,USD_PPP_PS,"US dollars per person, PPP converted",2005,,19853.8,,CAN,Canada,A,Normal value,2020,,0,Units,0,Zero,USD,US dollar
DATAFLOW,OECD.CFE.EDS:DSD_REG_ECO@DF_INC(2.0),Income - Regions,I,A,Annual,CTRY,Country,CAN,Canada,_Z,Not applicable,B6N,"Disposable income, net",_T,Total - all activities,Q,Constant prices,USD_PPP_PS,"US dollars per person, PPP converted",2006,,20840.5,,CAN,Canada,A,Normal value,2020,,0,Units,0,Zero,USD,US dollar
DATAFLOW,OECD.CFE.EDS:DSD_REG_ECO@DF_INC(2.0),Income - Regions,I,A,Annual,CTRY,Country,CAN,Canada,_Z,Not applicable,B5N,"Primary incomes, net",_T,Total - all activities,Q,Constant prices,USD_PPP_PS,"US dollars per person, PPP converted",2006,,25642.4,,CAN,Canada,A,Normal value,2020,,0,Units,0,Zero,USD,US dollar
DATAFLOW,OECD.CFE.EDS:DSD_REG_ECO@DF_INC(2.0),Income - Regions,I,A,Annual,CTRY,Country,CAN,Canada,_Z,Not applicable,B5N,"Primary incomes, net",_T,Total - all activities,Q,Constant prices,USD_PPP_PS,"US dollars per person, PPP converted",2007,,26633.8,,CAN,Canada,A,Normal value,2020,,0,Units,0,Zero,USD,US dollar
DATAFLOW,OECD.CFE.EDS:DSD_REG_ECO@DF_INC(2.0),Income - Regions,I,A,Annual,CTRY,Country,CAN,Canada,_Z,Not applicable,B6N,"Disposable income, net",_T,Total - all activities,Q,Constant prices,USD_PPP_PS,"US dollars per person, PPP converted",2007,,21446.6,,CAN,Canada,A,Normal value,2020,,0,Units,0,Zero,USD,US dollar
DATAFLOW,OECD.CFE.EDS:DSD_REG_ECO@DF_INC(2.0),Income - Regions,I,A,Annual,CTRY,Country,CAN,Canada,_Z,Not applicable,B6N,"Disposable income, net",_T,Total - all activities,Q,Constant prices,USD_PPP_PS,"US dollars per person, PPP converted",2008,,22090.2,,CAN,Canada,A,Normal value,2020,,0,Units,0,Zero,USD,US dollar
DATAFLOW,OECD.CFE.EDS:DSD_REG_ECO@DF_INC(2.0),Income - Regions,I,A,Annual,CTRY,Country,CAN,Canada,_Z,Not applicable,B5N,"Primary incomes, net",_T,Total - all activities,Q,Constant prices,USD_PPP_PS,"US dollars per person, PPP converted",2008,,27103.3,,CAN,Canada,A,Normal value,2020,,0,Units,0,Zero,USD,US dollar
DATAFLOW,OECD.CFE.EDS:DSD_REG_ECO@DF_INC(2.0),Income - Regions,I,A,Annual,CTRY,Country,CAN,Canada,_Z,Not applicable,B5N,"Primary incomes, net",_T,Total - all activities,Q,Constant prices,USD_PPP_PS,"US dollars per person, PPP converted",2009,,26592.1,,CAN,Canada,A,Normal value,2020,,0,Units,0,Zero,USD,US dollar
DATAFLOW,OECD.CFE.EDS:DSD_REG_ECO@DF_INC(2.0),Income - Regions,I,A,Annual,CTRY,Country,CAN,Canada,_Z,Not applicable,B6N,"Disposable income, net",_T,Total - all activities,Q,Constant prices,USD_PPP_PS,"US dollars per person, PPP converted",2009,,22370,,CAN,Canada,A,Normal value,2020,,0,Units,0,Zero,USD,US dollar
DATAFLOW,OECD.CFE.EDS:DSD_REG_ECO@DF_INC(2.0),Income - Regions,I,A,Annual,CTRY,Country,CAN,Canada,_Z,Not applicable,B6N,"Disposable income, net",_T,Total - all activities,Q,Constant prices,USD_PPP_PS,"US dollars per person, PPP converted",2010,,22898.4,,CAN,Canada,A,Normal value,2020,,0,Units,0,Zero,USD,US dollar
DATAFLOW,OECD.CFE.EDS:DSD_REG_ECO@DF_INC(2.0),Income - Regions,I,A,Annual,CTRY,Country,CAN,Canada,_Z,Not applicable,B5N,"Primary incomes, net",_T,Total - all activities,Q,Constant prices,USD_PPP_PS,"US dollars per person, PPP converted",2010,,26780.7,,CAN,Canada,A,Normal value,2020,,0,Units,0,Zero,USD,US dollar
DATAFLOW,OECD.CFE.EDS:DSD_REG_ECO@DF_INC(2.0),Income - Regions,I,A,Annual,CTRY,Country,CAN,Canada,_Z,Not applicable,B5N,"Primary incomes, net",_T,Total - all activities,Q,Constant prices,USD_PPP_PS,"US dollars per person, PPP converted",2011,,27426.3,,CAN,Canada,A,Normal value,2020,,0,Units,0,Zero,USD,US dollar
DATAFLOW,OECD.CFE.EDS:DSD_REG_ECO@DF_INC(2.0),Income - Regions,I,A,Annual,CTRY,Country,CAN,Canada,_Z,Not applicable,B6N,"Disposable income, net",_T,Total - all activities,Q,Constant prices,USD_PPP_PS,"US dollars per person, PPP converted",2011,,23017,,CAN,Canada,A,Normal value,2020,,0,Units,0,Zero,USD,US dollar
DATAFLOW,OECD.CFE.EDS:DSD_REG_ECO@DF_INC(2.0),Income - Regions,I,A,Annual,CTRY,Country,CAN,Canada,_Z,Not applicable,B6N,"Disposable income, net",_T,Total - all activities,Q,Constant prices,USD_PPP_PS,"US dollars per person, PPP converted",2012,,23395.9,,CAN,Canada,A,Normal value,2020,,0,Units,0,Zero,USD,US dollar
DATAFLOW,OECD.CFE.EDS:DSD_REG_ECO@DF_INC(2.0),Income - Regions,I,A,Annual,CTRY,Country,CAN,Canada,_Z,Not applicable,B5N,"Primary incomes, net",_T,Total - all activities,Q,Constant prices,USD_PPP_PS,"US dollars per person, PPP converted",2012,,28020.3,,CAN,Canada,A,Normal value,2020,,0,Units,0,Zero,USD,US dollar
DATAFLOW,OECD.CFE.EDS:DSD_REG_ECO@DF_INC(2.0),Income - Regions,I,A,Annual,CTRY,Country,CAN,Canada,_Z,Not applicable,B5N,"Primary incomes, net",_T,Total - all activities,Q,Constant prices,USD_PPP_PS,"US dollars per person, PPP converted",2013,,28426.4,,CAN,Canada,A,Normal value,2020,,0,Units,0,Zero,USD,US dollar
DATAFLOW,OECD.CFE.EDS:DSD_REG_ECO@DF_INC(2.0),Income - Regions,I,A,Annual,CTRY,Country,CAN,Canada,_Z,Not applicable,B6N,"Disposable income, net",_T,Total - all activities,Q,Constant prices,USD_PPP_PS,"US dollars per person, PPP converted",2013,,23881.6,,CAN,Canada,A,Normal value,2020,,0,Units,0,Zero,USD,US dollar
DATAFLOW,OECD.CFE.EDS:DSD_REG_ECO@DF_INC(2.0),Income - Regions,I,A,Annual,CTRY,Country,CAN,Canada,_Z,Not applicable,B6N,"Disposable income, net",_T,Total - all activities,Q,Constant prices,USD_PPP_PS,"US dollars per person, PPP converted",2014,,23969.8,,CAN,Canada,A,Normal value,2020,,0,Units,0,Zero,USD,US dollar
DATAFLOW,OECD.CFE.EDS:DSD_REG_ECO@DF_INC(2.0),Income - Regions,I,A,Annual,CTRY,Country,CAN,Canada,_Z,Not applicable,B5N,"Primary incomes, net",_T,Total - all activities,Q,Constant prices,USD_PPP_PS,"US dollars per person, PPP converted",2014,,28683.1,,CAN,Canada,A,Normal value,2020,,0,Units,0,Zero,USD,US dollar
DATAFLOW,OECD.CFE.EDS:DSD_REG_ECO@DF_INC(2.0),Income - Regions,I,A,Annual,CTRY,Country,CAN,Canada,_Z,Not applicable,B5N,"Primary incomes, net",_T,Total - all activities,Q,Constant prices,USD_PPP_PS,"US dollars per person, PPP converted",2015,,29281.5,,CAN,Canada,A,Normal value,2020,,0,Units,0,Zero,USD,US dollar
DATAFLOW,OECD.CFE.EDS:DSD_REG_ECO@DF_INC(2.0),Income - Regions,I,A,Annual,CTRY,Country,CAN,Canada,_Z,Not applicable,B6N,"Disposable income, net",_T,Total - all activities,Q,Constant prices,USD_PPP_PS,"US dollars per person, PPP converted",2015,,24599.6,,CAN,Canada,A,Normal value,2020,,0,Units,0,Zero,USD,US dollar
DATAFLOW,OECD.CFE.EDS:DSD_REG_ECO@DF_INC(2.0),Income - Regions,I,A,Annual,CTRY,Country,CAN,Canada,_Z,Not applicable,B6N,"Disposable income, net",_T,Total - all activities,Q,Constant prices,USD_PPP_PS,"US dollars per person, PPP converted",2016,,24174.7,,CAN,Canada,A,Normal value,2020,,0,Units,0,Zero,USD,US dollar
DATAFLOW,OECD.CFE.EDS:DSD_REG_ECO@DF_INC(2.0),Income - Regions,I,A,Annual,CTRY,Country,CAN,Canada,_Z,Not applicable,B5N,"Primary incomes, net",_T,Total - all activities,Q,Constant prices,USD_PPP_PS,"US dollars per person, PPP converted",2016,,28615,,CAN,Canada,A,Normal value,2020,,0,Units,0,Zero,USD,US dollar
DATAFLOW,OECD.CFE.EDS:DSD_REG_ECO@DF_INC(2.0),Income - Regions,I,A,Annual,CTRY,Country,CAN,Canada,_Z,Not applicable,B5N,"Primary incomes, net",_T,Total - all activities,Q,Constant prices,USD_PPP_PS,"US dollars per person, PPP converted",2017,,29205.9,,CAN,Canada,A,Normal value,2020,,0,Units,0,Zero,USD,US dollar
DATAFLOW,OECD.CFE.EDS:DSD_REG_ECO@DF_INC(2.0),Income - Regions,I,A,Annual,CTRY,Country,CAN,Canada,_Z,Not applicable,B6N,"Disposable income, net",_T,Total - all activities,Q,Constant prices,USD_PPP_PS,"US dollars per person, PPP converted",2017,,24832.2,,CAN,Canada,A,Normal value,2020,,0,Units,0,Zero,USD,US dollar
DATAFLOW,OECD.CFE.EDS:DSD_REG_ECO@DF_INC(2.0),Income - Regions,I,A,Annual,CTRY,Country,CAN,Canada,_Z,Not applicable,B6N,"Disposable income, net",_T,Total - all activities,Q,Constant prices,USD_PPP_PS,"US dollars per person, PPP converted",2018,,24823.4,,CAN,Canada,A,Normal value,2020,,0,Units,0,Zero,USD,US dollar
DATAFLOW,OECD.CFE.EDS:DSD_REG_ECO@DF_INC(2.0),Income - Regions,I,A,Annual,CTRY,Country,CAN,Canada,_Z,Not applicable,B5N,"Primary incomes, net",_T,Total - all activities,Q,Constant prices,USD_PPP_PS,"US dollars per person, PPP converted",2018,,29384.4,,CAN,Canada,A,Normal value,2020,,0,Units,0,Zero,USD,US dollar
DATAFLOW,OECD.CFE.EDS:DSD_REG_ECO@DF_INC(2.0),Income - Regions,I,A,Annual,CTRY,Country,CAN,Canada,_Z,Not applicable,B5N,"Primary incomes, net",_T,Total - all activities,Q,Constant prices,USD_PPP_PS,"US dollars per person, PPP converted",2019,,29756.9,,CAN,Canada,A,Normal value,2020,,0,Units,0,Zero,USD,US dollar
DATAFLOW,OECD.CFE.EDS:DSD_REG_ECO@DF_INC(2.0),Income - Regions,I,A,Annual,CTRY,Country,CAN,Canada,_Z,Not applicable,B6N,"Disposable income, net",_T,Total - all activities,Q,Constant prices,USD_PPP_PS,"US dollars per person, PPP converted",2019,,25158.7,,CAN,Canada,A,Normal value,2020,,0,Units,0,Zero,USD,US dollar
DATAFLOW,OECD.CFE.EDS:DSD_REG_ECO@DF_INC(2.0),Income - Regions,I,A,Annual,CTRY,Country,CAN,Canada,_Z,Not applicable,B6N,"Disposable income, net",_T,Total - all activities,Q,Constant prices,USD_PPP_PS,"US dollars per person, PPP converted",2020,,26776.7,,CAN,Canada,A,Normal value,2020,,0,Units,0,Zero,USD,US dollar
DATAFLOW,OECD.CFE.EDS:DSD_REG_ECO@DF_INC(2.0),Income - Regions,I,A,Annual,CTRY,Country,CAN,Canada,_Z,Not applicable,B5N,"Primary incomes, net",_T,Total - all activities,Q,Constant prices,USD_PPP_PS,"US dollars per person, PPP converted",2020,,28997.5,,CAN,Canada,A,Normal value,2020,,0,Units,0,Zero,USD,US dollar
DATAFLOW,OECD.CFE.EDS:DSD_REG_ECO@DF_INC(2.0),Income - Regions,I,A,Annual,CTRY,Country,AUT,Austria,_Z,Not applicable,B6N,"Disposable income, net",_T,Total - all activities,Q,Constant prices,USD_PPP_PS,"US dollars per person, PPP converted",2001,,25927.8,,AUT,Austria,A,Normal value,2020,,0,Units,0,Zero,USD,US dollar
DATAFLOW,OECD.CFE.EDS:DSD_REG_ECO@DF_INC(2.0),Income - Regions,I,A,Annual,CTRY,Country,AUT,Austria,_Z,Not applicable,B6N,"Disposable income, net",_T,Total - all activities,Q,Constant prices,USD_PPP_PS,"US dollars per person, PPP converted",2002,,25911.7,,AUT,Austria,A,Normal value,2020,,0,Units,0,Zero,USD,US dollar
DATAFLOW,OECD.CFE.EDS:DSD_REG_ECO@DF_INC(2.0),Income - Regions,I,A,Annual,CTRY,Country,AUT,Austria,_Z,Not applicable,B5N,"Primary incomes, net",_T,Total - all activities,Q,Constant prices,USD_PPP_PS,"US dollars per person, PPP converted",2002,,29962.6,,AUT,Austria,A,Normal value,2020,,0,Units,0,Zero,USD,US dollar
DATAFLOW,OECD.CFE.EDS:DSD_REG_ECO@DF_INC(2.0),Income - Regions,I,A,Annual,CTRY,Country,AUT,Austria,_Z,Not applicable,B6N,"Disposable income, net",_T,Total - all activities,Q,Constant prices,USD_PPP_PS,"US dollars per person, PPP converted",2003,,26425,,AUT,Austria,A,Normal value,2020,,0,Units,0,Zero,USD,US dollar
DATAFLOW,OECD.CFE.EDS:DSD_REG_ECO@DF_INC(2.0),Income - Regions,I,A,Annual,CTRY,Country,AUT,Austria,_Z,Not applicable,B5N,"Primary incomes, net",_T,Total - all activities,Q,Constant prices,USD_PPP_PS,"US dollars per person, PPP converted",2005,,31448.9,,AUT,Austria,A,Normal value,2020,,0,Units,0,Zero,USD,US dollar
DATAFLOW,OECD.CFE.EDS:DSD_REG_ECO@DF_INC(2.0),Income - Regions,I,A,Annual,CTRY,Country,AUT,Austria,_Z,Not applicable,B6N,"Disposable income, net",_T,Total - all activities,Q,Constant prices,USD_PPP_PS,"US dollars per person, PPP converted",2005,,27576.3,,AUT,Austria,A,Normal value,2020,,0,Units,0,Zero,USD,US dollar
DATAFLOW,OECD.CFE.EDS:DSD_REG_ECO@DF_INC(2.0),Income - Regions,I,A,Annual,CTRY,Country,AUT,Austria,_Z,Not applicable,B6N,"Disposable income, net",_T,Total - all activities,Q,Constant prices,USD_PPP_PS,"US dollars per person, PPP converted",2006,,28198.5,,AUT,Austria,A,Normal value,2020,,0,Units,0,Zero,USD,US dollar
DATAFLOW,OECD.CFE.EDS:DSD_REG_ECO@DF_INC(2.0),Income - Regions,I,A,Annual,CTRY,Country,AUT,Austria,_Z,Not applicable,B5N,"Primary incomes, net",_T,Total - all activities,Q,Constant prices,USD_PPP_PS,"US dollars per person, PPP converted",2006,,32364.2,,AUT,Austria,A,Normal value,2020,,0,Units,0,Zero,USD,US dollar
DATAFLOW,OECD.CFE.EDS:DSD_REG_ECO@DF_INC(2.0),Income - Regions,I,A,Annual,CTRY,Country,AUT,Austria,_Z,Not applicable,B6N,"Disposable income, net",_T,Total - all activities,Q,Constant prices,USD_PPP_PS,"US dollars per person, PPP converted",2009,,29202.7,,AUT,Austria,A,Normal value,2020,,0,Units,0,Zero,USD,US dollar
DATAFLOW,OECD.CFE.EDS:DSD_REG_ECO@DF_INC(2.0),Income - Regions,I,A,Annual,CTRY,Country,AUT,Austria,_Z,Not applicable,B6N,"Disposable income, net",_T,Total - all activities,Q,Constant prices,USD_PPP_PS,"US dollars per person, PPP converted",2010,,28753.2,,AUT,Austria,A,Normal value,2020,,0,Units,0,Zero,USD,US dollar
DATAFLOW,OECD.CFE.EDS:DSD_REG_ECO@DF_INC(2.0),Income - Regions,I,A,Annual,CTRY,Country,AUT,Austria,_Z,Not applicable,B6N,"Disposable income, net",_T,Total - all activities,Q,Constant prices,USD_PPP_PS,"US dollars per person, PPP converted",2012,,28654.5,,AUT,Austria,A,Normal value,2020,,0,Units,0,Zero,USD,US dollar
DATAFLOW,OECD.CFE.EDS:DSD_REG_ECO@DF_INC(2.0),Income - Regions,I,A,Annual,CTRY,Country,AUT,Austria,_Z,Not applicable,B5N,"Primary incomes, net",_T,Total - all activities,Q,Constant prices,USD_PPP_PS,"US dollars per person, PPP converted",2014,,31811.7,,AUT,Austria,A,Normal value,2020,,0,Units,0,Zero,USD,US dollar
DATAFLOW,OECD.CFE.EDS:DSD_REG_ECO@DF_INC(2.0),Income - Regions,I,A,Annual,CTRY,Country,AUT,Austria,_Z,Not applicable,B5N,"Primary incomes, net",_T,Total - all activities,Q,Constant prices,USD_PPP_PS,"US dollars per person, PPP converted",2015,,32070.7,,AUT,Austria,A,Normal value,2020,,0,Units,0,Zero,USD,US dollar
DATAFLOW,OECD.CFE.EDS:DSD_REG_ECO@DF_INC(2.0),Income - Regions,I,A,Annual,CTRY,Country,AUT,Austria,_Z,Not applicable,B6N,"Disposable income, net",_T,Total - all activities,Q,Constant prices,USD_PPP_PS,"US dollars per person, PPP converted",2016,,27841.9,,AUT,Austria,A,Normal value,2020,,0,Units,0,Zero,USD,US dollar
DATAFLOW,OECD.CFE.EDS:DSD_REG_ECO@DF_INC(2.0),Income - Regions,I,A,Annual,CTRY,Country,AUT,Austria,_Z,Not applicable,B5N,"Primary incomes, net",_T,Total - all activities,Q,Constant prices,USD_PPP_PS,"US dollars per person, PPP converted",2017,,32178.3,,AUT,Austria,A,Normal value,2020,,0,Units,0,Zero,USD,US dollar
DATAFLOW,OECD.CFE.EDS:DSD_REG_ECO@DF_INC(2.0),Income - Regions,I,A,Annual,CTRY,Country,AUT,Austria,_Z,Not applicable,B6N,"Disposable income, net",_T,Total - all activities,Q,Constant prices,USD_PPP_PS,"US dollars per person, PPP converted",2018,,28098.4,,AUT,Austria,A,Normal value,2020,,0,Units,0,Zero,USD,US dollar
DATAFLOW,OECD.CFE.EDS:DSD_REG_ECO@DF_INC(2.0),Income - Regions,I,A,Annual,CTRY,Country,AUT,Austria,_Z,Not applicable,B5N,"Primary incomes, net",_T,Total - all activities,Q,Constant prices,USD_PPP_PS,"US dollars per person, PPP converted",2019,,33077.4,,AUT,Austria,A,Normal value,2020,,0,Units,0,Zero,USD,US dollar
DATAFLOW,OECD.CFE.EDS:DSD_REG_ECO@DF_INC(2.0),Income - Regions,I,A,Annual,CTRY,Country,AUT,Austria,_Z,Not applicable,B6N,"Disposable income, net",_T,Total - all activities,Q,Constant prices,USD_PPP_PS,"US dollars per person, PPP converted",2019,,28061.9,,AUT,Austria,A,Normal value,2020,,0,Units,0,Zero,USD,US dollar
DATAFLOW,OECD.CFE.EDS:DSD_REG_ECO@DF_INC(2.0),Income - Regions,I,A,Annual,CTRY,Country,AUT,Austria,_Z,Not applicable,B6N,"Disposable income, net",_T,Total - all activities,Q,Constant prices,USD_PPP_PS,"US dollars per person, PPP converted",2020,,27629.8,,AUT,Austria,A,Normal value,2020,,0,Units,0,Zero,USD,US dollar
DATAFLOW,OECD.CFE.EDS:DSD_REG_ECO@DF_INC(2.0),Income - Regions,I,A,Annual,CTRY,Country,CHE,Switzerland,_Z,Not applicable,B6N,"Disposable income, net",_T,Total - all activities,Q,Constant prices,USD_PPP_PS,"US dollars per person, PPP converted",2007,,57486,,CHE,Switzerland,A,Normal value,2020,,0,Units,0,Zero,USD,US dollar
DATAFLOW,OECD.CFE.EDS:DSD_REG_ECO@DF_INC(2.0),Income - Regions,I,A,Annual,CTRY,Country,CHE,Switzerland,_Z,Not applicable,B5N,"Primary incomes, net",_T,Total - all activities,Q,Constant prices,USD_PPP_PS,"US dollars per person, PPP converted",2007,,63894.8,,CHE,Switzerland,A,Normal value,2020,,0,Units,0,Zero,USD,US dollar
DATAFLOW,OECD.CFE.EDS:DSD_REG_ECO@DF_INC(2.0),Income - Regions,I,A,Annual,CTRY,Country,CHE,Switzerland,_Z,Not applicable,B5N,"Primary incomes, net",_T,Total - all activities,Q,Constant prices,USD_PPP_PS,"US dollars per person, PPP converted",2010,,67769.6,,CHE,Switzerland,A,Normal value,2020,,0,Units,0,Zero,USD,US dollar
DATAFLOW,OECD.CFE.EDS:DSD_REG_ECO@DF_INC(2.0),Income - Regions,I,A,Annual,CTRY,Country,CHE,Switzerland,_Z,Not applicable,B6N,"Disposable income, net",_T,Total - all activities,Q,Constant prices,USD_PPP_PS,"US dollars per person, PPP converted",2010,,60106.9,,CHE,Switzerland,A,Normal value,2020,,0,Units,0,Zero,USD,US dollar
DATAFLOW,OECD.CFE.EDS:DSD_REG_ECO@DF_INC(2.0),Income - Regions,I,A,Annual,CTRY,Country,CHE,Switzerland,_Z,Not applicable,B6N,"Disposable income, net",_T,Total - all activities,Q,Constant prices,USD_PPP_PS,"US dollars per person, PPP converted",2013,,64501,,CHE,Switzerland,A,Normal value,2020,,0,Units,0,Zero,USD,US dollar
DATAFLOW,OECD.CFE.EDS:DSD_REG_ECO@DF_INC(2.0),Income - Regions,I,A,Annual,CTRY,Country,CHE,Switzerland,_Z,Not applicable,B5N,"Primary incomes, net",_T,Total - all activities,Q,Constant prices,USD_PPP_PS,"US dollars per person, PPP converted",2013,,72589.7,,CHE,Switzerland,A,Normal value,2020,,0,Units,0,Zero,USD,US dollar
DATAFLOW,OECD.CFE.EDS:DSD_REG_ECO@DF_INC(2.0),Income - Regions,I,A,Annual,CTRY,Country,CHE,Switzerland,_Z,Not applicable,B6N,"Disposable income, net",_T,Total - all activities,Q,Constant prices,USD_PPP_PS,"US dollars per person, PPP converted",2016,,60607.5,,CHE,Switzerland,A,Normal value,2020,,0,Units,0,Zero,USD,US dollar
DATAFLOW,OECD.CFE.EDS:DSD_REG_ECO@DF_INC(2.0),Income - Regions,I,A,Annual,CTRY,Country,CHE,Switzerland,_Z,Not applicable,B5N,"Primary incomes, net",_T,Total - all activities,Q,Constant prices,USD_PPP_PS,"US dollars per person, PPP converted",2016,,65939.8,,CHE,Switzerland,A,Normal value,2020,,0,Units,0,Zero,USD,US dollar
DATAFLOW,OECD.CFE.EDS:DSD_REG_ECO@DF_INC(2.0),Income - Regions,I,A,Annual,CTRY,Country,CHE,Switzerland,_Z,Not applicable,B6N,"Disposable income, net",_T,Total - all activities,Q,Constant prices,USD_PPP_PS,"US dollars per person, PPP converted",2019,,59823.5,,CHE,Switzerland,A,Normal value,2020,,0,Units,0,Zero,USD,US dollar
DATAFLOW,OECD.CFE.EDS:DSD_REG_ECO@DF_INC(2.0),Income - Regions,I,A,Annual,CTRY,Country,CHE,Switzerland,_Z,Not applicable,B5N,"Primary incomes, net",_T,Total - all activities,Q,Constant prices,USD_PPP_PS,"US dollars per person, PPP converted",2019,,66216.4,,CHE,Switzerland,A,Normal value,2020,,0,Units,0,Zero,USD,US dollar
DATAFLOW,OECD.CFE.EDS:DSD_REG_ECO@DF_INC(2.0),Income - Regions,I,A,Annual,CTRY,Country,CHE,Switzerland,_Z,Not applicable,B6N,"Disposable income, net",_T,Total - all activities,Q,Constant prices,USD_PPP_PS,"US dollars per person, PPP converted",2021,,61024.4,,CHE,Switzerland,A,Normal value,2020,,0,Units,0,Zero,USD,US dollar
DATAFLOW,OECD.CFE.EDS:DSD_REG_ECO@DF_INC(2.0),Income - Regions,I,A,Annual,CTRY,Country,CHE,Switzerland,_Z,Not applicable,B5N,"Primary incomes, net",_T,Total - all activities,Q,Constant prices,USD_PPP_PS,"US dollars per person, PPP converted",2021,,68200.7,,CHE,Switzerland,A,Normal value,2020,,0,Units,0,Zero,USD,US dollar
DATAFLOW,OECD.CFE.EDS:DSD_REG_ECO@DF_INC(2.0),Income - Regions,I,A,Annual,CTRY,Country,CAN,Canada,_Z,Not applicable,B5N,"Primary incomes, net",_T,Total - all activities,Q,Constant prices,USD_PPP_PS,"US dollars per person, PPP converted",2021,,30422.3,,CAN,Canada,A,Normal value,2020,,0,Units,0,Zero,USD,US dollar
DATAFLOW,OECD.CFE.EDS:DSD_REG_ECO@DF_INC(2.0),Income - Regions,I,A,Annual,CTRY,Country,CAN,Canada,_Z,Not applicable,B6N,"Disposable income, net",_T,Total - all activities,Q,Constant prices,USD_PPP_PS,"US dollars per person, PPP converted",2021,,26691.8,,CAN,Canada,A,Normal value,2020,,0,Units,0,Zero,USD,US dollar
DATAFLOW,OECD.CFE.EDS:DSD_REG_ECO@DF_INC(2.0),Income - Regions,I,A,Annual,CTRY,Country,CAN,Canada,_Z,Not applicable,B6N,"Disposable income, net",_T,Total - all activities,Q,Constant prices,USD_PPP_PS,"US dollars per person, PPP converted",2022,,26163.9,,CAN,Canada,A,Normal value,2020,,0,Units,0,Zero,USD,US dollar
DATAFLOW,OECD.CFE.EDS:DSD_REG_ECO@DF_INC(2.0),Income - Regions,I,A,Annual,CTRY,Country,CAN,Canada,_Z,Not applicable,B5N,"Primary incomes, net",_T,Total - all activities,Q,Constant prices,USD_PPP_PS,"US dollars per person, PPP converted",2022,,30730.9,,CAN,Canada,A,Normal value,2020,,0,Units,0,Zero,USD,US dollar
DATAFLOW,OECD.CFE.EDS:DSD_REG_ECO@DF_INC(2.0),Income - Regions,I,A,Annual,CTRY,Country,MEX,Mexico,_Z,Not applicable,B6N,"Disposable income, net",_T,Total - all activities,Q,Constant prices,USD_PPP_PS,"US dollars per person, PPP converted",2008,,3227.2,,MEX,Mexico,A,Normal value,2020,,0,Units,0,Zero,USD,US dollar
DATAFLOW,OECD.CFE.EDS:DSD_REG_ECO@DF_INC(2.0),Income - Regions,I,A,Annual,CTRY,Country,MEX,Mexico,_Z,Not applicable,B5N,"Primary incomes, net",_T,Total - all activities,Q,Constant prices,USD_PPP_PS,"US dollars per person, PPP converted",2008,,2933.6,,MEX,Mexico,A,Normal value,2020,,0,Units,0,Zero,USD,US dollar
DATAFLOW,OECD.CFE.EDS:DSD_REG_ECO@DF_INC(2.0),Income - Regions,I,A,Annual,CTRY,Country,MEX,Mexico,_Z,Not applicable,B6N,"Disposable income, net",_T,Total - all activities,Q,Constant prices,USD_PPP_PS,"US dollars per person, PPP converted",2010,,3139.6,,MEX,Mexico,A,Normal value,2020,,0,Units,0,Zero,USD,US dollar
DATAFLOW,OECD.CFE.EDS:DSD_REG_ECO@DF_INC(2.0),Income - Regions,I,A,Annual,CTRY,Country,MEX,Mexico,_Z,Not applicable,B5N,"Primary incomes, net",_T,Total - all activities,Q,Constant prices,USD_PPP_PS,"US dollars per person, PPP converted",2010,,2859.4,,MEX,Mexico,A,Normal value,2020,,0,Units,0,Zero,USD,US dollar
DATAFLOW,OECD.CFE.EDS:DSD_REG_ECO@DF_INC(2.0),Income - Regions,I,A,Annual,CTRY,Country,MEX,Mexico,_Z,Not applicable,B6N,"Disposable income, net",_T,Total - all activities,Q,Constant prices,USD_PPP_PS,"US dollars per person, PPP converted",2012,,3112.3,,MEX,Mexico,A,Normal value,2020,,0,Units,0,Zero,USD,US dollar
DATAFLOW,OECD.CFE.EDS:DSD_REG_ECO@DF_INC(2.0),Income - Regions,I,A,Annual,CTRY,Country,MEX,Mexico,_Z,Not applicable,B5N,"Primary incomes, net",_T,Total - all activities,Q,Constant prices,USD_PPP_PS,"US dollars per person, PPP converted",2012,,2807.7,,MEX,Mexico,A,Normal value,2020,,0,Units,0,Zero,USD,US dollar
DATAFLOW,OECD.CFE.EDS:DSD_REG_ECO@DF_INC(2.0),Income - Regions,I,A,Annual,CTRY,Country,MEX,Mexico,_Z,Not applicable,B6N,"Disposable income, net",_T,Total - all activities,Q,Constant prices,USD_PPP_PS,"US dollars per person, PPP converted",2014,,3112.9,,MEX,Mexico,A,Normal value,2020,,0,Units,0,Zero,USD,US dollar
DATAFLOW,OECD.CFE.EDS:DSD_REG_ECO@DF_INC(2.0),Income - Regions,I,A,Annual,CTRY,Country,MEX,Mexico,_Z,Not applicable,B5N,"Primary incomes, net",_T,Total - all activities,Q,Constant prices,USD_PPP_PS,"US dollars per person, PPP converted",2014,,2791.8,,MEX,Mexico,A,Normal value,2020,,0,Units,0,Zero,USD,US dollar
DATAFLOW,OECD.CFE.EDS:DSD_REG_ECO@DF_INC(2.0),Income - Regions,I,A,Annual,CTRY,Country,MEX,Mexico,_Z,Not applicable,B6N,"Disposable income, net",_T,Total - all activities,Q,Constant prices,USD_PPP_PS,"US dollars per person, PPP converted",2016,,3227.1,,MEX,Mexico,A,Normal value,2020,,0,Units,0,Zero,USD,US dollar
DATAFLOW,OECD.CFE.EDS:DSD_REG_ECO@DF_INC(2.0),Income - Regions,I,A,Annual,CTRY,Country,MEX,Mexico,_Z,Not applicable,B5N,"Primary incomes, net",_T,Total - all activities,Q,Constant prices,USD_PPP_PS,"US dollars per person, PPP converted",2016,,2867.7,,MEX,Mexico,A,Normal value,2020,,0,Units,0,Zero,USD,US dollar
DATAFLOW,OECD.CFE.EDS:DSD_REG_ECO@DF_INC(2.0),Income - Regions,I,A,Annual,CTRY,Country,MEX,Mexico,_Z,Not applicable,B6N,"Disposable income, net",_T,Total - all activities,Q,Constant prices,USD_PPP_PS,"US dollars per person, PPP converted",2018,,3307.8,,MEX,Mexico,A,Normal value,2020,,0,Units,0,Zero,USD,US dollar
DATAFLOW,OECD.CFE.EDS:DSD_REG_ECO@DF_INC(2.0),Income - Regions,I,A,Annual,CTRY,Country,MEX,Mexico,_Z,Not applicable,B5N,"Primary incomes, net",_T,Total - all activities,Q,Constant prices,USD_PPP_PS,"US dollars per person, PPP converted",2018,,2958.2,,MEX,Mexico,A,Normal value,2020,,0,Units,0,Zero,USD,US dollar
DATAFLOW,OECD.CFE.EDS:DSD_REG_ECO@DF_INC(2.0),Income - Regions,I,A,Annual,CTRY,Country,MEX,Mexico,_Z,Not applicable,B6N,"Disposable income, net",_T,Total - all activities,Q,Constant prices,USD_PPP_PS,"US dollars per person, PPP converted",2020,,3117.8,,MEX,Mexico,A,Normal value,2020,,0,Units,0,Zero,USD,US dollar
DATAFLOW,OECD.CFE.EDS:DSD_REG_ECO@DF_INC(2.0),Income - Regions,I,A,Annual,CTRY,Country,MEX,Mexico,_Z,Not applicable,B5N,"Primary incomes, net",_T,Total - all activities,Q,Constant prices,USD_PPP_PS,"US dollars per person, PPP converted",2020,,2692,,MEX,Mexico,A,Normal value,2020,,0,Units,0,Zero,USD,US dollar
DATAFLOW,OECD.CFE.EDS:DSD_REG_ECO@DF_INC(2.0),Income - Regions,I,A,Annual,CTRY,Country,ISL,Iceland,_Z,Not applicable,B6N,"Disposable income, net",_T,Total - all activities,Q,Constant prices,USD_PPP_PS,"US dollars per person, PPP converted",1995,,11866.1,,ISL,Iceland,A,Normal value,2020,,0,Units,0,Zero,USD,US dollar
DATAFLOW,OECD.CFE.EDS:DSD_REG_ECO@DF_INC(2.0),Income - Regions,I,A,Annual,CTRY,Country,ISL,Iceland,_Z,Not applicable,B5N,"Primary incomes, net",_T,Total - all activities,Q,Constant prices,USD_PPP_PS,"US dollars per person, PPP converted",1995,,14684.6,,ISL,Iceland,A,Normal value,2020,,0,Units,0,Zero,USD,US dollar
DATAFLOW,OECD.CFE.EDS:DSD_REG_ECO@DF_INC(2.0),Income - Regions,I,A,Annual,CTRY,Country,ISL,Iceland,_Z,Not applicable,B5N,"Primary incomes, net",_T,Total - all activities,Q,Constant prices,USD_PPP_PS,"US dollars per person, PPP converted",1996,,15441.9,,ISL,Iceland,A,Normal value,2020,,0,Units,0,Zero,USD,US dollar
DATAFLOW,OECD.CFE.EDS:DSD_REG_ECO@DF_INC(2.0),Income - Regions,I,A,Annual,CTRY,Country,ISL,Iceland,_Z,Not applicable,B6N,"Disposable income, net",_T,Total - all activities,Q,Constant prices,USD_PPP_PS,"US dollars per person, PPP converted",1996,,12308.8,,ISL,Iceland,A,Normal value,2020,,0,Units,0,Zero,USD,US dollar
DATAFLOW,OECD.CFE.EDS:DSD_REG_ECO@DF_INC(2.0),Income - Regions,I,A,Annual,CTRY,Country,ISL,Iceland,_Z,Not applicable,B6N,"Disposable income, net",_T,Total - all activities,Q,Constant prices,USD_PPP_PS,"US dollars per person, PPP converted",1997,,12912.6,,ISL,Iceland,A,Normal value,2020,,0,Units,0,Zero,USD,US dollar
DATAFLOW,OECD.CFE.EDS:DSD_REG_ECO@DF_INC(2.0),Income - Regions,I,A,Annual,CTRY,Country,ISL,Iceland,_Z,Not applicable,B5N,"Primary incomes, net",_T,Total - all activities,Q,Constant prices,USD_PPP_PS,"US dollars per person, PPP converted",1997,,16684.8,,ISL,Iceland,A,Normal value,2020,,0,Units,0,Zero,USD,US dollar
DATAFLOW,OECD.CFE.EDS:DSD_REG_ECO@DF_INC(2.0),Income - Regions,I,A,Annual,CTRY,Country,ISL,Iceland,_Z,Not applicable,B5N,"Primary incomes, net",_T,Total - all activities,Q,Constant prices,USD_PPP_PS,"US dollars per person, PPP converted",1998,,18340.3,,ISL,Iceland,A,Normal value,2020,,0,Units,0,Zero,USD,US dollar
DATAFLOW,OECD.CFE.EDS:DSD_REG_ECO@DF_INC(2.0),Income - Regions,I,A,Annual,CTRY,Country,ISL,Iceland,_Z,Not applicable,B6N,"Disposable income, net",_T,Total - all activities,Q,Constant prices,USD_PPP_PS,"US dollars per person, PPP converted",1998,,14126.3,,ISL,Iceland,A,Normal value,2020,,0,Units,0,Zero,USD,US dollar
DATAFLOW,OECD.CFE.EDS:DSD_REG_ECO@DF_INC(2.0),Income - Regions,I,A,Annual,CTRY,Country,ISL,Iceland,_Z,Not applicable,B6N,"Disposable income, net",_T,Total - all activities,Q,Constant prices,USD_PPP_PS,"US dollars per person, PPP converted",1999,,14887.8,,ISL,Iceland,A,Normal value,2020,,0,Units,0,Zero,USD,US dollar
DATAFLOW,OECD.CFE.EDS:DSD_REG_ECO@DF_INC(2.0),Income - Regions,I,A,Annual,CTRY,Country,ISL,Iceland,_Z,Not applicable,B5N,"Primary incomes, net",_T,Total - all activities,Q,Constant prices,USD_PPP_PS,"US dollars per person, PPP converted",1999,,19426.2,,ISL,Iceland,A,Normal value,2020,,0,Units,0,Zero,USD,US dollar
DATAFLOW,OECD.CFE.EDS:DSD_REG_ECO@DF_INC(2.0),Income - Regions,I,A,Annual,CTRY,Country,ISL,Iceland,_Z,Not applicable,B5N,"Primary incomes, net",_T,Total - all activities,Q,Constant prices,USD_PPP_PS,"US dollars per person, PPP converted",2000,,20209.1,,ISL,Iceland,A,Normal value,2020,,0,Units,0,Zero,USD,US dollar
DATAFLOW,OECD.CFE.EDS:DSD_REG_ECO@DF_INC(2.0),Income - Regions,I,A,Annual,CTRY,Country,ISL,Iceland,_Z,Not applicable,B6N,"Disposable income, net",_T,Total - all activities,Q,Constant prices,USD_PPP_PS,"US dollars per person, PPP converted",2000,,15406.3,,ISL,Iceland,A,Normal value,2020,,0,Units,0,Zero,USD,US dollar
DATAFLOW,OECD.CFE.EDS:DSD_REG_ECO@DF_INC(2.0),Income - Regions,I,A,Annual,CTRY,Country,ISL,Iceland,_Z,Not applicable,B6N,"Disposable income, net",_T,Total - all activities,Q,Constant prices,USD_PPP_PS,"US dollars per person, PPP converted",2001,,15736.2,,ISL,Iceland,A,Normal value,2020,,0,Units,0,Zero,USD,US dollar
DATAFLOW,OECD.CFE.EDS:DSD_REG_ECO@DF_INC(2.0),Income - Regions,I,A,Annual,CTRY,Country,ISL,Iceland,_Z,Not applicable,B5N,"Primary incomes, net",_T,Total - all activities,Q,Constant prices,USD_PPP_PS,"US dollars per person, PPP converted",2001,,20952.7,,ISL,Iceland,A,Normal value,2020,,0,Units,0,Zero,USD,US dollar
DATAFLOW,OECD.CFE.EDS:DSD_REG_ECO@DF_INC(2.0),Income - Regions,I,A,Annual,CTRY,Country,ISL,Iceland,_Z,Not applicable,B5N,"Primary incomes, net",_T,Total - all activities,Q,Constant prices,USD_PPP_PS,"US dollars per person, PPP converted",2002,,21215.2,,ISL,Iceland,A,Normal value,2020,,0,Units,0,Zero,USD,US dollar
DATAFLOW,OECD.CFE.EDS:DSD_REG_ECO@DF_INC(2.0),Income - Regions,I,A,Annual,CTRY,Country,ISL,Iceland,_Z,Not applicable,B6N,"Disposable income, net",_T,Total - all activities,Q,Constant prices,USD_PPP_PS,"US dollars per person, PPP converted",2002,,15905.2,,ISL,Iceland,A,Normal value,2020,,0,Units,0,Zero,USD,US dollar
DATAFLOW,OECD.CFE.EDS:DSD_REG_ECO@DF_INC(2.0),Income - Regions,I,A,Annual,CTRY,Country,ISL,Iceland,_Z,Not applicable,B6N,"Disposable income, net",_T,Total - all activities,Q,Constant prices,USD_PPP_PS,"US dollars per person, PPP converted",2003,,17458,,ISL,Iceland,A,Normal value,2020,,0,Units,0,Zero,USD,US dollar
DATAFLOW,OECD.CFE.EDS:DSD_REG_ECO@DF_INC(2.0),Income - Regions,I,A,Annual,CTRY,Country,ISL,Iceland,_Z,Not applicable,B5N,"Primary incomes, net",_T,Total - all activities,Q,Constant prices,USD_PPP_PS,"US dollars per person, PPP converted",2003,,22941.2,,ISL,Iceland,A,Normal value,2020,,0,Units,0,Zero,USD,US dollar
DATAFLOW,OECD.CFE.EDS:DSD_REG_ECO@DF_INC(2.0),Income - Regions,I,A,Annual,CTRY,Country,ISL,Iceland,_Z,Not applicable,B5N,"Primary incomes, net",_T,Total - all activities,Q,Constant prices,USD_PPP_PS,"US dollars per person, PPP converted",2004,,23930.3,,ISL,Iceland,A,Normal value,2020,,0,Units,0,Zero,USD,US dollar
DATAFLOW,OECD.CFE.EDS:DSD_REG_ECO@DF_INC(2.0),Income - Regions,I,A,Annual,CTRY,Country,ISL,Iceland,_Z,Not applicable,B6N,"Disposable income, net",_T,Total - all activities,Q,Constant prices,USD_PPP_PS,"US dollars per person, PPP converted",2004,,18103.5,,ISL,Iceland,A,Normal value,2020,,0,Units,0,Zero,USD,US dollar
DATAFLOW,OECD.CFE.EDS:DSD_REG_ECO@DF_INC(2.0),Income - Regions,I,A,Annual,CTRY,Country,ISL,Iceland,_Z,Not applicable,B6N,"Disposable income, net",_T,Total - all activities,Q,Constant prices,USD_PPP_PS,"US dollars per person, PPP converted",2005,,20730.6,,ISL,Iceland,A,Normal value,2020,,0,Units,0,Zero,USD,US dollar
DATAFLOW,OECD.CFE.EDS:DSD_REG_ECO@DF_INC(2.0),Income - Regions,I,A,Annual,CTRY,Country,ISL,Iceland,_Z,Not applicable,B5N,"Primary incomes, net",_T,Total - all activities,Q,Constant prices,USD_PPP_PS,"US dollars per person, PPP converted",2005,,26864.2,,ISL,Iceland,A,Normal value,2020,,0,Units,0,Zero,USD,US dollar
DATAFLOW,OECD.CFE.EDS:DSD_REG_ECO@DF_INC(2.0),Income - Regions,I,A,Annual,CTRY,Country,ISL,Iceland,_Z,Not applicable,B5N,"Primary incomes, net",_T,Total - all activities,Q,Constant prices,USD_PPP_PS,"US dollars per person, PPP converted",2006,,28249.4,,ISL,Iceland,A,Normal value,2020,,0,Units,0,Zero,USD,US dollar
DATAFLOW,OECD.CFE.EDS:DSD_REG_ECO@DF_INC(2.0),Income - Regions,I,A,Annual,CTRY,Country,ISL,Iceland,_Z,Not applicable,B6N,"Disposable income, net",_T,Total - all activities,Q,Constant prices,USD_PPP_PS,"US dollars per person, PPP converted",2006,,21850.8,,ISL,Iceland,A,Normal value,2020,,0,Units,0,Zero,USD,US dollar
DATAFLOW,OECD.CFE.EDS:DSD_REG_ECO@DF_INC(2.0),Income - Regions,I,A,Annual,CTRY,Country,ISL,Iceland,_Z,Not applicable,B6N,"Disposable income, net",_T,Total - all activities,Q,Constant prices,USD_PPP_PS,"US dollars per person, PPP converted",2007,,25408.4,,ISL,Iceland,A,Normal value,2020,,0,Units,0,Zero,USD,US dollar
DATAFLOW,OECD.CFE.EDS:DSD_REG_ECO@DF_INC(2.0),Income - Regions,I,A,Annual,CTRY,Country,ISL,Iceland,_Z,Not applicable,B5N,"Primary incomes, net",_T,Total - all activities,Q,Constant prices,USD_PPP_PS,"US dollars per person, PPP converted",2007,,32030.9,,ISL,Iceland,A,Normal value,2020,,0,Units,0,Zero,USD,US dollar
DATAFLOW,OECD.CFE.EDS:DSD_REG_ECO@DF_INC(2.0),Income - Regions,I,A,Annual,CTRY,Country,ISL,Iceland,_Z,Not applicable,B5N,"Primary incomes, net",_T,Total - all activities,Q,Constant prices,USD_PPP_PS,"US dollars per person, PPP converted",2008,,27998,,ISL,Iceland,A,Normal value,2020,,0,Units,0,Zero,USD,US dollar
DATAFLOW,OECD.CFE.EDS:DSD_REG_ECO@DF_INC(2.0),Income - Regions,I,A,Annual,CTRY,Country,ISL,Iceland,_Z,Not applicable,B6N,"Disposable income, net",_T,Total - all activities,Q,Constant prices,USD_PPP_PS,"US dollars per person, PPP converted",2008,,21408.1,,ISL,Iceland,A,Normal value,2020,,0,Units,0,Zero,USD,US dollar
DATAFLOW,OECD.CFE.EDS:DSD_REG_ECO@DF_INC(2.0),Income - Regions,I,A,Annual,CTRY,Country,ISL,Iceland,_Z,Not applicable,B6N,"Disposable income, net",_T,Total - all activities,Q,Constant prices,USD_PPP_PS,"US dollars per person, PPP converted",2009,,18240.2,,ISL,Iceland,A,Normal value,2020,,0,Units,0,Zero,USD,US dollar
DATAFLOW,OECD.CFE.EDS:DSD_REG_ECO@DF_INC(2.0),Income - Regions,I,A,Annual,CTRY,Country,ISL,Iceland,_Z,Not applicable,B5N,"Primary incomes, net",_T,Total - all activities,Q,Constant prices,USD_PPP_PS,"US dollars per person, PPP converted",2009,,23705.7,,ISL,Iceland,A,Normal value,2020,,0,Units,0,Zero,USD,US dollar
DATAFLOW,OECD.CFE.EDS:DSD_REG_ECO@DF_INC(2.0),Income - Regions,I,A,Annual,CTRY,Country,ISL,Iceland,_Z,Not applicable,B5N,"Primary incomes, net",_T,Total - all activities,Q,Constant prices,USD_PPP_PS,"US dollars per person, PPP converted",2010,,21410.4,,ISL,Iceland,A,Normal value,2020,,0,Units,0,Zero,USD,US dollar
DATAFLOW,OECD.CFE.EDS:DSD_REG_ECO@DF_INC(2.0),Income - Regions,I,A,Annual,CTRY,Country,ISL,Iceland,_Z,Not applicable,B6N,"Disposable income, net",_T,Total - all activities,Q,Constant prices,USD_PPP_PS,"US dollars per person, PPP converted",2010,,16023.2,,ISL,Iceland,A,Normal value,2020,,0,Units,0,Zero,USD,US dollar
DATAFLOW,OECD.CFE.EDS:DSD_REG_ECO@DF_INC(2.0),Income - Regions,I,A,Annual,CTRY,Country,ISL,Iceland,_Z,Not applicable,B6N,"Disposable income, net",_T,Total - all activities,Q,Constant prices,USD_PPP_PS,"US dollars per person, PPP converted",2011,,16099.1,,ISL,Iceland,A,Normal value,2020,,0,Units,0,Zero,USD,US dollar
DATAFLOW,OECD.CFE.EDS:DSD_REG_ECO@DF_INC(2.0),Income - Regions,I,A,Annual,CTRY,Country,ISL,Iceland,_Z,Not applicable,B5N,"Primary incomes, net",_T,Total - all activities,Q,Constant prices,USD_PPP_PS,"US dollars per person, PPP converted",2011,,21785.2,,ISL,Iceland,A,Normal value,2020,,0,Units,0,Zero,USD,US dollar
DATAFLOW,OECD.CFE.EDS:DSD_REG_ECO@DF_INC(2.0),Income - Regions,I,A,Annual,CTRY,Country,ISL,Iceland,_Z,Not applicable,B5N,"Primary incomes, net",_T,Total - all activities,Q,Constant prices,USD_PPP_PS,"US dollars per person, PPP converted",2012,,21577.6,,ISL,Iceland,A,Normal value,2020,,0,Units,0,Zero,USD,US dollar
DATAFLOW,OECD.CFE.EDS:DSD_REG_ECO@DF_INC(2.0),Income - Regions,I,A,Annual,CTRY,Country,ISL,Iceland,_Z,Not applicable,B6N,"Disposable income, net",_T,Total - all activities,Q,Constant prices,USD_PPP_PS,"US dollars per person, PPP converted",2012,,15834.9,,ISL,Iceland,A,Normal value,2020,,0,Units,0,Zero,USD,US dollar
DATAFLOW,OECD.CFE.EDS:DSD_REG_ECO@DF_INC(2.0),Income - Regions,I,A,Annual,CTRY,Country,ISL,Iceland,_Z,Not applicable,B6N,"Disposable income, net",_T,Total - all activities,Q,Constant prices,USD_PPP_PS,"US dollars per person, PPP converted",2013,,16198.3,,ISL,Iceland,A,Normal value,2020,,0,Units,0,Zero,USD,US dollar
DATAFLOW,OECD.CFE.EDS:DSD_REG_ECO@DF_INC(2.0),Income - Regions,I,A,Annual,CTRY,Country,ISL,Iceland,_Z,Not applicable,B5N,"Primary incomes, net",_T,Total - all activities,Q,Constant prices,USD_PPP_PS,"US dollars per person, PPP converted",2013,,22093.2,,ISL,Iceland,A,Normal value,2020,,0,Units,0,Zero,USD,US dollar
DATAFLOW,OECD.CFE.EDS:DSD_REG_ECO@DF_INC(2.0),Income - Regions,I,A,Annual,CTRY,Country,ISL,Iceland,_Z,Not applicable,B5N,"Primary incomes, net",_T,Total - all activities,Q,Constant prices,USD_PPP_PS,"US dollars per person, PPP converted",2014,,23014,,ISL,Iceland,A,Normal value,2020,,0,Units,0,Zero,USD,US dollar
DATAFLOW,OECD.CFE.EDS:DSD_REG_ECO@DF_INC(2.0),Income - Regions,I,A,Annual,CTRY,Country,ISL,Iceland,_Z,Not applicable,B6N,"Disposable income, net",_T,Total - all activities,Q,Constant prices,USD_PPP_PS,"US dollars per person, PPP converted",2014,,16888.9,,ISL,Iceland,A,Normal value,2020,,0,Units,0,Zero,USD,US dollar
DATAFLOW,OECD.CFE.EDS:DSD_REG_ECO@DF_INC(2.0),Income - Regions,I,A,Annual,CTRY,Country,ISL,Iceland,_Z,Not applicable,B6N,"Disposable income, net",_T,Total - all activities,Q,Constant prices,USD_PPP_PS,"US dollars per person, PPP converted",2015,,18003.4,,ISL,Iceland,A,Normal value,2020,,0,Units,0,Zero,USD,US dollar
DATAFLOW,OECD.CFE.EDS:DSD_REG_ECO@DF_INC(2.0),Income - Regions,I,A,Annual,CTRY,Country,ISL,Iceland,_Z,Not applicable,B5N,"Primary incomes, net",_T,Total - all activities,Q,Constant prices,USD_PPP_PS,"US dollars per person, PPP converted",2015,,24450.5,,ISL,Iceland,A,Normal value,2020,,0,Units,0,Zero,USD,US dollar
DATAFLOW,OECD.CFE.EDS:DSD_REG_ECO@DF_INC(2.0),Income - Regions,I,A,Annual,CTRY,Country,ISL,Iceland,_Z,Not applicable,B5N,"Primary incomes, net",_T,Total - all activities,Q,Constant prices,USD_PPP_PS,"US dollars per person, PPP converted",2016,,26522.3,,ISL,Iceland,A,Normal value,2020,,0,Units,0,Zero,USD,US dollar
DATAFLOW,OECD.CFE.EDS:DSD_REG_ECO@DF_INC(2.0),Income - Regions,I,A,Annual,CTRY,Country,ISL,Iceland,_Z,Not applicable,B6N,"Disposable income, net",_T,Total - all activities,Q,Constant prices,USD_PPP_PS,"US dollars per person, PPP converted",2016,,19503.3,,ISL,Iceland,A,Normal value,2020,,0,Units,0,Zero,USD,US dollar
DATAFLOW,OECD.CFE.EDS:DSD_REG_ECO@DF_INC(2.0),Income - Regions,I,A,Annual,CTRY,Country,ISL,Iceland,_Z,Not applicable,B6N,"Disposable income, net",_T,Total - all activities,Q,Constant prices,USD_PPP_PS,"US dollars per person, PPP converted",2017,,21119.5,,ISL,Iceland,A,Normal value,2020,,0,Units,0,Zero,USD,US dollar
DATAFLOW,OECD.CFE.EDS:DSD_REG_ECO@DF_INC(2.0),Income - Regions,I,A,Annual,CTRY,Country,ISL,Iceland,_Z,Not applicable,B5N,"Primary incomes, net",_T,Total - all activities,Q,Constant prices,USD_PPP_PS,"US dollars per person, PPP converted",2017,,28698.6,,ISL,Iceland,A,Normal value,2020,,0,Units,0,Zero,USD,US dollar
DATAFLOW,OECD.CFE.EDS:DSD_REG_ECO@DF_INC(2.0),Income - Regions,I,A,Annual,CTRY,Country,ISL,Iceland,_Z,Not applicable,B5N,"Primary incomes, net",_T,Total - all activities,Q,Constant prices,USD_PPP_PS,"US dollars per person, PPP converted",2018,,28567.6,,ISL,Iceland,A,Normal value,2020,,0,Units,0,Zero,USD,US dollar
DATAFLOW,OECD.CFE.EDS:DSD_REG_ECO@DF_INC(2.0),Income - Regions,I,A,Annual,CTRY,Country,ISL,Iceland,_Z,Not applicable,B6N,"Disposable income, net",_T,Total - all activities,Q,Constant prices,USD_PPP_PS,"US dollars per person, PPP converted",2018,,20793.4,,ISL,Iceland,A,Normal value,2020,,0,Units,0,Zero,USD,US dollar
DATAFLOW,OECD.CFE.EDS:DSD_REG_ECO@DF_INC(2.0),Income - Regions,I,A,Annual,CTRY,Country,ISL,Iceland,_Z,Not applicable,B6N,"Disposable income, net",_T,Total - all activities,Q,Constant prices,USD_PPP_PS,"US dollars per person, PPP converted",2019,,20774.3,,ISL,Iceland,A,Normal value,2020,,0,Units,0,Zero,USD,US dollar
DATAFLOW,OECD.CFE.EDS:DSD_REG_ECO@DF_INC(2.0),Income - Regions,I,A,Annual,CTRY,Country,ISL,Iceland,_Z,Not applicable,B5N,"Primary incomes, net",_T,Total - all activities,Q,Constant prices,USD_PPP_PS,"US dollars per person, PPP converted",2019,,28484.7,,ISL,Iceland,A,Normal value,2020,,0,Units,0,Zero,USD,US dollar
DATAFLOW,OECD.CFE.EDS:DSD_REG_ECO@DF_INC(2.0),Income - Regions,I,A,Annual,CTRY,Country,ISL,Iceland,_Z,Not applicable,B5N,"Primary incomes, net",_T,Total - all activities,Q,Constant prices,USD_PPP_PS,"US dollars per person, PPP converted",2020,,28914.5,,ISL,Iceland,A,Normal value,2020,,0,Units,0,Zero,USD,US dollar
DATAFLOW,OECD.CFE.EDS:DSD_REG_ECO@DF_INC(2.0),Income - Regions,I,A,Annual,CTRY,Country,ISL,Iceland,_Z,Not applicable,B6N,"Disposable income, net",_T,Total - all activities,Q,Constant prices,USD_PPP_PS,"US dollars per person, PPP converted",2020,,21138.2,,ISL,Iceland,A,Normal value,2020,,0,Units,0,Zero,USD,US dollar
DATAFLOW,OECD.CFE.EDS:DSD_REG_ECO@DF_INC(2.0),Income - Regions,I,A,Annual,CTRY,Country,ISL,Iceland,_Z,Not applicable,B6N,"Disposable income, net",_T,Total - all activities,Q,Constant prices,USD_PPP_PS,"US dollars per person, PPP converted",2021,,22563.8,,ISL,Iceland,A,Normal value,2020,,0,Units,0,Zero,USD,US dollar
DATAFLOW,OECD.CFE.EDS:DSD_REG_ECO@DF_INC(2.0),Income - Regions,I,A,Annual,CTRY,Country,ISL,Iceland,_Z,Not applicable,B5N,"Primary incomes, net",_T,Total - all activities,Q,Constant prices,USD_PPP_PS,"US dollars per person, PPP converted",2021,,30441.9,,ISL,Iceland,A,Normal value,2020,,0,Units,0,Zero,USD,US dollar
DATAFLOW,OECD.CFE.EDS:DSD_REG_ECO@DF_INC(2.0),Income - Regions,I,A,Annual,CTRY,Country,ISL,Iceland,_Z,Not applicable,B5N,"Primary incomes, net",_T,Total - all activities,Q,Constant prices,USD_PPP_PS,"US dollars per person, PPP converted",2022,,30800.3,,ISL,Iceland,A,Normal value,2020,,0,Units,0,Zero,USD,US dollar
DATAFLOW,OECD.CFE.EDS:DSD_REG_ECO@DF_INC(2.0),Income - Regions,I,A,Annual,CTRY,Country,ISL,Iceland,_Z,Not applicable,B6N,"Disposable income, net",_T,Total - all activities,Q,Constant prices,USD_PPP_PS,"US dollars per person, PPP converted",2022,,22644.1,,ISL,Iceland,A,Normal value,2020,,0,Units,0,Zero,USD,US dollar
DATAFLOW,OECD.CFE.EDS:DSD_REG_ECO@DF_INC(2.0),Income - Regions,I,A,Annual,CTRY,Country,GBR,United Kingdom,_Z,Not applicable,B6N,"Disposable income, net",_T,Total - all activities,Q,Constant prices,USD_PPP_PS,"US dollars per person, PPP converted",1997,,18449.9,,GBR,United Kingdom,A,Normal value,2020,,0,Units,0,Zero,USD,US dollar
DATAFLOW,OECD.CFE.EDS:DSD_REG_ECO@DF_INC(2.0),Income - Regions,I,A,Annual,CTRY,Country,GBR,United Kingdom,_Z,Not applicable,B5N,"Primary incomes, net",_T,Total - all activities,Q,Constant prices,USD_PPP_PS,"US dollars per person, PPP converted",1997,,21263.4,,GBR,United Kingdom,A,Normal value,2020,,0,Units,0,Zero,USD,US dollar
DATAFLOW,OECD.CFE.EDS:DSD_REG_ECO@DF_INC(2.0),Income - Regions,I,A,Annual,CTRY,Country,GBR,United Kingdom,_Z,Not applicable,B5N,"Primary incomes, net",_T,Total - all activities,Q,Constant prices,USD_PPP_PS,"US dollars per person, PPP converted",1998,,21894.6,,GBR,United Kingdom,A,Normal value,2020,,0,Units,0,Zero,USD,US dollar
DATAFLOW,OECD.CFE.EDS:DSD_REG_ECO@DF_INC(2.0),Income - Regions,I,A,Annual,CTRY,Country,GBR,United Kingdom,_Z,Not applicable,B6N,"Disposable income, net",_T,Total - all activities,Q,Constant prices,USD_PPP_PS,"US dollars per person, PPP converted",1998,,18581.4,,GBR,United Kingdom,A,Normal value,2020,,0,Units,0,Zero,USD,US dollar
DATAFLOW,OECD.CFE.EDS:DSD_REG_ECO@DF_INC(2.0),Income - Regions,I,A,Annual,CTRY,Country,GBR,United Kingdom,_Z,Not applicable,B6N,"Disposable income, net",_T,Total - all activities,Q,Constant prices,USD_PPP_PS,"US dollars per person, PPP converted",1999,,19290.8,,GBR,United Kingdom,A,Normal value,2020,,0,Units,0,Zero,USD,US dollar
DATAFLOW,OECD.CFE.EDS:DSD_REG_ECO@DF_INC(2.0),Income - Regions,I,A,Annual,CTRY,Country,GBR,United Kingdom,_Z,Not applicable,B5N,"Primary incomes, net",_T,Total - all activities,Q,Constant prices,USD_PPP_PS,"US dollars per person, PPP converted",1999,,22731.7,,GBR,United Kingdom,A,Normal value,2020,,0,Units,0,Zero,USD,US dollar
DATAFLOW,OECD.CFE.EDS:DSD_REG_ECO@DF_INC(2.0),Income - Regions,I,A,Annual,CTRY,Country,GBR,United Kingdom,_Z,Not applicable,B5N,"Primary incomes, net",_T,Total - all activities,Q,Constant prices,USD_PPP_PS,"US dollars per person, PPP converted",2000,,24369.5,,GBR,United Kingdom,A,Normal value,2020,,0,Units,0,Zero,USD,US dollar
DATAFLOW,OECD.CFE.EDS:DSD_REG_ECO@DF_INC(2.0),Income - Regions,I,A,Annual,CTRY,Country,GBR,United Kingdom,_Z,Not applicable,B6N,"Disposable income, net",_T,Total - all activities,Q,Constant prices,USD_PPP_PS,"US dollars per person, PPP converted",2000,,20270.7,,GBR,United Kingdom,A,Normal value,2020,,0,Units,0,Zero,USD,US dollar
DATAFLOW,OECD.CFE.EDS:DSD_REG_ECO@DF_INC(2.0),Income - Regions,I,A,Annual,CTRY,Country,GBR,United Kingdom,_Z,Not applicable,B6N,"Disposable income, net",_T,Total - all activities,Q,Constant prices,USD_PPP_PS,"US dollars per person, PPP converted",2001,,20906.8,,GBR,United Kingdom,A,Normal value,2020,,0,Units,0,Zero,USD,US dollar
DATAFLOW,OECD.CFE.EDS:DSD_REG_ECO@DF_INC(2.0),Income - Regions,I,A,Annual,CTRY,Country,GBR,United Kingdom,_Z,Not applicable,B5N,"Primary incomes, net",_T,Total - all activities,Q,Constant prices,USD_PPP_PS,"US dollars per person, PPP converted",2001,,25062.8,,GBR,United Kingdom,A,Normal value,2020,,0,Units,0,Zero,USD,US dollar
DATAFLOW,OECD.CFE.EDS:DSD_REG_ECO@DF_INC(2.0),Income - Regions,I,A,Annual,CTRY,Country,GBR,United Kingdom,_Z,Not applicable,B5N,"Primary incomes, net",_T,Total - all activities,Q,Constant prices,USD_PPP_PS,"US dollars per person, PPP converted",2002,,25409.8,,GBR,United Kingdom,A,Normal value,2020,,0,Units,0,Zero,USD,US dollar
DATAFLOW,OECD.CFE.EDS:DSD_REG_ECO@DF_INC(2.0),Income - Regions,I,A,Annual,CTRY,Country,GBR,United Kingdom,_Z,Not applicable,B6N,"Disposable income, net",_T,Total - all activities,Q,Constant prices,USD_PPP_PS,"US dollars per person, PPP converted",2002,,21260.1,,GBR,United Kingdom,A,Normal value,2020,,0,Units,0,Zero,USD,US dollar
DATAFLOW,OECD.CFE.EDS:DSD_REG_ECO@DF_INC(2.0),Income - Regions,I,A,Annual,CTRY,Country,GBR,United Kingdom,_Z,Not applicable,B6N,"Disposable income, net",_T,Total - all activities,Q,Constant prices,USD_PPP_PS,"US dollars per person, PPP converted",2003,,21629.4,,GBR,United Kingdom,A,Normal value,2020,,0,Units,0,Zero,USD,US dollar
DATAFLOW,OECD.CFE.EDS:DSD_REG_ECO@DF_INC(2.0),Income - Regions,I,A,Annual,CTRY,Country,GBR,United Kingdom,_Z,Not applicable,B5N,"Primary incomes, net",_T,Total - all activities,Q,Constant prices,USD_PPP_PS,"US dollars per person, PPP converted",2003,,25927.3,,GBR,United Kingdom,A,Normal value,2020,,0,Units,0,Zero,USD,US dollar
DATAFLOW,OECD.CFE.EDS:DSD_REG_ECO@DF_INC(2.0),Income - Regions,I,A,Annual,CTRY,Country,GBR,United Kingdom,_Z,Not applicable,B5N,"Primary incomes, net",_T,Total - all activities,Q,Constant prices,USD_PPP_PS,"US dollars per person, PPP converted",2004,,26764.9,,GBR,United Kingdom,A,Normal value,2020,,0,Units,0,Zero,USD,US dollar
DATAFLOW,OECD.CFE.EDS:DSD_REG_ECO@DF_INC(2.0),Income - Regions,I,A,Annual,CTRY,Country,GBR,United Kingdom,_Z,Not applicable,B6N,"Disposable income, net",_T,Total - all activities,Q,Constant prices,USD_PPP_PS,"US dollars per person, PPP converted",2004,,22104.1,,GBR,United Kingdom,A,Normal value,2020,,0,Units,0,Zero,USD,US dollar
DATAFLOW,OECD.CFE.EDS:DSD_REG_ECO@DF_INC(2.0),Income - Regions,I,A,Annual,CTRY,Country,GBR,United Kingdom,_Z,Not applicable,B6N,"Disposable income, net",_T,Total - all activities,Q,Constant prices,USD_PPP_PS,"US dollars per person, PPP converted",2005,,22479.8,,GBR,United Kingdom,A,Normal value,2020,,0,Units,0,Zero,USD,US dollar
DATAFLOW,OECD.CFE.EDS:DSD_REG_ECO@DF_INC(2.0),Income - Regions,I,A,Annual,CTRY,Country,GBR,United Kingdom,_Z,Not applicable,B5N,"Primary incomes, net",_T,Total - all activities,Q,Constant prices,USD_PPP_PS,"US dollars per person, PPP converted",2005,,27475.8,,GBR,United Kingdom,A,Normal value,2020,,0,Units,0,Zero,USD,US dollar
DATAFLOW,OECD.CFE.EDS:DSD_REG_ECO@DF_INC(2.0),Income - Regions,I,A,Annual,CTRY,Country,GBR,United Kingdom,_Z,Not applicable,B5N,"Primary incomes, net",_T,Total - all activities,Q,Constant prices,USD_PPP_PS,"US dollars per person, PPP converted",2006,,27848.6,,GBR,United Kingdom,A,Normal value,2020,,0,Units,0,Zero,USD,US dollar
DATAFLOW,OECD.CFE.EDS:DSD_REG_ECO@DF_INC(2.0),Income - Regions,I,A,Annual,CTRY,Country,GBR,United Kingdom,_Z,Not applicable,B6N,"Disposable income, net",_T,Total - all activities,Q,Constant prices,USD_PPP_PS,"US dollars per person, PPP converted",2006,,22736.2,,GBR,United Kingdom,A,Normal value,2020,,0,Units,0,Zero,USD,US dollar
DATAFLOW,OECD.CFE.EDS:DSD_REG_ECO@DF_INC(2.0),Income - Regions,I,A,Annual,CTRY,Country,GBR,United Kingdom,_Z,Not applicable,B6N,"Disposable income, net",_T,Total - all activities,Q,Constant prices,USD_PPP_PS,"US dollars per person, PPP converted",2007,,23465.4,,GBR,United Kingdom,A,Normal value,2020,,0,Units,0,Zero,USD,US dollar
DATAFLOW,OECD.CFE.EDS:DSD_REG_ECO@DF_INC(2.0),Income - Regions,I,A,Annual,CTRY,Country,GBR,United Kingdom,_Z,Not applicable,B5N,"Primary incomes, net",_T,Total - all activities,Q,Constant prices,USD_PPP_PS,"US dollars per person, PPP converted",2007,,28943.4,,GBR,United Kingdom,A,Normal value,2020,,0,Units,0,Zero,USD,US dollar
DATAFLOW,OECD.CFE.EDS:DSD_REG_ECO@DF_INC(2.0),Income - Regions,I,A,Annual,CTRY,Country,GBR,United Kingdom,_Z,Not applicable,B5N,"Primary incomes, net",_T,Total - all activities,Q,Constant prices,USD_PPP_PS,"US dollars per person, PPP converted",2008,,28269.6,,GBR,United Kingdom,A,Normal value,2020,,0,Units,0,Zero,USD,US dollar
DATAFLOW,OECD.CFE.EDS:DSD_REG_ECO@DF_INC(2.0),Income - Regions,I,A,Annual,CTRY,Country,GBR,United Kingdom,_Z,Not applicable,B6N,"Disposable income, net",_T,Total - all activities,Q,Constant prices,USD_PPP_PS,"US dollars per person, PPP converted",2008,,23156.4,,GBR,United Kingdom,A,Normal value,2020,,0,Units,0,Zero,USD,US dollar
DATAFLOW,OECD.CFE.EDS:DSD_REG_ECO@DF_INC(2.0),Income - Regions,I,A,Annual,CTRY,Country,GBR,United Kingdom,_Z,Not applicable,B6N,"Disposable income, net",_T,Total - all activities,Q,Constant prices,USD_PPP_PS,"US dollars per person, PPP converted",2009,,23359.5,,GBR,United Kingdom,A,Normal value,2020,,0,Units,0,Zero,USD,US dollar
DATAFLOW,OECD.CFE.EDS:DSD_REG_ECO@DF_INC(2.0),Income - Regions,I,A,Annual,CTRY,Country,GBR,United Kingdom,_Z,Not applicable,B5N,"Primary incomes, net",_T,Total - all activities,Q,Constant prices,USD_PPP_PS,"US dollars per person, PPP converted",2009,,27387.1,,GBR,United Kingdom,A,Normal value,2020,,0,Units,0,Zero,USD,US dollar
DATAFLOW,OECD.CFE.EDS:DSD_REG_ECO@DF_INC(2.0),Income - Regions,I,A,Annual,CTRY,Country,GBR,United Kingdom,_Z,Not applicable,B5N,"Primary incomes, net",_T,Total - all activities,Q,Constant prices,USD_PPP_PS,"US dollars per person, PPP converted",2010,,27884.8,,GBR,United Kingdom,A,Normal value,2020,,0,Units,0,Zero,USD,US dollar
DATAFLOW,OECD.CFE.EDS:DSD_REG_ECO@DF_INC(2.0),Income - Regions,I,A,Annual,CTRY,Country,GBR,United Kingdom,_Z,Not applicable,B6N,"Disposable income, net",_T,Total - all activities,Q,Constant prices,USD_PPP_PS,"US dollars per person, PPP converted",2010,,23356.6,,GBR,United Kingdom,A,Normal value,2020,,0,Units,0,Zero,USD,US dollar
DATAFLOW,OECD.CFE.EDS:DSD_REG_ECO@DF_INC(2.0),Income - Regions,I,A,Annual,CTRY,Country,GBR,United Kingdom,_Z,Not applicable,B6N,"Disposable income, net",_T,Total - all activities,Q,Constant prices,USD_PPP_PS,"US dollars per person, PPP converted",2011,,22684,,GBR,United Kingdom,A,Normal value,2020,,0,Units,0,Zero,USD,US dollar
DATAFLOW,OECD.CFE.EDS:DSD_REG_ECO@DF_INC(2.0),Income - Regions,I,A,Annual,CTRY,Country,GBR,United Kingdom,_Z,Not applicable,B5N,"Primary incomes, net",_T,Total - all activities,Q,Constant prices,USD_PPP_PS,"US dollars per person, PPP converted",2011,,26880.8,,GBR,United Kingdom,A,Normal value,2020,,0,Units,0,Zero,USD,US dollar
DATAFLOW,OECD.CFE.EDS:DSD_REG_ECO@DF_INC(2.0),Income - Regions,I,A,Annual,CTRY,Country,GBR,United Kingdom,_Z,Not applicable,B5N,"Primary incomes, net",_T,Total - all activities,Q,Constant prices,USD_PPP_PS,"US dollars per person, PPP converted",2012,,26616.2,,GBR,United Kingdom,A,Normal value,2020,,0,Units,0,Zero,USD,US dollar
DATAFLOW,OECD.CFE.EDS:DSD_REG_ECO@DF_INC(2.0),Income - Regions,I,A,Annual,CTRY,Country,GBR,United Kingdom,_Z,Not applicable,B6N,"Disposable income, net",_T,Total - all activities,Q,Constant prices,USD_PPP_PS,"US dollars per person, PPP converted",2012,,23129.1,,GBR,United Kingdom,A,Normal value,2020,,0,Units,0,Zero,USD,US dollar
DATAFLOW,OECD.CFE.EDS:DSD_REG_ECO@DF_INC(2.0),Income - Regions,I,A,Annual,CTRY,Country,GBR,United Kingdom,_Z,Not applicable,B6N,"Disposable income, net",_T,Total - all activities,Q,Constant prices,USD_PPP_PS,"US dollars per person, PPP converted",2013,,23478.2,,GBR,United Kingdom,A,Normal value,2020,,0,Units,0,Zero,USD,US dollar
DATAFLOW,OECD.CFE.EDS:DSD_REG_ECO@DF_INC(2.0),Income - Regions,I,A,Annual,CTRY,Country,GBR,United Kingdom,_Z,Not applicable,B5N,"Primary incomes, net",_T,Total - all activities,Q,Constant prices,USD_PPP_PS,"US dollars per person, PPP converted",2013,,27133.5,,GBR,United Kingdom,A,Normal value,2020,,0,Units,0,Zero,USD,US dollar
DATAFLOW,OECD.CFE.EDS:DSD_REG_ECO@DF_INC(2.0),Income - Regions,I,A,Annual,CTRY,Country,GBR,United Kingdom,_Z,Not applicable,B5N,"Primary incomes, net",_T,Total - all activities,Q,Constant prices,USD_PPP_PS,"US dollars per person, PPP converted",2014,,27478.7,,GBR,United Kingdom,A,Normal value,2020,,0,Units,0,Zero,USD,US dollar
DATAFLOW,OECD.CFE.EDS:DSD_REG_ECO@DF_INC(2.0),Income - Regions,I,A,Annual,CTRY,Country,GBR,United Kingdom,_Z,Not applicable,B6N,"Disposable income, net",_T,Total - all activities,Q,Constant prices,USD_PPP_PS,"US dollars per person, PPP converted",2014,,23945.7,,GBR,United Kingdom,A,Normal value,2020,,0,Units,0,Zero,USD,US dollar
DATAFLOW,OECD.CFE.EDS:DSD_REG_ECO@DF_INC(2.0),Income - Regions,I,A,Annual,CTRY,Country,GBR,United Kingdom,_Z,Not applicable,B6N,"Disposable income, net",_T,Total - all activities,Q,Constant prices,USD_PPP_PS,"US dollars per person, PPP converted",2015,,25286.7,,GBR,United Kingdom,A,Normal value,2020,,0,Units,0,Zero,USD,US dollar
DATAFLOW,OECD.CFE.EDS:DSD_REG_ECO@DF_INC(2.0),Income - Regions,I,A,Annual,CTRY,Country,GBR,United Kingdom,_Z,Not applicable,B5N,"Primary incomes, net",_T,Total - all activities,Q,Constant prices,USD_PPP_PS,"US dollars per person, PPP converted",2015,,28974.9,,GBR,United Kingdom,A,Normal value,2020,,0,Units,0,Zero,USD,US dollar
DATAFLOW,OECD.CFE.EDS:DSD_REG_ECO@DF_INC(2.0),Income - Regions,I,A,Annual,CTRY,Country,GBR,United Kingdom,_Z,Not applicable,B5N,"Primary incomes, net",_T,Total - all activities,Q,Constant prices,USD_PPP_PS,"US dollars per person, PPP converted",2016,,29006.8,,GBR,United Kingdom,A,Normal value,2020,,0,Units,0,Zero,USD,US dollar
DATAFLOW,OECD.CFE.EDS:DSD_REG_ECO@DF_INC(2.0),Income - Regions,I,A,Annual,CTRY,Country,GBR,United Kingdom,_Z,Not applicable,B6N,"Disposable income, net",_T,Total - all activities,Q,Constant prices,USD_PPP_PS,"US dollars per person, PPP converted",2016,,25261,,GBR,United Kingdom,A,Normal value,2020,,0,Units,0,Zero,USD,US dollar
DATAFLOW,OECD.CFE.EDS:DSD_REG_ECO@DF_INC(2.0),Income - Regions,I,A,Annual,CTRY,Country,GBR,United Kingdom,_Z,Not applicable,B6N,"Disposable income, net",_T,Total - all activities,Q,Constant prices,USD_PPP_PS,"US dollars per person, PPP converted",2017,,25379,,GBR,United Kingdom,A,Normal value,2020,,0,Units,0,Zero,USD,US dollar
DATAFLOW,OECD.CFE.EDS:DSD_REG_ECO@DF_INC(2.0),Income - Regions,I,A,Annual,CTRY,Country,GBR,United Kingdom,_Z,Not applicable,B5N,"Primary incomes, net",_T,Total - all activities,Q,Constant prices,USD_PPP_PS,"US dollars per person, PPP converted",2017,,29366.6,,GBR,United Kingdom,A,Normal value,2020,,0,Units,0,Zero,USD,US dollar
DATAFLOW,OECD.CFE.EDS:DSD_REG_ECO@DF_INC(2.0),Income - Regions,I,A,Annual,CTRY,Country,GBR,United Kingdom,_Z,Not applicable,B5N,"Primary incomes, net",_T,Total - all activities,Q,Constant prices,USD_PPP_PS,"US dollars per person, PPP converted",2018,,29856.7,,GBR,United Kingdom,A,Normal value,2020,,0,Units,0,Zero,USD,US dollar
DATAFLOW,OECD.CFE.EDS:DSD_REG_ECO@DF_INC(2.0),Income - Regions,I,A,Annual,CTRY,Country,GBR,United Kingdom,_Z,Not applicable,B6N,"Disposable income, net",_T,Total - all activities,Q,Constant prices,USD_PPP_PS,"US dollars per person, PPP converted",2018,,25773.3,,GBR,United Kingdom,A,Normal value,2020,,0,Units,0,Zero,USD,US dollar
DATAFLOW,OECD.CFE.EDS:DSD_REG_ECO@DF_INC(2.0),Income - Regions,I,A,Annual,CTRY,Country,GBR,United Kingdom,_Z,Not applicable,B6N,"Disposable income, net",_T,Total - all activities,Q,Constant prices,USD_PPP_PS,"US dollars per person, PPP converted",2019,,26156.7,,GBR,United Kingdom,A,Normal value,2020,,0,Units,0,Zero,USD,US dollar
DATAFLOW,OECD.CFE.EDS:DSD_REG_ECO@DF_INC(2.0),Income - Regions,I,A,Annual,CTRY,Country,GBR,United Kingdom,_Z,Not applicable,B5N,"Primary incomes, net",_T,Total - all activities,Q,Constant prices,USD_PPP_PS,"US dollars per person, PPP converted",2019,,30328.6,,GBR,United Kingdom,A,Normal value,2020,,0,Units,0,Zero,USD,US dollar
DATAFLOW,OECD.CFE.EDS:DSD_REG_ECO@DF_INC(2.0),Income - Regions,I,A,Annual,CTRY,Country,GBR,United Kingdom,_Z,Not applicable,B5N,"Primary incomes, net",_T,Total - all activities,Q,Constant prices,USD_PPP_PS,"US dollars per person, PPP converted",2020,,29590.5,,GBR,United Kingdom,A,Normal value,2020,,0,Units,0,Zero,USD,US dollar
DATAFLOW,OECD.CFE.EDS:DSD_REG_ECO@DF_INC(2.0),Income - Regions,I,A,Annual,CTRY,Country,GBR,United Kingdom,_Z,Not applicable,B6N,"Disposable income, net",_T,Total - all activities,Q,Constant prices,USD_PPP_PS,"US dollars per person, PPP converted",2020,,26066.8,,GBR,United Kingdom,A,Normal value,2020,,0,Units,0,Zero,USD,US dollar
DATAFLOW,OECD.CFE.EDS:DSD_REG_ECO@DF_INC(2.0),Income - Regions,I,A,Annual,CTRY,Country,GBR,United Kingdom,_Z,Not applicable,B6N,"Disposable income, net",_T,Total - all activities,Q,Constant prices,USD_PPP_PS,"US dollars per person, PPP converted",2021,,26350.5,,GBR,United Kingdom,A,Normal value,2020,,0,Units,0,Zero,USD,US dollar
DATAFLOW,OECD.CFE.EDS:DSD_REG_ECO@DF_INC(2.0),Income - Regions,I,A,Annual,CTRY,Country,GBR,United Kingdom,_Z,Not applicable,B5N,"Primary incomes, net",_T,Total - all activities,Q,Constant prices,USD_PPP_PS,"US dollars per person, PPP converted",2021,,30772.3,,GBR,United Kingdom,A,Normal value,2020,,0,Units,0,Zero,USD,US dollar
DATAFLOW,OECD.CFE.EDS:DSD_REG_ECO@DF_INC(2.0),Income - Regions,I,A,Annual,CTRY,Country,GBR,United Kingdom,_Z,Not applicable,B5N,"Primary incomes, net",_T,Total - all activities,Q,Constant prices,USD_PPP_PS,"US dollars per person, PPP converted",2022,,30673.6,,GBR,United Kingdom,A,Normal value,2020,,0,Units,0,Zero,USD,US dollar
DATAFLOW,OECD.CFE.EDS:DSD_REG_ECO@DF_INC(2.0),Income - Regions,I,A,Annual,CTRY,Country,GBR,United Kingdom,_Z,Not applicable,B6N,"Disposable income, net",_T,Total - all activities,Q,Constant prices,USD_PPP_PS,"US dollars per person, PPP converted",2022,,25682.3,,GBR,United Kingdom,A,Normal value,2020,,0,Units,0,Zero,USD,US dollar
DATAFLOW,OECD.CFE.EDS:DSD_REG_ECO@DF_INC(2.0),Income - Regions,I,A,Annual,CTRY,Country,EST,Estonia,_Z,Not applicable,B5N,"Primary incomes, net",_T,Total - all activities,Q,Constant prices,USD_PPP_PS,"US dollars per person, PPP converted",1995,,5272.7,,EST,Estonia,A,Normal value,2020,,0,Units,0,Zero,USD,US dollar
DATAFLOW,OECD.CFE.EDS:DSD_REG_ECO@DF_INC(2.0),Income - Regions,I,A,Annual,CTRY,Country,CYP,Cyprus,_Z,Not applicable,B6N,"Disposable income, net",_T,Total - all activities,Q,Constant prices,USD_PPP_PS,"US dollars per person, PPP converted",1995,,14694.4,,CYP,Cyprus,A,Normal value,2020,,0,Units,0,Zero,USD,US dollar
DATAFLOW,OECD.CFE.EDS:DSD_REG_ECO@DF_INC(2.0),Income - Regions,I,A,Annual,CTRY,Country,LUX,Luxembourg,_Z,Not applicable,B5N,"Primary incomes, net",_T,Total - all activities,Q,Constant prices,USD_PPP_PS,"US dollars per person, PPP converted",1995,,30251.2,,LUX,Luxembourg,A,Normal value,2020,,0,Units,0,Zero,USD,US dollar
DATAFLOW,OECD.CFE.EDS:DSD_REG_ECO@DF_INC(2.0),Income - Regions,I,A,Annual,CTRY,Country,LVA,Latvia,_Z,Not applicable,B5N,"Primary incomes, net",_T,Total - all activities,Q,Constant prices,USD_PPP_PS,"US dollars per person, PPP converted",1995,,4168.8,,LVA,Latvia,A,Normal value,2020,,0,Units,0,Zero,USD,US dollar
DATAFLOW,OECD.CFE.EDS:DSD_REG_ECO@DF_INC(2.0),Income - Regions,I,A,Annual,CTRY,Country,CYP,Cyprus,_Z,Not applicable,B5N,"Primary incomes, net",_T,Total - all activities,Q,Constant prices,USD_PPP_PS,"US dollars per person, PPP converted",1995,,15265.9,,CYP,Cyprus,A,Normal value,2020,,0,Units,0,Zero,USD,US dollar
DATAFLOW,OECD.CFE.EDS:DSD_REG_ECO@DF_INC(2.0),Income - Regions,I,A,Annual,CTRY,Country,CZE,Czechia,_Z,Not applicable,B6N,"Disposable income, net",_T,Total - all activities,Q,Constant prices,USD_PPP_PS,"US dollars per person, PPP converted",1995,,9572.6,,CZE,Czechia,A,Normal value,2020,,0,Units,0,Zero,USD,US dollar
DATAFLOW,OECD.CFE.EDS:DSD_REG_ECO@DF_INC(2.0),Income - Regions,I,A,Annual,CTRY,Country,LVA,Latvia,_Z,Not applicable,B6N,"Disposable income, net",_T,Total - all activities,Q,Constant prices,USD_PPP_PS,"US dollars per person, PPP converted",1995,,3959.5,,LVA,Latvia,A,Normal value,2020,,0,Units,0,Zero,USD,US dollar
DATAFLOW,OECD.CFE.EDS:DSD_REG_ECO@DF_INC(2.0),Income - Regions,I,A,Annual,CTRY,Country,LUX,Luxembourg,_Z,Not applicable,B6N,"Disposable income, net",_T,Total - all activities,Q,Constant prices,USD_PPP_PS,"US dollars per person, PPP converted",1995,,26684,,LUX,Luxembourg,A,Normal value,2020,,0,Units,0,Zero,USD,US dollar
DATAFLOW,OECD.CFE.EDS:DSD_REG_ECO@DF_INC(2.0),Income - Regions,I,A,Annual,CTRY,Country,CZE,Czechia,_Z,Not applicable,B5N,"Primary incomes, net",_T,Total - all activities,Q,Constant prices,USD_PPP_PS,"US dollars per person, PPP converted",1995,,11077.4,,CZE,Czechia,A,Normal value,2020,,0,Units,0,Zero,USD,US dollar
DATAFLOW,OECD.CFE.EDS:DSD_REG_ECO@DF_INC(2.0),Income - Regions,I,A,Annual,CTRY,Country,CZE,Czechia,_Z,Not applicable,B5N,"Primary incomes, net",_T,Total - all activities,Q,Constant prices,USD_PPP_PS,"US dollars per person, PPP converted",1996,,11937.3,,CZE,Czechia,A,Normal value,2020,,0,Units,0,Zero,USD,US dollar
DATAFLOW,OECD.CFE.EDS:DSD_REG_ECO@DF_INC(2.0),Income - Regions,I,A,Annual,CTRY,Country,LUX,Luxembourg,_Z,Not applicable,B6N,"Disposable income, net",_T,Total - all activities,Q,Constant prices,USD_PPP_PS,"US dollars per person, PPP converted",1996,,26119.9,,LUX,Luxembourg,A,Normal value,2020,,0,Units,0,Zero,USD,US dollar
DATAFLOW,OECD.CFE.EDS:DSD_REG_ECO@DF_INC(2.0),Income - Regions,I,A,Annual,CTRY,Country,LVA,Latvia,_Z,Not applicable,B6N,"Disposable income, net",_T,Total - all activities,Q,Constant prices,USD_PPP_PS,"US dollars per person, PPP converted",1996,,4342.3,,LVA,Latvia,A,Normal value,2020,,0,Units,0,Zero,USD,US dollar
DATAFLOW,OECD.CFE.EDS:DSD_REG_ECO@DF_INC(2.0),Income - Regions,I,A,Annual,CTRY,Country,CZE,Czechia,_Z,Not applicable,B6N,"Disposable income, net",_T,Total - all activities,Q,Constant prices,USD_PPP_PS,"US dollars per person, PPP converted",1996,,10343.7,,CZE,Czechia,A,Normal value,2020,,0,Units,0,Zero,USD,US dollar
DATAFLOW,OECD.CFE.EDS:DSD_REG_ECO@DF_INC(2.0),Income - Regions,I,A,Annual,CTRY,Country,CYP,Cyprus,_Z,Not applicable,B5N,"Primary incomes, net",_T,Total - all activities,Q,Constant prices,USD_PPP_PS,"US dollars per person, PPP converted",1996,,15714.4,,CYP,Cyprus,A,Normal value,2020,,0,Units,0,Zero,USD,US dollar
DATAFLOW,OECD.CFE.EDS:DSD_REG_ECO@DF_INC(2.0),Income - Regions,I,A,Annual,CTRY,Country,EST,Estonia,_Z,Not applicable,B6N,"Disposable income, net",_T,Total - all activities,Q,Constant prices,USD_PPP_PS,"US dollars per person, PPP converted",1996,,5583.5,,EST,Estonia,A,Normal value,2020,,0,Units,0,Zero,USD,US dollar
DATAFLOW,OECD.CFE.EDS:DSD_REG_ECO@DF_INC(2.0),Income - Regions,I,A,Annual,CTRY,Country,LVA,Latvia,_Z,Not applicable,B5N,"Primary incomes, net",_T,Total - all activities,Q,Constant prices,USD_PPP_PS,"US dollars per person, PPP converted",1996,,4523.7,,LVA,Latvia,A,Normal value,2020,,0,Units,0,Zero,USD,US dollar
DATAFLOW,OECD.CFE.EDS:DSD_REG_ECO@DF_INC(2.0),Income - Regions,I,A,Annual,CTRY,Country,LUX,Luxembourg,_Z,Not applicable,B5N,"Primary incomes, net",_T,Total - all activities,Q,Constant prices,USD_PPP_PS,"US dollars per person, PPP converted",1996,,29763.3,,LUX,Luxembourg,A,Normal value,2020,,0,Units,0,Zero,USD,US dollar
DATAFLOW,OECD.CFE.EDS:DSD_REG_ECO@DF_INC(2.0),Income - Regions,I,A,Annual,CTRY,Country,CYP,Cyprus,_Z,Not applicable,B6N,"Disposable income, net",_T,Total - all activities,Q,Constant prices,USD_PPP_PS,"US dollars per person, PPP converted",1996,,15440.5,,CYP,Cyprus,A,Normal value,2020,,0,Units,0,Zero,USD,US dollar
DATAFLOW,OECD.CFE.EDS:DSD_REG_ECO@DF_INC(2.0),Income - Regions,I,A,Annual,CTRY,Country,EST,Estonia,_Z,Not applicable,B5N,"Primary incomes, net",_T,Total - all activities,Q,Constant prices,USD_PPP_PS,"US dollars per person, PPP converted",1996,,5542.7,,EST,Estonia,A,Normal value,2020,,0,Units,0,Zero,USD,US dollar
DATAFLOW,OECD.CFE.EDS:DSD_REG_ECO@DF_INC(2.0),Income - Regions,I,A,Annual,CTRY,Country,CYP,Cyprus,_Z,Not applicable,B6N,"Disposable income, net",_T,Total - all activities,Q,Constant prices,USD_PPP_PS,"US dollars per person, PPP converted",1997,,15831.5,,CYP,Cyprus,A,Normal value,2020,,0,Units,0,Zero,USD,US dollar
DATAFLOW,OECD.CFE.EDS:DSD_REG_ECO@DF_INC(2.0),Income - Regions,I,A,Annual,CTRY,Country,LUX,Luxembourg,_Z,Not applicable,B5N,"Primary incomes, net",_T,Total - all activities,Q,Constant prices,USD_PPP_PS,"US dollars per person, PPP converted",1997,,30577.4,,LUX,Luxembourg,A,Normal value,2020,,0,Units,0,Zero,USD,US dollar
DATAFLOW,OECD.CFE.EDS:DSD_REG_ECO@DF_INC(2.0),Income - Regions,I,A,Annual,CTRY,Country,LVA,Latvia,_Z,Not applicable,B5N,"Primary incomes, net",_T,Total - all activities,Q,Constant prices,USD_PPP_PS,"US dollars per person, PPP converted",1997,,5335,,LVA,Latvia,A,Normal value,2020,,0,Units,0,Zero,USD,US dollar
DATAFLOW,OECD.CFE.EDS:DSD_REG_ECO@DF_INC(2.0),Income - Regions,I,A,Annual,CTRY,Country,EST,Estonia,_Z,Not applicable,B6N,"Disposable income, net",_T,Total - all activities,Q,Constant prices,USD_PPP_PS,"US dollars per person, PPP converted",1997,,5980.6,,EST,Estonia,A,Normal value,2020,,0,Units,0,Zero,USD,US dollar
DATAFLOW,OECD.CFE.EDS:DSD_REG_ECO@DF_INC(2.0),Income - Regions,I,A,Annual,CTRY,Country,CYP,Cyprus,_Z,Not applicable,B5N,"Primary incomes, net",_T,Total - all activities,Q,Constant prices,USD_PPP_PS,"US dollars per person, PPP converted",1997,,16100.7,,CYP,Cyprus,A,Normal value,2020,,0,Units,0,Zero,USD,US dollar
DATAFLOW,OECD.CFE.EDS:DSD_REG_ECO@DF_INC(2.0),Income - Regions,I,A,Annual,CTRY,Country,CZE,Czechia,_Z,Not applicable,B6N,"Disposable income, net",_T,Total - all activities,Q,Constant prices,USD_PPP_PS,"US dollars per person, PPP converted",1997,,10680.4,,CZE,Czechia,A,Normal value,2020,,0,Units,0,Zero,USD,US dollar
DATAFLOW,OECD.CFE.EDS:DSD_REG_ECO@DF_INC(2.0),Income - Regions,I,A,Annual,CTRY,Country,LVA,Latvia,_Z,Not applicable,B6N,"Disposable income, net",_T,Total - all activities,Q,Constant prices,USD_PPP_PS,"US dollars per person, PPP converted",1997,,5278.8,,LVA,Latvia,A,Normal value,2020,,0,Units,0,Zero,USD,US dollar
DATAFLOW,OECD.CFE.EDS:DSD_REG_ECO@DF_INC(2.0),Income - Regions,I,A,Annual,CTRY,Country,LUX,Luxembourg,_Z,Not applicable,B6N,"Disposable income, net",_T,Total - all activities,Q,Constant prices,USD_PPP_PS,"US dollars per person, PPP converted",1997,,27204.9,,LUX,Luxembourg,A,Normal value,2020,,0,Units,0,Zero,USD,US dollar
DATAFLOW,OECD.CFE.EDS:DSD_REG_ECO@DF_INC(2.0),Income - Regions,I,A,Annual,CTRY,Country,CZE,Czechia,_Z,Not applicable,B5N,"Primary incomes, net",_T,Total - all activities,Q,Constant prices,USD_PPP_PS,"US dollars per person, PPP converted",1997,,12294.4,,CZE,Czechia,A,Normal value,2020,,0,Units,0,Zero,USD,US dollar
DATAFLOW,OECD.CFE.EDS:DSD_REG_ECO@DF_INC(2.0),Income - Regions,I,A,Annual,CTRY,Country,CZE,Czechia,_Z,Not applicable,B5N,"Primary incomes, net",_T,Total - all activities,Q,Constant prices,USD_PPP_PS,"US dollars per person, PPP converted",1998,,12067.8,,CZE,Czechia,A,Normal value,2020,,0,Units,0,Zero,USD,US dollar
DATAFLOW,OECD.CFE.EDS:DSD_REG_ECO@DF_INC(2.0),Income - Regions,I,A,Annual,CTRY,Country,LUX,Luxembourg,_Z,Not applicable,B6N,"Disposable income, net",_T,Total - all activities,Q,Constant prices,USD_PPP_PS,"US dollars per person, PPP converted",1998,,27251.5,,LUX,Luxembourg,A,Normal value,2020,,0,Units,0,Zero,USD,US dollar
DATAFLOW,OECD.CFE.EDS:DSD_REG_ECO@DF_INC(2.0),Income - Regions,I,A,Annual,CTRY,Country,LVA,Latvia,_Z,Not applicable,B6N,"Disposable income, net",_T,Total - all activities,Q,Constant prices,USD_PPP_PS,"US dollars per person, PPP converted",1998,,5275.9,,LVA,Latvia,A,Normal value,2020,,0,Units,0,Zero,USD,US dollar
DATAFLOW,OECD.CFE.EDS:DSD_REG_ECO@DF_INC(2.0),Income - Regions,I,A,Annual,CTRY,Country,CZE,Czechia,_Z,Not applicable,B6N,"Disposable income, net",_T,Total - all activities,Q,Constant prices,USD_PPP_PS,"US dollars per person, PPP converted",1998,,10507.2,,CZE,Czechia,A,Normal value,2020,,0,Units,0,Zero,USD,US dollar
DATAFLOW,OECD.CFE.EDS:DSD_REG_ECO@DF_INC(2.0),Income - Regions,I,A,Annual,CTRY,Country,CYP,Cyprus,_Z,Not applicable,B5N,"Primary incomes, net",_T,Total - all activities,Q,Constant prices,USD_PPP_PS,"US dollars per person, PPP converted",1998,,16782.8,,CYP,Cyprus,A,Normal value,2020,,0,Units,0,Zero,USD,US dollar
DATAFLOW,OECD.CFE.EDS:DSD_REG_ECO@DF_INC(2.0),Income - Regions,I,A,Annual,CTRY,Country,LVA,Latvia,_Z,Not applicable,B5N,"Primary incomes, net",_T,Total - all activities,Q,Constant prices,USD_PPP_PS,"US dollars per person, PPP converted",1998,,5474.8,,LVA,Latvia,A,Normal value,2020,,0,Units,0,Zero,USD,US dollar
DATAFLOW,OECD.CFE.EDS:DSD_REG_ECO@DF_INC(2.0),Income - Regions,I,A,Annual,CTRY,Country,CYP,Cyprus,_Z,Not applicable,B6N,"Disposable income, net",_T,Total - all activities,Q,Constant prices,USD_PPP_PS,"US dollars per person, PPP converted",1998,,16440.9,,CYP,Cyprus,A,Normal value,2020,,0,Units,0,Zero,USD,US dollar
DATAFLOW,OECD.CFE.EDS:DSD_REG_ECO@DF_INC(2.0),Income - Regions,I,A,Annual,CTRY,Country,LUX,Luxembourg,_Z,Not applicable,B5N,"Primary incomes, net",_T,Total - all activities,Q,Constant prices,USD_PPP_PS,"US dollars per person, PPP converted",1998,,30522,,LUX,Luxembourg,A,Normal value,2020,,0,Units,0,Zero,USD,US dollar
DATAFLOW,OECD.CFE.EDS:DSD_REG_ECO@DF_INC(2.0),Income - Regions,I,A,Annual,CTRY,Country,LVA,Latvia,_Z,Not applicable,B5N,"Primary incomes, net",_T,Total - all activities,Q,Constant prices,USD_PPP_PS,"US dollars per person, PPP converted",1999,,5362.7,,LVA,Latvia,A,Normal value,2020,,0,Units,0,Zero,USD,US dollar
DATAFLOW,OECD.CFE.EDS:DSD_REG_ECO@DF_INC(2.0),Income - Regions,I,A,Annual,CTRY,Country,EST,Estonia,_Z,Not applicable,B5N,"Primary incomes, net",_T,Total - all activities,Q,Constant prices,USD_PPP_PS,"US dollars per person, PPP converted",1999,,6366.7,,EST,Estonia,A,Normal value,2020,,0,Units,0,Zero,USD,US dollar
DATAFLOW,OECD.CFE.EDS:DSD_REG_ECO@DF_INC(2.0),Income - Regions,I,A,Annual,CTRY,Country,LUX,Luxembourg,_Z,Not applicable,B5N,"Primary incomes, net",_T,Total - all activities,Q,Constant prices,USD_PPP_PS,"US dollars per person, PPP converted",1999,,31629.4,,LUX,Luxembourg,A,Normal value,2020,,0,Units,0,Zero,USD,US dollar
DATAFLOW,OECD.CFE.EDS:DSD_REG_ECO@DF_INC(2.0),Income - Regions,I,A,Annual,CTRY,Country,CYP,Cyprus,_Z,Not applicable,B6N,"Disposable income, net",_T,Total - all activities,Q,Constant prices,USD_PPP_PS,"US dollars per person, PPP converted",1999,,17545.4,,CYP,Cyprus,A,Normal value,2020,,0,Units,0,Zero,USD,US dollar
DATAFLOW,OECD.CFE.EDS:DSD_REG_ECO@DF_INC(2.0),Income - Regions,I,A,Annual,CTRY,Country,CYP,Cyprus,_Z,Not applicable,B5N,"Primary incomes, net",_T,Total - all activities,Q,Constant prices,USD_PPP_PS,"US dollars per person, PPP converted",1999,,17657.5,,CYP,Cyprus,A,Normal value,2020,,0,Units,0,Zero,USD,US dollar
DATAFLOW,OECD.CFE.EDS:DSD_REG_ECO@DF_INC(2.0),Income - Regions,I,A,Annual,CTRY,Country,CZE,Czechia,_Z,Not applicable,B6N,"Disposable income, net",_T,Total - all activities,Q,Constant prices,USD_PPP_PS,"US dollars per person, PPP converted",1999,,10814,,CZE,Czechia,A,Normal value,2020,,0,Units,0,Zero,USD,US dollar
DATAFLOW,OECD.CFE.EDS:DSD_REG_ECO@DF_INC(2.0),Income - Regions,I,A,Annual,CTRY,Country,LVA,Latvia,_Z,Not applicable,B6N,"Disposable income, net",_T,Total - all activities,Q,Constant prices,USD_PPP_PS,"US dollars per person, PPP converted",1999,,5400.3,,LVA,Latvia,A,Normal value,2020,,0,Units,0,Zero,USD,US dollar
DATAFLOW,OECD.CFE.EDS:DSD_REG_ECO@DF_INC(2.0),Income - Regions,I,A,Annual,CTRY,Country,LUX,Luxembourg,_Z,Not applicable,B6N,"Disposable income, net",_T,Total - all activities,Q,Constant prices,USD_PPP_PS,"US dollars per person, PPP converted",1999,,28177.6,,LUX,Luxembourg,A,Normal value,2020,,0,Units,0,Zero,USD,US dollar
DATAFLOW,OECD.CFE.EDS:DSD_REG_ECO@DF_INC(2.0),Income - Regions,I,A,Annual,CTRY,Country,CZE,Czechia,_Z,Not applicable,B5N,"Primary incomes, net",_T,Total - all activities,Q,Constant prices,USD_PPP_PS,"US dollars per person, PPP converted",1999,,12259.4,,CZE,Czechia,A,Normal value,2020,,0,Units,0,Zero,USD,US dollar
DATAFLOW,OECD.CFE.EDS:DSD_REG_ECO@DF_INC(2.0),Income - Regions,I,A,Annual,CTRY,Country,CZE,Czechia,_Z,Not applicable,B5N,"Primary incomes, net",_T,Total - all activities,Q,Constant prices,USD_PPP_PS,"US dollars per person, PPP converted",2000,,12489.1,,CZE,Czechia,A,Normal value,2020,,0,Units,0,Zero,USD,US dollar
DATAFLOW,OECD.CFE.EDS:DSD_REG_ECO@DF_INC(2.0),Income - Regions,I,A,Annual,CTRY,Country,SVK,Slovak Republic,_Z,Not applicable,B6N,"Disposable income, net",_T,Total - all activities,Q,Constant prices,USD_PPP_PS,"US dollars per person, PPP converted",2000,,8960.5,,SVK,Slovak Republic,A,Normal value,2020,,0,Units,0,Zero,USD,US dollar
DATAFLOW,OECD.CFE.EDS:DSD_REG_ECO@DF_INC(2.0),Income - Regions,I,A,Annual,CTRY,Country,GRC,Greece,_Z,Not applicable,B5N,"Primary incomes, net",_T,Total - all activities,Q,Constant prices,USD_PPP_PS,"US dollars per person, PPP converted",2000,,18548.5,,GRC,Greece,A,Normal value,2020,,0,Units,0,Zero,USD,US dollar
DATAFLOW,OECD.CFE.EDS:DSD_REG_ECO@DF_INC(2.0),Income - Regions,I,A,Annual,CTRY,Country,SWE,Sweden,_Z,Not applicable,B5N,"Primary incomes, net",_T,Total - all activities,Q,Constant prices,USD_PPP_PS,"US dollars per person, PPP converted",2000,,19264.2,,SWE,Sweden,A,Normal value,2020,,0,Units,0,Zero,USD,US dollar
DATAFLOW,OECD.CFE.EDS:DSD_REG_ECO@DF_INC(2.0),Income - Regions,I,A,Annual,CTRY,Country,ESP,Spain,_Z,Not applicable,B6N,"Disposable income, net",_T,Total - all activities,Q,Constant prices,USD_PPP_PS,"US dollars per person, PPP converted",2000,,20327.2,,ESP,Spain,A,Normal value,2020,,0,Units,0,Zero,USD,US dollar
DATAFLOW,OECD.CFE.EDS:DSD_REG_ECO@DF_INC(2.0),Income - Regions,I,A,Annual,CTRY,Country,SWE,Sweden,_Z,Not applicable,B6N,"Disposable income, net",_T,Total - all activities,Q,Constant prices,USD_PPP_PS,"US dollars per person, PPP converted",2000,,15170.6,,SWE,Sweden,A,Normal value,2020,,0,Units,0,Zero,USD,US dollar
DATAFLOW,OECD.CFE.EDS:DSD_REG_ECO@DF_INC(2.0),Income - Regions,I,A,Annual,CTRY,Country,GRC,Greece,_Z,Not applicable,B6N,"Disposable income, net",_T,Total - all activities,Q,Constant prices,USD_PPP_PS,"US dollars per person, PPP converted",2000,,17317.7,,GRC,Greece,A,Normal value,2020,,0,Units,0,Zero,USD,US dollar
DATAFLOW,OECD.CFE.EDS:DSD_REG_ECO@DF_INC(2.0),Income - Regions,I,A,Annual,CTRY,Country,AUT,Austria,_Z,Not applicable,B6N,"Disposable income, net",_T,Total - all activities,Q,Constant prices,USD_PPP_PS,"US dollars per person, PPP converted",2000,,26541.7,,AUT,Austria,A,Normal value,2020,,0,Units,0,Zero,USD,US dollar
DATAFLOW,OECD.CFE.EDS:DSD_REG_ECO@DF_INC(2.0),Income - Regions,I,A,Annual,CTRY,Country,LUX,Luxembourg,_Z,Not applicable,B6N,"Disposable income, net",_T,Total - all activities,Q,Constant prices,USD_PPP_PS,"US dollars per person, PPP converted",2000,,29798.5,,LUX,Luxembourg,A,Normal value,2020,,0,Units,0,Zero,USD,US dollar
DATAFLOW,OECD.CFE.EDS:DSD_REG_ECO@DF_INC(2.0),Income - Regions,I,A,Annual,CTRY,Country,BGR,Bulgaria,_Z,Not applicable,B6N,"Disposable income, net",_T,Total - all activities,Q,Constant prices,USD_PPP_PS,"US dollars per person, PPP converted",2000,,4655.2,,BGR,Bulgaria,A,Normal value,2020,,0,Units,0,Zero,USD,US dollar
DATAFLOW,OECD.CFE.EDS:DSD_REG_ECO@DF_INC(2.0),Income - Regions,I,A,Annual,CTRY,Country,LVA,Latvia,_Z,Not applicable,B6N,"Disposable income, net",_T,Total - all activities,Q,Constant prices,USD_PPP_PS,"US dollars per person, PPP converted",2000,,6228.4,,LVA,Latvia,A,Normal value,2020,,0,Units,0,Zero,USD,US dollar
DATAFLOW,OECD.CFE.EDS:DSD_REG_ECO@DF_INC(2.0),Income - Regions,I,A,Annual,CTRY,Country,LTU,Lithuania,_Z,Not applicable,B5N,"Primary incomes, net",_T,Total - all activities,Q,Constant prices,USD_PPP_PS,"US dollars per person, PPP converted",2000,,7623.9,,LTU,Lithuania,A,Normal value,2020,,0,Units,0,Zero,USD,US dollar
DATAFLOW,OECD.CFE.EDS:DSD_REG_ECO@DF_INC(2.0),Income - Regions,I,A,Annual,CTRY,Country,CZE,Czechia,_Z,Not applicable,B6N,"Disposable income, net",_T,Total - all activities,Q,Constant prices,USD_PPP_PS,"US dollars per person, PPP converted",2000,,11095.4,,CZE,Czechia,A,Normal value,2020,,0,Units,0,Zero,USD,US dollar
DATAFLOW,OECD.CFE.EDS:DSD_REG_ECO@DF_INC(2.0),Income - Regions,I,A,Annual,CTRY,Country,ESP,Spain,_Z,Not applicable,B5N,"Primary incomes, net",_T,Total - all activities,Q,Constant prices,USD_PPP_PS,"US dollars per person, PPP converted",2000,,15799.4,,ESP,Spain,A,Normal value,2020,,0,Units,0,Zero,USD,US dollar
DATAFLOW,OECD.CFE.EDS:DSD_REG_ECO@DF_INC(2.0),Income - Regions,I,A,Annual,CTRY,Country,SVK,Slovak Republic,_Z,Not applicable,B5N,"Primary incomes, net",_T,Total - all activities,Q,Constant prices,USD_PPP_PS,"US dollars per person, PPP converted",2000,,9580.3,,SVK,Slovak Republic,A,Normal value,2020,,0,Units,0,Zero,USD,US dollar
DATAFLOW,OECD.CFE.EDS:DSD_REG_ECO@DF_INC(2.0),Income - Regions,I,A,Annual,CTRY,Country,FRA,France,_Z,Not applicable,B6N,"Disposable income, net",_T,Total - all activities,Q,Constant prices,USD_PPP_PS,"US dollars per person, PPP converted",2000,,21262.3,,FRA,France,A,Normal value,2020,,0,Units,0,Zero,USD,US dollar
DATAFLOW,OECD.CFE.EDS:DSD_REG_ECO@DF_INC(2.0),Income - Regions,I,A,Annual,CTRY,Country,SVN,Slovenia,_Z,Not applicable,B5N,"Primary incomes, net",_T,Total - all activities,Q,Constant prices,USD_PPP_PS,"US dollars per person, PPP converted",2000,,15421.4,,SVN,Slovenia,A,Normal value,2020,,0,Units,0,Zero,USD,US dollar
DATAFLOW,OECD.CFE.EDS:DSD_REG_ECO@DF_INC(2.0),Income - Regions,I,A,Annual,CTRY,Country,CYP,Cyprus,_Z,Not applicable,B5N,"Primary incomes, net",_T,Total - all activities,Q,Constant prices,USD_PPP_PS,"US dollars per person, PPP converted",2000,,18373.4,,CYP,Cyprus,A,Normal value,2020,,0,Units,0,Zero,USD,US dollar
DATAFLOW,OECD.CFE.EDS:DSD_REG_ECO@DF_INC(2.0),Income - Regions,I,A,Annual,CTRY,Country,SVN,Slovenia,_Z,Not applicable,B6N,"Disposable income, net",_T,Total - all activities,Q,Constant prices,USD_PPP_PS,"US dollars per person, PPP converted",2000,,14086.3,,SVN,Slovenia,A,Normal value,2020,,0,Units,0,Zero,USD,US dollar
DATAFLOW,OECD.CFE.EDS:DSD_REG_ECO@DF_INC(2.0),Income - Regions,I,A,Annual,CTRY,Country,BEL,Belgium,_Z,Not applicable,B5N,"Primary incomes, net",_T,Total - all activities,Q,Constant prices,USD_PPP_PS,"US dollars per person, PPP converted",2000,,30108.8,,BEL,Belgium,A,Normal value,2020,,0,Units,0,Zero,USD,US dollar
DATAFLOW,OECD.CFE.EDS:DSD_REG_ECO@DF_INC(2.0),Income - Regions,I,A,Annual,CTRY,Country,EST,Estonia,_Z,Not applicable,B6N,"Disposable income, net",_T,Total - all activities,Q,Constant prices,USD_PPP_PS,"US dollars per person, PPP converted",2000,,7180.6,,EST,Estonia,A,Normal value,2020,,0,Units,0,Zero,USD,US dollar
DATAFLOW,OECD.CFE.EDS:DSD_REG_ECO@DF_INC(2.0),Income - Regions,I,A,Annual,CTRY,Country,AUT,Austria,_Z,Not applicable,B5N,"Primary incomes, net",_T,Total - all activities,Q,Constant prices,USD_PPP_PS,"US dollars per person, PPP converted",2000,,30552.7,,AUT,Austria,A,Normal value,2020,,0,Units,0,Zero,USD,US dollar
DATAFLOW,OECD.CFE.EDS:DSD_REG_ECO@DF_INC(2.0),Income - Regions,I,A,Annual,CTRY,Country,MLT,Malta,_Z,Not applicable,B6N,"Disposable income, net",_T,Total - all activities,Q,Constant prices,USD_PPP_PS,"US dollars per person, PPP converted",2000,,14226.2,,MLT,Malta,A,Normal value,2020,,0,Units,0,Zero,USD,US dollar
DATAFLOW,OECD.CFE.EDS:DSD_REG_ECO@DF_INC(2.0),Income - Regions,I,A,Annual,CTRY,Country,HRV,Croatia,_Z,Not applicable,B6N,"Disposable income, net",_T,Total - all activities,Q,Constant prices,USD_PPP_PS,"US dollars per person, PPP converted",2000,,10554.2,,HRV,Croatia,A,Normal value,2020,,0,Units,0,Zero,USD,US dollar
DATAFLOW,OECD.CFE.EDS:DSD_REG_ECO@DF_INC(2.0),Income - Regions,I,A,Annual,CTRY,Country,DNK,Denmark,_Z,Not applicable,B5N,"Primary incomes, net",_T,Total - all activities,Q,Constant prices,USD_PPP_PS,"US dollars per person, PPP converted",2000,,24122.6,,DNK,Denmark,A,Normal value,2020,,0,Units,0,Zero,USD,US dollar
DATAFLOW,OECD.CFE.EDS:DSD_REG_ECO@DF_INC(2.0),Income - Regions,I,A,Annual,CTRY,Country,BEL,Belgium,_Z,Not applicable,B6N,"Disposable income, net",_T,Total - all activities,Q,Constant prices,USD_PPP_PS,"US dollars per person, PPP converted",2000,,23654.3,,BEL,Belgium,A,Normal value,2020,,0,Units,0,Zero,USD,US dollar
DATAFLOW,OECD.CFE.EDS:DSD_REG_ECO@DF_INC(2.0),Income - Regions,I,A,Annual,CTRY,Country,LVA,Latvia,_Z,Not applicable,B5N,"Primary incomes, net",_T,Total - all activities,Q,Constant prices,USD_PPP_PS,"US dollars per person, PPP converted",2000,,6231.9,,LVA,Latvia,A,Normal value,2020,,0,Units,0,Zero,USD,US dollar
DATAFLOW,OECD.CFE.EDS:DSD_REG_ECO@DF_INC(2.0),Income - Regions,I,A,Annual,CTRY,Country,CYP,Cyprus,_Z,Not applicable,B6N,"Disposable income, net",_T,Total - all activities,Q,Constant prices,USD_PPP_PS,"US dollars per person, PPP converted",2000,,18833.6,,CYP,Cyprus,A,Normal value,2020,,0,Units,0,Zero,USD,US dollar
DATAFLOW,OECD.CFE.EDS:DSD_REG_ECO@DF_INC(2.0),Income - Regions,I,A,Annual,CTRY,Country,MLT,Malta,_Z,Not applicable,B5N,"Primary incomes, net",_T,Total - all activities,Q,Constant prices,USD_PPP_PS,"US dollars per person, PPP converted",2000,,14589.9,,MLT,Malta,A,Normal value,2020,,0,Units,0,Zero,USD,US dollar
DATAFLOW,OECD.CFE.EDS:DSD_REG_ECO@DF_INC(2.0),Income - Regions,I,A,Annual,CTRY,Country,LUX,Luxembourg,_Z,Not applicable,B5N,"Primary incomes, net",_T,Total - all activities,Q,Constant prices,USD_PPP_PS,"US dollars per person, PPP converted",2000,,33250.7,,LUX,Luxembourg,A,Normal value,2020,,0,Units,0,Zero,USD,US dollar
DATAFLOW,OECD.CFE.EDS:DSD_REG_ECO@DF_INC(2.0),Income - Regions,I,A,Annual,CTRY,Country,EST,Estonia,_Z,Not applicable,B5N,"Primary incomes, net",_T,Total - all activities,Q,Constant prices,USD_PPP_PS,"US dollars per person, PPP converted",2000,,7416.3,,EST,Estonia,A,Normal value,2020,,0,Units,0,Zero,USD,US dollar
DATAFLOW,OECD.CFE.EDS:DSD_REG_ECO@DF_INC(2.0),Income - Regions,I,A,Annual,CTRY,Country,DNK,Denmark,_Z,Not applicable,B6N,"Disposable income, net",_T,Total - all activities,Q,Constant prices,USD_PPP_PS,"US dollars per person, PPP converted",2000,,16875.3,,DNK,Denmark,A,Normal value,2020,,0,Units,0,Zero,USD,US dollar
DATAFLOW,OECD.CFE.EDS:DSD_REG_ECO@DF_INC(2.0),Income - Regions,I,A,Annual,CTRY,Country,LTU,Lithuania,_Z,Not applicable,B6N,"Disposable income, net",_T,Total - all activities,Q,Constant prices,USD_PPP_PS,"US dollars per person, PPP converted",2000,,6980.9,,LTU,Lithuania,A,Normal value,2020,,0,Units,0,Zero,USD,US dollar
DATAFLOW,OECD.CFE.EDS:DSD_REG_ECO@DF_INC(2.0),Income - Regions,I,A,Annual,CTRY,Country,BGR,Bulgaria,_Z,Not applicable,B5N,"Primary incomes, net",_T,Total - all activities,Q,Constant prices,USD_PPP_PS,"US dollars per person, PPP converted",2000,,4623.7,,BGR,Bulgaria,A,Normal value,2020,,0,Units,0,Zero,USD,US dollar
DATAFLOW,OECD.CFE.EDS:DSD_REG_ECO@DF_INC(2.0),Income - Regions,I,A,Annual,CTRY,Country,HUN,Hungary,_Z,Not applicable,B5N,"Primary incomes, net",_T,Total - all activities,Q,Constant prices,USD_PPP_PS,"US dollars per person, PPP converted",2000,,9592.8,,HUN,Hungary,A,Normal value,2020,,0,Units,0,Zero,USD,US dollar
DATAFLOW,OECD.CFE.EDS:DSD_REG_ECO@DF_INC(2.0),Income - Regions,I,A,Annual,CTRY,Country,HRV,Croatia,_Z,Not applicable,B5N,"Primary incomes, net",_T,Total - all activities,Q,Constant prices,USD_PPP_PS,"US dollars per person, PPP converted",2000,,10022.1,,HRV,Croatia,A,Normal value,2020,,0,Units,0,Zero,USD,US dollar
DATAFLOW,OECD.CFE.EDS:DSD_REG_ECO@DF_INC(2.0),Income - Regions,I,A,Annual,CTRY,Country,FRA,France,_Z,Not applicable,B5N,"Primary incomes, net",_T,Total - all activities,Q,Constant prices,USD_PPP_PS,"US dollars per person, PPP converted",2000,,24952,,FRA,France,A,Normal value,2020,,0,Units,0,Zero,USD,US dollar
DATAFLOW,OECD.CFE.EDS:DSD_REG_ECO@DF_INC(2.0),Income - Regions,I,A,Annual,CTRY,Country,HUN,Hungary,_Z,Not applicable,B6N,"Disposable income, net",_T,Total - all activities,Q,Constant prices,USD_PPP_PS,"US dollars per person, PPP converted",2000,,8231,,HUN,Hungary,A,Normal value,2020,,0,Units,0,Zero,USD,US dollar
DATAFLOW,OECD.CFE.EDS:DSD_REG_ECO@DF_INC(2.0),Income - Regions,I,A,Annual,CTRY,Country,HUN,Hungary,_Z,Not applicable,B6N,"Disposable income, net",_T,Total - all activities,Q,Constant prices,USD_PPP_PS,"US dollars per person, PPP converted",2001,,8683.3,,HUN,Hungary,A,Normal value,2020,,0,Units,0,Zero,USD,US dollar
DATAFLOW,OECD.CFE.EDS:DSD_REG_ECO@DF_INC(2.0),Income - Regions,I,A,Annual,CTRY,Country,FRA,France,_Z,Not applicable,B5N,"Primary incomes, net",_T,Total - all activities,Q,Constant prices,USD_PPP_PS,"US dollars per person, PPP converted",2001,,25535.9,,FRA,France,A,Normal value,2020,,0,Units,0,Zero,USD,US dollar
DATAFLOW,OECD.CFE.EDS:DSD_REG_ECO@DF_INC(2.0),Income - Regions,I,A,Annual,CTRY,Country,HRV,Croatia,_Z,Not applicable,B5N,"Primary incomes, net",_T,Total - all activities,Q,Constant prices,USD_PPP_PS,"US dollars per person, PPP converted",2001,,11005.5,,HRV,Croatia,A,Normal value,2020,,0,Units,0,Zero,USD,US dollar
DATAFLOW,OECD.CFE.EDS:DSD_REG_ECO@DF_INC(2.0),Income - Regions,I,A,Annual,CTRY,Country,HUN,Hungary,_Z,Not applicable,B5N,"Primary incomes, net",_T,Total - all activities,Q,Constant prices,USD_PPP_PS,"US dollars per person, PPP converted",2001,,10100.7,,HUN,Hungary,A,Normal value,2020,,0,Units,0,Zero,USD,US dollar
DATAFLOW,OECD.CFE.EDS:DSD_REG_ECO@DF_INC(2.0),Income - Regions,I,A,Annual,CTRY,Country,BGR,Bulgaria,_Z,Not applicable,B5N,"Primary incomes, net",_T,Total - all activities,Q,Constant prices,USD_PPP_PS,"US dollars per person, PPP converted",2001,,4940.1,,BGR,Bulgaria,A,Normal value,2020,,0,Units,0,Zero,USD,US dollar
DATAFLOW,OECD.CFE.EDS:DSD_REG_ECO@DF_INC(2.0),Income - Regions,I,A,Annual,CTRY,Country,LTU,Lithuania,_Z,Not applicable,B6N,"Disposable income, net",_T,Total - all activities,Q,Constant prices,USD_PPP_PS,"US dollars per person, PPP converted",2001,,7175.4,,LTU,Lithuania,A,Normal value,2020,,0,Units,0,Zero,USD,US dollar
DATAFLOW,OECD.CFE.EDS:DSD_REG_ECO@DF_INC(2.0),Income - Regions,I,A,Annual,CTRY,Country,DNK,Denmark,_Z,Not applicable,B6N,"Disposable income, net",_T,Total - all activities,Q,Constant prices,USD_PPP_PS,"US dollars per person, PPP converted",2001,,17388.7,,DNK,Denmark,A,Normal value,2020,,0,Units,0,Zero,USD,US dollar
DATAFLOW,OECD.CFE.EDS:DSD_REG_ECO@DF_INC(2.0),Income - Regions,I,A,Annual,CTRY,Country,EST,Estonia,_Z,Not applicable,B5N,"Primary incomes, net",_T,Total - all activities,Q,Constant prices,USD_PPP_PS,"US dollars per person, PPP converted",2001,,7750.4,,EST,Estonia,A,Normal value,2020,,0,Units,0,Zero,USD,US dollar
DATAFLOW,OECD.CFE.EDS:DSD_REG_ECO@DF_INC(2.0),Income - Regions,I,A,Annual,CTRY,Country,LUX,Luxembourg,_Z,Not applicable,B5N,"Primary incomes, net",_T,Total - all activities,Q,Constant prices,USD_PPP_PS,"US dollars per person, PPP converted",2001,,33925.8,,LUX,Luxembourg,A,Normal value,2020,,0,Units,0,Zero,USD,US dollar
DATAFLOW,OECD.CFE.EDS:DSD_REG_ECO@DF_INC(2.0),Income - Regions,I,A,Annual,CTRY,Country,MLT,Malta,_Z,Not applicable,B5N,"Primary incomes, net",_T,Total - all activities,Q,Constant prices,USD_PPP_PS,"US dollars per person, PPP converted",2001,,14805.7,,MLT,Malta,A,Normal value,2020,,0,Units,0,Zero,USD,US dollar
DATAFLOW,OECD.CFE.EDS:DSD_REG_ECO@DF_INC(2.0),Income - Regions,I,A,Annual,CTRY,Country,CYP,Cyprus,_Z,Not applicable,B6N,"Disposable income, net",_T,Total - all activities,Q,Constant prices,USD_PPP_PS,"US dollars per person, PPP converted",2001,,19394.3,,CYP,Cyprus,A,Normal value,2020,,0,Units,0,Zero,USD,US dollar
DATAFLOW,OECD.CFE.EDS:DSD_REG_ECO@DF_INC(2.0),Income - Regions,I,A,Annual,CTRY,Country,LVA,Latvia,_Z,Not applicable,B5N,"Primary incomes, net",_T,Total - all activities,Q,Constant prices,USD_PPP_PS,"US dollars per person, PPP converted",2001,,6795,,LVA,Latvia,A,Normal value,2020,,0,Units,0,Zero,USD,US dollar
DATAFLOW,OECD.CFE.EDS:DSD_REG_ECO@DF_INC(2.0),Income - Regions,I,A,Annual,CTRY,Country,BEL,Belgium,_Z,Not applicable,B6N,"Disposable income, net",_T,Total - all activities,Q,Constant prices,USD_PPP_PS,"US dollars per person, PPP converted",2001,,24213,,BEL,Belgium,A,Normal value,2020,,0,Units,0,Zero,USD,US dollar
DATAFLOW,OECD.CFE.EDS:DSD_REG_ECO@DF_INC(2.0),Income - Regions,I,A,Annual,CTRY,Country,DNK,Denmark,_Z,Not applicable,B5N,"Primary incomes, net",_T,Total - all activities,Q,Constant prices,USD_PPP_PS,"US dollars per person, PPP converted",2001,,24956.3,,DNK,Denmark,A,Normal value,2020,,0,Units,0,Zero,USD,US dollar
DATAFLOW,OECD.CFE.EDS:DSD_REG_ECO@DF_INC(2.0),Income - Regions,I,A,Annual,CTRY,Country,HRV,Croatia,_Z,Not applicable,B6N,"Disposable income, net",_T,Total - all activities,Q,Constant prices,USD_PPP_PS,"US dollars per person, PPP converted",2001,,11605.9,,HRV,Croatia,A,Normal value,2020,,0,Units,0,Zero,USD,US dollar
DATAFLOW,OECD.CFE.EDS:DSD_REG_ECO@DF_INC(2.0),Income - Regions,I,A,Annual,CTRY,Country,MLT,Malta,_Z,Not applicable,B6N,"Disposable income, net",_T,Total - all activities,Q,Constant prices,USD_PPP_PS,"US dollars per person, PPP converted",2001,,14161.5,,MLT,Malta,A,Normal value,2020,,0,Units,0,Zero,USD,US dollar
DATAFLOW,OECD.CFE.EDS:DSD_REG_ECO@DF_INC(2.0),Income - Regions,I,A,Annual,CTRY,Country,AUT,Austria,_Z,Not applicable,B5N,"Primary incomes, net",_T,Total - all activities,Q,Constant prices,USD_PPP_PS,"US dollars per person, PPP converted",2001,,30180.2,,AUT,Austria,A,Normal value,2020,,0,Units,0,Zero,USD,US dollar
DATAFLOW,OECD.CFE.EDS:DSD_REG_ECO@DF_INC(2.0),Income - Regions,I,A,Annual,CTRY,Country,POL,Poland,_Z,Not applicable,B5N,"Primary incomes, net",_T,Total - all activities,Q,Constant prices,USD_PPP_PS,"US dollars per person, PPP converted",2001,,10994.5,,POL,Poland,A,Normal value,2020,,0,Units,0,Zero,USD,US dollar
DATAFLOW,OECD.CFE.EDS:DSD_REG_ECO@DF_INC(2.0),Income - Regions,I,A,Annual,CTRY,Country,EST,Estonia,_Z,Not applicable,B6N,"Disposable income, net",_T,Total - all activities,Q,Constant prices,USD_PPP_PS,"US dollars per person, PPP converted",2001,,7521.4,,EST,Estonia,A,Normal value,2020,,0,Units,0,Zero,USD,US dollar
DATAFLOW,OECD.CFE.EDS:DSD_REG_ECO@DF_INC(2.0),Income - Regions,I,A,Annual,CTRY,Country,BEL,Belgium,_Z,Not applicable,B5N,"Primary incomes, net",_T,Total - all activities,Q,Constant prices,USD_PPP_PS,"US dollars per person, PPP converted",2001,,30749.2,,BEL,Belgium,A,Normal value,2020,,0,Units,0,Zero,USD,US dollar
DATAFLOW,OECD.CFE.EDS:DSD_REG_ECO@DF_INC(2.0),Income - Regions,I,A,Annual,CTRY,Country,SVN,Slovenia,_Z,Not applicable,B6N,"Disposable income, net",_T,Total - all activities,Q,Constant prices,USD_PPP_PS,"US dollars per person, PPP converted",2001,,14562.1,,SVN,Slovenia,A,Normal value,2020,,0,Units,0,Zero,USD,US dollar
DATAFLOW,OECD.CFE.EDS:DSD_REG_ECO@DF_INC(2.0),Income - Regions,I,A,Annual,CTRY,Country,CYP,Cyprus,_Z,Not applicable,B5N,"Primary incomes, net",_T,Total - all activities,Q,Constant prices,USD_PPP_PS,"US dollars per person, PPP converted",2001,,19351.2,,CYP,Cyprus,A,Normal value,2020,,0,Units,0,Zero,USD,US dollar
DATAFLOW,OECD.CFE.EDS:DSD_REG_ECO@DF_INC(2.0),Income - Regions,I,A,Annual,CTRY,Country,SVN,Slovenia,_Z,Not applicable,B5N,"Primary incomes, net",_T,Total - all activities,Q,Constant prices,USD_PPP_PS,"US dollars per person, PPP converted",2001,,16004,,SVN,Slovenia,A,Normal value,2020,,0,Units,0,Zero,USD,US dollar
DATAFLOW,OECD.CFE.EDS:DSD_REG_ECO@DF_INC(2.0),Income - Regions,I,A,Annual,CTRY,Country,FRA,France,_Z,Not applicable,B6N,"Disposable income, net",_T,Total - all activities,Q,Constant prices,USD_PPP_PS,"US dollars per person, PPP converted",2001,,21804.2,,FRA,France,A,Normal value,2020,,0,Units,0,Zero,USD,US dollar
DATAFLOW,OECD.CFE.EDS:DSD_REG_ECO@DF_INC(2.0),Income - Regions,I,A,Annual,CTRY,Country,SVK,Slovak Republic,_Z,Not applicable,B5N,"Primary incomes, net",_T,Total - all activities,Q,Constant prices,USD_PPP_PS,"US dollars per person, PPP converted",2001,,9803.7,,SVK,Slovak Republic,A,Normal value,2020,,0,Units,0,Zero,USD,US dollar
DATAFLOW,OECD.CFE.EDS:DSD_REG_ECO@DF_INC(2.0),Income - Regions,I,A,Annual,CTRY,Country,ESP,Spain,_Z,Not applicable,B5N,"Primary incomes, net",_T,Total - all activities,Q,Constant prices,USD_PPP_PS,"US dollars per person, PPP converted",2001,,16172.9,,ESP,Spain,A,Normal value,2020,,0,Units,0,Zero,USD,US dollar
DATAFLOW,OECD.CFE.EDS:DSD_REG_ECO@DF_INC(2.0),Income - Regions,I,A,Annual,CTRY,Country,CZE,Czechia,_Z,Not applicable,B6N,"Disposable income, net",_T,Total - all activities,Q,Constant prices,USD_PPP_PS,"US dollars per person, PPP converted",2001,,11524.9,,CZE,Czechia,A,Normal value,2020,,0,Units,0,Zero,USD,US dollar
DATAFLOW,OECD.CFE.EDS:DSD_REG_ECO@DF_INC(2.0),Income - Regions,I,A,Annual,CTRY,Country,LTU,Lithuania,_Z,Not applicable,B5N,"Primary incomes, net",_T,Total - all activities,Q,Constant prices,USD_PPP_PS,"US dollars per person, PPP converted",2001,,7664.1,,LTU,Lithuania,A,Normal value,2020,,0,Units,0,Zero,USD,US dollar
DATAFLOW,OECD.CFE.EDS:DSD_REG_ECO@DF_INC(2.0),Income - Regions,I,A,Annual,CTRY,Country,LVA,Latvia,_Z,Not applicable,B6N,"Disposable income, net",_T,Total - all activities,Q,Constant prices,USD_PPP_PS,"US dollars per person, PPP converted",2001,,6575.1,,LVA,Latvia,A,Normal value,2020,,0,Units,0,Zero,USD,US dollar
DATAFLOW,OECD.CFE.EDS:DSD_REG_ECO@DF_INC(2.0),Income - Regions,I,A,Annual,CTRY,Country,BGR,Bulgaria,_Z,Not applicable,B6N,"Disposable income, net",_T,Total - all activities,Q,Constant prices,USD_PPP_PS,"US dollars per person, PPP converted",2001,,4845.8,,BGR,Bulgaria,A,Normal value,2020,,0,Units,0,Zero,USD,US dollar
DATAFLOW,OECD.CFE.EDS:DSD_REG_ECO@DF_INC(2.0),Income - Regions,I,A,Annual,CTRY,Country,LUX,Luxembourg,_Z,Not applicable,B6N,"Disposable income, net",_T,Total - all activities,Q,Constant prices,USD_PPP_PS,"US dollars per person, PPP converted",2001,,30602.5,,LUX,Luxembourg,A,Normal value,2020,,0,Units,0,Zero,USD,US dollar
DATAFLOW,OECD.CFE.EDS:DSD_REG_ECO@DF_INC(2.0),Income - Regions,I,A,Annual,CTRY,Country,GRC,Greece,_Z,Not applicable,B6N,"Disposable income, net",_T,Total - all activities,Q,Constant prices,USD_PPP_PS,"US dollars per person, PPP converted",2001,,17745.7,,GRC,Greece,A,Normal value,2020,,0,Units,0,Zero,USD,US dollar
DATAFLOW,OECD.CFE.EDS:DSD_REG_ECO@DF_INC(2.0),Income - Regions,I,A,Annual,CTRY,Country,SWE,Sweden,_Z,Not applicable,B6N,"Disposable income, net",_T,Total - all activities,Q,Constant prices,USD_PPP_PS,"US dollars per person, PPP converted",2001,,16103.7,,SWE,Sweden,A,Normal value,2020,,0,Units,0,Zero,USD,US dollar
DATAFLOW,OECD.CFE.EDS:DSD_REG_ECO@DF_INC(2.0),Income - Regions,I,A,Annual,CTRY,Country,ESP,Spain,_Z,Not applicable,B6N,"Disposable income, net",_T,Total - all activities,Q,Constant prices,USD_PPP_PS,"US dollars per person, PPP converted",2001,,21016.8,,ESP,Spain,A,Normal value,2020,,0,Units,0,Zero,USD,US dollar
DATAFLOW,OECD.CFE.EDS:DSD_REG_ECO@DF_INC(2.0),Income - Regions,I,A,Annual,CTRY,Country,SWE,Sweden,_Z,Not applicable,B5N,"Primary incomes, net",_T,Total - all activities,Q,Constant prices,USD_PPP_PS,"US dollars per person, PPP converted",2001,,19768.5,,SWE,Sweden,A,Normal value,2020,,0,Units,0,Zero,USD,US dollar
DATAFLOW,OECD.CFE.EDS:DSD_REG_ECO@DF_INC(2.0),Income - Regions,I,A,Annual,CTRY,Country,GRC,Greece,_Z,Not applicable,B5N,"Primary incomes, net",_T,Total - all activities,Q,Constant prices,USD_PPP_PS,"US dollars per person, PPP converted",2001,,18845.4,,GRC,Greece,A,Normal value,2020,,0,Units,0,Zero,USD,US dollar
DATAFLOW,OECD.CFE.EDS:DSD_REG_ECO@DF_INC(2.0),Income - Regions,I,A,Annual,CTRY,Country,SVK,Slovak Republic,_Z,Not applicable,B6N,"Disposable income, net",_T,Total - all activities,Q,Constant prices,USD_PPP_PS,"US dollars per person, PPP converted",2001,,9243.9,,SVK,Slovak Republic,A,Normal value,2020,,0,Units,0,Zero,USD,US dollar
DATAFLOW,OECD.CFE.EDS:DSD_REG_ECO@DF_INC(2.0),Income - Regions,I,A,Annual,CTRY,Country,CZE,Czechia,_Z,Not applicable,B5N,"Primary incomes, net",_T,Total - all activities,Q,Constant prices,USD_PPP_PS,"US dollars per person, PPP converted",2001,,13065.9,,CZE,Czechia,A,Normal value,2020,,0,Units,0,Zero,USD,US dollar
DATAFLOW,OECD.CFE.EDS:DSD_REG_ECO@DF_INC(2.0),Income - Regions,I,A,Annual,CTRY,Country,CZE,Czechia,_Z,Not applicable,B5N,"Primary incomes, net",_T,Total - all activities,Q,Constant prices,USD_PPP_PS,"US dollars per person, PPP converted",2002,,13593.8,,CZE,Czechia,A,Normal value,2020,,0,Units,0,Zero,USD,US dollar
DATAFLOW,OECD.CFE.EDS:DSD_REG_ECO@DF_INC(2.0),Income - Regions,I,A,Annual,CTRY,Country,SVK,Slovak Republic,_Z,Not applicable,B6N,"Disposable income, net",_T,Total - all activities,Q,Constant prices,USD_PPP_PS,"US dollars per person, PPP converted",2002,,9684.3,,SVK,Slovak Republic,A,Normal value,2020,,0,Units,0,Zero,USD,US dollar
DATAFLOW,OECD.CFE.EDS:DSD_REG_ECO@DF_INC(2.0),Income - Regions,I,A,Annual,CTRY,Country,GRC,Greece,_Z,Not applicable,B5N,"Primary incomes, net",_T,Total - all activities,Q,Constant prices,USD_PPP_PS,"US dollars per person, PPP converted",2002,,20327.6,,GRC,Greece,A,Normal value,2020,,0,Units,0,Zero,USD,US dollar
DATAFLOW,OECD.CFE.EDS:DSD_REG_ECO@DF_INC(2.0),Income - Regions,I,A,Annual,CTRY,Country,SWE,Sweden,_Z,Not applicable,B5N,"Primary incomes, net",_T,Total - all activities,Q,Constant prices,USD_PPP_PS,"US dollars per person, PPP converted",2002,,19922.6,,SWE,Sweden,A,Normal value,2020,,0,Units,0,Zero,USD,US dollar
DATAFLOW,OECD.CFE.EDS:DSD_REG_ECO@DF_INC(2.0),Income - Regions,I,A,Annual,CTRY,Country,ESP,Spain,_Z,Not applicable,B6N,"Disposable income, net",_T,Total - all activities,Q,Constant prices,USD_PPP_PS,"US dollars per person, PPP converted",2002,,21297.5,,ESP,Spain,A,Normal value,2020,,0,Units,0,Zero,USD,US dollar
DATAFLOW,OECD.CFE.EDS:DSD_REG_ECO@DF_INC(2.0),Income - Regions,I,A,Annual,CTRY,Country,SWE,Sweden,_Z,Not applicable,B6N,"Disposable income, net",_T,Total - all activities,Q,Constant prices,USD_PPP_PS,"US dollars per person, PPP converted",2002,,16565.2,,SWE,Sweden,A,Normal value,2020,,0,Units,0,Zero,USD,US dollar
DATAFLOW,OECD.CFE.EDS:DSD_REG_ECO@DF_INC(2.0),Income - Regions,I,A,Annual,CTRY,Country,GRC,Greece,_Z,Not applicable,B6N,"Disposable income, net",_T,Total - all activities,Q,Constant prices,USD_PPP_PS,"US dollars per person, PPP converted",2002,,18873.7,,GRC,Greece,A,Normal value,2020,,0,Units,0,Zero,USD,US dollar
DATAFLOW,OECD.CFE.EDS:DSD_REG_ECO@DF_INC(2.0),Income - Regions,I,A,Annual,CTRY,Country,LUX,Luxembourg,_Z,Not applicable,B6N,"Disposable income, net",_T,Total - all activities,Q,Constant prices,USD_PPP_PS,"US dollars per person, PPP converted",2002,,32511.9,,LUX,Luxembourg,A,Normal value,2020,,0,Units,0,Zero,USD,US dollar
DATAFLOW,OECD.CFE.EDS:DSD_REG_ECO@DF_INC(2.0),Income - Regions,I,A,Annual,CTRY,Country,PRT,Portugal,_Z,Not applicable,B6N,"Disposable income, net",_T,Total - all activities,Q,Constant prices,USD_PPP_PS,"US dollars per person, PPP converted",2002,,17877.5,,PRT,Portugal,A,Normal value,2020,,0,Units,0,Zero,USD,US dollar
DATAFLOW,OECD.CFE.EDS:DSD_REG_ECO@DF_INC(2.0),Income - Regions,I,A,Annual,CTRY,Country,BGR,Bulgaria,_Z,Not applicable,B6N,"Disposable income, net",_T,Total - all activities,Q,Constant prices,USD_PPP_PS,"US dollars per person, PPP converted",2002,,5348,,BGR,Bulgaria,A,Normal value,2020,,0,Units,0,Zero,USD,US dollar
DATAFLOW,OECD.CFE.EDS:DSD_REG_ECO@DF_INC(2.0),Income - Regions,I,A,Annual,CTRY,Country,LVA,Latvia,_Z,Not applicable,B6N,"Disposable income, net",_T,Total - all activities,Q,Constant prices,USD_PPP_PS,"US dollars per person, PPP converted",2002,,6984,,LVA,Latvia,A,Normal value,2020,,0,Units,0,Zero,USD,US dollar
DATAFLOW,OECD.CFE.EDS:DSD_REG_ECO@DF_INC(2.0),Income - Regions,I,A,Annual,CTRY,Country,LTU,Lithuania,_Z,Not applicable,B5N,"Primary incomes, net",_T,Total - all activities,Q,Constant prices,USD_PPP_PS,"US dollars per person, PPP converted",2002,,8396.1,,LTU,Lithuania,A,Normal value,2020,,0,Units,0,Zero,USD,US dollar
DATAFLOW,OECD.CFE.EDS:DSD_REG_ECO@DF_INC(2.0),Income - Regions,I,A,Annual,CTRY,Country,CZE,Czechia,_Z,Not applicable,B6N,"Disposable income, net",_T,Total - all activities,Q,Constant prices,USD_PPP_PS,"US dollars per person, PPP converted",2002,,11895.9,,CZE,Czechia,A,Normal value,2020,,0,Units,0,Zero,USD,US dollar
DATAFLOW,OECD.CFE.EDS:DSD_REG_ECO@DF_INC(2.0),Income - Regions,I,A,Annual,CTRY,Country,ESP,Spain,_Z,Not applicable,B5N,"Primary incomes, net",_T,Total - all activities,Q,Constant prices,USD_PPP_PS,"US dollars per person, PPP converted",2002,,16498.1,,ESP,Spain,A,Normal value,2020,,0,Units,0,Zero,USD,US dollar
DATAFLOW,OECD.CFE.EDS:DSD_REG_ECO@DF_INC(2.0),Income - Regions,I,A,Annual,CTRY,Country,SVK,Slovak Republic,_Z,Not applicable,B5N,"Primary incomes, net",_T,Total - all activities,Q,Constant prices,USD_PPP_PS,"US dollars per person, PPP converted",2002,,10303.8,,SVK,Slovak Republic,A,Normal value,2020,,0,Units,0,Zero,USD,US dollar
DATAFLOW,OECD.CFE.EDS:DSD_REG_ECO@DF_INC(2.0),Income - Regions,I,A,Annual,CTRY,Country,PRT,Portugal,_Z,Not applicable,B5N,"Primary incomes, net",_T,Total - all activities,Q,Constant prices,USD_PPP_PS,"US dollars per person, PPP converted",2002,,18460.7,,PRT,Portugal,A,Normal value,2020,,0,Units,0,Zero,USD,US dollar
DATAFLOW,OECD.CFE.EDS:DSD_REG_ECO@DF_INC(2.0),Income - Regions,I,A,Annual,CTRY,Country,FRA,France,_Z,Not applicable,B6N,"Disposable income, net",_T,Total - all activities,Q,Constant prices,USD_PPP_PS,"US dollars per person, PPP converted",2002,,22298.2,,FRA,France,A,Normal value,2020,,0,Units,0,Zero,USD,US dollar
DATAFLOW,OECD.CFE.EDS:DSD_REG_ECO@DF_INC(2.0),Income - Regions,I,A,Annual,CTRY,Country,CYP,Cyprus,_Z,Not applicable,B5N,"Primary incomes, net",_T,Total - all activities,Q,Constant prices,USD_PPP_PS,"US dollars per person, PPP converted",2002,,18945.4,,CYP,Cyprus,A,Normal value,2020,,0,Units,0,Zero,USD,US dollar
DATAFLOW,OECD.CFE.EDS:DSD_REG_ECO@DF_INC(2.0),Income - Regions,I,A,Annual,CTRY,Country,SVN,Slovenia,_Z,Not applicable,B5N,"Primary incomes, net",_T,Total - all activities,Q,Constant prices,USD_PPP_PS,"US dollars per person, PPP converted",2002,,16459,,SVN,Slovenia,A,Normal value,2020,,0,Units,0,Zero,USD,US dollar
DATAFLOW,OECD.CFE.EDS:DSD_REG_ECO@DF_INC(2.0),Income - Regions,I,A,Annual,CTRY,Country,BEL,Belgium,_Z,Not applicable,B5N,"Primary incomes, net",_T,Total - all activities,Q,Constant prices,USD_PPP_PS,"US dollars per person, PPP converted",2002,,30760.1,,BEL,Belgium,A,Normal value,2020,,0,Units,0,Zero,USD,US dollar
DATAFLOW,OECD.CFE.EDS:DSD_REG_ECO@DF_INC(2.0),Income - Regions,I,A,Annual,CTRY,Country,EST,Estonia,_Z,Not applicable,B6N,"Disposable income, net",_T,Total - all activities,Q,Constant prices,USD_PPP_PS,"US dollars per person, PPP converted",2002,,7627.1,,EST,Estonia,A,Normal value,2020,,0,Units,0,Zero,USD,US dollar
DATAFLOW,OECD.CFE.EDS:DSD_REG_ECO@DF_INC(2.0),Income - Regions,I,A,Annual,CTRY,Country,SVN,Slovenia,_Z,Not applicable,B6N,"Disposable income, net",_T,Total - all activities,Q,Constant prices,USD_PPP_PS,"US dollars per person, PPP converted",2002,,14868.3,,SVN,Slovenia,A,Normal value,2020,,0,Units,0,Zero,USD,US dollar
DATAFLOW,OECD.CFE.EDS:DSD_REG_ECO@DF_INC(2.0),Income - Regions,I,A,Annual,CTRY,Country,POL,Poland,_Z,Not applicable,B5N,"Primary incomes, net",_T,Total - all activities,Q,Constant prices,USD_PPP_PS,"US dollars per person, PPP converted",2002,,10794.1,,POL,Poland,A,Normal value,2020,,0,Units,0,Zero,USD,US dollar
DATAFLOW,OECD.CFE.EDS:DSD_REG_ECO@DF_INC(2.0),Income - Regions,I,A,Annual,CTRY,Country,POL,Poland,_Z,Not applicable,B6N,"Disposable income, net",_T,Total - all activities,Q,Constant prices,USD_PPP_PS,"US dollars per person, PPP converted",2002,,10576.6,,POL,Poland,A,Normal value,2020,,0,Units,0,Zero,USD,US dollar
DATAFLOW,OECD.CFE.EDS:DSD_REG_ECO@DF_INC(2.0),Income - Regions,I,A,Annual,CTRY,Country,MLT,Malta,_Z,Not applicable,B6N,"Disposable income, net",_T,Total - all activities,Q,Constant prices,USD_PPP_PS,"US dollars per person, PPP converted",2002,,14331.1,,MLT,Malta,A,Normal value,2020,,0,Units,0,Zero,USD,US dollar
DATAFLOW,OECD.CFE.EDS:DSD_REG_ECO@DF_INC(2.0),Income - Regions,I,A,Annual,CTRY,Country,HRV,Croatia,_Z,Not applicable,B6N,"Disposable income, net",_T,Total - all activities,Q,Constant prices,USD_PPP_PS,"US dollars per person, PPP converted",2002,,11310.8,,HRV,Croatia,A,Normal value,2020,,0,Units,0,Zero,USD,US dollar
DATAFLOW,OECD.CFE.EDS:DSD_REG_ECO@DF_INC(2.0),Income - Regions,I,A,Annual,CTRY,Country,DNK,Denmark,_Z,Not applicable,B5N,"Primary incomes, net",_T,Total - all activities,Q,Constant prices,USD_PPP_PS,"US dollars per person, PPP converted",2002,,24964.4,,DNK,Denmark,A,Normal value,2020,,0,Units,0,Zero,USD,US dollar
DATAFLOW,OECD.CFE.EDS:DSD_REG_ECO@DF_INC(2.0),Income - Regions,I,A,Annual,CTRY,Country,BEL,Belgium,_Z,Not applicable,B6N,"Disposable income, net",_T,Total - all activities,Q,Constant prices,USD_PPP_PS,"US dollars per person, PPP converted",2002,,24133.3,,BEL,Belgium,A,Normal value,2020,,0,Units,0,Zero,USD,US dollar
DATAFLOW,OECD.CFE.EDS:DSD_REG_ECO@DF_INC(2.0),Income - Regions,I,A,Annual,CTRY,Country,LVA,Latvia,_Z,Not applicable,B5N,"Primary incomes, net",_T,Total - all activities,Q,Constant prices,USD_PPP_PS,"US dollars per person, PPP converted",2002,,7178.3,,LVA,Latvia,A,Normal value,2020,,0,Units,0,Zero,USD,US dollar
DATAFLOW,OECD.CFE.EDS:DSD_REG_ECO@DF_INC(2.0),Income - Regions,I,A,Annual,CTRY,Country,CYP,Cyprus,_Z,Not applicable,B6N,"Disposable income, net",_T,Total - all activities,Q,Constant prices,USD_PPP_PS,"US dollars per person, PPP converted",2002,,19316,,CYP,Cyprus,A,Normal value,2020,,0,Units,0,Zero,USD,US dollar
DATAFLOW,OECD.CFE.EDS:DSD_REG_ECO@DF_INC(2.0),Income - Regions,I,A,Annual,CTRY,Country,MLT,Malta,_Z,Not applicable,B5N,"Primary incomes, net",_T,Total - all activities,Q,Constant prices,USD_PPP_PS,"US dollars per person, PPP converted",2002,,15143.3,,MLT,Malta,A,Normal value,2020,,0,Units,0,Zero,USD,US dollar
DATAFLOW,OECD.CFE.EDS:DSD_REG_ECO@DF_INC(2.0),Income - Regions,I,A,Annual,CTRY,Country,LUX,Luxembourg,_Z,Not applicable,B5N,"Primary incomes, net",_T,Total - all activities,Q,Constant prices,USD_PPP_PS,"US dollars per person, PPP converted",2002,,35049.8,,LUX,Luxembourg,A,Normal value,2020,,0,Units,0,Zero,USD,US dollar
DATAFLOW,OECD.CFE.EDS:DSD_REG_ECO@DF_INC(2.0),Income - Regions,I,A,Annual,CTRY,Country,EST,Estonia,_Z,Not applicable,B5N,"Primary incomes, net",_T,Total - all activities,Q,Constant prices,USD_PPP_PS,"US dollars per person, PPP converted",2002,,8216.7,,EST,Estonia,A,Normal value,2020,,0,Units,0,Zero,USD,US dollar
DATAFLOW,OECD.CFE.EDS:DSD_REG_ECO@DF_INC(2.0),Income - Regions,I,A,Annual,CTRY,Country,DNK,Denmark,_Z,Not applicable,B6N,"Disposable income, net",_T,Total - all activities,Q,Constant prices,USD_PPP_PS,"US dollars per person, PPP converted",2002,,17887.1,,DNK,Denmark,A,Normal value,2020,,0,Units,0,Zero,USD,US dollar
DATAFLOW,OECD.CFE.EDS:DSD_REG_ECO@DF_INC(2.0),Income - Regions,I,A,Annual,CTRY,Country,LTU,Lithuania,_Z,Not applicable,B6N,"Disposable income, net",_T,Total - all activities,Q,Constant prices,USD_PPP_PS,"US dollars per person, PPP converted",2002,,7688.6,,LTU,Lithuania,A,Normal value,2020,,0,Units,0,Zero,USD,US dollar
DATAFLOW,OECD.CFE.EDS:DSD_REG_ECO@DF_INC(2.0),Income - Regions,I,A,Annual,CTRY,Country,BGR,Bulgaria,_Z,Not applicable,B5N,"Primary incomes, net",_T,Total - all activities,Q,Constant prices,USD_PPP_PS,"US dollars per person, PPP converted",2002,,5299.5,,BGR,Bulgaria,A,Normal value,2020,,0,Units,0,Zero,USD,US dollar
DATAFLOW,OECD.CFE.EDS:DSD_REG_ECO@DF_INC(2.0),Income - Regions,I,A,Annual,CTRY,Country,HUN,Hungary,_Z,Not applicable,B5N,"Primary incomes, net",_T,Total - all activities,Q,Constant prices,USD_PPP_PS,"US dollars per person, PPP converted",2002,,10517.2,,HUN,Hungary,A,Normal value,2020,,0,Units,0,Zero,USD,US dollar
DATAFLOW,OECD.CFE.EDS:DSD_REG_ECO@DF_INC(2.0),Income - Regions,I,A,Annual,CTRY,Country,HRV,Croatia,_Z,Not applicable,B5N,"Primary incomes, net",_T,Total - all activities,Q,Constant prices,USD_PPP_PS,"US dollars per person, PPP converted",2002,,10814.7,,HRV,Croatia,A,Normal value,2020,,0,Units,0,Zero,USD,US dollar
DATAFLOW,OECD.CFE.EDS:DSD_REG_ECO@DF_INC(2.0),Income - Regions,I,A,Annual,CTRY,Country,FRA,France,_Z,Not applicable,B5N,"Primary incomes, net",_T,Total - all activities,Q,Constant prices,USD_PPP_PS,"US dollars per person, PPP converted",2002,,25900.2,,FRA,France,A,Normal value,2020,,0,Units,0,Zero,USD,US dollar
DATAFLOW,OECD.CFE.EDS:DSD_REG_ECO@DF_INC(2.0),Income - Regions,I,A,Annual,CTRY,Country,HUN,Hungary,_Z,Not applicable,B6N,"Disposable income, net",_T,Total - all activities,Q,Constant prices,USD_PPP_PS,"US dollars per person, PPP converted",2002,,9132.8,,HUN,Hungary,A,Normal value,2020,,0,Units,0,Zero,USD,US dollar
DATAFLOW,OECD.CFE.EDS:DSD_REG_ECO@DF_INC(2.0),Income - Regions,I,A,Annual,CTRY,Country,HUN,Hungary,_Z,Not applicable,B6N,"Disposable income, net",_T,Total - all activities,Q,Constant prices,USD_PPP_PS,"US dollars per person, PPP converted",2003,,9780.3,,HUN,Hungary,A,Normal value,2020,,0,Units,0,Zero,USD,US dollar
DATAFLOW,OECD.CFE.EDS:DSD_REG_ECO@DF_INC(2.0),Income - Regions,I,A,Annual,CTRY,Country,HUN,Hungary,_Z,Not applicable,B5N,"Primary incomes, net",_T,Total - all activities,Q,Constant prices,USD_PPP_PS,"US dollars per person, PPP converted",2003,,11058.9,,HUN,Hungary,A,Normal value,2020,,0,Units,0,Zero,USD,US dollar
DATAFLOW,OECD.CFE.EDS:DSD_REG_ECO@DF_INC(2.0),Income - Regions,I,A,Annual,CTRY,Country,HRV,Croatia,_Z,Not applicable,B5N,"Primary incomes, net",_T,Total - all activities,Q,Constant prices,USD_PPP_PS,"US dollars per person, PPP converted",2003,,11821.9,,HRV,Croatia,A,Normal value,2020,,0,Units,0,Zero,USD,US dollar
DATAFLOW,OECD.CFE.EDS:DSD_REG_ECO@DF_INC(2.0),Income - Regions,I,A,Annual,CTRY,Country,FRA,France,_Z,Not applicable,B5N,"Primary incomes, net",_T,Total - all activities,Q,Constant prices,USD_PPP_PS,"US dollars per person, PPP converted",2003,,25935.9,,FRA,France,A,Normal value,2020,,0,Units,0,Zero,USD,US dollar
DATAFLOW,OECD.CFE.EDS:DSD_REG_ECO@DF_INC(2.0),Income - Regions,I,A,Annual,CTRY,Country,BGR,Bulgaria,_Z,Not applicable,B5N,"Primary incomes, net",_T,Total - all activities,Q,Constant prices,USD_PPP_PS,"US dollars per person, PPP converted",2003,,5691.3,,BGR,Bulgaria,A,Normal value,2020,,0,Units,0,Zero,USD,US dollar
DATAFLOW,OECD.CFE.EDS:DSD_REG_ECO@DF_INC(2.0),Income - Regions,I,A,Annual,CTRY,Country,MLT,Malta,_Z,Not applicable,B5N,"Primary incomes, net",_T,Total - all activities,Q,Constant prices,USD_PPP_PS,"US dollars per person, PPP converted",2003,,15619.8,,MLT,Malta,A,Normal value,2020,,0,Units,0,Zero,USD,US dollar
DATAFLOW,OECD.CFE.EDS:DSD_REG_ECO@DF_INC(2.0),Income - Regions,I,A,Annual,CTRY,Country,AUT,Austria,_Z,Not applicable,B5N,"Primary incomes, net",_T,Total - all activities,Q,Constant prices,USD_PPP_PS,"US dollars per person, PPP converted",2003,,30312.2,,AUT,Austria,A,Normal value,2020,,0,Units,0,Zero,USD,US dollar
DATAFLOW,OECD.CFE.EDS:DSD_REG_ECO@DF_INC(2.0),Income - Regions,I,A,Annual,CTRY,Country,POL,Poland,_Z,Not applicable,B5N,"Primary incomes, net",_T,Total - all activities,Q,Constant prices,USD_PPP_PS,"US dollars per person, PPP converted",2003,,10757.6,,POL,Poland,A,Normal value,2020,,0,Units,0,Zero,USD,US dollar
DATAFLOW,OECD.CFE.EDS:DSD_REG_ECO@DF_INC(2.0),Income - Regions,I,A,Annual,CTRY,Country,LTU,Lithuania,_Z,Not applicable,B6N,"Disposable income, net",_T,Total - all activities,Q,Constant prices,USD_PPP_PS,"US dollars per person, PPP converted",2003,,8567.1,,LTU,Lithuania,A,Normal value,2020,,0,Units,0,Zero,USD,US dollar
DATAFLOW,OECD.CFE.EDS:DSD_REG_ECO@DF_INC(2.0),Income - Regions,I,A,Annual,CTRY,Country,HRV,Croatia,_Z,Not applicable,B6N,"Disposable income, net",_T,Total - all activities,Q,Constant prices,USD_PPP_PS,"US dollars per person, PPP converted",2003,,11934.5,,HRV,Croatia,A,Normal value,2020,,0,Units,0,Zero,USD,US dollar
DATAFLOW,OECD.CFE.EDS:DSD_REG_ECO@DF_INC(2.0),Income - Regions,I,A,Annual,CTRY,Country,DNK,Denmark,_Z,Not applicable,B6N,"Disposable income, net",_T,Total - all activities,Q,Constant prices,USD_PPP_PS,"US dollars per person, PPP converted",2003,,18246.7,,DNK,Denmark,A,Normal value,2020,,0,Units,0,Zero,USD,US dollar
DATAFLOW,OECD.CFE.EDS:DSD_REG_ECO@DF_INC(2.0),Income - Regions,I,A,Annual,CTRY,Country,EST,Estonia,_Z,Not applicable,B5N,"Primary incomes, net",_T,Total - all activities,Q,Constant prices,USD_PPP_PS,"US dollars per person, PPP converted",2003,,9176.3,,EST,Estonia,A,Normal value,2020,,0,Units,0,Zero,USD,US dollar
DATAFLOW,OECD.CFE.EDS:DSD_REG_ECO@DF_INC(2.0),Income - Regions,I,A,Annual,CTRY,Country,LUX,Luxembourg,_Z,Not applicable,B5N,"Primary incomes, net",_T,Total - all activities,Q,Constant prices,USD_PPP_PS,"US dollars per person, PPP converted",2003,,34692.8,,LUX,Luxembourg,A,Normal value,2020,,0,Units,0,Zero,USD,US dollar
DATAFLOW,OECD.CFE.EDS:DSD_REG_ECO@DF_INC(2.0),Income - Regions,I,A,Annual,CTRY,Country,CYP,Cyprus,_Z,Not applicable,B6N,"Disposable income, net",_T,Total - all activities,Q,Constant prices,USD_PPP_PS,"US dollars per person, PPP converted",2003,,20624,,CYP,Cyprus,A,Normal value,2020,,0,Units,0,Zero,USD,US dollar
DATAFLOW,OECD.CFE.EDS:DSD_REG_ECO@DF_INC(2.0),Income - Regions,I,A,Annual,CTRY,Country,LVA,Latvia,_Z,Not applicable,B5N,"Primary incomes, net",_T,Total - all activities,Q,Constant prices,USD_PPP_PS,"US dollars per person, PPP converted",2003,,7787,,LVA,Latvia,A,Normal value,2020,,0,Units,0,Zero,USD,US dollar
DATAFLOW,OECD.CFE.EDS:DSD_REG_ECO@DF_INC(2.0),Income - Regions,I,A,Annual,CTRY,Country,BEL,Belgium,_Z,Not applicable,B6N,"Disposable income, net",_T,Total - all activities,Q,Constant prices,USD_PPP_PS,"US dollars per person, PPP converted",2003,,23960.6,,BEL,Belgium,A,Normal value,2020,,0,Units,0,Zero,USD,US dollar
DATAFLOW,OECD.CFE.EDS:DSD_REG_ECO@DF_INC(2.0),Income - Regions,I,A,Annual,CTRY,Country,DNK,Denmark,_Z,Not applicable,B5N,"Primary incomes, net",_T,Total - all activities,Q,Constant prices,USD_PPP_PS,"US dollars per person, PPP converted",2003,,25200.2,,DNK,Denmark,A,Normal value,2020,,0,Units,0,Zero,USD,US dollar
DATAFLOW,OECD.CFE.EDS:DSD_REG_ECO@DF_INC(2.0),Income - Regions,I,A,Annual,CTRY,Country,MLT,Malta,_Z,Not applicable,B6N,"Disposable income, net",_T,Total - all activities,Q,Constant prices,USD_PPP_PS,"US dollars per person, PPP converted",2003,,14876.9,,MLT,Malta,A,Normal value,2020,,0,Units,0,Zero,USD,US dollar
DATAFLOW,OECD.CFE.EDS:DSD_REG_ECO@DF_INC(2.0),Income - Regions,I,A,Annual,CTRY,Country,EST,Estonia,_Z,Not applicable,B6N,"Disposable income, net",_T,Total - all activities,Q,Constant prices,USD_PPP_PS,"US dollars per person, PPP converted",2003,,8374.3,,EST,Estonia,A,Normal value,2020,,0,Units,0,Zero,USD,US dollar
DATAFLOW,OECD.CFE.EDS:DSD_REG_ECO@DF_INC(2.0),Income - Regions,I,A,Annual,CTRY,Country,SVK,Slovak Republic,_Z,Not applicable,B5N,"Primary incomes, net",_T,Total - all activities,Q,Constant prices,USD_PPP_PS,"US dollars per person, PPP converted",2003,,10262.6,,SVK,Slovak Republic,A,Normal value,2020,,0,Units,0,Zero,USD,US dollar
DATAFLOW,OECD.CFE.EDS:DSD_REG_ECO@DF_INC(2.0),Income - Regions,I,A,Annual,CTRY,Country,BEL,Belgium,_Z,Not applicable,B5N,"Primary incomes, net",_T,Total - all activities,Q,Constant prices,USD_PPP_PS,"US dollars per person, PPP converted",2003,,30442.2,,BEL,Belgium,A,Normal value,2020,,0,Units,0,Zero,USD,US dollar
DATAFLOW,OECD.CFE.EDS:DSD_REG_ECO@DF_INC(2.0),Income - Regions,I,A,Annual,CTRY,Country,SVN,Slovenia,_Z,Not applicable,B6N,"Disposable income, net",_T,Total - all activities,Q,Constant prices,USD_PPP_PS,"US dollars per person, PPP converted",2003,,14977.3,,SVN,Slovenia,A,Normal value,2020,,0,Units,0,Zero,USD,US dollar
DATAFLOW,OECD.CFE.EDS:DSD_REG_ECO@DF_INC(2.0),Income - Regions,I,A,Annual,CTRY,Country,SVN,Slovenia,_Z,Not applicable,B5N,"Primary incomes, net",_T,Total - all activities,Q,Constant prices,USD_PPP_PS,"US dollars per person, PPP converted",2003,,16650.9,,SVN,Slovenia,A,Normal value,2020,,0,Units,0,Zero,USD,US dollar
DATAFLOW,OECD.CFE.EDS:DSD_REG_ECO@DF_INC(2.0),Income - Regions,I,A,Annual,CTRY,Country,CYP,Cyprus,_Z,Not applicable,B5N,"Primary incomes, net",_T,Total - all activities,Q,Constant prices,USD_PPP_PS,"US dollars per person, PPP converted",2003,,19787.9,,CYP,Cyprus,A,Normal value,2020,,0,Units,0,Zero,USD,US dollar
DATAFLOW,OECD.CFE.EDS:DSD_REG_ECO@DF_INC(2.0),Income - Regions,I,A,Annual,CTRY,Country,FRA,France,_Z,Not applicable,B6N,"Disposable income, net",_T,Total - all activities,Q,Constant prices,USD_PPP_PS,"US dollars per person, PPP converted",2003,,22305.5,,FRA,France,A,Normal value,2020,,0,Units,0,Zero,USD,US dollar
DATAFLOW,OECD.CFE.EDS:DSD_REG_ECO@DF_INC(2.0),Income - Regions,I,A,Annual,CTRY,Country,ESP,Spain,_Z,Not applicable,B5N,"Primary incomes, net",_T,Total - all activities,Q,Constant prices,USD_PPP_PS,"US dollars per person, PPP converted",2003,,16628.4,,ESP,Spain,A,Normal value,2020,,0,Units,0,Zero,USD,US dollar
DATAFLOW,OECD.CFE.EDS:DSD_REG_ECO@DF_INC(2.0),Income - Regions,I,A,Annual,CTRY,Country,CZE,Czechia,_Z,Not applicable,B6N,"Disposable income, net",_T,Total - all activities,Q,Constant prices,USD_PPP_PS,"US dollars per person, PPP converted",2003,,12396.7,,CZE,Czechia,A,Normal value,2020,,0,Units,0,Zero,USD,US dollar
DATAFLOW,OECD.CFE.EDS:DSD_REG_ECO@DF_INC(2.0),Income - Regions,I,A,Annual,CTRY,Country,LTU,Lithuania,_Z,Not applicable,B5N,"Primary incomes, net",_T,Total - all activities,Q,Constant prices,USD_PPP_PS,"US dollars per person, PPP converted",2003,,9301.4,,LTU,Lithuania,A,Normal value,2020,,0,Units,0,Zero,USD,US dollar
DATAFLOW,OECD.CFE.EDS:DSD_REG_ECO@DF_INC(2.0),Income - Regions,I,A,Annual,CTRY,Country,LVA,Latvia,_Z,Not applicable,B6N,"Disposable income, net",_T,Total - all activities,Q,Constant prices,USD_PPP_PS,"US dollars per person, PPP converted",2003,,7608.4,,LVA,Latvia,A,Normal value,2020,,0,Units,0,Zero,USD,US dollar
DATAFLOW,OECD.CFE.EDS:DSD_REG_ECO@DF_INC(2.0),Income - Regions,I,A,Annual,CTRY,Country,BGR,Bulgaria,_Z,Not applicable,B6N,"Disposable income, net",_T,Total - all activities,Q,Constant prices,USD_PPP_PS,"US dollars per person, PPP converted",2003,,5580.6,,BGR,Bulgaria,A,Normal value,2020,,0,Units,0,Zero,USD,US dollar
DATAFLOW,OECD.CFE.EDS:DSD_REG_ECO@DF_INC(2.0),Income - Regions,I,A,Annual,CTRY,Country,LUX,Luxembourg,_Z,Not applicable,B6N,"Disposable income, net",_T,Total - all activities,Q,Constant prices,USD_PPP_PS,"US dollars per person, PPP converted",2003,,32222.5,,LUX,Luxembourg,A,Normal value,2020,,0,Units,0,Zero,USD,US dollar
DATAFLOW,OECD.CFE.EDS:DSD_REG_ECO@DF_INC(2.0),Income - Regions,I,A,Annual,CTRY,Country,GRC,Greece,_Z,Not applicable,B6N,"Disposable income, net",_T,Total - all activities,Q,Constant prices,USD_PPP_PS,"US dollars per person, PPP converted",2003,,20195.3,,GRC,Greece,A,Normal value,2020,,0,Units,0,Zero,USD,US dollar
DATAFLOW,OECD.CFE.EDS:DSD_REG_ECO@DF_INC(2.0),Income - Regions,I,A,Annual,CTRY,Country,SWE,Sweden,_Z,Not applicable,B6N,"Disposable income, net",_T,Total - all activities,Q,Constant prices,USD_PPP_PS,"US dollars per person, PPP converted",2003,,16670,,SWE,Sweden,A,Normal value,2020,,0,Units,0,Zero,USD,US dollar
DATAFLOW,OECD.CFE.EDS:DSD_REG_ECO@DF_INC(2.0),Income - Regions,I,A,Annual,CTRY,Country,ESP,Spain,_Z,Not applicable,B6N,"Disposable income, net",_T,Total - all activities,Q,Constant prices,USD_PPP_PS,"US dollars per person, PPP converted",2003,,21749.7,,ESP,Spain,A,Normal value,2020,,0,Units,0,Zero,USD,US dollar
DATAFLOW,OECD.CFE.EDS:DSD_REG_ECO@DF_INC(2.0),Income - Regions,I,A,Annual,CTRY,Country,SWE,Sweden,_Z,Not applicable,B5N,"Primary incomes, net",_T,Total - all activities,Q,Constant prices,USD_PPP_PS,"US dollars per person, PPP converted",2003,,19969.2,,SWE,Sweden,A,Normal value,2020,,0,Units,0,Zero,USD,US dollar
DATAFLOW,OECD.CFE.EDS:DSD_REG_ECO@DF_INC(2.0),Income - Regions,I,A,Annual,CTRY,Country,GRC,Greece,_Z,Not applicable,B5N,"Primary incomes, net",_T,Total - all activities,Q,Constant prices,USD_PPP_PS,"US dollars per person, PPP converted",2003,,21361,,GRC,Greece,A,Normal value,2020,,0,Units,0,Zero,USD,US dollar
DATAFLOW,OECD.CFE.EDS:DSD_REG_ECO@DF_INC(2.0),Income - Regions,I,A,Annual,CTRY,Country,SVK,Slovak Republic,_Z,Not applicable,B6N,"Disposable income, net",_T,Total - all activities,Q,Constant prices,USD_PPP_PS,"US dollars per person, PPP converted",2003,,9523,,SVK,Slovak Republic,A,Normal value,2020,,0,Units,0,Zero,USD,US dollar
DATAFLOW,OECD.CFE.EDS:DSD_REG_ECO@DF_INC(2.0),Income - Regions,I,A,Annual,CTRY,Country,CZE,Czechia,_Z,Not applicable,B5N,"Primary incomes, net",_T,Total - all activities,Q,Constant prices,USD_PPP_PS,"US dollars per person, PPP converted",2003,,14323.3,,CZE,Czechia,A,Normal value,2020,,0,Units,0,Zero,USD,US dollar
DATAFLOW,OECD.CFE.EDS:DSD_REG_ECO@DF_INC(2.0),Income - Regions,I,A,Annual,CTRY,Country,CZE,Czechia,_Z,Not applicable,B5N,"Primary incomes, net",_T,Total - all activities,Q,Constant prices,USD_PPP_PS,"US dollars per person, PPP converted",2004,,14744.2,,CZE,Czechia,A,Normal value,2020,,0,Units,0,Zero,USD,US dollar
DATAFLOW,OECD.CFE.EDS:DSD_REG_ECO@DF_INC(2.0),Income - Regions,I,A,Annual,CTRY,Country,SVK,Slovak Republic,_Z,Not applicable,B6N,"Disposable income, net",_T,Total - all activities,Q,Constant prices,USD_PPP_PS,"US dollars per person, PPP converted",2004,,10106.2,,SVK,Slovak Republic,A,Normal value,2020,,0,Units,0,Zero,USD,US dollar
DATAFLOW,OECD.CFE.EDS:DSD_REG_ECO@DF_INC(2.0),Income - Regions,I,A,Annual,CTRY,Country,GRC,Greece,_Z,Not applicable,B5N,"Primary incomes, net",_T,Total - all activities,Q,Constant prices,USD_PPP_PS,"US dollars per person, PPP converted",2004,,22104,,GRC,Greece,A,Normal value,2020,,0,Units,0,Zero,USD,US dollar
DATAFLOW,OECD.CFE.EDS:DSD_REG_ECO@DF_INC(2.0),Income - Regions,I,A,Annual,CTRY,Country,SWE,Sweden,_Z,Not applicable,B5N,"Primary incomes, net",_T,Total - all activities,Q,Constant prices,USD_PPP_PS,"US dollars per person, PPP converted",2004,,20343.7,,SWE,Sweden,A,Normal value,2020,,0,Units,0,Zero,USD,US dollar
DATAFLOW,OECD.CFE.EDS:DSD_REG_ECO@DF_INC(2.0),Income - Regions,I,A,Annual,CTRY,Country,ESP,Spain,_Z,Not applicable,B6N,"Disposable income, net",_T,Total - all activities,Q,Constant prices,USD_PPP_PS,"US dollars per person, PPP converted",2004,,21815.2,,ESP,Spain,A,Normal value,2020,,0,Units,0,Zero,USD,US dollar
DATAFLOW,OECD.CFE.EDS:DSD_REG_ECO@DF_INC(2.0),Income - Regions,I,A,Annual,CTRY,Country,SWE,Sweden,_Z,Not applicable,B6N,"Disposable income, net",_T,Total - all activities,Q,Constant prices,USD_PPP_PS,"US dollars per person, PPP converted",2004,,16822.5,,SWE,Sweden,A,Normal value,2020,,0,Units,0,Zero,USD,US dollar
DATAFLOW,OECD.CFE.EDS:DSD_REG_ECO@DF_INC(2.0),Income - Regions,I,A,Annual,CTRY,Country,GRC,Greece,_Z,Not applicable,B6N,"Disposable income, net",_T,Total - all activities,Q,Constant prices,USD_PPP_PS,"US dollars per person, PPP converted",2004,,20965.9,,GRC,Greece,A,Normal value,2020,,0,Units,0,Zero,USD,US dollar
DATAFLOW,OECD.CFE.EDS:DSD_REG_ECO@DF_INC(2.0),Income - Regions,I,A,Annual,CTRY,Country,AUT,Austria,_Z,Not applicable,B6N,"Disposable income, net",_T,Total - all activities,Q,Constant prices,USD_PPP_PS,"US dollars per person, PPP converted",2004,,26754.7,,AUT,Austria,A,Normal value,2020,,0,Units,0,Zero,USD,US dollar
DATAFLOW,OECD.CFE.EDS:DSD_REG_ECO@DF_INC(2.0),Income - Regions,I,A,Annual,CTRY,Country,LUX,Luxembourg,_Z,Not applicable,B6N,"Disposable income, net",_T,Total - all activities,Q,Constant prices,USD_PPP_PS,"US dollars per person, PPP converted",2004,,31923.2,,LUX,Luxembourg,A,Normal value,2020,,0,Units,0,Zero,USD,US dollar
DATAFLOW,OECD.CFE.EDS:DSD_REG_ECO@DF_INC(2.0),Income - Regions,I,A,Annual,CTRY,Country,BGR,Bulgaria,_Z,Not applicable,B6N,"Disposable income, net",_T,Total - all activities,Q,Constant prices,USD_PPP_PS,"US dollars per person, PPP converted",2004,,6014.6,,BGR,Bulgaria,A,Normal value,2020,,0,Units,0,Zero,USD,US dollar
DATAFLOW,OECD.CFE.EDS:DSD_REG_ECO@DF_INC(2.0),Income - Regions,I,A,Annual,CTRY,Country,LVA,Latvia,_Z,Not applicable,B6N,"Disposable income, net",_T,Total - all activities,Q,Constant prices,USD_PPP_PS,"US dollars per person, PPP converted",2004,,8438.8,,LVA,Latvia,A,Normal value,2020,,0,Units,0,Zero,USD,US dollar
DATAFLOW,OECD.CFE.EDS:DSD_REG_ECO@DF_INC(2.0),Income - Regions,I,A,Annual,CTRY,Country,LTU,Lithuania,_Z,Not applicable,B5N,"Primary incomes, net",_T,Total - all activities,Q,Constant prices,USD_PPP_PS,"US dollars per person, PPP converted",2004,,10440.2,,LTU,Lithuania,A,Normal value,2020,,0,Units,0,Zero,USD,US dollar
DATAFLOW,OECD.CFE.EDS:DSD_REG_ECO@DF_INC(2.0),Income - Regions,I,A,Annual,CTRY,Country,CZE,Czechia,_Z,Not applicable,B6N,"Disposable income, net",_T,Total - all activities,Q,Constant prices,USD_PPP_PS,"US dollars per person, PPP converted",2004,,12631,,CZE,Czechia,A,Normal value,2020,,0,Units,0,Zero,USD,US dollar
DATAFLOW,OECD.CFE.EDS:DSD_REG_ECO@DF_INC(2.0),Income - Regions,I,A,Annual,CTRY,Country,ESP,Spain,_Z,Not applicable,B5N,"Primary incomes, net",_T,Total - all activities,Q,Constant prices,USD_PPP_PS,"US dollars per person, PPP converted",2004,,16874,,ESP,Spain,A,Normal value,2020,,0,Units,0,Zero,USD,US dollar
DATAFLOW,OECD.CFE.EDS:DSD_REG_ECO@DF_INC(2.0),Income - Regions,I,A,Annual,CTRY,Country,SVK,Slovak Republic,_Z,Not applicable,B5N,"Primary incomes, net",_T,Total - all activities,Q,Constant prices,USD_PPP_PS,"US dollars per person, PPP converted",2004,,10354.6,,SVK,Slovak Republic,A,Normal value,2020,,0,Units,0,Zero,USD,US dollar
DATAFLOW,OECD.CFE.EDS:DSD_REG_ECO@DF_INC(2.0),Income - Regions,I,A,Annual,CTRY,Country,PRT,Portugal,_Z,Not applicable,B5N,"Primary incomes, net",_T,Total - all activities,Q,Constant prices,USD_PPP_PS,"US dollars per person, PPP converted",2004,,18336.7,,PRT,Portugal,A,Normal value,2020,,0,Units,0,Zero,USD,US dollar
DATAFLOW,OECD.CFE.EDS:DSD_REG_ECO@DF_INC(2.0),Income - Regions,I,A,Annual,CTRY,Country,FRA,France,_Z,Not applicable,B6N,"Disposable income, net",_T,Total - all activities,Q,Constant prices,USD_PPP_PS,"US dollars per person, PPP converted",2004,,22614,,FRA,France,A,Normal value,2020,,0,Units,0,Zero,USD,US dollar
DATAFLOW,OECD.CFE.EDS:DSD_REG_ECO@DF_INC(2.0),Income - Regions,I,A,Annual,CTRY,Country,CYP,Cyprus,_Z,Not applicable,B5N,"Primary incomes, net",_T,Total - all activities,Q,Constant prices,USD_PPP_PS,"US dollars per person, PPP converted",2004,,21572.8,,CYP,Cyprus,A,Normal value,2020,,0,Units,0,Zero,USD,US dollar
DATAFLOW,OECD.CFE.EDS:DSD_REG_ECO@DF_INC(2.0),Income - Regions,I,A,Annual,CTRY,Country,SVN,Slovenia,_Z,Not applicable,B5N,"Primary incomes, net",_T,Total - all activities,Q,Constant prices,USD_PPP_PS,"US dollars per person, PPP converted",2004,,17354.1,,SVN,Slovenia,A,Normal value,2020,,0,Units,0,Zero,USD,US dollar
DATAFLOW,OECD.CFE.EDS:DSD_REG_ECO@DF_INC(2.0),Income - Regions,I,A,Annual,CTRY,Country,SVN,Slovenia,_Z,Not applicable,B6N,"Disposable income, net",_T,Total - all activities,Q,Constant prices,USD_PPP_PS,"US dollars per person, PPP converted",2004,,15456.4,,SVN,Slovenia,A,Normal value,2020,,0,Units,0,Zero,USD,US dollar
DATAFLOW,OECD.CFE.EDS:DSD_REG_ECO@DF_INC(2.0),Income - Regions,I,A,Annual,CTRY,Country,BEL,Belgium,_Z,Not applicable,B5N,"Primary incomes, net",_T,Total - all activities,Q,Constant prices,USD_PPP_PS,"US dollars per person, PPP converted",2004,,30268.8,,BEL,Belgium,A,Normal value,2020,,0,Units,0,Zero,USD,US dollar
DATAFLOW,OECD.CFE.EDS:DSD_REG_ECO@DF_INC(2.0),Income - Regions,I,A,Annual,CTRY,Country,EST,Estonia,_Z,Not applicable,B6N,"Disposable income, net",_T,Total - all activities,Q,Constant prices,USD_PPP_PS,"US dollars per person, PPP converted",2004,,8990.4,,EST,Estonia,A,Normal value,2020,,0,Units,0,Zero,USD,US dollar
DATAFLOW,OECD.CFE.EDS:DSD_REG_ECO@DF_INC(2.0),Income - Regions,I,A,Annual,CTRY,Country,POL,Poland,_Z,Not applicable,B5N,"Primary incomes, net",_T,Total - all activities,Q,Constant prices,USD_PPP_PS,"US dollars per person, PPP converted",2004,,11038.2,,POL,Poland,A,Normal value,2020,,0,Units,0,Zero,USD,US dollar
DATAFLOW,OECD.CFE.EDS:DSD_REG_ECO@DF_INC(2.0),Income - Regions,I,A,Annual,CTRY,Country,AUT,Austria,_Z,Not applicable,B5N,"Primary incomes, net",_T,Total - all activities,Q,Constant prices,USD_PPP_PS,"US dollars per person, PPP converted",2004,,30831.1,,AUT,Austria,A,Normal value,2020,,0,Units,0,Zero,USD,US dollar
DATAFLOW,OECD.CFE.EDS:DSD_REG_ECO@DF_INC(2.0),Income - Regions,I,A,Annual,CTRY,Country,MLT,Malta,_Z,Not applicable,B6N,"Disposable income, net",_T,Total - all activities,Q,Constant prices,USD_PPP_PS,"US dollars per person, PPP converted",2004,,14671.2,,MLT,Malta,A,Normal value,2020,,0,Units,0,Zero,USD,US dollar
DATAFLOW,OECD.CFE.EDS:DSD_REG_ECO@DF_INC(2.0),Income - Regions,I,A,Annual,CTRY,Country,HRV,Croatia,_Z,Not applicable,B6N,"Disposable income, net",_T,Total - all activities,Q,Constant prices,USD_PPP_PS,"US dollars per person, PPP converted",2004,,12604.3,,HRV,Croatia,A,Normal value,2020,,0,Units,0,Zero,USD,US dollar
DATAFLOW,OECD.CFE.EDS:DSD_REG_ECO@DF_INC(2.0),Income - Regions,I,A,Annual,CTRY,Country,DNK,Denmark,_Z,Not applicable,B5N,"Primary incomes, net",_T,Total - all activities,Q,Constant prices,USD_PPP_PS,"US dollars per person, PPP converted",2004,,25902.2,,DNK,Denmark,A,Normal value,2020,,0,Units,0,Zero,USD,US dollar
DATAFLOW,OECD.CFE.EDS:DSD_REG_ECO@DF_INC(2.0),Income - Regions,I,A,Annual,CTRY,Country,BEL,Belgium,_Z,Not applicable,B6N,"Disposable income, net",_T,Total - all activities,Q,Constant prices,USD_PPP_PS,"US dollars per person, PPP converted",2004,,23755.8,,BEL,Belgium,A,Normal value,2020,,0,Units,0,Zero,USD,US dollar
DATAFLOW,OECD.CFE.EDS:DSD_REG_ECO@DF_INC(2.0),Income - Regions,I,A,Annual,CTRY,Country,LVA,Latvia,_Z,Not applicable,B5N,"Primary incomes, net",_T,Total - all activities,Q,Constant prices,USD_PPP_PS,"US dollars per person, PPP converted",2004,,8586.5,,LVA,Latvia,A,Normal value,2020,,0,Units,0,Zero,USD,US dollar
DATAFLOW,OECD.CFE.EDS:DSD_REG_ECO@DF_INC(2.0),Income - Regions,I,A,Annual,CTRY,Country,CYP,Cyprus,_Z,Not applicable,B6N,"Disposable income, net",_T,Total - all activities,Q,Constant prices,USD_PPP_PS,"US dollars per person, PPP converted",2004,,22822.7,,CYP,Cyprus,A,Normal value,2020,,0,Units,0,Zero,USD,US dollar
DATAFLOW,OECD.CFE.EDS:DSD_REG_ECO@DF_INC(2.0),Income - Regions,I,A,Annual,CTRY,Country,MLT,Malta,_Z,Not applicable,B5N,"Primary incomes, net",_T,Total - all activities,Q,Constant prices,USD_PPP_PS,"US dollars per person, PPP converted",2004,,15243.2,,MLT,Malta,A,Normal value,2020,,0,Units,0,Zero,USD,US dollar
DATAFLOW,OECD.CFE.EDS:DSD_REG_ECO@DF_INC(2.0),Income - Regions,I,A,Annual,CTRY,Country,LUX,Luxembourg,_Z,Not applicable,B5N,"Primary incomes, net",_T,Total - all activities,Q,Constant prices,USD_PPP_PS,"US dollars per person, PPP converted",2004,,34638.1,,LUX,Luxembourg,A,Normal value,2020,,0,Units,0,Zero,USD,US dollar
DATAFLOW,OECD.CFE.EDS:DSD_REG_ECO@DF_INC(2.0),Income - Regions,I,A,Annual,CTRY,Country,EST,Estonia,_Z,Not applicable,B5N,"Primary incomes, net",_T,Total - all activities,Q,Constant prices,USD_PPP_PS,"US dollars per person, PPP converted",2004,,10018.3,,EST,Estonia,A,Normal value,2020,,0,Units,0,Zero,USD,US dollar
DATAFLOW,OECD.CFE.EDS:DSD_REG_ECO@DF_INC(2.0),Income - Regions,I,A,Annual,CTRY,Country,DNK,Denmark,_Z,Not applicable,B6N,"Disposable income, net",_T,Total - all activities,Q,Constant prices,USD_PPP_PS,"US dollars per person, PPP converted",2004,,18868.3,,DNK,Denmark,A,Normal value,2020,,0,Units,0,Zero,USD,US dollar
DATAFLOW,OECD.CFE.EDS:DSD_REG_ECO@DF_INC(2.0),Income - Regions,I,A,Annual,CTRY,Country,LTU,Lithuania,_Z,Not applicable,B6N,"Disposable income, net",_T,Total - all activities,Q,Constant prices,USD_PPP_PS,"US dollars per person, PPP converted",2004,,9643.1,,LTU,Lithuania,A,Normal value,2020,,0,Units,0,Zero,USD,US dollar
DATAFLOW,OECD.CFE.EDS:DSD_REG_ECO@DF_INC(2.0),Income - Regions,I,A,Annual,CTRY,Country,BGR,Bulgaria,_Z,Not applicable,B5N,"Primary incomes, net",_T,Total - all activities,Q,Constant prices,USD_PPP_PS,"US dollars per person, PPP converted",2004,,6162.4,,BGR,Bulgaria,A,Normal value,2020,,0,Units,0,Zero,USD,US dollar
DATAFLOW,OECD.CFE.EDS:DSD_REG_ECO@DF_INC(2.0),Income - Regions,I,A,Annual,CTRY,Country,HUN,Hungary,_Z,Not applicable,B5N,"Primary incomes, net",_T,Total - all activities,Q,Constant prices,USD_PPP_PS,"US dollars per person, PPP converted",2004,,11604.4,,HUN,Hungary,A,Normal value,2020,,0,Units,0,Zero,USD,US dollar
DATAFLOW,OECD.CFE.EDS:DSD_REG_ECO@DF_INC(2.0),Income - Regions,I,A,Annual,CTRY,Country,HRV,Croatia,_Z,Not applicable,B5N,"Primary incomes, net",_T,Total - all activities,Q,Constant prices,USD_PPP_PS,"US dollars per person, PPP converted",2004,,12630.7,,HRV,Croatia,A,Normal value,2020,,0,Units,0,Zero,USD,US dollar
DATAFLOW,OECD.CFE.EDS:DSD_REG_ECO@DF_INC(2.0),Income - Regions,I,A,Annual,CTRY,Country,FRA,France,_Z,Not applicable,B5N,"Primary incomes, net",_T,Total - all activities,Q,Constant prices,USD_PPP_PS,"US dollars per person, PPP converted",2004,,26191.3,,FRA,France,A,Normal value,2020,,0,Units,0,Zero,USD,US dollar
DATAFLOW,OECD.CFE.EDS:DSD_REG_ECO@DF_INC(2.0),Income - Regions,I,A,Annual,CTRY,Country,HUN,Hungary,_Z,Not applicable,B6N,"Disposable income, net",_T,Total - all activities,Q,Constant prices,USD_PPP_PS,"US dollars per person, PPP converted",2004,,10379.6,,HUN,Hungary,A,Normal value,2020,,0,Units,0,Zero,USD,US dollar
DATAFLOW,OECD.CFE.EDS:DSD_REG_ECO@DF_INC(2.0),Income - Regions,I,A,Annual,CTRY,Country,HUN,Hungary,_Z,Not applicable,B6N,"Disposable income, net",_T,Total - all activities,Q,Constant prices,USD_PPP_PS,"US dollars per person, PPP converted",2005,,10864.6,,HUN,Hungary,A,Normal value,2020,,0,Units,0,Zero,USD,US dollar
DATAFLOW,OECD.CFE.EDS:DSD_REG_ECO@DF_INC(2.0),Income - Regions,I,A,Annual,CTRY,Country,FRA,France,_Z,Not applicable,B5N,"Primary incomes, net",_T,Total - all activities,Q,Constant prices,USD_PPP_PS,"US dollars per person, PPP converted",2005,,26388.5,,FRA,France,A,Normal value,2020,,0,Units,0,Zero,USD,US dollar
DATAFLOW,OECD.CFE.EDS:DSD_REG_ECO@DF_INC(2.0),Income - Regions,I,A,Annual,CTRY,Country,HRV,Croatia,_Z,Not applicable,B5N,"Primary incomes, net",_T,Total - all activities,Q,Constant prices,USD_PPP_PS,"US dollars per person, PPP converted",2005,,13191.7,,HRV,Croatia,A,Normal value,2020,,0,Units,0,Zero,USD,US dollar
DATAFLOW,OECD.CFE.EDS:DSD_REG_ECO@DF_INC(2.0),Income - Regions,I,A,Annual,CTRY,Country,HUN,Hungary,_Z,Not applicable,B5N,"Primary incomes, net",_T,Total - all activities,Q,Constant prices,USD_PPP_PS,"US dollars per person, PPP converted",2005,,12080.2,,HUN,Hungary,A,Normal value,2020,,0,Units,0,Zero,USD,US dollar
DATAFLOW,OECD.CFE.EDS:DSD_REG_ECO@DF_INC(2.0),Income - Regions,I,A,Annual,CTRY,Country,BGR,Bulgaria,_Z,Not applicable,B5N,"Primary incomes, net",_T,Total - all activities,Q,Constant prices,USD_PPP_PS,"US dollars per person, PPP converted",2005,,6418.2,,BGR,Bulgaria,A,Normal value,2020,,0,Units,0,Zero,USD,US dollar
DATAFLOW,OECD.CFE.EDS:DSD_REG_ECO@DF_INC(2.0),Income - Regions,I,A,Annual,CTRY,Country,LTU,Lithuania,_Z,Not applicable,B6N,"Disposable income, net",_T,Total - all activities,Q,Constant prices,USD_PPP_PS,"US dollars per person, PPP converted",2005,,10632.4,,LTU,Lithuania,A,Normal value,2020,,0,Units,0,Zero,USD,US dollar
DATAFLOW,OECD.CFE.EDS:DSD_REG_ECO@DF_INC(2.0),Income - Regions,I,A,Annual,CTRY,Country,DNK,Denmark,_Z,Not applicable,B6N,"Disposable income, net",_T,Total - all activities,Q,Constant prices,USD_PPP_PS,"US dollars per person, PPP converted",2005,,18891.7,,DNK,Denmark,A,Normal value,2020,,0,Units,0,Zero,USD,US dollar
DATAFLOW,OECD.CFE.EDS:DSD_REG_ECO@DF_INC(2.0),Income - Regions,I,A,Annual,CTRY,Country,EST,Estonia,_Z,Not applicable,B5N,"Primary incomes, net",_T,Total - all activities,Q,Constant prices,USD_PPP_PS,"US dollars per person, PPP converted",2005,,11070.7,,EST,Estonia,A,Normal value,2020,,0,Units,0,Zero,USD,US dollar
DATAFLOW,OECD.CFE.EDS:DSD_REG_ECO@DF_INC(2.0),Income - Regions,I,A,Annual,CTRY,Country,LUX,Luxembourg,_Z,Not applicable,B5N,"Primary incomes, net",_T,Total - all activities,Q,Constant prices,USD_PPP_PS,"US dollars per person, PPP converted",2005,,34212.1,,LUX,Luxembourg,A,Normal value,2020,,0,Units,0,Zero,USD,US dollar
DATAFLOW,OECD.CFE.EDS:DSD_REG_ECO@DF_INC(2.0),Income - Regions,I,A,Annual,CTRY,Country,MLT,Malta,_Z,Not applicable,B5N,"Primary incomes, net",_T,Total - all activities,Q,Constant prices,USD_PPP_PS,"US dollars per person, PPP converted",2005,,15618,,MLT,Malta,A,Normal value,2020,,0,Units,0,Zero,USD,US dollar
DATAFLOW,OECD.CFE.EDS:DSD_REG_ECO@DF_INC(2.0),Income - Regions,I,A,Annual,CTRY,Country,CYP,Cyprus,_Z,Not applicable,B6N,"Disposable income, net",_T,Total - all activities,Q,Constant prices,USD_PPP_PS,"US dollars per person, PPP converted",2005,,23969.8,,CYP,Cyprus,A,Normal value,2020,,0,Units,0,Zero,USD,US dollar
DATAFLOW,OECD.CFE.EDS:DSD_REG_ECO@DF_INC(2.0),Income - Regions,I,A,Annual,CTRY,Country,LVA,Latvia,_Z,Not applicable,B5N,"Primary incomes, net",_T,Total - all activities,Q,Constant prices,USD_PPP_PS,"US dollars per person, PPP converted",2005,,9610.4,,LVA,Latvia,A,Normal value,2020,,0,Units,0,Zero,USD,US dollar
DATAFLOW,OECD.CFE.EDS:DSD_REG_ECO@DF_INC(2.0),Income - Regions,I,A,Annual,CTRY,Country,BEL,Belgium,_Z,Not applicable,B6N,"Disposable income, net",_T,Total - all activities,Q,Constant prices,USD_PPP_PS,"US dollars per person, PPP converted",2005,,23858,,BEL,Belgium,A,Normal value,2020,,0,Units,0,Zero,USD,US dollar
DATAFLOW,OECD.CFE.EDS:DSD_REG_ECO@DF_INC(2.0),Income - Regions,I,A,Annual,CTRY,Country,DNK,Denmark,_Z,Not applicable,B5N,"Primary incomes, net",_T,Total - all activities,Q,Constant prices,USD_PPP_PS,"US dollars per person, PPP converted",2005,,26615.2,,DNK,Denmark,A,Normal value,2020,,0,Units,0,Zero,USD,US dollar
DATAFLOW,OECD.CFE.EDS:DSD_REG_ECO@DF_INC(2.0),Income - Regions,I,A,Annual,CTRY,Country,HRV,Croatia,_Z,Not applicable,B6N,"Disposable income, net",_T,Total - all activities,Q,Constant prices,USD_PPP_PS,"US dollars per person, PPP converted",2005,,13095.2,,HRV,Croatia,A,Normal value,2020,,0,Units,0,Zero,USD,US dollar
DATAFLOW,OECD.CFE.EDS:DSD_REG_ECO@DF_INC(2.0),Income - Regions,I,A,Annual,CTRY,Country,MLT,Malta,_Z,Not applicable,B6N,"Disposable income, net",_T,Total - all activities,Q,Constant prices,USD_PPP_PS,"US dollars per person, PPP converted",2005,,14863.3,,MLT,Malta,A,Normal value,2020,,0,Units,0,Zero,USD,US dollar
DATAFLOW,OECD.CFE.EDS:DSD_REG_ECO@DF_INC(2.0),Income - Regions,I,A,Annual,CTRY,Country,POL,Poland,_Z,Not applicable,B6N,"Disposable income, net",_T,Total - all activities,Q,Constant prices,USD_PPP_PS,"US dollars per person, PPP converted",2005,,10732.6,,POL,Poland,A,Normal value,2020,,0,Units,0,Zero,USD,US dollar
DATAFLOW,OECD.CFE.EDS:DSD_REG_ECO@DF_INC(2.0),Income - Regions,I,A,Annual,CTRY,Country,POL,Poland,_Z,Not applicable,B5N,"Primary incomes, net",_T,Total - all activities,Q,Constant prices,USD_PPP_PS,"US dollars per person, PPP converted",2005,,11369.5,,POL,Poland,A,Normal value,2020,,0,Units,0,Zero,USD,US dollar
DATAFLOW,OECD.CFE.EDS:DSD_REG_ECO@DF_INC(2.0),Income - Regions,I,A,Annual,CTRY,Country,EST,Estonia,_Z,Not applicable,B6N,"Disposable income, net",_T,Total - all activities,Q,Constant prices,USD_PPP_PS,"US dollars per person, PPP converted",2005,,10032.2,,EST,Estonia,A,Normal value,2020,,0,Units,0,Zero,USD,US dollar
DATAFLOW,OECD.CFE.EDS:DSD_REG_ECO@DF_INC(2.0),Income - Regions,I,A,Annual,CTRY,Country,BEL,Belgium,_Z,Not applicable,B5N,"Primary incomes, net",_T,Total - all activities,Q,Constant prices,USD_PPP_PS,"US dollars per person, PPP converted",2005,,30338.2,,BEL,Belgium,A,Normal value,2020,,0,Units,0,Zero,USD,US dollar
DATAFLOW,OECD.CFE.EDS:DSD_REG_ECO@DF_INC(2.0),Income - Regions,I,A,Annual,CTRY,Country,SVN,Slovenia,_Z,Not applicable,B6N,"Disposable income, net",_T,Total - all activities,Q,Constant prices,USD_PPP_PS,"US dollars per person, PPP converted",2005,,16151.4,,SVN,Slovenia,A,Normal value,2020,,0,Units,0,Zero,USD,US dollar
DATAFLOW,OECD.CFE.EDS:DSD_REG_ECO@DF_INC(2.0),Income - Regions,I,A,Annual,CTRY,Country,SVN,Slovenia,_Z,Not applicable,B5N,"Primary incomes, net",_T,Total - all activities,Q,Constant prices,USD_PPP_PS,"US dollars per person, PPP converted",2005,,17938.2,,SVN,Slovenia,A,Normal value,2020,,0,Units,0,Zero,USD,US dollar
DATAFLOW,OECD.CFE.EDS:DSD_REG_ECO@DF_INC(2.0),Income - Regions,I,A,Annual,CTRY,Country,CYP,Cyprus,_Z,Not applicable,B5N,"Primary incomes, net",_T,Total - all activities,Q,Constant prices,USD_PPP_PS,"US dollars per person, PPP converted",2005,,22878.3,,CYP,Cyprus,A,Normal value,2020,,0,Units,0,Zero,USD,US dollar
DATAFLOW,OECD.CFE.EDS:DSD_REG_ECO@DF_INC(2.0),Income - Regions,I,A,Annual,CTRY,Country,FRA,France,_Z,Not applicable,B6N,"Disposable income, net",_T,Total - all activities,Q,Constant prices,USD_PPP_PS,"US dollars per person, PPP converted",2005,,22725.1,,FRA,France,A,Normal value,2020,,0,Units,0,Zero,USD,US dollar
DATAFLOW,OECD.CFE.EDS:DSD_REG_ECO@DF_INC(2.0),Income - Regions,I,A,Annual,CTRY,Country,PRT,Portugal,_Z,Not applicable,B5N,"Primary incomes, net",_T,Total - all activities,Q,Constant prices,USD_PPP_PS,"US dollars per person, PPP converted",2005,,18428.6,,PRT,Portugal,A,Normal value,2020,,0,Units,0,Zero,USD,US dollar
DATAFLOW,OECD.CFE.EDS:DSD_REG_ECO@DF_INC(2.0),Income - Regions,I,A,Annual,CTRY,Country,SVK,Slovak Republic,_Z,Not applicable,B5N,"Primary incomes, net",_T,Total - all activities,Q,Constant prices,USD_PPP_PS,"US dollars per person, PPP converted",2005,,11040.1,,SVK,Slovak Republic,A,Normal value,2020,,0,Units,0,Zero,USD,US dollar
DATAFLOW,OECD.CFE.EDS:DSD_REG_ECO@DF_INC(2.0),Income - Regions,I,A,Annual,CTRY,Country,ESP,Spain,_Z,Not applicable,B5N,"Primary incomes, net",_T,Total - all activities,Q,Constant prices,USD_PPP_PS,"US dollars per person, PPP converted",2005,,17201.9,,ESP,Spain,A,Normal value,2020,,0,Units,0,Zero,USD,US dollar
DATAFLOW,OECD.CFE.EDS:DSD_REG_ECO@DF_INC(2.0),Income - Regions,I,A,Annual,CTRY,Country,CZE,Czechia,_Z,Not applicable,B6N,"Disposable income, net",_T,Total - all activities,Q,Constant prices,USD_PPP_PS,"US dollars per person, PPP converted",2005,,13196.5,,CZE,Czechia,A,Normal value,2020,,0,Units,0,Zero,USD,US dollar
DATAFLOW,OECD.CFE.EDS:DSD_REG_ECO@DF_INC(2.0),Income - Regions,I,A,Annual,CTRY,Country,LTU,Lithuania,_Z,Not applicable,B5N,"Primary incomes, net",_T,Total - all activities,Q,Constant prices,USD_PPP_PS,"US dollars per person, PPP converted",2005,,11536.4,,LTU,Lithuania,A,Normal value,2020,,0,Units,0,Zero,USD,US dollar
DATAFLOW,OECD.CFE.EDS:DSD_REG_ECO@DF_INC(2.0),Income - Regions,I,A,Annual,CTRY,Country,LVA,Latvia,_Z,Not applicable,B6N,"Disposable income, net",_T,Total - all activities,Q,Constant prices,USD_PPP_PS,"US dollars per person, PPP converted",2005,,9451.8,,LVA,Latvia,A,Normal value,2020,,0,Units,0,Zero,USD,US dollar
DATAFLOW,OECD.CFE.EDS:DSD_REG_ECO@DF_INC(2.0),Income - Regions,I,A,Annual,CTRY,Country,BGR,Bulgaria,_Z,Not applicable,B6N,"Disposable income, net",_T,Total - all activities,Q,Constant prices,USD_PPP_PS,"US dollars per person, PPP converted",2005,,6421.2,,BGR,Bulgaria,A,Normal value,2020,,0,Units,0,Zero,USD,US dollar
DATAFLOW,OECD.CFE.EDS:DSD_REG_ECO@DF_INC(2.0),Income - Regions,I,A,Annual,CTRY,Country,LUX,Luxembourg,_Z,Not applicable,B6N,"Disposable income, net",_T,Total - all activities,Q,Constant prices,USD_PPP_PS,"US dollars per person, PPP converted",2005,,30905.5,,LUX,Luxembourg,A,Normal value,2020,,0,Units,0,Zero,USD,US dollar
DATAFLOW,OECD.CFE.EDS:DSD_REG_ECO@DF_INC(2.0),Income - Regions,I,A,Annual,CTRY,Country,GRC,Greece,_Z,Not applicable,B6N,"Disposable income, net",_T,Total - all activities,Q,Constant prices,USD_PPP_PS,"US dollars per person, PPP converted",2005,,20634.7,,GRC,Greece,A,Normal value,2020,,0,Units,0,Zero,USD,US dollar
DATAFLOW,OECD.CFE.EDS:DSD_REG_ECO@DF_INC(2.0),Income - Regions,I,A,Annual,CTRY,Country,SWE,Sweden,_Z,Not applicable,B6N,"Disposable income, net",_T,Total - all activities,Q,Constant prices,USD_PPP_PS,"US dollars per person, PPP converted",2005,,17290.1,,SWE,Sweden,A,Normal value,2020,,0,Units,0,Zero,USD,US dollar
DATAFLOW,OECD.CFE.EDS:DSD_REG_ECO@DF_INC(2.0),Income - Regions,I,A,Annual,CTRY,Country,ESP,Spain,_Z,Not applicable,B6N,"Disposable income, net",_T,Total - all activities,Q,Constant prices,USD_PPP_PS,"US dollars per person, PPP converted",2005,,22085.7,,ESP,Spain,A,Normal value,2020,,0,Units,0,Zero,USD,US dollar
DATAFLOW,OECD.CFE.EDS:DSD_REG_ECO@DF_INC(2.0),Income - Regions,I,A,Annual,CTRY,Country,SWE,Sweden,_Z,Not applicable,B5N,"Primary incomes, net",_T,Total - all activities,Q,Constant prices,USD_PPP_PS,"US dollars per person, PPP converted",2005,,21026.5,,SWE,Sweden,A,Normal value,2020,,0,Units,0,Zero,USD,US dollar
DATAFLOW,OECD.CFE.EDS:DSD_REG_ECO@DF_INC(2.0),Income - Regions,I,A,Annual,CTRY,Country,GRC,Greece,_Z,Not applicable,B5N,"Primary incomes, net",_T,Total - all activities,Q,Constant prices,USD_PPP_PS,"US dollars per person, PPP converted",2005,,21814.6,,GRC,Greece,A,Normal value,2020,,0,Units,0,Zero,USD,US dollar
DATAFLOW,OECD.CFE.EDS:DSD_REG_ECO@DF_INC(2.0),Income - Regions,I,A,Annual,CTRY,Country,SVK,Slovak Republic,_Z,Not applicable,B6N,"Disposable income, net",_T,Total - all activities,Q,Constant prices,USD_PPP_PS,"US dollars per person, PPP converted",2005,,10467,,SVK,Slovak Republic,A,Normal value,2020,,0,Units,0,Zero,USD,US dollar
DATAFLOW,OECD.CFE.EDS:DSD_REG_ECO@DF_INC(2.0),Income - Regions,I,A,Annual,CTRY,Country,CZE,Czechia,_Z,Not applicable,B5N,"Primary incomes, net",_T,Total - all activities,Q,Constant prices,USD_PPP_PS,"US dollars per person, PPP converted",2005,,15416.4,,CZE,Czechia,A,Normal value,2020,,0,Units,0,Zero,USD,US dollar
DATAFLOW,OECD.CFE.EDS:DSD_REG_ECO@DF_INC(2.0),Income - Regions,I,A,Annual,CTRY,Country,CZE,Czechia,_Z,Not applicable,B5N,"Primary incomes, net",_T,Total - all activities,Q,Constant prices,USD_PPP_PS,"US dollars per person, PPP converted",2006,,16148.6,,CZE,Czechia,A,Normal value,2020,,0,Units,0,Zero,USD,US dollar
DATAFLOW,OECD.CFE.EDS:DSD_REG_ECO@DF_INC(2.0),Income - Regions,I,A,Annual,CTRY,Country,SVK,Slovak Republic,_Z,Not applicable,B6N,"Disposable income, net",_T,Total - all activities,Q,Constant prices,USD_PPP_PS,"US dollars per person, PPP converted",2006,,10933.5,,SVK,Slovak Republic,A,Normal value,2020,,0,Units,0,Zero,USD,US dollar
DATAFLOW,OECD.CFE.EDS:DSD_REG_ECO@DF_INC(2.0),Income - Regions,I,A,Annual,CTRY,Country,GRC,Greece,_Z,Not applicable,B5N,"Primary incomes, net",_T,Total - all activities,Q,Constant prices,USD_PPP_PS,"US dollars per person, PPP converted",2006,,22768.7,,GRC,Greece,A,Normal value,2020,,0,Units,0,Zero,USD,US dollar
DATAFLOW,OECD.CFE.EDS:DSD_REG_ECO@DF_INC(2.0),Income - Regions,I,A,Annual,CTRY,Country,SWE,Sweden,_Z,Not applicable,B5N,"Primary incomes, net",_T,Total - all activities,Q,Constant prices,USD_PPP_PS,"US dollars per person, PPP converted",2006,,22295.5,,SWE,Sweden,A,Normal value,2020,,0,Units,0,Zero,USD,US dollar
DATAFLOW,OECD.CFE.EDS:DSD_REG_ECO@DF_INC(2.0),Income - Regions,I,A,Annual,CTRY,Country,ESP,Spain,_Z,Not applicable,B6N,"Disposable income, net",_T,Total - all activities,Q,Constant prices,USD_PPP_PS,"US dollars per person, PPP converted",2006,,22224.6,,ESP,Spain,A,Normal value,2020,,0,Units,0,Zero,USD,US dollar
DATAFLOW,OECD.CFE.EDS:DSD_REG_ECO@DF_INC(2.0),Income - Regions,I,A,Annual,CTRY,Country,SWE,Sweden,_Z,Not applicable,B6N,"Disposable income, net",_T,Total - all activities,Q,Constant prices,USD_PPP_PS,"US dollars per person, PPP converted",2006,,18119.1,,SWE,Sweden,A,Normal value,2020,,0,Units,0,Zero,USD,US dollar
DATAFLOW,OECD.CFE.EDS:DSD_REG_ECO@DF_INC(2.0),Income - Regions,I,A,Annual,CTRY,Country,GRC,Greece,_Z,Not applicable,B6N,"Disposable income, net",_T,Total - all activities,Q,Constant prices,USD_PPP_PS,"US dollars per person, PPP converted",2006,,21779.6,,GRC,Greece,A,Normal value,2020,,0,Units,0,Zero,USD,US dollar
DATAFLOW,OECD.CFE.EDS:DSD_REG_ECO@DF_INC(2.0),Income - Regions,I,A,Annual,CTRY,Country,LUX,Luxembourg,_Z,Not applicable,B6N,"Disposable income, net",_T,Total - all activities,Q,Constant prices,USD_PPP_PS,"US dollars per person, PPP converted",2006,,31419.1,,LUX,Luxembourg,A,Normal value,2020,,0,Units,0,Zero,USD,US dollar
DATAFLOW,OECD.CFE.EDS:DSD_REG_ECO@DF_INC(2.0),Income - Regions,I,A,Annual,CTRY,Country,BGR,Bulgaria,_Z,Not applicable,B6N,"Disposable income, net",_T,Total - all activities,Q,Constant prices,USD_PPP_PS,"US dollars per person, PPP converted",2006,,7120.3,,BGR,Bulgaria,A,Normal value,2020,,0,Units,0,Zero,USD,US dollar
DATAFLOW,OECD.CFE.EDS:DSD_REG_ECO@DF_INC(2.0),Income - Regions,I,A,Annual,CTRY,Country,LVA,Latvia,_Z,Not applicable,B6N,"Disposable income, net",_T,Total - all activities,Q,Constant prices,USD_PPP_PS,"US dollars per person, PPP converted",2006,,10911.2,,LVA,Latvia,A,Normal value,2020,,0,Units,0,Zero,USD,US dollar
DATAFLOW,OECD.CFE.EDS:DSD_REG_ECO@DF_INC(2.0),Income - Regions,I,A,Annual,CTRY,Country,LTU,Lithuania,_Z,Not applicable,B5N,"Primary incomes, net",_T,Total - all activities,Q,Constant prices,USD_PPP_PS,"US dollars per person, PPP converted",2006,,13308.2,,LTU,Lithuania,A,Normal value,2020,,0,Units,0,Zero,USD,US dollar
DATAFLOW,OECD.CFE.EDS:DSD_REG_ECO@DF_INC(2.0),Income - Regions,I,A,Annual,CTRY,Country,CZE,Czechia,_Z,Not applicable,B6N,"Disposable income, net",_T,Total - all activities,Q,Constant prices,USD_PPP_PS,"US dollars per person, PPP converted",2006,,13849.4,,CZE,Czechia,A,Normal value,2020,,0,Units,0,Zero,USD,US dollar
DATAFLOW,OECD.CFE.EDS:DSD_REG_ECO@DF_INC(2.0),Income - Regions,I,A,Annual,CTRY,Country,ESP,Spain,_Z,Not applicable,B5N,"Primary incomes, net",_T,Total - all activities,Q,Constant prices,USD_PPP_PS,"US dollars per person, PPP converted",2006,,17710.1,,ESP,Spain,A,Normal value,2020,,0,Units,0,Zero,USD,US dollar
DATAFLOW,OECD.CFE.EDS:DSD_REG_ECO@DF_INC(2.0),Income - Regions,I,A,Annual,CTRY,Country,SVK,Slovak Republic,_Z,Not applicable,B5N,"Primary incomes, net",_T,Total - all activities,Q,Constant prices,USD_PPP_PS,"US dollars per person, PPP converted",2006,,11671.5,,SVK,Slovak Republic,A,Normal value,2020,,0,Units,0,Zero,USD,US dollar
DATAFLOW,OECD.CFE.EDS:DSD_REG_ECO@DF_INC(2.0),Income - Regions,I,A,Annual,CTRY,Country,FRA,France,_Z,Not applicable,B6N,"Disposable income, net",_T,Total - all activities,Q,Constant prices,USD_PPP_PS,"US dollars per person, PPP converted",2006,,23196.9,,FRA,France,A,Normal value,2020,,0,Units,0,Zero,USD,US dollar
DATAFLOW,OECD.CFE.EDS:DSD_REG_ECO@DF_INC(2.0),Income - Regions,I,A,Annual,CTRY,Country,CYP,Cyprus,_Z,Not applicable,B5N,"Primary incomes, net",_T,Total - all activities,Q,Constant prices,USD_PPP_PS,"US dollars per person, PPP converted",2006,,23297.9,,CYP,Cyprus,A,Normal value,2020,,0,Units,0,Zero,USD,US dollar
DATAFLOW,OECD.CFE.EDS:DSD_REG_ECO@DF_INC(2.0),Income - Regions,I,A,Annual,CTRY,Country,SVN,Slovenia,_Z,Not applicable,B5N,"Primary incomes, net",_T,Total - all activities,Q,Constant prices,USD_PPP_PS,"US dollars per person, PPP converted",2006,,18607.2,,SVN,Slovenia,A,Normal value,2020,,0,Units,0,Zero,USD,US dollar
DATAFLOW,OECD.CFE.EDS:DSD_REG_ECO@DF_INC(2.0),Income - Regions,I,A,Annual,CTRY,Country,SVN,Slovenia,_Z,Not applicable,B6N,"Disposable income, net",_T,Total - all activities,Q,Constant prices,USD_PPP_PS,"US dollars per person, PPP converted",2006,,16570.7,,SVN,Slovenia,A,Normal value,2020,,0,Units,0,Zero,USD,US dollar
DATAFLOW,OECD.CFE.EDS:DSD_REG_ECO@DF_INC(2.0),Income - Regions,I,A,Annual,CTRY,Country,EST,Estonia,_Z,Not applicable,B6N,"Disposable income, net",_T,Total - all activities,Q,Constant prices,USD_PPP_PS,"US dollars per person, PPP converted",2006,,11490.9,,EST,Estonia,A,Normal value,2020,,0,Units,0,Zero,USD,US dollar
DATAFLOW,OECD.CFE.EDS:DSD_REG_ECO@DF_INC(2.0),Income - Regions,I,A,Annual,CTRY,Country,POL,Poland,_Z,Not applicable,B5N,"Primary incomes, net",_T,Total - all activities,Q,Constant prices,USD_PPP_PS,"US dollars per person, PPP converted",2006,,11961.5,,POL,Poland,A,Normal value,2020,,0,Units,0,Zero,USD,US dollar
DATAFLOW,OECD.CFE.EDS:DSD_REG_ECO@DF_INC(2.0),Income - Regions,I,A,Annual,CTRY,Country,POL,Poland,_Z,Not applicable,B6N,"Disposable income, net",_T,Total - all activities,Q,Constant prices,USD_PPP_PS,"US dollars per person, PPP converted",2006,,11274.4,,POL,Poland,A,Normal value,2020,,0,Units,0,Zero,USD,US dollar
DATAFLOW,OECD.CFE.EDS:DSD_REG_ECO@DF_INC(2.0),Income - Regions,I,A,Annual,CTRY,Country,MLT,Malta,_Z,Not applicable,B6N,"Disposable income, net",_T,Total - all activities,Q,Constant prices,USD_PPP_PS,"US dollars per person, PPP converted",2006,,15331.9,,MLT,Malta,A,Normal value,2020,,0,Units,0,Zero,USD,US dollar
DATAFLOW,OECD.CFE.EDS:DSD_REG_ECO@DF_INC(2.0),Income - Regions,I,A,Annual,CTRY,Country,HRV,Croatia,_Z,Not applicable,B6N,"Disposable income, net",_T,Total - all activities,Q,Constant prices,USD_PPP_PS,"US dollars per person, PPP converted",2006,,13285.7,,HRV,Croatia,A,Normal value,2020,,0,Units,0,Zero,USD,US dollar
DATAFLOW,OECD.CFE.EDS:DSD_REG_ECO@DF_INC(2.0),Income - Regions,I,A,Annual,CTRY,Country,DNK,Denmark,_Z,Not applicable,B5N,"Primary incomes, net",_T,Total - all activities,Q,Constant prices,USD_PPP_PS,"US dollars per person, PPP converted",2006,,27488.5,,DNK,Denmark,A,Normal value,2020,,0,Units,0,Zero,USD,US dollar
DATAFLOW,OECD.CFE.EDS:DSD_REG_ECO@DF_INC(2.0),Income - Regions,I,A,Annual,CTRY,Country,LVA,Latvia,_Z,Not applicable,B5N,"Primary incomes, net",_T,Total - all activities,Q,Constant prices,USD_PPP_PS,"US dollars per person, PPP converted",2006,,11053.9,,LVA,Latvia,A,Normal value,2020,,0,Units,0,Zero,USD,US dollar
DATAFLOW,OECD.CFE.EDS:DSD_REG_ECO@DF_INC(2.0),Income - Regions,I,A,Annual,CTRY,Country,CYP,Cyprus,_Z,Not applicable,B6N,"Disposable income, net",_T,Total - all activities,Q,Constant prices,USD_PPP_PS,"US dollars per person, PPP converted",2006,,24498.5,,CYP,Cyprus,A,Normal value,2020,,0,Units,0,Zero,USD,US dollar
DATAFLOW,OECD.CFE.EDS:DSD_REG_ECO@DF_INC(2.0),Income - Regions,I,A,Annual,CTRY,Country,MLT,Malta,_Z,Not applicable,B5N,"Primary incomes, net",_T,Total - all activities,Q,Constant prices,USD_PPP_PS,"US dollars per person, PPP converted",2006,,16093.1,,MLT,Malta,A,Normal value,2020,,0,Units,0,Zero,USD,US dollar
DATAFLOW,OECD.CFE.EDS:DSD_REG_ECO@DF_INC(2.0),Income - Regions,I,A,Annual,CTRY,Country,LUX,Luxembourg,_Z,Not applicable,B5N,"Primary incomes, net",_T,Total - all activities,Q,Constant prices,USD_PPP_PS,"US dollars per person, PPP converted",2006,,35225.9,,LUX,Luxembourg,A,Normal value,2020,,0,Units,0,Zero,USD,US dollar
DATAFLOW,OECD.CFE.EDS:DSD_REG_ECO@DF_INC(2.0),Income - Regions,I,A,Annual,CTRY,Country,EST,Estonia,_Z,Not applicable,B5N,"Primary incomes, net",_T,Total - all activities,Q,Constant prices,USD_PPP_PS,"US dollars per person, PPP converted",2006,,12834.3,,EST,Estonia,A,Normal value,2020,,0,Units,0,Zero,USD,US dollar
DATAFLOW,OECD.CFE.EDS:DSD_REG_ECO@DF_INC(2.0),Income - Regions,I,A,Annual,CTRY,Country,DNK,Denmark,_Z,Not applicable,B6N,"Disposable income, net",_T,Total - all activities,Q,Constant prices,USD_PPP_PS,"US dollars per person, PPP converted",2006,,19276.2,,DNK,Denmark,A,Normal value,2020,,0,Units,0,Zero,USD,US dollar
DATAFLOW,OECD.CFE.EDS:DSD_REG_ECO@DF_INC(2.0),Income - Regions,I,A,Annual,CTRY,Country,LTU,Lithuania,_Z,Not applicable,B6N,"Disposable income, net",_T,Total - all activities,Q,Constant prices,USD_PPP_PS,"US dollars per person, PPP converted",2006,,12114.4,,LTU,Lithuania,A,Normal value,2020,,0,Units,0,Zero,USD,US dollar
DATAFLOW,OECD.CFE.EDS:DSD_REG_ECO@DF_INC(2.0),Income - Regions,I,A,Annual,CTRY,Country,BGR,Bulgaria,_Z,Not applicable,B5N,"Primary incomes, net",_T,Total - all activities,Q,Constant prices,USD_PPP_PS,"US dollars per person, PPP converted",2006,,7098.4,,BGR,Bulgaria,A,Normal value,2020,,0,Units,0,Zero,USD,US dollar
DATAFLOW,OECD.CFE.EDS:DSD_REG_ECO@DF_INC(2.0),Income - Regions,I,A,Annual,CTRY,Country,HUN,Hungary,_Z,Not applicable,B5N,"Primary incomes, net",_T,Total - all activities,Q,Constant prices,USD_PPP_PS,"US dollars per person, PPP converted",2006,,12364.3,,HUN,Hungary,A,Normal value,2020,,0,Units,0,Zero,USD,US dollar
DATAFLOW,OECD.CFE.EDS:DSD_REG_ECO@DF_INC(2.0),Income - Regions,I,A,Annual,CTRY,Country,HRV,Croatia,_Z,Not applicable,B5N,"Primary incomes, net",_T,Total - all activities,Q,Constant prices,USD_PPP_PS,"US dollars per person, PPP converted",2006,,13745.3,,HRV,Croatia,A,Normal value,2020,,0,Units,0,Zero,USD,US dollar
DATAFLOW,OECD.CFE.EDS:DSD_REG_ECO@DF_INC(2.0),Income - Regions,I,A,Annual,CTRY,Country,FRA,France,_Z,Not applicable,B5N,"Primary incomes, net",_T,Total - all activities,Q,Constant prices,USD_PPP_PS,"US dollars per person, PPP converted",2006,,26970.6,,FRA,France,A,Normal value,2020,,0,Units,0,Zero,USD,US dollar
DATAFLOW,OECD.CFE.EDS:DSD_REG_ECO@DF_INC(2.0),Income - Regions,I,A,Annual,CTRY,Country,HUN,Hungary,_Z,Not applicable,B6N,"Disposable income, net",_T,Total - all activities,Q,Constant prices,USD_PPP_PS,"US dollars per person, PPP converted",2006,,11075.7,,HUN,Hungary,A,Normal value,2020,,0,Units,0,Zero,USD,US dollar
DATAFLOW,OECD.CFE.EDS:DSD_REG_ECO@DF_INC(2.0),Income - Regions,I,A,Annual,CTRY,Country,HUN,Hungary,_Z,Not applicable,B6N,"Disposable income, net",_T,Total - all activities,Q,Constant prices,USD_PPP_PS,"US dollars per person, PPP converted",2007,,10704.7,,HUN,Hungary,A,Normal value,2020,,0,Units,0,Zero,USD,US dollar
DATAFLOW,OECD.CFE.EDS:DSD_REG_ECO@DF_INC(2.0),Income - Regions,I,A,Annual,CTRY,Country,FRA,France,_Z,Not applicable,B5N,"Primary incomes, net",_T,Total - all activities,Q,Constant prices,USD_PPP_PS,"US dollars per person, PPP converted",2007,,27445.8,,FRA,France,A,Normal value,2020,,0,Units,0,Zero,USD,US dollar
DATAFLOW,OECD.CFE.EDS:DSD_REG_ECO@DF_INC(2.0),Income - Regions,I,A,Annual,CTRY,Country,HRV,Croatia,_Z,Not applicable,B5N,"Primary incomes, net",_T,Total - all activities,Q,Constant prices,USD_PPP_PS,"US dollars per person, PPP converted",2007,,14789.9,,HRV,Croatia,A,Normal value,2020,,0,Units,0,Zero,USD,US dollar
DATAFLOW,OECD.CFE.EDS:DSD_REG_ECO@DF_INC(2.0),Income - Regions,I,A,Annual,CTRY,Country,HUN,Hungary,_Z,Not applicable,B5N,"Primary incomes, net",_T,Total - all activities,Q,Constant prices,USD_PPP_PS,"US dollars per person, PPP converted",2007,,12219.6,,HUN,Hungary,A,Normal value,2020,,0,Units,0,Zero,USD,US dollar
DATAFLOW,OECD.CFE.EDS:DSD_REG_ECO@DF_INC(2.0),Income - Regions,I,A,Annual,CTRY,Country,BGR,Bulgaria,_Z,Not applicable,B5N,"Primary incomes, net",_T,Total - all activities,Q,Constant prices,USD_PPP_PS,"US dollars per person, PPP converted",2007,,7586.9,,BGR,Bulgaria,A,Normal value,2020,,0,Units,0,Zero,USD,US dollar
DATAFLOW,OECD.CFE.EDS:DSD_REG_ECO@DF_INC(2.0),Income - Regions,I,A,Annual,CTRY,Country,LTU,Lithuania,_Z,Not applicable,B6N,"Disposable income, net",_T,Total - all activities,Q,Constant prices,USD_PPP_PS,"US dollars per person, PPP converted",2007,,12807,,LTU,Lithuania,A,Normal value,2020,,0,Units,0,Zero,USD,US dollar
DATAFLOW,OECD.CFE.EDS:DSD_REG_ECO@DF_INC(2.0),Income - Regions,I,A,Annual,CTRY,Country,DNK,Denmark,_Z,Not applicable,B6N,"Disposable income, net",_T,Total - all activities,Q,Constant prices,USD_PPP_PS,"US dollars per person, PPP converted",2007,,18972.8,,DNK,Denmark,A,Normal value,2020,,0,Units,0,Zero,USD,US dollar
DATAFLOW,OECD.CFE.EDS:DSD_REG_ECO@DF_INC(2.0),Income - Regions,I,A,Annual,CTRY,Country,EST,Estonia,_Z,Not applicable,B5N,"Primary incomes, net",_T,Total - all activities,Q,Constant prices,USD_PPP_PS,"US dollars per person, PPP converted",2007,,14431,,EST,Estonia,A,Normal value,2020,,0,Units,0,Zero,USD,US dollar
DATAFLOW,OECD.CFE.EDS:DSD_REG_ECO@DF_INC(2.0),Income - Regions,I,A,Annual,CTRY,Country,LUX,Luxembourg,_Z,Not applicable,B5N,"Primary incomes, net",_T,Total - all activities,Q,Constant prices,USD_PPP_PS,"US dollars per person, PPP converted",2007,,35799.8,,LUX,Luxembourg,A,Normal value,2020,,0,Units,0,Zero,USD,US dollar
DATAFLOW,OECD.CFE.EDS:DSD_REG_ECO@DF_INC(2.0),Income - Regions,I,A,Annual,CTRY,Country,MLT,Malta,_Z,Not applicable,B5N,"Primary incomes, net",_T,Total - all activities,Q,Constant prices,USD_PPP_PS,"US dollars per person, PPP converted",2007,,16905.1,,MLT,Malta,A,Normal value,2020,,0,Units,0,Zero,USD,US dollar
DATAFLOW,OECD.CFE.EDS:DSD_REG_ECO@DF_INC(2.0),Income - Regions,I,A,Annual,CTRY,Country,CYP,Cyprus,_Z,Not applicable,B6N,"Disposable income, net",_T,Total - all activities,Q,Constant prices,USD_PPP_PS,"US dollars per person, PPP converted",2007,,24673.2,,CYP,Cyprus,A,Normal value,2020,,0,Units,0,Zero,USD,US dollar
DATAFLOW,OECD.CFE.EDS:DSD_REG_ECO@DF_INC(2.0),Income - Regions,I,A,Annual,CTRY,Country,LVA,Latvia,_Z,Not applicable,B5N,"Primary incomes, net",_T,Total - all activities,Q,Constant prices,USD_PPP_PS,"US dollars per person, PPP converted",2007,,13149.3,,LVA,Latvia,A,Normal value,2020,,0,Units,0,Zero,USD,US dollar
DATAFLOW,OECD.CFE.EDS:DSD_REG_ECO@DF_INC(2.0),Income - Regions,I,A,Annual,CTRY,Country,BEL,Belgium,_Z,Not applicable,B6N,"Disposable income, net",_T,Total - all activities,Q,Constant prices,USD_PPP_PS,"US dollars per person, PPP converted",2007,,24696.6,,BEL,Belgium,A,Normal value,2020,,0,Units,0,Zero,USD,US dollar
DATAFLOW,OECD.CFE.EDS:DSD_REG_ECO@DF_INC(2.0),Income - Regions,I,A,Annual,CTRY,Country,DNK,Denmark,_Z,Not applicable,B5N,"Primary incomes, net",_T,Total - all activities,Q,Constant prices,USD_PPP_PS,"US dollars per person, PPP converted",2007,,27726,,DNK,Denmark,A,Normal value,2020,,0,Units,0,Zero,USD,US dollar
DATAFLOW,OECD.CFE.EDS:DSD_REG_ECO@DF_INC(2.0),Income - Regions,I,A,Annual,CTRY,Country,HRV,Croatia,_Z,Not applicable,B6N,"Disposable income, net",_T,Total - all activities,Q,Constant prices,USD_PPP_PS,"US dollars per person, PPP converted",2007,,14023.9,,HRV,Croatia,A,Normal value,2020,,0,Units,0,Zero,USD,US dollar
DATAFLOW,OECD.CFE.EDS:DSD_REG_ECO@DF_INC(2.0),Income - Regions,I,A,Annual,CTRY,Country,MLT,Malta,_Z,Not applicable,B6N,"Disposable income, net",_T,Total - all activities,Q,Constant prices,USD_PPP_PS,"US dollars per person, PPP converted",2007,,16344.5,,MLT,Malta,A,Normal value,2020,,0,Units,0,Zero,USD,US dollar
DATAFLOW,OECD.CFE.EDS:DSD_REG_ECO@DF_INC(2.0),Income - Regions,I,A,Annual,CTRY,Country,AUT,Austria,_Z,Not applicable,B5N,"Primary incomes, net",_T,Total - all activities,Q,Constant prices,USD_PPP_PS,"US dollars per person, PPP converted",2007,,33219.3,,AUT,Austria,A,Normal value,2020,,0,Units,0,Zero,USD,US dollar
DATAFLOW,OECD.CFE.EDS:DSD_REG_ECO@DF_INC(2.0),Income - Regions,I,A,Annual,CTRY,Country,POL,Poland,_Z,Not applicable,B5N,"Primary incomes, net",_T,Total - all activities,Q,Constant prices,USD_PPP_PS,"US dollars per person, PPP converted",2007,,12809.6,,POL,Poland,A,Normal value,2020,,0,Units,0,Zero,USD,US dollar
DATAFLOW,OECD.CFE.EDS:DSD_REG_ECO@DF_INC(2.0),Income - Regions,I,A,Annual,CTRY,Country,EST,Estonia,_Z,Not applicable,B6N,"Disposable income, net",_T,Total - all activities,Q,Constant prices,USD_PPP_PS,"US dollars per person, PPP converted",2007,,12426,,EST,Estonia,A,Normal value,2020,,0,Units,0,Zero,USD,US dollar
DATAFLOW,OECD.CFE.EDS:DSD_REG_ECO@DF_INC(2.0),Income - Regions,I,A,Annual,CTRY,Country,ROU,Romania,_Z,Not applicable,B6N,"Disposable income, net",_T,Total - all activities,Q,Constant prices,USD_PPP_PS,"US dollars per person, PPP converted",2007,,7622.1,,ROU,Romania,A,Normal value,2020,,0,Units,0,Zero,USD,US dollar
DATAFLOW,OECD.CFE.EDS:DSD_REG_ECO@DF_INC(2.0),Income - Regions,I,A,Annual,CTRY,Country,BEL,Belgium,_Z,Not applicable,B5N,"Primary incomes, net",_T,Total - all activities,Q,Constant prices,USD_PPP_PS,"US dollars per person, PPP converted",2007,,31319.6,,BEL,Belgium,A,Normal value,2020,,0,Units,0,Zero,USD,US dollar
DATAFLOW,OECD.CFE.EDS:DSD_REG_ECO@DF_INC(2.0),Income - Regions,I,A,Annual,CTRY,Country,SVN,Slovenia,_Z,Not applicable,B6N,"Disposable income, net",_T,Total - all activities,Q,Constant prices,USD_PPP_PS,"US dollars per person, PPP converted",2007,,17413.3,,SVN,Slovenia,A,Normal value,2020,,0,Units,0,Zero,USD,US dollar
DATAFLOW,OECD.CFE.EDS:DSD_REG_ECO@DF_INC(2.0),Income - Regions,I,A,Annual,CTRY,Country,SVN,Slovenia,_Z,Not applicable,B5N,"Primary incomes, net",_T,Total - all activities,Q,Constant prices,USD_PPP_PS,"US dollars per person, PPP converted",2007,,19563.4,,SVN,Slovenia,A,Normal value,2020,,0,Units,0,Zero,USD,US dollar
DATAFLOW,OECD.CFE.EDS:DSD_REG_ECO@DF_INC(2.0),Income - Regions,I,A,Annual,CTRY,Country,CYP,Cyprus,_Z,Not applicable,B5N,"Primary incomes, net",_T,Total - all activities,Q,Constant prices,USD_PPP_PS,"US dollars per person, PPP converted",2007,,24177,,CYP,Cyprus,A,Normal value,2020,,0,Units,0,Zero,USD,US dollar
DATAFLOW,OECD.CFE.EDS:DSD_REG_ECO@DF_INC(2.0),Income - Regions,I,A,Annual,CTRY,Country,FRA,France,_Z,Not applicable,B6N,"Disposable income, net",_T,Total - all activities,Q,Constant prices,USD_PPP_PS,"US dollars per person, PPP converted",2007,,23767.9,,FRA,France,A,Normal value,2020,,0,Units,0,Zero,USD,US dollar
DATAFLOW,OECD.CFE.EDS:DSD_REG_ECO@DF_INC(2.0),Income - Regions,I,A,Annual,CTRY,Country,SVK,Slovak Republic,_Z,Not applicable,B5N,"Primary incomes, net",_T,Total - all activities,Q,Constant prices,USD_PPP_PS,"US dollars per person, PPP converted",2007,,12749.3,,SVK,Slovak Republic,A,Normal value,2020,,0,Units,0,Zero,USD,US dollar
DATAFLOW,OECD.CFE.EDS:DSD_REG_ECO@DF_INC(2.0),Income - Regions,I,A,Annual,CTRY,Country,ESP,Spain,_Z,Not applicable,B5N,"Primary incomes, net",_T,Total - all activities,Q,Constant prices,USD_PPP_PS,"US dollars per person, PPP converted",2007,,18122.9,,ESP,Spain,A,Normal value,2020,,0,Units,0,Zero,USD,US dollar
DATAFLOW,OECD.CFE.EDS:DSD_REG_ECO@DF_INC(2.0),Income - Regions,I,A,Annual,CTRY,Country,CZE,Czechia,_Z,Not applicable,B6N,"Disposable income, net",_T,Total - all activities,Q,Constant prices,USD_PPP_PS,"US dollars per person, PPP converted",2007,,14206.4,,CZE,Czechia,A,Normal value,2020,,0,Units,0,Zero,USD,US dollar
DATAFLOW,OECD.CFE.EDS:DSD_REG_ECO@DF_INC(2.0),Income - Regions,I,A,Annual,CTRY,Country,LTU,Lithuania,_Z,Not applicable,B5N,"Primary incomes, net",_T,Total - all activities,Q,Constant prices,USD_PPP_PS,"US dollars per person, PPP converted",2007,,13986.6,,LTU,Lithuania,A,Normal value,2020,,0,Units,0,Zero,USD,US dollar
DATAFLOW,OECD.CFE.EDS:DSD_REG_ECO@DF_INC(2.0),Income - Regions,I,A,Annual,CTRY,Country,LVA,Latvia,_Z,Not applicable,B6N,"Disposable income, net",_T,Total - all activities,Q,Constant prices,USD_PPP_PS,"US dollars per person, PPP converted",2007,,12060.5,,LVA,Latvia,A,Normal value,2020,,0,Units,0,Zero,USD,US dollar
DATAFLOW,OECD.CFE.EDS:DSD_REG_ECO@DF_INC(2.0),Income - Regions,I,A,Annual,CTRY,Country,SWE,Sweden,_Z,Not applicable,B6N,"Disposable income, net",_T,Total - all activities,Q,Constant prices,USD_PPP_PS,"US dollars per person, PPP converted",2007,,19087.4,,SWE,Sweden,A,Normal value,2020,,0,Units,0,Zero,USD,US dollar
DATAFLOW,OECD.CFE.EDS:DSD_REG_ECO@DF_INC(2.0),Income - Regions,I,A,Annual,CTRY,Country,BGR,Bulgaria,_Z,Not applicable,B6N,"Disposable income, net",_T,Total - all activities,Q,Constant prices,USD_PPP_PS,"US dollars per person, PPP converted",2007,,7429.9,,BGR,Bulgaria,A,Normal value,2020,,0,Units,0,Zero,USD,US dollar
DATAFLOW,OECD.CFE.EDS:DSD_REG_ECO@DF_INC(2.0),Income - Regions,I,A,Annual,CTRY,Country,PRT,Portugal,_Z,Not applicable,B6N,"Disposable income, net",_T,Total - all activities,Q,Constant prices,USD_PPP_PS,"US dollars per person, PPP converted",2007,,17922.2,,PRT,Portugal,A,Normal value,2020,,0,Units,0,Zero,USD,US dollar
DATAFLOW,OECD.CFE.EDS:DSD_REG_ECO@DF_INC(2.0),Income - Regions,I,A,Annual,CTRY,Country,LUX,Luxembourg,_Z,Not applicable,B6N,"Disposable income, net",_T,Total - all activities,Q,Constant prices,USD_PPP_PS,"US dollars per person, PPP converted",2007,,31861.4,,LUX,Luxembourg,A,Normal value,2020,,0,Units,0,Zero,USD,US dollar
DATAFLOW,OECD.CFE.EDS:DSD_REG_ECO@DF_INC(2.0),Income - Regions,I,A,Annual,CTRY,Country,AUT,Austria,_Z,Not applicable,B6N,"Disposable income, net",_T,Total - all activities,Q,Constant prices,USD_PPP_PS,"US dollars per person, PPP converted",2007,,28895.4,,AUT,Austria,A,Normal value,2020,,0,Units,0,Zero,USD,US dollar
DATAFLOW,OECD.CFE.EDS:DSD_REG_ECO@DF_INC(2.0),Income - Regions,I,A,Annual,CTRY,Country,GRC,Greece,_Z,Not applicable,B6N,"Disposable income, net",_T,Total - all activities,Q,Constant prices,USD_PPP_PS,"US dollars per person, PPP converted",2007,,22309.9,,GRC,Greece,A,Normal value,2020,,0,Units,0,Zero,USD,US dollar
DATAFLOW,OECD.CFE.EDS:DSD_REG_ECO@DF_INC(2.0),Income - Regions,I,A,Annual,CTRY,Country,ESP,Spain,_Z,Not applicable,B6N,"Disposable income, net",_T,Total - all activities,Q,Constant prices,USD_PPP_PS,"US dollars per person, PPP converted",2007,,22168.9,,ESP,Spain,A,Normal value,2020,,0,Units,0,Zero,USD,US dollar
DATAFLOW,OECD.CFE.EDS:DSD_REG_ECO@DF_INC(2.0),Income - Regions,I,A,Annual,CTRY,Country,SWE,Sweden,_Z,Not applicable,B5N,"Primary incomes, net",_T,Total - all activities,Q,Constant prices,USD_PPP_PS,"US dollars per person, PPP converted",2007,,23764.5,,SWE,Sweden,A,Normal value,2020,,0,Units,0,Zero,USD,US dollar
DATAFLOW,OECD.CFE.EDS:DSD_REG_ECO@DF_INC(2.0),Income - Regions,I,A,Annual,CTRY,Country,GRC,Greece,_Z,Not applicable,B5N,"Primary incomes, net",_T,Total - all activities,Q,Constant prices,USD_PPP_PS,"US dollars per person, PPP converted",2007,,23416.2,,GRC,Greece,A,Normal value,2020,,0,Units,0,Zero,USD,US dollar
DATAFLOW,OECD.CFE.EDS:DSD_REG_ECO@DF_INC(2.0),Income - Regions,I,A,Annual,CTRY,Country,SVK,Slovak Republic,_Z,Not applicable,B6N,"Disposable income, net",_T,Total - all activities,Q,Constant prices,USD_PPP_PS,"US dollars per person, PPP converted",2007,,11909.4,,SVK,Slovak Republic,A,Normal value,2020,,0,Units,0,Zero,USD,US dollar
DATAFLOW,OECD.CFE.EDS:DSD_REG_ECO@DF_INC(2.0),Income - Regions,I,A,Annual,CTRY,Country,CZE,Czechia,_Z,Not applicable,B5N,"Primary incomes, net",_T,Total - all activities,Q,Constant prices,USD_PPP_PS,"US dollars per person, PPP converted",2007,,16626.4,,CZE,Czechia,A,Normal value,2020,,0,Units,0,Zero,USD,US dollar
DATAFLOW,OECD.CFE.EDS:DSD_REG_ECO@DF_INC(2.0),Income - Regions,I,A,Annual,CTRY,Country,CZE,Czechia,_Z,Not applicable,B5N,"Primary incomes, net",_T,Total - all activities,Q,Constant prices,USD_PPP_PS,"US dollars per person, PPP converted",2008,,16939.1,,CZE,Czechia,A,Normal value,2020,,0,Units,0,Zero,USD,US dollar
DATAFLOW,OECD.CFE.EDS:DSD_REG_ECO@DF_INC(2.0),Income - Regions,I,A,Annual,CTRY,Country,SVK,Slovak Republic,_Z,Not applicable,B6N,"Disposable income, net",_T,Total - all activities,Q,Constant prices,USD_PPP_PS,"US dollars per person, PPP converted",2008,,12657.6,,SVK,Slovak Republic,A,Normal value,2020,,0,Units,0,Zero,USD,US dollar
DATAFLOW,OECD.CFE.EDS:DSD_REG_ECO@DF_INC(2.0),Income - Regions,I,A,Annual,CTRY,Country,GRC,Greece,_Z,Not applicable,B5N,"Primary incomes, net",_T,Total - all activities,Q,Constant prices,USD_PPP_PS,"US dollars per person, PPP converted",2008,,23696.5,,GRC,Greece,A,Normal value,2020,,0,Units,0,Zero,USD,US dollar
DATAFLOW,OECD.CFE.EDS:DSD_REG_ECO@DF_INC(2.0),Income - Regions,I,A,Annual,CTRY,Country,SWE,Sweden,_Z,Not applicable,B5N,"Primary incomes, net",_T,Total - all activities,Q,Constant prices,USD_PPP_PS,"US dollars per person, PPP converted",2008,,24044.3,,SWE,Sweden,A,Normal value,2020,,0,Units,0,Zero,USD,US dollar
DATAFLOW,OECD.CFE.EDS:DSD_REG_ECO@DF_INC(2.0),Income - Regions,I,A,Annual,CTRY,Country,ESP,Spain,_Z,Not applicable,B6N,"Disposable income, net",_T,Total - all activities,Q,Constant prices,USD_PPP_PS,"US dollars per person, PPP converted",2008,,22182.4,,ESP,Spain,A,Normal value,2020,,0,Units,0,Zero,USD,US dollar
DATAFLOW,OECD.CFE.EDS:DSD_REG_ECO@DF_INC(2.0),Income - Regions,I,A,Annual,CTRY,Country,SWE,Sweden,_Z,Not applicable,B6N,"Disposable income, net",_T,Total - all activities,Q,Constant prices,USD_PPP_PS,"US dollars per person, PPP converted",2008,,19590.5,,SWE,Sweden,A,Normal value,2020,,0,Units,0,Zero,USD,US dollar
DATAFLOW,OECD.CFE.EDS:DSD_REG_ECO@DF_INC(2.0),Income - Regions,I,A,Annual,CTRY,Country,GRC,Greece,_Z,Not applicable,B6N,"Disposable income, net",_T,Total - all activities,Q,Constant prices,USD_PPP_PS,"US dollars per person, PPP converted",2008,,23007.4,,GRC,Greece,A,Normal value,2020,,0,Units,0,Zero,USD,US dollar
DATAFLOW,OECD.CFE.EDS:DSD_REG_ECO@DF_INC(2.0),Income - Regions,I,A,Annual,CTRY,Country,AUT,Austria,_Z,Not applicable,B6N,"Disposable income, net",_T,Total - all activities,Q,Constant prices,USD_PPP_PS,"US dollars per person, PPP converted",2008,,29078,,AUT,Austria,A,Normal value,2020,,0,Units,0,Zero,USD,US dollar
DATAFLOW,OECD.CFE.EDS:DSD_REG_ECO@DF_INC(2.0),Income - Regions,I,A,Annual,CTRY,Country,LUX,Luxembourg,_Z,Not applicable,B6N,"Disposable income, net",_T,Total - all activities,Q,Constant prices,USD_PPP_PS,"US dollars per person, PPP converted",2008,,31952.6,,LUX,Luxembourg,A,Normal value,2020,,0,Units,0,Zero,USD,US dollar
DATAFLOW,OECD.CFE.EDS:DSD_REG_ECO@DF_INC(2.0),Income - Regions,I,A,Annual,CTRY,Country,PRT,Portugal,_Z,Not applicable,B6N,"Disposable income, net",_T,Total - all activities,Q,Constant prices,USD_PPP_PS,"US dollars per person, PPP converted",2008,,18074.5,,PRT,Portugal,A,Normal value,2020,,0,Units,0,Zero,USD,US dollar
DATAFLOW,OECD.CFE.EDS:DSD_REG_ECO@DF_INC(2.0),Income - Regions,I,A,Annual,CTRY,Country,BGR,Bulgaria,_Z,Not applicable,B6N,"Disposable income, net",_T,Total - all activities,Q,Constant prices,USD_PPP_PS,"US dollars per person, PPP converted",2008,,8504.9,,BGR,Bulgaria,A,Normal value,2020,,0,Units,0,Zero,USD,US dollar
DATAFLOW,OECD.CFE.EDS:DSD_REG_ECO@DF_INC(2.0),Income - Regions,I,A,Annual,CTRY,Country,LVA,Latvia,_Z,Not applicable,B6N,"Disposable income, net",_T,Total - all activities,Q,Constant prices,USD_PPP_PS,"US dollars per person, PPP converted",2008,,12679.2,,LVA,Latvia,A,Normal value,2020,,0,Units,0,Zero,USD,US dollar
DATAFLOW,OECD.CFE.EDS:DSD_REG_ECO@DF_INC(2.0),Income - Regions,I,A,Annual,CTRY,Country,LTU,Lithuania,_Z,Not applicable,B5N,"Primary incomes, net",_T,Total - all activities,Q,Constant prices,USD_PPP_PS,"US dollars per person, PPP converted",2008,,15106.8,,LTU,Lithuania,A,Normal value,2020,,0,Units,0,Zero,USD,US dollar
DATAFLOW,OECD.CFE.EDS:DSD_REG_ECO@DF_INC(2.0),Income - Regions,I,A,Annual,CTRY,Country,CZE,Czechia,_Z,Not applicable,B6N,"Disposable income, net",_T,Total - all activities,Q,Constant prices,USD_PPP_PS,"US dollars per person, PPP converted",2008,,14782.9,,CZE,Czechia,A,Normal value,2020,,0,Units,0,Zero,USD,US dollar
DATAFLOW,OECD.CFE.EDS:DSD_REG_ECO@DF_INC(2.0),Income - Regions,I,A,Annual,CTRY,Country,ESP,Spain,_Z,Not applicable,B5N,"Primary incomes, net",_T,Total - all activities,Q,Constant prices,USD_PPP_PS,"US dollars per person, PPP converted",2008,,18435.5,,ESP,Spain,A,Normal value,2020,,0,Units,0,Zero,USD,US dollar
DATAFLOW,OECD.CFE.EDS:DSD_REG_ECO@DF_INC(2.0),Income - Regions,I,A,Annual,CTRY,Country,SVK,Slovak Republic,_Z,Not applicable,B5N,"Primary incomes, net",_T,Total - all activities,Q,Constant prices,USD_PPP_PS,"US dollars per person, PPP converted",2008,,13568.3,,SVK,Slovak Republic,A,Normal value,2020,,0,Units,0,Zero,USD,US dollar
DATAFLOW,OECD.CFE.EDS:DSD_REG_ECO@DF_INC(2.0),Income - Regions,I,A,Annual,CTRY,Country,PRT,Portugal,_Z,Not applicable,B5N,"Primary incomes, net",_T,Total - all activities,Q,Constant prices,USD_PPP_PS,"US dollars per person, PPP converted",2008,,18517.5,,PRT,Portugal,A,Normal value,2020,,0,Units,0,Zero,USD,US dollar
DATAFLOW,OECD.CFE.EDS:DSD_REG_ECO@DF_INC(2.0),Income - Regions,I,A,Annual,CTRY,Country,FRA,France,_Z,Not applicable,B6N,"Disposable income, net",_T,Total - all activities,Q,Constant prices,USD_PPP_PS,"US dollars per person, PPP converted",2008,,23697.9,,FRA,France,A,Normal value,2020,,0,Units,0,Zero,USD,US dollar
DATAFLOW,OECD.CFE.EDS:DSD_REG_ECO@DF_INC(2.0),Income - Regions,I,A,Annual,CTRY,Country,CYP,Cyprus,_Z,Not applicable,B5N,"Primary incomes, net",_T,Total - all activities,Q,Constant prices,USD_PPP_PS,"US dollars per person, PPP converted",2008,,25274.4,,CYP,Cyprus,A,Normal value,2020,,0,Units,0,Zero,USD,US dollar
DATAFLOW,OECD.CFE.EDS:DSD_REG_ECO@DF_INC(2.0),Income - Regions,I,A,Annual,CTRY,Country,SVN,Slovenia,_Z,Not applicable,B5N,"Primary incomes, net",_T,Total - all activities,Q,Constant prices,USD_PPP_PS,"US dollars per person, PPP converted",2008,,20185.3,,SVN,Slovenia,A,Normal value,2020,,0,Units,0,Zero,USD,US dollar
DATAFLOW,OECD.CFE.EDS:DSD_REG_ECO@DF_INC(2.0),Income - Regions,I,A,Annual,CTRY,Country,SVN,Slovenia,_Z,Not applicable,B6N,"Disposable income, net",_T,Total - all activities,Q,Constant prices,USD_PPP_PS,"US dollars per person, PPP converted",2008,,17797.8,,SVN,Slovenia,A,Normal value,2020,,0,Units,0,Zero,USD,US dollar
DATAFLOW,OECD.CFE.EDS:DSD_REG_ECO@DF_INC(2.0),Income - Regions,I,A,Annual,CTRY,Country,ROU,Romania,_Z,Not applicable,B6N,"Disposable income, net",_T,Total - all activities,Q,Constant prices,USD_PPP_PS,"US dollars per person, PPP converted",2008,,8913.8,,ROU,Romania,A,Normal value,2020,,0,Units,0,Zero,USD,US dollar
DATAFLOW,OECD.CFE.EDS:DSD_REG_ECO@DF_INC(2.0),Income - Regions,I,A,Annual,CTRY,Country,EST,Estonia,_Z,Not applicable,B6N,"Disposable income, net",_T,Total - all activities,Q,Constant prices,USD_PPP_PS,"US dollars per person, PPP converted",2008,,13266.9,,EST,Estonia,A,Normal value,2020,,0,Units,0,Zero,USD,US dollar
DATAFLOW,OECD.CFE.EDS:DSD_REG_ECO@DF_INC(2.0),Income - Regions,I,A,Annual,CTRY,Country,AUT,Austria,_Z,Not applicable,B5N,"Primary incomes, net",_T,Total - all activities,Q,Constant prices,USD_PPP_PS,"US dollars per person, PPP converted",2008,,33723.8,,AUT,Austria,A,Normal value,2020,,0,Units,0,Zero,USD,US dollar
DATAFLOW,OECD.CFE.EDS:DSD_REG_ECO@DF_INC(2.0),Income - Regions,I,A,Annual,CTRY,Country,MLT,Malta,_Z,Not applicable,B6N,"Disposable income, net",_T,Total - all activities,Q,Constant prices,USD_PPP_PS,"US dollars per person, PPP converted",2008,,15697.1,,MLT,Malta,A,Normal value,2020,,0,Units,0,Zero,USD,US dollar
DATAFLOW,OECD.CFE.EDS:DSD_REG_ECO@DF_INC(2.0),Income - Regions,I,A,Annual,CTRY,Country,HRV,Croatia,_Z,Not applicable,B6N,"Disposable income, net",_T,Total - all activities,Q,Constant prices,USD_PPP_PS,"US dollars per person, PPP converted",2008,,13847.4,,HRV,Croatia,A,Normal value,2020,,0,Units,0,Zero,USD,US dollar
DATAFLOW,OECD.CFE.EDS:DSD_REG_ECO@DF_INC(2.0),Income - Regions,I,A,Annual,CTRY,Country,DNK,Denmark,_Z,Not applicable,B5N,"Primary incomes, net",_T,Total - all activities,Q,Constant prices,USD_PPP_PS,"US dollars per person, PPP converted",2008,,27642,,DNK,Denmark,A,Normal value,2020,,0,Units,0,Zero,USD,US dollar
DATAFLOW,OECD.CFE.EDS:DSD_REG_ECO@DF_INC(2.0),Income - Regions,I,A,Annual,CTRY,Country,LVA,Latvia,_Z,Not applicable,B5N,"Primary incomes, net",_T,Total - all activities,Q,Constant prices,USD_PPP_PS,"US dollars per person, PPP converted",2008,,13442.1,,LVA,Latvia,A,Normal value,2020,,0,Units,0,Zero,USD,US dollar
DATAFLOW,OECD.CFE.EDS:DSD_REG_ECO@DF_INC(2.0),Income - Regions,I,A,Annual,CTRY,Country,CYP,Cyprus,_Z,Not applicable,B6N,"Disposable income, net",_T,Total - all activities,Q,Constant prices,USD_PPP_PS,"US dollars per person, PPP converted",2008,,25902.3,,CYP,Cyprus,A,Normal value,2020,,0,Units,0,Zero,USD,US dollar
DATAFLOW,OECD.CFE.EDS:DSD_REG_ECO@DF_INC(2.0),Income - Regions,I,A,Annual,CTRY,Country,MLT,Malta,_Z,Not applicable,B5N,"Primary incomes, net",_T,Total - all activities,Q,Constant prices,USD_PPP_PS,"US dollars per person, PPP converted",2008,,16242.3,,MLT,Malta,A,Normal value,2020,,0,Units,0,Zero,USD,US dollar
DATAFLOW,OECD.CFE.EDS:DSD_REG_ECO@DF_INC(2.0),Income - Regions,I,A,Annual,CTRY,Country,LUX,Luxembourg,_Z,Not applicable,B5N,"Primary incomes, net",_T,Total - all activities,Q,Constant prices,USD_PPP_PS,"US dollars per person, PPP converted",2008,,35986.4,,LUX,Luxembourg,A,Normal value,2020,,0,Units,0,Zero,USD,US dollar
DATAFLOW,OECD.CFE.EDS:DSD_REG_ECO@DF_INC(2.0),Income - Regions,I,A,Annual,CTRY,Country,EST,Estonia,_Z,Not applicable,B5N,"Primary incomes, net",_T,Total - all activities,Q,Constant prices,USD_PPP_PS,"US dollars per person, PPP converted",2008,,14730.7,,EST,Estonia,A,Normal value,2020,,0,Units,0,Zero,USD,US dollar
DATAFLOW,OECD.CFE.EDS:DSD_REG_ECO@DF_INC(2.0),Income - Regions,I,A,Annual,CTRY,Country,DNK,Denmark,_Z,Not applicable,B6N,"Disposable income, net",_T,Total - all activities,Q,Constant prices,USD_PPP_PS,"US dollars per person, PPP converted",2008,,18686.5,,DNK,Denmark,A,Normal value,2020,,0,Units,0,Zero,USD,US dollar
DATAFLOW,OECD.CFE.EDS:DSD_REG_ECO@DF_INC(2.0),Income - Regions,I,A,Annual,CTRY,Country,LTU,Lithuania,_Z,Not applicable,B6N,"Disposable income, net",_T,Total - all activities,Q,Constant prices,USD_PPP_PS,"US dollars per person, PPP converted",2008,,14229.1,,LTU,Lithuania,A,Normal value,2020,,0,Units,0,Zero,USD,US dollar
DATAFLOW,OECD.CFE.EDS:DSD_REG_ECO@DF_INC(2.0),Income - Regions,I,A,Annual,CTRY,Country,ROU,Romania,_Z,Not applicable,B5N,"Primary incomes, net",_T,Total - all activities,Q,Constant prices,USD_PPP_PS,"US dollars per person, PPP converted",2008,,9269.4,,ROU,Romania,A,Normal value,2020,,0,Units,0,Zero,USD,US dollar
DATAFLOW,OECD.CFE.EDS:DSD_REG_ECO@DF_INC(2.0),Income - Regions,I,A,Annual,CTRY,Country,BGR,Bulgaria,_Z,Not applicable,B5N,"Primary incomes, net",_T,Total - all activities,Q,Constant prices,USD_PPP_PS,"US dollars per person, PPP converted",2008,,8518.7,,BGR,Bulgaria,A,Normal value,2020,,0,Units,0,Zero,USD,US dollar
DATAFLOW,OECD.CFE.EDS:DSD_REG_ECO@DF_INC(2.0),Income - Regions,I,A,Annual,CTRY,Country,HUN,Hungary,_Z,Not applicable,B5N,"Primary incomes, net",_T,Total - all activities,Q,Constant prices,USD_PPP_PS,"US dollars per person, PPP converted",2008,,12152.4,,HUN,Hungary,A,Normal value,2020,,0,Units,0,Zero,USD,US dollar
DATAFLOW,OECD.CFE.EDS:DSD_REG_ECO@DF_INC(2.0),Income - Regions,I,A,Annual,CTRY,Country,HRV,Croatia,_Z,Not applicable,B5N,"Primary incomes, net",_T,Total - all activities,Q,Constant prices,USD_PPP_PS,"US dollars per person, PPP converted",2008,,14760.3,,HRV,Croatia,A,Normal value,2020,,0,Units,0,Zero,USD,US dollar
DATAFLOW,OECD.CFE.EDS:DSD_REG_ECO@DF_INC(2.0),Income - Regions,I,A,Annual,CTRY,Country,FRA,France,_Z,Not applicable,B5N,"Primary incomes, net",_T,Total - all activities,Q,Constant prices,USD_PPP_PS,"US dollars per person, PPP converted",2008,,27397.9,,FRA,France,A,Normal value,2020,,0,Units,0,Zero,USD,US dollar
DATAFLOW,OECD.CFE.EDS:DSD_REG_ECO@DF_INC(2.0),Income - Regions,I,A,Annual,CTRY,Country,HUN,Hungary,_Z,Not applicable,B6N,"Disposable income, net",_T,Total - all activities,Q,Constant prices,USD_PPP_PS,"US dollars per person, PPP converted",2008,,10510.1,,HUN,Hungary,A,Normal value,2020,,0,Units,0,Zero,USD,US dollar
DATAFLOW,OECD.CFE.EDS:DSD_REG_ECO@DF_INC(2.0),Income - Regions,I,A,Annual,CTRY,Country,HUN,Hungary,_Z,Not applicable,B6N,"Disposable income, net",_T,Total - all activities,Q,Constant prices,USD_PPP_PS,"US dollars per person, PPP converted",2009,,10043.5,,HUN,Hungary,A,Normal value,2020,,0,Units,0,Zero,USD,US dollar
DATAFLOW,OECD.CFE.EDS:DSD_REG_ECO@DF_INC(2.0),Income - Regions,I,A,Annual,CTRY,Country,FRA,France,_Z,Not applicable,B5N,"Primary incomes, net",_T,Total - all activities,Q,Constant prices,USD_PPP_PS,"US dollars per person, PPP converted",2009,,27257.8,,FRA,France,A,Normal value,2020,,0,Units,0,Zero,USD,US dollar
DATAFLOW,OECD.CFE.EDS:DSD_REG_ECO@DF_INC(2.0),Income - Regions,I,A,Annual,CTRY,Country,HRV,Croatia,_Z,Not applicable,B5N,"Primary incomes, net",_T,Total - all activities,Q,Constant prices,USD_PPP_PS,"US dollars per person, PPP converted",2009,,13774.2,,HRV,Croatia,A,Normal value,2020,,0,Units,0,Zero,USD,US dollar
DATAFLOW,OECD.CFE.EDS:DSD_REG_ECO@DF_INC(2.0),Income - Regions,I,A,Annual,CTRY,Country,HUN,Hungary,_Z,Not applicable,B5N,"Primary incomes, net",_T,Total - all activities,Q,Constant prices,USD_PPP_PS,"US dollars per person, PPP converted",2009,,11321,,HUN,Hungary,A,Normal value,2020,,0,Units,0,Zero,USD,US dollar
DATAFLOW,OECD.CFE.EDS:DSD_REG_ECO@DF_INC(2.0),Income - Regions,I,A,Annual,CTRY,Country,BGR,Bulgaria,_Z,Not applicable,B5N,"Primary incomes, net",_T,Total - all activities,Q,Constant prices,USD_PPP_PS,"US dollars per person, PPP converted",2009,,8299.3,,BGR,Bulgaria,A,Normal value,2020,,0,Units,0,Zero,USD,US dollar
DATAFLOW,OECD.CFE.EDS:DSD_REG_ECO@DF_INC(2.0),Income - Regions,I,A,Annual,CTRY,Country,LTU,Lithuania,_Z,Not applicable,B6N,"Disposable income, net",_T,Total - all activities,Q,Constant prices,USD_PPP_PS,"US dollars per person, PPP converted",2009,,12541.2,,LTU,Lithuania,A,Normal value,2020,,0,Units,0,Zero,USD,US dollar
DATAFLOW,OECD.CFE.EDS:DSD_REG_ECO@DF_INC(2.0),Income - Regions,I,A,Annual,CTRY,Country,DNK,Denmark,_Z,Not applicable,B6N,"Disposable income, net",_T,Total - all activities,Q,Constant prices,USD_PPP_PS,"US dollars per person, PPP converted",2009,,19203,,DNK,Denmark,A,Normal value,2020,,0,Units,0,Zero,USD,US dollar
DATAFLOW,OECD.CFE.EDS:DSD_REG_ECO@DF_INC(2.0),Income - Regions,I,A,Annual,CTRY,Country,EST,Estonia,_Z,Not applicable,B5N,"Primary incomes, net",_T,Total - all activities,Q,Constant prices,USD_PPP_PS,"US dollars per person, PPP converted",2009,,12743.3,,EST,Estonia,A,Normal value,2020,,0,Units,0,Zero,USD,US dollar
DATAFLOW,OECD.CFE.EDS:DSD_REG_ECO@DF_INC(2.0),Income - Regions,I,A,Annual,CTRY,Country,LUX,Luxembourg,_Z,Not applicable,B5N,"Primary incomes, net",_T,Total - all activities,Q,Constant prices,USD_PPP_PS,"US dollars per person, PPP converted",2009,,36210.8,,LUX,Luxembourg,A,Normal value,2020,,0,Units,0,Zero,USD,US dollar
DATAFLOW,OECD.CFE.EDS:DSD_REG_ECO@DF_INC(2.0),Income - Regions,I,A,Annual,CTRY,Country,MLT,Malta,_Z,Not applicable,B5N,"Primary incomes, net",_T,Total - all activities,Q,Constant prices,USD_PPP_PS,"US dollars per person, PPP converted",2009,,16065.8,,MLT,Malta,A,Normal value,2020,,0,Units,0,Zero,USD,US dollar
DATAFLOW,OECD.CFE.EDS:DSD_REG_ECO@DF_INC(2.0),Income - Regions,I,A,Annual,CTRY,Country,CYP,Cyprus,_Z,Not applicable,B6N,"Disposable income, net",_T,Total - all activities,Q,Constant prices,USD_PPP_PS,"US dollars per person, PPP converted",2009,,25472.8,,CYP,Cyprus,A,Normal value,2020,,0,Units,0,Zero,USD,US dollar
DATAFLOW,OECD.CFE.EDS:DSD_REG_ECO@DF_INC(2.0),Income - Regions,I,A,Annual,CTRY,Country,LVA,Latvia,_Z,Not applicable,B5N,"Primary incomes, net",_T,Total - all activities,Q,Constant prices,USD_PPP_PS,"US dollars per person, PPP converted",2009,,11226.6,,LVA,Latvia,A,Normal value,2020,,0,Units,0,Zero,USD,US dollar
DATAFLOW,OECD.CFE.EDS:DSD_REG_ECO@DF_INC(2.0),Income - Regions,I,A,Annual,CTRY,Country,DNK,Denmark,_Z,Not applicable,B5N,"Primary incomes, net",_T,Total - all activities,Q,Constant prices,USD_PPP_PS,"US dollars per person, PPP converted",2009,,26960.7,,DNK,Denmark,A,Normal value,2020,,0,Units,0,Zero,USD,US dollar
DATAFLOW,OECD.CFE.EDS:DSD_REG_ECO@DF_INC(2.0),Income - Regions,I,A,Annual,CTRY,Country,HRV,Croatia,_Z,Not applicable,B6N,"Disposable income, net",_T,Total - all activities,Q,Constant prices,USD_PPP_PS,"US dollars per person, PPP converted",2009,,12992.1,,HRV,Croatia,A,Normal value,2020,,0,Units,0,Zero,USD,US dollar
DATAFLOW,OECD.CFE.EDS:DSD_REG_ECO@DF_INC(2.0),Income - Regions,I,A,Annual,CTRY,Country,MLT,Malta,_Z,Not applicable,B6N,"Disposable income, net",_T,Total - all activities,Q,Constant prices,USD_PPP_PS,"US dollars per person, PPP converted",2009,,15581.9,,MLT,Malta,A,Normal value,2020,,0,Units,0,Zero,USD,US dollar
DATAFLOW,OECD.CFE.EDS:DSD_REG_ECO@DF_INC(2.0),Income - Regions,I,A,Annual,CTRY,Country,AUT,Austria,_Z,Not applicable,B5N,"Primary incomes, net",_T,Total - all activities,Q,Constant prices,USD_PPP_PS,"US dollars per person, PPP converted",2009,,32948.6,,AUT,Austria,A,Normal value,2020,,0,Units,0,Zero,USD,US dollar
DATAFLOW,OECD.CFE.EDS:DSD_REG_ECO@DF_INC(2.0),Income - Regions,I,A,Annual,CTRY,Country,POL,Poland,_Z,Not applicable,B6N,"Disposable income, net",_T,Total - all activities,Q,Constant prices,USD_PPP_PS,"US dollars per person, PPP converted",2009,,12939,,POL,Poland,A,Normal value,2020,,0,Units,0,Zero,USD,US dollar
DATAFLOW,OECD.CFE.EDS:DSD_REG_ECO@DF_INC(2.0),Income - Regions,I,A,Annual,CTRY,Country,ROU,Romania,_Z,Not applicable,B5N,"Primary incomes, net",_T,Total - all activities,Q,Constant prices,USD_PPP_PS,"US dollars per person, PPP converted",2009,,8448.8,,ROU,Romania,A,Normal value,2020,,0,Units,0,Zero,USD,US dollar
DATAFLOW,OECD.CFE.EDS:DSD_REG_ECO@DF_INC(2.0),Income - Regions,I,A,Annual,CTRY,Country,POL,Poland,_Z,Not applicable,B5N,"Primary incomes, net",_T,Total - all activities,Q,Constant prices,USD_PPP_PS,"US dollars per person, PPP converted",2009,,13765,,POL,Poland,A,Normal value,2020,,0,Units,0,Zero,USD,US dollar
DATAFLOW,OECD.CFE.EDS:DSD_REG_ECO@DF_INC(2.0),Income - Regions,I,A,Annual,CTRY,Country,EST,Estonia,_Z,Not applicable,B6N,"Disposable income, net",_T,Total - all activities,Q,Constant prices,USD_PPP_PS,"US dollars per person, PPP converted",2009,,12254.3,,EST,Estonia,A,Normal value,2020,,0,Units,0,Zero,USD,US dollar
DATAFLOW,OECD.CFE.EDS:DSD_REG_ECO@DF_INC(2.0),Income - Regions,I,A,Annual,CTRY,Country,ROU,Romania,_Z,Not applicable,B6N,"Disposable income, net",_T,Total - all activities,Q,Constant prices,USD_PPP_PS,"US dollars per person, PPP converted",2009,,8414.7,,ROU,Romania,A,Normal value,2020,,0,Units,0,Zero,USD,US dollar
DATAFLOW,OECD.CFE.EDS:DSD_REG_ECO@DF_INC(2.0),Income - Regions,I,A,Annual,CTRY,Country,SVN,Slovenia,_Z,Not applicable,B6N,"Disposable income, net",_T,Total - all activities,Q,Constant prices,USD_PPP_PS,"US dollars per person, PPP converted",2009,,17224.5,,SVN,Slovenia,A,Normal value,2020,,0,Units,0,Zero,USD,US dollar
DATAFLOW,OECD.CFE.EDS:DSD_REG_ECO@DF_INC(2.0),Income - Regions,I,A,Annual,CTRY,Country,SVN,Slovenia,_Z,Not applicable,B5N,"Primary incomes, net",_T,Total - all activities,Q,Constant prices,USD_PPP_PS,"US dollars per person, PPP converted",2009,,19281.5,,SVN,Slovenia,A,Normal value,2020,,0,Units,0,Zero,USD,US dollar
DATAFLOW,OECD.CFE.EDS:DSD_REG_ECO@DF_INC(2.0),Income - Regions,I,A,Annual,CTRY,Country,CYP,Cyprus,_Z,Not applicable,B5N,"Primary incomes, net",_T,Total - all activities,Q,Constant prices,USD_PPP_PS,"US dollars per person, PPP converted",2009,,25075.3,,CYP,Cyprus,A,Normal value,2020,,0,Units,0,Zero,USD,US dollar
DATAFLOW,OECD.CFE.EDS:DSD_REG_ECO@DF_INC(2.0),Income - Regions,I,A,Annual,CTRY,Country,FRA,France,_Z,Not applicable,B6N,"Disposable income, net",_T,Total - all activities,Q,Constant prices,USD_PPP_PS,"US dollars per person, PPP converted",2009,,24008.8,,FRA,France,A,Normal value,2020,,0,Units,0,Zero,USD,US dollar
DATAFLOW,OECD.CFE.EDS:DSD_REG_ECO@DF_INC(2.0),Income - Regions,I,A,Annual,CTRY,Country,PRT,Portugal,_Z,Not applicable,B5N,"Primary incomes, net",_T,Total - all activities,Q,Constant prices,USD_PPP_PS,"US dollars per person, PPP converted",2009,,18720,,PRT,Portugal,A,Normal value,2020,,0,Units,0,Zero,USD,US dollar
DATAFLOW,OECD.CFE.EDS:DSD_REG_ECO@DF_INC(2.0),Income - Regions,I,A,Annual,CTRY,Country,SVK,Slovak Republic,_Z,Not applicable,B5N,"Primary incomes, net",_T,Total - all activities,Q,Constant prices,USD_PPP_PS,"US dollars per person, PPP converted",2009,,13258.2,,SVK,Slovak Republic,A,Normal value,2020,,0,Units,0,Zero,USD,US dollar
DATAFLOW,OECD.CFE.EDS:DSD_REG_ECO@DF_INC(2.0),Income - Regions,I,A,Annual,CTRY,Country,ESP,Spain,_Z,Not applicable,B5N,"Primary incomes, net",_T,Total - all activities,Q,Constant prices,USD_PPP_PS,"US dollars per person, PPP converted",2009,,17995.4,,ESP,Spain,A,Normal value,2020,,0,Units,0,Zero,USD,US dollar
DATAFLOW,OECD.CFE.EDS:DSD_REG_ECO@DF_INC(2.0),Income - Regions,I,A,Annual,CTRY,Country,CZE,Czechia,_Z,Not applicable,B6N,"Disposable income, net",_T,Total - all activities,Q,Constant prices,USD_PPP_PS,"US dollars per person, PPP converted",2009,,14547.5,,CZE,Czechia,A,Normal value,2020,,0,Units,0,Zero,USD,US dollar
DATAFLOW,OECD.CFE.EDS:DSD_REG_ECO@DF_INC(2.0),Income - Regions,I,A,Annual,CTRY,Country,LTU,Lithuania,_Z,Not applicable,B5N,"Primary incomes, net",_T,Total - all activities,Q,Constant prices,USD_PPP_PS,"US dollars per person, PPP converted",2009,,12418.8,,LTU,Lithuania,A,Normal value,2020,,0,Units,0,Zero,USD,US dollar
DATAFLOW,OECD.CFE.EDS:DSD_REG_ECO@DF_INC(2.0),Income - Regions,I,A,Annual,CTRY,Country,LVA,Latvia,_Z,Not applicable,B6N,"Disposable income, net",_T,Total - all activities,Q,Constant prices,USD_PPP_PS,"US dollars per person, PPP converted",2009,,11133.4,,LVA,Latvia,A,Normal value,2020,,0,Units,0,Zero,USD,US dollar
DATAFLOW,OECD.CFE.EDS:DSD_REG_ECO@DF_INC(2.0),Income - Regions,I,A,Annual,CTRY,Country,BGR,Bulgaria,_Z,Not applicable,B6N,"Disposable income, net",_T,Total - all activities,Q,Constant prices,USD_PPP_PS,"US dollars per person, PPP converted",2009,,8782.6,,BGR,Bulgaria,A,Normal value,2020,,0,Units,0,Zero,USD,US dollar
DATAFLOW,OECD.CFE.EDS:DSD_REG_ECO@DF_INC(2.0),Income - Regions,I,A,Annual,CTRY,Country,LUX,Luxembourg,_Z,Not applicable,B6N,"Disposable income, net",_T,Total - all activities,Q,Constant prices,USD_PPP_PS,"US dollars per person, PPP converted",2009,,32638.7,,LUX,Luxembourg,A,Normal value,2020,,0,Units,0,Zero,USD,US dollar
DATAFLOW,OECD.CFE.EDS:DSD_REG_ECO@DF_INC(2.0),Income - Regions,I,A,Annual,CTRY,Country,GRC,Greece,_Z,Not applicable,B6N,"Disposable income, net",_T,Total - all activities,Q,Constant prices,USD_PPP_PS,"US dollars per person, PPP converted",2009,,22992.3,,GRC,Greece,A,Normal value,2020,,0,Units,0,Zero,USD,US dollar
DATAFLOW,OECD.CFE.EDS:DSD_REG_ECO@DF_INC(2.0),Income - Regions,I,A,Annual,CTRY,Country,SWE,Sweden,_Z,Not applicable,B6N,"Disposable income, net",_T,Total - all activities,Q,Constant prices,USD_PPP_PS,"US dollars per person, PPP converted",2009,,19818.2,,SWE,Sweden,A,Normal value,2020,,0,Units,0,Zero,USD,US dollar
DATAFLOW,OECD.CFE.EDS:DSD_REG_ECO@DF_INC(2.0),Income - Regions,I,A,Annual,CTRY,Country,ESP,Spain,_Z,Not applicable,B6N,"Disposable income, net",_T,Total - all activities,Q,Constant prices,USD_PPP_PS,"US dollars per person, PPP converted",2009,,22099,,ESP,Spain,A,Normal value,2020,,0,Units,0,Zero,USD,US dollar
DATAFLOW,OECD.CFE.EDS:DSD_REG_ECO@DF_INC(2.0),Income - Regions,I,A,Annual,CTRY,Country,SWE,Sweden,_Z,Not applicable,B5N,"Primary incomes, net",_T,Total - all activities,Q,Constant prices,USD_PPP_PS,"US dollars per person, PPP converted",2009,,23042.5,,SWE,Sweden,A,Normal value,2020,,0,Units,0,Zero,USD,US dollar
DATAFLOW,OECD.CFE.EDS:DSD_REG_ECO@DF_INC(2.0),Income - Regions,I,A,Annual,CTRY,Country,GRC,Greece,_Z,Not applicable,B5N,"Primary incomes, net",_T,Total - all activities,Q,Constant prices,USD_PPP_PS,"US dollars per person, PPP converted",2009,,23235.4,,GRC,Greece,A,Normal value,2020,,0,Units,0,Zero,USD,US dollar
DATAFLOW,OECD.CFE.EDS:DSD_REG_ECO@DF_INC(2.0),Income - Regions,I,A,Annual,CTRY,Country,SVK,Slovak Republic,_Z,Not applicable,B6N,"Disposable income, net",_T,Total - all activities,Q,Constant prices,USD_PPP_PS,"US dollars per person, PPP converted",2009,,12859.4,,SVK,Slovak Republic,A,Normal value,2020,,0,Units,0,Zero,USD,US dollar
DATAFLOW,OECD.CFE.EDS:DSD_REG_ECO@DF_INC(2.0),Income - Regions,I,A,Annual,CTRY,Country,CZE,Czechia,_Z,Not applicable,B5N,"Primary incomes, net",_T,Total - all activities,Q,Constant prices,USD_PPP_PS,"US dollars per person, PPP converted",2009,,16097.2,,CZE,Czechia,A,Normal value,2020,,0,Units,0,Zero,USD,US dollar
DATAFLOW,OECD.CFE.EDS:DSD_REG_ECO@DF_INC(2.0),Income - Regions,I,A,Annual,CTRY,Country,CZE,Czechia,_Z,Not applicable,B5N,"Primary incomes, net",_T,Total - all activities,Q,Constant prices,USD_PPP_PS,"US dollars per person, PPP converted",2010,,16518.3,,CZE,Czechia,A,Normal value,2020,,0,Units,0,Zero,USD,US dollar
DATAFLOW,OECD.CFE.EDS:DSD_REG_ECO@DF_INC(2.0),Income - Regions,I,A,Annual,CTRY,Country,SWE,Sweden,_Z,Not applicable,B6N,"Disposable income, net",_T,Total - all activities,Q,Constant prices,USD_PPP_PS,"US dollars per person, PPP converted",2010,,20239.4,,SWE,Sweden,A,Normal value,2020,,0,Units,0,Zero,USD,US dollar
DATAFLOW,OECD.CFE.EDS:DSD_REG_ECO@DF_INC(2.0),Income - Regions,I,A,Annual,CTRY,Country,LUX,Luxembourg,_Z,Not applicable,B6N,"Disposable income, net",_T,Total - all activities,Q,Constant prices,USD_PPP_PS,"US dollars per person, PPP converted",2010,,32477.2,,LUX,Luxembourg,A,Normal value,2020,,0,Units,0,Zero,USD,US dollar
DATAFLOW,OECD.CFE.EDS:DSD_REG_ECO@DF_INC(2.0),Income - Regions,I,A,Annual,CTRY,Country,GRC,Greece,_Z,Not applicable,B5N,"Primary incomes, net",_T,Total - all activities,Q,Constant prices,USD_PPP_PS,"US dollars per person, PPP converted",2010,,20984.8,,GRC,Greece,A,Normal value,2020,,0,Units,0,Zero,USD,US dollar
DATAFLOW,OECD.CFE.EDS:DSD_REG_ECO@DF_INC(2.0),Income - Regions,I,A,Annual,CTRY,Country,ESP,Spain,_Z,Not applicable,B6N,"Disposable income, net",_T,Total - all activities,Q,Constant prices,USD_PPP_PS,"US dollars per person, PPP converted",2010,,21667.6,,ESP,Spain,A,Normal value,2020,,0,Units,0,Zero,USD,US dollar
DATAFLOW,OECD.CFE.EDS:DSD_REG_ECO@DF_INC(2.0),Income - Regions,I,A,Annual,CTRY,Country,GRC,Greece,_Z,Not applicable,B6N,"Disposable income, net",_T,Total - all activities,Q,Constant prices,USD_PPP_PS,"US dollars per person, PPP converted",2010,,20600.9,,GRC,Greece,A,Normal value,2020,,0,Units,0,Zero,USD,US dollar
DATAFLOW,OECD.CFE.EDS:DSD_REG_ECO@DF_INC(2.0),Income - Regions,I,A,Annual,CTRY,Country,SWE,Sweden,_Z,Not applicable,B5N,"Primary incomes, net",_T,Total - all activities,Q,Constant prices,USD_PPP_PS,"US dollars per person, PPP converted",2010,,24048.3,,SWE,Sweden,A,Normal value,2020,,0,Units,0,Zero,USD,US dollar
DATAFLOW,OECD.CFE.EDS:DSD_REG_ECO@DF_INC(2.0),Income - Regions,I,A,Annual,CTRY,Country,LTU,Lithuania,_Z,Not applicable,B5N,"Primary incomes, net",_T,Total - all activities,Q,Constant prices,USD_PPP_PS,"US dollars per person, PPP converted",2010,,12463.5,,LTU,Lithuania,A,Normal value,2020,,0,Units,0,Zero,USD,US dollar
DATAFLOW,OECD.CFE.EDS:DSD_REG_ECO@DF_INC(2.0),Income - Regions,I,A,Annual,CTRY,Country,SVK,Slovak Republic,_Z,Not applicable,B6N,"Disposable income, net",_T,Total - all activities,Q,Constant prices,USD_PPP_PS,"US dollars per person, PPP converted",2010,,13168.2,,SVK,Slovak Republic,A,Normal value,2020,,0,Units,0,Zero,USD,US dollar
DATAFLOW,OECD.CFE.EDS:DSD_REG_ECO@DF_INC(2.0),Income - Regions,I,A,Annual,CTRY,Country,IRL,Ireland,_Z,Not applicable,B6N,"Disposable income, net",_T,Total - all activities,Q,Constant prices,USD_PPP_PS,"US dollars per person, PPP converted",2010,,19039.7,,IRL,Ireland,A,Normal value,2020,,0,Units,0,Zero,USD,US dollar
DATAFLOW,OECD.CFE.EDS:DSD_REG_ECO@DF_INC(2.0),Income - Regions,I,A,Annual,CTRY,Country,LVA,Latvia,_Z,Not applicable,B6N,"Disposable income, net",_T,Total - all activities,Q,Constant prices,USD_PPP_PS,"US dollars per person, PPP converted",2010,,10928.4,,LVA,Latvia,A,Normal value,2020,,0,Units,0,Zero,USD,US dollar
DATAFLOW,OECD.CFE.EDS:DSD_REG_ECO@DF_INC(2.0),Income - Regions,I,A,Annual,CTRY,Country,CZE,Czechia,_Z,Not applicable,B6N,"Disposable income, net",_T,Total - all activities,Q,Constant prices,USD_PPP_PS,"US dollars per person, PPP converted",2010,,14929.9,,CZE,Czechia,A,Normal value,2020,,0,Units,0,Zero,USD,US dollar
DATAFLOW,OECD.CFE.EDS:DSD_REG_ECO@DF_INC(2.0),Income - Regions,I,A,Annual,CTRY,Country,BGR,Bulgaria,_Z,Not applicable,B6N,"Disposable income, net",_T,Total - all activities,Q,Constant prices,USD_PPP_PS,"US dollars per person, PPP converted",2010,,8617.6,,BGR,Bulgaria,A,Normal value,2020,,0,Units,0,Zero,USD,US dollar
DATAFLOW,OECD.CFE.EDS:DSD_REG_ECO@DF_INC(2.0),Income - Regions,I,A,Annual,CTRY,Country,SVK,Slovak Republic,_Z,Not applicable,B5N,"Primary incomes, net",_T,Total - all activities,Q,Constant prices,USD_PPP_PS,"US dollars per person, PPP converted",2010,,13387.5,,SVK,Slovak Republic,A,Normal value,2020,,0,Units,0,Zero,USD,US dollar
DATAFLOW,OECD.CFE.EDS:DSD_REG_ECO@DF_INC(2.0),Income - Regions,I,A,Annual,CTRY,Country,FRA,France,_Z,Not applicable,B6N,"Disposable income, net",_T,Total - all activities,Q,Constant prices,USD_PPP_PS,"US dollars per person, PPP converted",2010,,24277.7,,FRA,France,A,Normal value,2020,,0,Units,0,Zero,USD,US dollar
DATAFLOW,OECD.CFE.EDS:DSD_REG_ECO@DF_INC(2.0),Income - Regions,I,A,Annual,CTRY,Country,CYP,Cyprus,_Z,Not applicable,B5N,"Primary incomes, net",_T,Total - all activities,Q,Constant prices,USD_PPP_PS,"US dollars per person, PPP converted",2010,,23798.8,,CYP,Cyprus,A,Normal value,2020,,0,Units,0,Zero,USD,US dollar
DATAFLOW,OECD.CFE.EDS:DSD_REG_ECO@DF_INC(2.0),Income - Regions,I,A,Annual,CTRY,Country,SVN,Slovenia,_Z,Not applicable,B5N,"Primary incomes, net",_T,Total - all activities,Q,Constant prices,USD_PPP_PS,"US dollars per person, PPP converted",2010,,18943.1,,SVN,Slovenia,A,Normal value,2020,,0,Units,0,Zero,USD,US dollar
DATAFLOW,OECD.CFE.EDS:DSD_REG_ECO@DF_INC(2.0),Income - Regions,I,A,Annual,CTRY,Country,SVN,Slovenia,_Z,Not applicable,B6N,"Disposable income, net",_T,Total - all activities,Q,Constant prices,USD_PPP_PS,"US dollars per person, PPP converted",2010,,17095.9,,SVN,Slovenia,A,Normal value,2020,,0,Units,0,Zero,USD,US dollar
DATAFLOW,OECD.CFE.EDS:DSD_REG_ECO@DF_INC(2.0),Income - Regions,I,A,Annual,CTRY,Country,ROU,Romania,_Z,Not applicable,B6N,"Disposable income, net",_T,Total - all activities,Q,Constant prices,USD_PPP_PS,"US dollars per person, PPP converted",2010,,8433.2,,ROU,Romania,A,Normal value,2020,,0,Units,0,Zero,USD,US dollar
DATAFLOW,OECD.CFE.EDS:DSD_REG_ECO@DF_INC(2.0),Income - Regions,I,A,Annual,CTRY,Country,EST,Estonia,_Z,Not applicable,B6N,"Disposable income, net",_T,Total - all activities,Q,Constant prices,USD_PPP_PS,"US dollars per person, PPP converted",2010,,11702.1,,EST,Estonia,A,Normal value,2020,,0,Units,0,Zero,USD,US dollar
DATAFLOW,OECD.CFE.EDS:DSD_REG_ECO@DF_INC(2.0),Income - Regions,I,A,Annual,CTRY,Country,ESP,Spain,_Z,Not applicable,B5N,"Primary incomes, net",_T,Total - all activities,Q,Constant prices,USD_PPP_PS,"US dollars per person, PPP converted",2010,,17476.6,,ESP,Spain,A,Normal value,2020,,0,Units,0,Zero,USD,US dollar
DATAFLOW,OECD.CFE.EDS:DSD_REG_ECO@DF_INC(2.0),Income - Regions,I,A,Annual,CTRY,Country,POL,Poland,_Z,Not applicable,B5N,"Primary incomes, net",_T,Total - all activities,Q,Constant prices,USD_PPP_PS,"US dollars per person, PPP converted",2010,,14421.4,,POL,Poland,A,Normal value,2020,,0,Units,0,Zero,USD,US dollar
DATAFLOW,OECD.CFE.EDS:DSD_REG_ECO@DF_INC(2.0),Income - Regions,I,A,Annual,CTRY,Country,ROU,Romania,_Z,Not applicable,B5N,"Primary incomes, net",_T,Total - all activities,Q,Constant prices,USD_PPP_PS,"US dollars per person, PPP converted",2010,,8332.2,,ROU,Romania,A,Normal value,2020,,0,Units,0,Zero,USD,US dollar
DATAFLOW,OECD.CFE.EDS:DSD_REG_ECO@DF_INC(2.0),Income - Regions,I,A,Annual,CTRY,Country,POL,Poland,_Z,Not applicable,B6N,"Disposable income, net",_T,Total - all activities,Q,Constant prices,USD_PPP_PS,"US dollars per person, PPP converted",2010,,13739.8,,POL,Poland,A,Normal value,2020,,0,Units,0,Zero,USD,US dollar
DATAFLOW,OECD.CFE.EDS:DSD_REG_ECO@DF_INC(2.0),Income - Regions,I,A,Annual,CTRY,Country,AUT,Austria,_Z,Not applicable,B5N,"Primary incomes, net",_T,Total - all activities,Q,Constant prices,USD_PPP_PS,"US dollars per person, PPP converted",2010,,32343.3,,AUT,Austria,A,Normal value,2020,,0,Units,0,Zero,USD,US dollar
DATAFLOW,OECD.CFE.EDS:DSD_REG_ECO@DF_INC(2.0),Income - Regions,I,A,Annual,CTRY,Country,MLT,Malta,_Z,Not applicable,B6N,"Disposable income, net",_T,Total - all activities,Q,Constant prices,USD_PPP_PS,"US dollars per person, PPP converted",2010,,16013,,MLT,Malta,A,Normal value,2020,,0,Units,0,Zero,USD,US dollar
DATAFLOW,OECD.CFE.EDS:DSD_REG_ECO@DF_INC(2.0),Income - Regions,I,A,Annual,CTRY,Country,HRV,Croatia,_Z,Not applicable,B6N,"Disposable income, net",_T,Total - all activities,Q,Constant prices,USD_PPP_PS,"US dollars per person, PPP converted",2010,,13196.1,,HRV,Croatia,A,Normal value,2020,,0,Units,0,Zero,USD,US dollar
DATAFLOW,OECD.CFE.EDS:DSD_REG_ECO@DF_INC(2.0),Income - Regions,I,A,Annual,CTRY,Country,DNK,Denmark,_Z,Not applicable,B5N,"Primary incomes, net",_T,Total - all activities,Q,Constant prices,USD_PPP_PS,"US dollars per person, PPP converted",2010,,27074.9,,DNK,Denmark,A,Normal value,2020,,0,Units,0,Zero,USD,US dollar
DATAFLOW,OECD.CFE.EDS:DSD_REG_ECO@DF_INC(2.0),Income - Regions,I,A,Annual,CTRY,Country,LVA,Latvia,_Z,Not applicable,B5N,"Primary incomes, net",_T,Total - all activities,Q,Constant prices,USD_PPP_PS,"US dollars per person, PPP converted",2010,,10649.3,,LVA,Latvia,A,Normal value,2020,,0,Units,0,Zero,USD,US dollar
DATAFLOW,OECD.CFE.EDS:DSD_REG_ECO@DF_INC(2.0),Income - Regions,I,A,Annual,CTRY,Country,CYP,Cyprus,_Z,Not applicable,B6N,"Disposable income, net",_T,Total - all activities,Q,Constant prices,USD_PPP_PS,"US dollars per person, PPP converted",2010,,24756.1,,CYP,Cyprus,A,Normal value,2020,,0,Units,0,Zero,USD,US dollar
DATAFLOW,OECD.CFE.EDS:DSD_REG_ECO@DF_INC(2.0),Income - Regions,I,A,Annual,CTRY,Country,MLT,Malta,_Z,Not applicable,B5N,"Primary incomes, net",_T,Total - all activities,Q,Constant prices,USD_PPP_PS,"US dollars per person, PPP converted",2010,,16405.3,,MLT,Malta,A,Normal value,2020,,0,Units,0,Zero,USD,US dollar
DATAFLOW,OECD.CFE.EDS:DSD_REG_ECO@DF_INC(2.0),Income - Regions,I,A,Annual,CTRY,Country,LUX,Luxembourg,_Z,Not applicable,B5N,"Primary incomes, net",_T,Total - all activities,Q,Constant prices,USD_PPP_PS,"US dollars per person, PPP converted",2010,,36148.3,,LUX,Luxembourg,A,Normal value,2020,,0,Units,0,Zero,USD,US dollar
DATAFLOW,OECD.CFE.EDS:DSD_REG_ECO@DF_INC(2.0),Income - Regions,I,A,Annual,CTRY,Country,EST,Estonia,_Z,Not applicable,B5N,"Primary incomes, net",_T,Total - all activities,Q,Constant prices,USD_PPP_PS,"US dollars per person, PPP converted",2010,,12228,,EST,Estonia,A,Normal value,2020,,0,Units,0,Zero,USD,US dollar
DATAFLOW,OECD.CFE.EDS:DSD_REG_ECO@DF_INC(2.0),Income - Regions,I,A,Annual,CTRY,Country,DNK,Denmark,_Z,Not applicable,B6N,"Disposable income, net",_T,Total - all activities,Q,Constant prices,USD_PPP_PS,"US dollars per person, PPP converted",2010,,19780.9,,DNK,Denmark,A,Normal value,2020,,0,Units,0,Zero,USD,US dollar
DATAFLOW,OECD.CFE.EDS:DSD_REG_ECO@DF_INC(2.0),Income - Regions,I,A,Annual,CTRY,Country,LTU,Lithuania,_Z,Not applicable,B6N,"Disposable income, net",_T,Total - all activities,Q,Constant prices,USD_PPP_PS,"US dollars per person, PPP converted",2010,,12568.6,,LTU,Lithuania,A,Normal value,2020,,0,Units,0,Zero,USD,US dollar
DATAFLOW,OECD.CFE.EDS:DSD_REG_ECO@DF_INC(2.0),Income - Regions,I,A,Annual,CTRY,Country,IRL,Ireland,_Z,Not applicable,B5N,"Primary incomes, net",_T,Total - all activities,Q,Constant prices,USD_PPP_PS,"US dollars per person, PPP converted",2010,,20229.2,,IRL,Ireland,A,Normal value,2020,,0,Units,0,Zero,USD,US dollar
DATAFLOW,OECD.CFE.EDS:DSD_REG_ECO@DF_INC(2.0),Income - Regions,I,A,Annual,CTRY,Country,BGR,Bulgaria,_Z,Not applicable,B5N,"Primary incomes, net",_T,Total - all activities,Q,Constant prices,USD_PPP_PS,"US dollars per person, PPP converted",2010,,8172.7,,BGR,Bulgaria,A,Normal value,2020,,0,Units,0,Zero,USD,US dollar
DATAFLOW,OECD.CFE.EDS:DSD_REG_ECO@DF_INC(2.0),Income - Regions,I,A,Annual,CTRY,Country,HUN,Hungary,_Z,Not applicable,B6N,"Disposable income, net",_T,Total - all activities,Q,Constant prices,USD_PPP_PS,"US dollars per person, PPP converted",2010,,10093.5,,HUN,Hungary,A,Normal value,2020,,0,Units,0,Zero,USD,US dollar
DATAFLOW,OECD.CFE.EDS:DSD_REG_ECO@DF_INC(2.0),Income - Regions,I,A,Annual,CTRY,Country,HUN,Hungary,_Z,Not applicable,B5N,"Primary incomes, net",_T,Total - all activities,Q,Constant prices,USD_PPP_PS,"US dollars per person, PPP converted",2010,,11100.9,,HUN,Hungary,A,Normal value,2020,,0,Units,0,Zero,USD,US dollar
DATAFLOW,OECD.CFE.EDS:DSD_REG_ECO@DF_INC(2.0),Income - Regions,I,A,Annual,CTRY,Country,HRV,Croatia,_Z,Not applicable,B5N,"Primary incomes, net",_T,Total - all activities,Q,Constant prices,USD_PPP_PS,"US dollars per person, PPP converted",2010,,13625.3,,HRV,Croatia,A,Normal value,2020,,0,Units,0,Zero,USD,US dollar
DATAFLOW,OECD.CFE.EDS:DSD_REG_ECO@DF_INC(2.0),Income - Regions,I,A,Annual,CTRY,Country,FRA,France,_Z,Not applicable,B5N,"Primary incomes, net",_T,Total - all activities,Q,Constant prices,USD_PPP_PS,"US dollars per person, PPP converted",2010,,27530.5,,FRA,France,A,Normal value,2020,,0,Units,0,Zero,USD,US dollar
DATAFLOW,OECD.CFE.EDS:DSD_REG_ECO@DF_INC(2.0),Income - Regions,I,A,Annual,CTRY,Country,HUN,Hungary,_Z,Not applicable,B6N,"Disposable income, net",_T,Total - all activities,Q,Constant prices,USD_PPP_PS,"US dollars per person, PPP converted",2011,,10495.5,,HUN,Hungary,A,Normal value,2020,,0,Units,0,Zero,USD,US dollar
DATAFLOW,OECD.CFE.EDS:DSD_REG_ECO@DF_INC(2.0),Income - Regions,I,A,Annual,CTRY,Country,FRA,France,_Z,Not applicable,B5N,"Primary incomes, net",_T,Total - all activities,Q,Constant prices,USD_PPP_PS,"US dollars per person, PPP converted",2011,,27619.5,,FRA,France,A,Normal value,2020,,0,Units,0,Zero,USD,US dollar
DATAFLOW,OECD.CFE.EDS:DSD_REG_ECO@DF_INC(2.0),Income - Regions,I,A,Annual,CTRY,Country,HRV,Croatia,_Z,Not applicable,B5N,"Primary incomes, net",_T,Total - all activities,Q,Constant prices,USD_PPP_PS,"US dollars per person, PPP converted",2011,,13529.2,,HRV,Croatia,A,Normal value,2020,,0,Units,0,Zero,USD,US dollar
DATAFLOW,OECD.CFE.EDS:DSD_REG_ECO@DF_INC(2.0),Income - Regions,I,A,Annual,CTRY,Country,LUX,Luxembourg,_Z,Not applicable,B5N,"Primary incomes, net",_T,Total - all activities,Q,Constant prices,USD_PPP_PS,"US dollars per person, PPP converted",2011,,36664.8,,LUX,Luxembourg,A,Normal value,2020,,0,Units,0,Zero,USD,US dollar
DATAFLOW,OECD.CFE.EDS:DSD_REG_ECO@DF_INC(2.0),Income - Regions,I,A,Annual,CTRY,Country,HUN,Hungary,_Z,Not applicable,B5N,"Primary incomes, net",_T,Total - all activities,Q,Constant prices,USD_PPP_PS,"US dollars per person, PPP converted",2011,,11261.5,,HUN,Hungary,A,Normal value,2020,,0,Units,0,Zero,USD,US dollar
DATAFLOW,OECD.CFE.EDS:DSD_REG_ECO@DF_INC(2.0),Income - Regions,I,A,Annual,CTRY,Country,BGR,Bulgaria,_Z,Not applicable,B5N,"Primary incomes, net",_T,Total - all activities,Q,Constant prices,USD_PPP_PS,"US dollars per person, PPP converted",2011,,8753.5,,BGR,Bulgaria,A,Normal value,2020,,0,Units,0,Zero,USD,US dollar
DATAFLOW,OECD.CFE.EDS:DSD_REG_ECO@DF_INC(2.0),Income - Regions,I,A,Annual,CTRY,Country,MLT,Malta,_Z,Not applicable,B6N,"Disposable income, net",_T,Total - all activities,Q,Constant prices,USD_PPP_PS,"US dollars per person, PPP converted",2011,,16350.2,,MLT,Malta,A,Normal value,2020,,0,Units,0,Zero,USD,US dollar
DATAFLOW,OECD.CFE.EDS:DSD_REG_ECO@DF_INC(2.0),Income - Regions,I,A,Annual,CTRY,Country,KOR,Korea,_Z,Not applicable,B6N,"Disposable income, net",_T,Total - all activities,Q,Constant prices,USD_PPP_PS,"US dollars per person, PPP converted",2011,,16096.1,,KOR,Korea,A,Normal value,2020,,0,Units,0,Zero,USD,US dollar
DATAFLOW,OECD.CFE.EDS:DSD_REG_ECO@DF_INC(2.0),Income - Regions,I,A,Annual,CTRY,Country,LTU,Lithuania,_Z,Not applicable,B6N,"Disposable income, net",_T,Total - all activities,Q,Constant prices,USD_PPP_PS,"US dollars per person, PPP converted",2011,,12825.5,,LTU,Lithuania,A,Normal value,2020,,0,Units,0,Zero,USD,US dollar
DATAFLOW,OECD.CFE.EDS:DSD_REG_ECO@DF_INC(2.0),Income - Regions,I,A,Annual,CTRY,Country,IRL,Ireland,_Z,Not applicable,B5N,"Primary incomes, net",_T,Total - all activities,Q,Constant prices,USD_PPP_PS,"US dollars per person, PPP converted",2011,,20396.9,,IRL,Ireland,A,Normal value,2020,,0,Units,0,Zero,USD,US dollar
DATAFLOW,OECD.CFE.EDS:DSD_REG_ECO@DF_INC(2.0),Income - Regions,I,A,Annual,CTRY,Country,DNK,Denmark,_Z,Not applicable,B6N,"Disposable income, net",_T,Total - all activities,Q,Constant prices,USD_PPP_PS,"US dollars per person, PPP converted",2011,,20038.2,,DNK,Denmark,A,Normal value,2020,,0,Units,0,Zero,USD,US dollar
DATAFLOW,OECD.CFE.EDS:DSD_REG_ECO@DF_INC(2.0),Income - Regions,I,A,Annual,CTRY,Country,EST,Estonia,_Z,Not applicable,B5N,"Primary incomes, net",_T,Total - all activities,Q,Constant prices,USD_PPP_PS,"US dollars per person, PPP converted",2011,,12861.9,,EST,Estonia,A,Normal value,2020,,0,Units,0,Zero,USD,US dollar
DATAFLOW,OECD.CFE.EDS:DSD_REG_ECO@DF_INC(2.0),Income - Regions,I,A,Annual,CTRY,Country,MLT,Malta,_Z,Not applicable,B5N,"Primary incomes, net",_T,Total - all activities,Q,Constant prices,USD_PPP_PS,"US dollars per person, PPP converted",2011,,16957.3,,MLT,Malta,A,Normal value,2020,,0,Units,0,Zero,USD,US dollar
DATAFLOW,OECD.CFE.EDS:DSD_REG_ECO@DF_INC(2.0),Income - Regions,I,A,Annual,CTRY,Country,CYP,Cyprus,_Z,Not applicable,B6N,"Disposable income, net",_T,Total - all activities,Q,Constant prices,USD_PPP_PS,"US dollars per person, PPP converted",2011,,24043.3,,CYP,Cyprus,A,Normal value,2020,,0,Units,0,Zero,USD,US dollar
DATAFLOW,OECD.CFE.EDS:DSD_REG_ECO@DF_INC(2.0),Income - Regions,I,A,Annual,CTRY,Country,LVA,Latvia,_Z,Not applicable,B5N,"Primary incomes, net",_T,Total - all activities,Q,Constant prices,USD_PPP_PS,"US dollars per person, PPP converted",2011,,10665.8,,LVA,Latvia,A,Normal value,2020,,0,Units,0,Zero,USD,US dollar
DATAFLOW,OECD.CFE.EDS:DSD_REG_ECO@DF_INC(2.0),Income - Regions,I,A,Annual,CTRY,Country,KOR,Korea,_Z,Not applicable,B5N,"Primary incomes, net",_T,Total - all activities,Q,Constant prices,USD_PPP_PS,"US dollars per person, PPP converted",2011,,17746.7,,KOR,Korea,A,Normal value,2020,,0,Units,0,Zero,USD,US dollar
DATAFLOW,OECD.CFE.EDS:DSD_REG_ECO@DF_INC(2.0),Income - Regions,I,A,Annual,CTRY,Country,DNK,Denmark,_Z,Not applicable,B5N,"Primary incomes, net",_T,Total - all activities,Q,Constant prices,USD_PPP_PS,"US dollars per person, PPP converted",2011,,26817.4,,DNK,Denmark,A,Normal value,2020,,0,Units,0,Zero,USD,US dollar
DATAFLOW,OECD.CFE.EDS:DSD_REG_ECO@DF_INC(2.0),Income - Regions,I,A,Annual,CTRY,Country,HRV,Croatia,_Z,Not applicable,B6N,"Disposable income, net",_T,Total - all activities,Q,Constant prices,USD_PPP_PS,"US dollars per person, PPP converted",2011,,13107.4,,HRV,Croatia,A,Normal value,2020,,0,Units,0,Zero,USD,US dollar
DATAFLOW,OECD.CFE.EDS:DSD_REG_ECO@DF_INC(2.0),Income - Regions,I,A,Annual,CTRY,Country,AUT,Austria,_Z,Not applicable,B5N,"Primary incomes, net",_T,Total - all activities,Q,Constant prices,USD_PPP_PS,"US dollars per person, PPP converted",2011,,32055.6,,AUT,Austria,A,Normal value,2020,,0,Units,0,Zero,USD,US dollar
DATAFLOW,OECD.CFE.EDS:DSD_REG_ECO@DF_INC(2.0),Income - Regions,I,A,Annual,CTRY,Country,POL,Poland,_Z,Not applicable,B6N,"Disposable income, net",_T,Total - all activities,Q,Constant prices,USD_PPP_PS,"US dollars per person, PPP converted",2011,,13781.7,,POL,Poland,A,Normal value,2020,,0,Units,0,Zero,USD,US dollar
DATAFLOW,OECD.CFE.EDS:DSD_REG_ECO@DF_INC(2.0),Income - Regions,I,A,Annual,CTRY,Country,ROU,Romania,_Z,Not applicable,B5N,"Primary incomes, net",_T,Total - all activities,Q,Constant prices,USD_PPP_PS,"US dollars per person, PPP converted",2011,,8376.4,,ROU,Romania,A,Normal value,2020,,0,Units,0,Zero,USD,US dollar
DATAFLOW,OECD.CFE.EDS:DSD_REG_ECO@DF_INC(2.0),Income - Regions,I,A,Annual,CTRY,Country,POL,Poland,_Z,Not applicable,B5N,"Primary incomes, net",_T,Total - all activities,Q,Constant prices,USD_PPP_PS,"US dollars per person, PPP converted",2011,,14584.6,,POL,Poland,A,Normal value,2020,,0,Units,0,Zero,USD,US dollar
DATAFLOW,OECD.CFE.EDS:DSD_REG_ECO@DF_INC(2.0),Income - Regions,I,A,Annual,CTRY,Country,EST,Estonia,_Z,Not applicable,B6N,"Disposable income, net",_T,Total - all activities,Q,Constant prices,USD_PPP_PS,"US dollars per person, PPP converted",2011,,12076.2,,EST,Estonia,A,Normal value,2020,,0,Units,0,Zero,USD,US dollar
DATAFLOW,OECD.CFE.EDS:DSD_REG_ECO@DF_INC(2.0),Income - Regions,I,A,Annual,CTRY,Country,ROU,Romania,_Z,Not applicable,B6N,"Disposable income, net",_T,Total - all activities,Q,Constant prices,USD_PPP_PS,"US dollars per person, PPP converted",2011,,8725.3,,ROU,Romania,A,Normal value,2020,,0,Units,0,Zero,USD,US dollar
DATAFLOW,OECD.CFE.EDS:DSD_REG_ECO@DF_INC(2.0),Income - Regions,I,A,Annual,CTRY,Country,SVN,Slovenia,_Z,Not applicable,B6N,"Disposable income, net",_T,Total - all activities,Q,Constant prices,USD_PPP_PS,"US dollars per person, PPP converted",2011,,17109.3,,SVN,Slovenia,A,Normal value,2020,,0,Units,0,Zero,USD,US dollar
DATAFLOW,OECD.CFE.EDS:DSD_REG_ECO@DF_INC(2.0),Income - Regions,I,A,Annual,CTRY,Country,SVN,Slovenia,_Z,Not applicable,B5N,"Primary incomes, net",_T,Total - all activities,Q,Constant prices,USD_PPP_PS,"US dollars per person, PPP converted",2011,,18581.8,,SVN,Slovenia,A,Normal value,2020,,0,Units,0,Zero,USD,US dollar
DATAFLOW,OECD.CFE.EDS:DSD_REG_ECO@DF_INC(2.0),Income - Regions,I,A,Annual,CTRY,Country,CYP,Cyprus,_Z,Not applicable,B5N,"Primary incomes, net",_T,Total - all activities,Q,Constant prices,USD_PPP_PS,"US dollars per person, PPP converted",2011,,23208.2,,CYP,Cyprus,A,Normal value,2020,,0,Units,0,Zero,USD,US dollar
DATAFLOW,OECD.CFE.EDS:DSD_REG_ECO@DF_INC(2.0),Income - Regions,I,A,Annual,CTRY,Country,FRA,France,_Z,Not applicable,B6N,"Disposable income, net",_T,Total - all activities,Q,Constant prices,USD_PPP_PS,"US dollars per person, PPP converted",2011,,24176.5,,FRA,France,A,Normal value,2020,,0,Units,0,Zero,USD,US dollar
DATAFLOW,OECD.CFE.EDS:DSD_REG_ECO@DF_INC(2.0),Income - Regions,I,A,Annual,CTRY,Country,PRT,Portugal,_Z,Not applicable,B5N,"Primary incomes, net",_T,Total - all activities,Q,Constant prices,USD_PPP_PS,"US dollars per person, PPP converted",2011,,17597.4,,PRT,Portugal,A,Normal value,2020,,0,Units,0,Zero,USD,US dollar
DATAFLOW,OECD.CFE.EDS:DSD_REG_ECO@DF_INC(2.0),Income - Regions,I,A,Annual,CTRY,Country,SVK,Slovak Republic,_Z,Not applicable,B5N,"Primary incomes, net",_T,Total - all activities,Q,Constant prices,USD_PPP_PS,"US dollars per person, PPP converted",2011,,13221.3,,SVK,Slovak Republic,A,Normal value,2020,,0,Units,0,Zero,USD,US dollar
DATAFLOW,OECD.CFE.EDS:DSD_REG_ECO@DF_INC(2.0),Income - Regions,I,A,Annual,CTRY,Country,ESP,Spain,_Z,Not applicable,B5N,"Primary incomes, net",_T,Total - all activities,Q,Constant prices,USD_PPP_PS,"US dollars per person, PPP converted",2011,,16589.5,,ESP,Spain,A,Normal value,2020,,0,Units,0,Zero,USD,US dollar
DATAFLOW,OECD.CFE.EDS:DSD_REG_ECO@DF_INC(2.0),Income - Regions,I,A,Annual,CTRY,Country,CZE,Czechia,_Z,Not applicable,B6N,"Disposable income, net",_T,Total - all activities,Q,Constant prices,USD_PPP_PS,"US dollars per person, PPP converted",2011,,14807.5,,CZE,Czechia,A,Normal value,2020,,0,Units,0,Zero,USD,US dollar
DATAFLOW,OECD.CFE.EDS:DSD_REG_ECO@DF_INC(2.0),Income - Regions,I,A,Annual,CTRY,Country,LTU,Lithuania,_Z,Not applicable,B5N,"Primary incomes, net",_T,Total - all activities,Q,Constant prices,USD_PPP_PS,"US dollars per person, PPP converted",2011,,13062.5,,LTU,Lithuania,A,Normal value,2020,,0,Units,0,Zero,USD,US dollar
DATAFLOW,OECD.CFE.EDS:DSD_REG_ECO@DF_INC(2.0),Income - Regions,I,A,Annual,CTRY,Country,LVA,Latvia,_Z,Not applicable,B6N,"Disposable income, net",_T,Total - all activities,Q,Constant prices,USD_PPP_PS,"US dollars per person, PPP converted",2011,,10448.8,,LVA,Latvia,A,Normal value,2020,,0,Units,0,Zero,USD,US dollar
DATAFLOW,OECD.CFE.EDS:DSD_REG_ECO@DF_INC(2.0),Income - Regions,I,A,Annual,CTRY,Country,BGR,Bulgaria,_Z,Not applicable,B6N,"Disposable income, net",_T,Total - all activities,Q,Constant prices,USD_PPP_PS,"US dollars per person, PPP converted",2011,,9123.5,,BGR,Bulgaria,A,Normal value,2020,,0,Units,0,Zero,USD,US dollar
DATAFLOW,OECD.CFE.EDS:DSD_REG_ECO@DF_INC(2.0),Income - Regions,I,A,Annual,CTRY,Country,LUX,Luxembourg,_Z,Not applicable,B6N,"Disposable income, net",_T,Total - all activities,Q,Constant prices,USD_PPP_PS,"US dollars per person, PPP converted",2011,,32254.8,,LUX,Luxembourg,A,Normal value,2020,,0,Units,0,Zero,USD,US dollar
DATAFLOW,OECD.CFE.EDS:DSD_REG_ECO@DF_INC(2.0),Income - Regions,I,A,Annual,CTRY,Country,AUT,Austria,_Z,Not applicable,B6N,"Disposable income, net",_T,Total - all activities,Q,Constant prices,USD_PPP_PS,"US dollars per person, PPP converted",2011,,28131.4,,AUT,Austria,A,Normal value,2020,,0,Units,0,Zero,USD,US dollar
DATAFLOW,OECD.CFE.EDS:DSD_REG_ECO@DF_INC(2.0),Income - Regions,I,A,Annual,CTRY,Country,GRC,Greece,_Z,Not applicable,B6N,"Disposable income, net",_T,Total - all activities,Q,Constant prices,USD_PPP_PS,"US dollars per person, PPP converted",2011,,17892.4,,GRC,Greece,A,Normal value,2020,,0,Units,0,Zero,USD,US dollar
DATAFLOW,OECD.CFE.EDS:DSD_REG_ECO@DF_INC(2.0),Income - Regions,I,A,Annual,CTRY,Country,IRL,Ireland,_Z,Not applicable,B6N,"Disposable income, net",_T,Total - all activities,Q,Constant prices,USD_PPP_PS,"US dollars per person, PPP converted",2011,,18642.8,,IRL,Ireland,A,Normal value,2020,,0,Units,0,Zero,USD,US dollar
DATAFLOW,OECD.CFE.EDS:DSD_REG_ECO@DF_INC(2.0),Income - Regions,I,A,Annual,CTRY,Country,SWE,Sweden,_Z,Not applicable,B6N,"Disposable income, net",_T,Total - all activities,Q,Constant prices,USD_PPP_PS,"US dollars per person, PPP converted",2011,,20829.8,,SWE,Sweden,A,Normal value,2020,,0,Units,0,Zero,USD,US dollar
DATAFLOW,OECD.CFE.EDS:DSD_REG_ECO@DF_INC(2.0),Income - Regions,I,A,Annual,CTRY,Country,ESP,Spain,_Z,Not applicable,B6N,"Disposable income, net",_T,Total - all activities,Q,Constant prices,USD_PPP_PS,"US dollars per person, PPP converted",2011,,21274.3,,ESP,Spain,A,Normal value,2020,,0,Units,0,Zero,USD,US dollar
DATAFLOW,OECD.CFE.EDS:DSD_REG_ECO@DF_INC(2.0),Income - Regions,I,A,Annual,CTRY,Country,SWE,Sweden,_Z,Not applicable,B5N,"Primary incomes, net",_T,Total - all activities,Q,Constant prices,USD_PPP_PS,"US dollars per person, PPP converted",2011,,24695.9,,SWE,Sweden,A,Normal value,2020,,0,Units,0,Zero,USD,US dollar
DATAFLOW,OECD.CFE.EDS:DSD_REG_ECO@DF_INC(2.0),Income - Regions,I,A,Annual,CTRY,Country,GRC,Greece,_Z,Not applicable,B5N,"Primary incomes, net",_T,Total - all activities,Q,Constant prices,USD_PPP_PS,"US dollars per person, PPP converted",2011,,18361.7,,GRC,Greece,A,Normal value,2020,,0,Units,0,Zero,USD,US dollar
DATAFLOW,OECD.CFE.EDS:DSD_REG_ECO@DF_INC(2.0),Income - Regions,I,A,Annual,CTRY,Country,SVK,Slovak Republic,_Z,Not applicable,B6N,"Disposable income, net",_T,Total - all activities,Q,Constant prices,USD_PPP_PS,"US dollars per person, PPP converted",2011,,12823.2,,SVK,Slovak Republic,A,Normal value,2020,,0,Units,0,Zero,USD,US dollar
DATAFLOW,OECD.CFE.EDS:DSD_REG_ECO@DF_INC(2.0),Income - Regions,I,A,Annual,CTRY,Country,CZE,Czechia,_Z,Not applicable,B5N,"Primary incomes, net",_T,Total - all activities,Q,Constant prices,USD_PPP_PS,"US dollars per person, PPP converted",2011,,16539.3,,CZE,Czechia,A,Normal value,2020,,0,Units,0,Zero,USD,US dollar
DATAFLOW,OECD.CFE.EDS:DSD_REG_ECO@DF_INC(2.0),Income - Regions,I,A,Annual,CTRY,Country,CZE,Czechia,_Z,Not applicable,B5N,"Primary incomes, net",_T,Total - all activities,Q,Constant prices,USD_PPP_PS,"US dollars per person, PPP converted",2012,,16405.9,,CZE,Czechia,A,Normal value,2020,,0,Units,0,Zero,USD,US dollar
DATAFLOW,OECD.CFE.EDS:DSD_REG_ECO@DF_INC(2.0),Income - Regions,I,A,Annual,CTRY,Country,SVK,Slovak Republic,_Z,Not applicable,B6N,"Disposable income, net",_T,Total - all activities,Q,Constant prices,USD_PPP_PS,"US dollars per person, PPP converted",2012,,12713.3,,SVK,Slovak Republic,A,Normal value,2020,,0,Units,0,Zero,USD,US dollar
DATAFLOW,OECD.CFE.EDS:DSD_REG_ECO@DF_INC(2.0),Income - Regions,I,A,Annual,CTRY,Country,GRC,Greece,_Z,Not applicable,B5N,"Primary incomes, net",_T,Total - all activities,Q,Constant prices,USD_PPP_PS,"US dollars per person, PPP converted",2012,,16536.9,,GRC,Greece,A,Normal value,2020,,0,Units,0,Zero,USD,US dollar
DATAFLOW,OECD.CFE.EDS:DSD_REG_ECO@DF_INC(2.0),Income - Regions,I,A,Annual,CTRY,Country,SWE,Sweden,_Z,Not applicable,B5N,"Primary incomes, net",_T,Total - all activities,Q,Constant prices,USD_PPP_PS,"US dollars per person, PPP converted",2012,,25106.4,,SWE,Sweden,A,Normal value,2020,,0,Units,0,Zero,USD,US dollar
DATAFLOW,OECD.CFE.EDS:DSD_REG_ECO@DF_INC(2.0),Income - Regions,I,A,Annual,CTRY,Country,ESP,Spain,_Z,Not applicable,B6N,"Disposable income, net",_T,Total - all activities,Q,Constant prices,USD_PPP_PS,"US dollars per person, PPP converted",2012,,19765,,ESP,Spain,A,Normal value,2020,,0,Units,0,Zero,USD,US dollar
DATAFLOW,OECD.CFE.EDS:DSD_REG_ECO@DF_INC(2.0),Income - Regions,I,A,Annual,CTRY,Country,SWE,Sweden,_Z,Not applicable,B6N,"Disposable income, net",_T,Total - all activities,Q,Constant prices,USD_PPP_PS,"US dollars per person, PPP converted",2012,,21508.4,,SWE,Sweden,A,Normal value,2020,,0,Units,0,Zero,USD,US dollar
DATAFLOW,OECD.CFE.EDS:DSD_REG_ECO@DF_INC(2.0),Income - Regions,I,A,Annual,CTRY,Country,GRC,Greece,_Z,Not applicable,B6N,"Disposable income, net",_T,Total - all activities,Q,Constant prices,USD_PPP_PS,"US dollars per person, PPP converted",2012,,15543.4,,GRC,Greece,A,Normal value,2020,,0,Units,0,Zero,USD,US dollar
DATAFLOW,OECD.CFE.EDS:DSD_REG_ECO@DF_INC(2.0),Income - Regions,I,A,Annual,CTRY,Country,LUX,Luxembourg,_Z,Not applicable,B6N,"Disposable income, net",_T,Total - all activities,Q,Constant prices,USD_PPP_PS,"US dollars per person, PPP converted",2012,,32375.1,,LUX,Luxembourg,A,Normal value,2020,,0,Units,0,Zero,USD,US dollar
DATAFLOW,OECD.CFE.EDS:DSD_REG_ECO@DF_INC(2.0),Income - Regions,I,A,Annual,CTRY,Country,PRT,Portugal,_Z,Not applicable,B6N,"Disposable income, net",_T,Total - all activities,Q,Constant prices,USD_PPP_PS,"US dollars per person, PPP converted",2012,,17064.6,,PRT,Portugal,A,Normal value,2020,,0,Units,0,Zero,USD,US dollar
DATAFLOW,OECD.CFE.EDS:DSD_REG_ECO@DF_INC(2.0),Income - Regions,I,A,Annual,CTRY,Country,BGR,Bulgaria,_Z,Not applicable,B6N,"Disposable income, net",_T,Total - all activities,Q,Constant prices,USD_PPP_PS,"US dollars per person, PPP converted",2012,,9082.7,,BGR,Bulgaria,A,Normal value,2020,,0,Units,0,Zero,USD,US dollar
DATAFLOW,OECD.CFE.EDS:DSD_REG_ECO@DF_INC(2.0),Income - Regions,I,A,Annual,CTRY,Country,LVA,Latvia,_Z,Not applicable,B6N,"Disposable income, net",_T,Total - all activities,Q,Constant prices,USD_PPP_PS,"US dollars per person, PPP converted",2012,,10935.8,,LVA,Latvia,A,Normal value,2020,,0,Units,0,Zero,USD,US dollar
DATAFLOW,OECD.CFE.EDS:DSD_REG_ECO@DF_INC(2.0),Income - Regions,I,A,Annual,CTRY,Country,LTU,Lithuania,_Z,Not applicable,B5N,"Primary incomes, net",_T,Total - all activities,Q,Constant prices,USD_PPP_PS,"US dollars per person, PPP converted",2012,,13491.5,,LTU,Lithuania,A,Normal value,2020,,0,Units,0,Zero,USD,US dollar
DATAFLOW,OECD.CFE.EDS:DSD_REG_ECO@DF_INC(2.0),Income - Regions,I,A,Annual,CTRY,Country,CZE,Czechia,_Z,Not applicable,B6N,"Disposable income, net",_T,Total - all activities,Q,Constant prices,USD_PPP_PS,"US dollars per person, PPP converted",2012,,14706.7,,CZE,Czechia,A,Normal value,2020,,0,Units,0,Zero,USD,US dollar
DATAFLOW,OECD.CFE.EDS:DSD_REG_ECO@DF_INC(2.0),Income - Regions,I,A,Annual,CTRY,Country,ESP,Spain,_Z,Not applicable,B5N,"Primary incomes, net",_T,Total - all activities,Q,Constant prices,USD_PPP_PS,"US dollars per person, PPP converted",2012,,15241.8,,ESP,Spain,A,Normal value,2020,,0,Units,0,Zero,USD,US dollar
DATAFLOW,OECD.CFE.EDS:DSD_REG_ECO@DF_INC(2.0),Income - Regions,I,A,Annual,CTRY,Country,SVK,Slovak Republic,_Z,Not applicable,B5N,"Primary incomes, net",_T,Total - all activities,Q,Constant prices,USD_PPP_PS,"US dollars per person, PPP converted",2012,,13163.9,,SVK,Slovak Republic,A,Normal value,2020,,0,Units,0,Zero,USD,US dollar
DATAFLOW,OECD.CFE.EDS:DSD_REG_ECO@DF_INC(2.0),Income - Regions,I,A,Annual,CTRY,Country,FRA,France,_Z,Not applicable,B6N,"Disposable income, net",_T,Total - all activities,Q,Constant prices,USD_PPP_PS,"US dollars per person, PPP converted",2012,,23967,,FRA,France,A,Normal value,2020,,0,Units,0,Zero,USD,US dollar
DATAFLOW,OECD.CFE.EDS:DSD_REG_ECO@DF_INC(2.0),Income - Regions,I,A,Annual,CTRY,Country,CYP,Cyprus,_Z,Not applicable,B5N,"Primary incomes, net",_T,Total - all activities,Q,Constant prices,USD_PPP_PS,"US dollars per person, PPP converted",2012,,21545.4,,CYP,Cyprus,A,Normal value,2020,,0,Units,0,Zero,USD,US dollar
DATAFLOW,OECD.CFE.EDS:DSD_REG_ECO@DF_INC(2.0),Income - Regions,I,A,Annual,CTRY,Country,SVN,Slovenia,_Z,Not applicable,B5N,"Primary incomes, net",_T,Total - all activities,Q,Constant prices,USD_PPP_PS,"US dollars per person, PPP converted",2012,,17813,,SVN,Slovenia,A,Normal value,2020,,0,Units,0,Zero,USD,US dollar
DATAFLOW,OECD.CFE.EDS:DSD_REG_ECO@DF_INC(2.0),Income - Regions,I,A,Annual,CTRY,Country,SVN,Slovenia,_Z,Not applicable,B6N,"Disposable income, net",_T,Total - all activities,Q,Constant prices,USD_PPP_PS,"US dollars per person, PPP converted",2012,,16382.5,,SVN,Slovenia,A,Normal value,2020,,0,Units,0,Zero,USD,US dollar
DATAFLOW,OECD.CFE.EDS:DSD_REG_ECO@DF_INC(2.0),Income - Regions,I,A,Annual,CTRY,Country,ROU,Romania,_Z,Not applicable,B6N,"Disposable income, net",_T,Total - all activities,Q,Constant prices,USD_PPP_PS,"US dollars per person, PPP converted",2012,,8751.9,,ROU,Romania,A,Normal value,2020,,0,Units,0,Zero,USD,US dollar
DATAFLOW,OECD.CFE.EDS:DSD_REG_ECO@DF_INC(2.0),Income - Regions,I,A,Annual,CTRY,Country,EST,Estonia,_Z,Not applicable,B6N,"Disposable income, net",_T,Total - all activities,Q,Constant prices,USD_PPP_PS,"US dollars per person, PPP converted",2012,,12031.8,,EST,Estonia,A,Normal value,2020,,0,Units,0,Zero,USD,US dollar
DATAFLOW,OECD.CFE.EDS:DSD_REG_ECO@DF_INC(2.0),Income - Regions,I,A,Annual,CTRY,Country,POL,Poland,_Z,Not applicable,B5N,"Primary incomes, net",_T,Total - all activities,Q,Constant prices,USD_PPP_PS,"US dollars per person, PPP converted",2012,,14981.5,,POL,Poland,A,Normal value,2020,,0,Units,0,Zero,USD,US dollar
DATAFLOW,OECD.CFE.EDS:DSD_REG_ECO@DF_INC(2.0),Income - Regions,I,A,Annual,CTRY,Country,ROU,Romania,_Z,Not applicable,B5N,"Primary incomes, net",_T,Total - all activities,Q,Constant prices,USD_PPP_PS,"US dollars per person, PPP converted",2012,,8124,,ROU,Romania,A,Normal value,2020,,0,Units,0,Zero,USD,US dollar
DATAFLOW,OECD.CFE.EDS:DSD_REG_ECO@DF_INC(2.0),Income - Regions,I,A,Annual,CTRY,Country,POL,Poland,_Z,Not applicable,B6N,"Disposable income, net",_T,Total - all activities,Q,Constant prices,USD_PPP_PS,"US dollars per person, PPP converted",2012,,13970.6,,POL,Poland,A,Normal value,2020,,0,Units,0,Zero,USD,US dollar
DATAFLOW,OECD.CFE.EDS:DSD_REG_ECO@DF_INC(2.0),Income - Regions,I,A,Annual,CTRY,Country,AUT,Austria,_Z,Not applicable,B5N,"Primary incomes, net",_T,Total - all activities,Q,Constant prices,USD_PPP_PS,"US dollars per person, PPP converted",2012,,32728.8,,AUT,Austria,A,Normal value,2020,,0,Units,0,Zero,USD,US dollar
DATAFLOW,OECD.CFE.EDS:DSD_REG_ECO@DF_INC(2.0),Income - Regions,I,A,Annual,CTRY,Country,MLT,Malta,_Z,Not applicable,B6N,"Disposable income, net",_T,Total - all activities,Q,Constant prices,USD_PPP_PS,"US dollars per person, PPP converted",2012,,16416.7,,MLT,Malta,A,Normal value,2020,,0,Units,0,Zero,USD,US dollar
DATAFLOW,OECD.CFE.EDS:DSD_REG_ECO@DF_INC(2.0),Income - Regions,I,A,Annual,CTRY,Country,HRV,Croatia,_Z,Not applicable,B6N,"Disposable income, net",_T,Total - all activities,Q,Constant prices,USD_PPP_PS,"US dollars per person, PPP converted",2012,,12560.6,,HRV,Croatia,A,Normal value,2020,,0,Units,0,Zero,USD,US dollar
DATAFLOW,OECD.CFE.EDS:DSD_REG_ECO@DF_INC(2.0),Income - Regions,I,A,Annual,CTRY,Country,DNK,Denmark,_Z,Not applicable,B5N,"Primary incomes, net",_T,Total - all activities,Q,Constant prices,USD_PPP_PS,"US dollars per person, PPP converted",2012,,26464.7,,DNK,Denmark,A,Normal value,2020,,0,Units,0,Zero,USD,US dollar
DATAFLOW,OECD.CFE.EDS:DSD_REG_ECO@DF_INC(2.0),Income - Regions,I,A,Annual,CTRY,Country,KOR,Korea,_Z,Not applicable,B5N,"Primary incomes, net",_T,Total - all activities,Q,Constant prices,USD_PPP_PS,"US dollars per person, PPP converted",2012,,18135.9,,KOR,Korea,A,Normal value,2020,,0,Units,0,Zero,USD,US dollar
DATAFLOW,OECD.CFE.EDS:DSD_REG_ECO@DF_INC(2.0),Income - Regions,I,A,Annual,CTRY,Country,LVA,Latvia,_Z,Not applicable,B5N,"Primary incomes, net",_T,Total - all activities,Q,Constant prices,USD_PPP_PS,"US dollars per person, PPP converted",2012,,11263.4,,LVA,Latvia,A,Normal value,2020,,0,Units,0,Zero,USD,US dollar
DATAFLOW,OECD.CFE.EDS:DSD_REG_ECO@DF_INC(2.0),Income - Regions,I,A,Annual,CTRY,Country,LUX,Luxembourg,_Z,Not applicable,B5N,"Primary incomes, net",_T,Total - all activities,Q,Constant prices,USD_PPP_PS,"US dollars per person, PPP converted",2012,,36188,,LUX,Luxembourg,A,Normal value,2020,,0,Units,0,Zero,USD,US dollar
DATAFLOW,OECD.CFE.EDS:DSD_REG_ECO@DF_INC(2.0),Income - Regions,I,A,Annual,CTRY,Country,CYP,Cyprus,_Z,Not applicable,B6N,"Disposable income, net",_T,Total - all activities,Q,Constant prices,USD_PPP_PS,"US dollars per person, PPP converted",2012,,22478.7,,CYP,Cyprus,A,Normal value,2020,,0,Units,0,Zero,USD,US dollar
DATAFLOW,OECD.CFE.EDS:DSD_REG_ECO@DF_INC(2.0),Income - Regions,I,A,Annual,CTRY,Country,MLT,Malta,_Z,Not applicable,B5N,"Primary incomes, net",_T,Total - all activities,Q,Constant prices,USD_PPP_PS,"US dollars per person, PPP converted",2012,,17073.8,,MLT,Malta,A,Normal value,2020,,0,Units,0,Zero,USD,US dollar
DATAFLOW,OECD.CFE.EDS:DSD_REG_ECO@DF_INC(2.0),Income - Regions,I,A,Annual,CTRY,Country,EST,Estonia,_Z,Not applicable,B5N,"Primary incomes, net",_T,Total - all activities,Q,Constant prices,USD_PPP_PS,"US dollars per person, PPP converted",2012,,13011.2,,EST,Estonia,A,Normal value,2020,,0,Units,0,Zero,USD,US dollar
DATAFLOW,OECD.CFE.EDS:DSD_REG_ECO@DF_INC(2.0),Income - Regions,I,A,Annual,CTRY,Country,DNK,Denmark,_Z,Not applicable,B6N,"Disposable income, net",_T,Total - all activities,Q,Constant prices,USD_PPP_PS,"US dollars per person, PPP converted",2012,,19699.1,,DNK,Denmark,A,Normal value,2020,,0,Units,0,Zero,USD,US dollar
DATAFLOW,OECD.CFE.EDS:DSD_REG_ECO@DF_INC(2.0),Income - Regions,I,A,Annual,CTRY,Country,LTU,Lithuania,_Z,Not applicable,B6N,"Disposable income, net",_T,Total - all activities,Q,Constant prices,USD_PPP_PS,"US dollars per person, PPP converted",2012,,12937.6,,LTU,Lithuania,A,Normal value,2020,,0,Units,0,Zero,USD,US dollar
DATAFLOW,OECD.CFE.EDS:DSD_REG_ECO@DF_INC(2.0),Income - Regions,I,A,Annual,CTRY,Country,KOR,Korea,_Z,Not applicable,B6N,"Disposable income, net",_T,Total - all activities,Q,Constant prices,USD_PPP_PS,"US dollars per person, PPP converted",2012,,16373.5,,KOR,Korea,A,Normal value,2020,,0,Units,0,Zero,USD,US dollar
DATAFLOW,OECD.CFE.EDS:DSD_REG_ECO@DF_INC(2.0),Income - Regions,I,A,Annual,CTRY,Country,BGR,Bulgaria,_Z,Not applicable,B5N,"Primary incomes, net",_T,Total - all activities,Q,Constant prices,USD_PPP_PS,"US dollars per person, PPP converted",2012,,8614.3,,BGR,Bulgaria,A,Normal value,2020,,0,Units,0,Zero,USD,US dollar
DATAFLOW,OECD.CFE.EDS:DSD_REG_ECO@DF_INC(2.0),Income - Regions,I,A,Annual,CTRY,Country,HUN,Hungary,_Z,Not applicable,B5N,"Primary incomes, net",_T,Total - all activities,Q,Constant prices,USD_PPP_PS,"US dollars per person, PPP converted",2012,,11230.7,,HUN,Hungary,A,Normal value,2020,,0,Units,0,Zero,USD,US dollar
DATAFLOW,OECD.CFE.EDS:DSD_REG_ECO@DF_INC(2.0),Income - Regions,I,A,Annual,CTRY,Country,HRV,Croatia,_Z,Not applicable,B5N,"Primary incomes, net",_T,Total - all activities,Q,Constant prices,USD_PPP_PS,"US dollars per person, PPP converted",2012,,12964.2,,HRV,Croatia,A,Normal value,2020,,0,Units,0,Zero,USD,US dollar
DATAFLOW,OECD.CFE.EDS:DSD_REG_ECO@DF_INC(2.0),Income - Regions,I,A,Annual,CTRY,Country,FRA,France,_Z,Not applicable,B5N,"Primary incomes, net",_T,Total - all activities,Q,Constant prices,USD_PPP_PS,"US dollars per person, PPP converted",2012,,27641.7,,FRA,France,A,Normal value,2020,,0,Units,0,Zero,USD,US dollar
DATAFLOW,OECD.CFE.EDS:DSD_REG_ECO@DF_INC(2.0),Income - Regions,I,A,Annual,CTRY,Country,HUN,Hungary,_Z,Not applicable,B6N,"Disposable income, net",_T,Total - all activities,Q,Constant prices,USD_PPP_PS,"US dollars per person, PPP converted",2012,,10207.1,,HUN,Hungary,A,Normal value,2020,,0,Units,0,Zero,USD,US dollar
DATAFLOW,OECD.CFE.EDS:DSD_REG_ECO@DF_INC(2.0),Income - Regions,I,A,Annual,CTRY,Country,HUN,Hungary,_Z,Not applicable,B6N,"Disposable income, net",_T,Total - all activities,Q,Constant prices,USD_PPP_PS,"US dollars per person, PPP converted",2013,,10441.5,,HUN,Hungary,A,Normal value,2020,,0,Units,0,Zero,USD,US dollar
DATAFLOW,OECD.CFE.EDS:DSD_REG_ECO@DF_INC(2.0),Income - Regions,I,A,Annual,CTRY,Country,FRA,France,_Z,Not applicable,B5N,"Primary incomes, net",_T,Total - all activities,Q,Constant prices,USD_PPP_PS,"US dollars per person, PPP converted",2013,,27393.1,,FRA,France,A,Normal value,2020,,0,Units,0,Zero,USD,US dollar
DATAFLOW,OECD.CFE.EDS:DSD_REG_ECO@DF_INC(2.0),Income - Regions,I,A,Annual,CTRY,Country,HRV,Croatia,_Z,Not applicable,B5N,"Primary incomes, net",_T,Total - all activities,Q,Constant prices,USD_PPP_PS,"US dollars per person, PPP converted",2013,,12684.8,,HRV,Croatia,A,Normal value,2020,,0,Units,0,Zero,USD,US dollar
DATAFLOW,OECD.CFE.EDS:DSD_REG_ECO@DF_INC(2.0),Income - Regions,I,A,Annual,CTRY,Country,HUN,Hungary,_Z,Not applicable,B5N,"Primary incomes, net",_T,Total - all activities,Q,Constant prices,USD_PPP_PS,"US dollars per person, PPP converted",2013,,11491.6,,HUN,Hungary,A,Normal value,2020,,0,Units,0,Zero,USD,US dollar
DATAFLOW,OECD.CFE.EDS:DSD_REG_ECO@DF_INC(2.0),Income - Regions,I,A,Annual,CTRY,Country,BGR,Bulgaria,_Z,Not applicable,B5N,"Primary incomes, net",_T,Total - all activities,Q,Constant prices,USD_PPP_PS,"US dollars per person, PPP converted",2013,,9128.1,,BGR,Bulgaria,A,Normal value,2020,,0,Units,0,Zero,USD,US dollar
DATAFLOW,OECD.CFE.EDS:DSD_REG_ECO@DF_INC(2.0),Income - Regions,I,A,Annual,CTRY,Country,KOR,Korea,_Z,Not applicable,B6N,"Disposable income, net",_T,Total - all activities,Q,Constant prices,USD_PPP_PS,"US dollars per person, PPP converted",2013,,16982.2,,KOR,Korea,A,Normal value,2020,,0,Units,0,Zero,USD,US dollar
DATAFLOW,OECD.CFE.EDS:DSD_REG_ECO@DF_INC(2.0),Income - Regions,I,A,Annual,CTRY,Country,LTU,Lithuania,_Z,Not applicable,B6N,"Disposable income, net",_T,Total - all activities,Q,Constant prices,USD_PPP_PS,"US dollars per person, PPP converted",2013,,13751.6,,LTU,Lithuania,A,Normal value,2020,,0,Units,0,Zero,USD,US dollar
DATAFLOW,OECD.CFE.EDS:DSD_REG_ECO@DF_INC(2.0),Income - Regions,I,A,Annual,CTRY,Country,IRL,Ireland,_Z,Not applicable,B5N,"Primary incomes, net",_T,Total - all activities,Q,Constant prices,USD_PPP_PS,"US dollars per person, PPP converted",2013,,20437.1,,IRL,Ireland,A,Normal value,2020,,0,Units,0,Zero,USD,US dollar
DATAFLOW,OECD.CFE.EDS:DSD_REG_ECO@DF_INC(2.0),Income - Regions,I,A,Annual,CTRY,Country,DNK,Denmark,_Z,Not applicable,B6N,"Disposable income, net",_T,Total - all activities,Q,Constant prices,USD_PPP_PS,"US dollars per person, PPP converted",2013,,19785.6,,DNK,Denmark,A,Normal value,2020,,0,Units,0,Zero,USD,US dollar
DATAFLOW,OECD.CFE.EDS:DSD_REG_ECO@DF_INC(2.0),Income - Regions,I,A,Annual,CTRY,Country,EST,Estonia,_Z,Not applicable,B5N,"Primary incomes, net",_T,Total - all activities,Q,Constant prices,USD_PPP_PS,"US dollars per person, PPP converted",2013,,14023.9,,EST,Estonia,A,Normal value,2020,,0,Units,0,Zero,USD,US dollar
DATAFLOW,OECD.CFE.EDS:DSD_REG_ECO@DF_INC(2.0),Income - Regions,I,A,Annual,CTRY,Country,MLT,Malta,_Z,Not applicable,B5N,"Primary incomes, net",_T,Total - all activities,Q,Constant prices,USD_PPP_PS,"US dollars per person, PPP converted",2013,,17886.5,,MLT,Malta,A,Normal value,2020,,0,Units,0,Zero,USD,US dollar
DATAFLOW,OECD.CFE.EDS:DSD_REG_ECO@DF_INC(2.0),Income - Regions,I,A,Annual,CTRY,Country,CYP,Cyprus,_Z,Not applicable,B6N,"Disposable income, net",_T,Total - all activities,Q,Constant prices,USD_PPP_PS,"US dollars per person, PPP converted",2013,,21459.8,,CYP,Cyprus,A,Normal value,2020,,0,Units,0,Zero,USD,US dollar
DATAFLOW,OECD.CFE.EDS:DSD_REG_ECO@DF_INC(2.0),Income - Regions,I,A,Annual,CTRY,Country,LUX,Luxembourg,_Z,Not applicable,B5N,"Primary incomes, net",_T,Total - all activities,Q,Constant prices,USD_PPP_PS,"US dollars per person, PPP converted",2013,,36997,,LUX,Luxembourg,A,Normal value,2020,,0,Units,0,Zero,USD,US dollar
DATAFLOW,OECD.CFE.EDS:DSD_REG_ECO@DF_INC(2.0),Income - Regions,I,A,Annual,CTRY,Country,LVA,Latvia,_Z,Not applicable,B5N,"Primary incomes, net",_T,Total - all activities,Q,Constant prices,USD_PPP_PS,"US dollars per person, PPP converted",2013,,11820,,LVA,Latvia,A,Normal value,2020,,0,Units,0,Zero,USD,US dollar
DATAFLOW,OECD.CFE.EDS:DSD_REG_ECO@DF_INC(2.0),Income - Regions,I,A,Annual,CTRY,Country,KOR,Korea,_Z,Not applicable,B5N,"Primary incomes, net",_T,Total - all activities,Q,Constant prices,USD_PPP_PS,"US dollars per person, PPP converted",2013,,18665.4,,KOR,Korea,A,Normal value,2020,,0,Units,0,Zero,USD,US dollar
DATAFLOW,OECD.CFE.EDS:DSD_REG_ECO@DF_INC(2.0),Income - Regions,I,A,Annual,CTRY,Country,DNK,Denmark,_Z,Not applicable,B5N,"Primary incomes, net",_T,Total - all activities,Q,Constant prices,USD_PPP_PS,"US dollars per person, PPP converted",2013,,27043.7,,DNK,Denmark,A,Normal value,2020,,0,Units,0,Zero,USD,US dollar
DATAFLOW,OECD.CFE.EDS:DSD_REG_ECO@DF_INC(2.0),Income - Regions,I,A,Annual,CTRY,Country,HRV,Croatia,_Z,Not applicable,B6N,"Disposable income, net",_T,Total - all activities,Q,Constant prices,USD_PPP_PS,"US dollars per person, PPP converted",2013,,12297.3,,HRV,Croatia,A,Normal value,2020,,0,Units,0,Zero,USD,US dollar
DATAFLOW,OECD.CFE.EDS:DSD_REG_ECO@DF_INC(2.0),Income - Regions,I,A,Annual,CTRY,Country,MLT,Malta,_Z,Not applicable,B6N,"Disposable income, net",_T,Total - all activities,Q,Constant prices,USD_PPP_PS,"US dollars per person, PPP converted",2013,,17096.2,,MLT,Malta,A,Normal value,2020,,0,Units,0,Zero,USD,US dollar
DATAFLOW,OECD.CFE.EDS:DSD_REG_ECO@DF_INC(2.0),Income - Regions,I,A,Annual,CTRY,Country,AUT,Austria,_Z,Not applicable,B5N,"Primary incomes, net",_T,Total - all activities,Q,Constant prices,USD_PPP_PS,"US dollars per person, PPP converted",2013,,31879.3,,AUT,Austria,A,Normal value,2020,,0,Units,0,Zero,USD,US dollar
DATAFLOW,OECD.CFE.EDS:DSD_REG_ECO@DF_INC(2.0),Income - Regions,I,A,Annual,CTRY,Country,POL,Poland,_Z,Not applicable,B6N,"Disposable income, net",_T,Total - all activities,Q,Constant prices,USD_PPP_PS,"US dollars per person, PPP converted",2013,,14072.9,,POL,Poland,A,Normal value,2020,,0,Units,0,Zero,USD,US dollar
DATAFLOW,OECD.CFE.EDS:DSD_REG_ECO@DF_INC(2.0),Income - Regions,I,A,Annual,CTRY,Country,ROU,Romania,_Z,Not applicable,B5N,"Primary incomes, net",_T,Total - all activities,Q,Constant prices,USD_PPP_PS,"US dollars per person, PPP converted",2013,,9030.2,,ROU,Romania,A,Normal value,2020,,0,Units,0,Zero,USD,US dollar
DATAFLOW,OECD.CFE.EDS:DSD_REG_ECO@DF_INC(2.0),Income - Regions,I,A,Annual,CTRY,Country,POL,Poland,_Z,Not applicable,B5N,"Primary incomes, net",_T,Total - all activities,Q,Constant prices,USD_PPP_PS,"US dollars per person, PPP converted",2013,,15059.5,,POL,Poland,A,Normal value,2020,,0,Units,0,Zero,USD,US dollar
DATAFLOW,OECD.CFE.EDS:DSD_REG_ECO@DF_INC(2.0),Income - Regions,I,A,Annual,CTRY,Country,EST,Estonia,_Z,Not applicable,B6N,"Disposable income, net",_T,Total - all activities,Q,Constant prices,USD_PPP_PS,"US dollars per person, PPP converted",2013,,12826.8,,EST,Estonia,A,Normal value,2020,,0,Units,0,Zero,USD,US dollar
DATAFLOW,OECD.CFE.EDS:DSD_REG_ECO@DF_INC(2.0),Income - Regions,I,A,Annual,CTRY,Country,ROU,Romania,_Z,Not applicable,B6N,"Disposable income, net",_T,Total - all activities,Q,Constant prices,USD_PPP_PS,"US dollars per person, PPP converted",2013,,8797,,ROU,Romania,A,Normal value,2020,,0,Units,0,Zero,USD,US dollar
DATAFLOW,OECD.CFE.EDS:DSD_REG_ECO@DF_INC(2.0),Income - Regions,I,A,Annual,CTRY,Country,SVN,Slovenia,_Z,Not applicable,B6N,"Disposable income, net",_T,Total - all activities,Q,Constant prices,USD_PPP_PS,"US dollars per person, PPP converted",2013,,15973.1,,SVN,Slovenia,A,Normal value,2020,,0,Units,0,Zero,USD,US dollar
DATAFLOW,OECD.CFE.EDS:DSD_REG_ECO@DF_INC(2.0),Income - Regions,I,A,Annual,CTRY,Country,SVN,Slovenia,_Z,Not applicable,B5N,"Primary incomes, net",_T,Total - all activities,Q,Constant prices,USD_PPP_PS,"US dollars per person, PPP converted",2013,,17171,,SVN,Slovenia,A,Normal value,2020,,0,Units,0,Zero,USD,US dollar
DATAFLOW,OECD.CFE.EDS:DSD_REG_ECO@DF_INC(2.0),Income - Regions,I,A,Annual,CTRY,Country,CYP,Cyprus,_Z,Not applicable,B5N,"Primary incomes, net",_T,Total - all activities,Q,Constant prices,USD_PPP_PS,"US dollars per person, PPP converted",2013,,19445.3,,CYP,Cyprus,A,Normal value,2020,,0,Units,0,Zero,USD,US dollar
DATAFLOW,OECD.CFE.EDS:DSD_REG_ECO@DF_INC(2.0),Income - Regions,I,A,Annual,CTRY,Country,FRA,France,_Z,Not applicable,B6N,"Disposable income, net",_T,Total - all activities,Q,Constant prices,USD_PPP_PS,"US dollars per person, PPP converted",2013,,23570.5,,FRA,France,A,Normal value,2020,,0,Units,0,Zero,USD,US dollar
DATAFLOW,OECD.CFE.EDS:DSD_REG_ECO@DF_INC(2.0),Income - Regions,I,A,Annual,CTRY,Country,SVK,Slovak Republic,_Z,Not applicable,B5N,"Primary incomes, net",_T,Total - all activities,Q,Constant prices,USD_PPP_PS,"US dollars per person, PPP converted",2013,,13216.6,,SVK,Slovak Republic,A,Normal value,2020,,0,Units,0,Zero,USD,US dollar
DATAFLOW,OECD.CFE.EDS:DSD_REG_ECO@DF_INC(2.0),Income - Regions,I,A,Annual,CTRY,Country,ESP,Spain,_Z,Not applicable,B5N,"Primary incomes, net",_T,Total - all activities,Q,Constant prices,USD_PPP_PS,"US dollars per person, PPP converted",2013,,14711,,ESP,Spain,A,Normal value,2020,,0,Units,0,Zero,USD,US dollar
DATAFLOW,OECD.CFE.EDS:DSD_REG_ECO@DF_INC(2.0),Income - Regions,I,A,Annual,CTRY,Country,CZE,Czechia,_Z,Not applicable,B6N,"Disposable income, net",_T,Total - all activities,Q,Constant prices,USD_PPP_PS,"US dollars per person, PPP converted",2013,,14569.7,,CZE,Czechia,A,Normal value,2020,,0,Units,0,Zero,USD,US dollar
DATAFLOW,OECD.CFE.EDS:DSD_REG_ECO@DF_INC(2.0),Income - Regions,I,A,Annual,CTRY,Country,LTU,Lithuania,_Z,Not applicable,B5N,"Primary incomes, net",_T,Total - all activities,Q,Constant prices,USD_PPP_PS,"US dollars per person, PPP converted",2013,,14098.9,,LTU,Lithuania,A,Normal value,2020,,0,Units,0,Zero,USD,US dollar
DATAFLOW,OECD.CFE.EDS:DSD_REG_ECO@DF_INC(2.0),Income - Regions,I,A,Annual,CTRY,Country,LVA,Latvia,_Z,Not applicable,B6N,"Disposable income, net",_T,Total - all activities,Q,Constant prices,USD_PPP_PS,"US dollars per person, PPP converted",2013,,11304.8,,LVA,Latvia,A,Normal value,2020,,0,Units,0,Zero,USD,US dollar
DATAFLOW,OECD.CFE.EDS:DSD_REG_ECO@DF_INC(2.0),Income - Regions,I,A,Annual,CTRY,Country,BGR,Bulgaria,_Z,Not applicable,B6N,"Disposable income, net",_T,Total - all activities,Q,Constant prices,USD_PPP_PS,"US dollars per person, PPP converted",2013,,9517.5,,BGR,Bulgaria,A,Normal value,2020,,0,Units,0,Zero,USD,US dollar
DATAFLOW,OECD.CFE.EDS:DSD_REG_ECO@DF_INC(2.0),Income - Regions,I,A,Annual,CTRY,Country,LUX,Luxembourg,_Z,Not applicable,B6N,"Disposable income, net",_T,Total - all activities,Q,Constant prices,USD_PPP_PS,"US dollars per person, PPP converted",2013,,33111.3,,LUX,Luxembourg,A,Normal value,2020,,0,Units,0,Zero,USD,US dollar
DATAFLOW,OECD.CFE.EDS:DSD_REG_ECO@DF_INC(2.0),Income - Regions,I,A,Annual,CTRY,Country,AUT,Austria,_Z,Not applicable,B6N,"Disposable income, net",_T,Total - all activities,Q,Constant prices,USD_PPP_PS,"US dollars per person, PPP converted",2013,,27681.9,,AUT,Austria,A,Normal value,2020,,0,Units,0,Zero,USD,US dollar
DATAFLOW,OECD.CFE.EDS:DSD_REG_ECO@DF_INC(2.0),Income - Regions,I,A,Annual,CTRY,Country,GRC,Greece,_Z,Not applicable,B6N,"Disposable income, net",_T,Total - all activities,Q,Constant prices,USD_PPP_PS,"US dollars per person, PPP converted",2013,,14872.6,,GRC,Greece,A,Normal value,2020,,0,Units,0,Zero,USD,US dollar
DATAFLOW,OECD.CFE.EDS:DSD_REG_ECO@DF_INC(2.0),Income - Regions,I,A,Annual,CTRY,Country,IRL,Ireland,_Z,Not applicable,B6N,"Disposable income, net",_T,Total - all activities,Q,Constant prices,USD_PPP_PS,"US dollars per person, PPP converted",2013,,18421.9,,IRL,Ireland,A,Normal value,2020,,0,Units,0,Zero,USD,US dollar
DATAFLOW,OECD.CFE.EDS:DSD_REG_ECO@DF_INC(2.0),Income - Regions,I,A,Annual,CTRY,Country,SWE,Sweden,_Z,Not applicable,B6N,"Disposable income, net",_T,Total - all activities,Q,Constant prices,USD_PPP_PS,"US dollars per person, PPP converted",2013,,21792.4,,SWE,Sweden,A,Normal value,2020,,0,Units,0,Zero,USD,US dollar
DATAFLOW,OECD.CFE.EDS:DSD_REG_ECO@DF_INC(2.0),Income - Regions,I,A,Annual,CTRY,Country,ESP,Spain,_Z,Not applicable,B6N,"Disposable income, net",_T,Total - all activities,Q,Constant prices,USD_PPP_PS,"US dollars per person, PPP converted",2013,,19634.3,,ESP,Spain,A,Normal value,2020,,0,Units,0,Zero,USD,US dollar
DATAFLOW,OECD.CFE.EDS:DSD_REG_ECO@DF_INC(2.0),Income - Regions,I,A,Annual,CTRY,Country,SWE,Sweden,_Z,Not applicable,B5N,"Primary incomes, net",_T,Total - all activities,Q,Constant prices,USD_PPP_PS,"US dollars per person, PPP converted",2013,,25416.7,,SWE,Sweden,A,Normal value,2020,,0,Units,0,Zero,USD,US dollar
DATAFLOW,OECD.CFE.EDS:DSD_REG_ECO@DF_INC(2.0),Income - Regions,I,A,Annual,CTRY,Country,GRC,Greece,_Z,Not applicable,B5N,"Primary incomes, net",_T,Total - all activities,Q,Constant prices,USD_PPP_PS,"US dollars per person, PPP converted",2013,,15921.5,,GRC,Greece,A,Normal value,2020,,0,Units,0,Zero,USD,US dollar
DATAFLOW,OECD.CFE.EDS:DSD_REG_ECO@DF_INC(2.0),Income - Regions,I,A,Annual,CTRY,Country,SVK,Slovak Republic,_Z,Not applicable,B6N,"Disposable income, net",_T,Total - all activities,Q,Constant prices,USD_PPP_PS,"US dollars per person, PPP converted",2013,,12560.2,,SVK,Slovak Republic,A,Normal value,2020,,0,Units,0,Zero,USD,US dollar
DATAFLOW,OECD.CFE.EDS:DSD_REG_ECO@DF_INC(2.0),Income - Regions,I,A,Annual,CTRY,Country,CZE,Czechia,_Z,Not applicable,B5N,"Primary incomes, net",_T,Total - all activities,Q,Constant prices,USD_PPP_PS,"US dollars per person, PPP converted",2013,,16408.7,,CZE,Czechia,A,Normal value,2020,,0,Units,0,Zero,USD,US dollar
DATAFLOW,OECD.CFE.EDS:DSD_REG_ECO@DF_INC(2.0),Income - Regions,I,A,Annual,CTRY,Country,CZE,Czechia,_Z,Not applicable,B5N,"Primary incomes, net",_T,Total - all activities,Q,Constant prices,USD_PPP_PS,"US dollars per person, PPP converted",2014,,16938.3,,CZE,Czechia,A,Normal value,2020,,0,Units,0,Zero,USD,US dollar
DATAFLOW,OECD.CFE.EDS:DSD_REG_ECO@DF_INC(2.0),Income - Regions,I,A,Annual,CTRY,Country,SVK,Slovak Republic,_Z,Not applicable,B6N,"Disposable income, net",_T,Total - all activities,Q,Constant prices,USD_PPP_PS,"US dollars per person, PPP converted",2014,,12811.8,,SVK,Slovak Republic,A,Normal value,2020,,0,Units,0,Zero,USD,US dollar
DATAFLOW,OECD.CFE.EDS:DSD_REG_ECO@DF_INC(2.0),Income - Regions,I,A,Annual,CTRY,Country,GRC,Greece,_Z,Not applicable,B5N,"Primary incomes, net",_T,Total - all activities,Q,Constant prices,USD_PPP_PS,"US dollars per person, PPP converted",2014,,16306,,GRC,Greece,A,Normal value,2020,,0,Units,0,Zero,USD,US dollar
DATAFLOW,OECD.CFE.EDS:DSD_REG_ECO@DF_INC(2.0),Income - Regions,I,A,Annual,CTRY,Country,SWE,Sweden,_Z,Not applicable,B5N,"Primary incomes, net",_T,Total - all activities,Q,Constant prices,USD_PPP_PS,"US dollars per person, PPP converted",2014,,26231.3,,SWE,Sweden,A,Normal value,2020,,0,Units,0,Zero,USD,US dollar
DATAFLOW,OECD.CFE.EDS:DSD_REG_ECO@DF_INC(2.0),Income - Regions,I,A,Annual,CTRY,Country,ESP,Spain,_Z,Not applicable,B6N,"Disposable income, net",_T,Total - all activities,Q,Constant prices,USD_PPP_PS,"US dollars per person, PPP converted",2014,,19725.6,,ESP,Spain,A,Normal value,2020,,0,Units,0,Zero,USD,US dollar
DATAFLOW,OECD.CFE.EDS:DSD_REG_ECO@DF_INC(2.0),Income - Regions,I,A,Annual,CTRY,Country,SWE,Sweden,_Z,Not applicable,B6N,"Disposable income, net",_T,Total - all activities,Q,Constant prices,USD_PPP_PS,"US dollars per person, PPP converted",2014,,22109.6,,SWE,Sweden,A,Normal value,2020,,0,Units,0,Zero,USD,US dollar
DATAFLOW,OECD.CFE.EDS:DSD_REG_ECO@DF_INC(2.0),Income - Regions,I,A,Annual,CTRY,Country,IRL,Ireland,_Z,Not applicable,B6N,"Disposable income, net",_T,Total - all activities,Q,Constant prices,USD_PPP_PS,"US dollars per person, PPP converted",2014,,18417.3,,IRL,Ireland,A,Normal value,2020,,0,Units,0,Zero,USD,US dollar
DATAFLOW,OECD.CFE.EDS:DSD_REG_ECO@DF_INC(2.0),Income - Regions,I,A,Annual,CTRY,Country,GRC,Greece,_Z,Not applicable,B6N,"Disposable income, net",_T,Total - all activities,Q,Constant prices,USD_PPP_PS,"US dollars per person, PPP converted",2014,,15759.2,,GRC,Greece,A,Normal value,2020,,0,Units,0,Zero,USD,US dollar
DATAFLOW,OECD.CFE.EDS:DSD_REG_ECO@DF_INC(2.0),Income - Regions,I,A,Annual,CTRY,Country,AUT,Austria,_Z,Not applicable,B6N,"Disposable income, net",_T,Total - all activities,Q,Constant prices,USD_PPP_PS,"US dollars per person, PPP converted",2014,,27499.8,,AUT,Austria,A,Normal value,2020,,0,Units,0,Zero,USD,US dollar
DATAFLOW,OECD.CFE.EDS:DSD_REG_ECO@DF_INC(2.0),Income - Regions,I,A,Annual,CTRY,Country,LUX,Luxembourg,_Z,Not applicable,B6N,"Disposable income, net",_T,Total - all activities,Q,Constant prices,USD_PPP_PS,"US dollars per person, PPP converted",2014,,33259.2,,LUX,Luxembourg,A,Normal value,2020,,0,Units,0,Zero,USD,US dollar
DATAFLOW,OECD.CFE.EDS:DSD_REG_ECO@DF_INC(2.0),Income - Regions,I,A,Annual,CTRY,Country,PRT,Portugal,_Z,Not applicable,B6N,"Disposable income, net",_T,Total - all activities,Q,Constant prices,USD_PPP_PS,"US dollars per person, PPP converted",2014,,16777.7,,PRT,Portugal,A,Normal value,2020,,0,Units,0,Zero,USD,US dollar
DATAFLOW,OECD.CFE.EDS:DSD_REG_ECO@DF_INC(2.0),Income - Regions,I,A,Annual,CTRY,Country,BGR,Bulgaria,_Z,Not applicable,B6N,"Disposable income, net",_T,Total - all activities,Q,Constant prices,USD_PPP_PS,"US dollars per person, PPP converted",2014,,9631.7,,BGR,Bulgaria,A,Normal value,2020,,0,Units,0,Zero,USD,US dollar
DATAFLOW,OECD.CFE.EDS:DSD_REG_ECO@DF_INC(2.0),Income - Regions,I,A,Annual,CTRY,Country,LVA,Latvia,_Z,Not applicable,B6N,"Disposable income, net",_T,Total - all activities,Q,Constant prices,USD_PPP_PS,"US dollars per person, PPP converted",2014,,11753.1,,LVA,Latvia,A,Normal value,2020,,0,Units,0,Zero,USD,US dollar
DATAFLOW,OECD.CFE.EDS:DSD_REG_ECO@DF_INC(2.0),Income - Regions,I,A,Annual,CTRY,Country,LTU,Lithuania,_Z,Not applicable,B5N,"Primary incomes, net",_T,Total - all activities,Q,Constant prices,USD_PPP_PS,"US dollars per person, PPP converted",2014,,14755.5,,LTU,Lithuania,A,Normal value,2020,,0,Units,0,Zero,USD,US dollar
DATAFLOW,OECD.CFE.EDS:DSD_REG_ECO@DF_INC(2.0),Income - Regions,I,A,Annual,CTRY,Country,CZE,Czechia,_Z,Not applicable,B6N,"Disposable income, net",_T,Total - all activities,Q,Constant prices,USD_PPP_PS,"US dollars per person, PPP converted",2014,,14995.6,,CZE,Czechia,A,Normal value,2020,,0,Units,0,Zero,USD,US dollar
DATAFLOW,OECD.CFE.EDS:DSD_REG_ECO@DF_INC(2.0),Income - Regions,I,A,Annual,CTRY,Country,ESP,Spain,_Z,Not applicable,B5N,"Primary incomes, net",_T,Total - all activities,Q,Constant prices,USD_PPP_PS,"US dollars per person, PPP converted",2014,,14930.9,,ESP,Spain,A,Normal value,2020,,0,Units,0,Zero,USD,US dollar
DATAFLOW,OECD.CFE.EDS:DSD_REG_ECO@DF_INC(2.0),Income - Regions,I,A,Annual,CTRY,Country,SVK,Slovak Republic,_Z,Not applicable,B5N,"Primary incomes, net",_T,Total - all activities,Q,Constant prices,USD_PPP_PS,"US dollars per person, PPP converted",2014,,13648.8,,SVK,Slovak Republic,A,Normal value,2020,,0,Units,0,Zero,USD,US dollar
DATAFLOW,OECD.CFE.EDS:DSD_REG_ECO@DF_INC(2.0),Income - Regions,I,A,Annual,CTRY,Country,FRA,France,_Z,Not applicable,B6N,"Disposable income, net",_T,Total - all activities,Q,Constant prices,USD_PPP_PS,"US dollars per person, PPP converted",2014,,23723.9,,FRA,France,A,Normal value,2020,,0,Units,0,Zero,USD,US dollar
DATAFLOW,OECD.CFE.EDS:DSD_REG_ECO@DF_INC(2.0),Income - Regions,I,A,Annual,CTRY,Country,CYP,Cyprus,_Z,Not applicable,B5N,"Primary incomes, net",_T,Total - all activities,Q,Constant prices,USD_PPP_PS,"US dollars per person, PPP converted",2014,,19189.7,,CYP,Cyprus,A,Normal value,2020,,0,Units,0,Zero,USD,US dollar
DATAFLOW,OECD.CFE.EDS:DSD_REG_ECO@DF_INC(2.0),Income - Regions,I,A,Annual,CTRY,Country,SVN,Slovenia,_Z,Not applicable,B5N,"Primary incomes, net",_T,Total - all activities,Q,Constant prices,USD_PPP_PS,"US dollars per person, PPP converted",2014,,17630.7,,SVN,Slovenia,A,Normal value,2020,,0,Units,0,Zero,USD,US dollar
DATAFLOW,OECD.CFE.EDS:DSD_REG_ECO@DF_INC(2.0),Income - Regions,I,A,Annual,CTRY,Country,SVN,Slovenia,_Z,Not applicable,B6N,"Disposable income, net",_T,Total - all activities,Q,Constant prices,USD_PPP_PS,"US dollars per person, PPP converted",2014,,16204.9,,SVN,Slovenia,A,Normal value,2020,,0,Units,0,Zero,USD,US dollar
DATAFLOW,OECD.CFE.EDS:DSD_REG_ECO@DF_INC(2.0),Income - Regions,I,A,Annual,CTRY,Country,ROU,Romania,_Z,Not applicable,B6N,"Disposable income, net",_T,Total - all activities,Q,Constant prices,USD_PPP_PS,"US dollars per person, PPP converted",2014,,8924.2,,ROU,Romania,A,Normal value,2020,,0,Units,0,Zero,USD,US dollar
DATAFLOW,OECD.CFE.EDS:DSD_REG_ECO@DF_INC(2.0),Income - Regions,I,A,Annual,CTRY,Country,EST,Estonia,_Z,Not applicable,B6N,"Disposable income, net",_T,Total - all activities,Q,Constant prices,USD_PPP_PS,"US dollars per person, PPP converted",2014,,13229,,EST,Estonia,A,Normal value,2020,,0,Units,0,Zero,USD,US dollar
DATAFLOW,OECD.CFE.EDS:DSD_REG_ECO@DF_INC(2.0),Income - Regions,I,A,Annual,CTRY,Country,POL,Poland,_Z,Not applicable,B5N,"Primary incomes, net",_T,Total - all activities,Q,Constant prices,USD_PPP_PS,"US dollars per person, PPP converted",2014,,15813.9,,POL,Poland,A,Normal value,2020,,0,Units,0,Zero,USD,US dollar
DATAFLOW,OECD.CFE.EDS:DSD_REG_ECO@DF_INC(2.0),Income - Regions,I,A,Annual,CTRY,Country,ROU,Romania,_Z,Not applicable,B5N,"Primary incomes, net",_T,Total - all activities,Q,Constant prices,USD_PPP_PS,"US dollars per person, PPP converted",2014,,9308.9,,ROU,Romania,A,Normal value,2020,,0,Units,0,Zero,USD,US dollar
DATAFLOW,OECD.CFE.EDS:DSD_REG_ECO@DF_INC(2.0),Income - Regions,I,A,Annual,CTRY,Country,POL,Poland,_Z,Not applicable,B6N,"Disposable income, net",_T,Total - all activities,Q,Constant prices,USD_PPP_PS,"US dollars per person, PPP converted",2014,,14852,,POL,Poland,A,Normal value,2020,,0,Units,0,Zero,USD,US dollar
DATAFLOW,OECD.CFE.EDS:DSD_REG_ECO@DF_INC(2.0),Income - Regions,I,A,Annual,CTRY,Country,MLT,Malta,_Z,Not applicable,B6N,"Disposable income, net",_T,Total - all activities,Q,Constant prices,USD_PPP_PS,"US dollars per person, PPP converted",2014,,17328.7,,MLT,Malta,A,Normal value,2020,,0,Units,0,Zero,USD,US dollar
DATAFLOW,OECD.CFE.EDS:DSD_REG_ECO@DF_INC(2.0),Income - Regions,I,A,Annual,CTRY,Country,HRV,Croatia,_Z,Not applicable,B6N,"Disposable income, net",_T,Total - all activities,Q,Constant prices,USD_PPP_PS,"US dollars per person, PPP converted",2014,,12431.5,,HRV,Croatia,A,Normal value,2020,,0,Units,0,Zero,USD,US dollar
DATAFLOW,OECD.CFE.EDS:DSD_REG_ECO@DF_INC(2.0),Income - Regions,I,A,Annual,CTRY,Country,KOR,Korea,_Z,Not applicable,B5N,"Primary incomes, net",_T,Total - all activities,Q,Constant prices,USD_PPP_PS,"US dollars per person, PPP converted",2014,,19370.8,,KOR,Korea,A,Normal value,2020,,0,Units,0,Zero,USD,US dollar
DATAFLOW,OECD.CFE.EDS:DSD_REG_ECO@DF_INC(2.0),Income - Regions,I,A,Annual,CTRY,Country,LVA,Latvia,_Z,Not applicable,B5N,"Primary incomes, net",_T,Total - all activities,Q,Constant prices,USD_PPP_PS,"US dollars per person, PPP converted",2014,,12410.1,,LVA,Latvia,A,Normal value,2020,,0,Units,0,Zero,USD,US dollar
DATAFLOW,OECD.CFE.EDS:DSD_REG_ECO@DF_INC(2.0),Income - Regions,I,A,Annual,CTRY,Country,LUX,Luxembourg,_Z,Not applicable,B5N,"Primary incomes, net",_T,Total - all activities,Q,Constant prices,USD_PPP_PS,"US dollars per person, PPP converted",2014,,37505.9,,LUX,Luxembourg,A,Normal value,2020,,0,Units,0,Zero,USD,US dollar
DATAFLOW,OECD.CFE.EDS:DSD_REG_ECO@DF_INC(2.0),Income - Regions,I,A,Annual,CTRY,Country,CYP,Cyprus,_Z,Not applicable,B6N,"Disposable income, net",_T,Total - all activities,Q,Constant prices,USD_PPP_PS,"US dollars per person, PPP converted",2014,,20151.4,,CYP,Cyprus,A,Normal value,2020,,0,Units,0,Zero,USD,US dollar
DATAFLOW,OECD.CFE.EDS:DSD_REG_ECO@DF_INC(2.0),Income - Regions,I,A,Annual,CTRY,Country,MLT,Malta,_Z,Not applicable,B5N,"Primary incomes, net",_T,Total - all activities,Q,Constant prices,USD_PPP_PS,"US dollars per person, PPP converted",2014,,18367.6,,MLT,Malta,A,Normal value,2020,,0,Units,0,Zero,USD,US dollar
DATAFLOW,OECD.CFE.EDS:DSD_REG_ECO@DF_INC(2.0),Income - Regions,I,A,Annual,CTRY,Country,EST,Estonia,_Z,Not applicable,B5N,"Primary incomes, net",_T,Total - all activities,Q,Constant prices,USD_PPP_PS,"US dollars per person, PPP converted",2014,,14547.7,,EST,Estonia,A,Normal value,2020,,0,Units,0,Zero,USD,US dollar
DATAFLOW,OECD.CFE.EDS:DSD_REG_ECO@DF_INC(2.0),Income - Regions,I,A,Annual,CTRY,Country,DNK,Denmark,_Z,Not applicable,B6N,"Disposable income, net",_T,Total - all activities,Q,Constant prices,USD_PPP_PS,"US dollars per person, PPP converted",2014,,19650.9,,DNK,Denmark,A,Normal value,2020,,0,Units,0,Zero,USD,US dollar
DATAFLOW,OECD.CFE.EDS:DSD_REG_ECO@DF_INC(2.0),Income - Regions,I,A,Annual,CTRY,Country,DNK,Denmark,_Z,Not applicable,B5N,"Primary incomes, net",_T,Total - all activities,Q,Constant prices,USD_PPP_PS,"US dollars per person, PPP converted",2014,,27492.5,,DNK,Denmark,A,Normal value,2020,,0,Units,0,Zero,USD,US dollar
DATAFLOW,OECD.CFE.EDS:DSD_REG_ECO@DF_INC(2.0),Income - Regions,I,A,Annual,CTRY,Country,IRL,Ireland,_Z,Not applicable,B5N,"Primary incomes, net",_T,Total - all activities,Q,Constant prices,USD_PPP_PS,"US dollars per person, PPP converted",2014,,21178.4,,IRL,Ireland,A,Normal value,2020,,0,Units,0,Zero,USD,US dollar
DATAFLOW,OECD.CFE.EDS:DSD_REG_ECO@DF_INC(2.0),Income - Regions,I,A,Annual,CTRY,Country,KOR,Korea,_Z,Not applicable,B6N,"Disposable income, net",_T,Total - all activities,Q,Constant prices,USD_PPP_PS,"US dollars per person, PPP converted",2014,,17457.8,,KOR,Korea,A,Normal value,2020,,0,Units,0,Zero,USD,US dollar
DATAFLOW,OECD.CFE.EDS:DSD_REG_ECO@DF_INC(2.0),Income - Regions,I,A,Annual,CTRY,Country,LTU,Lithuania,_Z,Not applicable,B6N,"Disposable income, net",_T,Total - all activities,Q,Constant prices,USD_PPP_PS,"US dollars per person, PPP converted",2014,,14199.1,,LTU,Lithuania,A,Normal value,2020,,0,Units,0,Zero,USD,US dollar
DATAFLOW,OECD.CFE.EDS:DSD_REG_ECO@DF_INC(2.0),Income - Regions,I,A,Annual,CTRY,Country,BGR,Bulgaria,_Z,Not applicable,B5N,"Primary incomes, net",_T,Total - all activities,Q,Constant prices,USD_PPP_PS,"US dollars per person, PPP converted",2014,,9436.4,,BGR,Bulgaria,A,Normal value,2020,,0,Units,0,Zero,USD,US dollar
DATAFLOW,OECD.CFE.EDS:DSD_REG_ECO@DF_INC(2.0),Income - Regions,I,A,Annual,CTRY,Country,HUN,Hungary,_Z,Not applicable,B5N,"Primary incomes, net",_T,Total - all activities,Q,Constant prices,USD_PPP_PS,"US dollars per person, PPP converted",2014,,12006.6,,HUN,Hungary,A,Normal value,2020,,0,Units,0,Zero,USD,US dollar
DATAFLOW,OECD.CFE.EDS:DSD_REG_ECO@DF_INC(2.0),Income - Regions,I,A,Annual,CTRY,Country,HRV,Croatia,_Z,Not applicable,B5N,"Primary incomes, net",_T,Total - all activities,Q,Constant prices,USD_PPP_PS,"US dollars per person, PPP converted",2014,,12887.5,,HRV,Croatia,A,Normal value,2020,,0,Units,0,Zero,USD,US dollar
DATAFLOW,OECD.CFE.EDS:DSD_REG_ECO@DF_INC(2.0),Income - Regions,I,A,Annual,CTRY,Country,FRA,France,_Z,Not applicable,B5N,"Primary incomes, net",_T,Total - all activities,Q,Constant prices,USD_PPP_PS,"US dollars per person, PPP converted",2014,,27622.2,,FRA,France,A,Normal value,2020,,0,Units,0,Zero,USD,US dollar
DATAFLOW,OECD.CFE.EDS:DSD_REG_ECO@DF_INC(2.0),Income - Regions,I,A,Annual,CTRY,Country,HUN,Hungary,_Z,Not applicable,B6N,"Disposable income, net",_T,Total - all activities,Q,Constant prices,USD_PPP_PS,"US dollars per person, PPP converted",2014,,10747.3,,HUN,Hungary,A,Normal value,2020,,0,Units,0,Zero,USD,US dollar
DATAFLOW,OECD.CFE.EDS:DSD_REG_ECO@DF_INC(2.0),Income - Regions,I,A,Annual,CTRY,Country,HUN,Hungary,_Z,Not applicable,B6N,"Disposable income, net",_T,Total - all activities,Q,Constant prices,USD_PPP_PS,"US dollars per person, PPP converted",2015,,11181.3,,HUN,Hungary,A,Normal value,2020,,0,Units,0,Zero,USD,US dollar
DATAFLOW,OECD.CFE.EDS:DSD_REG_ECO@DF_INC(2.0),Income - Regions,I,A,Annual,CTRY,Country,FRA,France,_Z,Not applicable,B5N,"Primary incomes, net",_T,Total - all activities,Q,Constant prices,USD_PPP_PS,"US dollars per person, PPP converted",2015,,27784.2,,FRA,France,A,Normal value,2020,,0,Units,0,Zero,USD,US dollar
DATAFLOW,OECD.CFE.EDS:DSD_REG_ECO@DF_INC(2.0),Income - Regions,I,A,Annual,CTRY,Country,HRV,Croatia,_Z,Not applicable,B5N,"Primary incomes, net",_T,Total - all activities,Q,Constant prices,USD_PPP_PS,"US dollars per person, PPP converted",2015,,12785.1,,HRV,Croatia,A,Normal value,2020,,0,Units,0,Zero,USD,US dollar
DATAFLOW,OECD.CFE.EDS:DSD_REG_ECO@DF_INC(2.0),Income - Regions,I,A,Annual,CTRY,Country,HUN,Hungary,_Z,Not applicable,B5N,"Primary incomes, net",_T,Total - all activities,Q,Constant prices,USD_PPP_PS,"US dollars per person, PPP converted",2015,,12721.4,,HUN,Hungary,A,Normal value,2020,,0,Units,0,Zero,USD,US dollar
DATAFLOW,OECD.CFE.EDS:DSD_REG_ECO@DF_INC(2.0),Income - Regions,I,A,Annual,CTRY,Country,BGR,Bulgaria,_Z,Not applicable,B5N,"Primary incomes, net",_T,Total - all activities,Q,Constant prices,USD_PPP_PS,"US dollars per person, PPP converted",2015,,9646.8,,BGR,Bulgaria,A,Normal value,2020,,0,Units,0,Zero,USD,US dollar
DATAFLOW,OECD.CFE.EDS:DSD_REG_ECO@DF_INC(2.0),Income - Regions,I,A,Annual,CTRY,Country,KOR,Korea,_Z,Not applicable,B6N,"Disposable income, net",_T,Total - all activities,Q,Constant prices,USD_PPP_PS,"US dollars per person, PPP converted",2015,,18407.8,,KOR,Korea,A,Normal value,2020,,0,Units,0,Zero,USD,US dollar
DATAFLOW,OECD.CFE.EDS:DSD_REG_ECO@DF_INC(2.0),Income - Regions,I,A,Annual,CTRY,Country,LTU,Lithuania,_Z,Not applicable,B6N,"Disposable income, net",_T,Total - all activities,Q,Constant prices,USD_PPP_PS,"US dollars per person, PPP converted",2015,,15018.2,,LTU,Lithuania,A,Normal value,2020,,0,Units,0,Zero,USD,US dollar
DATAFLOW,OECD.CFE.EDS:DSD_REG_ECO@DF_INC(2.0),Income - Regions,I,A,Annual,CTRY,Country,IRL,Ireland,_Z,Not applicable,B5N,"Primary incomes, net",_T,Total - all activities,Q,Constant prices,USD_PPP_PS,"US dollars per person, PPP converted",2015,,22289.9,,IRL,Ireland,A,Normal value,2020,,0,Units,0,Zero,USD,US dollar
DATAFLOW,OECD.CFE.EDS:DSD_REG_ECO@DF_INC(2.0),Income - Regions,I,A,Annual,CTRY,Country,DNK,Denmark,_Z,Not applicable,B6N,"Disposable income, net",_T,Total - all activities,Q,Constant prices,USD_PPP_PS,"US dollars per person, PPP converted",2015,,20406.8,,DNK,Denmark,A,Normal value,2020,,0,Units,0,Zero,USD,US dollar
DATAFLOW,OECD.CFE.EDS:DSD_REG_ECO@DF_INC(2.0),Income - Regions,I,A,Annual,CTRY,Country,EST,Estonia,_Z,Not applicable,B5N,"Primary incomes, net",_T,Total - all activities,Q,Constant prices,USD_PPP_PS,"US dollars per person, PPP converted",2015,,15817.7,,EST,Estonia,A,Normal value,2020,,0,Units,0,Zero,USD,US dollar
DATAFLOW,OECD.CFE.EDS:DSD_REG_ECO@DF_INC(2.0),Income - Regions,I,A,Annual,CTRY,Country,MLT,Malta,_Z,Not applicable,B5N,"Primary incomes, net",_T,Total - all activities,Q,Constant prices,USD_PPP_PS,"US dollars per person, PPP converted",2015,,19305.3,,MLT,Malta,A,Normal value,2020,,0,Units,0,Zero,USD,US dollar
DATAFLOW,OECD.CFE.EDS:DSD_REG_ECO@DF_INC(2.0),Income - Regions,I,A,Annual,CTRY,Country,CYP,Cyprus,_Z,Not applicable,B6N,"Disposable income, net",_T,Total - all activities,Q,Constant prices,USD_PPP_PS,"US dollars per person, PPP converted",2015,,20863.7,,CYP,Cyprus,A,Normal value,2020,,0,Units,0,Zero,USD,US dollar
DATAFLOW,OECD.CFE.EDS:DSD_REG_ECO@DF_INC(2.0),Income - Regions,I,A,Annual,CTRY,Country,LUX,Luxembourg,_Z,Not applicable,B5N,"Primary incomes, net",_T,Total - all activities,Q,Constant prices,USD_PPP_PS,"US dollars per person, PPP converted",2015,,37702.8,,LUX,Luxembourg,A,Normal value,2020,,0,Units,0,Zero,USD,US dollar
DATAFLOW,OECD.CFE.EDS:DSD_REG_ECO@DF_INC(2.0),Income - Regions,I,A,Annual,CTRY,Country,LVA,Latvia,_Z,Not applicable,B5N,"Primary incomes, net",_T,Total - all activities,Q,Constant prices,USD_PPP_PS,"US dollars per person, PPP converted",2015,,13254.1,,LVA,Latvia,A,Normal value,2020,,0,Units,0,Zero,USD,US dollar
DATAFLOW,OECD.CFE.EDS:DSD_REG_ECO@DF_INC(2.0),Income - Regions,I,A,Annual,CTRY,Country,KOR,Korea,_Z,Not applicable,B5N,"Primary incomes, net",_T,Total - all activities,Q,Constant prices,USD_PPP_PS,"US dollars per person, PPP converted",2015,,20355.7,,KOR,Korea,A,Normal value,2020,,0,Units,0,Zero,USD,US dollar
DATAFLOW,OECD.CFE.EDS:DSD_REG_ECO@DF_INC(2.0),Income - Regions,I,A,Annual,CTRY,Country,DNK,Denmark,_Z,Not applicable,B5N,"Primary incomes, net",_T,Total - all activities,Q,Constant prices,USD_PPP_PS,"US dollars per person, PPP converted",2015,,28323.8,,DNK,Denmark,A,Normal value,2020,,0,Units,0,Zero,USD,US dollar
DATAFLOW,OECD.CFE.EDS:DSD_REG_ECO@DF_INC(2.0),Income - Regions,I,A,Annual,CTRY,Country,HRV,Croatia,_Z,Not applicable,B6N,"Disposable income, net",_T,Total - all activities,Q,Constant prices,USD_PPP_PS,"US dollars per person, PPP converted",2015,,12310.5,,HRV,Croatia,A,Normal value,2020,,0,Units,0,Zero,USD,US dollar
DATAFLOW,OECD.CFE.EDS:DSD_REG_ECO@DF_INC(2.0),Income - Regions,I,A,Annual,CTRY,Country,MLT,Malta,_Z,Not applicable,B6N,"Disposable income, net",_T,Total - all activities,Q,Constant prices,USD_PPP_PS,"US dollars per person, PPP converted",2015,,18263.6,,MLT,Malta,A,Normal value,2020,,0,Units,0,Zero,USD,US dollar
DATAFLOW,OECD.CFE.EDS:DSD_REG_ECO@DF_INC(2.0),Income - Regions,I,A,Annual,CTRY,Country,POL,Poland,_Z,Not applicable,B6N,"Disposable income, net",_T,Total - all activities,Q,Constant prices,USD_PPP_PS,"US dollars per person, PPP converted",2015,,15271.7,,POL,Poland,A,Normal value,2020,,0,Units,0,Zero,USD,US dollar
DATAFLOW,OECD.CFE.EDS:DSD_REG_ECO@DF_INC(2.0),Income - Regions,I,A,Annual,CTRY,Country,ROU,Romania,_Z,Not applicable,B5N,"Primary incomes, net",_T,Total - all activities,Q,Constant prices,USD_PPP_PS,"US dollars per person, PPP converted",2015,,9892,,ROU,Romania,A,Normal value,2020,,0,Units,0,Zero,USD,US dollar
DATAFLOW,OECD.CFE.EDS:DSD_REG_ECO@DF_INC(2.0),Income - Regions,I,A,Annual,CTRY,Country,POL,Poland,_Z,Not applicable,B5N,"Primary incomes, net",_T,Total - all activities,Q,Constant prices,USD_PPP_PS,"US dollars per person, PPP converted",2015,,16280.4,,POL,Poland,A,Normal value,2020,,0,Units,0,Zero,USD,US dollar
DATAFLOW,OECD.CFE.EDS:DSD_REG_ECO@DF_INC(2.0),Income - Regions,I,A,Annual,CTRY,Country,EST,Estonia,_Z,Not applicable,B6N,"Disposable income, net",_T,Total - all activities,Q,Constant prices,USD_PPP_PS,"US dollars per person, PPP converted",2015,,14207.6,,EST,Estonia,A,Normal value,2020,,0,Units,0,Zero,USD,US dollar
DATAFLOW,OECD.CFE.EDS:DSD_REG_ECO@DF_INC(2.0),Income - Regions,I,A,Annual,CTRY,Country,ROU,Romania,_Z,Not applicable,B6N,"Disposable income, net",_T,Total - all activities,Q,Constant prices,USD_PPP_PS,"US dollars per person, PPP converted",2015,,9562.9,,ROU,Romania,A,Normal value,2020,,0,Units,0,Zero,USD,US dollar
DATAFLOW,OECD.CFE.EDS:DSD_REG_ECO@DF_INC(2.0),Income - Regions,I,A,Annual,CTRY,Country,SVN,Slovenia,_Z,Not applicable,B6N,"Disposable income, net",_T,Total - all activities,Q,Constant prices,USD_PPP_PS,"US dollars per person, PPP converted",2015,,16600.8,,SVN,Slovenia,A,Normal value,2020,,0,Units,0,Zero,USD,US dollar
DATAFLOW,OECD.CFE.EDS:DSD_REG_ECO@DF_INC(2.0),Income - Regions,I,A,Annual,CTRY,Country,SVN,Slovenia,_Z,Not applicable,B5N,"Primary incomes, net",_T,Total - all activities,Q,Constant prices,USD_PPP_PS,"US dollars per person, PPP converted",2015,,18250.8,,SVN,Slovenia,A,Normal value,2020,,0,Units,0,Zero,USD,US dollar
DATAFLOW,OECD.CFE.EDS:DSD_REG_ECO@DF_INC(2.0),Income - Regions,I,A,Annual,CTRY,Country,CYP,Cyprus,_Z,Not applicable,B5N,"Primary incomes, net",_T,Total - all activities,Q,Constant prices,USD_PPP_PS,"US dollars per person, PPP converted",2015,,20194.8,,CYP,Cyprus,A,Normal value,2020,,0,Units,0,Zero,USD,US dollar
DATAFLOW,OECD.CFE.EDS:DSD_REG_ECO@DF_INC(2.0),Income - Regions,I,A,Annual,CTRY,Country,FRA,France,_Z,Not applicable,B6N,"Disposable income, net",_T,Total - all activities,Q,Constant prices,USD_PPP_PS,"US dollars per person, PPP converted",2015,,23825.8,,FRA,France,A,Normal value,2020,,0,Units,0,Zero,USD,US dollar
DATAFLOW,OECD.CFE.EDS:DSD_REG_ECO@DF_INC(2.0),Income - Regions,I,A,Annual,CTRY,Country,SVK,Slovak Republic,_Z,Not applicable,B5N,"Primary incomes, net",_T,Total - all activities,Q,Constant prices,USD_PPP_PS,"US dollars per person, PPP converted",2015,,14086.9,,SVK,Slovak Republic,A,Normal value,2020,,0,Units,0,Zero,USD,US dollar
DATAFLOW,OECD.CFE.EDS:DSD_REG_ECO@DF_INC(2.0),Income - Regions,I,A,Annual,CTRY,Country,ESP,Spain,_Z,Not applicable,B5N,"Primary incomes, net",_T,Total - all activities,Q,Constant prices,USD_PPP_PS,"US dollars per person, PPP converted",2015,,15608.3,,ESP,Spain,A,Normal value,2020,,0,Units,0,Zero,USD,US dollar
DATAFLOW,OECD.CFE.EDS:DSD_REG_ECO@DF_INC(2.0),Income - Regions,I,A,Annual,CTRY,Country,CZE,Czechia,_Z,Not applicable,B6N,"Disposable income, net",_T,Total - all activities,Q,Constant prices,USD_PPP_PS,"US dollars per person, PPP converted",2015,,15420.4,,CZE,Czechia,A,Normal value,2020,,0,Units,0,Zero,USD,US dollar
DATAFLOW,OECD.CFE.EDS:DSD_REG_ECO@DF_INC(2.0),Income - Regions,I,A,Annual,CTRY,Country,LTU,Lithuania,_Z,Not applicable,B5N,"Primary incomes, net",_T,Total - all activities,Q,Constant prices,USD_PPP_PS,"US dollars per person, PPP converted",2015,,16032.4,,LTU,Lithuania,A,Normal value,2020,,0,Units,0,Zero,USD,US dollar
DATAFLOW,OECD.CFE.EDS:DSD_REG_ECO@DF_INC(2.0),Income - Regions,I,A,Annual,CTRY,Country,LVA,Latvia,_Z,Not applicable,B6N,"Disposable income, net",_T,Total - all activities,Q,Constant prices,USD_PPP_PS,"US dollars per person, PPP converted",2015,,12663.2,,LVA,Latvia,A,Normal value,2020,,0,Units,0,Zero,USD,US dollar
DATAFLOW,OECD.CFE.EDS:DSD_REG_ECO@DF_INC(2.0),Income - Regions,I,A,Annual,CTRY,Country,BGR,Bulgaria,_Z,Not applicable,B6N,"Disposable income, net",_T,Total - all activities,Q,Constant prices,USD_PPP_PS,"US dollars per person, PPP converted",2015,,9896,,BGR,Bulgaria,A,Normal value,2020,,0,Units,0,Zero,USD,US dollar
DATAFLOW,OECD.CFE.EDS:DSD_REG_ECO@DF_INC(2.0),Income - Regions,I,A,Annual,CTRY,Country,LUX,Luxembourg,_Z,Not applicable,B6N,"Disposable income, net",_T,Total - all activities,Q,Constant prices,USD_PPP_PS,"US dollars per person, PPP converted",2015,,32843.8,,LUX,Luxembourg,A,Normal value,2020,,0,Units,0,Zero,USD,US dollar
DATAFLOW,OECD.CFE.EDS:DSD_REG_ECO@DF_INC(2.0),Income - Regions,I,A,Annual,CTRY,Country,AUT,Austria,_Z,Not applicable,B6N,"Disposable income, net",_T,Total - all activities,Q,Constant prices,USD_PPP_PS,"US dollars per person, PPP converted",2015,,27431.2,,AUT,Austria,A,Normal value,2020,,0,Units,0,Zero,USD,US dollar
DATAFLOW,OECD.CFE.EDS:DSD_REG_ECO@DF_INC(2.0),Income - Regions,I,A,Annual,CTRY,Country,GRC,Greece,_Z,Not applicable,B6N,"Disposable income, net",_T,Total - all activities,Q,Constant prices,USD_PPP_PS,"US dollars per person, PPP converted",2015,,15858.8,,GRC,Greece,A,Normal value,2020,,0,Units,0,Zero,USD,US dollar
DATAFLOW,OECD.CFE.EDS:DSD_REG_ECO@DF_INC(2.0),Income - Regions,I,A,Annual,CTRY,Country,IRL,Ireland,_Z,Not applicable,B6N,"Disposable income, net",_T,Total - all activities,Q,Constant prices,USD_PPP_PS,"US dollars per person, PPP converted",2015,,19264.8,,IRL,Ireland,A,Normal value,2020,,0,Units,0,Zero,USD,US dollar
DATAFLOW,OECD.CFE.EDS:DSD_REG_ECO@DF_INC(2.0),Income - Regions,I,A,Annual,CTRY,Country,SWE,Sweden,_Z,Not applicable,B6N,"Disposable income, net",_T,Total - all activities,Q,Constant prices,USD_PPP_PS,"US dollars per person, PPP converted",2015,,22427.3,,SWE,Sweden,A,Normal value,2020,,0,Units,0,Zero,USD,US dollar
DATAFLOW,OECD.CFE.EDS:DSD_REG_ECO@DF_INC(2.0),Income - Regions,I,A,Annual,CTRY,Country,ESP,Spain,_Z,Not applicable,B6N,"Disposable income, net",_T,Total - all activities,Q,Constant prices,USD_PPP_PS,"US dollars per person, PPP converted",2015,,20581.2,,ESP,Spain,A,Normal value,2020,,0,Units,0,Zero,USD,US dollar
DATAFLOW,OECD.CFE.EDS:DSD_REG_ECO@DF_INC(2.0),Income - Regions,I,A,Annual,CTRY,Country,SWE,Sweden,_Z,Not applicable,B5N,"Primary incomes, net",_T,Total - all activities,Q,Constant prices,USD_PPP_PS,"US dollars per person, PPP converted",2015,,26681,,SWE,Sweden,A,Normal value,2020,,0,Units,0,Zero,USD,US dollar
DATAFLOW,OECD.CFE.EDS:DSD_REG_ECO@DF_INC(2.0),Income - Regions,I,A,Annual,CTRY,Country,GRC,Greece,_Z,Not applicable,B5N,"Primary incomes, net",_T,Total - all activities,Q,Constant prices,USD_PPP_PS,"US dollars per person, PPP converted",2015,,16389.6,,GRC,Greece,A,Normal value,2020,,0,Units,0,Zero,USD,US dollar
DATAFLOW,OECD.CFE.EDS:DSD_REG_ECO@DF_INC(2.0),Income - Regions,I,A,Annual,CTRY,Country,SVK,Slovak Republic,_Z,Not applicable,B6N,"Disposable income, net",_T,Total - all activities,Q,Constant prices,USD_PPP_PS,"US dollars per person, PPP converted",2015,,13534.9,,SVK,Slovak Republic,A,Normal value,2020,,0,Units,0,Zero,USD,US dollar
DATAFLOW,OECD.CFE.EDS:DSD_REG_ECO@DF_INC(2.0),Income - Regions,I,A,Annual,CTRY,Country,CZE,Czechia,_Z,Not applicable,B5N,"Primary incomes, net",_T,Total - all activities,Q,Constant prices,USD_PPP_PS,"US dollars per person, PPP converted",2015,,17479,,CZE,Czechia,A,Normal value,2020,,0,Units,0,Zero,USD,US dollar
DATAFLOW,OECD.CFE.EDS:DSD_REG_ECO@DF_INC(2.0),Income - Regions,I,A,Annual,CTRY,Country,CZE,Czechia,_Z,Not applicable,B5N,"Primary incomes, net",_T,Total - all activities,Q,Constant prices,USD_PPP_PS,"US dollars per person, PPP converted",2016,,18314.1,,CZE,Czechia,A,Normal value,2020,,0,Units,0,Zero,USD,US dollar
DATAFLOW,OECD.CFE.EDS:DSD_REG_ECO@DF_INC(2.0),Income - Regions,I,A,Annual,CTRY,Country,SVK,Slovak Republic,_Z,Not applicable,B6N,"Disposable income, net",_T,Total - all activities,Q,Constant prices,USD_PPP_PS,"US dollars per person, PPP converted",2016,,13967.3,,SVK,Slovak Republic,A,Normal value,2020,,0,Units,0,Zero,USD,US dollar
DATAFLOW,OECD.CFE.EDS:DSD_REG_ECO@DF_INC(2.0),Income - Regions,I,A,Annual,CTRY,Country,GRC,Greece,_Z,Not applicable,B5N,"Primary incomes, net",_T,Total - all activities,Q,Constant prices,USD_PPP_PS,"US dollars per person, PPP converted",2016,,16597.2,,GRC,Greece,A,Normal value,2020,,0,Units,0,Zero,USD,US dollar
DATAFLOW,OECD.CFE.EDS:DSD_REG_ECO@DF_INC(2.0),Income - Regions,I,A,Annual,CTRY,Country,SWE,Sweden,_Z,Not applicable,B5N,"Primary incomes, net",_T,Total - all activities,Q,Constant prices,USD_PPP_PS,"US dollars per person, PPP converted",2016,,27603.5,,SWE,Sweden,A,Normal value,2020,,0,Units,0,Zero,USD,US dollar
DATAFLOW,OECD.CFE.EDS:DSD_REG_ECO@DF_INC(2.0),Income - Regions,I,A,Annual,CTRY,Country,ESP,Spain,_Z,Not applicable,B6N,"Disposable income, net",_T,Total - all activities,Q,Constant prices,USD_PPP_PS,"US dollars per person, PPP converted",2016,,21042.1,,ESP,Spain,A,Normal value,2020,,0,Units,0,Zero,USD,US dollar
DATAFLOW,OECD.CFE.EDS:DSD_REG_ECO@DF_INC(2.0),Income - Regions,I,A,Annual,CTRY,Country,SWE,Sweden,_Z,Not applicable,B6N,"Disposable income, net",_T,Total - all activities,Q,Constant prices,USD_PPP_PS,"US dollars per person, PPP converted",2016,,22903.3,,SWE,Sweden,A,Normal value,2020,,0,Units,0,Zero,USD,US dollar
DATAFLOW,OECD.CFE.EDS:DSD_REG_ECO@DF_INC(2.0),Income - Regions,I,A,Annual,CTRY,Country,IRL,Ireland,_Z,Not applicable,B6N,"Disposable income, net",_T,Total - all activities,Q,Constant prices,USD_PPP_PS,"US dollars per person, PPP converted",2016,,19917.1,,IRL,Ireland,A,Normal value,2020,,0,Units,0,Zero,USD,US dollar
DATAFLOW,OECD.CFE.EDS:DSD_REG_ECO@DF_INC(2.0),Income - Regions,I,A,Annual,CTRY,Country,GRC,Greece,_Z,Not applicable,B6N,"Disposable income, net",_T,Total - all activities,Q,Constant prices,USD_PPP_PS,"US dollars per person, PPP converted",2016,,15981.7,,GRC,Greece,A,Normal value,2020,,0,Units,0,Zero,USD,US dollar
DATAFLOW,OECD.CFE.EDS:DSD_REG_ECO@DF_INC(2.0),Income - Regions,I,A,Annual,CTRY,Country,LUX,Luxembourg,_Z,Not applicable,B6N,"Disposable income, net",_T,Total - all activities,Q,Constant prices,USD_PPP_PS,"US dollars per person, PPP converted",2016,,32555.2,,LUX,Luxembourg,A,Normal value,2020,,0,Units,0,Zero,USD,US dollar
DATAFLOW,OECD.CFE.EDS:DSD_REG_ECO@DF_INC(2.0),Income - Regions,I,A,Annual,CTRY,Country,PRT,Portugal,_Z,Not applicable,B6N,"Disposable income, net",_T,Total - all activities,Q,Constant prices,USD_PPP_PS,"US dollars per person, PPP converted",2016,,17756.3,,PRT,Portugal,A,Normal value,2020,,0,Units,0,Zero,USD,US dollar
DATAFLOW,OECD.CFE.EDS:DSD_REG_ECO@DF_INC(2.0),Income - Regions,I,A,Annual,CTRY,Country,BGR,Bulgaria,_Z,Not applicable,B6N,"Disposable income, net",_T,Total - all activities,Q,Constant prices,USD_PPP_PS,"US dollars per person, PPP converted",2016,,10295.9,,BGR,Bulgaria,A,Normal value,2020,,0,Units,0,Zero,USD,US dollar
DATAFLOW,OECD.CFE.EDS:DSD_REG_ECO@DF_INC(2.0),Income - Regions,I,A,Annual,CTRY,Country,LVA,Latvia,_Z,Not applicable,B6N,"Disposable income, net",_T,Total - all activities,Q,Constant prices,USD_PPP_PS,"US dollars per person, PPP converted",2016,,13306.6,,LVA,Latvia,A,Normal value,2020,,0,Units,0,Zero,USD,US dollar
DATAFLOW,OECD.CFE.EDS:DSD_REG_ECO@DF_INC(2.0),Income - Regions,I,A,Annual,CTRY,Country,LTU,Lithuania,_Z,Not applicable,B5N,"Primary incomes, net",_T,Total - all activities,Q,Constant prices,USD_PPP_PS,"US dollars per person, PPP converted",2016,,17416.9,,LTU,Lithuania,A,Normal value,2020,,0,Units,0,Zero,USD,US dollar
DATAFLOW,OECD.CFE.EDS:DSD_REG_ECO@DF_INC(2.0),Income - Regions,I,A,Annual,CTRY,Country,CZE,Czechia,_Z,Not applicable,B6N,"Disposable income, net",_T,Total - all activities,Q,Constant prices,USD_PPP_PS,"US dollars per person, PPP converted",2016,,15945.2,,CZE,Czechia,A,Normal value,2020,,0,Units,0,Zero,USD,US dollar
DATAFLOW,OECD.CFE.EDS:DSD_REG_ECO@DF_INC(2.0),Income - Regions,I,A,Annual,CTRY,Country,ESP,Spain,_Z,Not applicable,B5N,"Primary incomes, net",_T,Total - all activities,Q,Constant prices,USD_PPP_PS,"US dollars per person, PPP converted",2016,,15903.5,,ESP,Spain,A,Normal value,2020,,0,Units,0,Zero,USD,US dollar
DATAFLOW,OECD.CFE.EDS:DSD_REG_ECO@DF_INC(2.0),Income - Regions,I,A,Annual,CTRY,Country,SVK,Slovak Republic,_Z,Not applicable,B5N,"Primary incomes, net",_T,Total - all activities,Q,Constant prices,USD_PPP_PS,"US dollars per person, PPP converted",2016,,14816.9,,SVK,Slovak Republic,A,Normal value,2020,,0,Units,0,Zero,USD,US dollar
DATAFLOW,OECD.CFE.EDS:DSD_REG_ECO@DF_INC(2.0),Income - Regions,I,A,Annual,CTRY,Country,PRT,Portugal,_Z,Not applicable,B5N,"Primary incomes, net",_T,Total - all activities,Q,Constant prices,USD_PPP_PS,"US dollars per person, PPP converted",2016,,17600.7,,PRT,Portugal,A,Normal value,2020,,0,Units,0,Zero,USD,US dollar
DATAFLOW,OECD.CFE.EDS:DSD_REG_ECO@DF_INC(2.0),Income - Regions,I,A,Annual,CTRY,Country,CYP,Cyprus,_Z,Not applicable,B5N,"Primary incomes, net",_T,Total - all activities,Q,Constant prices,USD_PPP_PS,"US dollars per person, PPP converted",2016,,21399.7,,CYP,Cyprus,A,Normal value,2020,,0,Units,0,Zero,USD,US dollar
DATAFLOW,OECD.CFE.EDS:DSD_REG_ECO@DF_INC(2.0),Income - Regions,I,A,Annual,CTRY,Country,SVN,Slovenia,_Z,Not applicable,B5N,"Primary incomes, net",_T,Total - all activities,Q,Constant prices,USD_PPP_PS,"US dollars per person, PPP converted",2016,,19277,,SVN,Slovenia,A,Normal value,2020,,0,Units,0,Zero,USD,US dollar
DATAFLOW,OECD.CFE.EDS:DSD_REG_ECO@DF_INC(2.0),Income - Regions,I,A,Annual,CTRY,Country,SVN,Slovenia,_Z,Not applicable,B6N,"Disposable income, net",_T,Total - all activities,Q,Constant prices,USD_PPP_PS,"US dollars per person, PPP converted",2016,,17406.1,,SVN,Slovenia,A,Normal value,2020,,0,Units,0,Zero,USD,US dollar
DATAFLOW,OECD.CFE.EDS:DSD_REG_ECO@DF_INC(2.0),Income - Regions,I,A,Annual,CTRY,Country,ROU,Romania,_Z,Not applicable,B6N,"Disposable income, net",_T,Total - all activities,Q,Constant prices,USD_PPP_PS,"US dollars per person, PPP converted",2016,,10547.9,,ROU,Romania,A,Normal value,2020,,0,Units,0,Zero,USD,US dollar
DATAFLOW,OECD.CFE.EDS:DSD_REG_ECO@DF_INC(2.0),Income - Regions,I,A,Annual,CTRY,Country,EST,Estonia,_Z,Not applicable,B6N,"Disposable income, net",_T,Total - all activities,Q,Constant prices,USD_PPP_PS,"US dollars per person, PPP converted",2016,,14676.4,,EST,Estonia,A,Normal value,2020,,0,Units,0,Zero,USD,US dollar
DATAFLOW,OECD.CFE.EDS:DSD_REG_ECO@DF_INC(2.0),Income - Regions,I,A,Annual,CTRY,Country,FRA,France,_Z,Not applicable,B6N,"Disposable income, net",_T,Total - all activities,Q,Constant prices,USD_PPP_PS,"US dollars per person, PPP converted",2016,,24121.1,,FRA,France,A,Normal value,2020,,0,Units,0,Zero,USD,US dollar
DATAFLOW,OECD.CFE.EDS:DSD_REG_ECO@DF_INC(2.0),Income - Regions,I,A,Annual,CTRY,Country,POL,Poland,_Z,Not applicable,B5N,"Primary incomes, net",_T,Total - all activities,Q,Constant prices,USD_PPP_PS,"US dollars per person, PPP converted",2016,,17155.1,,POL,Poland,A,Normal value,2020,,0,Units,0,Zero,USD,US dollar
DATAFLOW,OECD.CFE.EDS:DSD_REG_ECO@DF_INC(2.0),Income - Regions,I,A,Annual,CTRY,Country,ROU,Romania,_Z,Not applicable,B5N,"Primary incomes, net",_T,Total - all activities,Q,Constant prices,USD_PPP_PS,"US dollars per person, PPP converted",2016,,11188.9,,ROU,Romania,A,Normal value,2020,,0,Units,0,Zero,USD,US dollar
DATAFLOW,OECD.CFE.EDS:DSD_REG_ECO@DF_INC(2.0),Income - Regions,I,A,Annual,CTRY,Country,POL,Poland,_Z,Not applicable,B6N,"Disposable income, net",_T,Total - all activities,Q,Constant prices,USD_PPP_PS,"US dollars per person, PPP converted",2016,,16194.1,,POL,Poland,A,Normal value,2020,,0,Units,0,Zero,USD,US dollar
DATAFLOW,OECD.CFE.EDS:DSD_REG_ECO@DF_INC(2.0),Income - Regions,I,A,Annual,CTRY,Country,AUT,Austria,_Z,Not applicable,B5N,"Primary incomes, net",_T,Total - all activities,Q,Constant prices,USD_PPP_PS,"US dollars per person, PPP converted",2016,,31796.4,,AUT,Austria,A,Normal value,2020,,0,Units,0,Zero,USD,US dollar
DATAFLOW,OECD.CFE.EDS:DSD_REG_ECO@DF_INC(2.0),Income - Regions,I,A,Annual,CTRY,Country,MLT,Malta,_Z,Not applicable,B6N,"Disposable income, net",_T,Total - all activities,Q,Constant prices,USD_PPP_PS,"US dollars per person, PPP converted",2016,,19053.9,,MLT,Malta,A,Normal value,2020,,0,Units,0,Zero,USD,US dollar
DATAFLOW,OECD.CFE.EDS:DSD_REG_ECO@DF_INC(2.0),Income - Regions,I,A,Annual,CTRY,Country,HRV,Croatia,_Z,Not applicable,B6N,"Disposable income, net",_T,Total - all activities,Q,Constant prices,USD_PPP_PS,"US dollars per person, PPP converted",2016,,13141.6,,HRV,Croatia,A,Normal value,2020,,0,Units,0,Zero,USD,US dollar
DATAFLOW,OECD.CFE.EDS:DSD_REG_ECO@DF_INC(2.0),Income - Regions,I,A,Annual,CTRY,Country,DNK,Denmark,_Z,Not applicable,B5N,"Primary incomes, net",_T,Total - all activities,Q,Constant prices,USD_PPP_PS,"US dollars per person, PPP converted",2016,,28903.3,,DNK,Denmark,A,Normal value,2020,,0,Units,0,Zero,USD,US dollar
DATAFLOW,OECD.CFE.EDS:DSD_REG_ECO@DF_INC(2.0),Income - Regions,I,A,Annual,CTRY,Country,KOR,Korea,_Z,Not applicable,B5N,"Primary incomes, net",_T,Total - all activities,Q,Constant prices,USD_PPP_PS,"US dollars per person, PPP converted",2016,,20917.7,,KOR,Korea,A,Normal value,2020,,0,Units,0,Zero,USD,US dollar
DATAFLOW,OECD.CFE.EDS:DSD_REG_ECO@DF_INC(2.0),Income - Regions,I,A,Annual,CTRY,Country,LVA,Latvia,_Z,Not applicable,B5N,"Primary incomes, net",_T,Total - all activities,Q,Constant prices,USD_PPP_PS,"US dollars per person, PPP converted",2016,,13942.9,,LVA,Latvia,A,Normal value,2020,,0,Units,0,Zero,USD,US dollar
DATAFLOW,OECD.CFE.EDS:DSD_REG_ECO@DF_INC(2.0),Income - Regions,I,A,Annual,CTRY,Country,LUX,Luxembourg,_Z,Not applicable,B5N,"Primary incomes, net",_T,Total - all activities,Q,Constant prices,USD_PPP_PS,"US dollars per person, PPP converted",2016,,37823.7,,LUX,Luxembourg,A,Normal value,2020,,0,Units,0,Zero,USD,US dollar
DATAFLOW,OECD.CFE.EDS:DSD_REG_ECO@DF_INC(2.0),Income - Regions,I,A,Annual,CTRY,Country,CYP,Cyprus,_Z,Not applicable,B6N,"Disposable income, net",_T,Total - all activities,Q,Constant prices,USD_PPP_PS,"US dollars per person, PPP converted",2016,,22362.7,,CYP,Cyprus,A,Normal value,2020,,0,Units,0,Zero,USD,US dollar
DATAFLOW,OECD.CFE.EDS:DSD_REG_ECO@DF_INC(2.0),Income - Regions,I,A,Annual,CTRY,Country,MLT,Malta,_Z,Not applicable,B5N,"Primary incomes, net",_T,Total - all activities,Q,Constant prices,USD_PPP_PS,"US dollars per person, PPP converted",2016,,20499.4,,MLT,Malta,A,Normal value,2020,,0,Units,0,Zero,USD,US dollar
DATAFLOW,OECD.CFE.EDS:DSD_REG_ECO@DF_INC(2.0),Income - Regions,I,A,Annual,CTRY,Country,EST,Estonia,_Z,Not applicable,B5N,"Primary incomes, net",_T,Total - all activities,Q,Constant prices,USD_PPP_PS,"US dollars per person, PPP converted",2016,,16362.7,,EST,Estonia,A,Normal value,2020,,0,Units,0,Zero,USD,US dollar
DATAFLOW,OECD.CFE.EDS:DSD_REG_ECO@DF_INC(2.0),Income - Regions,I,A,Annual,CTRY,Country,DNK,Denmark,_Z,Not applicable,B6N,"Disposable income, net",_T,Total - all activities,Q,Constant prices,USD_PPP_PS,"US dollars per person, PPP converted",2016,,21342.5,,DNK,Denmark,A,Normal value,2020,,0,Units,0,Zero,USD,US dollar
DATAFLOW,OECD.CFE.EDS:DSD_REG_ECO@DF_INC(2.0),Income - Regions,I,A,Annual,CTRY,Country,IRL,Ireland,_Z,Not applicable,B5N,"Primary incomes, net",_T,Total - all activities,Q,Constant prices,USD_PPP_PS,"US dollars per person, PPP converted",2016,,23128.5,,IRL,Ireland,A,Normal value,2020,,0,Units,0,Zero,USD,US dollar
DATAFLOW,OECD.CFE.EDS:DSD_REG_ECO@DF_INC(2.0),Income - Regions,I,A,Annual,CTRY,Country,LTU,Lithuania,_Z,Not applicable,B6N,"Disposable income, net",_T,Total - all activities,Q,Constant prices,USD_PPP_PS,"US dollars per person, PPP converted",2016,,16261.7,,LTU,Lithuania,A,Normal value,2020,,0,Units,0,Zero,USD,US dollar
DATAFLOW,OECD.CFE.EDS:DSD_REG_ECO@DF_INC(2.0),Income - Regions,I,A,Annual,CTRY,Country,KOR,Korea,_Z,Not applicable,B6N,"Disposable income, net",_T,Total - all activities,Q,Constant prices,USD_PPP_PS,"US dollars per person, PPP converted",2016,,18682.8,,KOR,Korea,A,Normal value,2020,,0,Units,0,Zero,USD,US dollar
DATAFLOW,OECD.CFE.EDS:DSD_REG_ECO@DF_INC(2.0),Income - Regions,I,A,Annual,CTRY,Country,BGR,Bulgaria,_Z,Not applicable,B5N,"Primary incomes, net",_T,Total - all activities,Q,Constant prices,USD_PPP_PS,"US dollars per person, PPP converted",2016,,10299.7,,BGR,Bulgaria,A,Normal value,2020,,0,Units,0,Zero,USD,US dollar
DATAFLOW,OECD.CFE.EDS:DSD_REG_ECO@DF_INC(2.0),Income - Regions,I,A,Annual,CTRY,Country,HUN,Hungary,_Z,Not applicable,B5N,"Primary incomes, net",_T,Total - all activities,Q,Constant prices,USD_PPP_PS,"US dollars per person, PPP converted",2016,,13454.9,,HUN,Hungary,A,Normal value,2020,,0,Units,0,Zero,USD,US dollar
DATAFLOW,OECD.CFE.EDS:DSD_REG_ECO@DF_INC(2.0),Income - Regions,I,A,Annual,CTRY,Country,HRV,Croatia,_Z,Not applicable,B5N,"Primary incomes, net",_T,Total - all activities,Q,Constant prices,USD_PPP_PS,"US dollars per person, PPP converted",2016,,13710.2,,HRV,Croatia,A,Normal value,2020,,0,Units,0,Zero,USD,US dollar
DATAFLOW,OECD.CFE.EDS:DSD_REG_ECO@DF_INC(2.0),Income - Regions,I,A,Annual,CTRY,Country,FRA,France,_Z,Not applicable,B5N,"Primary incomes, net",_T,Total - all activities,Q,Constant prices,USD_PPP_PS,"US dollars per person, PPP converted",2016,,28034.1,,FRA,France,A,Normal value,2020,,0,Units,0,Zero,USD,US dollar
DATAFLOW,OECD.CFE.EDS:DSD_REG_ECO@DF_INC(2.0),Income - Regions,I,A,Annual,CTRY,Country,HUN,Hungary,_Z,Not applicable,B6N,"Disposable income, net",_T,Total - all activities,Q,Constant prices,USD_PPP_PS,"US dollars per person, PPP converted",2016,,11718.9,,HUN,Hungary,A,Normal value,2020,,0,Units,0,Zero,USD,US dollar
DATAFLOW,OECD.CFE.EDS:DSD_REG_ECO@DF_INC(2.0),Income - Regions,I,A,Annual,CTRY,Country,HUN,Hungary,_Z,Not applicable,B6N,"Disposable income, net",_T,Total - all activities,Q,Constant prices,USD_PPP_PS,"US dollars per person, PPP converted",2017,,12450.1,,HUN,Hungary,A,Normal value,2020,,0,Units,0,Zero,USD,US dollar
DATAFLOW,OECD.CFE.EDS:DSD_REG_ECO@DF_INC(2.0),Income - Regions,I,A,Annual,CTRY,Country,FRA,France,_Z,Not applicable,B5N,"Primary incomes, net",_T,Total - all activities,Q,Constant prices,USD_PPP_PS,"US dollars per person, PPP converted",2017,,28428.1,,FRA,France,A,Normal value,2020,,0,Units,0,Zero,USD,US dollar
DATAFLOW,OECD.CFE.EDS:DSD_REG_ECO@DF_INC(2.0),Income - Regions,I,A,Annual,CTRY,Country,HRV,Croatia,_Z,Not applicable,B5N,"Primary incomes, net",_T,Total - all activities,Q,Constant prices,USD_PPP_PS,"US dollars per person, PPP converted",2017,,14201.5,,HRV,Croatia,A,Normal value,2020,,0,Units,0,Zero,USD,US dollar
DATAFLOW,OECD.CFE.EDS:DSD_REG_ECO@DF_INC(2.0),Income - Regions,I,A,Annual,CTRY,Country,HUN,Hungary,_Z,Not applicable,B5N,"Primary incomes, net",_T,Total - all activities,Q,Constant prices,USD_PPP_PS,"US dollars per person, PPP converted",2017,,14196.6,,HUN,Hungary,A,Normal value,2020,,0,Units,0,Zero,USD,US dollar
DATAFLOW,OECD.CFE.EDS:DSD_REG_ECO@DF_INC(2.0),Income - Regions,I,A,Annual,CTRY,Country,BGR,Bulgaria,_Z,Not applicable,B5N,"Primary incomes, net",_T,Total - all activities,Q,Constant prices,USD_PPP_PS,"US dollars per person, PPP converted",2017,,10785.1,,BGR,Bulgaria,A,Normal value,2020,,0,Units,0,Zero,USD,US dollar
DATAFLOW,OECD.CFE.EDS:DSD_REG_ECO@DF_INC(2.0),Income - Regions,I,A,Annual,CTRY,Country,AUS,Australia,_Z,Not applicable,B6N,"Disposable income, net",_T,Total - all activities,Q,Constant prices,USD_PPP_PS,"US dollars per person, PPP converted",2017,,30627.8,,AUS,Australia,A,Normal value,2020,,0,Units,0,Zero,USD,US dollar
DATAFLOW,OECD.CFE.EDS:DSD_REG_ECO@DF_INC(2.0),Income - Regions,I,A,Annual,CTRY,Country,KOR,Korea,_Z,Not applicable,B6N,"Disposable income, net",_T,Total - all activities,Q,Constant prices,USD_PPP_PS,"US dollars per person, PPP converted",2017,,19063.8,,KOR,Korea,A,Normal value,2020,,0,Units,0,Zero,USD,US dollar
DATAFLOW,OECD.CFE.EDS:DSD_REG_ECO@DF_INC(2.0),Income - Regions,I,A,Annual,CTRY,Country,LTU,Lithuania,_Z,Not applicable,B6N,"Disposable income, net",_T,Total - all activities,Q,Constant prices,USD_PPP_PS,"US dollars per person, PPP converted",2017,,16036.3,,LTU,Lithuania,A,Normal value,2020,,0,Units,0,Zero,USD,US dollar
DATAFLOW,OECD.CFE.EDS:DSD_REG_ECO@DF_INC(2.0),Income - Regions,I,A,Annual,CTRY,Country,IRL,Ireland,_Z,Not applicable,B5N,"Primary incomes, net",_T,Total - all activities,Q,Constant prices,USD_PPP_PS,"US dollars per person, PPP converted",2017,,24199.7,,IRL,Ireland,A,Normal value,2020,,0,Units,0,Zero,USD,US dollar
DATAFLOW,OECD.CFE.EDS:DSD_REG_ECO@DF_INC(2.0),Income - Regions,I,A,Annual,CTRY,Country,DNK,Denmark,_Z,Not applicable,B6N,"Disposable income, net",_T,Total - all activities,Q,Constant prices,USD_PPP_PS,"US dollars per person, PPP converted",2017,,21681.6,,DNK,Denmark,A,Normal value,2020,,0,Units,0,Zero,USD,US dollar
DATAFLOW,OECD.CFE.EDS:DSD_REG_ECO@DF_INC(2.0),Income - Regions,I,A,Annual,CTRY,Country,EST,Estonia,_Z,Not applicable,B5N,"Primary incomes, net",_T,Total - all activities,Q,Constant prices,USD_PPP_PS,"US dollars per person, PPP converted",2017,,16753.1,,EST,Estonia,A,Normal value,2020,,0,Units,0,Zero,USD,US dollar
DATAFLOW,OECD.CFE.EDS:DSD_REG_ECO@DF_INC(2.0),Income - Regions,I,A,Annual,CTRY,Country,MLT,Malta,_Z,Not applicable,B5N,"Primary incomes, net",_T,Total - all activities,Q,Constant prices,USD_PPP_PS,"US dollars per person, PPP converted",2017,,21770.2,,MLT,Malta,A,Normal value,2020,,0,Units,0,Zero,USD,US dollar
DATAFLOW,OECD.CFE.EDS:DSD_REG_ECO@DF_INC(2.0),Income - Regions,I,A,Annual,CTRY,Country,CYP,Cyprus,_Z,Not applicable,B6N,"Disposable income, net",_T,Total - all activities,Q,Constant prices,USD_PPP_PS,"US dollars per person, PPP converted",2017,,23165.9,,CYP,Cyprus,A,Normal value,2020,,0,Units,0,Zero,USD,US dollar
DATAFLOW,OECD.CFE.EDS:DSD_REG_ECO@DF_INC(2.0),Income - Regions,I,A,Annual,CTRY,Country,LUX,Luxembourg,_Z,Not applicable,B5N,"Primary incomes, net",_T,Total - all activities,Q,Constant prices,USD_PPP_PS,"US dollars per person, PPP converted",2017,,38474.3,,LUX,Luxembourg,A,Normal value,2020,,0,Units,0,Zero,USD,US dollar
DATAFLOW,OECD.CFE.EDS:DSD_REG_ECO@DF_INC(2.0),Income - Regions,I,A,Annual,CTRY,Country,LVA,Latvia,_Z,Not applicable,B5N,"Primary incomes, net",_T,Total - all activities,Q,Constant prices,USD_PPP_PS,"US dollars per person, PPP converted",2017,,14640.9,,LVA,Latvia,A,Normal value,2020,,0,Units,0,Zero,USD,US dollar
DATAFLOW,OECD.CFE.EDS:DSD_REG_ECO@DF_INC(2.0),Income - Regions,I,A,Annual,CTRY,Country,KOR,Korea,_Z,Not applicable,B5N,"Primary incomes, net",_T,Total - all activities,Q,Constant prices,USD_PPP_PS,"US dollars per person, PPP converted",2017,,21458.8,,KOR,Korea,A,Normal value,2020,,0,Units,0,Zero,USD,US dollar
DATAFLOW,OECD.CFE.EDS:DSD_REG_ECO@DF_INC(2.0),Income - Regions,I,A,Annual,CTRY,Country,DNK,Denmark,_Z,Not applicable,B5N,"Primary incomes, net",_T,Total - all activities,Q,Constant prices,USD_PPP_PS,"US dollars per person, PPP converted",2017,,29832.3,,DNK,Denmark,A,Normal value,2020,,0,Units,0,Zero,USD,US dollar
DATAFLOW,OECD.CFE.EDS:DSD_REG_ECO@DF_INC(2.0),Income - Regions,I,A,Annual,CTRY,Country,HRV,Croatia,_Z,Not applicable,B6N,"Disposable income, net",_T,Total - all activities,Q,Constant prices,USD_PPP_PS,"US dollars per person, PPP converted",2017,,13388.4,,HRV,Croatia,A,Normal value,2020,,0,Units,0,Zero,USD,US dollar
DATAFLOW,OECD.CFE.EDS:DSD_REG_ECO@DF_INC(2.0),Income - Regions,I,A,Annual,CTRY,Country,MLT,Malta,_Z,Not applicable,B6N,"Disposable income, net",_T,Total - all activities,Q,Constant prices,USD_PPP_PS,"US dollars per person, PPP converted",2017,,19967.1,,MLT,Malta,A,Normal value,2020,,0,Units,0,Zero,USD,US dollar
DATAFLOW,OECD.CFE.EDS:DSD_REG_ECO@DF_INC(2.0),Income - Regions,I,A,Annual,CTRY,Country,POL,Poland,_Z,Not applicable,B6N,"Disposable income, net",_T,Total - all activities,Q,Constant prices,USD_PPP_PS,"US dollars per person, PPP converted",2017,,16811.8,,POL,Poland,A,Normal value,2020,,0,Units,0,Zero,USD,US dollar
DATAFLOW,OECD.CFE.EDS:DSD_REG_ECO@DF_INC(2.0),Income - Regions,I,A,Annual,CTRY,Country,ROU,Romania,_Z,Not applicable,B5N,"Primary incomes, net",_T,Total - all activities,Q,Constant prices,USD_PPP_PS,"US dollars per person, PPP converted",2017,,12729.8,,ROU,Romania,A,Normal value,2020,,0,Units,0,Zero,USD,US dollar
DATAFLOW,OECD.CFE.EDS:DSD_REG_ECO@DF_INC(2.0),Income - Regions,I,A,Annual,CTRY,Country,POL,Poland,_Z,Not applicable,B5N,"Primary incomes, net",_T,Total - all activities,Q,Constant prices,USD_PPP_PS,"US dollars per person, PPP converted",2017,,17916.8,,POL,Poland,A,Normal value,2020,,0,Units,0,Zero,USD,US dollar
DATAFLOW,OECD.CFE.EDS:DSD_REG_ECO@DF_INC(2.0),Income - Regions,I,A,Annual,CTRY,Country,EST,Estonia,_Z,Not applicable,B6N,"Disposable income, net",_T,Total - all activities,Q,Constant prices,USD_PPP_PS,"US dollars per person, PPP converted",2017,,15134.8,,EST,Estonia,A,Normal value,2020,,0,Units,0,Zero,USD,US dollar
DATAFLOW,OECD.CFE.EDS:DSD_REG_ECO@DF_INC(2.0),Income - Regions,I,A,Annual,CTRY,Country,ROU,Romania,_Z,Not applicable,B6N,"Disposable income, net",_T,Total - all activities,Q,Constant prices,USD_PPP_PS,"US dollars per person, PPP converted",2017,,11957.3,,ROU,Romania,A,Normal value,2020,,0,Units,0,Zero,USD,US dollar
DATAFLOW,OECD.CFE.EDS:DSD_REG_ECO@DF_INC(2.0),Income - Regions,I,A,Annual,CTRY,Country,SVN,Slovenia,_Z,Not applicable,B6N,"Disposable income, net",_T,Total - all activities,Q,Constant prices,USD_PPP_PS,"US dollars per person, PPP converted",2017,,18009.2,,SVN,Slovenia,A,Normal value,2020,,0,Units,0,Zero,USD,US dollar
DATAFLOW,OECD.CFE.EDS:DSD_REG_ECO@DF_INC(2.0),Income - Regions,I,A,Annual,CTRY,Country,SVN,Slovenia,_Z,Not applicable,B5N,"Primary incomes, net",_T,Total - all activities,Q,Constant prices,USD_PPP_PS,"US dollars per person, PPP converted",2017,,20114.3,,SVN,Slovenia,A,Normal value,2020,,0,Units,0,Zero,USD,US dollar
DATAFLOW,OECD.CFE.EDS:DSD_REG_ECO@DF_INC(2.0),Income - Regions,I,A,Annual,CTRY,Country,CYP,Cyprus,_Z,Not applicable,B5N,"Primary incomes, net",_T,Total - all activities,Q,Constant prices,USD_PPP_PS,"US dollars per person, PPP converted",2017,,22440.7,,CYP,Cyprus,A,Normal value,2020,,0,Units,0,Zero,USD,US dollar
DATAFLOW,OECD.CFE.EDS:DSD_REG_ECO@DF_INC(2.0),Income - Regions,I,A,Annual,CTRY,Country,FRA,France,_Z,Not applicable,B6N,"Disposable income, net",_T,Total - all activities,Q,Constant prices,USD_PPP_PS,"US dollars per person, PPP converted",2017,,24422.1,,FRA,France,A,Normal value,2020,,0,Units,0,Zero,USD,US dollar
DATAFLOW,OECD.CFE.EDS:DSD_REG_ECO@DF_INC(2.0),Income - Regions,I,A,Annual,CTRY,Country,SVK,Slovak Republic,_Z,Not applicable,B5N,"Primary incomes, net",_T,Total - all activities,Q,Constant prices,USD_PPP_PS,"US dollars per person, PPP converted",2017,,15400.2,,SVK,Slovak Republic,A,Normal value,2020,,0,Units,0,Zero,USD,US dollar
DATAFLOW,OECD.CFE.EDS:DSD_REG_ECO@DF_INC(2.0),Income - Regions,I,A,Annual,CTRY,Country,ESP,Spain,_Z,Not applicable,B5N,"Primary incomes, net",_T,Total - all activities,Q,Constant prices,USD_PPP_PS,"US dollars per person, PPP converted",2017,,16244.2,,ESP,Spain,A,Normal value,2020,,0,Units,0,Zero,USD,US dollar
DATAFLOW,OECD.CFE.EDS:DSD_REG_ECO@DF_INC(2.0),Income - Regions,I,A,Annual,CTRY,Country,CZE,Czechia,_Z,Not applicable,B6N,"Disposable income, net",_T,Total - all activities,Q,Constant prices,USD_PPP_PS,"US dollars per person, PPP converted",2017,,16784,,CZE,Czechia,A,Normal value,2020,,0,Units,0,Zero,USD,US dollar
DATAFLOW,OECD.CFE.EDS:DSD_REG_ECO@DF_INC(2.0),Income - Regions,I,A,Annual,CTRY,Country,LTU,Lithuania,_Z,Not applicable,B5N,"Primary incomes, net",_T,Total - all activities,Q,Constant prices,USD_PPP_PS,"US dollars per person, PPP converted",2017,,17263.9,,LTU,Lithuania,A,Normal value,2020,,0,Units,0,Zero,USD,US dollar
DATAFLOW,OECD.CFE.EDS:DSD_REG_ECO@DF_INC(2.0),Income - Regions,I,A,Annual,CTRY,Country,LVA,Latvia,_Z,Not applicable,B6N,"Disposable income, net",_T,Total - all activities,Q,Constant prices,USD_PPP_PS,"US dollars per person, PPP converted",2017,,13846,,LVA,Latvia,A,Normal value,2020,,0,Units,0,Zero,USD,US dollar
DATAFLOW,OECD.CFE.EDS:DSD_REG_ECO@DF_INC(2.0),Income - Regions,I,A,Annual,CTRY,Country,BGR,Bulgaria,_Z,Not applicable,B6N,"Disposable income, net",_T,Total - all activities,Q,Constant prices,USD_PPP_PS,"US dollars per person, PPP converted",2017,,10697.2,,BGR,Bulgaria,A,Normal value,2020,,0,Units,0,Zero,USD,US dollar
DATAFLOW,OECD.CFE.EDS:DSD_REG_ECO@DF_INC(2.0),Income - Regions,I,A,Annual,CTRY,Country,LUX,Luxembourg,_Z,Not applicable,B6N,"Disposable income, net",_T,Total - all activities,Q,Constant prices,USD_PPP_PS,"US dollars per person, PPP converted",2017,,33279.5,,LUX,Luxembourg,A,Normal value,2020,,0,Units,0,Zero,USD,US dollar
DATAFLOW,OECD.CFE.EDS:DSD_REG_ECO@DF_INC(2.0),Income - Regions,I,A,Annual,CTRY,Country,AUS,Australia,_Z,Not applicable,B5N,"Primary incomes, net",_T,Total - all activities,Q,Constant prices,USD_PPP_PS,"US dollars per person, PPP converted",2017,,40150.7,,AUS,Australia,A,Normal value,2020,,0,Units,0,Zero,USD,US dollar
DATAFLOW,OECD.CFE.EDS:DSD_REG_ECO@DF_INC(2.0),Income - Regions,I,A,Annual,CTRY,Country,AUT,Austria,_Z,Not applicable,B6N,"Disposable income, net",_T,Total - all activities,Q,Constant prices,USD_PPP_PS,"US dollars per person, PPP converted",2017,,27796.5,,AUT,Austria,A,Normal value,2020,,0,Units,0,Zero,USD,US dollar
DATAFLOW,OECD.CFE.EDS:DSD_REG_ECO@DF_INC(2.0),Income - Regions,I,A,Annual,CTRY,Country,GRC,Greece,_Z,Not applicable,B6N,"Disposable income, net",_T,Total - all activities,Q,Constant prices,USD_PPP_PS,"US dollars per person, PPP converted",2017,,16337.1,,GRC,Greece,A,Normal value,2020,,0,Units,0,Zero,USD,US dollar
DATAFLOW,OECD.CFE.EDS:DSD_REG_ECO@DF_INC(2.0),Income - Regions,I,A,Annual,CTRY,Country,IRL,Ireland,_Z,Not applicable,B6N,"Disposable income, net",_T,Total - all activities,Q,Constant prices,USD_PPP_PS,"US dollars per person, PPP converted",2017,,20631,,IRL,Ireland,A,Normal value,2020,,0,Units,0,Zero,USD,US dollar
DATAFLOW,OECD.CFE.EDS:DSD_REG_ECO@DF_INC(2.0),Income - Regions,I,A,Annual,CTRY,Country,SWE,Sweden,_Z,Not applicable,B6N,"Disposable income, net",_T,Total - all activities,Q,Constant prices,USD_PPP_PS,"US dollars per person, PPP converted",2017,,23106.6,,SWE,Sweden,A,Normal value,2020,,0,Units,0,Zero,USD,US dollar
DATAFLOW,OECD.CFE.EDS:DSD_REG_ECO@DF_INC(2.0),Income - Regions,I,A,Annual,CTRY,Country,ESP,Spain,_Z,Not applicable,B6N,"Disposable income, net",_T,Total - all activities,Q,Constant prices,USD_PPP_PS,"US dollars per person, PPP converted",2017,,21288.9,,ESP,Spain,A,Normal value,2020,,0,Units,0,Zero,USD,US dollar
DATAFLOW,OECD.CFE.EDS:DSD_REG_ECO@DF_INC(2.0),Income - Regions,I,A,Annual,CTRY,Country,SWE,Sweden,_Z,Not applicable,B5N,"Primary incomes, net",_T,Total - all activities,Q,Constant prices,USD_PPP_PS,"US dollars per person, PPP converted",2017,,27807,,SWE,Sweden,A,Normal value,2020,,0,Units,0,Zero,USD,US dollar
DATAFLOW,OECD.CFE.EDS:DSD_REG_ECO@DF_INC(2.0),Income - Regions,I,A,Annual,CTRY,Country,GRC,Greece,_Z,Not applicable,B5N,"Primary incomes, net",_T,Total - all activities,Q,Constant prices,USD_PPP_PS,"US dollars per person, PPP converted",2017,,17301.5,,GRC,Greece,A,Normal value,2020,,0,Units,0,Zero,USD,US dollar
DATAFLOW,OECD.CFE.EDS:DSD_REG_ECO@DF_INC(2.0),Income - Regions,I,A,Annual,CTRY,Country,SVK,Slovak Republic,_Z,Not applicable,B6N,"Disposable income, net",_T,Total - all activities,Q,Constant prices,USD_PPP_PS,"US dollars per person, PPP converted",2017,,14387.3,,SVK,Slovak Republic,A,Normal value,2020,,0,Units,0,Zero,USD,US dollar
DATAFLOW,OECD.CFE.EDS:DSD_REG_ECO@DF_INC(2.0),Income - Regions,I,A,Annual,CTRY,Country,CZE,Czechia,_Z,Not applicable,B5N,"Primary incomes, net",_T,Total - all activities,Q,Constant prices,USD_PPP_PS,"US dollars per person, PPP converted",2017,,19524.7,,CZE,Czechia,A,Normal value,2020,,0,Units,0,Zero,USD,US dollar
DATAFLOW,OECD.CFE.EDS:DSD_REG_ECO@DF_INC(2.0),Income - Regions,I,A,Annual,CTRY,Country,CZE,Czechia,_Z,Not applicable,B5N,"Primary incomes, net",_T,Total - all activities,Q,Constant prices,USD_PPP_PS,"US dollars per person, PPP converted",2018,,20700.7,,CZE,Czechia,A,Normal value,2020,,0,Units,0,Zero,USD,US dollar
DATAFLOW,OECD.CFE.EDS:DSD_REG_ECO@DF_INC(2.0),Income - Regions,I,A,Annual,CTRY,Country,SVK,Slovak Republic,_Z,Not applicable,B6N,"Disposable income, net",_T,Total - all activities,Q,Constant prices,USD_PPP_PS,"US dollars per person, PPP converted",2018,,15447.4,,SVK,Slovak Republic,A,Normal value,2020,,0,Units,0,Zero,USD,US dollar
DATAFLOW,OECD.CFE.EDS:DSD_REG_ECO@DF_INC(2.0),Income - Regions,I,A,Annual,CTRY,Country,GRC,Greece,_Z,Not applicable,B5N,"Primary incomes, net",_T,Total - all activities,Q,Constant prices,USD_PPP_PS,"US dollars per person, PPP converted",2018,,17153.6,,GRC,Greece,A,Normal value,2020,,0,Units,0,Zero,USD,US dollar
DATAFLOW,OECD.CFE.EDS:DSD_REG_ECO@DF_INC(2.0),Income - Regions,I,A,Annual,CTRY,Country,SWE,Sweden,_Z,Not applicable,B5N,"Primary incomes, net",_T,Total - all activities,Q,Constant prices,USD_PPP_PS,"US dollars per person, PPP converted",2018,,28220.3,,SWE,Sweden,A,Normal value,2020,,0,Units,0,Zero,USD,US dollar
DATAFLOW,OECD.CFE.EDS:DSD_REG_ECO@DF_INC(2.0),Income - Regions,I,A,Annual,CTRY,Country,ESP,Spain,_Z,Not applicable,B6N,"Disposable income, net",_T,Total - all activities,Q,Constant prices,USD_PPP_PS,"US dollars per person, PPP converted",2018,,21499.6,,ESP,Spain,A,Normal value,2020,,0,Units,0,Zero,USD,US dollar
DATAFLOW,OECD.CFE.EDS:DSD_REG_ECO@DF_INC(2.0),Income - Regions,I,A,Annual,CTRY,Country,SWE,Sweden,_Z,Not applicable,B6N,"Disposable income, net",_T,Total - all activities,Q,Constant prices,USD_PPP_PS,"US dollars per person, PPP converted",2018,,23256.7,,SWE,Sweden,A,Normal value,2020,,0,Units,0,Zero,USD,US dollar
DATAFLOW,OECD.CFE.EDS:DSD_REG_ECO@DF_INC(2.0),Income - Regions,I,A,Annual,CTRY,Country,IRL,Ireland,_Z,Not applicable,B6N,"Disposable income, net",_T,Total - all activities,Q,Constant prices,USD_PPP_PS,"US dollars per person, PPP converted",2018,,20799.9,,IRL,Ireland,A,Normal value,2020,,0,Units,0,Zero,USD,US dollar
DATAFLOW,OECD.CFE.EDS:DSD_REG_ECO@DF_INC(2.0),Income - Regions,I,A,Annual,CTRY,Country,GRC,Greece,_Z,Not applicable,B6N,"Disposable income, net",_T,Total - all activities,Q,Constant prices,USD_PPP_PS,"US dollars per person, PPP converted",2018,,16165.8,,GRC,Greece,A,Normal value,2020,,0,Units,0,Zero,USD,US dollar
DATAFLOW,OECD.CFE.EDS:DSD_REG_ECO@DF_INC(2.0),Income - Regions,I,A,Annual,CTRY,Country,AUS,Australia,_Z,Not applicable,B5N,"Primary incomes, net",_T,Total - all activities,Q,Constant prices,USD_PPP_PS,"US dollars per person, PPP converted",2018,,40550.4,,AUS,Australia,A,Normal value,2020,,0,Units,0,Zero,USD,US dollar
DATAFLOW,OECD.CFE.EDS:DSD_REG_ECO@DF_INC(2.0),Income - Regions,I,A,Annual,CTRY,Country,LUX,Luxembourg,_Z,Not applicable,B6N,"Disposable income, net",_T,Total - all activities,Q,Constant prices,USD_PPP_PS,"US dollars per person, PPP converted",2018,,33331.1,,LUX,Luxembourg,A,Normal value,2020,,0,Units,0,Zero,USD,US dollar
DATAFLOW,OECD.CFE.EDS:DSD_REG_ECO@DF_INC(2.0),Income - Regions,I,A,Annual,CTRY,Country,BGR,Bulgaria,_Z,Not applicable,B6N,"Disposable income, net",_T,Total - all activities,Q,Constant prices,USD_PPP_PS,"US dollars per person, PPP converted",2018,,11736.6,,BGR,Bulgaria,A,Normal value,2020,,0,Units,0,Zero,USD,US dollar
DATAFLOW,OECD.CFE.EDS:DSD_REG_ECO@DF_INC(2.0),Income - Regions,I,A,Annual,CTRY,Country,LVA,Latvia,_Z,Not applicable,B6N,"Disposable income, net",_T,Total - all activities,Q,Constant prices,USD_PPP_PS,"US dollars per person, PPP converted",2018,,14594.5,,LVA,Latvia,A,Normal value,2020,,0,Units,0,Zero,USD,US dollar
DATAFLOW,OECD.CFE.EDS:DSD_REG_ECO@DF_INC(2.0),Income - Regions,I,A,Annual,CTRY,Country,LTU,Lithuania,_Z,Not applicable,B5N,"Primary incomes, net",_T,Total - all activities,Q,Constant prices,USD_PPP_PS,"US dollars per person, PPP converted",2018,,18279.9,,LTU,Lithuania,A,Normal value,2020,,0,Units,0,Zero,USD,US dollar
DATAFLOW,OECD.CFE.EDS:DSD_REG_ECO@DF_INC(2.0),Income - Regions,I,A,Annual,CTRY,Country,CZE,Czechia,_Z,Not applicable,B6N,"Disposable income, net",_T,Total - all activities,Q,Constant prices,USD_PPP_PS,"US dollars per person, PPP converted",2018,,17540.1,,CZE,Czechia,A,Normal value,2020,,0,Units,0,Zero,USD,US dollar
DATAFLOW,OECD.CFE.EDS:DSD_REG_ECO@DF_INC(2.0),Income - Regions,I,A,Annual,CTRY,Country,ESP,Spain,_Z,Not applicable,B5N,"Primary incomes, net",_T,Total - all activities,Q,Constant prices,USD_PPP_PS,"US dollars per person, PPP converted",2018,,16614.8,,ESP,Spain,A,Normal value,2020,,0,Units,0,Zero,USD,US dollar
DATAFLOW,OECD.CFE.EDS:DSD_REG_ECO@DF_INC(2.0),Income - Regions,I,A,Annual,CTRY,Country,SVK,Slovak Republic,_Z,Not applicable,B5N,"Primary incomes, net",_T,Total - all activities,Q,Constant prices,USD_PPP_PS,"US dollars per person, PPP converted",2018,,16346.5,,SVK,Slovak Republic,A,Normal value,2020,,0,Units,0,Zero,USD,US dollar
DATAFLOW,OECD.CFE.EDS:DSD_REG_ECO@DF_INC(2.0),Income - Regions,I,A,Annual,CTRY,Country,PRT,Portugal,_Z,Not applicable,B5N,"Primary incomes, net",_T,Total - all activities,Q,Constant prices,USD_PPP_PS,"US dollars per person, PPP converted",2018,,18443.4,,PRT,Portugal,A,Normal value,2020,,0,Units,0,Zero,USD,US dollar
DATAFLOW,OECD.CFE.EDS:DSD_REG_ECO@DF_INC(2.0),Income - Regions,I,A,Annual,CTRY,Country,FRA,France,_Z,Not applicable,B6N,"Disposable income, net",_T,Total - all activities,Q,Constant prices,USD_PPP_PS,"US dollars per person, PPP converted",2018,,24626.4,,FRA,France,A,Normal value,2020,,0,Units,0,Zero,USD,US dollar
DATAFLOW,OECD.CFE.EDS:DSD_REG_ECO@DF_INC(2.0),Income - Regions,I,A,Annual,CTRY,Country,CYP,Cyprus,_Z,Not applicable,B5N,"Primary incomes, net",_T,Total - all activities,Q,Constant prices,USD_PPP_PS,"US dollars per person, PPP converted",2018,,23995.3,,CYP,Cyprus,A,Normal value,2020,,0,Units,0,Zero,USD,US dollar
DATAFLOW,OECD.CFE.EDS:DSD_REG_ECO@DF_INC(2.0),Income - Regions,I,A,Annual,CTRY,Country,SVN,Slovenia,_Z,Not applicable,B5N,"Primary incomes, net",_T,Total - all activities,Q,Constant prices,USD_PPP_PS,"US dollars per person, PPP converted",2018,,21187.8,,SVN,Slovenia,A,Normal value,2020,,0,Units,0,Zero,USD,US dollar
DATAFLOW,OECD.CFE.EDS:DSD_REG_ECO@DF_INC(2.0),Income - Regions,I,A,Annual,CTRY,Country,SVN,Slovenia,_Z,Not applicable,B6N,"Disposable income, net",_T,Total - all activities,Q,Constant prices,USD_PPP_PS,"US dollars per person, PPP converted",2018,,18735.4,,SVN,Slovenia,A,Normal value,2020,,0,Units,0,Zero,USD,US dollar
DATAFLOW,OECD.CFE.EDS:DSD_REG_ECO@DF_INC(2.0),Income - Regions,I,A,Annual,CTRY,Country,ROU,Romania,_Z,Not applicable,B6N,"Disposable income, net",_T,Total - all activities,Q,Constant prices,USD_PPP_PS,"US dollars per person, PPP converted",2018,,12614.2,,ROU,Romania,A,Normal value,2020,,0,Units,0,Zero,USD,US dollar
DATAFLOW,OECD.CFE.EDS:DSD_REG_ECO@DF_INC(2.0),Income - Regions,I,A,Annual,CTRY,Country,EST,Estonia,_Z,Not applicable,B6N,"Disposable income, net",_T,Total - all activities,Q,Constant prices,USD_PPP_PS,"US dollars per person, PPP converted",2018,,16437,,EST,Estonia,A,Normal value,2020,,0,Units,0,Zero,USD,US dollar
DATAFLOW,OECD.CFE.EDS:DSD_REG_ECO@DF_INC(2.0),Income - Regions,I,A,Annual,CTRY,Country,POL,Poland,_Z,Not applicable,B5N,"Primary incomes, net",_T,Total - all activities,Q,Constant prices,USD_PPP_PS,"US dollars per person, PPP converted",2018,,18902,,POL,Poland,A,Normal value,2020,,0,Units,0,Zero,USD,US dollar
DATAFLOW,OECD.CFE.EDS:DSD_REG_ECO@DF_INC(2.0),Income - Regions,I,A,Annual,CTRY,Country,ROU,Romania,_Z,Not applicable,B5N,"Primary incomes, net",_T,Total - all activities,Q,Constant prices,USD_PPP_PS,"US dollars per person, PPP converted",2018,,13422.5,,ROU,Romania,A,Normal value,2020,,0,Units,0,Zero,USD,US dollar
DATAFLOW,OECD.CFE.EDS:DSD_REG_ECO@DF_INC(2.0),Income - Regions,I,A,Annual,CTRY,Country,POL,Poland,_Z,Not applicable,B6N,"Disposable income, net",_T,Total - all activities,Q,Constant prices,USD_PPP_PS,"US dollars per person, PPP converted",2018,,17507.2,,POL,Poland,A,Normal value,2020,,0,Units,0,Zero,USD,US dollar
DATAFLOW,OECD.CFE.EDS:DSD_REG_ECO@DF_INC(2.0),Income - Regions,I,A,Annual,CTRY,Country,AUT,Austria,_Z,Not applicable,B5N,"Primary incomes, net",_T,Total - all activities,Q,Constant prices,USD_PPP_PS,"US dollars per person, PPP converted",2018,,32959.4,,AUT,Austria,A,Normal value,2020,,0,Units,0,Zero,USD,US dollar
DATAFLOW,OECD.CFE.EDS:DSD_REG_ECO@DF_INC(2.0),Income - Regions,I,A,Annual,CTRY,Country,MLT,Malta,_Z,Not applicable,B6N,"Disposable income, net",_T,Total - all activities,Q,Constant prices,USD_PPP_PS,"US dollars per person, PPP converted",2018,,21051.6,,MLT,Malta,A,Normal value,2020,,0,Units,0,Zero,USD,US dollar
DATAFLOW,OECD.CFE.EDS:DSD_REG_ECO@DF_INC(2.0),Income - Regions,I,A,Annual,CTRY,Country,HRV,Croatia,_Z,Not applicable,B6N,"Disposable income, net",_T,Total - all activities,Q,Constant prices,USD_PPP_PS,"US dollars per person, PPP converted",2018,,14094.9,,HRV,Croatia,A,Normal value,2020,,0,Units,0,Zero,USD,US dollar
DATAFLOW,OECD.CFE.EDS:DSD_REG_ECO@DF_INC(2.0),Income - Regions,I,A,Annual,CTRY,Country,DNK,Denmark,_Z,Not applicable,B5N,"Primary incomes, net",_T,Total - all activities,Q,Constant prices,USD_PPP_PS,"US dollars per person, PPP converted",2018,,30415.5,,DNK,Denmark,A,Normal value,2020,,0,Units,0,Zero,USD,US dollar
DATAFLOW,OECD.CFE.EDS:DSD_REG_ECO@DF_INC(2.0),Income - Regions,I,A,Annual,CTRY,Country,KOR,Korea,_Z,Not applicable,B5N,"Primary incomes, net",_T,Total - all activities,Q,Constant prices,USD_PPP_PS,"US dollars per person, PPP converted",2018,,22015.6,,KOR,Korea,A,Normal value,2020,,0,Units,0,Zero,USD,US dollar
DATAFLOW,OECD.CFE.EDS:DSD_REG_ECO@DF_INC(2.0),Income - Regions,I,A,Annual,CTRY,Country,LVA,Latvia,_Z,Not applicable,B5N,"Primary incomes, net",_T,Total - all activities,Q,Constant prices,USD_PPP_PS,"US dollars per person, PPP converted",2018,,15585.4,,LVA,Latvia,A,Normal value,2020,,0,Units,0,Zero,USD,US dollar
DATAFLOW,OECD.CFE.EDS:DSD_REG_ECO@DF_INC(2.0),Income - Regions,I,A,Annual,CTRY,Country,LUX,Luxembourg,_Z,Not applicable,B5N,"Primary incomes, net",_T,Total - all activities,Q,Constant prices,USD_PPP_PS,"US dollars per person, PPP converted",2018,,39190.7,,LUX,Luxembourg,A,Normal value,2020,,0,Units,0,Zero,USD,US dollar
DATAFLOW,OECD.CFE.EDS:DSD_REG_ECO@DF_INC(2.0),Income - Regions,I,A,Annual,CTRY,Country,CYP,Cyprus,_Z,Not applicable,B6N,"Disposable income, net",_T,Total - all activities,Q,Constant prices,USD_PPP_PS,"US dollars per person, PPP converted",2018,,24346.3,,CYP,Cyprus,A,Normal value,2020,,0,Units,0,Zero,USD,US dollar
DATAFLOW,OECD.CFE.EDS:DSD_REG_ECO@DF_INC(2.0),Income - Regions,I,A,Annual,CTRY,Country,MLT,Malta,_Z,Not applicable,B5N,"Primary incomes, net",_T,Total - all activities,Q,Constant prices,USD_PPP_PS,"US dollars per person, PPP converted",2018,,23274.7,,MLT,Malta,A,Normal value,2020,,0,Units,0,Zero,USD,US dollar
DATAFLOW,OECD.CFE.EDS:DSD_REG_ECO@DF_INC(2.0),Income - Regions,I,A,Annual,CTRY,Country,EST,Estonia,_Z,Not applicable,B5N,"Primary incomes, net",_T,Total - all activities,Q,Constant prices,USD_PPP_PS,"US dollars per person, PPP converted",2018,,18018.6,,EST,Estonia,A,Normal value,2020,,0,Units,0,Zero,USD,US dollar
DATAFLOW,OECD.CFE.EDS:DSD_REG_ECO@DF_INC(2.0),Income - Regions,I,A,Annual,CTRY,Country,DNK,Denmark,_Z,Not applicable,B6N,"Disposable income, net",_T,Total - all activities,Q,Constant prices,USD_PPP_PS,"US dollars per person, PPP converted",2018,,22340.3,,DNK,Denmark,A,Normal value,2020,,0,Units,0,Zero,USD,US dollar
DATAFLOW,OECD.CFE.EDS:DSD_REG_ECO@DF_INC(2.0),Income - Regions,I,A,Annual,CTRY,Country,IRL,Ireland,_Z,Not applicable,B5N,"Primary incomes, net",_T,Total - all activities,Q,Constant prices,USD_PPP_PS,"US dollars per person, PPP converted",2018,,24744.1,,IRL,Ireland,A,Normal value,2020,,0,Units,0,Zero,USD,US dollar
DATAFLOW,OECD.CFE.EDS:DSD_REG_ECO@DF_INC(2.0),Income - Regions,I,A,Annual,CTRY,Country,LTU,Lithuania,_Z,Not applicable,B6N,"Disposable income, net",_T,Total - all activities,Q,Constant prices,USD_PPP_PS,"US dollars per person, PPP converted",2018,,16966.9,,LTU,Lithuania,A,Normal value,2020,,0,Units,0,Zero,USD,US dollar
DATAFLOW,OECD.CFE.EDS:DSD_REG_ECO@DF_INC(2.0),Income - Regions,I,A,Annual,CTRY,Country,KOR,Korea,_Z,Not applicable,B6N,"Disposable income, net",_T,Total - all activities,Q,Constant prices,USD_PPP_PS,"US dollars per person, PPP converted",2018,,19596.3,,KOR,Korea,A,Normal value,2020,,0,Units,0,Zero,USD,US dollar
DATAFLOW,OECD.CFE.EDS:DSD_REG_ECO@DF_INC(2.0),Income - Regions,I,A,Annual,CTRY,Country,AUS,Australia,_Z,Not applicable,B6N,"Disposable income, net",_T,Total - all activities,Q,Constant prices,USD_PPP_PS,"US dollars per person, PPP converted",2018,,30857.3,,AUS,Australia,A,Normal value,2020,,0,Units,0,Zero,USD,US dollar
DATAFLOW,OECD.CFE.EDS:DSD_REG_ECO@DF_INC(2.0),Income - Regions,I,A,Annual,CTRY,Country,BGR,Bulgaria,_Z,Not applicable,B5N,"Primary incomes, net",_T,Total - all activities,Q,Constant prices,USD_PPP_PS,"US dollars per person, PPP converted",2018,,11851.4,,BGR,Bulgaria,A,Normal value,2020,,0,Units,0,Zero,USD,US dollar
DATAFLOW,OECD.CFE.EDS:DSD_REG_ECO@DF_INC(2.0),Income - Regions,I,A,Annual,CTRY,Country,HUN,Hungary,_Z,Not applicable,B5N,"Primary incomes, net",_T,Total - all activities,Q,Constant prices,USD_PPP_PS,"US dollars per person, PPP converted",2018,,15334.7,,HUN,Hungary,A,Normal value,2020,,0,Units,0,Zero,USD,US dollar
DATAFLOW,OECD.CFE.EDS:DSD_REG_ECO@DF_INC(2.0),Income - Regions,I,A,Annual,CTRY,Country,HRV,Croatia,_Z,Not applicable,B5N,"Primary incomes, net",_T,Total - all activities,Q,Constant prices,USD_PPP_PS,"US dollars per person, PPP converted",2018,,14875.1,,HRV,Croatia,A,Normal value,2020,,0,Units,0,Zero,USD,US dollar
DATAFLOW,OECD.CFE.EDS:DSD_REG_ECO@DF_INC(2.0),Income - Regions,I,A,Annual,CTRY,Country,FRA,France,_Z,Not applicable,B5N,"Primary incomes, net",_T,Total - all activities,Q,Constant prices,USD_PPP_PS,"US dollars per person, PPP converted",2018,,28666.8,,FRA,France,A,Normal value,2020,,0,Units,0,Zero,USD,US dollar
DATAFLOW,OECD.CFE.EDS:DSD_REG_ECO@DF_INC(2.0),Income - Regions,I,A,Annual,CTRY,Country,HUN,Hungary,_Z,Not applicable,B6N,"Disposable income, net",_T,Total - all activities,Q,Constant prices,USD_PPP_PS,"US dollars per person, PPP converted",2018,,13507.5,,HUN,Hungary,A,Normal value,2020,,0,Units,0,Zero,USD,US dollar
DATAFLOW,OECD.CFE.EDS:DSD_REG_ECO@DF_INC(2.0),Income - Regions,I,A,Annual,CTRY,Country,HUN,Hungary,_Z,Not applicable,B6N,"Disposable income, net",_T,Total - all activities,Q,Constant prices,USD_PPP_PS,"US dollars per person, PPP converted",2019,,14416.6,,HUN,Hungary,A,Normal value,2020,,0,Units,0,Zero,USD,US dollar
DATAFLOW,OECD.CFE.EDS:DSD_REG_ECO@DF_INC(2.0),Income - Regions,I,A,Annual,CTRY,Country,FRA,France,_Z,Not applicable,B5N,"Primary incomes, net",_T,Total - all activities,Q,Constant prices,USD_PPP_PS,"US dollars per person, PPP converted",2019,,28597,,FRA,France,A,Normal value,2020,,0,Units,0,Zero,USD,US dollar
DATAFLOW,OECD.CFE.EDS:DSD_REG_ECO@DF_INC(2.0),Income - Regions,I,A,Annual,CTRY,Country,HRV,Croatia,_Z,Not applicable,B5N,"Primary incomes, net",_T,Total - all activities,Q,Constant prices,USD_PPP_PS,"US dollars per person, PPP converted",2019,,15826.7,,HRV,Croatia,A,Normal value,2020,,0,Units,0,Zero,USD,US dollar
DATAFLOW,OECD.CFE.EDS:DSD_REG_ECO@DF_INC(2.0),Income - Regions,I,A,Annual,CTRY,Country,HUN,Hungary,_Z,Not applicable,B5N,"Primary incomes, net",_T,Total - all activities,Q,Constant prices,USD_PPP_PS,"US dollars per person, PPP converted",2019,,16374.8,,HUN,Hungary,A,Normal value,2020,,0,Units,0,Zero,USD,US dollar
DATAFLOW,OECD.CFE.EDS:DSD_REG_ECO@DF_INC(2.0),Income - Regions,I,A,Annual,CTRY,Country,BGR,Bulgaria,_Z,Not applicable,B5N,"Primary incomes, net",_T,Total - all activities,Q,Constant prices,USD_PPP_PS,"US dollars per person, PPP converted",2019,,12509,,BGR,Bulgaria,A,Normal value,2020,,0,Units,0,Zero,USD,US dollar
DATAFLOW,OECD.CFE.EDS:DSD_REG_ECO@DF_INC(2.0),Income - Regions,I,A,Annual,CTRY,Country,AUS,Australia,_Z,Not applicable,B6N,"Disposable income, net",_T,Total - all activities,Q,Constant prices,USD_PPP_PS,"US dollars per person, PPP converted",2019,,31507.5,,AUS,Australia,A,Normal value,2020,,0,Units,0,Zero,USD,US dollar
DATAFLOW,OECD.CFE.EDS:DSD_REG_ECO@DF_INC(2.0),Income - Regions,I,A,Annual,CTRY,Country,KOR,Korea,_Z,Not applicable,B6N,"Disposable income, net",_T,Total - all activities,Q,Constant prices,USD_PPP_PS,"US dollars per person, PPP converted",2019,,20253,,KOR,Korea,A,Normal value,2020,,0,Units,0,Zero,USD,US dollar
DATAFLOW,OECD.CFE.EDS:DSD_REG_ECO@DF_INC(2.0),Income - Regions,I,A,Annual,CTRY,Country,LTU,Lithuania,_Z,Not applicable,B6N,"Disposable income, net",_T,Total - all activities,Q,Constant prices,USD_PPP_PS,"US dollars per person, PPP converted",2019,,18278.6,,LTU,Lithuania,A,Normal value,2020,,0,Units,0,Zero,USD,US dollar
DATAFLOW,OECD.CFE.EDS:DSD_REG_ECO@DF_INC(2.0),Income - Regions,I,A,Annual,CTRY,Country,IRL,Ireland,_Z,Not applicable,B5N,"Primary incomes, net",_T,Total - all activities,Q,Constant prices,USD_PPP_PS,"US dollars per person, PPP converted",2019,,25668.5,,IRL,Ireland,A,Normal value,2020,,0,Units,0,Zero,USD,US dollar
DATAFLOW,OECD.CFE.EDS:DSD_REG_ECO@DF_INC(2.0),Income - Regions,I,A,Annual,CTRY,Country,DNK,Denmark,_Z,Not applicable,B6N,"Disposable income, net",_T,Total - all activities,Q,Constant prices,USD_PPP_PS,"US dollars per person, PPP converted",2019,,22689.1,,DNK,Denmark,A,Normal value,2020,,0,Units,0,Zero,USD,US dollar
DATAFLOW,OECD.CFE.EDS:DSD_REG_ECO@DF_INC(2.0),Income - Regions,I,A,Annual,CTRY,Country,EST,Estonia,_Z,Not applicable,B5N,"Primary incomes, net",_T,Total - all activities,Q,Constant prices,USD_PPP_PS,"US dollars per person, PPP converted",2019,,18738.8,,EST,Estonia,A,Normal value,2020,,0,Units,0,Zero,USD,US dollar
DATAFLOW,OECD.CFE.EDS:DSD_REG_ECO@DF_INC(2.0),Income - Regions,I,A,Annual,CTRY,Country,MLT,Malta,_Z,Not applicable,B5N,"Primary incomes, net",_T,Total - all activities,Q,Constant prices,USD_PPP_PS,"US dollars per person, PPP converted",2019,,24254.8,,MLT,Malta,A,Normal value,2020,,0,Units,0,Zero,USD,US dollar
DATAFLOW,OECD.CFE.EDS:DSD_REG_ECO@DF_INC(2.0),Income - Regions,I,A,Annual,CTRY,Country,CYP,Cyprus,_Z,Not applicable,B6N,"Disposable income, net",_T,Total - all activities,Q,Constant prices,USD_PPP_PS,"US dollars per person, PPP converted",2019,,26397.4,,CYP,Cyprus,A,Normal value,2020,,0,Units,0,Zero,USD,US dollar
DATAFLOW,OECD.CFE.EDS:DSD_REG_ECO@DF_INC(2.0),Income - Regions,I,A,Annual,CTRY,Country,LUX,Luxembourg,_Z,Not applicable,B5N,"Primary incomes, net",_T,Total - all activities,Q,Constant prices,USD_PPP_PS,"US dollars per person, PPP converted",2019,,39858,,LUX,Luxembourg,A,Normal value,2020,,0,Units,0,Zero,USD,US dollar
DATAFLOW,OECD.CFE.EDS:DSD_REG_ECO@DF_INC(2.0),Income - Regions,I,A,Annual,CTRY,Country,LVA,Latvia,_Z,Not applicable,B5N,"Primary incomes, net",_T,Total - all activities,Q,Constant prices,USD_PPP_PS,"US dollars per person, PPP converted",2019,,16502.8,,LVA,Latvia,A,Normal value,2020,,0,Units,0,Zero,USD,US dollar
DATAFLOW,OECD.CFE.EDS:DSD_REG_ECO@DF_INC(2.0),Income - Regions,I,A,Annual,CTRY,Country,KOR,Korea,_Z,Not applicable,B5N,"Primary incomes, net",_T,Total - all activities,Q,Constant prices,USD_PPP_PS,"US dollars per person, PPP converted",2019,,22674.3,,KOR,Korea,A,Normal value,2020,,0,Units,0,Zero,USD,US dollar
DATAFLOW,OECD.CFE.EDS:DSD_REG_ECO@DF_INC(2.0),Income - Regions,I,A,Annual,CTRY,Country,DNK,Denmark,_Z,Not applicable,B5N,"Primary incomes, net",_T,Total - all activities,Q,Constant prices,USD_PPP_PS,"US dollars per person, PPP converted",2019,,31561.7,,DNK,Denmark,A,Normal value,2020,,0,Units,0,Zero,USD,US dollar
DATAFLOW,OECD.CFE.EDS:DSD_REG_ECO@DF_INC(2.0),Income - Regions,I,A,Annual,CTRY,Country,HRV,Croatia,_Z,Not applicable,B6N,"Disposable income, net",_T,Total - all activities,Q,Constant prices,USD_PPP_PS,"US dollars per person, PPP converted",2019,,14982.9,,HRV,Croatia,A,Normal value,2020,,0,Units,0,Zero,USD,US dollar
DATAFLOW,OECD.CFE.EDS:DSD_REG_ECO@DF_INC(2.0),Income - Regions,I,A,Annual,CTRY,Country,MLT,Malta,_Z,Not applicable,B6N,"Disposable income, net",_T,Total - all activities,Q,Constant prices,USD_PPP_PS,"US dollars per person, PPP converted",2019,,21845.6,,MLT,Malta,A,Normal value,2020,,0,Units,0,Zero,USD,US dollar
DATAFLOW,OECD.CFE.EDS:DSD_REG_ECO@DF_INC(2.0),Income - Regions,I,A,Annual,CTRY,Country,POL,Poland,_Z,Not applicable,B6N,"Disposable income, net",_T,Total - all activities,Q,Constant prices,USD_PPP_PS,"US dollars per person, PPP converted",2019,,18312.8,,POL,Poland,A,Normal value,2020,,0,Units,0,Zero,USD,US dollar
DATAFLOW,OECD.CFE.EDS:DSD_REG_ECO@DF_INC(2.0),Income - Regions,I,A,Annual,CTRY,Country,ROU,Romania,_Z,Not applicable,B5N,"Primary incomes, net",_T,Total - all activities,Q,Constant prices,USD_PPP_PS,"US dollars per person, PPP converted",2019,,15253.2,,ROU,Romania,A,Normal value,2020,,0,Units,0,Zero,USD,US dollar
DATAFLOW,OECD.CFE.EDS:DSD_REG_ECO@DF_INC(2.0),Income - Regions,I,A,Annual,CTRY,Country,POL,Poland,_Z,Not applicable,B5N,"Primary incomes, net",_T,Total - all activities,Q,Constant prices,USD_PPP_PS,"US dollars per person, PPP converted",2019,,19582.6,,POL,Poland,A,Normal value,2020,,0,Units,0,Zero,USD,US dollar
DATAFLOW,OECD.CFE.EDS:DSD_REG_ECO@DF_INC(2.0),Income - Regions,I,A,Annual,CTRY,Country,EST,Estonia,_Z,Not applicable,B6N,"Disposable income, net",_T,Total - all activities,Q,Constant prices,USD_PPP_PS,"US dollars per person, PPP converted",2019,,16954,,EST,Estonia,A,Normal value,2020,,0,Units,0,Zero,USD,US dollar
DATAFLOW,OECD.CFE.EDS:DSD_REG_ECO@DF_INC(2.0),Income - Regions,I,A,Annual,CTRY,Country,ROU,Romania,_Z,Not applicable,B6N,"Disposable income, net",_T,Total - all activities,Q,Constant prices,USD_PPP_PS,"US dollars per person, PPP converted",2019,,14471.7,,ROU,Romania,A,Normal value,2020,,0,Units,0,Zero,USD,US dollar
DATAFLOW,OECD.CFE.EDS:DSD_REG_ECO@DF_INC(2.0),Income - Regions,I,A,Annual,CTRY,Country,SVN,Slovenia,_Z,Not applicable,B6N,"Disposable income, net",_T,Total - all activities,Q,Constant prices,USD_PPP_PS,"US dollars per person, PPP converted",2019,,19642.8,,SVN,Slovenia,A,Normal value,2020,,0,Units,0,Zero,USD,US dollar
DATAFLOW,OECD.CFE.EDS:DSD_REG_ECO@DF_INC(2.0),Income - Regions,I,A,Annual,CTRY,Country,SVN,Slovenia,_Z,Not applicable,B5N,"Primary incomes, net",_T,Total - all activities,Q,Constant prices,USD_PPP_PS,"US dollars per person, PPP converted",2019,,22222.3,,SVN,Slovenia,A,Normal value,2020,,0,Units,0,Zero,USD,US dollar
DATAFLOW,OECD.CFE.EDS:DSD_REG_ECO@DF_INC(2.0),Income - Regions,I,A,Annual,CTRY,Country,CYP,Cyprus,_Z,Not applicable,B5N,"Primary incomes, net",_T,Total - all activities,Q,Constant prices,USD_PPP_PS,"US dollars per person, PPP converted",2019,,26062.8,,CYP,Cyprus,A,Normal value,2020,,0,Units,0,Zero,USD,US dollar
DATAFLOW,OECD.CFE.EDS:DSD_REG_ECO@DF_INC(2.0),Income - Regions,I,A,Annual,CTRY,Country,FRA,France,_Z,Not applicable,B6N,"Disposable income, net",_T,Total - all activities,Q,Constant prices,USD_PPP_PS,"US dollars per person, PPP converted",2019,,25134.8,,FRA,France,A,Normal value,2020,,0,Units,0,Zero,USD,US dollar
DATAFLOW,OECD.CFE.EDS:DSD_REG_ECO@DF_INC(2.0),Income - Regions,I,A,Annual,CTRY,Country,PRT,Portugal,_Z,Not applicable,B5N,"Primary incomes, net",_T,Total - all activities,Q,Constant prices,USD_PPP_PS,"US dollars per person, PPP converted",2019,,19118.6,,PRT,Portugal,A,Normal value,2020,,0,Units,0,Zero,USD,US dollar
DATAFLOW,OECD.CFE.EDS:DSD_REG_ECO@DF_INC(2.0),Income - Regions,I,A,Annual,CTRY,Country,SVK,Slovak Republic,_Z,Not applicable,B5N,"Primary incomes, net",_T,Total - all activities,Q,Constant prices,USD_PPP_PS,"US dollars per person, PPP converted",2019,,16890,,SVK,Slovak Republic,A,Normal value,2020,,0,Units,0,Zero,USD,US dollar
DATAFLOW,OECD.CFE.EDS:DSD_REG_ECO@DF_INC(2.0),Income - Regions,I,A,Annual,CTRY,Country,ESP,Spain,_Z,Not applicable,B5N,"Primary incomes, net",_T,Total - all activities,Q,Constant prices,USD_PPP_PS,"US dollars per person, PPP converted",2019,,17366.5,,ESP,Spain,A,Normal value,2020,,0,Units,0,Zero,USD,US dollar
DATAFLOW,OECD.CFE.EDS:DSD_REG_ECO@DF_INC(2.0),Income - Regions,I,A,Annual,CTRY,Country,CZE,Czechia,_Z,Not applicable,B6N,"Disposable income, net",_T,Total - all activities,Q,Constant prices,USD_PPP_PS,"US dollars per person, PPP converted",2019,,18103.7,,CZE,Czechia,A,Normal value,2020,,0,Units,0,Zero,USD,US dollar
DATAFLOW,OECD.CFE.EDS:DSD_REG_ECO@DF_INC(2.0),Income - Regions,I,A,Annual,CTRY,Country,NZL,New Zealand,_Z,Not applicable,B6N,"Disposable income, net",_T,Total - all activities,Q,Constant prices,USD_PPP_PS,"US dollars per person, PPP converted",2019,,20662.6,,NZL,New Zealand,A,Normal value,2020,,0,Units,0,Zero,USD,US dollar
DATAFLOW,OECD.CFE.EDS:DSD_REG_ECO@DF_INC(2.0),Income - Regions,I,A,Annual,CTRY,Country,LTU,Lithuania,_Z,Not applicable,B5N,"Primary incomes, net",_T,Total - all activities,Q,Constant prices,USD_PPP_PS,"US dollars per person, PPP converted",2019,,19656.1,,LTU,Lithuania,A,Normal value,2020,,0,Units,0,Zero,USD,US dollar
DATAFLOW,OECD.CFE.EDS:DSD_REG_ECO@DF_INC(2.0),Income - Regions,I,A,Annual,CTRY,Country,LVA,Latvia,_Z,Not applicable,B6N,"Disposable income, net",_T,Total - all activities,Q,Constant prices,USD_PPP_PS,"US dollars per person, PPP converted",2019,,14964.1,,LVA,Latvia,A,Normal value,2020,,0,Units,0,Zero,USD,US dollar
DATAFLOW,OECD.CFE.EDS:DSD_REG_ECO@DF_INC(2.0),Income - Regions,I,A,Annual,CTRY,Country,BGR,Bulgaria,_Z,Not applicable,B6N,"Disposable income, net",_T,Total - all activities,Q,Constant prices,USD_PPP_PS,"US dollars per person, PPP converted",2019,,12154.8,,BGR,Bulgaria,A,Normal value,2020,,0,Units,0,Zero,USD,US dollar
DATAFLOW,OECD.CFE.EDS:DSD_REG_ECO@DF_INC(2.0),Income - Regions,I,A,Annual,CTRY,Country,PRT,Portugal,_Z,Not applicable,B6N,"Disposable income, net",_T,Total - all activities,Q,Constant prices,USD_PPP_PS,"US dollars per person, PPP converted",2019,,19097.6,,PRT,Portugal,A,Normal value,2020,,0,Units,0,Zero,USD,US dollar
DATAFLOW,OECD.CFE.EDS:DSD_REG_ECO@DF_INC(2.0),Income - Regions,I,A,Annual,CTRY,Country,NZL,New Zealand,_Z,Not applicable,B5N,"Primary incomes, net",_T,Total - all activities,Q,Constant prices,USD_PPP_PS,"US dollars per person, PPP converted",2019,,17788.2,,NZL,New Zealand,A,Normal value,2020,,0,Units,0,Zero,USD,US dollar
DATAFLOW,OECD.CFE.EDS:DSD_REG_ECO@DF_INC(2.0),Income - Regions,I,A,Annual,CTRY,Country,LUX,Luxembourg,_Z,Not applicable,B6N,"Disposable income, net",_T,Total - all activities,Q,Constant prices,USD_PPP_PS,"US dollars per person, PPP converted",2019,,34111.6,,LUX,Luxembourg,A,Normal value,2020,,0,Units,0,Zero,USD,US dollar
DATAFLOW,OECD.CFE.EDS:DSD_REG_ECO@DF_INC(2.0),Income - Regions,I,A,Annual,CTRY,Country,AUS,Australia,_Z,Not applicable,B5N,"Primary incomes, net",_T,Total - all activities,Q,Constant prices,USD_PPP_PS,"US dollars per person, PPP converted",2019,,40822,,AUS,Australia,A,Normal value,2020,,0,Units,0,Zero,USD,US dollar
DATAFLOW,OECD.CFE.EDS:DSD_REG_ECO@DF_INC(2.0),Income - Regions,I,A,Annual,CTRY,Country,GRC,Greece,_Z,Not applicable,B6N,"Disposable income, net",_T,Total - all activities,Q,Constant prices,USD_PPP_PS,"US dollars per person, PPP converted",2019,,17444.1,,GRC,Greece,A,Normal value,2020,,0,Units,0,Zero,USD,US dollar
DATAFLOW,OECD.CFE.EDS:DSD_REG_ECO@DF_INC(2.0),Income - Regions,I,A,Annual,CTRY,Country,IRL,Ireland,_Z,Not applicable,B6N,"Disposable income, net",_T,Total - all activities,Q,Constant prices,USD_PPP_PS,"US dollars per person, PPP converted",2019,,21607.1,,IRL,Ireland,A,Normal value,2020,,0,Units,0,Zero,USD,US dollar
DATAFLOW,OECD.CFE.EDS:DSD_REG_ECO@DF_INC(2.0),Income - Regions,I,A,Annual,CTRY,Country,SWE,Sweden,_Z,Not applicable,B6N,"Disposable income, net",_T,Total - all activities,Q,Constant prices,USD_PPP_PS,"US dollars per person, PPP converted",2019,,23593.7,,SWE,Sweden,A,Normal value,2020,,0,Units,0,Zero,USD,US dollar
DATAFLOW,OECD.CFE.EDS:DSD_REG_ECO@DF_INC(2.0),Income - Regions,I,A,Annual,CTRY,Country,ESP,Spain,_Z,Not applicable,B6N,"Disposable income, net",_T,Total - all activities,Q,Constant prices,USD_PPP_PS,"US dollars per person, PPP converted",2019,,22173.1,,ESP,Spain,A,Normal value,2020,,0,Units,0,Zero,USD,US dollar
DATAFLOW,OECD.CFE.EDS:DSD_REG_ECO@DF_INC(2.0),Income - Regions,I,A,Annual,CTRY,Country,SWE,Sweden,_Z,Not applicable,B5N,"Primary incomes, net",_T,Total - all activities,Q,Constant prices,USD_PPP_PS,"US dollars per person, PPP converted",2019,,28627,,SWE,Sweden,A,Normal value,2020,,0,Units,0,Zero,USD,US dollar
DATAFLOW,OECD.CFE.EDS:DSD_REG_ECO@DF_INC(2.0),Income - Regions,I,A,Annual,CTRY,Country,GRC,Greece,_Z,Not applicable,B5N,"Primary incomes, net",_T,Total - all activities,Q,Constant prices,USD_PPP_PS,"US dollars per person, PPP converted",2019,,18386.7,,GRC,Greece,A,Normal value,2020,,0,Units,0,Zero,USD,US dollar
DATAFLOW,OECD.CFE.EDS:DSD_REG_ECO@DF_INC(2.0),Income - Regions,I,A,Annual,CTRY,Country,SVK,Slovak Republic,_Z,Not applicable,B6N,"Disposable income, net",_T,Total - all activities,Q,Constant prices,USD_PPP_PS,"US dollars per person, PPP converted",2019,,15691.9,,SVK,Slovak Republic,A,Normal value,2020,,0,Units,0,Zero,USD,US dollar
DATAFLOW,OECD.CFE.EDS:DSD_REG_ECO@DF_INC(2.0),Income - Regions,I,A,Annual,CTRY,Country,CZE,Czechia,_Z,Not applicable,B5N,"Primary incomes, net",_T,Total - all activities,Q,Constant prices,USD_PPP_PS,"US dollars per person, PPP converted",2019,,21396.7,,CZE,Czechia,A,Normal value,2020,,0,Units,0,Zero,USD,US dollar
DATAFLOW,OECD.CFE.EDS:DSD_REG_ECO@DF_INC(2.0),Income - Regions,I,A,Annual,CTRY,Country,CZE,Czechia,_Z,Not applicable,B5N,"Primary incomes, net",_T,Total - all activities,Q,Constant prices,USD_PPP_PS,"US dollars per person, PPP converted",2020,,21129.7,,CZE,Czechia,A,Normal value,2020,,0,Units,0,Zero,USD,US dollar
DATAFLOW,OECD.CFE.EDS:DSD_REG_ECO@DF_INC(2.0),Income - Regions,I,A,Annual,CTRY,Country,SVK,Slovak Republic,_Z,Not applicable,B6N,"Disposable income, net",_T,Total - all activities,Q,Constant prices,USD_PPP_PS,"US dollars per person, PPP converted",2020,,16028.6,,SVK,Slovak Republic,A,Normal value,2020,,0,Units,0,Zero,USD,US dollar
DATAFLOW,OECD.CFE.EDS:DSD_REG_ECO@DF_INC(2.0),Income - Regions,I,A,Annual,CTRY,Country,GRC,Greece,_Z,Not applicable,B5N,"Primary incomes, net",_T,Total - all activities,Q,Constant prices,USD_PPP_PS,"US dollars per person, PPP converted",2020,,17551.6,,GRC,Greece,A,Normal value,2020,,0,Units,0,Zero,USD,US dollar
DATAFLOW,OECD.CFE.EDS:DSD_REG_ECO@DF_INC(2.0),Income - Regions,I,A,Annual,CTRY,Country,SWE,Sweden,_Z,Not applicable,B5N,"Primary incomes, net",_T,Total - all activities,Q,Constant prices,USD_PPP_PS,"US dollars per person, PPP converted",2020,,27465.4,,SWE,Sweden,A,Normal value,2020,,0,Units,0,Zero,USD,US dollar
DATAFLOW,OECD.CFE.EDS:DSD_REG_ECO@DF_INC(2.0),Income - Regions,I,A,Annual,CTRY,Country,ESP,Spain,_Z,Not applicable,B6N,"Disposable income, net",_T,Total - all activities,Q,Constant prices,USD_PPP_PS,"US dollars per person, PPP converted",2020,,21510.5,,ESP,Spain,A,Normal value,2020,,0,Units,0,Zero,USD,US dollar
DATAFLOW,OECD.CFE.EDS:DSD_REG_ECO@DF_INC(2.0),Income - Regions,I,A,Annual,CTRY,Country,SWE,Sweden,_Z,Not applicable,B6N,"Disposable income, net",_T,Total - all activities,Q,Constant prices,USD_PPP_PS,"US dollars per person, PPP converted",2020,,23216.8,,SWE,Sweden,A,Normal value,2020,,0,Units,0,Zero,USD,US dollar
DATAFLOW,OECD.CFE.EDS:DSD_REG_ECO@DF_INC(2.0),Income - Regions,I,A,Annual,CTRY,Country,IRL,Ireland,_Z,Not applicable,B6N,"Disposable income, net",_T,Total - all activities,Q,Constant prices,USD_PPP_PS,"US dollars per person, PPP converted",2020,,22334,,IRL,Ireland,A,Normal value,2020,,0,Units,0,Zero,USD,US dollar
DATAFLOW,OECD.CFE.EDS:DSD_REG_ECO@DF_INC(2.0),Income - Regions,I,A,Annual,CTRY,Country,GRC,Greece,_Z,Not applicable,B6N,"Disposable income, net",_T,Total - all activities,Q,Constant prices,USD_PPP_PS,"US dollars per person, PPP converted",2020,,16860.6,,GRC,Greece,A,Normal value,2020,,0,Units,0,Zero,USD,US dollar
DATAFLOW,OECD.CFE.EDS:DSD_REG_ECO@DF_INC(2.0),Income - Regions,I,A,Annual,CTRY,Country,AUS,Australia,_Z,Not applicable,B5N,"Primary incomes, net",_T,Total - all activities,Q,Constant prices,USD_PPP_PS,"US dollars per person, PPP converted",2020,,41494.2,,AUS,Australia,A,Normal value,2020,,0,Units,0,Zero,USD,US dollar
DATAFLOW,OECD.CFE.EDS:DSD_REG_ECO@DF_INC(2.0),Income - Regions,I,A,Annual,CTRY,Country,LUX,Luxembourg,_Z,Not applicable,B6N,"Disposable income, net",_T,Total - all activities,Q,Constant prices,USD_PPP_PS,"US dollars per person, PPP converted",2020,,35692.8,,LUX,Luxembourg,A,Normal value,2020,,0,Units,0,Zero,USD,US dollar
DATAFLOW,OECD.CFE.EDS:DSD_REG_ECO@DF_INC(2.0),Income - Regions,I,A,Annual,CTRY,Country,NZL,New Zealand,_Z,Not applicable,B5N,"Primary incomes, net",_T,Total - all activities,Q,Constant prices,USD_PPP_PS,"US dollars per person, PPP converted",2020,,19453,,NZL,New Zealand,A,Normal value,2020,,0,Units,0,Zero,USD,US dollar
DATAFLOW,OECD.CFE.EDS:DSD_REG_ECO@DF_INC(2.0),Income - Regions,I,A,Annual,CTRY,Country,BGR,Bulgaria,_Z,Not applicable,B6N,"Disposable income, net",_T,Total - all activities,Q,Constant prices,USD_PPP_PS,"US dollars per person, PPP converted",2020,,12135.1,,BGR,Bulgaria,A,Normal value,2020,,0,Units,0,Zero,USD,US dollar
DATAFLOW,OECD.CFE.EDS:DSD_REG_ECO@DF_INC(2.0),Income - Regions,I,A,Annual,CTRY,Country,USA,United States,_Z,Not applicable,B6N,"Disposable income, net",_T,Total - all activities,Q,Constant prices,USD_PPP_PS,"US dollars per person, PPP converted",2020,,49339,,USA,United States,A,Normal value,2020,,0,Units,0,Zero,USD,US dollar
DATAFLOW,OECD.CFE.EDS:DSD_REG_ECO@DF_INC(2.0),Income - Regions,I,A,Annual,CTRY,Country,LVA,Latvia,_Z,Not applicable,B6N,"Disposable income, net",_T,Total - all activities,Q,Constant prices,USD_PPP_PS,"US dollars per person, PPP converted",2020,,15335.5,,LVA,Latvia,A,Normal value,2020,,0,Units,0,Zero,USD,US dollar
DATAFLOW,OECD.CFE.EDS:DSD_REG_ECO@DF_INC(2.0),Income - Regions,I,A,Annual,CTRY,Country,LTU,Lithuania,_Z,Not applicable,B5N,"Primary incomes, net",_T,Total - all activities,Q,Constant prices,USD_PPP_PS,"US dollars per person, PPP converted",2020,,20724,,LTU,Lithuania,A,Normal value,2020,,0,Units,0,Zero,USD,US dollar
DATAFLOW,OECD.CFE.EDS:DSD_REG_ECO@DF_INC(2.0),Income - Regions,I,A,Annual,CTRY,Country,NZL,New Zealand,_Z,Not applicable,B6N,"Disposable income, net",_T,Total - all activities,Q,Constant prices,USD_PPP_PS,"US dollars per person, PPP converted",2020,,22041.4,,NZL,New Zealand,A,Normal value,2020,,0,Units,0,Zero,USD,US dollar
DATAFLOW,OECD.CFE.EDS:DSD_REG_ECO@DF_INC(2.0),Income - Regions,I,A,Annual,CTRY,Country,CZE,Czechia,_Z,Not applicable,B6N,"Disposable income, net",_T,Total - all activities,Q,Constant prices,USD_PPP_PS,"US dollars per person, PPP converted",2020,,18352.4,,CZE,Czechia,A,Normal value,2020,,0,Units,0,Zero,USD,US dollar
DATAFLOW,OECD.CFE.EDS:DSD_REG_ECO@DF_INC(2.0),Income - Regions,I,A,Annual,CTRY,Country,ESP,Spain,_Z,Not applicable,B5N,"Primary incomes, net",_T,Total - all activities,Q,Constant prices,USD_PPP_PS,"US dollars per person, PPP converted",2020,,16560.6,,ESP,Spain,A,Normal value,2020,,0,Units,0,Zero,USD,US dollar
DATAFLOW,OECD.CFE.EDS:DSD_REG_ECO@DF_INC(2.0),Income - Regions,I,A,Annual,CTRY,Country,SVK,Slovak Republic,_Z,Not applicable,B5N,"Primary incomes, net",_T,Total - all activities,Q,Constant prices,USD_PPP_PS,"US dollars per person, PPP converted",2020,,16652.1,,SVK,Slovak Republic,A,Normal value,2020,,0,Units,0,Zero,USD,US dollar
DATAFLOW,OECD.CFE.EDS:DSD_REG_ECO@DF_INC(2.0),Income - Regions,I,A,Annual,CTRY,Country,FRA,France,_Z,Not applicable,B6N,"Disposable income, net",_T,Total - all activities,Q,Constant prices,USD_PPP_PS,"US dollars per person, PPP converted",2020,,25072,,FRA,France,A,Normal value,2020,,0,Units,0,Zero,USD,US dollar
DATAFLOW,OECD.CFE.EDS:DSD_REG_ECO@DF_INC(2.0),Income - Regions,I,A,Annual,CTRY,Country,CYP,Cyprus,_Z,Not applicable,B5N,"Primary incomes, net",_T,Total - all activities,Q,Constant prices,USD_PPP_PS,"US dollars per person, PPP converted",2020,,25846.8,,CYP,Cyprus,A,Normal value,2020,,0,Units,0,Zero,USD,US dollar
DATAFLOW,OECD.CFE.EDS:DSD_REG_ECO@DF_INC(2.0),Income - Regions,I,A,Annual,CTRY,Country,SVN,Slovenia,_Z,Not applicable,B5N,"Primary incomes, net",_T,Total - all activities,Q,Constant prices,USD_PPP_PS,"US dollars per person, PPP converted",2020,,22612.2,,SVN,Slovenia,A,Normal value,2020,,0,Units,0,Zero,USD,US dollar
DATAFLOW,OECD.CFE.EDS:DSD_REG_ECO@DF_INC(2.0),Income - Regions,I,A,Annual,CTRY,Country,SVN,Slovenia,_Z,Not applicable,B6N,"Disposable income, net",_T,Total - all activities,Q,Constant prices,USD_PPP_PS,"US dollars per person, PPP converted",2020,,20523.2,,SVN,Slovenia,A,Normal value,2020,,0,Units,0,Zero,USD,US dollar
DATAFLOW,OECD.CFE.EDS:DSD_REG_ECO@DF_INC(2.0),Income - Regions,I,A,Annual,CTRY,Country,ROU,Romania,_Z,Not applicable,B6N,"Disposable income, net",_T,Total - all activities,Q,Constant prices,USD_PPP_PS,"US dollars per person, PPP converted",2020,,14312.7,,ROU,Romania,A,Normal value,2020,,0,Units,0,Zero,USD,US dollar
DATAFLOW,OECD.CFE.EDS:DSD_REG_ECO@DF_INC(2.0),Income - Regions,I,A,Annual,CTRY,Country,EST,Estonia,_Z,Not applicable,B6N,"Disposable income, net",_T,Total - all activities,Q,Constant prices,USD_PPP_PS,"US dollars per person, PPP converted",2020,,17273.4,,EST,Estonia,A,Normal value,2020,,0,Units,0,Zero,USD,US dollar
DATAFLOW,OECD.CFE.EDS:DSD_REG_ECO@DF_INC(2.0),Income - Regions,I,A,Annual,CTRY,Country,ROU,Romania,_Z,Not applicable,B5N,"Primary incomes, net",_T,Total - all activities,Q,Constant prices,USD_PPP_PS,"US dollars per person, PPP converted",2020,,14761.6,,ROU,Romania,A,Normal value,2020,,0,Units,0,Zero,USD,US dollar
DATAFLOW,OECD.CFE.EDS:DSD_REG_ECO@DF_INC(2.0),Income - Regions,I,A,Annual,CTRY,Country,AUT,Austria,_Z,Not applicable,B5N,"Primary incomes, net",_T,Total - all activities,Q,Constant prices,USD_PPP_PS,"US dollars per person, PPP converted",2020,,31441.5,,AUT,Austria,A,Normal value,2020,,0,Units,0,Zero,USD,US dollar
DATAFLOW,OECD.CFE.EDS:DSD_REG_ECO@DF_INC(2.0),Income - Regions,I,A,Annual,CTRY,Country,MLT,Malta,_Z,Not applicable,B6N,"Disposable income, net",_T,Total - all activities,Q,Constant prices,USD_PPP_PS,"US dollars per person, PPP converted",2020,,21578.5,,MLT,Malta,A,Normal value,2020,,0,Units,0,Zero,USD,US dollar
DATAFLOW,OECD.CFE.EDS:DSD_REG_ECO@DF_INC(2.0),Income - Regions,I,A,Annual,CTRY,Country,HRV,Croatia,_Z,Not applicable,B6N,"Disposable income, net",_T,Total - all activities,Q,Constant prices,USD_PPP_PS,"US dollars per person, PPP converted",2020,,15168.1,,HRV,Croatia,A,Normal value,2020,,0,Units,0,Zero,USD,US dollar
DATAFLOW,OECD.CFE.EDS:DSD_REG_ECO@DF_INC(2.0),Income - Regions,I,A,Annual,CTRY,Country,DNK,Denmark,_Z,Not applicable,B5N,"Primary incomes, net",_T,Total - all activities,Q,Constant prices,USD_PPP_PS,"US dollars per person, PPP converted",2020,,31265.4,,DNK,Denmark,A,Normal value,2020,,0,Units,0,Zero,USD,US dollar
DATAFLOW,OECD.CFE.EDS:DSD_REG_ECO@DF_INC(2.0),Income - Regions,I,A,Annual,CTRY,Country,LVA,Latvia,_Z,Not applicable,B5N,"Primary incomes, net",_T,Total - all activities,Q,Constant prices,USD_PPP_PS,"US dollars per person, PPP converted",2020,,16472.6,,LVA,Latvia,A,Normal value,2020,,0,Units,0,Zero,USD,US dollar
DATAFLOW,OECD.CFE.EDS:DSD_REG_ECO@DF_INC(2.0),Income - Regions,I,A,Annual,CTRY,Country,LUX,Luxembourg,_Z,Not applicable,B5N,"Primary incomes, net",_T,Total - all activities,Q,Constant prices,USD_PPP_PS,"US dollars per person, PPP converted",2020,,40630.7,,LUX,Luxembourg,A,Normal value,2020,,0,Units,0,Zero,USD,US dollar
DATAFLOW,OECD.CFE.EDS:DSD_REG_ECO@DF_INC(2.0),Income - Regions,I,A,Annual,CTRY,Country,CYP,Cyprus,_Z,Not applicable,B6N,"Disposable income, net",_T,Total - all activities,Q,Constant prices,USD_PPP_PS,"US dollars per person, PPP converted",2020,,26465,,CYP,Cyprus,A,Normal value,2020,,0,Units,0,Zero,USD,US dollar
DATAFLOW,OECD.CFE.EDS:DSD_REG_ECO@DF_INC(2.0),Income - Regions,I,A,Annual,CTRY,Country,MLT,Malta,_Z,Not applicable,B5N,"Primary incomes, net",_T,Total - all activities,Q,Constant prices,USD_PPP_PS,"US dollars per person, PPP converted",2020,,23844,,MLT,Malta,A,Normal value,2020,,0,Units,0,Zero,USD,US dollar
DATAFLOW,OECD.CFE.EDS:DSD_REG_ECO@DF_INC(2.0),Income - Regions,I,A,Annual,CTRY,Country,EST,Estonia,_Z,Not applicable,B5N,"Primary incomes, net",_T,Total - all activities,Q,Constant prices,USD_PPP_PS,"US dollars per person, PPP converted",2020,,18745.1,,EST,Estonia,A,Normal value,2020,,0,Units,0,Zero,USD,US dollar
DATAFLOW,OECD.CFE.EDS:DSD_REG_ECO@DF_INC(2.0),Income - Regions,I,A,Annual,CTRY,Country,DNK,Denmark,_Z,Not applicable,B6N,"Disposable income, net",_T,Total - all activities,Q,Constant prices,USD_PPP_PS,"US dollars per person, PPP converted",2020,,22568.3,,DNK,Denmark,A,Normal value,2020,,0,Units,0,Zero,USD,US dollar
DATAFLOW,OECD.CFE.EDS:DSD_REG_ECO@DF_INC(2.0),Income - Regions,I,A,Annual,CTRY,Country,IRL,Ireland,_Z,Not applicable,B5N,"Primary incomes, net",_T,Total - all activities,Q,Constant prices,USD_PPP_PS,"US dollars per person, PPP converted",2020,,25038,,IRL,Ireland,A,Normal value,2020,,0,Units,0,Zero,USD,US dollar
DATAFLOW,OECD.CFE.EDS:DSD_REG_ECO@DF_INC(2.0),Income - Regions,I,A,Annual,CTRY,Country,USA,United States,_Z,Not applicable,B5N,"Primary incomes, net",_T,Total - all activities,Q,Constant prices,USD_PPP_PS,"US dollars per person, PPP converted",2020,,55610.5,,USA,United States,A,Normal value,2020,,0,Units,0,Zero,USD,US dollar
DATAFLOW,OECD.CFE.EDS:DSD_REG_ECO@DF_INC(2.0),Income - Regions,I,A,Annual,CTRY,Country,LTU,Lithuania,_Z,Not applicable,B6N,"Disposable income, net",_T,Total - all activities,Q,Constant prices,USD_PPP_PS,"US dollars per person, PPP converted",2020,,19736.1,,LTU,Lithuania,A,Normal value,2020,,0,Units,0,Zero,USD,US dollar
DATAFLOW,OECD.CFE.EDS:DSD_REG_ECO@DF_INC(2.0),Income - Regions,I,A,Annual,CTRY,Country,AUS,Australia,_Z,Not applicable,B6N,"Disposable income, net",_T,Total - all activities,Q,Constant prices,USD_PPP_PS,"US dollars per person, PPP converted",2020,,32373.9,,AUS,Australia,A,Normal value,2020,,0,Units,0,Zero,USD,US dollar
DATAFLOW,OECD.CFE.EDS:DSD_REG_ECO@DF_INC(2.0),Income - Regions,I,A,Annual,CTRY,Country,BGR,Bulgaria,_Z,Not applicable,B5N,"Primary incomes, net",_T,Total - all activities,Q,Constant prices,USD_PPP_PS,"US dollars per person, PPP converted",2020,,12598.4,,BGR,Bulgaria,A,Normal value,2020,,0,Units,0,Zero,USD,US dollar
DATAFLOW,OECD.CFE.EDS:DSD_REG_ECO@DF_INC(2.0),Income - Regions,I,A,Annual,CTRY,Country,HUN,Hungary,_Z,Not applicable,B5N,"Primary incomes, net",_T,Total - all activities,Q,Constant prices,USD_PPP_PS,"US dollars per person, PPP converted",2020,,15946.4,,HUN,Hungary,A,Normal value,2020,,0,Units,0,Zero,USD,US dollar
DATAFLOW,OECD.CFE.EDS:DSD_REG_ECO@DF_INC(2.0),Income - Regions,I,A,Annual,CTRY,Country,HRV,Croatia,_Z,Not applicable,B5N,"Primary incomes, net",_T,Total - all activities,Q,Constant prices,USD_PPP_PS,"US dollars per person, PPP converted",2020,,15555.1,,HRV,Croatia,A,Normal value,2020,,0,Units,0,Zero,USD,US dollar
DATAFLOW,OECD.CFE.EDS:DSD_REG_ECO@DF_INC(2.0),Income - Regions,I,A,Annual,CTRY,Country,FRA,France,_Z,Not applicable,B5N,"Primary incomes, net",_T,Total - all activities,Q,Constant prices,USD_PPP_PS,"US dollars per person, PPP converted",2020,,27229.5,,FRA,France,A,Normal value,2020,,0,Units,0,Zero,USD,US dollar
DATAFLOW,OECD.CFE.EDS:DSD_REG_ECO@DF_INC(2.0),Income - Regions,I,A,Annual,CTRY,Country,HUN,Hungary,_Z,Not applicable,B6N,"Disposable income, net",_T,Total - all activities,Q,Constant prices,USD_PPP_PS,"US dollars per person, PPP converted",2020,,14296.1,,HUN,Hungary,A,Normal value,2020,,0,Units,0,Zero,USD,US dollar
DATAFLOW,OECD.CFE.EDS:DSD_REG_ECO@DF_INC(2.0),Income - Regions,I,A,Annual,CTRY,Country,HUN,Hungary,_Z,Not applicable,B6N,"Disposable income, net",_T,Total - all activities,Q,Constant prices,USD_PPP_PS,"US dollars per person, PPP converted",2021,,15474.5,,HUN,Hungary,A,Normal value,2020,,0,Units,0,Zero,USD,US dollar
DATAFLOW,OECD.CFE.EDS:DSD_REG_ECO@DF_INC(2.0),Income - Regions,I,A,Annual,CTRY,Country,FRA,France,_Z,Not applicable,B5N,"Primary incomes, net",_T,Total - all activities,Q,Constant prices,USD_PPP_PS,"US dollars per person, PPP converted",2021,,28638.9,,FRA,France,A,Normal value,2020,,0,Units,0,Zero,USD,US dollar
DATAFLOW,OECD.CFE.EDS:DSD_REG_ECO@DF_INC(2.0),Income - Regions,I,A,Annual,CTRY,Country,HRV,Croatia,_Z,Not applicable,B5N,"Primary incomes, net",_T,Total - all activities,Q,Constant prices,USD_PPP_PS,"US dollars per person, PPP converted",2021,,17196.2,,HRV,Croatia,A,Normal value,2020,,0,Units,0,Zero,USD,US dollar
DATAFLOW,OECD.CFE.EDS:DSD_REG_ECO@DF_INC(2.0),Income - Regions,I,A,Annual,CTRY,Country,HUN,Hungary,_Z,Not applicable,B5N,"Primary incomes, net",_T,Total - all activities,Q,Constant prices,USD_PPP_PS,"US dollars per person, PPP converted",2021,,16828.9,,HUN,Hungary,A,Normal value,2020,,0,Units,0,Zero,USD,US dollar
DATAFLOW,OECD.CFE.EDS:DSD_REG_ECO@DF_INC(2.0),Income - Regions,I,A,Annual,CTRY,Country,BGR,Bulgaria,_Z,Not applicable,B5N,"Primary incomes, net",_T,Total - all activities,Q,Constant prices,USD_PPP_PS,"US dollars per person, PPP converted",2021,,12970.1,,BGR,Bulgaria,A,Normal value,2020,,0,Units,0,Zero,USD,US dollar
DATAFLOW,OECD.CFE.EDS:DSD_REG_ECO@DF_INC(2.0),Income - Regions,I,A,Annual,CTRY,Country,DNK,Denmark,_Z,Not applicable,B6N,"Disposable income, net",_T,Total - all activities,Q,Constant prices,USD_PPP_PS,"US dollars per person, PPP converted",2021,,22703.5,,DNK,Denmark,A,Normal value,2020,,0,Units,0,Zero,USD,US dollar
DATAFLOW,OECD.CFE.EDS:DSD_REG_ECO@DF_INC(2.0),Income - Regions,I,A,Annual,CTRY,Country,EST,Estonia,_Z,Not applicable,B5N,"Primary incomes, net",_T,Total - all activities,Q,Constant prices,USD_PPP_PS,"US dollars per person, PPP converted",2021,,19918.2,,EST,Estonia,A,Normal value,2020,,0,Units,0,Zero,USD,US dollar
DATAFLOW,OECD.CFE.EDS:DSD_REG_ECO@DF_INC(2.0),Income - Regions,I,A,Annual,CTRY,Country,CYP,Cyprus,_Z,Not applicable,B6N,"Disposable income, net",_T,Total - all activities,Q,Constant prices,USD_PPP_PS,"US dollars per person, PPP converted",2021,,28214.6,,CYP,Cyprus,A,Normal value,2020,,0,Units,0,Zero,USD,US dollar
DATAFLOW,OECD.CFE.EDS:DSD_REG_ECO@DF_INC(2.0),Income - Regions,I,A,Annual,CTRY,Country,AUS,Australia,_Z,Not applicable,B6N,"Disposable income, net",_T,Total - all activities,Q,Constant prices,USD_PPP_PS,"US dollars per person, PPP converted",2021,,33028.7,,AUS,Australia,A,Normal value,2020,,0,Units,0,Zero,USD,US dollar
DATAFLOW,OECD.CFE.EDS:DSD_REG_ECO@DF_INC(2.0),Income - Regions,I,A,Annual,CTRY,Country,LTU,Lithuania,_Z,Not applicable,B6N,"Disposable income, net",_T,Total - all activities,Q,Constant prices,USD_PPP_PS,"US dollars per person, PPP converted",2021,,20935.9,,LTU,Lithuania,A,Normal value,2020,,0,Units,0,Zero,USD,US dollar
DATAFLOW,OECD.CFE.EDS:DSD_REG_ECO@DF_INC(2.0),Income - Regions,I,A,Annual,CTRY,Country,USA,United States,_Z,Not applicable,B5N,"Primary incomes, net",_T,Total - all activities,Q,Constant prices,USD_PPP_PS,"US dollars per person, PPP converted",2021,,57332.6,,USA,United States,A,Normal value,2020,,0,Units,0,Zero,USD,US dollar
DATAFLOW,OECD.CFE.EDS:DSD_REG_ECO@DF_INC(2.0),Income - Regions,I,A,Annual,CTRY,Country,IRL,Ireland,_Z,Not applicable,B5N,"Primary incomes, net",_T,Total - all activities,Q,Constant prices,USD_PPP_PS,"US dollars per person, PPP converted",2021,,26565.6,,IRL,Ireland,A,Normal value,2020,,0,Units,0,Zero,USD,US dollar
DATAFLOW,OECD.CFE.EDS:DSD_REG_ECO@DF_INC(2.0),Income - Regions,I,A,Annual,CTRY,Country,MLT,Malta,_Z,Not applicable,B5N,"Primary incomes, net",_T,Total - all activities,Q,Constant prices,USD_PPP_PS,"US dollars per person, PPP converted",2021,,25952.7,,MLT,Malta,A,Normal value,2020,,0,Units,0,Zero,USD,US dollar
DATAFLOW,OECD.CFE.EDS:DSD_REG_ECO@DF_INC(2.0),Income - Regions,I,A,Annual,CTRY,Country,LUX,Luxembourg,_Z,Not applicable,B5N,"Primary incomes, net",_T,Total - all activities,Q,Constant prices,USD_PPP_PS,"US dollars per person, PPP converted",2021,,41635.8,,LUX,Luxembourg,A,Normal value,2020,,0,Units,0,Zero,USD,US dollar
DATAFLOW,OECD.CFE.EDS:DSD_REG_ECO@DF_INC(2.0),Income - Regions,I,A,Annual,CTRY,Country,LVA,Latvia,_Z,Not applicable,B5N,"Primary incomes, net",_T,Total - all activities,Q,Constant prices,USD_PPP_PS,"US dollars per person, PPP converted",2021,,16893.5,,LVA,Latvia,A,Normal value,2020,,0,Units,0,Zero,USD,US dollar
DATAFLOW,OECD.CFE.EDS:DSD_REG_ECO@DF_INC(2.0),Income - Regions,I,A,Annual,CTRY,Country,BEL,Belgium,_Z,Not applicable,B6N,"Disposable income, net",_T,Total - all activities,Q,Constant prices,USD_PPP_PS,"US dollars per person, PPP converted",2021,,26743.8,,BEL,Belgium,A,Normal value,2020,,0,Units,0,Zero,USD,US dollar
DATAFLOW,OECD.CFE.EDS:DSD_REG_ECO@DF_INC(2.0),Income - Regions,I,A,Annual,CTRY,Country,DNK,Denmark,_Z,Not applicable,B5N,"Primary incomes, net",_T,Total - all activities,Q,Constant prices,USD_PPP_PS,"US dollars per person, PPP converted",2021,,32760,,DNK,Denmark,A,Normal value,2020,,0,Units,0,Zero,USD,US dollar
DATAFLOW,OECD.CFE.EDS:DSD_REG_ECO@DF_INC(2.0),Income - Regions,I,A,Annual,CTRY,Country,HRV,Croatia,_Z,Not applicable,B6N,"Disposable income, net",_T,Total - all activities,Q,Constant prices,USD_PPP_PS,"US dollars per person, PPP converted",2021,,16747.3,,HRV,Croatia,A,Normal value,2020,,0,Units,0,Zero,USD,US dollar
DATAFLOW,OECD.CFE.EDS:DSD_REG_ECO@DF_INC(2.0),Income - Regions,I,A,Annual,CTRY,Country,MLT,Malta,_Z,Not applicable,B6N,"Disposable income, net",_T,Total - all activities,Q,Constant prices,USD_PPP_PS,"US dollars per person, PPP converted",2021,,23134.1,,MLT,Malta,A,Normal value,2020,,0,Units,0,Zero,USD,US dollar
DATAFLOW,OECD.CFE.EDS:DSD_REG_ECO@DF_INC(2.0),Income - Regions,I,A,Annual,CTRY,Country,AUT,Austria,_Z,Not applicable,B5N,"Primary incomes, net",_T,Total - all activities,Q,Constant prices,USD_PPP_PS,"US dollars per person, PPP converted",2021,,32604.4,,AUT,Austria,A,Normal value,2020,,0,Units,0,Zero,USD,US dollar
DATAFLOW,OECD.CFE.EDS:DSD_REG_ECO@DF_INC(2.0),Income - Regions,I,A,Annual,CTRY,Country,POL,Poland,_Z,Not applicable,B6N,"Disposable income, net",_T,Total - all activities,Q,Constant prices,USD_PPP_PS,"US dollars per person, PPP converted",2021,,19694.7,,POL,Poland,A,Normal value,2020,,0,Units,0,Zero,USD,US dollar
DATAFLOW,OECD.CFE.EDS:DSD_REG_ECO@DF_INC(2.0),Income - Regions,I,A,Annual,CTRY,Country,ROU,Romania,_Z,Not applicable,B5N,"Primary incomes, net",_T,Total - all activities,Q,Constant prices,USD_PPP_PS,"US dollars per person, PPP converted",2021,,15227.9,,ROU,Romania,A,Normal value,2020,,0,Units,0,Zero,USD,US dollar
DATAFLOW,OECD.CFE.EDS:DSD_REG_ECO@DF_INC(2.0),Income - Regions,I,A,Annual,CTRY,Country,POL,Poland,_Z,Not applicable,B5N,"Primary incomes, net",_T,Total - all activities,Q,Constant prices,USD_PPP_PS,"US dollars per person, PPP converted",2021,,20963.3,,POL,Poland,A,Normal value,2020,,0,Units,0,Zero,USD,US dollar
DATAFLOW,OECD.CFE.EDS:DSD_REG_ECO@DF_INC(2.0),Income - Regions,I,A,Annual,CTRY,Country,CZE,Czechia,_Z,Not applicable,B6N,"Disposable income, net",_T,Total - all activities,Q,Constant prices,USD_PPP_PS,"US dollars per person, PPP converted",2021,,19502.6,,CZE,Czechia,A,Normal value,2020,,0,Units,0,Zero,USD,US dollar
DATAFLOW,OECD.CFE.EDS:DSD_REG_ECO@DF_INC(2.0),Income - Regions,I,A,Annual,CTRY,Country,EST,Estonia,_Z,Not applicable,B6N,"Disposable income, net",_T,Total - all activities,Q,Constant prices,USD_PPP_PS,"US dollars per person, PPP converted",2021,,17964.7,,EST,Estonia,A,Normal value,2020,,0,Units,0,Zero,USD,US dollar
DATAFLOW,OECD.CFE.EDS:DSD_REG_ECO@DF_INC(2.0),Income - Regions,I,A,Annual,CTRY,Country,ROU,Romania,_Z,Not applicable,B6N,"Disposable income, net",_T,Total - all activities,Q,Constant prices,USD_PPP_PS,"US dollars per person, PPP converted",2021,,14857.1,,ROU,Romania,A,Normal value,2020,,0,Units,0,Zero,USD,US dollar
DATAFLOW,OECD.CFE.EDS:DSD_REG_ECO@DF_INC(2.0),Income - Regions,I,A,Annual,CTRY,Country,BEL,Belgium,_Z,Not applicable,B5N,"Primary incomes, net",_T,Total - all activities,Q,Constant prices,USD_PPP_PS,"US dollars per person, PPP converted",2021,,31922.4,,BEL,Belgium,A,Normal value,2020,,0,Units,0,Zero,USD,US dollar
DATAFLOW,OECD.CFE.EDS:DSD_REG_ECO@DF_INC(2.0),Income - Regions,I,A,Annual,CTRY,Country,SVN,Slovenia,_Z,Not applicable,B6N,"Disposable income, net",_T,Total - all activities,Q,Constant prices,USD_PPP_PS,"US dollars per person, PPP converted",2021,,21240.5,,SVN,Slovenia,A,Normal value,2020,,0,Units,0,Zero,USD,US dollar
DATAFLOW,OECD.CFE.EDS:DSD_REG_ECO@DF_INC(2.0),Income - Regions,I,A,Annual,CTRY,Country,SVN,Slovenia,_Z,Not applicable,B5N,"Primary incomes, net",_T,Total - all activities,Q,Constant prices,USD_PPP_PS,"US dollars per person, PPP converted",2021,,23758.9,,SVN,Slovenia,A,Normal value,2020,,0,Units,0,Zero,USD,US dollar
DATAFLOW,OECD.CFE.EDS:DSD_REG_ECO@DF_INC(2.0),Income - Regions,I,A,Annual,CTRY,Country,CYP,Cyprus,_Z,Not applicable,B5N,"Primary incomes, net",_T,Total - all activities,Q,Constant prices,USD_PPP_PS,"US dollars per person, PPP converted",2021,,28079.4,,CYP,Cyprus,A,Normal value,2020,,0,Units,0,Zero,USD,US dollar
DATAFLOW,OECD.CFE.EDS:DSD_REG_ECO@DF_INC(2.0),Income - Regions,I,A,Annual,CTRY,Country,FRA,France,_Z,Not applicable,B6N,"Disposable income, net",_T,Total - all activities,Q,Constant prices,USD_PPP_PS,"US dollars per person, PPP converted",2021,,25596.9,,FRA,France,A,Normal value,2020,,0,Units,0,Zero,USD,US dollar
DATAFLOW,OECD.CFE.EDS:DSD_REG_ECO@DF_INC(2.0),Income - Regions,I,A,Annual,CTRY,Country,PRT,Portugal,_Z,Not applicable,B5N,"Primary incomes, net",_T,Total - all activities,Q,Constant prices,USD_PPP_PS,"US dollars per person, PPP converted",2021,,21050.4,,PRT,Portugal,A,Normal value,2020,,0,Units,0,Zero,USD,US dollar
DATAFLOW,OECD.CFE.EDS:DSD_REG_ECO@DF_INC(2.0),Income - Regions,I,A,Annual,CTRY,Country,SVK,Slovak Republic,_Z,Not applicable,B5N,"Primary incomes, net",_T,Total - all activities,Q,Constant prices,USD_PPP_PS,"US dollars per person, PPP converted",2021,,17482.3,,SVK,Slovak Republic,A,Normal value,2020,,0,Units,0,Zero,USD,US dollar
DATAFLOW,OECD.CFE.EDS:DSD_REG_ECO@DF_INC(2.0),Income - Regions,I,A,Annual,CTRY,Country,ESP,Spain,_Z,Not applicable,B5N,"Primary incomes, net",_T,Total - all activities,Q,Constant prices,USD_PPP_PS,"US dollars per person, PPP converted",2021,,17426.5,,ESP,Spain,A,Normal value,2020,,0,Units,0,Zero,USD,US dollar
DATAFLOW,OECD.CFE.EDS:DSD_REG_ECO@DF_INC(2.0),Income - Regions,I,A,Annual,CTRY,Country,NZL,New Zealand,_Z,Not applicable,B6N,"Disposable income, net",_T,Total - all activities,Q,Constant prices,USD_PPP_PS,"US dollars per person, PPP converted",2021,,22725.4,,NZL,New Zealand,A,Normal value,2020,,0,Units,0,Zero,USD,US dollar
DATAFLOW,OECD.CFE.EDS:DSD_REG_ECO@DF_INC(2.0),Income - Regions,I,A,Annual,CTRY,Country,LTU,Lithuania,_Z,Not applicable,B5N,"Primary incomes, net",_T,Total - all activities,Q,Constant prices,USD_PPP_PS,"US dollars per person, PPP converted",2021,,22710,,LTU,Lithuania,A,Normal value,2020,,0,Units,0,Zero,USD,US dollar
DATAFLOW,OECD.CFE.EDS:DSD_REG_ECO@DF_INC(2.0),Income - Regions,I,A,Annual,CTRY,Country,USA,United States,_Z,Not applicable,B6N,"Disposable income, net",_T,Total - all activities,Q,Constant prices,USD_PPP_PS,"US dollars per person, PPP converted",2021,,50170.5,,USA,United States,A,Normal value,2020,,0,Units,0,Zero,USD,US dollar
DATAFLOW,OECD.CFE.EDS:DSD_REG_ECO@DF_INC(2.0),Income - Regions,I,A,Annual,CTRY,Country,BGR,Bulgaria,_Z,Not applicable,B6N,"Disposable income, net",_T,Total - all activities,Q,Constant prices,USD_PPP_PS,"US dollars per person, PPP converted",2021,,12630.3,,BGR,Bulgaria,A,Normal value,2020,,0,Units,0,Zero,USD,US dollar
DATAFLOW,OECD.CFE.EDS:DSD_REG_ECO@DF_INC(2.0),Income - Regions,I,A,Annual,CTRY,Country,PRT,Portugal,_Z,Not applicable,B6N,"Disposable income, net",_T,Total - all activities,Q,Constant prices,USD_PPP_PS,"US dollars per person, PPP converted",2021,,21071.3,,PRT,Portugal,A,Normal value,2020,,0,Units,0,Zero,USD,US dollar
DATAFLOW,OECD.CFE.EDS:DSD_REG_ECO@DF_INC(2.0),Income - Regions,I,A,Annual,CTRY,Country,LVA,Latvia,_Z,Not applicable,B6N,"Disposable income, net",_T,Total - all activities,Q,Constant prices,USD_PPP_PS,"US dollars per person, PPP converted",2021,,15949.2,,LVA,Latvia,A,Normal value,2020,,0,Units,0,Zero,USD,US dollar
DATAFLOW,OECD.CFE.EDS:DSD_REG_ECO@DF_INC(2.0),Income - Regions,I,A,Annual,CTRY,Country,NLD,Netherlands,_Z,Not applicable,B6N,"Disposable income, net",_T,Total - all activities,Q,Constant prices,USD_PPP_PS,"US dollars per person, PPP converted",2021,,25295.3,,NLD,Netherlands,A,Normal value,2020,,0,Units,0,Zero,USD,US dollar
DATAFLOW,OECD.CFE.EDS:DSD_REG_ECO@DF_INC(2.0),Income - Regions,I,A,Annual,CTRY,Country,NZL,New Zealand,_Z,Not applicable,B5N,"Primary incomes, net",_T,Total - all activities,Q,Constant prices,USD_PPP_PS,"US dollars per person, PPP converted",2021,,20332.7,,NZL,New Zealand,A,Normal value,2020,,0,Units,0,Zero,USD,US dollar
DATAFLOW,OECD.CFE.EDS:DSD_REG_ECO@DF_INC(2.0),Income - Regions,I,A,Annual,CTRY,Country,LUX,Luxembourg,_Z,Not applicable,B6N,"Disposable income, net",_T,Total - all activities,Q,Constant prices,USD_PPP_PS,"US dollars per person, PPP converted",2021,,34988.4,,LUX,Luxembourg,A,Normal value,2020,,0,Units,0,Zero,USD,US dollar
DATAFLOW,OECD.CFE.EDS:DSD_REG_ECO@DF_INC(2.0),Income - Regions,I,A,Annual,CTRY,Country,AUS,Australia,_Z,Not applicable,B5N,"Primary incomes, net",_T,Total - all activities,Q,Constant prices,USD_PPP_PS,"US dollars per person, PPP converted",2021,,42658.8,,AUS,Australia,A,Normal value,2020,,0,Units,0,Zero,USD,US dollar
DATAFLOW,OECD.CFE.EDS:DSD_REG_ECO@DF_INC(2.0),Income - Regions,I,A,Annual,CTRY,Country,AUT,Austria,_Z,Not applicable,B6N,"Disposable income, net",_T,Total - all activities,Q,Constant prices,USD_PPP_PS,"US dollars per person, PPP converted",2021,,27955.7,,AUT,Austria,A,Normal value,2020,,0,Units,0,Zero,USD,US dollar
DATAFLOW,OECD.CFE.EDS:DSD_REG_ECO@DF_INC(2.0),Income - Regions,I,A,Annual,CTRY,Country,GRC,Greece,_Z,Not applicable,B6N,"Disposable income, net",_T,Total - all activities,Q,Constant prices,USD_PPP_PS,"US dollars per person, PPP converted",2021,,18654.7,,GRC,Greece,A,Normal value,2020,,0,Units,0,Zero,USD,US dollar
DATAFLOW,OECD.CFE.EDS:DSD_REG_ECO@DF_INC(2.0),Income - Regions,I,A,Annual,CTRY,Country,IRL,Ireland,_Z,Not applicable,B6N,"Disposable income, net",_T,Total - all activities,Q,Constant prices,USD_PPP_PS,"US dollars per person, PPP converted",2021,,22298.3,,IRL,Ireland,A,Normal value,2020,,0,Units,0,Zero,USD,US dollar
DATAFLOW,OECD.CFE.EDS:DSD_REG_ECO@DF_INC(2.0),Income - Regions,I,A,Annual,CTRY,Country,SWE,Sweden,_Z,Not applicable,B6N,"Disposable income, net",_T,Total - all activities,Q,Constant prices,USD_PPP_PS,"US dollars per person, PPP converted",2021,,24126.9,,SWE,Sweden,A,Normal value,2020,,0,Units,0,Zero,USD,US dollar
DATAFLOW,OECD.CFE.EDS:DSD_REG_ECO@DF_INC(2.0),Income - Regions,I,A,Annual,CTRY,Country,ESP,Spain,_Z,Not applicable,B6N,"Disposable income, net",_T,Total - all activities,Q,Constant prices,USD_PPP_PS,"US dollars per person, PPP converted",2021,,22053,,ESP,Spain,A,Normal value,2020,,0,Units,0,Zero,USD,US dollar
DATAFLOW,OECD.CFE.EDS:DSD_REG_ECO@DF_INC(2.0),Income - Regions,I,A,Annual,CTRY,Country,SWE,Sweden,_Z,Not applicable,B5N,"Primary incomes, net",_T,Total - all activities,Q,Constant prices,USD_PPP_PS,"US dollars per person, PPP converted",2021,,29222.5,,SWE,Sweden,A,Normal value,2020,,0,Units,0,Zero,USD,US dollar
DATAFLOW,OECD.CFE.EDS:DSD_REG_ECO@DF_INC(2.0),Income - Regions,I,A,Annual,CTRY,Country,GRC,Greece,_Z,Not applicable,B5N,"Primary incomes, net",_T,Total - all activities,Q,Constant prices,USD_PPP_PS,"US dollars per person, PPP converted",2021,,19497.8,,GRC,Greece,A,Normal value,2020,,0,Units,0,Zero,USD,US dollar
DATAFLOW,OECD.CFE.EDS:DSD_REG_ECO@DF_INC(2.0),Income - Regions,I,A,Annual,CTRY,Country,NLD,Netherlands,_Z,Not applicable,B5N,"Primary incomes, net",_T,Total - all activities,Q,Constant prices,USD_PPP_PS,"US dollars per person, PPP converted",2021,,33671.5,,NLD,Netherlands,A,Normal value,2020,,0,Units,0,Zero,USD,US dollar
DATAFLOW,OECD.CFE.EDS:DSD_REG_ECO@DF_INC(2.0),Income - Regions,I,A,Annual,CTRY,Country,SVK,Slovak Republic,_Z,Not applicable,B6N,"Disposable income, net",_T,Total - all activities,Q,Constant prices,USD_PPP_PS,"US dollars per person, PPP converted",2021,,16395.1,,SVK,Slovak Republic,A,Normal value,2020,,0,Units,0,Zero,USD,US dollar
DATAFLOW,OECD.CFE.EDS:DSD_REG_ECO@DF_INC(2.0),Income - Regions,I,A,Annual,CTRY,Country,CZE,Czechia,_Z,Not applicable,B5N,"Primary incomes, net",_T,Total - all activities,Q,Constant prices,USD_PPP_PS,"US dollars per person, PPP converted",2021,,22242.4,,CZE,Czechia,A,Normal value,2020,,0,Units,0,Zero,USD,US dollar
DATAFLOW,OECD.CFE.EDS:DSD_REG_ECO@DF_INC(2.0),Income - Regions,I,A,Annual,CTRY,Country,NOR,Norway,_Z,Not applicable,B6N,"Disposable income, net",_T,Total - all activities,Q,Constant prices,USD_PPP_PS,"US dollars per person, PPP converted",2022,,25193.7,,NOR,Norway,A,Normal value,2020,,0,Units,0,Zero,USD,US dollar
DATAFLOW,OECD.CFE.EDS:DSD_REG_ECO@DF_INC(2.0),Income - Regions,I,A,Annual,CTRY,Country,SVK,Slovak Republic,_Z,Not applicable,B6N,"Disposable income, net",_T,Total - all activities,Q,Constant prices,USD_PPP_PS,"US dollars per person, PPP converted",2022,,15924.4,,SVK,Slovak Republic,A,Normal value,2020,,0,Units,0,Zero,USD,US dollar
DATAFLOW,OECD.CFE.EDS:DSD_REG_ECO@DF_INC(2.0),Income - Regions,I,A,Annual,CTRY,Country,GRC,Greece,_Z,Not applicable,B5N,"Primary incomes, net",_T,Total - all activities,Q,Constant prices,USD_PPP_PS,"US dollars per person, PPP converted",2022,,19725.9,,GRC,Greece,A,Normal value,2020,,0,Units,0,Zero,USD,US dollar
DATAFLOW,OECD.CFE.EDS:DSD_REG_ECO@DF_INC(2.0),Income - Regions,I,A,Annual,CTRY,Country,SWE,Sweden,_Z,Not applicable,B5N,"Primary incomes, net",_T,Total - all activities,Q,Constant prices,USD_PPP_PS,"US dollars per person, PPP converted",2022,,28642.2,,SWE,Sweden,A,Normal value,2020,,0,Units,0,Zero,USD,US dollar
DATAFLOW,OECD.CFE.EDS:DSD_REG_ECO@DF_INC(2.0),Income - Regions,I,A,Annual,CTRY,Country,SWE,Sweden,_Z,Not applicable,B6N,"Disposable income, net",_T,Total - all activities,Q,Constant prices,USD_PPP_PS,"US dollars per person, PPP converted",2022,,23971.9,,SWE,Sweden,A,Normal value,2020,,0,Units,0,Zero,USD,US dollar
DATAFLOW,OECD.CFE.EDS:DSD_REG_ECO@DF_INC(2.0),Income - Regions,I,A,Annual,CTRY,Country,IRL,Ireland,_Z,Not applicable,B6N,"Disposable income, net",_T,Total - all activities,Q,Constant prices,USD_PPP_PS,"US dollars per person, PPP converted",2022,,22052.7,,IRL,Ireland,A,Normal value,2020,,0,Units,0,Zero,USD,US dollar
DATAFLOW,OECD.CFE.EDS:DSD_REG_ECO@DF_INC(2.0),Income - Regions,I,A,Annual,CTRY,Country,GRC,Greece,_Z,Not applicable,B6N,"Disposable income, net",_T,Total - all activities,Q,Constant prices,USD_PPP_PS,"US dollars per person, PPP converted",2022,,18771.3,,GRC,Greece,A,Normal value,2020,,0,Units,0,Zero,USD,US dollar
DATAFLOW,OECD.CFE.EDS:DSD_REG_ECO@DF_INC(2.0),Income - Regions,I,A,Annual,CTRY,Country,AUT,Austria,_Z,Not applicable,B6N,"Disposable income, net",_T,Total - all activities,Q,Constant prices,USD_PPP_PS,"US dollars per person, PPP converted",2022,,28241.9,,AUT,Austria,A,Normal value,2020,,0,Units,0,Zero,USD,US dollar
DATAFLOW,OECD.CFE.EDS:DSD_REG_ECO@DF_INC(2.0),Income - Regions,I,A,Annual,CTRY,Country,LUX,Luxembourg,_Z,Not applicable,B6N,"Disposable income, net",_T,Total - all activities,Q,Constant prices,USD_PPP_PS,"US dollars per person, PPP converted",2022,,34491.7,,LUX,Luxembourg,A,Normal value,2020,,0,Units,0,Zero,USD,US dollar
DATAFLOW,OECD.CFE.EDS:DSD_REG_ECO@DF_INC(2.0),Income - Regions,I,A,Annual,CTRY,Country,CZE,Czechia,_Z,Not applicable,B5N,"Primary incomes, net",_T,Total - all activities,Q,Constant prices,USD_PPP_PS,"US dollars per person, PPP converted",2022,,20931.2,,CZE,Czechia,A,Normal value,2020,,0,Units,0,Zero,USD,US dollar
DATAFLOW,OECD.CFE.EDS:DSD_REG_ECO@DF_INC(2.0),Income - Regions,I,A,Annual,CTRY,Country,BGR,Bulgaria,_Z,Not applicable,B6N,"Disposable income, net",_T,Total - all activities,Q,Constant prices,USD_PPP_PS,"US dollars per person, PPP converted",2022,,13108.2,,BGR,Bulgaria,A,Normal value,2020,,0,Units,0,Zero,USD,US dollar
DATAFLOW,OECD.CFE.EDS:DSD_REG_ECO@DF_INC(2.0),Income - Regions,I,A,Annual,CTRY,Country,USA,United States,_Z,Not applicable,B6N,"Disposable income, net",_T,Total - all activities,Q,Constant prices,USD_PPP_PS,"US dollars per person, PPP converted",2022,,47057.1,,USA,United States,A,Normal value,2020,,0,Units,0,Zero,USD,US dollar
DATAFLOW,OECD.CFE.EDS:DSD_REG_ECO@DF_INC(2.0),Income - Regions,I,A,Annual,CTRY,Country,LVA,Latvia,_Z,Not applicable,B6N,"Disposable income, net",_T,Total - all activities,Q,Constant prices,USD_PPP_PS,"US dollars per person, PPP converted",2022,,15517,,LVA,Latvia,A,Normal value,2020,,0,Units,0,Zero,USD,US dollar
DATAFLOW,OECD.CFE.EDS:DSD_REG_ECO@DF_INC(2.0),Income - Regions,I,A,Annual,CTRY,Country,LTU,Lithuania,_Z,Not applicable,B5N,"Primary incomes, net",_T,Total - all activities,Q,Constant prices,USD_PPP_PS,"US dollars per person, PPP converted",2022,,21898.3,,LTU,Lithuania,A,Normal value,2020,,0,Units,0,Zero,USD,US dollar
DATAFLOW,OECD.CFE.EDS:DSD_REG_ECO@DF_INC(2.0),Income - Regions,I,A,Annual,CTRY,Country,CZE,Czechia,_Z,Not applicable,B6N,"Disposable income, net",_T,Total - all activities,Q,Constant prices,USD_PPP_PS,"US dollars per person, PPP converted",2022,,18777.8,,CZE,Czechia,A,Normal value,2020,,0,Units,0,Zero,USD,US dollar
DATAFLOW,OECD.CFE.EDS:DSD_REG_ECO@DF_INC(2.0),Income - Regions,I,A,Annual,CTRY,Country,ESP,Spain,_Z,Not applicable,B5N,"Primary incomes, net",_T,Total - all activities,Q,Constant prices,USD_PPP_PS,"US dollars per person, PPP converted",2022,,17596,,ESP,Spain,A,Normal value,2020,,0,Units,0,Zero,USD,US dollar
DATAFLOW,OECD.CFE.EDS:DSD_REG_ECO@DF_INC(2.0),Income - Regions,I,A,Annual,CTRY,Country,SVK,Slovak Republic,_Z,Not applicable,B5N,"Primary incomes, net",_T,Total - all activities,Q,Constant prices,USD_PPP_PS,"US dollars per person, PPP converted",2022,,17148.5,,SVK,Slovak Republic,A,Normal value,2020,,0,Units,0,Zero,USD,US dollar
DATAFLOW,OECD.CFE.EDS:DSD_REG_ECO@DF_INC(2.0),Income - Regions,I,A,Annual,CTRY,Country,PRT,Portugal,_Z,Not applicable,B5N,"Primary incomes, net",_T,Total - all activities,Q,Constant prices,USD_PPP_PS,"US dollars per person, PPP converted",2022,,21351.2,,PRT,Portugal,A,Normal value,2020,,0,Units,0,Zero,USD,US dollar
DATAFLOW,OECD.CFE.EDS:DSD_REG_ECO@DF_INC(2.0),Income - Regions,I,A,Annual,CTRY,Country,ITA,Italy,_Z,Not applicable,B6N,"Disposable income, net",_T,Total - all activities,Q,Constant prices,USD_PPP_PS,"US dollars per person, PPP converted",2022,,25082.6,,ITA,Italy,A,Normal value,2020,,0,Units,0,Zero,USD,US dollar
DATAFLOW,OECD.CFE.EDS:DSD_REG_ECO@DF_INC(2.0),Income - Regions,I,A,Annual,CTRY,Country,NOR,Norway,_Z,Not applicable,B5N,"Primary incomes, net",_T,Total - all activities,Q,Constant prices,USD_PPP_PS,"US dollars per person, PPP converted",2022,,32633.1,,NOR,Norway,A,Normal value,2020,,0,Units,0,Zero,USD,US dollar
DATAFLOW,OECD.CFE.EDS:DSD_REG_ECO@DF_INC(2.0),Income - Regions,I,A,Annual,CTRY,Country,CYP,Cyprus,_Z,Not applicable,B5N,"Primary incomes, net",_T,Total - all activities,Q,Constant prices,USD_PPP_PS,"US dollars per person, PPP converted",2022,,29108.6,,CYP,Cyprus,A,Normal value,2020,,0,Units,0,Zero,USD,US dollar
DATAFLOW,OECD.CFE.EDS:DSD_REG_ECO@DF_INC(2.0),Income - Regions,I,A,Annual,CTRY,Country,ITA,Italy,_Z,Not applicable,B5N,"Primary incomes, net",_T,Total - all activities,Q,Constant prices,USD_PPP_PS,"US dollars per person, PPP converted",2022,,27335.9,,ITA,Italy,A,Normal value,2020,,0,Units,0,Zero,USD,US dollar
DATAFLOW,OECD.CFE.EDS:DSD_REG_ECO@DF_INC(2.0),Income - Regions,I,A,Annual,CTRY,Country,SVN,Slovenia,_Z,Not applicable,B6N,"Disposable income, net",_T,Total - all activities,Q,Constant prices,USD_PPP_PS,"US dollars per person, PPP converted",2022,,21239.5,,SVN,Slovenia,A,Normal value,2020,,0,Units,0,Zero,USD,US dollar
DATAFLOW,OECD.CFE.EDS:DSD_REG_ECO@DF_INC(2.0),Income - Regions,I,A,Annual,CTRY,Country,ROU,Romania,_Z,Not applicable,B6N,"Disposable income, net",_T,Total - all activities,Q,Constant prices,USD_PPP_PS,"US dollars per person, PPP converted",2022,,14834.3,,ROU,Romania,A,Normal value,2020,,0,Units,0,Zero,USD,US dollar
DATAFLOW,OECD.CFE.EDS:DSD_REG_ECO@DF_INC(2.0),Income - Regions,I,A,Annual,CTRY,Country,PRT,Portugal,_Z,Not applicable,B6N,"Disposable income, net",_T,Total - all activities,Q,Constant prices,USD_PPP_PS,"US dollars per person, PPP converted",2022,,21200,,PRT,Portugal,A,Normal value,2020,,0,Units,0,Zero,USD,US dollar
DATAFLOW,OECD.CFE.EDS:DSD_REG_ECO@DF_INC(2.0),Income - Regions,I,A,Annual,CTRY,Country,EST,Estonia,_Z,Not applicable,B6N,"Disposable income, net",_T,Total - all activities,Q,Constant prices,USD_PPP_PS,"US dollars per person, PPP converted",2022,,17470.6,,EST,Estonia,A,Normal value,2020,,0,Units,0,Zero,USD,US dollar
DATAFLOW,OECD.CFE.EDS:DSD_REG_ECO@DF_INC(2.0),Income - Regions,I,A,Annual,CTRY,Country,BEL,Belgium,_Z,Not applicable,B5N,"Primary incomes, net",_T,Total - all activities,Q,Constant prices,USD_PPP_PS,"US dollars per person, PPP converted",2022,,31907.1,,BEL,Belgium,A,Normal value,2020,,0,Units,0,Zero,USD,US dollar
DATAFLOW,OECD.CFE.EDS:DSD_REG_ECO@DF_INC(2.0),Income - Regions,I,A,Annual,CTRY,Country,SVN,Slovenia,_Z,Not applicable,B5N,"Primary incomes, net",_T,Total - all activities,Q,Constant prices,USD_PPP_PS,"US dollars per person, PPP converted",2022,,23532.7,,SVN,Slovenia,A,Normal value,2020,,0,Units,0,Zero,USD,US dollar
DATAFLOW,OECD.CFE.EDS:DSD_REG_ECO@DF_INC(2.0),Income - Regions,I,A,Annual,CTRY,Country,POL,Poland,_Z,Not applicable,B5N,"Primary incomes, net",_T,Total - all activities,Q,Constant prices,USD_PPP_PS,"US dollars per person, PPP converted",2022,,20647.5,,POL,Poland,A,Normal value,2020,,0,Units,0,Zero,USD,US dollar
DATAFLOW,OECD.CFE.EDS:DSD_REG_ECO@DF_INC(2.0),Income - Regions,I,A,Annual,CTRY,Country,ROU,Romania,_Z,Not applicable,B5N,"Primary incomes, net",_T,Total - all activities,Q,Constant prices,USD_PPP_PS,"US dollars per person, PPP converted",2022,,15202.3,,ROU,Romania,A,Normal value,2020,,0,Units,0,Zero,USD,US dollar
DATAFLOW,OECD.CFE.EDS:DSD_REG_ECO@DF_INC(2.0),Income - Regions,I,A,Annual,CTRY,Country,POL,Poland,_Z,Not applicable,B6N,"Disposable income, net",_T,Total - all activities,Q,Constant prices,USD_PPP_PS,"US dollars per person, PPP converted",2022,,19422.8,,POL,Poland,A,Normal value,2020,,0,Units,0,Zero,USD,US dollar
DATAFLOW,OECD.CFE.EDS:DSD_REG_ECO@DF_INC(2.0),Income - Regions,I,A,Annual,CTRY,Country,AUT,Austria,_Z,Not applicable,B5N,"Primary incomes, net",_T,Total - all activities,Q,Constant prices,USD_PPP_PS,"US dollars per person, PPP converted",2022,,32636,,AUT,Austria,A,Normal value,2020,,0,Units,0,Zero,USD,US dollar
DATAFLOW,OECD.CFE.EDS:DSD_REG_ECO@DF_INC(2.0),Income - Regions,I,A,Annual,CTRY,Country,MLT,Malta,_Z,Not applicable,B6N,"Disposable income, net",_T,Total - all activities,Q,Constant prices,USD_PPP_PS,"US dollars per person, PPP converted",2022,,22807.3,,MLT,Malta,A,Normal value,2020,,0,Units,0,Zero,USD,US dollar
DATAFLOW,OECD.CFE.EDS:DSD_REG_ECO@DF_INC(2.0),Income - Regions,I,A,Annual,CTRY,Country,HRV,Croatia,_Z,Not applicable,B6N,"Disposable income, net",_T,Total - all activities,Q,Constant prices,USD_PPP_PS,"US dollars per person, PPP converted",2022,,16850,,HRV,Croatia,A,Normal value,2020,,0,Units,0,Zero,USD,US dollar
DATAFLOW,OECD.CFE.EDS:DSD_REG_ECO@DF_INC(2.0),Income - Regions,I,A,Annual,CTRY,Country,DNK,Denmark,_Z,Not applicable,B5N,"Primary incomes, net",_T,Total - all activities,Q,Constant prices,USD_PPP_PS,"US dollars per person, PPP converted",2022,,31816.6,,DNK,Denmark,A,Normal value,2020,,0,Units,0,Zero,USD,US dollar
DATAFLOW,OECD.CFE.EDS:DSD_REG_ECO@DF_INC(2.0),Income - Regions,I,A,Annual,CTRY,Country,BEL,Belgium,_Z,Not applicable,B6N,"Disposable income, net",_T,Total - all activities,Q,Constant prices,USD_PPP_PS,"US dollars per person, PPP converted",2022,,26293.2,,BEL,Belgium,A,Normal value,2020,,0,Units,0,Zero,USD,US dollar
DATAFLOW,OECD.CFE.EDS:DSD_REG_ECO@DF_INC(2.0),Income - Regions,I,A,Annual,CTRY,Country,LVA,Latvia,_Z,Not applicable,B5N,"Primary incomes, net",_T,Total - all activities,Q,Constant prices,USD_PPP_PS,"US dollars per person, PPP converted",2022,,16695.9,,LVA,Latvia,A,Normal value,2020,,0,Units,0,Zero,USD,US dollar
DATAFLOW,OECD.CFE.EDS:DSD_REG_ECO@DF_INC(2.0),Income - Regions,I,A,Annual,CTRY,Country,LUX,Luxembourg,_Z,Not applicable,B5N,"Primary incomes, net",_T,Total - all activities,Q,Constant prices,USD_PPP_PS,"US dollars per person, PPP converted",2022,,41301.6,,LUX,Luxembourg,A,Normal value,2020,,0,Units,0,Zero,USD,US dollar
DATAFLOW,OECD.CFE.EDS:DSD_REG_ECO@DF_INC(2.0),Income - Regions,I,A,Annual,CTRY,Country,CYP,Cyprus,_Z,Not applicable,B6N,"Disposable income, net",_T,Total - all activities,Q,Constant prices,USD_PPP_PS,"US dollars per person, PPP converted",2022,,29127.6,,CYP,Cyprus,A,Normal value,2020,,0,Units,0,Zero,USD,US dollar
DATAFLOW,OECD.CFE.EDS:DSD_REG_ECO@DF_INC(2.0),Income - Regions,I,A,Annual,CTRY,Country,MLT,Malta,_Z,Not applicable,B5N,"Primary incomes, net",_T,Total - all activities,Q,Constant prices,USD_PPP_PS,"US dollars per person, PPP converted",2022,,25858.3,,MLT,Malta,A,Normal value,2020,,0,Units,0,Zero,USD,US dollar
DATAFLOW,OECD.CFE.EDS:DSD_REG_ECO@DF_INC(2.0),Income - Regions,I,A,Annual,CTRY,Country,EST,Estonia,_Z,Not applicable,B5N,"Primary incomes, net",_T,Total - all activities,Q,Constant prices,USD_PPP_PS,"US dollars per person, PPP converted",2022,,19387.5,,EST,Estonia,A,Normal value,2020,,0,Units,0,Zero,USD,US dollar
DATAFLOW,OECD.CFE.EDS:DSD_REG_ECO@DF_INC(2.0),Income - Regions,I,A,Annual,CTRY,Country,DNK,Denmark,_Z,Not applicable,B6N,"Disposable income, net",_T,Total - all activities,Q,Constant prices,USD_PPP_PS,"US dollars per person, PPP converted",2022,,22755.7,,DNK,Denmark,A,Normal value,2020,,0,Units,0,Zero,USD,US dollar
DATAFLOW,OECD.CFE.EDS:DSD_REG_ECO@DF_INC(2.0),Income - Regions,I,A,Annual,CTRY,Country,IRL,Ireland,_Z,Not applicable,B5N,"Primary incomes, net",_T,Total - all activities,Q,Constant prices,USD_PPP_PS,"US dollars per person, PPP converted",2022,,27038.4,,IRL,Ireland,A,Normal value,2020,,0,Units,0,Zero,USD,US dollar
DATAFLOW,OECD.CFE.EDS:DSD_REG_ECO@DF_INC(2.0),Income - Regions,I,A,Annual,CTRY,Country,USA,United States,_Z,Not applicable,B5N,"Primary incomes, net",_T,Total - all activities,Q,Constant prices,USD_PPP_PS,"US dollars per person, PPP converted",2022,,54914.4,,USA,United States,A,Normal value,2020,,0,Units,0,Zero,USD,US dollar
DATAFLOW,OECD.CFE.EDS:DSD_REG_ECO@DF_INC(2.0),Income - Regions,I,A,Annual,CTRY,Country,LTU,Lithuania,_Z,Not applicable,B6N,"Disposable income, net",_T,Total - all activities,Q,Constant prices,USD_PPP_PS,"US dollars per person, PPP converted",2022,,19857.7,,LTU,Lithuania,A,Normal value,2020,,0,Units,0,Zero,USD,US dollar
DATAFLOW,OECD.CFE.EDS:DSD_REG_ECO@DF_INC(2.0),Income - Regions,I,A,Annual,CTRY,Country,BGR,Bulgaria,_Z,Not applicable,B5N,"Primary incomes, net",_T,Total - all activities,Q,Constant prices,USD_PPP_PS,"US dollars per person, PPP converted",2022,,13061,,BGR,Bulgaria,A,Normal value,2020,,0,Units,0,Zero,USD,US dollar
DATAFLOW,OECD.CFE.EDS:DSD_REG_ECO@DF_INC(2.0),Income - Regions,I,A,Annual,CTRY,Country,HUN,Hungary,_Z,Not applicable,B5N,"Primary incomes, net",_T,Total - all activities,Q,Constant prices,USD_PPP_PS,"US dollars per person, PPP converted",2022,,17746.7,,HUN,Hungary,A,Normal value,2020,,0,Units,0,Zero,USD,US dollar
DATAFLOW,OECD.CFE.EDS:DSD_REG_ECO@DF_INC(2.0),Income - Regions,I,A,Annual,CTRY,Country,HRV,Croatia,_Z,Not applicable,B5N,"Primary incomes, net",_T,Total - all activities,Q,Constant prices,USD_PPP_PS,"US dollars per person, PPP converted",2022,,17469.9,,HRV,Croatia,A,Normal value,2020,,0,Units,0,Zero,USD,US dollar
DATAFLOW,OECD.CFE.EDS:DSD_REG_ECO@DF_INC(2.0),Income - Regions,I,A,Annual,CTRY,Country,HUN,Hungary,_Z,Not applicable,B6N,"Disposable income, net",_T,Total - all activities,Q,Constant prices,USD_PPP_PS,"US dollars per person, PPP converted",2022,,15999.2,,HUN,Hungary,A,Normal value,2020,,0,Units,0,Zero,USD,US dollar
DATAFLOW,OECD.CFE.EDS:DSD_REG_ECO@DF_INC(2.0),Income - Regions,I,A,Annual,CTRY,Country,DEU,Germany,_Z,Not applicable,B5N,"Primary incomes, net",_T,Total - all activities,Q,Constant prices,USD_PPP_PS,"US dollars per person, PPP converted",2019,,36975.3,,DEU,Germany,A,Normal value,2020,,0,Units,0,Zero,USD,US dollar
DATAFLOW,OECD.CFE.EDS:DSD_REG_ECO@DF_INC(2.0),Income - Regions,I,A,Annual,CTRY,Country,DEU,Germany,_Z,Not applicable,B6N,"Disposable income, net",_T,Total - all activities,Q,Constant prices,USD_PPP_PS,"US dollars per person, PPP converted",2019,,29957.1,,DEU,Germany,A,Normal value,2020,,0,Units,0,Zero,USD,US dollar
DATAFLOW,OECD.CFE.EDS:DSD_REG_ECO@DF_INC(2.0),Income - Regions,I,A,Annual,CTRY,Country,DEU,Germany,_Z,Not applicable,B6N,"Disposable income, net",_T,Total - all activities,Q,Constant prices,USD_PPP_PS,"US dollars per person, PPP converted",2020,,30203.4,,DEU,Germany,A,Normal value,2020,,0,Units,0,Zero,USD,US dollar
DATAFLOW,OECD.CFE.EDS:DSD_REG_ECO@DF_INC(2.0),Income - Regions,I,A,Annual,CTRY,Country,DEU,Germany,_Z,Not applicable,B5N,"Primary incomes, net",_T,Total - all activities,Q,Constant prices,USD_PPP_PS,"US dollars per person, PPP converted",2020,,36294.3,,DEU,Germany,A,Normal value,2020,,0,Units,0,Zero,USD,US dollar
DATAFLOW,OECD.CFE.EDS:DSD_REG_ECO@DF_INC(2.0),Income - Regions,I,A,Annual,CTRY,Country,DEU,Germany,_Z,Not applicable,B5N,"Primary incomes, net",_T,Total - all activities,Q,Constant prices,USD_PPP_PS,"US dollars per person, PPP converted",2021,,36469.4,,DEU,Germany,A,Normal value,2020,,0,Units,0,Zero,USD,US dollar
DATAFLOW,OECD.CFE.EDS:DSD_REG_ECO@DF_INC(2.0),Income - Regions,I,A,Annual,CTRY,Country,DEU,Germany,_Z,Not applicable,B6N,"Disposable income, net",_T,Total - all activities,Q,Constant prices,USD_PPP_PS,"US dollars per person, PPP converted",2021,,30036.1,,DEU,Germany,A,Normal value,2020,,0,Units,0,Zero,USD,US dollar
DATAFLOW,OECD.CFE.EDS:DSD_REG_ECO@DF_INC(2.0),Income - Regions,I,A,Annual,CTRY,Country,DEU,Germany,_Z,Not applicable,B6N,"Disposable income, net",_T,Total - all activities,Q,Constant prices,USD_PPP_PS,"US dollars per person, PPP converted",2022,,29674.4,,DEU,Germany,A,Normal value,2020,,0,Units,0,Zero,USD,US dollar
DATAFLOW,OECD.CFE.EDS:DSD_REG_ECO@DF_INC(2.0),Income - Regions,I,A,Annual,CTRY,Country,DEU,Germany,_Z,Not applicable,B5N,"Primary incomes, net",_T,Total - all activities,Q,Constant prices,USD_PPP_PS,"US dollars per person, PPP converted",2022,,36145.5,,DEU,Germany,A,Normal value,2020,,0,Units,0,Zero,USD,US dollar
DATAFLOW,OECD.CFE.EDS:DSD_REG_ECO@DF_INC(2.0),Income - Regions,I,A,Annual,CTRY,Country,BEL,Belgium,_Z,Not applicable,B6N,"Disposable income, net",_T,Total - all activities,Q,Constant prices,USD_PPP_PS,"US dollars per person, PPP converted",2009,,25108.8,,BEL,Belgium,B,Time series break,2020,,0,Units,0,Zero,USD,US dollar
DATAFLOW,OECD.CFE.EDS:DSD_REG_ECO@DF_INC(2.0),Income - Regions,I,A,Annual,CTRY,Country,BEL,Belgium,_Z,Not applicable,B6N,"Disposable income, net",_T,Total - all activities,Q,Constant prices,USD_PPP_PS,"US dollars per person, PPP converted",2010,,24676,,BEL,Belgium,P,Provisional value,2020,,0,Units,0,Zero,USD,US dollar
DATAFLOW,OECD.CFE.EDS:DSD_REG_ECO@DF_INC(2.0),Income - Regions,I,A,Annual,CTRY,Country,BEL,Belgium,_Z,Not applicable,B6N,"Disposable income, net",_T,Total - all activities,Q,Constant prices,USD_PPP_PS,"US dollars per person, PPP converted",2011,,24394,,BEL,Belgium,P,Provisional value,2020,,0,Units,0,Zero,USD,US dollar
DATAFLOW,OECD.CFE.EDS:DSD_REG_ECO@DF_INC(2.0),Income - Regions,I,A,Annual,CTRY,Country,BEL,Belgium,_Z,Not applicable,B5N,"Primary incomes, net",_T,Total - all activities,Q,Constant prices,USD_PPP_PS,"US dollars per person, PPP converted",2011,,30772.5,,BEL,Belgium,P,Provisional value,2020,,0,Units,0,Zero,USD,US dollar
DATAFLOW,OECD.CFE.EDS:DSD_REG_ECO@DF_INC(2.0),Income - Regions,I,A,Annual,CTRY,Country,IRL,Ireland,_Z,Not applicable,B6N,"Disposable income, net",_T,Total - all activities,Q,Constant prices,USD_PPP_PS,"US dollars per person, PPP converted",2012,,18853.5,,IRL,Ireland,B,Time series break,2020,,0,Units,0,Zero,USD,US dollar
DATAFLOW,OECD.CFE.EDS:DSD_REG_ECO@DF_INC(2.0),Income - Regions,I,A,Annual,CTRY,Country,BEL,Belgium,_Z,Not applicable,B5N,"Primary incomes, net",_T,Total - all activities,Q,Constant prices,USD_PPP_PS,"US dollars per person, PPP converted",2012,,30839,,BEL,Belgium,P,Provisional value,2020,,0,Units,0,Zero,USD,US dollar
DATAFLOW,OECD.CFE.EDS:DSD_REG_ECO@DF_INC(2.0),Income - Regions,I,A,Annual,CTRY,Country,IRL,Ireland,_Z,Not applicable,B5N,"Primary incomes, net",_T,Total - all activities,Q,Constant prices,USD_PPP_PS,"US dollars per person, PPP converted",2012,,20725.1,,IRL,Ireland,B,Time series break,2020,,0,Units,0,Zero,USD,US dollar
DATAFLOW,OECD.CFE.EDS:DSD_REG_ECO@DF_INC(2.0),Income - Regions,I,A,Annual,CTRY,Country,BEL,Belgium,_Z,Not applicable,B6N,"Disposable income, net",_T,Total - all activities,Q,Constant prices,USD_PPP_PS,"US dollars per person, PPP converted",2013,,24347.4,,BEL,Belgium,P,Provisional value,2020,,0,Units,0,Zero,USD,US dollar
DATAFLOW,OECD.CFE.EDS:DSD_REG_ECO@DF_INC(2.0),Income - Regions,I,A,Annual,CTRY,Country,BEL,Belgium,_Z,Not applicable,B5N,"Primary incomes, net",_T,Total - all activities,Q,Constant prices,USD_PPP_PS,"US dollars per person, PPP converted",2013,,30870.8,,BEL,Belgium,P,Provisional value,2020,,0,Units,0,Zero,USD,US dollar
DATAFLOW,OECD.CFE.EDS:DSD_REG_ECO@DF_INC(2.0),Income - Regions,I,A,Annual,CTRY,Country,BEL,Belgium,_Z,Not applicable,B5N,"Primary incomes, net",_T,Total - all activities,Q,Constant prices,USD_PPP_PS,"US dollars per person, PPP converted",2014,,30891.4,,BEL,Belgium,P,Provisional value,2020,,0,Units,0,Zero,USD,US dollar
DATAFLOW,OECD.CFE.EDS:DSD_REG_ECO@DF_INC(2.0),Income - Regions,I,A,Annual,CTRY,Country,BEL,Belgium,_Z,Not applicable,B6N,"Disposable income, net",_T,Total - all activities,Q,Constant prices,USD_PPP_PS,"US dollars per person, PPP converted",2014,,24326.9,,BEL,Belgium,P,Provisional value,2020,,0,Units,0,Zero,USD,US dollar
DATAFLOW,OECD.CFE.EDS:DSD_REG_ECO@DF_INC(2.0),Income - Regions,I,A,Annual,CTRY,Country,BEL,Belgium,_Z,Not applicable,B6N,"Disposable income, net",_T,Total - all activities,Q,Constant prices,USD_PPP_PS,"US dollars per person, PPP converted",2015,,24345.8,,BEL,Belgium,P,Provisional value,2020,,0,Units,0,Zero,USD,US dollar
DATAFLOW,OECD.CFE.EDS:DSD_REG_ECO@DF_INC(2.0),Income - Regions,I,A,Annual,CTRY,Country,BEL,Belgium,_Z,Not applicable,B5N,"Primary incomes, net",_T,Total - all activities,Q,Constant prices,USD_PPP_PS,"US dollars per person, PPP converted",2015,,30810.9,,BEL,Belgium,P,Provisional value,2020,,0,Units,0,Zero,USD,US dollar
DATAFLOW,OECD.CFE.EDS:DSD_REG_ECO@DF_INC(2.0),Income - Regions,I,A,Annual,CTRY,Country,BEL,Belgium,_Z,Not applicable,B5N,"Primary incomes, net",_T,Total - all activities,Q,Constant prices,USD_PPP_PS,"US dollars per person, PPP converted",2016,,30596.1,,BEL,Belgium,P,Provisional value,2020,,0,Units,0,Zero,USD,US dollar
DATAFLOW,OECD.CFE.EDS:DSD_REG_ECO@DF_INC(2.0),Income - Regions,I,A,Annual,CTRY,Country,BEL,Belgium,_Z,Not applicable,B6N,"Disposable income, net",_T,Total - all activities,Q,Constant prices,USD_PPP_PS,"US dollars per person, PPP converted",2016,,24577.8,,BEL,Belgium,P,Provisional value,2020,,0,Units,0,Zero,USD,US dollar
DATAFLOW,OECD.CFE.EDS:DSD_REG_ECO@DF_INC(2.0),Income - Regions,I,A,Annual,CTRY,Country,BEL,Belgium,_Z,Not applicable,B5N,"Primary incomes, net",_T,Total - all activities,Q,Constant prices,USD_PPP_PS,"US dollars per person, PPP converted",2017,,31031.7,,BEL,Belgium,P,Provisional value,2020,,0,Units,0,Zero,USD,US dollar
DATAFLOW,OECD.CFE.EDS:DSD_REG_ECO@DF_INC(2.0),Income - Regions,I,A,Annual,CTRY,Country,BEL,Belgium,_Z,Not applicable,B5N,"Primary incomes, net",_T,Total - all activities,Q,Constant prices,USD_PPP_PS,"US dollars per person, PPP converted",2018,,31190.2,,BEL,Belgium,P,Provisional value,2020,,0,Units,0,Zero,USD,US dollar
DATAFLOW,OECD.CFE.EDS:DSD_REG_ECO@DF_INC(2.0),Income - Regions,I,A,Annual,CTRY,Country,BEL,Belgium,_Z,Not applicable,B6N,"Disposable income, net",_T,Total - all activities,Q,Constant prices,USD_PPP_PS,"US dollars per person, PPP converted",2018,,25151.9,,BEL,Belgium,P,Provisional value,2020,,0,Units,0,Zero,USD,US dollar
DATAFLOW,OECD.CFE.EDS:DSD_REG_ECO@DF_INC(2.0),Income - Regions,I,A,Annual,CTRY,Country,BEL,Belgium,_Z,Not applicable,B6N,"Disposable income, net",_T,Total - all activities,Q,Constant prices,USD_PPP_PS,"US dollars per person, PPP converted",2019,,25669.8,,BEL,Belgium,P,Provisional value,2020,,0,Units,0,Zero,USD,US dollar
DATAFLOW,OECD.CFE.EDS:DSD_REG_ECO@DF_INC(2.0),Income - Regions,I,A,Annual,CTRY,Country,BEL,Belgium,_Z,Not applicable,B5N,"Primary incomes, net",_T,Total - all activities,Q,Constant prices,USD_PPP_PS,"US dollars per person, PPP converted",2019,,31537.9,,BEL,Belgium,P,Provisional value,2020,,0,Units,0,Zero,USD,US dollar
DATAFLOW,OECD.CFE.EDS:DSD_REG_ECO@DF_INC(2.0),Income - Regions,I,A,Annual,CTRY,Country,BEL,Belgium,_Z,Not applicable,B5N,"Primary incomes, net",_T,Total - all activities,Q,Constant prices,USD_PPP_PS,"US dollars per person, PPP converted",2020,,30675.4,,BEL,Belgium,B,Time series break,2020,,0,Units,0,Zero,USD,US dollar
DATAFLOW,OECD.CFE.EDS:DSD_REG_ECO@DF_INC(2.0),Income - Regions,I,A,Annual,CTRY,Country,POL,Poland,_Z,Not applicable,B5N,"Primary incomes, net",_T,Total - all activities,Q,Constant prices,USD_PPP_PS,"US dollars per person, PPP converted",2020,,20957.5,,POL,Poland,B,Time series break,2020,,0,Units,0,Zero,USD,US dollar
DATAFLOW,OECD.CFE.EDS:DSD_REG_ECO@DF_INC(2.0),Income - Regions,I,A,Annual,CTRY,Country,POL,Poland,_Z,Not applicable,B6N,"Disposable income, net",_T,Total - all activities,Q,Constant prices,USD_PPP_PS,"US dollars per person, PPP converted",2020,,20061.7,,POL,Poland,B,Time series break,2020,,0,Units,0,Zero,USD,US dollar
DATAFLOW,OECD.CFE.EDS:DSD_REG_ECO@DF_INC(2.0),Income - Regions,I,A,Annual,CTRY,Country,BEL,Belgium,_Z,Not applicable,B6N,"Disposable income, net",_T,Total - all activities,Q,Constant prices,USD_PPP_PS,"US dollars per person, PPP converted",2020,,26172.3,,BEL,Belgium,B,Time series break,2020,,0,Units,0,Zero,USD,US dollar
DATAFLOW,OECD.CFE.EDS:DSD_REG_ECO@DF_INC(2.0),Income - Regions,I,A,Annual,CTRY,Country,ITA,Italy,_Z,Not applicable,B6N,"Disposable income, net",_T,Total - all activities,Q,Constant prices,USD_PPP_PS,"US dollars per person, PPP converted",2021,,25323,,ITA,Italy,B,Time series break,2020,,0,Units,0,Zero,USD,US dollar
DATAFLOW,OECD.CFE.EDS:DSD_REG_ECO@DF_INC(2.0),Income - Regions,I,A,Annual,CTRY,Country,ITA,Italy,_Z,Not applicable,B5N,"Primary incomes, net",_T,Total - all activities,Q,Constant prices,USD_PPP_PS,"US dollars per person, PPP converted",2021,,27472,,ITA,Italy,B,Time series break,2020,,0,Units,0,Zero,USD,US dollar
DATAFLOW,OECD.CFE.EDS:DSD_REG_ECO@DF_INC(2.0),Income - Regions,I,A,Annual,CTRY,Country,NLD,Netherlands,_Z,Not applicable,B5N,"Primary incomes, net",_T,Total - all activities,Q,Constant prices,USD_PPP_PS,"US dollars per person, PPP converted",2022,,33437.8,,NLD,Netherlands,P,Provisional value,2020,,0,Units,0,Zero,USD,US dollar
DATAFLOW,OECD.CFE.EDS:DSD_REG_ECO@DF_INC(2.0),Income - Regions,I,A,Annual,CTRY,Country,ESP,Spain,_Z,Not applicable,B6N,"Disposable income, net",_T,Total - all activities,Q,Constant prices,USD_PPP_PS,"US dollars per person, PPP converted",2022,,21515.6,,ESP,Spain,P,Provisional value,2020,,0,Units,0,Zero,USD,US dollar
DATAFLOW,OECD.CFE.EDS:DSD_REG_ECO@DF_INC(2.0),Income - Regions,I,A,Annual,CTRY,Country,NLD,Netherlands,_Z,Not applicable,B6N,"Disposable income, net",_T,Total - all activities,Q,Constant prices,USD_PPP_PS,"US dollars per person, PPP converted",2022,,25363.7,,NLD,Netherlands,P,Provisional value,2020,,0,Units,0,Zero,USD,US dollar
DATAFLOW,OECD.CFE.EDS:DSD_REG_ECO@DF_INC(2.0),Income - Regions,I,A,Annual,CTRY,Country,FRA,France,_Z,Not applicable,B6N,"Disposable income, net",_T,Total - all activities,Q,Constant prices,USD_PPP_PS,"US dollars per person, PPP converted",2022,,25611.8,,FRA,France,P,Provisional value,2020,,0,Units,0,Zero,USD,US dollar
DATAFLOW,OECD.CFE.EDS:DSD_REG_ECO@DF_INC(2.0),Income - Regions,I,A,Annual,CTRY,Country,FRA,France,_Z,Not applicable,B5N,"Primary incomes, net",_T,Total - all activities,Q,Constant prices,USD_PPP_PS,"US dollars per person, PPP converted",2022,,29514.4,,FRA,France,P,Provisional value,2020,,0,Units,0,Zero,USD,US dollar
