STRUCTURE,STRUCTURE_ID,STRUCTURE_NAME,ACTION,FREQ,Fréquence d'observation,REF_AREA,Zone de référence,MEASURE,Mesure,UNIT_MEASURE,Unité de mesure,CHAPTER,Chapitre,TIME_PERIOD,Période temporelle,OBS_VALUE,Valeur d'observation,ADJUSTMENT,Ajustement,COUNTERPART_AREA,Zone de contrepartie,SECTOR,Secteur institutionnel,COUNTERPART_SECTOR,Secteur institutionnel de contrepartie,CONSOLIDATION,Statut de consolidation,ACCOUNTING_ENTRY,Ecriture comptable,TRANSACTION,Transaction,INSTR_ASSET,Instruments et actifs,MATURITY,Échéance initiale et résiduelle,PRODUCT,Produit,PENSION_FUNDTYPE,Type de fond de pension,CURRENCY_DENOM,Monnaie de libellé,VALUATION,Evaluation,PRICE_BASE,Type de prix,TRANSFORMATION,Transformation,TABLE_IDENTIFIER,Identifiant de tableau,REF_YEAR_PRICE,Prix ​​année de référence,BASE_PER,Période de base,CONF_STATUS,Statut de confidentialité,DECIMALS,Décimales,OBS_STATUS,Statut d'observation,UNIT_MULT,Multiplicateur d'unité,CURRENCY,Monnaie
DATAFLOW,OECD.SDD.NAD:DSD_NAAG@DF_NAAG_V(1.0),NAAG Chapitre 5: Ménages,I,A,Annuelle,EA,Zone euro,B6N_R_PPP_P31S14,"Revenu disponible net réel des ménages et des ISBLSM, déflaté par la consommation finale des ménages et des ISBLSM",XDC,Monnaie nationale,NAAG_V,Part V: Households,1999,,5668602.53798151,,N,Ni corrigé des variations saisonnières ni corrigé des effets de calendrier,W,Monde,S1M,Les Ménages et ISBLSM,S1,Economie totale,_Z,Non applicable,B,Solde (recettes moins dépenses),B6N_R,"Revenu disponible réel des ménages, net",_Z,Non applicable,,,,,,,,,,,L,Volumes chaînés,N,Données non transformées,,,,,,,F,Libre (libre pour publication),2,Two,A,Valeur normale,6,Millions,_Z,N'est pas applicable
DATAFLOW,OECD.SDD.NAD:DSD_NAAG@DF_NAAG_V(1.0),NAAG Chapitre 5: Ménages,I,A,Annuelle,EU,Union européenne,B6N_R_PPP_P31S14,"Revenu disponible net réel des ménages et des ISBLSM, déflaté par la consommation finale des ménages et des ISBLSM",XDC,Monnaie nationale,NAAG_V,Part V: Households,1999,,6244885.79478611,,N,Ni corrigé des variations saisonnières ni corrigé des effets de calendrier,W,Monde,S1M,Les Ménages et ISBLSM,S1,Economie totale,_Z,Non applicable,B,Solde (recettes moins dépenses),B6N_R,"Revenu disponible réel des ménages, net",_Z,Non applicable,,,,,,,,,,,L,Volumes chaînés,N,Données non transformées,,,,,,,F,Libre (libre pour publication),2,Two,A,Valeur normale,6,Millions,_Z,N'est pas applicable
DATAFLOW,OECD.SDD.NAD:DSD_NAAG@DF_NAAG_V(1.0),NAAG Chapitre 5: Ménages,I,A,Annuelle,EA,Zone euro,B6N_R_PPP_P31S14,"Revenu disponible net réel des ménages et des ISBLSM, déflaté par la consommation finale des ménages et des ISBLSM",XDC,Monnaie nationale,NAAG_V,Part V: Households,2000,,5781979.59498724,,N,Ni corrigé des variations saisonnières ni corrigé des effets de calendrier,W,Monde,S1M,Les Ménages et ISBLSM,S1,Economie totale,_Z,Non applicable,B,Solde (recettes moins dépenses),B6N_R,"Revenu disponible réel des ménages, net",_Z,Non applicable,,,,,,,,,,,L,Volumes chaînés,N,Données non transformées,,,,,,,F,Libre (libre pour publication),2,Two,A,Valeur normale,6,Millions,_Z,N'est pas applicable
DATAFLOW,OECD.SDD.NAD:DSD_NAAG@DF_NAAG_V(1.0),NAAG Chapitre 5: Ménages,I,A,Annuelle,EU,Union européenne,B6N_R_PPP_P31S14,"Revenu disponible net réel des ménages et des ISBLSM, déflaté par la consommation finale des ménages et des ISBLSM",XDC,Monnaie nationale,NAAG_V,Part V: Households,2000,,6376805.30308824,,N,Ni corrigé des variations saisonnières ni corrigé des effets de calendrier,W,Monde,S1M,Les Ménages et ISBLSM,S1,Economie totale,_Z,Non applicable,B,Solde (recettes moins dépenses),B6N_R,"Revenu disponible réel des ménages, net",_Z,Non applicable,,,,,,,,,,,L,Volumes chaînés,N,Données non transformées,,,,,,,F,Libre (libre pour publication),2,Two,A,Valeur normale,6,Millions,_Z,N'est pas applicable
DATAFLOW,OECD.SDD.NAD:DSD_NAAG@DF_NAAG_V(1.0),NAAG Chapitre 5: Ménages,I,A,Annuelle,EA,Zone euro,B6N_R_PPP_P31S14,"Revenu disponible net réel des ménages et des ISBLSM, déflaté par la consommation finale des ménages et des ISBLSM",XDC,Monnaie nationale,NAAG_V,Part V: Households,2001,,5952585.70029063,,N,Ni corrigé des variations saisonnières ni corrigé des effets de calendrier,W,Monde,S1M,Les Ménages et ISBLSM,S1,Economie totale,_Z,Non applicable,B,Solde (recettes moins dépenses),B6N_R,"Revenu disponible réel des ménages, net",_Z,Non applicable,,,,,,,,,,,L,Volumes chaînés,N,Données non transformées,,,,,,,F,Libre (libre pour publication),2,Two,A,Valeur normale,6,Millions,_Z,N'est pas applicable
DATAFLOW,OECD.SDD.NAD:DSD_NAAG@DF_NAAG_V(1.0),NAAG Chapitre 5: Ménages,I,A,Annuelle,EU,Union européenne,B6N_R_PPP_P31S14,"Revenu disponible net réel des ménages et des ISBLSM, déflaté par la consommation finale des ménages et des ISBLSM",XDC,Monnaie nationale,NAAG_V,Part V: Households,2001,,6573002.57118908,,N,Ni corrigé des variations saisonnières ni corrigé des effets de calendrier,W,Monde,S1M,Les Ménages et ISBLSM,S1,Economie totale,_Z,Non applicable,B,Solde (recettes moins dépenses),B6N_R,"Revenu disponible réel des ménages, net",_Z,Non applicable,,,,,,,,,,,L,Volumes chaînés,N,Données non transformées,,,,,,,F,Libre (libre pour publication),2,Two,A,Valeur normale,6,Millions,_Z,N'est pas applicable
DATAFLOW,OECD.SDD.NAD:DSD_NAAG@DF_NAAG_V(1.0),NAAG Chapitre 5: Ménages,I,A,Annuelle,EA,Zone euro,B6N_R_PPP_P31S14,"Revenu disponible net réel des ménages et des ISBLSM, déflaté par la consommation finale des ménages et des ISBLSM",XDC,Monnaie nationale,NAAG_V,Part V: Households,2002,,6019795.9558361,,N,Ni corrigé des variations saisonnières ni corrigé des effets de calendrier,W,Monde,S1M,Les Ménages et ISBLSM,S1,Economie totale,_Z,Non applicable,B,Solde (recettes moins dépenses),B6N_R,"Revenu disponible réel des ménages, net",_Z,Non applicable,,,,,,,,,,,L,Volumes chaînés,N,Données non transformées,,,,,,,F,Libre (libre pour publication),2,Two,A,Valeur normale,6,Millions,_Z,N'est pas applicable
DATAFLOW,OECD.SDD.NAD:DSD_NAAG@DF_NAAG_V(1.0),NAAG Chapitre 5: Ménages,I,A,Annuelle,EU,Union européenne,B6N_R_PPP_P31S14,"Revenu disponible net réel des ménages et des ISBLSM, déflaté par la consommation finale des ménages et des ISBLSM",XDC,Monnaie nationale,NAAG_V,Part V: Households,2002,,6646424.54800829,,N,Ni corrigé des variations saisonnières ni corrigé des effets de calendrier,W,Monde,S1M,Les Ménages et ISBLSM,S1,Economie totale,_Z,Non applicable,B,Solde (recettes moins dépenses),B6N_R,"Revenu disponible réel des ménages, net",_Z,Non applicable,,,,,,,,,,,L,Volumes chaînés,N,Données non transformées,,,,,,,F,Libre (libre pour publication),2,Two,A,Valeur normale,6,Millions,_Z,N'est pas applicable
DATAFLOW,OECD.SDD.NAD:DSD_NAAG@DF_NAAG_V(1.0),NAAG Chapitre 5: Ménages,I,A,Annuelle,EA,Zone euro,B6N_R_PPP_P31S14,"Revenu disponible net réel des ménages et des ISBLSM, déflaté par la consommation finale des ménages et des ISBLSM",XDC,Monnaie nationale,NAAG_V,Part V: Households,2003,,6097593.96821399,,N,Ni corrigé des variations saisonnières ni corrigé des effets de calendrier,W,Monde,S1M,Les Ménages et ISBLSM,S1,Economie totale,_Z,Non applicable,B,Solde (recettes moins dépenses),B6N_R,"Revenu disponible réel des ménages, net",_Z,Non applicable,,,,,,,,,,,L,Volumes chaînés,N,Données non transformées,,,,,,,F,Libre (libre pour publication),2,Two,A,Valeur normale,6,Millions,_Z,N'est pas applicable
DATAFLOW,OECD.SDD.NAD:DSD_NAAG@DF_NAAG_V(1.0),NAAG Chapitre 5: Ménages,I,A,Annuelle,EU,Union européenne,B6N_R_PPP_P31S14,"Revenu disponible net réel des ménages et des ISBLSM, déflaté par la consommation finale des ménages et des ISBLSM",XDC,Monnaie nationale,NAAG_V,Part V: Households,2003,,6746280.43169407,,N,Ni corrigé des variations saisonnières ni corrigé des effets de calendrier,W,Monde,S1M,Les Ménages et ISBLSM,S1,Economie totale,_Z,Non applicable,B,Solde (recettes moins dépenses),B6N_R,"Revenu disponible réel des ménages, net",_Z,Non applicable,,,,,,,,,,,L,Volumes chaînés,N,Données non transformées,,,,,,,F,Libre (libre pour publication),2,Two,A,Valeur normale,6,Millions,_Z,N'est pas applicable
DATAFLOW,OECD.SDD.NAD:DSD_NAAG@DF_NAAG_V(1.0),NAAG Chapitre 5: Ménages,I,A,Annuelle,EA,Zone euro,B6N_R_PPP_P31S14,"Revenu disponible net réel des ménages et des ISBLSM, déflaté par la consommation finale des ménages et des ISBLSM",XDC,Monnaie nationale,NAAG_V,Part V: Households,2004,,6196307.94486782,,N,Ni corrigé des variations saisonnières ni corrigé des effets de calendrier,W,Monde,S1M,Les Ménages et ISBLSM,S1,Economie totale,_Z,Non applicable,B,Solde (recettes moins dépenses),B6N_R,"Revenu disponible réel des ménages, net",_Z,Non applicable,,,,,,,,,,,L,Volumes chaînés,N,Données non transformées,,,,,,,F,Libre (libre pour publication),2,Two,A,Valeur normale,6,Millions,_Z,N'est pas applicable
DATAFLOW,OECD.SDD.NAD:DSD_NAAG@DF_NAAG_V(1.0),NAAG Chapitre 5: Ménages,I,A,Annuelle,EU,Union européenne,B6N_R_PPP_P31S14,"Revenu disponible net réel des ménages et des ISBLSM, déflaté par la consommation finale des ménages et des ISBLSM",XDC,Monnaie nationale,NAAG_V,Part V: Households,2004,,6865735.97901903,,N,Ni corrigé des variations saisonnières ni corrigé des effets de calendrier,W,Monde,S1M,Les Ménages et ISBLSM,S1,Economie totale,_Z,Non applicable,B,Solde (recettes moins dépenses),B6N_R,"Revenu disponible réel des ménages, net",_Z,Non applicable,,,,,,,,,,,L,Volumes chaînés,N,Données non transformées,,,,,,,F,Libre (libre pour publication),2,Two,A,Valeur normale,6,Millions,_Z,N'est pas applicable
DATAFLOW,OECD.SDD.NAD:DSD_NAAG@DF_NAAG_V(1.0),NAAG Chapitre 5: Ménages,I,A,Annuelle,EA,Zone euro,B6N_R_PPP_P31S14,"Revenu disponible net réel des ménages et des ISBLSM, déflaté par la consommation finale des ménages et des ISBLSM",XDC,Monnaie nationale,NAAG_V,Part V: Households,2005,,6246547.73341226,,N,Ni corrigé des variations saisonnières ni corrigé des effets de calendrier,W,Monde,S1M,Les Ménages et ISBLSM,S1,Economie totale,_Z,Non applicable,B,Solde (recettes moins dépenses),B6N_R,"Revenu disponible réel des ménages, net",_Z,Non applicable,,,,,,,,,,,L,Volumes chaînés,N,Données non transformées,,,,,,,F,Libre (libre pour publication),2,Two,A,Valeur normale,6,Millions,_Z,N'est pas applicable
DATAFLOW,OECD.SDD.NAD:DSD_NAAG@DF_NAAG_V(1.0),NAAG Chapitre 5: Ménages,I,A,Annuelle,EU,Union européenne,B6N_R_PPP_P31S14,"Revenu disponible net réel des ménages et des ISBLSM, déflaté par la consommation finale des ménages et des ISBLSM",XDC,Monnaie nationale,NAAG_V,Part V: Households,2005,,6949146.34830882,,N,Ni corrigé des variations saisonnières ni corrigé des effets de calendrier,W,Monde,S1M,Les Ménages et ISBLSM,S1,Economie totale,_Z,Non applicable,B,Solde (recettes moins dépenses),B6N_R,"Revenu disponible réel des ménages, net",_Z,Non applicable,,,,,,,,,,,L,Volumes chaînés,N,Données non transformées,,,,,,,F,Libre (libre pour publication),2,Two,A,Valeur normale,6,Millions,_Z,N'est pas applicable
DATAFLOW,OECD.SDD.NAD:DSD_NAAG@DF_NAAG_V(1.0),NAAG Chapitre 5: Ménages,I,A,Annuelle,EA,Zone euro,B6N_R_PPP_P31S14,"Revenu disponible net réel des ménages et des ISBLSM, déflaté par la consommation finale des ménages et des ISBLSM",XDC,Monnaie nationale,NAAG_V,Part V: Households,2006,,6384187.11000016,,N,Ni corrigé des variations saisonnières ni corrigé des effets de calendrier,W,Monde,S1M,Les Ménages et ISBLSM,S1,Economie totale,_Z,Non applicable,B,Solde (recettes moins dépenses),B6N_R,"Revenu disponible réel des ménages, net",_Z,Non applicable,,,,,,,,,,,L,Volumes chaînés,N,Données non transformées,,,,,,,F,Libre (libre pour publication),2,Two,A,Valeur normale,6,Millions,_Z,N'est pas applicable
DATAFLOW,OECD.SDD.NAD:DSD_NAAG@DF_NAAG_V(1.0),NAAG Chapitre 5: Ménages,I,A,Annuelle,EU,Union européenne,B6N_R_PPP_P31S14,"Revenu disponible net réel des ménages et des ISBLSM, déflaté par la consommation finale des ménages et des ISBLSM",XDC,Monnaie nationale,NAAG_V,Part V: Households,2006,,7102393.14090372,,N,Ni corrigé des variations saisonnières ni corrigé des effets de calendrier,W,Monde,S1M,Les Ménages et ISBLSM,S1,Economie totale,_Z,Non applicable,B,Solde (recettes moins dépenses),B6N_R,"Revenu disponible réel des ménages, net",_Z,Non applicable,,,,,,,,,,,L,Volumes chaînés,N,Données non transformées,,,,,,,F,Libre (libre pour publication),2,Two,A,Valeur normale,6,Millions,_Z,N'est pas applicable
DATAFLOW,OECD.SDD.NAD:DSD_NAAG@DF_NAAG_V(1.0),NAAG Chapitre 5: Ménages,I,A,Annuelle,EA,Zone euro,B6N_R_PPP_P31S14,"Revenu disponible net réel des ménages et des ISBLSM, déflaté par la consommation finale des ménages et des ISBLSM",XDC,Monnaie nationale,NAAG_V,Part V: Households,2007,,6481119.69436733,,N,Ni corrigé des variations saisonnières ni corrigé des effets de calendrier,W,Monde,S1M,Les Ménages et ISBLSM,S1,Economie totale,_Z,Non applicable,B,Solde (recettes moins dépenses),B6N_R,"Revenu disponible réel des ménages, net",_Z,Non applicable,,,,,,,,,,,L,Volumes chaînés,N,Données non transformées,,,,,,,F,Libre (libre pour publication),2,Two,A,Valeur normale,6,Millions,_Z,N'est pas applicable
DATAFLOW,OECD.SDD.NAD:DSD_NAAG@DF_NAAG_V(1.0),NAAG Chapitre 5: Ménages,I,A,Annuelle,EU,Union européenne,B6N_R_PPP_P31S14,"Revenu disponible net réel des ménages et des ISBLSM, déflaté par la consommation finale des ménages et des ISBLSM",XDC,Monnaie nationale,NAAG_V,Part V: Households,2007,,7218363.34500226,,N,Ni corrigé des variations saisonnières ni corrigé des effets de calendrier,W,Monde,S1M,Les Ménages et ISBLSM,S1,Economie totale,_Z,Non applicable,B,Solde (recettes moins dépenses),B6N_R,"Revenu disponible réel des ménages, net",_Z,Non applicable,,,,,,,,,,,L,Volumes chaînés,N,Données non transformées,,,,,,,F,Libre (libre pour publication),2,Two,A,Valeur normale,6,Millions,_Z,N'est pas applicable
DATAFLOW,OECD.SDD.NAD:DSD_NAAG@DF_NAAG_V(1.0),NAAG Chapitre 5: Ménages,I,A,Annuelle,EA,Zone euro,B6N_R_PPP_P31S14,"Revenu disponible net réel des ménages et des ISBLSM, déflaté par la consommation finale des ménages et des ISBLSM",XDC,Monnaie nationale,NAAG_V,Part V: Households,2008,,6502544.30830136,,N,Ni corrigé des variations saisonnières ni corrigé des effets de calendrier,W,Monde,S1M,Les Ménages et ISBLSM,S1,Economie totale,_Z,Non applicable,B,Solde (recettes moins dépenses),B6N_R,"Revenu disponible réel des ménages, net",_Z,Non applicable,,,,,,,,,,,L,Volumes chaînés,N,Données non transformées,,,,,,,F,Libre (libre pour publication),2,Two,A,Valeur normale,6,Millions,_Z,N'est pas applicable
DATAFLOW,OECD.SDD.NAD:DSD_NAAG@DF_NAAG_V(1.0),NAAG Chapitre 5: Ménages,I,A,Annuelle,EU,Union européenne,B6N_R_PPP_P31S14,"Revenu disponible net réel des ménages et des ISBLSM, déflaté par la consommation finale des ménages et des ISBLSM",XDC,Monnaie nationale,NAAG_V,Part V: Households,2008,,7285517.17682494,,N,Ni corrigé des variations saisonnières ni corrigé des effets de calendrier,W,Monde,S1M,Les Ménages et ISBLSM,S1,Economie totale,_Z,Non applicable,B,Solde (recettes moins dépenses),B6N_R,"Revenu disponible réel des ménages, net",_Z,Non applicable,,,,,,,,,,,L,Volumes chaînés,N,Données non transformées,,,,,,,F,Libre (libre pour publication),2,Two,A,Valeur normale,6,Millions,_Z,N'est pas applicable
DATAFLOW,OECD.SDD.NAD:DSD_NAAG@DF_NAAG_V(1.0),NAAG Chapitre 5: Ménages,I,A,Annuelle,EA,Zone euro,B6N_R_PPP_P31S14,"Revenu disponible net réel des ménages et des ISBLSM, déflaté par la consommation finale des ménages et des ISBLSM",XDC,Monnaie nationale,NAAG_V,Part V: Households,2009,,6501719.51074529,,N,Ni corrigé des variations saisonnières ni corrigé des effets de calendrier,W,Monde,S1M,Les Ménages et ISBLSM,S1,Economie totale,_Z,Non applicable,B,Solde (recettes moins dépenses),B6N_R,"Revenu disponible réel des ménages, net",_Z,Non applicable,,,,,,,,,,,L,Volumes chaînés,N,Données non transformées,,,,,,,F,Libre (libre pour publication),2,Two,A,Valeur normale,6,Millions,_Z,N'est pas applicable
DATAFLOW,OECD.SDD.NAD:DSD_NAAG@DF_NAAG_V(1.0),NAAG Chapitre 5: Ménages,I,A,Annuelle,EU,Union européenne,B6N_R_PPP_P31S14,"Revenu disponible net réel des ménages et des ISBLSM, déflaté par la consommation finale des ménages et des ISBLSM",XDC,Monnaie nationale,NAAG_V,Part V: Households,2009,,7303441.07698401,,N,Ni corrigé des variations saisonnières ni corrigé des effets de calendrier,W,Monde,S1M,Les Ménages et ISBLSM,S1,Economie totale,_Z,Non applicable,B,Solde (recettes moins dépenses),B6N_R,"Revenu disponible réel des ménages, net",_Z,Non applicable,,,,,,,,,,,L,Volumes chaînés,N,Données non transformées,,,,,,,F,Libre (libre pour publication),2,Two,A,Valeur normale,6,Millions,_Z,N'est pas applicable
DATAFLOW,OECD.SDD.NAD:DSD_NAAG@DF_NAAG_V(1.0),NAAG Chapitre 5: Ménages,I,A,Annuelle,EA,Zone euro,B6N_R_PPP_P31S14,"Revenu disponible net réel des ménages et des ISBLSM, déflaté par la consommation finale des ménages et des ISBLSM",XDC,Monnaie nationale,NAAG_V,Part V: Households,2010,,6468368.45454981,,N,Ni corrigé des variations saisonnières ni corrigé des effets de calendrier,W,Monde,S1M,Les Ménages et ISBLSM,S1,Economie totale,_Z,Non applicable,B,Solde (recettes moins dépenses),B6N_R,"Revenu disponible réel des ménages, net",_Z,Non applicable,,,,,,,,,,,L,Volumes chaînés,N,Données non transformées,,,,,,,F,Libre (libre pour publication),2,Two,A,Valeur normale,6,Millions,_Z,N'est pas applicable
DATAFLOW,OECD.SDD.NAD:DSD_NAAG@DF_NAAG_V(1.0),NAAG Chapitre 5: Ménages,I,A,Annuelle,EU,Union européenne,B6N_R_PPP_P31S14,"Revenu disponible net réel des ménages et des ISBLSM, déflaté par la consommation finale des ménages et des ISBLSM",XDC,Monnaie nationale,NAAG_V,Part V: Households,2010,,7275529.30475753,,N,Ni corrigé des variations saisonnières ni corrigé des effets de calendrier,W,Monde,S1M,Les Ménages et ISBLSM,S1,Economie totale,_Z,Non applicable,B,Solde (recettes moins dépenses),B6N_R,"Revenu disponible réel des ménages, net",_Z,Non applicable,,,,,,,,,,,L,Volumes chaînés,N,Données non transformées,,,,,,,F,Libre (libre pour publication),2,Two,A,Valeur normale,6,Millions,_Z,N'est pas applicable
DATAFLOW,OECD.SDD.NAD:DSD_NAAG@DF_NAAG_V(1.0),NAAG Chapitre 5: Ménages,I,A,Annuelle,EA,Zone euro,B6N_R_PPP_P31S14,"Revenu disponible net réel des ménages et des ISBLSM, déflaté par la consommation finale des ménages et des ISBLSM",XDC,Monnaie nationale,NAAG_V,Part V: Households,2011,,6441444.60014059,,N,Ni corrigé des variations saisonnières ni corrigé des effets de calendrier,W,Monde,S1M,Les Ménages et ISBLSM,S1,Economie totale,_Z,Non applicable,B,Solde (recettes moins dépenses),B6N_R,"Revenu disponible réel des ménages, net",_Z,Non applicable,,,,,,,,,,,L,Volumes chaînés,N,Données non transformées,,,,,,,F,Libre (libre pour publication),2,Two,A,Valeur normale,6,Millions,_Z,N'est pas applicable
DATAFLOW,OECD.SDD.NAD:DSD_NAAG@DF_NAAG_V(1.0),NAAG Chapitre 5: Ménages,I,A,Annuelle,EU,Union européenne,B6N_R_PPP_P31S14,"Revenu disponible net réel des ménages et des ISBLSM, déflaté par la consommation finale des ménages et des ISBLSM",XDC,Monnaie nationale,NAAG_V,Part V: Households,2011,,7269788.31257449,,N,Ni corrigé des variations saisonnières ni corrigé des effets de calendrier,W,Monde,S1M,Les Ménages et ISBLSM,S1,Economie totale,_Z,Non applicable,B,Solde (recettes moins dépenses),B6N_R,"Revenu disponible réel des ménages, net",_Z,Non applicable,,,,,,,,,,,L,Volumes chaînés,N,Données non transformées,,,,,,,F,Libre (libre pour publication),2,Two,A,Valeur normale,6,Millions,_Z,N'est pas applicable
DATAFLOW,OECD.SDD.NAD:DSD_NAAG@DF_NAAG_V(1.0),NAAG Chapitre 5: Ménages,I,A,Annuelle,EA,Zone euro,B6N_R_PPP_P31S14,"Revenu disponible net réel des ménages et des ISBLSM, déflaté par la consommation finale des ménages et des ISBLSM",XDC,Monnaie nationale,NAAG_V,Part V: Households,2012,,6313329.44421407,,N,Ni corrigé des variations saisonnières ni corrigé des effets de calendrier,W,Monde,S1M,Les Ménages et ISBLSM,S1,Economie totale,_Z,Non applicable,B,Solde (recettes moins dépenses),B6N_R,"Revenu disponible réel des ménages, net",_Z,Non applicable,,,,,,,,,,,L,Volumes chaînés,N,Données non transformées,,,,,,,F,Libre (libre pour publication),2,Two,A,Valeur normale,6,Millions,_Z,N'est pas applicable
DATAFLOW,OECD.SDD.NAD:DSD_NAAG@DF_NAAG_V(1.0),NAAG Chapitre 5: Ménages,I,A,Annuelle,EU,Union européenne,B6N_R_PPP_P31S14,"Revenu disponible net réel des ménages et des ISBLSM, déflaté par la consommation finale des ménages et des ISBLSM",XDC,Monnaie nationale,NAAG_V,Part V: Households,2012,,7142798.15282958,,N,Ni corrigé des variations saisonnières ni corrigé des effets de calendrier,W,Monde,S1M,Les Ménages et ISBLSM,S1,Economie totale,_Z,Non applicable,B,Solde (recettes moins dépenses),B6N_R,"Revenu disponible réel des ménages, net",_Z,Non applicable,,,,,,,,,,,L,Volumes chaînés,N,Données non transformées,,,,,,,F,Libre (libre pour publication),2,Two,A,Valeur normale,6,Millions,_Z,N'est pas applicable
DATAFLOW,OECD.SDD.NAD:DSD_NAAG@DF_NAAG_V(1.0),NAAG Chapitre 5: Ménages,I,A,Annuelle,EA,Zone euro,B6N_R_PPP_P31S14,"Revenu disponible net réel des ménages et des ISBLSM, déflaté par la consommation finale des ménages et des ISBLSM",XDC,Monnaie nationale,NAAG_V,Part V: Households,2013,,6270197.61968167,,N,Ni corrigé des variations saisonnières ni corrigé des effets de calendrier,W,Monde,S1M,Les Ménages et ISBLSM,S1,Economie totale,_Z,Non applicable,B,Solde (recettes moins dépenses),B6N_R,"Revenu disponible réel des ménages, net",_Z,Non applicable,,,,,,,,,,,L,Volumes chaînés,N,Données non transformées,,,,,,,F,Libre (libre pour publication),2,Two,A,Valeur normale,6,Millions,_Z,N'est pas applicable
DATAFLOW,OECD.SDD.NAD:DSD_NAAG@DF_NAAG_V(1.0),NAAG Chapitre 5: Ménages,I,A,Annuelle,EU,Union européenne,B6N_R_PPP_P31S14,"Revenu disponible net réel des ménages et des ISBLSM, déflaté par la consommation finale des ménages et des ISBLSM",XDC,Monnaie nationale,NAAG_V,Part V: Households,2013,,7102342.19064355,,N,Ni corrigé des variations saisonnières ni corrigé des effets de calendrier,W,Monde,S1M,Les Ménages et ISBLSM,S1,Economie totale,_Z,Non applicable,B,Solde (recettes moins dépenses),B6N_R,"Revenu disponible réel des ménages, net",_Z,Non applicable,,,,,,,,,,,L,Volumes chaînés,N,Données non transformées,,,,,,,F,Libre (libre pour publication),2,Two,A,Valeur normale,6,Millions,_Z,N'est pas applicable
DATAFLOW,OECD.SDD.NAD:DSD_NAAG@DF_NAAG_V(1.0),NAAG Chapitre 5: Ménages,I,A,Annuelle,EA,Zone euro,B6N_R_PPP_P31S14,"Revenu disponible net réel des ménages et des ISBLSM, déflaté par la consommation finale des ménages et des ISBLSM",XDC,Monnaie nationale,NAAG_V,Part V: Households,2014,,6330975.03895387,,N,Ni corrigé des variations saisonnières ni corrigé des effets de calendrier,W,Monde,S1M,Les Ménages et ISBLSM,S1,Economie totale,_Z,Non applicable,B,Solde (recettes moins dépenses),B6N_R,"Revenu disponible réel des ménages, net",_Z,Non applicable,,,,,,,,,,,L,Volumes chaînés,N,Données non transformées,,,,,,,F,Libre (libre pour publication),2,Two,A,Valeur normale,6,Millions,_Z,N'est pas applicable
DATAFLOW,OECD.SDD.NAD:DSD_NAAG@DF_NAAG_V(1.0),NAAG Chapitre 5: Ménages,I,A,Annuelle,EU,Union européenne,B6N_R_PPP_P31S14,"Revenu disponible net réel des ménages et des ISBLSM, déflaté par la consommation finale des ménages et des ISBLSM",XDC,Monnaie nationale,NAAG_V,Part V: Households,2014,,7184176.49779544,,N,Ni corrigé des variations saisonnières ni corrigé des effets de calendrier,W,Monde,S1M,Les Ménages et ISBLSM,S1,Economie totale,_Z,Non applicable,B,Solde (recettes moins dépenses),B6N_R,"Revenu disponible réel des ménages, net",_Z,Non applicable,,,,,,,,,,,L,Volumes chaînés,N,Données non transformées,,,,,,,F,Libre (libre pour publication),2,Two,A,Valeur normale,6,Millions,_Z,N'est pas applicable
DATAFLOW,OECD.SDD.NAD:DSD_NAAG@DF_NAAG_V(1.0),NAAG Chapitre 5: Ménages,I,A,Annuelle,EA,Zone euro,B6N_R_PPP_P31S14,"Revenu disponible net réel des ménages et des ISBLSM, déflaté par la consommation finale des ménages et des ISBLSM",XDC,Monnaie nationale,NAAG_V,Part V: Households,2015,,6463289.63141763,,N,Ni corrigé des variations saisonnières ni corrigé des effets de calendrier,W,Monde,S1M,Les Ménages et ISBLSM,S1,Economie totale,_Z,Non applicable,B,Solde (recettes moins dépenses),B6N_R,"Revenu disponible réel des ménages, net",_Z,Non applicable,,,,,,,,,,,L,Volumes chaînés,N,Données non transformées,,,,,,,F,Libre (libre pour publication),2,Two,A,Valeur normale,6,Millions,_Z,N'est pas applicable
DATAFLOW,OECD.SDD.NAD:DSD_NAAG@DF_NAAG_V(1.0),NAAG Chapitre 5: Ménages,I,A,Annuelle,EU,Union européenne,B6N_R_PPP_P31S14,"Revenu disponible net réel des ménages et des ISBLSM, déflaté par la consommation finale des ménages et des ISBLSM",XDC,Monnaie nationale,NAAG_V,Part V: Households,2015,,7332184.37216288,,N,Ni corrigé des variations saisonnières ni corrigé des effets de calendrier,W,Monde,S1M,Les Ménages et ISBLSM,S1,Economie totale,_Z,Non applicable,B,Solde (recettes moins dépenses),B6N_R,"Revenu disponible réel des ménages, net",_Z,Non applicable,,,,,,,,,,,L,Volumes chaînés,N,Données non transformées,,,,,,,F,Libre (libre pour publication),2,Two,A,Valeur normale,6,Millions,_Z,N'est pas applicable
DATAFLOW,OECD.SDD.NAD:DSD_NAAG@DF_NAAG_V(1.0),NAAG Chapitre 5: Ménages,I,A,Annuelle,EA,Zone euro,B6N_R_PPP_P31S14,"Revenu disponible net réel des ménages et des ISBLSM, déflaté par la consommation finale des ménages et des ISBLSM",XDC,Monnaie nationale,NAAG_V,Part V: Households,2016,,6587925.83195695,,N,Ni corrigé des variations saisonnières ni corrigé des effets de calendrier,W,Monde,S1M,Les Ménages et ISBLSM,S1,Economie totale,_Z,Non applicable,B,Solde (recettes moins dépenses),B6N_R,"Revenu disponible réel des ménages, net",_Z,Non applicable,,,,,,,,,,,L,Volumes chaînés,N,Données non transformées,,,,,,,F,Libre (libre pour publication),2,Two,A,Valeur normale,6,Millions,_Z,N'est pas applicable
DATAFLOW,OECD.SDD.NAD:DSD_NAAG@DF_NAAG_V(1.0),NAAG Chapitre 5: Ménages,I,A,Annuelle,EU,Union européenne,B6N_R_PPP_P31S14,"Revenu disponible net réel des ménages et des ISBLSM, déflaté par la consommation finale des ménages et des ISBLSM",XDC,Monnaie nationale,NAAG_V,Part V: Households,2016,,7508189.34139504,,N,Ni corrigé des variations saisonnières ni corrigé des effets de calendrier,W,Monde,S1M,Les Ménages et ISBLSM,S1,Economie totale,_Z,Non applicable,B,Solde (recettes moins dépenses),B6N_R,"Revenu disponible réel des ménages, net",_Z,Non applicable,,,,,,,,,,,L,Volumes chaînés,N,Données non transformées,,,,,,,F,Libre (libre pour publication),2,Two,A,Valeur normale,6,Millions,_Z,N'est pas applicable
DATAFLOW,OECD.SDD.NAD:DSD_NAAG@DF_NAAG_V(1.0),NAAG Chapitre 5: Ménages,I,A,Annuelle,EA,Zone euro,B6N_R_PPP_P31S14,"Revenu disponible net réel des ménages et des ISBLSM, déflaté par la consommation finale des ménages et des ISBLSM",XDC,Monnaie nationale,NAAG_V,Part V: Households,2017,,6685830.5002478,,N,Ni corrigé des variations saisonnières ni corrigé des effets de calendrier,W,Monde,S1M,Les Ménages et ISBLSM,S1,Economie totale,_Z,Non applicable,B,Solde (recettes moins dépenses),B6N_R,"Revenu disponible réel des ménages, net",_Z,Non applicable,,,,,,,,,,,L,Volumes chaînés,N,Données non transformées,,,,,,,F,Libre (libre pour publication),2,Two,A,Valeur normale,6,Millions,_Z,N'est pas applicable
DATAFLOW,OECD.SDD.NAD:DSD_NAAG@DF_NAAG_V(1.0),NAAG Chapitre 5: Ménages,I,A,Annuelle,EU,Union européenne,B6N_R_PPP_P31S14,"Revenu disponible net réel des ménages et des ISBLSM, déflaté par la consommation finale des ménages et des ISBLSM",XDC,Monnaie nationale,NAAG_V,Part V: Households,2017,,7645571.66883336,,N,Ni corrigé des variations saisonnières ni corrigé des effets de calendrier,W,Monde,S1M,Les Ménages et ISBLSM,S1,Economie totale,_Z,Non applicable,B,Solde (recettes moins dépenses),B6N_R,"Revenu disponible réel des ménages, net",_Z,Non applicable,,,,,,,,,,,L,Volumes chaînés,N,Données non transformées,,,,,,,F,Libre (libre pour publication),2,Two,A,Valeur normale,6,Millions,_Z,N'est pas applicable
DATAFLOW,OECD.SDD.NAD:DSD_NAAG@DF_NAAG_V(1.0),NAAG Chapitre 5: Ménages,I,A,Annuelle,EA,Zone euro,B6N_R_PPP_P31S14,"Revenu disponible net réel des ménages et des ISBLSM, déflaté par la consommation finale des ménages et des ISBLSM",XDC,Monnaie nationale,NAAG_V,Part V: Households,2018,,6788172.5201648,,N,Ni corrigé des variations saisonnières ni corrigé des effets de calendrier,W,Monde,S1M,Les Ménages et ISBLSM,S1,Economie totale,_Z,Non applicable,B,Solde (recettes moins dépenses),B6N_R,"Revenu disponible réel des ménages, net",_Z,Non applicable,,,,,,,,,,,L,Volumes chaînés,N,Données non transformées,,,,,,,F,Libre (libre pour publication),2,Two,A,Valeur normale,6,Millions,_Z,N'est pas applicable
DATAFLOW,OECD.SDD.NAD:DSD_NAAG@DF_NAAG_V(1.0),NAAG Chapitre 5: Ménages,I,A,Annuelle,EU,Union européenne,B6N_R_PPP_P31S14,"Revenu disponible net réel des ménages et des ISBLSM, déflaté par la consommation finale des ménages et des ISBLSM",XDC,Monnaie nationale,NAAG_V,Part V: Households,2018,,7782017.13083846,,N,Ni corrigé des variations saisonnières ni corrigé des effets de calendrier,W,Monde,S1M,Les Ménages et ISBLSM,S1,Economie totale,_Z,Non applicable,B,Solde (recettes moins dépenses),B6N_R,"Revenu disponible réel des ménages, net",_Z,Non applicable,,,,,,,,,,,L,Volumes chaînés,N,Données non transformées,,,,,,,F,Libre (libre pour publication),2,Two,A,Valeur normale,6,Millions,_Z,N'est pas applicable
DATAFLOW,OECD.SDD.NAD:DSD_NAAG@DF_NAAG_V(1.0),NAAG Chapitre 5: Ménages,I,A,Annuelle,EA,Zone euro,B6N_R_PPP_P31S14,"Revenu disponible net réel des ménages et des ISBLSM, déflaté par la consommation finale des ménages et des ISBLSM",XDC,Monnaie nationale,NAAG_V,Part V: Households,2019,,6914594.68819395,,N,Ni corrigé des variations saisonnières ni corrigé des effets de calendrier,W,Monde,S1M,Les Ménages et ISBLSM,S1,Economie totale,_Z,Non applicable,B,Solde (recettes moins dépenses),B6N_R,"Revenu disponible réel des ménages, net",_Z,Non applicable,,,,,,,,,,,L,Volumes chaînés,N,Données non transformées,,,,,,,F,Libre (libre pour publication),2,Two,A,Valeur normale,6,Millions,_Z,N'est pas applicable
DATAFLOW,OECD.SDD.NAD:DSD_NAAG@DF_NAAG_V(1.0),NAAG Chapitre 5: Ménages,I,A,Annuelle,EU,Union européenne,B6N_R_PPP_P31S14,"Revenu disponible net réel des ménages et des ISBLSM, déflaté par la consommation finale des ménages et des ISBLSM",XDC,Monnaie nationale,NAAG_V,Part V: Households,2019,,7955219.95858944,,N,Ni corrigé des variations saisonnières ni corrigé des effets de calendrier,W,Monde,S1M,Les Ménages et ISBLSM,S1,Economie totale,_Z,Non applicable,B,Solde (recettes moins dépenses),B6N_R,"Revenu disponible réel des ménages, net",_Z,Non applicable,,,,,,,,,,,L,Volumes chaînés,N,Données non transformées,,,,,,,F,Libre (libre pour publication),2,Two,A,Valeur normale,6,Millions,_Z,N'est pas applicable
DATAFLOW,OECD.SDD.NAD:DSD_NAAG@DF_NAAG_V(1.0),NAAG Chapitre 5: Ménages,I,A,Annuelle,EA,Zone euro,B6N_R_PPP_P31S14,"Revenu disponible net réel des ménages et des ISBLSM, déflaté par la consommation finale des ménages et des ISBLSM",XDC,Monnaie nationale,NAAG_V,Part V: Households,2020,,6875804.899363,,N,Ni corrigé des variations saisonnières ni corrigé des effets de calendrier,W,Monde,S1M,Les Ménages et ISBLSM,S1,Economie totale,_Z,Non applicable,B,Solde (recettes moins dépenses),B6N_R,"Revenu disponible réel des ménages, net",_Z,Non applicable,,,,,,,,,,,L,Volumes chaînés,N,Données non transformées,,,,,,,F,Libre (libre pour publication),2,Two,A,Valeur normale,6,Millions,_Z,N'est pas applicable
DATAFLOW,OECD.SDD.NAD:DSD_NAAG@DF_NAAG_V(1.0),NAAG Chapitre 5: Ménages,I,A,Annuelle,EU,Union européenne,B6N_R_PPP_P31S14,"Revenu disponible net réel des ménages et des ISBLSM, déflaté par la consommation finale des ménages et des ISBLSM",XDC,Monnaie nationale,NAAG_V,Part V: Households,2020,,7934813.766262,,N,Ni corrigé des variations saisonnières ni corrigé des effets de calendrier,W,Monde,S1M,Les Ménages et ISBLSM,S1,Economie totale,_Z,Non applicable,B,Solde (recettes moins dépenses),B6N_R,"Revenu disponible réel des ménages, net",_Z,Non applicable,,,,,,,,,,,L,Volumes chaînés,N,Données non transformées,,,,,,,F,Libre (libre pour publication),2,Two,A,Valeur normale,6,Millions,_Z,N'est pas applicable
DATAFLOW,OECD.SDD.NAD:DSD_NAAG@DF_NAAG_V(1.0),NAAG Chapitre 5: Ménages,I,A,Annuelle,EA,Zone euro,B6N_R_PPP_P31S14,"Revenu disponible net réel des ménages et des ISBLSM, déflaté par la consommation finale des ménages et des ISBLSM",XDC,Monnaie nationale,NAAG_V,Part V: Households,2021,,7014334.63582288,,N,Ni corrigé des variations saisonnières ni corrigé des effets de calendrier,W,Monde,S1M,Les Ménages et ISBLSM,S1,Economie totale,_Z,Non applicable,B,Solde (recettes moins dépenses),B6N_R,"Revenu disponible réel des ménages, net",_Z,Non applicable,,,,,,,,,,,L,Volumes chaînés,N,Données non transformées,,,,,,,F,Libre (libre pour publication),2,Two,A,Valeur normale,6,Millions,_Z,N'est pas applicable
DATAFLOW,OECD.SDD.NAD:DSD_NAAG@DF_NAAG_V(1.0),NAAG Chapitre 5: Ménages,I,A,Annuelle,EU,Union européenne,B6N_R_PPP_P31S14,"Revenu disponible net réel des ménages et des ISBLSM, déflaté par la consommation finale des ménages et des ISBLSM",XDC,Monnaie nationale,NAAG_V,Part V: Households,2021,,8111704.07621763,,N,Ni corrigé des variations saisonnières ni corrigé des effets de calendrier,W,Monde,S1M,Les Ménages et ISBLSM,S1,Economie totale,_Z,Non applicable,B,Solde (recettes moins dépenses),B6N_R,"Revenu disponible réel des ménages, net",_Z,Non applicable,,,,,,,,,,,L,Volumes chaînés,N,Données non transformées,,,,,,,F,Libre (libre pour publication),2,Two,A,Valeur normale,6,Millions,_Z,N'est pas applicable
DATAFLOW,OECD.SDD.NAD:DSD_NAAG@DF_NAAG_V(1.0),NAAG Chapitre 5: Ménages,I,A,Annuelle,EA,Zone euro,B6N_R_PPP_P31S14,"Revenu disponible net réel des ménages et des ISBLSM, déflaté par la consommation finale des ménages et des ISBLSM",XDC,Monnaie nationale,NAAG_V,Part V: Households,2022,,7043669.88816981,,N,Ni corrigé des variations saisonnières ni corrigé des effets de calendrier,W,Monde,S1M,Les Ménages et ISBLSM,S1,Economie totale,_Z,Non applicable,B,Solde (recettes moins dépenses),B6N_R,"Revenu disponible réel des ménages, net",_Z,Non applicable,,,,,,,,,,,L,Volumes chaînés,N,Données non transformées,,,,,,,F,Libre (libre pour publication),2,Two,A,Valeur normale,6,Millions,_Z,N'est pas applicable
DATAFLOW,OECD.SDD.NAD:DSD_NAAG@DF_NAAG_V(1.0),NAAG Chapitre 5: Ménages,I,A,Annuelle,EU,Union européenne,B6N_R_PPP_P31S14,"Revenu disponible net réel des ménages et des ISBLSM, déflaté par la consommation finale des ménages et des ISBLSM",XDC,Monnaie nationale,NAAG_V,Part V: Households,2022,,8168517.39822018,,N,Ni corrigé des variations saisonnières ni corrigé des effets de calendrier,W,Monde,S1M,Les Ménages et ISBLSM,S1,Economie totale,_Z,Non applicable,B,Solde (recettes moins dépenses),B6N_R,"Revenu disponible réel des ménages, net",_Z,Non applicable,,,,,,,,,,,L,Volumes chaînés,N,Données non transformées,,,,,,,F,Libre (libre pour publication),2,Two,A,Valeur normale,6,Millions,_Z,N'est pas applicable
DATAFLOW,OECD.SDD.NAD:DSD_NAAG@DF_NAAG_V(1.0),NAAG Chapitre 5: Ménages,I,A,Annuelle,EA,Zone euro,B6N_R_PPP_P31S14,"Revenu disponible net réel des ménages et des ISBLSM, déflaté par la consommation finale des ménages et des ISBLSM",XDC,Monnaie nationale,NAAG_V,Part V: Households,2023,,7137161.73722208,,N,Ni corrigé des variations saisonnières ni corrigé des effets de calendrier,W,Monde,S1M,Les Ménages et ISBLSM,S1,Economie totale,_Z,Non applicable,B,Solde (recettes moins dépenses),B6N_R,"Revenu disponible réel des ménages, net",_Z,Non applicable,,,,,,,,,,,L,Volumes chaînés,N,Données non transformées,,,,,,,F,Libre (libre pour publication),2,Two,A,Valeur normale,6,Millions,_Z,N'est pas applicable
DATAFLOW,OECD.SDD.NAD:DSD_NAAG@DF_NAAG_V(1.0),NAAG Chapitre 5: Ménages,I,A,Annuelle,EU,Union européenne,B6N_R_PPP_P31S14,"Revenu disponible net réel des ménages et des ISBLSM, déflaté par la consommation finale des ménages et des ISBLSM",XDC,Monnaie nationale,NAAG_V,Part V: Households,2023,,8271461.44910952,,N,Ni corrigé des variations saisonnières ni corrigé des effets de calendrier,W,Monde,S1M,Les Ménages et ISBLSM,S1,Economie totale,_Z,Non applicable,B,Solde (recettes moins dépenses),B6N_R,"Revenu disponible réel des ménages, net",_Z,Non applicable,,,,,,,,,,,L,Volumes chaînés,N,Données non transformées,,,,,,,F,Libre (libre pour publication),2,Two,A,Valeur normale,6,Millions,_Z,N'est pas applicable
DATAFLOW,OECD.SDD.NAD:DSD_NAAG@DF_NAAG_V(1.0),NAAG Chapitre 5: Ménages,I,A,Annuelle,EA,Zone euro,B6N_R_PPP_P31S14,"Revenu disponible net réel des ménages et des ISBLSM, déflaté par la consommation finale des ménages et des ISBLSM",XDC,Monnaie nationale,NAAG_V,Part V: Households,2024,,7315370.46427979,,N,Ni corrigé des variations saisonnières ni corrigé des effets de calendrier,W,Monde,S1M,Les Ménages et ISBLSM,S1,Economie totale,_Z,Non applicable,B,Solde (recettes moins dépenses),B6N_R,"Revenu disponible réel des ménages, net",_Z,Non applicable,,,,,,,,,,,L,Volumes chaînés,N,Données non transformées,,,,,,,F,Libre (libre pour publication),2,Two,A,Valeur normale,6,Millions,_Z,N'est pas applicable
DATAFLOW,OECD.SDD.NAD:DSD_NAAG@DF_NAAG_V(1.0),NAAG Chapitre 5: Ménages,I,A,Annuelle,EU,Union européenne,B6N_R_PPP_P31S14,"Revenu disponible net réel des ménages et des ISBLSM, déflaté par la consommation finale des ménages et des ISBLSM",XDC,Monnaie nationale,NAAG_V,Part V: Households,2024,,8492226.58753512,,N,Ni corrigé des variations saisonnières ni corrigé des effets de calendrier,W,Monde,S1M,Les Ménages et ISBLSM,S1,Economie totale,_Z,Non applicable,B,Solde (recettes moins dépenses),B6N_R,"Revenu disponible réel des ménages, net",_Z,Non applicable,,,,,,,,,,,L,Volumes chaînés,N,Données non transformées,,,,,,,F,Libre (libre pour publication),2,Two,A,Valeur normale,6,Millions,_Z,N'est pas applicable
DATAFLOW,OECD.SDD.NAD:DSD_NAAG@DF_NAAG_V(1.0),NAAG Chapitre 5: Ménages,I,A,Annuelle,USA,États-Unis,B6N_R_PPP_P31S14,"Revenu disponible net réel des ménages et des ISBLSM, déflaté par la consommation finale des ménages et des ISBLSM",XDC,Monnaie nationale,NAAG_V,Part V: Households,1990,,7301021.25100116,,N,Ni corrigé des variations saisonnières ni corrigé des effets de calendrier,W,Monde,S1M,Les Ménages et ISBLSM,S1,Economie totale,_Z,Non applicable,B,Solde (recettes moins dépenses),B6N_R,"Revenu disponible réel des ménages, net",_Z,Non applicable,,,,,,,,,,,L,Volumes chaînés,N,Données non transformées,,,,,,,F,Libre (libre pour publication),2,Two,A,Valeur normale,6,Millions,USD,Dollars des États-Unis
DATAFLOW,OECD.SDD.NAD:DSD_NAAG@DF_NAAG_V(1.0),NAAG Chapitre 5: Ménages,I,A,Annuelle,USA,États-Unis,B6N_R_PPP_P31S14,"Revenu disponible net réel des ménages et des ISBLSM, déflaté par la consommation finale des ménages et des ISBLSM",XDC,Monnaie nationale,NAAG_V,Part V: Households,1991,,7360959.6756132,,N,Ni corrigé des variations saisonnières ni corrigé des effets de calendrier,W,Monde,S1M,Les Ménages et ISBLSM,S1,Economie totale,_Z,Non applicable,B,Solde (recettes moins dépenses),B6N_R,"Revenu disponible réel des ménages, net",_Z,Non applicable,,,,,,,,,,,L,Volumes chaînés,N,Données non transformées,,,,,,,F,Libre (libre pour publication),2,Two,A,Valeur normale,6,Millions,USD,Dollars des États-Unis
DATAFLOW,OECD.SDD.NAD:DSD_NAAG@DF_NAAG_V(1.0),NAAG Chapitre 5: Ménages,I,A,Annuelle,USA,États-Unis,B6N_R_PPP_P31S14,"Revenu disponible net réel des ménages et des ISBLSM, déflaté par la consommation finale des ménages et des ISBLSM",XDC,Monnaie nationale,NAAG_V,Part V: Households,1992,,7670955.47274822,,N,Ni corrigé des variations saisonnières ni corrigé des effets de calendrier,W,Monde,S1M,Les Ménages et ISBLSM,S1,Economie totale,_Z,Non applicable,B,Solde (recettes moins dépenses),B6N_R,"Revenu disponible réel des ménages, net",_Z,Non applicable,,,,,,,,,,,L,Volumes chaînés,N,Données non transformées,,,,,,,F,Libre (libre pour publication),2,Two,A,Valeur normale,6,Millions,USD,Dollars des États-Unis
DATAFLOW,OECD.SDD.NAD:DSD_NAAG@DF_NAAG_V(1.0),NAAG Chapitre 5: Ménages,I,A,Annuelle,USA,États-Unis,B6N_R_PPP_P31S14,"Revenu disponible net réel des ménages et des ISBLSM, déflaté par la consommation finale des ménages et des ISBLSM",XDC,Monnaie nationale,NAAG_V,Part V: Households,1993,,7800966.6255522,,N,Ni corrigé des variations saisonnières ni corrigé des effets de calendrier,W,Monde,S1M,Les Ménages et ISBLSM,S1,Economie totale,_Z,Non applicable,B,Solde (recettes moins dépenses),B6N_R,"Revenu disponible réel des ménages, net",_Z,Non applicable,,,,,,,,,,,L,Volumes chaînés,N,Données non transformées,,,,,,,F,Libre (libre pour publication),2,Two,A,Valeur normale,6,Millions,USD,Dollars des États-Unis
DATAFLOW,OECD.SDD.NAD:DSD_NAAG@DF_NAAG_V(1.0),NAAG Chapitre 5: Ménages,I,A,Annuelle,USA,États-Unis,B6N_R_PPP_P31S14,"Revenu disponible net réel des ménages et des ISBLSM, déflaté par la consommation finale des ménages et des ISBLSM",XDC,Monnaie nationale,NAAG_V,Part V: Households,1994,,8009971.43572436,,N,Ni corrigé des variations saisonnières ni corrigé des effets de calendrier,W,Monde,S1M,Les Ménages et ISBLSM,S1,Economie totale,_Z,Non applicable,B,Solde (recettes moins dépenses),B6N_R,"Revenu disponible réel des ménages, net",_Z,Non applicable,,,,,,,,,,,L,Volumes chaînés,N,Données non transformées,,,,,,,F,Libre (libre pour publication),2,Two,A,Valeur normale,6,Millions,USD,Dollars des États-Unis
DATAFLOW,OECD.SDD.NAD:DSD_NAAG@DF_NAAG_V(1.0),NAAG Chapitre 5: Ménages,I,A,Annuelle,USA,États-Unis,B6N_R_PPP_P31S14,"Revenu disponible net réel des ménages et des ISBLSM, déflaté par la consommation finale des ménages et des ISBLSM",XDC,Monnaie nationale,NAAG_V,Part V: Households,1995,,8251808.17415118,,N,Ni corrigé des variations saisonnières ni corrigé des effets de calendrier,W,Monde,S1M,Les Ménages et ISBLSM,S1,Economie totale,_Z,Non applicable,B,Solde (recettes moins dépenses),B6N_R,"Revenu disponible réel des ménages, net",_Z,Non applicable,,,,,,,,,,,L,Volumes chaînés,N,Données non transformées,,,,,,,F,Libre (libre pour publication),2,Two,A,Valeur normale,6,Millions,USD,Dollars des États-Unis
DATAFLOW,OECD.SDD.NAD:DSD_NAAG@DF_NAAG_V(1.0),NAAG Chapitre 5: Ménages,I,A,Annuelle,USA,États-Unis,B6N_R_PPP_P31S14,"Revenu disponible net réel des ménages et des ISBLSM, déflaté par la consommation finale des ménages et des ISBLSM",XDC,Monnaie nationale,NAAG_V,Part V: Households,1996,,8491794.80095447,,N,Ni corrigé des variations saisonnières ni corrigé des effets de calendrier,W,Monde,S1M,Les Ménages et ISBLSM,S1,Economie totale,_Z,Non applicable,B,Solde (recettes moins dépenses),B6N_R,"Revenu disponible réel des ménages, net",_Z,Non applicable,,,,,,,,,,,L,Volumes chaînés,N,Données non transformées,,,,,,,F,Libre (libre pour publication),2,Two,A,Valeur normale,6,Millions,USD,Dollars des États-Unis
DATAFLOW,OECD.SDD.NAD:DSD_NAAG@DF_NAAG_V(1.0),NAAG Chapitre 5: Ménages,I,A,Annuelle,USA,États-Unis,B6N_R_PPP_P31S14,"Revenu disponible net réel des ménages et des ISBLSM, déflaté par la consommation finale des ménages et des ISBLSM",XDC,Monnaie nationale,NAAG_V,Part V: Households,1997,,8783623.87076824,,N,Ni corrigé des variations saisonnières ni corrigé des effets de calendrier,W,Monde,S1M,Les Ménages et ISBLSM,S1,Economie totale,_Z,Non applicable,B,Solde (recettes moins dépenses),B6N_R,"Revenu disponible réel des ménages, net",_Z,Non applicable,,,,,,,,,,,L,Volumes chaînés,N,Données non transformées,,,,,,,F,Libre (libre pour publication),2,Two,A,Valeur normale,6,Millions,USD,Dollars des États-Unis
DATAFLOW,OECD.SDD.NAD:DSD_NAAG@DF_NAAG_V(1.0),NAAG Chapitre 5: Ménages,I,A,Annuelle,USA,États-Unis,B6N_R_PPP_P31S14,"Revenu disponible net réel des ménages et des ISBLSM, déflaté par la consommation finale des ménages et des ISBLSM",XDC,Monnaie nationale,NAAG_V,Part V: Households,1998,,9294319.68046457,,N,Ni corrigé des variations saisonnières ni corrigé des effets de calendrier,W,Monde,S1M,Les Ménages et ISBLSM,S1,Economie totale,_Z,Non applicable,B,Solde (recettes moins dépenses),B6N_R,"Revenu disponible réel des ménages, net",_Z,Non applicable,,,,,,,,,,,L,Volumes chaînés,N,Données non transformées,,,,,,,F,Libre (libre pour publication),2,Two,A,Valeur normale,6,Millions,USD,Dollars des États-Unis
DATAFLOW,OECD.SDD.NAD:DSD_NAAG@DF_NAAG_V(1.0),NAAG Chapitre 5: Ménages,I,A,Annuelle,USA,États-Unis,B6N_R_PPP_P31S14,"Revenu disponible net réel des ménages et des ISBLSM, déflaté par la consommation finale des ménages et des ISBLSM",XDC,Monnaie nationale,NAAG_V,Part V: Households,1999,,9593652.20866045,,N,Ni corrigé des variations saisonnières ni corrigé des effets de calendrier,W,Monde,S1M,Les Ménages et ISBLSM,S1,Economie totale,_Z,Non applicable,B,Solde (recettes moins dépenses),B6N_R,"Revenu disponible réel des ménages, net",_Z,Non applicable,,,,,,,,,,,L,Volumes chaînés,N,Données non transformées,,,,,,,F,Libre (libre pour publication),2,Two,A,Valeur normale,6,Millions,USD,Dollars des États-Unis
DATAFLOW,OECD.SDD.NAD:DSD_NAAG@DF_NAAG_V(1.0),NAAG Chapitre 5: Ménages,I,A,Annuelle,USA,États-Unis,B6N_R_PPP_P31S14,"Revenu disponible net réel des ménages et des ISBLSM, déflaté par la consommation finale des ménages et des ISBLSM",XDC,Monnaie nationale,NAAG_V,Part V: Households,2000,,10043843.8558238,,N,Ni corrigé des variations saisonnières ni corrigé des effets de calendrier,W,Monde,S1M,Les Ménages et ISBLSM,S1,Economie totale,_Z,Non applicable,B,Solde (recettes moins dépenses),B6N_R,"Revenu disponible réel des ménages, net",_Z,Non applicable,,,,,,,,,,,L,Volumes chaînés,N,Données non transformées,,,,,,,F,Libre (libre pour publication),2,Two,A,Valeur normale,6,Millions,USD,Dollars des États-Unis
DATAFLOW,OECD.SDD.NAD:DSD_NAAG@DF_NAAG_V(1.0),NAAG Chapitre 5: Ménages,I,A,Annuelle,USA,États-Unis,B6N_R_PPP_P31S14,"Revenu disponible net réel des ménages et des ISBLSM, déflaté par la consommation finale des ménages et des ISBLSM",XDC,Monnaie nationale,NAAG_V,Part V: Households,2001,,10337019.6430932,,N,Ni corrigé des variations saisonnières ni corrigé des effets de calendrier,W,Monde,S1M,Les Ménages et ISBLSM,S1,Economie totale,_Z,Non applicable,B,Solde (recettes moins dépenses),B6N_R,"Revenu disponible réel des ménages, net",_Z,Non applicable,,,,,,,,,,,L,Volumes chaînés,N,Données non transformées,,,,,,,F,Libre (libre pour publication),2,Two,A,Valeur normale,6,Millions,USD,Dollars des États-Unis
DATAFLOW,OECD.SDD.NAD:DSD_NAAG@DF_NAAG_V(1.0),NAAG Chapitre 5: Ménages,I,A,Annuelle,USA,États-Unis,B6N_R_PPP_P31S14,"Revenu disponible net réel des ménages et des ISBLSM, déflaté par la consommation finale des ménages et des ISBLSM",XDC,Monnaie nationale,NAAG_V,Part V: Households,2002,,10701840.4689573,,N,Ni corrigé des variations saisonnières ni corrigé des effets de calendrier,W,Monde,S1M,Les Ménages et ISBLSM,S1,Economie totale,_Z,Non applicable,B,Solde (recettes moins dépenses),B6N_R,"Revenu disponible réel des ménages, net",_Z,Non applicable,,,,,,,,,,,L,Volumes chaînés,N,Données non transformées,,,,,,,F,Libre (libre pour publication),2,Two,A,Valeur normale,6,Millions,USD,Dollars des États-Unis
DATAFLOW,OECD.SDD.NAD:DSD_NAAG@DF_NAAG_V(1.0),NAAG Chapitre 5: Ménages,I,A,Annuelle,USA,États-Unis,B6N_R_PPP_P31S14,"Revenu disponible net réel des ménages et des ISBLSM, déflaté par la consommation finale des ménages et des ISBLSM",XDC,Monnaie nationale,NAAG_V,Part V: Households,2003,,10992390.1442924,,N,Ni corrigé des variations saisonnières ni corrigé des effets de calendrier,W,Monde,S1M,Les Ménages et ISBLSM,S1,Economie totale,_Z,Non applicable,B,Solde (recettes moins dépenses),B6N_R,"Revenu disponible réel des ménages, net",_Z,Non applicable,,,,,,,,,,,L,Volumes chaînés,N,Données non transformées,,,,,,,F,Libre (libre pour publication),2,Two,A,Valeur normale,6,Millions,USD,Dollars des États-Unis
DATAFLOW,OECD.SDD.NAD:DSD_NAAG@DF_NAAG_V(1.0),NAAG Chapitre 5: Ménages,I,A,Annuelle,USA,États-Unis,B6N_R_PPP_P31S14,"Revenu disponible net réel des ménages et des ISBLSM, déflaté par la consommation finale des ménages et des ISBLSM",XDC,Monnaie nationale,NAAG_V,Part V: Households,2004,,11340251.3427965,,N,Ni corrigé des variations saisonnières ni corrigé des effets de calendrier,W,Monde,S1M,Les Ménages et ISBLSM,S1,Economie totale,_Z,Non applicable,B,Solde (recettes moins dépenses),B6N_R,"Revenu disponible réel des ménages, net",_Z,Non applicable,,,,,,,,,,,L,Volumes chaînés,N,Données non transformées,,,,,,,F,Libre (libre pour publication),2,Two,A,Valeur normale,6,Millions,USD,Dollars des États-Unis
DATAFLOW,OECD.SDD.NAD:DSD_NAAG@DF_NAAG_V(1.0),NAAG Chapitre 5: Ménages,I,A,Annuelle,USA,États-Unis,B6N_R_PPP_P31S14,"Revenu disponible net réel des ménages et des ISBLSM, déflaté par la consommation finale des ménages et des ISBLSM",XDC,Monnaie nationale,NAAG_V,Part V: Households,2005,,11442250.5490151,,N,Ni corrigé des variations saisonnières ni corrigé des effets de calendrier,W,Monde,S1M,Les Ménages et ISBLSM,S1,Economie totale,_Z,Non applicable,B,Solde (recettes moins dépenses),B6N_R,"Revenu disponible réel des ménages, net",_Z,Non applicable,,,,,,,,,,,L,Volumes chaînés,N,Données non transformées,,,,,,,F,Libre (libre pour publication),2,Two,A,Valeur normale,6,Millions,USD,Dollars des États-Unis
DATAFLOW,OECD.SDD.NAD:DSD_NAAG@DF_NAAG_V(1.0),NAAG Chapitre 5: Ménages,I,A,Annuelle,USA,États-Unis,B6N_R_PPP_P31S14,"Revenu disponible net réel des ménages et des ISBLSM, déflaté par la consommation finale des ménages et des ISBLSM",XDC,Monnaie nationale,NAAG_V,Part V: Households,2006,,11841515.8428466,,N,Ni corrigé des variations saisonnières ni corrigé des effets de calendrier,W,Monde,S1M,Les Ménages et ISBLSM,S1,Economie totale,_Z,Non applicable,B,Solde (recettes moins dépenses),B6N_R,"Revenu disponible réel des ménages, net",_Z,Non applicable,,,,,,,,,,,L,Volumes chaînés,N,Données non transformées,,,,,,,F,Libre (libre pour publication),2,Two,A,Valeur normale,6,Millions,USD,Dollars des États-Unis
DATAFLOW,OECD.SDD.NAD:DSD_NAAG@DF_NAAG_V(1.0),NAAG Chapitre 5: Ménages,I,A,Annuelle,USA,États-Unis,B6N_R_PPP_P31S14,"Revenu disponible net réel des ménages et des ISBLSM, déflaté par la consommation finale des ménages et des ISBLSM",XDC,Monnaie nationale,NAAG_V,Part V: Households,2007,,12097362.7668239,,N,Ni corrigé des variations saisonnières ni corrigé des effets de calendrier,W,Monde,S1M,Les Ménages et ISBLSM,S1,Economie totale,_Z,Non applicable,B,Solde (recettes moins dépenses),B6N_R,"Revenu disponible réel des ménages, net",_Z,Non applicable,,,,,,,,,,,L,Volumes chaînés,N,Données non transformées,,,,,,,F,Libre (libre pour publication),2,Two,A,Valeur normale,6,Millions,USD,Dollars des États-Unis
DATAFLOW,OECD.SDD.NAD:DSD_NAAG@DF_NAAG_V(1.0),NAAG Chapitre 5: Ménages,I,A,Annuelle,USA,États-Unis,B6N_R_PPP_P31S14,"Revenu disponible net réel des ménages et des ISBLSM, déflaté par la consommation finale des ménages et des ISBLSM",XDC,Monnaie nationale,NAAG_V,Part V: Households,2008,,12326609.5546329,,N,Ni corrigé des variations saisonnières ni corrigé des effets de calendrier,W,Monde,S1M,Les Ménages et ISBLSM,S1,Economie totale,_Z,Non applicable,B,Solde (recettes moins dépenses),B6N_R,"Revenu disponible réel des ménages, net",_Z,Non applicable,,,,,,,,,,,L,Volumes chaînés,N,Données non transformées,,,,,,,F,Libre (libre pour publication),2,Two,A,Valeur normale,6,Millions,USD,Dollars des États-Unis
DATAFLOW,OECD.SDD.NAD:DSD_NAAG@DF_NAAG_V(1.0),NAAG Chapitre 5: Ménages,I,A,Annuelle,USA,États-Unis,B6N_R_PPP_P31S14,"Revenu disponible net réel des ménages et des ISBLSM, déflaté par la consommation finale des ménages et des ISBLSM",XDC,Monnaie nationale,NAAG_V,Part V: Households,2009,,12378271.8552857,,N,Ni corrigé des variations saisonnières ni corrigé des effets de calendrier,W,Monde,S1M,Les Ménages et ISBLSM,S1,Economie totale,_Z,Non applicable,B,Solde (recettes moins dépenses),B6N_R,"Revenu disponible réel des ménages, net",_Z,Non applicable,,,,,,,,,,,L,Volumes chaînés,N,Données non transformées,,,,,,,F,Libre (libre pour publication),2,Two,A,Valeur normale,6,Millions,USD,Dollars des États-Unis
DATAFLOW,OECD.SDD.NAD:DSD_NAAG@DF_NAAG_V(1.0),NAAG Chapitre 5: Ménages,I,A,Annuelle,USA,États-Unis,B6N_R_PPP_P31S14,"Revenu disponible net réel des ménages et des ISBLSM, déflaté par la consommation finale des ménages et des ISBLSM",XDC,Monnaie nationale,NAAG_V,Part V: Households,2010,,12640985.8712815,,N,Ni corrigé des variations saisonnières ni corrigé des effets de calendrier,W,Monde,S1M,Les Ménages et ISBLSM,S1,Economie totale,_Z,Non applicable,B,Solde (recettes moins dépenses),B6N_R,"Revenu disponible réel des ménages, net",_Z,Non applicable,,,,,,,,,,,L,Volumes chaînés,N,Données non transformées,,,,,,,F,Libre (libre pour publication),2,Two,A,Valeur normale,6,Millions,USD,Dollars des États-Unis
DATAFLOW,OECD.SDD.NAD:DSD_NAAG@DF_NAAG_V(1.0),NAAG Chapitre 5: Ménages,I,A,Annuelle,USA,États-Unis,B6N_R_PPP_P31S14,"Revenu disponible net réel des ménages et des ISBLSM, déflaté par la consommation finale des ménages et des ISBLSM",XDC,Monnaie nationale,NAAG_V,Part V: Households,2011,,12941965.1210367,,N,Ni corrigé des variations saisonnières ni corrigé des effets de calendrier,W,Monde,S1M,Les Ménages et ISBLSM,S1,Economie totale,_Z,Non applicable,B,Solde (recettes moins dépenses),B6N_R,"Revenu disponible réel des ménages, net",_Z,Non applicable,,,,,,,,,,,L,Volumes chaînés,N,Données non transformées,,,,,,,F,Libre (libre pour publication),2,Two,A,Valeur normale,6,Millions,USD,Dollars des États-Unis
DATAFLOW,OECD.SDD.NAD:DSD_NAAG@DF_NAAG_V(1.0),NAAG Chapitre 5: Ménages,I,A,Annuelle,USA,États-Unis,B6N_R_PPP_P31S14,"Revenu disponible net réel des ménages et des ISBLSM, déflaté par la consommation finale des ménages et des ISBLSM",XDC,Monnaie nationale,NAAG_V,Part V: Households,2012,,13312647.0896245,,N,Ni corrigé des variations saisonnières ni corrigé des effets de calendrier,W,Monde,S1M,Les Ménages et ISBLSM,S1,Economie totale,_Z,Non applicable,B,Solde (recettes moins dépenses),B6N_R,"Revenu disponible réel des ménages, net",_Z,Non applicable,,,,,,,,,,,L,Volumes chaînés,N,Données non transformées,,,,,,,F,Libre (libre pour publication),2,Two,A,Valeur normale,6,Millions,USD,Dollars des États-Unis
DATAFLOW,OECD.SDD.NAD:DSD_NAAG@DF_NAAG_V(1.0),NAAG Chapitre 5: Ménages,I,A,Annuelle,USA,États-Unis,B6N_R_PPP_P31S14,"Revenu disponible net réel des ménages et des ISBLSM, déflaté par la consommation finale des ménages et des ISBLSM",XDC,Monnaie nationale,NAAG_V,Part V: Households,2013,,13117582.0866782,,N,Ni corrigé des variations saisonnières ni corrigé des effets de calendrier,W,Monde,S1M,Les Ménages et ISBLSM,S1,Economie totale,_Z,Non applicable,B,Solde (recettes moins dépenses),B6N_R,"Revenu disponible réel des ménages, net",_Z,Non applicable,,,,,,,,,,,L,Volumes chaînés,N,Données non transformées,,,,,,,F,Libre (libre pour publication),2,Two,A,Valeur normale,6,Millions,USD,Dollars des États-Unis
DATAFLOW,OECD.SDD.NAD:DSD_NAAG@DF_NAAG_V(1.0),NAAG Chapitre 5: Ménages,I,A,Annuelle,USA,États-Unis,B6N_R_PPP_P31S14,"Revenu disponible net réel des ménages et des ISBLSM, déflaté par la consommation finale des ménages et des ISBLSM",XDC,Monnaie nationale,NAAG_V,Part V: Households,2014,,13564300.8337848,,N,Ni corrigé des variations saisonnières ni corrigé des effets de calendrier,W,Monde,S1M,Les Ménages et ISBLSM,S1,Economie totale,_Z,Non applicable,B,Solde (recettes moins dépenses),B6N_R,"Revenu disponible réel des ménages, net",_Z,Non applicable,,,,,,,,,,,L,Volumes chaînés,N,Données non transformées,,,,,,,F,Libre (libre pour publication),2,Two,A,Valeur normale,6,Millions,USD,Dollars des États-Unis
DATAFLOW,OECD.SDD.NAD:DSD_NAAG@DF_NAAG_V(1.0),NAAG Chapitre 5: Ménages,I,A,Annuelle,USA,États-Unis,B6N_R_PPP_P31S14,"Revenu disponible net réel des ménages et des ISBLSM, déflaté par la consommation finale des ménages et des ISBLSM",XDC,Monnaie nationale,NAAG_V,Part V: Households,2015,,14079007.4432455,,N,Ni corrigé des variations saisonnières ni corrigé des effets de calendrier,W,Monde,S1M,Les Ménages et ISBLSM,S1,Economie totale,_Z,Non applicable,B,Solde (recettes moins dépenses),B6N_R,"Revenu disponible réel des ménages, net",_Z,Non applicable,,,,,,,,,,,L,Volumes chaînés,N,Données non transformées,,,,,,,F,Libre (libre pour publication),2,Two,A,Valeur normale,6,Millions,USD,Dollars des États-Unis
DATAFLOW,OECD.SDD.NAD:DSD_NAAG@DF_NAAG_V(1.0),NAAG Chapitre 5: Ménages,I,A,Annuelle,USA,États-Unis,B6N_R_PPP_P31S14,"Revenu disponible net réel des ménages et des ISBLSM, déflaté par la consommation finale des ménages et des ISBLSM",XDC,Monnaie nationale,NAAG_V,Part V: Households,2016,,14347925.0663069,,N,Ni corrigé des variations saisonnières ni corrigé des effets de calendrier,W,Monde,S1M,Les Ménages et ISBLSM,S1,Economie totale,_Z,Non applicable,B,Solde (recettes moins dépenses),B6N_R,"Revenu disponible réel des ménages, net",_Z,Non applicable,,,,,,,,,,,L,Volumes chaînés,N,Données non transformées,,,,,,,F,Libre (libre pour publication),2,Two,A,Valeur normale,6,Millions,USD,Dollars des États-Unis
DATAFLOW,OECD.SDD.NAD:DSD_NAAG@DF_NAAG_V(1.0),NAAG Chapitre 5: Ménages,I,A,Annuelle,USA,États-Unis,B6N_R_PPP_P31S14,"Revenu disponible net réel des ménages et des ISBLSM, déflaté par la consommation finale des ménages et des ISBLSM",XDC,Monnaie nationale,NAAG_V,Part V: Households,2017,,14791749.8248872,,N,Ni corrigé des variations saisonnières ni corrigé des effets de calendrier,W,Monde,S1M,Les Ménages et ISBLSM,S1,Economie totale,_Z,Non applicable,B,Solde (recettes moins dépenses),B6N_R,"Revenu disponible réel des ménages, net",_Z,Non applicable,,,,,,,,,,,L,Volumes chaînés,N,Données non transformées,,,,,,,F,Libre (libre pour publication),2,Two,A,Valeur normale,6,Millions,USD,Dollars des États-Unis
DATAFLOW,OECD.SDD.NAD:DSD_NAAG@DF_NAAG_V(1.0),NAAG Chapitre 5: Ménages,I,A,Annuelle,USA,États-Unis,B6N_R_PPP_P31S14,"Revenu disponible net réel des ménages et des ISBLSM, déflaté par la consommation finale des ménages et des ISBLSM",XDC,Monnaie nationale,NAAG_V,Part V: Households,2018,,15314365.8924404,,N,Ni corrigé des variations saisonnières ni corrigé des effets de calendrier,W,Monde,S1M,Les Ménages et ISBLSM,S1,Economie totale,_Z,Non applicable,B,Solde (recettes moins dépenses),B6N_R,"Revenu disponible réel des ménages, net",_Z,Non applicable,,,,,,,,,,,L,Volumes chaînés,N,Données non transformées,,,,,,,F,Libre (libre pour publication),2,Two,A,Valeur normale,6,Millions,USD,Dollars des États-Unis
DATAFLOW,OECD.SDD.NAD:DSD_NAAG@DF_NAAG_V(1.0),NAAG Chapitre 5: Ménages,I,A,Annuelle,USA,États-Unis,B6N_R_PPP_P31S14,"Revenu disponible net réel des ménages et des ISBLSM, déflaté par la consommation finale des ménages et des ISBLSM",XDC,Monnaie nationale,NAAG_V,Part V: Households,2019,,15790353.0116482,,N,Ni corrigé des variations saisonnières ni corrigé des effets de calendrier,W,Monde,S1M,Les Ménages et ISBLSM,S1,Economie totale,_Z,Non applicable,B,Solde (recettes moins dépenses),B6N_R,"Revenu disponible réel des ménages, net",_Z,Non applicable,,,,,,,,,,,L,Volumes chaînés,N,Données non transformées,,,,,,,F,Libre (libre pour publication),2,Two,A,Valeur normale,6,Millions,USD,Dollars des États-Unis
DATAFLOW,OECD.SDD.NAD:DSD_NAAG@DF_NAAG_V(1.0),NAAG Chapitre 5: Ménages,I,A,Annuelle,USA,États-Unis,B6N_R_PPP_P31S14,"Revenu disponible net réel des ménages et des ISBLSM, déflaté par la consommation finale des ménages et des ISBLSM",XDC,Monnaie nationale,NAAG_V,Part V: Households,2020,,16884667,,N,Ni corrigé des variations saisonnières ni corrigé des effets de calendrier,W,Monde,S1M,Les Ménages et ISBLSM,S1,Economie totale,_Z,Non applicable,B,Solde (recettes moins dépenses),B6N_R,"Revenu disponible réel des ménages, net",_Z,Non applicable,,,,,,,,,,,L,Volumes chaînés,N,Données non transformées,,,,,,,F,Libre (libre pour publication),2,Two,A,Valeur normale,6,Millions,USD,Dollars des États-Unis
DATAFLOW,OECD.SDD.NAD:DSD_NAAG@DF_NAAG_V(1.0),NAAG Chapitre 5: Ménages,I,A,Annuelle,USA,États-Unis,B6N_R_PPP_P31S14,"Revenu disponible net réel des ménages et des ISBLSM, déflaté par la consommation finale des ménages et des ISBLSM",XDC,Monnaie nationale,NAAG_V,Part V: Households,2021,,17490097.8274193,,N,Ni corrigé des variations saisonnières ni corrigé des effets de calendrier,W,Monde,S1M,Les Ménages et ISBLSM,S1,Economie totale,_Z,Non applicable,B,Solde (recettes moins dépenses),B6N_R,"Revenu disponible réel des ménages, net",_Z,Non applicable,,,,,,,,,,,L,Volumes chaînés,N,Données non transformées,,,,,,,F,Libre (libre pour publication),2,Two,A,Valeur normale,6,Millions,USD,Dollars des États-Unis
DATAFLOW,OECD.SDD.NAD:DSD_NAAG@DF_NAAG_V(1.0),NAAG Chapitre 5: Ménages,I,A,Annuelle,USA,États-Unis,B6N_R_PPP_P31S14,"Revenu disponible net réel des ménages et des ISBLSM, déflaté par la consommation finale des ménages et des ISBLSM",XDC,Monnaie nationale,NAAG_V,Part V: Households,2022,,16458933.6974655,,N,Ni corrigé des variations saisonnières ni corrigé des effets de calendrier,W,Monde,S1M,Les Ménages et ISBLSM,S1,Economie totale,_Z,Non applicable,B,Solde (recettes moins dépenses),B6N_R,"Revenu disponible réel des ménages, net",_Z,Non applicable,,,,,,,,,,,L,Volumes chaînés,N,Données non transformées,,,,,,,F,Libre (libre pour publication),2,Two,A,Valeur normale,6,Millions,USD,Dollars des États-Unis
DATAFLOW,OECD.SDD.NAD:DSD_NAAG@DF_NAAG_V(1.0),NAAG Chapitre 5: Ménages,I,A,Annuelle,USA,États-Unis,B6N_R_PPP_P31S14,"Revenu disponible net réel des ménages et des ISBLSM, déflaté par la consommation finale des ménages et des ISBLSM",XDC,Monnaie nationale,NAAG_V,Part V: Households,2023,,17188080.7171835,,N,Ni corrigé des variations saisonnières ni corrigé des effets de calendrier,W,Monde,S1M,Les Ménages et ISBLSM,S1,Economie totale,_Z,Non applicable,B,Solde (recettes moins dépenses),B6N_R,"Revenu disponible réel des ménages, net",_Z,Non applicable,,,,,,,,,,,L,Volumes chaînés,N,Données non transformées,,,,,,,F,Libre (libre pour publication),2,Two,A,Valeur normale,6,Millions,USD,Dollars des États-Unis
DATAFLOW,OECD.SDD.NAD:DSD_NAAG@DF_NAAG_V(1.0),NAAG Chapitre 5: Ménages,I,A,Annuelle,FIN,Finlande,B6N_R_PPP_P31S14,"Revenu disponible net réel des ménages et des ISBLSM, déflaté par la consommation finale des ménages et des ISBLSM",XDC,Monnaie nationale,NAAG_V,Part V: Households,1990,,77903.3416170187,,N,Ni corrigé des variations saisonnières ni corrigé des effets de calendrier,W,Monde,S1M,Les Ménages et ISBLSM,S1,Economie totale,_Z,Non applicable,B,Solde (recettes moins dépenses),B6N_R,"Revenu disponible réel des ménages, net",_Z,Non applicable,,,,,,,,,,,L,Volumes chaînés,N,Données non transformées,,,,,,,F,Libre (libre pour publication),2,Two,A,Valeur normale,6,Millions,EUR,Euro
DATAFLOW,OECD.SDD.NAD:DSD_NAAG@DF_NAAG_V(1.0),NAAG Chapitre 5: Ménages,I,A,Annuelle,FRA,France,B6N_R_PPP_P31S14,"Revenu disponible net réel des ménages et des ISBLSM, déflaté par la consommation finale des ménages et des ISBLSM",XDC,Monnaie nationale,NAAG_V,Part V: Households,1990,,881376.437096641,,N,Ni corrigé des variations saisonnières ni corrigé des effets de calendrier,W,Monde,S1M,Les Ménages et ISBLSM,S1,Economie totale,_Z,Non applicable,B,Solde (recettes moins dépenses),B6N_R,"Revenu disponible réel des ménages, net",_Z,Non applicable,,,,,,,,,,,L,Volumes chaînés,N,Données non transformées,,,,,,,F,Libre (libre pour publication),2,Two,A,Valeur normale,6,Millions,EUR,Euro
DATAFLOW,OECD.SDD.NAD:DSD_NAAG@DF_NAAG_V(1.0),NAAG Chapitre 5: Ménages,I,A,Annuelle,FIN,Finlande,B6N_R_PPP_P31S14,"Revenu disponible net réel des ménages et des ISBLSM, déflaté par la consommation finale des ménages et des ISBLSM",XDC,Monnaie nationale,NAAG_V,Part V: Households,1991,,79640.6099761897,,N,Ni corrigé des variations saisonnières ni corrigé des effets de calendrier,W,Monde,S1M,Les Ménages et ISBLSM,S1,Economie totale,_Z,Non applicable,B,Solde (recettes moins dépenses),B6N_R,"Revenu disponible réel des ménages, net",_Z,Non applicable,,,,,,,,,,,L,Volumes chaînés,N,Données non transformées,,,,,,,F,Libre (libre pour publication),2,Two,A,Valeur normale,6,Millions,EUR,Euro
DATAFLOW,OECD.SDD.NAD:DSD_NAAG@DF_NAAG_V(1.0),NAAG Chapitre 5: Ménages,I,A,Annuelle,FRA,France,B6N_R_PPP_P31S14,"Revenu disponible net réel des ménages et des ISBLSM, déflaté par la consommation finale des ménages et des ISBLSM",XDC,Monnaie nationale,NAAG_V,Part V: Households,1991,,893314.466413838,,N,Ni corrigé des variations saisonnières ni corrigé des effets de calendrier,W,Monde,S1M,Les Ménages et ISBLSM,S1,Economie totale,_Z,Non applicable,B,Solde (recettes moins dépenses),B6N_R,"Revenu disponible réel des ménages, net",_Z,Non applicable,,,,,,,,,,,L,Volumes chaînés,N,Données non transformées,,,,,,,F,Libre (libre pour publication),2,Two,A,Valeur normale,6,Millions,EUR,Euro
DATAFLOW,OECD.SDD.NAD:DSD_NAAG@DF_NAAG_V(1.0),NAAG Chapitre 5: Ménages,I,A,Annuelle,FIN,Finlande,B6N_R_PPP_P31S14,"Revenu disponible net réel des ménages et des ISBLSM, déflaté par la consommation finale des ménages et des ISBLSM",XDC,Monnaie nationale,NAAG_V,Part V: Households,1992,,78294.5039016616,,N,Ni corrigé des variations saisonnières ni corrigé des effets de calendrier,W,Monde,S1M,Les Ménages et ISBLSM,S1,Economie totale,_Z,Non applicable,B,Solde (recettes moins dépenses),B6N_R,"Revenu disponible réel des ménages, net",_Z,Non applicable,,,,,,,,,,,L,Volumes chaînés,N,Données non transformées,,,,,,,F,Libre (libre pour publication),2,Two,A,Valeur normale,6,Millions,EUR,Euro
DATAFLOW,OECD.SDD.NAD:DSD_NAAG@DF_NAAG_V(1.0),NAAG Chapitre 5: Ménages,I,A,Annuelle,FRA,France,B6N_R_PPP_P31S14,"Revenu disponible net réel des ménages et des ISBLSM, déflaté par la consommation finale des ménages et des ISBLSM",XDC,Monnaie nationale,NAAG_V,Part V: Households,1992,,916410.553070414,,N,Ni corrigé des variations saisonnières ni corrigé des effets de calendrier,W,Monde,S1M,Les Ménages et ISBLSM,S1,Economie totale,_Z,Non applicable,B,Solde (recettes moins dépenses),B6N_R,"Revenu disponible réel des ménages, net",_Z,Non applicable,,,,,,,,,,,L,Volumes chaînés,N,Données non transformées,,,,,,,F,Libre (libre pour publication),2,Two,A,Valeur normale,6,Millions,EUR,Euro
DATAFLOW,OECD.SDD.NAD:DSD_NAAG@DF_NAAG_V(1.0),NAAG Chapitre 5: Ménages,I,A,Annuelle,FIN,Finlande,B6N_R_PPP_P31S14,"Revenu disponible net réel des ménages et des ISBLSM, déflaté par la consommation finale des ménages et des ISBLSM",XDC,Monnaie nationale,NAAG_V,Part V: Households,1993,,74140.1760352905,,N,Ni corrigé des variations saisonnières ni corrigé des effets de calendrier,W,Monde,S1M,Les Ménages et ISBLSM,S1,Economie totale,_Z,Non applicable,B,Solde (recettes moins dépenses),B6N_R,"Revenu disponible réel des ménages, net",_Z,Non applicable,,,,,,,,,,,L,Volumes chaînés,N,Données non transformées,,,,,,,F,Libre (libre pour publication),2,Two,A,Valeur normale,6,Millions,EUR,Euro
DATAFLOW,OECD.SDD.NAD:DSD_NAAG@DF_NAAG_V(1.0),NAAG Chapitre 5: Ménages,I,A,Annuelle,FRA,France,B6N_R_PPP_P31S14,"Revenu disponible net réel des ménages et des ISBLSM, déflaté par la consommation finale des ménages et des ISBLSM",XDC,Monnaie nationale,NAAG_V,Part V: Households,1993,,926000.017877509,,N,Ni corrigé des variations saisonnières ni corrigé des effets de calendrier,W,Monde,S1M,Les Ménages et ISBLSM,S1,Economie totale,_Z,Non applicable,B,Solde (recettes moins dépenses),B6N_R,"Revenu disponible réel des ménages, net",_Z,Non applicable,,,,,,,,,,,L,Volumes chaînés,N,Données non transformées,,,,,,,F,Libre (libre pour publication),2,Two,A,Valeur normale,6,Millions,EUR,Euro
DATAFLOW,OECD.SDD.NAD:DSD_NAAG@DF_NAAG_V(1.0),NAAG Chapitre 5: Ménages,I,A,Annuelle,FIN,Finlande,B6N_R_PPP_P31S14,"Revenu disponible net réel des ménages et des ISBLSM, déflaté par la consommation finale des ménages et des ISBLSM",XDC,Monnaie nationale,NAAG_V,Part V: Households,1994,,71396.8924671835,,N,Ni corrigé des variations saisonnières ni corrigé des effets de calendrier,W,Monde,S1M,Les Ménages et ISBLSM,S1,Economie totale,_Z,Non applicable,B,Solde (recettes moins dépenses),B6N_R,"Revenu disponible réel des ménages, net",_Z,Non applicable,,,,,,,,,,,L,Volumes chaînés,N,Données non transformées,,,,,,,F,Libre (libre pour publication),2,Two,A,Valeur normale,6,Millions,EUR,Euro
DATAFLOW,OECD.SDD.NAD:DSD_NAAG@DF_NAAG_V(1.0),NAAG Chapitre 5: Ménages,I,A,Annuelle,FRA,France,B6N_R_PPP_P31S14,"Revenu disponible net réel des ménages et des ISBLSM, déflaté par la consommation finale des ménages et des ISBLSM",XDC,Monnaie nationale,NAAG_V,Part V: Households,1994,,931820.005196064,,N,Ni corrigé des variations saisonnières ni corrigé des effets de calendrier,W,Monde,S1M,Les Ménages et ISBLSM,S1,Economie totale,_Z,Non applicable,B,Solde (recettes moins dépenses),B6N_R,"Revenu disponible réel des ménages, net",_Z,Non applicable,,,,,,,,,,,L,Volumes chaînés,N,Données non transformées,,,,,,,F,Libre (libre pour publication),2,Two,A,Valeur normale,6,Millions,EUR,Euro
DATAFLOW,OECD.SDD.NAD:DSD_NAAG@DF_NAAG_V(1.0),NAAG Chapitre 5: Ménages,I,A,Annuelle,AUT,Autriche,B6N_R_PPP_P31S14,"Revenu disponible net réel des ménages et des ISBLSM, déflaté par la consommation finale des ménages et des ISBLSM",XDC,Monnaie nationale,NAAG_V,Part V: Households,1995,,165891.719027134,,N,Ni corrigé des variations saisonnières ni corrigé des effets de calendrier,W,Monde,S1M,Les Ménages et ISBLSM,S1,Economie totale,_Z,Non applicable,B,Solde (recettes moins dépenses),B6N_R,"Revenu disponible réel des ménages, net",_Z,Non applicable,,,,,,,,,,,L,Volumes chaînés,N,Données non transformées,,,,,,,F,Libre (libre pour publication),2,Two,A,Valeur normale,6,Millions,EUR,Euro
DATAFLOW,OECD.SDD.NAD:DSD_NAAG@DF_NAAG_V(1.0),NAAG Chapitre 5: Ménages,I,A,Annuelle,BEL,Belgique,B6N_R_PPP_P31S14,"Revenu disponible net réel des ménages et des ISBLSM, déflaté par la consommation finale des ménages et des ISBLSM",XDC,Monnaie nationale,NAAG_V,Part V: Households,1995,,200012.514633476,,N,Ni corrigé des variations saisonnières ni corrigé des effets de calendrier,W,Monde,S1M,Les Ménages et ISBLSM,S1,Economie totale,_Z,Non applicable,B,Solde (recettes moins dépenses),B6N_R,"Revenu disponible réel des ménages, net",_Z,Non applicable,,,,,,,,,,,L,Volumes chaînés,N,Données non transformées,,,,,,,F,Libre (libre pour publication),2,Two,A,Valeur normale,6,Millions,EUR,Euro
DATAFLOW,OECD.SDD.NAD:DSD_NAAG@DF_NAAG_V(1.0),NAAG Chapitre 5: Ménages,I,A,Annuelle,EST,Estonie,B6N_R_PPP_P31S14,"Revenu disponible net réel des ménages et des ISBLSM, déflaté par la consommation finale des ménages et des ISBLSM",XDC,Monnaie nationale,NAAG_V,Part V: Households,1995,,5375.0523503823,,N,Ni corrigé des variations saisonnières ni corrigé des effets de calendrier,W,Monde,S1M,Les Ménages et ISBLSM,S1,Economie totale,_Z,Non applicable,B,Solde (recettes moins dépenses),B6N_R,"Revenu disponible réel des ménages, net",_Z,Non applicable,,,,,,,,,,,L,Volumes chaînés,N,Données non transformées,,,,,,,F,Libre (libre pour publication),2,Two,A,Valeur normale,6,Millions,EUR,Euro
DATAFLOW,OECD.SDD.NAD:DSD_NAAG@DF_NAAG_V(1.0),NAAG Chapitre 5: Ménages,I,A,Annuelle,FIN,Finlande,B6N_R_PPP_P31S14,"Revenu disponible net réel des ménages et des ISBLSM, déflaté par la consommation finale des ménages et des ISBLSM",XDC,Monnaie nationale,NAAG_V,Part V: Households,1995,,77434.7623943095,,N,Ni corrigé des variations saisonnières ni corrigé des effets de calendrier,W,Monde,S1M,Les Ménages et ISBLSM,S1,Economie totale,_Z,Non applicable,B,Solde (recettes moins dépenses),B6N_R,"Revenu disponible réel des ménages, net",_Z,Non applicable,,,,,,,,,,,L,Volumes chaînés,N,Données non transformées,,,,,,,F,Libre (libre pour publication),2,Two,A,Valeur normale,6,Millions,EUR,Euro
DATAFLOW,OECD.SDD.NAD:DSD_NAAG@DF_NAAG_V(1.0),NAAG Chapitre 5: Ménages,I,A,Annuelle,FRA,France,B6N_R_PPP_P31S14,"Revenu disponible net réel des ménages et des ISBLSM, déflaté par la consommation finale des ménages et des ISBLSM",XDC,Monnaie nationale,NAAG_V,Part V: Households,1995,,956364.629449219,,N,Ni corrigé des variations saisonnières ni corrigé des effets de calendrier,W,Monde,S1M,Les Ménages et ISBLSM,S1,Economie totale,_Z,Non applicable,B,Solde (recettes moins dépenses),B6N_R,"Revenu disponible réel des ménages, net",_Z,Non applicable,,,,,,,,,,,L,Volumes chaînés,N,Données non transformées,,,,,,,F,Libre (libre pour publication),2,Two,A,Valeur normale,6,Millions,EUR,Euro
DATAFLOW,OECD.SDD.NAD:DSD_NAAG@DF_NAAG_V(1.0),NAAG Chapitre 5: Ménages,I,A,Annuelle,DEU,Allemagne,B6N_R_PPP_P31S14,"Revenu disponible net réel des ménages et des ISBLSM, déflaté par la consommation finale des ménages et des ISBLSM",XDC,Monnaie nationale,NAAG_V,Part V: Households,1995,,1601538.9788461,,N,Ni corrigé des variations saisonnières ni corrigé des effets de calendrier,W,Monde,S1M,Les Ménages et ISBLSM,S1,Economie totale,_Z,Non applicable,B,Solde (recettes moins dépenses),B6N_R,"Revenu disponible réel des ménages, net",_Z,Non applicable,,,,,,,,,,,L,Volumes chaînés,N,Données non transformées,,,,,,,F,Libre (libre pour publication),2,Two,A,Valeur normale,6,Millions,EUR,Euro
DATAFLOW,OECD.SDD.NAD:DSD_NAAG@DF_NAAG_V(1.0),NAAG Chapitre 5: Ménages,I,A,Annuelle,GRC,Grèce,B6N_R_PPP_P31S14,"Revenu disponible net réel des ménages et des ISBLSM, déflaté par la consommation finale des ménages et des ISBLSM",XDC,Monnaie nationale,NAAG_V,Part V: Households,1995,,113457.532771321,,N,Ni corrigé des variations saisonnières ni corrigé des effets de calendrier,W,Monde,S1M,Les Ménages et ISBLSM,S1,Economie totale,_Z,Non applicable,B,Solde (recettes moins dépenses),B6N_R,"Revenu disponible réel des ménages, net",_Z,Non applicable,,,,,,,,,,,L,Volumes chaînés,N,Données non transformées,,,,,,,F,Libre (libre pour publication),2,Two,A,Valeur normale,6,Millions,EUR,Euro
DATAFLOW,OECD.SDD.NAD:DSD_NAAG@DF_NAAG_V(1.0),NAAG Chapitre 5: Ménages,I,A,Annuelle,IRL,Irlande,B6N_R_PPP_P31S14,"Revenu disponible net réel des ménages et des ISBLSM, déflaté par la consommation finale des ménages et des ISBLSM",XDC,Monnaie nationale,NAAG_V,Part V: Households,1995,,45117.6837595954,,N,Ni corrigé des variations saisonnières ni corrigé des effets de calendrier,W,Monde,S1M,Les Ménages et ISBLSM,S1,Economie totale,_Z,Non applicable,B,Solde (recettes moins dépenses),B6N_R,"Revenu disponible réel des ménages, net",_Z,Non applicable,,,,,,,,,,,L,Volumes chaînés,N,Données non transformées,,,,,,,F,Libre (libre pour publication),2,Two,A,Valeur normale,6,Millions,EUR,Euro
DATAFLOW,OECD.SDD.NAD:DSD_NAAG@DF_NAAG_V(1.0),NAAG Chapitre 5: Ménages,I,A,Annuelle,ITA,Italie,B6N_R_PPP_P31S14,"Revenu disponible net réel des ménages et des ISBLSM, déflaté par la consommation finale des ménages et des ISBLSM",XDC,Monnaie nationale,NAAG_V,Part V: Households,1995,,1099705.75299463,,N,Ni corrigé des variations saisonnières ni corrigé des effets de calendrier,W,Monde,S1M,Les Ménages et ISBLSM,S1,Economie totale,_Z,Non applicable,B,Solde (recettes moins dépenses),B6N_R,"Revenu disponible réel des ménages, net",_Z,Non applicable,,,,,,,,,,,L,Volumes chaînés,N,Données non transformées,,,,,,,F,Libre (libre pour publication),2,Two,A,Valeur normale,6,Millions,EUR,Euro
DATAFLOW,OECD.SDD.NAD:DSD_NAAG@DF_NAAG_V(1.0),NAAG Chapitre 5: Ménages,I,A,Annuelle,LVA,Lettonie,B6N_R_PPP_P31S14,"Revenu disponible net réel des ménages et des ISBLSM, déflaté par la consommation finale des ménages et des ISBLSM",XDC,Monnaie nationale,NAAG_V,Part V: Households,1995,,5741.59018846688,,N,Ni corrigé des variations saisonnières ni corrigé des effets de calendrier,W,Monde,S1M,Les Ménages et ISBLSM,S1,Economie totale,_Z,Non applicable,B,Solde (recettes moins dépenses),B6N_R,"Revenu disponible réel des ménages, net",_Z,Non applicable,,,,,,,,,,,L,Volumes chaînés,N,Données non transformées,,,,,,,F,Libre (libre pour publication),2,Two,A,Valeur normale,6,Millions,EUR,Euro
DATAFLOW,OECD.SDD.NAD:DSD_NAAG@DF_NAAG_V(1.0),NAAG Chapitre 5: Ménages,I,A,Annuelle,LTU,Lituanie,B6N_R_PPP_P31S14,"Revenu disponible net réel des ménages et des ISBLSM, déflaté par la consommation finale des ménages et des ISBLSM",XDC,Monnaie nationale,NAAG_V,Part V: Households,1995,,9797.74334008777,,N,Ni corrigé des variations saisonnières ni corrigé des effets de calendrier,W,Monde,S1M,Les Ménages et ISBLSM,S1,Economie totale,_Z,Non applicable,B,Solde (recettes moins dépenses),B6N_R,"Revenu disponible réel des ménages, net",_Z,Non applicable,,,,,,,,,,,L,Volumes chaînés,N,Données non transformées,,,,,,,F,Libre (libre pour publication),2,Two,A,Valeur normale,6,Millions,EUR,Euro
DATAFLOW,OECD.SDD.NAD:DSD_NAAG@DF_NAAG_V(1.0),NAAG Chapitre 5: Ménages,I,A,Annuelle,LUX,Luxembourg,B6N_R_PPP_P31S14,"Revenu disponible net réel des ménages et des ISBLSM, déflaté par la consommation finale des ménages et des ISBLSM",XDC,Monnaie nationale,NAAG_V,Part V: Households,1995,,11712.8345840114,,N,Ni corrigé des variations saisonnières ni corrigé des effets de calendrier,W,Monde,S1M,Les Ménages et ISBLSM,S1,Economie totale,_Z,Non applicable,B,Solde (recettes moins dépenses),B6N_R,"Revenu disponible réel des ménages, net",_Z,Non applicable,,,,,,,,,,,L,Volumes chaînés,N,Données non transformées,,,,,,,F,Libre (libre pour publication),2,Two,A,Valeur normale,6,Millions,EUR,Euro
DATAFLOW,OECD.SDD.NAD:DSD_NAAG@DF_NAAG_V(1.0),NAAG Chapitre 5: Ménages,I,A,Annuelle,NLD,Pays-Bas,B6N_R_PPP_P31S14,"Revenu disponible net réel des ménages et des ISBLSM, déflaté par la consommation finale des ménages et des ISBLSM",XDC,Monnaie nationale,NAAG_V,Part V: Households,1995,,265664.223591526,,N,Ni corrigé des variations saisonnières ni corrigé des effets de calendrier,W,Monde,S1M,Les Ménages et ISBLSM,S1,Economie totale,_Z,Non applicable,B,Solde (recettes moins dépenses),B6N_R,"Revenu disponible réel des ménages, net",_Z,Non applicable,,,,,,,,,,,L,Volumes chaînés,N,Données non transformées,,,,,,,F,Libre (libre pour publication),2,Two,A,Valeur normale,6,Millions,EUR,Euro
DATAFLOW,OECD.SDD.NAD:DSD_NAAG@DF_NAAG_V(1.0),NAAG Chapitre 5: Ménages,I,A,Annuelle,PRT,Portugal,B6N_R_PPP_P31S14,"Revenu disponible net réel des ménages et des ISBLSM, déflaté par la consommation finale des ménages et des ISBLSM",XDC,Monnaie nationale,NAAG_V,Part V: Households,1995,,104299.961308778,,N,Ni corrigé des variations saisonnières ni corrigé des effets de calendrier,W,Monde,S1M,Les Ménages et ISBLSM,S1,Economie totale,_Z,Non applicable,B,Solde (recettes moins dépenses),B6N_R,"Revenu disponible réel des ménages, net",_Z,Non applicable,,,,,,,,,,,L,Volumes chaînés,N,Données non transformées,,,,,,,F,Libre (libre pour publication),2,Two,A,Valeur normale,6,Millions,EUR,Euro
DATAFLOW,OECD.SDD.NAD:DSD_NAAG@DF_NAAG_V(1.0),NAAG Chapitre 5: Ménages,I,A,Annuelle,SVK,République slovaque,B6N_R_PPP_P31S14,"Revenu disponible net réel des ménages et des ISBLSM, déflaté par la consommation finale des ménages et des ISBLSM",XDC,Monnaie nationale,NAAG_V,Part V: Households,1995,,25943.3644001286,,N,Ni corrigé des variations saisonnières ni corrigé des effets de calendrier,W,Monde,S1M,Les Ménages et ISBLSM,S1,Economie totale,_Z,Non applicable,B,Solde (recettes moins dépenses),B6N_R,"Revenu disponible réel des ménages, net",_Z,Non applicable,,,,,,,,,,,L,Volumes chaînés,N,Données non transformées,,,,,,,F,Libre (libre pour publication),2,Two,A,Valeur normale,6,Millions,EUR,Euro
DATAFLOW,OECD.SDD.NAD:DSD_NAAG@DF_NAAG_V(1.0),NAAG Chapitre 5: Ménages,I,A,Annuelle,SVN,Slovénie,B6N_R_PPP_P31S14,"Revenu disponible net réel des ménages et des ISBLSM, déflaté par la consommation finale des ménages et des ISBLSM",XDC,Monnaie nationale,NAAG_V,Part V: Households,1995,,15324.2335083451,,N,Ni corrigé des variations saisonnières ni corrigé des effets de calendrier,W,Monde,S1M,Les Ménages et ISBLSM,S1,Economie totale,_Z,Non applicable,B,Solde (recettes moins dépenses),B6N_R,"Revenu disponible réel des ménages, net",_Z,Non applicable,,,,,,,,,,,L,Volumes chaînés,N,Données non transformées,,,,,,,F,Libre (libre pour publication),2,Two,A,Valeur normale,6,Millions,EUR,Euro
DATAFLOW,OECD.SDD.NAD:DSD_NAAG@DF_NAAG_V(1.0),NAAG Chapitre 5: Ménages,I,A,Annuelle,ESP,Espagne,B6N_R_PPP_P31S14,"Revenu disponible net réel des ménages et des ISBLSM, déflaté par la consommation finale des ménages et des ISBLSM",XDC,Monnaie nationale,NAAG_V,Part V: Households,1995,,487925.996089423,,N,Ni corrigé des variations saisonnières ni corrigé des effets de calendrier,W,Monde,S1M,Les Ménages et ISBLSM,S1,Economie totale,_Z,Non applicable,B,Solde (recettes moins dépenses),B6N_R,"Revenu disponible réel des ménages, net",_Z,Non applicable,,,,,,,,,,,L,Volumes chaînés,N,Données non transformées,,,,,,,F,Libre (libre pour publication),2,Two,A,Valeur normale,6,Millions,EUR,Euro
DATAFLOW,OECD.SDD.NAD:DSD_NAAG@DF_NAAG_V(1.0),NAAG Chapitre 5: Ménages,I,A,Annuelle,AUT,Autriche,B6N_R_PPP_P31S14,"Revenu disponible net réel des ménages et des ISBLSM, déflaté par la consommation finale des ménages et des ISBLSM",XDC,Monnaie nationale,NAAG_V,Part V: Households,1996,,168482.999587182,,N,Ni corrigé des variations saisonnières ni corrigé des effets de calendrier,W,Monde,S1M,Les Ménages et ISBLSM,S1,Economie totale,_Z,Non applicable,B,Solde (recettes moins dépenses),B6N_R,"Revenu disponible réel des ménages, net",_Z,Non applicable,,,,,,,,,,,L,Volumes chaînés,N,Données non transformées,,,,,,,F,Libre (libre pour publication),2,Two,A,Valeur normale,6,Millions,EUR,Euro
DATAFLOW,OECD.SDD.NAD:DSD_NAAG@DF_NAAG_V(1.0),NAAG Chapitre 5: Ménages,I,A,Annuelle,BEL,Belgique,B6N_R_PPP_P31S14,"Revenu disponible net réel des ménages et des ISBLSM, déflaté par la consommation finale des ménages et des ISBLSM",XDC,Monnaie nationale,NAAG_V,Part V: Households,1996,,199283.352754011,,N,Ni corrigé des variations saisonnières ni corrigé des effets de calendrier,W,Monde,S1M,Les Ménages et ISBLSM,S1,Economie totale,_Z,Non applicable,B,Solde (recettes moins dépenses),B6N_R,"Revenu disponible réel des ménages, net",_Z,Non applicable,,,,,,,,,,,L,Volumes chaînés,N,Données non transformées,,,,,,,F,Libre (libre pour publication),2,Two,A,Valeur normale,6,Millions,EUR,Euro
DATAFLOW,OECD.SDD.NAD:DSD_NAAG@DF_NAAG_V(1.0),NAAG Chapitre 5: Ménages,I,A,Annuelle,EST,Estonie,B6N_R_PPP_P31S14,"Revenu disponible net réel des ménages et des ISBLSM, déflaté par la consommation finale des ménages et des ISBLSM",XDC,Monnaie nationale,NAAG_V,Part V: Households,1996,,5464.43004661176,,N,Ni corrigé des variations saisonnières ni corrigé des effets de calendrier,W,Monde,S1M,Les Ménages et ISBLSM,S1,Economie totale,_Z,Non applicable,B,Solde (recettes moins dépenses),B6N_R,"Revenu disponible réel des ménages, net",_Z,Non applicable,,,,,,,,,,,L,Volumes chaînés,N,Données non transformées,,,,,,,F,Libre (libre pour publication),2,Two,A,Valeur normale,6,Millions,EUR,Euro
DATAFLOW,OECD.SDD.NAD:DSD_NAAG@DF_NAAG_V(1.0),NAAG Chapitre 5: Ménages,I,A,Annuelle,FIN,Finlande,B6N_R_PPP_P31S14,"Revenu disponible net réel des ménages et des ISBLSM, déflaté par la consommation finale des ménages et des ISBLSM",XDC,Monnaie nationale,NAAG_V,Part V: Households,1996,,77426.5722553084,,N,Ni corrigé des variations saisonnières ni corrigé des effets de calendrier,W,Monde,S1M,Les Ménages et ISBLSM,S1,Economie totale,_Z,Non applicable,B,Solde (recettes moins dépenses),B6N_R,"Revenu disponible réel des ménages, net",_Z,Non applicable,,,,,,,,,,,L,Volumes chaînés,N,Données non transformées,,,,,,,F,Libre (libre pour publication),2,Two,A,Valeur normale,6,Millions,EUR,Euro
DATAFLOW,OECD.SDD.NAD:DSD_NAAG@DF_NAAG_V(1.0),NAAG Chapitre 5: Ménages,I,A,Annuelle,FRA,France,B6N_R_PPP_P31S14,"Revenu disponible net réel des ménages et des ISBLSM, déflaté par la consommation finale des ménages et des ISBLSM",XDC,Monnaie nationale,NAAG_V,Part V: Households,1996,,968582.348894527,,N,Ni corrigé des variations saisonnières ni corrigé des effets de calendrier,W,Monde,S1M,Les Ménages et ISBLSM,S1,Economie totale,_Z,Non applicable,B,Solde (recettes moins dépenses),B6N_R,"Revenu disponible réel des ménages, net",_Z,Non applicable,,,,,,,,,,,L,Volumes chaînés,N,Données non transformées,,,,,,,F,Libre (libre pour publication),2,Two,A,Valeur normale,6,Millions,EUR,Euro
DATAFLOW,OECD.SDD.NAD:DSD_NAAG@DF_NAAG_V(1.0),NAAG Chapitre 5: Ménages,I,A,Annuelle,DEU,Allemagne,B6N_R_PPP_P31S14,"Revenu disponible net réel des ménages et des ISBLSM, déflaté par la consommation finale des ménages et des ISBLSM",XDC,Monnaie nationale,NAAG_V,Part V: Households,1996,,1624913.95267996,,N,Ni corrigé des variations saisonnières ni corrigé des effets de calendrier,W,Monde,S1M,Les Ménages et ISBLSM,S1,Economie totale,_Z,Non applicable,B,Solde (recettes moins dépenses),B6N_R,"Revenu disponible réel des ménages, net",_Z,Non applicable,,,,,,,,,,,L,Volumes chaînés,N,Données non transformées,,,,,,,F,Libre (libre pour publication),2,Two,A,Valeur normale,6,Millions,EUR,Euro
DATAFLOW,OECD.SDD.NAD:DSD_NAAG@DF_NAAG_V(1.0),NAAG Chapitre 5: Ménages,I,A,Annuelle,GRC,Grèce,B6N_R_PPP_P31S14,"Revenu disponible net réel des ménages et des ISBLSM, déflaté par la consommation finale des ménages et des ISBLSM",XDC,Monnaie nationale,NAAG_V,Part V: Households,1996,,112676.87507042,,N,Ni corrigé des variations saisonnières ni corrigé des effets de calendrier,W,Monde,S1M,Les Ménages et ISBLSM,S1,Economie totale,_Z,Non applicable,B,Solde (recettes moins dépenses),B6N_R,"Revenu disponible réel des ménages, net",_Z,Non applicable,,,,,,,,,,,L,Volumes chaînés,N,Données non transformées,,,,,,,F,Libre (libre pour publication),2,Two,A,Valeur normale,6,Millions,EUR,Euro
DATAFLOW,OECD.SDD.NAD:DSD_NAAG@DF_NAAG_V(1.0),NAAG Chapitre 5: Ménages,I,A,Annuelle,IRL,Irlande,B6N_R_PPP_P31S14,"Revenu disponible net réel des ménages et des ISBLSM, déflaté par la consommation finale des ménages et des ISBLSM",XDC,Monnaie nationale,NAAG_V,Part V: Households,1996,,47906.3994647135,,N,Ni corrigé des variations saisonnières ni corrigé des effets de calendrier,W,Monde,S1M,Les Ménages et ISBLSM,S1,Economie totale,_Z,Non applicable,B,Solde (recettes moins dépenses),B6N_R,"Revenu disponible réel des ménages, net",_Z,Non applicable,,,,,,,,,,,L,Volumes chaînés,N,Données non transformées,,,,,,,F,Libre (libre pour publication),2,Two,A,Valeur normale,6,Millions,EUR,Euro
DATAFLOW,OECD.SDD.NAD:DSD_NAAG@DF_NAAG_V(1.0),NAAG Chapitre 5: Ménages,I,A,Annuelle,ITA,Italie,B6N_R_PPP_P31S14,"Revenu disponible net réel des ménages et des ISBLSM, déflaté par la consommation finale des ménages et des ISBLSM",XDC,Monnaie nationale,NAAG_V,Part V: Households,1996,,1115358.65045509,,N,Ni corrigé des variations saisonnières ni corrigé des effets de calendrier,W,Monde,S1M,Les Ménages et ISBLSM,S1,Economie totale,_Z,Non applicable,B,Solde (recettes moins dépenses),B6N_R,"Revenu disponible réel des ménages, net",_Z,Non applicable,,,,,,,,,,,L,Volumes chaînés,N,Données non transformées,,,,,,,F,Libre (libre pour publication),2,Two,A,Valeur normale,6,Millions,EUR,Euro
DATAFLOW,OECD.SDD.NAD:DSD_NAAG@DF_NAAG_V(1.0),NAAG Chapitre 5: Ménages,I,A,Annuelle,LVA,Lettonie,B6N_R_PPP_P31S14,"Revenu disponible net réel des ménages et des ISBLSM, déflaté par la consommation finale des ménages et des ISBLSM",XDC,Monnaie nationale,NAAG_V,Part V: Households,1996,,6208.68346961613,,N,Ni corrigé des variations saisonnières ni corrigé des effets de calendrier,W,Monde,S1M,Les Ménages et ISBLSM,S1,Economie totale,_Z,Non applicable,B,Solde (recettes moins dépenses),B6N_R,"Revenu disponible réel des ménages, net",_Z,Non applicable,,,,,,,,,,,L,Volumes chaînés,N,Données non transformées,,,,,,,F,Libre (libre pour publication),2,Two,A,Valeur normale,6,Millions,EUR,Euro
DATAFLOW,OECD.SDD.NAD:DSD_NAAG@DF_NAAG_V(1.0),NAAG Chapitre 5: Ménages,I,A,Annuelle,LTU,Lituanie,B6N_R_PPP_P31S14,"Revenu disponible net réel des ménages et des ISBLSM, déflaté par la consommation finale des ménages et des ISBLSM",XDC,Monnaie nationale,NAAG_V,Part V: Households,1996,,10292.9776928475,,N,Ni corrigé des variations saisonnières ni corrigé des effets de calendrier,W,Monde,S1M,Les Ménages et ISBLSM,S1,Economie totale,_Z,Non applicable,B,Solde (recettes moins dépenses),B6N_R,"Revenu disponible réel des ménages, net",_Z,Non applicable,,,,,,,,,,,L,Volumes chaînés,N,Données non transformées,,,,,,,F,Libre (libre pour publication),2,Two,A,Valeur normale,6,Millions,EUR,Euro
DATAFLOW,OECD.SDD.NAD:DSD_NAAG@DF_NAAG_V(1.0),NAAG Chapitre 5: Ménages,I,A,Annuelle,LUX,Luxembourg,B6N_R_PPP_P31S14,"Revenu disponible net réel des ménages et des ISBLSM, déflaté par la consommation finale des ménages et des ISBLSM",XDC,Monnaie nationale,NAAG_V,Part V: Households,1996,,11628.096515329,,N,Ni corrigé des variations saisonnières ni corrigé des effets de calendrier,W,Monde,S1M,Les Ménages et ISBLSM,S1,Economie totale,_Z,Non applicable,B,Solde (recettes moins dépenses),B6N_R,"Revenu disponible réel des ménages, net",_Z,Non applicable,,,,,,,,,,,L,Volumes chaînés,N,Données non transformées,,,,,,,F,Libre (libre pour publication),2,Two,A,Valeur normale,6,Millions,EUR,Euro
DATAFLOW,OECD.SDD.NAD:DSD_NAAG@DF_NAAG_V(1.0),NAAG Chapitre 5: Ménages,I,A,Annuelle,NLD,Pays-Bas,B6N_R_PPP_P31S14,"Revenu disponible net réel des ménages et des ISBLSM, déflaté par la consommation finale des ménages et des ISBLSM",XDC,Monnaie nationale,NAAG_V,Part V: Households,1996,,274166.001463639,,N,Ni corrigé des variations saisonnières ni corrigé des effets de calendrier,W,Monde,S1M,Les Ménages et ISBLSM,S1,Economie totale,_Z,Non applicable,B,Solde (recettes moins dépenses),B6N_R,"Revenu disponible réel des ménages, net",_Z,Non applicable,,,,,,,,,,,L,Volumes chaînés,N,Données non transformées,,,,,,,F,Libre (libre pour publication),2,Two,A,Valeur normale,6,Millions,EUR,Euro
DATAFLOW,OECD.SDD.NAD:DSD_NAAG@DF_NAAG_V(1.0),NAAG Chapitre 5: Ménages,I,A,Annuelle,PRT,Portugal,B6N_R_PPP_P31S14,"Revenu disponible net réel des ménages et des ISBLSM, déflaté par la consommation finale des ménages et des ISBLSM",XDC,Monnaie nationale,NAAG_V,Part V: Households,1996,,106667.947108608,,N,Ni corrigé des variations saisonnières ni corrigé des effets de calendrier,W,Monde,S1M,Les Ménages et ISBLSM,S1,Economie totale,_Z,Non applicable,B,Solde (recettes moins dépenses),B6N_R,"Revenu disponible réel des ménages, net",_Z,Non applicable,,,,,,,,,,,L,Volumes chaînés,N,Données non transformées,,,,,,,F,Libre (libre pour publication),2,Two,A,Valeur normale,6,Millions,EUR,Euro
DATAFLOW,OECD.SDD.NAD:DSD_NAAG@DF_NAAG_V(1.0),NAAG Chapitre 5: Ménages,I,A,Annuelle,SVK,République slovaque,B6N_R_PPP_P31S14,"Revenu disponible net réel des ménages et des ISBLSM, déflaté par la consommation finale des ménages et des ISBLSM",XDC,Monnaie nationale,NAAG_V,Part V: Households,1996,,28812.1768605349,,N,Ni corrigé des variations saisonnières ni corrigé des effets de calendrier,W,Monde,S1M,Les Ménages et ISBLSM,S1,Economie totale,_Z,Non applicable,B,Solde (recettes moins dépenses),B6N_R,"Revenu disponible réel des ménages, net",_Z,Non applicable,,,,,,,,,,,L,Volumes chaînés,N,Données non transformées,,,,,,,F,Libre (libre pour publication),2,Two,A,Valeur normale,6,Millions,EUR,Euro
DATAFLOW,OECD.SDD.NAD:DSD_NAAG@DF_NAAG_V(1.0),NAAG Chapitre 5: Ménages,I,A,Annuelle,SVN,Slovénie,B6N_R_PPP_P31S14,"Revenu disponible net réel des ménages et des ISBLSM, déflaté par la consommation finale des ménages et des ISBLSM",XDC,Monnaie nationale,NAAG_V,Part V: Households,1996,,15705.9248440871,,N,Ni corrigé des variations saisonnières ni corrigé des effets de calendrier,W,Monde,S1M,Les Ménages et ISBLSM,S1,Economie totale,_Z,Non applicable,B,Solde (recettes moins dépenses),B6N_R,"Revenu disponible réel des ménages, net",_Z,Non applicable,,,,,,,,,,,L,Volumes chaînés,N,Données non transformées,,,,,,,F,Libre (libre pour publication),2,Two,A,Valeur normale,6,Millions,EUR,Euro
DATAFLOW,OECD.SDD.NAD:DSD_NAAG@DF_NAAG_V(1.0),NAAG Chapitre 5: Ménages,I,A,Annuelle,ESP,Espagne,B6N_R_PPP_P31S14,"Revenu disponible net réel des ménages et des ISBLSM, déflaté par la consommation finale des ménages et des ISBLSM",XDC,Monnaie nationale,NAAG_V,Part V: Households,1996,,505717.127036249,,N,Ni corrigé des variations saisonnières ni corrigé des effets de calendrier,W,Monde,S1M,Les Ménages et ISBLSM,S1,Economie totale,_Z,Non applicable,B,Solde (recettes moins dépenses),B6N_R,"Revenu disponible réel des ménages, net",_Z,Non applicable,,,,,,,,,,,L,Volumes chaînés,N,Données non transformées,,,,,,,F,Libre (libre pour publication),2,Two,A,Valeur normale,6,Millions,EUR,Euro
DATAFLOW,OECD.SDD.NAD:DSD_NAAG@DF_NAAG_V(1.0),NAAG Chapitre 5: Ménages,I,A,Annuelle,AUT,Autriche,B6N_R_PPP_P31S14,"Revenu disponible net réel des ménages et des ISBLSM, déflaté par la consommation finale des ménages et des ISBLSM",XDC,Monnaie nationale,NAAG_V,Part V: Households,1997,,166463.557439263,,N,Ni corrigé des variations saisonnières ni corrigé des effets de calendrier,W,Monde,S1M,Les Ménages et ISBLSM,S1,Economie totale,_Z,Non applicable,B,Solde (recettes moins dépenses),B6N_R,"Revenu disponible réel des ménages, net",_Z,Non applicable,,,,,,,,,,,L,Volumes chaînés,N,Données non transformées,,,,,,,F,Libre (libre pour publication),2,Two,A,Valeur normale,6,Millions,EUR,Euro
DATAFLOW,OECD.SDD.NAD:DSD_NAAG@DF_NAAG_V(1.0),NAAG Chapitre 5: Ménages,I,A,Annuelle,BEL,Belgique,B6N_R_PPP_P31S14,"Revenu disponible net réel des ménages et des ISBLSM, déflaté par la consommation finale des ménages et des ISBLSM",XDC,Monnaie nationale,NAAG_V,Part V: Households,1997,,200509.02869746,,N,Ni corrigé des variations saisonnières ni corrigé des effets de calendrier,W,Monde,S1M,Les Ménages et ISBLSM,S1,Economie totale,_Z,Non applicable,B,Solde (recettes moins dépenses),B6N_R,"Revenu disponible réel des ménages, net",_Z,Non applicable,,,,,,,,,,,L,Volumes chaînés,N,Données non transformées,,,,,,,F,Libre (libre pour publication),2,Two,A,Valeur normale,6,Millions,EUR,Euro
DATAFLOW,OECD.SDD.NAD:DSD_NAAG@DF_NAAG_V(1.0),NAAG Chapitre 5: Ménages,I,A,Annuelle,EST,Estonie,B6N_R_PPP_P31S14,"Revenu disponible net réel des ménages et des ISBLSM, déflaté par la consommation finale des ménages et des ISBLSM",XDC,Monnaie nationale,NAAG_V,Part V: Households,1997,,5789.15282364719,,N,Ni corrigé des variations saisonnières ni corrigé des effets de calendrier,W,Monde,S1M,Les Ménages et ISBLSM,S1,Economie totale,_Z,Non applicable,B,Solde (recettes moins dépenses),B6N_R,"Revenu disponible réel des ménages, net",_Z,Non applicable,,,,,,,,,,,L,Volumes chaînés,N,Données non transformées,,,,,,,F,Libre (libre pour publication),2,Two,A,Valeur normale,6,Millions,EUR,Euro
DATAFLOW,OECD.SDD.NAD:DSD_NAAG@DF_NAAG_V(1.0),NAAG Chapitre 5: Ménages,I,A,Annuelle,FIN,Finlande,B6N_R_PPP_P31S14,"Revenu disponible net réel des ménages et des ISBLSM, déflaté par la consommation finale des ménages et des ISBLSM",XDC,Monnaie nationale,NAAG_V,Part V: Households,1997,,81440.4246964704,,N,Ni corrigé des variations saisonnières ni corrigé des effets de calendrier,W,Monde,S1M,Les Ménages et ISBLSM,S1,Economie totale,_Z,Non applicable,B,Solde (recettes moins dépenses),B6N_R,"Revenu disponible réel des ménages, net",_Z,Non applicable,,,,,,,,,,,L,Volumes chaînés,N,Données non transformées,,,,,,,F,Libre (libre pour publication),2,Two,A,Valeur normale,6,Millions,EUR,Euro
DATAFLOW,OECD.SDD.NAD:DSD_NAAG@DF_NAAG_V(1.0),NAAG Chapitre 5: Ménages,I,A,Annuelle,FRA,France,B6N_R_PPP_P31S14,"Revenu disponible net réel des ménages et des ISBLSM, déflaté par la consommation finale des ménages et des ISBLSM",XDC,Monnaie nationale,NAAG_V,Part V: Households,1997,,987677.941237617,,N,Ni corrigé des variations saisonnières ni corrigé des effets de calendrier,W,Monde,S1M,Les Ménages et ISBLSM,S1,Economie totale,_Z,Non applicable,B,Solde (recettes moins dépenses),B6N_R,"Revenu disponible réel des ménages, net",_Z,Non applicable,,,,,,,,,,,L,Volumes chaînés,N,Données non transformées,,,,,,,F,Libre (libre pour publication),2,Two,A,Valeur normale,6,Millions,EUR,Euro
DATAFLOW,OECD.SDD.NAD:DSD_NAAG@DF_NAAG_V(1.0),NAAG Chapitre 5: Ménages,I,A,Annuelle,DEU,Allemagne,B6N_R_PPP_P31S14,"Revenu disponible net réel des ménages et des ISBLSM, déflaté par la consommation finale des ménages et des ISBLSM",XDC,Monnaie nationale,NAAG_V,Part V: Households,1997,,1630606.36471194,,N,Ni corrigé des variations saisonnières ni corrigé des effets de calendrier,W,Monde,S1M,Les Ménages et ISBLSM,S1,Economie totale,_Z,Non applicable,B,Solde (recettes moins dépenses),B6N_R,"Revenu disponible réel des ménages, net",_Z,Non applicable,,,,,,,,,,,L,Volumes chaînés,N,Données non transformées,,,,,,,F,Libre (libre pour publication),2,Two,A,Valeur normale,6,Millions,EUR,Euro
DATAFLOW,OECD.SDD.NAD:DSD_NAAG@DF_NAAG_V(1.0),NAAG Chapitre 5: Ménages,I,A,Annuelle,GRC,Grèce,B6N_R_PPP_P31S14,"Revenu disponible net réel des ménages et des ISBLSM, déflaté par la consommation finale des ménages et des ISBLSM",XDC,Monnaie nationale,NAAG_V,Part V: Households,1997,,110015.517418385,,N,Ni corrigé des variations saisonnières ni corrigé des effets de calendrier,W,Monde,S1M,Les Ménages et ISBLSM,S1,Economie totale,_Z,Non applicable,B,Solde (recettes moins dépenses),B6N_R,"Revenu disponible réel des ménages, net",_Z,Non applicable,,,,,,,,,,,L,Volumes chaînés,N,Données non transformées,,,,,,,F,Libre (libre pour publication),2,Two,A,Valeur normale,6,Millions,EUR,Euro
DATAFLOW,OECD.SDD.NAD:DSD_NAAG@DF_NAAG_V(1.0),NAAG Chapitre 5: Ménages,I,A,Annuelle,IRL,Irlande,B6N_R_PPP_P31S14,"Revenu disponible net réel des ménages et des ISBLSM, déflaté par la consommation finale des ménages et des ISBLSM",XDC,Monnaie nationale,NAAG_V,Part V: Households,1997,,50753.2585290748,,N,Ni corrigé des variations saisonnières ni corrigé des effets de calendrier,W,Monde,S1M,Les Ménages et ISBLSM,S1,Economie totale,_Z,Non applicable,B,Solde (recettes moins dépenses),B6N_R,"Revenu disponible réel des ménages, net",_Z,Non applicable,,,,,,,,,,,L,Volumes chaînés,N,Données non transformées,,,,,,,F,Libre (libre pour publication),2,Two,A,Valeur normale,6,Millions,EUR,Euro
DATAFLOW,OECD.SDD.NAD:DSD_NAAG@DF_NAAG_V(1.0),NAAG Chapitre 5: Ménages,I,A,Annuelle,ITA,Italie,B6N_R_PPP_P31S14,"Revenu disponible net réel des ménages et des ISBLSM, déflaté par la consommation finale des ménages et des ISBLSM",XDC,Monnaie nationale,NAAG_V,Part V: Households,1997,,1120329.89682684,,N,Ni corrigé des variations saisonnières ni corrigé des effets de calendrier,W,Monde,S1M,Les Ménages et ISBLSM,S1,Economie totale,_Z,Non applicable,B,Solde (recettes moins dépenses),B6N_R,"Revenu disponible réel des ménages, net",_Z,Non applicable,,,,,,,,,,,L,Volumes chaînés,N,Données non transformées,,,,,,,F,Libre (libre pour publication),2,Two,A,Valeur normale,6,Millions,EUR,Euro
DATAFLOW,OECD.SDD.NAD:DSD_NAAG@DF_NAAG_V(1.0),NAAG Chapitre 5: Ménages,I,A,Annuelle,LVA,Lettonie,B6N_R_PPP_P31S14,"Revenu disponible net réel des ménages et des ISBLSM, déflaté par la consommation finale des ménages et des ISBLSM",XDC,Monnaie nationale,NAAG_V,Part V: Households,1997,,7476.63956709188,,N,Ni corrigé des variations saisonnières ni corrigé des effets de calendrier,W,Monde,S1M,Les Ménages et ISBLSM,S1,Economie totale,_Z,Non applicable,B,Solde (recettes moins dépenses),B6N_R,"Revenu disponible réel des ménages, net",_Z,Non applicable,,,,,,,,,,,L,Volumes chaînés,N,Données non transformées,,,,,,,F,Libre (libre pour publication),2,Two,A,Valeur normale,6,Millions,EUR,Euro
DATAFLOW,OECD.SDD.NAD:DSD_NAAG@DF_NAAG_V(1.0),NAAG Chapitre 5: Ménages,I,A,Annuelle,LTU,Lituanie,B6N_R_PPP_P31S14,"Revenu disponible net réel des ménages et des ISBLSM, déflaté par la consommation finale des ménages et des ISBLSM",XDC,Monnaie nationale,NAAG_V,Part V: Households,1997,,11361.0982850684,,N,Ni corrigé des variations saisonnières ni corrigé des effets de calendrier,W,Monde,S1M,Les Ménages et ISBLSM,S1,Economie totale,_Z,Non applicable,B,Solde (recettes moins dépenses),B6N_R,"Revenu disponible réel des ménages, net",_Z,Non applicable,,,,,,,,,,,L,Volumes chaînés,N,Données non transformées,,,,,,,F,Libre (libre pour publication),2,Two,A,Valeur normale,6,Millions,EUR,Euro
DATAFLOW,OECD.SDD.NAD:DSD_NAAG@DF_NAAG_V(1.0),NAAG Chapitre 5: Ménages,I,A,Annuelle,LUX,Luxembourg,B6N_R_PPP_P31S14,"Revenu disponible net réel des ménages et des ISBLSM, déflaté par la consommation finale des ménages et des ISBLSM",XDC,Monnaie nationale,NAAG_V,Part V: Households,1997,,12247.0453453655,,N,Ni corrigé des variations saisonnières ni corrigé des effets de calendrier,W,Monde,S1M,Les Ménages et ISBLSM,S1,Economie totale,_Z,Non applicable,B,Solde (recettes moins dépenses),B6N_R,"Revenu disponible réel des ménages, net",_Z,Non applicable,,,,,,,,,,,L,Volumes chaînés,N,Données non transformées,,,,,,,F,Libre (libre pour publication),2,Two,A,Valeur normale,6,Millions,EUR,Euro
DATAFLOW,OECD.SDD.NAD:DSD_NAAG@DF_NAAG_V(1.0),NAAG Chapitre 5: Ménages,I,A,Annuelle,NLD,Pays-Bas,B6N_R_PPP_P31S14,"Revenu disponible net réel des ménages et des ISBLSM, déflaté par la consommation finale des ménages et des ISBLSM",XDC,Monnaie nationale,NAAG_V,Part V: Households,1997,,285909.912478209,,N,Ni corrigé des variations saisonnières ni corrigé des effets de calendrier,W,Monde,S1M,Les Ménages et ISBLSM,S1,Economie totale,_Z,Non applicable,B,Solde (recettes moins dépenses),B6N_R,"Revenu disponible réel des ménages, net",_Z,Non applicable,,,,,,,,,,,L,Volumes chaînés,N,Données non transformées,,,,,,,F,Libre (libre pour publication),2,Two,A,Valeur normale,6,Millions,EUR,Euro
DATAFLOW,OECD.SDD.NAD:DSD_NAAG@DF_NAAG_V(1.0),NAAG Chapitre 5: Ménages,I,A,Annuelle,PRT,Portugal,B6N_R_PPP_P31S14,"Revenu disponible net réel des ménages et des ISBLSM, déflaté par la consommation finale des ménages et des ISBLSM",XDC,Monnaie nationale,NAAG_V,Part V: Households,1997,,110167.655279767,,N,Ni corrigé des variations saisonnières ni corrigé des effets de calendrier,W,Monde,S1M,Les Ménages et ISBLSM,S1,Economie totale,_Z,Non applicable,B,Solde (recettes moins dépenses),B6N_R,"Revenu disponible réel des ménages, net",_Z,Non applicable,,,,,,,,,,,L,Volumes chaînés,N,Données non transformées,,,,,,,F,Libre (libre pour publication),2,Two,A,Valeur normale,6,Millions,EUR,Euro
DATAFLOW,OECD.SDD.NAD:DSD_NAAG@DF_NAAG_V(1.0),NAAG Chapitre 5: Ménages,I,A,Annuelle,SVK,République slovaque,B6N_R_PPP_P31S14,"Revenu disponible net réel des ménages et des ISBLSM, déflaté par la consommation finale des ménages et des ISBLSM",XDC,Monnaie nationale,NAAG_V,Part V: Households,1997,,30476.3093113763,,N,Ni corrigé des variations saisonnières ni corrigé des effets de calendrier,W,Monde,S1M,Les Ménages et ISBLSM,S1,Economie totale,_Z,Non applicable,B,Solde (recettes moins dépenses),B6N_R,"Revenu disponible réel des ménages, net",_Z,Non applicable,,,,,,,,,,,L,Volumes chaînés,N,Données non transformées,,,,,,,F,Libre (libre pour publication),2,Two,A,Valeur normale,6,Millions,EUR,Euro
DATAFLOW,OECD.SDD.NAD:DSD_NAAG@DF_NAAG_V(1.0),NAAG Chapitre 5: Ménages,I,A,Annuelle,SVN,Slovénie,B6N_R_PPP_P31S14,"Revenu disponible net réel des ménages et des ISBLSM, déflaté par la consommation finale des ménages et des ISBLSM",XDC,Monnaie nationale,NAAG_V,Part V: Households,1997,,16617.3117907019,,N,Ni corrigé des variations saisonnières ni corrigé des effets de calendrier,W,Monde,S1M,Les Ménages et ISBLSM,S1,Economie totale,_Z,Non applicable,B,Solde (recettes moins dépenses),B6N_R,"Revenu disponible réel des ménages, net",_Z,Non applicable,,,,,,,,,,,L,Volumes chaînés,N,Données non transformées,,,,,,,F,Libre (libre pour publication),2,Two,A,Valeur normale,6,Millions,EUR,Euro
DATAFLOW,OECD.SDD.NAD:DSD_NAAG@DF_NAAG_V(1.0),NAAG Chapitre 5: Ménages,I,A,Annuelle,ESP,Espagne,B6N_R_PPP_P31S14,"Revenu disponible net réel des ménages et des ISBLSM, déflaté par la consommation finale des ménages et des ISBLSM",XDC,Monnaie nationale,NAAG_V,Part V: Households,1997,,525334.186727753,,N,Ni corrigé des variations saisonnières ni corrigé des effets de calendrier,W,Monde,S1M,Les Ménages et ISBLSM,S1,Economie totale,_Z,Non applicable,B,Solde (recettes moins dépenses),B6N_R,"Revenu disponible réel des ménages, net",_Z,Non applicable,,,,,,,,,,,L,Volumes chaînés,N,Données non transformées,,,,,,,F,Libre (libre pour publication),2,Two,A,Valeur normale,6,Millions,EUR,Euro
DATAFLOW,OECD.SDD.NAD:DSD_NAAG@DF_NAAG_V(1.0),NAAG Chapitre 5: Ménages,I,A,Annuelle,AUT,Autriche,B6N_R_PPP_P31S14,"Revenu disponible net réel des ménages et des ISBLSM, déflaté par la consommation finale des ménages et des ISBLSM",XDC,Monnaie nationale,NAAG_V,Part V: Households,1998,,171059.797131865,,N,Ni corrigé des variations saisonnières ni corrigé des effets de calendrier,W,Monde,S1M,Les Ménages et ISBLSM,S1,Economie totale,_Z,Non applicable,B,Solde (recettes moins dépenses),B6N_R,"Revenu disponible réel des ménages, net",_Z,Non applicable,,,,,,,,,,,L,Volumes chaînés,N,Données non transformées,,,,,,,F,Libre (libre pour publication),2,Two,A,Valeur normale,6,Millions,EUR,Euro
DATAFLOW,OECD.SDD.NAD:DSD_NAAG@DF_NAAG_V(1.0),NAAG Chapitre 5: Ménages,I,A,Annuelle,BEL,Belgique,B6N_R_PPP_P31S14,"Revenu disponible net réel des ménages et des ISBLSM, déflaté par la consommation finale des ménages et des ISBLSM",XDC,Monnaie nationale,NAAG_V,Part V: Households,1998,,204732.553607474,,N,Ni corrigé des variations saisonnières ni corrigé des effets de calendrier,W,Monde,S1M,Les Ménages et ISBLSM,S1,Economie totale,_Z,Non applicable,B,Solde (recettes moins dépenses),B6N_R,"Revenu disponible réel des ménages, net",_Z,Non applicable,,,,,,,,,,,L,Volumes chaînés,N,Données non transformées,,,,,,,F,Libre (libre pour publication),2,Two,A,Valeur normale,6,Millions,EUR,Euro
DATAFLOW,OECD.SDD.NAD:DSD_NAAG@DF_NAAG_V(1.0),NAAG Chapitre 5: Ménages,I,A,Annuelle,EST,Estonie,B6N_R_PPP_P31S14,"Revenu disponible net réel des ménages et des ISBLSM, déflaté par la consommation finale des ménages et des ISBLSM",XDC,Monnaie nationale,NAAG_V,Part V: Households,1998,,5984.26741538111,,N,Ni corrigé des variations saisonnières ni corrigé des effets de calendrier,W,Monde,S1M,Les Ménages et ISBLSM,S1,Economie totale,_Z,Non applicable,B,Solde (recettes moins dépenses),B6N_R,"Revenu disponible réel des ménages, net",_Z,Non applicable,,,,,,,,,,,L,Volumes chaînés,N,Données non transformées,,,,,,,F,Libre (libre pour publication),2,Two,A,Valeur normale,6,Millions,EUR,Euro
DATAFLOW,OECD.SDD.NAD:DSD_NAAG@DF_NAAG_V(1.0),NAAG Chapitre 5: Ménages,I,A,Annuelle,FIN,Finlande,B6N_R_PPP_P31S14,"Revenu disponible net réel des ménages et des ISBLSM, déflaté par la consommation finale des ménages et des ISBLSM",XDC,Monnaie nationale,NAAG_V,Part V: Households,1998,,84147.1310058228,,N,Ni corrigé des variations saisonnières ni corrigé des effets de calendrier,W,Monde,S1M,Les Ménages et ISBLSM,S1,Economie totale,_Z,Non applicable,B,Solde (recettes moins dépenses),B6N_R,"Revenu disponible réel des ménages, net",_Z,Non applicable,,,,,,,,,,,L,Volumes chaînés,N,Données non transformées,,,,,,,F,Libre (libre pour publication),2,Two,A,Valeur normale,6,Millions,EUR,Euro
DATAFLOW,OECD.SDD.NAD:DSD_NAAG@DF_NAAG_V(1.0),NAAG Chapitre 5: Ménages,I,A,Annuelle,FRA,France,B6N_R_PPP_P31S14,"Revenu disponible net réel des ménages et des ISBLSM, déflaté par la consommation finale des ménages et des ISBLSM",XDC,Monnaie nationale,NAAG_V,Part V: Households,1998,,1019888.58702918,,N,Ni corrigé des variations saisonnières ni corrigé des effets de calendrier,W,Monde,S1M,Les Ménages et ISBLSM,S1,Economie totale,_Z,Non applicable,B,Solde (recettes moins dépenses),B6N_R,"Revenu disponible réel des ménages, net",_Z,Non applicable,,,,,,,,,,,L,Volumes chaînés,N,Données non transformées,,,,,,,F,Libre (libre pour publication),2,Two,A,Valeur normale,6,Millions,EUR,Euro
DATAFLOW,OECD.SDD.NAD:DSD_NAAG@DF_NAAG_V(1.0),NAAG Chapitre 5: Ménages,I,A,Annuelle,DEU,Allemagne,B6N_R_PPP_P31S14,"Revenu disponible net réel des ménages et des ISBLSM, déflaté par la consommation finale des ménages et des ISBLSM",XDC,Monnaie nationale,NAAG_V,Part V: Households,1998,,1648544.68264755,,N,Ni corrigé des variations saisonnières ni corrigé des effets de calendrier,W,Monde,S1M,Les Ménages et ISBLSM,S1,Economie totale,_Z,Non applicable,B,Solde (recettes moins dépenses),B6N_R,"Revenu disponible réel des ménages, net",_Z,Non applicable,,,,,,,,,,,L,Volumes chaînés,N,Données non transformées,,,,,,,F,Libre (libre pour publication),2,Two,A,Valeur normale,6,Millions,EUR,Euro
DATAFLOW,OECD.SDD.NAD:DSD_NAAG@DF_NAAG_V(1.0),NAAG Chapitre 5: Ménages,I,A,Annuelle,GRC,Grèce,B6N_R_PPP_P31S14,"Revenu disponible net réel des ménages et des ISBLSM, déflaté par la consommation finale des ménages et des ISBLSM",XDC,Monnaie nationale,NAAG_V,Part V: Households,1998,,113301.369019723,,N,Ni corrigé des variations saisonnières ni corrigé des effets de calendrier,W,Monde,S1M,Les Ménages et ISBLSM,S1,Economie totale,_Z,Non applicable,B,Solde (recettes moins dépenses),B6N_R,"Revenu disponible réel des ménages, net",_Z,Non applicable,,,,,,,,,,,L,Volumes chaînés,N,Données non transformées,,,,,,,F,Libre (libre pour publication),2,Two,A,Valeur normale,6,Millions,EUR,Euro
DATAFLOW,OECD.SDD.NAD:DSD_NAAG@DF_NAAG_V(1.0),NAAG Chapitre 5: Ménages,I,A,Annuelle,IRL,Irlande,B6N_R_PPP_P31S14,"Revenu disponible net réel des ménages et des ISBLSM, déflaté par la consommation finale des ménages et des ISBLSM",XDC,Monnaie nationale,NAAG_V,Part V: Households,1998,,54863.2289039468,,N,Ni corrigé des variations saisonnières ni corrigé des effets de calendrier,W,Monde,S1M,Les Ménages et ISBLSM,S1,Economie totale,_Z,Non applicable,B,Solde (recettes moins dépenses),B6N_R,"Revenu disponible réel des ménages, net",_Z,Non applicable,,,,,,,,,,,L,Volumes chaînés,N,Données non transformées,,,,,,,F,Libre (libre pour publication),2,Two,A,Valeur normale,6,Millions,EUR,Euro
DATAFLOW,OECD.SDD.NAD:DSD_NAAG@DF_NAAG_V(1.0),NAAG Chapitre 5: Ménages,I,A,Annuelle,ITA,Italie,B6N_R_PPP_P31S14,"Revenu disponible net réel des ménages et des ISBLSM, déflaté par la consommation finale des ménages et des ISBLSM",XDC,Monnaie nationale,NAAG_V,Part V: Households,1998,,1110674.09731107,,N,Ni corrigé des variations saisonnières ni corrigé des effets de calendrier,W,Monde,S1M,Les Ménages et ISBLSM,S1,Economie totale,_Z,Non applicable,B,Solde (recettes moins dépenses),B6N_R,"Revenu disponible réel des ménages, net",_Z,Non applicable,,,,,,,,,,,L,Volumes chaînés,N,Données non transformées,,,,,,,F,Libre (libre pour publication),2,Two,A,Valeur normale,6,Millions,EUR,Euro
DATAFLOW,OECD.SDD.NAD:DSD_NAAG@DF_NAAG_V(1.0),NAAG Chapitre 5: Ménages,I,A,Annuelle,LVA,Lettonie,B6N_R_PPP_P31S14,"Revenu disponible net réel des ménages et des ISBLSM, déflaté par la consommation finale des ménages et des ISBLSM",XDC,Monnaie nationale,NAAG_V,Part V: Households,1998,,7411.31515801008,,N,Ni corrigé des variations saisonnières ni corrigé des effets de calendrier,W,Monde,S1M,Les Ménages et ISBLSM,S1,Economie totale,_Z,Non applicable,B,Solde (recettes moins dépenses),B6N_R,"Revenu disponible réel des ménages, net",_Z,Non applicable,,,,,,,,,,,L,Volumes chaînés,N,Données non transformées,,,,,,,F,Libre (libre pour publication),2,Two,A,Valeur normale,6,Millions,EUR,Euro
DATAFLOW,OECD.SDD.NAD:DSD_NAAG@DF_NAAG_V(1.0),NAAG Chapitre 5: Ménages,I,A,Annuelle,LTU,Lituanie,B6N_R_PPP_P31S14,"Revenu disponible net réel des ménages et des ISBLSM, déflaté par la consommation finale des ménages et des ISBLSM",XDC,Monnaie nationale,NAAG_V,Part V: Households,1998,,12150.7799521773,,N,Ni corrigé des variations saisonnières ni corrigé des effets de calendrier,W,Monde,S1M,Les Ménages et ISBLSM,S1,Economie totale,_Z,Non applicable,B,Solde (recettes moins dépenses),B6N_R,"Revenu disponible réel des ménages, net",_Z,Non applicable,,,,,,,,,,,L,Volumes chaînés,N,Données non transformées,,,,,,,F,Libre (libre pour publication),2,Two,A,Valeur normale,6,Millions,EUR,Euro
DATAFLOW,OECD.SDD.NAD:DSD_NAAG@DF_NAAG_V(1.0),NAAG Chapitre 5: Ménages,I,A,Annuelle,LUX,Luxembourg,B6N_R_PPP_P31S14,"Revenu disponible net réel des ménages et des ISBLSM, déflaté par la consommation finale des ménages et des ISBLSM",XDC,Monnaie nationale,NAAG_V,Part V: Households,1998,,12454.0030925339,,N,Ni corrigé des variations saisonnières ni corrigé des effets de calendrier,W,Monde,S1M,Les Ménages et ISBLSM,S1,Economie totale,_Z,Non applicable,B,Solde (recettes moins dépenses),B6N_R,"Revenu disponible réel des ménages, net",_Z,Non applicable,,,,,,,,,,,L,Volumes chaînés,N,Données non transformées,,,,,,,F,Libre (libre pour publication),2,Two,A,Valeur normale,6,Millions,EUR,Euro
DATAFLOW,OECD.SDD.NAD:DSD_NAAG@DF_NAAG_V(1.0),NAAG Chapitre 5: Ménages,I,A,Annuelle,NLD,Pays-Bas,B6N_R_PPP_P31S14,"Revenu disponible net réel des ménages et des ISBLSM, déflaté par la consommation finale des ménages et des ISBLSM",XDC,Monnaie nationale,NAAG_V,Part V: Households,1998,,296764.697764879,,N,Ni corrigé des variations saisonnières ni corrigé des effets de calendrier,W,Monde,S1M,Les Ménages et ISBLSM,S1,Economie totale,_Z,Non applicable,B,Solde (recettes moins dépenses),B6N_R,"Revenu disponible réel des ménages, net",_Z,Non applicable,,,,,,,,,,,L,Volumes chaînés,N,Données non transformées,,,,,,,F,Libre (libre pour publication),2,Two,A,Valeur normale,6,Millions,EUR,Euro
DATAFLOW,OECD.SDD.NAD:DSD_NAAG@DF_NAAG_V(1.0),NAAG Chapitre 5: Ménages,I,A,Annuelle,PRT,Portugal,B6N_R_PPP_P31S14,"Revenu disponible net réel des ménages et des ISBLSM, déflaté par la consommation finale des ménages et des ISBLSM",XDC,Monnaie nationale,NAAG_V,Part V: Households,1998,,117255.416446485,,N,Ni corrigé des variations saisonnières ni corrigé des effets de calendrier,W,Monde,S1M,Les Ménages et ISBLSM,S1,Economie totale,_Z,Non applicable,B,Solde (recettes moins dépenses),B6N_R,"Revenu disponible réel des ménages, net",_Z,Non applicable,,,,,,,,,,,L,Volumes chaînés,N,Données non transformées,,,,,,,F,Libre (libre pour publication),2,Two,A,Valeur normale,6,Millions,EUR,Euro
DATAFLOW,OECD.SDD.NAD:DSD_NAAG@DF_NAAG_V(1.0),NAAG Chapitre 5: Ménages,I,A,Annuelle,SVK,République slovaque,B6N_R_PPP_P31S14,"Revenu disponible net réel des ménages et des ISBLSM, déflaté par la consommation finale des ménages et des ISBLSM",XDC,Monnaie nationale,NAAG_V,Part V: Households,1998,,31317.5531192372,,N,Ni corrigé des variations saisonnières ni corrigé des effets de calendrier,W,Monde,S1M,Les Ménages et ISBLSM,S1,Economie totale,_Z,Non applicable,B,Solde (recettes moins dépenses),B6N_R,"Revenu disponible réel des ménages, net",_Z,Non applicable,,,,,,,,,,,L,Volumes chaînés,N,Données non transformées,,,,,,,F,Libre (libre pour publication),2,Two,A,Valeur normale,6,Millions,EUR,Euro
DATAFLOW,OECD.SDD.NAD:DSD_NAAG@DF_NAAG_V(1.0),NAAG Chapitre 5: Ménages,I,A,Annuelle,SVN,Slovénie,B6N_R_PPP_P31S14,"Revenu disponible net réel des ménages et des ISBLSM, déflaté par la consommation finale des ménages et des ISBLSM",XDC,Monnaie nationale,NAAG_V,Part V: Households,1998,,16861.4091860773,,N,Ni corrigé des variations saisonnières ni corrigé des effets de calendrier,W,Monde,S1M,Les Ménages et ISBLSM,S1,Economie totale,_Z,Non applicable,B,Solde (recettes moins dépenses),B6N_R,"Revenu disponible réel des ménages, net",_Z,Non applicable,,,,,,,,,,,L,Volumes chaînés,N,Données non transformées,,,,,,,F,Libre (libre pour publication),2,Two,A,Valeur normale,6,Millions,EUR,Euro
DATAFLOW,OECD.SDD.NAD:DSD_NAAG@DF_NAAG_V(1.0),NAAG Chapitre 5: Ménages,I,A,Annuelle,ESP,Espagne,B6N_R_PPP_P31S14,"Revenu disponible net réel des ménages et des ISBLSM, déflaté par la consommation finale des ménages et des ISBLSM",XDC,Monnaie nationale,NAAG_V,Part V: Households,1998,,550275.325598852,,N,Ni corrigé des variations saisonnières ni corrigé des effets de calendrier,W,Monde,S1M,Les Ménages et ISBLSM,S1,Economie totale,_Z,Non applicable,B,Solde (recettes moins dépenses),B6N_R,"Revenu disponible réel des ménages, net",_Z,Non applicable,,,,,,,,,,,L,Volumes chaînés,N,Données non transformées,,,,,,,F,Libre (libre pour publication),2,Two,A,Valeur normale,6,Millions,EUR,Euro
DATAFLOW,OECD.SDD.NAD:DSD_NAAG@DF_NAAG_V(1.0),NAAG Chapitre 5: Ménages,I,A,Annuelle,AUT,Autriche,B6N_R_PPP_P31S14,"Revenu disponible net réel des ménages et des ISBLSM, déflaté par la consommation finale des ménages et des ISBLSM",XDC,Monnaie nationale,NAAG_V,Part V: Households,1999,,178771.255757017,,N,Ni corrigé des variations saisonnières ni corrigé des effets de calendrier,W,Monde,S1M,Les Ménages et ISBLSM,S1,Economie totale,_Z,Non applicable,B,Solde (recettes moins dépenses),B6N_R,"Revenu disponible réel des ménages, net",_Z,Non applicable,,,,,,,,,,,L,Volumes chaînés,N,Données non transformées,,,,,,,F,Libre (libre pour publication),2,Two,A,Valeur normale,6,Millions,EUR,Euro
DATAFLOW,OECD.SDD.NAD:DSD_NAAG@DF_NAAG_V(1.0),NAAG Chapitre 5: Ménages,I,A,Annuelle,BEL,Belgique,B6N_R_PPP_P31S14,"Revenu disponible net réel des ménages et des ISBLSM, déflaté par la consommation finale des ménages et des ISBLSM",XDC,Monnaie nationale,NAAG_V,Part V: Households,1999,,210057.299524792,,N,Ni corrigé des variations saisonnières ni corrigé des effets de calendrier,W,Monde,S1M,Les Ménages et ISBLSM,S1,Economie totale,_Z,Non applicable,B,Solde (recettes moins dépenses),B6N_R,"Revenu disponible réel des ménages, net",_Z,Non applicable,,,,,,,,,,,L,Volumes chaînés,N,Données non transformées,,,,,,,F,Libre (libre pour publication),2,Two,A,Valeur normale,6,Millions,EUR,Euro
DATAFLOW,OECD.SDD.NAD:DSD_NAAG@DF_NAAG_V(1.0),NAAG Chapitre 5: Ménages,I,A,Annuelle,EST,Estonie,B6N_R_PPP_P31S14,"Revenu disponible net réel des ménages et des ISBLSM, déflaté par la consommation finale des ménages et des ISBLSM",XDC,Monnaie nationale,NAAG_V,Part V: Households,1999,,5992.6190499714,,N,Ni corrigé des variations saisonnières ni corrigé des effets de calendrier,W,Monde,S1M,Les Ménages et ISBLSM,S1,Economie totale,_Z,Non applicable,B,Solde (recettes moins dépenses),B6N_R,"Revenu disponible réel des ménages, net",_Z,Non applicable,,,,,,,,,,,L,Volumes chaînés,N,Données non transformées,,,,,,,F,Libre (libre pour publication),2,Two,A,Valeur normale,6,Millions,EUR,Euro
DATAFLOW,OECD.SDD.NAD:DSD_NAAG@DF_NAAG_V(1.0),NAAG Chapitre 5: Ménages,I,A,Annuelle,FIN,Finlande,B6N_R_PPP_P31S14,"Revenu disponible net réel des ménages et des ISBLSM, déflaté par la consommation finale des ménages et des ISBLSM",XDC,Monnaie nationale,NAAG_V,Part V: Households,1999,,88826.4981071458,,N,Ni corrigé des variations saisonnières ni corrigé des effets de calendrier,W,Monde,S1M,Les Ménages et ISBLSM,S1,Economie totale,_Z,Non applicable,B,Solde (recettes moins dépenses),B6N_R,"Revenu disponible réel des ménages, net",_Z,Non applicable,,,,,,,,,,,L,Volumes chaînés,N,Données non transformées,,,,,,,F,Libre (libre pour publication),2,Two,A,Valeur normale,6,Millions,EUR,Euro
DATAFLOW,OECD.SDD.NAD:DSD_NAAG@DF_NAAG_V(1.0),NAAG Chapitre 5: Ménages,I,A,Annuelle,FRA,France,B6N_R_PPP_P31S14,"Revenu disponible net réel des ménages et des ISBLSM, déflaté par la consommation finale des ménages et des ISBLSM",XDC,Monnaie nationale,NAAG_V,Part V: Households,1999,,1052405.67272114,,N,Ni corrigé des variations saisonnières ni corrigé des effets de calendrier,W,Monde,S1M,Les Ménages et ISBLSM,S1,Economie totale,_Z,Non applicable,B,Solde (recettes moins dépenses),B6N_R,"Revenu disponible réel des ménages, net",_Z,Non applicable,,,,,,,,,,,L,Volumes chaînés,N,Données non transformées,,,,,,,F,Libre (libre pour publication),2,Two,A,Valeur normale,6,Millions,EUR,Euro
DATAFLOW,OECD.SDD.NAD:DSD_NAAG@DF_NAAG_V(1.0),NAAG Chapitre 5: Ménages,I,A,Annuelle,DEU,Allemagne,B6N_R_PPP_P31S14,"Revenu disponible net réel des ménages et des ISBLSM, déflaté par la consommation finale des ménages et des ISBLSM",XDC,Monnaie nationale,NAAG_V,Part V: Households,1999,,1689087.4026821,,N,Ni corrigé des variations saisonnières ni corrigé des effets de calendrier,W,Monde,S1M,Les Ménages et ISBLSM,S1,Economie totale,_Z,Non applicable,B,Solde (recettes moins dépenses),B6N_R,"Revenu disponible réel des ménages, net",_Z,Non applicable,,,,,,,,,,,L,Volumes chaînés,N,Données non transformées,,,,,,,F,Libre (libre pour publication),2,Two,A,Valeur normale,6,Millions,EUR,Euro
DATAFLOW,OECD.SDD.NAD:DSD_NAAG@DF_NAAG_V(1.0),NAAG Chapitre 5: Ménages,I,A,Annuelle,GRC,Grèce,B6N_R_PPP_P31S14,"Revenu disponible net réel des ménages et des ISBLSM, déflaté par la consommation finale des ménages et des ISBLSM",XDC,Monnaie nationale,NAAG_V,Part V: Households,1999,,118055.940573854,,N,Ni corrigé des variations saisonnières ni corrigé des effets de calendrier,W,Monde,S1M,Les Ménages et ISBLSM,S1,Economie totale,_Z,Non applicable,B,Solde (recettes moins dépenses),B6N_R,"Revenu disponible réel des ménages, net",_Z,Non applicable,,,,,,,,,,,L,Volumes chaînés,N,Données non transformées,,,,,,,F,Libre (libre pour publication),2,Two,A,Valeur normale,6,Millions,EUR,Euro
DATAFLOW,OECD.SDD.NAD:DSD_NAAG@DF_NAAG_V(1.0),NAAG Chapitre 5: Ménages,I,A,Annuelle,IRL,Irlande,B6N_R_PPP_P31S14,"Revenu disponible net réel des ménages et des ISBLSM, déflaté par la consommation finale des ménages et des ISBLSM",XDC,Monnaie nationale,NAAG_V,Part V: Households,1999,,57610.0128038802,,N,Ni corrigé des variations saisonnières ni corrigé des effets de calendrier,W,Monde,S1M,Les Ménages et ISBLSM,S1,Economie totale,_Z,Non applicable,B,Solde (recettes moins dépenses),B6N_R,"Revenu disponible réel des ménages, net",_Z,Non applicable,,,,,,,,,,,L,Volumes chaînés,N,Données non transformées,,,,,,,F,Libre (libre pour publication),2,Two,A,Valeur normale,6,Millions,EUR,Euro
DATAFLOW,OECD.SDD.NAD:DSD_NAAG@DF_NAAG_V(1.0),NAAG Chapitre 5: Ménages,I,A,Annuelle,ITA,Italie,B6N_R_PPP_P31S14,"Revenu disponible net réel des ménages et des ISBLSM, déflaté par la consommation finale des ménages et des ISBLSM",XDC,Monnaie nationale,NAAG_V,Part V: Households,1999,,1132130.39562854,,N,Ni corrigé des variations saisonnières ni corrigé des effets de calendrier,W,Monde,S1M,Les Ménages et ISBLSM,S1,Economie totale,_Z,Non applicable,B,Solde (recettes moins dépenses),B6N_R,"Revenu disponible réel des ménages, net",_Z,Non applicable,,,,,,,,,,,L,Volumes chaînés,N,Données non transformées,,,,,,,F,Libre (libre pour publication),2,Two,A,Valeur normale,6,Millions,EUR,Euro
DATAFLOW,OECD.SDD.NAD:DSD_NAAG@DF_NAAG_V(1.0),NAAG Chapitre 5: Ménages,I,A,Annuelle,LVA,Lettonie,B6N_R_PPP_P31S14,"Revenu disponible net réel des ménages et des ISBLSM, déflaté par la consommation finale des ménages et des ISBLSM",XDC,Monnaie nationale,NAAG_V,Part V: Households,1999,,7533.55041170935,,N,Ni corrigé des variations saisonnières ni corrigé des effets de calendrier,W,Monde,S1M,Les Ménages et ISBLSM,S1,Economie totale,_Z,Non applicable,B,Solde (recettes moins dépenses),B6N_R,"Revenu disponible réel des ménages, net",_Z,Non applicable,,,,,,,,,,,L,Volumes chaînés,N,Données non transformées,,,,,,,F,Libre (libre pour publication),2,Two,A,Valeur normale,6,Millions,EUR,Euro
DATAFLOW,OECD.SDD.NAD:DSD_NAAG@DF_NAAG_V(1.0),NAAG Chapitre 5: Ménages,I,A,Annuelle,LTU,Lituanie,B6N_R_PPP_P31S14,"Revenu disponible net réel des ménages et des ISBLSM, déflaté par la consommation finale des ménages et des ISBLSM",XDC,Monnaie nationale,NAAG_V,Part V: Households,1999,,12463.1922787812,,N,Ni corrigé des variations saisonnières ni corrigé des effets de calendrier,W,Monde,S1M,Les Ménages et ISBLSM,S1,Economie totale,_Z,Non applicable,B,Solde (recettes moins dépenses),B6N_R,"Revenu disponible réel des ménages, net",_Z,Non applicable,,,,,,,,,,,L,Volumes chaînés,N,Données non transformées,,,,,,,F,Libre (libre pour publication),2,Two,A,Valeur normale,6,Millions,EUR,Euro
DATAFLOW,OECD.SDD.NAD:DSD_NAAG@DF_NAAG_V(1.0),NAAG Chapitre 5: Ménages,I,A,Annuelle,LUX,Luxembourg,B6N_R_PPP_P31S14,"Revenu disponible net réel des ménages et des ISBLSM, déflaté par la consommation finale des ménages et des ISBLSM",XDC,Monnaie nationale,NAAG_V,Part V: Households,1999,,13060.1243888,,N,Ni corrigé des variations saisonnières ni corrigé des effets de calendrier,W,Monde,S1M,Les Ménages et ISBLSM,S1,Economie totale,_Z,Non applicable,B,Solde (recettes moins dépenses),B6N_R,"Revenu disponible réel des ménages, net",_Z,Non applicable,,,,,,,,,,,L,Volumes chaînés,N,Données non transformées,,,,,,,F,Libre (libre pour publication),2,Two,A,Valeur normale,6,Millions,EUR,Euro
DATAFLOW,OECD.SDD.NAD:DSD_NAAG@DF_NAAG_V(1.0),NAAG Chapitre 5: Ménages,I,A,Annuelle,NLD,Pays-Bas,B6N_R_PPP_P31S14,"Revenu disponible net réel des ménages et des ISBLSM, déflaté par la consommation finale des ménages et des ISBLSM",XDC,Monnaie nationale,NAAG_V,Part V: Households,1999,,306509.853005724,,N,Ni corrigé des variations saisonnières ni corrigé des effets de calendrier,W,Monde,S1M,Les Ménages et ISBLSM,S1,Economie totale,_Z,Non applicable,B,Solde (recettes moins dépenses),B6N_R,"Revenu disponible réel des ménages, net",_Z,Non applicable,,,,,,,,,,,L,Volumes chaînés,N,Données non transformées,,,,,,,F,Libre (libre pour publication),2,Two,A,Valeur normale,6,Millions,EUR,Euro
DATAFLOW,OECD.SDD.NAD:DSD_NAAG@DF_NAAG_V(1.0),NAAG Chapitre 5: Ménages,I,A,Annuelle,PRT,Portugal,B6N_R_PPP_P31S14,"Revenu disponible net réel des ménages et des ISBLSM, déflaté par la consommation finale des ménages et des ISBLSM",XDC,Monnaie nationale,NAAG_V,Part V: Households,1999,,123188.63299917,,N,Ni corrigé des variations saisonnières ni corrigé des effets de calendrier,W,Monde,S1M,Les Ménages et ISBLSM,S1,Economie totale,_Z,Non applicable,B,Solde (recettes moins dépenses),B6N_R,"Revenu disponible réel des ménages, net",_Z,Non applicable,,,,,,,,,,,L,Volumes chaînés,N,Données non transformées,,,,,,,F,Libre (libre pour publication),2,Two,A,Valeur normale,6,Millions,EUR,Euro
DATAFLOW,OECD.SDD.NAD:DSD_NAAG@DF_NAAG_V(1.0),NAAG Chapitre 5: Ménages,I,A,Annuelle,SVK,République slovaque,B6N_R_PPP_P31S14,"Revenu disponible net réel des ménages et des ISBLSM, déflaté par la consommation finale des ménages et des ISBLSM",XDC,Monnaie nationale,NAAG_V,Part V: Households,1999,,30435.1907458539,,N,Ni corrigé des variations saisonnières ni corrigé des effets de calendrier,W,Monde,S1M,Les Ménages et ISBLSM,S1,Economie totale,_Z,Non applicable,B,Solde (recettes moins dépenses),B6N_R,"Revenu disponible réel des ménages, net",_Z,Non applicable,,,,,,,,,,,L,Volumes chaînés,N,Données non transformées,,,,,,,F,Libre (libre pour publication),2,Two,A,Valeur normale,6,Millions,EUR,Euro
DATAFLOW,OECD.SDD.NAD:DSD_NAAG@DF_NAAG_V(1.0),NAAG Chapitre 5: Ménages,I,A,Annuelle,SVN,Slovénie,B6N_R_PPP_P31S14,"Revenu disponible net réel des ménages et des ISBLSM, déflaté par la consommation finale des ménages et des ISBLSM",XDC,Monnaie nationale,NAAG_V,Part V: Households,1999,,17421.0218461656,,N,Ni corrigé des variations saisonnières ni corrigé des effets de calendrier,W,Monde,S1M,Les Ménages et ISBLSM,S1,Economie totale,_Z,Non applicable,B,Solde (recettes moins dépenses),B6N_R,"Revenu disponible réel des ménages, net",_Z,Non applicable,,,,,,,,,,,L,Volumes chaînés,N,Données non transformées,,,,,,,F,Libre (libre pour publication),2,Two,A,Valeur normale,6,Millions,EUR,Euro
DATAFLOW,OECD.SDD.NAD:DSD_NAAG@DF_NAAG_V(1.0),NAAG Chapitre 5: Ménages,I,A,Annuelle,ESP,Espagne,B6N_R_PPP_P31S14,"Revenu disponible net réel des ménages et des ISBLSM, déflaté par la consommation finale des ménages et des ISBLSM",XDC,Monnaie nationale,NAAG_V,Part V: Households,1999,,570330.085367674,,N,Ni corrigé des variations saisonnières ni corrigé des effets de calendrier,W,Monde,S1M,Les Ménages et ISBLSM,S1,Economie totale,_Z,Non applicable,B,Solde (recettes moins dépenses),B6N_R,"Revenu disponible réel des ménages, net",_Z,Non applicable,,,,,,,,,,,L,Volumes chaînés,N,Données non transformées,,,,,,,F,Libre (libre pour publication),2,Two,A,Valeur normale,6,Millions,EUR,Euro
DATAFLOW,OECD.SDD.NAD:DSD_NAAG@DF_NAAG_V(1.0),NAAG Chapitre 5: Ménages,I,A,Annuelle,AUT,Autriche,B6N_R_PPP_P31S14,"Revenu disponible net réel des ménages et des ISBLSM, déflaté par la consommation finale des ménages et des ISBLSM",XDC,Monnaie nationale,NAAG_V,Part V: Households,2000,,183451.135539255,,N,Ni corrigé des variations saisonnières ni corrigé des effets de calendrier,W,Monde,S1M,Les Ménages et ISBLSM,S1,Economie totale,_Z,Non applicable,B,Solde (recettes moins dépenses),B6N_R,"Revenu disponible réel des ménages, net",_Z,Non applicable,,,,,,,,,,,L,Volumes chaînés,N,Données non transformées,,,,,,,F,Libre (libre pour publication),2,Two,A,Valeur normale,6,Millions,EUR,Euro
DATAFLOW,OECD.SDD.NAD:DSD_NAAG@DF_NAAG_V(1.0),NAAG Chapitre 5: Ménages,I,A,Annuelle,BEL,Belgique,B6N_R_PPP_P31S14,"Revenu disponible net réel des ménages et des ISBLSM, déflaté par la consommation finale des ménages et des ISBLSM",XDC,Monnaie nationale,NAAG_V,Part V: Households,2000,,213006.805411133,,N,Ni corrigé des variations saisonnières ni corrigé des effets de calendrier,W,Monde,S1M,Les Ménages et ISBLSM,S1,Economie totale,_Z,Non applicable,B,Solde (recettes moins dépenses),B6N_R,"Revenu disponible réel des ménages, net",_Z,Non applicable,,,,,,,,,,,L,Volumes chaînés,N,Données non transformées,,,,,,,F,Libre (libre pour publication),2,Two,A,Valeur normale,6,Millions,EUR,Euro
DATAFLOW,OECD.SDD.NAD:DSD_NAAG@DF_NAAG_V(1.0),NAAG Chapitre 5: Ménages,I,A,Annuelle,EST,Estonie,B6N_R_PPP_P31S14,"Revenu disponible net réel des ménages et des ISBLSM, déflaté par la consommation finale des ménages et des ISBLSM",XDC,Monnaie nationale,NAAG_V,Part V: Households,2000,,6510.0411256147,,N,Ni corrigé des variations saisonnières ni corrigé des effets de calendrier,W,Monde,S1M,Les Ménages et ISBLSM,S1,Economie totale,_Z,Non applicable,B,Solde (recettes moins dépenses),B6N_R,"Revenu disponible réel des ménages, net",_Z,Non applicable,,,,,,,,,,,L,Volumes chaînés,N,Données non transformées,,,,,,,F,Libre (libre pour publication),2,Two,A,Valeur normale,6,Millions,EUR,Euro
DATAFLOW,OECD.SDD.NAD:DSD_NAAG@DF_NAAG_V(1.0),NAAG Chapitre 5: Ménages,I,A,Annuelle,FIN,Finlande,B6N_R_PPP_P31S14,"Revenu disponible net réel des ménages et des ISBLSM, déflaté par la consommation finale des ménages et des ISBLSM",XDC,Monnaie nationale,NAAG_V,Part V: Households,2000,,90376.553356004,,N,Ni corrigé des variations saisonnières ni corrigé des effets de calendrier,W,Monde,S1M,Les Ménages et ISBLSM,S1,Economie totale,_Z,Non applicable,B,Solde (recettes moins dépenses),B6N_R,"Revenu disponible réel des ménages, net",_Z,Non applicable,,,,,,,,,,,L,Volumes chaînés,N,Données non transformées,,,,,,,F,Libre (libre pour publication),2,Two,A,Valeur normale,6,Millions,EUR,Euro
DATAFLOW,OECD.SDD.NAD:DSD_NAAG@DF_NAAG_V(1.0),NAAG Chapitre 5: Ménages,I,A,Annuelle,FRA,France,B6N_R_PPP_P31S14,"Revenu disponible net réel des ménages et des ISBLSM, déflaté par la consommation finale des ménages et des ISBLSM",XDC,Monnaie nationale,NAAG_V,Part V: Households,2000,,1094655.66069372,,N,Ni corrigé des variations saisonnières ni corrigé des effets de calendrier,W,Monde,S1M,Les Ménages et ISBLSM,S1,Economie totale,_Z,Non applicable,B,Solde (recettes moins dépenses),B6N_R,"Revenu disponible réel des ménages, net",_Z,Non applicable,,,,,,,,,,,L,Volumes chaînés,N,Données non transformées,,,,,,,F,Libre (libre pour publication),2,Two,A,Valeur normale,6,Millions,EUR,Euro
DATAFLOW,OECD.SDD.NAD:DSD_NAAG@DF_NAAG_V(1.0),NAAG Chapitre 5: Ménages,I,A,Annuelle,DEU,Allemagne,B6N_R_PPP_P31S14,"Revenu disponible net réel des ménages et des ISBLSM, déflaté par la consommation finale des ménages et des ISBLSM",XDC,Monnaie nationale,NAAG_V,Part V: Households,2000,,1702153.57764409,,N,Ni corrigé des variations saisonnières ni corrigé des effets de calendrier,W,Monde,S1M,Les Ménages et ISBLSM,S1,Economie totale,_Z,Non applicable,B,Solde (recettes moins dépenses),B6N_R,"Revenu disponible réel des ménages, net",_Z,Non applicable,,,,,,,,,,,L,Volumes chaînés,N,Données non transformées,,,,,,,F,Libre (libre pour publication),2,Two,A,Valeur normale,6,Millions,EUR,Euro
DATAFLOW,OECD.SDD.NAD:DSD_NAAG@DF_NAAG_V(1.0),NAAG Chapitre 5: Ménages,I,A,Annuelle,GRC,Grèce,B6N_R_PPP_P31S14,"Revenu disponible net réel des ménages et des ISBLSM, déflaté par la consommation finale des ménages et des ISBLSM",XDC,Monnaie nationale,NAAG_V,Part V: Households,2000,,117149.969858153,,N,Ni corrigé des variations saisonnières ni corrigé des effets de calendrier,W,Monde,S1M,Les Ménages et ISBLSM,S1,Economie totale,_Z,Non applicable,B,Solde (recettes moins dépenses),B6N_R,"Revenu disponible réel des ménages, net",_Z,Non applicable,,,,,,,,,,,L,Volumes chaînés,N,Données non transformées,,,,,,,F,Libre (libre pour publication),2,Two,A,Valeur normale,6,Millions,EUR,Euro
DATAFLOW,OECD.SDD.NAD:DSD_NAAG@DF_NAAG_V(1.0),NAAG Chapitre 5: Ménages,I,A,Annuelle,IRL,Irlande,B6N_R_PPP_P31S14,"Revenu disponible net réel des ménages et des ISBLSM, déflaté par la consommation finale des ménages et des ISBLSM",XDC,Monnaie nationale,NAAG_V,Part V: Households,2000,,61448.7367439632,,N,Ni corrigé des variations saisonnières ni corrigé des effets de calendrier,W,Monde,S1M,Les Ménages et ISBLSM,S1,Economie totale,_Z,Non applicable,B,Solde (recettes moins dépenses),B6N_R,"Revenu disponible réel des ménages, net",_Z,Non applicable,,,,,,,,,,,L,Volumes chaînés,N,Données non transformées,,,,,,,F,Libre (libre pour publication),2,Two,A,Valeur normale,6,Millions,EUR,Euro
DATAFLOW,OECD.SDD.NAD:DSD_NAAG@DF_NAAG_V(1.0),NAAG Chapitre 5: Ménages,I,A,Annuelle,ITA,Italie,B6N_R_PPP_P31S14,"Revenu disponible net réel des ménages et des ISBLSM, déflaté par la consommation finale des ménages et des ISBLSM",XDC,Monnaie nationale,NAAG_V,Part V: Households,2000,,1139424.57995118,,N,Ni corrigé des variations saisonnières ni corrigé des effets de calendrier,W,Monde,S1M,Les Ménages et ISBLSM,S1,Economie totale,_Z,Non applicable,B,Solde (recettes moins dépenses),B6N_R,"Revenu disponible réel des ménages, net",_Z,Non applicable,,,,,,,,,,,L,Volumes chaînés,N,Données non transformées,,,,,,,F,Libre (libre pour publication),2,Two,A,Valeur normale,6,Millions,EUR,Euro
DATAFLOW,OECD.SDD.NAD:DSD_NAAG@DF_NAAG_V(1.0),NAAG Chapitre 5: Ménages,I,A,Annuelle,LVA,Lettonie,B6N_R_PPP_P31S14,"Revenu disponible net réel des ménages et des ISBLSM, déflaté par la consommation finale des ménages et des ISBLSM",XDC,Monnaie nationale,NAAG_V,Part V: Households,2000,,8356.99881023816,,N,Ni corrigé des variations saisonnières ni corrigé des effets de calendrier,W,Monde,S1M,Les Ménages et ISBLSM,S1,Economie totale,_Z,Non applicable,B,Solde (recettes moins dépenses),B6N_R,"Revenu disponible réel des ménages, net",_Z,Non applicable,,,,,,,,,,,L,Volumes chaînés,N,Données non transformées,,,,,,,F,Libre (libre pour publication),2,Two,A,Valeur normale,6,Millions,EUR,Euro
DATAFLOW,OECD.SDD.NAD:DSD_NAAG@DF_NAAG_V(1.0),NAAG Chapitre 5: Ménages,I,A,Annuelle,LTU,Lituanie,B6N_R_PPP_P31S14,"Revenu disponible net réel des ménages et des ISBLSM, déflaté par la consommation finale des ménages et des ISBLSM",XDC,Monnaie nationale,NAAG_V,Part V: Households,2000,,13422.3000493676,,N,Ni corrigé des variations saisonnières ni corrigé des effets de calendrier,W,Monde,S1M,Les Ménages et ISBLSM,S1,Economie totale,_Z,Non applicable,B,Solde (recettes moins dépenses),B6N_R,"Revenu disponible réel des ménages, net",_Z,Non applicable,,,,,,,,,,,L,Volumes chaînés,N,Données non transformées,,,,,,,F,Libre (libre pour publication),2,Two,A,Valeur normale,6,Millions,EUR,Euro
DATAFLOW,OECD.SDD.NAD:DSD_NAAG@DF_NAAG_V(1.0),NAAG Chapitre 5: Ménages,I,A,Annuelle,LUX,Luxembourg,B6N_R_PPP_P31S14,"Revenu disponible net réel des ménages et des ISBLSM, déflaté par la consommation finale des ménages et des ISBLSM",XDC,Monnaie nationale,NAAG_V,Part V: Households,2000,,14023.3362089297,,N,Ni corrigé des variations saisonnières ni corrigé des effets de calendrier,W,Monde,S1M,Les Ménages et ISBLSM,S1,Economie totale,_Z,Non applicable,B,Solde (recettes moins dépenses),B6N_R,"Revenu disponible réel des ménages, net",_Z,Non applicable,,,,,,,,,,,L,Volumes chaînés,N,Données non transformées,,,,,,,F,Libre (libre pour publication),2,Two,A,Valeur normale,6,Millions,EUR,Euro
DATAFLOW,OECD.SDD.NAD:DSD_NAAG@DF_NAAG_V(1.0),NAAG Chapitre 5: Ménages,I,A,Annuelle,NLD,Pays-Bas,B6N_R_PPP_P31S14,"Revenu disponible net réel des ménages et des ISBLSM, déflaté par la consommation finale des ménages et des ISBLSM",XDC,Monnaie nationale,NAAG_V,Part V: Households,2000,,314559.831790961,,N,Ni corrigé des variations saisonnières ni corrigé des effets de calendrier,W,Monde,S1M,Les Ménages et ISBLSM,S1,Economie totale,_Z,Non applicable,B,Solde (recettes moins dépenses),B6N_R,"Revenu disponible réel des ménages, net",_Z,Non applicable,,,,,,,,,,,L,Volumes chaînés,N,Données non transformées,,,,,,,F,Libre (libre pour publication),2,Two,A,Valeur normale,6,Millions,EUR,Euro
DATAFLOW,OECD.SDD.NAD:DSD_NAAG@DF_NAAG_V(1.0),NAAG Chapitre 5: Ménages,I,A,Annuelle,PRT,Portugal,B6N_R_PPP_P31S14,"Revenu disponible net réel des ménages et des ISBLSM, déflaté par la consommation finale des ménages et des ISBLSM",XDC,Monnaie nationale,NAAG_V,Part V: Households,2000,,126100.006472032,,N,Ni corrigé des variations saisonnières ni corrigé des effets de calendrier,W,Monde,S1M,Les Ménages et ISBLSM,S1,Economie totale,_Z,Non applicable,B,Solde (recettes moins dépenses),B6N_R,"Revenu disponible réel des ménages, net",_Z,Non applicable,,,,,,,,,,,L,Volumes chaînés,N,Données non transformées,,,,,,,F,Libre (libre pour publication),2,Two,A,Valeur normale,6,Millions,EUR,Euro
DATAFLOW,OECD.SDD.NAD:DSD_NAAG@DF_NAAG_V(1.0),NAAG Chapitre 5: Ménages,I,A,Annuelle,SVK,République slovaque,B6N_R_PPP_P31S14,"Revenu disponible net réel des ménages et des ISBLSM, déflaté par la consommation finale des ménages et des ISBLSM",XDC,Monnaie nationale,NAAG_V,Part V: Households,2000,,30800.2381742374,,N,Ni corrigé des variations saisonnières ni corrigé des effets de calendrier,W,Monde,S1M,Les Ménages et ISBLSM,S1,Economie totale,_Z,Non applicable,B,Solde (recettes moins dépenses),B6N_R,"Revenu disponible réel des ménages, net",_Z,Non applicable,,,,,,,,,,,L,Volumes chaînés,N,Données non transformées,,,,,,,F,Libre (libre pour publication),2,Two,A,Valeur normale,6,Millions,EUR,Euro
DATAFLOW,OECD.SDD.NAD:DSD_NAAG@DF_NAAG_V(1.0),NAAG Chapitre 5: Ménages,I,A,Annuelle,SVN,Slovénie,B6N_R_PPP_P31S14,"Revenu disponible net réel des ménages et des ISBLSM, déflaté par la consommation finale des ménages et des ISBLSM",XDC,Monnaie nationale,NAAG_V,Part V: Households,2000,,18106.0704762543,,N,Ni corrigé des variations saisonnières ni corrigé des effets de calendrier,W,Monde,S1M,Les Ménages et ISBLSM,S1,Economie totale,_Z,Non applicable,B,Solde (recettes moins dépenses),B6N_R,"Revenu disponible réel des ménages, net",_Z,Non applicable,,,,,,,,,,,L,Volumes chaînés,N,Données non transformées,,,,,,,F,Libre (libre pour publication),2,Two,A,Valeur normale,6,Millions,EUR,Euro
DATAFLOW,OECD.SDD.NAD:DSD_NAAG@DF_NAAG_V(1.0),NAAG Chapitre 5: Ménages,I,A,Annuelle,ESP,Espagne,B6N_R_PPP_P31S14,"Revenu disponible net réel des ménages et des ISBLSM, déflaté par la consommation finale des ménages et des ISBLSM",XDC,Monnaie nationale,NAAG_V,Part V: Households,2000,,597834.389182639,,N,Ni corrigé des variations saisonnières ni corrigé des effets de calendrier,W,Monde,S1M,Les Ménages et ISBLSM,S1,Economie totale,_Z,Non applicable,B,Solde (recettes moins dépenses),B6N_R,"Revenu disponible réel des ménages, net",_Z,Non applicable,,,,,,,,,,,L,Volumes chaînés,N,Données non transformées,,,,,,,F,Libre (libre pour publication),2,Two,A,Valeur normale,6,Millions,EUR,Euro
DATAFLOW,OECD.SDD.NAD:DSD_NAAG@DF_NAAG_V(1.0),NAAG Chapitre 5: Ménages,I,A,Annuelle,AUT,Autriche,B6N_R_PPP_P31S14,"Revenu disponible net réel des ménages et des ISBLSM, déflaté par la consommation finale des ménages et des ISBLSM",XDC,Monnaie nationale,NAAG_V,Part V: Households,2001,,181010.12721375,,N,Ni corrigé des variations saisonnières ni corrigé des effets de calendrier,W,Monde,S1M,Les Ménages et ISBLSM,S1,Economie totale,_Z,Non applicable,B,Solde (recettes moins dépenses),B6N_R,"Revenu disponible réel des ménages, net",_Z,Non applicable,,,,,,,,,,,L,Volumes chaînés,N,Données non transformées,,,,,,,F,Libre (libre pour publication),2,Two,A,Valeur normale,6,Millions,EUR,Euro
DATAFLOW,OECD.SDD.NAD:DSD_NAAG@DF_NAAG_V(1.0),NAAG Chapitre 5: Ménages,I,A,Annuelle,BEL,Belgique,B6N_R_PPP_P31S14,"Revenu disponible net réel des ménages et des ISBLSM, déflaté par la consommation finale des ménages et des ISBLSM",XDC,Monnaie nationale,NAAG_V,Part V: Households,2001,,218582.986767249,,N,Ni corrigé des variations saisonnières ni corrigé des effets de calendrier,W,Monde,S1M,Les Ménages et ISBLSM,S1,Economie totale,_Z,Non applicable,B,Solde (recettes moins dépenses),B6N_R,"Revenu disponible réel des ménages, net",_Z,Non applicable,,,,,,,,,,,L,Volumes chaînés,N,Données non transformées,,,,,,,F,Libre (libre pour publication),2,Two,A,Valeur normale,6,Millions,EUR,Euro
DATAFLOW,OECD.SDD.NAD:DSD_NAAG@DF_NAAG_V(1.0),NAAG Chapitre 5: Ménages,I,A,Annuelle,EST,Estonie,B6N_R_PPP_P31S14,"Revenu disponible net réel des ménages et des ISBLSM, déflaté par la consommation finale des ménages et des ISBLSM",XDC,Monnaie nationale,NAAG_V,Part V: Households,2001,,6811.27270675667,,N,Ni corrigé des variations saisonnières ni corrigé des effets de calendrier,W,Monde,S1M,Les Ménages et ISBLSM,S1,Economie totale,_Z,Non applicable,B,Solde (recettes moins dépenses),B6N_R,"Revenu disponible réel des ménages, net",_Z,Non applicable,,,,,,,,,,,L,Volumes chaînés,N,Données non transformées,,,,,,,F,Libre (libre pour publication),2,Two,A,Valeur normale,6,Millions,EUR,Euro
DATAFLOW,OECD.SDD.NAD:DSD_NAAG@DF_NAAG_V(1.0),NAAG Chapitre 5: Ménages,I,A,Annuelle,FIN,Finlande,B6N_R_PPP_P31S14,"Revenu disponible net réel des ménages et des ISBLSM, déflaté par la consommation finale des ménages et des ISBLSM",XDC,Monnaie nationale,NAAG_V,Part V: Households,2001,,91863.4918079828,,N,Ni corrigé des variations saisonnières ni corrigé des effets de calendrier,W,Monde,S1M,Les Ménages et ISBLSM,S1,Economie totale,_Z,Non applicable,B,Solde (recettes moins dépenses),B6N_R,"Revenu disponible réel des ménages, net",_Z,Non applicable,,,,,,,,,,,L,Volumes chaînés,N,Données non transformées,,,,,,,F,Libre (libre pour publication),2,Two,A,Valeur normale,6,Millions,EUR,Euro
DATAFLOW,OECD.SDD.NAD:DSD_NAAG@DF_NAAG_V(1.0),NAAG Chapitre 5: Ménages,I,A,Annuelle,FRA,France,B6N_R_PPP_P31S14,"Revenu disponible net réel des ménages et des ISBLSM, déflaté par la consommation finale des ménages et des ISBLSM",XDC,Monnaie nationale,NAAG_V,Part V: Households,2001,,1131504.90288726,,N,Ni corrigé des variations saisonnières ni corrigé des effets de calendrier,W,Monde,S1M,Les Ménages et ISBLSM,S1,Economie totale,_Z,Non applicable,B,Solde (recettes moins dépenses),B6N_R,"Revenu disponible réel des ménages, net",_Z,Non applicable,,,,,,,,,,,L,Volumes chaînés,N,Données non transformées,,,,,,,F,Libre (libre pour publication),2,Two,A,Valeur normale,6,Millions,EUR,Euro
DATAFLOW,OECD.SDD.NAD:DSD_NAAG@DF_NAAG_V(1.0),NAAG Chapitre 5: Ménages,I,A,Annuelle,DEU,Allemagne,B6N_R_PPP_P31S14,"Revenu disponible net réel des ménages et des ISBLSM, déflaté par la consommation finale des ménages et des ISBLSM",XDC,Monnaie nationale,NAAG_V,Part V: Households,2001,,1742802.29045287,,N,Ni corrigé des variations saisonnières ni corrigé des effets de calendrier,W,Monde,S1M,Les Ménages et ISBLSM,S1,Economie totale,_Z,Non applicable,B,Solde (recettes moins dépenses),B6N_R,"Revenu disponible réel des ménages, net",_Z,Non applicable,,,,,,,,,,,L,Volumes chaînés,N,Données non transformées,,,,,,,F,Libre (libre pour publication),2,Two,A,Valeur normale,6,Millions,EUR,Euro
DATAFLOW,OECD.SDD.NAD:DSD_NAAG@DF_NAAG_V(1.0),NAAG Chapitre 5: Ménages,I,A,Annuelle,GRC,Grèce,B6N_R_PPP_P31S14,"Revenu disponible net réel des ménages et des ISBLSM, déflaté par la consommation finale des ménages et des ISBLSM",XDC,Monnaie nationale,NAAG_V,Part V: Households,2001,,120609.758151265,,N,Ni corrigé des variations saisonnières ni corrigé des effets de calendrier,W,Monde,S1M,Les Ménages et ISBLSM,S1,Economie totale,_Z,Non applicable,B,Solde (recettes moins dépenses),B6N_R,"Revenu disponible réel des ménages, net",_Z,Non applicable,,,,,,,,,,,L,Volumes chaînés,N,Données non transformées,,,,,,,F,Libre (libre pour publication),2,Two,A,Valeur normale,6,Millions,EUR,Euro
DATAFLOW,OECD.SDD.NAD:DSD_NAAG@DF_NAAG_V(1.0),NAAG Chapitre 5: Ménages,I,A,Annuelle,IRL,Irlande,B6N_R_PPP_P31S14,"Revenu disponible net réel des ménages et des ISBLSM, déflaté par la consommation finale des ménages et des ISBLSM",XDC,Monnaie nationale,NAAG_V,Part V: Households,2001,,67702.0801989652,,N,Ni corrigé des variations saisonnières ni corrigé des effets de calendrier,W,Monde,S1M,Les Ménages et ISBLSM,S1,Economie totale,_Z,Non applicable,B,Solde (recettes moins dépenses),B6N_R,"Revenu disponible réel des ménages, net",_Z,Non applicable,,,,,,,,,,,L,Volumes chaînés,N,Données non transformées,,,,,,,F,Libre (libre pour publication),2,Two,A,Valeur normale,6,Millions,EUR,Euro
DATAFLOW,OECD.SDD.NAD:DSD_NAAG@DF_NAAG_V(1.0),NAAG Chapitre 5: Ménages,I,A,Annuelle,ITA,Italie,B6N_R_PPP_P31S14,"Revenu disponible net réel des ménages et des ISBLSM, déflaté par la consommation finale des ménages et des ISBLSM",XDC,Monnaie nationale,NAAG_V,Part V: Households,2001,,1160679.49785763,,N,Ni corrigé des variations saisonnières ni corrigé des effets de calendrier,W,Monde,S1M,Les Ménages et ISBLSM,S1,Economie totale,_Z,Non applicable,B,Solde (recettes moins dépenses),B6N_R,"Revenu disponible réel des ménages, net",_Z,Non applicable,,,,,,,,,,,L,Volumes chaînés,N,Données non transformées,,,,,,,F,Libre (libre pour publication),2,Two,A,Valeur normale,6,Millions,EUR,Euro
DATAFLOW,OECD.SDD.NAD:DSD_NAAG@DF_NAAG_V(1.0),NAAG Chapitre 5: Ménages,I,A,Annuelle,LVA,Lettonie,B6N_R_PPP_P31S14,"Revenu disponible net réel des ménages et des ISBLSM, déflaté par la consommation finale des ménages et des ISBLSM",XDC,Monnaie nationale,NAAG_V,Part V: Households,2001,,8687.96498155984,,N,Ni corrigé des variations saisonnières ni corrigé des effets de calendrier,W,Monde,S1M,Les Ménages et ISBLSM,S1,Economie totale,_Z,Non applicable,B,Solde (recettes moins dépenses),B6N_R,"Revenu disponible réel des ménages, net",_Z,Non applicable,,,,,,,,,,,L,Volumes chaînés,N,Données non transformées,,,,,,,F,Libre (libre pour publication),2,Two,A,Valeur normale,6,Millions,EUR,Euro
DATAFLOW,OECD.SDD.NAD:DSD_NAAG@DF_NAAG_V(1.0),NAAG Chapitre 5: Ménages,I,A,Annuelle,LTU,Lituanie,B6N_R_PPP_P31S14,"Revenu disponible net réel des ménages et des ISBLSM, déflaté par la consommation finale des ménages et des ISBLSM",XDC,Monnaie nationale,NAAG_V,Part V: Households,2001,,13679.4350827014,,N,Ni corrigé des variations saisonnières ni corrigé des effets de calendrier,W,Monde,S1M,Les Ménages et ISBLSM,S1,Economie totale,_Z,Non applicable,B,Solde (recettes moins dépenses),B6N_R,"Revenu disponible réel des ménages, net",_Z,Non applicable,,,,,,,,,,,L,Volumes chaînés,N,Données non transformées,,,,,,,F,Libre (libre pour publication),2,Two,A,Valeur normale,6,Millions,EUR,Euro
DATAFLOW,OECD.SDD.NAD:DSD_NAAG@DF_NAAG_V(1.0),NAAG Chapitre 5: Ménages,I,A,Annuelle,LUX,Luxembourg,B6N_R_PPP_P31S14,"Revenu disponible net réel des ménages et des ISBLSM, déflaté par la consommation finale des ménages et des ISBLSM",XDC,Monnaie nationale,NAAG_V,Part V: Households,2001,,14532.3105530998,,N,Ni corrigé des variations saisonnières ni corrigé des effets de calendrier,W,Monde,S1M,Les Ménages et ISBLSM,S1,Economie totale,_Z,Non applicable,B,Solde (recettes moins dépenses),B6N_R,"Revenu disponible réel des ménages, net",_Z,Non applicable,,,,,,,,,,,L,Volumes chaînés,N,Données non transformées,,,,,,,F,Libre (libre pour publication),2,Two,A,Valeur normale,6,Millions,EUR,Euro
DATAFLOW,OECD.SDD.NAD:DSD_NAAG@DF_NAAG_V(1.0),NAAG Chapitre 5: Ménages,I,A,Annuelle,NLD,Pays-Bas,B6N_R_PPP_P31S14,"Revenu disponible net réel des ménages et des ISBLSM, déflaté par la consommation finale des ménages et des ISBLSM",XDC,Monnaie nationale,NAAG_V,Part V: Households,2001,,333636.419804198,,N,Ni corrigé des variations saisonnières ni corrigé des effets de calendrier,W,Monde,S1M,Les Ménages et ISBLSM,S1,Economie totale,_Z,Non applicable,B,Solde (recettes moins dépenses),B6N_R,"Revenu disponible réel des ménages, net",_Z,Non applicable,,,,,,,,,,,L,Volumes chaînés,N,Données non transformées,,,,,,,F,Libre (libre pour publication),2,Two,A,Valeur normale,6,Millions,EUR,Euro
DATAFLOW,OECD.SDD.NAD:DSD_NAAG@DF_NAAG_V(1.0),NAAG Chapitre 5: Ménages,I,A,Annuelle,PRT,Portugal,B6N_R_PPP_P31S14,"Revenu disponible net réel des ménages et des ISBLSM, déflaté par la consommation finale des ménages et des ISBLSM",XDC,Monnaie nationale,NAAG_V,Part V: Households,2001,,127657.722479407,,N,Ni corrigé des variations saisonnières ni corrigé des effets de calendrier,W,Monde,S1M,Les Ménages et ISBLSM,S1,Economie totale,_Z,Non applicable,B,Solde (recettes moins dépenses),B6N_R,"Revenu disponible réel des ménages, net",_Z,Non applicable,,,,,,,,,,,L,Volumes chaînés,N,Données non transformées,,,,,,,F,Libre (libre pour publication),2,Two,A,Valeur normale,6,Millions,EUR,Euro
DATAFLOW,OECD.SDD.NAD:DSD_NAAG@DF_NAAG_V(1.0),NAAG Chapitre 5: Ménages,I,A,Annuelle,SVK,République slovaque,B6N_R_PPP_P31S14,"Revenu disponible net réel des ménages et des ISBLSM, déflaté par la consommation finale des ménages et des ISBLSM",XDC,Monnaie nationale,NAAG_V,Part V: Households,2001,,31607.9747397975,,N,Ni corrigé des variations saisonnières ni corrigé des effets de calendrier,W,Monde,S1M,Les Ménages et ISBLSM,S1,Economie totale,_Z,Non applicable,B,Solde (recettes moins dépenses),B6N_R,"Revenu disponible réel des ménages, net",_Z,Non applicable,,,,,,,,,,,L,Volumes chaînés,N,Données non transformées,,,,,,,F,Libre (libre pour publication),2,Two,A,Valeur normale,6,Millions,EUR,Euro
DATAFLOW,OECD.SDD.NAD:DSD_NAAG@DF_NAAG_V(1.0),NAAG Chapitre 5: Ménages,I,A,Annuelle,SVN,Slovénie,B6N_R_PPP_P31S14,"Revenu disponible net réel des ménages et des ISBLSM, déflaté par la consommation finale des ménages et des ISBLSM",XDC,Monnaie nationale,NAAG_V,Part V: Households,2001,,18842.7136102273,,N,Ni corrigé des variations saisonnières ni corrigé des effets de calendrier,W,Monde,S1M,Les Ménages et ISBLSM,S1,Economie totale,_Z,Non applicable,B,Solde (recettes moins dépenses),B6N_R,"Revenu disponible réel des ménages, net",_Z,Non applicable,,,,,,,,,,,L,Volumes chaînés,N,Données non transformées,,,,,,,F,Libre (libre pour publication),2,Two,A,Valeur normale,6,Millions,EUR,Euro
DATAFLOW,OECD.SDD.NAD:DSD_NAAG@DF_NAAG_V(1.0),NAAG Chapitre 5: Ménages,I,A,Annuelle,ESP,Espagne,B6N_R_PPP_P31S14,"Revenu disponible net réel des ménages et des ISBLSM, déflaté par la consommation finale des ménages et des ISBLSM",XDC,Monnaie nationale,NAAG_V,Part V: Households,2001,,621741.720612575,,N,Ni corrigé des variations saisonnières ni corrigé des effets de calendrier,W,Monde,S1M,Les Ménages et ISBLSM,S1,Economie totale,_Z,Non applicable,B,Solde (recettes moins dépenses),B6N_R,"Revenu disponible réel des ménages, net",_Z,Non applicable,,,,,,,,,,,L,Volumes chaînés,N,Données non transformées,,,,,,,F,Libre (libre pour publication),2,Two,A,Valeur normale,6,Millions,EUR,Euro
DATAFLOW,OECD.SDD.NAD:DSD_NAAG@DF_NAAG_V(1.0),NAAG Chapitre 5: Ménages,I,A,Annuelle,AUT,Autriche,B6N_R_PPP_P31S14,"Revenu disponible net réel des ménages et des ISBLSM, déflaté par la consommation finale des ménages et des ISBLSM",XDC,Monnaie nationale,NAAG_V,Part V: Households,2002,,182052.933582252,,N,Ni corrigé des variations saisonnières ni corrigé des effets de calendrier,W,Monde,S1M,Les Ménages et ISBLSM,S1,Economie totale,_Z,Non applicable,B,Solde (recettes moins dépenses),B6N_R,"Revenu disponible réel des ménages, net",_Z,Non applicable,,,,,,,,,,,L,Volumes chaînés,N,Données non transformées,,,,,,,F,Libre (libre pour publication),2,Two,A,Valeur normale,6,Millions,EUR,Euro
DATAFLOW,OECD.SDD.NAD:DSD_NAAG@DF_NAAG_V(1.0),NAAG Chapitre 5: Ménages,I,A,Annuelle,BEL,Belgique,B6N_R_PPP_P31S14,"Revenu disponible net réel des ménages et des ISBLSM, déflaté par la consommation finale des ménages et des ISBLSM",XDC,Monnaie nationale,NAAG_V,Part V: Households,2002,,218750.845058331,,N,Ni corrigé des variations saisonnières ni corrigé des effets de calendrier,W,Monde,S1M,Les Ménages et ISBLSM,S1,Economie totale,_Z,Non applicable,B,Solde (recettes moins dépenses),B6N_R,"Revenu disponible réel des ménages, net",_Z,Non applicable,,,,,,,,,,,L,Volumes chaînés,N,Données non transformées,,,,,,,F,Libre (libre pour publication),2,Two,A,Valeur normale,6,Millions,EUR,Euro
DATAFLOW,OECD.SDD.NAD:DSD_NAAG@DF_NAAG_V(1.0),NAAG Chapitre 5: Ménages,I,A,Annuelle,EST,Estonie,B6N_R_PPP_P31S14,"Revenu disponible net réel des ménages et des ISBLSM, déflaté par la consommation finale des ménages et des ISBLSM",XDC,Monnaie nationale,NAAG_V,Part V: Households,2002,,6900.11317010026,,N,Ni corrigé des variations saisonnières ni corrigé des effets de calendrier,W,Monde,S1M,Les Ménages et ISBLSM,S1,Economie totale,_Z,Non applicable,B,Solde (recettes moins dépenses),B6N_R,"Revenu disponible réel des ménages, net",_Z,Non applicable,,,,,,,,,,,L,Volumes chaînés,N,Données non transformées,,,,,,,F,Libre (libre pour publication),2,Two,A,Valeur normale,6,Millions,EUR,Euro
DATAFLOW,OECD.SDD.NAD:DSD_NAAG@DF_NAAG_V(1.0),NAAG Chapitre 5: Ménages,I,A,Annuelle,FIN,Finlande,B6N_R_PPP_P31S14,"Revenu disponible net réel des ménages et des ISBLSM, déflaté par la consommation finale des ménages et des ISBLSM",XDC,Monnaie nationale,NAAG_V,Part V: Households,2002,,94643.4643696885,,N,Ni corrigé des variations saisonnières ni corrigé des effets de calendrier,W,Monde,S1M,Les Ménages et ISBLSM,S1,Economie totale,_Z,Non applicable,B,Solde (recettes moins dépenses),B6N_R,"Revenu disponible réel des ménages, net",_Z,Non applicable,,,,,,,,,,,L,Volumes chaînés,N,Données non transformées,,,,,,,F,Libre (libre pour publication),2,Two,A,Valeur normale,6,Millions,EUR,Euro
DATAFLOW,OECD.SDD.NAD:DSD_NAAG@DF_NAAG_V(1.0),NAAG Chapitre 5: Ménages,I,A,Annuelle,FRA,France,B6N_R_PPP_P31S14,"Revenu disponible net réel des ménages et des ISBLSM, déflaté par la consommation finale des ménages et des ISBLSM",XDC,Monnaie nationale,NAAG_V,Part V: Households,2002,,1170716.42280861,,N,Ni corrigé des variations saisonnières ni corrigé des effets de calendrier,W,Monde,S1M,Les Ménages et ISBLSM,S1,Economie totale,_Z,Non applicable,B,Solde (recettes moins dépenses),B6N_R,"Revenu disponible réel des ménages, net",_Z,Non applicable,,,,,,,,,,,L,Volumes chaînés,N,Données non transformées,,,,,,,F,Libre (libre pour publication),2,Two,A,Valeur normale,6,Millions,EUR,Euro
DATAFLOW,OECD.SDD.NAD:DSD_NAAG@DF_NAAG_V(1.0),NAAG Chapitre 5: Ménages,I,A,Annuelle,DEU,Allemagne,B6N_R_PPP_P31S14,"Revenu disponible net réel des ménages et des ISBLSM, déflaté par la consommation finale des ménages et des ISBLSM",XDC,Monnaie nationale,NAAG_V,Part V: Households,2002,,1731472.37234928,,N,Ni corrigé des variations saisonnières ni corrigé des effets de calendrier,W,Monde,S1M,Les Ménages et ISBLSM,S1,Economie totale,_Z,Non applicable,B,Solde (recettes moins dépenses),B6N_R,"Revenu disponible réel des ménages, net",_Z,Non applicable,,,,,,,,,,,L,Volumes chaînés,N,Données non transformées,,,,,,,F,Libre (libre pour publication),2,Two,A,Valeur normale,6,Millions,EUR,Euro
DATAFLOW,OECD.SDD.NAD:DSD_NAAG@DF_NAAG_V(1.0),NAAG Chapitre 5: Ménages,I,A,Annuelle,GRC,Grèce,B6N_R_PPP_P31S14,"Revenu disponible net réel des ménages et des ISBLSM, déflaté par la consommation finale des ménages et des ISBLSM",XDC,Monnaie nationale,NAAG_V,Part V: Households,2002,,129687.951332425,,N,Ni corrigé des variations saisonnières ni corrigé des effets de calendrier,W,Monde,S1M,Les Ménages et ISBLSM,S1,Economie totale,_Z,Non applicable,B,Solde (recettes moins dépenses),B6N_R,"Revenu disponible réel des ménages, net",_Z,Non applicable,,,,,,,,,,,L,Volumes chaînés,N,Données non transformées,,,,,,,F,Libre (libre pour publication),2,Two,A,Valeur normale,6,Millions,EUR,Euro
DATAFLOW,OECD.SDD.NAD:DSD_NAAG@DF_NAAG_V(1.0),NAAG Chapitre 5: Ménages,I,A,Annuelle,IRL,Irlande,B6N_R_PPP_P31S14,"Revenu disponible net réel des ménages et des ISBLSM, déflaté par la consommation finale des ménages et des ISBLSM",XDC,Monnaie nationale,NAAG_V,Part V: Households,2002,,69090.9607563352,,N,Ni corrigé des variations saisonnières ni corrigé des effets de calendrier,W,Monde,S1M,Les Ménages et ISBLSM,S1,Economie totale,_Z,Non applicable,B,Solde (recettes moins dépenses),B6N_R,"Revenu disponible réel des ménages, net",_Z,Non applicable,,,,,,,,,,,L,Volumes chaînés,N,Données non transformées,,,,,,,F,Libre (libre pour publication),2,Two,A,Valeur normale,6,Millions,EUR,Euro
DATAFLOW,OECD.SDD.NAD:DSD_NAAG@DF_NAAG_V(1.0),NAAG Chapitre 5: Ménages,I,A,Annuelle,ITA,Italie,B6N_R_PPP_P31S14,"Revenu disponible net réel des ménages et des ISBLSM, déflaté par la consommation finale des ménages et des ISBLSM",XDC,Monnaie nationale,NAAG_V,Part V: Households,2002,,1173919.46376908,,N,Ni corrigé des variations saisonnières ni corrigé des effets de calendrier,W,Monde,S1M,Les Ménages et ISBLSM,S1,Economie totale,_Z,Non applicable,B,Solde (recettes moins dépenses),B6N_R,"Revenu disponible réel des ménages, net",_Z,Non applicable,,,,,,,,,,,L,Volumes chaînés,N,Données non transformées,,,,,,,F,Libre (libre pour publication),2,Two,A,Valeur normale,6,Millions,EUR,Euro
DATAFLOW,OECD.SDD.NAD:DSD_NAAG@DF_NAAG_V(1.0),NAAG Chapitre 5: Ménages,I,A,Annuelle,LVA,Lettonie,B6N_R_PPP_P31S14,"Revenu disponible net réel des ménages et des ISBLSM, déflaté par la consommation finale des ménages et des ISBLSM",XDC,Monnaie nationale,NAAG_V,Part V: Households,2002,,9398.82307986029,,N,Ni corrigé des variations saisonnières ni corrigé des effets de calendrier,W,Monde,S1M,Les Ménages et ISBLSM,S1,Economie totale,_Z,Non applicable,B,Solde (recettes moins dépenses),B6N_R,"Revenu disponible réel des ménages, net",_Z,Non applicable,,,,,,,,,,,L,Volumes chaînés,N,Données non transformées,,,,,,,F,Libre (libre pour publication),2,Two,A,Valeur normale,6,Millions,EUR,Euro
DATAFLOW,OECD.SDD.NAD:DSD_NAAG@DF_NAAG_V(1.0),NAAG Chapitre 5: Ménages,I,A,Annuelle,LTU,Lituanie,B6N_R_PPP_P31S14,"Revenu disponible net réel des ménages et des ISBLSM, déflaté par la consommation finale des ménages et des ISBLSM",XDC,Monnaie nationale,NAAG_V,Part V: Households,2002,,14563.4049031653,,N,Ni corrigé des variations saisonnières ni corrigé des effets de calendrier,W,Monde,S1M,Les Ménages et ISBLSM,S1,Economie totale,_Z,Non applicable,B,Solde (recettes moins dépenses),B6N_R,"Revenu disponible réel des ménages, net",_Z,Non applicable,,,,,,,,,,,L,Volumes chaînés,N,Données non transformées,,,,,,,F,Libre (libre pour publication),2,Two,A,Valeur normale,6,Millions,EUR,Euro
DATAFLOW,OECD.SDD.NAD:DSD_NAAG@DF_NAAG_V(1.0),NAAG Chapitre 5: Ménages,I,A,Annuelle,LUX,Luxembourg,B6N_R_PPP_P31S14,"Revenu disponible net réel des ménages et des ISBLSM, déflaté par la consommation finale des ménages et des ISBLSM",XDC,Monnaie nationale,NAAG_V,Part V: Households,2002,,15587.2179985277,,N,Ni corrigé des variations saisonnières ni corrigé des effets de calendrier,W,Monde,S1M,Les Ménages et ISBLSM,S1,Economie totale,_Z,Non applicable,B,Solde (recettes moins dépenses),B6N_R,"Revenu disponible réel des ménages, net",_Z,Non applicable,,,,,,,,,,,L,Volumes chaînés,N,Données non transformées,,,,,,,F,Libre (libre pour publication),2,Two,A,Valeur normale,6,Millions,EUR,Euro
DATAFLOW,OECD.SDD.NAD:DSD_NAAG@DF_NAAG_V(1.0),NAAG Chapitre 5: Ménages,I,A,Annuelle,NLD,Pays-Bas,B6N_R_PPP_P31S14,"Revenu disponible net réel des ménages et des ISBLSM, déflaté par la consommation finale des ménages et des ISBLSM",XDC,Monnaie nationale,NAAG_V,Part V: Households,2002,,332104.777475822,,N,Ni corrigé des variations saisonnières ni corrigé des effets de calendrier,W,Monde,S1M,Les Ménages et ISBLSM,S1,Economie totale,_Z,Non applicable,B,Solde (recettes moins dépenses),B6N_R,"Revenu disponible réel des ménages, net",_Z,Non applicable,,,,,,,,,,,L,Volumes chaînés,N,Données non transformées,,,,,,,F,Libre (libre pour publication),2,Two,A,Valeur normale,6,Millions,EUR,Euro
DATAFLOW,OECD.SDD.NAD:DSD_NAAG@DF_NAAG_V(1.0),NAAG Chapitre 5: Ménages,I,A,Annuelle,PRT,Portugal,B6N_R_PPP_P31S14,"Revenu disponible net réel des ménages et des ISBLSM, déflaté par la consommation finale des ménages et des ISBLSM",XDC,Monnaie nationale,NAAG_V,Part V: Households,2002,,129041.333872708,,N,Ni corrigé des variations saisonnières ni corrigé des effets de calendrier,W,Monde,S1M,Les Ménages et ISBLSM,S1,Economie totale,_Z,Non applicable,B,Solde (recettes moins dépenses),B6N_R,"Revenu disponible réel des ménages, net",_Z,Non applicable,,,,,,,,,,,L,Volumes chaînés,N,Données non transformées,,,,,,,F,Libre (libre pour publication),2,Two,A,Valeur normale,6,Millions,EUR,Euro
DATAFLOW,OECD.SDD.NAD:DSD_NAAG@DF_NAAG_V(1.0),NAAG Chapitre 5: Ménages,I,A,Annuelle,SVK,République slovaque,B6N_R_PPP_P31S14,"Revenu disponible net réel des ménages et des ISBLSM, déflaté par la consommation finale des ménages et des ISBLSM",XDC,Monnaie nationale,NAAG_V,Part V: Households,2002,,33057.4926973607,,N,Ni corrigé des variations saisonnières ni corrigé des effets de calendrier,W,Monde,S1M,Les Ménages et ISBLSM,S1,Economie totale,_Z,Non applicable,B,Solde (recettes moins dépenses),B6N_R,"Revenu disponible réel des ménages, net",_Z,Non applicable,,,,,,,,,,,L,Volumes chaînés,N,Données non transformées,,,,,,,F,Libre (libre pour publication),2,Two,A,Valeur normale,6,Millions,EUR,Euro
DATAFLOW,OECD.SDD.NAD:DSD_NAAG@DF_NAAG_V(1.0),NAAG Chapitre 5: Ménages,I,A,Annuelle,SVN,Slovénie,B6N_R_PPP_P31S14,"Revenu disponible net réel des ménages et des ISBLSM, déflaté par la consommation finale des ménages et des ISBLSM",XDC,Monnaie nationale,NAAG_V,Part V: Households,2002,,19302.4406196042,,N,Ni corrigé des variations saisonnières ni corrigé des effets de calendrier,W,Monde,S1M,Les Ménages et ISBLSM,S1,Economie totale,_Z,Non applicable,B,Solde (recettes moins dépenses),B6N_R,"Revenu disponible réel des ménages, net",_Z,Non applicable,,,,,,,,,,,L,Volumes chaînés,N,Données non transformées,,,,,,,F,Libre (libre pour publication),2,Two,A,Valeur normale,6,Millions,EUR,Euro
DATAFLOW,OECD.SDD.NAD:DSD_NAAG@DF_NAAG_V(1.0),NAAG Chapitre 5: Ménages,I,A,Annuelle,ESP,Espagne,B6N_R_PPP_P31S14,"Revenu disponible net réel des ménages et des ISBLSM, déflaté par la consommation finale des ménages et des ISBLSM",XDC,Monnaie nationale,NAAG_V,Part V: Households,2002,,639987.276349355,,N,Ni corrigé des variations saisonnières ni corrigé des effets de calendrier,W,Monde,S1M,Les Ménages et ISBLSM,S1,Economie totale,_Z,Non applicable,B,Solde (recettes moins dépenses),B6N_R,"Revenu disponible réel des ménages, net",_Z,Non applicable,,,,,,,,,,,L,Volumes chaînés,N,Données non transformées,,,,,,,F,Libre (libre pour publication),2,Two,A,Valeur normale,6,Millions,EUR,Euro
DATAFLOW,OECD.SDD.NAD:DSD_NAAG@DF_NAAG_V(1.0),NAAG Chapitre 5: Ménages,I,A,Annuelle,AUT,Autriche,B6N_R_PPP_P31S14,"Revenu disponible net réel des ménages et des ISBLSM, déflaté par la consommation finale des ménages et des ISBLSM",XDC,Monnaie nationale,NAAG_V,Part V: Households,2003,,186651.105021802,,N,Ni corrigé des variations saisonnières ni corrigé des effets de calendrier,W,Monde,S1M,Les Ménages et ISBLSM,S1,Economie totale,_Z,Non applicable,B,Solde (recettes moins dépenses),B6N_R,"Revenu disponible réel des ménages, net",_Z,Non applicable,,,,,,,,,,,L,Volumes chaînés,N,Données non transformées,,,,,,,F,Libre (libre pour publication),2,Two,A,Valeur normale,6,Millions,EUR,Euro
DATAFLOW,OECD.SDD.NAD:DSD_NAAG@DF_NAAG_V(1.0),NAAG Chapitre 5: Ménages,I,A,Annuelle,BEL,Belgique,B6N_R_PPP_P31S14,"Revenu disponible net réel des ménages et des ISBLSM, déflaté par la consommation finale des ménages et des ISBLSM",XDC,Monnaie nationale,NAAG_V,Part V: Households,2003,,218443.962744337,,N,Ni corrigé des variations saisonnières ni corrigé des effets de calendrier,W,Monde,S1M,Les Ménages et ISBLSM,S1,Economie totale,_Z,Non applicable,B,Solde (recettes moins dépenses),B6N_R,"Revenu disponible réel des ménages, net",_Z,Non applicable,,,,,,,,,,,L,Volumes chaînés,N,Données non transformées,,,,,,,F,Libre (libre pour publication),2,Two,A,Valeur normale,6,Millions,EUR,Euro
DATAFLOW,OECD.SDD.NAD:DSD_NAAG@DF_NAAG_V(1.0),NAAG Chapitre 5: Ménages,I,A,Annuelle,EST,Estonie,B6N_R_PPP_P31S14,"Revenu disponible net réel des ménages et des ISBLSM, déflaté par la consommation finale des ménages et des ISBLSM",XDC,Monnaie nationale,NAAG_V,Part V: Households,2003,,7545.37714495503,,N,Ni corrigé des variations saisonnières ni corrigé des effets de calendrier,W,Monde,S1M,Les Ménages et ISBLSM,S1,Economie totale,_Z,Non applicable,B,Solde (recettes moins dépenses),B6N_R,"Revenu disponible réel des ménages, net",_Z,Non applicable,,,,,,,,,,,L,Volumes chaînés,N,Données non transformées,,,,,,,F,Libre (libre pour publication),2,Two,A,Valeur normale,6,Millions,EUR,Euro
DATAFLOW,OECD.SDD.NAD:DSD_NAAG@DF_NAAG_V(1.0),NAAG Chapitre 5: Ménages,I,A,Annuelle,FIN,Finlande,B6N_R_PPP_P31S14,"Revenu disponible net réel des ménages et des ISBLSM, déflaté par la consommation finale des ménages et des ISBLSM",XDC,Monnaie nationale,NAAG_V,Part V: Households,2003,,98264.2927546477,,N,Ni corrigé des variations saisonnières ni corrigé des effets de calendrier,W,Monde,S1M,Les Ménages et ISBLSM,S1,Economie totale,_Z,Non applicable,B,Solde (recettes moins dépenses),B6N_R,"Revenu disponible réel des ménages, net",_Z,Non applicable,,,,,,,,,,,L,Volumes chaînés,N,Données non transformées,,,,,,,F,Libre (libre pour publication),2,Two,A,Valeur normale,6,Millions,EUR,Euro
DATAFLOW,OECD.SDD.NAD:DSD_NAAG@DF_NAAG_V(1.0),NAAG Chapitre 5: Ménages,I,A,Annuelle,FRA,France,B6N_R_PPP_P31S14,"Revenu disponible net réel des ménages et des ISBLSM, déflaté par la consommation finale des ménages et des ISBLSM",XDC,Monnaie nationale,NAAG_V,Part V: Households,2003,,1181537.10740554,,N,Ni corrigé des variations saisonnières ni corrigé des effets de calendrier,W,Monde,S1M,Les Ménages et ISBLSM,S1,Economie totale,_Z,Non applicable,B,Solde (recettes moins dépenses),B6N_R,"Revenu disponible réel des ménages, net",_Z,Non applicable,,,,,,,,,,,L,Volumes chaînés,N,Données non transformées,,,,,,,F,Libre (libre pour publication),2,Two,A,Valeur normale,6,Millions,EUR,Euro
DATAFLOW,OECD.SDD.NAD:DSD_NAAG@DF_NAAG_V(1.0),NAAG Chapitre 5: Ménages,I,A,Annuelle,DEU,Allemagne,B6N_R_PPP_P31S14,"Revenu disponible net réel des ménages et des ISBLSM, déflaté par la consommation finale des ménages et des ISBLSM",XDC,Monnaie nationale,NAAG_V,Part V: Households,2003,,1751073.09716053,,N,Ni corrigé des variations saisonnières ni corrigé des effets de calendrier,W,Monde,S1M,Les Ménages et ISBLSM,S1,Economie totale,_Z,Non applicable,B,Solde (recettes moins dépenses),B6N_R,"Revenu disponible réel des ménages, net",_Z,Non applicable,,,,,,,,,,,L,Volumes chaînés,N,Données non transformées,,,,,,,F,Libre (libre pour publication),2,Two,A,Valeur normale,6,Millions,EUR,Euro
DATAFLOW,OECD.SDD.NAD:DSD_NAAG@DF_NAAG_V(1.0),NAAG Chapitre 5: Ménages,I,A,Annuelle,GRC,Grèce,B6N_R_PPP_P31S14,"Revenu disponible net réel des ménages et des ISBLSM, déflaté par la consommation finale des ménages et des ISBLSM",XDC,Monnaie nationale,NAAG_V,Part V: Households,2003,,137626.403339462,,N,Ni corrigé des variations saisonnières ni corrigé des effets de calendrier,W,Monde,S1M,Les Ménages et ISBLSM,S1,Economie totale,_Z,Non applicable,B,Solde (recettes moins dépenses),B6N_R,"Revenu disponible réel des ménages, net",_Z,Non applicable,,,,,,,,,,,L,Volumes chaînés,N,Données non transformées,,,,,,,F,Libre (libre pour publication),2,Two,A,Valeur normale,6,Millions,EUR,Euro
DATAFLOW,OECD.SDD.NAD:DSD_NAAG@DF_NAAG_V(1.0),NAAG Chapitre 5: Ménages,I,A,Annuelle,IRL,Irlande,B6N_R_PPP_P31S14,"Revenu disponible net réel des ménages et des ISBLSM, déflaté par la consommation finale des ménages et des ISBLSM",XDC,Monnaie nationale,NAAG_V,Part V: Households,2003,,71307.7442055037,,N,Ni corrigé des variations saisonnières ni corrigé des effets de calendrier,W,Monde,S1M,Les Ménages et ISBLSM,S1,Economie totale,_Z,Non applicable,B,Solde (recettes moins dépenses),B6N_R,"Revenu disponible réel des ménages, net",_Z,Non applicable,,,,,,,,,,,L,Volumes chaînés,N,Données non transformées,,,,,,,F,Libre (libre pour publication),2,Two,A,Valeur normale,6,Millions,EUR,Euro
DATAFLOW,OECD.SDD.NAD:DSD_NAAG@DF_NAAG_V(1.0),NAAG Chapitre 5: Ménages,I,A,Annuelle,ITA,Italie,B6N_R_PPP_P31S14,"Revenu disponible net réel des ménages et des ISBLSM, déflaté par la consommation finale des ménages et des ISBLSM",XDC,Monnaie nationale,NAAG_V,Part V: Households,2003,,1180234.54999961,,N,Ni corrigé des variations saisonnières ni corrigé des effets de calendrier,W,Monde,S1M,Les Ménages et ISBLSM,S1,Economie totale,_Z,Non applicable,B,Solde (recettes moins dépenses),B6N_R,"Revenu disponible réel des ménages, net",_Z,Non applicable,,,,,,,,,,,L,Volumes chaînés,N,Données non transformées,,,,,,,F,Libre (libre pour publication),2,Two,A,Valeur normale,6,Millions,EUR,Euro
DATAFLOW,OECD.SDD.NAD:DSD_NAAG@DF_NAAG_V(1.0),NAAG Chapitre 5: Ménages,I,A,Annuelle,LVA,Lettonie,B6N_R_PPP_P31S14,"Revenu disponible net réel des ménages et des ISBLSM, déflaté par la consommation finale des ménages et des ISBLSM",XDC,Monnaie nationale,NAAG_V,Part V: Households,2003,,10271.7528164335,,N,Ni corrigé des variations saisonnières ni corrigé des effets de calendrier,W,Monde,S1M,Les Ménages et ISBLSM,S1,Economie totale,_Z,Non applicable,B,Solde (recettes moins dépenses),B6N_R,"Revenu disponible réel des ménages, net",_Z,Non applicable,,,,,,,,,,,L,Volumes chaînés,N,Données non transformées,,,,,,,F,Libre (libre pour publication),2,Two,A,Valeur normale,6,Millions,EUR,Euro
DATAFLOW,OECD.SDD.NAD:DSD_NAAG@DF_NAAG_V(1.0),NAAG Chapitre 5: Ménages,I,A,Annuelle,LTU,Lituanie,B6N_R_PPP_P31S14,"Revenu disponible net réel des ménages et des ISBLSM, déflaté par la consommation finale des ménages et des ISBLSM",XDC,Monnaie nationale,NAAG_V,Part V: Households,2003,,16083.3026677027,,N,Ni corrigé des variations saisonnières ni corrigé des effets de calendrier,W,Monde,S1M,Les Ménages et ISBLSM,S1,Economie totale,_Z,Non applicable,B,Solde (recettes moins dépenses),B6N_R,"Revenu disponible réel des ménages, net",_Z,Non applicable,,,,,,,,,,,L,Volumes chaînés,N,Données non transformées,,,,,,,F,Libre (libre pour publication),2,Two,A,Valeur normale,6,Millions,EUR,Euro
DATAFLOW,OECD.SDD.NAD:DSD_NAAG@DF_NAAG_V(1.0),NAAG Chapitre 5: Ménages,I,A,Annuelle,LUX,Luxembourg,B6N_R_PPP_P31S14,"Revenu disponible net réel des ménages et des ISBLSM, déflaté par la consommation finale des ménages et des ISBLSM",XDC,Monnaie nationale,NAAG_V,Part V: Households,2003,,15642.0615910393,,N,Ni corrigé des variations saisonnières ni corrigé des effets de calendrier,W,Monde,S1M,Les Ménages et ISBLSM,S1,Economie totale,_Z,Non applicable,B,Solde (recettes moins dépenses),B6N_R,"Revenu disponible réel des ménages, net",_Z,Non applicable,,,,,,,,,,,L,Volumes chaînés,N,Données non transformées,,,,,,,F,Libre (libre pour publication),2,Two,A,Valeur normale,6,Millions,EUR,Euro
DATAFLOW,OECD.SDD.NAD:DSD_NAAG@DF_NAAG_V(1.0),NAAG Chapitre 5: Ménages,I,A,Annuelle,NLD,Pays-Bas,B6N_R_PPP_P31S14,"Revenu disponible net réel des ménages et des ISBLSM, déflaté par la consommation finale des ménages et des ISBLSM",XDC,Monnaie nationale,NAAG_V,Part V: Households,2003,,326537.573940223,,N,Ni corrigé des variations saisonnières ni corrigé des effets de calendrier,W,Monde,S1M,Les Ménages et ISBLSM,S1,Economie totale,_Z,Non applicable,B,Solde (recettes moins dépenses),B6N_R,"Revenu disponible réel des ménages, net",_Z,Non applicable,,,,,,,,,,,L,Volumes chaînés,N,Données non transformées,,,,,,,F,Libre (libre pour publication),2,Two,A,Valeur normale,6,Millions,EUR,Euro
DATAFLOW,OECD.SDD.NAD:DSD_NAAG@DF_NAAG_V(1.0),NAAG Chapitre 5: Ménages,I,A,Annuelle,PRT,Portugal,B6N_R_PPP_P31S14,"Revenu disponible net réel des ménages et des ISBLSM, déflaté par la consommation finale des ménages et des ISBLSM",XDC,Monnaie nationale,NAAG_V,Part V: Households,2003,,127603.061576431,,N,Ni corrigé des variations saisonnières ni corrigé des effets de calendrier,W,Monde,S1M,Les Ménages et ISBLSM,S1,Economie totale,_Z,Non applicable,B,Solde (recettes moins dépenses),B6N_R,"Revenu disponible réel des ménages, net",_Z,Non applicable,,,,,,,,,,,L,Volumes chaînés,N,Données non transformées,,,,,,,F,Libre (libre pour publication),2,Two,A,Valeur normale,6,Millions,EUR,Euro
DATAFLOW,OECD.SDD.NAD:DSD_NAAG@DF_NAAG_V(1.0),NAAG Chapitre 5: Ménages,I,A,Annuelle,SVK,République slovaque,B6N_R_PPP_P31S14,"Revenu disponible net réel des ménages et des ISBLSM, déflaté par la consommation finale des ménages et des ISBLSM",XDC,Monnaie nationale,NAAG_V,Part V: Households,2003,,32460.6716309152,,N,Ni corrigé des variations saisonnières ni corrigé des effets de calendrier,W,Monde,S1M,Les Ménages et ISBLSM,S1,Economie totale,_Z,Non applicable,B,Solde (recettes moins dépenses),B6N_R,"Revenu disponible réel des ménages, net",_Z,Non applicable,,,,,,,,,,,L,Volumes chaînés,N,Données non transformées,,,,,,,F,Libre (libre pour publication),2,Two,A,Valeur normale,6,Millions,EUR,Euro
DATAFLOW,OECD.SDD.NAD:DSD_NAAG@DF_NAAG_V(1.0),NAAG Chapitre 5: Ménages,I,A,Annuelle,SVN,Slovénie,B6N_R_PPP_P31S14,"Revenu disponible net réel des ménages et des ISBLSM, déflaté par la consommation finale des ménages et des ISBLSM",XDC,Monnaie nationale,NAAG_V,Part V: Households,2003,,19439.8228867788,,N,Ni corrigé des variations saisonnières ni corrigé des effets de calendrier,W,Monde,S1M,Les Ménages et ISBLSM,S1,Economie totale,_Z,Non applicable,B,Solde (recettes moins dépenses),B6N_R,"Revenu disponible réel des ménages, net",_Z,Non applicable,,,,,,,,,,,L,Volumes chaînés,N,Données non transformées,,,,,,,F,Libre (libre pour publication),2,Two,A,Valeur normale,6,Millions,EUR,Euro
DATAFLOW,OECD.SDD.NAD:DSD_NAAG@DF_NAAG_V(1.0),NAAG Chapitre 5: Ménages,I,A,Annuelle,ESP,Espagne,B6N_R_PPP_P31S14,"Revenu disponible net réel des ménages et des ISBLSM, déflaté par la consommation finale des ménages et des ISBLSM",XDC,Monnaie nationale,NAAG_V,Part V: Households,2003,,664834.283498309,,N,Ni corrigé des variations saisonnières ni corrigé des effets de calendrier,W,Monde,S1M,Les Ménages et ISBLSM,S1,Economie totale,_Z,Non applicable,B,Solde (recettes moins dépenses),B6N_R,"Revenu disponible réel des ménages, net",_Z,Non applicable,,,,,,,,,,,L,Volumes chaînés,N,Données non transformées,,,,,,,F,Libre (libre pour publication),2,Two,A,Valeur normale,6,Millions,EUR,Euro
DATAFLOW,OECD.SDD.NAD:DSD_NAAG@DF_NAAG_V(1.0),NAAG Chapitre 5: Ménages,I,A,Annuelle,AUT,Autriche,B6N_R_PPP_P31S14,"Revenu disponible net réel des ménages et des ISBLSM, déflaté par la consommation finale des ménages et des ISBLSM",XDC,Monnaie nationale,NAAG_V,Part V: Households,2004,,189595.896905068,,N,Ni corrigé des variations saisonnières ni corrigé des effets de calendrier,W,Monde,S1M,Les Ménages et ISBLSM,S1,Economie totale,_Z,Non applicable,B,Solde (recettes moins dépenses),B6N_R,"Revenu disponible réel des ménages, net",_Z,Non applicable,,,,,,,,,,,L,Volumes chaînés,N,Données non transformées,,,,,,,F,Libre (libre pour publication),2,Two,A,Valeur normale,6,Millions,EUR,Euro
DATAFLOW,OECD.SDD.NAD:DSD_NAAG@DF_NAAG_V(1.0),NAAG Chapitre 5: Ménages,I,A,Annuelle,BEL,Belgique,B6N_R_PPP_P31S14,"Revenu disponible net réel des ménages et des ISBLSM, déflaté par la consommation finale des ménages et des ISBLSM",XDC,Monnaie nationale,NAAG_V,Part V: Households,2004,,217667.650071315,,N,Ni corrigé des variations saisonnières ni corrigé des effets de calendrier,W,Monde,S1M,Les Ménages et ISBLSM,S1,Economie totale,_Z,Non applicable,B,Solde (recettes moins dépenses),B6N_R,"Revenu disponible réel des ménages, net",_Z,Non applicable,,,,,,,,,,,L,Volumes chaînés,N,Données non transformées,,,,,,,F,Libre (libre pour publication),2,Two,A,Valeur normale,6,Millions,EUR,Euro
DATAFLOW,OECD.SDD.NAD:DSD_NAAG@DF_NAAG_V(1.0),NAAG Chapitre 5: Ménages,I,A,Annuelle,EST,Estonie,B6N_R_PPP_P31S14,"Revenu disponible net réel des ménages et des ISBLSM, déflaté par la consommation finale des ménages et des ISBLSM",XDC,Monnaie nationale,NAAG_V,Part V: Households,2004,,7997.1505380818,,N,Ni corrigé des variations saisonnières ni corrigé des effets de calendrier,W,Monde,S1M,Les Ménages et ISBLSM,S1,Economie totale,_Z,Non applicable,B,Solde (recettes moins dépenses),B6N_R,"Revenu disponible réel des ménages, net",_Z,Non applicable,,,,,,,,,,,L,Volumes chaînés,N,Données non transformées,,,,,,,F,Libre (libre pour publication),2,Two,A,Valeur normale,6,Millions,EUR,Euro
DATAFLOW,OECD.SDD.NAD:DSD_NAAG@DF_NAAG_V(1.0),NAAG Chapitre 5: Ménages,I,A,Annuelle,FIN,Finlande,B6N_R_PPP_P31S14,"Revenu disponible net réel des ménages et des ISBLSM, déflaté par la consommation finale des ménages et des ISBLSM",XDC,Monnaie nationale,NAAG_V,Part V: Households,2004,,102953.32333408,,N,Ni corrigé des variations saisonnières ni corrigé des effets de calendrier,W,Monde,S1M,Les Ménages et ISBLSM,S1,Economie totale,_Z,Non applicable,B,Solde (recettes moins dépenses),B6N_R,"Revenu disponible réel des ménages, net",_Z,Non applicable,,,,,,,,,,,L,Volumes chaînés,N,Données non transformées,,,,,,,F,Libre (libre pour publication),2,Two,A,Valeur normale,6,Millions,EUR,Euro
DATAFLOW,OECD.SDD.NAD:DSD_NAAG@DF_NAAG_V(1.0),NAAG Chapitre 5: Ménages,I,A,Annuelle,FRA,France,B6N_R_PPP_P31S14,"Revenu disponible net réel des ménages et des ISBLSM, déflaté par la consommation finale des ménages et des ISBLSM",XDC,Monnaie nationale,NAAG_V,Part V: Households,2004,,1204513.89374928,,N,Ni corrigé des variations saisonnières ni corrigé des effets de calendrier,W,Monde,S1M,Les Ménages et ISBLSM,S1,Economie totale,_Z,Non applicable,B,Solde (recettes moins dépenses),B6N_R,"Revenu disponible réel des ménages, net",_Z,Non applicable,,,,,,,,,,,L,Volumes chaînés,N,Données non transformées,,,,,,,F,Libre (libre pour publication),2,Two,A,Valeur normale,6,Millions,EUR,Euro
DATAFLOW,OECD.SDD.NAD:DSD_NAAG@DF_NAAG_V(1.0),NAAG Chapitre 5: Ménages,I,A,Annuelle,DEU,Allemagne,B6N_R_PPP_P31S14,"Revenu disponible net réel des ménages et des ISBLSM, déflaté par la consommation finale des ménages et des ISBLSM",XDC,Monnaie nationale,NAAG_V,Part V: Households,2004,,1763808.45386075,,N,Ni corrigé des variations saisonnières ni corrigé des effets de calendrier,W,Monde,S1M,Les Ménages et ISBLSM,S1,Economie totale,_Z,Non applicable,B,Solde (recettes moins dépenses),B6N_R,"Revenu disponible réel des ménages, net",_Z,Non applicable,,,,,,,,,,,L,Volumes chaînés,N,Données non transformées,,,,,,,F,Libre (libre pour publication),2,Two,A,Valeur normale,6,Millions,EUR,Euro
DATAFLOW,OECD.SDD.NAD:DSD_NAAG@DF_NAAG_V(1.0),NAAG Chapitre 5: Ménages,I,A,Annuelle,GRC,Grèce,B6N_R_PPP_P31S14,"Revenu disponible net réel des ménages et des ISBLSM, déflaté par la consommation finale des ménages et des ISBLSM",XDC,Monnaie nationale,NAAG_V,Part V: Households,2004,,143734.247742533,,N,Ni corrigé des variations saisonnières ni corrigé des effets de calendrier,W,Monde,S1M,Les Ménages et ISBLSM,S1,Economie totale,_Z,Non applicable,B,Solde (recettes moins dépenses),B6N_R,"Revenu disponible réel des ménages, net",_Z,Non applicable,,,,,,,,,,,L,Volumes chaînés,N,Données non transformées,,,,,,,F,Libre (libre pour publication),2,Two,A,Valeur normale,6,Millions,EUR,Euro
DATAFLOW,OECD.SDD.NAD:DSD_NAAG@DF_NAAG_V(1.0),NAAG Chapitre 5: Ménages,I,A,Annuelle,IRL,Irlande,B6N_R_PPP_P31S14,"Revenu disponible net réel des ménages et des ISBLSM, déflaté par la consommation finale des ménages et des ISBLSM",XDC,Monnaie nationale,NAAG_V,Part V: Households,2004,,74897.8510514957,,N,Ni corrigé des variations saisonnières ni corrigé des effets de calendrier,W,Monde,S1M,Les Ménages et ISBLSM,S1,Economie totale,_Z,Non applicable,B,Solde (recettes moins dépenses),B6N_R,"Revenu disponible réel des ménages, net",_Z,Non applicable,,,,,,,,,,,L,Volumes chaînés,N,Données non transformées,,,,,,,F,Libre (libre pour publication),2,Two,A,Valeur normale,6,Millions,EUR,Euro
DATAFLOW,OECD.SDD.NAD:DSD_NAAG@DF_NAAG_V(1.0),NAAG Chapitre 5: Ménages,I,A,Annuelle,ITA,Italie,B6N_R_PPP_P31S14,"Revenu disponible net réel des ménages et des ISBLSM, déflaté par la consommation finale des ménages et des ISBLSM",XDC,Monnaie nationale,NAAG_V,Part V: Households,2004,,1194297.02008703,,N,Ni corrigé des variations saisonnières ni corrigé des effets de calendrier,W,Monde,S1M,Les Ménages et ISBLSM,S1,Economie totale,_Z,Non applicable,B,Solde (recettes moins dépenses),B6N_R,"Revenu disponible réel des ménages, net",_Z,Non applicable,,,,,,,,,,,L,Volumes chaînés,N,Données non transformées,,,,,,,F,Libre (libre pour publication),2,Two,A,Valeur normale,6,Millions,EUR,Euro
DATAFLOW,OECD.SDD.NAD:DSD_NAAG@DF_NAAG_V(1.0),NAAG Chapitre 5: Ménages,I,A,Annuelle,LVA,Lettonie,B6N_R_PPP_P31S14,"Revenu disponible net réel des ménages et des ISBLSM, déflaté par la consommation finale des ménages et des ISBLSM",XDC,Monnaie nationale,NAAG_V,Part V: Households,2004,,11381.4001988262,,N,Ni corrigé des variations saisonnières ni corrigé des effets de calendrier,W,Monde,S1M,Les Ménages et ISBLSM,S1,Economie totale,_Z,Non applicable,B,Solde (recettes moins dépenses),B6N_R,"Revenu disponible réel des ménages, net",_Z,Non applicable,,,,,,,,,,,L,Volumes chaînés,N,Données non transformées,,,,,,,F,Libre (libre pour publication),2,Two,A,Valeur normale,6,Millions,EUR,Euro
DATAFLOW,OECD.SDD.NAD:DSD_NAAG@DF_NAAG_V(1.0),NAAG Chapitre 5: Ménages,I,A,Annuelle,LTU,Lituanie,B6N_R_PPP_P31S14,"Revenu disponible net réel des ménages et des ISBLSM, déflaté par la consommation finale des ménages et des ISBLSM",XDC,Monnaie nationale,NAAG_V,Part V: Households,2004,,17889.234618168,,N,Ni corrigé des variations saisonnières ni corrigé des effets de calendrier,W,Monde,S1M,Les Ménages et ISBLSM,S1,Economie totale,_Z,Non applicable,B,Solde (recettes moins dépenses),B6N_R,"Revenu disponible réel des ménages, net",_Z,Non applicable,,,,,,,,,,,L,Volumes chaînés,N,Données non transformées,,,,,,,F,Libre (libre pour publication),2,Two,A,Valeur normale,6,Millions,EUR,Euro
DATAFLOW,OECD.SDD.NAD:DSD_NAAG@DF_NAAG_V(1.0),NAAG Chapitre 5: Ménages,I,A,Annuelle,LUX,Luxembourg,B6N_R_PPP_P31S14,"Revenu disponible net réel des ménages et des ISBLSM, déflaté par la consommation finale des ménages et des ISBLSM",XDC,Monnaie nationale,NAAG_V,Part V: Households,2004,,15740.2482442445,,N,Ni corrigé des variations saisonnières ni corrigé des effets de calendrier,W,Monde,S1M,Les Ménages et ISBLSM,S1,Economie totale,_Z,Non applicable,B,Solde (recettes moins dépenses),B6N_R,"Revenu disponible réel des ménages, net",_Z,Non applicable,,,,,,,,,,,L,Volumes chaînés,N,Données non transformées,,,,,,,F,Libre (libre pour publication),2,Two,A,Valeur normale,6,Millions,EUR,Euro
DATAFLOW,OECD.SDD.NAD:DSD_NAAG@DF_NAAG_V(1.0),NAAG Chapitre 5: Ménages,I,A,Annuelle,NLD,Pays-Bas,B6N_R_PPP_P31S14,"Revenu disponible net réel des ménages et des ISBLSM, déflaté par la consommation finale des ménages et des ISBLSM",XDC,Monnaie nationale,NAAG_V,Part V: Households,2004,,326601.592571945,,N,Ni corrigé des variations saisonnières ni corrigé des effets de calendrier,W,Monde,S1M,Les Ménages et ISBLSM,S1,Economie totale,_Z,Non applicable,B,Solde (recettes moins dépenses),B6N_R,"Revenu disponible réel des ménages, net",_Z,Non applicable,,,,,,,,,,,L,Volumes chaînés,N,Données non transformées,,,,,,,F,Libre (libre pour publication),2,Two,A,Valeur normale,6,Millions,EUR,Euro
DATAFLOW,OECD.SDD.NAD:DSD_NAAG@DF_NAAG_V(1.0),NAAG Chapitre 5: Ménages,I,A,Annuelle,PRT,Portugal,B6N_R_PPP_P31S14,"Revenu disponible net réel des ménages et des ISBLSM, déflaté par la consommation finale des ménages et des ISBLSM",XDC,Monnaie nationale,NAAG_V,Part V: Households,2004,,128913.746573498,,N,Ni corrigé des variations saisonnières ni corrigé des effets de calendrier,W,Monde,S1M,Les Ménages et ISBLSM,S1,Economie totale,_Z,Non applicable,B,Solde (recettes moins dépenses),B6N_R,"Revenu disponible réel des ménages, net",_Z,Non applicable,,,,,,,,,,,L,Volumes chaînés,N,Données non transformées,,,,,,,F,Libre (libre pour publication),2,Two,A,Valeur normale,6,Millions,EUR,Euro
DATAFLOW,OECD.SDD.NAD:DSD_NAAG@DF_NAAG_V(1.0),NAAG Chapitre 5: Ménages,I,A,Annuelle,SVK,République slovaque,B6N_R_PPP_P31S14,"Revenu disponible net réel des ménages et des ISBLSM, déflaté par la consommation finale des ménages et des ISBLSM",XDC,Monnaie nationale,NAAG_V,Part V: Households,2004,,34416.5149607186,,N,Ni corrigé des variations saisonnières ni corrigé des effets de calendrier,W,Monde,S1M,Les Ménages et ISBLSM,S1,Economie totale,_Z,Non applicable,B,Solde (recettes moins dépenses),B6N_R,"Revenu disponible réel des ménages, net",_Z,Non applicable,,,,,,,,,,,L,Volumes chaînés,N,Données non transformées,,,,,,,F,Libre (libre pour publication),2,Two,A,Valeur normale,6,Millions,EUR,Euro
DATAFLOW,OECD.SDD.NAD:DSD_NAAG@DF_NAAG_V(1.0),NAAG Chapitre 5: Ménages,I,A,Annuelle,SVN,Slovénie,B6N_R_PPP_P31S14,"Revenu disponible net réel des ménages et des ISBLSM, déflaté par la consommation finale des ménages et des ISBLSM",XDC,Monnaie nationale,NAAG_V,Part V: Households,2004,,19993.0579246578,,N,Ni corrigé des variations saisonnières ni corrigé des effets de calendrier,W,Monde,S1M,Les Ménages et ISBLSM,S1,Economie totale,_Z,Non applicable,B,Solde (recettes moins dépenses),B6N_R,"Revenu disponible réel des ménages, net",_Z,Non applicable,,,,,,,,,,,L,Volumes chaînés,N,Données non transformées,,,,,,,F,Libre (libre pour publication),2,Two,A,Valeur normale,6,Millions,EUR,Euro
DATAFLOW,OECD.SDD.NAD:DSD_NAAG@DF_NAAG_V(1.0),NAAG Chapitre 5: Ménages,I,A,Annuelle,ESP,Espagne,B6N_R_PPP_P31S14,"Revenu disponible net réel des ménages et des ISBLSM, déflaté par la consommation finale des ménages et des ISBLSM",XDC,Monnaie nationale,NAAG_V,Part V: Households,2004,,677981.970825698,,N,Ni corrigé des variations saisonnières ni corrigé des effets de calendrier,W,Monde,S1M,Les Ménages et ISBLSM,S1,Economie totale,_Z,Non applicable,B,Solde (recettes moins dépenses),B6N_R,"Revenu disponible réel des ménages, net",_Z,Non applicable,,,,,,,,,,,L,Volumes chaînés,N,Données non transformées,,,,,,,F,Libre (libre pour publication),2,Two,A,Valeur normale,6,Millions,EUR,Euro
DATAFLOW,OECD.SDD.NAD:DSD_NAAG@DF_NAAG_V(1.0),NAAG Chapitre 5: Ménages,I,A,Annuelle,AUT,Autriche,B6N_R_PPP_P31S14,"Revenu disponible net réel des ménages et des ISBLSM, déflaté par la consommation finale des ménages et des ISBLSM",XDC,Monnaie nationale,NAAG_V,Part V: Households,2005,,197028.843807629,,N,Ni corrigé des variations saisonnières ni corrigé des effets de calendrier,W,Monde,S1M,Les Ménages et ISBLSM,S1,Economie totale,_Z,Non applicable,B,Solde (recettes moins dépenses),B6N_R,"Revenu disponible réel des ménages, net",_Z,Non applicable,,,,,,,,,,,L,Volumes chaînés,N,Données non transformées,,,,,,,F,Libre (libre pour publication),2,Two,A,Valeur normale,6,Millions,EUR,Euro
DATAFLOW,OECD.SDD.NAD:DSD_NAAG@DF_NAAG_V(1.0),NAAG Chapitre 5: Ménages,I,A,Annuelle,BEL,Belgique,B6N_R_PPP_P31S14,"Revenu disponible net réel des ménages et des ISBLSM, déflaté par la consommation finale des ménages et des ISBLSM",XDC,Monnaie nationale,NAAG_V,Part V: Households,2005,,219846.675406661,,N,Ni corrigé des variations saisonnières ni corrigé des effets de calendrier,W,Monde,S1M,Les Ménages et ISBLSM,S1,Economie totale,_Z,Non applicable,B,Solde (recettes moins dépenses),B6N_R,"Revenu disponible réel des ménages, net",_Z,Non applicable,,,,,,,,,,,L,Volumes chaînés,N,Données non transformées,,,,,,,F,Libre (libre pour publication),2,Two,A,Valeur normale,6,Millions,EUR,Euro
DATAFLOW,OECD.SDD.NAD:DSD_NAAG@DF_NAAG_V(1.0),NAAG Chapitre 5: Ménages,I,A,Annuelle,EST,Estonie,B6N_R_PPP_P31S14,"Revenu disponible net réel des ménages et des ISBLSM, déflaté par la consommation finale des ménages et des ISBLSM",XDC,Monnaie nationale,NAAG_V,Part V: Households,2005,,8898.80001482314,,N,Ni corrigé des variations saisonnières ni corrigé des effets de calendrier,W,Monde,S1M,Les Ménages et ISBLSM,S1,Economie totale,_Z,Non applicable,B,Solde (recettes moins dépenses),B6N_R,"Revenu disponible réel des ménages, net",_Z,Non applicable,,,,,,,,,,,L,Volumes chaînés,N,Données non transformées,,,,,,,F,Libre (libre pour publication),2,Two,A,Valeur normale,6,Millions,EUR,Euro
DATAFLOW,OECD.SDD.NAD:DSD_NAAG@DF_NAAG_V(1.0),NAAG Chapitre 5: Ménages,I,A,Annuelle,FIN,Finlande,B6N_R_PPP_P31S14,"Revenu disponible net réel des ménages et des ISBLSM, déflaté par la consommation finale des ménages et des ISBLSM",XDC,Monnaie nationale,NAAG_V,Part V: Households,2005,,104232.043949448,,N,Ni corrigé des variations saisonnières ni corrigé des effets de calendrier,W,Monde,S1M,Les Ménages et ISBLSM,S1,Economie totale,_Z,Non applicable,B,Solde (recettes moins dépenses),B6N_R,"Revenu disponible réel des ménages, net",_Z,Non applicable,,,,,,,,,,,L,Volumes chaînés,N,Données non transformées,,,,,,,F,Libre (libre pour publication),2,Two,A,Valeur normale,6,Millions,EUR,Euro
DATAFLOW,OECD.SDD.NAD:DSD_NAAG@DF_NAAG_V(1.0),NAAG Chapitre 5: Ménages,I,A,Annuelle,FRA,France,B6N_R_PPP_P31S14,"Revenu disponible net réel des ménages et des ISBLSM, déflaté par la consommation finale des ménages et des ISBLSM",XDC,Monnaie nationale,NAAG_V,Part V: Households,2005,,1220740.43021804,,N,Ni corrigé des variations saisonnières ni corrigé des effets de calendrier,W,Monde,S1M,Les Ménages et ISBLSM,S1,Economie totale,_Z,Non applicable,B,Solde (recettes moins dépenses),B6N_R,"Revenu disponible réel des ménages, net",_Z,Non applicable,,,,,,,,,,,L,Volumes chaînés,N,Données non transformées,,,,,,,F,Libre (libre pour publication),2,Two,A,Valeur normale,6,Millions,EUR,Euro
DATAFLOW,OECD.SDD.NAD:DSD_NAAG@DF_NAAG_V(1.0),NAAG Chapitre 5: Ménages,I,A,Annuelle,DEU,Allemagne,B6N_R_PPP_P31S14,"Revenu disponible net réel des ménages et des ISBLSM, déflaté par la consommation finale des ménages et des ISBLSM",XDC,Monnaie nationale,NAAG_V,Part V: Households,2005,,1776106.87057851,,N,Ni corrigé des variations saisonnières ni corrigé des effets de calendrier,W,Monde,S1M,Les Ménages et ISBLSM,S1,Economie totale,_Z,Non applicable,B,Solde (recettes moins dépenses),B6N_R,"Revenu disponible réel des ménages, net",_Z,Non applicable,,,,,,,,,,,L,Volumes chaînés,N,Données non transformées,,,,,,,F,Libre (libre pour publication),2,Two,A,Valeur normale,6,Millions,EUR,Euro
DATAFLOW,OECD.SDD.NAD:DSD_NAAG@DF_NAAG_V(1.0),NAAG Chapitre 5: Ménages,I,A,Annuelle,GRC,Grèce,B6N_R_PPP_P31S14,"Revenu disponible net réel des ménages et des ISBLSM, déflaté par la consommation finale des ménages et des ISBLSM",XDC,Monnaie nationale,NAAG_V,Part V: Households,2005,,142242.884431213,,N,Ni corrigé des variations saisonnières ni corrigé des effets de calendrier,W,Monde,S1M,Les Ménages et ISBLSM,S1,Economie totale,_Z,Non applicable,B,Solde (recettes moins dépenses),B6N_R,"Revenu disponible réel des ménages, net",_Z,Non applicable,,,,,,,,,,,L,Volumes chaînés,N,Données non transformées,,,,,,,F,Libre (libre pour publication),2,Two,A,Valeur normale,6,Millions,EUR,Euro
DATAFLOW,OECD.SDD.NAD:DSD_NAAG@DF_NAAG_V(1.0),NAAG Chapitre 5: Ménages,I,A,Annuelle,IRL,Irlande,B6N_R_PPP_P31S14,"Revenu disponible net réel des ménages et des ISBLSM, déflaté par la consommation finale des ménages et des ISBLSM",XDC,Monnaie nationale,NAAG_V,Part V: Households,2005,,80691.4441163692,,N,Ni corrigé des variations saisonnières ni corrigé des effets de calendrier,W,Monde,S1M,Les Ménages et ISBLSM,S1,Economie totale,_Z,Non applicable,B,Solde (recettes moins dépenses),B6N_R,"Revenu disponible réel des ménages, net",_Z,Non applicable,,,,,,,,,,,L,Volumes chaînés,N,Données non transformées,,,,,,,F,Libre (libre pour publication),2,Two,A,Valeur normale,6,Millions,EUR,Euro
DATAFLOW,OECD.SDD.NAD:DSD_NAAG@DF_NAAG_V(1.0),NAAG Chapitre 5: Ménages,I,A,Annuelle,ITA,Italie,B6N_R_PPP_P31S14,"Revenu disponible net réel des ménages et des ISBLSM, déflaté par la consommation finale des ménages et des ISBLSM",XDC,Monnaie nationale,NAAG_V,Part V: Households,2005,,1196916.07089079,,N,Ni corrigé des variations saisonnières ni corrigé des effets de calendrier,W,Monde,S1M,Les Ménages et ISBLSM,S1,Economie totale,_Z,Non applicable,B,Solde (recettes moins dépenses),B6N_R,"Revenu disponible réel des ménages, net",_Z,Non applicable,,,,,,,,,,,L,Volumes chaînés,N,Données non transformées,,,,,,,F,Libre (libre pour publication),2,Two,A,Valeur normale,6,Millions,EUR,Euro
DATAFLOW,OECD.SDD.NAD:DSD_NAAG@DF_NAAG_V(1.0),NAAG Chapitre 5: Ménages,I,A,Annuelle,LVA,Lettonie,B6N_R_PPP_P31S14,"Revenu disponible net réel des ménages et des ISBLSM, déflaté par la consommation finale des ménages et des ISBLSM",XDC,Monnaie nationale,NAAG_V,Part V: Households,2005,,12804.268763603,,N,Ni corrigé des variations saisonnières ni corrigé des effets de calendrier,W,Monde,S1M,Les Ménages et ISBLSM,S1,Economie totale,_Z,Non applicable,B,Solde (recettes moins dépenses),B6N_R,"Revenu disponible réel des ménages, net",_Z,Non applicable,,,,,,,,,,,L,Volumes chaînés,N,Données non transformées,,,,,,,F,Libre (libre pour publication),2,Two,A,Valeur normale,6,Millions,EUR,Euro
DATAFLOW,OECD.SDD.NAD:DSD_NAAG@DF_NAAG_V(1.0),NAAG Chapitre 5: Ménages,I,A,Annuelle,LTU,Lituanie,B6N_R_PPP_P31S14,"Revenu disponible net réel des ménages et des ISBLSM, déflaté par la consommation finale des ménages et des ISBLSM",XDC,Monnaie nationale,NAAG_V,Part V: Households,2005,,19444.2212841022,,N,Ni corrigé des variations saisonnières ni corrigé des effets de calendrier,W,Monde,S1M,Les Ménages et ISBLSM,S1,Economie totale,_Z,Non applicable,B,Solde (recettes moins dépenses),B6N_R,"Revenu disponible réel des ménages, net",_Z,Non applicable,,,,,,,,,,,L,Volumes chaînés,N,Données non transformées,,,,,,,F,Libre (libre pour publication),2,Two,A,Valeur normale,6,Millions,EUR,Euro
DATAFLOW,OECD.SDD.NAD:DSD_NAAG@DF_NAAG_V(1.0),NAAG Chapitre 5: Ménages,I,A,Annuelle,LUX,Luxembourg,B6N_R_PPP_P31S14,"Revenu disponible net réel des ménages et des ISBLSM, déflaté par la consommation finale des ménages et des ISBLSM",XDC,Monnaie nationale,NAAG_V,Part V: Households,2005,,15484.3450634249,,N,Ni corrigé des variations saisonnières ni corrigé des effets de calendrier,W,Monde,S1M,Les Ménages et ISBLSM,S1,Economie totale,_Z,Non applicable,B,Solde (recettes moins dépenses),B6N_R,"Revenu disponible réel des ménages, net",_Z,Non applicable,,,,,,,,,,,L,Volumes chaînés,N,Données non transformées,,,,,,,F,Libre (libre pour publication),2,Two,A,Valeur normale,6,Millions,EUR,Euro
DATAFLOW,OECD.SDD.NAD:DSD_NAAG@DF_NAAG_V(1.0),NAAG Chapitre 5: Ménages,I,A,Annuelle,NLD,Pays-Bas,B6N_R_PPP_P31S14,"Revenu disponible net réel des ménages et des ISBLSM, déflaté par la consommation finale des ménages et des ISBLSM",XDC,Monnaie nationale,NAAG_V,Part V: Households,2005,,323492.048023284,,N,Ni corrigé des variations saisonnières ni corrigé des effets de calendrier,W,Monde,S1M,Les Ménages et ISBLSM,S1,Economie totale,_Z,Non applicable,B,Solde (recettes moins dépenses),B6N_R,"Revenu disponible réel des ménages, net",_Z,Non applicable,,,,,,,,,,,L,Volumes chaînés,N,Données non transformées,,,,,,,F,Libre (libre pour publication),2,Two,A,Valeur normale,6,Millions,EUR,Euro
DATAFLOW,OECD.SDD.NAD:DSD_NAAG@DF_NAAG_V(1.0),NAAG Chapitre 5: Ménages,I,A,Annuelle,PRT,Portugal,B6N_R_PPP_P31S14,"Revenu disponible net réel des ménages et des ISBLSM, déflaté par la consommation finale des ménages et des ISBLSM",XDC,Monnaie nationale,NAAG_V,Part V: Households,2005,,129325.812231651,,N,Ni corrigé des variations saisonnières ni corrigé des effets de calendrier,W,Monde,S1M,Les Ménages et ISBLSM,S1,Economie totale,_Z,Non applicable,B,Solde (recettes moins dépenses),B6N_R,"Revenu disponible réel des ménages, net",_Z,Non applicable,,,,,,,,,,,L,Volumes chaînés,N,Données non transformées,,,,,,,F,Libre (libre pour publication),2,Two,A,Valeur normale,6,Millions,EUR,Euro
DATAFLOW,OECD.SDD.NAD:DSD_NAAG@DF_NAAG_V(1.0),NAAG Chapitre 5: Ménages,I,A,Annuelle,SVK,République slovaque,B6N_R_PPP_P31S14,"Revenu disponible net réel des ménages et des ISBLSM, déflaté par la consommation finale des ménages et des ISBLSM",XDC,Monnaie nationale,NAAG_V,Part V: Households,2005,,35627.558231952,,N,Ni corrigé des variations saisonnières ni corrigé des effets de calendrier,W,Monde,S1M,Les Ménages et ISBLSM,S1,Economie totale,_Z,Non applicable,B,Solde (recettes moins dépenses),B6N_R,"Revenu disponible réel des ménages, net",_Z,Non applicable,,,,,,,,,,,L,Volumes chaînés,N,Données non transformées,,,,,,,F,Libre (libre pour publication),2,Two,A,Valeur normale,6,Millions,EUR,Euro
DATAFLOW,OECD.SDD.NAD:DSD_NAAG@DF_NAAG_V(1.0),NAAG Chapitre 5: Ménages,I,A,Annuelle,SVN,Slovénie,B6N_R_PPP_P31S14,"Revenu disponible net réel des ménages et des ISBLSM, déflaté par la consommation finale des ménages et des ISBLSM",XDC,Monnaie nationale,NAAG_V,Part V: Households,2005,,20989.5624684614,,N,Ni corrigé des variations saisonnières ni corrigé des effets de calendrier,W,Monde,S1M,Les Ménages et ISBLSM,S1,Economie totale,_Z,Non applicable,B,Solde (recettes moins dépenses),B6N_R,"Revenu disponible réel des ménages, net",_Z,Non applicable,,,,,,,,,,,L,Volumes chaînés,N,Données non transformées,,,,,,,F,Libre (libre pour publication),2,Two,A,Valeur normale,6,Millions,EUR,Euro
DATAFLOW,OECD.SDD.NAD:DSD_NAAG@DF_NAAG_V(1.0),NAAG Chapitre 5: Ménages,I,A,Annuelle,ESP,Espagne,B6N_R_PPP_P31S14,"Revenu disponible net réel des ménages et des ISBLSM, déflaté par la consommation finale des ménages et des ISBLSM",XDC,Monnaie nationale,NAAG_V,Part V: Households,2005,,700319.190997375,,N,Ni corrigé des variations saisonnières ni corrigé des effets de calendrier,W,Monde,S1M,Les Ménages et ISBLSM,S1,Economie totale,_Z,Non applicable,B,Solde (recettes moins dépenses),B6N_R,"Revenu disponible réel des ménages, net",_Z,Non applicable,,,,,,,,,,,L,Volumes chaînés,N,Données non transformées,,,,,,,F,Libre (libre pour publication),2,Two,A,Valeur normale,6,Millions,EUR,Euro
DATAFLOW,OECD.SDD.NAD:DSD_NAAG@DF_NAAG_V(1.0),NAAG Chapitre 5: Ménages,I,A,Annuelle,AUT,Autriche,B6N_R_PPP_P31S14,"Revenu disponible net réel des ménages et des ISBLSM, déflaté par la consommation finale des ménages et des ISBLSM",XDC,Monnaie nationale,NAAG_V,Part V: Households,2006,,202835.76168559,,N,Ni corrigé des variations saisonnières ni corrigé des effets de calendrier,W,Monde,S1M,Les Ménages et ISBLSM,S1,Economie totale,_Z,Non applicable,B,Solde (recettes moins dépenses),B6N_R,"Revenu disponible réel des ménages, net",_Z,Non applicable,,,,,,,,,,,L,Volumes chaînés,N,Données non transformées,,,,,,,F,Libre (libre pour publication),2,Two,A,Valeur normale,6,Millions,EUR,Euro
DATAFLOW,OECD.SDD.NAD:DSD_NAAG@DF_NAAG_V(1.0),NAAG Chapitre 5: Ménages,I,A,Annuelle,BEL,Belgique,B6N_R_PPP_P31S14,"Revenu disponible net réel des ménages et des ISBLSM, déflaté par la consommation finale des ménages et des ISBLSM",XDC,Monnaie nationale,NAAG_V,Part V: Households,2006,,225583.728937814,,N,Ni corrigé des variations saisonnières ni corrigé des effets de calendrier,W,Monde,S1M,Les Ménages et ISBLSM,S1,Economie totale,_Z,Non applicable,B,Solde (recettes moins dépenses),B6N_R,"Revenu disponible réel des ménages, net",_Z,Non applicable,,,,,,,,,,,L,Volumes chaînés,N,Données non transformées,,,,,,,F,Libre (libre pour publication),2,Two,A,Valeur normale,6,Millions,EUR,Euro
DATAFLOW,OECD.SDD.NAD:DSD_NAAG@DF_NAAG_V(1.0),NAAG Chapitre 5: Ménages,I,A,Annuelle,EST,Estonie,B6N_R_PPP_P31S14,"Revenu disponible net réel des ménages et des ISBLSM, déflaté par la consommation finale des ménages et des ISBLSM",XDC,Monnaie nationale,NAAG_V,Part V: Households,2006,,10129.0480556516,,N,Ni corrigé des variations saisonnières ni corrigé des effets de calendrier,W,Monde,S1M,Les Ménages et ISBLSM,S1,Economie totale,_Z,Non applicable,B,Solde (recettes moins dépenses),B6N_R,"Revenu disponible réel des ménages, net",_Z,Non applicable,,,,,,,,,,,L,Volumes chaînés,N,Données non transformées,,,,,,,F,Libre (libre pour publication),2,Two,A,Valeur normale,6,Millions,EUR,Euro
DATAFLOW,OECD.SDD.NAD:DSD_NAAG@DF_NAAG_V(1.0),NAAG Chapitre 5: Ménages,I,A,Annuelle,FIN,Finlande,B6N_R_PPP_P31S14,"Revenu disponible net réel des ménages et des ISBLSM, déflaté par la consommation finale des ménages et des ISBLSM",XDC,Monnaie nationale,NAAG_V,Part V: Households,2006,,106715.027003092,,N,Ni corrigé des variations saisonnières ni corrigé des effets de calendrier,W,Monde,S1M,Les Ménages et ISBLSM,S1,Economie totale,_Z,Non applicable,B,Solde (recettes moins dépenses),B6N_R,"Revenu disponible réel des ménages, net",_Z,Non applicable,,,,,,,,,,,L,Volumes chaînés,N,Données non transformées,,,,,,,F,Libre (libre pour publication),2,Two,A,Valeur normale,6,Millions,EUR,Euro
DATAFLOW,OECD.SDD.NAD:DSD_NAAG@DF_NAAG_V(1.0),NAAG Chapitre 5: Ménages,I,A,Annuelle,FRA,France,B6N_R_PPP_P31S14,"Revenu disponible net réel des ménages et des ISBLSM, déflaté par la consommation finale des ménages et des ISBLSM",XDC,Monnaie nationale,NAAG_V,Part V: Households,2006,,1258173.16456021,,N,Ni corrigé des variations saisonnières ni corrigé des effets de calendrier,W,Monde,S1M,Les Ménages et ISBLSM,S1,Economie totale,_Z,Non applicable,B,Solde (recettes moins dépenses),B6N_R,"Revenu disponible réel des ménages, net",_Z,Non applicable,,,,,,,,,,,L,Volumes chaînés,N,Données non transformées,,,,,,,F,Libre (libre pour publication),2,Two,A,Valeur normale,6,Millions,EUR,Euro
DATAFLOW,OECD.SDD.NAD:DSD_NAAG@DF_NAAG_V(1.0),NAAG Chapitre 5: Ménages,I,A,Annuelle,DEU,Allemagne,B6N_R_PPP_P31S14,"Revenu disponible net réel des ménages et des ISBLSM, déflaté par la consommation finale des ménages et des ISBLSM",XDC,Monnaie nationale,NAAG_V,Part V: Households,2006,,1795456.00252964,,N,Ni corrigé des variations saisonnières ni corrigé des effets de calendrier,W,Monde,S1M,Les Ménages et ISBLSM,S1,Economie totale,_Z,Non applicable,B,Solde (recettes moins dépenses),B6N_R,"Revenu disponible réel des ménages, net",_Z,Non applicable,,,,,,,,,,,L,Volumes chaînés,N,Données non transformées,,,,,,,F,Libre (libre pour publication),2,Two,A,Valeur normale,6,Millions,EUR,Euro
DATAFLOW,OECD.SDD.NAD:DSD_NAAG@DF_NAAG_V(1.0),NAAG Chapitre 5: Ménages,I,A,Annuelle,GRC,Grèce,B6N_R_PPP_P31S14,"Revenu disponible net réel des ménages et des ISBLSM, déflaté par la consommation finale des ménages et des ISBLSM",XDC,Monnaie nationale,NAAG_V,Part V: Households,2006,,150754.261862678,,N,Ni corrigé des variations saisonnières ni corrigé des effets de calendrier,W,Monde,S1M,Les Ménages et ISBLSM,S1,Economie totale,_Z,Non applicable,B,Solde (recettes moins dépenses),B6N_R,"Revenu disponible réel des ménages, net",_Z,Non applicable,,,,,,,,,,,L,Volumes chaînés,N,Données non transformées,,,,,,,F,Libre (libre pour publication),2,Two,A,Valeur normale,6,Millions,EUR,Euro
DATAFLOW,OECD.SDD.NAD:DSD_NAAG@DF_NAAG_V(1.0),NAAG Chapitre 5: Ménages,I,A,Annuelle,IRL,Irlande,B6N_R_PPP_P31S14,"Revenu disponible net réel des ménages et des ISBLSM, déflaté par la consommation finale des ménages et des ISBLSM",XDC,Monnaie nationale,NAAG_V,Part V: Households,2006,,84193.4889971084,,N,Ni corrigé des variations saisonnières ni corrigé des effets de calendrier,W,Monde,S1M,Les Ménages et ISBLSM,S1,Economie totale,_Z,Non applicable,B,Solde (recettes moins dépenses),B6N_R,"Revenu disponible réel des ménages, net",_Z,Non applicable,,,,,,,,,,,L,Volumes chaînés,N,Données non transformées,,,,,,,F,Libre (libre pour publication),2,Two,A,Valeur normale,6,Millions,EUR,Euro
DATAFLOW,OECD.SDD.NAD:DSD_NAAG@DF_NAAG_V(1.0),NAAG Chapitre 5: Ménages,I,A,Annuelle,ITA,Italie,B6N_R_PPP_P31S14,"Revenu disponible net réel des ménages et des ISBLSM, déflaté par la consommation finale des ménages et des ISBLSM",XDC,Monnaie nationale,NAAG_V,Part V: Households,2006,,1207231.90150855,,N,Ni corrigé des variations saisonnières ni corrigé des effets de calendrier,W,Monde,S1M,Les Ménages et ISBLSM,S1,Economie totale,_Z,Non applicable,B,Solde (recettes moins dépenses),B6N_R,"Revenu disponible réel des ménages, net",_Z,Non applicable,,,,,,,,,,,L,Volumes chaînés,N,Données non transformées,,,,,,,F,Libre (libre pour publication),2,Two,A,Valeur normale,6,Millions,EUR,Euro
DATAFLOW,OECD.SDD.NAD:DSD_NAAG@DF_NAAG_V(1.0),NAAG Chapitre 5: Ménages,I,A,Annuelle,LVA,Lettonie,B6N_R_PPP_P31S14,"Revenu disponible net réel des ménages et des ISBLSM, déflaté par la consommation finale des ménages et des ISBLSM",XDC,Monnaie nationale,NAAG_V,Part V: Households,2006,,14909.7302424578,,N,Ni corrigé des variations saisonnières ni corrigé des effets de calendrier,W,Monde,S1M,Les Ménages et ISBLSM,S1,Economie totale,_Z,Non applicable,B,Solde (recettes moins dépenses),B6N_R,"Revenu disponible réel des ménages, net",_Z,Non applicable,,,,,,,,,,,L,Volumes chaînés,N,Données non transformées,,,,,,,F,Libre (libre pour publication),2,Two,A,Valeur normale,6,Millions,EUR,Euro
DATAFLOW,OECD.SDD.NAD:DSD_NAAG@DF_NAAG_V(1.0),NAAG Chapitre 5: Ménages,I,A,Annuelle,LTU,Lituanie,B6N_R_PPP_P31S14,"Revenu disponible net réel des ménages et des ISBLSM, déflaté par la consommation finale des ménages et des ISBLSM",XDC,Monnaie nationale,NAAG_V,Part V: Households,2006,,21807.648557507,,N,Ni corrigé des variations saisonnières ni corrigé des effets de calendrier,W,Monde,S1M,Les Ménages et ISBLSM,S1,Economie totale,_Z,Non applicable,B,Solde (recettes moins dépenses),B6N_R,"Revenu disponible réel des ménages, net",_Z,Non applicable,,,,,,,,,,,L,Volumes chaînés,N,Données non transformées,,,,,,,F,Libre (libre pour publication),2,Two,A,Valeur normale,6,Millions,EUR,Euro
DATAFLOW,OECD.SDD.NAD:DSD_NAAG@DF_NAAG_V(1.0),NAAG Chapitre 5: Ménages,I,A,Annuelle,LUX,Luxembourg,B6N_R_PPP_P31S14,"Revenu disponible net réel des ménages et des ISBLSM, déflaté par la consommation finale des ménages et des ISBLSM",XDC,Monnaie nationale,NAAG_V,Part V: Households,2006,,16026.8196320599,,N,Ni corrigé des variations saisonnières ni corrigé des effets de calendrier,W,Monde,S1M,Les Ménages et ISBLSM,S1,Economie totale,_Z,Non applicable,B,Solde (recettes moins dépenses),B6N_R,"Revenu disponible réel des ménages, net",_Z,Non applicable,,,,,,,,,,,L,Volumes chaînés,N,Données non transformées,,,,,,,F,Libre (libre pour publication),2,Two,A,Valeur normale,6,Millions,EUR,Euro
DATAFLOW,OECD.SDD.NAD:DSD_NAAG@DF_NAAG_V(1.0),NAAG Chapitre 5: Ménages,I,A,Annuelle,NLD,Pays-Bas,B6N_R_PPP_P31S14,"Revenu disponible net réel des ménages et des ISBLSM, déflaté par la consommation finale des ménages et des ISBLSM",XDC,Monnaie nationale,NAAG_V,Part V: Households,2006,,328009.097259514,,N,Ni corrigé des variations saisonnières ni corrigé des effets de calendrier,W,Monde,S1M,Les Ménages et ISBLSM,S1,Economie totale,_Z,Non applicable,B,Solde (recettes moins dépenses),B6N_R,"Revenu disponible réel des ménages, net",_Z,Non applicable,,,,,,,,,,,L,Volumes chaînés,N,Données non transformées,,,,,,,F,Libre (libre pour publication),2,Two,A,Valeur normale,6,Millions,EUR,Euro
DATAFLOW,OECD.SDD.NAD:DSD_NAAG@DF_NAAG_V(1.0),NAAG Chapitre 5: Ménages,I,A,Annuelle,PRT,Portugal,B6N_R_PPP_P31S14,"Revenu disponible net réel des ménages et des ISBLSM, déflaté par la consommation finale des ménages et des ISBLSM",XDC,Monnaie nationale,NAAG_V,Part V: Households,2006,,128764.325002584,,N,Ni corrigé des variations saisonnières ni corrigé des effets de calendrier,W,Monde,S1M,Les Ménages et ISBLSM,S1,Economie totale,_Z,Non applicable,B,Solde (recettes moins dépenses),B6N_R,"Revenu disponible réel des ménages, net",_Z,Non applicable,,,,,,,,,,,L,Volumes chaînés,N,Données non transformées,,,,,,,F,Libre (libre pour publication),2,Two,A,Valeur normale,6,Millions,EUR,Euro
DATAFLOW,OECD.SDD.NAD:DSD_NAAG@DF_NAAG_V(1.0),NAAG Chapitre 5: Ménages,I,A,Annuelle,SVK,République slovaque,B6N_R_PPP_P31S14,"Revenu disponible net réel des ménages et des ISBLSM, déflaté par la consommation finale des ménages et des ISBLSM",XDC,Monnaie nationale,NAAG_V,Part V: Households,2006,,37202.0251104923,,N,Ni corrigé des variations saisonnières ni corrigé des effets de calendrier,W,Monde,S1M,Les Ménages et ISBLSM,S1,Economie totale,_Z,Non applicable,B,Solde (recettes moins dépenses),B6N_R,"Revenu disponible réel des ménages, net",_Z,Non applicable,,,,,,,,,,,L,Volumes chaînés,N,Données non transformées,,,,,,,F,Libre (libre pour publication),2,Two,A,Valeur normale,6,Millions,EUR,Euro
DATAFLOW,OECD.SDD.NAD:DSD_NAAG@DF_NAAG_V(1.0),NAAG Chapitre 5: Ménages,I,A,Annuelle,SVN,Slovénie,B6N_R_PPP_P31S14,"Revenu disponible net réel des ménages et des ISBLSM, déflaté par la consommation finale des ménages et des ISBLSM",XDC,Monnaie nationale,NAAG_V,Part V: Households,2006,,21593.3140094848,,N,Ni corrigé des variations saisonnières ni corrigé des effets de calendrier,W,Monde,S1M,Les Ménages et ISBLSM,S1,Economie totale,_Z,Non applicable,B,Solde (recettes moins dépenses),B6N_R,"Revenu disponible réel des ménages, net",_Z,Non applicable,,,,,,,,,,,L,Volumes chaînés,N,Données non transformées,,,,,,,F,Libre (libre pour publication),2,Two,A,Valeur normale,6,Millions,EUR,Euro
DATAFLOW,OECD.SDD.NAD:DSD_NAAG@DF_NAAG_V(1.0),NAAG Chapitre 5: Ménages,I,A,Annuelle,ESP,Espagne,B6N_R_PPP_P31S14,"Revenu disponible net réel des ménages et des ISBLSM, déflaté par la consommation finale des ménages et des ISBLSM",XDC,Monnaie nationale,NAAG_V,Part V: Households,2006,,716439.534934911,,N,Ni corrigé des variations saisonnières ni corrigé des effets de calendrier,W,Monde,S1M,Les Ménages et ISBLSM,S1,Economie totale,_Z,Non applicable,B,Solde (recettes moins dépenses),B6N_R,"Revenu disponible réel des ménages, net",_Z,Non applicable,,,,,,,,,,,L,Volumes chaînés,N,Données non transformées,,,,,,,F,Libre (libre pour publication),2,Two,A,Valeur normale,6,Millions,EUR,Euro
DATAFLOW,OECD.SDD.NAD:DSD_NAAG@DF_NAAG_V(1.0),NAAG Chapitre 5: Ménages,I,A,Annuelle,AUT,Autriche,B6N_R_PPP_P31S14,"Revenu disponible net réel des ménages et des ISBLSM, déflaté par la consommation finale des ménages et des ISBLSM",XDC,Monnaie nationale,NAAG_V,Part V: Households,2007,,207888.822417523,,N,Ni corrigé des variations saisonnières ni corrigé des effets de calendrier,W,Monde,S1M,Les Ménages et ISBLSM,S1,Economie totale,_Z,Non applicable,B,Solde (recettes moins dépenses),B6N_R,"Revenu disponible réel des ménages, net",_Z,Non applicable,,,,,,,,,,,L,Volumes chaînés,N,Données non transformées,,,,,,,F,Libre (libre pour publication),2,Two,A,Valeur normale,6,Millions,EUR,Euro
DATAFLOW,OECD.SDD.NAD:DSD_NAAG@DF_NAAG_V(1.0),NAAG Chapitre 5: Ménages,I,A,Annuelle,BEL,Belgique,B6N_R_PPP_P31S14,"Revenu disponible net réel des ménages et des ISBLSM, déflaté par la consommation finale des ménages et des ISBLSM",XDC,Monnaie nationale,NAAG_V,Part V: Households,2007,,231189.24311506,,N,Ni corrigé des variations saisonnières ni corrigé des effets de calendrier,W,Monde,S1M,Les Ménages et ISBLSM,S1,Economie totale,_Z,Non applicable,B,Solde (recettes moins dépenses),B6N_R,"Revenu disponible réel des ménages, net",_Z,Non applicable,,,,,,,,,,,L,Volumes chaînés,N,Données non transformées,,,,,,,F,Libre (libre pour publication),2,Two,A,Valeur normale,6,Millions,EUR,Euro
DATAFLOW,OECD.SDD.NAD:DSD_NAAG@DF_NAAG_V(1.0),NAAG Chapitre 5: Ménages,I,A,Annuelle,EST,Estonie,B6N_R_PPP_P31S14,"Revenu disponible net réel des ménages et des ISBLSM, déflaté par la consommation finale des ménages et des ISBLSM",XDC,Monnaie nationale,NAAG_V,Part V: Households,2007,,10872.3509346399,,N,Ni corrigé des variations saisonnières ni corrigé des effets de calendrier,W,Monde,S1M,Les Ménages et ISBLSM,S1,Economie totale,_Z,Non applicable,B,Solde (recettes moins dépenses),B6N_R,"Revenu disponible réel des ménages, net",_Z,Non applicable,,,,,,,,,,,L,Volumes chaînés,N,Données non transformées,,,,,,,F,Libre (libre pour publication),2,Two,A,Valeur normale,6,Millions,EUR,Euro
DATAFLOW,OECD.SDD.NAD:DSD_NAAG@DF_NAAG_V(1.0),NAAG Chapitre 5: Ménages,I,A,Annuelle,FIN,Finlande,B6N_R_PPP_P31S14,"Revenu disponible net réel des ménages et des ISBLSM, déflaté par la consommation finale des ménages et des ISBLSM",XDC,Monnaie nationale,NAAG_V,Part V: Households,2007,,110731.424324643,,N,Ni corrigé des variations saisonnières ni corrigé des effets de calendrier,W,Monde,S1M,Les Ménages et ISBLSM,S1,Economie totale,_Z,Non applicable,B,Solde (recettes moins dépenses),B6N_R,"Revenu disponible réel des ménages, net",_Z,Non applicable,,,,,,,,,,,L,Volumes chaînés,N,Données non transformées,,,,,,,F,Libre (libre pour publication),2,Two,A,Valeur normale,6,Millions,EUR,Euro
DATAFLOW,OECD.SDD.NAD:DSD_NAAG@DF_NAAG_V(1.0),NAAG Chapitre 5: Ménages,I,A,Annuelle,FRA,France,B6N_R_PPP_P31S14,"Revenu disponible net réel des ménages et des ISBLSM, déflaté par la consommation finale des ménages et des ISBLSM",XDC,Monnaie nationale,NAAG_V,Part V: Households,2007,,1297559.01168084,,N,Ni corrigé des variations saisonnières ni corrigé des effets de calendrier,W,Monde,S1M,Les Ménages et ISBLSM,S1,Economie totale,_Z,Non applicable,B,Solde (recettes moins dépenses),B6N_R,"Revenu disponible réel des ménages, net",_Z,Non applicable,,,,,,,,,,,L,Volumes chaînés,N,Données non transformées,,,,,,,F,Libre (libre pour publication),2,Two,A,Valeur normale,6,Millions,EUR,Euro
DATAFLOW,OECD.SDD.NAD:DSD_NAAG@DF_NAAG_V(1.0),NAAG Chapitre 5: Ménages,I,A,Annuelle,DEU,Allemagne,B6N_R_PPP_P31S14,"Revenu disponible net réel des ménages et des ISBLSM, déflaté par la consommation finale des ménages et des ISBLSM",XDC,Monnaie nationale,NAAG_V,Part V: Households,2007,,1792164.48697765,,N,Ni corrigé des variations saisonnières ni corrigé des effets de calendrier,W,Monde,S1M,Les Ménages et ISBLSM,S1,Economie totale,_Z,Non applicable,B,Solde (recettes moins dépenses),B6N_R,"Revenu disponible réel des ménages, net",_Z,Non applicable,,,,,,,,,,,L,Volumes chaînés,N,Données non transformées,,,,,,,F,Libre (libre pour publication),2,Two,A,Valeur normale,6,Millions,EUR,Euro
DATAFLOW,OECD.SDD.NAD:DSD_NAAG@DF_NAAG_V(1.0),NAAG Chapitre 5: Ménages,I,A,Annuelle,GRC,Grèce,B6N_R_PPP_P31S14,"Revenu disponible net réel des ménages et des ISBLSM, déflaté par la consommation finale des ménages et des ISBLSM",XDC,Monnaie nationale,NAAG_V,Part V: Households,2007,,155191.776197511,,N,Ni corrigé des variations saisonnières ni corrigé des effets de calendrier,W,Monde,S1M,Les Ménages et ISBLSM,S1,Economie totale,_Z,Non applicable,B,Solde (recettes moins dépenses),B6N_R,"Revenu disponible réel des ménages, net",_Z,Non applicable,,,,,,,,,,,L,Volumes chaînés,N,Données non transformées,,,,,,,F,Libre (libre pour publication),2,Two,A,Valeur normale,6,Millions,EUR,Euro
DATAFLOW,OECD.SDD.NAD:DSD_NAAG@DF_NAAG_V(1.0),NAAG Chapitre 5: Ménages,I,A,Annuelle,IRL,Irlande,B6N_R_PPP_P31S14,"Revenu disponible net réel des ménages et des ISBLSM, déflaté par la consommation finale des ménages et des ISBLSM",XDC,Monnaie nationale,NAAG_V,Part V: Households,2007,,89346.8663111772,,N,Ni corrigé des variations saisonnières ni corrigé des effets de calendrier,W,Monde,S1M,Les Ménages et ISBLSM,S1,Economie totale,_Z,Non applicable,B,Solde (recettes moins dépenses),B6N_R,"Revenu disponible réel des ménages, net",_Z,Non applicable,,,,,,,,,,,L,Volumes chaînés,N,Données non transformées,,,,,,,F,Libre (libre pour publication),2,Two,A,Valeur normale,6,Millions,EUR,Euro
DATAFLOW,OECD.SDD.NAD:DSD_NAAG@DF_NAAG_V(1.0),NAAG Chapitre 5: Ménages,I,A,Annuelle,ITA,Italie,B6N_R_PPP_P31S14,"Revenu disponible net réel des ménages et des ISBLSM, déflaté par la consommation finale des ménages et des ISBLSM",XDC,Monnaie nationale,NAAG_V,Part V: Households,2007,,1219933.59434376,,N,Ni corrigé des variations saisonnières ni corrigé des effets de calendrier,W,Monde,S1M,Les Ménages et ISBLSM,S1,Economie totale,_Z,Non applicable,B,Solde (recettes moins dépenses),B6N_R,"Revenu disponible réel des ménages, net",_Z,Non applicable,,,,,,,,,,,L,Volumes chaînés,N,Données non transformées,,,,,,,F,Libre (libre pour publication),2,Two,A,Valeur normale,6,Millions,EUR,Euro
DATAFLOW,OECD.SDD.NAD:DSD_NAAG@DF_NAAG_V(1.0),NAAG Chapitre 5: Ménages,I,A,Annuelle,LVA,Lettonie,B6N_R_PPP_P31S14,"Revenu disponible net réel des ménages et des ISBLSM, déflaté par la consommation finale des ménages et des ISBLSM",XDC,Monnaie nationale,NAAG_V,Part V: Households,2007,,16485.7197357873,,N,Ni corrigé des variations saisonnières ni corrigé des effets de calendrier,W,Monde,S1M,Les Ménages et ISBLSM,S1,Economie totale,_Z,Non applicable,B,Solde (recettes moins dépenses),B6N_R,"Revenu disponible réel des ménages, net",_Z,Non applicable,,,,,,,,,,,L,Volumes chaînés,N,Données non transformées,,,,,,,F,Libre (libre pour publication),2,Two,A,Valeur normale,6,Millions,EUR,Euro
DATAFLOW,OECD.SDD.NAD:DSD_NAAG@DF_NAAG_V(1.0),NAAG Chapitre 5: Ménages,I,A,Annuelle,LTU,Lituanie,B6N_R_PPP_P31S14,"Revenu disponible net réel des ménages et des ISBLSM, déflaté par la consommation finale des ménages et des ISBLSM",XDC,Monnaie nationale,NAAG_V,Part V: Households,2007,,22778.4290996398,,N,Ni corrigé des variations saisonnières ni corrigé des effets de calendrier,W,Monde,S1M,Les Ménages et ISBLSM,S1,Economie totale,_Z,Non applicable,B,Solde (recettes moins dépenses),B6N_R,"Revenu disponible réel des ménages, net",_Z,Non applicable,,,,,,,,,,,L,Volumes chaînés,N,Données non transformées,,,,,,,F,Libre (libre pour publication),2,Two,A,Valeur normale,6,Millions,EUR,Euro
DATAFLOW,OECD.SDD.NAD:DSD_NAAG@DF_NAAG_V(1.0),NAAG Chapitre 5: Ménages,I,A,Annuelle,LUX,Luxembourg,B6N_R_PPP_P31S14,"Revenu disponible net réel des ménages et des ISBLSM, déflaté par la consommation finale des ménages et des ISBLSM",XDC,Monnaie nationale,NAAG_V,Part V: Households,2007,,16539.5998334227,,N,Ni corrigé des variations saisonnières ni corrigé des effets de calendrier,W,Monde,S1M,Les Ménages et ISBLSM,S1,Economie totale,_Z,Non applicable,B,Solde (recettes moins dépenses),B6N_R,"Revenu disponible réel des ménages, net",_Z,Non applicable,,,,,,,,,,,L,Volumes chaînés,N,Données non transformées,,,,,,,F,Libre (libre pour publication),2,Two,A,Valeur normale,6,Millions,EUR,Euro
DATAFLOW,OECD.SDD.NAD:DSD_NAAG@DF_NAAG_V(1.0),NAAG Chapitre 5: Ménages,I,A,Annuelle,NLD,Pays-Bas,B6N_R_PPP_P31S14,"Revenu disponible net réel des ménages et des ISBLSM, déflaté par la consommation finale des ménages et des ISBLSM",XDC,Monnaie nationale,NAAG_V,Part V: Households,2007,,332956.520604673,,N,Ni corrigé des variations saisonnières ni corrigé des effets de calendrier,W,Monde,S1M,Les Ménages et ISBLSM,S1,Economie totale,_Z,Non applicable,B,Solde (recettes moins dépenses),B6N_R,"Revenu disponible réel des ménages, net",_Z,Non applicable,,,,,,,,,,,L,Volumes chaînés,N,Données non transformées,,,,,,,F,Libre (libre pour publication),2,Two,A,Valeur normale,6,Millions,EUR,Euro
DATAFLOW,OECD.SDD.NAD:DSD_NAAG@DF_NAAG_V(1.0),NAAG Chapitre 5: Ménages,I,A,Annuelle,PRT,Portugal,B6N_R_PPP_P31S14,"Revenu disponible net réel des ménages et des ISBLSM, déflaté par la consommation finale des ménages et des ISBLSM",XDC,Monnaie nationale,NAAG_V,Part V: Households,2007,,130541.238519485,,N,Ni corrigé des variations saisonnières ni corrigé des effets de calendrier,W,Monde,S1M,Les Ménages et ISBLSM,S1,Economie totale,_Z,Non applicable,B,Solde (recettes moins dépenses),B6N_R,"Revenu disponible réel des ménages, net",_Z,Non applicable,,,,,,,,,,,L,Volumes chaînés,N,Données non transformées,,,,,,,F,Libre (libre pour publication),2,Two,A,Valeur normale,6,Millions,EUR,Euro
DATAFLOW,OECD.SDD.NAD:DSD_NAAG@DF_NAAG_V(1.0),NAAG Chapitre 5: Ménages,I,A,Annuelle,SVK,République slovaque,B6N_R_PPP_P31S14,"Revenu disponible net réel des ménages et des ISBLSM, déflaté par la consommation finale des ménages et des ISBLSM",XDC,Monnaie nationale,NAAG_V,Part V: Households,2007,,40530.2223301081,,N,Ni corrigé des variations saisonnières ni corrigé des effets de calendrier,W,Monde,S1M,Les Ménages et ISBLSM,S1,Economie totale,_Z,Non applicable,B,Solde (recettes moins dépenses),B6N_R,"Revenu disponible réel des ménages, net",_Z,Non applicable,,,,,,,,,,,L,Volumes chaînés,N,Données non transformées,,,,,,,F,Libre (libre pour publication),2,Two,A,Valeur normale,6,Millions,EUR,Euro
DATAFLOW,OECD.SDD.NAD:DSD_NAAG@DF_NAAG_V(1.0),NAAG Chapitre 5: Ménages,I,A,Annuelle,SVN,Slovénie,B6N_R_PPP_P31S14,"Revenu disponible net réel des ménages et des ISBLSM, déflaté par la consommation finale des ménages et des ISBLSM",XDC,Monnaie nationale,NAAG_V,Part V: Households,2007,,22562.2051391779,,N,Ni corrigé des variations saisonnières ni corrigé des effets de calendrier,W,Monde,S1M,Les Ménages et ISBLSM,S1,Economie totale,_Z,Non applicable,B,Solde (recettes moins dépenses),B6N_R,"Revenu disponible réel des ménages, net",_Z,Non applicable,,,,,,,,,,,L,Volumes chaînés,N,Données non transformées,,,,,,,F,Libre (libre pour publication),2,Two,A,Valeur normale,6,Millions,EUR,Euro
DATAFLOW,OECD.SDD.NAD:DSD_NAAG@DF_NAAG_V(1.0),NAAG Chapitre 5: Ménages,I,A,Annuelle,ESP,Espagne,B6N_R_PPP_P31S14,"Revenu disponible net réel des ménages et des ISBLSM, déflaté par la consommation finale des ménages et des ISBLSM",XDC,Monnaie nationale,NAAG_V,Part V: Households,2007,,729430.892650752,,N,Ni corrigé des variations saisonnières ni corrigé des effets de calendrier,W,Monde,S1M,Les Ménages et ISBLSM,S1,Economie totale,_Z,Non applicable,B,Solde (recettes moins dépenses),B6N_R,"Revenu disponible réel des ménages, net",_Z,Non applicable,,,,,,,,,,,L,Volumes chaînés,N,Données non transformées,,,,,,,F,Libre (libre pour publication),2,Two,A,Valeur normale,6,Millions,EUR,Euro
DATAFLOW,OECD.SDD.NAD:DSD_NAAG@DF_NAAG_V(1.0),NAAG Chapitre 5: Ménages,I,A,Annuelle,AUT,Autriche,B6N_R_PPP_P31S14,"Revenu disponible net réel des ménages et des ISBLSM, déflaté par la consommation finale des ménages et des ISBLSM",XDC,Monnaie nationale,NAAG_V,Part V: Households,2008,,209994.609439191,,N,Ni corrigé des variations saisonnières ni corrigé des effets de calendrier,W,Monde,S1M,Les Ménages et ISBLSM,S1,Economie totale,_Z,Non applicable,B,Solde (recettes moins dépenses),B6N_R,"Revenu disponible réel des ménages, net",_Z,Non applicable,,,,,,,,,,,L,Volumes chaînés,N,Données non transformées,,,,,,,F,Libre (libre pour publication),2,Two,A,Valeur normale,6,Millions,EUR,Euro
DATAFLOW,OECD.SDD.NAD:DSD_NAAG@DF_NAAG_V(1.0),NAAG Chapitre 5: Ménages,I,A,Annuelle,BEL,Belgique,B6N_R_PPP_P31S14,"Revenu disponible net réel des ménages et des ISBLSM, déflaté par la consommation finale des ménages et des ISBLSM",XDC,Monnaie nationale,NAAG_V,Part V: Households,2008,,236022.45898289,,N,Ni corrigé des variations saisonnières ni corrigé des effets de calendrier,W,Monde,S1M,Les Ménages et ISBLSM,S1,Economie totale,_Z,Non applicable,B,Solde (recettes moins dépenses),B6N_R,"Revenu disponible réel des ménages, net",_Z,Non applicable,,,,,,,,,,,L,Volumes chaînés,N,Données non transformées,,,,,,,F,Libre (libre pour publication),2,Two,A,Valeur normale,6,Millions,EUR,Euro
DATAFLOW,OECD.SDD.NAD:DSD_NAAG@DF_NAAG_V(1.0),NAAG Chapitre 5: Ménages,I,A,Annuelle,EST,Estonie,B6N_R_PPP_P31S14,"Revenu disponible net réel des ménages et des ISBLSM, déflaté par la consommation finale des ménages et des ISBLSM",XDC,Monnaie nationale,NAAG_V,Part V: Households,2008,,11637.555756272,,N,Ni corrigé des variations saisonnières ni corrigé des effets de calendrier,W,Monde,S1M,Les Ménages et ISBLSM,S1,Economie totale,_Z,Non applicable,B,Solde (recettes moins dépenses),B6N_R,"Revenu disponible réel des ménages, net",_Z,Non applicable,,,,,,,,,,,L,Volumes chaînés,N,Données non transformées,,,,,,,F,Libre (libre pour publication),2,Two,A,Valeur normale,6,Millions,EUR,Euro
DATAFLOW,OECD.SDD.NAD:DSD_NAAG@DF_NAAG_V(1.0),NAAG Chapitre 5: Ménages,I,A,Annuelle,FIN,Finlande,B6N_R_PPP_P31S14,"Revenu disponible net réel des ménages et des ISBLSM, déflaté par la consommation finale des ménages et des ISBLSM",XDC,Monnaie nationale,NAAG_V,Part V: Households,2008,,113183.517934509,,N,Ni corrigé des variations saisonnières ni corrigé des effets de calendrier,W,Monde,S1M,Les Ménages et ISBLSM,S1,Economie totale,_Z,Non applicable,B,Solde (recettes moins dépenses),B6N_R,"Revenu disponible réel des ménages, net",_Z,Non applicable,,,,,,,,,,,L,Volumes chaînés,N,Données non transformées,,,,,,,F,Libre (libre pour publication),2,Two,A,Valeur normale,6,Millions,EUR,Euro
DATAFLOW,OECD.SDD.NAD:DSD_NAAG@DF_NAAG_V(1.0),NAAG Chapitre 5: Ménages,I,A,Annuelle,FRA,France,B6N_R_PPP_P31S14,"Revenu disponible net réel des ménages et des ISBLSM, déflaté par la consommation finale des ménages et des ISBLSM",XDC,Monnaie nationale,NAAG_V,Part V: Households,2008,,1301415.80986667,,N,Ni corrigé des variations saisonnières ni corrigé des effets de calendrier,W,Monde,S1M,Les Ménages et ISBLSM,S1,Economie totale,_Z,Non applicable,B,Solde (recettes moins dépenses),B6N_R,"Revenu disponible réel des ménages, net",_Z,Non applicable,,,,,,,,,,,L,Volumes chaînés,N,Données non transformées,,,,,,,F,Libre (libre pour publication),2,Two,A,Valeur normale,6,Millions,EUR,Euro
DATAFLOW,OECD.SDD.NAD:DSD_NAAG@DF_NAAG_V(1.0),NAAG Chapitre 5: Ménages,I,A,Annuelle,DEU,Allemagne,B6N_R_PPP_P31S14,"Revenu disponible net réel des ménages et des ISBLSM, déflaté par la consommation finale des ménages et des ISBLSM",XDC,Monnaie nationale,NAAG_V,Part V: Households,2008,,1793026.64146538,,N,Ni corrigé des variations saisonnières ni corrigé des effets de calendrier,W,Monde,S1M,Les Ménages et ISBLSM,S1,Economie totale,_Z,Non applicable,B,Solde (recettes moins dépenses),B6N_R,"Revenu disponible réel des ménages, net",_Z,Non applicable,,,,,,,,,,,L,Volumes chaînés,N,Données non transformées,,,,,,,F,Libre (libre pour publication),2,Two,A,Valeur normale,6,Millions,EUR,Euro
DATAFLOW,OECD.SDD.NAD:DSD_NAAG@DF_NAAG_V(1.0),NAAG Chapitre 5: Ménages,I,A,Annuelle,GRC,Grèce,B6N_R_PPP_P31S14,"Revenu disponible net réel des ménages et des ISBLSM, déflaté par la consommation finale des ménages et des ISBLSM",XDC,Monnaie nationale,NAAG_V,Part V: Households,2008,,161331.925755632,,N,Ni corrigé des variations saisonnières ni corrigé des effets de calendrier,W,Monde,S1M,Les Ménages et ISBLSM,S1,Economie totale,_Z,Non applicable,B,Solde (recettes moins dépenses),B6N_R,"Revenu disponible réel des ménages, net",_Z,Non applicable,,,,,,,,,,,L,Volumes chaînés,N,Données non transformées,,,,,,,F,Libre (libre pour publication),2,Two,A,Valeur normale,6,Millions,EUR,Euro
DATAFLOW,OECD.SDD.NAD:DSD_NAAG@DF_NAAG_V(1.0),NAAG Chapitre 5: Ménages,I,A,Annuelle,IRL,Irlande,B6N_R_PPP_P31S14,"Revenu disponible net réel des ménages et des ISBLSM, déflaté par la consommation finale des ménages et des ISBLSM",XDC,Monnaie nationale,NAAG_V,Part V: Households,2008,,95212.9905023253,,N,Ni corrigé des variations saisonnières ni corrigé des effets de calendrier,W,Monde,S1M,Les Ménages et ISBLSM,S1,Economie totale,_Z,Non applicable,B,Solde (recettes moins dépenses),B6N_R,"Revenu disponible réel des ménages, net",_Z,Non applicable,,,,,,,,,,,L,Volumes chaînés,N,Données non transformées,,,,,,,F,Libre (libre pour publication),2,Two,A,Valeur normale,6,Millions,EUR,Euro
DATAFLOW,OECD.SDD.NAD:DSD_NAAG@DF_NAAG_V(1.0),NAAG Chapitre 5: Ménages,I,A,Annuelle,ITA,Italie,B6N_R_PPP_P31S14,"Revenu disponible net réel des ménages et des ISBLSM, déflaté par la consommation finale des ménages et des ISBLSM",XDC,Monnaie nationale,NAAG_V,Part V: Households,2008,,1197561.89505309,,N,Ni corrigé des variations saisonnières ni corrigé des effets de calendrier,W,Monde,S1M,Les Ménages et ISBLSM,S1,Economie totale,_Z,Non applicable,B,Solde (recettes moins dépenses),B6N_R,"Revenu disponible réel des ménages, net",_Z,Non applicable,,,,,,,,,,,L,Volumes chaînés,N,Données non transformées,,,,,,,F,Libre (libre pour publication),2,Two,A,Valeur normale,6,Millions,EUR,Euro
DATAFLOW,OECD.SDD.NAD:DSD_NAAG@DF_NAAG_V(1.0),NAAG Chapitre 5: Ménages,I,A,Annuelle,LVA,Lettonie,B6N_R_PPP_P31S14,"Revenu disponible net réel des ménages et des ISBLSM, déflaté par la consommation finale des ménages et des ISBLSM",XDC,Monnaie nationale,NAAG_V,Part V: Households,2008,,16995.1157959084,,N,Ni corrigé des variations saisonnières ni corrigé des effets de calendrier,W,Monde,S1M,Les Ménages et ISBLSM,S1,Economie totale,_Z,Non applicable,B,Solde (recettes moins dépenses),B6N_R,"Revenu disponible réel des ménages, net",_Z,Non applicable,,,,,,,,,,,L,Volumes chaînés,N,Données non transformées,,,,,,,F,Libre (libre pour publication),2,Two,A,Valeur normale,6,Millions,EUR,Euro
DATAFLOW,OECD.SDD.NAD:DSD_NAAG@DF_NAAG_V(1.0),NAAG Chapitre 5: Ménages,I,A,Annuelle,LTU,Lituanie,B6N_R_PPP_P31S14,"Revenu disponible net réel des ménages et des ISBLSM, déflaté par la consommation finale des ménages et des ISBLSM",XDC,Monnaie nationale,NAAG_V,Part V: Households,2008,,25028.1850184443,,N,Ni corrigé des variations saisonnières ni corrigé des effets de calendrier,W,Monde,S1M,Les Ménages et ISBLSM,S1,Economie totale,_Z,Non applicable,B,Solde (recettes moins dépenses),B6N_R,"Revenu disponible réel des ménages, net",_Z,Non applicable,,,,,,,,,,,L,Volumes chaînés,N,Données non transformées,,,,,,,F,Libre (libre pour publication),2,Two,A,Valeur normale,6,Millions,EUR,Euro
DATAFLOW,OECD.SDD.NAD:DSD_NAAG@DF_NAAG_V(1.0),NAAG Chapitre 5: Ménages,I,A,Annuelle,LUX,Luxembourg,B6N_R_PPP_P31S14,"Revenu disponible net réel des ménages et des ISBLSM, déflaté par la consommation finale des ménages et des ISBLSM",XDC,Monnaie nationale,NAAG_V,Part V: Households,2008,,16959.8182996327,,N,Ni corrigé des variations saisonnières ni corrigé des effets de calendrier,W,Monde,S1M,Les Ménages et ISBLSM,S1,Economie totale,_Z,Non applicable,B,Solde (recettes moins dépenses),B6N_R,"Revenu disponible réel des ménages, net",_Z,Non applicable,,,,,,,,,,,L,Volumes chaînés,N,Données non transformées,,,,,,,F,Libre (libre pour publication),2,Two,A,Valeur normale,6,Millions,EUR,Euro
DATAFLOW,OECD.SDD.NAD:DSD_NAAG@DF_NAAG_V(1.0),NAAG Chapitre 5: Ménages,I,A,Annuelle,NLD,Pays-Bas,B6N_R_PPP_P31S14,"Revenu disponible net réel des ménages et des ISBLSM, déflaté par la consommation finale des ménages et des ISBLSM",XDC,Monnaie nationale,NAAG_V,Part V: Households,2008,,335773.256952552,,N,Ni corrigé des variations saisonnières ni corrigé des effets de calendrier,W,Monde,S1M,Les Ménages et ISBLSM,S1,Economie totale,_Z,Non applicable,B,Solde (recettes moins dépenses),B6N_R,"Revenu disponible réel des ménages, net",_Z,Non applicable,,,,,,,,,,,L,Volumes chaînés,N,Données non transformées,,,,,,,F,Libre (libre pour publication),2,Two,A,Valeur normale,6,Millions,EUR,Euro
DATAFLOW,OECD.SDD.NAD:DSD_NAAG@DF_NAAG_V(1.0),NAAG Chapitre 5: Ménages,I,A,Annuelle,PRT,Portugal,B6N_R_PPP_P31S14,"Revenu disponible net réel des ménages et des ISBLSM, déflaté par la consommation finale des ménages et des ISBLSM",XDC,Monnaie nationale,NAAG_V,Part V: Households,2008,,131793.884829839,,N,Ni corrigé des variations saisonnières ni corrigé des effets de calendrier,W,Monde,S1M,Les Ménages et ISBLSM,S1,Economie totale,_Z,Non applicable,B,Solde (recettes moins dépenses),B6N_R,"Revenu disponible réel des ménages, net",_Z,Non applicable,,,,,,,,,,,L,Volumes chaînés,N,Données non transformées,,,,,,,F,Libre (libre pour publication),2,Two,A,Valeur normale,6,Millions,EUR,Euro
DATAFLOW,OECD.SDD.NAD:DSD_NAAG@DF_NAAG_V(1.0),NAAG Chapitre 5: Ménages,I,A,Annuelle,SVK,République slovaque,B6N_R_PPP_P31S14,"Revenu disponible net réel des ménages et des ISBLSM, déflaté par la consommation finale des ménages et des ISBLSM",XDC,Monnaie nationale,NAAG_V,Part V: Households,2008,,43137.5698077702,,N,Ni corrigé des variations saisonnières ni corrigé des effets de calendrier,W,Monde,S1M,Les Ménages et ISBLSM,S1,Economie totale,_Z,Non applicable,B,Solde (recettes moins dépenses),B6N_R,"Revenu disponible réel des ménages, net",_Z,Non applicable,,,,,,,,,,,L,Volumes chaînés,N,Données non transformées,,,,,,,F,Libre (libre pour publication),2,Two,A,Valeur normale,6,Millions,EUR,Euro
DATAFLOW,OECD.SDD.NAD:DSD_NAAG@DF_NAAG_V(1.0),NAAG Chapitre 5: Ménages,I,A,Annuelle,SVN,Slovénie,B6N_R_PPP_P31S14,"Revenu disponible net réel des ménages et des ISBLSM, déflaté par la consommation finale des ménages et des ISBLSM",XDC,Monnaie nationale,NAAG_V,Part V: Households,2008,,23072.2186462952,,N,Ni corrigé des variations saisonnières ni corrigé des effets de calendrier,W,Monde,S1M,Les Ménages et ISBLSM,S1,Economie totale,_Z,Non applicable,B,Solde (recettes moins dépenses),B6N_R,"Revenu disponible réel des ménages, net",_Z,Non applicable,,,,,,,,,,,L,Volumes chaînés,N,Données non transformées,,,,,,,F,Libre (libre pour publication),2,Two,A,Valeur normale,6,Millions,EUR,Euro
DATAFLOW,OECD.SDD.NAD:DSD_NAAG@DF_NAAG_V(1.0),NAAG Chapitre 5: Ménages,I,A,Annuelle,ESP,Espagne,B6N_R_PPP_P31S14,"Revenu disponible net réel des ménages et des ISBLSM, déflaté par la consommation finale des ménages et des ISBLSM",XDC,Monnaie nationale,NAAG_V,Part V: Households,2008,,742111.388506767,,N,Ni corrigé des variations saisonnières ni corrigé des effets de calendrier,W,Monde,S1M,Les Ménages et ISBLSM,S1,Economie totale,_Z,Non applicable,B,Solde (recettes moins dépenses),B6N_R,"Revenu disponible réel des ménages, net",_Z,Non applicable,,,,,,,,,,,L,Volumes chaînés,N,Données non transformées,,,,,,,F,Libre (libre pour publication),2,Two,A,Valeur normale,6,Millions,EUR,Euro
DATAFLOW,OECD.SDD.NAD:DSD_NAAG@DF_NAAG_V(1.0),NAAG Chapitre 5: Ménages,I,A,Annuelle,AUT,Autriche,B6N_R_PPP_P31S14,"Revenu disponible net réel des ménages et des ISBLSM, déflaté par la consommation finale des ménages et des ISBLSM",XDC,Monnaie nationale,NAAG_V,Part V: Households,2009,,211438.87856695,,N,Ni corrigé des variations saisonnières ni corrigé des effets de calendrier,W,Monde,S1M,Les Ménages et ISBLSM,S1,Economie totale,_Z,Non applicable,B,Solde (recettes moins dépenses),B6N_R,"Revenu disponible réel des ménages, net",_Z,Non applicable,,,,,,,,,,,L,Volumes chaînés,N,Données non transformées,,,,,,,F,Libre (libre pour publication),2,Two,A,Valeur normale,6,Millions,EUR,Euro
DATAFLOW,OECD.SDD.NAD:DSD_NAAG@DF_NAAG_V(1.0),NAAG Chapitre 5: Ménages,I,A,Annuelle,EST,Estonie,B6N_R_PPP_P31S14,"Revenu disponible net réel des ménages et des ISBLSM, déflaté par la consommation finale des ménages et des ISBLSM",XDC,Monnaie nationale,NAAG_V,Part V: Households,2009,,10736.1592174069,,N,Ni corrigé des variations saisonnières ni corrigé des effets de calendrier,W,Monde,S1M,Les Ménages et ISBLSM,S1,Economie totale,_Z,Non applicable,B,Solde (recettes moins dépenses),B6N_R,"Revenu disponible réel des ménages, net",_Z,Non applicable,,,,,,,,,,,L,Volumes chaînés,N,Données non transformées,,,,,,,F,Libre (libre pour publication),2,Two,A,Valeur normale,6,Millions,EUR,Euro
DATAFLOW,OECD.SDD.NAD:DSD_NAAG@DF_NAAG_V(1.0),NAAG Chapitre 5: Ménages,I,A,Annuelle,FIN,Finlande,B6N_R_PPP_P31S14,"Revenu disponible net réel des ménages et des ISBLSM, déflaté par la consommation finale des ménages et des ISBLSM",XDC,Monnaie nationale,NAAG_V,Part V: Households,2009,,114244.475172691,,N,Ni corrigé des variations saisonnières ni corrigé des effets de calendrier,W,Monde,S1M,Les Ménages et ISBLSM,S1,Economie totale,_Z,Non applicable,B,Solde (recettes moins dépenses),B6N_R,"Revenu disponible réel des ménages, net",_Z,Non applicable,,,,,,,,,,,L,Volumes chaînés,N,Données non transformées,,,,,,,F,Libre (libre pour publication),2,Two,A,Valeur normale,6,Millions,EUR,Euro
DATAFLOW,OECD.SDD.NAD:DSD_NAAG@DF_NAAG_V(1.0),NAAG Chapitre 5: Ménages,I,A,Annuelle,FRA,France,B6N_R_PPP_P31S14,"Revenu disponible net réel des ménages et des ISBLSM, déflaté par la consommation finale des ménages et des ISBLSM",XDC,Monnaie nationale,NAAG_V,Part V: Households,2009,,1326528.20444103,,N,Ni corrigé des variations saisonnières ni corrigé des effets de calendrier,W,Monde,S1M,Les Ménages et ISBLSM,S1,Economie totale,_Z,Non applicable,B,Solde (recettes moins dépenses),B6N_R,"Revenu disponible réel des ménages, net",_Z,Non applicable,,,,,,,,,,,L,Volumes chaînés,N,Données non transformées,,,,,,,F,Libre (libre pour publication),2,Two,A,Valeur normale,6,Millions,EUR,Euro
DATAFLOW,OECD.SDD.NAD:DSD_NAAG@DF_NAAG_V(1.0),NAAG Chapitre 5: Ménages,I,A,Annuelle,DEU,Allemagne,B6N_R_PPP_P31S14,"Revenu disponible net réel des ménages et des ISBLSM, déflaté par la consommation finale des ménages et des ISBLSM",XDC,Monnaie nationale,NAAG_V,Part V: Households,2009,,1783798.35445256,,N,Ni corrigé des variations saisonnières ni corrigé des effets de calendrier,W,Monde,S1M,Les Ménages et ISBLSM,S1,Economie totale,_Z,Non applicable,B,Solde (recettes moins dépenses),B6N_R,"Revenu disponible réel des ménages, net",_Z,Non applicable,,,,,,,,,,,L,Volumes chaînés,N,Données non transformées,,,,,,,F,Libre (libre pour publication),2,Two,A,Valeur normale,6,Millions,EUR,Euro
DATAFLOW,OECD.SDD.NAD:DSD_NAAG@DF_NAAG_V(1.0),NAAG Chapitre 5: Ménages,I,A,Annuelle,GRC,Grèce,B6N_R_PPP_P31S14,"Revenu disponible net réel des ménages et des ISBLSM, déflaté par la consommation finale des ménages et des ISBLSM",XDC,Monnaie nationale,NAAG_V,Part V: Households,2009,,162278.546902459,,N,Ni corrigé des variations saisonnières ni corrigé des effets de calendrier,W,Monde,S1M,Les Ménages et ISBLSM,S1,Economie totale,_Z,Non applicable,B,Solde (recettes moins dépenses),B6N_R,"Revenu disponible réel des ménages, net",_Z,Non applicable,,,,,,,,,,,L,Volumes chaînés,N,Données non transformées,,,,,,,F,Libre (libre pour publication),2,Two,A,Valeur normale,6,Millions,EUR,Euro
DATAFLOW,OECD.SDD.NAD:DSD_NAAG@DF_NAAG_V(1.0),NAAG Chapitre 5: Ménages,I,A,Annuelle,IRL,Irlande,B6N_R_PPP_P31S14,"Revenu disponible net réel des ménages et des ISBLSM, déflaté par la consommation finale des ménages et des ISBLSM",XDC,Monnaie nationale,NAAG_V,Part V: Households,2009,,95687.1254687971,,N,Ni corrigé des variations saisonnières ni corrigé des effets de calendrier,W,Monde,S1M,Les Ménages et ISBLSM,S1,Economie totale,_Z,Non applicable,B,Solde (recettes moins dépenses),B6N_R,"Revenu disponible réel des ménages, net",_Z,Non applicable,,,,,,,,,,,L,Volumes chaînés,N,Données non transformées,,,,,,,F,Libre (libre pour publication),2,Two,A,Valeur normale,6,Millions,EUR,Euro
DATAFLOW,OECD.SDD.NAD:DSD_NAAG@DF_NAAG_V(1.0),NAAG Chapitre 5: Ménages,I,A,Annuelle,ITA,Italie,B6N_R_PPP_P31S14,"Revenu disponible net réel des ménages et des ISBLSM, déflaté par la consommation finale des ménages et des ISBLSM",XDC,Monnaie nationale,NAAG_V,Part V: Households,2009,,1171210.5946023,,N,Ni corrigé des variations saisonnières ni corrigé des effets de calendrier,W,Monde,S1M,Les Ménages et ISBLSM,S1,Economie totale,_Z,Non applicable,B,Solde (recettes moins dépenses),B6N_R,"Revenu disponible réel des ménages, net",_Z,Non applicable,,,,,,,,,,,L,Volumes chaînés,N,Données non transformées,,,,,,,F,Libre (libre pour publication),2,Two,A,Valeur normale,6,Millions,EUR,Euro
DATAFLOW,OECD.SDD.NAD:DSD_NAAG@DF_NAAG_V(1.0),NAAG Chapitre 5: Ménages,I,A,Annuelle,LVA,Lettonie,B6N_R_PPP_P31S14,"Revenu disponible net réel des ménages et des ISBLSM, déflaté par la consommation finale des ménages et des ISBLSM",XDC,Monnaie nationale,NAAG_V,Part V: Households,2009,,13805.0961812149,,N,Ni corrigé des variations saisonnières ni corrigé des effets de calendrier,W,Monde,S1M,Les Ménages et ISBLSM,S1,Economie totale,_Z,Non applicable,B,Solde (recettes moins dépenses),B6N_R,"Revenu disponible réel des ménages, net",_Z,Non applicable,,,,,,,,,,,L,Volumes chaînés,N,Données non transformées,,,,,,,F,Libre (libre pour publication),2,Two,A,Valeur normale,6,Millions,EUR,Euro
DATAFLOW,OECD.SDD.NAD:DSD_NAAG@DF_NAAG_V(1.0),NAAG Chapitre 5: Ménages,I,A,Annuelle,LTU,Lituanie,B6N_R_PPP_P31S14,"Revenu disponible net réel des ménages et des ISBLSM, déflaté par la consommation finale des ménages et des ISBLSM",XDC,Monnaie nationale,NAAG_V,Part V: Households,2009,,21800.7115184251,,N,Ni corrigé des variations saisonnières ni corrigé des effets de calendrier,W,Monde,S1M,Les Ménages et ISBLSM,S1,Economie totale,_Z,Non applicable,B,Solde (recettes moins dépenses),B6N_R,"Revenu disponible réel des ménages, net",_Z,Non applicable,,,,,,,,,,,L,Volumes chaînés,N,Données non transformées,,,,,,,F,Libre (libre pour publication),2,Two,A,Valeur normale,6,Millions,EUR,Euro
DATAFLOW,OECD.SDD.NAD:DSD_NAAG@DF_NAAG_V(1.0),NAAG Chapitre 5: Ménages,I,A,Annuelle,LUX,Luxembourg,B6N_R_PPP_P31S14,"Revenu disponible net réel des ménages et des ISBLSM, déflaté par la consommation finale des ménages et des ISBLSM",XDC,Monnaie nationale,NAAG_V,Part V: Households,2009,,17617.4334707663,,N,Ni corrigé des variations saisonnières ni corrigé des effets de calendrier,W,Monde,S1M,Les Ménages et ISBLSM,S1,Economie totale,_Z,Non applicable,B,Solde (recettes moins dépenses),B6N_R,"Revenu disponible réel des ménages, net",_Z,Non applicable,,,,,,,,,,,L,Volumes chaînés,N,Données non transformées,,,,,,,F,Libre (libre pour publication),2,Two,A,Valeur normale,6,Millions,EUR,Euro
DATAFLOW,OECD.SDD.NAD:DSD_NAAG@DF_NAAG_V(1.0),NAAG Chapitre 5: Ménages,I,A,Annuelle,NLD,Pays-Bas,B6N_R_PPP_P31S14,"Revenu disponible net réel des ménages et des ISBLSM, déflaté par la consommation finale des ménages et des ISBLSM",XDC,Monnaie nationale,NAAG_V,Part V: Households,2009,,337587.005605676,,N,Ni corrigé des variations saisonnières ni corrigé des effets de calendrier,W,Monde,S1M,Les Ménages et ISBLSM,S1,Economie totale,_Z,Non applicable,B,Solde (recettes moins dépenses),B6N_R,"Revenu disponible réel des ménages, net",_Z,Non applicable,,,,,,,,,,,L,Volumes chaînés,N,Données non transformées,,,,,,,F,Libre (libre pour publication),2,Two,A,Valeur normale,6,Millions,EUR,Euro
DATAFLOW,OECD.SDD.NAD:DSD_NAAG@DF_NAAG_V(1.0),NAAG Chapitre 5: Ménages,I,A,Annuelle,PRT,Portugal,B6N_R_PPP_P31S14,"Revenu disponible net réel des ménages et des ISBLSM, déflaté par la consommation finale des ménages et des ISBLSM",XDC,Monnaie nationale,NAAG_V,Part V: Households,2009,,135175.122258386,,N,Ni corrigé des variations saisonnières ni corrigé des effets de calendrier,W,Monde,S1M,Les Ménages et ISBLSM,S1,Economie totale,_Z,Non applicable,B,Solde (recettes moins dépenses),B6N_R,"Revenu disponible réel des ménages, net",_Z,Non applicable,,,,,,,,,,,L,Volumes chaînés,N,Données non transformées,,,,,,,F,Libre (libre pour publication),2,Two,A,Valeur normale,6,Millions,EUR,Euro
DATAFLOW,OECD.SDD.NAD:DSD_NAAG@DF_NAAG_V(1.0),NAAG Chapitre 5: Ménages,I,A,Annuelle,SVK,République slovaque,B6N_R_PPP_P31S14,"Revenu disponible net réel des ménages et des ISBLSM, déflaté par la consommation finale des ménages et des ISBLSM",XDC,Monnaie nationale,NAAG_V,Part V: Households,2009,,43918.7783508974,,N,Ni corrigé des variations saisonnières ni corrigé des effets de calendrier,W,Monde,S1M,Les Ménages et ISBLSM,S1,Economie totale,_Z,Non applicable,B,Solde (recettes moins dépenses),B6N_R,"Revenu disponible réel des ménages, net",_Z,Non applicable,,,,,,,,,,,L,Volumes chaînés,N,Données non transformées,,,,,,,F,Libre (libre pour publication),2,Two,A,Valeur normale,6,Millions,EUR,Euro
DATAFLOW,OECD.SDD.NAD:DSD_NAAG@DF_NAAG_V(1.0),NAAG Chapitre 5: Ménages,I,A,Annuelle,SVN,Slovénie,B6N_R_PPP_P31S14,"Revenu disponible net réel des ménages et des ISBLSM, déflaté par la consommation finale des ménages et des ISBLSM",XDC,Monnaie nationale,NAAG_V,Part V: Households,2009,,22831.1034639883,,N,Ni corrigé des variations saisonnières ni corrigé des effets de calendrier,W,Monde,S1M,Les Ménages et ISBLSM,S1,Economie totale,_Z,Non applicable,B,Solde (recettes moins dépenses),B6N_R,"Revenu disponible réel des ménages, net",_Z,Non applicable,,,,,,,,,,,L,Volumes chaînés,N,Données non transformées,,,,,,,F,Libre (libre pour publication),2,Two,A,Valeur normale,6,Millions,EUR,Euro
DATAFLOW,OECD.SDD.NAD:DSD_NAAG@DF_NAAG_V(1.0),NAAG Chapitre 5: Ménages,I,A,Annuelle,ESP,Espagne,B6N_R_PPP_P31S14,"Revenu disponible net réel des ménages et des ISBLSM, déflaté par la consommation finale des ménages et des ISBLSM",XDC,Monnaie nationale,NAAG_V,Part V: Households,2009,,745123.654402674,,N,Ni corrigé des variations saisonnières ni corrigé des effets de calendrier,W,Monde,S1M,Les Ménages et ISBLSM,S1,Economie totale,_Z,Non applicable,B,Solde (recettes moins dépenses),B6N_R,"Revenu disponible réel des ménages, net",_Z,Non applicable,,,,,,,,,,,L,Volumes chaînés,N,Données non transformées,,,,,,,F,Libre (libre pour publication),2,Two,A,Valeur normale,6,Millions,EUR,Euro
DATAFLOW,OECD.SDD.NAD:DSD_NAAG@DF_NAAG_V(1.0),NAAG Chapitre 5: Ménages,I,A,Annuelle,AUT,Autriche,B6N_R_PPP_P31S14,"Revenu disponible net réel des ménages et des ISBLSM, déflaté par la consommation finale des ménages et des ISBLSM",XDC,Monnaie nationale,NAAG_V,Part V: Households,2010,,208839.934475079,,N,Ni corrigé des variations saisonnières ni corrigé des effets de calendrier,W,Monde,S1M,Les Ménages et ISBLSM,S1,Economie totale,_Z,Non applicable,B,Solde (recettes moins dépenses),B6N_R,"Revenu disponible réel des ménages, net",_Z,Non applicable,,,,,,,,,,,L,Volumes chaînés,N,Données non transformées,,,,,,,F,Libre (libre pour publication),2,Two,A,Valeur normale,6,Millions,EUR,Euro
DATAFLOW,OECD.SDD.NAD:DSD_NAAG@DF_NAAG_V(1.0),NAAG Chapitre 5: Ménages,I,A,Annuelle,BEL,Belgique,B6N_R_PPP_P31S14,"Revenu disponible net réel des ménages et des ISBLSM, déflaté par la consommation finale des ménages et des ISBLSM",XDC,Monnaie nationale,NAAG_V,Part V: Households,2010,,239988.148490077,,N,Ni corrigé des variations saisonnières ni corrigé des effets de calendrier,W,Monde,S1M,Les Ménages et ISBLSM,S1,Economie totale,_Z,Non applicable,B,Solde (recettes moins dépenses),B6N_R,"Revenu disponible réel des ménages, net",_Z,Non applicable,,,,,,,,,,,L,Volumes chaînés,N,Données non transformées,,,,,,,F,Libre (libre pour publication),2,Two,A,Valeur normale,6,Millions,EUR,Euro
DATAFLOW,OECD.SDD.NAD:DSD_NAAG@DF_NAAG_V(1.0),NAAG Chapitre 5: Ménages,I,A,Annuelle,EST,Estonie,B6N_R_PPP_P31S14,"Revenu disponible net réel des ménages et des ISBLSM, déflaté par la consommation finale des ménages et des ISBLSM",XDC,Monnaie nationale,NAAG_V,Part V: Households,2010,,10285.9428994738,,N,Ni corrigé des variations saisonnières ni corrigé des effets de calendrier,W,Monde,S1M,Les Ménages et ISBLSM,S1,Economie totale,_Z,Non applicable,B,Solde (recettes moins dépenses),B6N_R,"Revenu disponible réel des ménages, net",_Z,Non applicable,,,,,,,,,,,L,Volumes chaînés,N,Données non transformées,,,,,,,F,Libre (libre pour publication),2,Two,A,Valeur normale,6,Millions,EUR,Euro
DATAFLOW,OECD.SDD.NAD:DSD_NAAG@DF_NAAG_V(1.0),NAAG Chapitre 5: Ménages,I,A,Annuelle,FIN,Finlande,B6N_R_PPP_P31S14,"Revenu disponible net réel des ménages et des ISBLSM, déflaté par la consommation finale des ménages et des ISBLSM",XDC,Monnaie nationale,NAAG_V,Part V: Households,2010,,118423.878662416,,N,Ni corrigé des variations saisonnières ni corrigé des effets de calendrier,W,Monde,S1M,Les Ménages et ISBLSM,S1,Economie totale,_Z,Non applicable,B,Solde (recettes moins dépenses),B6N_R,"Revenu disponible réel des ménages, net",_Z,Non applicable,,,,,,,,,,,L,Volumes chaînés,N,Données non transformées,,,,,,,F,Libre (libre pour publication),2,Two,A,Valeur normale,6,Millions,EUR,Euro
DATAFLOW,OECD.SDD.NAD:DSD_NAAG@DF_NAAG_V(1.0),NAAG Chapitre 5: Ménages,I,A,Annuelle,FRA,France,B6N_R_PPP_P31S14,"Revenu disponible net réel des ménages et des ISBLSM, déflaté par la consommation finale des ménages et des ISBLSM",XDC,Monnaie nationale,NAAG_V,Part V: Households,2010,,1347839.33350224,,N,Ni corrigé des variations saisonnières ni corrigé des effets de calendrier,W,Monde,S1M,Les Ménages et ISBLSM,S1,Economie totale,_Z,Non applicable,B,Solde (recettes moins dépenses),B6N_R,"Revenu disponible réel des ménages, net",_Z,Non applicable,,,,,,,,,,,L,Volumes chaînés,N,Données non transformées,,,,,,,F,Libre (libre pour publication),2,Two,A,Valeur normale,6,Millions,EUR,Euro
DATAFLOW,OECD.SDD.NAD:DSD_NAAG@DF_NAAG_V(1.0),NAAG Chapitre 5: Ménages,I,A,Annuelle,DEU,Allemagne,B6N_R_PPP_P31S14,"Revenu disponible net réel des ménages et des ISBLSM, déflaté par la consommation finale des ménages et des ISBLSM",XDC,Monnaie nationale,NAAG_V,Part V: Households,2010,,1792530.07998125,,N,Ni corrigé des variations saisonnières ni corrigé des effets de calendrier,W,Monde,S1M,Les Ménages et ISBLSM,S1,Economie totale,_Z,Non applicable,B,Solde (recettes moins dépenses),B6N_R,"Revenu disponible réel des ménages, net",_Z,Non applicable,,,,,,,,,,,L,Volumes chaînés,N,Données non transformées,,,,,,,F,Libre (libre pour publication),2,Two,A,Valeur normale,6,Millions,EUR,Euro
DATAFLOW,OECD.SDD.NAD:DSD_NAAG@DF_NAAG_V(1.0),NAAG Chapitre 5: Ménages,I,A,Annuelle,GRC,Grèce,B6N_R_PPP_P31S14,"Revenu disponible net réel des ménages et des ISBLSM, déflaté par la consommation finale des ménages et des ISBLSM",XDC,Monnaie nationale,NAAG_V,Part V: Households,2010,,139602.402686547,,N,Ni corrigé des variations saisonnières ni corrigé des effets de calendrier,W,Monde,S1M,Les Ménages et ISBLSM,S1,Economie totale,_Z,Non applicable,B,Solde (recettes moins dépenses),B6N_R,"Revenu disponible réel des ménages, net",_Z,Non applicable,,,,,,,,,,,L,Volumes chaînés,N,Données non transformées,,,,,,,F,Libre (libre pour publication),2,Two,A,Valeur normale,6,Millions,EUR,Euro
DATAFLOW,OECD.SDD.NAD:DSD_NAAG@DF_NAAG_V(1.0),NAAG Chapitre 5: Ménages,I,A,Annuelle,IRL,Irlande,B6N_R_PPP_P31S14,"Revenu disponible net réel des ménages et des ISBLSM, déflaté par la consommation finale des ménages et des ISBLSM",XDC,Monnaie nationale,NAAG_V,Part V: Households,2010,,94021.9257484961,,N,Ni corrigé des variations saisonnières ni corrigé des effets de calendrier,W,Monde,S1M,Les Ménages et ISBLSM,S1,Economie totale,_Z,Non applicable,B,Solde (recettes moins dépenses),B6N_R,"Revenu disponible réel des ménages, net",_Z,Non applicable,,,,,,,,,,,L,Volumes chaînés,N,Données non transformées,,,,,,,F,Libre (libre pour publication),2,Two,A,Valeur normale,6,Millions,EUR,Euro
DATAFLOW,OECD.SDD.NAD:DSD_NAAG@DF_NAAG_V(1.0),NAAG Chapitre 5: Ménages,I,A,Annuelle,ITA,Italie,B6N_R_PPP_P31S14,"Revenu disponible net réel des ménages et des ISBLSM, déflaté par la consommation finale des ménages et des ISBLSM",XDC,Monnaie nationale,NAAG_V,Part V: Households,2010,,1148404.87578206,,N,Ni corrigé des variations saisonnières ni corrigé des effets de calendrier,W,Monde,S1M,Les Ménages et ISBLSM,S1,Economie totale,_Z,Non applicable,B,Solde (recettes moins dépenses),B6N_R,"Revenu disponible réel des ménages, net",_Z,Non applicable,,,,,,,,,,,L,Volumes chaînés,N,Données non transformées,,,,,,,F,Libre (libre pour publication),2,Two,A,Valeur normale,6,Millions,EUR,Euro
DATAFLOW,OECD.SDD.NAD:DSD_NAAG@DF_NAAG_V(1.0),NAAG Chapitre 5: Ménages,I,A,Annuelle,LVA,Lettonie,B6N_R_PPP_P31S14,"Revenu disponible net réel des ménages et des ISBLSM, déflaté par la consommation finale des ménages et des ISBLSM",XDC,Monnaie nationale,NAAG_V,Part V: Households,2010,,13282.5999682189,,N,Ni corrigé des variations saisonnières ni corrigé des effets de calendrier,W,Monde,S1M,Les Ménages et ISBLSM,S1,Economie totale,_Z,Non applicable,B,Solde (recettes moins dépenses),B6N_R,"Revenu disponible réel des ménages, net",_Z,Non applicable,,,,,,,,,,,L,Volumes chaînés,N,Données non transformées,,,,,,,F,Libre (libre pour publication),2,Two,A,Valeur normale,6,Millions,EUR,Euro
DATAFLOW,OECD.SDD.NAD:DSD_NAAG@DF_NAAG_V(1.0),NAAG Chapitre 5: Ménages,I,A,Annuelle,LTU,Lituanie,B6N_R_PPP_P31S14,"Revenu disponible net réel des ménages et des ISBLSM, déflaté par la consommation finale des ménages et des ISBLSM",XDC,Monnaie nationale,NAAG_V,Part V: Households,2010,,21406.786196971,,N,Ni corrigé des variations saisonnières ni corrigé des effets de calendrier,W,Monde,S1M,Les Ménages et ISBLSM,S1,Economie totale,_Z,Non applicable,B,Solde (recettes moins dépenses),B6N_R,"Revenu disponible réel des ménages, net",_Z,Non applicable,,,,,,,,,,,L,Volumes chaînés,N,Données non transformées,,,,,,,F,Libre (libre pour publication),2,Two,A,Valeur normale,6,Millions,EUR,Euro
DATAFLOW,OECD.SDD.NAD:DSD_NAAG@DF_NAAG_V(1.0),NAAG Chapitre 5: Ménages,I,A,Annuelle,LUX,Luxembourg,B6N_R_PPP_P31S14,"Revenu disponible net réel des ménages et des ISBLSM, déflaté par la consommation finale des ménages et des ISBLSM",XDC,Monnaie nationale,NAAG_V,Part V: Households,2010,,17921.2432453507,,N,Ni corrigé des variations saisonnières ni corrigé des effets de calendrier,W,Monde,S1M,Les Ménages et ISBLSM,S1,Economie totale,_Z,Non applicable,B,Solde (recettes moins dépenses),B6N_R,"Revenu disponible réel des ménages, net",_Z,Non applicable,,,,,,,,,,,L,Volumes chaînés,N,Données non transformées,,,,,,,F,Libre (libre pour publication),2,Two,A,Valeur normale,6,Millions,EUR,Euro
DATAFLOW,OECD.SDD.NAD:DSD_NAAG@DF_NAAG_V(1.0),NAAG Chapitre 5: Ménages,I,A,Annuelle,NLD,Pays-Bas,B6N_R_PPP_P31S14,"Revenu disponible net réel des ménages et des ISBLSM, déflaté par la consommation finale des ménages et des ISBLSM",XDC,Monnaie nationale,NAAG_V,Part V: Households,2010,,335502.199663964,,N,Ni corrigé des variations saisonnières ni corrigé des effets de calendrier,W,Monde,S1M,Les Ménages et ISBLSM,S1,Economie totale,_Z,Non applicable,B,Solde (recettes moins dépenses),B6N_R,"Revenu disponible réel des ménages, net",_Z,Non applicable,,,,,,,,,,,L,Volumes chaînés,N,Données non transformées,,,,,,,F,Libre (libre pour publication),2,Two,A,Valeur normale,6,Millions,EUR,Euro
DATAFLOW,OECD.SDD.NAD:DSD_NAAG@DF_NAAG_V(1.0),NAAG Chapitre 5: Ménages,I,A,Annuelle,PRT,Portugal,B6N_R_PPP_P31S14,"Revenu disponible net réel des ménages et des ISBLSM, déflaté par la consommation finale des ménages et des ISBLSM",XDC,Monnaie nationale,NAAG_V,Part V: Households,2010,,134603.815735267,,N,Ni corrigé des variations saisonnières ni corrigé des effets de calendrier,W,Monde,S1M,Les Ménages et ISBLSM,S1,Economie totale,_Z,Non applicable,B,Solde (recettes moins dépenses),B6N_R,"Revenu disponible réel des ménages, net",_Z,Non applicable,,,,,,,,,,,L,Volumes chaînés,N,Données non transformées,,,,,,,F,Libre (libre pour publication),2,Two,A,Valeur normale,6,Millions,EUR,Euro
DATAFLOW,OECD.SDD.NAD:DSD_NAAG@DF_NAAG_V(1.0),NAAG Chapitre 5: Ménages,I,A,Annuelle,SVK,République slovaque,B6N_R_PPP_P31S14,"Revenu disponible net réel des ménages et des ISBLSM, déflaté par la consommation finale des ménages et des ISBLSM",XDC,Monnaie nationale,NAAG_V,Part V: Households,2010,,45093.1374680873,,N,Ni corrigé des variations saisonnières ni corrigé des effets de calendrier,W,Monde,S1M,Les Ménages et ISBLSM,S1,Economie totale,_Z,Non applicable,B,Solde (recettes moins dépenses),B6N_R,"Revenu disponible réel des ménages, net",_Z,Non applicable,,,,,,,,,,,L,Volumes chaînés,N,Données non transformées,,,,,,,F,Libre (libre pour publication),2,Two,A,Valeur normale,6,Millions,EUR,Euro
DATAFLOW,OECD.SDD.NAD:DSD_NAAG@DF_NAAG_V(1.0),NAAG Chapitre 5: Ménages,I,A,Annuelle,SVN,Slovénie,B6N_R_PPP_P31S14,"Revenu disponible net réel des ménages et des ISBLSM, déflaté par la consommation finale des ménages et des ISBLSM",XDC,Monnaie nationale,NAAG_V,Part V: Households,2010,,22662.600069263,,N,Ni corrigé des variations saisonnières ni corrigé des effets de calendrier,W,Monde,S1M,Les Ménages et ISBLSM,S1,Economie totale,_Z,Non applicable,B,Solde (recettes moins dépenses),B6N_R,"Revenu disponible réel des ménages, net",_Z,Non applicable,,,,,,,,,,,L,Volumes chaînés,N,Données non transformées,,,,,,,F,Libre (libre pour publication),2,Two,A,Valeur normale,6,Millions,EUR,Euro
DATAFLOW,OECD.SDD.NAD:DSD_NAAG@DF_NAAG_V(1.0),NAAG Chapitre 5: Ménages,I,A,Annuelle,ESP,Espagne,B6N_R_PPP_P31S14,"Revenu disponible net réel des ménages et des ISBLSM, déflaté par la consommation finale des ménages et des ISBLSM",XDC,Monnaie nationale,NAAG_V,Part V: Households,2010,,734747.548228383,,N,Ni corrigé des variations saisonnières ni corrigé des effets de calendrier,W,Monde,S1M,Les Ménages et ISBLSM,S1,Economie totale,_Z,Non applicable,B,Solde (recettes moins dépenses),B6N_R,"Revenu disponible réel des ménages, net",_Z,Non applicable,,,,,,,,,,,L,Volumes chaînés,N,Données non transformées,,,,,,,F,Libre (libre pour publication),2,Two,A,Valeur normale,6,Millions,EUR,Euro
DATAFLOW,OECD.SDD.NAD:DSD_NAAG@DF_NAAG_V(1.0),NAAG Chapitre 5: Ménages,I,A,Annuelle,AUT,Autriche,B6N_R_PPP_P31S14,"Revenu disponible net réel des ménages et des ISBLSM, déflaté par la consommation finale des ménages et des ISBLSM",XDC,Monnaie nationale,NAAG_V,Part V: Households,2011,,205247.401556636,,N,Ni corrigé des variations saisonnières ni corrigé des effets de calendrier,W,Monde,S1M,Les Ménages et ISBLSM,S1,Economie totale,_Z,Non applicable,B,Solde (recettes moins dépenses),B6N_R,"Revenu disponible réel des ménages, net",_Z,Non applicable,,,,,,,,,,,L,Volumes chaînés,N,Données non transformées,,,,,,,F,Libre (libre pour publication),2,Two,A,Valeur normale,6,Millions,EUR,Euro
DATAFLOW,OECD.SDD.NAD:DSD_NAAG@DF_NAAG_V(1.0),NAAG Chapitre 5: Ménages,I,A,Annuelle,BEL,Belgique,B6N_R_PPP_P31S14,"Revenu disponible net réel des ménages et des ISBLSM, déflaté par la consommation finale des ménages et des ISBLSM",XDC,Monnaie nationale,NAAG_V,Part V: Households,2011,,241076.926899817,,N,Ni corrigé des variations saisonnières ni corrigé des effets de calendrier,W,Monde,S1M,Les Ménages et ISBLSM,S1,Economie totale,_Z,Non applicable,B,Solde (recettes moins dépenses),B6N_R,"Revenu disponible réel des ménages, net",_Z,Non applicable,,,,,,,,,,,L,Volumes chaînés,N,Données non transformées,,,,,,,F,Libre (libre pour publication),2,Two,A,Valeur normale,6,Millions,EUR,Euro
DATAFLOW,OECD.SDD.NAD:DSD_NAAG@DF_NAAG_V(1.0),NAAG Chapitre 5: Ménages,I,A,Annuelle,EST,Estonie,B6N_R_PPP_P31S14,"Revenu disponible net réel des ménages et des ISBLSM, déflaté par la consommation finale des ménages et des ISBLSM",XDC,Monnaie nationale,NAAG_V,Part V: Households,2011,,10626.7081553171,,N,Ni corrigé des variations saisonnières ni corrigé des effets de calendrier,W,Monde,S1M,Les Ménages et ISBLSM,S1,Economie totale,_Z,Non applicable,B,Solde (recettes moins dépenses),B6N_R,"Revenu disponible réel des ménages, net",_Z,Non applicable,,,,,,,,,,,L,Volumes chaînés,N,Données non transformées,,,,,,,F,Libre (libre pour publication),2,Two,A,Valeur normale,6,Millions,EUR,Euro
DATAFLOW,OECD.SDD.NAD:DSD_NAAG@DF_NAAG_V(1.0),NAAG Chapitre 5: Ménages,I,A,Annuelle,FIN,Finlande,B6N_R_PPP_P31S14,"Revenu disponible net réel des ménages et des ISBLSM, déflaté par la consommation finale des ménages et des ISBLSM",XDC,Monnaie nationale,NAAG_V,Part V: Households,2011,,119451.081402161,,N,Ni corrigé des variations saisonnières ni corrigé des effets de calendrier,W,Monde,S1M,Les Ménages et ISBLSM,S1,Economie totale,_Z,Non applicable,B,Solde (recettes moins dépenses),B6N_R,"Revenu disponible réel des ménages, net",_Z,Non applicable,,,,,,,,,,,L,Volumes chaînés,N,Données non transformées,,,,,,,F,Libre (libre pour publication),2,Two,A,Valeur normale,6,Millions,EUR,Euro
DATAFLOW,OECD.SDD.NAD:DSD_NAAG@DF_NAAG_V(1.0),NAAG Chapitre 5: Ménages,I,A,Annuelle,FRA,France,B6N_R_PPP_P31S14,"Revenu disponible net réel des ménages et des ISBLSM, déflaté par la consommation finale des ménages et des ISBLSM",XDC,Monnaie nationale,NAAG_V,Part V: Households,2011,,1351752.76809392,,N,Ni corrigé des variations saisonnières ni corrigé des effets de calendrier,W,Monde,S1M,Les Ménages et ISBLSM,S1,Economie totale,_Z,Non applicable,B,Solde (recettes moins dépenses),B6N_R,"Revenu disponible réel des ménages, net",_Z,Non applicable,,,,,,,,,,,L,Volumes chaînés,N,Données non transformées,,,,,,,F,Libre (libre pour publication),2,Two,A,Valeur normale,6,Millions,EUR,Euro
DATAFLOW,OECD.SDD.NAD:DSD_NAAG@DF_NAAG_V(1.0),NAAG Chapitre 5: Ménages,I,A,Annuelle,DEU,Allemagne,B6N_R_PPP_P31S14,"Revenu disponible net réel des ménages et des ISBLSM, déflaté par la consommation finale des ménages et des ISBLSM",XDC,Monnaie nationale,NAAG_V,Part V: Households,2011,,1812156.19581062,,N,Ni corrigé des variations saisonnières ni corrigé des effets de calendrier,W,Monde,S1M,Les Ménages et ISBLSM,S1,Economie totale,_Z,Non applicable,B,Solde (recettes moins dépenses),B6N_R,"Revenu disponible réel des ménages, net",_Z,Non applicable,,,,,,,,,,,L,Volumes chaînés,N,Données non transformées,,,,,,,F,Libre (libre pour publication),2,Two,A,Valeur normale,6,Millions,EUR,Euro
DATAFLOW,OECD.SDD.NAD:DSD_NAAG@DF_NAAG_V(1.0),NAAG Chapitre 5: Ménages,I,A,Annuelle,GRC,Grèce,B6N_R_PPP_P31S14,"Revenu disponible net réel des ménages et des ISBLSM, déflaté par la consommation finale des ménages et des ISBLSM",XDC,Monnaie nationale,NAAG_V,Part V: Households,2011,,122836.71263529,,N,Ni corrigé des variations saisonnières ni corrigé des effets de calendrier,W,Monde,S1M,Les Ménages et ISBLSM,S1,Economie totale,_Z,Non applicable,B,Solde (recettes moins dépenses),B6N_R,"Revenu disponible réel des ménages, net",_Z,Non applicable,,,,,,,,,,,L,Volumes chaînés,N,Données non transformées,,,,,,,F,Libre (libre pour publication),2,Two,A,Valeur normale,6,Millions,EUR,Euro
DATAFLOW,OECD.SDD.NAD:DSD_NAAG@DF_NAAG_V(1.0),NAAG Chapitre 5: Ménages,I,A,Annuelle,IRL,Irlande,B6N_R_PPP_P31S14,"Revenu disponible net réel des ménages et des ISBLSM, déflaté par la consommation finale des ménages et des ISBLSM",XDC,Monnaie nationale,NAAG_V,Part V: Households,2011,,92399.4630086787,,N,Ni corrigé des variations saisonnières ni corrigé des effets de calendrier,W,Monde,S1M,Les Ménages et ISBLSM,S1,Economie totale,_Z,Non applicable,B,Solde (recettes moins dépenses),B6N_R,"Revenu disponible réel des ménages, net",_Z,Non applicable,,,,,,,,,,,L,Volumes chaînés,N,Données non transformées,,,,,,,F,Libre (libre pour publication),2,Two,A,Valeur normale,6,Millions,EUR,Euro
DATAFLOW,OECD.SDD.NAD:DSD_NAAG@DF_NAAG_V(1.0),NAAG Chapitre 5: Ménages,I,A,Annuelle,ITA,Italie,B6N_R_PPP_P31S14,"Revenu disponible net réel des ménages et des ISBLSM, déflaté par la consommation finale des ménages et des ISBLSM",XDC,Monnaie nationale,NAAG_V,Part V: Households,2011,,1143415.34469829,,N,Ni corrigé des variations saisonnières ni corrigé des effets de calendrier,W,Monde,S1M,Les Ménages et ISBLSM,S1,Economie totale,_Z,Non applicable,B,Solde (recettes moins dépenses),B6N_R,"Revenu disponible réel des ménages, net",_Z,Non applicable,,,,,,,,,,,L,Volumes chaînés,N,Données non transformées,,,,,,,F,Libre (libre pour publication),2,Two,A,Valeur normale,6,Millions,EUR,Euro
DATAFLOW,OECD.SDD.NAD:DSD_NAAG@DF_NAAG_V(1.0),NAAG Chapitre 5: Ménages,I,A,Annuelle,LVA,Lettonie,B6N_R_PPP_P31S14,"Revenu disponible net réel des ménages et des ISBLSM, déflaté par la consommation finale des ménages et des ISBLSM",XDC,Monnaie nationale,NAAG_V,Part V: Households,2011,,12665.7157415534,,N,Ni corrigé des variations saisonnières ni corrigé des effets de calendrier,W,Monde,S1M,Les Ménages et ISBLSM,S1,Economie totale,_Z,Non applicable,B,Solde (recettes moins dépenses),B6N_R,"Revenu disponible réel des ménages, net",_Z,Non applicable,,,,,,,,,,,L,Volumes chaînés,N,Données non transformées,,,,,,,F,Libre (libre pour publication),2,Two,A,Valeur normale,6,Millions,EUR,Euro
DATAFLOW,OECD.SDD.NAD:DSD_NAAG@DF_NAAG_V(1.0),NAAG Chapitre 5: Ménages,I,A,Annuelle,LTU,Lituanie,B6N_R_PPP_P31S14,"Revenu disponible net réel des ménages et des ISBLSM, déflaté par la consommation finale des ménages et des ISBLSM",XDC,Monnaie nationale,NAAG_V,Part V: Households,2011,,21373.5430962838,,N,Ni corrigé des variations saisonnières ni corrigé des effets de calendrier,W,Monde,S1M,Les Ménages et ISBLSM,S1,Economie totale,_Z,Non applicable,B,Solde (recettes moins dépenses),B6N_R,"Revenu disponible réel des ménages, net",_Z,Non applicable,,,,,,,,,,,L,Volumes chaînés,N,Données non transformées,,,,,,,F,Libre (libre pour publication),2,Two,A,Valeur normale,6,Millions,EUR,Euro
DATAFLOW,OECD.SDD.NAD:DSD_NAAG@DF_NAAG_V(1.0),NAAG Chapitre 5: Ménages,I,A,Annuelle,LUX,Luxembourg,B6N_R_PPP_P31S14,"Revenu disponible net réel des ménages et des ISBLSM, déflaté par la consommation finale des ménages et des ISBLSM",XDC,Monnaie nationale,NAAG_V,Part V: Households,2011,,18267.0635849831,,N,Ni corrigé des variations saisonnières ni corrigé des effets de calendrier,W,Monde,S1M,Les Ménages et ISBLSM,S1,Economie totale,_Z,Non applicable,B,Solde (recettes moins dépenses),B6N_R,"Revenu disponible réel des ménages, net",_Z,Non applicable,,,,,,,,,,,L,Volumes chaînés,N,Données non transformées,,,,,,,F,Libre (libre pour publication),2,Two,A,Valeur normale,6,Millions,EUR,Euro
DATAFLOW,OECD.SDD.NAD:DSD_NAAG@DF_NAAG_V(1.0),NAAG Chapitre 5: Ménages,I,A,Annuelle,NLD,Pays-Bas,B6N_R_PPP_P31S14,"Revenu disponible net réel des ménages et des ISBLSM, déflaté par la consommation finale des ménages et des ISBLSM",XDC,Monnaie nationale,NAAG_V,Part V: Households,2011,,334717.797930725,,N,Ni corrigé des variations saisonnières ni corrigé des effets de calendrier,W,Monde,S1M,Les Ménages et ISBLSM,S1,Economie totale,_Z,Non applicable,B,Solde (recettes moins dépenses),B6N_R,"Revenu disponible réel des ménages, net",_Z,Non applicable,,,,,,,,,,,L,Volumes chaînés,N,Données non transformées,,,,,,,F,Libre (libre pour publication),2,Two,A,Valeur normale,6,Millions,EUR,Euro
DATAFLOW,OECD.SDD.NAD:DSD_NAAG@DF_NAAG_V(1.0),NAAG Chapitre 5: Ménages,I,A,Annuelle,PRT,Portugal,B6N_R_PPP_P31S14,"Revenu disponible net réel des ménages et des ISBLSM, déflaté par la consommation finale des ménages et des ISBLSM",XDC,Monnaie nationale,NAAG_V,Part V: Households,2011,,129300.911728032,,N,Ni corrigé des variations saisonnières ni corrigé des effets de calendrier,W,Monde,S1M,Les Ménages et ISBLSM,S1,Economie totale,_Z,Non applicable,B,Solde (recettes moins dépenses),B6N_R,"Revenu disponible réel des ménages, net",_Z,Non applicable,,,,,,,,,,,L,Volumes chaînés,N,Données non transformées,,,,,,,F,Libre (libre pour publication),2,Two,A,Valeur normale,6,Millions,EUR,Euro
DATAFLOW,OECD.SDD.NAD:DSD_NAAG@DF_NAAG_V(1.0),NAAG Chapitre 5: Ménages,I,A,Annuelle,SVK,République slovaque,B6N_R_PPP_P31S14,"Revenu disponible net réel des ménages et des ISBLSM, déflaté par la consommation finale des ménages et des ISBLSM",XDC,Monnaie nationale,NAAG_V,Part V: Households,2011,,43834.1492888476,,N,Ni corrigé des variations saisonnières ni corrigé des effets de calendrier,W,Monde,S1M,Les Ménages et ISBLSM,S1,Economie totale,_Z,Non applicable,B,Solde (recettes moins dépenses),B6N_R,"Revenu disponible réel des ménages, net",_Z,Non applicable,,,,,,,,,,,L,Volumes chaînés,N,Données non transformées,,,,,,,F,Libre (libre pour publication),2,Two,A,Valeur normale,6,Millions,EUR,Euro
DATAFLOW,OECD.SDD.NAD:DSD_NAAG@DF_NAAG_V(1.0),NAAG Chapitre 5: Ménages,I,A,Annuelle,SVN,Slovénie,B6N_R_PPP_P31S14,"Revenu disponible net réel des ménages et des ISBLSM, déflaté par la consommation finale des ménages et des ISBLSM",XDC,Monnaie nationale,NAAG_V,Part V: Households,2011,,22633.7129156707,,N,Ni corrigé des variations saisonnières ni corrigé des effets de calendrier,W,Monde,S1M,Les Ménages et ISBLSM,S1,Economie totale,_Z,Non applicable,B,Solde (recettes moins dépenses),B6N_R,"Revenu disponible réel des ménages, net",_Z,Non applicable,,,,,,,,,,,L,Volumes chaînés,N,Données non transformées,,,,,,,F,Libre (libre pour publication),2,Two,A,Valeur normale,6,Millions,EUR,Euro
DATAFLOW,OECD.SDD.NAD:DSD_NAAG@DF_NAAG_V(1.0),NAAG Chapitre 5: Ménages,I,A,Annuelle,ESP,Espagne,B6N_R_PPP_P31S14,"Revenu disponible net réel des ménages et des ISBLSM, déflaté par la consommation finale des ménages et des ISBLSM",XDC,Monnaie nationale,NAAG_V,Part V: Households,2011,,723889.951658492,,N,Ni corrigé des variations saisonnières ni corrigé des effets de calendrier,W,Monde,S1M,Les Ménages et ISBLSM,S1,Economie totale,_Z,Non applicable,B,Solde (recettes moins dépenses),B6N_R,"Revenu disponible réel des ménages, net",_Z,Non applicable,,,,,,,,,,,L,Volumes chaînés,N,Données non transformées,,,,,,,F,Libre (libre pour publication),2,Two,A,Valeur normale,6,Millions,EUR,Euro
DATAFLOW,OECD.SDD.NAD:DSD_NAAG@DF_NAAG_V(1.0),NAAG Chapitre 5: Ménages,I,A,Annuelle,AUT,Autriche,B6N_R_PPP_P31S14,"Revenu disponible net réel des ménages et des ISBLSM, déflaté par la consommation finale des ménages et des ISBLSM",XDC,Monnaie nationale,NAAG_V,Part V: Households,2012,,210371.290316479,,N,Ni corrigé des variations saisonnières ni corrigé des effets de calendrier,W,Monde,S1M,Les Ménages et ISBLSM,S1,Economie totale,_Z,Non applicable,B,Solde (recettes moins dépenses),B6N_R,"Revenu disponible réel des ménages, net",_Z,Non applicable,,,,,,,,,,,L,Volumes chaînés,N,Données non transformées,,,,,,,F,Libre (libre pour publication),2,Two,A,Valeur normale,6,Millions,EUR,Euro
DATAFLOW,OECD.SDD.NAD:DSD_NAAG@DF_NAAG_V(1.0),NAAG Chapitre 5: Ménages,I,A,Annuelle,BEL,Belgique,B6N_R_PPP_P31S14,"Revenu disponible net réel des ménages et des ISBLSM, déflaté par la consommation finale des ménages et des ISBLSM",XDC,Monnaie nationale,NAAG_V,Part V: Households,2012,,242064.650823761,,N,Ni corrigé des variations saisonnières ni corrigé des effets de calendrier,W,Monde,S1M,Les Ménages et ISBLSM,S1,Economie totale,_Z,Non applicable,B,Solde (recettes moins dépenses),B6N_R,"Revenu disponible réel des ménages, net",_Z,Non applicable,,,,,,,,,,,L,Volumes chaînés,N,Données non transformées,,,,,,,F,Libre (libre pour publication),2,Two,A,Valeur normale,6,Millions,EUR,Euro
DATAFLOW,OECD.SDD.NAD:DSD_NAAG@DF_NAAG_V(1.0),NAAG Chapitre 5: Ménages,I,A,Annuelle,EST,Estonie,B6N_R_PPP_P31S14,"Revenu disponible net réel des ménages et des ISBLSM, déflaté par la consommation finale des ménages et des ISBLSM",XDC,Monnaie nationale,NAAG_V,Part V: Households,2012,,10565.2974789439,,N,Ni corrigé des variations saisonnières ni corrigé des effets de calendrier,W,Monde,S1M,Les Ménages et ISBLSM,S1,Economie totale,_Z,Non applicable,B,Solde (recettes moins dépenses),B6N_R,"Revenu disponible réel des ménages, net",_Z,Non applicable,,,,,,,,,,,L,Volumes chaînés,N,Données non transformées,,,,,,,F,Libre (libre pour publication),2,Two,A,Valeur normale,6,Millions,EUR,Euro
DATAFLOW,OECD.SDD.NAD:DSD_NAAG@DF_NAAG_V(1.0),NAAG Chapitre 5: Ménages,I,A,Annuelle,FIN,Finlande,B6N_R_PPP_P31S14,"Revenu disponible net réel des ménages et des ISBLSM, déflaté par la consommation finale des ménages et des ISBLSM",XDC,Monnaie nationale,NAAG_V,Part V: Households,2012,,118958.294943509,,N,Ni corrigé des variations saisonnières ni corrigé des effets de calendrier,W,Monde,S1M,Les Ménages et ISBLSM,S1,Economie totale,_Z,Non applicable,B,Solde (recettes moins dépenses),B6N_R,"Revenu disponible réel des ménages, net",_Z,Non applicable,,,,,,,,,,,L,Volumes chaînés,N,Données non transformées,,,,,,,F,Libre (libre pour publication),2,Two,A,Valeur normale,6,Millions,EUR,Euro
DATAFLOW,OECD.SDD.NAD:DSD_NAAG@DF_NAAG_V(1.0),NAAG Chapitre 5: Ménages,I,A,Annuelle,FRA,France,B6N_R_PPP_P31S14,"Revenu disponible net réel des ménages et des ISBLSM, déflaté par la consommation finale des ménages et des ISBLSM",XDC,Monnaie nationale,NAAG_V,Part V: Households,2012,,1348685.9520201,,N,Ni corrigé des variations saisonnières ni corrigé des effets de calendrier,W,Monde,S1M,Les Ménages et ISBLSM,S1,Economie totale,_Z,Non applicable,B,Solde (recettes moins dépenses),B6N_R,"Revenu disponible réel des ménages, net",_Z,Non applicable,,,,,,,,,,,L,Volumes chaînés,N,Données non transformées,,,,,,,F,Libre (libre pour publication),2,Two,A,Valeur normale,6,Millions,EUR,Euro
DATAFLOW,OECD.SDD.NAD:DSD_NAAG@DF_NAAG_V(1.0),NAAG Chapitre 5: Ménages,I,A,Annuelle,DEU,Allemagne,B6N_R_PPP_P31S14,"Revenu disponible net réel des ménages et des ISBLSM, déflaté par la consommation finale des ménages et des ISBLSM",XDC,Monnaie nationale,NAAG_V,Part V: Households,2012,,1822585.26478436,,N,Ni corrigé des variations saisonnières ni corrigé des effets de calendrier,W,Monde,S1M,Les Ménages et ISBLSM,S1,Economie totale,_Z,Non applicable,B,Solde (recettes moins dépenses),B6N_R,"Revenu disponible réel des ménages, net",_Z,Non applicable,,,,,,,,,,,L,Volumes chaînés,N,Données non transformées,,,,,,,F,Libre (libre pour publication),2,Two,A,Valeur normale,6,Millions,EUR,Euro
DATAFLOW,OECD.SDD.NAD:DSD_NAAG@DF_NAAG_V(1.0),NAAG Chapitre 5: Ménages,I,A,Annuelle,GRC,Grèce,B6N_R_PPP_P31S14,"Revenu disponible net réel des ménages et des ISBLSM, déflaté par la consommation finale des ménages et des ISBLSM",XDC,Monnaie nationale,NAAG_V,Part V: Households,2012,,105754.358619881,,N,Ni corrigé des variations saisonnières ni corrigé des effets de calendrier,W,Monde,S1M,Les Ménages et ISBLSM,S1,Economie totale,_Z,Non applicable,B,Solde (recettes moins dépenses),B6N_R,"Revenu disponible réel des ménages, net",_Z,Non applicable,,,,,,,,,,,L,Volumes chaînés,N,Données non transformées,,,,,,,F,Libre (libre pour publication),2,Two,A,Valeur normale,6,Millions,EUR,Euro
DATAFLOW,OECD.SDD.NAD:DSD_NAAG@DF_NAAG_V(1.0),NAAG Chapitre 5: Ménages,I,A,Annuelle,IRL,Irlande,B6N_R_PPP_P31S14,"Revenu disponible net réel des ménages et des ISBLSM, déflaté par la consommation finale des ménages et des ISBLSM",XDC,Monnaie nationale,NAAG_V,Part V: Households,2012,,93358.5990745632,,N,Ni corrigé des variations saisonnières ni corrigé des effets de calendrier,W,Monde,S1M,Les Ménages et ISBLSM,S1,Economie totale,_Z,Non applicable,B,Solde (recettes moins dépenses),B6N_R,"Revenu disponible réel des ménages, net",_Z,Non applicable,,,,,,,,,,,L,Volumes chaînés,N,Données non transformées,,,,,,,F,Libre (libre pour publication),2,Two,A,Valeur normale,6,Millions,EUR,Euro
DATAFLOW,OECD.SDD.NAD:DSD_NAAG@DF_NAAG_V(1.0),NAAG Chapitre 5: Ménages,I,A,Annuelle,ITA,Italie,B6N_R_PPP_P31S14,"Revenu disponible net réel des ménages et des ISBLSM, déflaté par la consommation finale des ménages et des ISBLSM",XDC,Monnaie nationale,NAAG_V,Part V: Households,2012,,1076049.35534026,,N,Ni corrigé des variations saisonnières ni corrigé des effets de calendrier,W,Monde,S1M,Les Ménages et ISBLSM,S1,Economie totale,_Z,Non applicable,B,Solde (recettes moins dépenses),B6N_R,"Revenu disponible réel des ménages, net",_Z,Non applicable,,,,,,,,,,,L,Volumes chaînés,N,Données non transformées,,,,,,,F,Libre (libre pour publication),2,Two,A,Valeur normale,6,Millions,EUR,Euro
DATAFLOW,OECD.SDD.NAD:DSD_NAAG@DF_NAAG_V(1.0),NAAG Chapitre 5: Ménages,I,A,Annuelle,LVA,Lettonie,B6N_R_PPP_P31S14,"Revenu disponible net réel des ménages et des ISBLSM, déflaté par la consommation finale des ménages et des ISBLSM",XDC,Monnaie nationale,NAAG_V,Part V: Households,2012,,13219.3410195709,,N,Ni corrigé des variations saisonnières ni corrigé des effets de calendrier,W,Monde,S1M,Les Ménages et ISBLSM,S1,Economie totale,_Z,Non applicable,B,Solde (recettes moins dépenses),B6N_R,"Revenu disponible réel des ménages, net",_Z,Non applicable,,,,,,,,,,,L,Volumes chaînés,N,Données non transformées,,,,,,,F,Libre (libre pour publication),2,Two,A,Valeur normale,6,Millions,EUR,Euro
DATAFLOW,OECD.SDD.NAD:DSD_NAAG@DF_NAAG_V(1.0),NAAG Chapitre 5: Ménages,I,A,Annuelle,LTU,Lituanie,B6N_R_PPP_P31S14,"Revenu disponible net réel des ménages et des ISBLSM, déflaté par la consommation finale des ménages et des ISBLSM",XDC,Monnaie nationale,NAAG_V,Part V: Households,2012,,21221.7797462008,,N,Ni corrigé des variations saisonnières ni corrigé des effets de calendrier,W,Monde,S1M,Les Ménages et ISBLSM,S1,Economie totale,_Z,Non applicable,B,Solde (recettes moins dépenses),B6N_R,"Revenu disponible réel des ménages, net",_Z,Non applicable,,,,,,,,,,,L,Volumes chaînés,N,Données non transformées,,,,,,,F,Libre (libre pour publication),2,Two,A,Valeur normale,6,Millions,EUR,Euro
DATAFLOW,OECD.SDD.NAD:DSD_NAAG@DF_NAAG_V(1.0),NAAG Chapitre 5: Ménages,I,A,Annuelle,LUX,Luxembourg,B6N_R_PPP_P31S14,"Revenu disponible net réel des ménages et des ISBLSM, déflaté par la consommation finale des ménages et des ISBLSM",XDC,Monnaie nationale,NAAG_V,Part V: Households,2012,,18783.6741402541,,N,Ni corrigé des variations saisonnières ni corrigé des effets de calendrier,W,Monde,S1M,Les Ménages et ISBLSM,S1,Economie totale,_Z,Non applicable,B,Solde (recettes moins dépenses),B6N_R,"Revenu disponible réel des ménages, net",_Z,Non applicable,,,,,,,,,,,L,Volumes chaînés,N,Données non transformées,,,,,,,F,Libre (libre pour publication),2,Two,A,Valeur normale,6,Millions,EUR,Euro
DATAFLOW,OECD.SDD.NAD:DSD_NAAG@DF_NAAG_V(1.0),NAAG Chapitre 5: Ménages,I,A,Annuelle,NLD,Pays-Bas,B6N_R_PPP_P31S14,"Revenu disponible net réel des ménages et des ISBLSM, déflaté par la consommation finale des ménages et des ISBLSM",XDC,Monnaie nationale,NAAG_V,Part V: Households,2012,,332384.663379864,,N,Ni corrigé des variations saisonnières ni corrigé des effets de calendrier,W,Monde,S1M,Les Ménages et ISBLSM,S1,Economie totale,_Z,Non applicable,B,Solde (recettes moins dépenses),B6N_R,"Revenu disponible réel des ménages, net",_Z,Non applicable,,,,,,,,,,,L,Volumes chaînés,N,Données non transformées,,,,,,,F,Libre (libre pour publication),2,Two,A,Valeur normale,6,Millions,EUR,Euro
DATAFLOW,OECD.SDD.NAD:DSD_NAAG@DF_NAAG_V(1.0),NAAG Chapitre 5: Ménages,I,A,Annuelle,PRT,Portugal,B6N_R_PPP_P31S14,"Revenu disponible net réel des ménages et des ISBLSM, déflaté par la consommation finale des ménages et des ISBLSM",XDC,Monnaie nationale,NAAG_V,Part V: Households,2012,,123672.515405577,,N,Ni corrigé des variations saisonnières ni corrigé des effets de calendrier,W,Monde,S1M,Les Ménages et ISBLSM,S1,Economie totale,_Z,Non applicable,B,Solde (recettes moins dépenses),B6N_R,"Revenu disponible réel des ménages, net",_Z,Non applicable,,,,,,,,,,,L,Volumes chaînés,N,Données non transformées,,,,,,,F,Libre (libre pour publication),2,Two,A,Valeur normale,6,Millions,EUR,Euro
DATAFLOW,OECD.SDD.NAD:DSD_NAAG@DF_NAAG_V(1.0),NAAG Chapitre 5: Ménages,I,A,Annuelle,SVK,République slovaque,B6N_R_PPP_P31S14,"Revenu disponible net réel des ménages et des ISBLSM, déflaté par la consommation finale des ménages et des ISBLSM",XDC,Monnaie nationale,NAAG_V,Part V: Households,2012,,43520.6542583798,,N,Ni corrigé des variations saisonnières ni corrigé des effets de calendrier,W,Monde,S1M,Les Ménages et ISBLSM,S1,Economie totale,_Z,Non applicable,B,Solde (recettes moins dépenses),B6N_R,"Revenu disponible réel des ménages, net",_Z,Non applicable,,,,,,,,,,,L,Volumes chaînés,N,Données non transformées,,,,,,,F,Libre (libre pour publication),2,Two,A,Valeur normale,6,Millions,EUR,Euro
DATAFLOW,OECD.SDD.NAD:DSD_NAAG@DF_NAAG_V(1.0),NAAG Chapitre 5: Ménages,I,A,Annuelle,SVN,Slovénie,B6N_R_PPP_P31S14,"Revenu disponible net réel des ménages et des ISBLSM, déflaté par la consommation finale des ménages et des ISBLSM",XDC,Monnaie nationale,NAAG_V,Part V: Households,2012,,21673.6665435465,,N,Ni corrigé des variations saisonnières ni corrigé des effets de calendrier,W,Monde,S1M,Les Ménages et ISBLSM,S1,Economie totale,_Z,Non applicable,B,Solde (recettes moins dépenses),B6N_R,"Revenu disponible réel des ménages, net",_Z,Non applicable,,,,,,,,,,,L,Volumes chaînés,N,Données non transformées,,,,,,,F,Libre (libre pour publication),2,Two,A,Valeur normale,6,Millions,EUR,Euro
DATAFLOW,OECD.SDD.NAD:DSD_NAAG@DF_NAAG_V(1.0),NAAG Chapitre 5: Ménages,I,A,Annuelle,ESP,Espagne,B6N_R_PPP_P31S14,"Revenu disponible net réel des ménages et des ISBLSM, déflaté par la consommation finale des ménages et des ISBLSM",XDC,Monnaie nationale,NAAG_V,Part V: Households,2012,,673358.177987702,,N,Ni corrigé des variations saisonnières ni corrigé des effets de calendrier,W,Monde,S1M,Les Ménages et ISBLSM,S1,Economie totale,_Z,Non applicable,B,Solde (recettes moins dépenses),B6N_R,"Revenu disponible réel des ménages, net",_Z,Non applicable,,,,,,,,,,,L,Volumes chaînés,N,Données non transformées,,,,,,,F,Libre (libre pour publication),2,Two,A,Valeur normale,6,Millions,EUR,Euro
DATAFLOW,OECD.SDD.NAD:DSD_NAAG@DF_NAAG_V(1.0),NAAG Chapitre 5: Ménages,I,A,Annuelle,AUT,Autriche,B6N_R_PPP_P31S14,"Revenu disponible net réel des ménages et des ISBLSM, déflaté par la consommation finale des ménages et des ISBLSM",XDC,Monnaie nationale,NAAG_V,Part V: Households,2013,,204862.49675866,,N,Ni corrigé des variations saisonnières ni corrigé des effets de calendrier,W,Monde,S1M,Les Ménages et ISBLSM,S1,Economie totale,_Z,Non applicable,B,Solde (recettes moins dépenses),B6N_R,"Revenu disponible réel des ménages, net",_Z,Non applicable,,,,,,,,,,,L,Volumes chaînés,N,Données non transformées,,,,,,,F,Libre (libre pour publication),2,Two,A,Valeur normale,6,Millions,EUR,Euro
DATAFLOW,OECD.SDD.NAD:DSD_NAAG@DF_NAAG_V(1.0),NAAG Chapitre 5: Ménages,I,A,Annuelle,BEL,Belgique,B6N_R_PPP_P31S14,"Revenu disponible net réel des ménages et des ISBLSM, déflaté par la consommation finale des ménages et des ISBLSM",XDC,Monnaie nationale,NAAG_V,Part V: Households,2013,,241897.809291881,,N,Ni corrigé des variations saisonnières ni corrigé des effets de calendrier,W,Monde,S1M,Les Ménages et ISBLSM,S1,Economie totale,_Z,Non applicable,B,Solde (recettes moins dépenses),B6N_R,"Revenu disponible réel des ménages, net",_Z,Non applicable,,,,,,,,,,,L,Volumes chaînés,N,Données non transformées,,,,,,,F,Libre (libre pour publication),2,Two,A,Valeur normale,6,Millions,EUR,Euro
DATAFLOW,OECD.SDD.NAD:DSD_NAAG@DF_NAAG_V(1.0),NAAG Chapitre 5: Ménages,I,A,Annuelle,EST,Estonie,B6N_R_PPP_P31S14,"Revenu disponible net réel des ménages et des ISBLSM, déflaté par la consommation finale des ménages et des ISBLSM",XDC,Monnaie nationale,NAAG_V,Part V: Households,2013,,11222.3051701883,,N,Ni corrigé des variations saisonnières ni corrigé des effets de calendrier,W,Monde,S1M,Les Ménages et ISBLSM,S1,Economie totale,_Z,Non applicable,B,Solde (recettes moins dépenses),B6N_R,"Revenu disponible réel des ménages, net",_Z,Non applicable,,,,,,,,,,,L,Volumes chaînés,N,Données non transformées,,,,,,,F,Libre (libre pour publication),2,Two,A,Valeur normale,6,Millions,EUR,Euro
DATAFLOW,OECD.SDD.NAD:DSD_NAAG@DF_NAAG_V(1.0),NAAG Chapitre 5: Ménages,I,A,Annuelle,FIN,Finlande,B6N_R_PPP_P31S14,"Revenu disponible net réel des ménages et des ISBLSM, déflaté par la consommation finale des ménages et des ISBLSM",XDC,Monnaie nationale,NAAG_V,Part V: Households,2013,,118484.460286857,,N,Ni corrigé des variations saisonnières ni corrigé des effets de calendrier,W,Monde,S1M,Les Ménages et ISBLSM,S1,Economie totale,_Z,Non applicable,B,Solde (recettes moins dépenses),B6N_R,"Revenu disponible réel des ménages, net",_Z,Non applicable,,,,,,,,,,,L,Volumes chaînés,N,Données non transformées,,,,,,,F,Libre (libre pour publication),2,Two,A,Valeur normale,6,Millions,EUR,Euro
DATAFLOW,OECD.SDD.NAD:DSD_NAAG@DF_NAAG_V(1.0),NAAG Chapitre 5: Ménages,I,A,Annuelle,FRA,France,B6N_R_PPP_P31S14,"Revenu disponible net réel des ménages et des ISBLSM, déflaté par la consommation finale des ménages et des ISBLSM",XDC,Monnaie nationale,NAAG_V,Part V: Households,2013,,1335772.78670482,,N,Ni corrigé des variations saisonnières ni corrigé des effets de calendrier,W,Monde,S1M,Les Ménages et ISBLSM,S1,Economie totale,_Z,Non applicable,B,Solde (recettes moins dépenses),B6N_R,"Revenu disponible réel des ménages, net",_Z,Non applicable,,,,,,,,,,,L,Volumes chaînés,N,Données non transformées,,,,,,,F,Libre (libre pour publication),2,Two,A,Valeur normale,6,Millions,EUR,Euro
DATAFLOW,OECD.SDD.NAD:DSD_NAAG@DF_NAAG_V(1.0),NAAG Chapitre 5: Ménages,I,A,Annuelle,DEU,Allemagne,B6N_R_PPP_P31S14,"Revenu disponible net réel des ménages et des ISBLSM, déflaté par la consommation finale des ménages et des ISBLSM",XDC,Monnaie nationale,NAAG_V,Part V: Households,2013,,1817374.37069197,,N,Ni corrigé des variations saisonnières ni corrigé des effets de calendrier,W,Monde,S1M,Les Ménages et ISBLSM,S1,Economie totale,_Z,Non applicable,B,Solde (recettes moins dépenses),B6N_R,"Revenu disponible réel des ménages, net",_Z,Non applicable,,,,,,,,,,,L,Volumes chaînés,N,Données non transformées,,,,,,,F,Libre (libre pour publication),2,Two,A,Valeur normale,6,Millions,EUR,Euro
DATAFLOW,OECD.SDD.NAD:DSD_NAAG@DF_NAAG_V(1.0),NAAG Chapitre 5: Ménages,I,A,Annuelle,GRC,Grèce,B6N_R_PPP_P31S14,"Revenu disponible net réel des ménages et des ISBLSM, déflaté par la consommation finale des ménages et des ISBLSM",XDC,Monnaie nationale,NAAG_V,Part V: Households,2013,,100421.692622964,,N,Ni corrigé des variations saisonnières ni corrigé des effets de calendrier,W,Monde,S1M,Les Ménages et ISBLSM,S1,Economie totale,_Z,Non applicable,B,Solde (recettes moins dépenses),B6N_R,"Revenu disponible réel des ménages, net",_Z,Non applicable,,,,,,,,,,,L,Volumes chaînés,N,Données non transformées,,,,,,,F,Libre (libre pour publication),2,Two,A,Valeur normale,6,Millions,EUR,Euro
DATAFLOW,OECD.SDD.NAD:DSD_NAAG@DF_NAAG_V(1.0),NAAG Chapitre 5: Ménages,I,A,Annuelle,IRL,Irlande,B6N_R_PPP_P31S14,"Revenu disponible net réel des ménages et des ISBLSM, déflaté par la consommation finale des ménages et des ISBLSM",XDC,Monnaie nationale,NAAG_V,Part V: Households,2013,,91782.3533533938,,N,Ni corrigé des variations saisonnières ni corrigé des effets de calendrier,W,Monde,S1M,Les Ménages et ISBLSM,S1,Economie totale,_Z,Non applicable,B,Solde (recettes moins dépenses),B6N_R,"Revenu disponible réel des ménages, net",_Z,Non applicable,,,,,,,,,,,L,Volumes chaînés,N,Données non transformées,,,,,,,F,Libre (libre pour publication),2,Two,A,Valeur normale,6,Millions,EUR,Euro
DATAFLOW,OECD.SDD.NAD:DSD_NAAG@DF_NAAG_V(1.0),NAAG Chapitre 5: Ménages,I,A,Annuelle,ITA,Italie,B6N_R_PPP_P31S14,"Revenu disponible net réel des ménages et des ISBLSM, déflaté par la consommation finale des ménages et des ISBLSM",XDC,Monnaie nationale,NAAG_V,Part V: Households,2013,,1067316.95597151,,N,Ni corrigé des variations saisonnières ni corrigé des effets de calendrier,W,Monde,S1M,Les Ménages et ISBLSM,S1,Economie totale,_Z,Non applicable,B,Solde (recettes moins dépenses),B6N_R,"Revenu disponible réel des ménages, net",_Z,Non applicable,,,,,,,,,,,L,Volumes chaînés,N,Données non transformées,,,,,,,F,Libre (libre pour publication),2,Two,A,Valeur normale,6,Millions,EUR,Euro
DATAFLOW,OECD.SDD.NAD:DSD_NAAG@DF_NAAG_V(1.0),NAAG Chapitre 5: Ménages,I,A,Annuelle,LVA,Lettonie,B6N_R_PPP_P31S14,"Revenu disponible net réel des ménages et des ISBLSM, déflaté par la consommation finale des ménages et des ISBLSM",XDC,Monnaie nationale,NAAG_V,Part V: Households,2013,,13558.8831826172,,N,Ni corrigé des variations saisonnières ni corrigé des effets de calendrier,W,Monde,S1M,Les Ménages et ISBLSM,S1,Economie totale,_Z,Non applicable,B,Solde (recettes moins dépenses),B6N_R,"Revenu disponible réel des ménages, net",_Z,Non applicable,,,,,,,,,,,L,Volumes chaînés,N,Données non transformées,,,,,,,F,Libre (libre pour publication),2,Two,A,Valeur normale,6,Millions,EUR,Euro
DATAFLOW,OECD.SDD.NAD:DSD_NAAG@DF_NAAG_V(1.0),NAAG Chapitre 5: Ménages,I,A,Annuelle,LTU,Lituanie,B6N_R_PPP_P31S14,"Revenu disponible net réel des ménages et des ISBLSM, déflaté par la consommation finale des ménages et des ISBLSM",XDC,Monnaie nationale,NAAG_V,Part V: Households,2013,,22329.5738288906,,N,Ni corrigé des variations saisonnières ni corrigé des effets de calendrier,W,Monde,S1M,Les Ménages et ISBLSM,S1,Economie totale,_Z,Non applicable,B,Solde (recettes moins dépenses),B6N_R,"Revenu disponible réel des ménages, net",_Z,Non applicable,,,,,,,,,,,L,Volumes chaînés,N,Données non transformées,,,,,,,F,Libre (libre pour publication),2,Two,A,Valeur normale,6,Millions,EUR,Euro
DATAFLOW,OECD.SDD.NAD:DSD_NAAG@DF_NAAG_V(1.0),NAAG Chapitre 5: Ménages,I,A,Annuelle,LUX,Luxembourg,B6N_R_PPP_P31S14,"Revenu disponible net réel des ménages et des ISBLSM, déflaté par la consommation finale des ménages et des ISBLSM",XDC,Monnaie nationale,NAAG_V,Part V: Households,2013,,19654.1406484532,,N,Ni corrigé des variations saisonnières ni corrigé des effets de calendrier,W,Monde,S1M,Les Ménages et ISBLSM,S1,Economie totale,_Z,Non applicable,B,Solde (recettes moins dépenses),B6N_R,"Revenu disponible réel des ménages, net",_Z,Non applicable,,,,,,,,,,,L,Volumes chaînés,N,Données non transformées,,,,,,,F,Libre (libre pour publication),2,Two,A,Valeur normale,6,Millions,EUR,Euro
DATAFLOW,OECD.SDD.NAD:DSD_NAAG@DF_NAAG_V(1.0),NAAG Chapitre 5: Ménages,I,A,Annuelle,NLD,Pays-Bas,B6N_R_PPP_P31S14,"Revenu disponible net réel des ménages et des ISBLSM, déflaté par la consommation finale des ménages et des ISBLSM",XDC,Monnaie nationale,NAAG_V,Part V: Households,2013,,327836.98309835,,N,Ni corrigé des variations saisonnières ni corrigé des effets de calendrier,W,Monde,S1M,Les Ménages et ISBLSM,S1,Economie totale,_Z,Non applicable,B,Solde (recettes moins dépenses),B6N_R,"Revenu disponible réel des ménages, net",_Z,Non applicable,,,,,,,,,,,L,Volumes chaînés,N,Données non transformées,,,,,,,F,Libre (libre pour publication),2,Two,A,Valeur normale,6,Millions,EUR,Euro
DATAFLOW,OECD.SDD.NAD:DSD_NAAG@DF_NAAG_V(1.0),NAAG Chapitre 5: Ménages,I,A,Annuelle,PRT,Portugal,B6N_R_PPP_P31S14,"Revenu disponible net réel des ménages et des ISBLSM, déflaté par la consommation finale des ménages et des ISBLSM",XDC,Monnaie nationale,NAAG_V,Part V: Households,2013,,121402.581226647,,N,Ni corrigé des variations saisonnières ni corrigé des effets de calendrier,W,Monde,S1M,Les Ménages et ISBLSM,S1,Economie totale,_Z,Non applicable,B,Solde (recettes moins dépenses),B6N_R,"Revenu disponible réel des ménages, net",_Z,Non applicable,,,,,,,,,,,L,Volumes chaînés,N,Données non transformées,,,,,,,F,Libre (libre pour publication),2,Two,A,Valeur normale,6,Millions,EUR,Euro
DATAFLOW,OECD.SDD.NAD:DSD_NAAG@DF_NAAG_V(1.0),NAAG Chapitre 5: Ménages,I,A,Annuelle,SVK,République slovaque,B6N_R_PPP_P31S14,"Revenu disponible net réel des ménages et des ISBLSM, déflaté par la consommation finale des ménages et des ISBLSM",XDC,Monnaie nationale,NAAG_V,Part V: Households,2013,,43129.5422685717,,N,Ni corrigé des variations saisonnières ni corrigé des effets de calendrier,W,Monde,S1M,Les Ménages et ISBLSM,S1,Economie totale,_Z,Non applicable,B,Solde (recettes moins dépenses),B6N_R,"Revenu disponible réel des ménages, net",_Z,Non applicable,,,,,,,,,,,L,Volumes chaînés,N,Données non transformées,,,,,,,F,Libre (libre pour publication),2,Two,A,Valeur normale,6,Millions,EUR,Euro
DATAFLOW,OECD.SDD.NAD:DSD_NAAG@DF_NAAG_V(1.0),NAAG Chapitre 5: Ménages,I,A,Annuelle,SVN,Slovénie,B6N_R_PPP_P31S14,"Revenu disponible net réel des ménages et des ISBLSM, déflaté par la consommation finale des ménages et des ISBLSM",XDC,Monnaie nationale,NAAG_V,Part V: Households,2013,,21313.4555797547,,N,Ni corrigé des variations saisonnières ni corrigé des effets de calendrier,W,Monde,S1M,Les Ménages et ISBLSM,S1,Economie totale,_Z,Non applicable,B,Solde (recettes moins dépenses),B6N_R,"Revenu disponible réel des ménages, net",_Z,Non applicable,,,,,,,,,,,L,Volumes chaînés,N,Données non transformées,,,,,,,F,Libre (libre pour publication),2,Two,A,Valeur normale,6,Millions,EUR,Euro
DATAFLOW,OECD.SDD.NAD:DSD_NAAG@DF_NAAG_V(1.0),NAAG Chapitre 5: Ménages,I,A,Annuelle,ESP,Espagne,B6N_R_PPP_P31S14,"Revenu disponible net réel des ménages et des ISBLSM, déflaté par la consommation finale des ménages et des ISBLSM",XDC,Monnaie nationale,NAAG_V,Part V: Households,2013,,666917.930662145,,N,Ni corrigé des variations saisonnières ni corrigé des effets de calendrier,W,Monde,S1M,Les Ménages et ISBLSM,S1,Economie totale,_Z,Non applicable,B,Solde (recettes moins dépenses),B6N_R,"Revenu disponible réel des ménages, net",_Z,Non applicable,,,,,,,,,,,L,Volumes chaînés,N,Données non transformées,,,,,,,F,Libre (libre pour publication),2,Two,A,Valeur normale,6,Millions,EUR,Euro
DATAFLOW,OECD.SDD.NAD:DSD_NAAG@DF_NAAG_V(1.0),NAAG Chapitre 5: Ménages,I,A,Annuelle,AUT,Autriche,B6N_R_PPP_P31S14,"Revenu disponible net réel des ménages et des ISBLSM, déflaté par la consommation finale des ménages et des ISBLSM",XDC,Monnaie nationale,NAAG_V,Part V: Households,2014,,206171.36582384,,N,Ni corrigé des variations saisonnières ni corrigé des effets de calendrier,W,Monde,S1M,Les Ménages et ISBLSM,S1,Economie totale,_Z,Non applicable,B,Solde (recettes moins dépenses),B6N_R,"Revenu disponible réel des ménages, net",_Z,Non applicable,,,,,,,,,,,L,Volumes chaînés,N,Données non transformées,,,,,,,F,Libre (libre pour publication),2,Two,A,Valeur normale,6,Millions,EUR,Euro
DATAFLOW,OECD.SDD.NAD:DSD_NAAG@DF_NAAG_V(1.0),NAAG Chapitre 5: Ménages,I,A,Annuelle,BEL,Belgique,B6N_R_PPP_P31S14,"Revenu disponible net réel des ménages et des ISBLSM, déflaté par la consommation finale des ménages et des ISBLSM",XDC,Monnaie nationale,NAAG_V,Part V: Households,2014,,243157.521049398,,N,Ni corrigé des variations saisonnières ni corrigé des effets de calendrier,W,Monde,S1M,Les Ménages et ISBLSM,S1,Economie totale,_Z,Non applicable,B,Solde (recettes moins dépenses),B6N_R,"Revenu disponible réel des ménages, net",_Z,Non applicable,,,,,,,,,,,L,Volumes chaînés,N,Données non transformées,,,,,,,F,Libre (libre pour publication),2,Two,A,Valeur normale,6,Millions,EUR,Euro
DATAFLOW,OECD.SDD.NAD:DSD_NAAG@DF_NAAG_V(1.0),NAAG Chapitre 5: Ménages,I,A,Annuelle,EST,Estonie,B6N_R_PPP_P31S14,"Revenu disponible net réel des ménages et des ISBLSM, déflaté par la consommation finale des ménages et des ISBLSM",XDC,Monnaie nationale,NAAG_V,Part V: Households,2014,,11563.0176953061,,N,Ni corrigé des variations saisonnières ni corrigé des effets de calendrier,W,Monde,S1M,Les Ménages et ISBLSM,S1,Economie totale,_Z,Non applicable,B,Solde (recettes moins dépenses),B6N_R,"Revenu disponible réel des ménages, net",_Z,Non applicable,,,,,,,,,,,L,Volumes chaînés,N,Données non transformées,,,,,,,F,Libre (libre pour publication),2,Two,A,Valeur normale,6,Millions,EUR,Euro
DATAFLOW,OECD.SDD.NAD:DSD_NAAG@DF_NAAG_V(1.0),NAAG Chapitre 5: Ménages,I,A,Annuelle,FIN,Finlande,B6N_R_PPP_P31S14,"Revenu disponible net réel des ménages et des ISBLSM, déflaté par la consommation finale des ménages et des ISBLSM",XDC,Monnaie nationale,NAAG_V,Part V: Households,2014,,118305.406105675,,N,Ni corrigé des variations saisonnières ni corrigé des effets de calendrier,W,Monde,S1M,Les Ménages et ISBLSM,S1,Economie totale,_Z,Non applicable,B,Solde (recettes moins dépenses),B6N_R,"Revenu disponible réel des ménages, net",_Z,Non applicable,,,,,,,,,,,L,Volumes chaînés,N,Données non transformées,,,,,,,F,Libre (libre pour publication),2,Two,A,Valeur normale,6,Millions,EUR,Euro
DATAFLOW,OECD.SDD.NAD:DSD_NAAG@DF_NAAG_V(1.0),NAAG Chapitre 5: Ménages,I,A,Annuelle,FRA,France,B6N_R_PPP_P31S14,"Revenu disponible net réel des ménages et des ISBLSM, déflaté par la consommation finale des ménages et des ISBLSM",XDC,Monnaie nationale,NAAG_V,Part V: Households,2014,,1352945.19678937,,N,Ni corrigé des variations saisonnières ni corrigé des effets de calendrier,W,Monde,S1M,Les Ménages et ISBLSM,S1,Economie totale,_Z,Non applicable,B,Solde (recettes moins dépenses),B6N_R,"Revenu disponible réel des ménages, net",_Z,Non applicable,,,,,,,,,,,L,Volumes chaînés,N,Données non transformées,,,,,,,F,Libre (libre pour publication),2,Two,A,Valeur normale,6,Millions,EUR,Euro
DATAFLOW,OECD.SDD.NAD:DSD_NAAG@DF_NAAG_V(1.0),NAAG Chapitre 5: Ménages,I,A,Annuelle,DEU,Allemagne,B6N_R_PPP_P31S14,"Revenu disponible net réel des ménages et des ISBLSM, déflaté par la consommation finale des ménages et des ISBLSM",XDC,Monnaie nationale,NAAG_V,Part V: Households,2014,,1846843.74818195,,N,Ni corrigé des variations saisonnières ni corrigé des effets de calendrier,W,Monde,S1M,Les Ménages et ISBLSM,S1,Economie totale,_Z,Non applicable,B,Solde (recettes moins dépenses),B6N_R,"Revenu disponible réel des ménages, net",_Z,Non applicable,,,,,,,,,,,L,Volumes chaînés,N,Données non transformées,,,,,,,F,Libre (libre pour publication),2,Two,A,Valeur normale,6,Millions,EUR,Euro
DATAFLOW,OECD.SDD.NAD:DSD_NAAG@DF_NAAG_V(1.0),NAAG Chapitre 5: Ménages,I,A,Annuelle,GRC,Grèce,B6N_R_PPP_P31S14,"Revenu disponible net réel des ménages et des ISBLSM, déflaté par la consommation finale des ménages et des ISBLSM",XDC,Monnaie nationale,NAAG_V,Part V: Households,2014,,102896.779022157,,N,Ni corrigé des variations saisonnières ni corrigé des effets de calendrier,W,Monde,S1M,Les Ménages et ISBLSM,S1,Economie totale,_Z,Non applicable,B,Solde (recettes moins dépenses),B6N_R,"Revenu disponible réel des ménages, net",_Z,Non applicable,,,,,,,,,,,L,Volumes chaînés,N,Données non transformées,,,,,,,F,Libre (libre pour publication),2,Two,A,Valeur normale,6,Millions,EUR,Euro
DATAFLOW,OECD.SDD.NAD:DSD_NAAG@DF_NAAG_V(1.0),NAAG Chapitre 5: Ménages,I,A,Annuelle,IRL,Irlande,B6N_R_PPP_P31S14,"Revenu disponible net réel des ménages et des ISBLSM, déflaté par la consommation finale des ménages et des ISBLSM",XDC,Monnaie nationale,NAAG_V,Part V: Households,2014,,91533.4410774434,,N,Ni corrigé des variations saisonnières ni corrigé des effets de calendrier,W,Monde,S1M,Les Ménages et ISBLSM,S1,Economie totale,_Z,Non applicable,B,Solde (recettes moins dépenses),B6N_R,"Revenu disponible réel des ménages, net",_Z,Non applicable,,,,,,,,,,,L,Volumes chaînés,N,Données non transformées,,,,,,,F,Libre (libre pour publication),2,Two,A,Valeur normale,6,Millions,EUR,Euro
DATAFLOW,OECD.SDD.NAD:DSD_NAAG@DF_NAAG_V(1.0),NAAG Chapitre 5: Ménages,I,A,Annuelle,ITA,Italie,B6N_R_PPP_P31S14,"Revenu disponible net réel des ménages et des ISBLSM, déflaté par la consommation finale des ménages et des ISBLSM",XDC,Monnaie nationale,NAAG_V,Part V: Households,2014,,1073285.17252949,,N,Ni corrigé des variations saisonnières ni corrigé des effets de calendrier,W,Monde,S1M,Les Ménages et ISBLSM,S1,Economie totale,_Z,Non applicable,B,Solde (recettes moins dépenses),B6N_R,"Revenu disponible réel des ménages, net",_Z,Non applicable,,,,,,,,,,,L,Volumes chaînés,N,Données non transformées,,,,,,,F,Libre (libre pour publication),2,Two,A,Valeur normale,6,Millions,EUR,Euro
DATAFLOW,OECD.SDD.NAD:DSD_NAAG@DF_NAAG_V(1.0),NAAG Chapitre 5: Ménages,I,A,Annuelle,LVA,Lettonie,B6N_R_PPP_P31S14,"Revenu disponible net réel des ménages et des ISBLSM, déflaté par la consommation finale des ménages et des ISBLSM",XDC,Monnaie nationale,NAAG_V,Part V: Households,2014,,14082.2761638872,,N,Ni corrigé des variations saisonnières ni corrigé des effets de calendrier,W,Monde,S1M,Les Ménages et ISBLSM,S1,Economie totale,_Z,Non applicable,B,Solde (recettes moins dépenses),B6N_R,"Revenu disponible réel des ménages, net",_Z,Non applicable,,,,,,,,,,,L,Volumes chaînés,N,Données non transformées,,,,,,,F,Libre (libre pour publication),2,Two,A,Valeur normale,6,Millions,EUR,Euro
DATAFLOW,OECD.SDD.NAD:DSD_NAAG@DF_NAAG_V(1.0),NAAG Chapitre 5: Ménages,I,A,Annuelle,LTU,Lituanie,B6N_R_PPP_P31S14,"Revenu disponible net réel des ménages et des ISBLSM, déflaté par la consommation finale des ménages et des ISBLSM",XDC,Monnaie nationale,NAAG_V,Part V: Households,2014,,22874.2323913951,,N,Ni corrigé des variations saisonnières ni corrigé des effets de calendrier,W,Monde,S1M,Les Ménages et ISBLSM,S1,Economie totale,_Z,Non applicable,B,Solde (recettes moins dépenses),B6N_R,"Revenu disponible réel des ménages, net",_Z,Non applicable,,,,,,,,,,,L,Volumes chaînés,N,Données non transformées,,,,,,,F,Libre (libre pour publication),2,Two,A,Valeur normale,6,Millions,EUR,Euro
DATAFLOW,OECD.SDD.NAD:DSD_NAAG@DF_NAAG_V(1.0),NAAG Chapitre 5: Ménages,I,A,Annuelle,LUX,Luxembourg,B6N_R_PPP_P31S14,"Revenu disponible net réel des ménages et des ISBLSM, déflaté par la consommation finale des ménages et des ISBLSM",XDC,Monnaie nationale,NAAG_V,Part V: Households,2014,,20173.7451928168,,N,Ni corrigé des variations saisonnières ni corrigé des effets de calendrier,W,Monde,S1M,Les Ménages et ISBLSM,S1,Economie totale,_Z,Non applicable,B,Solde (recettes moins dépenses),B6N_R,"Revenu disponible réel des ménages, net",_Z,Non applicable,,,,,,,,,,,L,Volumes chaînés,N,Données non transformées,,,,,,,F,Libre (libre pour publication),2,Two,A,Valeur normale,6,Millions,EUR,Euro
DATAFLOW,OECD.SDD.NAD:DSD_NAAG@DF_NAAG_V(1.0),NAAG Chapitre 5: Ménages,I,A,Annuelle,NLD,Pays-Bas,B6N_R_PPP_P31S14,"Revenu disponible net réel des ménages et des ISBLSM, déflaté par la consommation finale des ménages et des ISBLSM",XDC,Monnaie nationale,NAAG_V,Part V: Households,2014,,334889.481259089,,N,Ni corrigé des variations saisonnières ni corrigé des effets de calendrier,W,Monde,S1M,Les Ménages et ISBLSM,S1,Economie totale,_Z,Non applicable,B,Solde (recettes moins dépenses),B6N_R,"Revenu disponible réel des ménages, net",_Z,Non applicable,,,,,,,,,,,L,Volumes chaînés,N,Données non transformées,,,,,,,F,Libre (libre pour publication),2,Two,A,Valeur normale,6,Millions,EUR,Euro
DATAFLOW,OECD.SDD.NAD:DSD_NAAG@DF_NAAG_V(1.0),NAAG Chapitre 5: Ménages,I,A,Annuelle,PRT,Portugal,B6N_R_PPP_P31S14,"Revenu disponible net réel des ménages et des ISBLSM, déflaté par la consommation finale des ménages et des ISBLSM",XDC,Monnaie nationale,NAAG_V,Part V: Households,2014,,120846.024760296,,N,Ni corrigé des variations saisonnières ni corrigé des effets de calendrier,W,Monde,S1M,Les Ménages et ISBLSM,S1,Economie totale,_Z,Non applicable,B,Solde (recettes moins dépenses),B6N_R,"Revenu disponible réel des ménages, net",_Z,Non applicable,,,,,,,,,,,L,Volumes chaînés,N,Données non transformées,,,,,,,F,Libre (libre pour publication),2,Two,A,Valeur normale,6,Millions,EUR,Euro
DATAFLOW,OECD.SDD.NAD:DSD_NAAG@DF_NAAG_V(1.0),NAAG Chapitre 5: Ménages,I,A,Annuelle,SVK,République slovaque,B6N_R_PPP_P31S14,"Revenu disponible net réel des ménages et des ISBLSM, déflaté par la consommation finale des ménages et des ISBLSM",XDC,Monnaie nationale,NAAG_V,Part V: Households,2014,,44341.762175139,,N,Ni corrigé des variations saisonnières ni corrigé des effets de calendrier,W,Monde,S1M,Les Ménages et ISBLSM,S1,Economie totale,_Z,Non applicable,B,Solde (recettes moins dépenses),B6N_R,"Revenu disponible réel des ménages, net",_Z,Non applicable,,,,,,,,,,,L,Volumes chaînés,N,Données non transformées,,,,,,,F,Libre (libre pour publication),2,Two,A,Valeur normale,6,Millions,EUR,Euro
DATAFLOW,OECD.SDD.NAD:DSD_NAAG@DF_NAAG_V(1.0),NAAG Chapitre 5: Ménages,I,A,Annuelle,SVN,Slovénie,B6N_R_PPP_P31S14,"Revenu disponible net réel des ménages et des ISBLSM, déflaté par la consommation finale des ménages et des ISBLSM",XDC,Monnaie nationale,NAAG_V,Part V: Households,2014,,21556.2001803517,,N,Ni corrigé des variations saisonnières ni corrigé des effets de calendrier,W,Monde,S1M,Les Ménages et ISBLSM,S1,Economie totale,_Z,Non applicable,B,Solde (recettes moins dépenses),B6N_R,"Revenu disponible réel des ménages, net",_Z,Non applicable,,,,,,,,,,,L,Volumes chaînés,N,Données non transformées,,,,,,,F,Libre (libre pour publication),2,Two,A,Valeur normale,6,Millions,EUR,Euro
DATAFLOW,OECD.SDD.NAD:DSD_NAAG@DF_NAAG_V(1.0),NAAG Chapitre 5: Ménages,I,A,Annuelle,ESP,Espagne,B6N_R_PPP_P31S14,"Revenu disponible net réel des ménages et des ISBLSM, déflaté par la consommation finale des ménages et des ISBLSM",XDC,Monnaie nationale,NAAG_V,Part V: Households,2014,,666868.848688469,,N,Ni corrigé des variations saisonnières ni corrigé des effets de calendrier,W,Monde,S1M,Les Ménages et ISBLSM,S1,Economie totale,_Z,Non applicable,B,Solde (recettes moins dépenses),B6N_R,"Revenu disponible réel des ménages, net",_Z,Non applicable,,,,,,,,,,,L,Volumes chaînés,N,Données non transformées,,,,,,,F,Libre (libre pour publication),2,Two,A,Valeur normale,6,Millions,EUR,Euro
DATAFLOW,OECD.SDD.NAD:DSD_NAAG@DF_NAAG_V(1.0),NAAG Chapitre 5: Ménages,I,A,Annuelle,AUT,Autriche,B6N_R_PPP_P31S14,"Revenu disponible net réel des ménages et des ISBLSM, déflaté par la consommation finale des ménages et des ISBLSM",XDC,Monnaie nationale,NAAG_V,Part V: Households,2015,,207735.815695893,,N,Ni corrigé des variations saisonnières ni corrigé des effets de calendrier,W,Monde,S1M,Les Ménages et ISBLSM,S1,Economie totale,_Z,Non applicable,B,Solde (recettes moins dépenses),B6N_R,"Revenu disponible réel des ménages, net",_Z,Non applicable,,,,,,,,,,,L,Volumes chaînés,N,Données non transformées,,,,,,,F,Libre (libre pour publication),2,Two,A,Valeur normale,6,Millions,EUR,Euro
DATAFLOW,OECD.SDD.NAD:DSD_NAAG@DF_NAAG_V(1.0),NAAG Chapitre 5: Ménages,I,A,Annuelle,BEL,Belgique,B6N_R_PPP_P31S14,"Revenu disponible net réel des ménages et des ISBLSM, déflaté par la consommation finale des ménages et des ISBLSM",XDC,Monnaie nationale,NAAG_V,Part V: Households,2015,,244141.337718366,,N,Ni corrigé des variations saisonnières ni corrigé des effets de calendrier,W,Monde,S1M,Les Ménages et ISBLSM,S1,Economie totale,_Z,Non applicable,B,Solde (recettes moins dépenses),B6N_R,"Revenu disponible réel des ménages, net",_Z,Non applicable,,,,,,,,,,,L,Volumes chaînés,N,Données non transformées,,,,,,,F,Libre (libre pour publication),2,Two,A,Valeur normale,6,Millions,EUR,Euro
DATAFLOW,OECD.SDD.NAD:DSD_NAAG@DF_NAAG_V(1.0),NAAG Chapitre 5: Ménages,I,A,Annuelle,EST,Estonie,B6N_R_PPP_P31S14,"Revenu disponible net réel des ménages et des ISBLSM, déflaté par la consommation finale des ménages et des ISBLSM",XDC,Monnaie nationale,NAAG_V,Part V: Households,2015,,12361.8259433539,,N,Ni corrigé des variations saisonnières ni corrigé des effets de calendrier,W,Monde,S1M,Les Ménages et ISBLSM,S1,Economie totale,_Z,Non applicable,B,Solde (recettes moins dépenses),B6N_R,"Revenu disponible réel des ménages, net",_Z,Non applicable,,,,,,,,,,,L,Volumes chaînés,N,Données non transformées,,,,,,,F,Libre (libre pour publication),2,Two,A,Valeur normale,6,Millions,EUR,Euro
DATAFLOW,OECD.SDD.NAD:DSD_NAAG@DF_NAAG_V(1.0),NAAG Chapitre 5: Ménages,I,A,Annuelle,FIN,Finlande,B6N_R_PPP_P31S14,"Revenu disponible net réel des ménages et des ISBLSM, déflaté par la consommation finale des ménages et des ISBLSM",XDC,Monnaie nationale,NAAG_V,Part V: Households,2015,,119672.509743356,,N,Ni corrigé des variations saisonnières ni corrigé des effets de calendrier,W,Monde,S1M,Les Ménages et ISBLSM,S1,Economie totale,_Z,Non applicable,B,Solde (recettes moins dépenses),B6N_R,"Revenu disponible réel des ménages, net",_Z,Non applicable,,,,,,,,,,,L,Volumes chaînés,N,Données non transformées,,,,,,,F,Libre (libre pour publication),2,Two,A,Valeur normale,6,Millions,EUR,Euro
DATAFLOW,OECD.SDD.NAD:DSD_NAAG@DF_NAAG_V(1.0),NAAG Chapitre 5: Ménages,I,A,Annuelle,FRA,France,B6N_R_PPP_P31S14,"Revenu disponible net réel des ménages et des ISBLSM, déflaté par la consommation finale des ménages et des ISBLSM",XDC,Monnaie nationale,NAAG_V,Part V: Households,2015,,1365965.96676896,,N,Ni corrigé des variations saisonnières ni corrigé des effets de calendrier,W,Monde,S1M,Les Ménages et ISBLSM,S1,Economie totale,_Z,Non applicable,B,Solde (recettes moins dépenses),B6N_R,"Revenu disponible réel des ménages, net",_Z,Non applicable,,,,,,,,,,,L,Volumes chaînés,N,Données non transformées,,,,,,,F,Libre (libre pour publication),2,Two,A,Valeur normale,6,Millions,EUR,Euro
DATAFLOW,OECD.SDD.NAD:DSD_NAAG@DF_NAAG_V(1.0),NAAG Chapitre 5: Ménages,I,A,Annuelle,DEU,Allemagne,B6N_R_PPP_P31S14,"Revenu disponible net réel des ménages et des ISBLSM, déflaté par la consommation finale des ménages et des ISBLSM",XDC,Monnaie nationale,NAAG_V,Part V: Households,2015,,1893181.76570343,,N,Ni corrigé des variations saisonnières ni corrigé des effets de calendrier,W,Monde,S1M,Les Ménages et ISBLSM,S1,Economie totale,_Z,Non applicable,B,Solde (recettes moins dépenses),B6N_R,"Revenu disponible réel des ménages, net",_Z,Non applicable,,,,,,,,,,,L,Volumes chaînés,N,Données non transformées,,,,,,,F,Libre (libre pour publication),2,Two,A,Valeur normale,6,Millions,EUR,Euro
DATAFLOW,OECD.SDD.NAD:DSD_NAAG@DF_NAAG_V(1.0),NAAG Chapitre 5: Ménages,I,A,Annuelle,GRC,Grèce,B6N_R_PPP_P31S14,"Revenu disponible net réel des ménages et des ISBLSM, déflaté par la consommation finale des ménages et des ISBLSM",XDC,Monnaie nationale,NAAG_V,Part V: Households,2015,,105805.46222753,,N,Ni corrigé des variations saisonnières ni corrigé des effets de calendrier,W,Monde,S1M,Les Ménages et ISBLSM,S1,Economie totale,_Z,Non applicable,B,Solde (recettes moins dépenses),B6N_R,"Revenu disponible réel des ménages, net",_Z,Non applicable,,,,,,,,,,,L,Volumes chaînés,N,Données non transformées,,,,,,,F,Libre (libre pour publication),2,Two,A,Valeur normale,6,Millions,EUR,Euro
DATAFLOW,OECD.SDD.NAD:DSD_NAAG@DF_NAAG_V(1.0),NAAG Chapitre 5: Ménages,I,A,Annuelle,IRL,Irlande,B6N_R_PPP_P31S14,"Revenu disponible net réel des ménages et des ISBLSM, déflaté par la consommation finale des ménages et des ISBLSM",XDC,Monnaie nationale,NAAG_V,Part V: Households,2015,,96271.7413454764,,N,Ni corrigé des variations saisonnières ni corrigé des effets de calendrier,W,Monde,S1M,Les Ménages et ISBLSM,S1,Economie totale,_Z,Non applicable,B,Solde (recettes moins dépenses),B6N_R,"Revenu disponible réel des ménages, net",_Z,Non applicable,,,,,,,,,,,L,Volumes chaînés,N,Données non transformées,,,,,,,F,Libre (libre pour publication),2,Two,A,Valeur normale,6,Millions,EUR,Euro
DATAFLOW,OECD.SDD.NAD:DSD_NAAG@DF_NAAG_V(1.0),NAAG Chapitre 5: Ménages,I,A,Annuelle,ITA,Italie,B6N_R_PPP_P31S14,"Revenu disponible net réel des ménages et des ISBLSM, déflaté par la consommation finale des ménages et des ISBLSM",XDC,Monnaie nationale,NAAG_V,Part V: Households,2015,,1085676.74114151,,N,Ni corrigé des variations saisonnières ni corrigé des effets de calendrier,W,Monde,S1M,Les Ménages et ISBLSM,S1,Economie totale,_Z,Non applicable,B,Solde (recettes moins dépenses),B6N_R,"Revenu disponible réel des ménages, net",_Z,Non applicable,,,,,,,,,,,L,Volumes chaînés,N,Données non transformées,,,,,,,F,Libre (libre pour publication),2,Two,A,Valeur normale,6,Millions,EUR,Euro
DATAFLOW,OECD.SDD.NAD:DSD_NAAG@DF_NAAG_V(1.0),NAAG Chapitre 5: Ménages,I,A,Annuelle,LVA,Lettonie,B6N_R_PPP_P31S14,"Revenu disponible net réel des ménages et des ISBLSM, déflaté par la consommation finale des ménages et des ISBLSM",XDC,Monnaie nationale,NAAG_V,Part V: Households,2015,,14856.8568835346,,N,Ni corrigé des variations saisonnières ni corrigé des effets de calendrier,W,Monde,S1M,Les Ménages et ISBLSM,S1,Economie totale,_Z,Non applicable,B,Solde (recettes moins dépenses),B6N_R,"Revenu disponible réel des ménages, net",_Z,Non applicable,,,,,,,,,,,L,Volumes chaînés,N,Données non transformées,,,,,,,F,Libre (libre pour publication),2,Two,A,Valeur normale,6,Millions,EUR,Euro
DATAFLOW,OECD.SDD.NAD:DSD_NAAG@DF_NAAG_V(1.0),NAAG Chapitre 5: Ménages,I,A,Annuelle,LTU,Lituanie,B6N_R_PPP_P31S14,"Revenu disponible net réel des ménages et des ISBLSM, déflaté par la consommation finale des ménages et des ISBLSM",XDC,Monnaie nationale,NAAG_V,Part V: Households,2015,,23981.2631350509,,N,Ni corrigé des variations saisonnières ni corrigé des effets de calendrier,W,Monde,S1M,Les Ménages et ISBLSM,S1,Economie totale,_Z,Non applicable,B,Solde (recettes moins dépenses),B6N_R,"Revenu disponible réel des ménages, net",_Z,Non applicable,,,,,,,,,,,L,Volumes chaînés,N,Données non transformées,,,,,,,F,Libre (libre pour publication),2,Two,A,Valeur normale,6,Millions,EUR,Euro
DATAFLOW,OECD.SDD.NAD:DSD_NAAG@DF_NAAG_V(1.0),NAAG Chapitre 5: Ménages,I,A,Annuelle,LUX,Luxembourg,B6N_R_PPP_P31S14,"Revenu disponible net réel des ménages et des ISBLSM, déflaté par la consommation finale des ménages et des ISBLSM",XDC,Monnaie nationale,NAAG_V,Part V: Households,2015,,20327.5787696708,,N,Ni corrigé des variations saisonnières ni corrigé des effets de calendrier,W,Monde,S1M,Les Ménages et ISBLSM,S1,Economie totale,_Z,Non applicable,B,Solde (recettes moins dépenses),B6N_R,"Revenu disponible réel des ménages, net",_Z,Non applicable,,,,,,,,,,,L,Volumes chaînés,N,Données non transformées,,,,,,,F,Libre (libre pour publication),2,Two,A,Valeur normale,6,Millions,EUR,Euro
DATAFLOW,OECD.SDD.NAD:DSD_NAAG@DF_NAAG_V(1.0),NAAG Chapitre 5: Ménages,I,A,Annuelle,NLD,Pays-Bas,B6N_R_PPP_P31S14,"Revenu disponible net réel des ménages et des ISBLSM, déflaté par la consommation finale des ménages et des ISBLSM",XDC,Monnaie nationale,NAAG_V,Part V: Households,2015,,344764.588090159,,N,Ni corrigé des variations saisonnières ni corrigé des effets de calendrier,W,Monde,S1M,Les Ménages et ISBLSM,S1,Economie totale,_Z,Non applicable,B,Solde (recettes moins dépenses),B6N_R,"Revenu disponible réel des ménages, net",_Z,Non applicable,,,,,,,,,,,L,Volumes chaînés,N,Données non transformées,,,,,,,F,Libre (libre pour publication),2,Two,A,Valeur normale,6,Millions,EUR,Euro
DATAFLOW,OECD.SDD.NAD:DSD_NAAG@DF_NAAG_V(1.0),NAAG Chapitre 5: Ménages,I,A,Annuelle,PRT,Portugal,B6N_R_PPP_P31S14,"Revenu disponible net réel des ménages et des ISBLSM, déflaté par la consommation finale des ménages et des ISBLSM",XDC,Monnaie nationale,NAAG_V,Part V: Households,2015,,124528.994146123,,N,Ni corrigé des variations saisonnières ni corrigé des effets de calendrier,W,Monde,S1M,Les Ménages et ISBLSM,S1,Economie totale,_Z,Non applicable,B,Solde (recettes moins dépenses),B6N_R,"Revenu disponible réel des ménages, net",_Z,Non applicable,,,,,,,,,,,L,Volumes chaînés,N,Données non transformées,,,,,,,F,Libre (libre pour publication),2,Two,A,Valeur normale,6,Millions,EUR,Euro
DATAFLOW,OECD.SDD.NAD:DSD_NAAG@DF_NAAG_V(1.0),NAAG Chapitre 5: Ménages,I,A,Annuelle,SVK,République slovaque,B6N_R_PPP_P31S14,"Revenu disponible net réel des ménages et des ISBLSM, déflaté par la consommation finale des ménages et des ISBLSM",XDC,Monnaie nationale,NAAG_V,Part V: Households,2015,,46826.4208638498,,N,Ni corrigé des variations saisonnières ni corrigé des effets de calendrier,W,Monde,S1M,Les Ménages et ISBLSM,S1,Economie totale,_Z,Non applicable,B,Solde (recettes moins dépenses),B6N_R,"Revenu disponible réel des ménages, net",_Z,Non applicable,,,,,,,,,,,L,Volumes chaînés,N,Données non transformées,,,,,,,F,Libre (libre pour publication),2,Two,A,Valeur normale,6,Millions,EUR,Euro
DATAFLOW,OECD.SDD.NAD:DSD_NAAG@DF_NAAG_V(1.0),NAAG Chapitre 5: Ménages,I,A,Annuelle,SVN,Slovénie,B6N_R_PPP_P31S14,"Revenu disponible net réel des ménages et des ISBLSM, déflaté par la consommation finale des ménages et des ISBLSM",XDC,Monnaie nationale,NAAG_V,Part V: Households,2015,,22112.8466772571,,N,Ni corrigé des variations saisonnières ni corrigé des effets de calendrier,W,Monde,S1M,Les Ménages et ISBLSM,S1,Economie totale,_Z,Non applicable,B,Solde (recettes moins dépenses),B6N_R,"Revenu disponible réel des ménages, net",_Z,Non applicable,,,,,,,,,,,L,Volumes chaînés,N,Données non transformées,,,,,,,F,Libre (libre pour publication),2,Two,A,Valeur normale,6,Millions,EUR,Euro
DATAFLOW,OECD.SDD.NAD:DSD_NAAG@DF_NAAG_V(1.0),NAAG Chapitre 5: Ménages,I,A,Annuelle,ESP,Espagne,B6N_R_PPP_P31S14,"Revenu disponible net réel des ménages et des ISBLSM, déflaté par la consommation finale des ménages et des ISBLSM",XDC,Monnaie nationale,NAAG_V,Part V: Households,2015,,694925.592431637,,N,Ni corrigé des variations saisonnières ni corrigé des effets de calendrier,W,Monde,S1M,Les Ménages et ISBLSM,S1,Economie totale,_Z,Non applicable,B,Solde (recettes moins dépenses),B6N_R,"Revenu disponible réel des ménages, net",_Z,Non applicable,,,,,,,,,,,L,Volumes chaînés,N,Données non transformées,,,,,,,F,Libre (libre pour publication),2,Two,A,Valeur normale,6,Millions,EUR,Euro
DATAFLOW,OECD.SDD.NAD:DSD_NAAG@DF_NAAG_V(1.0),NAAG Chapitre 5: Ménages,I,A,Annuelle,AUT,Autriche,B6N_R_PPP_P31S14,"Revenu disponible net réel des ménages et des ISBLSM, déflaté par la consommation finale des ménages et des ISBLSM",XDC,Monnaie nationale,NAAG_V,Part V: Households,2016,,213432.39995961,,N,Ni corrigé des variations saisonnières ni corrigé des effets de calendrier,W,Monde,S1M,Les Ménages et ISBLSM,S1,Economie totale,_Z,Non applicable,B,Solde (recettes moins dépenses),B6N_R,"Revenu disponible réel des ménages, net",_Z,Non applicable,,,,,,,,,,,L,Volumes chaînés,N,Données non transformées,,,,,,,F,Libre (libre pour publication),2,Two,A,Valeur normale,6,Millions,EUR,Euro
DATAFLOW,OECD.SDD.NAD:DSD_NAAG@DF_NAAG_V(1.0),NAAG Chapitre 5: Ménages,I,A,Annuelle,BEL,Belgique,B6N_R_PPP_P31S14,"Revenu disponible net réel des ménages et des ISBLSM, déflaté par la consommation finale des ménages et des ISBLSM",XDC,Monnaie nationale,NAAG_V,Part V: Households,2016,,247882.558803078,,N,Ni corrigé des variations saisonnières ni corrigé des effets de calendrier,W,Monde,S1M,Les Ménages et ISBLSM,S1,Economie totale,_Z,Non applicable,B,Solde (recettes moins dépenses),B6N_R,"Revenu disponible réel des ménages, net",_Z,Non applicable,,,,,,,,,,,L,Volumes chaînés,N,Données non transformées,,,,,,,F,Libre (libre pour publication),2,Two,A,Valeur normale,6,Millions,EUR,Euro
DATAFLOW,OECD.SDD.NAD:DSD_NAAG@DF_NAAG_V(1.0),NAAG Chapitre 5: Ménages,I,A,Annuelle,EST,Estonie,B6N_R_PPP_P31S14,"Revenu disponible net réel des ménages et des ISBLSM, déflaté par la consommation finale des ménages et des ISBLSM",XDC,Monnaie nationale,NAAG_V,Part V: Households,2016,,12775.4319181424,,N,Ni corrigé des variations saisonnières ni corrigé des effets de calendrier,W,Monde,S1M,Les Ménages et ISBLSM,S1,Economie totale,_Z,Non applicable,B,Solde (recettes moins dépenses),B6N_R,"Revenu disponible réel des ménages, net",_Z,Non applicable,,,,,,,,,,,L,Volumes chaînés,N,Données non transformées,,,,,,,F,Libre (libre pour publication),2,Two,A,Valeur normale,6,Millions,EUR,Euro
DATAFLOW,OECD.SDD.NAD:DSD_NAAG@DF_NAAG_V(1.0),NAAG Chapitre 5: Ménages,I,A,Annuelle,FIN,Finlande,B6N_R_PPP_P31S14,"Revenu disponible net réel des ménages et des ISBLSM, déflaté par la consommation finale des ménages et des ISBLSM",XDC,Monnaie nationale,NAAG_V,Part V: Households,2016,,121118.694800474,,N,Ni corrigé des variations saisonnières ni corrigé des effets de calendrier,W,Monde,S1M,Les Ménages et ISBLSM,S1,Economie totale,_Z,Non applicable,B,Solde (recettes moins dépenses),B6N_R,"Revenu disponible réel des ménages, net",_Z,Non applicable,,,,,,,,,,,L,Volumes chaînés,N,Données non transformées,,,,,,,F,Libre (libre pour publication),2,Two,A,Valeur normale,6,Millions,EUR,Euro
DATAFLOW,OECD.SDD.NAD:DSD_NAAG@DF_NAAG_V(1.0),NAAG Chapitre 5: Ménages,I,A,Annuelle,FRA,France,B6N_R_PPP_P31S14,"Revenu disponible net réel des ménages et des ISBLSM, déflaté par la consommation finale des ménages et des ISBLSM",XDC,Monnaie nationale,NAAG_V,Part V: Households,2016,,1386437.78210236,,N,Ni corrigé des variations saisonnières ni corrigé des effets de calendrier,W,Monde,S1M,Les Ménages et ISBLSM,S1,Economie totale,_Z,Non applicable,B,Solde (recettes moins dépenses),B6N_R,"Revenu disponible réel des ménages, net",_Z,Non applicable,,,,,,,,,,,L,Volumes chaînés,N,Données non transformées,,,,,,,F,Libre (libre pour publication),2,Two,A,Valeur normale,6,Millions,EUR,Euro
DATAFLOW,OECD.SDD.NAD:DSD_NAAG@DF_NAAG_V(1.0),NAAG Chapitre 5: Ménages,I,A,Annuelle,DEU,Allemagne,B6N_R_PPP_P31S14,"Revenu disponible net réel des ménages et des ISBLSM, déflaté par la consommation finale des ménages et des ISBLSM",XDC,Monnaie nationale,NAAG_V,Part V: Households,2016,,1935798.49591384,,N,Ni corrigé des variations saisonnières ni corrigé des effets de calendrier,W,Monde,S1M,Les Ménages et ISBLSM,S1,Economie totale,_Z,Non applicable,B,Solde (recettes moins dépenses),B6N_R,"Revenu disponible réel des ménages, net",_Z,Non applicable,,,,,,,,,,,L,Volumes chaînés,N,Données non transformées,,,,,,,F,Libre (libre pour publication),2,Two,A,Valeur normale,6,Millions,EUR,Euro
DATAFLOW,OECD.SDD.NAD:DSD_NAAG@DF_NAAG_V(1.0),NAAG Chapitre 5: Ménages,I,A,Annuelle,GRC,Grèce,B6N_R_PPP_P31S14,"Revenu disponible net réel des ménages et des ISBLSM, déflaté par la consommation finale des ménages et des ISBLSM",XDC,Monnaie nationale,NAAG_V,Part V: Households,2016,,105797.022169057,,N,Ni corrigé des variations saisonnières ni corrigé des effets de calendrier,W,Monde,S1M,Les Ménages et ISBLSM,S1,Economie totale,_Z,Non applicable,B,Solde (recettes moins dépenses),B6N_R,"Revenu disponible réel des ménages, net",_Z,Non applicable,,,,,,,,,,,L,Volumes chaînés,N,Données non transformées,,,,,,,F,Libre (libre pour publication),2,Two,A,Valeur normale,6,Millions,EUR,Euro
DATAFLOW,OECD.SDD.NAD:DSD_NAAG@DF_NAAG_V(1.0),NAAG Chapitre 5: Ménages,I,A,Annuelle,IRL,Irlande,B6N_R_PPP_P31S14,"Revenu disponible net réel des ménages et des ISBLSM, déflaté par la consommation finale des ménages et des ISBLSM",XDC,Monnaie nationale,NAAG_V,Part V: Households,2016,,100487.684813221,,N,Ni corrigé des variations saisonnières ni corrigé des effets de calendrier,W,Monde,S1M,Les Ménages et ISBLSM,S1,Economie totale,_Z,Non applicable,B,Solde (recettes moins dépenses),B6N_R,"Revenu disponible réel des ménages, net",_Z,Non applicable,,,,,,,,,,,L,Volumes chaînés,N,Données non transformées,,,,,,,F,Libre (libre pour publication),2,Two,A,Valeur normale,6,Millions,EUR,Euro
DATAFLOW,OECD.SDD.NAD:DSD_NAAG@DF_NAAG_V(1.0),NAAG Chapitre 5: Ménages,I,A,Annuelle,ITA,Italie,B6N_R_PPP_P31S14,"Revenu disponible net réel des ménages et des ISBLSM, déflaté par la consommation finale des ménages et des ISBLSM",XDC,Monnaie nationale,NAAG_V,Part V: Households,2016,,1094579.90960523,,N,Ni corrigé des variations saisonnières ni corrigé des effets de calendrier,W,Monde,S1M,Les Ménages et ISBLSM,S1,Economie totale,_Z,Non applicable,B,Solde (recettes moins dépenses),B6N_R,"Revenu disponible réel des ménages, net",_Z,Non applicable,,,,,,,,,,,L,Volumes chaînés,N,Données non transformées,,,,,,,F,Libre (libre pour publication),2,Two,A,Valeur normale,6,Millions,EUR,Euro
DATAFLOW,OECD.SDD.NAD:DSD_NAAG@DF_NAAG_V(1.0),NAAG Chapitre 5: Ménages,I,A,Annuelle,LVA,Lettonie,B6N_R_PPP_P31S14,"Revenu disponible net réel des ménages et des ISBLSM, déflaté par la consommation finale des ménages et des ISBLSM",XDC,Monnaie nationale,NAAG_V,Part V: Households,2016,,15536.1307458182,,N,Ni corrigé des variations saisonnières ni corrigé des effets de calendrier,W,Monde,S1M,Les Ménages et ISBLSM,S1,Economie totale,_Z,Non applicable,B,Solde (recettes moins dépenses),B6N_R,"Revenu disponible réel des ménages, net",_Z,Non applicable,,,,,,,,,,,L,Volumes chaînés,N,Données non transformées,,,,,,,F,Libre (libre pour publication),2,Two,A,Valeur normale,6,Millions,EUR,Euro
DATAFLOW,OECD.SDD.NAD:DSD_NAAG@DF_NAAG_V(1.0),NAAG Chapitre 5: Ménages,I,A,Annuelle,LTU,Lituanie,B6N_R_PPP_P31S14,"Revenu disponible net réel des ménages et des ISBLSM, déflaté par la consommation finale des ménages et des ISBLSM",XDC,Monnaie nationale,NAAG_V,Part V: Households,2016,,25615.5096387006,,N,Ni corrigé des variations saisonnières ni corrigé des effets de calendrier,W,Monde,S1M,Les Ménages et ISBLSM,S1,Economie totale,_Z,Non applicable,B,Solde (recettes moins dépenses),B6N_R,"Revenu disponible réel des ménages, net",_Z,Non applicable,,,,,,,,,,,L,Volumes chaînés,N,Données non transformées,,,,,,,F,Libre (libre pour publication),2,Two,A,Valeur normale,6,Millions,EUR,Euro
DATAFLOW,OECD.SDD.NAD:DSD_NAAG@DF_NAAG_V(1.0),NAAG Chapitre 5: Ménages,I,A,Annuelle,LUX,Luxembourg,B6N_R_PPP_P31S14,"Revenu disponible net réel des ménages et des ISBLSM, déflaté par la consommation finale des ménages et des ISBLSM",XDC,Monnaie nationale,NAAG_V,Part V: Households,2016,,20692.3471234785,,N,Ni corrigé des variations saisonnières ni corrigé des effets de calendrier,W,Monde,S1M,Les Ménages et ISBLSM,S1,Economie totale,_Z,Non applicable,B,Solde (recettes moins dépenses),B6N_R,"Revenu disponible réel des ménages, net",_Z,Non applicable,,,,,,,,,,,L,Volumes chaînés,N,Données non transformées,,,,,,,F,Libre (libre pour publication),2,Two,A,Valeur normale,6,Millions,EUR,Euro
DATAFLOW,OECD.SDD.NAD:DSD_NAAG@DF_NAAG_V(1.0),NAAG Chapitre 5: Ménages,I,A,Annuelle,NLD,Pays-Bas,B6N_R_PPP_P31S14,"Revenu disponible net réel des ménages et des ISBLSM, déflaté par la consommation finale des ménages et des ISBLSM",XDC,Monnaie nationale,NAAG_V,Part V: Households,2016,,355128.637847555,,N,Ni corrigé des variations saisonnières ni corrigé des effets de calendrier,W,Monde,S1M,Les Ménages et ISBLSM,S1,Economie totale,_Z,Non applicable,B,Solde (recettes moins dépenses),B6N_R,"Revenu disponible réel des ménages, net",_Z,Non applicable,,,,,,,,,,,L,Volumes chaînés,N,Données non transformées,,,,,,,F,Libre (libre pour publication),2,Two,A,Valeur normale,6,Millions,EUR,Euro
DATAFLOW,OECD.SDD.NAD:DSD_NAAG@DF_NAAG_V(1.0),NAAG Chapitre 5: Ménages,I,A,Annuelle,PRT,Portugal,B6N_R_PPP_P31S14,"Revenu disponible net réel des ménages et des ISBLSM, déflaté par la consommation finale des ménages et des ISBLSM",XDC,Monnaie nationale,NAAG_V,Part V: Households,2016,,127038.177575062,,N,Ni corrigé des variations saisonnières ni corrigé des effets de calendrier,W,Monde,S1M,Les Ménages et ISBLSM,S1,Economie totale,_Z,Non applicable,B,Solde (recettes moins dépenses),B6N_R,"Revenu disponible réel des ménages, net",_Z,Non applicable,,,,,,,,,,,L,Volumes chaînés,N,Données non transformées,,,,,,,F,Libre (libre pour publication),2,Two,A,Valeur normale,6,Millions,EUR,Euro
DATAFLOW,OECD.SDD.NAD:DSD_NAAG@DF_NAAG_V(1.0),NAAG Chapitre 5: Ménages,I,A,Annuelle,SVK,République slovaque,B6N_R_PPP_P31S14,"Revenu disponible net réel des ménages et des ISBLSM, déflaté par la consommation finale des ménages et des ISBLSM",XDC,Monnaie nationale,NAAG_V,Part V: Households,2016,,48373.1726757171,,N,Ni corrigé des variations saisonnières ni corrigé des effets de calendrier,W,Monde,S1M,Les Ménages et ISBLSM,S1,Economie totale,_Z,Non applicable,B,Solde (recettes moins dépenses),B6N_R,"Revenu disponible réel des ménages, net",_Z,Non applicable,,,,,,,,,,,L,Volumes chaînés,N,Données non transformées,,,,,,,F,Libre (libre pour publication),2,Two,A,Valeur normale,6,Millions,EUR,Euro
DATAFLOW,OECD.SDD.NAD:DSD_NAAG@DF_NAAG_V(1.0),NAAG Chapitre 5: Ménages,I,A,Annuelle,SVN,Slovénie,B6N_R_PPP_P31S14,"Revenu disponible net réel des ménages et des ISBLSM, déflaté par la consommation finale des ménages et des ISBLSM",XDC,Monnaie nationale,NAAG_V,Part V: Households,2016,,23215.2341206641,,N,Ni corrigé des variations saisonnières ni corrigé des effets de calendrier,W,Monde,S1M,Les Ménages et ISBLSM,S1,Economie totale,_Z,Non applicable,B,Solde (recettes moins dépenses),B6N_R,"Revenu disponible réel des ménages, net",_Z,Non applicable,,,,,,,,,,,L,Volumes chaînés,N,Données non transformées,,,,,,,F,Libre (libre pour publication),2,Two,A,Valeur normale,6,Millions,EUR,Euro
DATAFLOW,OECD.SDD.NAD:DSD_NAAG@DF_NAAG_V(1.0),NAAG Chapitre 5: Ménages,I,A,Annuelle,ESP,Espagne,B6N_R_PPP_P31S14,"Revenu disponible net réel des ménages et des ISBLSM, déflaté par la consommation finale des ménages et des ISBLSM",XDC,Monnaie nationale,NAAG_V,Part V: Households,2016,,711585.811264342,,N,Ni corrigé des variations saisonnières ni corrigé des effets de calendrier,W,Monde,S1M,Les Ménages et ISBLSM,S1,Economie totale,_Z,Non applicable,B,Solde (recettes moins dépenses),B6N_R,"Revenu disponible réel des ménages, net",_Z,Non applicable,,,,,,,,,,,L,Volumes chaînés,N,Données non transformées,,,,,,,F,Libre (libre pour publication),2,Two,A,Valeur normale,6,Millions,EUR,Euro
DATAFLOW,OECD.SDD.NAD:DSD_NAAG@DF_NAAG_V(1.0),NAAG Chapitre 5: Ménages,I,A,Annuelle,AUT,Autriche,B6N_R_PPP_P31S14,"Revenu disponible net réel des ménages et des ISBLSM, déflaté par la consommation finale des ménages et des ISBLSM",XDC,Monnaie nationale,NAAG_V,Part V: Households,2017,,215307.430772365,,N,Ni corrigé des variations saisonnières ni corrigé des effets de calendrier,W,Monde,S1M,Les Ménages et ISBLSM,S1,Economie totale,_Z,Non applicable,B,Solde (recettes moins dépenses),B6N_R,"Revenu disponible réel des ménages, net",_Z,Non applicable,,,,,,,,,,,L,Volumes chaînés,N,Données non transformées,,,,,,,F,Libre (libre pour publication),2,Two,A,Valeur normale,6,Millions,EUR,Euro
DATAFLOW,OECD.SDD.NAD:DSD_NAAG@DF_NAAG_V(1.0),NAAG Chapitre 5: Ménages,I,A,Annuelle,BEL,Belgique,B6N_R_PPP_P31S14,"Revenu disponible net réel des ménages et des ISBLSM, déflaté par la consommation finale des ménages et des ISBLSM",XDC,Monnaie nationale,NAAG_V,Part V: Households,2017,,251776.634929734,,N,Ni corrigé des variations saisonnières ni corrigé des effets de calendrier,W,Monde,S1M,Les Ménages et ISBLSM,S1,Economie totale,_Z,Non applicable,B,Solde (recettes moins dépenses),B6N_R,"Revenu disponible réel des ménages, net",_Z,Non applicable,,,,,,,,,,,L,Volumes chaînés,N,Données non transformées,,,,,,,F,Libre (libre pour publication),2,Two,A,Valeur normale,6,Millions,EUR,Euro
DATAFLOW,OECD.SDD.NAD:DSD_NAAG@DF_NAAG_V(1.0),NAAG Chapitre 5: Ménages,I,A,Annuelle,EST,Estonie,B6N_R_PPP_P31S14,"Revenu disponible net réel des ménages et des ISBLSM, déflaté par la consommation finale des ménages et des ISBLSM",XDC,Monnaie nationale,NAAG_V,Part V: Households,2017,,13138.9482692032,,N,Ni corrigé des variations saisonnières ni corrigé des effets de calendrier,W,Monde,S1M,Les Ménages et ISBLSM,S1,Economie totale,_Z,Non applicable,B,Solde (recettes moins dépenses),B6N_R,"Revenu disponible réel des ménages, net",_Z,Non applicable,,,,,,,,,,,L,Volumes chaînés,N,Données non transformées,,,,,,,F,Libre (libre pour publication),2,Two,A,Valeur normale,6,Millions,EUR,Euro
DATAFLOW,OECD.SDD.NAD:DSD_NAAG@DF_NAAG_V(1.0),NAAG Chapitre 5: Ménages,I,A,Annuelle,FIN,Finlande,B6N_R_PPP_P31S14,"Revenu disponible net réel des ménages et des ISBLSM, déflaté par la consommation finale des ménages et des ISBLSM",XDC,Monnaie nationale,NAAG_V,Part V: Households,2017,,122440.129668559,,N,Ni corrigé des variations saisonnières ni corrigé des effets de calendrier,W,Monde,S1M,Les Ménages et ISBLSM,S1,Economie totale,_Z,Non applicable,B,Solde (recettes moins dépenses),B6N_R,"Revenu disponible réel des ménages, net",_Z,Non applicable,,,,,,,,,,,L,Volumes chaînés,N,Données non transformées,,,,,,,F,Libre (libre pour publication),2,Two,A,Valeur normale,6,Millions,EUR,Euro
DATAFLOW,OECD.SDD.NAD:DSD_NAAG@DF_NAAG_V(1.0),NAAG Chapitre 5: Ménages,I,A,Annuelle,FRA,France,B6N_R_PPP_P31S14,"Revenu disponible net réel des ménages et des ISBLSM, déflaté par la consommation finale des ménages et des ISBLSM",XDC,Monnaie nationale,NAAG_V,Part V: Households,2017,,1409360.20308272,,N,Ni corrigé des variations saisonnières ni corrigé des effets de calendrier,W,Monde,S1M,Les Ménages et ISBLSM,S1,Economie totale,_Z,Non applicable,B,Solde (recettes moins dépenses),B6N_R,"Revenu disponible réel des ménages, net",_Z,Non applicable,,,,,,,,,,,L,Volumes chaînés,N,Données non transformées,,,,,,,F,Libre (libre pour publication),2,Two,A,Valeur normale,6,Millions,EUR,Euro
DATAFLOW,OECD.SDD.NAD:DSD_NAAG@DF_NAAG_V(1.0),NAAG Chapitre 5: Ménages,I,A,Annuelle,DEU,Allemagne,B6N_R_PPP_P31S14,"Revenu disponible net réel des ménages et des ISBLSM, déflaté par la consommation finale des ménages et des ISBLSM",XDC,Monnaie nationale,NAAG_V,Part V: Households,2017,,1970637.89951547,,N,Ni corrigé des variations saisonnières ni corrigé des effets de calendrier,W,Monde,S1M,Les Ménages et ISBLSM,S1,Economie totale,_Z,Non applicable,B,Solde (recettes moins dépenses),B6N_R,"Revenu disponible réel des ménages, net",_Z,Non applicable,,,,,,,,,,,L,Volumes chaînés,N,Données non transformées,,,,,,,F,Libre (libre pour publication),2,Two,A,Valeur normale,6,Millions,EUR,Euro
DATAFLOW,OECD.SDD.NAD:DSD_NAAG@DF_NAAG_V(1.0),NAAG Chapitre 5: Ménages,I,A,Annuelle,GRC,Grèce,B6N_R_PPP_P31S14,"Revenu disponible net réel des ménages et des ISBLSM, déflaté par la consommation finale des ménages et des ISBLSM",XDC,Monnaie nationale,NAAG_V,Part V: Households,2017,,106764.928138751,,N,Ni corrigé des variations saisonnières ni corrigé des effets de calendrier,W,Monde,S1M,Les Ménages et ISBLSM,S1,Economie totale,_Z,Non applicable,B,Solde (recettes moins dépenses),B6N_R,"Revenu disponible réel des ménages, net",_Z,Non applicable,,,,,,,,,,,L,Volumes chaînés,N,Données non transformées,,,,,,,F,Libre (libre pour publication),2,Two,A,Valeur normale,6,Millions,EUR,Euro
DATAFLOW,OECD.SDD.NAD:DSD_NAAG@DF_NAAG_V(1.0),NAAG Chapitre 5: Ménages,I,A,Annuelle,IRL,Irlande,B6N_R_PPP_P31S14,"Revenu disponible net réel des ménages et des ISBLSM, déflaté par la consommation finale des ménages et des ISBLSM",XDC,Monnaie nationale,NAAG_V,Part V: Households,2017,,106222.053617815,,N,Ni corrigé des variations saisonnières ni corrigé des effets de calendrier,W,Monde,S1M,Les Ménages et ISBLSM,S1,Economie totale,_Z,Non applicable,B,Solde (recettes moins dépenses),B6N_R,"Revenu disponible réel des ménages, net",_Z,Non applicable,,,,,,,,,,,L,Volumes chaînés,N,Données non transformées,,,,,,,F,Libre (libre pour publication),2,Two,A,Valeur normale,6,Millions,EUR,Euro
DATAFLOW,OECD.SDD.NAD:DSD_NAAG@DF_NAAG_V(1.0),NAAG Chapitre 5: Ménages,I,A,Annuelle,ITA,Italie,B6N_R_PPP_P31S14,"Revenu disponible net réel des ménages et des ISBLSM, déflaté par la consommation finale des ménages et des ISBLSM",XDC,Monnaie nationale,NAAG_V,Part V: Households,2017,,1104080.05043963,,N,Ni corrigé des variations saisonnières ni corrigé des effets de calendrier,W,Monde,S1M,Les Ménages et ISBLSM,S1,Economie totale,_Z,Non applicable,B,Solde (recettes moins dépenses),B6N_R,"Revenu disponible réel des ménages, net",_Z,Non applicable,,,,,,,,,,,L,Volumes chaînés,N,Données non transformées,,,,,,,F,Libre (libre pour publication),2,Two,A,Valeur normale,6,Millions,EUR,Euro
DATAFLOW,OECD.SDD.NAD:DSD_NAAG@DF_NAAG_V(1.0),NAAG Chapitre 5: Ménages,I,A,Annuelle,LVA,Lettonie,B6N_R_PPP_P31S14,"Revenu disponible net réel des ménages et des ISBLSM, déflaté par la consommation finale des ménages et des ISBLSM",XDC,Monnaie nationale,NAAG_V,Part V: Households,2017,,16115.3917718947,,N,Ni corrigé des variations saisonnières ni corrigé des effets de calendrier,W,Monde,S1M,Les Ménages et ISBLSM,S1,Economie totale,_Z,Non applicable,B,Solde (recettes moins dépenses),B6N_R,"Revenu disponible réel des ménages, net",_Z,Non applicable,,,,,,,,,,,L,Volumes chaînés,N,Données non transformées,,,,,,,F,Libre (libre pour publication),2,Two,A,Valeur normale,6,Millions,EUR,Euro
DATAFLOW,OECD.SDD.NAD:DSD_NAAG@DF_NAAG_V(1.0),NAAG Chapitre 5: Ménages,I,A,Annuelle,LTU,Lituanie,B6N_R_PPP_P31S14,"Revenu disponible net réel des ménages et des ISBLSM, déflaté par la consommation finale des ménages et des ISBLSM",XDC,Monnaie nationale,NAAG_V,Part V: Households,2017,,24901.1362872707,,N,Ni corrigé des variations saisonnières ni corrigé des effets de calendrier,W,Monde,S1M,Les Ménages et ISBLSM,S1,Economie totale,_Z,Non applicable,B,Solde (recettes moins dépenses),B6N_R,"Revenu disponible réel des ménages, net",_Z,Non applicable,,,,,,,,,,,L,Volumes chaînés,N,Données non transformées,,,,,,,F,Libre (libre pour publication),2,Two,A,Valeur normale,6,Millions,EUR,Euro
DATAFLOW,OECD.SDD.NAD:DSD_NAAG@DF_NAAG_V(1.0),NAAG Chapitre 5: Ménages,I,A,Annuelle,LUX,Luxembourg,B6N_R_PPP_P31S14,"Revenu disponible net réel des ménages et des ISBLSM, déflaté par la consommation finale des ménages et des ISBLSM",XDC,Monnaie nationale,NAAG_V,Part V: Households,2017,,21669.7583838948,,N,Ni corrigé des variations saisonnières ni corrigé des effets de calendrier,W,Monde,S1M,Les Ménages et ISBLSM,S1,Economie totale,_Z,Non applicable,B,Solde (recettes moins dépenses),B6N_R,"Revenu disponible réel des ménages, net",_Z,Non applicable,,,,,,,,,,,L,Volumes chaînés,N,Données non transformées,,,,,,,F,Libre (libre pour publication),2,Two,A,Valeur normale,6,Millions,EUR,Euro
DATAFLOW,OECD.SDD.NAD:DSD_NAAG@DF_NAAG_V(1.0),NAAG Chapitre 5: Ménages,I,A,Annuelle,NLD,Pays-Bas,B6N_R_PPP_P31S14,"Revenu disponible net réel des ménages et des ISBLSM, déflaté par la consommation finale des ménages et des ISBLSM",XDC,Monnaie nationale,NAAG_V,Part V: Households,2017,,357305.362820964,,N,Ni corrigé des variations saisonnières ni corrigé des effets de calendrier,W,Monde,S1M,Les Ménages et ISBLSM,S1,Economie totale,_Z,Non applicable,B,Solde (recettes moins dépenses),B6N_R,"Revenu disponible réel des ménages, net",_Z,Non applicable,,,,,,,,,,,L,Volumes chaînés,N,Données non transformées,,,,,,,F,Libre (libre pour publication),2,Two,A,Valeur normale,6,Millions,EUR,Euro
DATAFLOW,OECD.SDD.NAD:DSD_NAAG@DF_NAAG_V(1.0),NAAG Chapitre 5: Ménages,I,A,Annuelle,PRT,Portugal,B6N_R_PPP_P31S14,"Revenu disponible net réel des ménages et des ISBLSM, déflaté par la consommation finale des ménages et des ISBLSM",XDC,Monnaie nationale,NAAG_V,Part V: Households,2017,,127928.568728241,,N,Ni corrigé des variations saisonnières ni corrigé des effets de calendrier,W,Monde,S1M,Les Ménages et ISBLSM,S1,Economie totale,_Z,Non applicable,B,Solde (recettes moins dépenses),B6N_R,"Revenu disponible réel des ménages, net",_Z,Non applicable,,,,,,,,,,,L,Volumes chaînés,N,Données non transformées,,,,,,,F,Libre (libre pour publication),2,Two,A,Valeur normale,6,Millions,EUR,Euro
DATAFLOW,OECD.SDD.NAD:DSD_NAAG@DF_NAAG_V(1.0),NAAG Chapitre 5: Ménages,I,A,Annuelle,SVK,République slovaque,B6N_R_PPP_P31S14,"Revenu disponible net réel des ménages et des ISBLSM, déflaté par la consommation finale des ménages et des ISBLSM",XDC,Monnaie nationale,NAAG_V,Part V: Households,2017,,50080.7847840364,,N,Ni corrigé des variations saisonnières ni corrigé des effets de calendrier,W,Monde,S1M,Les Ménages et ISBLSM,S1,Economie totale,_Z,Non applicable,B,Solde (recettes moins dépenses),B6N_R,"Revenu disponible réel des ménages, net",_Z,Non applicable,,,,,,,,,,,L,Volumes chaînés,N,Données non transformées,,,,,,,F,Libre (libre pour publication),2,Two,A,Valeur normale,6,Millions,EUR,Euro
DATAFLOW,OECD.SDD.NAD:DSD_NAAG@DF_NAAG_V(1.0),NAAG Chapitre 5: Ménages,I,A,Annuelle,SVN,Slovénie,B6N_R_PPP_P31S14,"Revenu disponible net réel des ménages et des ISBLSM, déflaté par la consommation finale des ménages et des ISBLSM",XDC,Monnaie nationale,NAAG_V,Part V: Households,2017,,24045.3523716326,,N,Ni corrigé des variations saisonnières ni corrigé des effets de calendrier,W,Monde,S1M,Les Ménages et ISBLSM,S1,Economie totale,_Z,Non applicable,B,Solde (recettes moins dépenses),B6N_R,"Revenu disponible réel des ménages, net",_Z,Non applicable,,,,,,,,,,,L,Volumes chaînés,N,Données non transformées,,,,,,,F,Libre (libre pour publication),2,Two,A,Valeur normale,6,Millions,EUR,Euro
DATAFLOW,OECD.SDD.NAD:DSD_NAAG@DF_NAAG_V(1.0),NAAG Chapitre 5: Ménages,I,A,Annuelle,ESP,Espagne,B6N_R_PPP_P31S14,"Revenu disponible net réel des ménages et des ISBLSM, déflaté par la consommation finale des ménages et des ISBLSM",XDC,Monnaie nationale,NAAG_V,Part V: Households,2017,,722644.86156399,,N,Ni corrigé des variations saisonnières ni corrigé des effets de calendrier,W,Monde,S1M,Les Ménages et ISBLSM,S1,Economie totale,_Z,Non applicable,B,Solde (recettes moins dépenses),B6N_R,"Revenu disponible réel des ménages, net",_Z,Non applicable,,,,,,,,,,,L,Volumes chaînés,N,Données non transformées,,,,,,,F,Libre (libre pour publication),2,Two,A,Valeur normale,6,Millions,EUR,Euro
DATAFLOW,OECD.SDD.NAD:DSD_NAAG@DF_NAAG_V(1.0),NAAG Chapitre 5: Ménages,I,A,Annuelle,AUT,Autriche,B6N_R_PPP_P31S14,"Revenu disponible net réel des ménages et des ISBLSM, déflaté par la consommation finale des ménages et des ISBLSM",XDC,Monnaie nationale,NAAG_V,Part V: Households,2018,,218358.985212396,,N,Ni corrigé des variations saisonnières ni corrigé des effets de calendrier,W,Monde,S1M,Les Ménages et ISBLSM,S1,Economie totale,_Z,Non applicable,B,Solde (recettes moins dépenses),B6N_R,"Revenu disponible réel des ménages, net",_Z,Non applicable,,,,,,,,,,,L,Volumes chaînés,N,Données non transformées,,,,,,,F,Libre (libre pour publication),2,Two,A,Valeur normale,6,Millions,EUR,Euro
DATAFLOW,OECD.SDD.NAD:DSD_NAAG@DF_NAAG_V(1.0),NAAG Chapitre 5: Ménages,I,A,Annuelle,BEL,Belgique,B6N_R_PPP_P31S14,"Revenu disponible net réel des ménages et des ISBLSM, déflaté par la consommation finale des ménages et des ISBLSM",XDC,Monnaie nationale,NAAG_V,Part V: Households,2018,,255172.41008809,,N,Ni corrigé des variations saisonnières ni corrigé des effets de calendrier,W,Monde,S1M,Les Ménages et ISBLSM,S1,Economie totale,_Z,Non applicable,B,Solde (recettes moins dépenses),B6N_R,"Revenu disponible réel des ménages, net",_Z,Non applicable,,,,,,,,,,,L,Volumes chaînés,N,Données non transformées,,,,,,,F,Libre (libre pour publication),2,Two,A,Valeur normale,6,Millions,EUR,Euro
DATAFLOW,OECD.SDD.NAD:DSD_NAAG@DF_NAAG_V(1.0),NAAG Chapitre 5: Ménages,I,A,Annuelle,EST,Estonie,B6N_R_PPP_P31S14,"Revenu disponible net réel des ménages et des ISBLSM, déflaté par la consommation finale des ménages et des ISBLSM",XDC,Monnaie nationale,NAAG_V,Part V: Households,2018,,14317.0181340371,,N,Ni corrigé des variations saisonnières ni corrigé des effets de calendrier,W,Monde,S1M,Les Ménages et ISBLSM,S1,Economie totale,_Z,Non applicable,B,Solde (recettes moins dépenses),B6N_R,"Revenu disponible réel des ménages, net",_Z,Non applicable,,,,,,,,,,,L,Volumes chaînés,N,Données non transformées,,,,,,,F,Libre (libre pour publication),2,Two,A,Valeur normale,6,Millions,EUR,Euro
DATAFLOW,OECD.SDD.NAD:DSD_NAAG@DF_NAAG_V(1.0),NAAG Chapitre 5: Ménages,I,A,Annuelle,FIN,Finlande,B6N_R_PPP_P31S14,"Revenu disponible net réel des ménages et des ISBLSM, déflaté par la consommation finale des ménages et des ISBLSM",XDC,Monnaie nationale,NAAG_V,Part V: Households,2018,,124569.284823492,,N,Ni corrigé des variations saisonnières ni corrigé des effets de calendrier,W,Monde,S1M,Les Ménages et ISBLSM,S1,Economie totale,_Z,Non applicable,B,Solde (recettes moins dépenses),B6N_R,"Revenu disponible réel des ménages, net",_Z,Non applicable,,,,,,,,,,,L,Volumes chaînés,N,Données non transformées,,,,,,,F,Libre (libre pour publication),2,Two,A,Valeur normale,6,Millions,EUR,Euro
DATAFLOW,OECD.SDD.NAD:DSD_NAAG@DF_NAAG_V(1.0),NAAG Chapitre 5: Ménages,I,A,Annuelle,FRA,France,B6N_R_PPP_P31S14,"Revenu disponible net réel des ménages et des ISBLSM, déflaté par la consommation finale des ménages et des ISBLSM",XDC,Monnaie nationale,NAAG_V,Part V: Households,2018,,1420422.55157083,,N,Ni corrigé des variations saisonnières ni corrigé des effets de calendrier,W,Monde,S1M,Les Ménages et ISBLSM,S1,Economie totale,_Z,Non applicable,B,Solde (recettes moins dépenses),B6N_R,"Revenu disponible réel des ménages, net",_Z,Non applicable,,,,,,,,,,,L,Volumes chaînés,N,Données non transformées,,,,,,,F,Libre (libre pour publication),2,Two,A,Valeur normale,6,Millions,EUR,Euro
DATAFLOW,OECD.SDD.NAD:DSD_NAAG@DF_NAAG_V(1.0),NAAG Chapitre 5: Ménages,I,A,Annuelle,DEU,Allemagne,B6N_R_PPP_P31S14,"Revenu disponible net réel des ménages et des ISBLSM, déflaté par la consommation finale des ménages et des ISBLSM",XDC,Monnaie nationale,NAAG_V,Part V: Households,2018,,2016066.64073716,,N,Ni corrigé des variations saisonnières ni corrigé des effets de calendrier,W,Monde,S1M,Les Ménages et ISBLSM,S1,Economie totale,_Z,Non applicable,B,Solde (recettes moins dépenses),B6N_R,"Revenu disponible réel des ménages, net",_Z,Non applicable,,,,,,,,,,,L,Volumes chaînés,N,Données non transformées,,,,,,,F,Libre (libre pour publication),2,Two,A,Valeur normale,6,Millions,EUR,Euro
DATAFLOW,OECD.SDD.NAD:DSD_NAAG@DF_NAAG_V(1.0),NAAG Chapitre 5: Ménages,I,A,Annuelle,GRC,Grèce,B6N_R_PPP_P31S14,"Revenu disponible net réel des ménages et des ISBLSM, déflaté par la consommation finale des ménages et des ISBLSM",XDC,Monnaie nationale,NAAG_V,Part V: Households,2018,,106715.907652109,,N,Ni corrigé des variations saisonnières ni corrigé des effets de calendrier,W,Monde,S1M,Les Ménages et ISBLSM,S1,Economie totale,_Z,Non applicable,B,Solde (recettes moins dépenses),B6N_R,"Revenu disponible réel des ménages, net",_Z,Non applicable,,,,,,,,,,,L,Volumes chaînés,N,Données non transformées,,,,,,,F,Libre (libre pour publication),2,Two,A,Valeur normale,6,Millions,EUR,Euro
DATAFLOW,OECD.SDD.NAD:DSD_NAAG@DF_NAAG_V(1.0),NAAG Chapitre 5: Ménages,I,A,Annuelle,IRL,Irlande,B6N_R_PPP_P31S14,"Revenu disponible net réel des ménages et des ISBLSM, déflaté par la consommation finale des ménages et des ISBLSM",XDC,Monnaie nationale,NAAG_V,Part V: Households,2018,,108910.293865965,,N,Ni corrigé des variations saisonnières ni corrigé des effets de calendrier,W,Monde,S1M,Les Ménages et ISBLSM,S1,Economie totale,_Z,Non applicable,B,Solde (recettes moins dépenses),B6N_R,"Revenu disponible réel des ménages, net",_Z,Non applicable,,,,,,,,,,,L,Volumes chaînés,N,Données non transformées,,,,,,,F,Libre (libre pour publication),2,Two,A,Valeur normale,6,Millions,EUR,Euro
DATAFLOW,OECD.SDD.NAD:DSD_NAAG@DF_NAAG_V(1.0),NAAG Chapitre 5: Ménages,I,A,Annuelle,ITA,Italie,B6N_R_PPP_P31S14,"Revenu disponible net réel des ménages et des ISBLSM, déflaté par la consommation finale des ménages et des ISBLSM",XDC,Monnaie nationale,NAAG_V,Part V: Households,2018,,1105725.24991263,,N,Ni corrigé des variations saisonnières ni corrigé des effets de calendrier,W,Monde,S1M,Les Ménages et ISBLSM,S1,Economie totale,_Z,Non applicable,B,Solde (recettes moins dépenses),B6N_R,"Revenu disponible réel des ménages, net",_Z,Non applicable,,,,,,,,,,,L,Volumes chaînés,N,Données non transformées,,,,,,,F,Libre (libre pour publication),2,Two,A,Valeur normale,6,Millions,EUR,Euro
DATAFLOW,OECD.SDD.NAD:DSD_NAAG@DF_NAAG_V(1.0),NAAG Chapitre 5: Ménages,I,A,Annuelle,LVA,Lettonie,B6N_R_PPP_P31S14,"Revenu disponible net réel des ménages et des ISBLSM, déflaté par la consommation finale des ménages et des ISBLSM",XDC,Monnaie nationale,NAAG_V,Part V: Households,2018,,16860.2320656086,,N,Ni corrigé des variations saisonnières ni corrigé des effets de calendrier,W,Monde,S1M,Les Ménages et ISBLSM,S1,Economie totale,_Z,Non applicable,B,Solde (recettes moins dépenses),B6N_R,"Revenu disponible réel des ménages, net",_Z,Non applicable,,,,,,,,,,,L,Volumes chaînés,N,Données non transformées,,,,,,,F,Libre (libre pour publication),2,Two,A,Valeur normale,6,Millions,EUR,Euro
DATAFLOW,OECD.SDD.NAD:DSD_NAAG@DF_NAAG_V(1.0),NAAG Chapitre 5: Ménages,I,A,Annuelle,LTU,Lituanie,B6N_R_PPP_P31S14,"Revenu disponible net réel des ménages et des ISBLSM, déflaté par la consommation finale des ménages et des ISBLSM",XDC,Monnaie nationale,NAAG_V,Part V: Households,2018,,26143.4720906879,,N,Ni corrigé des variations saisonnières ni corrigé des effets de calendrier,W,Monde,S1M,Les Ménages et ISBLSM,S1,Economie totale,_Z,Non applicable,B,Solde (recettes moins dépenses),B6N_R,"Revenu disponible réel des ménages, net",_Z,Non applicable,,,,,,,,,,,L,Volumes chaînés,N,Données non transformées,,,,,,,F,Libre (libre pour publication),2,Two,A,Valeur normale,6,Millions,EUR,Euro
DATAFLOW,OECD.SDD.NAD:DSD_NAAG@DF_NAAG_V(1.0),NAAG Chapitre 5: Ménages,I,A,Annuelle,LUX,Luxembourg,B6N_R_PPP_P31S14,"Revenu disponible net réel des ménages et des ISBLSM, déflaté par la consommation finale des ménages et des ISBLSM",XDC,Monnaie nationale,NAAG_V,Part V: Households,2018,,22216.2027382302,,N,Ni corrigé des variations saisonnières ni corrigé des effets de calendrier,W,Monde,S1M,Les Ménages et ISBLSM,S1,Economie totale,_Z,Non applicable,B,Solde (recettes moins dépenses),B6N_R,"Revenu disponible réel des ménages, net",_Z,Non applicable,,,,,,,,,,,L,Volumes chaînés,N,Données non transformées,,,,,,,F,Libre (libre pour publication),2,Two,A,Valeur normale,6,Millions,EUR,Euro
DATAFLOW,OECD.SDD.NAD:DSD_NAAG@DF_NAAG_V(1.0),NAAG Chapitre 5: Ménages,I,A,Annuelle,NLD,Pays-Bas,B6N_R_PPP_P31S14,"Revenu disponible net réel des ménages et des ISBLSM, déflaté par la consommation finale des ménages et des ISBLSM",XDC,Monnaie nationale,NAAG_V,Part V: Households,2018,,368685.128773645,,N,Ni corrigé des variations saisonnières ni corrigé des effets de calendrier,W,Monde,S1M,Les Ménages et ISBLSM,S1,Economie totale,_Z,Non applicable,B,Solde (recettes moins dépenses),B6N_R,"Revenu disponible réel des ménages, net",_Z,Non applicable,,,,,,,,,,,L,Volumes chaînés,N,Données non transformées,,,,,,,F,Libre (libre pour publication),2,Two,A,Valeur normale,6,Millions,EUR,Euro
DATAFLOW,OECD.SDD.NAD:DSD_NAAG@DF_NAAG_V(1.0),NAAG Chapitre 5: Ménages,I,A,Annuelle,PRT,Portugal,B6N_R_PPP_P31S14,"Revenu disponible net réel des ménages et des ISBLSM, déflaté par la consommation finale des ménages et des ISBLSM",XDC,Monnaie nationale,NAAG_V,Part V: Households,2018,,131310.95212315,,N,Ni corrigé des variations saisonnières ni corrigé des effets de calendrier,W,Monde,S1M,Les Ménages et ISBLSM,S1,Economie totale,_Z,Non applicable,B,Solde (recettes moins dépenses),B6N_R,"Revenu disponible réel des ménages, net",_Z,Non applicable,,,,,,,,,,,L,Volumes chaînés,N,Données non transformées,,,,,,,F,Libre (libre pour publication),2,Two,A,Valeur normale,6,Millions,EUR,Euro
DATAFLOW,OECD.SDD.NAD:DSD_NAAG@DF_NAAG_V(1.0),NAAG Chapitre 5: Ménages,I,A,Annuelle,SVK,République slovaque,B6N_R_PPP_P31S14,"Revenu disponible net réel des ménages et des ISBLSM, déflaté par la consommation finale des ménages et des ISBLSM",XDC,Monnaie nationale,NAAG_V,Part V: Households,2018,,54000.6379581852,,N,Ni corrigé des variations saisonnières ni corrigé des effets de calendrier,W,Monde,S1M,Les Ménages et ISBLSM,S1,Economie totale,_Z,Non applicable,B,Solde (recettes moins dépenses),B6N_R,"Revenu disponible réel des ménages, net",_Z,Non applicable,,,,,,,,,,,L,Volumes chaînés,N,Données non transformées,,,,,,,F,Libre (libre pour publication),2,Two,A,Valeur normale,6,Millions,EUR,Euro
DATAFLOW,OECD.SDD.NAD:DSD_NAAG@DF_NAAG_V(1.0),NAAG Chapitre 5: Ménages,I,A,Annuelle,SVN,Slovénie,B6N_R_PPP_P31S14,"Revenu disponible net réel des ménages et des ISBLSM, déflaté par la consommation finale des ménages et des ISBLSM",XDC,Monnaie nationale,NAAG_V,Part V: Households,2018,,25082.2344906127,,N,Ni corrigé des variations saisonnières ni corrigé des effets de calendrier,W,Monde,S1M,Les Ménages et ISBLSM,S1,Economie totale,_Z,Non applicable,B,Solde (recettes moins dépenses),B6N_R,"Revenu disponible réel des ménages, net",_Z,Non applicable,,,,,,,,,,,L,Volumes chaînés,N,Données non transformées,,,,,,,F,Libre (libre pour publication),2,Two,A,Valeur normale,6,Millions,EUR,Euro
DATAFLOW,OECD.SDD.NAD:DSD_NAAG@DF_NAAG_V(1.0),NAAG Chapitre 5: Ménages,I,A,Annuelle,ESP,Espagne,B6N_R_PPP_P31S14,"Revenu disponible net réel des ménages et des ISBLSM, déflaté par la consommation finale des ménages et des ISBLSM",XDC,Monnaie nationale,NAAG_V,Part V: Households,2018,,733438.608271528,,N,Ni corrigé des variations saisonnières ni corrigé des effets de calendrier,W,Monde,S1M,Les Ménages et ISBLSM,S1,Economie totale,_Z,Non applicable,B,Solde (recettes moins dépenses),B6N_R,"Revenu disponible réel des ménages, net",_Z,Non applicable,,,,,,,,,,,L,Volumes chaînés,N,Données non transformées,,,,,,,F,Libre (libre pour publication),2,Two,A,Valeur normale,6,Millions,EUR,Euro
DATAFLOW,OECD.SDD.NAD:DSD_NAAG@DF_NAAG_V(1.0),NAAG Chapitre 5: Ménages,I,A,Annuelle,AUT,Autriche,B6N_R_PPP_P31S14,"Revenu disponible net réel des ménages et des ISBLSM, déflaté par la consommation finale des ménages et des ISBLSM",XDC,Monnaie nationale,NAAG_V,Part V: Households,2019,,218767.90433296,,N,Ni corrigé des variations saisonnières ni corrigé des effets de calendrier,W,Monde,S1M,Les Ménages et ISBLSM,S1,Economie totale,_Z,Non applicable,B,Solde (recettes moins dépenses),B6N_R,"Revenu disponible réel des ménages, net",_Z,Non applicable,,,,,,,,,,,L,Volumes chaînés,N,Données non transformées,,,,,,,F,Libre (libre pour publication),2,Two,A,Valeur normale,6,Millions,EUR,Euro
DATAFLOW,OECD.SDD.NAD:DSD_NAAG@DF_NAAG_V(1.0),NAAG Chapitre 5: Ménages,I,A,Annuelle,BEL,Belgique,B6N_R_PPP_P31S14,"Revenu disponible net réel des ménages et des ISBLSM, déflaté par la consommation finale des ménages et des ISBLSM",XDC,Monnaie nationale,NAAG_V,Part V: Households,2019,,262565.940040896,,N,Ni corrigé des variations saisonnières ni corrigé des effets de calendrier,W,Monde,S1M,Les Ménages et ISBLSM,S1,Economie totale,_Z,Non applicable,B,Solde (recettes moins dépenses),B6N_R,"Revenu disponible réel des ménages, net",_Z,Non applicable,,,,,,,,,,,L,Volumes chaînés,N,Données non transformées,,,,,,,F,Libre (libre pour publication),2,Two,A,Valeur normale,6,Millions,EUR,Euro
DATAFLOW,OECD.SDD.NAD:DSD_NAAG@DF_NAAG_V(1.0),NAAG Chapitre 5: Ménages,I,A,Annuelle,EST,Estonie,B6N_R_PPP_P31S14,"Revenu disponible net réel des ménages et des ISBLSM, déflaté par la consommation finale des ménages et des ISBLSM",XDC,Monnaie nationale,NAAG_V,Part V: Households,2019,,14814.4054223632,,N,Ni corrigé des variations saisonnières ni corrigé des effets de calendrier,W,Monde,S1M,Les Ménages et ISBLSM,S1,Economie totale,_Z,Non applicable,B,Solde (recettes moins dépenses),B6N_R,"Revenu disponible réel des ménages, net",_Z,Non applicable,,,,,,,,,,,L,Volumes chaînés,N,Données non transformées,,,,,,,F,Libre (libre pour publication),2,Two,A,Valeur normale,6,Millions,EUR,Euro
DATAFLOW,OECD.SDD.NAD:DSD_NAAG@DF_NAAG_V(1.0),NAAG Chapitre 5: Ménages,I,A,Annuelle,FIN,Finlande,B6N_R_PPP_P31S14,"Revenu disponible net réel des ménages et des ISBLSM, déflaté par la consommation finale des ménages et des ISBLSM",XDC,Monnaie nationale,NAAG_V,Part V: Households,2019,,127270.531428309,,N,Ni corrigé des variations saisonnières ni corrigé des effets de calendrier,W,Monde,S1M,Les Ménages et ISBLSM,S1,Economie totale,_Z,Non applicable,B,Solde (recettes moins dépenses),B6N_R,"Revenu disponible réel des ménages, net",_Z,Non applicable,,,,,,,,,,,L,Volumes chaînés,N,Données non transformées,,,,,,,F,Libre (libre pour publication),2,Two,A,Valeur normale,6,Millions,EUR,Euro
DATAFLOW,OECD.SDD.NAD:DSD_NAAG@DF_NAAG_V(1.0),NAAG Chapitre 5: Ménages,I,A,Annuelle,FRA,France,B6N_R_PPP_P31S14,"Revenu disponible net réel des ménages et des ISBLSM, déflaté par la consommation finale des ménages et des ISBLSM",XDC,Monnaie nationale,NAAG_V,Part V: Households,2019,,1454297.68983122,,N,Ni corrigé des variations saisonnières ni corrigé des effets de calendrier,W,Monde,S1M,Les Ménages et ISBLSM,S1,Economie totale,_Z,Non applicable,B,Solde (recettes moins dépenses),B6N_R,"Revenu disponible réel des ménages, net",_Z,Non applicable,,,,,,,,,,,L,Volumes chaînés,N,Données non transformées,,,,,,,F,Libre (libre pour publication),2,Two,A,Valeur normale,6,Millions,EUR,Euro
DATAFLOW,OECD.SDD.NAD:DSD_NAAG@DF_NAAG_V(1.0),NAAG Chapitre 5: Ménages,I,A,Annuelle,DEU,Allemagne,B6N_R_PPP_P31S14,"Revenu disponible net réel des ménages et des ISBLSM, déflaté par la consommation finale des ménages et des ISBLSM",XDC,Monnaie nationale,NAAG_V,Part V: Households,2019,,2036179.01304527,,N,Ni corrigé des variations saisonnières ni corrigé des effets de calendrier,W,Monde,S1M,Les Ménages et ISBLSM,S1,Economie totale,_Z,Non applicable,B,Solde (recettes moins dépenses),B6N_R,"Revenu disponible réel des ménages, net",_Z,Non applicable,,,,,,,,,,,L,Volumes chaînés,N,Données non transformées,,,,,,,F,Libre (libre pour publication),2,Two,A,Valeur normale,6,Millions,EUR,Euro
DATAFLOW,OECD.SDD.NAD:DSD_NAAG@DF_NAAG_V(1.0),NAAG Chapitre 5: Ménages,I,A,Annuelle,GRC,Grèce,B6N_R_PPP_P31S14,"Revenu disponible net réel des ménages et des ISBLSM, déflaté par la consommation finale des ménages et des ISBLSM",XDC,Monnaie nationale,NAAG_V,Part V: Households,2019,,115365.413968983,,N,Ni corrigé des variations saisonnières ni corrigé des effets de calendrier,W,Monde,S1M,Les Ménages et ISBLSM,S1,Economie totale,_Z,Non applicable,B,Solde (recettes moins dépenses),B6N_R,"Revenu disponible réel des ménages, net",_Z,Non applicable,,,,,,,,,,,L,Volumes chaînés,N,Données non transformées,,,,,,,F,Libre (libre pour publication),2,Two,A,Valeur normale,6,Millions,EUR,Euro
DATAFLOW,OECD.SDD.NAD:DSD_NAAG@DF_NAAG_V(1.0),NAAG Chapitre 5: Ménages,I,A,Annuelle,IRL,Irlande,B6N_R_PPP_P31S14,"Revenu disponible net réel des ménages et des ISBLSM, déflaté par la consommation finale des ménages et des ISBLSM",XDC,Monnaie nationale,NAAG_V,Part V: Households,2019,,114894.581593501,,N,Ni corrigé des variations saisonnières ni corrigé des effets de calendrier,W,Monde,S1M,Les Ménages et ISBLSM,S1,Economie totale,_Z,Non applicable,B,Solde (recettes moins dépenses),B6N_R,"Revenu disponible réel des ménages, net",_Z,Non applicable,,,,,,,,,,,L,Volumes chaînés,N,Données non transformées,,,,,,,F,Libre (libre pour publication),2,Two,A,Valeur normale,6,Millions,EUR,Euro
DATAFLOW,OECD.SDD.NAD:DSD_NAAG@DF_NAAG_V(1.0),NAAG Chapitre 5: Ménages,I,A,Annuelle,ITA,Italie,B6N_R_PPP_P31S14,"Revenu disponible net réel des ménages et des ISBLSM, déflaté par la consommation finale des ménages et des ISBLSM",XDC,Monnaie nationale,NAAG_V,Part V: Households,2019,,1103951.45021774,,N,Ni corrigé des variations saisonnières ni corrigé des effets de calendrier,W,Monde,S1M,Les Ménages et ISBLSM,S1,Economie totale,_Z,Non applicable,B,Solde (recettes moins dépenses),B6N_R,"Revenu disponible réel des ménages, net",_Z,Non applicable,,,,,,,,,,,L,Volumes chaînés,N,Données non transformées,,,,,,,F,Libre (libre pour publication),2,Two,A,Valeur normale,6,Millions,EUR,Euro
DATAFLOW,OECD.SDD.NAD:DSD_NAAG@DF_NAAG_V(1.0),NAAG Chapitre 5: Ménages,I,A,Annuelle,LVA,Lettonie,B6N_R_PPP_P31S14,"Revenu disponible net réel des ménages et des ISBLSM, déflaté par la consommation finale des ménages et des ISBLSM",XDC,Monnaie nationale,NAAG_V,Part V: Households,2019,,17128.6474520751,,N,Ni corrigé des variations saisonnières ni corrigé des effets de calendrier,W,Monde,S1M,Les Ménages et ISBLSM,S1,Economie totale,_Z,Non applicable,B,Solde (recettes moins dépenses),B6N_R,"Revenu disponible réel des ménages, net",_Z,Non applicable,,,,,,,,,,,L,Volumes chaînés,N,Données non transformées,,,,,,,F,Libre (libre pour publication),2,Two,A,Valeur normale,6,Millions,EUR,Euro
DATAFLOW,OECD.SDD.NAD:DSD_NAAG@DF_NAAG_V(1.0),NAAG Chapitre 5: Ménages,I,A,Annuelle,LTU,Lituanie,B6N_R_PPP_P31S14,"Revenu disponible net réel des ménages et des ISBLSM, déflaté par la consommation finale des ménages et des ISBLSM",XDC,Monnaie nationale,NAAG_V,Part V: Households,2019,,28106.805793367,,N,Ni corrigé des variations saisonnières ni corrigé des effets de calendrier,W,Monde,S1M,Les Ménages et ISBLSM,S1,Economie totale,_Z,Non applicable,B,Solde (recettes moins dépenses),B6N_R,"Revenu disponible réel des ménages, net",_Z,Non applicable,,,,,,,,,,,L,Volumes chaînés,N,Données non transformées,,,,,,,F,Libre (libre pour publication),2,Two,A,Valeur normale,6,Millions,EUR,Euro
DATAFLOW,OECD.SDD.NAD:DSD_NAAG@DF_NAAG_V(1.0),NAAG Chapitre 5: Ménages,I,A,Annuelle,LUX,Luxembourg,B6N_R_PPP_P31S14,"Revenu disponible net réel des ménages et des ISBLSM, déflaté par la consommation finale des ménages et des ISBLSM",XDC,Monnaie nationale,NAAG_V,Part V: Households,2019,,23154.8988413157,,N,Ni corrigé des variations saisonnières ni corrigé des effets de calendrier,W,Monde,S1M,Les Ménages et ISBLSM,S1,Economie totale,_Z,Non applicable,B,Solde (recettes moins dépenses),B6N_R,"Revenu disponible réel des ménages, net",_Z,Non applicable,,,,,,,,,,,L,Volumes chaînés,N,Données non transformées,,,,,,,F,Libre (libre pour publication),2,Two,A,Valeur normale,6,Millions,EUR,Euro
DATAFLOW,OECD.SDD.NAD:DSD_NAAG@DF_NAAG_V(1.0),NAAG Chapitre 5: Ménages,I,A,Annuelle,NLD,Pays-Bas,B6N_R_PPP_P31S14,"Revenu disponible net réel des ménages et des ISBLSM, déflaté par la consommation finale des ménages et des ISBLSM",XDC,Monnaie nationale,NAAG_V,Part V: Households,2019,,378506.195828091,,N,Ni corrigé des variations saisonnières ni corrigé des effets de calendrier,W,Monde,S1M,Les Ménages et ISBLSM,S1,Economie totale,_Z,Non applicable,B,Solde (recettes moins dépenses),B6N_R,"Revenu disponible réel des ménages, net",_Z,Non applicable,,,,,,,,,,,L,Volumes chaînés,N,Données non transformées,,,,,,,F,Libre (libre pour publication),2,Two,A,Valeur normale,6,Millions,EUR,Euro
DATAFLOW,OECD.SDD.NAD:DSD_NAAG@DF_NAAG_V(1.0),NAAG Chapitre 5: Ménages,I,A,Annuelle,PRT,Portugal,B6N_R_PPP_P31S14,"Revenu disponible net réel des ménages et des ISBLSM, déflaté par la consommation finale des ménages et des ISBLSM",XDC,Monnaie nationale,NAAG_V,Part V: Households,2019,,135784.604144564,,N,Ni corrigé des variations saisonnières ni corrigé des effets de calendrier,W,Monde,S1M,Les Ménages et ISBLSM,S1,Economie totale,_Z,Non applicable,B,Solde (recettes moins dépenses),B6N_R,"Revenu disponible réel des ménages, net",_Z,Non applicable,,,,,,,,,,,L,Volumes chaînés,N,Données non transformées,,,,,,,F,Libre (libre pour publication),2,Two,A,Valeur normale,6,Millions,EUR,Euro
DATAFLOW,OECD.SDD.NAD:DSD_NAAG@DF_NAAG_V(1.0),NAAG Chapitre 5: Ménages,I,A,Annuelle,SVK,République slovaque,B6N_R_PPP_P31S14,"Revenu disponible net réel des ménages et des ISBLSM, déflaté par la consommation finale des ménages et des ISBLSM",XDC,Monnaie nationale,NAAG_V,Part V: Households,2019,,55144.4481984013,,N,Ni corrigé des variations saisonnières ni corrigé des effets de calendrier,W,Monde,S1M,Les Ménages et ISBLSM,S1,Economie totale,_Z,Non applicable,B,Solde (recettes moins dépenses),B6N_R,"Revenu disponible réel des ménages, net",_Z,Non applicable,,,,,,,,,,,L,Volumes chaînés,N,Données non transformées,,,,,,,F,Libre (libre pour publication),2,Two,A,Valeur normale,6,Millions,EUR,Euro
DATAFLOW,OECD.SDD.NAD:DSD_NAAG@DF_NAAG_V(1.0),NAAG Chapitre 5: Ménages,I,A,Annuelle,SVN,Slovénie,B6N_R_PPP_P31S14,"Revenu disponible net réel des ménages et des ISBLSM, déflaté par la consommation finale des ménages et des ISBLSM",XDC,Monnaie nationale,NAAG_V,Part V: Households,2019,,26456.9525227467,,N,Ni corrigé des variations saisonnières ni corrigé des effets de calendrier,W,Monde,S1M,Les Ménages et ISBLSM,S1,Economie totale,_Z,Non applicable,B,Solde (recettes moins dépenses),B6N_R,"Revenu disponible réel des ménages, net",_Z,Non applicable,,,,,,,,,,,L,Volumes chaînés,N,Données non transformées,,,,,,,F,Libre (libre pour publication),2,Two,A,Valeur normale,6,Millions,EUR,Euro
DATAFLOW,OECD.SDD.NAD:DSD_NAAG@DF_NAAG_V(1.0),NAAG Chapitre 5: Ménages,I,A,Annuelle,ESP,Espagne,B6N_R_PPP_P31S14,"Revenu disponible net réel des ménages et des ISBLSM, déflaté par la consommation finale des ménages et des ISBLSM",XDC,Monnaie nationale,NAAG_V,Part V: Households,2019,,762145.832853026,,N,Ni corrigé des variations saisonnières ni corrigé des effets de calendrier,W,Monde,S1M,Les Ménages et ISBLSM,S1,Economie totale,_Z,Non applicable,B,Solde (recettes moins dépenses),B6N_R,"Revenu disponible réel des ménages, net",_Z,Non applicable,,,,,,,,,,,L,Volumes chaînés,N,Données non transformées,,,,,,,F,Libre (libre pour publication),2,Two,A,Valeur normale,6,Millions,EUR,Euro
DATAFLOW,OECD.SDD.NAD:DSD_NAAG@DF_NAAG_V(1.0),NAAG Chapitre 5: Ménages,I,A,Annuelle,AUT,Autriche,B6N_R_PPP_P31S14,"Revenu disponible net réel des ménages et des ISBLSM, déflaté par la consommation finale des ménages et des ISBLSM",XDC,Monnaie nationale,NAAG_V,Part V: Households,2020,,217216.2,,N,Ni corrigé des variations saisonnières ni corrigé des effets de calendrier,W,Monde,S1M,Les Ménages et ISBLSM,S1,Economie totale,_Z,Non applicable,B,Solde (recettes moins dépenses),B6N_R,"Revenu disponible réel des ménages, net",_Z,Non applicable,,,,,,,,,,,L,Volumes chaînés,N,Données non transformées,,,,,,,F,Libre (libre pour publication),2,Two,A,Valeur normale,6,Millions,EUR,Euro
DATAFLOW,OECD.SDD.NAD:DSD_NAAG@DF_NAAG_V(1.0),NAAG Chapitre 5: Ménages,I,A,Annuelle,BEL,Belgique,B6N_R_PPP_P31S14,"Revenu disponible net réel des ménages et des ISBLSM, déflaté par la consommation finale des ménages et des ISBLSM",XDC,Monnaie nationale,NAAG_V,Part V: Households,2020,,264940.6,,N,Ni corrigé des variations saisonnières ni corrigé des effets de calendrier,W,Monde,S1M,Les Ménages et ISBLSM,S1,Economie totale,_Z,Non applicable,B,Solde (recettes moins dépenses),B6N_R,"Revenu disponible réel des ménages, net",_Z,Non applicable,,,,,,,,,,,L,Volumes chaînés,N,Données non transformées,,,,,,,F,Libre (libre pour publication),2,Two,A,Valeur normale,6,Millions,EUR,Euro
DATAFLOW,OECD.SDD.NAD:DSD_NAAG@DF_NAAG_V(1.0),NAAG Chapitre 5: Ménages,I,A,Annuelle,EST,Estonie,B6N_R_PPP_P31S14,"Revenu disponible net réel des ménages et des ISBLSM, déflaté par la consommation finale des ménages et des ISBLSM",XDC,Monnaie nationale,NAAG_V,Part V: Households,2020,,15253.8,,N,Ni corrigé des variations saisonnières ni corrigé des effets de calendrier,W,Monde,S1M,Les Ménages et ISBLSM,S1,Economie totale,_Z,Non applicable,B,Solde (recettes moins dépenses),B6N_R,"Revenu disponible réel des ménages, net",_Z,Non applicable,,,,,,,,,,,L,Volumes chaînés,N,Données non transformées,,,,,,,F,Libre (libre pour publication),2,Two,A,Valeur normale,6,Millions,EUR,Euro
DATAFLOW,OECD.SDD.NAD:DSD_NAAG@DF_NAAG_V(1.0),NAAG Chapitre 5: Ménages,I,A,Annuelle,FIN,Finlande,B6N_R_PPP_P31S14,"Revenu disponible net réel des ménages et des ISBLSM, déflaté par la consommation finale des ménages et des ISBLSM",XDC,Monnaie nationale,NAAG_V,Part V: Households,2020,,127594,,N,Ni corrigé des variations saisonnières ni corrigé des effets de calendrier,W,Monde,S1M,Les Ménages et ISBLSM,S1,Economie totale,_Z,Non applicable,B,Solde (recettes moins dépenses),B6N_R,"Revenu disponible réel des ménages, net",_Z,Non applicable,,,,,,,,,,,L,Volumes chaînés,N,Données non transformées,,,,,,,F,Libre (libre pour publication),2,Two,A,Valeur normale,6,Millions,EUR,Euro
DATAFLOW,OECD.SDD.NAD:DSD_NAAG@DF_NAAG_V(1.0),NAAG Chapitre 5: Ménages,I,A,Annuelle,FRA,France,B6N_R_PPP_P31S14,"Revenu disponible net réel des ménages et des ISBLSM, déflaté par la consommation finale des ménages et des ISBLSM",XDC,Monnaie nationale,NAAG_V,Part V: Households,2020,,1453388.5,,N,Ni corrigé des variations saisonnières ni corrigé des effets de calendrier,W,Monde,S1M,Les Ménages et ISBLSM,S1,Economie totale,_Z,Non applicable,B,Solde (recettes moins dépenses),B6N_R,"Revenu disponible réel des ménages, net",_Z,Non applicable,,,,,,,,,,,L,Volumes chaînés,N,Données non transformées,,,,,,,F,Libre (libre pour publication),2,Two,A,Valeur normale,6,Millions,EUR,Euro
DATAFLOW,OECD.SDD.NAD:DSD_NAAG@DF_NAAG_V(1.0),NAAG Chapitre 5: Ménages,I,A,Annuelle,DEU,Allemagne,B6N_R_PPP_P31S14,"Revenu disponible net réel des ménages et des ISBLSM, déflaté par la consommation finale des ménages et des ISBLSM",XDC,Monnaie nationale,NAAG_V,Part V: Households,2020,,2027328,,N,Ni corrigé des variations saisonnières ni corrigé des effets de calendrier,W,Monde,S1M,Les Ménages et ISBLSM,S1,Economie totale,_Z,Non applicable,B,Solde (recettes moins dépenses),B6N_R,"Revenu disponible réel des ménages, net",_Z,Non applicable,,,,,,,,,,,L,Volumes chaînés,N,Données non transformées,,,,,,,F,Libre (libre pour publication),2,Two,A,Valeur normale,6,Millions,EUR,Euro
DATAFLOW,OECD.SDD.NAD:DSD_NAAG@DF_NAAG_V(1.0),NAAG Chapitre 5: Ménages,I,A,Annuelle,GRC,Grèce,B6N_R_PPP_P31S14,"Revenu disponible net réel des ménages et des ISBLSM, déflaté par la consommation finale des ménages et des ISBLSM",XDC,Monnaie nationale,NAAG_V,Part V: Households,2020,,111346.245296,,N,Ni corrigé des variations saisonnières ni corrigé des effets de calendrier,W,Monde,S1M,Les Ménages et ISBLSM,S1,Economie totale,_Z,Non applicable,B,Solde (recettes moins dépenses),B6N_R,"Revenu disponible réel des ménages, net",_Z,Non applicable,,,,,,,,,,,L,Volumes chaînés,N,Données non transformées,,,,,,,F,Libre (libre pour publication),2,Two,A,Valeur normale,6,Millions,EUR,Euro
DATAFLOW,OECD.SDD.NAD:DSD_NAAG@DF_NAAG_V(1.0),NAAG Chapitre 5: Ménages,I,A,Annuelle,IRL,Irlande,B6N_R_PPP_P31S14,"Revenu disponible net réel des ménages et des ISBLSM, déflaté par la consommation finale des ménages et des ISBLSM",XDC,Monnaie nationale,NAAG_V,Part V: Households,2020,,120156.881488,,N,Ni corrigé des variations saisonnières ni corrigé des effets de calendrier,W,Monde,S1M,Les Ménages et ISBLSM,S1,Economie totale,_Z,Non applicable,B,Solde (recettes moins dépenses),B6N_R,"Revenu disponible réel des ménages, net",_Z,Non applicable,,,,,,,,,,,L,Volumes chaînés,N,Données non transformées,,,,,,,F,Libre (libre pour publication),2,Two,A,Valeur normale,6,Millions,EUR,Euro
DATAFLOW,OECD.SDD.NAD:DSD_NAAG@DF_NAAG_V(1.0),NAAG Chapitre 5: Ménages,I,A,Annuelle,ITA,Italie,B6N_R_PPP_P31S14,"Revenu disponible net réel des ménages et des ISBLSM, déflaté par la consommation finale des ménages et des ISBLSM",XDC,Monnaie nationale,NAAG_V,Part V: Households,2020,,1073035.1,,N,Ni corrigé des variations saisonnières ni corrigé des effets de calendrier,W,Monde,S1M,Les Ménages et ISBLSM,S1,Economie totale,_Z,Non applicable,B,Solde (recettes moins dépenses),B6N_R,"Revenu disponible réel des ménages, net",_Z,Non applicable,,,,,,,,,,,L,Volumes chaînés,N,Données non transformées,,,,,,,F,Libre (libre pour publication),2,Two,A,Valeur normale,6,Millions,EUR,Euro
DATAFLOW,OECD.SDD.NAD:DSD_NAAG@DF_NAAG_V(1.0),NAAG Chapitre 5: Ménages,I,A,Annuelle,LVA,Lettonie,B6N_R_PPP_P31S14,"Revenu disponible net réel des ménages et des ISBLSM, déflaté par la consommation finale des ménages et des ISBLSM",XDC,Monnaie nationale,NAAG_V,Part V: Households,2020,,17349.66,,N,Ni corrigé des variations saisonnières ni corrigé des effets de calendrier,W,Monde,S1M,Les Ménages et ISBLSM,S1,Economie totale,_Z,Non applicable,B,Solde (recettes moins dépenses),B6N_R,"Revenu disponible réel des ménages, net",_Z,Non applicable,,,,,,,,,,,L,Volumes chaînés,N,Données non transformées,,,,,,,F,Libre (libre pour publication),2,Two,A,Valeur normale,6,Millions,EUR,Euro
DATAFLOW,OECD.SDD.NAD:DSD_NAAG@DF_NAAG_V(1.0),NAAG Chapitre 5: Ménages,I,A,Annuelle,LTU,Lituanie,B6N_R_PPP_P31S14,"Revenu disponible net réel des ménages et des ISBLSM, déflaté par la consommation finale des ménages et des ISBLSM",XDC,Monnaie nationale,NAAG_V,Part V: Households,2020,,30310.656699,,N,Ni corrigé des variations saisonnières ni corrigé des effets de calendrier,W,Monde,S1M,Les Ménages et ISBLSM,S1,Economie totale,_Z,Non applicable,B,Solde (recettes moins dépenses),B6N_R,"Revenu disponible réel des ménages, net",_Z,Non applicable,,,,,,,,,,,L,Volumes chaînés,N,Données non transformées,,,,,,,F,Libre (libre pour publication),2,Two,A,Valeur normale,6,Millions,EUR,Euro
DATAFLOW,OECD.SDD.NAD:DSD_NAAG@DF_NAAG_V(1.0),NAAG Chapitre 5: Ménages,I,A,Annuelle,LUX,Luxembourg,B6N_R_PPP_P31S14,"Revenu disponible net réel des ménages et des ISBLSM, déflaté par la consommation finale des ménages et des ISBLSM",XDC,Monnaie nationale,NAAG_V,Part V: Households,2020,,24708.5,,N,Ni corrigé des variations saisonnières ni corrigé des effets de calendrier,W,Monde,S1M,Les Ménages et ISBLSM,S1,Economie totale,_Z,Non applicable,B,Solde (recettes moins dépenses),B6N_R,"Revenu disponible réel des ménages, net",_Z,Non applicable,,,,,,,,,,,L,Volumes chaînés,N,Données non transformées,,,,,,,F,Libre (libre pour publication),2,Two,A,Valeur normale,6,Millions,EUR,Euro
DATAFLOW,OECD.SDD.NAD:DSD_NAAG@DF_NAAG_V(1.0),NAAG Chapitre 5: Ménages,I,A,Annuelle,NLD,Pays-Bas,B6N_R_PPP_P31S14,"Revenu disponible net réel des ménages et des ISBLSM, déflaté par la consommation finale des ménages et des ISBLSM",XDC,Monnaie nationale,NAAG_V,Part V: Households,2020,,386801,,N,Ni corrigé des variations saisonnières ni corrigé des effets de calendrier,W,Monde,S1M,Les Ménages et ISBLSM,S1,Economie totale,_Z,Non applicable,B,Solde (recettes moins dépenses),B6N_R,"Revenu disponible réel des ménages, net",_Z,Non applicable,,,,,,,,,,,L,Volumes chaînés,N,Données non transformées,,,,,,,F,Libre (libre pour publication),2,Two,A,Valeur normale,6,Millions,EUR,Euro
DATAFLOW,OECD.SDD.NAD:DSD_NAAG@DF_NAAG_V(1.0),NAAG Chapitre 5: Ménages,I,A,Annuelle,PRT,Portugal,B6N_R_PPP_P31S14,"Revenu disponible net réel des ménages et des ISBLSM, déflaté par la consommation finale des ménages et des ISBLSM",XDC,Monnaie nationale,NAAG_V,Part V: Households,2020,,133108.929,,N,Ni corrigé des variations saisonnières ni corrigé des effets de calendrier,W,Monde,S1M,Les Ménages et ISBLSM,S1,Economie totale,_Z,Non applicable,B,Solde (recettes moins dépenses),B6N_R,"Revenu disponible réel des ménages, net",_Z,Non applicable,,,,,,,,,,,L,Volumes chaînés,N,Données non transformées,,,,,,,F,Libre (libre pour publication),2,Two,A,Valeur normale,6,Millions,EUR,Euro
DATAFLOW,OECD.SDD.NAD:DSD_NAAG@DF_NAAG_V(1.0),NAAG Chapitre 5: Ménages,I,A,Annuelle,SVK,République slovaque,B6N_R_PPP_P31S14,"Revenu disponible net réel des ménages et des ISBLSM, déflaté par la consommation finale des ménages et des ISBLSM",XDC,Monnaie nationale,NAAG_V,Part V: Households,2020,,56355.381,,N,Ni corrigé des variations saisonnières ni corrigé des effets de calendrier,W,Monde,S1M,Les Ménages et ISBLSM,S1,Economie totale,_Z,Non applicable,B,Solde (recettes moins dépenses),B6N_R,"Revenu disponible réel des ménages, net",_Z,Non applicable,,,,,,,,,,,L,Volumes chaînés,N,Données non transformées,,,,,,,F,Libre (libre pour publication),2,Two,A,Valeur normale,6,Millions,EUR,Euro
DATAFLOW,OECD.SDD.NAD:DSD_NAAG@DF_NAAG_V(1.0),NAAG Chapitre 5: Ménages,I,A,Annuelle,SVN,Slovénie,B6N_R_PPP_P31S14,"Revenu disponible net réel des ménages et des ISBLSM, déflaté par la consommation finale des ménages et des ISBLSM",XDC,Monnaie nationale,NAAG_V,Part V: Households,2020,,27817.122531,,N,Ni corrigé des variations saisonnières ni corrigé des effets de calendrier,W,Monde,S1M,Les Ménages et ISBLSM,S1,Economie totale,_Z,Non applicable,B,Solde (recettes moins dépenses),B6N_R,"Revenu disponible réel des ménages, net",_Z,Non applicable,,,,,,,,,,,L,Volumes chaînés,N,Données non transformées,,,,,,,F,Libre (libre pour publication),2,Two,A,Valeur normale,6,Millions,EUR,Euro
DATAFLOW,OECD.SDD.NAD:DSD_NAAG@DF_NAAG_V(1.0),NAAG Chapitre 5: Ménages,I,A,Annuelle,ESP,Espagne,B6N_R_PPP_P31S14,"Revenu disponible net réel des ménages et des ISBLSM, déflaté par la consommation finale des ménages et des ISBLSM",XDC,Monnaie nationale,NAAG_V,Part V: Households,2020,,743298,,N,Ni corrigé des variations saisonnières ni corrigé des effets de calendrier,W,Monde,S1M,Les Ménages et ISBLSM,S1,Economie totale,_Z,Non applicable,B,Solde (recettes moins dépenses),B6N_R,"Revenu disponible réel des ménages, net",_Z,Non applicable,,,,,,,,,,,L,Volumes chaînés,N,Données non transformées,,,,,,,F,Libre (libre pour publication),2,Two,A,Valeur normale,6,Millions,EUR,Euro
DATAFLOW,OECD.SDD.NAD:DSD_NAAG@DF_NAAG_V(1.0),NAAG Chapitre 5: Ménages,I,A,Annuelle,AUT,Autriche,B6N_R_PPP_P31S14,"Revenu disponible net réel des ménages et des ISBLSM, déflaté par la consommation finale des ménages et des ISBLSM",XDC,Monnaie nationale,NAAG_V,Part V: Households,2021,,222170.38042111,,N,Ni corrigé des variations saisonnières ni corrigé des effets de calendrier,W,Monde,S1M,Les Ménages et ISBLSM,S1,Economie totale,_Z,Non applicable,B,Solde (recettes moins dépenses),B6N_R,"Revenu disponible réel des ménages, net",_Z,Non applicable,,,,,,,,,,,L,Volumes chaînés,N,Données non transformées,,,,,,,F,Libre (libre pour publication),2,Two,A,Valeur normale,6,Millions,EUR,Euro
DATAFLOW,OECD.SDD.NAD:DSD_NAAG@DF_NAAG_V(1.0),NAAG Chapitre 5: Ménages,I,A,Annuelle,BEL,Belgique,B6N_R_PPP_P31S14,"Revenu disponible net réel des ménages et des ISBLSM, déflaté par la consommation finale des ménages et des ISBLSM",XDC,Monnaie nationale,NAAG_V,Part V: Households,2021,,271709.473726915,,N,Ni corrigé des variations saisonnières ni corrigé des effets de calendrier,W,Monde,S1M,Les Ménages et ISBLSM,S1,Economie totale,_Z,Non applicable,B,Solde (recettes moins dépenses),B6N_R,"Revenu disponible réel des ménages, net",_Z,Non applicable,,,,,,,,,,,L,Volumes chaînés,N,Données non transformées,,,,,,,F,Libre (libre pour publication),2,Two,A,Valeur normale,6,Millions,EUR,Euro
DATAFLOW,OECD.SDD.NAD:DSD_NAAG@DF_NAAG_V(1.0),NAAG Chapitre 5: Ménages,I,A,Annuelle,EST,Estonie,B6N_R_PPP_P31S14,"Revenu disponible net réel des ménages et des ISBLSM, déflaté par la consommation finale des ménages et des ISBLSM",XDC,Monnaie nationale,NAAG_V,Part V: Households,2021,,15858.6397782013,,N,Ni corrigé des variations saisonnières ni corrigé des effets de calendrier,W,Monde,S1M,Les Ménages et ISBLSM,S1,Economie totale,_Z,Non applicable,B,Solde (recettes moins dépenses),B6N_R,"Revenu disponible réel des ménages, net",_Z,Non applicable,,,,,,,,,,,L,Volumes chaînés,N,Données non transformées,,,,,,,F,Libre (libre pour publication),2,Two,A,Valeur normale,6,Millions,EUR,Euro
DATAFLOW,OECD.SDD.NAD:DSD_NAAG@DF_NAAG_V(1.0),NAAG Chapitre 5: Ménages,I,A,Annuelle,FIN,Finlande,B6N_R_PPP_P31S14,"Revenu disponible net réel des ménages et des ISBLSM, déflaté par la consommation finale des ménages et des ISBLSM",XDC,Monnaie nationale,NAAG_V,Part V: Households,2021,,128632.790280369,,N,Ni corrigé des variations saisonnières ni corrigé des effets de calendrier,W,Monde,S1M,Les Ménages et ISBLSM,S1,Economie totale,_Z,Non applicable,B,Solde (recettes moins dépenses),B6N_R,"Revenu disponible réel des ménages, net",_Z,Non applicable,,,,,,,,,,,L,Volumes chaînés,N,Données non transformées,,,,,,,F,Libre (libre pour publication),2,Two,A,Valeur normale,6,Millions,EUR,Euro
DATAFLOW,OECD.SDD.NAD:DSD_NAAG@DF_NAAG_V(1.0),NAAG Chapitre 5: Ménages,I,A,Annuelle,FRA,France,B6N_R_PPP_P31S14,"Revenu disponible net réel des ménages et des ISBLSM, déflaté par la consommation finale des ménages et des ISBLSM",XDC,Monnaie nationale,NAAG_V,Part V: Households,2021,,1501459.20890138,,N,Ni corrigé des variations saisonnières ni corrigé des effets de calendrier,W,Monde,S1M,Les Ménages et ISBLSM,S1,Economie totale,_Z,Non applicable,B,Solde (recettes moins dépenses),B6N_R,"Revenu disponible réel des ménages, net",_Z,Non applicable,,,,,,,,,,,L,Volumes chaînés,N,Données non transformées,,,,,,,F,Libre (libre pour publication),2,Two,A,Valeur normale,6,Millions,EUR,Euro
DATAFLOW,OECD.SDD.NAD:DSD_NAAG@DF_NAAG_V(1.0),NAAG Chapitre 5: Ménages,I,A,Annuelle,DEU,Allemagne,B6N_R_PPP_P31S14,"Revenu disponible net réel des ménages et des ISBLSM, déflaté par la consommation finale des ménages et des ISBLSM",XDC,Monnaie nationale,NAAG_V,Part V: Households,2021,,2021756.79578852,,N,Ni corrigé des variations saisonnières ni corrigé des effets de calendrier,W,Monde,S1M,Les Ménages et ISBLSM,S1,Economie totale,_Z,Non applicable,B,Solde (recettes moins dépenses),B6N_R,"Revenu disponible réel des ménages, net",_Z,Non applicable,,,,,,,,,,,L,Volumes chaînés,N,Données non transformées,,,,,,,F,Libre (libre pour publication),2,Two,A,Valeur normale,6,Millions,EUR,Euro
DATAFLOW,OECD.SDD.NAD:DSD_NAAG@DF_NAAG_V(1.0),NAAG Chapitre 5: Ménages,I,A,Annuelle,GRC,Grèce,B6N_R_PPP_P31S14,"Revenu disponible net réel des ménages et des ISBLSM, déflaté par la consommation finale des ménages et des ISBLSM",XDC,Monnaie nationale,NAAG_V,Part V: Households,2021,,122368.410388874,,N,Ni corrigé des variations saisonnières ni corrigé des effets de calendrier,W,Monde,S1M,Les Ménages et ISBLSM,S1,Economie totale,_Z,Non applicable,B,Solde (recettes moins dépenses),B6N_R,"Revenu disponible réel des ménages, net",_Z,Non applicable,,,,,,,,,,,L,Volumes chaînés,N,Données non transformées,,,,,,,F,Libre (libre pour publication),2,Two,A,Valeur normale,6,Millions,EUR,Euro
DATAFLOW,OECD.SDD.NAD:DSD_NAAG@DF_NAAG_V(1.0),NAAG Chapitre 5: Ménages,I,A,Annuelle,IRL,Irlande,B6N_R_PPP_P31S14,"Revenu disponible net réel des ménages et des ISBLSM, déflaté par la consommation finale des ménages et des ISBLSM",XDC,Monnaie nationale,NAAG_V,Part V: Households,2021,,122671.960166212,,N,Ni corrigé des variations saisonnières ni corrigé des effets de calendrier,W,Monde,S1M,Les Ménages et ISBLSM,S1,Economie totale,_Z,Non applicable,B,Solde (recettes moins dépenses),B6N_R,"Revenu disponible réel des ménages, net",_Z,Non applicable,,,,,,,,,,,L,Volumes chaînés,N,Données non transformées,,,,,,,F,Libre (libre pour publication),2,Two,A,Valeur normale,6,Millions,EUR,Euro
DATAFLOW,OECD.SDD.NAD:DSD_NAAG@DF_NAAG_V(1.0),NAAG Chapitre 5: Ménages,I,A,Annuelle,ITA,Italie,B6N_R_PPP_P31S14,"Revenu disponible net réel des ménages et des ISBLSM, déflaté par la consommation finale des ménages et des ISBLSM",XDC,Monnaie nationale,NAAG_V,Part V: Households,2021,,1109710.22891132,,N,Ni corrigé des variations saisonnières ni corrigé des effets de calendrier,W,Monde,S1M,Les Ménages et ISBLSM,S1,Economie totale,_Z,Non applicable,B,Solde (recettes moins dépenses),B6N_R,"Revenu disponible réel des ménages, net",_Z,Non applicable,,,,,,,,,,,L,Volumes chaînés,N,Données non transformées,,,,,,,F,Libre (libre pour publication),2,Two,A,Valeur normale,6,Millions,EUR,Euro
DATAFLOW,OECD.SDD.NAD:DSD_NAAG@DF_NAAG_V(1.0),NAAG Chapitre 5: Ménages,I,A,Annuelle,LVA,Lettonie,B6N_R_PPP_P31S14,"Revenu disponible net réel des ménages et des ISBLSM, déflaté par la consommation finale des ménages et des ISBLSM",XDC,Monnaie nationale,NAAG_V,Part V: Households,2021,,18013.7943049732,,N,Ni corrigé des variations saisonnières ni corrigé des effets de calendrier,W,Monde,S1M,Les Ménages et ISBLSM,S1,Economie totale,_Z,Non applicable,B,Solde (recettes moins dépenses),B6N_R,"Revenu disponible réel des ménages, net",_Z,Non applicable,,,,,,,,,,,L,Volumes chaînés,N,Données non transformées,,,,,,,F,Libre (libre pour publication),2,Two,A,Valeur normale,6,Millions,EUR,Euro
DATAFLOW,OECD.SDD.NAD:DSD_NAAG@DF_NAAG_V(1.0),NAAG Chapitre 5: Ménages,I,A,Annuelle,LTU,Lituanie,B6N_R_PPP_P31S14,"Revenu disponible net réel des ménages et des ISBLSM, déflaté par la consommation finale des ménages et des ISBLSM",XDC,Monnaie nationale,NAAG_V,Part V: Households,2021,,32181.3766730537,,N,Ni corrigé des variations saisonnières ni corrigé des effets de calendrier,W,Monde,S1M,Les Ménages et ISBLSM,S1,Economie totale,_Z,Non applicable,B,Solde (recettes moins dépenses),B6N_R,"Revenu disponible réel des ménages, net",_Z,Non applicable,,,,,,,,,,,L,Volumes chaînés,N,Données non transformées,,,,,,,F,Libre (libre pour publication),2,Two,A,Valeur normale,6,Millions,EUR,Euro
DATAFLOW,OECD.SDD.NAD:DSD_NAAG@DF_NAAG_V(1.0),NAAG Chapitre 5: Ménages,I,A,Annuelle,LUX,Luxembourg,B6N_R_PPP_P31S14,"Revenu disponible net réel des ménages et des ISBLSM, déflaté par la consommation finale des ménages et des ISBLSM",XDC,Monnaie nationale,NAAG_V,Part V: Households,2021,,24746.6509134687,,N,Ni corrigé des variations saisonnières ni corrigé des effets de calendrier,W,Monde,S1M,Les Ménages et ISBLSM,S1,Economie totale,_Z,Non applicable,B,Solde (recettes moins dépenses),B6N_R,"Revenu disponible réel des ménages, net",_Z,Non applicable,,,,,,,,,,,L,Volumes chaînés,N,Données non transformées,,,,,,,F,Libre (libre pour publication),2,Two,A,Valeur normale,6,Millions,EUR,Euro
DATAFLOW,OECD.SDD.NAD:DSD_NAAG@DF_NAAG_V(1.0),NAAG Chapitre 5: Ménages,I,A,Annuelle,NLD,Pays-Bas,B6N_R_PPP_P31S14,"Revenu disponible net réel des ménages et des ISBLSM, déflaté par la consommation finale des ménages et des ISBLSM",XDC,Monnaie nationale,NAAG_V,Part V: Households,2021,,392516.744476438,,N,Ni corrigé des variations saisonnières ni corrigé des effets de calendrier,W,Monde,S1M,Les Ménages et ISBLSM,S1,Economie totale,_Z,Non applicable,B,Solde (recettes moins dépenses),B6N_R,"Revenu disponible réel des ménages, net",_Z,Non applicable,,,,,,,,,,,L,Volumes chaînés,N,Données non transformées,,,,,,,F,Libre (libre pour publication),2,Two,A,Valeur normale,6,Millions,EUR,Euro
DATAFLOW,OECD.SDD.NAD:DSD_NAAG@DF_NAAG_V(1.0),NAAG Chapitre 5: Ménages,I,A,Annuelle,PRT,Portugal,B6N_R_PPP_P31S14,"Revenu disponible net réel des ménages et des ISBLSM, déflaté par la consommation finale des ménages et des ISBLSM",XDC,Monnaie nationale,NAAG_V,Part V: Households,2021,,137478.434406643,,N,Ni corrigé des variations saisonnières ni corrigé des effets de calendrier,W,Monde,S1M,Les Ménages et ISBLSM,S1,Economie totale,_Z,Non applicable,B,Solde (recettes moins dépenses),B6N_R,"Revenu disponible réel des ménages, net",_Z,Non applicable,,,,,,,,,,,L,Volumes chaînés,N,Données non transformées,,,,,,,F,Libre (libre pour publication),2,Two,A,Valeur normale,6,Millions,EUR,Euro
DATAFLOW,OECD.SDD.NAD:DSD_NAAG@DF_NAAG_V(1.0),NAAG Chapitre 5: Ménages,I,A,Annuelle,SVK,République slovaque,B6N_R_PPP_P31S14,"Revenu disponible net réel des ménages et des ISBLSM, déflaté par la consommation finale des ménages et des ISBLSM",XDC,Monnaie nationale,NAAG_V,Part V: Households,2021,,57558.6534181194,,N,Ni corrigé des variations saisonnières ni corrigé des effets de calendrier,W,Monde,S1M,Les Ménages et ISBLSM,S1,Economie totale,_Z,Non applicable,B,Solde (recettes moins dépenses),B6N_R,"Revenu disponible réel des ménages, net",_Z,Non applicable,,,,,,,,,,,L,Volumes chaînés,N,Données non transformées,,,,,,,F,Libre (libre pour publication),2,Two,A,Valeur normale,6,Millions,EUR,Euro
DATAFLOW,OECD.SDD.NAD:DSD_NAAG@DF_NAAG_V(1.0),NAAG Chapitre 5: Ménages,I,A,Annuelle,SVN,Slovénie,B6N_R_PPP_P31S14,"Revenu disponible net réel des ménages et des ISBLSM, déflaté par la consommation finale des ménages et des ISBLSM",XDC,Monnaie nationale,NAAG_V,Part V: Households,2021,,28860.9537180775,,N,Ni corrigé des variations saisonnières ni corrigé des effets de calendrier,W,Monde,S1M,Les Ménages et ISBLSM,S1,Economie totale,_Z,Non applicable,B,Solde (recettes moins dépenses),B6N_R,"Revenu disponible réel des ménages, net",_Z,Non applicable,,,,,,,,,,,L,Volumes chaînés,N,Données non transformées,,,,,,,F,Libre (libre pour publication),2,Two,A,Valeur normale,6,Millions,EUR,Euro
DATAFLOW,OECD.SDD.NAD:DSD_NAAG@DF_NAAG_V(1.0),NAAG Chapitre 5: Ménages,I,A,Annuelle,ESP,Espagne,B6N_R_PPP_P31S14,"Revenu disponible net réel des ménages et des ISBLSM, déflaté par la consommation finale des ménages et des ISBLSM",XDC,Monnaie nationale,NAAG_V,Part V: Households,2021,,762997.262561657,,N,Ni corrigé des variations saisonnières ni corrigé des effets de calendrier,W,Monde,S1M,Les Ménages et ISBLSM,S1,Economie totale,_Z,Non applicable,B,Solde (recettes moins dépenses),B6N_R,"Revenu disponible réel des ménages, net",_Z,Non applicable,,,,,,,,,,,L,Volumes chaînés,N,Données non transformées,,,,,,,F,Libre (libre pour publication),2,Two,A,Valeur normale,6,Millions,EUR,Euro
DATAFLOW,OECD.SDD.NAD:DSD_NAAG@DF_NAAG_V(1.0),NAAG Chapitre 5: Ménages,I,A,Annuelle,AUT,Autriche,B6N_R_PPP_P31S14,"Revenu disponible net réel des ménages et des ISBLSM, déflaté par la consommation finale des ménages et des ISBLSM",XDC,Monnaie nationale,NAAG_V,Part V: Households,2022,,227769.046521333,,N,Ni corrigé des variations saisonnières ni corrigé des effets de calendrier,W,Monde,S1M,Les Ménages et ISBLSM,S1,Economie totale,_Z,Non applicable,B,Solde (recettes moins dépenses),B6N_R,"Revenu disponible réel des ménages, net",_Z,Non applicable,,,,,,,,,,,L,Volumes chaînés,N,Données non transformées,,,,,,,F,Libre (libre pour publication),2,Two,A,Valeur normale,6,Millions,EUR,Euro
DATAFLOW,OECD.SDD.NAD:DSD_NAAG@DF_NAAG_V(1.0),NAAG Chapitre 5: Ménages,I,A,Annuelle,BEL,Belgique,B6N_R_PPP_P31S14,"Revenu disponible net réel des ménages et des ISBLSM, déflaté par la consommation finale des ménages et des ISBLSM",XDC,Monnaie nationale,NAAG_V,Part V: Households,2022,,269993.199761922,,N,Ni corrigé des variations saisonnières ni corrigé des effets de calendrier,W,Monde,S1M,Les Ménages et ISBLSM,S1,Economie totale,_Z,Non applicable,B,Solde (recettes moins dépenses),B6N_R,"Revenu disponible réel des ménages, net",_Z,Non applicable,,,,,,,,,,,L,Volumes chaînés,N,Données non transformées,,,,,,,F,Libre (libre pour publication),2,Two,A,Valeur normale,6,Millions,EUR,Euro
DATAFLOW,OECD.SDD.NAD:DSD_NAAG@DF_NAAG_V(1.0),NAAG Chapitre 5: Ménages,I,A,Annuelle,EST,Estonie,B6N_R_PPP_P31S14,"Revenu disponible net réel des ménages et des ISBLSM, déflaté par la consommation finale des ménages et des ISBLSM",XDC,Monnaie nationale,NAAG_V,Part V: Households,2022,,15235.6493087659,,N,Ni corrigé des variations saisonnières ni corrigé des effets de calendrier,W,Monde,S1M,Les Ménages et ISBLSM,S1,Economie totale,_Z,Non applicable,B,Solde (recettes moins dépenses),B6N_R,"Revenu disponible réel des ménages, net",_Z,Non applicable,,,,,,,,,,,L,Volumes chaînés,N,Données non transformées,,,,,,,F,Libre (libre pour publication),2,Two,A,Valeur normale,6,Millions,EUR,Euro
DATAFLOW,OECD.SDD.NAD:DSD_NAAG@DF_NAAG_V(1.0),NAAG Chapitre 5: Ménages,I,A,Annuelle,FIN,Finlande,B6N_R_PPP_P31S14,"Revenu disponible net réel des ménages et des ISBLSM, déflaté par la consommation finale des ménages et des ISBLSM",XDC,Monnaie nationale,NAAG_V,Part V: Households,2022,,125589.493457446,,N,Ni corrigé des variations saisonnières ni corrigé des effets de calendrier,W,Monde,S1M,Les Ménages et ISBLSM,S1,Economie totale,_Z,Non applicable,B,Solde (recettes moins dépenses),B6N_R,"Revenu disponible réel des ménages, net",_Z,Non applicable,,,,,,,,,,,L,Volumes chaînés,N,Données non transformées,,,,,,,F,Libre (libre pour publication),2,Two,A,Valeur normale,6,Millions,EUR,Euro
DATAFLOW,OECD.SDD.NAD:DSD_NAAG@DF_NAAG_V(1.0),NAAG Chapitre 5: Ménages,I,A,Annuelle,FRA,France,B6N_R_PPP_P31S14,"Revenu disponible net réel des ménages et des ISBLSM, déflaté par la consommation finale des ménages et des ISBLSM",XDC,Monnaie nationale,NAAG_V,Part V: Households,2022,,1506419.6379798,,N,Ni corrigé des variations saisonnières ni corrigé des effets de calendrier,W,Monde,S1M,Les Ménages et ISBLSM,S1,Economie totale,_Z,Non applicable,B,Solde (recettes moins dépenses),B6N_R,"Revenu disponible réel des ménages, net",_Z,Non applicable,,,,,,,,,,,L,Volumes chaînés,N,Données non transformées,,,,,,,F,Libre (libre pour publication),2,Two,A,Valeur normale,6,Millions,EUR,Euro
DATAFLOW,OECD.SDD.NAD:DSD_NAAG@DF_NAAG_V(1.0),NAAG Chapitre 5: Ménages,I,A,Annuelle,GRC,Grèce,B6N_R_PPP_P31S14,"Revenu disponible net réel des ménages et des ISBLSM, déflaté par la consommation finale des ménages et des ISBLSM",XDC,Monnaie nationale,NAAG_V,Part V: Households,2022,,121802.7823338,,N,Ni corrigé des variations saisonnières ni corrigé des effets de calendrier,W,Monde,S1M,Les Ménages et ISBLSM,S1,Economie totale,_Z,Non applicable,B,Solde (recettes moins dépenses),B6N_R,"Revenu disponible réel des ménages, net",_Z,Non applicable,,,,,,,,,,,L,Volumes chaînés,N,Données non transformées,,,,,,,F,Libre (libre pour publication),2,Two,A,Valeur normale,6,Millions,EUR,Euro
DATAFLOW,OECD.SDD.NAD:DSD_NAAG@DF_NAAG_V(1.0),NAAG Chapitre 5: Ménages,I,A,Annuelle,IRL,Irlande,B6N_R_PPP_P31S14,"Revenu disponible net réel des ménages et des ISBLSM, déflaté par la consommation finale des ménages et des ISBLSM",XDC,Monnaie nationale,NAAG_V,Part V: Households,2022,,122490.385392936,,N,Ni corrigé des variations saisonnières ni corrigé des effets de calendrier,W,Monde,S1M,Les Ménages et ISBLSM,S1,Economie totale,_Z,Non applicable,B,Solde (recettes moins dépenses),B6N_R,"Revenu disponible réel des ménages, net",_Z,Non applicable,,,,,,,,,,,L,Volumes chaînés,N,Données non transformées,,,,,,,F,Libre (libre pour publication),2,Two,A,Valeur normale,6,Millions,EUR,Euro
DATAFLOW,OECD.SDD.NAD:DSD_NAAG@DF_NAAG_V(1.0),NAAG Chapitre 5: Ménages,I,A,Annuelle,ITA,Italie,B6N_R_PPP_P31S14,"Revenu disponible net réel des ménages et des ISBLSM, déflaté par la consommation finale des ménages et des ISBLSM",XDC,Monnaie nationale,NAAG_V,Part V: Households,2022,,1105735.09114613,,N,Ni corrigé des variations saisonnières ni corrigé des effets de calendrier,W,Monde,S1M,Les Ménages et ISBLSM,S1,Economie totale,_Z,Non applicable,B,Solde (recettes moins dépenses),B6N_R,"Revenu disponible réel des ménages, net",_Z,Non applicable,,,,,,,,,,,L,Volumes chaînés,N,Données non transformées,,,,,,,F,Libre (libre pour publication),2,Two,A,Valeur normale,6,Millions,EUR,Euro
DATAFLOW,OECD.SDD.NAD:DSD_NAAG@DF_NAAG_V(1.0),NAAG Chapitre 5: Ménages,I,A,Annuelle,LVA,Lettonie,B6N_R_PPP_P31S14,"Revenu disponible net réel des ménages et des ISBLSM, déflaté par la consommation finale des ménages et des ISBLSM",XDC,Monnaie nationale,NAAG_V,Part V: Households,2022,,17589.3320275578,,N,Ni corrigé des variations saisonnières ni corrigé des effets de calendrier,W,Monde,S1M,Les Ménages et ISBLSM,S1,Economie totale,_Z,Non applicable,B,Solde (recettes moins dépenses),B6N_R,"Revenu disponible réel des ménages, net",_Z,Non applicable,,,,,,,,,,,L,Volumes chaînés,N,Données non transformées,,,,,,,F,Libre (libre pour publication),2,Two,A,Valeur normale,6,Millions,EUR,Euro
DATAFLOW,OECD.SDD.NAD:DSD_NAAG@DF_NAAG_V(1.0),NAAG Chapitre 5: Ménages,I,A,Annuelle,LTU,Lituanie,B6N_R_PPP_P31S14,"Revenu disponible net réel des ménages et des ISBLSM, déflaté par la consommation finale des ménages et des ISBLSM",XDC,Monnaie nationale,NAAG_V,Part V: Households,2022,,30762.2891200721,,N,Ni corrigé des variations saisonnières ni corrigé des effets de calendrier,W,Monde,S1M,Les Ménages et ISBLSM,S1,Economie totale,_Z,Non applicable,B,Solde (recettes moins dépenses),B6N_R,"Revenu disponible réel des ménages, net",_Z,Non applicable,,,,,,,,,,,L,Volumes chaînés,N,Données non transformées,,,,,,,F,Libre (libre pour publication),2,Two,A,Valeur normale,6,Millions,EUR,Euro
DATAFLOW,OECD.SDD.NAD:DSD_NAAG@DF_NAAG_V(1.0),NAAG Chapitre 5: Ménages,I,A,Annuelle,LUX,Luxembourg,B6N_R_PPP_P31S14,"Revenu disponible net réel des ménages et des ISBLSM, déflaté par la consommation finale des ménages et des ISBLSM",XDC,Monnaie nationale,NAAG_V,Part V: Households,2022,,24827.3571468942,,N,Ni corrigé des variations saisonnières ni corrigé des effets de calendrier,W,Monde,S1M,Les Ménages et ISBLSM,S1,Economie totale,_Z,Non applicable,B,Solde (recettes moins dépenses),B6N_R,"Revenu disponible réel des ménages, net",_Z,Non applicable,,,,,,,,,,,L,Volumes chaînés,N,Données non transformées,,,,,,,F,Libre (libre pour publication),2,Two,A,Valeur normale,6,Millions,EUR,Euro
DATAFLOW,OECD.SDD.NAD:DSD_NAAG@DF_NAAG_V(1.0),NAAG Chapitre 5: Ménages,I,A,Annuelle,NLD,Pays-Bas,B6N_R_PPP_P31S14,"Revenu disponible net réel des ménages et des ISBLSM, déflaté par la consommation finale des ménages et des ISBLSM",XDC,Monnaie nationale,NAAG_V,Part V: Households,2022,,395380.199777779,,N,Ni corrigé des variations saisonnières ni corrigé des effets de calendrier,W,Monde,S1M,Les Ménages et ISBLSM,S1,Economie totale,_Z,Non applicable,B,Solde (recettes moins dépenses),B6N_R,"Revenu disponible réel des ménages, net",_Z,Non applicable,,,,,,,,,,,L,Volumes chaînés,N,Données non transformées,,,,,,,F,Libre (libre pour publication),2,Two,A,Valeur normale,6,Millions,EUR,Euro
DATAFLOW,OECD.SDD.NAD:DSD_NAAG@DF_NAAG_V(1.0),NAAG Chapitre 5: Ménages,I,A,Annuelle,PRT,Portugal,B6N_R_PPP_P31S14,"Revenu disponible net réel des ménages et des ISBLSM, déflaté par la consommation finale des ménages et des ISBLSM",XDC,Monnaie nationale,NAAG_V,Part V: Households,2022,,139167.944326778,,N,Ni corrigé des variations saisonnières ni corrigé des effets de calendrier,W,Monde,S1M,Les Ménages et ISBLSM,S1,Economie totale,_Z,Non applicable,B,Solde (recettes moins dépenses),B6N_R,"Revenu disponible réel des ménages, net",_Z,Non applicable,,,,,,,,,,,L,Volumes chaînés,N,Données non transformées,,,,,,,F,Libre (libre pour publication),2,Two,A,Valeur normale,6,Millions,EUR,Euro
DATAFLOW,OECD.SDD.NAD:DSD_NAAG@DF_NAAG_V(1.0),NAAG Chapitre 5: Ménages,I,A,Annuelle,SVK,République slovaque,B6N_R_PPP_P31S14,"Revenu disponible net réel des ménages et des ISBLSM, déflaté par la consommation finale des ménages et des ISBLSM",XDC,Monnaie nationale,NAAG_V,Part V: Households,2022,,56391.1430042039,,N,Ni corrigé des variations saisonnières ni corrigé des effets de calendrier,W,Monde,S1M,Les Ménages et ISBLSM,S1,Economie totale,_Z,Non applicable,B,Solde (recettes moins dépenses),B6N_R,"Revenu disponible réel des ménages, net",_Z,Non applicable,,,,,,,,,,,L,Volumes chaînés,N,Données non transformées,,,,,,,F,Libre (libre pour publication),2,Two,A,Valeur normale,6,Millions,EUR,Euro
DATAFLOW,OECD.SDD.NAD:DSD_NAAG@DF_NAAG_V(1.0),NAAG Chapitre 5: Ménages,I,A,Annuelle,SVN,Slovénie,B6N_R_PPP_P31S14,"Revenu disponible net réel des ménages et des ISBLSM, déflaté par la consommation finale des ménages et des ISBLSM",XDC,Monnaie nationale,NAAG_V,Part V: Households,2022,,28858.4686717831,,N,Ni corrigé des variations saisonnières ni corrigé des effets de calendrier,W,Monde,S1M,Les Ménages et ISBLSM,S1,Economie totale,_Z,Non applicable,B,Solde (recettes moins dépenses),B6N_R,"Revenu disponible réel des ménages, net",_Z,Non applicable,,,,,,,,,,,L,Volumes chaînés,N,Données non transformées,,,,,,,F,Libre (libre pour publication),2,Two,A,Valeur normale,6,Millions,EUR,Euro
DATAFLOW,OECD.SDD.NAD:DSD_NAAG@DF_NAAG_V(1.0),NAAG Chapitre 5: Ménages,I,A,Annuelle,ESP,Espagne,B6N_R_PPP_P31S14,"Revenu disponible net réel des ménages et des ISBLSM, déflaté par la consommation finale des ménages et des ISBLSM",XDC,Monnaie nationale,NAAG_V,Part V: Households,2022,,751384.629315067,,N,Ni corrigé des variations saisonnières ni corrigé des effets de calendrier,W,Monde,S1M,Les Ménages et ISBLSM,S1,Economie totale,_Z,Non applicable,B,Solde (recettes moins dépenses),B6N_R,"Revenu disponible réel des ménages, net",_Z,Non applicable,,,,,,,,,,,L,Volumes chaînés,N,Données non transformées,,,,,,,F,Libre (libre pour publication),2,Two,A,Valeur normale,6,Millions,EUR,Euro
DATAFLOW,OECD.SDD.NAD:DSD_NAAG@DF_NAAG_V(1.0),NAAG Chapitre 5: Ménages,I,A,Annuelle,AUT,Autriche,B6N_R_PPP_P31S14,"Revenu disponible net réel des ménages et des ISBLSM, déflaté par la consommation finale des ménages et des ISBLSM",XDC,Monnaie nationale,NAAG_V,Part V: Households,2023,,226248.606943031,,N,Ni corrigé des variations saisonnières ni corrigé des effets de calendrier,W,Monde,S1M,Les Ménages et ISBLSM,S1,Economie totale,_Z,Non applicable,B,Solde (recettes moins dépenses),B6N_R,"Revenu disponible réel des ménages, net",_Z,Non applicable,,,,,,,,,,,L,Volumes chaînés,N,Données non transformées,,,,,,,F,Libre (libre pour publication),2,Two,A,Valeur normale,6,Millions,EUR,Euro
DATAFLOW,OECD.SDD.NAD:DSD_NAAG@DF_NAAG_V(1.0),NAAG Chapitre 5: Ménages,I,A,Annuelle,BEL,Belgique,B6N_R_PPP_P31S14,"Revenu disponible net réel des ménages et des ISBLSM, déflaté par la consommation finale des ménages et des ISBLSM",XDC,Monnaie nationale,NAAG_V,Part V: Households,2023,,277383.804161056,,N,Ni corrigé des variations saisonnières ni corrigé des effets de calendrier,W,Monde,S1M,Les Ménages et ISBLSM,S1,Economie totale,_Z,Non applicable,B,Solde (recettes moins dépenses),B6N_R,"Revenu disponible réel des ménages, net",_Z,Non applicable,,,,,,,,,,,L,Volumes chaînés,N,Données non transformées,,,,,,,F,Libre (libre pour publication),2,Two,A,Valeur normale,6,Millions,EUR,Euro
DATAFLOW,OECD.SDD.NAD:DSD_NAAG@DF_NAAG_V(1.0),NAAG Chapitre 5: Ménages,I,A,Annuelle,EST,Estonie,B6N_R_PPP_P31S14,"Revenu disponible net réel des ménages et des ISBLSM, déflaté par la consommation finale des ménages et des ISBLSM",XDC,Monnaie nationale,NAAG_V,Part V: Households,2023,,15286.8615093985,,N,Ni corrigé des variations saisonnières ni corrigé des effets de calendrier,W,Monde,S1M,Les Ménages et ISBLSM,S1,Economie totale,_Z,Non applicable,B,Solde (recettes moins dépenses),B6N_R,"Revenu disponible réel des ménages, net",_Z,Non applicable,,,,,,,,,,,L,Volumes chaînés,N,Données non transformées,,,,,,,F,Libre (libre pour publication),2,Two,A,Valeur normale,6,Millions,EUR,Euro
DATAFLOW,OECD.SDD.NAD:DSD_NAAG@DF_NAAG_V(1.0),NAAG Chapitre 5: Ménages,I,A,Annuelle,FIN,Finlande,B6N_R_PPP_P31S14,"Revenu disponible net réel des ménages et des ISBLSM, déflaté par la consommation finale des ménages et des ISBLSM",XDC,Monnaie nationale,NAAG_V,Part V: Households,2023,,126268.240794211,,N,Ni corrigé des variations saisonnières ni corrigé des effets de calendrier,W,Monde,S1M,Les Ménages et ISBLSM,S1,Economie totale,_Z,Non applicable,B,Solde (recettes moins dépenses),B6N_R,"Revenu disponible réel des ménages, net",_Z,Non applicable,,,,,,,,,,,L,Volumes chaînés,N,Données non transformées,,,,,,,F,Libre (libre pour publication),2,Two,A,Valeur normale,6,Millions,EUR,Euro
DATAFLOW,OECD.SDD.NAD:DSD_NAAG@DF_NAAG_V(1.0),NAAG Chapitre 5: Ménages,I,A,Annuelle,IRL,Irlande,B6N_R_PPP_P31S14,"Revenu disponible net réel des ménages et des ISBLSM, déflaté par la consommation finale des ménages et des ISBLSM",XDC,Monnaie nationale,NAAG_V,Part V: Households,2023,,125455.822640117,,N,Ni corrigé des variations saisonnières ni corrigé des effets de calendrier,W,Monde,S1M,Les Ménages et ISBLSM,S1,Economie totale,_Z,Non applicable,B,Solde (recettes moins dépenses),B6N_R,"Revenu disponible réel des ménages, net",_Z,Non applicable,,,,,,,,,,,L,Volumes chaînés,N,Données non transformées,,,,,,,F,Libre (libre pour publication),2,Two,A,Valeur normale,6,Millions,EUR,Euro
DATAFLOW,OECD.SDD.NAD:DSD_NAAG@DF_NAAG_V(1.0),NAAG Chapitre 5: Ménages,I,A,Annuelle,ITA,Italie,B6N_R_PPP_P31S14,"Revenu disponible net réel des ménages et des ISBLSM, déflaté par la consommation finale des ménages et des ISBLSM",XDC,Monnaie nationale,NAAG_V,Part V: Households,2023,,1114303.7370171,,N,Ni corrigé des variations saisonnières ni corrigé des effets de calendrier,W,Monde,S1M,Les Ménages et ISBLSM,S1,Economie totale,_Z,Non applicable,B,Solde (recettes moins dépenses),B6N_R,"Revenu disponible réel des ménages, net",_Z,Non applicable,,,,,,,,,,,L,Volumes chaînés,N,Données non transformées,,,,,,,F,Libre (libre pour publication),2,Two,A,Valeur normale,6,Millions,EUR,Euro
DATAFLOW,OECD.SDD.NAD:DSD_NAAG@DF_NAAG_V(1.0),NAAG Chapitre 5: Ménages,I,A,Annuelle,LVA,Lettonie,B6N_R_PPP_P31S14,"Revenu disponible net réel des ménages et des ISBLSM, déflaté par la consommation finale des ménages et des ISBLSM",XDC,Monnaie nationale,NAAG_V,Part V: Households,2023,,16943.8191633232,,N,Ni corrigé des variations saisonnières ni corrigé des effets de calendrier,W,Monde,S1M,Les Ménages et ISBLSM,S1,Economie totale,_Z,Non applicable,B,Solde (recettes moins dépenses),B6N_R,"Revenu disponible réel des ménages, net",_Z,Non applicable,,,,,,,,,,,L,Volumes chaînés,N,Données non transformées,,,,,,,F,Libre (libre pour publication),2,Two,A,Valeur normale,6,Millions,EUR,Euro
DATAFLOW,OECD.SDD.NAD:DSD_NAAG@DF_NAAG_V(1.0),NAAG Chapitre 5: Ménages,I,A,Annuelle,LTU,Lituanie,B6N_R_PPP_P31S14,"Revenu disponible net réel des ménages et des ISBLSM, déflaté par la consommation finale des ménages et des ISBLSM",XDC,Monnaie nationale,NAAG_V,Part V: Households,2023,,30830.1798619902,,N,Ni corrigé des variations saisonnières ni corrigé des effets de calendrier,W,Monde,S1M,Les Ménages et ISBLSM,S1,Economie totale,_Z,Non applicable,B,Solde (recettes moins dépenses),B6N_R,"Revenu disponible réel des ménages, net",_Z,Non applicable,,,,,,,,,,,L,Volumes chaînés,N,Données non transformées,,,,,,,F,Libre (libre pour publication),2,Two,A,Valeur normale,6,Millions,EUR,Euro
DATAFLOW,OECD.SDD.NAD:DSD_NAAG@DF_NAAG_V(1.0),NAAG Chapitre 5: Ménages,I,A,Annuelle,LUX,Luxembourg,B6N_R_PPP_P31S14,"Revenu disponible net réel des ménages et des ISBLSM, déflaté par la consommation finale des ménages et des ISBLSM",XDC,Monnaie nationale,NAAG_V,Part V: Households,2023,,25499.0877124684,,N,Ni corrigé des variations saisonnières ni corrigé des effets de calendrier,W,Monde,S1M,Les Ménages et ISBLSM,S1,Economie totale,_Z,Non applicable,B,Solde (recettes moins dépenses),B6N_R,"Revenu disponible réel des ménages, net",_Z,Non applicable,,,,,,,,,,,L,Volumes chaînés,N,Données non transformées,,,,,,,F,Libre (libre pour publication),2,Two,A,Valeur normale,6,Millions,EUR,Euro
DATAFLOW,OECD.SDD.NAD:DSD_NAAG@DF_NAAG_V(1.0),NAAG Chapitre 5: Ménages,I,A,Annuelle,NLD,Pays-Bas,B6N_R_PPP_P31S14,"Revenu disponible net réel des ménages et des ISBLSM, déflaté par la consommation finale des ménages et des ISBLSM",XDC,Monnaie nationale,NAAG_V,Part V: Households,2023,,403054.004730101,,N,Ni corrigé des variations saisonnières ni corrigé des effets de calendrier,W,Monde,S1M,Les Ménages et ISBLSM,S1,Economie totale,_Z,Non applicable,B,Solde (recettes moins dépenses),B6N_R,"Revenu disponible réel des ménages, net",_Z,Non applicable,,,,,,,,,,,L,Volumes chaînés,N,Données non transformées,,,,,,,F,Libre (libre pour publication),2,Two,A,Valeur normale,6,Millions,EUR,Euro
DATAFLOW,OECD.SDD.NAD:DSD_NAAG@DF_NAAG_V(1.0),NAAG Chapitre 5: Ménages,I,A,Annuelle,PRT,Portugal,B6N_R_PPP_P31S14,"Revenu disponible net réel des ménages et des ISBLSM, déflaté par la consommation finale des ménages et des ISBLSM",XDC,Monnaie nationale,NAAG_V,Part V: Households,2023,,145928.597852098,,N,Ni corrigé des variations saisonnières ni corrigé des effets de calendrier,W,Monde,S1M,Les Ménages et ISBLSM,S1,Economie totale,_Z,Non applicable,B,Solde (recettes moins dépenses),B6N_R,"Revenu disponible réel des ménages, net",_Z,Non applicable,,,,,,,,,,,L,Volumes chaînés,N,Données non transformées,,,,,,,F,Libre (libre pour publication),2,Two,A,Valeur normale,6,Millions,EUR,Euro
DATAFLOW,OECD.SDD.NAD:DSD_NAAG@DF_NAAG_V(1.0),NAAG Chapitre 5: Ménages,I,A,Annuelle,SVK,République slovaque,B6N_R_PPP_P31S14,"Revenu disponible net réel des ménages et des ISBLSM, déflaté par la consommation finale des ménages et des ISBLSM",XDC,Monnaie nationale,NAAG_V,Part V: Households,2023,,56340.384221598,,N,Ni corrigé des variations saisonnières ni corrigé des effets de calendrier,W,Monde,S1M,Les Ménages et ISBLSM,S1,Economie totale,_Z,Non applicable,B,Solde (recettes moins dépenses),B6N_R,"Revenu disponible réel des ménages, net",_Z,Non applicable,,,,,,,,,,,L,Volumes chaînés,N,Données non transformées,,,,,,,F,Libre (libre pour publication),2,Two,A,Valeur normale,6,Millions,EUR,Euro
DATAFLOW,OECD.SDD.NAD:DSD_NAAG@DF_NAAG_V(1.0),NAAG Chapitre 5: Ménages,I,A,Annuelle,SVN,Slovénie,B6N_R_PPP_P31S14,"Revenu disponible net réel des ménages et des ISBLSM, déflaté par la consommation finale des ménages et des ISBLSM",XDC,Monnaie nationale,NAAG_V,Part V: Households,2023,,29070.2888075858,,N,Ni corrigé des variations saisonnières ni corrigé des effets de calendrier,W,Monde,S1M,Les Ménages et ISBLSM,S1,Economie totale,_Z,Non applicable,B,Solde (recettes moins dépenses),B6N_R,"Revenu disponible réel des ménages, net",_Z,Non applicable,,,,,,,,,,,L,Volumes chaînés,N,Données non transformées,,,,,,,F,Libre (libre pour publication),2,Two,A,Valeur normale,6,Millions,EUR,Euro
DATAFLOW,OECD.SDD.NAD:DSD_NAAG@DF_NAAG_V(1.0),NAAG Chapitre 5: Ménages,I,A,Annuelle,ESP,Espagne,B6N_R_PPP_P31S14,"Revenu disponible net réel des ménages et des ISBLSM, déflaté par la consommation finale des ménages et des ISBLSM",XDC,Monnaie nationale,NAAG_V,Part V: Households,2023,,788192.74531749,,N,Ni corrigé des variations saisonnières ni corrigé des effets de calendrier,W,Monde,S1M,Les Ménages et ISBLSM,S1,Economie totale,_Z,Non applicable,B,Solde (recettes moins dépenses),B6N_R,"Revenu disponible réel des ménages, net",_Z,Non applicable,,,,,,,,,,,L,Volumes chaînés,N,Données non transformées,,,,,,,F,Libre (libre pour publication),2,Two,A,Valeur normale,6,Millions,EUR,Euro
DATAFLOW,OECD.SDD.NAD:DSD_NAAG@DF_NAAG_V(1.0),NAAG Chapitre 5: Ménages,I,A,Annuelle,AUT,Autriche,B6N_R_PPP_P31S14,"Revenu disponible net réel des ménages et des ISBLSM, déflaté par la consommation finale des ménages et des ISBLSM",XDC,Monnaie nationale,NAAG_V,Part V: Households,2024,,236191.49798996,,N,Ni corrigé des variations saisonnières ni corrigé des effets de calendrier,W,Monde,S1M,Les Ménages et ISBLSM,S1,Economie totale,_Z,Non applicable,B,Solde (recettes moins dépenses),B6N_R,"Revenu disponible réel des ménages, net",_Z,Non applicable,,,,,,,,,,,L,Volumes chaînés,N,Données non transformées,,,,,,,F,Libre (libre pour publication),2,Two,A,Valeur normale,6,Millions,EUR,Euro
DATAFLOW,OECD.SDD.NAD:DSD_NAAG@DF_NAAG_V(1.0),NAAG Chapitre 5: Ménages,I,A,Annuelle,EST,Estonie,B6N_R_PPP_P31S14,"Revenu disponible net réel des ménages et des ISBLSM, déflaté par la consommation finale des ménages et des ISBLSM",XDC,Monnaie nationale,NAAG_V,Part V: Households,2024,,15901.2247152816,,N,Ni corrigé des variations saisonnières ni corrigé des effets de calendrier,W,Monde,S1M,Les Ménages et ISBLSM,S1,Economie totale,_Z,Non applicable,B,Solde (recettes moins dépenses),B6N_R,"Revenu disponible réel des ménages, net",_Z,Non applicable,,,,,,,,,,,L,Volumes chaînés,N,Données non transformées,,,,,,,F,Libre (libre pour publication),2,Two,A,Valeur normale,6,Millions,EUR,Euro
DATAFLOW,OECD.SDD.NAD:DSD_NAAG@DF_NAAG_V(1.0),NAAG Chapitre 5: Ménages,I,A,Annuelle,FIN,Finlande,B6N_R_PPP_P31S14,"Revenu disponible net réel des ménages et des ISBLSM, déflaté par la consommation finale des ménages et des ISBLSM",XDC,Monnaie nationale,NAAG_V,Part V: Households,2024,,128764.328560331,,N,Ni corrigé des variations saisonnières ni corrigé des effets de calendrier,W,Monde,S1M,Les Ménages et ISBLSM,S1,Economie totale,_Z,Non applicable,B,Solde (recettes moins dépenses),B6N_R,"Revenu disponible réel des ménages, net",_Z,Non applicable,,,,,,,,,,,L,Volumes chaînés,N,Données non transformées,,,,,,,F,Libre (libre pour publication),2,Two,A,Valeur normale,6,Millions,EUR,Euro
DATAFLOW,OECD.SDD.NAD:DSD_NAAG@DF_NAAG_V(1.0),NAAG Chapitre 5: Ménages,I,A,Annuelle,IRL,Irlande,B6N_R_PPP_P31S14,"Revenu disponible net réel des ménages et des ISBLSM, déflaté par la consommation finale des ménages et des ISBLSM",XDC,Monnaie nationale,NAAG_V,Part V: Households,2024,,132045.102361742,,N,Ni corrigé des variations saisonnières ni corrigé des effets de calendrier,W,Monde,S1M,Les Ménages et ISBLSM,S1,Economie totale,_Z,Non applicable,B,Solde (recettes moins dépenses),B6N_R,"Revenu disponible réel des ménages, net",_Z,Non applicable,,,,,,,,,,,L,Volumes chaînés,N,Données non transformées,,,,,,,F,Libre (libre pour publication),2,Two,A,Valeur normale,6,Millions,EUR,Euro
DATAFLOW,OECD.SDD.NAD:DSD_NAAG@DF_NAAG_V(1.0),NAAG Chapitre 5: Ménages,I,A,Annuelle,ITA,Italie,B6N_R_PPP_P31S14,"Revenu disponible net réel des ménages et des ISBLSM, déflaté par la consommation finale des ménages et des ISBLSM",XDC,Monnaie nationale,NAAG_V,Part V: Households,2024,,1131584.38478099,,N,Ni corrigé des variations saisonnières ni corrigé des effets de calendrier,W,Monde,S1M,Les Ménages et ISBLSM,S1,Economie totale,_Z,Non applicable,B,Solde (recettes moins dépenses),B6N_R,"Revenu disponible réel des ménages, net",_Z,Non applicable,,,,,,,,,,,L,Volumes chaînés,N,Données non transformées,,,,,,,F,Libre (libre pour publication),2,Two,A,Valeur normale,6,Millions,EUR,Euro
DATAFLOW,OECD.SDD.NAD:DSD_NAAG@DF_NAAG_V(1.0),NAAG Chapitre 5: Ménages,I,A,Annuelle,LVA,Lettonie,B6N_R_PPP_P31S14,"Revenu disponible net réel des ménages et des ISBLSM, déflaté par la consommation finale des ménages et des ISBLSM",XDC,Monnaie nationale,NAAG_V,Part V: Households,2024,,17602.0113941913,,N,Ni corrigé des variations saisonnières ni corrigé des effets de calendrier,W,Monde,S1M,Les Ménages et ISBLSM,S1,Economie totale,_Z,Non applicable,B,Solde (recettes moins dépenses),B6N_R,"Revenu disponible réel des ménages, net",_Z,Non applicable,,,,,,,,,,,L,Volumes chaînés,N,Données non transformées,,,,,,,F,Libre (libre pour publication),2,Two,A,Valeur normale,6,Millions,EUR,Euro
DATAFLOW,OECD.SDD.NAD:DSD_NAAG@DF_NAAG_V(1.0),NAAG Chapitre 5: Ménages,I,A,Annuelle,LTU,Lituanie,B6N_R_PPP_P31S14,"Revenu disponible net réel des ménages et des ISBLSM, déflaté par la consommation finale des ménages et des ISBLSM",XDC,Monnaie nationale,NAAG_V,Part V: Households,2024,,32593.6475207776,,N,Ni corrigé des variations saisonnières ni corrigé des effets de calendrier,W,Monde,S1M,Les Ménages et ISBLSM,S1,Economie totale,_Z,Non applicable,B,Solde (recettes moins dépenses),B6N_R,"Revenu disponible réel des ménages, net",_Z,Non applicable,,,,,,,,,,,L,Volumes chaînés,N,Données non transformées,,,,,,,F,Libre (libre pour publication),2,Two,A,Valeur normale,6,Millions,EUR,Euro
DATAFLOW,OECD.SDD.NAD:DSD_NAAG@DF_NAAG_V(1.0),NAAG Chapitre 5: Ménages,I,A,Annuelle,LUX,Luxembourg,B6N_R_PPP_P31S14,"Revenu disponible net réel des ménages et des ISBLSM, déflaté par la consommation finale des ménages et des ISBLSM",XDC,Monnaie nationale,NAAG_V,Part V: Households,2024,,26186.4085049964,,N,Ni corrigé des variations saisonnières ni corrigé des effets de calendrier,W,Monde,S1M,Les Ménages et ISBLSM,S1,Economie totale,_Z,Non applicable,B,Solde (recettes moins dépenses),B6N_R,"Revenu disponible réel des ménages, net",_Z,Non applicable,,,,,,,,,,,L,Volumes chaînés,N,Données non transformées,,,,,,,F,Libre (libre pour publication),2,Two,A,Valeur normale,6,Millions,EUR,Euro
DATAFLOW,OECD.SDD.NAD:DSD_NAAG@DF_NAAG_V(1.0),NAAG Chapitre 5: Ménages,I,A,Annuelle,SVK,République slovaque,B6N_R_PPP_P31S14,"Revenu disponible net réel des ménages et des ISBLSM, déflaté par la consommation finale des ménages et des ISBLSM",XDC,Monnaie nationale,NAAG_V,Part V: Households,2024,,59029.6228260326,,N,Ni corrigé des variations saisonnières ni corrigé des effets de calendrier,W,Monde,S1M,Les Ménages et ISBLSM,S1,Economie totale,_Z,Non applicable,B,Solde (recettes moins dépenses),B6N_R,"Revenu disponible réel des ménages, net",_Z,Non applicable,,,,,,,,,,,L,Volumes chaînés,N,Données non transformées,,,,,,,F,Libre (libre pour publication),2,Two,A,Valeur normale,6,Millions,EUR,Euro
DATAFLOW,OECD.SDD.NAD:DSD_NAAG@DF_NAAG_V(1.0),NAAG Chapitre 5: Ménages,I,A,Annuelle,SVN,Slovénie,B6N_R_PPP_P31S14,"Revenu disponible net réel des ménages et des ISBLSM, déflaté par la consommation finale des ménages et des ISBLSM",XDC,Monnaie nationale,NAAG_V,Part V: Households,2024,,29706.9034168323,,N,Ni corrigé des variations saisonnières ni corrigé des effets de calendrier,W,Monde,S1M,Les Ménages et ISBLSM,S1,Economie totale,_Z,Non applicable,B,Solde (recettes moins dépenses),B6N_R,"Revenu disponible réel des ménages, net",_Z,Non applicable,,,,,,,,,,,L,Volumes chaînés,N,Données non transformées,,,,,,,F,Libre (libre pour publication),2,Two,A,Valeur normale,6,Millions,EUR,Euro
DATAFLOW,OECD.SDD.NAD:DSD_NAAG@DF_NAAG_V(1.0),NAAG Chapitre 5: Ménages,I,A,Annuelle,ESP,Espagne,B6N_R_PPP_P31S14,"Revenu disponible net réel des ménages et des ISBLSM, déflaté par la consommation finale des ménages et des ISBLSM",XDC,Monnaie nationale,NAAG_V,Part V: Households,2024,,822292.466429718,,N,Ni corrigé des variations saisonnières ni corrigé des effets de calendrier,W,Monde,S1M,Les Ménages et ISBLSM,S1,Economie totale,_Z,Non applicable,B,Solde (recettes moins dépenses),B6N_R,"Revenu disponible réel des ménages, net",_Z,Non applicable,,,,,,,,,,,L,Volumes chaînés,N,Données non transformées,,,,,,,F,Libre (libre pour publication),2,Two,A,Valeur normale,6,Millions,EUR,Euro
DATAFLOW,OECD.SDD.NAD:DSD_NAAG@DF_NAAG_V(1.0),NAAG Chapitre 5: Ménages,I,A,Annuelle,BEL,Belgique,B6N_R_PPP_P31S14,"Revenu disponible net réel des ménages et des ISBLSM, déflaté par la consommation finale des ménages et des ISBLSM",XDC,Monnaie nationale,NAAG_V,Part V: Households,2009,,241360.393697262,,N,Ni corrigé des variations saisonnières ni corrigé des effets de calendrier,W,Monde,S1M,Les Ménages et ISBLSM,S1,Economie totale,_Z,Non applicable,B,Solde (recettes moins dépenses),B6N_R,"Revenu disponible réel des ménages, net",_Z,Non applicable,,,,,,,,,,,L,Volumes chaînés,N,Données non transformées,,,,,,,F,Libre (libre pour publication),2,Two,B,Rupture de série,6,Millions,EUR,Euro
DATAFLOW,OECD.SDD.NAD:DSD_NAAG@DF_NAAG_V(1.0),NAAG Chapitre 5: Ménages,I,A,Annuelle,DEU,Allemagne,B6N_R_PPP_P31S14,"Revenu disponible net réel des ménages et des ISBLSM, déflaté par la consommation finale des ménages et des ISBLSM",XDC,Monnaie nationale,NAAG_V,Part V: Households,2022,,2063190.18775866,,N,Ni corrigé des variations saisonnières ni corrigé des effets de calendrier,W,Monde,S1M,Les Ménages et ISBLSM,S1,Economie totale,_Z,Non applicable,B,Solde (recettes moins dépenses),B6N_R,"Revenu disponible réel des ménages, net",_Z,Non applicable,,,,,,,,,,,L,Volumes chaînés,N,Données non transformées,,,,,,,F,Libre (libre pour publication),2,Two,E,Valeur estimée,6,Millions,EUR,Euro
DATAFLOW,OECD.SDD.NAD:DSD_NAAG@DF_NAAG_V(1.0),NAAG Chapitre 5: Ménages,I,A,Annuelle,FRA,France,B6N_R_PPP_P31S14,"Revenu disponible net réel des ménages et des ISBLSM, déflaté par la consommation finale des ménages et des ISBLSM",XDC,Monnaie nationale,NAAG_V,Part V: Households,2023,,1526023.45535181,,N,Ni corrigé des variations saisonnières ni corrigé des effets de calendrier,W,Monde,S1M,Les Ménages et ISBLSM,S1,Economie totale,_Z,Non applicable,B,Solde (recettes moins dépenses),B6N_R,"Revenu disponible réel des ménages, net",_Z,Non applicable,,,,,,,,,,,L,Volumes chaînés,N,Données non transformées,,,,,,,F,Libre (libre pour publication),2,Two,E,Valeur estimée,6,Millions,EUR,Euro
DATAFLOW,OECD.SDD.NAD:DSD_NAAG@DF_NAAG_V(1.0),NAAG Chapitre 5: Ménages,I,A,Annuelle,DEU,Allemagne,B6N_R_PPP_P31S14,"Revenu disponible net réel des ménages et des ISBLSM, déflaté par la consommation finale des ménages et des ISBLSM",XDC,Monnaie nationale,NAAG_V,Part V: Households,2023,,2054677.64941373,,N,Ni corrigé des variations saisonnières ni corrigé des effets de calendrier,W,Monde,S1M,Les Ménages et ISBLSM,S1,Economie totale,_Z,Non applicable,B,Solde (recettes moins dépenses),B6N_R,"Revenu disponible réel des ménages, net",_Z,Non applicable,,,,,,,,,,,L,Volumes chaînés,N,Données non transformées,,,,,,,F,Libre (libre pour publication),2,Two,E,Valeur estimée,6,Millions,EUR,Euro
DATAFLOW,OECD.SDD.NAD:DSD_NAAG@DF_NAAG_V(1.0),NAAG Chapitre 5: Ménages,I,A,Annuelle,GRC,Grèce,B6N_R_PPP_P31S14,"Revenu disponible net réel des ménages et des ISBLSM, déflaté par la consommation finale des ménages et des ISBLSM",XDC,Monnaie nationale,NAAG_V,Part V: Households,2023,,128004.338160777,,N,Ni corrigé des variations saisonnières ni corrigé des effets de calendrier,W,Monde,S1M,Les Ménages et ISBLSM,S1,Economie totale,_Z,Non applicable,B,Solde (recettes moins dépenses),B6N_R,"Revenu disponible réel des ménages, net",_Z,Non applicable,,,,,,,,,,,L,Volumes chaînés,N,Données non transformées,,,,,,,F,Libre (libre pour publication),2,Two,E,Valeur estimée,6,Millions,EUR,Euro
DATAFLOW,OECD.SDD.NAD:DSD_NAAG@DF_NAAG_V(1.0),NAAG Chapitre 5: Ménages,I,A,Annuelle,BEL,Belgique,B6N_R_PPP_P31S14,"Revenu disponible net réel des ménages et des ISBLSM, déflaté par la consommation finale des ménages et des ISBLSM",XDC,Monnaie nationale,NAAG_V,Part V: Households,2024,,280385.976297809,,N,Ni corrigé des variations saisonnières ni corrigé des effets de calendrier,W,Monde,S1M,Les Ménages et ISBLSM,S1,Economie totale,_Z,Non applicable,B,Solde (recettes moins dépenses),B6N_R,"Revenu disponible réel des ménages, net",_Z,Non applicable,,,,,,,,,,,L,Volumes chaînés,N,Données non transformées,,,,,,,F,Libre (libre pour publication),2,Two,E,Valeur estimée,6,Millions,EUR,Euro
DATAFLOW,OECD.SDD.NAD:DSD_NAAG@DF_NAAG_V(1.0),NAAG Chapitre 5: Ménages,I,A,Annuelle,FRA,France,B6N_R_PPP_P31S14,"Revenu disponible net réel des ménages et des ISBLSM, déflaté par la consommation finale des ménages et des ISBLSM",XDC,Monnaie nationale,NAAG_V,Part V: Households,2024,,1570572.14918486,,N,Ni corrigé des variations saisonnières ni corrigé des effets de calendrier,W,Monde,S1M,Les Ménages et ISBLSM,S1,Economie totale,_Z,Non applicable,B,Solde (recettes moins dépenses),B6N_R,"Revenu disponible réel des ménages, net",_Z,Non applicable,,,,,,,,,,,L,Volumes chaînés,N,Données non transformées,,,,,,,F,Libre (libre pour publication),2,Two,E,Valeur estimée,6,Millions,EUR,Euro
DATAFLOW,OECD.SDD.NAD:DSD_NAAG@DF_NAAG_V(1.0),NAAG Chapitre 5: Ménages,I,A,Annuelle,DEU,Allemagne,B6N_R_PPP_P31S14,"Revenu disponible net réel des ménages et des ISBLSM, déflaté par la consommation finale des ménages et des ISBLSM",XDC,Monnaie nationale,NAAG_V,Part V: Households,2024,,2086949.97610411,,N,Ni corrigé des variations saisonnières ni corrigé des effets de calendrier,W,Monde,S1M,Les Ménages et ISBLSM,S1,Economie totale,_Z,Non applicable,B,Solde (recettes moins dépenses),B6N_R,"Revenu disponible réel des ménages, net",_Z,Non applicable,,,,,,,,,,,L,Volumes chaînés,N,Données non transformées,,,,,,,F,Libre (libre pour publication),2,Two,E,Valeur estimée,6,Millions,EUR,Euro
DATAFLOW,OECD.SDD.NAD:DSD_NAAG@DF_NAAG_V(1.0),NAAG Chapitre 5: Ménages,I,A,Annuelle,GRC,Grèce,B6N_R_PPP_P31S14,"Revenu disponible net réel des ménages et des ISBLSM, déflaté par la consommation finale des ménages et des ISBLSM",XDC,Monnaie nationale,NAAG_V,Part V: Households,2024,,130997.016176619,,N,Ni corrigé des variations saisonnières ni corrigé des effets de calendrier,W,Monde,S1M,Les Ménages et ISBLSM,S1,Economie totale,_Z,Non applicable,B,Solde (recettes moins dépenses),B6N_R,"Revenu disponible réel des ménages, net",_Z,Non applicable,,,,,,,,,,,L,Volumes chaînés,N,Données non transformées,,,,,,,F,Libre (libre pour publication),2,Two,E,Valeur estimée,6,Millions,EUR,Euro
DATAFLOW,OECD.SDD.NAD:DSD_NAAG@DF_NAAG_V(1.0),NAAG Chapitre 5: Ménages,I,A,Annuelle,NLD,Pays-Bas,B6N_R_PPP_P31S14,"Revenu disponible net réel des ménages et des ISBLSM, déflaté par la consommation finale des ménages et des ISBLSM",XDC,Monnaie nationale,NAAG_V,Part V: Households,2024,,413393.500062919,,N,Ni corrigé des variations saisonnières ni corrigé des effets de calendrier,W,Monde,S1M,Les Ménages et ISBLSM,S1,Economie totale,_Z,Non applicable,B,Solde (recettes moins dépenses),B6N_R,"Revenu disponible réel des ménages, net",_Z,Non applicable,,,,,,,,,,,L,Volumes chaînés,N,Données non transformées,,,,,,,F,Libre (libre pour publication),2,Two,E,Valeur estimée,6,Millions,EUR,Euro
DATAFLOW,OECD.SDD.NAD:DSD_NAAG@DF_NAAG_V(1.0),NAAG Chapitre 5: Ménages,I,A,Annuelle,PRT,Portugal,B6N_R_PPP_P31S14,"Revenu disponible net réel des ménages et des ISBLSM, déflaté par la consommation finale des ménages et des ISBLSM",XDC,Monnaie nationale,NAAG_V,Part V: Households,2024,,156759.434977909,,N,Ni corrigé des variations saisonnières ni corrigé des effets de calendrier,W,Monde,S1M,Les Ménages et ISBLSM,S1,Economie totale,_Z,Non applicable,B,Solde (recettes moins dépenses),B6N_R,"Revenu disponible réel des ménages, net",_Z,Non applicable,,,,,,,,,,,L,Volumes chaînés,N,Données non transformées,,,,,,,F,Libre (libre pour publication),2,Two,E,Valeur estimée,6,Millions,EUR,Euro
DATAFLOW,OECD.SDD.NAD:DSD_NAAG@DF_NAAG_V(1.0),NAAG Chapitre 5: Ménages,I,A,Annuelle,CHE,Suisse,B6N_R_PPP_P31S14,"Revenu disponible net réel des ménages et des ISBLSM, déflaté par la consommation finale des ménages et des ISBLSM",XDC,Monnaie nationale,NAAG_V,Part V: Households,2022,,434627.105825676,,N,Ni corrigé des variations saisonnières ni corrigé des effets de calendrier,W,Monde,S1M,Les Ménages et ISBLSM,S1,Economie totale,_Z,Non applicable,B,Solde (recettes moins dépenses),B6N_R,"Revenu disponible réel des ménages, net",_Z,Non applicable,,,,,,,,,,,L,Volumes chaînés,N,Données non transformées,,,,,,,F,Libre (libre pour publication),2,Two,E,Valeur estimée,6,Millions,CHF,Franc suisse
DATAFLOW,OECD.SDD.NAD:DSD_NAAG@DF_NAAG_V(1.0),NAAG Chapitre 5: Ménages,I,A,Annuelle,KOR,Corée,B6N_R_PPP_P31S14,"Revenu disponible net réel des ménages et des ISBLSM, déflaté par la consommation finale des ménages et des ISBLSM",XDC,Monnaie nationale,NAAG_V,Part V: Households,2023,,1120266064.68274,,N,Ni corrigé des variations saisonnières ni corrigé des effets de calendrier,W,Monde,S1M,Les Ménages et ISBLSM,S1,Economie totale,_Z,Non applicable,B,Solde (recettes moins dépenses),B6N_R,"Revenu disponible réel des ménages, net",_Z,Non applicable,,,,,,,,,,,L,Volumes chaînés,N,Données non transformées,,,,,,,F,Libre (libre pour publication),2,Two,E,Valeur estimée,6,Millions,KRW,Won
DATAFLOW,OECD.SDD.NAD:DSD_NAAG@DF_NAAG_V(1.0),NAAG Chapitre 5: Ménages,I,A,Annuelle,CHE,Suisse,B6N_R_PPP_P31S14,"Revenu disponible net réel des ménages et des ISBLSM, déflaté par la consommation finale des ménages et des ISBLSM",XDC,Monnaie nationale,NAAG_V,Part V: Households,2023,,437987.671028862,,N,Ni corrigé des variations saisonnières ni corrigé des effets de calendrier,W,Monde,S1M,Les Ménages et ISBLSM,S1,Economie totale,_Z,Non applicable,B,Solde (recettes moins dépenses),B6N_R,"Revenu disponible réel des ménages, net",_Z,Non applicable,,,,,,,,,,,L,Volumes chaînés,N,Données non transformées,,,,,,,F,Libre (libre pour publication),2,Two,E,Valeur estimée,6,Millions,CHF,Franc suisse
DATAFLOW,OECD.SDD.NAD:DSD_NAAG@DF_NAAG_V(1.0),NAAG Chapitre 5: Ménages,I,A,Annuelle,HUN,Hongrie,B6N_R_PPP_P31S14,"Revenu disponible net réel des ménages et des ISBLSM, déflaté par la consommation finale des ménages et des ISBLSM",XDC,Monnaie nationale,NAAG_V,Part V: Households,2024,,32866541.4155724,,N,Ni corrigé des variations saisonnières ni corrigé des effets de calendrier,W,Monde,S1M,Les Ménages et ISBLSM,S1,Economie totale,_Z,Non applicable,B,Solde (recettes moins dépenses),B6N_R,"Revenu disponible réel des ménages, net",_Z,Non applicable,,,,,,,,,,,L,Volumes chaînés,N,Données non transformées,,,,,,,F,Libre (libre pour publication),2,Two,E,Valeur estimée,6,Millions,HUF,Forint
DATAFLOW,OECD.SDD.NAD:DSD_NAAG@DF_NAAG_V(1.0),NAAG Chapitre 5: Ménages,I,A,Annuelle,AUS,Australie,B6N_R_PPP_P31S14,"Revenu disponible net réel des ménages et des ISBLSM, déflaté par la consommation finale des ménages et des ISBLSM",XDC,Monnaie nationale,NAAG_V,Part V: Households,1990,,472480.671403674,,N,Ni corrigé des variations saisonnières ni corrigé des effets de calendrier,W,Monde,S1M,Les Ménages et ISBLSM,S1,Economie totale,_Z,Non applicable,B,Solde (recettes moins dépenses),B6N_R,"Revenu disponible réel des ménages, net",_Z,Non applicable,,,,,,,,,,,L,Volumes chaînés,N,Données non transformées,,,,,,,F,Libre (libre pour publication),2,Two,A,Valeur normale,6,Millions,AUD,Dollar australien
DATAFLOW,OECD.SDD.NAD:DSD_NAAG@DF_NAAG_V(1.0),NAAG Chapitre 5: Ménages,I,A,Annuelle,CAN,Canada,B6N_R_PPP_P31S14,"Revenu disponible net réel des ménages et des ISBLSM, déflaté par la consommation finale des ménages et des ISBLSM",XDC,Monnaie nationale,NAAG_V,Part V: Households,1990,,656853.535998048,,N,Ni corrigé des variations saisonnières ni corrigé des effets de calendrier,W,Monde,S1M,Les Ménages et ISBLSM,S1,Economie totale,_Z,Non applicable,B,Solde (recettes moins dépenses),B6N_R,"Revenu disponible réel des ménages, net",_Z,Non applicable,,,,,,,,,,,L,Volumes chaînés,N,Données non transformées,,,,,,,F,Libre (libre pour publication),2,Two,A,Valeur normale,6,Millions,CAD,Dollar canadien
DATAFLOW,OECD.SDD.NAD:DSD_NAAG@DF_NAAG_V(1.0),NAAG Chapitre 5: Ménages,I,A,Annuelle,NZL,Nouvelle-Zélande,B6N_R_PPP_P31S14,"Revenu disponible net réel des ménages et des ISBLSM, déflaté par la consommation finale des ménages et des ISBLSM",XDC,Monnaie nationale,NAAG_V,Part V: Households,1990,,73795.9895075621,,N,Ni corrigé des variations saisonnières ni corrigé des effets de calendrier,W,Monde,S1M,Les Ménages et ISBLSM,S1,Economie totale,_Z,Non applicable,B,Solde (recettes moins dépenses),B6N_R,"Revenu disponible réel des ménages, net",_Z,Non applicable,,,,,,,,,,,L,Volumes chaînés,N,Données non transformées,,,,,,,F,Libre (libre pour publication),2,Two,A,Valeur normale,6,Millions,NZD,Dollar néo-zélandais
DATAFLOW,OECD.SDD.NAD:DSD_NAAG@DF_NAAG_V(1.0),NAAG Chapitre 5: Ménages,I,A,Annuelle,NOR,Norvège,B6N_R_PPP_P31S14,"Revenu disponible net réel des ménages et des ISBLSM, déflaté par la consommation finale des ménages et des ISBLSM",XDC,Monnaie nationale,NAAG_V,Part V: Households,1990,,660583.253236526,,N,Ni corrigé des variations saisonnières ni corrigé des effets de calendrier,W,Monde,S1M,Les Ménages et ISBLSM,S1,Economie totale,_Z,Non applicable,B,Solde (recettes moins dépenses),B6N_R,"Revenu disponible réel des ménages, net",_Z,Non applicable,,,,,,,,,,,L,Volumes chaînés,N,Données non transformées,,,,,,,F,Libre (libre pour publication),2,Two,A,Valeur normale,6,Millions,NOK,Couronne norvégienne
DATAFLOW,OECD.SDD.NAD:DSD_NAAG@DF_NAAG_V(1.0),NAAG Chapitre 5: Ménages,I,A,Annuelle,SWE,Suède,B6N_R_PPP_P31S14,"Revenu disponible net réel des ménages et des ISBLSM, déflaté par la consommation finale des ménages et des ISBLSM",XDC,Monnaie nationale,NAAG_V,Part V: Households,1990,,1231283.84738444,,N,Ni corrigé des variations saisonnières ni corrigé des effets de calendrier,W,Monde,S1M,Les Ménages et ISBLSM,S1,Economie totale,_Z,Non applicable,B,Solde (recettes moins dépenses),B6N_R,"Revenu disponible réel des ménages, net",_Z,Non applicable,,,,,,,,,,,L,Volumes chaînés,N,Données non transformées,,,,,,,F,Libre (libre pour publication),2,Two,A,Valeur normale,6,Millions,SEK,Couronne suédoise
DATAFLOW,OECD.SDD.NAD:DSD_NAAG@DF_NAAG_V(1.0),NAAG Chapitre 5: Ménages,I,A,Annuelle,AUS,Australie,B6N_R_PPP_P31S14,"Revenu disponible net réel des ménages et des ISBLSM, déflaté par la consommation finale des ménages et des ISBLSM",XDC,Monnaie nationale,NAAG_V,Part V: Households,1991,,474192.782000131,,N,Ni corrigé des variations saisonnières ni corrigé des effets de calendrier,W,Monde,S1M,Les Ménages et ISBLSM,S1,Economie totale,_Z,Non applicable,B,Solde (recettes moins dépenses),B6N_R,"Revenu disponible réel des ménages, net",_Z,Non applicable,,,,,,,,,,,L,Volumes chaînés,N,Données non transformées,,,,,,,F,Libre (libre pour publication),2,Two,A,Valeur normale,6,Millions,AUD,Dollar australien
DATAFLOW,OECD.SDD.NAD:DSD_NAAG@DF_NAAG_V(1.0),NAAG Chapitre 5: Ménages,I,A,Annuelle,CAN,Canada,B6N_R_PPP_P31S14,"Revenu disponible net réel des ménages et des ISBLSM, déflaté par la consommation finale des ménages et des ISBLSM",XDC,Monnaie nationale,NAAG_V,Part V: Households,1991,,650398.077954329,,N,Ni corrigé des variations saisonnières ni corrigé des effets de calendrier,W,Monde,S1M,Les Ménages et ISBLSM,S1,Economie totale,_Z,Non applicable,B,Solde (recettes moins dépenses),B6N_R,"Revenu disponible réel des ménages, net",_Z,Non applicable,,,,,,,,,,,L,Volumes chaînés,N,Données non transformées,,,,,,,F,Libre (libre pour publication),2,Two,A,Valeur normale,6,Millions,CAD,Dollar canadien
DATAFLOW,OECD.SDD.NAD:DSD_NAAG@DF_NAAG_V(1.0),NAAG Chapitre 5: Ménages,I,A,Annuelle,NZL,Nouvelle-Zélande,B6N_R_PPP_P31S14,"Revenu disponible net réel des ménages et des ISBLSM, déflaté par la consommation finale des ménages et des ISBLSM",XDC,Monnaie nationale,NAAG_V,Part V: Households,1991,,74170.493983204,,N,Ni corrigé des variations saisonnières ni corrigé des effets de calendrier,W,Monde,S1M,Les Ménages et ISBLSM,S1,Economie totale,_Z,Non applicable,B,Solde (recettes moins dépenses),B6N_R,"Revenu disponible réel des ménages, net",_Z,Non applicable,,,,,,,,,,,L,Volumes chaînés,N,Données non transformées,,,,,,,F,Libre (libre pour publication),2,Two,A,Valeur normale,6,Millions,NZD,Dollar néo-zélandais
DATAFLOW,OECD.SDD.NAD:DSD_NAAG@DF_NAAG_V(1.0),NAAG Chapitre 5: Ménages,I,A,Annuelle,NOR,Norvège,B6N_R_PPP_P31S14,"Revenu disponible net réel des ménages et des ISBLSM, déflaté par la consommation finale des ménages et des ISBLSM",XDC,Monnaie nationale,NAAG_V,Part V: Households,1991,,681670.135291839,,N,Ni corrigé des variations saisonnières ni corrigé des effets de calendrier,W,Monde,S1M,Les Ménages et ISBLSM,S1,Economie totale,_Z,Non applicable,B,Solde (recettes moins dépenses),B6N_R,"Revenu disponible réel des ménages, net",_Z,Non applicable,,,,,,,,,,,L,Volumes chaînés,N,Données non transformées,,,,,,,F,Libre (libre pour publication),2,Two,A,Valeur normale,6,Millions,NOK,Couronne norvégienne
DATAFLOW,OECD.SDD.NAD:DSD_NAAG@DF_NAAG_V(1.0),NAAG Chapitre 5: Ménages,I,A,Annuelle,SWE,Suède,B6N_R_PPP_P31S14,"Revenu disponible net réel des ménages et des ISBLSM, déflaté par la consommation finale des ménages et des ISBLSM",XDC,Monnaie nationale,NAAG_V,Part V: Households,1991,,1289621.82916183,,N,Ni corrigé des variations saisonnières ni corrigé des effets de calendrier,W,Monde,S1M,Les Ménages et ISBLSM,S1,Economie totale,_Z,Non applicable,B,Solde (recettes moins dépenses),B6N_R,"Revenu disponible réel des ménages, net",_Z,Non applicable,,,,,,,,,,,L,Volumes chaînés,N,Données non transformées,,,,,,,F,Libre (libre pour publication),2,Two,A,Valeur normale,6,Millions,SEK,Couronne suédoise
DATAFLOW,OECD.SDD.NAD:DSD_NAAG@DF_NAAG_V(1.0),NAAG Chapitre 5: Ménages,I,A,Annuelle,AUS,Australie,B6N_R_PPP_P31S14,"Revenu disponible net réel des ménages et des ISBLSM, déflaté par la consommation finale des ménages et des ISBLSM",XDC,Monnaie nationale,NAAG_V,Part V: Households,1992,,484500.190072333,,N,Ni corrigé des variations saisonnières ni corrigé des effets de calendrier,W,Monde,S1M,Les Ménages et ISBLSM,S1,Economie totale,_Z,Non applicable,B,Solde (recettes moins dépenses),B6N_R,"Revenu disponible réel des ménages, net",_Z,Non applicable,,,,,,,,,,,L,Volumes chaînés,N,Données non transformées,,,,,,,F,Libre (libre pour publication),2,Two,A,Valeur normale,6,Millions,AUD,Dollar australien
DATAFLOW,OECD.SDD.NAD:DSD_NAAG@DF_NAAG_V(1.0),NAAG Chapitre 5: Ménages,I,A,Annuelle,CAN,Canada,B6N_R_PPP_P31S14,"Revenu disponible net réel des ménages et des ISBLSM, déflaté par la consommation finale des ménages et des ISBLSM",XDC,Monnaie nationale,NAAG_V,Part V: Households,1992,,662133.454135219,,N,Ni corrigé des variations saisonnières ni corrigé des effets de calendrier,W,Monde,S1M,Les Ménages et ISBLSM,S1,Economie totale,_Z,Non applicable,B,Solde (recettes moins dépenses),B6N_R,"Revenu disponible réel des ménages, net",_Z,Non applicable,,,,,,,,,,,L,Volumes chaînés,N,Données non transformées,,,,,,,F,Libre (libre pour publication),2,Two,A,Valeur normale,6,Millions,CAD,Dollar canadien
DATAFLOW,OECD.SDD.NAD:DSD_NAAG@DF_NAAG_V(1.0),NAAG Chapitre 5: Ménages,I,A,Annuelle,NZL,Nouvelle-Zélande,B6N_R_PPP_P31S14,"Revenu disponible net réel des ménages et des ISBLSM, déflaté par la consommation finale des ménages et des ISBLSM",XDC,Monnaie nationale,NAAG_V,Part V: Households,1992,,71480.2848232751,,N,Ni corrigé des variations saisonnières ni corrigé des effets de calendrier,W,Monde,S1M,Les Ménages et ISBLSM,S1,Economie totale,_Z,Non applicable,B,Solde (recettes moins dépenses),B6N_R,"Revenu disponible réel des ménages, net",_Z,Non applicable,,,,,,,,,,,L,Volumes chaînés,N,Données non transformées,,,,,,,F,Libre (libre pour publication),2,Two,A,Valeur normale,6,Millions,NZD,Dollar néo-zélandais
DATAFLOW,OECD.SDD.NAD:DSD_NAAG@DF_NAAG_V(1.0),NAAG Chapitre 5: Ménages,I,A,Annuelle,NOR,Norvège,B6N_R_PPP_P31S14,"Revenu disponible net réel des ménages et des ISBLSM, déflaté par la consommation finale des ménages et des ISBLSM",XDC,Monnaie nationale,NAAG_V,Part V: Households,1992,,710303.295618544,,N,Ni corrigé des variations saisonnières ni corrigé des effets de calendrier,W,Monde,S1M,Les Ménages et ISBLSM,S1,Economie totale,_Z,Non applicable,B,Solde (recettes moins dépenses),B6N_R,"Revenu disponible réel des ménages, net",_Z,Non applicable,,,,,,,,,,,L,Volumes chaînés,N,Données non transformées,,,,,,,F,Libre (libre pour publication),2,Two,A,Valeur normale,6,Millions,NOK,Couronne norvégienne
DATAFLOW,OECD.SDD.NAD:DSD_NAAG@DF_NAAG_V(1.0),NAAG Chapitre 5: Ménages,I,A,Annuelle,SWE,Suède,B6N_R_PPP_P31S14,"Revenu disponible net réel des ménages et des ISBLSM, déflaté par la consommation finale des ménages et des ISBLSM",XDC,Monnaie nationale,NAAG_V,Part V: Households,1992,,1325846.76050697,,N,Ni corrigé des variations saisonnières ni corrigé des effets de calendrier,W,Monde,S1M,Les Ménages et ISBLSM,S1,Economie totale,_Z,Non applicable,B,Solde (recettes moins dépenses),B6N_R,"Revenu disponible réel des ménages, net",_Z,Non applicable,,,,,,,,,,,L,Volumes chaînés,N,Données non transformées,,,,,,,F,Libre (libre pour publication),2,Two,A,Valeur normale,6,Millions,SEK,Couronne suédoise
DATAFLOW,OECD.SDD.NAD:DSD_NAAG@DF_NAAG_V(1.0),NAAG Chapitre 5: Ménages,I,A,Annuelle,AUS,Australie,B6N_R_PPP_P31S14,"Revenu disponible net réel des ménages et des ISBLSM, déflaté par la consommation finale des ménages et des ISBLSM",XDC,Monnaie nationale,NAAG_V,Part V: Households,1993,,494541.860735321,,N,Ni corrigé des variations saisonnières ni corrigé des effets de calendrier,W,Monde,S1M,Les Ménages et ISBLSM,S1,Economie totale,_Z,Non applicable,B,Solde (recettes moins dépenses),B6N_R,"Revenu disponible réel des ménages, net",_Z,Non applicable,,,,,,,,,,,L,Volumes chaînés,N,Données non transformées,,,,,,,F,Libre (libre pour publication),2,Two,A,Valeur normale,6,Millions,AUD,Dollar australien
DATAFLOW,OECD.SDD.NAD:DSD_NAAG@DF_NAAG_V(1.0),NAAG Chapitre 5: Ménages,I,A,Annuelle,CAN,Canada,B6N_R_PPP_P31S14,"Revenu disponible net réel des ménages et des ISBLSM, déflaté par la consommation finale des ménages et des ISBLSM",XDC,Monnaie nationale,NAAG_V,Part V: Households,1993,,669548.338540597,,N,Ni corrigé des variations saisonnières ni corrigé des effets de calendrier,W,Monde,S1M,Les Ménages et ISBLSM,S1,Economie totale,_Z,Non applicable,B,Solde (recettes moins dépenses),B6N_R,"Revenu disponible réel des ménages, net",_Z,Non applicable,,,,,,,,,,,L,Volumes chaînés,N,Données non transformées,,,,,,,F,Libre (libre pour publication),2,Two,A,Valeur normale,6,Millions,CAD,Dollar canadien
DATAFLOW,OECD.SDD.NAD:DSD_NAAG@DF_NAAG_V(1.0),NAAG Chapitre 5: Ménages,I,A,Annuelle,NZL,Nouvelle-Zélande,B6N_R_PPP_P31S14,"Revenu disponible net réel des ménages et des ISBLSM, déflaté par la consommation finale des ménages et des ISBLSM",XDC,Monnaie nationale,NAAG_V,Part V: Households,1993,,74100.4523191449,,N,Ni corrigé des variations saisonnières ni corrigé des effets de calendrier,W,Monde,S1M,Les Ménages et ISBLSM,S1,Economie totale,_Z,Non applicable,B,Solde (recettes moins dépenses),B6N_R,"Revenu disponible réel des ménages, net",_Z,Non applicable,,,,,,,,,,,L,Volumes chaînés,N,Données non transformées,,,,,,,F,Libre (libre pour publication),2,Two,A,Valeur normale,6,Millions,NZD,Dollar néo-zélandais
DATAFLOW,OECD.SDD.NAD:DSD_NAAG@DF_NAAG_V(1.0),NAAG Chapitre 5: Ménages,I,A,Annuelle,NOR,Norvège,B6N_R_PPP_P31S14,"Revenu disponible net réel des ménages et des ISBLSM, déflaté par la consommation finale des ménages et des ISBLSM",XDC,Monnaie nationale,NAAG_V,Part V: Households,1993,,738807.668492665,,N,Ni corrigé des variations saisonnières ni corrigé des effets de calendrier,W,Monde,S1M,Les Ménages et ISBLSM,S1,Economie totale,_Z,Non applicable,B,Solde (recettes moins dépenses),B6N_R,"Revenu disponible réel des ménages, net",_Z,Non applicable,,,,,,,,,,,L,Volumes chaînés,N,Données non transformées,,,,,,,F,Libre (libre pour publication),2,Two,A,Valeur normale,6,Millions,NOK,Couronne norvégienne
DATAFLOW,OECD.SDD.NAD:DSD_NAAG@DF_NAAG_V(1.0),NAAG Chapitre 5: Ménages,I,A,Annuelle,SWE,Suède,B6N_R_PPP_P31S14,"Revenu disponible net réel des ménages et des ISBLSM, déflaté par la consommation finale des ménages et des ISBLSM",XDC,Monnaie nationale,NAAG_V,Part V: Households,1993,,1261478.47603537,,N,Ni corrigé des variations saisonnières ni corrigé des effets de calendrier,W,Monde,S1M,Les Ménages et ISBLSM,S1,Economie totale,_Z,Non applicable,B,Solde (recettes moins dépenses),B6N_R,"Revenu disponible réel des ménages, net",_Z,Non applicable,,,,,,,,,,,L,Volumes chaînés,N,Données non transformées,,,,,,,F,Libre (libre pour publication),2,Two,A,Valeur normale,6,Millions,SEK,Couronne suédoise
DATAFLOW,OECD.SDD.NAD:DSD_NAAG@DF_NAAG_V(1.0),NAAG Chapitre 5: Ménages,I,A,Annuelle,AUS,Australie,B6N_R_PPP_P31S14,"Revenu disponible net réel des ménages et des ISBLSM, déflaté par la consommation finale des ménages et des ISBLSM",XDC,Monnaie nationale,NAAG_V,Part V: Households,1994,,509484.859912586,,N,Ni corrigé des variations saisonnières ni corrigé des effets de calendrier,W,Monde,S1M,Les Ménages et ISBLSM,S1,Economie totale,_Z,Non applicable,B,Solde (recettes moins dépenses),B6N_R,"Revenu disponible réel des ménages, net",_Z,Non applicable,,,,,,,,,,,L,Volumes chaînés,N,Données non transformées,,,,,,,F,Libre (libre pour publication),2,Two,A,Valeur normale,6,Millions,AUD,Dollar australien
DATAFLOW,OECD.SDD.NAD:DSD_NAAG@DF_NAAG_V(1.0),NAAG Chapitre 5: Ménages,I,A,Annuelle,CAN,Canada,B6N_R_PPP_P31S14,"Revenu disponible net réel des ménages et des ISBLSM, déflaté par la consommation finale des ménages et des ISBLSM",XDC,Monnaie nationale,NAAG_V,Part V: Households,1994,,674697.154486557,,N,Ni corrigé des variations saisonnières ni corrigé des effets de calendrier,W,Monde,S1M,Les Ménages et ISBLSM,S1,Economie totale,_Z,Non applicable,B,Solde (recettes moins dépenses),B6N_R,"Revenu disponible réel des ménages, net",_Z,Non applicable,,,,,,,,,,,L,Volumes chaînés,N,Données non transformées,,,,,,,F,Libre (libre pour publication),2,Two,A,Valeur normale,6,Millions,CAD,Dollar canadien
DATAFLOW,OECD.SDD.NAD:DSD_NAAG@DF_NAAG_V(1.0),NAAG Chapitre 5: Ménages,I,A,Annuelle,JPN,Japon,B6N_R_PPP_P31S14,"Revenu disponible net réel des ménages et des ISBLSM, déflaté par la consommation finale des ménages et des ISBLSM",XDC,Monnaie nationale,NAAG_V,Part V: Households,1994,,286636092.218027,,N,Ni corrigé des variations saisonnières ni corrigé des effets de calendrier,W,Monde,S1M,Les Ménages et ISBLSM,S1,Economie totale,_Z,Non applicable,B,Solde (recettes moins dépenses),B6N_R,"Revenu disponible réel des ménages, net",_Z,Non applicable,,,,,,,,,,,L,Volumes chaînés,N,Données non transformées,,,,,,,F,Libre (libre pour publication),2,Two,A,Valeur normale,6,Millions,JPY,Yen
DATAFLOW,OECD.SDD.NAD:DSD_NAAG@DF_NAAG_V(1.0),NAAG Chapitre 5: Ménages,I,A,Annuelle,NZL,Nouvelle-Zélande,B6N_R_PPP_P31S14,"Revenu disponible net réel des ménages et des ISBLSM, déflaté par la consommation finale des ménages et des ISBLSM",XDC,Monnaie nationale,NAAG_V,Part V: Households,1994,,77213.5327334594,,N,Ni corrigé des variations saisonnières ni corrigé des effets de calendrier,W,Monde,S1M,Les Ménages et ISBLSM,S1,Economie totale,_Z,Non applicable,B,Solde (recettes moins dépenses),B6N_R,"Revenu disponible réel des ménages, net",_Z,Non applicable,,,,,,,,,,,L,Volumes chaînés,N,Données non transformées,,,,,,,F,Libre (libre pour publication),2,Two,A,Valeur normale,6,Millions,NZD,Dollar néo-zélandais
DATAFLOW,OECD.SDD.NAD:DSD_NAAG@DF_NAAG_V(1.0),NAAG Chapitre 5: Ménages,I,A,Annuelle,NOR,Norvège,B6N_R_PPP_P31S14,"Revenu disponible net réel des ménages et des ISBLSM, déflaté par la consommation finale des ménages et des ISBLSM",XDC,Monnaie nationale,NAAG_V,Part V: Households,1994,,757303.987111132,,N,Ni corrigé des variations saisonnières ni corrigé des effets de calendrier,W,Monde,S1M,Les Ménages et ISBLSM,S1,Economie totale,_Z,Non applicable,B,Solde (recettes moins dépenses),B6N_R,"Revenu disponible réel des ménages, net",_Z,Non applicable,,,,,,,,,,,L,Volumes chaînés,N,Données non transformées,,,,,,,F,Libre (libre pour publication),2,Two,A,Valeur normale,6,Millions,NOK,Couronne norvégienne
DATAFLOW,OECD.SDD.NAD:DSD_NAAG@DF_NAAG_V(1.0),NAAG Chapitre 5: Ménages,I,A,Annuelle,SWE,Suède,B6N_R_PPP_P31S14,"Revenu disponible net réel des ménages et des ISBLSM, déflaté par la consommation finale des ménages et des ISBLSM",XDC,Monnaie nationale,NAAG_V,Part V: Households,1994,,1260429.6492248,,N,Ni corrigé des variations saisonnières ni corrigé des effets de calendrier,W,Monde,S1M,Les Ménages et ISBLSM,S1,Economie totale,_Z,Non applicable,B,Solde (recettes moins dépenses),B6N_R,"Revenu disponible réel des ménages, net",_Z,Non applicable,,,,,,,,,,,L,Volumes chaînés,N,Données non transformées,,,,,,,F,Libre (libre pour publication),2,Two,A,Valeur normale,6,Millions,SEK,Couronne suédoise
DATAFLOW,OECD.SDD.NAD:DSD_NAAG@DF_NAAG_V(1.0),NAAG Chapitre 5: Ménages,I,A,Annuelle,AUS,Australie,B6N_R_PPP_P31S14,"Revenu disponible net réel des ménages et des ISBLSM, déflaté par la consommation finale des ménages et des ISBLSM",XDC,Monnaie nationale,NAAG_V,Part V: Households,1995,,527036.077447411,,N,Ni corrigé des variations saisonnières ni corrigé des effets de calendrier,W,Monde,S1M,Les Ménages et ISBLSM,S1,Economie totale,_Z,Non applicable,B,Solde (recettes moins dépenses),B6N_R,"Revenu disponible réel des ménages, net",_Z,Non applicable,,,,,,,,,,,L,Volumes chaînés,N,Données non transformées,,,,,,,F,Libre (libre pour publication),2,Two,A,Valeur normale,6,Millions,AUD,Dollar australien
DATAFLOW,OECD.SDD.NAD:DSD_NAAG@DF_NAAG_V(1.0),NAAG Chapitre 5: Ménages,I,A,Annuelle,CAN,Canada,B6N_R_PPP_P31S14,"Revenu disponible net réel des ménages et des ISBLSM, déflaté par la consommation finale des ménages et des ISBLSM",XDC,Monnaie nationale,NAAG_V,Part V: Households,1995,,682204.424693187,,N,Ni corrigé des variations saisonnières ni corrigé des effets de calendrier,W,Monde,S1M,Les Ménages et ISBLSM,S1,Economie totale,_Z,Non applicable,B,Solde (recettes moins dépenses),B6N_R,"Revenu disponible réel des ménages, net",_Z,Non applicable,,,,,,,,,,,L,Volumes chaînés,N,Données non transformées,,,,,,,F,Libre (libre pour publication),2,Two,A,Valeur normale,6,Millions,CAD,Dollar canadien
DATAFLOW,OECD.SDD.NAD:DSD_NAAG@DF_NAAG_V(1.0),NAAG Chapitre 5: Ménages,I,A,Annuelle,CZE,Tchéquie,B6N_R_PPP_P31S14,"Revenu disponible net réel des ménages et des ISBLSM, déflaté par la consommation finale des ménages et des ISBLSM",XDC,Monnaie nationale,NAAG_V,Part V: Households,1995,,1642688.10918256,,N,Ni corrigé des variations saisonnières ni corrigé des effets de calendrier,W,Monde,S1M,Les Ménages et ISBLSM,S1,Economie totale,_Z,Non applicable,B,Solde (recettes moins dépenses),B6N_R,"Revenu disponible réel des ménages, net",_Z,Non applicable,,,,,,,,,,,L,Volumes chaînés,N,Données non transformées,,,,,,,F,Libre (libre pour publication),2,Two,A,Valeur normale,6,Millions,CZK,Couronne tchèque
DATAFLOW,OECD.SDD.NAD:DSD_NAAG@DF_NAAG_V(1.0),NAAG Chapitre 5: Ménages,I,A,Annuelle,DNK,Danemark,B6N_R_PPP_P31S14,"Revenu disponible net réel des ménages et des ISBLSM, déflaté par la consommation finale des ménages et des ISBLSM",XDC,Monnaie nationale,NAAG_V,Part V: Households,1995,,695655.903260485,,N,Ni corrigé des variations saisonnières ni corrigé des effets de calendrier,W,Monde,S1M,Les Ménages et ISBLSM,S1,Economie totale,_Z,Non applicable,B,Solde (recettes moins dépenses),B6N_R,"Revenu disponible réel des ménages, net",_Z,Non applicable,,,,,,,,,,,L,Volumes chaînés,N,Données non transformées,,,,,,,F,Libre (libre pour publication),2,Two,A,Valeur normale,6,Millions,DKK,Couronne danoise
DATAFLOW,OECD.SDD.NAD:DSD_NAAG@DF_NAAG_V(1.0),NAAG Chapitre 5: Ménages,I,A,Annuelle,HUN,Hongrie,B6N_R_PPP_P31S14,"Revenu disponible net réel des ménages et des ISBLSM, déflaté par la consommation finale des ménages et des ISBLSM",XDC,Monnaie nationale,NAAG_V,Part V: Households,1995,,15789695.2385539,,N,Ni corrigé des variations saisonnières ni corrigé des effets de calendrier,W,Monde,S1M,Les Ménages et ISBLSM,S1,Economie totale,_Z,Non applicable,B,Solde (recettes moins dépenses),B6N_R,"Revenu disponible réel des ménages, net",_Z,Non applicable,,,,,,,,,,,L,Volumes chaînés,N,Données non transformées,,,,,,,F,Libre (libre pour publication),2,Two,A,Valeur normale,6,Millions,HUF,Forint
DATAFLOW,OECD.SDD.NAD:DSD_NAAG@DF_NAAG_V(1.0),NAAG Chapitre 5: Ménages,I,A,Annuelle,JPN,Japon,B6N_R_PPP_P31S14,"Revenu disponible net réel des ménages et des ISBLSM, déflaté par la consommation finale des ménages et des ISBLSM",XDC,Monnaie nationale,NAAG_V,Part V: Households,1995,,291862497.480073,,N,Ni corrigé des variations saisonnières ni corrigé des effets de calendrier,W,Monde,S1M,Les Ménages et ISBLSM,S1,Economie totale,_Z,Non applicable,B,Solde (recettes moins dépenses),B6N_R,"Revenu disponible réel des ménages, net",_Z,Non applicable,,,,,,,,,,,L,Volumes chaînés,N,Données non transformées,,,,,,,F,Libre (libre pour publication),2,Two,A,Valeur normale,6,Millions,JPY,Yen
DATAFLOW,OECD.SDD.NAD:DSD_NAAG@DF_NAAG_V(1.0),NAAG Chapitre 5: Ménages,I,A,Annuelle,NZL,Nouvelle-Zélande,B6N_R_PPP_P31S14,"Revenu disponible net réel des ménages et des ISBLSM, déflaté par la consommation finale des ménages et des ISBLSM",XDC,Monnaie nationale,NAAG_V,Part V: Households,1995,,80492.0486000131,,N,Ni corrigé des variations saisonnières ni corrigé des effets de calendrier,W,Monde,S1M,Les Ménages et ISBLSM,S1,Economie totale,_Z,Non applicable,B,Solde (recettes moins dépenses),B6N_R,"Revenu disponible réel des ménages, net",_Z,Non applicable,,,,,,,,,,,L,Volumes chaînés,N,Données non transformées,,,,,,,F,Libre (libre pour publication),2,Two,A,Valeur normale,6,Millions,NZD,Dollar néo-zélandais
DATAFLOW,OECD.SDD.NAD:DSD_NAAG@DF_NAAG_V(1.0),NAAG Chapitre 5: Ménages,I,A,Annuelle,NOR,Norvège,B6N_R_PPP_P31S14,"Revenu disponible net réel des ménages et des ISBLSM, déflaté par la consommation finale des ménages et des ISBLSM",XDC,Monnaie nationale,NAAG_V,Part V: Households,1995,,778362.309793726,,N,Ni corrigé des variations saisonnières ni corrigé des effets de calendrier,W,Monde,S1M,Les Ménages et ISBLSM,S1,Economie totale,_Z,Non applicable,B,Solde (recettes moins dépenses),B6N_R,"Revenu disponible réel des ménages, net",_Z,Non applicable,,,,,,,,,,,L,Volumes chaînés,N,Données non transformées,,,,,,,F,Libre (libre pour publication),2,Two,A,Valeur normale,6,Millions,NOK,Couronne norvégienne
DATAFLOW,OECD.SDD.NAD:DSD_NAAG@DF_NAAG_V(1.0),NAAG Chapitre 5: Ménages,I,A,Annuelle,POL,Pologne,B6N_R_PPP_P31S14,"Revenu disponible net réel des ménages et des ISBLSM, déflaté par la consommation finale des ménages et des ISBLSM",XDC,Monnaie nationale,NAAG_V,Part V: Households,1995,,648285.325483805,,N,Ni corrigé des variations saisonnières ni corrigé des effets de calendrier,W,Monde,S1M,Les Ménages et ISBLSM,S1,Economie totale,_Z,Non applicable,B,Solde (recettes moins dépenses),B6N_R,"Revenu disponible réel des ménages, net",_Z,Non applicable,,,,,,,,,,,L,Volumes chaînés,N,Données non transformées,,,,,,,F,Libre (libre pour publication),2,Two,A,Valeur normale,6,Millions,PLN,Zloty
DATAFLOW,OECD.SDD.NAD:DSD_NAAG@DF_NAAG_V(1.0),NAAG Chapitre 5: Ménages,I,A,Annuelle,SWE,Suède,B6N_R_PPP_P31S14,"Revenu disponible net réel des ménages et des ISBLSM, déflaté par la consommation finale des ménages et des ISBLSM",XDC,Monnaie nationale,NAAG_V,Part V: Households,1995,,1268250.55478965,,N,Ni corrigé des variations saisonnières ni corrigé des effets de calendrier,W,Monde,S1M,Les Ménages et ISBLSM,S1,Economie totale,_Z,Non applicable,B,Solde (recettes moins dépenses),B6N_R,"Revenu disponible réel des ménages, net",_Z,Non applicable,,,,,,,,,,,L,Volumes chaînés,N,Données non transformées,,,,,,,F,Libre (libre pour publication),2,Two,A,Valeur normale,6,Millions,SEK,Couronne suédoise
DATAFLOW,OECD.SDD.NAD:DSD_NAAG@DF_NAAG_V(1.0),NAAG Chapitre 5: Ménages,I,A,Annuelle,CHE,Suisse,B6N_R_PPP_P31S14,"Revenu disponible net réel des ménages et des ISBLSM, déflaté par la consommation finale des ménages et des ISBLSM",XDC,Monnaie nationale,NAAG_V,Part V: Households,1995,,260413.873855094,,N,Ni corrigé des variations saisonnières ni corrigé des effets de calendrier,W,Monde,S1M,Les Ménages et ISBLSM,S1,Economie totale,_Z,Non applicable,B,Solde (recettes moins dépenses),B6N_R,"Revenu disponible réel des ménages, net",_Z,Non applicable,,,,,,,,,,,L,Volumes chaînés,N,Données non transformées,,,,,,,F,Libre (libre pour publication),2,Two,A,Valeur normale,6,Millions,CHF,Franc suisse
DATAFLOW,OECD.SDD.NAD:DSD_NAAG@DF_NAAG_V(1.0),NAAG Chapitre 5: Ménages,I,A,Annuelle,GBR,Royaume-Uni,B6N_R_PPP_P31S14,"Revenu disponible net réel des ménages et des ISBLSM, déflaté par la consommation finale des ménages et des ISBLSM",XDC,Monnaie nationale,NAAG_V,Part V: Households,1995,,832974.423812296,,N,Ni corrigé des variations saisonnières ni corrigé des effets de calendrier,W,Monde,S1M,Les Ménages et ISBLSM,S1,Economie totale,_Z,Non applicable,B,Solde (recettes moins dépenses),B6N_R,"Revenu disponible réel des ménages, net",_Z,Non applicable,,,,,,,,,,,L,Volumes chaînés,N,Données non transformées,,,,,,,F,Libre (libre pour publication),2,Two,A,Valeur normale,6,Millions,GBP,Livre sterling
DATAFLOW,OECD.SDD.NAD:DSD_NAAG@DF_NAAG_V(1.0),NAAG Chapitre 5: Ménages,I,A,Annuelle,ZAF,Afrique du Sud,B6N_R_PPP_P31S14,"Revenu disponible net réel des ménages et des ISBLSM, déflaté par la consommation finale des ménages et des ISBLSM",XDC,Monnaie nationale,NAAG_V,Part V: Households,1995,,1686379.41903146,,N,Ni corrigé des variations saisonnières ni corrigé des effets de calendrier,W,Monde,S1M,Les Ménages et ISBLSM,S1,Economie totale,_Z,Non applicable,B,Solde (recettes moins dépenses),B6N_R,"Revenu disponible réel des ménages, net",_Z,Non applicable,,,,,,,,,,,L,Volumes chaînés,N,Données non transformées,,,,,,,F,Libre (libre pour publication),2,Two,A,Valeur normale,6,Millions,ZAR,Rand
DATAFLOW,OECD.SDD.NAD:DSD_NAAG@DF_NAAG_V(1.0),NAAG Chapitre 5: Ménages,I,A,Annuelle,AUS,Australie,B6N_R_PPP_P31S14,"Revenu disponible net réel des ménages et des ISBLSM, déflaté par la consommation finale des ménages et des ISBLSM",XDC,Monnaie nationale,NAAG_V,Part V: Households,1996,,551035.176707332,,N,Ni corrigé des variations saisonnières ni corrigé des effets de calendrier,W,Monde,S1M,Les Ménages et ISBLSM,S1,Economie totale,_Z,Non applicable,B,Solde (recettes moins dépenses),B6N_R,"Revenu disponible réel des ménages, net",_Z,Non applicable,,,,,,,,,,,L,Volumes chaînés,N,Données non transformées,,,,,,,F,Libre (libre pour publication),2,Two,A,Valeur normale,6,Millions,AUD,Dollar australien
DATAFLOW,OECD.SDD.NAD:DSD_NAAG@DF_NAAG_V(1.0),NAAG Chapitre 5: Ménages,I,A,Annuelle,CAN,Canada,B6N_R_PPP_P31S14,"Revenu disponible net réel des ménages et des ISBLSM, déflaté par la consommation finale des ménages et des ISBLSM",XDC,Monnaie nationale,NAAG_V,Part V: Households,1996,,686750.980941477,,N,Ni corrigé des variations saisonnières ni corrigé des effets de calendrier,W,Monde,S1M,Les Ménages et ISBLSM,S1,Economie totale,_Z,Non applicable,B,Solde (recettes moins dépenses),B6N_R,"Revenu disponible réel des ménages, net",_Z,Non applicable,,,,,,,,,,,L,Volumes chaînés,N,Données non transformées,,,,,,,F,Libre (libre pour publication),2,Two,A,Valeur normale,6,Millions,CAD,Dollar canadien
DATAFLOW,OECD.SDD.NAD:DSD_NAAG@DF_NAAG_V(1.0),NAAG Chapitre 5: Ménages,I,A,Annuelle,CZE,Tchéquie,B6N_R_PPP_P31S14,"Revenu disponible net réel des ménages et des ISBLSM, déflaté par la consommation finale des ménages et des ISBLSM",XDC,Monnaie nationale,NAAG_V,Part V: Households,1996,,1771179.72888031,,N,Ni corrigé des variations saisonnières ni corrigé des effets de calendrier,W,Monde,S1M,Les Ménages et ISBLSM,S1,Economie totale,_Z,Non applicable,B,Solde (recettes moins dépenses),B6N_R,"Revenu disponible réel des ménages, net",_Z,Non applicable,,,,,,,,,,,L,Volumes chaînés,N,Données non transformées,,,,,,,F,Libre (libre pour publication),2,Two,A,Valeur normale,6,Millions,CZK,Couronne tchèque
DATAFLOW,OECD.SDD.NAD:DSD_NAAG@DF_NAAG_V(1.0),NAAG Chapitre 5: Ménages,I,A,Annuelle,DNK,Danemark,B6N_R_PPP_P31S14,"Revenu disponible net réel des ménages et des ISBLSM, déflaté par la consommation finale des ménages et des ISBLSM",XDC,Monnaie nationale,NAAG_V,Part V: Households,1996,,699460.910805851,,N,Ni corrigé des variations saisonnières ni corrigé des effets de calendrier,W,Monde,S1M,Les Ménages et ISBLSM,S1,Economie totale,_Z,Non applicable,B,Solde (recettes moins dépenses),B6N_R,"Revenu disponible réel des ménages, net",_Z,Non applicable,,,,,,,,,,,L,Volumes chaînés,N,Données non transformées,,,,,,,F,Libre (libre pour publication),2,Two,A,Valeur normale,6,Millions,DKK,Couronne danoise
DATAFLOW,OECD.SDD.NAD:DSD_NAAG@DF_NAAG_V(1.0),NAAG Chapitre 5: Ménages,I,A,Annuelle,HUN,Hongrie,B6N_R_PPP_P31S14,"Revenu disponible net réel des ménages et des ISBLSM, déflaté par la consommation finale des ménages et des ISBLSM",XDC,Monnaie nationale,NAAG_V,Part V: Households,1996,,15265608.419076,,N,Ni corrigé des variations saisonnières ni corrigé des effets de calendrier,W,Monde,S1M,Les Ménages et ISBLSM,S1,Economie totale,_Z,Non applicable,B,Solde (recettes moins dépenses),B6N_R,"Revenu disponible réel des ménages, net",_Z,Non applicable,,,,,,,,,,,L,Volumes chaînés,N,Données non transformées,,,,,,,F,Libre (libre pour publication),2,Two,A,Valeur normale,6,Millions,HUF,Forint
DATAFLOW,OECD.SDD.NAD:DSD_NAAG@DF_NAAG_V(1.0),NAAG Chapitre 5: Ménages,I,A,Annuelle,JPN,Japon,B6N_R_PPP_P31S14,"Revenu disponible net réel des ménages et des ISBLSM, déflaté par la consommation finale des ménages et des ISBLSM",XDC,Monnaie nationale,NAAG_V,Part V: Households,1996,,291918672.509511,,N,Ni corrigé des variations saisonnières ni corrigé des effets de calendrier,W,Monde,S1M,Les Ménages et ISBLSM,S1,Economie totale,_Z,Non applicable,B,Solde (recettes moins dépenses),B6N_R,"Revenu disponible réel des ménages, net",_Z,Non applicable,,,,,,,,,,,L,Volumes chaînés,N,Données non transformées,,,,,,,F,Libre (libre pour publication),2,Two,A,Valeur normale,6,Millions,JPY,Yen
DATAFLOW,OECD.SDD.NAD:DSD_NAAG@DF_NAAG_V(1.0),NAAG Chapitre 5: Ménages,I,A,Annuelle,NZL,Nouvelle-Zélande,B6N_R_PPP_P31S14,"Revenu disponible net réel des ménages et des ISBLSM, déflaté par la consommation finale des ménages et des ISBLSM",XDC,Monnaie nationale,NAAG_V,Part V: Households,1996,,83916.4923858122,,N,Ni corrigé des variations saisonnières ni corrigé des effets de calendrier,W,Monde,S1M,Les Ménages et ISBLSM,S1,Economie totale,_Z,Non applicable,B,Solde (recettes moins dépenses),B6N_R,"Revenu disponible réel des ménages, net",_Z,Non applicable,,,,,,,,,,,L,Volumes chaînés,N,Données non transformées,,,,,,,F,Libre (libre pour publication),2,Two,A,Valeur normale,6,Millions,NZD,Dollar néo-zélandais
DATAFLOW,OECD.SDD.NAD:DSD_NAAG@DF_NAAG_V(1.0),NAAG Chapitre 5: Ménages,I,A,Annuelle,NOR,Norvège,B6N_R_PPP_P31S14,"Revenu disponible net réel des ménages et des ISBLSM, déflaté par la consommation finale des ménages et des ISBLSM",XDC,Monnaie nationale,NAAG_V,Part V: Households,1996,,808686.8830628,,N,Ni corrigé des variations saisonnières ni corrigé des effets de calendrier,W,Monde,S1M,Les Ménages et ISBLSM,S1,Economie totale,_Z,Non applicable,B,Solde (recettes moins dépenses),B6N_R,"Revenu disponible réel des ménages, net",_Z,Non applicable,,,,,,,,,,,L,Volumes chaînés,N,Données non transformées,,,,,,,F,Libre (libre pour publication),2,Two,A,Valeur normale,6,Millions,NOK,Couronne norvégienne
DATAFLOW,OECD.SDD.NAD:DSD_NAAG@DF_NAAG_V(1.0),NAAG Chapitre 5: Ménages,I,A,Annuelle,POL,Pologne,B6N_R_PPP_P31S14,"Revenu disponible net réel des ménages et des ISBLSM, déflaté par la consommation finale des ménages et des ISBLSM",XDC,Monnaie nationale,NAAG_V,Part V: Households,1996,,686393.950347222,,N,Ni corrigé des variations saisonnières ni corrigé des effets de calendrier,W,Monde,S1M,Les Ménages et ISBLSM,S1,Economie totale,_Z,Non applicable,B,Solde (recettes moins dépenses),B6N_R,"Revenu disponible réel des ménages, net",_Z,Non applicable,,,,,,,,,,,L,Volumes chaînés,N,Données non transformées,,,,,,,F,Libre (libre pour publication),2,Two,A,Valeur normale,6,Millions,PLN,Zloty
DATAFLOW,OECD.SDD.NAD:DSD_NAAG@DF_NAAG_V(1.0),NAAG Chapitre 5: Ménages,I,A,Annuelle,SWE,Suède,B6N_R_PPP_P31S14,"Revenu disponible net réel des ménages et des ISBLSM, déflaté par la consommation finale des ménages et des ISBLSM",XDC,Monnaie nationale,NAAG_V,Part V: Households,1996,,1258109.20589356,,N,Ni corrigé des variations saisonnières ni corrigé des effets de calendrier,W,Monde,S1M,Les Ménages et ISBLSM,S1,Economie totale,_Z,Non applicable,B,Solde (recettes moins dépenses),B6N_R,"Revenu disponible réel des ménages, net",_Z,Non applicable,,,,,,,,,,,L,Volumes chaînés,N,Données non transformées,,,,,,,F,Libre (libre pour publication),2,Two,A,Valeur normale,6,Millions,SEK,Couronne suédoise
DATAFLOW,OECD.SDD.NAD:DSD_NAAG@DF_NAAG_V(1.0),NAAG Chapitre 5: Ménages,I,A,Annuelle,CHE,Suisse,B6N_R_PPP_P31S14,"Revenu disponible net réel des ménages et des ISBLSM, déflaté par la consommation finale des ménages et des ISBLSM",XDC,Monnaie nationale,NAAG_V,Part V: Households,1996,,261002.201387282,,N,Ni corrigé des variations saisonnières ni corrigé des effets de calendrier,W,Monde,S1M,Les Ménages et ISBLSM,S1,Economie totale,_Z,Non applicable,B,Solde (recettes moins dépenses),B6N_R,"Revenu disponible réel des ménages, net",_Z,Non applicable,,,,,,,,,,,L,Volumes chaînés,N,Données non transformées,,,,,,,F,Libre (libre pour publication),2,Two,A,Valeur normale,6,Millions,CHF,Franc suisse
DATAFLOW,OECD.SDD.NAD:DSD_NAAG@DF_NAAG_V(1.0),NAAG Chapitre 5: Ménages,I,A,Annuelle,GBR,Royaume-Uni,B6N_R_PPP_P31S14,"Revenu disponible net réel des ménages et des ISBLSM, déflaté par la consommation finale des ménages et des ISBLSM",XDC,Monnaie nationale,NAAG_V,Part V: Households,1996,,855607.789527643,,N,Ni corrigé des variations saisonnières ni corrigé des effets de calendrier,W,Monde,S1M,Les Ménages et ISBLSM,S1,Economie totale,_Z,Non applicable,B,Solde (recettes moins dépenses),B6N_R,"Revenu disponible réel des ménages, net",_Z,Non applicable,,,,,,,,,,,L,Volumes chaînés,N,Données non transformées,,,,,,,F,Libre (libre pour publication),2,Two,A,Valeur normale,6,Millions,GBP,Livre sterling
DATAFLOW,OECD.SDD.NAD:DSD_NAAG@DF_NAAG_V(1.0),NAAG Chapitre 5: Ménages,I,A,Annuelle,ZAF,Afrique du Sud,B6N_R_PPP_P31S14,"Revenu disponible net réel des ménages et des ISBLSM, déflaté par la consommation finale des ménages et des ISBLSM",XDC,Monnaie nationale,NAAG_V,Part V: Households,1996,,1755439.9019678,,N,Ni corrigé des variations saisonnières ni corrigé des effets de calendrier,W,Monde,S1M,Les Ménages et ISBLSM,S1,Economie totale,_Z,Non applicable,B,Solde (recettes moins dépenses),B6N_R,"Revenu disponible réel des ménages, net",_Z,Non applicable,,,,,,,,,,,L,Volumes chaînés,N,Données non transformées,,,,,,,F,Libre (libre pour publication),2,Two,A,Valeur normale,6,Millions,ZAR,Rand
DATAFLOW,OECD.SDD.NAD:DSD_NAAG@DF_NAAG_V(1.0),NAAG Chapitre 5: Ménages,I,A,Annuelle,AUS,Australie,B6N_R_PPP_P31S14,"Revenu disponible net réel des ménages et des ISBLSM, déflaté par la consommation finale des ménages et des ISBLSM",XDC,Monnaie nationale,NAAG_V,Part V: Households,1997,,561299.062040432,,N,Ni corrigé des variations saisonnières ni corrigé des effets de calendrier,W,Monde,S1M,Les Ménages et ISBLSM,S1,Economie totale,_Z,Non applicable,B,Solde (recettes moins dépenses),B6N_R,"Revenu disponible réel des ménages, net",_Z,Non applicable,,,,,,,,,,,L,Volumes chaînés,N,Données non transformées,,,,,,,F,Libre (libre pour publication),2,Two,A,Valeur normale,6,Millions,AUD,Dollar australien
DATAFLOW,OECD.SDD.NAD:DSD_NAAG@DF_NAAG_V(1.0),NAAG Chapitre 5: Ménages,I,A,Annuelle,CAN,Canada,B6N_R_PPP_P31S14,"Revenu disponible net réel des ménages et des ISBLSM, déflaté par la consommation finale des ménages et des ISBLSM",XDC,Monnaie nationale,NAAG_V,Part V: Households,1997,,707856.589250421,,N,Ni corrigé des variations saisonnières ni corrigé des effets de calendrier,W,Monde,S1M,Les Ménages et ISBLSM,S1,Economie totale,_Z,Non applicable,B,Solde (recettes moins dépenses),B6N_R,"Revenu disponible réel des ménages, net",_Z,Non applicable,,,,,,,,,,,L,Volumes chaînés,N,Données non transformées,,,,,,,F,Libre (libre pour publication),2,Two,A,Valeur normale,6,Millions,CAD,Dollar canadien
DATAFLOW,OECD.SDD.NAD:DSD_NAAG@DF_NAAG_V(1.0),NAAG Chapitre 5: Ménages,I,A,Annuelle,CZE,Tchéquie,B6N_R_PPP_P31S14,"Revenu disponible net réel des ménages et des ISBLSM, déflaté par la consommation finale des ménages et des ISBLSM",XDC,Monnaie nationale,NAAG_V,Part V: Households,1997,,1827707.76815496,,N,Ni corrigé des variations saisonnières ni corrigé des effets de calendrier,W,Monde,S1M,Les Ménages et ISBLSM,S1,Economie totale,_Z,Non applicable,B,Solde (recettes moins dépenses),B6N_R,"Revenu disponible réel des ménages, net",_Z,Non applicable,,,,,,,,,,,L,Volumes chaînés,N,Données non transformées,,,,,,,F,Libre (libre pour publication),2,Two,A,Valeur normale,6,Millions,CZK,Couronne tchèque
DATAFLOW,OECD.SDD.NAD:DSD_NAAG@DF_NAAG_V(1.0),NAAG Chapitre 5: Ménages,I,A,Annuelle,DNK,Danemark,B6N_R_PPP_P31S14,"Revenu disponible net réel des ménages et des ISBLSM, déflaté par la consommation finale des ménages et des ISBLSM",XDC,Monnaie nationale,NAAG_V,Part V: Households,1997,,696276.162075769,,N,Ni corrigé des variations saisonnières ni corrigé des effets de calendrier,W,Monde,S1M,Les Ménages et ISBLSM,S1,Economie totale,_Z,Non applicable,B,Solde (recettes moins dépenses),B6N_R,"Revenu disponible réel des ménages, net",_Z,Non applicable,,,,,,,,,,,L,Volumes chaînés,N,Données non transformées,,,,,,,F,Libre (libre pour publication),2,Two,A,Valeur normale,6,Millions,DKK,Couronne danoise
DATAFLOW,OECD.SDD.NAD:DSD_NAAG@DF_NAAG_V(1.0),NAAG Chapitre 5: Ménages,I,A,Annuelle,HUN,Hongrie,B6N_R_PPP_P31S14,"Revenu disponible net réel des ménages et des ISBLSM, déflaté par la consommation finale des ménages et des ISBLSM",XDC,Monnaie nationale,NAAG_V,Part V: Households,1997,,15309473.4206163,,N,Ni corrigé des variations saisonnières ni corrigé des effets de calendrier,W,Monde,S1M,Les Ménages et ISBLSM,S1,Economie totale,_Z,Non applicable,B,Solde (recettes moins dépenses),B6N_R,"Revenu disponible réel des ménages, net",_Z,Non applicable,,,,,,,,,,,L,Volumes chaînés,N,Données non transformées,,,,,,,F,Libre (libre pour publication),2,Two,A,Valeur normale,6,Millions,HUF,Forint
DATAFLOW,OECD.SDD.NAD:DSD_NAAG@DF_NAAG_V(1.0),NAAG Chapitre 5: Ménages,I,A,Annuelle,JPN,Japon,B6N_R_PPP_P31S14,"Revenu disponible net réel des ménages et des ISBLSM, déflaté par la consommation finale des ménages et des ISBLSM",XDC,Monnaie nationale,NAAG_V,Part V: Households,1997,,295193076.894441,,N,Ni corrigé des variations saisonnières ni corrigé des effets de calendrier,W,Monde,S1M,Les Ménages et ISBLSM,S1,Economie totale,_Z,Non applicable,B,Solde (recettes moins dépenses),B6N_R,"Revenu disponible réel des ménages, net",_Z,Non applicable,,,,,,,,,,,L,Volumes chaînés,N,Données non transformées,,,,,,,F,Libre (libre pour publication),2,Two,A,Valeur normale,6,Millions,JPY,Yen
DATAFLOW,OECD.SDD.NAD:DSD_NAAG@DF_NAAG_V(1.0),NAAG Chapitre 5: Ménages,I,A,Annuelle,NZL,Nouvelle-Zélande,B6N_R_PPP_P31S14,"Revenu disponible net réel des ménages et des ISBLSM, déflaté par la consommation finale des ménages et des ISBLSM",XDC,Monnaie nationale,NAAG_V,Part V: Households,1997,,86588.8531686709,,N,Ni corrigé des variations saisonnières ni corrigé des effets de calendrier,W,Monde,S1M,Les Ménages et ISBLSM,S1,Economie totale,_Z,Non applicable,B,Solde (recettes moins dépenses),B6N_R,"Revenu disponible réel des ménages, net",_Z,Non applicable,,,,,,,,,,,L,Volumes chaînés,N,Données non transformées,,,,,,,F,Libre (libre pour publication),2,Two,A,Valeur normale,6,Millions,NZD,Dollar néo-zélandais
DATAFLOW,OECD.SDD.NAD:DSD_NAAG@DF_NAAG_V(1.0),NAAG Chapitre 5: Ménages,I,A,Annuelle,NOR,Norvège,B6N_R_PPP_P31S14,"Revenu disponible net réel des ménages et des ISBLSM, déflaté par la consommation finale des ménages et des ISBLSM",XDC,Monnaie nationale,NAAG_V,Part V: Households,1997,,841038.111161006,,N,Ni corrigé des variations saisonnières ni corrigé des effets de calendrier,W,Monde,S1M,Les Ménages et ISBLSM,S1,Economie totale,_Z,Non applicable,B,Solde (recettes moins dépenses),B6N_R,"Revenu disponible réel des ménages, net",_Z,Non applicable,,,,,,,,,,,L,Volumes chaînés,N,Données non transformées,,,,,,,F,Libre (libre pour publication),2,Two,A,Valeur normale,6,Millions,NOK,Couronne norvégienne
DATAFLOW,OECD.SDD.NAD:DSD_NAAG@DF_NAAG_V(1.0),NAAG Chapitre 5: Ménages,I,A,Annuelle,POL,Pologne,B6N_R_PPP_P31S14,"Revenu disponible net réel des ménages et des ISBLSM, déflaté par la consommation finale des ménages et des ISBLSM",XDC,Monnaie nationale,NAAG_V,Part V: Households,1997,,732236.628319346,,N,Ni corrigé des variations saisonnières ni corrigé des effets de calendrier,W,Monde,S1M,Les Ménages et ISBLSM,S1,Economie totale,_Z,Non applicable,B,Solde (recettes moins dépenses),B6N_R,"Revenu disponible réel des ménages, net",_Z,Non applicable,,,,,,,,,,,L,Volumes chaînés,N,Données non transformées,,,,,,,F,Libre (libre pour publication),2,Two,A,Valeur normale,6,Millions,PLN,Zloty
DATAFLOW,OECD.SDD.NAD:DSD_NAAG@DF_NAAG_V(1.0),NAAG Chapitre 5: Ménages,I,A,Annuelle,SWE,Suède,B6N_R_PPP_P31S14,"Revenu disponible net réel des ménages et des ISBLSM, déflaté par la consommation finale des ménages et des ISBLSM",XDC,Monnaie nationale,NAAG_V,Part V: Households,1997,,1249044.38710053,,N,Ni corrigé des variations saisonnières ni corrigé des effets de calendrier,W,Monde,S1M,Les Ménages et ISBLSM,S1,Economie totale,_Z,Non applicable,B,Solde (recettes moins dépenses),B6N_R,"Revenu disponible réel des ménages, net",_Z,Non applicable,,,,,,,,,,,L,Volumes chaînés,N,Données non transformées,,,,,,,F,Libre (libre pour publication),2,Two,A,Valeur normale,6,Millions,SEK,Couronne suédoise
DATAFLOW,OECD.SDD.NAD:DSD_NAAG@DF_NAAG_V(1.0),NAAG Chapitre 5: Ménages,I,A,Annuelle,CHE,Suisse,B6N_R_PPP_P31S14,"Revenu disponible net réel des ménages et des ISBLSM, déflaté par la consommation finale des ménages et des ISBLSM",XDC,Monnaie nationale,NAAG_V,Part V: Households,1997,,274901.169995021,,N,Ni corrigé des variations saisonnières ni corrigé des effets de calendrier,W,Monde,S1M,Les Ménages et ISBLSM,S1,Economie totale,_Z,Non applicable,B,Solde (recettes moins dépenses),B6N_R,"Revenu disponible réel des ménages, net",_Z,Non applicable,,,,,,,,,,,L,Volumes chaînés,N,Données non transformées,,,,,,,F,Libre (libre pour publication),2,Two,A,Valeur normale,6,Millions,CHF,Franc suisse
DATAFLOW,OECD.SDD.NAD:DSD_NAAG@DF_NAAG_V(1.0),NAAG Chapitre 5: Ménages,I,A,Annuelle,GBR,Royaume-Uni,B6N_R_PPP_P31S14,"Revenu disponible net réel des ménages et des ISBLSM, déflaté par la consommation finale des ménages et des ISBLSM",XDC,Monnaie nationale,NAAG_V,Part V: Households,1997,,878705.147921416,,N,Ni corrigé des variations saisonnières ni corrigé des effets de calendrier,W,Monde,S1M,Les Ménages et ISBLSM,S1,Economie totale,_Z,Non applicable,B,Solde (recettes moins dépenses),B6N_R,"Revenu disponible réel des ménages, net",_Z,Non applicable,,,,,,,,,,,L,Volumes chaînés,N,Données non transformées,,,,,,,F,Libre (libre pour publication),2,Two,A,Valeur normale,6,Millions,GBP,Livre sterling
DATAFLOW,OECD.SDD.NAD:DSD_NAAG@DF_NAAG_V(1.0),NAAG Chapitre 5: Ménages,I,A,Annuelle,ZAF,Afrique du Sud,B6N_R_PPP_P31S14,"Revenu disponible net réel des ménages et des ISBLSM, déflaté par la consommation finale des ménages et des ISBLSM",XDC,Monnaie nationale,NAAG_V,Part V: Households,1997,,1907677.31750489,,N,Ni corrigé des variations saisonnières ni corrigé des effets de calendrier,W,Monde,S1M,Les Ménages et ISBLSM,S1,Economie totale,_Z,Non applicable,B,Solde (recettes moins dépenses),B6N_R,"Revenu disponible réel des ménages, net",_Z,Non applicable,,,,,,,,,,,L,Volumes chaînés,N,Données non transformées,,,,,,,F,Libre (libre pour publication),2,Two,A,Valeur normale,6,Millions,ZAR,Rand
DATAFLOW,OECD.SDD.NAD:DSD_NAAG@DF_NAAG_V(1.0),NAAG Chapitre 5: Ménages,I,A,Annuelle,AUS,Australie,B6N_R_PPP_P31S14,"Revenu disponible net réel des ménages et des ISBLSM, déflaté par la consommation finale des ménages et des ISBLSM",XDC,Monnaie nationale,NAAG_V,Part V: Households,1998,,577515.756383747,,N,Ni corrigé des variations saisonnières ni corrigé des effets de calendrier,W,Monde,S1M,Les Ménages et ISBLSM,S1,Economie totale,_Z,Non applicable,B,Solde (recettes moins dépenses),B6N_R,"Revenu disponible réel des ménages, net",_Z,Non applicable,,,,,,,,,,,L,Volumes chaînés,N,Données non transformées,,,,,,,F,Libre (libre pour publication),2,Two,A,Valeur normale,6,Millions,AUD,Dollar australien
DATAFLOW,OECD.SDD.NAD:DSD_NAAG@DF_NAAG_V(1.0),NAAG Chapitre 5: Ménages,I,A,Annuelle,CAN,Canada,B6N_R_PPP_P31S14,"Revenu disponible net réel des ménages et des ISBLSM, déflaté par la consommation finale des ménages et des ISBLSM",XDC,Monnaie nationale,NAAG_V,Part V: Households,1998,,732789.076003784,,N,Ni corrigé des variations saisonnières ni corrigé des effets de calendrier,W,Monde,S1M,Les Ménages et ISBLSM,S1,Economie totale,_Z,Non applicable,B,Solde (recettes moins dépenses),B6N_R,"Revenu disponible réel des ménages, net",_Z,Non applicable,,,,,,,,,,,L,Volumes chaînés,N,Données non transformées,,,,,,,F,Libre (libre pour publication),2,Two,A,Valeur normale,6,Millions,CAD,Dollar canadien
DATAFLOW,OECD.SDD.NAD:DSD_NAAG@DF_NAAG_V(1.0),NAAG Chapitre 5: Ménages,I,A,Annuelle,CZE,Tchéquie,B6N_R_PPP_P31S14,"Revenu disponible net réel des ménages et des ISBLSM, déflaté par la consommation finale des ménages et des ISBLSM",XDC,Monnaie nationale,NAAG_V,Part V: Households,1998,,1796258.38163961,,N,Ni corrigé des variations saisonnières ni corrigé des effets de calendrier,W,Monde,S1M,Les Ménages et ISBLSM,S1,Economie totale,_Z,Non applicable,B,Solde (recettes moins dépenses),B6N_R,"Revenu disponible réel des ménages, net",_Z,Non applicable,,,,,,,,,,,L,Volumes chaînés,N,Données non transformées,,,,,,,F,Libre (libre pour publication),2,Two,A,Valeur normale,6,Millions,CZK,Couronne tchèque
DATAFLOW,OECD.SDD.NAD:DSD_NAAG@DF_NAAG_V(1.0),NAAG Chapitre 5: Ménages,I,A,Annuelle,DNK,Danemark,B6N_R_PPP_P31S14,"Revenu disponible net réel des ménages et des ISBLSM, déflaté par la consommation finale des ménages et des ISBLSM",XDC,Monnaie nationale,NAAG_V,Part V: Households,1998,,718402.900996262,,N,Ni corrigé des variations saisonnières ni corrigé des effets de calendrier,W,Monde,S1M,Les Ménages et ISBLSM,S1,Economie totale,_Z,Non applicable,B,Solde (recettes moins dépenses),B6N_R,"Revenu disponible réel des ménages, net",_Z,Non applicable,,,,,,,,,,,L,Volumes chaînés,N,Données non transformées,,,,,,,F,Libre (libre pour publication),2,Two,A,Valeur normale,6,Millions,DKK,Couronne danoise
DATAFLOW,OECD.SDD.NAD:DSD_NAAG@DF_NAAG_V(1.0),NAAG Chapitre 5: Ménages,I,A,Annuelle,HUN,Hongrie,B6N_R_PPP_P31S14,"Revenu disponible net réel des ménages et des ISBLSM, déflaté par la consommation finale des ménages et des ISBLSM",XDC,Monnaie nationale,NAAG_V,Part V: Households,1998,,15771047.0965387,,N,Ni corrigé des variations saisonnières ni corrigé des effets de calendrier,W,Monde,S1M,Les Ménages et ISBLSM,S1,Economie totale,_Z,Non applicable,B,Solde (recettes moins dépenses),B6N_R,"Revenu disponible réel des ménages, net",_Z,Non applicable,,,,,,,,,,,L,Volumes chaînés,N,Données non transformées,,,,,,,F,Libre (libre pour publication),2,Two,A,Valeur normale,6,Millions,HUF,Forint
DATAFLOW,OECD.SDD.NAD:DSD_NAAG@DF_NAAG_V(1.0),NAAG Chapitre 5: Ménages,I,A,Annuelle,JPN,Japon,B6N_R_PPP_P31S14,"Revenu disponible net réel des ménages et des ISBLSM, déflaté par la consommation finale des ménages et des ISBLSM",XDC,Monnaie nationale,NAAG_V,Part V: Households,1998,,296789730.118878,,N,Ni corrigé des variations saisonnières ni corrigé des effets de calendrier,W,Monde,S1M,Les Ménages et ISBLSM,S1,Economie totale,_Z,Non applicable,B,Solde (recettes moins dépenses),B6N_R,"Revenu disponible réel des ménages, net",_Z,Non applicable,,,,,,,,,,,L,Volumes chaînés,N,Données non transformées,,,,,,,F,Libre (libre pour publication),2,Two,A,Valeur normale,6,Millions,JPY,Yen
DATAFLOW,OECD.SDD.NAD:DSD_NAAG@DF_NAAG_V(1.0),NAAG Chapitre 5: Ménages,I,A,Annuelle,NZL,Nouvelle-Zélande,B6N_R_PPP_P31S14,"Revenu disponible net réel des ménages et des ISBLSM, déflaté par la consommation finale des ménages et des ISBLSM",XDC,Monnaie nationale,NAAG_V,Part V: Households,1998,,90185.5751601372,,N,Ni corrigé des variations saisonnières ni corrigé des effets de calendrier,W,Monde,S1M,Les Ménages et ISBLSM,S1,Economie totale,_Z,Non applicable,B,Solde (recettes moins dépenses),B6N_R,"Revenu disponible réel des ménages, net",_Z,Non applicable,,,,,,,,,,,L,Volumes chaînés,N,Données non transformées,,,,,,,F,Libre (libre pour publication),2,Two,A,Valeur normale,6,Millions,NZD,Dollar néo-zélandais
DATAFLOW,OECD.SDD.NAD:DSD_NAAG@DF_NAAG_V(1.0),NAAG Chapitre 5: Ménages,I,A,Annuelle,NOR,Norvège,B6N_R_PPP_P31S14,"Revenu disponible net réel des ménages et des ISBLSM, déflaté par la consommation finale des ménages et des ISBLSM",XDC,Monnaie nationale,NAAG_V,Part V: Households,1998,,889758.066592314,,N,Ni corrigé des variations saisonnières ni corrigé des effets de calendrier,W,Monde,S1M,Les Ménages et ISBLSM,S1,Economie totale,_Z,Non applicable,B,Solde (recettes moins dépenses),B6N_R,"Revenu disponible réel des ménages, net",_Z,Non applicable,,,,,,,,,,,L,Volumes chaînés,N,Données non transformées,,,,,,,F,Libre (libre pour publication),2,Two,A,Valeur normale,6,Millions,NOK,Couronne norvégienne
DATAFLOW,OECD.SDD.NAD:DSD_NAAG@DF_NAAG_V(1.0),NAAG Chapitre 5: Ménages,I,A,Annuelle,POL,Pologne,B6N_R_PPP_P31S14,"Revenu disponible net réel des ménages et des ISBLSM, déflaté par la consommation finale des ménages et des ISBLSM",XDC,Monnaie nationale,NAAG_V,Part V: Households,1998,,776865.114413099,,N,Ni corrigé des variations saisonnières ni corrigé des effets de calendrier,W,Monde,S1M,Les Ménages et ISBLSM,S1,Economie totale,_Z,Non applicable,B,Solde (recettes moins dépenses),B6N_R,"Revenu disponible réel des ménages, net",_Z,Non applicable,,,,,,,,,,,L,Volumes chaînés,N,Données non transformées,,,,,,,F,Libre (libre pour publication),2,Two,A,Valeur normale,6,Millions,PLN,Zloty
DATAFLOW,OECD.SDD.NAD:DSD_NAAG@DF_NAAG_V(1.0),NAAG Chapitre 5: Ménages,I,A,Annuelle,SWE,Suède,B6N_R_PPP_P31S14,"Revenu disponible net réel des ménages et des ISBLSM, déflaté par la consommation finale des ménages et des ISBLSM",XDC,Monnaie nationale,NAAG_V,Part V: Households,1998,,1276800.53988979,,N,Ni corrigé des variations saisonnières ni corrigé des effets de calendrier,W,Monde,S1M,Les Ménages et ISBLSM,S1,Economie totale,_Z,Non applicable,B,Solde (recettes moins dépenses),B6N_R,"Revenu disponible réel des ménages, net",_Z,Non applicable,,,,,,,,,,,L,Volumes chaînés,N,Données non transformées,,,,,,,F,Libre (libre pour publication),2,Two,A,Valeur normale,6,Millions,SEK,Couronne suédoise
DATAFLOW,OECD.SDD.NAD:DSD_NAAG@DF_NAAG_V(1.0),NAAG Chapitre 5: Ménages,I,A,Annuelle,CHE,Suisse,B6N_R_PPP_P31S14,"Revenu disponible net réel des ménages et des ISBLSM, déflaté par la consommation finale des ménages et des ISBLSM",XDC,Monnaie nationale,NAAG_V,Part V: Households,1998,,281077.318230004,,N,Ni corrigé des variations saisonnières ni corrigé des effets de calendrier,W,Monde,S1M,Les Ménages et ISBLSM,S1,Economie totale,_Z,Non applicable,B,Solde (recettes moins dépenses),B6N_R,"Revenu disponible réel des ménages, net",_Z,Non applicable,,,,,,,,,,,L,Volumes chaînés,N,Données non transformées,,,,,,,F,Libre (libre pour publication),2,Two,A,Valeur normale,6,Millions,CHF,Franc suisse
DATAFLOW,OECD.SDD.NAD:DSD_NAAG@DF_NAAG_V(1.0),NAAG Chapitre 5: Ménages,I,A,Annuelle,GBR,Royaume-Uni,B6N_R_PPP_P31S14,"Revenu disponible net réel des ménages et des ISBLSM, déflaté par la consommation finale des ménages et des ISBLSM",XDC,Monnaie nationale,NAAG_V,Part V: Households,1998,,884786.491400266,,N,Ni corrigé des variations saisonnières ni corrigé des effets de calendrier,W,Monde,S1M,Les Ménages et ISBLSM,S1,Economie totale,_Z,Non applicable,B,Solde (recettes moins dépenses),B6N_R,"Revenu disponible réel des ménages, net",_Z,Non applicable,,,,,,,,,,,L,Volumes chaînés,N,Données non transformées,,,,,,,F,Libre (libre pour publication),2,Two,A,Valeur normale,6,Millions,GBP,Livre sterling
DATAFLOW,OECD.SDD.NAD:DSD_NAAG@DF_NAAG_V(1.0),NAAG Chapitre 5: Ménages,I,A,Annuelle,ZAF,Afrique du Sud,B6N_R_PPP_P31S14,"Revenu disponible net réel des ménages et des ISBLSM, déflaté par la consommation finale des ménages et des ISBLSM",XDC,Monnaie nationale,NAAG_V,Part V: Households,1998,,1880256.70132156,,N,Ni corrigé des variations saisonnières ni corrigé des effets de calendrier,W,Monde,S1M,Les Ménages et ISBLSM,S1,Economie totale,_Z,Non applicable,B,Solde (recettes moins dépenses),B6N_R,"Revenu disponible réel des ménages, net",_Z,Non applicable,,,,,,,,,,,L,Volumes chaînés,N,Données non transformées,,,,,,,F,Libre (libre pour publication),2,Two,A,Valeur normale,6,Millions,ZAR,Rand
DATAFLOW,OECD.SDD.NAD:DSD_NAAG@DF_NAAG_V(1.0),NAAG Chapitre 5: Ménages,I,A,Annuelle,AUS,Australie,B6N_R_PPP_P31S14,"Revenu disponible net réel des ménages et des ISBLSM, déflaté par la consommation finale des ménages et des ISBLSM",XDC,Monnaie nationale,NAAG_V,Part V: Households,1999,,599101.847773229,,N,Ni corrigé des variations saisonnières ni corrigé des effets de calendrier,W,Monde,S1M,Les Ménages et ISBLSM,S1,Economie totale,_Z,Non applicable,B,Solde (recettes moins dépenses),B6N_R,"Revenu disponible réel des ménages, net",_Z,Non applicable,,,,,,,,,,,L,Volumes chaînés,N,Données non transformées,,,,,,,F,Libre (libre pour publication),2,Two,A,Valeur normale,6,Millions,AUD,Dollar australien
DATAFLOW,OECD.SDD.NAD:DSD_NAAG@DF_NAAG_V(1.0),NAAG Chapitre 5: Ménages,I,A,Annuelle,CAN,Canada,B6N_R_PPP_P31S14,"Revenu disponible net réel des ménages et des ISBLSM, déflaté par la consommation finale des ménages et des ISBLSM",XDC,Monnaie nationale,NAAG_V,Part V: Households,1999,,759973.716092746,,N,Ni corrigé des variations saisonnières ni corrigé des effets de calendrier,W,Monde,S1M,Les Ménages et ISBLSM,S1,Economie totale,_Z,Non applicable,B,Solde (recettes moins dépenses),B6N_R,"Revenu disponible réel des ménages, net",_Z,Non applicable,,,,,,,,,,,L,Volumes chaînés,N,Données non transformées,,,,,,,F,Libre (libre pour publication),2,Two,A,Valeur normale,6,Millions,CAD,Dollar canadien
DATAFLOW,OECD.SDD.NAD:DSD_NAAG@DF_NAAG_V(1.0),NAAG Chapitre 5: Ménages,I,A,Annuelle,CZE,Tchéquie,B6N_R_PPP_P31S14,"Revenu disponible net réel des ménages et des ISBLSM, déflaté par la consommation finale des ménages et des ISBLSM",XDC,Monnaie nationale,NAAG_V,Part V: Households,1999,,1843057.81534816,,N,Ni corrigé des variations saisonnières ni corrigé des effets de calendrier,W,Monde,S1M,Les Ménages et ISBLSM,S1,Economie totale,_Z,Non applicable,B,Solde (recettes moins dépenses),B6N_R,"Revenu disponible réel des ménages, net",_Z,Non applicable,,,,,,,,,,,L,Volumes chaînés,N,Données non transformées,,,,,,,F,Libre (libre pour publication),2,Two,A,Valeur normale,6,Millions,CZK,Couronne tchèque
DATAFLOW,OECD.SDD.NAD:DSD_NAAG@DF_NAAG_V(1.0),NAAG Chapitre 5: Ménages,I,A,Annuelle,DNK,Danemark,B6N_R_PPP_P31S14,"Revenu disponible net réel des ménages et des ISBLSM, déflaté par la consommation finale des ménages et des ISBLSM",XDC,Monnaie nationale,NAAG_V,Part V: Households,1999,,701324.052494904,,N,Ni corrigé des variations saisonnières ni corrigé des effets de calendrier,W,Monde,S1M,Les Ménages et ISBLSM,S1,Economie totale,_Z,Non applicable,B,Solde (recettes moins dépenses),B6N_R,"Revenu disponible réel des ménages, net",_Z,Non applicable,,,,,,,,,,,L,Volumes chaînés,N,Données non transformées,,,,,,,F,Libre (libre pour publication),2,Two,A,Valeur normale,6,Millions,DKK,Couronne danoise
DATAFLOW,OECD.SDD.NAD:DSD_NAAG@DF_NAAG_V(1.0),NAAG Chapitre 5: Ménages,I,A,Annuelle,HUN,Hongrie,B6N_R_PPP_P31S14,"Revenu disponible net réel des ménages et des ISBLSM, déflaté par la consommation finale des ménages et des ISBLSM",XDC,Monnaie nationale,NAAG_V,Part V: Households,1999,,15995678.4297647,,N,Ni corrigé des variations saisonnières ni corrigé des effets de calendrier,W,Monde,S1M,Les Ménages et ISBLSM,S1,Economie totale,_Z,Non applicable,B,Solde (recettes moins dépenses),B6N_R,"Revenu disponible réel des ménages, net",_Z,Non applicable,,,,,,,,,,,L,Volumes chaînés,N,Données non transformées,,,,,,,F,Libre (libre pour publication),2,Two,A,Valeur normale,6,Millions,HUF,Forint
DATAFLOW,OECD.SDD.NAD:DSD_NAAG@DF_NAAG_V(1.0),NAAG Chapitre 5: Ménages,I,A,Annuelle,JPN,Japon,B6N_R_PPP_P31S14,"Revenu disponible net réel des ménages et des ISBLSM, déflaté par la consommation finale des ménages et des ISBLSM",XDC,Monnaie nationale,NAAG_V,Part V: Households,1999,,294927520.69337,,N,Ni corrigé des variations saisonnières ni corrigé des effets de calendrier,W,Monde,S1M,Les Ménages et ISBLSM,S1,Economie totale,_Z,Non applicable,B,Solde (recettes moins dépenses),B6N_R,"Revenu disponible réel des ménages, net",_Z,Non applicable,,,,,,,,,,,L,Volumes chaînés,N,Données non transformées,,,,,,,F,Libre (libre pour publication),2,Two,A,Valeur normale,6,Millions,JPY,Yen
DATAFLOW,OECD.SDD.NAD:DSD_NAAG@DF_NAAG_V(1.0),NAAG Chapitre 5: Ménages,I,A,Annuelle,NZL,Nouvelle-Zélande,B6N_R_PPP_P31S14,"Revenu disponible net réel des ménages et des ISBLSM, déflaté par la consommation finale des ménages et des ISBLSM",XDC,Monnaie nationale,NAAG_V,Part V: Households,1999,,97418.5260804947,,N,Ni corrigé des variations saisonnières ni corrigé des effets de calendrier,W,Monde,S1M,Les Ménages et ISBLSM,S1,Economie totale,_Z,Non applicable,B,Solde (recettes moins dépenses),B6N_R,"Revenu disponible réel des ménages, net",_Z,Non applicable,,,,,,,,,,,L,Volumes chaînés,N,Données non transformées,,,,,,,F,Libre (libre pour publication),2,Two,A,Valeur normale,6,Millions,NZD,Dollar néo-zélandais
DATAFLOW,OECD.SDD.NAD:DSD_NAAG@DF_NAAG_V(1.0),NAAG Chapitre 5: Ménages,I,A,Annuelle,NOR,Norvège,B6N_R_PPP_P31S14,"Revenu disponible net réel des ménages et des ISBLSM, déflaté par la consommation finale des ménages et des ISBLSM",XDC,Monnaie nationale,NAAG_V,Part V: Households,1999,,915242.147721836,,N,Ni corrigé des variations saisonnières ni corrigé des effets de calendrier,W,Monde,S1M,Les Ménages et ISBLSM,S1,Economie totale,_Z,Non applicable,B,Solde (recettes moins dépenses),B6N_R,"Revenu disponible réel des ménages, net",_Z,Non applicable,,,,,,,,,,,L,Volumes chaînés,N,Données non transformées,,,,,,,F,Libre (libre pour publication),2,Two,A,Valeur normale,6,Millions,NOK,Couronne norvégienne
DATAFLOW,OECD.SDD.NAD:DSD_NAAG@DF_NAAG_V(1.0),NAAG Chapitre 5: Ménages,I,A,Annuelle,POL,Pologne,B6N_R_PPP_P31S14,"Revenu disponible net réel des ménages et des ISBLSM, déflaté par la consommation finale des ménages et des ISBLSM",XDC,Monnaie nationale,NAAG_V,Part V: Households,1999,,787453.688135593,,N,Ni corrigé des variations saisonnières ni corrigé des effets de calendrier,W,Monde,S1M,Les Ménages et ISBLSM,S1,Economie totale,_Z,Non applicable,B,Solde (recettes moins dépenses),B6N_R,"Revenu disponible réel des ménages, net",_Z,Non applicable,,,,,,,,,,,L,Volumes chaînés,N,Données non transformées,,,,,,,F,Libre (libre pour publication),2,Two,A,Valeur normale,6,Millions,PLN,Zloty
DATAFLOW,OECD.SDD.NAD:DSD_NAAG@DF_NAAG_V(1.0),NAAG Chapitre 5: Ménages,I,A,Annuelle,SWE,Suède,B6N_R_PPP_P31S14,"Revenu disponible net réel des ménages et des ISBLSM, déflaté par la consommation finale des ménages et des ISBLSM",XDC,Monnaie nationale,NAAG_V,Part V: Households,1999,,1308267.21073862,,N,Ni corrigé des variations saisonnières ni corrigé des effets de calendrier,W,Monde,S1M,Les Ménages et ISBLSM,S1,Economie totale,_Z,Non applicable,B,Solde (recettes moins dépenses),B6N_R,"Revenu disponible réel des ménages, net",_Z,Non applicable,,,,,,,,,,,L,Volumes chaînés,N,Données non transformées,,,,,,,F,Libre (libre pour publication),2,Two,A,Valeur normale,6,Millions,SEK,Couronne suédoise
DATAFLOW,OECD.SDD.NAD:DSD_NAAG@DF_NAAG_V(1.0),NAAG Chapitre 5: Ménages,I,A,Annuelle,CHE,Suisse,B6N_R_PPP_P31S14,"Revenu disponible net réel des ménages et des ISBLSM, déflaté par la consommation finale des ménages et des ISBLSM",XDC,Monnaie nationale,NAAG_V,Part V: Households,1999,,292690.450663218,,N,Ni corrigé des variations saisonnières ni corrigé des effets de calendrier,W,Monde,S1M,Les Ménages et ISBLSM,S1,Economie totale,_Z,Non applicable,B,Solde (recettes moins dépenses),B6N_R,"Revenu disponible réel des ménages, net",_Z,Non applicable,,,,,,,,,,,L,Volumes chaînés,N,Données non transformées,,,,,,,F,Libre (libre pour publication),2,Two,A,Valeur normale,6,Millions,CHF,Franc suisse
DATAFLOW,OECD.SDD.NAD:DSD_NAAG@DF_NAAG_V(1.0),NAAG Chapitre 5: Ménages,I,A,Annuelle,GBR,Royaume-Uni,B6N_R_PPP_P31S14,"Revenu disponible net réel des ménages et des ISBLSM, déflaté par la consommation finale des ménages et des ISBLSM",XDC,Monnaie nationale,NAAG_V,Part V: Households,1999,,922030.128466358,,N,Ni corrigé des variations saisonnières ni corrigé des effets de calendrier,W,Monde,S1M,Les Ménages et ISBLSM,S1,Economie totale,_Z,Non applicable,B,Solde (recettes moins dépenses),B6N_R,"Revenu disponible réel des ménages, net",_Z,Non applicable,,,,,,,,,,,L,Volumes chaînés,N,Données non transformées,,,,,,,F,Libre (libre pour publication),2,Two,A,Valeur normale,6,Millions,GBP,Livre sterling
DATAFLOW,OECD.SDD.NAD:DSD_NAAG@DF_NAAG_V(1.0),NAAG Chapitre 5: Ménages,I,A,Annuelle,ZAF,Afrique du Sud,B6N_R_PPP_P31S14,"Revenu disponible net réel des ménages et des ISBLSM, déflaté par la consommation finale des ménages et des ISBLSM",XDC,Monnaie nationale,NAAG_V,Part V: Households,1999,,1907028.0101855,,N,Ni corrigé des variations saisonnières ni corrigé des effets de calendrier,W,Monde,S1M,Les Ménages et ISBLSM,S1,Economie totale,_Z,Non applicable,B,Solde (recettes moins dépenses),B6N_R,"Revenu disponible réel des ménages, net",_Z,Non applicable,,,,,,,,,,,L,Volumes chaînés,N,Données non transformées,,,,,,,F,Libre (libre pour publication),2,Two,A,Valeur normale,6,Millions,ZAR,Rand
DATAFLOW,OECD.SDD.NAD:DSD_NAAG@DF_NAAG_V(1.0),NAAG Chapitre 5: Ménages,I,A,Annuelle,AUS,Australie,B6N_R_PPP_P31S14,"Revenu disponible net réel des ménages et des ISBLSM, déflaté par la consommation finale des ménages et des ISBLSM",XDC,Monnaie nationale,NAAG_V,Part V: Households,2000,,626967.131230318,,N,Ni corrigé des variations saisonnières ni corrigé des effets de calendrier,W,Monde,S1M,Les Ménages et ISBLSM,S1,Economie totale,_Z,Non applicable,B,Solde (recettes moins dépenses),B6N_R,"Revenu disponible réel des ménages, net",_Z,Non applicable,,,,,,,,,,,L,Volumes chaînés,N,Données non transformées,,,,,,,F,Libre (libre pour publication),2,Two,A,Valeur normale,6,Millions,AUD,Dollar australien
DATAFLOW,OECD.SDD.NAD:DSD_NAAG@DF_NAAG_V(1.0),NAAG Chapitre 5: Ménages,I,A,Annuelle,CAN,Canada,B6N_R_PPP_P31S14,"Revenu disponible net réel des ménages et des ISBLSM, déflaté par la consommation finale des ménages et des ISBLSM",XDC,Monnaie nationale,NAAG_V,Part V: Households,2000,,790077.292182857,,N,Ni corrigé des variations saisonnières ni corrigé des effets de calendrier,W,Monde,S1M,Les Ménages et ISBLSM,S1,Economie totale,_Z,Non applicable,B,Solde (recettes moins dépenses),B6N_R,"Revenu disponible réel des ménages, net",_Z,Non applicable,,,,,,,,,,,L,Volumes chaînés,N,Données non transformées,,,,,,,F,Libre (libre pour publication),2,Two,A,Valeur normale,6,Millions,CAD,Dollar canadien
DATAFLOW,OECD.SDD.NAD:DSD_NAAG@DF_NAAG_V(1.0),NAAG Chapitre 5: Ménages,I,A,Annuelle,CZE,Tchéquie,B6N_R_PPP_P31S14,"Revenu disponible net réel des ménages et des ISBLSM, déflaté par la consommation finale des ménages et des ISBLSM",XDC,Monnaie nationale,NAAG_V,Part V: Households,2000,,1888518.20564796,,N,Ni corrigé des variations saisonnières ni corrigé des effets de calendrier,W,Monde,S1M,Les Ménages et ISBLSM,S1,Economie totale,_Z,Non applicable,B,Solde (recettes moins dépenses),B6N_R,"Revenu disponible réel des ménages, net",_Z,Non applicable,,,,,,,,,,,L,Volumes chaînés,N,Données non transformées,,,,,,,F,Libre (libre pour publication),2,Two,A,Valeur normale,6,Millions,CZK,Couronne tchèque
DATAFLOW,OECD.SDD.NAD:DSD_NAAG@DF_NAAG_V(1.0),NAAG Chapitre 5: Ménages,I,A,Annuelle,DNK,Danemark,B6N_R_PPP_P31S14,"Revenu disponible net réel des ménages et des ISBLSM, déflaté par la consommation finale des ménages et des ISBLSM",XDC,Monnaie nationale,NAAG_V,Part V: Households,2000,,712476.207745179,,N,Ni corrigé des variations saisonnières ni corrigé des effets de calendrier,W,Monde,S1M,Les Ménages et ISBLSM,S1,Economie totale,_Z,Non applicable,B,Solde (recettes moins dépenses),B6N_R,"Revenu disponible réel des ménages, net",_Z,Non applicable,,,,,,,,,,,L,Volumes chaînés,N,Données non transformées,,,,,,,F,Libre (libre pour publication),2,Two,A,Valeur normale,6,Millions,DKK,Couronne danoise
DATAFLOW,OECD.SDD.NAD:DSD_NAAG@DF_NAAG_V(1.0),NAAG Chapitre 5: Ménages,I,A,Annuelle,HUN,Hongrie,B6N_R_PPP_P31S14,"Revenu disponible net réel des ménages et des ISBLSM, déflaté par la consommation finale des ménages et des ISBLSM",XDC,Monnaie nationale,NAAG_V,Part V: Households,2000,,16120647.8192292,,N,Ni corrigé des variations saisonnières ni corrigé des effets de calendrier,W,Monde,S1M,Les Ménages et ISBLSM,S1,Economie totale,_Z,Non applicable,B,Solde (recettes moins dépenses),B6N_R,"Revenu disponible réel des ménages, net",_Z,Non applicable,,,,,,,,,,,L,Volumes chaînés,N,Données non transformées,,,,,,,F,Libre (libre pour publication),2,Two,A,Valeur normale,6,Millions,HUF,Forint
DATAFLOW,OECD.SDD.NAD:DSD_NAAG@DF_NAAG_V(1.0),NAAG Chapitre 5: Ménages,I,A,Annuelle,JPN,Japon,B6N_R_PPP_P31S14,"Revenu disponible net réel des ménages et des ISBLSM, déflaté par la consommation finale des ménages et des ISBLSM",XDC,Monnaie nationale,NAAG_V,Part V: Households,2000,,294349575.806384,,N,Ni corrigé des variations saisonnières ni corrigé des effets de calendrier,W,Monde,S1M,Les Ménages et ISBLSM,S1,Economie totale,_Z,Non applicable,B,Solde (recettes moins dépenses),B6N_R,"Revenu disponible réel des ménages, net",_Z,Non applicable,,,,,,,,,,,L,Volumes chaînés,N,Données non transformées,,,,,,,F,Libre (libre pour publication),2,Two,A,Valeur normale,6,Millions,JPY,Yen
DATAFLOW,OECD.SDD.NAD:DSD_NAAG@DF_NAAG_V(1.0),NAAG Chapitre 5: Ménages,I,A,Annuelle,KOR,Corée,B6N_R_PPP_P31S14,"Revenu disponible net réel des ménages et des ISBLSM, déflaté par la consommation finale des ménages et des ISBLSM",XDC,Monnaie nationale,NAAG_V,Part V: Households,2000,,607295168.471591,,N,Ni corrigé des variations saisonnières ni corrigé des effets de calendrier,W,Monde,S1M,Les Ménages et ISBLSM,S1,Economie totale,_Z,Non applicable,B,Solde (recettes moins dépenses),B6N_R,"Revenu disponible réel des ménages, net",_Z,Non applicable,,,,,,,,,,,L,Volumes chaînés,N,Données non transformées,,,,,,,F,Libre (libre pour publication),2,Two,A,Valeur normale,6,Millions,KRW,Won
DATAFLOW,OECD.SDD.NAD:DSD_NAAG@DF_NAAG_V(1.0),NAAG Chapitre 5: Ménages,I,A,Annuelle,NZL,Nouvelle-Zélande,B6N_R_PPP_P31S14,"Revenu disponible net réel des ménages et des ISBLSM, déflaté par la consommation finale des ménages et des ISBLSM",XDC,Monnaie nationale,NAAG_V,Part V: Households,2000,,93349.4021783831,,N,Ni corrigé des variations saisonnières ni corrigé des effets de calendrier,W,Monde,S1M,Les Ménages et ISBLSM,S1,Economie totale,_Z,Non applicable,B,Solde (recettes moins dépenses),B6N_R,"Revenu disponible réel des ménages, net",_Z,Non applicable,,,,,,,,,,,L,Volumes chaînés,N,Données non transformées,,,,,,,F,Libre (libre pour publication),2,Two,A,Valeur normale,6,Millions,NZD,Dollar néo-zélandais
DATAFLOW,OECD.SDD.NAD:DSD_NAAG@DF_NAAG_V(1.0),NAAG Chapitre 5: Ménages,I,A,Annuelle,NOR,Norvège,B6N_R_PPP_P31S14,"Revenu disponible net réel des ménages et des ISBLSM, déflaté par la consommation finale des ménages et des ISBLSM",XDC,Monnaie nationale,NAAG_V,Part V: Households,2000,,949997.279464121,,N,Ni corrigé des variations saisonnières ni corrigé des effets de calendrier,W,Monde,S1M,Les Ménages et ISBLSM,S1,Economie totale,_Z,Non applicable,B,Solde (recettes moins dépenses),B6N_R,"Revenu disponible réel des ménages, net",_Z,Non applicable,,,,,,,,,,,L,Volumes chaînés,N,Données non transformées,,,,,,,F,Libre (libre pour publication),2,Two,A,Valeur normale,6,Millions,NOK,Couronne norvégienne
DATAFLOW,OECD.SDD.NAD:DSD_NAAG@DF_NAAG_V(1.0),NAAG Chapitre 5: Ménages,I,A,Annuelle,POL,Pologne,B6N_R_PPP_P31S14,"Revenu disponible net réel des ménages et des ISBLSM, déflaté par la consommation finale des ménages et des ISBLSM",XDC,Monnaie nationale,NAAG_V,Part V: Households,2000,,802492.584758579,,N,Ni corrigé des variations saisonnières ni corrigé des effets de calendrier,W,Monde,S1M,Les Ménages et ISBLSM,S1,Economie totale,_Z,Non applicable,B,Solde (recettes moins dépenses),B6N_R,"Revenu disponible réel des ménages, net",_Z,Non applicable,,,,,,,,,,,L,Volumes chaînés,N,Données non transformées,,,,,,,F,Libre (libre pour publication),2,Two,A,Valeur normale,6,Millions,PLN,Zloty
DATAFLOW,OECD.SDD.NAD:DSD_NAAG@DF_NAAG_V(1.0),NAAG Chapitre 5: Ménages,I,A,Annuelle,SWE,Suède,B6N_R_PPP_P31S14,"Revenu disponible net réel des ménages et des ISBLSM, déflaté par la consommation finale des ménages et des ISBLSM",XDC,Monnaie nationale,NAAG_V,Part V: Households,2000,,1386896.21909213,,N,Ni corrigé des variations saisonnières ni corrigé des effets de calendrier,W,Monde,S1M,Les Ménages et ISBLSM,S1,Economie totale,_Z,Non applicable,B,Solde (recettes moins dépenses),B6N_R,"Revenu disponible réel des ménages, net",_Z,Non applicable,,,,,,,,,,,L,Volumes chaînés,N,Données non transformées,,,,,,,F,Libre (libre pour publication),2,Two,A,Valeur normale,6,Millions,SEK,Couronne suédoise
DATAFLOW,OECD.SDD.NAD:DSD_NAAG@DF_NAAG_V(1.0),NAAG Chapitre 5: Ménages,I,A,Annuelle,CHE,Suisse,B6N_R_PPP_P31S14,"Revenu disponible net réel des ménages et des ISBLSM, déflaté par la consommation finale des ménages et des ISBLSM",XDC,Monnaie nationale,NAAG_V,Part V: Households,2000,,299703.550174537,,N,Ni corrigé des variations saisonnières ni corrigé des effets de calendrier,W,Monde,S1M,Les Ménages et ISBLSM,S1,Economie totale,_Z,Non applicable,B,Solde (recettes moins dépenses),B6N_R,"Revenu disponible réel des ménages, net",_Z,Non applicable,,,,,,,,,,,L,Volumes chaînés,N,Données non transformées,,,,,,,F,Libre (libre pour publication),2,Two,A,Valeur normale,6,Millions,CHF,Franc suisse
DATAFLOW,OECD.SDD.NAD:DSD_NAAG@DF_NAAG_V(1.0),NAAG Chapitre 5: Ménages,I,A,Annuelle,GBR,Royaume-Uni,B6N_R_PPP_P31S14,"Revenu disponible net réel des ménages et des ISBLSM, déflaté par la consommation finale des ménages et des ISBLSM",XDC,Monnaie nationale,NAAG_V,Part V: Households,2000,,973372.334143709,,N,Ni corrigé des variations saisonnières ni corrigé des effets de calendrier,W,Monde,S1M,Les Ménages et ISBLSM,S1,Economie totale,_Z,Non applicable,B,Solde (recettes moins dépenses),B6N_R,"Revenu disponible réel des ménages, net",_Z,Non applicable,,,,,,,,,,,L,Volumes chaînés,N,Données non transformées,,,,,,,F,Libre (libre pour publication),2,Two,A,Valeur normale,6,Millions,GBP,Livre sterling
DATAFLOW,OECD.SDD.NAD:DSD_NAAG@DF_NAAG_V(1.0),NAAG Chapitre 5: Ménages,I,A,Annuelle,BRA,Brésil,B6N_R_PPP_P31S14,"Revenu disponible net réel des ménages et des ISBLSM, déflaté par la consommation finale des ménages et des ISBLSM",XDC,Monnaie nationale,NAAG_V,Part V: Households,2000,,3388924.37971731,,N,Ni corrigé des variations saisonnières ni corrigé des effets de calendrier,W,Monde,S1M,Les Ménages et ISBLSM,S1,Economie totale,_Z,Non applicable,B,Solde (recettes moins dépenses),B6N_R,"Revenu disponible réel des ménages, net",_Z,Non applicable,,,,,,,,,,,L,Volumes chaînés,N,Données non transformées,,,,,,,F,Libre (libre pour publication),2,Two,A,Valeur normale,6,Millions,BRL,Réal brésilien
DATAFLOW,OECD.SDD.NAD:DSD_NAAG@DF_NAAG_V(1.0),NAAG Chapitre 5: Ménages,I,A,Annuelle,ZAF,Afrique du Sud,B6N_R_PPP_P31S14,"Revenu disponible net réel des ménages et des ISBLSM, déflaté par la consommation finale des ménages et des ISBLSM",XDC,Monnaie nationale,NAAG_V,Part V: Households,2000,,1982940.10977049,,N,Ni corrigé des variations saisonnières ni corrigé des effets de calendrier,W,Monde,S1M,Les Ménages et ISBLSM,S1,Economie totale,_Z,Non applicable,B,Solde (recettes moins dépenses),B6N_R,"Revenu disponible réel des ménages, net",_Z,Non applicable,,,,,,,,,,,L,Volumes chaînés,N,Données non transformées,,,,,,,F,Libre (libre pour publication),2,Two,A,Valeur normale,6,Millions,ZAR,Rand
DATAFLOW,OECD.SDD.NAD:DSD_NAAG@DF_NAAG_V(1.0),NAAG Chapitre 5: Ménages,I,A,Annuelle,AUS,Australie,B6N_R_PPP_P31S14,"Revenu disponible net réel des ménages et des ISBLSM, déflaté par la consommation finale des ménages et des ISBLSM",XDC,Monnaie nationale,NAAG_V,Part V: Households,2001,,653164.397354409,,N,Ni corrigé des variations saisonnières ni corrigé des effets de calendrier,W,Monde,S1M,Les Ménages et ISBLSM,S1,Economie totale,_Z,Non applicable,B,Solde (recettes moins dépenses),B6N_R,"Revenu disponible réel des ménages, net",_Z,Non applicable,,,,,,,,,,,L,Volumes chaînés,N,Données non transformées,,,,,,,F,Libre (libre pour publication),2,Two,A,Valeur normale,6,Millions,AUD,Dollar australien
DATAFLOW,OECD.SDD.NAD:DSD_NAAG@DF_NAAG_V(1.0),NAAG Chapitre 5: Ménages,I,A,Annuelle,CAN,Canada,B6N_R_PPP_P31S14,"Revenu disponible net réel des ménages et des ISBLSM, déflaté par la consommation finale des ménages et des ISBLSM",XDC,Monnaie nationale,NAAG_V,Part V: Households,2001,,819503.861615497,,N,Ni corrigé des variations saisonnières ni corrigé des effets de calendrier,W,Monde,S1M,Les Ménages et ISBLSM,S1,Economie totale,_Z,Non applicable,B,Solde (recettes moins dépenses),B6N_R,"Revenu disponible réel des ménages, net",_Z,Non applicable,,,,,,,,,,,L,Volumes chaînés,N,Données non transformées,,,,,,,F,Libre (libre pour publication),2,Two,A,Valeur normale,6,Millions,CAD,Dollar canadien
DATAFLOW,OECD.SDD.NAD:DSD_NAAG@DF_NAAG_V(1.0),NAAG Chapitre 5: Ménages,I,A,Annuelle,CZE,Tchéquie,B6N_R_PPP_P31S14,"Revenu disponible net réel des ménages et des ISBLSM, déflaté par la consommation finale des ménages et des ISBLSM",XDC,Monnaie nationale,NAAG_V,Part V: Households,2001,,1953068.54387088,,N,Ni corrigé des variations saisonnières ni corrigé des effets de calendrier,W,Monde,S1M,Les Ménages et ISBLSM,S1,Economie totale,_Z,Non applicable,B,Solde (recettes moins dépenses),B6N_R,"Revenu disponible réel des ménages, net",_Z,Non applicable,,,,,,,,,,,L,Volumes chaînés,N,Données non transformées,,,,,,,F,Libre (libre pour publication),2,Two,A,Valeur normale,6,Millions,CZK,Couronne tchèque
DATAFLOW,OECD.SDD.NAD:DSD_NAAG@DF_NAAG_V(1.0),NAAG Chapitre 5: Ménages,I,A,Annuelle,DNK,Danemark,B6N_R_PPP_P31S14,"Revenu disponible net réel des ménages et des ISBLSM, déflaté par la consommation finale des ménages et des ISBLSM",XDC,Monnaie nationale,NAAG_V,Part V: Households,2001,,737498.401918106,,N,Ni corrigé des variations saisonnières ni corrigé des effets de calendrier,W,Monde,S1M,Les Ménages et ISBLSM,S1,Economie totale,_Z,Non applicable,B,Solde (recettes moins dépenses),B6N_R,"Revenu disponible réel des ménages, net",_Z,Non applicable,,,,,,,,,,,L,Volumes chaînés,N,Données non transformées,,,,,,,F,Libre (libre pour publication),2,Two,A,Valeur normale,6,Millions,DKK,Couronne danoise
DATAFLOW,OECD.SDD.NAD:DSD_NAAG@DF_NAAG_V(1.0),NAAG Chapitre 5: Ménages,I,A,Annuelle,HUN,Hongrie,B6N_R_PPP_P31S14,"Revenu disponible net réel des ménages et des ISBLSM, déflaté par la consommation finale des ménages et des ISBLSM",XDC,Monnaie nationale,NAAG_V,Part V: Households,2001,,17012754.5446773,,N,Ni corrigé des variations saisonnières ni corrigé des effets de calendrier,W,Monde,S1M,Les Ménages et ISBLSM,S1,Economie totale,_Z,Non applicable,B,Solde (recettes moins dépenses),B6N_R,"Revenu disponible réel des ménages, net",_Z,Non applicable,,,,,,,,,,,L,Volumes chaînés,N,Données non transformées,,,,,,,F,Libre (libre pour publication),2,Two,A,Valeur normale,6,Millions,HUF,Forint
DATAFLOW,OECD.SDD.NAD:DSD_NAAG@DF_NAAG_V(1.0),NAAG Chapitre 5: Ménages,I,A,Annuelle,JPN,Japon,B6N_R_PPP_P31S14,"Revenu disponible net réel des ménages et des ISBLSM, déflaté par la consommation finale des ménages et des ISBLSM",XDC,Monnaie nationale,NAAG_V,Part V: Households,2001,,287483916.152603,,N,Ni corrigé des variations saisonnières ni corrigé des effets de calendrier,W,Monde,S1M,Les Ménages et ISBLSM,S1,Economie totale,_Z,Non applicable,B,Solde (recettes moins dépenses),B6N_R,"Revenu disponible réel des ménages, net",_Z,Non applicable,,,,,,,,,,,L,Volumes chaînés,N,Données non transformées,,,,,,,F,Libre (libre pour publication),2,Two,A,Valeur normale,6,Millions,JPY,Yen
DATAFLOW,OECD.SDD.NAD:DSD_NAAG@DF_NAAG_V(1.0),NAAG Chapitre 5: Ménages,I,A,Annuelle,KOR,Corée,B6N_R_PPP_P31S14,"Revenu disponible net réel des ménages et des ISBLSM, déflaté par la consommation finale des ménages et des ISBLSM",XDC,Monnaie nationale,NAAG_V,Part V: Households,2001,,626117430.611019,,N,Ni corrigé des variations saisonnières ni corrigé des effets de calendrier,W,Monde,S1M,Les Ménages et ISBLSM,S1,Economie totale,_Z,Non applicable,B,Solde (recettes moins dépenses),B6N_R,"Revenu disponible réel des ménages, net",_Z,Non applicable,,,,,,,,,,,L,Volumes chaînés,N,Données non transformées,,,,,,,F,Libre (libre pour publication),2,Two,A,Valeur normale,6,Millions,KRW,Won
DATAFLOW,OECD.SDD.NAD:DSD_NAAG@DF_NAAG_V(1.0),NAAG Chapitre 5: Ménages,I,A,Annuelle,NZL,Nouvelle-Zélande,B6N_R_PPP_P31S14,"Revenu disponible net réel des ménages et des ISBLSM, déflaté par la consommation finale des ménages et des ISBLSM",XDC,Monnaie nationale,NAAG_V,Part V: Households,2001,,96808.5732923325,,N,Ni corrigé des variations saisonnières ni corrigé des effets de calendrier,W,Monde,S1M,Les Ménages et ISBLSM,S1,Economie totale,_Z,Non applicable,B,Solde (recettes moins dépenses),B6N_R,"Revenu disponible réel des ménages, net",_Z,Non applicable,,,,,,,,,,,L,Volumes chaînés,N,Données non transformées,,,,,,,F,Libre (libre pour publication),2,Two,A,Valeur normale,6,Millions,NZD,Dollar néo-zélandais
DATAFLOW,OECD.SDD.NAD:DSD_NAAG@DF_NAAG_V(1.0),NAAG Chapitre 5: Ménages,I,A,Annuelle,NOR,Norvège,B6N_R_PPP_P31S14,"Revenu disponible net réel des ménages et des ISBLSM, déflaté par la consommation finale des ménages et des ISBLSM",XDC,Monnaie nationale,NAAG_V,Part V: Households,2001,,944848.900616069,,N,Ni corrigé des variations saisonnières ni corrigé des effets de calendrier,W,Monde,S1M,Les Ménages et ISBLSM,S1,Economie totale,_Z,Non applicable,B,Solde (recettes moins dépenses),B6N_R,"Revenu disponible réel des ménages, net",_Z,Non applicable,,,,,,,,,,,L,Volumes chaînés,N,Données non transformées,,,,,,,F,Libre (libre pour publication),2,Two,A,Valeur normale,6,Millions,NOK,Couronne norvégienne
DATAFLOW,OECD.SDD.NAD:DSD_NAAG@DF_NAAG_V(1.0),NAAG Chapitre 5: Ménages,I,A,Annuelle,POL,Pologne,B6N_R_PPP_P31S14,"Revenu disponible net réel des ménages et des ISBLSM, déflaté par la consommation finale des ménages et des ISBLSM",XDC,Monnaie nationale,NAAG_V,Part V: Households,2001,,833314.986540691,,N,Ni corrigé des variations saisonnières ni corrigé des effets de calendrier,W,Monde,S1M,Les Ménages et ISBLSM,S1,Economie totale,_Z,Non applicable,B,Solde (recettes moins dépenses),B6N_R,"Revenu disponible réel des ménages, net",_Z,Non applicable,,,,,,,,,,,L,Volumes chaînés,N,Données non transformées,,,,,,,F,Libre (libre pour publication),2,Two,A,Valeur normale,6,Millions,PLN,Zloty
DATAFLOW,OECD.SDD.NAD:DSD_NAAG@DF_NAAG_V(1.0),NAAG Chapitre 5: Ménages,I,A,Annuelle,SWE,Suède,B6N_R_PPP_P31S14,"Revenu disponible net réel des ménages et des ISBLSM, déflaté par la consommation finale des ménages et des ISBLSM",XDC,Monnaie nationale,NAAG_V,Part V: Households,2001,,1461482.45714787,,N,Ni corrigé des variations saisonnières ni corrigé des effets de calendrier,W,Monde,S1M,Les Ménages et ISBLSM,S1,Economie totale,_Z,Non applicable,B,Solde (recettes moins dépenses),B6N_R,"Revenu disponible réel des ménages, net",_Z,Non applicable,,,,,,,,,,,L,Volumes chaînés,N,Données non transformées,,,,,,,F,Libre (libre pour publication),2,Two,A,Valeur normale,6,Millions,SEK,Couronne suédoise
DATAFLOW,OECD.SDD.NAD:DSD_NAAG@DF_NAAG_V(1.0),NAAG Chapitre 5: Ménages,I,A,Annuelle,CHE,Suisse,B6N_R_PPP_P31S14,"Revenu disponible net réel des ménages et des ISBLSM, déflaté par la consommation finale des ménages et des ISBLSM",XDC,Monnaie nationale,NAAG_V,Part V: Households,2001,,309435.34019851,,N,Ni corrigé des variations saisonnières ni corrigé des effets de calendrier,W,Monde,S1M,Les Ménages et ISBLSM,S1,Economie totale,_Z,Non applicable,B,Solde (recettes moins dépenses),B6N_R,"Revenu disponible réel des ménages, net",_Z,Non applicable,,,,,,,,,,,L,Volumes chaînés,N,Données non transformées,,,,,,,F,Libre (libre pour publication),2,Two,A,Valeur normale,6,Millions,CHF,Franc suisse
DATAFLOW,OECD.SDD.NAD:DSD_NAAG@DF_NAAG_V(1.0),NAAG Chapitre 5: Ménages,I,A,Annuelle,GBR,Royaume-Uni,B6N_R_PPP_P31S14,"Revenu disponible net réel des ménages et des ISBLSM, déflaté par la consommation finale des ménages et des ISBLSM",XDC,Monnaie nationale,NAAG_V,Part V: Households,2001,,1007262.81115911,,N,Ni corrigé des variations saisonnières ni corrigé des effets de calendrier,W,Monde,S1M,Les Ménages et ISBLSM,S1,Economie totale,_Z,Non applicable,B,Solde (recettes moins dépenses),B6N_R,"Revenu disponible réel des ménages, net",_Z,Non applicable,,,,,,,,,,,L,Volumes chaînés,N,Données non transformées,,,,,,,F,Libre (libre pour publication),2,Two,A,Valeur normale,6,Millions,GBP,Livre sterling
DATAFLOW,OECD.SDD.NAD:DSD_NAAG@DF_NAAG_V(1.0),NAAG Chapitre 5: Ménages,I,A,Annuelle,BRA,Brésil,B6N_R_PPP_P31S14,"Revenu disponible net réel des ménages et des ISBLSM, déflaté par la consommation finale des ménages et des ISBLSM",XDC,Monnaie nationale,NAAG_V,Part V: Households,2001,,3399148.06397428,,N,Ni corrigé des variations saisonnières ni corrigé des effets de calendrier,W,Monde,S1M,Les Ménages et ISBLSM,S1,Economie totale,_Z,Non applicable,B,Solde (recettes moins dépenses),B6N_R,"Revenu disponible réel des ménages, net",_Z,Non applicable,,,,,,,,,,,L,Volumes chaînés,N,Données non transformées,,,,,,,F,Libre (libre pour publication),2,Two,A,Valeur normale,6,Millions,BRL,Réal brésilien
DATAFLOW,OECD.SDD.NAD:DSD_NAAG@DF_NAAG_V(1.0),NAAG Chapitre 5: Ménages,I,A,Annuelle,ZAF,Afrique du Sud,B6N_R_PPP_P31S14,"Revenu disponible net réel des ménages et des ISBLSM, déflaté par la consommation finale des ménages et des ISBLSM",XDC,Monnaie nationale,NAAG_V,Part V: Households,2001,,2042119.793208,,N,Ni corrigé des variations saisonnières ni corrigé des effets de calendrier,W,Monde,S1M,Les Ménages et ISBLSM,S1,Economie totale,_Z,Non applicable,B,Solde (recettes moins dépenses),B6N_R,"Revenu disponible réel des ménages, net",_Z,Non applicable,,,,,,,,,,,L,Volumes chaînés,N,Données non transformées,,,,,,,F,Libre (libre pour publication),2,Two,A,Valeur normale,6,Millions,ZAR,Rand
DATAFLOW,OECD.SDD.NAD:DSD_NAAG@DF_NAAG_V(1.0),NAAG Chapitre 5: Ménages,I,A,Annuelle,AUS,Australie,B6N_R_PPP_P31S14,"Revenu disponible net réel des ménages et des ISBLSM, déflaté par la consommation finale des ménages et des ISBLSM",XDC,Monnaie nationale,NAAG_V,Part V: Households,2002,,653868.551576281,,N,Ni corrigé des variations saisonnières ni corrigé des effets de calendrier,W,Monde,S1M,Les Ménages et ISBLSM,S1,Economie totale,_Z,Non applicable,B,Solde (recettes moins dépenses),B6N_R,"Revenu disponible réel des ménages, net",_Z,Non applicable,,,,,,,,,,,L,Volumes chaînés,N,Données non transformées,,,,,,,F,Libre (libre pour publication),2,Two,A,Valeur normale,6,Millions,AUD,Dollar australien
DATAFLOW,OECD.SDD.NAD:DSD_NAAG@DF_NAAG_V(1.0),NAAG Chapitre 5: Ménages,I,A,Annuelle,CAN,Canada,B6N_R_PPP_P31S14,"Revenu disponible net réel des ménages et des ISBLSM, déflaté par la consommation finale des ménages et des ISBLSM",XDC,Monnaie nationale,NAAG_V,Part V: Households,2002,,838682.956924513,,N,Ni corrigé des variations saisonnières ni corrigé des effets de calendrier,W,Monde,S1M,Les Ménages et ISBLSM,S1,Economie totale,_Z,Non applicable,B,Solde (recettes moins dépenses),B6N_R,"Revenu disponible réel des ménages, net",_Z,Non applicable,,,,,,,,,,,L,Volumes chaînés,N,Données non transformées,,,,,,,F,Libre (libre pour publication),2,Two,A,Valeur normale,6,Millions,CAD,Dollar canadien
DATAFLOW,OECD.SDD.NAD:DSD_NAAG@DF_NAAG_V(1.0),NAAG Chapitre 5: Ménages,I,A,Annuelle,CZE,Tchéquie,B6N_R_PPP_P31S14,"Revenu disponible net réel des ménages et des ISBLSM, déflaté par la consommation finale des ménages et des ISBLSM",XDC,Monnaie nationale,NAAG_V,Part V: Households,2002,,2011873.7482596,,N,Ni corrigé des variations saisonnières ni corrigé des effets de calendrier,W,Monde,S1M,Les Ménages et ISBLSM,S1,Economie totale,_Z,Non applicable,B,Solde (recettes moins dépenses),B6N_R,"Revenu disponible réel des ménages, net",_Z,Non applicable,,,,,,,,,,,L,Volumes chaînés,N,Données non transformées,,,,,,,F,Libre (libre pour publication),2,Two,A,Valeur normale,6,Millions,CZK,Couronne tchèque
DATAFLOW,OECD.SDD.NAD:DSD_NAAG@DF_NAAG_V(1.0),NAAG Chapitre 5: Ménages,I,A,Annuelle,DNK,Danemark,B6N_R_PPP_P31S14,"Revenu disponible net réel des ménages et des ISBLSM, déflaté par la consommation finale des ménages et des ISBLSM",XDC,Monnaie nationale,NAAG_V,Part V: Households,2002,,757359.493058121,,N,Ni corrigé des variations saisonnières ni corrigé des effets de calendrier,W,Monde,S1M,Les Ménages et ISBLSM,S1,Economie totale,_Z,Non applicable,B,Solde (recettes moins dépenses),B6N_R,"Revenu disponible réel des ménages, net",_Z,Non applicable,,,,,,,,,,,L,Volumes chaînés,N,Données non transformées,,,,,,,F,Libre (libre pour publication),2,Two,A,Valeur normale,6,Millions,DKK,Couronne danoise
DATAFLOW,OECD.SDD.NAD:DSD_NAAG@DF_NAAG_V(1.0),NAAG Chapitre 5: Ménages,I,A,Annuelle,HUN,Hongrie,B6N_R_PPP_P31S14,"Revenu disponible net réel des ménages et des ISBLSM, déflaté par la consommation finale des ménages et des ISBLSM",XDC,Monnaie nationale,NAAG_V,Part V: Households,2002,,17781145.6024455,,N,Ni corrigé des variations saisonnières ni corrigé des effets de calendrier,W,Monde,S1M,Les Ménages et ISBLSM,S1,Economie totale,_Z,Non applicable,B,Solde (recettes moins dépenses),B6N_R,"Revenu disponible réel des ménages, net",_Z,Non applicable,,,,,,,,,,,L,Volumes chaînés,N,Données non transformées,,,,,,,F,Libre (libre pour publication),2,Two,A,Valeur normale,6,Millions,HUF,Forint
DATAFLOW,OECD.SDD.NAD:DSD_NAAG@DF_NAAG_V(1.0),NAAG Chapitre 5: Ménages,I,A,Annuelle,JPN,Japon,B6N_R_PPP_P31S14,"Revenu disponible net réel des ménages et des ISBLSM, déflaté par la consommation finale des ménages et des ISBLSM",XDC,Monnaie nationale,NAAG_V,Part V: Households,2002,,288629405.830559,,N,Ni corrigé des variations saisonnières ni corrigé des effets de calendrier,W,Monde,S1M,Les Ménages et ISBLSM,S1,Economie totale,_Z,Non applicable,B,Solde (recettes moins dépenses),B6N_R,"Revenu disponible réel des ménages, net",_Z,Non applicable,,,,,,,,,,,L,Volumes chaînés,N,Données non transformées,,,,,,,F,Libre (libre pour publication),2,Two,A,Valeur normale,6,Millions,JPY,Yen
DATAFLOW,OECD.SDD.NAD:DSD_NAAG@DF_NAAG_V(1.0),NAAG Chapitre 5: Ménages,I,A,Annuelle,KOR,Corée,B6N_R_PPP_P31S14,"Revenu disponible net réel des ménages et des ISBLSM, déflaté par la consommation finale des ménages et des ISBLSM",XDC,Monnaie nationale,NAAG_V,Part V: Households,2002,,654533163.944323,,N,Ni corrigé des variations saisonnières ni corrigé des effets de calendrier,W,Monde,S1M,Les Ménages et ISBLSM,S1,Economie totale,_Z,Non applicable,B,Solde (recettes moins dépenses),B6N_R,"Revenu disponible réel des ménages, net",_Z,Non applicable,,,,,,,,,,,L,Volumes chaînés,N,Données non transformées,,,,,,,F,Libre (libre pour publication),2,Two,A,Valeur normale,6,Millions,KRW,Won
DATAFLOW,OECD.SDD.NAD:DSD_NAAG@DF_NAAG_V(1.0),NAAG Chapitre 5: Ménages,I,A,Annuelle,NZL,Nouvelle-Zélande,B6N_R_PPP_P31S14,"Revenu disponible net réel des ménages et des ISBLSM, déflaté par la consommation finale des ménages et des ISBLSM",XDC,Monnaie nationale,NAAG_V,Part V: Households,2002,,96694.3297807301,,N,Ni corrigé des variations saisonnières ni corrigé des effets de calendrier,W,Monde,S1M,Les Ménages et ISBLSM,S1,Economie totale,_Z,Non applicable,B,Solde (recettes moins dépenses),B6N_R,"Revenu disponible réel des ménages, net",_Z,Non applicable,,,,,,,,,,,L,Volumes chaînés,N,Données non transformées,,,,,,,F,Libre (libre pour publication),2,Two,A,Valeur normale,6,Millions,NZD,Dollar néo-zélandais
DATAFLOW,OECD.SDD.NAD:DSD_NAAG@DF_NAAG_V(1.0),NAAG Chapitre 5: Ménages,I,A,Annuelle,NOR,Norvège,B6N_R_PPP_P31S14,"Revenu disponible net réel des ménages et des ISBLSM, déflaté par la consommation finale des ménages et des ISBLSM",XDC,Monnaie nationale,NAAG_V,Part V: Households,2002,,1024619.98333613,,N,Ni corrigé des variations saisonnières ni corrigé des effets de calendrier,W,Monde,S1M,Les Ménages et ISBLSM,S1,Economie totale,_Z,Non applicable,B,Solde (recettes moins dépenses),B6N_R,"Revenu disponible réel des ménages, net",_Z,Non applicable,,,,,,,,,,,L,Volumes chaînés,N,Données non transformées,,,,,,,F,Libre (libre pour publication),2,Two,A,Valeur normale,6,Millions,NOK,Couronne norvégienne
DATAFLOW,OECD.SDD.NAD:DSD_NAAG@DF_NAAG_V(1.0),NAAG Chapitre 5: Ménages,I,A,Annuelle,POL,Pologne,B6N_R_PPP_P31S14,"Revenu disponible net réel des ménages et des ISBLSM, déflaté par la consommation finale des ménages et des ISBLSM",XDC,Monnaie nationale,NAAG_V,Part V: Households,2002,,827938.79667642,,N,Ni corrigé des variations saisonnières ni corrigé des effets de calendrier,W,Monde,S1M,Les Ménages et ISBLSM,S1,Economie totale,_Z,Non applicable,B,Solde (recettes moins dépenses),B6N_R,"Revenu disponible réel des ménages, net",_Z,Non applicable,,,,,,,,,,,L,Volumes chaînés,N,Données non transformées,,,,,,,F,Libre (libre pour publication),2,Two,A,Valeur normale,6,Millions,PLN,Zloty
DATAFLOW,OECD.SDD.NAD:DSD_NAAG@DF_NAAG_V(1.0),NAAG Chapitre 5: Ménages,I,A,Annuelle,SWE,Suède,B6N_R_PPP_P31S14,"Revenu disponible net réel des ménages et des ISBLSM, déflaté par la consommation finale des ménages et des ISBLSM",XDC,Monnaie nationale,NAAG_V,Part V: Households,2002,,1525264.64549776,,N,Ni corrigé des variations saisonnières ni corrigé des effets de calendrier,W,Monde,S1M,Les Ménages et ISBLSM,S1,Economie totale,_Z,Non applicable,B,Solde (recettes moins dépenses),B6N_R,"Revenu disponible réel des ménages, net",_Z,Non applicable,,,,,,,,,,,L,Volumes chaînés,N,Données non transformées,,,,,,,F,Libre (libre pour publication),2,Two,A,Valeur normale,6,Millions,SEK,Couronne suédoise
DATAFLOW,OECD.SDD.NAD:DSD_NAAG@DF_NAAG_V(1.0),NAAG Chapitre 5: Ménages,I,A,Annuelle,CHE,Suisse,B6N_R_PPP_P31S14,"Revenu disponible net réel des ménages et des ISBLSM, déflaté par la consommation finale des ménages et des ISBLSM",XDC,Monnaie nationale,NAAG_V,Part V: Households,2002,,306544.982277618,,N,Ni corrigé des variations saisonnières ni corrigé des effets de calendrier,W,Monde,S1M,Les Ménages et ISBLSM,S1,Economie totale,_Z,Non applicable,B,Solde (recettes moins dépenses),B6N_R,"Revenu disponible réel des ménages, net",_Z,Non applicable,,,,,,,,,,,L,Volumes chaînés,N,Données non transformées,,,,,,,F,Libre (libre pour publication),2,Two,A,Valeur normale,6,Millions,CHF,Franc suisse
DATAFLOW,OECD.SDD.NAD:DSD_NAAG@DF_NAAG_V(1.0),NAAG Chapitre 5: Ménages,I,A,Annuelle,GBR,Royaume-Uni,B6N_R_PPP_P31S14,"Revenu disponible net réel des ménages et des ISBLSM, déflaté par la consommation finale des ménages et des ISBLSM",XDC,Monnaie nationale,NAAG_V,Part V: Households,2002,,1028865.04067823,,N,Ni corrigé des variations saisonnières ni corrigé des effets de calendrier,W,Monde,S1M,Les Ménages et ISBLSM,S1,Economie totale,_Z,Non applicable,B,Solde (recettes moins dépenses),B6N_R,"Revenu disponible réel des ménages, net",_Z,Non applicable,,,,,,,,,,,L,Volumes chaînés,N,Données non transformées,,,,,,,F,Libre (libre pour publication),2,Two,A,Valeur normale,6,Millions,GBP,Livre sterling
DATAFLOW,OECD.SDD.NAD:DSD_NAAG@DF_NAAG_V(1.0),NAAG Chapitre 5: Ménages,I,A,Annuelle,BRA,Brésil,B6N_R_PPP_P31S14,"Revenu disponible net réel des ménages et des ISBLSM, déflaté par la consommation finale des ménages et des ISBLSM",XDC,Monnaie nationale,NAAG_V,Part V: Households,2002,,3469204.84642769,,N,Ni corrigé des variations saisonnières ni corrigé des effets de calendrier,W,Monde,S1M,Les Ménages et ISBLSM,S1,Economie totale,_Z,Non applicable,B,Solde (recettes moins dépenses),B6N_R,"Revenu disponible réel des ménages, net",_Z,Non applicable,,,,,,,,,,,L,Volumes chaînés,N,Données non transformées,,,,,,,F,Libre (libre pour publication),2,Two,A,Valeur normale,6,Millions,BRL,Réal brésilien
DATAFLOW,OECD.SDD.NAD:DSD_NAAG@DF_NAAG_V(1.0),NAAG Chapitre 5: Ménages,I,A,Annuelle,ZAF,Afrique du Sud,B6N_R_PPP_P31S14,"Revenu disponible net réel des ménages et des ISBLSM, déflaté par la consommation finale des ménages et des ISBLSM",XDC,Monnaie nationale,NAAG_V,Part V: Households,2002,,2124412.32093384,,N,Ni corrigé des variations saisonnières ni corrigé des effets de calendrier,W,Monde,S1M,Les Ménages et ISBLSM,S1,Economie totale,_Z,Non applicable,B,Solde (recettes moins dépenses),B6N_R,"Revenu disponible réel des ménages, net",_Z,Non applicable,,,,,,,,,,,L,Volumes chaînés,N,Données non transformées,,,,,,,F,Libre (libre pour publication),2,Two,A,Valeur normale,6,Millions,ZAR,Rand
DATAFLOW,OECD.SDD.NAD:DSD_NAAG@DF_NAAG_V(1.0),NAAG Chapitre 5: Ménages,I,A,Annuelle,AUS,Australie,B6N_R_PPP_P31S14,"Revenu disponible net réel des ménages et des ISBLSM, déflaté par la consommation finale des ménages et des ISBLSM",XDC,Monnaie nationale,NAAG_V,Part V: Households,2003,,692474.660901339,,N,Ni corrigé des variations saisonnières ni corrigé des effets de calendrier,W,Monde,S1M,Les Ménages et ISBLSM,S1,Economie totale,_Z,Non applicable,B,Solde (recettes moins dépenses),B6N_R,"Revenu disponible réel des ménages, net",_Z,Non applicable,,,,,,,,,,,L,Volumes chaînés,N,Données non transformées,,,,,,,F,Libre (libre pour publication),2,Two,A,Valeur normale,6,Millions,AUD,Dollar australien
DATAFLOW,OECD.SDD.NAD:DSD_NAAG@DF_NAAG_V(1.0),NAAG Chapitre 5: Ménages,I,A,Annuelle,CAN,Canada,B6N_R_PPP_P31S14,"Revenu disponible net réel des ménages et des ISBLSM, déflaté par la consommation finale des ménages et des ISBLSM",XDC,Monnaie nationale,NAAG_V,Part V: Households,2003,,850779.678246555,,N,Ni corrigé des variations saisonnières ni corrigé des effets de calendrier,W,Monde,S1M,Les Ménages et ISBLSM,S1,Economie totale,_Z,Non applicable,B,Solde (recettes moins dépenses),B6N_R,"Revenu disponible réel des ménages, net",_Z,Non applicable,,,,,,,,,,,L,Volumes chaînés,N,Données non transformées,,,,,,,F,Libre (libre pour publication),2,Two,A,Valeur normale,6,Millions,CAD,Dollar canadien
DATAFLOW,OECD.SDD.NAD:DSD_NAAG@DF_NAAG_V(1.0),NAAG Chapitre 5: Ménages,I,A,Annuelle,CHL,Chili,B6N_R_PPP_P31S14,"Revenu disponible net réel des ménages et des ISBLSM, déflaté par la consommation finale des ménages et des ISBLSM",XDC,Monnaie nationale,NAAG_V,Part V: Households,2003,,64293833.2309239,,N,Ni corrigé des variations saisonnières ni corrigé des effets de calendrier,W,Monde,S1M,Les Ménages et ISBLSM,S1,Economie totale,_Z,Non applicable,B,Solde (recettes moins dépenses),B6N_R,"Revenu disponible réel des ménages, net",_Z,Non applicable,,,,,,,,,,,L,Volumes chaînés,N,Données non transformées,,,,,,,F,Libre (libre pour publication),2,Two,A,Valeur normale,6,Millions,CLP,Peso chilien
DATAFLOW,OECD.SDD.NAD:DSD_NAAG@DF_NAAG_V(1.0),NAAG Chapitre 5: Ménages,I,A,Annuelle,CZE,Tchéquie,B6N_R_PPP_P31S14,"Revenu disponible net réel des ménages et des ISBLSM, déflaté par la consommation finale des ménages et des ISBLSM",XDC,Monnaie nationale,NAAG_V,Part V: Households,2003,,2095559.25244391,,N,Ni corrigé des variations saisonnières ni corrigé des effets de calendrier,W,Monde,S1M,Les Ménages et ISBLSM,S1,Economie totale,_Z,Non applicable,B,Solde (recettes moins dépenses),B6N_R,"Revenu disponible réel des ménages, net",_Z,Non applicable,,,,,,,,,,,L,Volumes chaînés,N,Données non transformées,,,,,,,F,Libre (libre pour publication),2,Two,A,Valeur normale,6,Millions,CZK,Couronne tchèque
DATAFLOW,OECD.SDD.NAD:DSD_NAAG@DF_NAAG_V(1.0),NAAG Chapitre 5: Ménages,I,A,Annuelle,DNK,Danemark,B6N_R_PPP_P31S14,"Revenu disponible net réel des ménages et des ISBLSM, déflaté par la consommation finale des ménages et des ISBLSM",XDC,Monnaie nationale,NAAG_V,Part V: Households,2003,,773991.931938293,,N,Ni corrigé des variations saisonnières ni corrigé des effets de calendrier,W,Monde,S1M,Les Ménages et ISBLSM,S1,Economie totale,_Z,Non applicable,B,Solde (recettes moins dépenses),B6N_R,"Revenu disponible réel des ménages, net",_Z,Non applicable,,,,,,,,,,,L,Volumes chaînés,N,Données non transformées,,,,,,,F,Libre (libre pour publication),2,Two,A,Valeur normale,6,Millions,DKK,Couronne danoise
DATAFLOW,OECD.SDD.NAD:DSD_NAAG@DF_NAAG_V(1.0),NAAG Chapitre 5: Ménages,I,A,Annuelle,HUN,Hongrie,B6N_R_PPP_P31S14,"Revenu disponible net réel des ménages et des ISBLSM, déflaté par la consommation finale des ménages et des ISBLSM",XDC,Monnaie nationale,NAAG_V,Part V: Households,2003,,18972368.2317501,,N,Ni corrigé des variations saisonnières ni corrigé des effets de calendrier,W,Monde,S1M,Les Ménages et ISBLSM,S1,Economie totale,_Z,Non applicable,B,Solde (recettes moins dépenses),B6N_R,"Revenu disponible réel des ménages, net",_Z,Non applicable,,,,,,,,,,,L,Volumes chaînés,N,Données non transformées,,,,,,,F,Libre (libre pour publication),2,Two,A,Valeur normale,6,Millions,HUF,Forint
DATAFLOW,OECD.SDD.NAD:DSD_NAAG@DF_NAAG_V(1.0),NAAG Chapitre 5: Ménages,I,A,Annuelle,JPN,Japon,B6N_R_PPP_P31S14,"Revenu disponible net réel des ménages et des ISBLSM, déflaté par la consommation finale des ménages et des ISBLSM",XDC,Monnaie nationale,NAAG_V,Part V: Households,2003,,288087543.295542,,N,Ni corrigé des variations saisonnières ni corrigé des effets de calendrier,W,Monde,S1M,Les Ménages et ISBLSM,S1,Economie totale,_Z,Non applicable,B,Solde (recettes moins dépenses),B6N_R,"Revenu disponible réel des ménages, net",_Z,Non applicable,,,,,,,,,,,L,Volumes chaînés,N,Données non transformées,,,,,,,F,Libre (libre pour publication),2,Two,A,Valeur normale,6,Millions,JPY,Yen
DATAFLOW,OECD.SDD.NAD:DSD_NAAG@DF_NAAG_V(1.0),NAAG Chapitre 5: Ménages,I,A,Annuelle,KOR,Corée,B6N_R_PPP_P31S14,"Revenu disponible net réel des ménages et des ISBLSM, déflaté par la consommation finale des ménages et des ISBLSM",XDC,Monnaie nationale,NAAG_V,Part V: Households,2003,,675412231.527802,,N,Ni corrigé des variations saisonnières ni corrigé des effets de calendrier,W,Monde,S1M,Les Ménages et ISBLSM,S1,Economie totale,_Z,Non applicable,B,Solde (recettes moins dépenses),B6N_R,"Revenu disponible réel des ménages, net",_Z,Non applicable,,,,,,,,,,,L,Volumes chaînés,N,Données non transformées,,,,,,,F,Libre (libre pour publication),2,Two,A,Valeur normale,6,Millions,KRW,Won
DATAFLOW,OECD.SDD.NAD:DSD_NAAG@DF_NAAG_V(1.0),NAAG Chapitre 5: Ménages,I,A,Annuelle,MEX,Mexique,B6N_R_PPP_P31S14,"Revenu disponible net réel des ménages et des ISBLSM, déflaté par la consommation finale des ménages et des ISBLSM",XDC,Monnaie nationale,NAAG_V,Part V: Households,2003,,12833512.3077994,,N,Ni corrigé des variations saisonnières ni corrigé des effets de calendrier,W,Monde,S1M,Les Ménages et ISBLSM,S1,Economie totale,_Z,Non applicable,B,Solde (recettes moins dépenses),B6N_R,"Revenu disponible réel des ménages, net",_Z,Non applicable,,,,,,,,,,,L,Volumes chaînés,N,Données non transformées,,,,,,,F,Libre (libre pour publication),2,Two,A,Valeur normale,6,Millions,MXN,Peso mexicain
DATAFLOW,OECD.SDD.NAD:DSD_NAAG@DF_NAAG_V(1.0),NAAG Chapitre 5: Ménages,I,A,Annuelle,NZL,Nouvelle-Zélande,B6N_R_PPP_P31S14,"Revenu disponible net réel des ménages et des ISBLSM, déflaté par la consommation finale des ménages et des ISBLSM",XDC,Monnaie nationale,NAAG_V,Part V: Households,2003,,105068.20533667,,N,Ni corrigé des variations saisonnières ni corrigé des effets de calendrier,W,Monde,S1M,Les Ménages et ISBLSM,S1,Economie totale,_Z,Non applicable,B,Solde (recettes moins dépenses),B6N_R,"Revenu disponible réel des ménages, net",_Z,Non applicable,,,,,,,,,,,L,Volumes chaînés,N,Données non transformées,,,,,,,F,Libre (libre pour publication),2,Two,A,Valeur normale,6,Millions,NZD,Dollar néo-zélandais
DATAFLOW,OECD.SDD.NAD:DSD_NAAG@DF_NAAG_V(1.0),NAAG Chapitre 5: Ménages,I,A,Annuelle,NOR,Norvège,B6N_R_PPP_P31S14,"Revenu disponible net réel des ménages et des ISBLSM, déflaté par la consommation finale des ménages et des ISBLSM",XDC,Monnaie nationale,NAAG_V,Part V: Households,2003,,1071019.77756888,,N,Ni corrigé des variations saisonnières ni corrigé des effets de calendrier,W,Monde,S1M,Les Ménages et ISBLSM,S1,Economie totale,_Z,Non applicable,B,Solde (recettes moins dépenses),B6N_R,"Revenu disponible réel des ménages, net",_Z,Non applicable,,,,,,,,,,,L,Volumes chaînés,N,Données non transformées,,,,,,,F,Libre (libre pour publication),2,Two,A,Valeur normale,6,Millions,NOK,Couronne norvégienne
DATAFLOW,OECD.SDD.NAD:DSD_NAAG@DF_NAAG_V(1.0),NAAG Chapitre 5: Ménages,I,A,Annuelle,POL,Pologne,B6N_R_PPP_P31S14,"Revenu disponible net réel des ménages et des ISBLSM, déflaté par la consommation finale des ménages et des ISBLSM",XDC,Monnaie nationale,NAAG_V,Part V: Households,2003,,834136.396097254,,N,Ni corrigé des variations saisonnières ni corrigé des effets de calendrier,W,Monde,S1M,Les Ménages et ISBLSM,S1,Economie totale,_Z,Non applicable,B,Solde (recettes moins dépenses),B6N_R,"Revenu disponible réel des ménages, net",_Z,Non applicable,,,,,,,,,,,L,Volumes chaînés,N,Données non transformées,,,,,,,F,Libre (libre pour publication),2,Two,A,Valeur normale,6,Millions,PLN,Zloty
DATAFLOW,OECD.SDD.NAD:DSD_NAAG@DF_NAAG_V(1.0),NAAG Chapitre 5: Ménages,I,A,Annuelle,SWE,Suède,B6N_R_PPP_P31S14,"Revenu disponible net réel des ménages et des ISBLSM, déflaté par la consommation finale des ménages et des ISBLSM",XDC,Monnaie nationale,NAAG_V,Part V: Households,2003,,1532455.6578077,,N,Ni corrigé des variations saisonnières ni corrigé des effets de calendrier,W,Monde,S1M,Les Ménages et ISBLSM,S1,Economie totale,_Z,Non applicable,B,Solde (recettes moins dépenses),B6N_R,"Revenu disponible réel des ménages, net",_Z,Non applicable,,,,,,,,,,,L,Volumes chaînés,N,Données non transformées,,,,,,,F,Libre (libre pour publication),2,Two,A,Valeur normale,6,Millions,SEK,Couronne suédoise
DATAFLOW,OECD.SDD.NAD:DSD_NAAG@DF_NAAG_V(1.0),NAAG Chapitre 5: Ménages,I,A,Annuelle,CHE,Suisse,B6N_R_PPP_P31S14,"Revenu disponible net réel des ménages et des ISBLSM, déflaté par la consommation finale des ménages et des ISBLSM",XDC,Monnaie nationale,NAAG_V,Part V: Households,2003,,303944.029921876,,N,Ni corrigé des variations saisonnières ni corrigé des effets de calendrier,W,Monde,S1M,Les Ménages et ISBLSM,S1,Economie totale,_Z,Non applicable,B,Solde (recettes moins dépenses),B6N_R,"Revenu disponible réel des ménages, net",_Z,Non applicable,,,,,,,,,,,L,Volumes chaînés,N,Données non transformées,,,,,,,F,Libre (libre pour publication),2,Two,A,Valeur normale,6,Millions,CHF,Franc suisse
DATAFLOW,OECD.SDD.NAD:DSD_NAAG@DF_NAAG_V(1.0),NAAG Chapitre 5: Ménages,I,A,Annuelle,GBR,Royaume-Uni,B6N_R_PPP_P31S14,"Revenu disponible net réel des ménages et des ISBLSM, déflaté par la consommation finale des ménages et des ISBLSM",XDC,Monnaie nationale,NAAG_V,Part V: Households,2003,,1049298.76000715,,N,Ni corrigé des variations saisonnières ni corrigé des effets de calendrier,W,Monde,S1M,Les Ménages et ISBLSM,S1,Economie totale,_Z,Non applicable,B,Solde (recettes moins dépenses),B6N_R,"Revenu disponible réel des ménages, net",_Z,Non applicable,,,,,,,,,,,L,Volumes chaînés,N,Données non transformées,,,,,,,F,Libre (libre pour publication),2,Two,A,Valeur normale,6,Millions,GBP,Livre sterling
DATAFLOW,OECD.SDD.NAD:DSD_NAAG@DF_NAAG_V(1.0),NAAG Chapitre 5: Ménages,I,A,Annuelle,BRA,Brésil,B6N_R_PPP_P31S14,"Revenu disponible net réel des ménages et des ISBLSM, déflaté par la consommation finale des ménages et des ISBLSM",XDC,Monnaie nationale,NAAG_V,Part V: Households,2003,,3408868.60216984,,N,Ni corrigé des variations saisonnières ni corrigé des effets de calendrier,W,Monde,S1M,Les Ménages et ISBLSM,S1,Economie totale,_Z,Non applicable,B,Solde (recettes moins dépenses),B6N_R,"Revenu disponible réel des ménages, net",_Z,Non applicable,,,,,,,,,,,L,Volumes chaînés,N,Données non transformées,,,,,,,F,Libre (libre pour publication),2,Two,A,Valeur normale,6,Millions,BRL,Réal brésilien
DATAFLOW,OECD.SDD.NAD:DSD_NAAG@DF_NAAG_V(1.0),NAAG Chapitre 5: Ménages,I,A,Annuelle,ZAF,Afrique du Sud,B6N_R_PPP_P31S14,"Revenu disponible net réel des ménages et des ISBLSM, déflaté par la consommation finale des ménages et des ISBLSM",XDC,Monnaie nationale,NAAG_V,Part V: Households,2003,,2213782.30325685,,N,Ni corrigé des variations saisonnières ni corrigé des effets de calendrier,W,Monde,S1M,Les Ménages et ISBLSM,S1,Economie totale,_Z,Non applicable,B,Solde (recettes moins dépenses),B6N_R,"Revenu disponible réel des ménages, net",_Z,Non applicable,,,,,,,,,,,L,Volumes chaînés,N,Données non transformées,,,,,,,F,Libre (libre pour publication),2,Two,A,Valeur normale,6,Millions,ZAR,Rand
DATAFLOW,OECD.SDD.NAD:DSD_NAAG@DF_NAAG_V(1.0),NAAG Chapitre 5: Ménages,I,A,Annuelle,AUS,Australie,B6N_R_PPP_P31S14,"Revenu disponible net réel des ménages et des ISBLSM, déflaté par la consommation finale des ménages et des ISBLSM",XDC,Monnaie nationale,NAAG_V,Part V: Households,2004,,731445.785592265,,N,Ni corrigé des variations saisonnières ni corrigé des effets de calendrier,W,Monde,S1M,Les Ménages et ISBLSM,S1,Economie totale,_Z,Non applicable,B,Solde (recettes moins dépenses),B6N_R,"Revenu disponible réel des ménages, net",_Z,Non applicable,,,,,,,,,,,L,Volumes chaînés,N,Données non transformées,,,,,,,F,Libre (libre pour publication),2,Two,A,Valeur normale,6,Millions,AUD,Dollar australien
DATAFLOW,OECD.SDD.NAD:DSD_NAAG@DF_NAAG_V(1.0),NAAG Chapitre 5: Ménages,I,A,Annuelle,CAN,Canada,B6N_R_PPP_P31S14,"Revenu disponible net réel des ménages et des ISBLSM, déflaté par la consommation finale des ménages et des ISBLSM",XDC,Monnaie nationale,NAAG_V,Part V: Households,2004,,880273.637889614,,N,Ni corrigé des variations saisonnières ni corrigé des effets de calendrier,W,Monde,S1M,Les Ménages et ISBLSM,S1,Economie totale,_Z,Non applicable,B,Solde (recettes moins dépenses),B6N_R,"Revenu disponible réel des ménages, net",_Z,Non applicable,,,,,,,,,,,L,Volumes chaînés,N,Données non transformées,,,,,,,F,Libre (libre pour publication),2,Two,A,Valeur normale,6,Millions,CAD,Dollar canadien
DATAFLOW,OECD.SDD.NAD:DSD_NAAG@DF_NAAG_V(1.0),NAAG Chapitre 5: Ménages,I,A,Annuelle,CHL,Chili,B6N_R_PPP_P31S14,"Revenu disponible net réel des ménages et des ISBLSM, déflaté par la consommation finale des ménages et des ISBLSM",XDC,Monnaie nationale,NAAG_V,Part V: Households,2004,,67815849.1015864,,N,Ni corrigé des variations saisonnières ni corrigé des effets de calendrier,W,Monde,S1M,Les Ménages et ISBLSM,S1,Economie totale,_Z,Non applicable,B,Solde (recettes moins dépenses),B6N_R,"Revenu disponible réel des ménages, net",_Z,Non applicable,,,,,,,,,,,L,Volumes chaînés,N,Données non transformées,,,,,,,F,Libre (libre pour publication),2,Two,A,Valeur normale,6,Millions,CLP,Peso chilien
DATAFLOW,OECD.SDD.NAD:DSD_NAAG@DF_NAAG_V(1.0),NAAG Chapitre 5: Ménages,I,A,Annuelle,CZE,Tchéquie,B6N_R_PPP_P31S14,"Revenu disponible net réel des ménages et des ISBLSM, déflaté par la consommation finale des ménages et des ISBLSM",XDC,Monnaie nationale,NAAG_V,Part V: Households,2004,,2140168.72911105,,N,Ni corrigé des variations saisonnières ni corrigé des effets de calendrier,W,Monde,S1M,Les Ménages et ISBLSM,S1,Economie totale,_Z,Non applicable,B,Solde (recettes moins dépenses),B6N_R,"Revenu disponible réel des ménages, net",_Z,Non applicable,,,,,,,,,,,L,Volumes chaînés,N,Données non transformées,,,,,,,F,Libre (libre pour publication),2,Two,A,Valeur normale,6,Millions,CZK,Couronne tchèque
DATAFLOW,OECD.SDD.NAD:DSD_NAAG@DF_NAAG_V(1.0),NAAG Chapitre 5: Ménages,I,A,Annuelle,DNK,Danemark,B6N_R_PPP_P31S14,"Revenu disponible net réel des ménages et des ISBLSM, déflaté par la consommation finale des ménages et des ISBLSM",XDC,Monnaie nationale,NAAG_V,Part V: Households,2004,,795855.142860794,,N,Ni corrigé des variations saisonnières ni corrigé des effets de calendrier,W,Monde,S1M,Les Ménages et ISBLSM,S1,Economie totale,_Z,Non applicable,B,Solde (recettes moins dépenses),B6N_R,"Revenu disponible réel des ménages, net",_Z,Non applicable,,,,,,,,,,,L,Volumes chaînés,N,Données non transformées,,,,,,,F,Libre (libre pour publication),2,Two,A,Valeur normale,6,Millions,DKK,Couronne danoise
DATAFLOW,OECD.SDD.NAD:DSD_NAAG@DF_NAAG_V(1.0),NAAG Chapitre 5: Ménages,I,A,Annuelle,HUN,Hongrie,B6N_R_PPP_P31S14,"Revenu disponible net réel des ménages et des ISBLSM, déflaté par la consommation finale des ménages et des ISBLSM",XDC,Monnaie nationale,NAAG_V,Part V: Households,2004,,20138909.0170982,,N,Ni corrigé des variations saisonnières ni corrigé des effets de calendrier,W,Monde,S1M,Les Ménages et ISBLSM,S1,Economie totale,_Z,Non applicable,B,Solde (recettes moins dépenses),B6N_R,"Revenu disponible réel des ménages, net",_Z,Non applicable,,,,,,,,,,,L,Volumes chaînés,N,Données non transformées,,,,,,,F,Libre (libre pour publication),2,Two,A,Valeur normale,6,Millions,HUF,Forint
DATAFLOW,OECD.SDD.NAD:DSD_NAAG@DF_NAAG_V(1.0),NAAG Chapitre 5: Ménages,I,A,Annuelle,JPN,Japon,B6N_R_PPP_P31S14,"Revenu disponible net réel des ménages et des ISBLSM, déflaté par la consommation finale des ménages et des ISBLSM",XDC,Monnaie nationale,NAAG_V,Part V: Households,2004,,292920115.929303,,N,Ni corrigé des variations saisonnières ni corrigé des effets de calendrier,W,Monde,S1M,Les Ménages et ISBLSM,S1,Economie totale,_Z,Non applicable,B,Solde (recettes moins dépenses),B6N_R,"Revenu disponible réel des ménages, net",_Z,Non applicable,,,,,,,,,,,L,Volumes chaînés,N,Données non transformées,,,,,,,F,Libre (libre pour publication),2,Two,A,Valeur normale,6,Millions,JPY,Yen
DATAFLOW,OECD.SDD.NAD:DSD_NAAG@DF_NAAG_V(1.0),NAAG Chapitre 5: Ménages,I,A,Annuelle,KOR,Corée,B6N_R_PPP_P31S14,"Revenu disponible net réel des ménages et des ISBLSM, déflaté par la consommation finale des ménages et des ISBLSM",XDC,Monnaie nationale,NAAG_V,Part V: Households,2004,,709645804.301965,,N,Ni corrigé des variations saisonnières ni corrigé des effets de calendrier,W,Monde,S1M,Les Ménages et ISBLSM,S1,Economie totale,_Z,Non applicable,B,Solde (recettes moins dépenses),B6N_R,"Revenu disponible réel des ménages, net",_Z,Non applicable,,,,,,,,,,,L,Volumes chaînés,N,Données non transformées,,,,,,,F,Libre (libre pour publication),2,Two,A,Valeur normale,6,Millions,KRW,Won
DATAFLOW,OECD.SDD.NAD:DSD_NAAG@DF_NAAG_V(1.0),NAAG Chapitre 5: Ménages,I,A,Annuelle,MEX,Mexique,B6N_R_PPP_P31S14,"Revenu disponible net réel des ménages et des ISBLSM, déflaté par la consommation finale des ménages et des ISBLSM",XDC,Monnaie nationale,NAAG_V,Part V: Households,2004,,13023837.99864,,N,Ni corrigé des variations saisonnières ni corrigé des effets de calendrier,W,Monde,S1M,Les Ménages et ISBLSM,S1,Economie totale,_Z,Non applicable,B,Solde (recettes moins dépenses),B6N_R,"Revenu disponible réel des ménages, net",_Z,Non applicable,,,,,,,,,,,L,Volumes chaînés,N,Données non transformées,,,,,,,F,Libre (libre pour publication),2,Two,A,Valeur normale,6,Millions,MXN,Peso mexicain
DATAFLOW,OECD.SDD.NAD:DSD_NAAG@DF_NAAG_V(1.0),NAAG Chapitre 5: Ménages,I,A,Annuelle,NZL,Nouvelle-Zélande,B6N_R_PPP_P31S14,"Revenu disponible net réel des ménages et des ISBLSM, déflaté par la consommation finale des ménages et des ISBLSM",XDC,Monnaie nationale,NAAG_V,Part V: Households,2004,,110972.947260998,,N,Ni corrigé des variations saisonnières ni corrigé des effets de calendrier,W,Monde,S1M,Les Ménages et ISBLSM,S1,Economie totale,_Z,Non applicable,B,Solde (recettes moins dépenses),B6N_R,"Revenu disponible réel des ménages, net",_Z,Non applicable,,,,,,,,,,,L,Volumes chaînés,N,Données non transformées,,,,,,,F,Libre (libre pour publication),2,Two,A,Valeur normale,6,Millions,NZD,Dollar néo-zélandais
DATAFLOW,OECD.SDD.NAD:DSD_NAAG@DF_NAAG_V(1.0),NAAG Chapitre 5: Ménages,I,A,Annuelle,NOR,Norvège,B6N_R_PPP_P31S14,"Revenu disponible net réel des ménages et des ISBLSM, déflaté par la consommation finale des ménages et des ISBLSM",XDC,Monnaie nationale,NAAG_V,Part V: Households,2004,,1107557.07612743,,N,Ni corrigé des variations saisonnières ni corrigé des effets de calendrier,W,Monde,S1M,Les Ménages et ISBLSM,S1,Economie totale,_Z,Non applicable,B,Solde (recettes moins dépenses),B6N_R,"Revenu disponible réel des ménages, net",_Z,Non applicable,,,,,,,,,,,L,Volumes chaînés,N,Données non transformées,,,,,,,F,Libre (libre pour publication),2,Two,A,Valeur normale,6,Millions,NOK,Couronne norvégienne
DATAFLOW,OECD.SDD.NAD:DSD_NAAG@DF_NAAG_V(1.0),NAAG Chapitre 5: Ménages,I,A,Annuelle,POL,Pologne,B6N_R_PPP_P31S14,"Revenu disponible net réel des ménages et des ISBLSM, déflaté par la consommation finale des ménages et des ISBLSM",XDC,Monnaie nationale,NAAG_V,Part V: Households,2004,,859365.976777881,,N,Ni corrigé des variations saisonnières ni corrigé des effets de calendrier,W,Monde,S1M,Les Ménages et ISBLSM,S1,Economie totale,_Z,Non applicable,B,Solde (recettes moins dépenses),B6N_R,"Revenu disponible réel des ménages, net",_Z,Non applicable,,,,,,,,,,,L,Volumes chaînés,N,Données non transformées,,,,,,,F,Libre (libre pour publication),2,Two,A,Valeur normale,6,Millions,PLN,Zloty
DATAFLOW,OECD.SDD.NAD:DSD_NAAG@DF_NAAG_V(1.0),NAAG Chapitre 5: Ménages,I,A,Annuelle,SWE,Suède,B6N_R_PPP_P31S14,"Revenu disponible net réel des ménages et des ISBLSM, déflaté par la consommation finale des ménages et des ISBLSM",XDC,Monnaie nationale,NAAG_V,Part V: Households,2004,,1557046.68850741,,N,Ni corrigé des variations saisonnières ni corrigé des effets de calendrier,W,Monde,S1M,Les Ménages et ISBLSM,S1,Economie totale,_Z,Non applicable,B,Solde (recettes moins dépenses),B6N_R,"Revenu disponible réel des ménages, net",_Z,Non applicable,,,,,,,,,,,L,Volumes chaînés,N,Données non transformées,,,,,,,F,Libre (libre pour publication),2,Two,A,Valeur normale,6,Millions,SEK,Couronne suédoise
DATAFLOW,OECD.SDD.NAD:DSD_NAAG@DF_NAAG_V(1.0),NAAG Chapitre 5: Ménages,I,A,Annuelle,CHE,Suisse,B6N_R_PPP_P31S14,"Revenu disponible net réel des ménages et des ISBLSM, déflaté par la consommation finale des ménages et des ISBLSM",XDC,Monnaie nationale,NAAG_V,Part V: Households,2004,,310111.335430404,,N,Ni corrigé des variations saisonnières ni corrigé des effets de calendrier,W,Monde,S1M,Les Ménages et ISBLSM,S1,Economie totale,_Z,Non applicable,B,Solde (recettes moins dépenses),B6N_R,"Revenu disponible réel des ménages, net",_Z,Non applicable,,,,,,,,,,,L,Volumes chaînés,N,Données non transformées,,,,,,,F,Libre (libre pour publication),2,Two,A,Valeur normale,6,Millions,CHF,Franc suisse
DATAFLOW,OECD.SDD.NAD:DSD_NAAG@DF_NAAG_V(1.0),NAAG Chapitre 5: Ménages,I,A,Annuelle,GBR,Royaume-Uni,B6N_R_PPP_P31S14,"Revenu disponible net réel des ménages et des ISBLSM, déflaté par la consommation finale des ménages et des ISBLSM",XDC,Monnaie nationale,NAAG_V,Part V: Households,2004,,1076773.29074062,,N,Ni corrigé des variations saisonnières ni corrigé des effets de calendrier,W,Monde,S1M,Les Ménages et ISBLSM,S1,Economie totale,_Z,Non applicable,B,Solde (recettes moins dépenses),B6N_R,"Revenu disponible réel des ménages, net",_Z,Non applicable,,,,,,,,,,,L,Volumes chaînés,N,Données non transformées,,,,,,,F,Libre (libre pour publication),2,Two,A,Valeur normale,6,Millions,GBP,Livre sterling
DATAFLOW,OECD.SDD.NAD:DSD_NAAG@DF_NAAG_V(1.0),NAAG Chapitre 5: Ménages,I,A,Annuelle,BRA,Brésil,B6N_R_PPP_P31S14,"Revenu disponible net réel des ménages et des ISBLSM, déflaté par la consommation finale des ménages et des ISBLSM",XDC,Monnaie nationale,NAAG_V,Part V: Households,2004,,3534229.82520347,,N,Ni corrigé des variations saisonnières ni corrigé des effets de calendrier,W,Monde,S1M,Les Ménages et ISBLSM,S1,Economie totale,_Z,Non applicable,B,Solde (recettes moins dépenses),B6N_R,"Revenu disponible réel des ménages, net",_Z,Non applicable,,,,,,,,,,,L,Volumes chaînés,N,Données non transformées,,,,,,,F,Libre (libre pour publication),2,Two,A,Valeur normale,6,Millions,BRL,Réal brésilien
DATAFLOW,OECD.SDD.NAD:DSD_NAAG@DF_NAAG_V(1.0),NAAG Chapitre 5: Ménages,I,A,Annuelle,ZAF,Afrique du Sud,B6N_R_PPP_P31S14,"Revenu disponible net réel des ménages et des ISBLSM, déflaté par la consommation finale des ménages et des ISBLSM",XDC,Monnaie nationale,NAAG_V,Part V: Households,2004,,2337965.84812756,,N,Ni corrigé des variations saisonnières ni corrigé des effets de calendrier,W,Monde,S1M,Les Ménages et ISBLSM,S1,Economie totale,_Z,Non applicable,B,Solde (recettes moins dépenses),B6N_R,"Revenu disponible réel des ménages, net",_Z,Non applicable,,,,,,,,,,,L,Volumes chaînés,N,Données non transformées,,,,,,,F,Libre (libre pour publication),2,Two,A,Valeur normale,6,Millions,ZAR,Rand
DATAFLOW,OECD.SDD.NAD:DSD_NAAG@DF_NAAG_V(1.0),NAAG Chapitre 5: Ménages,I,A,Annuelle,AUS,Australie,B6N_R_PPP_P31S14,"Revenu disponible net réel des ménages et des ISBLSM, déflaté par la consommation finale des ménages et des ISBLSM",XDC,Monnaie nationale,NAAG_V,Part V: Households,2005,,747227.22237728,,N,Ni corrigé des variations saisonnières ni corrigé des effets de calendrier,W,Monde,S1M,Les Ménages et ISBLSM,S1,Economie totale,_Z,Non applicable,B,Solde (recettes moins dépenses),B6N_R,"Revenu disponible réel des ménages, net",_Z,Non applicable,,,,,,,,,,,L,Volumes chaînés,N,Données non transformées,,,,,,,F,Libre (libre pour publication),2,Two,A,Valeur normale,6,Millions,AUD,Dollar australien
DATAFLOW,OECD.SDD.NAD:DSD_NAAG@DF_NAAG_V(1.0),NAAG Chapitre 5: Ménages,I,A,Annuelle,CAN,Canada,B6N_R_PPP_P31S14,"Revenu disponible net réel des ménages et des ISBLSM, déflaté par la consommation finale des ménages et des ISBLSM",XDC,Monnaie nationale,NAAG_V,Part V: Households,2005,,899244.647180072,,N,Ni corrigé des variations saisonnières ni corrigé des effets de calendrier,W,Monde,S1M,Les Ménages et ISBLSM,S1,Economie totale,_Z,Non applicable,B,Solde (recettes moins dépenses),B6N_R,"Revenu disponible réel des ménages, net",_Z,Non applicable,,,,,,,,,,,L,Volumes chaînés,N,Données non transformées,,,,,,,F,Libre (libre pour publication),2,Two,A,Valeur normale,6,Millions,CAD,Dollar canadien
DATAFLOW,OECD.SDD.NAD:DSD_NAAG@DF_NAAG_V(1.0),NAAG Chapitre 5: Ménages,I,A,Annuelle,CHL,Chili,B6N_R_PPP_P31S14,"Revenu disponible net réel des ménages et des ISBLSM, déflaté par la consommation finale des ménages et des ISBLSM",XDC,Monnaie nationale,NAAG_V,Part V: Households,2005,,71690541.0953443,,N,Ni corrigé des variations saisonnières ni corrigé des effets de calendrier,W,Monde,S1M,Les Ménages et ISBLSM,S1,Economie totale,_Z,Non applicable,B,Solde (recettes moins dépenses),B6N_R,"Revenu disponible réel des ménages, net",_Z,Non applicable,,,,,,,,,,,L,Volumes chaînés,N,Données non transformées,,,,,,,F,Libre (libre pour publication),2,Two,A,Valeur normale,6,Millions,CLP,Peso chilien
DATAFLOW,OECD.SDD.NAD:DSD_NAAG@DF_NAAG_V(1.0),NAAG Chapitre 5: Ménages,I,A,Annuelle,COL,Colombie,B6N_R_PPP_P31S14,"Revenu disponible net réel des ménages et des ISBLSM, déflaté par la consommation finale des ménages et des ISBLSM",XDC,Monnaie nationale,NAAG_V,Part V: Households,2005,,459454384.292687,,N,Ni corrigé des variations saisonnières ni corrigé des effets de calendrier,W,Monde,S1M,Les Ménages et ISBLSM,S1,Economie totale,_Z,Non applicable,B,Solde (recettes moins dépenses),B6N_R,"Revenu disponible réel des ménages, net",_Z,Non applicable,,,,,,,,,,,L,Volumes chaînés,N,Données non transformées,,,,,,,F,Libre (libre pour publication),2,Two,A,Valeur normale,6,Millions,COP,Peso colombien
DATAFLOW,OECD.SDD.NAD:DSD_NAAG@DF_NAAG_V(1.0),NAAG Chapitre 5: Ménages,I,A,Annuelle,CZE,Tchéquie,B6N_R_PPP_P31S14,"Revenu disponible net réel des ménages et des ISBLSM, déflaté par la consommation finale des ménages et des ISBLSM",XDC,Monnaie nationale,NAAG_V,Part V: Households,2005,,2243873.02003138,,N,Ni corrigé des variations saisonnières ni corrigé des effets de calendrier,W,Monde,S1M,Les Ménages et ISBLSM,S1,Economie totale,_Z,Non applicable,B,Solde (recettes moins dépenses),B6N_R,"Revenu disponible réel des ménages, net",_Z,Non applicable,,,,,,,,,,,L,Volumes chaînés,N,Données non transformées,,,,,,,F,Libre (libre pour publication),2,Two,A,Valeur normale,6,Millions,CZK,Couronne tchèque
DATAFLOW,OECD.SDD.NAD:DSD_NAAG@DF_NAAG_V(1.0),NAAG Chapitre 5: Ménages,I,A,Annuelle,DNK,Danemark,B6N_R_PPP_P31S14,"Revenu disponible net réel des ménages et des ISBLSM, déflaté par la consommation finale des ménages et des ISBLSM",XDC,Monnaie nationale,NAAG_V,Part V: Households,2005,,812452.681867394,,N,Ni corrigé des variations saisonnières ni corrigé des effets de calendrier,W,Monde,S1M,Les Ménages et ISBLSM,S1,Economie totale,_Z,Non applicable,B,Solde (recettes moins dépenses),B6N_R,"Revenu disponible réel des ménages, net",_Z,Non applicable,,,,,,,,,,,L,Volumes chaînés,N,Données non transformées,,,,,,,F,Libre (libre pour publication),2,Two,A,Valeur normale,6,Millions,DKK,Couronne danoise
DATAFLOW,OECD.SDD.NAD:DSD_NAAG@DF_NAAG_V(1.0),NAAG Chapitre 5: Ménages,I,A,Annuelle,HUN,Hongrie,B6N_R_PPP_P31S14,"Revenu disponible net réel des ménages et des ISBLSM, déflaté par la consommation finale des ménages et des ISBLSM",XDC,Monnaie nationale,NAAG_V,Part V: Households,2005,,21105492.9698098,,N,Ni corrigé des variations saisonnières ni corrigé des effets de calendrier,W,Monde,S1M,Les Ménages et ISBLSM,S1,Economie totale,_Z,Non applicable,B,Solde (recettes moins dépenses),B6N_R,"Revenu disponible réel des ménages, net",_Z,Non applicable,,,,,,,,,,,L,Volumes chaînés,N,Données non transformées,,,,,,,F,Libre (libre pour publication),2,Two,A,Valeur normale,6,Millions,HUF,Forint
DATAFLOW,OECD.SDD.NAD:DSD_NAAG@DF_NAAG_V(1.0),NAAG Chapitre 5: Ménages,I,A,Annuelle,JPN,Japon,B6N_R_PPP_P31S14,"Revenu disponible net réel des ménages et des ISBLSM, déflaté par la consommation finale des ménages et des ISBLSM",XDC,Monnaie nationale,NAAG_V,Part V: Households,2005,,297974538.73112,,N,Ni corrigé des variations saisonnières ni corrigé des effets de calendrier,W,Monde,S1M,Les Ménages et ISBLSM,S1,Economie totale,_Z,Non applicable,B,Solde (recettes moins dépenses),B6N_R,"Revenu disponible réel des ménages, net",_Z,Non applicable,,,,,,,,,,,L,Volumes chaînés,N,Données non transformées,,,,,,,F,Libre (libre pour publication),2,Two,A,Valeur normale,6,Millions,JPY,Yen
DATAFLOW,OECD.SDD.NAD:DSD_NAAG@DF_NAAG_V(1.0),NAAG Chapitre 5: Ménages,I,A,Annuelle,KOR,Corée,B6N_R_PPP_P31S14,"Revenu disponible net réel des ménages et des ISBLSM, déflaté par la consommation finale des ménages et des ISBLSM",XDC,Monnaie nationale,NAAG_V,Part V: Households,2005,,726485394.602358,,N,Ni corrigé des variations saisonnières ni corrigé des effets de calendrier,W,Monde,S1M,Les Ménages et ISBLSM,S1,Economie totale,_Z,Non applicable,B,Solde (recettes moins dépenses),B6N_R,"Revenu disponible réel des ménages, net",_Z,Non applicable,,,,,,,,,,,L,Volumes chaînés,N,Données non transformées,,,,,,,F,Libre (libre pour publication),2,Two,A,Valeur normale,6,Millions,KRW,Won
DATAFLOW,OECD.SDD.NAD:DSD_NAAG@DF_NAAG_V(1.0),NAAG Chapitre 5: Ménages,I,A,Annuelle,MEX,Mexique,B6N_R_PPP_P31S14,"Revenu disponible net réel des ménages et des ISBLSM, déflaté par la consommation finale des ménages et des ISBLSM",XDC,Monnaie nationale,NAAG_V,Part V: Households,2005,,13156038.3673518,,N,Ni corrigé des variations saisonnières ni corrigé des effets de calendrier,W,Monde,S1M,Les Ménages et ISBLSM,S1,Economie totale,_Z,Non applicable,B,Solde (recettes moins dépenses),B6N_R,"Revenu disponible réel des ménages, net",_Z,Non applicable,,,,,,,,,,,L,Volumes chaînés,N,Données non transformées,,,,,,,F,Libre (libre pour publication),2,Two,A,Valeur normale,6,Millions,MXN,Peso mexicain
DATAFLOW,OECD.SDD.NAD:DSD_NAAG@DF_NAAG_V(1.0),NAAG Chapitre 5: Ménages,I,A,Annuelle,NZL,Nouvelle-Zélande,B6N_R_PPP_P31S14,"Revenu disponible net réel des ménages et des ISBLSM, déflaté par la consommation finale des ménages et des ISBLSM",XDC,Monnaie nationale,NAAG_V,Part V: Households,2005,,113832.458077912,,N,Ni corrigé des variations saisonnières ni corrigé des effets de calendrier,W,Monde,S1M,Les Ménages et ISBLSM,S1,Economie totale,_Z,Non applicable,B,Solde (recettes moins dépenses),B6N_R,"Revenu disponible réel des ménages, net",_Z,Non applicable,,,,,,,,,,,L,Volumes chaînés,N,Données non transformées,,,,,,,F,Libre (libre pour publication),2,Two,A,Valeur normale,6,Millions,NZD,Dollar néo-zélandais
DATAFLOW,OECD.SDD.NAD:DSD_NAAG@DF_NAAG_V(1.0),NAAG Chapitre 5: Ménages,I,A,Annuelle,NOR,Norvège,B6N_R_PPP_P31S14,"Revenu disponible net réel des ménages et des ISBLSM, déflaté par la consommation finale des ménages et des ISBLSM",XDC,Monnaie nationale,NAAG_V,Part V: Households,2005,,1198605.76400952,,N,Ni corrigé des variations saisonnières ni corrigé des effets de calendrier,W,Monde,S1M,Les Ménages et ISBLSM,S1,Economie totale,_Z,Non applicable,B,Solde (recettes moins dépenses),B6N_R,"Revenu disponible réel des ménages, net",_Z,Non applicable,,,,,,,,,,,L,Volumes chaînés,N,Données non transformées,,,,,,,F,Libre (libre pour publication),2,Two,A,Valeur normale,6,Millions,NOK,Couronne norvégienne
DATAFLOW,OECD.SDD.NAD:DSD_NAAG@DF_NAAG_V(1.0),NAAG Chapitre 5: Ménages,I,A,Annuelle,POL,Pologne,B6N_R_PPP_P31S14,"Revenu disponible net réel des ménages et des ISBLSM, déflaté par la consommation finale des ménages et des ISBLSM",XDC,Monnaie nationale,NAAG_V,Part V: Households,2005,,865384.608954096,,N,Ni corrigé des variations saisonnières ni corrigé des effets de calendrier,W,Monde,S1M,Les Ménages et ISBLSM,S1,Economie totale,_Z,Non applicable,B,Solde (recettes moins dépenses),B6N_R,"Revenu disponible réel des ménages, net",_Z,Non applicable,,,,,,,,,,,L,Volumes chaînés,N,Données non transformées,,,,,,,F,Libre (libre pour publication),2,Two,A,Valeur normale,6,Millions,PLN,Zloty
DATAFLOW,OECD.SDD.NAD:DSD_NAAG@DF_NAAG_V(1.0),NAAG Chapitre 5: Ménages,I,A,Annuelle,SWE,Suède,B6N_R_PPP_P31S14,"Revenu disponible net réel des ménages et des ISBLSM, déflaté par la consommation finale des ménages et des ISBLSM",XDC,Monnaie nationale,NAAG_V,Part V: Households,2005,,1607285.84276194,,N,Ni corrigé des variations saisonnières ni corrigé des effets de calendrier,W,Monde,S1M,Les Ménages et ISBLSM,S1,Economie totale,_Z,Non applicable,B,Solde (recettes moins dépenses),B6N_R,"Revenu disponible réel des ménages, net",_Z,Non applicable,,,,,,,,,,,L,Volumes chaînés,N,Données non transformées,,,,,,,F,Libre (libre pour publication),2,Two,A,Valeur normale,6,Millions,SEK,Couronne suédoise
DATAFLOW,OECD.SDD.NAD:DSD_NAAG@DF_NAAG_V(1.0),NAAG Chapitre 5: Ménages,I,A,Annuelle,CHE,Suisse,B6N_R_PPP_P31S14,"Revenu disponible net réel des ménages et des ISBLSM, déflaté par la consommation finale des ménages et des ISBLSM",XDC,Monnaie nationale,NAAG_V,Part V: Households,2005,,318349.272953648,,N,Ni corrigé des variations saisonnières ni corrigé des effets de calendrier,W,Monde,S1M,Les Ménages et ISBLSM,S1,Economie totale,_Z,Non applicable,B,Solde (recettes moins dépenses),B6N_R,"Revenu disponible réel des ménages, net",_Z,Non applicable,,,,,,,,,,,L,Volumes chaînés,N,Données non transformées,,,,,,,F,Libre (libre pour publication),2,Two,A,Valeur normale,6,Millions,CHF,Franc suisse
DATAFLOW,OECD.SDD.NAD:DSD_NAAG@DF_NAAG_V(1.0),NAAG Chapitre 5: Ménages,I,A,Annuelle,GBR,Royaume-Uni,B6N_R_PPP_P31S14,"Revenu disponible net réel des ménages et des ISBLSM, déflaté par la consommation finale des ménages et des ISBLSM",XDC,Monnaie nationale,NAAG_V,Part V: Households,2005,,1100932.68709064,,N,Ni corrigé des variations saisonnières ni corrigé des effets de calendrier,W,Monde,S1M,Les Ménages et ISBLSM,S1,Economie totale,_Z,Non applicable,B,Solde (recettes moins dépenses),B6N_R,"Revenu disponible réel des ménages, net",_Z,Non applicable,,,,,,,,,,,L,Volumes chaînés,N,Données non transformées,,,,,,,F,Libre (libre pour publication),2,Two,A,Valeur normale,6,Millions,GBP,Livre sterling
DATAFLOW,OECD.SDD.NAD:DSD_NAAG@DF_NAAG_V(1.0),NAAG Chapitre 5: Ménages,I,A,Annuelle,BRA,Brésil,B6N_R_PPP_P31S14,"Revenu disponible net réel des ménages et des ISBLSM, déflaté par la consommation finale des ménages et des ISBLSM",XDC,Monnaie nationale,NAAG_V,Part V: Households,2005,,3652773.64070558,,N,Ni corrigé des variations saisonnières ni corrigé des effets de calendrier,W,Monde,S1M,Les Ménages et ISBLSM,S1,Economie totale,_Z,Non applicable,B,Solde (recettes moins dépenses),B6N_R,"Revenu disponible réel des ménages, net",_Z,Non applicable,,,,,,,,,,,L,Volumes chaînés,N,Données non transformées,,,,,,,F,Libre (libre pour publication),2,Two,A,Valeur normale,6,Millions,BRL,Réal brésilien
DATAFLOW,OECD.SDD.NAD:DSD_NAAG@DF_NAAG_V(1.0),NAAG Chapitre 5: Ménages,I,A,Annuelle,ZAF,Afrique du Sud,B6N_R_PPP_P31S14,"Revenu disponible net réel des ménages et des ISBLSM, déflaté par la consommation finale des ménages et des ISBLSM",XDC,Monnaie nationale,NAAG_V,Part V: Households,2005,,2464208.9229773,,N,Ni corrigé des variations saisonnières ni corrigé des effets de calendrier,W,Monde,S1M,Les Ménages et ISBLSM,S1,Economie totale,_Z,Non applicable,B,Solde (recettes moins dépenses),B6N_R,"Revenu disponible réel des ménages, net",_Z,Non applicable,,,,,,,,,,,L,Volumes chaînés,N,Données non transformées,,,,,,,F,Libre (libre pour publication),2,Two,A,Valeur normale,6,Millions,ZAR,Rand
DATAFLOW,OECD.SDD.NAD:DSD_NAAG@DF_NAAG_V(1.0),NAAG Chapitre 5: Ménages,I,A,Annuelle,AUS,Australie,B6N_R_PPP_P31S14,"Revenu disponible net réel des ménages et des ISBLSM, déflaté par la consommation finale des ménages et des ISBLSM",XDC,Monnaie nationale,NAAG_V,Part V: Households,2006,,791507.003598424,,N,Ni corrigé des variations saisonnières ni corrigé des effets de calendrier,W,Monde,S1M,Les Ménages et ISBLSM,S1,Economie totale,_Z,Non applicable,B,Solde (recettes moins dépenses),B6N_R,"Revenu disponible réel des ménages, net",_Z,Non applicable,,,,,,,,,,,L,Volumes chaînés,N,Données non transformées,,,,,,,F,Libre (libre pour publication),2,Two,A,Valeur normale,6,Millions,AUD,Dollar australien
DATAFLOW,OECD.SDD.NAD:DSD_NAAG@DF_NAAG_V(1.0),NAAG Chapitre 5: Ménages,I,A,Annuelle,CAN,Canada,B6N_R_PPP_P31S14,"Revenu disponible net réel des ménages et des ISBLSM, déflaté par la consommation finale des ménages et des ISBLSM",XDC,Monnaie nationale,NAAG_V,Part V: Households,2006,,952582.860574448,,N,Ni corrigé des variations saisonnières ni corrigé des effets de calendrier,W,Monde,S1M,Les Ménages et ISBLSM,S1,Economie totale,_Z,Non applicable,B,Solde (recettes moins dépenses),B6N_R,"Revenu disponible réel des ménages, net",_Z,Non applicable,,,,,,,,,,,L,Volumes chaînés,N,Données non transformées,,,,,,,F,Libre (libre pour publication),2,Two,A,Valeur normale,6,Millions,CAD,Dollar canadien
DATAFLOW,OECD.SDD.NAD:DSD_NAAG@DF_NAAG_V(1.0),NAAG Chapitre 5: Ménages,I,A,Annuelle,CHL,Chili,B6N_R_PPP_P31S14,"Revenu disponible net réel des ménages et des ISBLSM, déflaté par la consommation finale des ménages et des ISBLSM",XDC,Monnaie nationale,NAAG_V,Part V: Households,2006,,77986948.2087063,,N,Ni corrigé des variations saisonnières ni corrigé des effets de calendrier,W,Monde,S1M,Les Ménages et ISBLSM,S1,Economie totale,_Z,Non applicable,B,Solde (recettes moins dépenses),B6N_R,"Revenu disponible réel des ménages, net",_Z,Non applicable,,,,,,,,,,,L,Volumes chaînés,N,Données non transformées,,,,,,,F,Libre (libre pour publication),2,Two,A,Valeur normale,6,Millions,CLP,Peso chilien
DATAFLOW,OECD.SDD.NAD:DSD_NAAG@DF_NAAG_V(1.0),NAAG Chapitre 5: Ménages,I,A,Annuelle,COL,Colombie,B6N_R_PPP_P31S14,"Revenu disponible net réel des ménages et des ISBLSM, déflaté par la consommation finale des ménages et des ISBLSM",XDC,Monnaie nationale,NAAG_V,Part V: Households,2006,,493879623.39688,,N,Ni corrigé des variations saisonnières ni corrigé des effets de calendrier,W,Monde,S1M,Les Ménages et ISBLSM,S1,Economie totale,_Z,Non applicable,B,Solde (recettes moins dépenses),B6N_R,"Revenu disponible réel des ménages, net",_Z,Non applicable,,,,,,,,,,,L,Volumes chaînés,N,Données non transformées,,,,,,,F,Libre (libre pour publication),2,Two,A,Valeur normale,6,Millions,COP,Peso colombien
DATAFLOW,OECD.SDD.NAD:DSD_NAAG@DF_NAAG_V(1.0),NAAG Chapitre 5: Ménages,I,A,Annuelle,CZE,Tchéquie,B6N_R_PPP_P31S14,"Revenu disponible net réel des ménages et des ISBLSM, déflaté par la consommation finale des ménages et des ISBLSM",XDC,Monnaie nationale,NAAG_V,Part V: Households,2006,,2366542.62772517,,N,Ni corrigé des variations saisonnières ni corrigé des effets de calendrier,W,Monde,S1M,Les Ménages et ISBLSM,S1,Economie totale,_Z,Non applicable,B,Solde (recettes moins dépenses),B6N_R,"Revenu disponible réel des ménages, net",_Z,Non applicable,,,,,,,,,,,L,Volumes chaînés,N,Données non transformées,,,,,,,F,Libre (libre pour publication),2,Two,A,Valeur normale,6,Millions,CZK,Couronne tchèque
DATAFLOW,OECD.SDD.NAD:DSD_NAAG@DF_NAAG_V(1.0),NAAG Chapitre 5: Ménages,I,A,Annuelle,DNK,Danemark,B6N_R_PPP_P31S14,"Revenu disponible net réel des ménages et des ISBLSM, déflaté par la consommation finale des ménages et des ISBLSM",XDC,Monnaie nationale,NAAG_V,Part V: Households,2006,,831070.842486182,,N,Ni corrigé des variations saisonnières ni corrigé des effets de calendrier,W,Monde,S1M,Les Ménages et ISBLSM,S1,Economie totale,_Z,Non applicable,B,Solde (recettes moins dépenses),B6N_R,"Revenu disponible réel des ménages, net",_Z,Non applicable,,,,,,,,,,,L,Volumes chaînés,N,Données non transformées,,,,,,,F,Libre (libre pour publication),2,Two,A,Valeur normale,6,Millions,DKK,Couronne danoise
DATAFLOW,OECD.SDD.NAD:DSD_NAAG@DF_NAAG_V(1.0),NAAG Chapitre 5: Ménages,I,A,Annuelle,HUN,Hongrie,B6N_R_PPP_P31S14,"Revenu disponible net réel des ménages et des ISBLSM, déflaté par la consommation finale des ménages et des ISBLSM",XDC,Monnaie nationale,NAAG_V,Part V: Households,2006,,21560037.9354428,,N,Ni corrigé des variations saisonnières ni corrigé des effets de calendrier,W,Monde,S1M,Les Ménages et ISBLSM,S1,Economie totale,_Z,Non applicable,B,Solde (recettes moins dépenses),B6N_R,"Revenu disponible réel des ménages, net",_Z,Non applicable,,,,,,,,,,,L,Volumes chaînés,N,Données non transformées,,,,,,,F,Libre (libre pour publication),2,Two,A,Valeur normale,6,Millions,HUF,Forint
DATAFLOW,OECD.SDD.NAD:DSD_NAAG@DF_NAAG_V(1.0),NAAG Chapitre 5: Ménages,I,A,Annuelle,JPN,Japon,B6N_R_PPP_P31S14,"Revenu disponible net réel des ménages et des ISBLSM, déflaté par la consommation finale des ménages et des ISBLSM",XDC,Monnaie nationale,NAAG_V,Part V: Households,2006,,302557825.098288,,N,Ni corrigé des variations saisonnières ni corrigé des effets de calendrier,W,Monde,S1M,Les Ménages et ISBLSM,S1,Economie totale,_Z,Non applicable,B,Solde (recettes moins dépenses),B6N_R,"Revenu disponible réel des ménages, net",_Z,Non applicable,,,,,,,,,,,L,Volumes chaînés,N,Données non transformées,,,,,,,F,Libre (libre pour publication),2,Two,A,Valeur normale,6,Millions,JPY,Yen
DATAFLOW,OECD.SDD.NAD:DSD_NAAG@DF_NAAG_V(1.0),NAAG Chapitre 5: Ménages,I,A,Annuelle,KOR,Corée,B6N_R_PPP_P31S14,"Revenu disponible net réel des ménages et des ISBLSM, déflaté par la consommation finale des ménages et des ISBLSM",XDC,Monnaie nationale,NAAG_V,Part V: Households,2006,,749620643.070453,,N,Ni corrigé des variations saisonnières ni corrigé des effets de calendrier,W,Monde,S1M,Les Ménages et ISBLSM,S1,Economie totale,_Z,Non applicable,B,Solde (recettes moins dépenses),B6N_R,"Revenu disponible réel des ménages, net",_Z,Non applicable,,,,,,,,,,,L,Volumes chaînés,N,Données non transformées,,,,,,,F,Libre (libre pour publication),2,Two,A,Valeur normale,6,Millions,KRW,Won
DATAFLOW,OECD.SDD.NAD:DSD_NAAG@DF_NAAG_V(1.0),NAAG Chapitre 5: Ménages,I,A,Annuelle,MEX,Mexique,B6N_R_PPP_P31S14,"Revenu disponible net réel des ménages et des ISBLSM, déflaté par la consommation finale des ménages et des ISBLSM",XDC,Monnaie nationale,NAAG_V,Part V: Households,2006,,14095972.2113164,,N,Ni corrigé des variations saisonnières ni corrigé des effets de calendrier,W,Monde,S1M,Les Ménages et ISBLSM,S1,Economie totale,_Z,Non applicable,B,Solde (recettes moins dépenses),B6N_R,"Revenu disponible réel des ménages, net",_Z,Non applicable,,,,,,,,,,,L,Volumes chaînés,N,Données non transformées,,,,,,,F,Libre (libre pour publication),2,Two,A,Valeur normale,6,Millions,MXN,Peso mexicain
DATAFLOW,OECD.SDD.NAD:DSD_NAAG@DF_NAAG_V(1.0),NAAG Chapitre 5: Ménages,I,A,Annuelle,NZL,Nouvelle-Zélande,B6N_R_PPP_P31S14,"Revenu disponible net réel des ménages et des ISBLSM, déflaté par la consommation finale des ménages et des ISBLSM",XDC,Monnaie nationale,NAAG_V,Part V: Households,2006,,119255.553507552,,N,Ni corrigé des variations saisonnières ni corrigé des effets de calendrier,W,Monde,S1M,Les Ménages et ISBLSM,S1,Economie totale,_Z,Non applicable,B,Solde (recettes moins dépenses),B6N_R,"Revenu disponible réel des ménages, net",_Z,Non applicable,,,,,,,,,,,L,Volumes chaînés,N,Données non transformées,,,,,,,F,Libre (libre pour publication),2,Two,A,Valeur normale,6,Millions,NZD,Dollar néo-zélandais
DATAFLOW,OECD.SDD.NAD:DSD_NAAG@DF_NAAG_V(1.0),NAAG Chapitre 5: Ménages,I,A,Annuelle,NOR,Norvège,B6N_R_PPP_P31S14,"Revenu disponible net réel des ménages et des ISBLSM, déflaté par la consommation finale des ménages et des ISBLSM",XDC,Monnaie nationale,NAAG_V,Part V: Households,2006,,1119383.04804515,,N,Ni corrigé des variations saisonnières ni corrigé des effets de calendrier,W,Monde,S1M,Les Ménages et ISBLSM,S1,Economie totale,_Z,Non applicable,B,Solde (recettes moins dépenses),B6N_R,"Revenu disponible réel des ménages, net",_Z,Non applicable,,,,,,,,,,,L,Volumes chaînés,N,Données non transformées,,,,,,,F,Libre (libre pour publication),2,Two,A,Valeur normale,6,Millions,NOK,Couronne norvégienne
DATAFLOW,OECD.SDD.NAD:DSD_NAAG@DF_NAAG_V(1.0),NAAG Chapitre 5: Ménages,I,A,Annuelle,POL,Pologne,B6N_R_PPP_P31S14,"Revenu disponible net réel des ménages et des ISBLSM, déflaté par la consommation finale des ménages et des ISBLSM",XDC,Monnaie nationale,NAAG_V,Part V: Households,2006,,900791.329195199,,N,Ni corrigé des variations saisonnières ni corrigé des effets de calendrier,W,Monde,S1M,Les Ménages et ISBLSM,S1,Economie totale,_Z,Non applicable,B,Solde (recettes moins dépenses),B6N_R,"Revenu disponible réel des ménages, net",_Z,Non applicable,,,,,,,,,,,L,Volumes chaînés,N,Données non transformées,,,,,,,F,Libre (libre pour publication),2,Two,A,Valeur normale,6,Millions,PLN,Zloty
DATAFLOW,OECD.SDD.NAD:DSD_NAAG@DF_NAAG_V(1.0),NAAG Chapitre 5: Ménages,I,A,Annuelle,SWE,Suède,B6N_R_PPP_P31S14,"Revenu disponible net réel des ménages et des ISBLSM, déflaté par la consommation finale des ménages et des ISBLSM",XDC,Monnaie nationale,NAAG_V,Part V: Households,2006,,1691396.56246515,,N,Ni corrigé des variations saisonnières ni corrigé des effets de calendrier,W,Monde,S1M,Les Ménages et ISBLSM,S1,Economie totale,_Z,Non applicable,B,Solde (recettes moins dépenses),B6N_R,"Revenu disponible réel des ménages, net",_Z,Non applicable,,,,,,,,,,,L,Volumes chaînés,N,Données non transformées,,,,,,,F,Libre (libre pour publication),2,Two,A,Valeur normale,6,Millions,SEK,Couronne suédoise
DATAFLOW,OECD.SDD.NAD:DSD_NAAG@DF_NAAG_V(1.0),NAAG Chapitre 5: Ménages,I,A,Annuelle,CHE,Suisse,B6N_R_PPP_P31S14,"Revenu disponible net réel des ménages et des ISBLSM, déflaté par la consommation finale des ménages et des ISBLSM",XDC,Monnaie nationale,NAAG_V,Part V: Households,2006,,329602.283098546,,N,Ni corrigé des variations saisonnières ni corrigé des effets de calendrier,W,Monde,S1M,Les Ménages et ISBLSM,S1,Economie totale,_Z,Non applicable,B,Solde (recettes moins dépenses),B6N_R,"Revenu disponible réel des ménages, net",_Z,Non applicable,,,,,,,,,,,L,Volumes chaînés,N,Données non transformées,,,,,,,F,Libre (libre pour publication),2,Two,A,Valeur normale,6,Millions,CHF,Franc suisse
DATAFLOW,OECD.SDD.NAD:DSD_NAAG@DF_NAAG_V(1.0),NAAG Chapitre 5: Ménages,I,A,Annuelle,GBR,Royaume-Uni,B6N_R_PPP_P31S14,"Revenu disponible net réel des ménages et des ISBLSM, déflaté par la consommation finale des ménages et des ISBLSM",XDC,Monnaie nationale,NAAG_V,Part V: Households,2006,,1118617.84295544,,N,Ni corrigé des variations saisonnières ni corrigé des effets de calendrier,W,Monde,S1M,Les Ménages et ISBLSM,S1,Economie totale,_Z,Non applicable,B,Solde (recettes moins dépenses),B6N_R,"Revenu disponible réel des ménages, net",_Z,Non applicable,,,,,,,,,,,L,Volumes chaînés,N,Données non transformées,,,,,,,F,Libre (libre pour publication),2,Two,A,Valeur normale,6,Millions,GBP,Livre sterling
DATAFLOW,OECD.SDD.NAD:DSD_NAAG@DF_NAAG_V(1.0),NAAG Chapitre 5: Ménages,I,A,Annuelle,BRA,Brésil,B6N_R_PPP_P31S14,"Revenu disponible net réel des ménages et des ISBLSM, déflaté par la consommation finale des ménages et des ISBLSM",XDC,Monnaie nationale,NAAG_V,Part V: Households,2006,,3822487.26964933,,N,Ni corrigé des variations saisonnières ni corrigé des effets de calendrier,W,Monde,S1M,Les Ménages et ISBLSM,S1,Economie totale,_Z,Non applicable,B,Solde (recettes moins dépenses),B6N_R,"Revenu disponible réel des ménages, net",_Z,Non applicable,,,,,,,,,,,L,Volumes chaînés,N,Données non transformées,,,,,,,F,Libre (libre pour publication),2,Two,A,Valeur normale,6,Millions,BRL,Réal brésilien
DATAFLOW,OECD.SDD.NAD:DSD_NAAG@DF_NAAG_V(1.0),NAAG Chapitre 5: Ménages,I,A,Annuelle,ZAF,Afrique du Sud,B6N_R_PPP_P31S14,"Revenu disponible net réel des ménages et des ISBLSM, déflaté par la consommation finale des ménages et des ISBLSM",XDC,Monnaie nationale,NAAG_V,Part V: Households,2006,,2610410.11573454,,N,Ni corrigé des variations saisonnières ni corrigé des effets de calendrier,W,Monde,S1M,Les Ménages et ISBLSM,S1,Economie totale,_Z,Non applicable,B,Solde (recettes moins dépenses),B6N_R,"Revenu disponible réel des ménages, net",_Z,Non applicable,,,,,,,,,,,L,Volumes chaînés,N,Données non transformées,,,,,,,F,Libre (libre pour publication),2,Two,A,Valeur normale,6,Millions,ZAR,Rand
DATAFLOW,OECD.SDD.NAD:DSD_NAAG@DF_NAAG_V(1.0),NAAG Chapitre 5: Ménages,I,A,Annuelle,AUS,Australie,B6N_R_PPP_P31S14,"Revenu disponible net réel des ménages et des ISBLSM, déflaté par la consommation finale des ménages et des ISBLSM",XDC,Monnaie nationale,NAAG_V,Part V: Households,2007,,839907.74277601,,N,Ni corrigé des variations saisonnières ni corrigé des effets de calendrier,W,Monde,S1M,Les Ménages et ISBLSM,S1,Economie totale,_Z,Non applicable,B,Solde (recettes moins dépenses),B6N_R,"Revenu disponible réel des ménages, net",_Z,Non applicable,,,,,,,,,,,L,Volumes chaînés,N,Données non transformées,,,,,,,F,Libre (libre pour publication),2,Two,A,Valeur normale,6,Millions,AUD,Dollar australien
DATAFLOW,OECD.SDD.NAD:DSD_NAAG@DF_NAAG_V(1.0),NAAG Chapitre 5: Ménages,I,A,Annuelle,CAN,Canada,B6N_R_PPP_P31S14,"Revenu disponible net réel des ménages et des ISBLSM, déflaté par la consommation finale des ménages et des ISBLSM",XDC,Monnaie nationale,NAAG_V,Part V: Households,2007,,988676.637546691,,N,Ni corrigé des variations saisonnières ni corrigé des effets de calendrier,W,Monde,S1M,Les Ménages et ISBLSM,S1,Economie totale,_Z,Non applicable,B,Solde (recettes moins dépenses),B6N_R,"Revenu disponible réel des ménages, net",_Z,Non applicable,,,,,,,,,,,L,Volumes chaînés,N,Données non transformées,,,,,,,F,Libre (libre pour publication),2,Two,A,Valeur normale,6,Millions,CAD,Dollar canadien
DATAFLOW,OECD.SDD.NAD:DSD_NAAG@DF_NAAG_V(1.0),NAAG Chapitre 5: Ménages,I,A,Annuelle,CHL,Chili,B6N_R_PPP_P31S14,"Revenu disponible net réel des ménages et des ISBLSM, déflaté par la consommation finale des ménages et des ISBLSM",XDC,Monnaie nationale,NAAG_V,Part V: Households,2007,,78895942.0702322,,N,Ni corrigé des variations saisonnières ni corrigé des effets de calendrier,W,Monde,S1M,Les Ménages et ISBLSM,S1,Economie totale,_Z,Non applicable,B,Solde (recettes moins dépenses),B6N_R,"Revenu disponible réel des ménages, net",_Z,Non applicable,,,,,,,,,,,L,Volumes chaînés,N,Données non transformées,,,,,,,F,Libre (libre pour publication),2,Two,A,Valeur normale,6,Millions,CLP,Peso chilien
DATAFLOW,OECD.SDD.NAD:DSD_NAAG@DF_NAAG_V(1.0),NAAG Chapitre 5: Ménages,I,A,Annuelle,COL,Colombie,B6N_R_PPP_P31S14,"Revenu disponible net réel des ménages et des ISBLSM, déflaté par la consommation finale des ménages et des ISBLSM",XDC,Monnaie nationale,NAAG_V,Part V: Households,2007,,528839066.557455,,N,Ni corrigé des variations saisonnières ni corrigé des effets de calendrier,W,Monde,S1M,Les Ménages et ISBLSM,S1,Economie totale,_Z,Non applicable,B,Solde (recettes moins dépenses),B6N_R,"Revenu disponible réel des ménages, net",_Z,Non applicable,,,,,,,,,,,L,Volumes chaînés,N,Données non transformées,,,,,,,F,Libre (libre pour publication),2,Two,A,Valeur normale,6,Millions,COP,Peso colombien
DATAFLOW,OECD.SDD.NAD:DSD_NAAG@DF_NAAG_V(1.0),NAAG Chapitre 5: Ménages,I,A,Annuelle,CZE,Tchéquie,B6N_R_PPP_P31S14,"Revenu disponible net réel des ménages et des ISBLSM, déflaté par la consommation finale des ménages et des ISBLSM",XDC,Monnaie nationale,NAAG_V,Part V: Households,2007,,2442976.94573071,,N,Ni corrigé des variations saisonnières ni corrigé des effets de calendrier,W,Monde,S1M,Les Ménages et ISBLSM,S1,Economie totale,_Z,Non applicable,B,Solde (recettes moins dépenses),B6N_R,"Revenu disponible réel des ménages, net",_Z,Non applicable,,,,,,,,,,,L,Volumes chaînés,N,Données non transformées,,,,,,,F,Libre (libre pour publication),2,Two,A,Valeur normale,6,Millions,CZK,Couronne tchèque
DATAFLOW,OECD.SDD.NAD:DSD_NAAG@DF_NAAG_V(1.0),NAAG Chapitre 5: Ménages,I,A,Annuelle,DNK,Danemark,B6N_R_PPP_P31S14,"Revenu disponible net réel des ménages et des ISBLSM, déflaté par la consommation finale des ménages et des ISBLSM",XDC,Monnaie nationale,NAAG_V,Part V: Households,2007,,819748.262715621,,N,Ni corrigé des variations saisonnières ni corrigé des effets de calendrier,W,Monde,S1M,Les Ménages et ISBLSM,S1,Economie totale,_Z,Non applicable,B,Solde (recettes moins dépenses),B6N_R,"Revenu disponible réel des ménages, net",_Z,Non applicable,,,,,,,,,,,L,Volumes chaînés,N,Données non transformées,,,,,,,F,Libre (libre pour publication),2,Two,A,Valeur normale,6,Millions,DKK,Couronne danoise
DATAFLOW,OECD.SDD.NAD:DSD_NAAG@DF_NAAG_V(1.0),NAAG Chapitre 5: Ménages,I,A,Annuelle,HUN,Hongrie,B6N_R_PPP_P31S14,"Revenu disponible net réel des ménages et des ISBLSM, déflaté par la consommation finale des ménages et des ISBLSM",XDC,Monnaie nationale,NAAG_V,Part V: Households,2007,,20829193.2760703,,N,Ni corrigé des variations saisonnières ni corrigé des effets de calendrier,W,Monde,S1M,Les Ménages et ISBLSM,S1,Economie totale,_Z,Non applicable,B,Solde (recettes moins dépenses),B6N_R,"Revenu disponible réel des ménages, net",_Z,Non applicable,,,,,,,,,,,L,Volumes chaînés,N,Données non transformées,,,,,,,F,Libre (libre pour publication),2,Two,A,Valeur normale,6,Millions,HUF,Forint
DATAFLOW,OECD.SDD.NAD:DSD_NAAG@DF_NAAG_V(1.0),NAAG Chapitre 5: Ménages,I,A,Annuelle,JPN,Japon,B6N_R_PPP_P31S14,"Revenu disponible net réel des ménages et des ISBLSM, déflaté par la consommation finale des ménages et des ISBLSM",XDC,Monnaie nationale,NAAG_V,Part V: Households,2007,,305805840.610337,,N,Ni corrigé des variations saisonnières ni corrigé des effets de calendrier,W,Monde,S1M,Les Ménages et ISBLSM,S1,Economie totale,_Z,Non applicable,B,Solde (recettes moins dépenses),B6N_R,"Revenu disponible réel des ménages, net",_Z,Non applicable,,,,,,,,,,,L,Volumes chaînés,N,Données non transformées,,,,,,,F,Libre (libre pour publication),2,Two,A,Valeur normale,6,Millions,JPY,Yen
DATAFLOW,OECD.SDD.NAD:DSD_NAAG@DF_NAAG_V(1.0),NAAG Chapitre 5: Ménages,I,A,Annuelle,KOR,Corée,B6N_R_PPP_P31S14,"Revenu disponible net réel des ménages et des ISBLSM, déflaté par la consommation finale des ménages et des ISBLSM",XDC,Monnaie nationale,NAAG_V,Part V: Households,2007,,782767036.722044,,N,Ni corrigé des variations saisonnières ni corrigé des effets de calendrier,W,Monde,S1M,Les Ménages et ISBLSM,S1,Economie totale,_Z,Non applicable,B,Solde (recettes moins dépenses),B6N_R,"Revenu disponible réel des ménages, net",_Z,Non applicable,,,,,,,,,,,L,Volumes chaînés,N,Données non transformées,,,,,,,F,Libre (libre pour publication),2,Two,A,Valeur normale,6,Millions,KRW,Won
DATAFLOW,OECD.SDD.NAD:DSD_NAAG@DF_NAAG_V(1.0),NAAG Chapitre 5: Ménages,I,A,Annuelle,MEX,Mexique,B6N_R_PPP_P31S14,"Revenu disponible net réel des ménages et des ISBLSM, déflaté par la consommation finale des ménages et des ISBLSM",XDC,Monnaie nationale,NAAG_V,Part V: Households,2007,,14163065.0616375,,N,Ni corrigé des variations saisonnières ni corrigé des effets de calendrier,W,Monde,S1M,Les Ménages et ISBLSM,S1,Economie totale,_Z,Non applicable,B,Solde (recettes moins dépenses),B6N_R,"Revenu disponible réel des ménages, net",_Z,Non applicable,,,,,,,,,,,L,Volumes chaînés,N,Données non transformées,,,,,,,F,Libre (libre pour publication),2,Two,A,Valeur normale,6,Millions,MXN,Peso mexicain
DATAFLOW,OECD.SDD.NAD:DSD_NAAG@DF_NAAG_V(1.0),NAAG Chapitre 5: Ménages,I,A,Annuelle,NZL,Nouvelle-Zélande,B6N_R_PPP_P31S14,"Revenu disponible net réel des ménages et des ISBLSM, déflaté par la consommation finale des ménages et des ISBLSM",XDC,Monnaie nationale,NAAG_V,Part V: Households,2007,,128457.963502694,,N,Ni corrigé des variations saisonnières ni corrigé des effets de calendrier,W,Monde,S1M,Les Ménages et ISBLSM,S1,Economie totale,_Z,Non applicable,B,Solde (recettes moins dépenses),B6N_R,"Revenu disponible réel des ménages, net",_Z,Non applicable,,,,,,,,,,,L,Volumes chaînés,N,Données non transformées,,,,,,,F,Libre (libre pour publication),2,Two,A,Valeur normale,6,Millions,NZD,Dollar néo-zélandais
DATAFLOW,OECD.SDD.NAD:DSD_NAAG@DF_NAAG_V(1.0),NAAG Chapitre 5: Ménages,I,A,Annuelle,NOR,Norvège,B6N_R_PPP_P31S14,"Revenu disponible net réel des ménages et des ISBLSM, déflaté par la consommation finale des ménages et des ISBLSM",XDC,Monnaie nationale,NAAG_V,Part V: Households,2007,,1183277.75309887,,N,Ni corrigé des variations saisonnières ni corrigé des effets de calendrier,W,Monde,S1M,Les Ménages et ISBLSM,S1,Economie totale,_Z,Non applicable,B,Solde (recettes moins dépenses),B6N_R,"Revenu disponible réel des ménages, net",_Z,Non applicable,,,,,,,,,,,L,Volumes chaînés,N,Données non transformées,,,,,,,F,Libre (libre pour publication),2,Two,A,Valeur normale,6,Millions,NOK,Couronne norvégienne
DATAFLOW,OECD.SDD.NAD:DSD_NAAG@DF_NAAG_V(1.0),NAAG Chapitre 5: Ménages,I,A,Annuelle,POL,Pologne,B6N_R_PPP_P31S14,"Revenu disponible net réel des ménages et des ISBLSM, déflaté par la consommation finale des ménages et des ISBLSM",XDC,Monnaie nationale,NAAG_V,Part V: Households,2007,,939890.61147869,,N,Ni corrigé des variations saisonnières ni corrigé des effets de calendrier,W,Monde,S1M,Les Ménages et ISBLSM,S1,Economie totale,_Z,Non applicable,B,Solde (recettes moins dépenses),B6N_R,"Revenu disponible réel des ménages, net",_Z,Non applicable,,,,,,,,,,,L,Volumes chaînés,N,Données non transformées,,,,,,,F,Libre (libre pour publication),2,Two,A,Valeur normale,6,Millions,PLN,Zloty
DATAFLOW,OECD.SDD.NAD:DSD_NAAG@DF_NAAG_V(1.0),NAAG Chapitre 5: Ménages,I,A,Annuelle,SWE,Suède,B6N_R_PPP_P31S14,"Revenu disponible net réel des ménages et des ISBLSM, déflaté par la consommation finale des ménages et des ISBLSM",XDC,Monnaie nationale,NAAG_V,Part V: Households,2007,,1793948.14549385,,N,Ni corrigé des variations saisonnières ni corrigé des effets de calendrier,W,Monde,S1M,Les Ménages et ISBLSM,S1,Economie totale,_Z,Non applicable,B,Solde (recettes moins dépenses),B6N_R,"Revenu disponible réel des ménages, net",_Z,Non applicable,,,,,,,,,,,L,Volumes chaînés,N,Données non transformées,,,,,,,F,Libre (libre pour publication),2,Two,A,Valeur normale,6,Millions,SEK,Couronne suédoise
DATAFLOW,OECD.SDD.NAD:DSD_NAAG@DF_NAAG_V(1.0),NAAG Chapitre 5: Ménages,I,A,Annuelle,CHE,Suisse,B6N_R_PPP_P31S14,"Revenu disponible net réel des ménages et des ISBLSM, déflaté par la consommation finale des ménages et des ISBLSM",XDC,Monnaie nationale,NAAG_V,Part V: Households,2007,,343188.703166146,,N,Ni corrigé des variations saisonnières ni corrigé des effets de calendrier,W,Monde,S1M,Les Ménages et ISBLSM,S1,Economie totale,_Z,Non applicable,B,Solde (recettes moins dépenses),B6N_R,"Revenu disponible réel des ménages, net",_Z,Non applicable,,,,,,,,,,,L,Volumes chaînés,N,Données non transformées,,,,,,,F,Libre (libre pour publication),2,Two,A,Valeur normale,6,Millions,CHF,Franc suisse
DATAFLOW,OECD.SDD.NAD:DSD_NAAG@DF_NAAG_V(1.0),NAAG Chapitre 5: Ménages,I,A,Annuelle,GBR,Royaume-Uni,B6N_R_PPP_P31S14,"Revenu disponible net réel des ménages et des ISBLSM, déflaté par la consommation finale des ménages et des ISBLSM",XDC,Monnaie nationale,NAAG_V,Part V: Households,2007,,1162440.65588322,,N,Ni corrigé des variations saisonnières ni corrigé des effets de calendrier,W,Monde,S1M,Les Ménages et ISBLSM,S1,Economie totale,_Z,Non applicable,B,Solde (recettes moins dépenses),B6N_R,"Revenu disponible réel des ménages, net",_Z,Non applicable,,,,,,,,,,,L,Volumes chaînés,N,Données non transformées,,,,,,,F,Libre (libre pour publication),2,Two,A,Valeur normale,6,Millions,GBP,Livre sterling
DATAFLOW,OECD.SDD.NAD:DSD_NAAG@DF_NAAG_V(1.0),NAAG Chapitre 5: Ménages,I,A,Annuelle,BRA,Brésil,B6N_R_PPP_P31S14,"Revenu disponible net réel des ménages et des ISBLSM, déflaté par la consommation finale des ménages et des ISBLSM",XDC,Monnaie nationale,NAAG_V,Part V: Households,2007,,4071006.40082748,,N,Ni corrigé des variations saisonnières ni corrigé des effets de calendrier,W,Monde,S1M,Les Ménages et ISBLSM,S1,Economie totale,_Z,Non applicable,B,Solde (recettes moins dépenses),B6N_R,"Revenu disponible réel des ménages, net",_Z,Non applicable,,,,,,,,,,,L,Volumes chaînés,N,Données non transformées,,,,,,,F,Libre (libre pour publication),2,Two,A,Valeur normale,6,Millions,BRL,Réal brésilien
DATAFLOW,OECD.SDD.NAD:DSD_NAAG@DF_NAAG_V(1.0),NAAG Chapitre 5: Ménages,I,A,Annuelle,ZAF,Afrique du Sud,B6N_R_PPP_P31S14,"Revenu disponible net réel des ménages et des ISBLSM, déflaté par la consommation finale des ménages et des ISBLSM",XDC,Monnaie nationale,NAAG_V,Part V: Households,2007,,2753771.22732206,,N,Ni corrigé des variations saisonnières ni corrigé des effets de calendrier,W,Monde,S1M,Les Ménages et ISBLSM,S1,Economie totale,_Z,Non applicable,B,Solde (recettes moins dépenses),B6N_R,"Revenu disponible réel des ménages, net",_Z,Non applicable,,,,,,,,,,,L,Volumes chaînés,N,Données non transformées,,,,,,,F,Libre (libre pour publication),2,Two,A,Valeur normale,6,Millions,ZAR,Rand
DATAFLOW,OECD.SDD.NAD:DSD_NAAG@DF_NAAG_V(1.0),NAAG Chapitre 5: Ménages,I,A,Annuelle,AUS,Australie,B6N_R_PPP_P31S14,"Revenu disponible net réel des ménages et des ISBLSM, déflaté par la consommation finale des ménages et des ISBLSM",XDC,Monnaie nationale,NAAG_V,Part V: Households,2008,,903615.713325282,,N,Ni corrigé des variations saisonnières ni corrigé des effets de calendrier,W,Monde,S1M,Les Ménages et ISBLSM,S1,Economie totale,_Z,Non applicable,B,Solde (recettes moins dépenses),B6N_R,"Revenu disponible réel des ménages, net",_Z,Non applicable,,,,,,,,,,,L,Volumes chaînés,N,Données non transformées,,,,,,,F,Libre (libre pour publication),2,Two,A,Valeur normale,6,Millions,AUD,Dollar australien
DATAFLOW,OECD.SDD.NAD:DSD_NAAG@DF_NAAG_V(1.0),NAAG Chapitre 5: Ménages,I,A,Annuelle,CAN,Canada,B6N_R_PPP_P31S14,"Revenu disponible net réel des ménages et des ISBLSM, déflaté par la consommation finale des ménages et des ISBLSM",XDC,Monnaie nationale,NAAG_V,Part V: Households,2008,,1030407.97351446,,N,Ni corrigé des variations saisonnières ni corrigé des effets de calendrier,W,Monde,S1M,Les Ménages et ISBLSM,S1,Economie totale,_Z,Non applicable,B,Solde (recettes moins dépenses),B6N_R,"Revenu disponible réel des ménages, net",_Z,Non applicable,,,,,,,,,,,L,Volumes chaînés,N,Données non transformées,,,,,,,F,Libre (libre pour publication),2,Two,A,Valeur normale,6,Millions,CAD,Dollar canadien
DATAFLOW,OECD.SDD.NAD:DSD_NAAG@DF_NAAG_V(1.0),NAAG Chapitre 5: Ménages,I,A,Annuelle,CHL,Chili,B6N_R_PPP_P31S14,"Revenu disponible net réel des ménages et des ISBLSM, déflaté par la consommation finale des ménages et des ISBLSM",XDC,Monnaie nationale,NAAG_V,Part V: Households,2008,,83747366.5327429,,N,Ni corrigé des variations saisonnières ni corrigé des effets de calendrier,W,Monde,S1M,Les Ménages et ISBLSM,S1,Economie totale,_Z,Non applicable,B,Solde (recettes moins dépenses),B6N_R,"Revenu disponible réel des ménages, net",_Z,Non applicable,,,,,,,,,,,L,Volumes chaînés,N,Données non transformées,,,,,,,F,Libre (libre pour publication),2,Two,A,Valeur normale,6,Millions,CLP,Peso chilien
DATAFLOW,OECD.SDD.NAD:DSD_NAAG@DF_NAAG_V(1.0),NAAG Chapitre 5: Ménages,I,A,Annuelle,COL,Colombie,B6N_R_PPP_P31S14,"Revenu disponible net réel des ménages et des ISBLSM, déflaté par la consommation finale des ménages et des ISBLSM",XDC,Monnaie nationale,NAAG_V,Part V: Households,2008,,542226613.128653,,N,Ni corrigé des variations saisonnières ni corrigé des effets de calendrier,W,Monde,S1M,Les Ménages et ISBLSM,S1,Economie totale,_Z,Non applicable,B,Solde (recettes moins dépenses),B6N_R,"Revenu disponible réel des ménages, net",_Z,Non applicable,,,,,,,,,,,L,Volumes chaînés,N,Données non transformées,,,,,,,F,Libre (libre pour publication),2,Two,A,Valeur normale,6,Millions,COP,Peso colombien
DATAFLOW,OECD.SDD.NAD:DSD_NAAG@DF_NAAG_V(1.0),NAAG Chapitre 5: Ménages,I,A,Annuelle,CZE,Tchéquie,B6N_R_PPP_P31S14,"Revenu disponible net réel des ménages et des ISBLSM, déflaté par la consommation finale des ménages et des ISBLSM",XDC,Monnaie nationale,NAAG_V,Part V: Households,2008,,2564274.96763706,,N,Ni corrigé des variations saisonnières ni corrigé des effets de calendrier,W,Monde,S1M,Les Ménages et ISBLSM,S1,Economie totale,_Z,Non applicable,B,Solde (recettes moins dépenses),B6N_R,"Revenu disponible réel des ménages, net",_Z,Non applicable,,,,,,,,,,,L,Volumes chaînés,N,Données non transformées,,,,,,,F,Libre (libre pour publication),2,Two,A,Valeur normale,6,Millions,CZK,Couronne tchèque
DATAFLOW,OECD.SDD.NAD:DSD_NAAG@DF_NAAG_V(1.0),NAAG Chapitre 5: Ménages,I,A,Annuelle,DNK,Danemark,B6N_R_PPP_P31S14,"Revenu disponible net réel des ménages et des ISBLSM, déflaté par la consommation finale des ménages et des ISBLSM",XDC,Monnaie nationale,NAAG_V,Part V: Households,2008,,808648.709296728,,N,Ni corrigé des variations saisonnières ni corrigé des effets de calendrier,W,Monde,S1M,Les Ménages et ISBLSM,S1,Economie totale,_Z,Non applicable,B,Solde (recettes moins dépenses),B6N_R,"Revenu disponible réel des ménages, net",_Z,Non applicable,,,,,,,,,,,L,Volumes chaînés,N,Données non transformées,,,,,,,F,Libre (libre pour publication),2,Two,A,Valeur normale,6,Millions,DKK,Couronne danoise
DATAFLOW,OECD.SDD.NAD:DSD_NAAG@DF_NAAG_V(1.0),NAAG Chapitre 5: Ménages,I,A,Annuelle,HUN,Hongrie,B6N_R_PPP_P31S14,"Revenu disponible net réel des ménages et des ISBLSM, déflaté par la consommation finale des ménages et des ISBLSM",XDC,Monnaie nationale,NAAG_V,Part V: Households,2008,,20391880.7695597,,N,Ni corrigé des variations saisonnières ni corrigé des effets de calendrier,W,Monde,S1M,Les Ménages et ISBLSM,S1,Economie totale,_Z,Non applicable,B,Solde (recettes moins dépenses),B6N_R,"Revenu disponible réel des ménages, net",_Z,Non applicable,,,,,,,,,,,L,Volumes chaînés,N,Données non transformées,,,,,,,F,Libre (libre pour publication),2,Two,A,Valeur normale,6,Millions,HUF,Forint
DATAFLOW,OECD.SDD.NAD:DSD_NAAG@DF_NAAG_V(1.0),NAAG Chapitre 5: Ménages,I,A,Annuelle,JPN,Japon,B6N_R_PPP_P31S14,"Revenu disponible net réel des ménages et des ISBLSM, déflaté par la consommation finale des ménages et des ISBLSM",XDC,Monnaie nationale,NAAG_V,Part V: Households,2008,,301561145.125015,,N,Ni corrigé des variations saisonnières ni corrigé des effets de calendrier,W,Monde,S1M,Les Ménages et ISBLSM,S1,Economie totale,_Z,Non applicable,B,Solde (recettes moins dépenses),B6N_R,"Revenu disponible réel des ménages, net",_Z,Non applicable,,,,,,,,,,,L,Volumes chaînés,N,Données non transformées,,,,,,,F,Libre (libre pour publication),2,Two,A,Valeur normale,6,Millions,JPY,Yen
DATAFLOW,OECD.SDD.NAD:DSD_NAAG@DF_NAAG_V(1.0),NAAG Chapitre 5: Ménages,I,A,Annuelle,KOR,Corée,B6N_R_PPP_P31S14,"Revenu disponible net réel des ménages et des ISBLSM, déflaté par la consommation finale des ménages et des ISBLSM",XDC,Monnaie nationale,NAAG_V,Part V: Households,2008,,809821642.292003,,N,Ni corrigé des variations saisonnières ni corrigé des effets de calendrier,W,Monde,S1M,Les Ménages et ISBLSM,S1,Economie totale,_Z,Non applicable,B,Solde (recettes moins dépenses),B6N_R,"Revenu disponible réel des ménages, net",_Z,Non applicable,,,,,,,,,,,L,Volumes chaînés,N,Données non transformées,,,,,,,F,Libre (libre pour publication),2,Two,A,Valeur normale,6,Millions,KRW,Won
DATAFLOW,OECD.SDD.NAD:DSD_NAAG@DF_NAAG_V(1.0),NAAG Chapitre 5: Ménages,I,A,Annuelle,MEX,Mexique,B6N_R_PPP_P31S14,"Revenu disponible net réel des ménages et des ISBLSM, déflaté par la consommation finale des ménages et des ISBLSM",XDC,Monnaie nationale,NAAG_V,Part V: Households,2008,,14200482.8890051,,N,Ni corrigé des variations saisonnières ni corrigé des effets de calendrier,W,Monde,S1M,Les Ménages et ISBLSM,S1,Economie totale,_Z,Non applicable,B,Solde (recettes moins dépenses),B6N_R,"Revenu disponible réel des ménages, net",_Z,Non applicable,,,,,,,,,,,L,Volumes chaînés,N,Données non transformées,,,,,,,F,Libre (libre pour publication),2,Two,A,Valeur normale,6,Millions,MXN,Peso mexicain
DATAFLOW,OECD.SDD.NAD:DSD_NAAG@DF_NAAG_V(1.0),NAAG Chapitre 5: Ménages,I,A,Annuelle,NZL,Nouvelle-Zélande,B6N_R_PPP_P31S14,"Revenu disponible net réel des ménages et des ISBLSM, déflaté par la consommation finale des ménages et des ISBLSM",XDC,Monnaie nationale,NAAG_V,Part V: Households,2008,,124966.157669233,,N,Ni corrigé des variations saisonnières ni corrigé des effets de calendrier,W,Monde,S1M,Les Ménages et ISBLSM,S1,Economie totale,_Z,Non applicable,B,Solde (recettes moins dépenses),B6N_R,"Revenu disponible réel des ménages, net",_Z,Non applicable,,,,,,,,,,,L,Volumes chaînés,N,Données non transformées,,,,,,,F,Libre (libre pour publication),2,Two,A,Valeur normale,6,Millions,NZD,Dollar néo-zélandais
DATAFLOW,OECD.SDD.NAD:DSD_NAAG@DF_NAAG_V(1.0),NAAG Chapitre 5: Ménages,I,A,Annuelle,NOR,Norvège,B6N_R_PPP_P31S14,"Revenu disponible net réel des ménages et des ISBLSM, déflaté par la consommation finale des ménages et des ISBLSM",XDC,Monnaie nationale,NAAG_V,Part V: Households,2008,,1221681.1400819,,N,Ni corrigé des variations saisonnières ni corrigé des effets de calendrier,W,Monde,S1M,Les Ménages et ISBLSM,S1,Economie totale,_Z,Non applicable,B,Solde (recettes moins dépenses),B6N_R,"Revenu disponible réel des ménages, net",_Z,Non applicable,,,,,,,,,,,L,Volumes chaînés,N,Données non transformées,,,,,,,F,Libre (libre pour publication),2,Two,A,Valeur normale,6,Millions,NOK,Couronne norvégienne
DATAFLOW,OECD.SDD.NAD:DSD_NAAG@DF_NAAG_V(1.0),NAAG Chapitre 5: Ménages,I,A,Annuelle,POL,Pologne,B6N_R_PPP_P31S14,"Revenu disponible net réel des ménages et des ISBLSM, déflaté par la consommation finale des ménages et des ISBLSM",XDC,Monnaie nationale,NAAG_V,Part V: Households,2008,,977661.804441326,,N,Ni corrigé des variations saisonnières ni corrigé des effets de calendrier,W,Monde,S1M,Les Ménages et ISBLSM,S1,Economie totale,_Z,Non applicable,B,Solde (recettes moins dépenses),B6N_R,"Revenu disponible réel des ménages, net",_Z,Non applicable,,,,,,,,,,,L,Volumes chaînés,N,Données non transformées,,,,,,,F,Libre (libre pour publication),2,Two,A,Valeur normale,6,Millions,PLN,Zloty
DATAFLOW,OECD.SDD.NAD:DSD_NAAG@DF_NAAG_V(1.0),NAAG Chapitre 5: Ménages,I,A,Annuelle,SWE,Suède,B6N_R_PPP_P31S14,"Revenu disponible net réel des ménages et des ISBLSM, déflaté par la consommation finale des ménages et des ISBLSM",XDC,Monnaie nationale,NAAG_V,Part V: Households,2008,,1854527.74312495,,N,Ni corrigé des variations saisonnières ni corrigé des effets de calendrier,W,Monde,S1M,Les Ménages et ISBLSM,S1,Economie totale,_Z,Non applicable,B,Solde (recettes moins dépenses),B6N_R,"Revenu disponible réel des ménages, net",_Z,Non applicable,,,,,,,,,,,L,Volumes chaînés,N,Données non transformées,,,,,,,F,Libre (libre pour publication),2,Two,A,Valeur normale,6,Millions,SEK,Couronne suédoise
DATAFLOW,OECD.SDD.NAD:DSD_NAAG@DF_NAAG_V(1.0),NAAG Chapitre 5: Ménages,I,A,Annuelle,CHE,Suisse,B6N_R_PPP_P31S14,"Revenu disponible net réel des ménages et des ISBLSM, déflaté par la consommation finale des ménages et des ISBLSM",XDC,Monnaie nationale,NAAG_V,Part V: Households,2008,,347195.088129615,,N,Ni corrigé des variations saisonnières ni corrigé des effets de calendrier,W,Monde,S1M,Les Ménages et ISBLSM,S1,Economie totale,_Z,Non applicable,B,Solde (recettes moins dépenses),B6N_R,"Revenu disponible réel des ménages, net",_Z,Non applicable,,,,,,,,,,,L,Volumes chaînés,N,Données non transformées,,,,,,,F,Libre (libre pour publication),2,Two,A,Valeur normale,6,Millions,CHF,Franc suisse
DATAFLOW,OECD.SDD.NAD:DSD_NAAG@DF_NAAG_V(1.0),NAAG Chapitre 5: Ménages,I,A,Annuelle,GBR,Royaume-Uni,B6N_R_PPP_P31S14,"Revenu disponible net réel des ménages et des ISBLSM, déflaté par la consommation finale des ménages et des ISBLSM",XDC,Monnaie nationale,NAAG_V,Part V: Households,2008,,1153292.65483079,,N,Ni corrigé des variations saisonnières ni corrigé des effets de calendrier,W,Monde,S1M,Les Ménages et ISBLSM,S1,Economie totale,_Z,Non applicable,B,Solde (recettes moins dépenses),B6N_R,"Revenu disponible réel des ménages, net",_Z,Non applicable,,,,,,,,,,,L,Volumes chaînés,N,Données non transformées,,,,,,,F,Libre (libre pour publication),2,Two,A,Valeur normale,6,Millions,GBP,Livre sterling
DATAFLOW,OECD.SDD.NAD:DSD_NAAG@DF_NAAG_V(1.0),NAAG Chapitre 5: Ménages,I,A,Annuelle,BRA,Brésil,B6N_R_PPP_P31S14,"Revenu disponible net réel des ménages et des ISBLSM, déflaté par la consommation finale des ménages et des ISBLSM",XDC,Monnaie nationale,NAAG_V,Part V: Households,2008,,4303310.34001599,,N,Ni corrigé des variations saisonnières ni corrigé des effets de calendrier,W,Monde,S1M,Les Ménages et ISBLSM,S1,Economie totale,_Z,Non applicable,B,Solde (recettes moins dépenses),B6N_R,"Revenu disponible réel des ménages, net",_Z,Non applicable,,,,,,,,,,,L,Volumes chaînés,N,Données non transformées,,,,,,,F,Libre (libre pour publication),2,Two,A,Valeur normale,6,Millions,BRL,Réal brésilien
DATAFLOW,OECD.SDD.NAD:DSD_NAAG@DF_NAAG_V(1.0),NAAG Chapitre 5: Ménages,I,A,Annuelle,ZAF,Afrique du Sud,B6N_R_PPP_P31S14,"Revenu disponible net réel des ménages et des ISBLSM, déflaté par la consommation finale des ménages et des ISBLSM",XDC,Monnaie nationale,NAAG_V,Part V: Households,2008,,2768552.93810906,,N,Ni corrigé des variations saisonnières ni corrigé des effets de calendrier,W,Monde,S1M,Les Ménages et ISBLSM,S1,Economie totale,_Z,Non applicable,B,Solde (recettes moins dépenses),B6N_R,"Revenu disponible réel des ménages, net",_Z,Non applicable,,,,,,,,,,,L,Volumes chaînés,N,Données non transformées,,,,,,,F,Libre (libre pour publication),2,Two,A,Valeur normale,6,Millions,ZAR,Rand
DATAFLOW,OECD.SDD.NAD:DSD_NAAG@DF_NAAG_V(1.0),NAAG Chapitre 5: Ménages,I,A,Annuelle,AUS,Australie,B6N_R_PPP_P31S14,"Revenu disponible net réel des ménages et des ISBLSM, déflaté par la consommation finale des ménages et des ISBLSM",XDC,Monnaie nationale,NAAG_V,Part V: Households,2009,,914772.681890356,,N,Ni corrigé des variations saisonnières ni corrigé des effets de calendrier,W,Monde,S1M,Les Ménages et ISBLSM,S1,Economie totale,_Z,Non applicable,B,Solde (recettes moins dépenses),B6N_R,"Revenu disponible réel des ménages, net",_Z,Non applicable,,,,,,,,,,,L,Volumes chaînés,N,Données non transformées,,,,,,,F,Libre (libre pour publication),2,Two,A,Valeur normale,6,Millions,AUD,Dollar australien
DATAFLOW,OECD.SDD.NAD:DSD_NAAG@DF_NAAG_V(1.0),NAAG Chapitre 5: Ménages,I,A,Annuelle,CAN,Canada,B6N_R_PPP_P31S14,"Revenu disponible net réel des ménages et des ISBLSM, déflaté par la consommation finale des ménages et des ISBLSM",XDC,Monnaie nationale,NAAG_V,Part V: Households,2009,,1054009.21007125,,N,Ni corrigé des variations saisonnières ni corrigé des effets de calendrier,W,Monde,S1M,Les Ménages et ISBLSM,S1,Economie totale,_Z,Non applicable,B,Solde (recettes moins dépenses),B6N_R,"Revenu disponible réel des ménages, net",_Z,Non applicable,,,,,,,,,,,L,Volumes chaînés,N,Données non transformées,,,,,,,F,Libre (libre pour publication),2,Two,A,Valeur normale,6,Millions,CAD,Dollar canadien
DATAFLOW,OECD.SDD.NAD:DSD_NAAG@DF_NAAG_V(1.0),NAAG Chapitre 5: Ménages,I,A,Annuelle,CHL,Chili,B6N_R_PPP_P31S14,"Revenu disponible net réel des ménages et des ISBLSM, déflaté par la consommation finale des ménages et des ISBLSM",XDC,Monnaie nationale,NAAG_V,Part V: Households,2009,,84328074.9637858,,N,Ni corrigé des variations saisonnières ni corrigé des effets de calendrier,W,Monde,S1M,Les Ménages et ISBLSM,S1,Economie totale,_Z,Non applicable,B,Solde (recettes moins dépenses),B6N_R,"Revenu disponible réel des ménages, net",_Z,Non applicable,,,,,,,,,,,L,Volumes chaînés,N,Données non transformées,,,,,,,F,Libre (libre pour publication),2,Two,A,Valeur normale,6,Millions,CLP,Peso chilien
DATAFLOW,OECD.SDD.NAD:DSD_NAAG@DF_NAAG_V(1.0),NAAG Chapitre 5: Ménages,I,A,Annuelle,COL,Colombie,B6N_R_PPP_P31S14,"Revenu disponible net réel des ménages et des ISBLSM, déflaté par la consommation finale des ménages et des ISBLSM",XDC,Monnaie nationale,NAAG_V,Part V: Households,2009,,556723213.600755,,N,Ni corrigé des variations saisonnières ni corrigé des effets de calendrier,W,Monde,S1M,Les Ménages et ISBLSM,S1,Economie totale,_Z,Non applicable,B,Solde (recettes moins dépenses),B6N_R,"Revenu disponible réel des ménages, net",_Z,Non applicable,,,,,,,,,,,L,Volumes chaînés,N,Données non transformées,,,,,,,F,Libre (libre pour publication),2,Two,A,Valeur normale,6,Millions,COP,Peso colombien
DATAFLOW,OECD.SDD.NAD:DSD_NAAG@DF_NAAG_V(1.0),NAAG Chapitre 5: Ménages,I,A,Annuelle,CZE,Tchéquie,B6N_R_PPP_P31S14,"Revenu disponible net réel des ménages et des ISBLSM, déflaté par la consommation finale des ménages et des ISBLSM",XDC,Monnaie nationale,NAAG_V,Part V: Households,2009,,2532264.22532958,,N,Ni corrigé des variations saisonnières ni corrigé des effets de calendrier,W,Monde,S1M,Les Ménages et ISBLSM,S1,Economie totale,_Z,Non applicable,B,Solde (recettes moins dépenses),B6N_R,"Revenu disponible réel des ménages, net",_Z,Non applicable,,,,,,,,,,,L,Volumes chaînés,N,Données non transformées,,,,,,,F,Libre (libre pour publication),2,Two,A,Valeur normale,6,Millions,CZK,Couronne tchèque
DATAFLOW,OECD.SDD.NAD:DSD_NAAG@DF_NAAG_V(1.0),NAAG Chapitre 5: Ménages,I,A,Annuelle,DNK,Danemark,B6N_R_PPP_P31S14,"Revenu disponible net réel des ménages et des ISBLSM, déflaté par la consommation finale des ménages et des ISBLSM",XDC,Monnaie nationale,NAAG_V,Part V: Households,2009,,840053.40794783,,N,Ni corrigé des variations saisonnières ni corrigé des effets de calendrier,W,Monde,S1M,Les Ménages et ISBLSM,S1,Economie totale,_Z,Non applicable,B,Solde (recettes moins dépenses),B6N_R,"Revenu disponible réel des ménages, net",_Z,Non applicable,,,,,,,,,,,L,Volumes chaînés,N,Données non transformées,,,,,,,F,Libre (libre pour publication),2,Two,A,Valeur normale,6,Millions,DKK,Couronne danoise
DATAFLOW,OECD.SDD.NAD:DSD_NAAG@DF_NAAG_V(1.0),NAAG Chapitre 5: Ménages,I,A,Annuelle,HUN,Hongrie,B6N_R_PPP_P31S14,"Revenu disponible net réel des ménages et des ISBLSM, déflaté par la consommation finale des ménages et des ISBLSM",XDC,Monnaie nationale,NAAG_V,Part V: Households,2009,,19514481.8261844,,N,Ni corrigé des variations saisonnières ni corrigé des effets de calendrier,W,Monde,S1M,Les Ménages et ISBLSM,S1,Economie totale,_Z,Non applicable,B,Solde (recettes moins dépenses),B6N_R,"Revenu disponible réel des ménages, net",_Z,Non applicable,,,,,,,,,,,L,Volumes chaînés,N,Données non transformées,,,,,,,F,Libre (libre pour publication),2,Two,A,Valeur normale,6,Millions,HUF,Forint
DATAFLOW,OECD.SDD.NAD:DSD_NAAG@DF_NAAG_V(1.0),NAAG Chapitre 5: Ménages,I,A,Annuelle,JPN,Japon,B6N_R_PPP_P31S14,"Revenu disponible net réel des ménages et des ISBLSM, déflaté par la consommation finale des ménages et des ISBLSM",XDC,Monnaie nationale,NAAG_V,Part V: Households,2009,,302713484.128883,,N,Ni corrigé des variations saisonnières ni corrigé des effets de calendrier,W,Monde,S1M,Les Ménages et ISBLSM,S1,Economie totale,_Z,Non applicable,B,Solde (recettes moins dépenses),B6N_R,"Revenu disponible réel des ménages, net",_Z,Non applicable,,,,,,,,,,,L,Volumes chaînés,N,Données non transformées,,,,,,,F,Libre (libre pour publication),2,Two,A,Valeur normale,6,Millions,JPY,Yen
DATAFLOW,OECD.SDD.NAD:DSD_NAAG@DF_NAAG_V(1.0),NAAG Chapitre 5: Ménages,I,A,Annuelle,KOR,Corée,B6N_R_PPP_P31S14,"Revenu disponible net réel des ménages et des ISBLSM, déflaté par la consommation finale des ménages et des ISBLSM",XDC,Monnaie nationale,NAAG_V,Part V: Households,2009,,810703764.55149,,N,Ni corrigé des variations saisonnières ni corrigé des effets de calendrier,W,Monde,S1M,Les Ménages et ISBLSM,S1,Economie totale,_Z,Non applicable,B,Solde (recettes moins dépenses),B6N_R,"Revenu disponible réel des ménages, net",_Z,Non applicable,,,,,,,,,,,L,Volumes chaînés,N,Données non transformées,,,,,,,F,Libre (libre pour publication),2,Two,A,Valeur normale,6,Millions,KRW,Won
DATAFLOW,OECD.SDD.NAD:DSD_NAAG@DF_NAAG_V(1.0),NAAG Chapitre 5: Ménages,I,A,Annuelle,MEX,Mexique,B6N_R_PPP_P31S14,"Revenu disponible net réel des ménages et des ISBLSM, déflaté par la consommation finale des ménages et des ISBLSM",XDC,Monnaie nationale,NAAG_V,Part V: Households,2009,,14175291.5236546,,N,Ni corrigé des variations saisonnières ni corrigé des effets de calendrier,W,Monde,S1M,Les Ménages et ISBLSM,S1,Economie totale,_Z,Non applicable,B,Solde (recettes moins dépenses),B6N_R,"Revenu disponible réel des ménages, net",_Z,Non applicable,,,,,,,,,,,L,Volumes chaînés,N,Données non transformées,,,,,,,F,Libre (libre pour publication),2,Two,A,Valeur normale,6,Millions,MXN,Peso mexicain
DATAFLOW,OECD.SDD.NAD:DSD_NAAG@DF_NAAG_V(1.0),NAAG Chapitre 5: Ménages,I,A,Annuelle,NZL,Nouvelle-Zélande,B6N_R_PPP_P31S14,"Revenu disponible net réel des ménages et des ISBLSM, déflaté par la consommation finale des ménages et des ISBLSM",XDC,Monnaie nationale,NAAG_V,Part V: Households,2009,,131171.188412025,,N,Ni corrigé des variations saisonnières ni corrigé des effets de calendrier,W,Monde,S1M,Les Ménages et ISBLSM,S1,Economie totale,_Z,Non applicable,B,Solde (recettes moins dépenses),B6N_R,"Revenu disponible réel des ménages, net",_Z,Non applicable,,,,,,,,,,,L,Volumes chaînés,N,Données non transformées,,,,,,,F,Libre (libre pour publication),2,Two,A,Valeur normale,6,Millions,NZD,Dollar néo-zélandais
DATAFLOW,OECD.SDD.NAD:DSD_NAAG@DF_NAAG_V(1.0),NAAG Chapitre 5: Ménages,I,A,Annuelle,NOR,Norvège,B6N_R_PPP_P31S14,"Revenu disponible net réel des ménages et des ISBLSM, déflaté par la consommation finale des ménages et des ISBLSM",XDC,Monnaie nationale,NAAG_V,Part V: Households,2009,,1263177.90583028,,N,Ni corrigé des variations saisonnières ni corrigé des effets de calendrier,W,Monde,S1M,Les Ménages et ISBLSM,S1,Economie totale,_Z,Non applicable,B,Solde (recettes moins dépenses),B6N_R,"Revenu disponible réel des ménages, net",_Z,Non applicable,,,,,,,,,,,L,Volumes chaînés,N,Données non transformées,,,,,,,F,Libre (libre pour publication),2,Two,A,Valeur normale,6,Millions,NOK,Couronne norvégienne
DATAFLOW,OECD.SDD.NAD:DSD_NAAG@DF_NAAG_V(1.0),NAAG Chapitre 5: Ménages,I,A,Annuelle,POL,Pologne,B6N_R_PPP_P31S14,"Revenu disponible net réel des ménages et des ISBLSM, déflaté par la consommation finale des ménages et des ISBLSM",XDC,Monnaie nationale,NAAG_V,Part V: Households,2009,,1028119.70191619,,N,Ni corrigé des variations saisonnières ni corrigé des effets de calendrier,W,Monde,S1M,Les Ménages et ISBLSM,S1,Economie totale,_Z,Non applicable,B,Solde (recettes moins dépenses),B6N_R,"Revenu disponible réel des ménages, net",_Z,Non applicable,,,,,,,,,,,L,Volumes chaînés,N,Données non transformées,,,,,,,F,Libre (libre pour publication),2,Two,A,Valeur normale,6,Millions,PLN,Zloty
DATAFLOW,OECD.SDD.NAD:DSD_NAAG@DF_NAAG_V(1.0),NAAG Chapitre 5: Ménages,I,A,Annuelle,SWE,Suède,B6N_R_PPP_P31S14,"Revenu disponible net réel des ménages et des ISBLSM, déflaté par la consommation finale des ménages et des ISBLSM",XDC,Monnaie nationale,NAAG_V,Part V: Households,2009,,1888243.74674846,,N,Ni corrigé des variations saisonnières ni corrigé des effets de calendrier,W,Monde,S1M,Les Ménages et ISBLSM,S1,Economie totale,_Z,Non applicable,B,Solde (recettes moins dépenses),B6N_R,"Revenu disponible réel des ménages, net",_Z,Non applicable,,,,,,,,,,,L,Volumes chaînés,N,Données non transformées,,,,,,,F,Libre (libre pour publication),2,Two,A,Valeur normale,6,Millions,SEK,Couronne suédoise
DATAFLOW,OECD.SDD.NAD:DSD_NAAG@DF_NAAG_V(1.0),NAAG Chapitre 5: Ménages,I,A,Annuelle,CHE,Suisse,B6N_R_PPP_P31S14,"Revenu disponible net réel des ménages et des ISBLSM, déflaté par la consommation finale des ménages et des ISBLSM",XDC,Monnaie nationale,NAAG_V,Part V: Households,2009,,353197.724240912,,N,Ni corrigé des variations saisonnières ni corrigé des effets de calendrier,W,Monde,S1M,Les Ménages et ISBLSM,S1,Economie totale,_Z,Non applicable,B,Solde (recettes moins dépenses),B6N_R,"Revenu disponible réel des ménages, net",_Z,Non applicable,,,,,,,,,,,L,Volumes chaînés,N,Données non transformées,,,,,,,F,Libre (libre pour publication),2,Two,A,Valeur normale,6,Millions,CHF,Franc suisse
DATAFLOW,OECD.SDD.NAD:DSD_NAAG@DF_NAAG_V(1.0),NAAG Chapitre 5: Ménages,I,A,Annuelle,GBR,Royaume-Uni,B6N_R_PPP_P31S14,"Revenu disponible net réel des ménages et des ISBLSM, déflaté par la consommation finale des ménages et des ISBLSM",XDC,Monnaie nationale,NAAG_V,Part V: Households,2009,,1170210.88507368,,N,Ni corrigé des variations saisonnières ni corrigé des effets de calendrier,W,Monde,S1M,Les Ménages et ISBLSM,S1,Economie totale,_Z,Non applicable,B,Solde (recettes moins dépenses),B6N_R,"Revenu disponible réel des ménages, net",_Z,Non applicable,,,,,,,,,,,L,Volumes chaînés,N,Données non transformées,,,,,,,F,Libre (libre pour publication),2,Two,A,Valeur normale,6,Millions,GBP,Livre sterling
DATAFLOW,OECD.SDD.NAD:DSD_NAAG@DF_NAAG_V(1.0),NAAG Chapitre 5: Ménages,I,A,Annuelle,BRA,Brésil,B6N_R_PPP_P31S14,"Revenu disponible net réel des ménages et des ISBLSM, déflaté par la consommation finale des ménages et des ISBLSM",XDC,Monnaie nationale,NAAG_V,Part V: Households,2009,,4523031.53540234,,N,Ni corrigé des variations saisonnières ni corrigé des effets de calendrier,W,Monde,S1M,Les Ménages et ISBLSM,S1,Economie totale,_Z,Non applicable,B,Solde (recettes moins dépenses),B6N_R,"Revenu disponible réel des ménages, net",_Z,Non applicable,,,,,,,,,,,L,Volumes chaînés,N,Données non transformées,,,,,,,F,Libre (libre pour publication),2,Two,A,Valeur normale,6,Millions,BRL,Réal brésilien
DATAFLOW,OECD.SDD.NAD:DSD_NAAG@DF_NAAG_V(1.0),NAAG Chapitre 5: Ménages,I,A,Annuelle,ZAF,Afrique du Sud,B6N_R_PPP_P31S14,"Revenu disponible net réel des ménages et des ISBLSM, déflaté par la consommation finale des ménages et des ISBLSM",XDC,Monnaie nationale,NAAG_V,Part V: Households,2009,,2781413.72581741,,N,Ni corrigé des variations saisonnières ni corrigé des effets de calendrier,W,Monde,S1M,Les Ménages et ISBLSM,S1,Economie totale,_Z,Non applicable,B,Solde (recettes moins dépenses),B6N_R,"Revenu disponible réel des ménages, net",_Z,Non applicable,,,,,,,,,,,L,Volumes chaînés,N,Données non transformées,,,,,,,F,Libre (libre pour publication),2,Two,A,Valeur normale,6,Millions,ZAR,Rand
DATAFLOW,OECD.SDD.NAD:DSD_NAAG@DF_NAAG_V(1.0),NAAG Chapitre 5: Ménages,I,A,Annuelle,AUS,Australie,B6N_R_PPP_P31S14,"Revenu disponible net réel des ménages et des ISBLSM, déflaté par la consommation finale des ménages et des ISBLSM",XDC,Monnaie nationale,NAAG_V,Part V: Households,2010,,969761.76221063,,N,Ni corrigé des variations saisonnières ni corrigé des effets de calendrier,W,Monde,S1M,Les Ménages et ISBLSM,S1,Economie totale,_Z,Non applicable,B,Solde (recettes moins dépenses),B6N_R,"Revenu disponible réel des ménages, net",_Z,Non applicable,,,,,,,,,,,L,Volumes chaînés,N,Données non transformées,,,,,,,F,Libre (libre pour publication),2,Two,A,Valeur normale,6,Millions,AUD,Dollar australien
DATAFLOW,OECD.SDD.NAD:DSD_NAAG@DF_NAAG_V(1.0),NAAG Chapitre 5: Ménages,I,A,Annuelle,CAN,Canada,B6N_R_PPP_P31S14,"Revenu disponible net réel des ménages et des ISBLSM, déflaté par la consommation finale des ménages et des ISBLSM",XDC,Monnaie nationale,NAAG_V,Part V: Households,2010,,1091180.5300969,,N,Ni corrigé des variations saisonnières ni corrigé des effets de calendrier,W,Monde,S1M,Les Ménages et ISBLSM,S1,Economie totale,_Z,Non applicable,B,Solde (recettes moins dépenses),B6N_R,"Revenu disponible réel des ménages, net",_Z,Non applicable,,,,,,,,,,,L,Volumes chaînés,N,Données non transformées,,,,,,,F,Libre (libre pour publication),2,Two,A,Valeur normale,6,Millions,CAD,Dollar canadien
DATAFLOW,OECD.SDD.NAD:DSD_NAAG@DF_NAAG_V(1.0),NAAG Chapitre 5: Ménages,I,A,Annuelle,CHL,Chili,B6N_R_PPP_P31S14,"Revenu disponible net réel des ménages et des ISBLSM, déflaté par la consommation finale des ménages et des ISBLSM",XDC,Monnaie nationale,NAAG_V,Part V: Households,2010,,91900255.675142,,N,Ni corrigé des variations saisonnières ni corrigé des effets de calendrier,W,Monde,S1M,Les Ménages et ISBLSM,S1,Economie totale,_Z,Non applicable,B,Solde (recettes moins dépenses),B6N_R,"Revenu disponible réel des ménages, net",_Z,Non applicable,,,,,,,,,,,L,Volumes chaînés,N,Données non transformées,,,,,,,F,Libre (libre pour publication),2,Two,A,Valeur normale,6,Millions,CLP,Peso chilien
DATAFLOW,OECD.SDD.NAD:DSD_NAAG@DF_NAAG_V(1.0),NAAG Chapitre 5: Ménages,I,A,Annuelle,COL,Colombie,B6N_R_PPP_P31S14,"Revenu disponible net réel des ménages et des ISBLSM, déflaté par la consommation finale des ménages et des ISBLSM",XDC,Monnaie nationale,NAAG_V,Part V: Households,2010,,580826618.320057,,N,Ni corrigé des variations saisonnières ni corrigé des effets de calendrier,W,Monde,S1M,Les Ménages et ISBLSM,S1,Economie totale,_Z,Non applicable,B,Solde (recettes moins dépenses),B6N_R,"Revenu disponible réel des ménages, net",_Z,Non applicable,,,,,,,,,,,L,Volumes chaînés,N,Données non transformées,,,,,,,F,Libre (libre pour publication),2,Two,A,Valeur normale,6,Millions,COP,Peso colombien
DATAFLOW,OECD.SDD.NAD:DSD_NAAG@DF_NAAG_V(1.0),NAAG Chapitre 5: Ménages,I,A,Annuelle,CZE,Tchéquie,B6N_R_PPP_P31S14,"Revenu disponible net réel des ménages et des ISBLSM, déflaté par la consommation finale des ménages et des ISBLSM",XDC,Monnaie nationale,NAAG_V,Part V: Households,2010,,2557421.35679694,,N,Ni corrigé des variations saisonnières ni corrigé des effets de calendrier,W,Monde,S1M,Les Ménages et ISBLSM,S1,Economie totale,_Z,Non applicable,B,Solde (recettes moins dépenses),B6N_R,"Revenu disponible réel des ménages, net",_Z,Non applicable,,,,,,,,,,,L,Volumes chaînés,N,Données non transformées,,,,,,,F,Libre (libre pour publication),2,Two,A,Valeur normale,6,Millions,CZK,Couronne tchèque
DATAFLOW,OECD.SDD.NAD:DSD_NAAG@DF_NAAG_V(1.0),NAAG Chapitre 5: Ménages,I,A,Annuelle,DNK,Danemark,B6N_R_PPP_P31S14,"Revenu disponible net réel des ménages et des ISBLSM, déflaté par la consommation finale des ménages et des ISBLSM",XDC,Monnaie nationale,NAAG_V,Part V: Households,2010,,863732.833264322,,N,Ni corrigé des variations saisonnières ni corrigé des effets de calendrier,W,Monde,S1M,Les Ménages et ISBLSM,S1,Economie totale,_Z,Non applicable,B,Solde (recettes moins dépenses),B6N_R,"Revenu disponible réel des ménages, net",_Z,Non applicable,,,,,,,,,,,L,Volumes chaînés,N,Données non transformées,,,,,,,F,Libre (libre pour publication),2,Two,A,Valeur normale,6,Millions,DKK,Couronne danoise
DATAFLOW,OECD.SDD.NAD:DSD_NAAG@DF_NAAG_V(1.0),NAAG Chapitre 5: Ménages,I,A,Annuelle,HUN,Hongrie,B6N_R_PPP_P31S14,"Revenu disponible net réel des ménages et des ISBLSM, déflaté par la consommation finale des ménages et des ISBLSM",XDC,Monnaie nationale,NAAG_V,Part V: Households,2010,,19462307.5254344,,N,Ni corrigé des variations saisonnières ni corrigé des effets de calendrier,W,Monde,S1M,Les Ménages et ISBLSM,S1,Economie totale,_Z,Non applicable,B,Solde (recettes moins dépenses),B6N_R,"Revenu disponible réel des ménages, net",_Z,Non applicable,,,,,,,,,,,L,Volumes chaînés,N,Données non transformées,,,,,,,F,Libre (libre pour publication),2,Two,A,Valeur normale,6,Millions,HUF,Forint
DATAFLOW,OECD.SDD.NAD:DSD_NAAG@DF_NAAG_V(1.0),NAAG Chapitre 5: Ménages,I,A,Annuelle,JPN,Japon,B6N_R_PPP_P31S14,"Revenu disponible net réel des ménages et des ISBLSM, déflaté par la consommation finale des ménages et des ISBLSM",XDC,Monnaie nationale,NAAG_V,Part V: Households,2010,,306578005.217341,,N,Ni corrigé des variations saisonnières ni corrigé des effets de calendrier,W,Monde,S1M,Les Ménages et ISBLSM,S1,Economie totale,_Z,Non applicable,B,Solde (recettes moins dépenses),B6N_R,"Revenu disponible réel des ménages, net",_Z,Non applicable,,,,,,,,,,,L,Volumes chaînés,N,Données non transformées,,,,,,,F,Libre (libre pour publication),2,Two,A,Valeur normale,6,Millions,JPY,Yen
DATAFLOW,OECD.SDD.NAD:DSD_NAAG@DF_NAAG_V(1.0),NAAG Chapitre 5: Ménages,I,A,Annuelle,KOR,Corée,B6N_R_PPP_P31S14,"Revenu disponible net réel des ménages et des ISBLSM, déflaté par la consommation finale des ménages et des ISBLSM",XDC,Monnaie nationale,NAAG_V,Part V: Households,2010,,842733721.672617,,N,Ni corrigé des variations saisonnières ni corrigé des effets de calendrier,W,Monde,S1M,Les Ménages et ISBLSM,S1,Economie totale,_Z,Non applicable,B,Solde (recettes moins dépenses),B6N_R,"Revenu disponible réel des ménages, net",_Z,Non applicable,,,,,,,,,,,L,Volumes chaînés,N,Données non transformées,,,,,,,F,Libre (libre pour publication),2,Two,A,Valeur normale,6,Millions,KRW,Won
DATAFLOW,OECD.SDD.NAD:DSD_NAAG@DF_NAAG_V(1.0),NAAG Chapitre 5: Ménages,I,A,Annuelle,MEX,Mexique,B6N_R_PPP_P31S14,"Revenu disponible net réel des ménages et des ISBLSM, déflaté par la consommation finale des ménages et des ISBLSM",XDC,Monnaie nationale,NAAG_V,Part V: Households,2010,,14496271.4148084,,N,Ni corrigé des variations saisonnières ni corrigé des effets de calendrier,W,Monde,S1M,Les Ménages et ISBLSM,S1,Economie totale,_Z,Non applicable,B,Solde (recettes moins dépenses),B6N_R,"Revenu disponible réel des ménages, net",_Z,Non applicable,,,,,,,,,,,L,Volumes chaînés,N,Données non transformées,,,,,,,F,Libre (libre pour publication),2,Two,A,Valeur normale,6,Millions,MXN,Peso mexicain
DATAFLOW,OECD.SDD.NAD:DSD_NAAG@DF_NAAG_V(1.0),NAAG Chapitre 5: Ménages,I,A,Annuelle,NZL,Nouvelle-Zélande,B6N_R_PPP_P31S14,"Revenu disponible net réel des ménages et des ISBLSM, déflaté par la consommation finale des ménages et des ISBLSM",XDC,Monnaie nationale,NAAG_V,Part V: Households,2010,,135011.316858064,,N,Ni corrigé des variations saisonnières ni corrigé des effets de calendrier,W,Monde,S1M,Les Ménages et ISBLSM,S1,Economie totale,_Z,Non applicable,B,Solde (recettes moins dépenses),B6N_R,"Revenu disponible réel des ménages, net",_Z,Non applicable,,,,,,,,,,,L,Volumes chaînés,N,Données non transformées,,,,,,,F,Libre (libre pour publication),2,Two,A,Valeur normale,6,Millions,NZD,Dollar néo-zélandais
DATAFLOW,OECD.SDD.NAD:DSD_NAAG@DF_NAAG_V(1.0),NAAG Chapitre 5: Ménages,I,A,Annuelle,NOR,Norvège,B6N_R_PPP_P31S14,"Revenu disponible net réel des ménages et des ISBLSM, déflaté par la consommation finale des ménages et des ISBLSM",XDC,Monnaie nationale,NAAG_V,Part V: Households,2010,,1298763.88980607,,N,Ni corrigé des variations saisonnières ni corrigé des effets de calendrier,W,Monde,S1M,Les Ménages et ISBLSM,S1,Economie totale,_Z,Non applicable,B,Solde (recettes moins dépenses),B6N_R,"Revenu disponible réel des ménages, net",_Z,Non applicable,,,,,,,,,,,L,Volumes chaînés,N,Données non transformées,,,,,,,F,Libre (libre pour publication),2,Two,A,Valeur normale,6,Millions,NOK,Couronne norvégienne
DATAFLOW,OECD.SDD.NAD:DSD_NAAG@DF_NAAG_V(1.0),NAAG Chapitre 5: Ménages,I,A,Annuelle,POL,Pologne,B6N_R_PPP_P31S14,"Revenu disponible net réel des ménages et des ISBLSM, déflaté par la consommation finale des ménages et des ISBLSM",XDC,Monnaie nationale,NAAG_V,Part V: Households,2010,,1070542.18378731,,N,Ni corrigé des variations saisonnières ni corrigé des effets de calendrier,W,Monde,S1M,Les Ménages et ISBLSM,S1,Economie totale,_Z,Non applicable,B,Solde (recettes moins dépenses),B6N_R,"Revenu disponible réel des ménages, net",_Z,Non applicable,,,,,,,,,,,L,Volumes chaînés,N,Données non transformées,,,,,,,F,Libre (libre pour publication),2,Two,A,Valeur normale,6,Millions,PLN,Zloty
DATAFLOW,OECD.SDD.NAD:DSD_NAAG@DF_NAAG_V(1.0),NAAG Chapitre 5: Ménages,I,A,Annuelle,SWE,Suède,B6N_R_PPP_P31S14,"Revenu disponible net réel des ménages et des ISBLSM, déflaté par la consommation finale des ménages et des ISBLSM",XDC,Monnaie nationale,NAAG_V,Part V: Households,2010,,1945980.63716994,,N,Ni corrigé des variations saisonnières ni corrigé des effets de calendrier,W,Monde,S1M,Les Ménages et ISBLSM,S1,Economie totale,_Z,Non applicable,B,Solde (recettes moins dépenses),B6N_R,"Revenu disponible réel des ménages, net",_Z,Non applicable,,,,,,,,,,,L,Volumes chaînés,N,Données non transformées,,,,,,,F,Libre (libre pour publication),2,Two,A,Valeur normale,6,Millions,SEK,Couronne suédoise
DATAFLOW,OECD.SDD.NAD:DSD_NAAG@DF_NAAG_V(1.0),NAAG Chapitre 5: Ménages,I,A,Annuelle,CHE,Suisse,B6N_R_PPP_P31S14,"Revenu disponible net réel des ménages et des ISBLSM, déflaté par la consommation finale des ménages et des ISBLSM",XDC,Monnaie nationale,NAAG_V,Part V: Households,2010,,359529.299620062,,N,Ni corrigé des variations saisonnières ni corrigé des effets de calendrier,W,Monde,S1M,Les Ménages et ISBLSM,S1,Economie totale,_Z,Non applicable,B,Solde (recettes moins dépenses),B6N_R,"Revenu disponible réel des ménages, net",_Z,Non applicable,,,,,,,,,,,L,Volumes chaînés,N,Données non transformées,,,,,,,F,Libre (libre pour publication),2,Two,A,Valeur normale,6,Millions,CHF,Franc suisse
DATAFLOW,OECD.SDD.NAD:DSD_NAAG@DF_NAAG_V(1.0),NAAG Chapitre 5: Ménages,I,A,Annuelle,GBR,Royaume-Uni,B6N_R_PPP_P31S14,"Revenu disponible net réel des ménages et des ISBLSM, déflaté par la consommation finale des ménages et des ISBLSM",XDC,Monnaie nationale,NAAG_V,Part V: Households,2010,,1181436.73463997,,N,Ni corrigé des variations saisonnières ni corrigé des effets de calendrier,W,Monde,S1M,Les Ménages et ISBLSM,S1,Economie totale,_Z,Non applicable,B,Solde (recettes moins dépenses),B6N_R,"Revenu disponible réel des ménages, net",_Z,Non applicable,,,,,,,,,,,L,Volumes chaînés,N,Données non transformées,,,,,,,F,Libre (libre pour publication),2,Two,A,Valeur normale,6,Millions,GBP,Livre sterling
DATAFLOW,OECD.SDD.NAD:DSD_NAAG@DF_NAAG_V(1.0),NAAG Chapitre 5: Ménages,I,A,Annuelle,BRA,Brésil,B6N_R_PPP_P31S14,"Revenu disponible net réel des ménages et des ISBLSM, déflaté par la consommation finale des ménages et des ISBLSM",XDC,Monnaie nationale,NAAG_V,Part V: Households,2010,,4801931.87871759,,N,Ni corrigé des variations saisonnières ni corrigé des effets de calendrier,W,Monde,S1M,Les Ménages et ISBLSM,S1,Economie totale,_Z,Non applicable,B,Solde (recettes moins dépenses),B6N_R,"Revenu disponible réel des ménages, net",_Z,Non applicable,,,,,,,,,,,L,Volumes chaînés,N,Données non transformées,,,,,,,F,Libre (libre pour publication),2,Two,A,Valeur normale,6,Millions,BRL,Réal brésilien
DATAFLOW,OECD.SDD.NAD:DSD_NAAG@DF_NAAG_V(1.0),NAAG Chapitre 5: Ménages,I,A,Annuelle,ZAF,Afrique du Sud,B6N_R_PPP_P31S14,"Revenu disponible net réel des ménages et des ISBLSM, déflaté par la consommation finale des ménages et des ISBLSM",XDC,Monnaie nationale,NAAG_V,Part V: Households,2010,,2949478.4465472,,N,Ni corrigé des variations saisonnières ni corrigé des effets de calendrier,W,Monde,S1M,Les Ménages et ISBLSM,S1,Economie totale,_Z,Non applicable,B,Solde (recettes moins dépenses),B6N_R,"Revenu disponible réel des ménages, net",_Z,Non applicable,,,,,,,,,,,L,Volumes chaînés,N,Données non transformées,,,,,,,F,Libre (libre pour publication),2,Two,A,Valeur normale,6,Millions,ZAR,Rand
DATAFLOW,OECD.SDD.NAD:DSD_NAAG@DF_NAAG_V(1.0),NAAG Chapitre 5: Ménages,I,A,Annuelle,AUS,Australie,B6N_R_PPP_P31S14,"Revenu disponible net réel des ménages et des ISBLSM, déflaté par la consommation finale des ménages et des ISBLSM",XDC,Monnaie nationale,NAAG_V,Part V: Households,2011,,1003922.73549586,,N,Ni corrigé des variations saisonnières ni corrigé des effets de calendrier,W,Monde,S1M,Les Ménages et ISBLSM,S1,Economie totale,_Z,Non applicable,B,Solde (recettes moins dépenses),B6N_R,"Revenu disponible réel des ménages, net",_Z,Non applicable,,,,,,,,,,,L,Volumes chaînés,N,Données non transformées,,,,,,,F,Libre (libre pour publication),2,Two,A,Valeur normale,6,Millions,AUD,Dollar australien
DATAFLOW,OECD.SDD.NAD:DSD_NAAG@DF_NAAG_V(1.0),NAAG Chapitre 5: Ménages,I,A,Annuelle,CAN,Canada,B6N_R_PPP_P31S14,"Revenu disponible net réel des ménages et des ISBLSM, déflaté par la consommation finale des ménages et des ISBLSM",XDC,Monnaie nationale,NAAG_V,Part V: Households,2011,,1106625.24144582,,N,Ni corrigé des variations saisonnières ni corrigé des effets de calendrier,W,Monde,S1M,Les Ménages et ISBLSM,S1,Economie totale,_Z,Non applicable,B,Solde (recettes moins dépenses),B6N_R,"Revenu disponible réel des ménages, net",_Z,Non applicable,,,,,,,,,,,L,Volumes chaînés,N,Données non transformées,,,,,,,F,Libre (libre pour publication),2,Two,A,Valeur normale,6,Millions,CAD,Dollar canadien
DATAFLOW,OECD.SDD.NAD:DSD_NAAG@DF_NAAG_V(1.0),NAAG Chapitre 5: Ménages,I,A,Annuelle,CHL,Chili,B6N_R_PPP_P31S14,"Revenu disponible net réel des ménages et des ISBLSM, déflaté par la consommation finale des ménages et des ISBLSM",XDC,Monnaie nationale,NAAG_V,Part V: Households,2011,,100850881.866767,,N,Ni corrigé des variations saisonnières ni corrigé des effets de calendrier,W,Monde,S1M,Les Ménages et ISBLSM,S1,Economie totale,_Z,Non applicable,B,Solde (recettes moins dépenses),B6N_R,"Revenu disponible réel des ménages, net",_Z,Non applicable,,,,,,,,,,,L,Volumes chaînés,N,Données non transformées,,,,,,,F,Libre (libre pour publication),2,Two,A,Valeur normale,6,Millions,CLP,Peso chilien
DATAFLOW,OECD.SDD.NAD:DSD_NAAG@DF_NAAG_V(1.0),NAAG Chapitre 5: Ménages,I,A,Annuelle,COL,Colombie,B6N_R_PPP_P31S14,"Revenu disponible net réel des ménages et des ISBLSM, déflaté par la consommation finale des ménages et des ISBLSM",XDC,Monnaie nationale,NAAG_V,Part V: Households,2011,,607401092.843705,,N,Ni corrigé des variations saisonnières ni corrigé des effets de calendrier,W,Monde,S1M,Les Ménages et ISBLSM,S1,Economie totale,_Z,Non applicable,B,Solde (recettes moins dépenses),B6N_R,"Revenu disponible réel des ménages, net",_Z,Non applicable,,,,,,,,,,,L,Volumes chaînés,N,Données non transformées,,,,,,,F,Libre (libre pour publication),2,Two,A,Valeur normale,6,Millions,COP,Peso colombien
DATAFLOW,OECD.SDD.NAD:DSD_NAAG@DF_NAAG_V(1.0),NAAG Chapitre 5: Ménages,I,A,Annuelle,CZE,Tchéquie,B6N_R_PPP_P31S14,"Revenu disponible net réel des ménages et des ISBLSM, déflaté par la consommation finale des ménages et des ISBLSM",XDC,Monnaie nationale,NAAG_V,Part V: Households,2011,,2543926.33391769,,N,Ni corrigé des variations saisonnières ni corrigé des effets de calendrier,W,Monde,S1M,Les Ménages et ISBLSM,S1,Economie totale,_Z,Non applicable,B,Solde (recettes moins dépenses),B6N_R,"Revenu disponible réel des ménages, net",_Z,Non applicable,,,,,,,,,,,L,Volumes chaînés,N,Données non transformées,,,,,,,F,Libre (libre pour publication),2,Two,A,Valeur normale,6,Millions,CZK,Couronne tchèque
DATAFLOW,OECD.SDD.NAD:DSD_NAAG@DF_NAAG_V(1.0),NAAG Chapitre 5: Ménages,I,A,Annuelle,DNK,Danemark,B6N_R_PPP_P31S14,"Revenu disponible net réel des ménages et des ISBLSM, déflaté par la consommation finale des ménages et des ISBLSM",XDC,Monnaie nationale,NAAG_V,Part V: Households,2011,,880192.277153423,,N,Ni corrigé des variations saisonnières ni corrigé des effets de calendrier,W,Monde,S1M,Les Ménages et ISBLSM,S1,Economie totale,_Z,Non applicable,B,Solde (recettes moins dépenses),B6N_R,"Revenu disponible réel des ménages, net",_Z,Non applicable,,,,,,,,,,,L,Volumes chaînés,N,Données non transformées,,,,,,,F,Libre (libre pour publication),2,Two,A,Valeur normale,6,Millions,DKK,Couronne danoise
DATAFLOW,OECD.SDD.NAD:DSD_NAAG@DF_NAAG_V(1.0),NAAG Chapitre 5: Ménages,I,A,Annuelle,HUN,Hongrie,B6N_R_PPP_P31S14,"Revenu disponible net réel des ménages et des ISBLSM, déflaté par la consommation finale des ménages et des ISBLSM",XDC,Monnaie nationale,NAAG_V,Part V: Households,2011,,20243489.3168416,,N,Ni corrigé des variations saisonnières ni corrigé des effets de calendrier,W,Monde,S1M,Les Ménages et ISBLSM,S1,Economie totale,_Z,Non applicable,B,Solde (recettes moins dépenses),B6N_R,"Revenu disponible réel des ménages, net",_Z,Non applicable,,,,,,,,,,,L,Volumes chaînés,N,Données non transformées,,,,,,,F,Libre (libre pour publication),2,Two,A,Valeur normale,6,Millions,HUF,Forint
DATAFLOW,OECD.SDD.NAD:DSD_NAAG@DF_NAAG_V(1.0),NAAG Chapitre 5: Ménages,I,A,Annuelle,JPN,Japon,B6N_R_PPP_P31S14,"Revenu disponible net réel des ménages et des ISBLSM, déflaté par la consommation finale des ménages et des ISBLSM",XDC,Monnaie nationale,NAAG_V,Part V: Households,2011,,305972615.3671,,N,Ni corrigé des variations saisonnières ni corrigé des effets de calendrier,W,Monde,S1M,Les Ménages et ISBLSM,S1,Economie totale,_Z,Non applicable,B,Solde (recettes moins dépenses),B6N_R,"Revenu disponible réel des ménages, net",_Z,Non applicable,,,,,,,,,,,L,Volumes chaînés,N,Données non transformées,,,,,,,F,Libre (libre pour publication),2,Two,A,Valeur normale,6,Millions,JPY,Yen
DATAFLOW,OECD.SDD.NAD:DSD_NAAG@DF_NAAG_V(1.0),NAAG Chapitre 5: Ménages,I,A,Annuelle,KOR,Corée,B6N_R_PPP_P31S14,"Revenu disponible net réel des ménages et des ISBLSM, déflaté par la consommation finale des ménages et des ISBLSM",XDC,Monnaie nationale,NAAG_V,Part V: Households,2011,,860999525.220686,,N,Ni corrigé des variations saisonnières ni corrigé des effets de calendrier,W,Monde,S1M,Les Ménages et ISBLSM,S1,Economie totale,_Z,Non applicable,B,Solde (recettes moins dépenses),B6N_R,"Revenu disponible réel des ménages, net",_Z,Non applicable,,,,,,,,,,,L,Volumes chaînés,N,Données non transformées,,,,,,,F,Libre (libre pour publication),2,Two,A,Valeur normale,6,Millions,KRW,Won
DATAFLOW,OECD.SDD.NAD:DSD_NAAG@DF_NAAG_V(1.0),NAAG Chapitre 5: Ménages,I,A,Annuelle,MEX,Mexique,B6N_R_PPP_P31S14,"Revenu disponible net réel des ménages et des ISBLSM, déflaté par la consommation finale des ménages et des ISBLSM",XDC,Monnaie nationale,NAAG_V,Part V: Households,2011,,15616379.8085141,,N,Ni corrigé des variations saisonnières ni corrigé des effets de calendrier,W,Monde,S1M,Les Ménages et ISBLSM,S1,Economie totale,_Z,Non applicable,B,Solde (recettes moins dépenses),B6N_R,"Revenu disponible réel des ménages, net",_Z,Non applicable,,,,,,,,,,,L,Volumes chaînés,N,Données non transformées,,,,,,,F,Libre (libre pour publication),2,Two,A,Valeur normale,6,Millions,MXN,Peso mexicain
DATAFLOW,OECD.SDD.NAD:DSD_NAAG@DF_NAAG_V(1.0),NAAG Chapitre 5: Ménages,I,A,Annuelle,NZL,Nouvelle-Zélande,B6N_R_PPP_P31S14,"Revenu disponible net réel des ménages et des ISBLSM, déflaté par la consommation finale des ménages et des ISBLSM",XDC,Monnaie nationale,NAAG_V,Part V: Households,2011,,140123.524870752,,N,Ni corrigé des variations saisonnières ni corrigé des effets de calendrier,W,Monde,S1M,Les Ménages et ISBLSM,S1,Economie totale,_Z,Non applicable,B,Solde (recettes moins dépenses),B6N_R,"Revenu disponible réel des ménages, net",_Z,Non applicable,,,,,,,,,,,L,Volumes chaînés,N,Données non transformées,,,,,,,F,Libre (libre pour publication),2,Two,A,Valeur normale,6,Millions,NZD,Dollar néo-zélandais
DATAFLOW,OECD.SDD.NAD:DSD_NAAG@DF_NAAG_V(1.0),NAAG Chapitre 5: Ménages,I,A,Annuelle,NOR,Norvège,B6N_R_PPP_P31S14,"Revenu disponible net réel des ménages et des ISBLSM, déflaté par la consommation finale des ménages et des ISBLSM",XDC,Monnaie nationale,NAAG_V,Part V: Households,2011,,1355177.70157977,,N,Ni corrigé des variations saisonnières ni corrigé des effets de calendrier,W,Monde,S1M,Les Ménages et ISBLSM,S1,Economie totale,_Z,Non applicable,B,Solde (recettes moins dépenses),B6N_R,"Revenu disponible réel des ménages, net",_Z,Non applicable,,,,,,,,,,,L,Volumes chaînés,N,Données non transformées,,,,,,,F,Libre (libre pour publication),2,Two,A,Valeur normale,6,Millions,NOK,Couronne norvégienne
DATAFLOW,OECD.SDD.NAD:DSD_NAAG@DF_NAAG_V(1.0),NAAG Chapitre 5: Ménages,I,A,Annuelle,POL,Pologne,B6N_R_PPP_P31S14,"Revenu disponible net réel des ménages et des ISBLSM, déflaté par la consommation finale des ménages et des ISBLSM",XDC,Monnaie nationale,NAAG_V,Part V: Households,2011,,1075991.06294553,,N,Ni corrigé des variations saisonnières ni corrigé des effets de calendrier,W,Monde,S1M,Les Ménages et ISBLSM,S1,Economie totale,_Z,Non applicable,B,Solde (recettes moins dépenses),B6N_R,"Revenu disponible réel des ménages, net",_Z,Non applicable,,,,,,,,,,,L,Volumes chaînés,N,Données non transformées,,,,,,,F,Libre (libre pour publication),2,Two,A,Valeur normale,6,Millions,PLN,Zloty
DATAFLOW,OECD.SDD.NAD:DSD_NAAG@DF_NAAG_V(1.0),NAAG Chapitre 5: Ménages,I,A,Annuelle,SWE,Suède,B6N_R_PPP_P31S14,"Revenu disponible net réel des ménages et des ISBLSM, déflaté par la consommation finale des ménages et des ISBLSM",XDC,Monnaie nationale,NAAG_V,Part V: Households,2011,,2014809.93165889,,N,Ni corrigé des variations saisonnières ni corrigé des effets de calendrier,W,Monde,S1M,Les Ménages et ISBLSM,S1,Economie totale,_Z,Non applicable,B,Solde (recettes moins dépenses),B6N_R,"Revenu disponible réel des ménages, net",_Z,Non applicable,,,,,,,,,,,L,Volumes chaînés,N,Données non transformées,,,,,,,F,Libre (libre pour publication),2,Two,A,Valeur normale,6,Millions,SEK,Couronne suédoise
DATAFLOW,OECD.SDD.NAD:DSD_NAAG@DF_NAAG_V(1.0),NAAG Chapitre 5: Ménages,I,A,Annuelle,CHE,Suisse,B6N_R_PPP_P31S14,"Revenu disponible net réel des ménages et des ISBLSM, déflaté par la consommation finale des ménages et des ISBLSM",XDC,Monnaie nationale,NAAG_V,Part V: Households,2011,,363669.798476296,,N,Ni corrigé des variations saisonnières ni corrigé des effets de calendrier,W,Monde,S1M,Les Ménages et ISBLSM,S1,Economie totale,_Z,Non applicable,B,Solde (recettes moins dépenses),B6N_R,"Revenu disponible réel des ménages, net",_Z,Non applicable,,,,,,,,,,,L,Volumes chaînés,N,Données non transformées,,,,,,,F,Libre (libre pour publication),2,Two,A,Valeur normale,6,Millions,CHF,Franc suisse
DATAFLOW,OECD.SDD.NAD:DSD_NAAG@DF_NAAG_V(1.0),NAAG Chapitre 5: Ménages,I,A,Annuelle,GBR,Royaume-Uni,B6N_R_PPP_P31S14,"Revenu disponible net réel des ménages et des ISBLSM, déflaté par la consommation finale des ménages et des ISBLSM",XDC,Monnaie nationale,NAAG_V,Part V: Households,2011,,1151315.05317018,,N,Ni corrigé des variations saisonnières ni corrigé des effets de calendrier,W,Monde,S1M,Les Ménages et ISBLSM,S1,Economie totale,_Z,Non applicable,B,Solde (recettes moins dépenses),B6N_R,"Revenu disponible réel des ménages, net",_Z,Non applicable,,,,,,,,,,,L,Volumes chaînés,N,Données non transformées,,,,,,,F,Libre (libre pour publication),2,Two,A,Valeur normale,6,Millions,GBP,Livre sterling
DATAFLOW,OECD.SDD.NAD:DSD_NAAG@DF_NAAG_V(1.0),NAAG Chapitre 5: Ménages,I,A,Annuelle,BRA,Brésil,B6N_R_PPP_P31S14,"Revenu disponible net réel des ménages et des ISBLSM, déflaté par la consommation finale des ménages et des ISBLSM",XDC,Monnaie nationale,NAAG_V,Part V: Households,2011,,5059873.73350731,,N,Ni corrigé des variations saisonnières ni corrigé des effets de calendrier,W,Monde,S1M,Les Ménages et ISBLSM,S1,Economie totale,_Z,Non applicable,B,Solde (recettes moins dépenses),B6N_R,"Revenu disponible réel des ménages, net",_Z,Non applicable,,,,,,,,,,,L,Volumes chaînés,N,Données non transformées,,,,,,,F,Libre (libre pour publication),2,Two,A,Valeur normale,6,Millions,BRL,Réal brésilien
DATAFLOW,OECD.SDD.NAD:DSD_NAAG@DF_NAAG_V(1.0),NAAG Chapitre 5: Ménages,I,A,Annuelle,ZAF,Afrique du Sud,B6N_R_PPP_P31S14,"Revenu disponible net réel des ménages et des ISBLSM, déflaté par la consommation finale des ménages et des ISBLSM",XDC,Monnaie nationale,NAAG_V,Part V: Households,2011,,3020804.79096019,,N,Ni corrigé des variations saisonnières ni corrigé des effets de calendrier,W,Monde,S1M,Les Ménages et ISBLSM,S1,Economie totale,_Z,Non applicable,B,Solde (recettes moins dépenses),B6N_R,"Revenu disponible réel des ménages, net",_Z,Non applicable,,,,,,,,,,,L,Volumes chaînés,N,Données non transformées,,,,,,,F,Libre (libre pour publication),2,Two,A,Valeur normale,6,Millions,ZAR,Rand
DATAFLOW,OECD.SDD.NAD:DSD_NAAG@DF_NAAG_V(1.0),NAAG Chapitre 5: Ménages,I,A,Annuelle,AUS,Australie,B6N_R_PPP_P31S14,"Revenu disponible net réel des ménages et des ISBLSM, déflaté par la consommation finale des ménages et des ISBLSM",XDC,Monnaie nationale,NAAG_V,Part V: Households,2012,,1007310.41301469,,N,Ni corrigé des variations saisonnières ni corrigé des effets de calendrier,W,Monde,S1M,Les Ménages et ISBLSM,S1,Economie totale,_Z,Non applicable,B,Solde (recettes moins dépenses),B6N_R,"Revenu disponible réel des ménages, net",_Z,Non applicable,,,,,,,,,,,L,Volumes chaînés,N,Données non transformées,,,,,,,F,Libre (libre pour publication),2,Two,A,Valeur normale,6,Millions,AUD,Dollar australien
DATAFLOW,OECD.SDD.NAD:DSD_NAAG@DF_NAAG_V(1.0),NAAG Chapitre 5: Ménages,I,A,Annuelle,CAN,Canada,B6N_R_PPP_P31S14,"Revenu disponible net réel des ménages et des ISBLSM, déflaté par la consommation finale des ménages et des ISBLSM",XDC,Monnaie nationale,NAAG_V,Part V: Households,2012,,1135682.71095914,,N,Ni corrigé des variations saisonnières ni corrigé des effets de calendrier,W,Monde,S1M,Les Ménages et ISBLSM,S1,Economie totale,_Z,Non applicable,B,Solde (recettes moins dépenses),B6N_R,"Revenu disponible réel des ménages, net",_Z,Non applicable,,,,,,,,,,,L,Volumes chaînés,N,Données non transformées,,,,,,,F,Libre (libre pour publication),2,Two,A,Valeur normale,6,Millions,CAD,Dollar canadien
DATAFLOW,OECD.SDD.NAD:DSD_NAAG@DF_NAAG_V(1.0),NAAG Chapitre 5: Ménages,I,A,Annuelle,CHL,Chili,B6N_R_PPP_P31S14,"Revenu disponible net réel des ménages et des ISBLSM, déflaté par la consommation finale des ménages et des ISBLSM",XDC,Monnaie nationale,NAAG_V,Part V: Households,2012,,110688424.444472,,N,Ni corrigé des variations saisonnières ni corrigé des effets de calendrier,W,Monde,S1M,Les Ménages et ISBLSM,S1,Economie totale,_Z,Non applicable,B,Solde (recettes moins dépenses),B6N_R,"Revenu disponible réel des ménages, net",_Z,Non applicable,,,,,,,,,,,L,Volumes chaînés,N,Données non transformées,,,,,,,F,Libre (libre pour publication),2,Two,A,Valeur normale,6,Millions,CLP,Peso chilien
DATAFLOW,OECD.SDD.NAD:DSD_NAAG@DF_NAAG_V(1.0),NAAG Chapitre 5: Ménages,I,A,Annuelle,COL,Colombie,B6N_R_PPP_P31S14,"Revenu disponible net réel des ménages et des ISBLSM, déflaté par la consommation finale des ménages et des ISBLSM",XDC,Monnaie nationale,NAAG_V,Part V: Households,2012,,641224143.911063,,N,Ni corrigé des variations saisonnières ni corrigé des effets de calendrier,W,Monde,S1M,Les Ménages et ISBLSM,S1,Economie totale,_Z,Non applicable,B,Solde (recettes moins dépenses),B6N_R,"Revenu disponible réel des ménages, net",_Z,Non applicable,,,,,,,,,,,L,Volumes chaînés,N,Données non transformées,,,,,,,F,Libre (libre pour publication),2,Two,A,Valeur normale,6,Millions,COP,Peso colombien
DATAFLOW,OECD.SDD.NAD:DSD_NAAG@DF_NAAG_V(1.0),NAAG Chapitre 5: Ménages,I,A,Annuelle,CRI,Costa Rica,B6N_R_PPP_P31S14,"Revenu disponible net réel des ménages et des ISBLSM, déflaté par la consommation finale des ménages et des ISBLSM",XDC,Monnaie nationale,NAAG_V,Part V: Households,2012,,18593154.4791427,,N,Ni corrigé des variations saisonnières ni corrigé des effets de calendrier,W,Monde,S1M,Les Ménages et ISBLSM,S1,Economie totale,_Z,Non applicable,B,Solde (recettes moins dépenses),B6N_R,"Revenu disponible réel des ménages, net",_Z,Non applicable,,,,,,,,,,,L,Volumes chaînés,N,Données non transformées,,,,,,,F,Libre (libre pour publication),2,Two,A,Valeur normale,6,Millions,CRC,Côlon de Costa Rica
DATAFLOW,OECD.SDD.NAD:DSD_NAAG@DF_NAAG_V(1.0),NAAG Chapitre 5: Ménages,I,A,Annuelle,CZE,Tchéquie,B6N_R_PPP_P31S14,"Revenu disponible net réel des ménages et des ISBLSM, déflaté par la consommation finale des ménages et des ISBLSM",XDC,Monnaie nationale,NAAG_V,Part V: Households,2012,,2536355.73608001,,N,Ni corrigé des variations saisonnières ni corrigé des effets de calendrier,W,Monde,S1M,Les Ménages et ISBLSM,S1,Economie totale,_Z,Non applicable,B,Solde (recettes moins dépenses),B6N_R,"Revenu disponible réel des ménages, net",_Z,Non applicable,,,,,,,,,,,L,Volumes chaînés,N,Données non transformées,,,,,,,F,Libre (libre pour publication),2,Two,A,Valeur normale,6,Millions,CZK,Couronne tchèque
DATAFLOW,OECD.SDD.NAD:DSD_NAAG@DF_NAAG_V(1.0),NAAG Chapitre 5: Ménages,I,A,Annuelle,DNK,Danemark,B6N_R_PPP_P31S14,"Revenu disponible net réel des ménages et des ISBLSM, déflaté par la consommation finale des ménages et des ISBLSM",XDC,Monnaie nationale,NAAG_V,Part V: Households,2012,,873944.88568155,,N,Ni corrigé des variations saisonnières ni corrigé des effets de calendrier,W,Monde,S1M,Les Ménages et ISBLSM,S1,Economie totale,_Z,Non applicable,B,Solde (recettes moins dépenses),B6N_R,"Revenu disponible réel des ménages, net",_Z,Non applicable,,,,,,,,,,,L,Volumes chaînés,N,Données non transformées,,,,,,,F,Libre (libre pour publication),2,Two,A,Valeur normale,6,Millions,DKK,Couronne danoise
DATAFLOW,OECD.SDD.NAD:DSD_NAAG@DF_NAAG_V(1.0),NAAG Chapitre 5: Ménages,I,A,Annuelle,HUN,Hongrie,B6N_R_PPP_P31S14,"Revenu disponible net réel des ménages et des ISBLSM, déflaté par la consommation finale des ménages et des ISBLSM",XDC,Monnaie nationale,NAAG_V,Part V: Households,2012,,19644598.7640431,,N,Ni corrigé des variations saisonnières ni corrigé des effets de calendrier,W,Monde,S1M,Les Ménages et ISBLSM,S1,Economie totale,_Z,Non applicable,B,Solde (recettes moins dépenses),B6N_R,"Revenu disponible réel des ménages, net",_Z,Non applicable,,,,,,,,,,,L,Volumes chaînés,N,Données non transformées,,,,,,,F,Libre (libre pour publication),2,Two,A,Valeur normale,6,Millions,HUF,Forint
DATAFLOW,OECD.SDD.NAD:DSD_NAAG@DF_NAAG_V(1.0),NAAG Chapitre 5: Ménages,I,A,Annuelle,JPN,Japon,B6N_R_PPP_P31S14,"Revenu disponible net réel des ménages et des ISBLSM, déflaté par la consommation finale des ménages et des ISBLSM",XDC,Monnaie nationale,NAAG_V,Part V: Households,2012,,308685252.722602,,N,Ni corrigé des variations saisonnières ni corrigé des effets de calendrier,W,Monde,S1M,Les Ménages et ISBLSM,S1,Economie totale,_Z,Non applicable,B,Solde (recettes moins dépenses),B6N_R,"Revenu disponible réel des ménages, net",_Z,Non applicable,,,,,,,,,,,L,Volumes chaînés,N,Données non transformées,,,,,,,F,Libre (libre pour publication),2,Two,A,Valeur normale,6,Millions,JPY,Yen
DATAFLOW,OECD.SDD.NAD:DSD_NAAG@DF_NAAG_V(1.0),NAAG Chapitre 5: Ménages,I,A,Annuelle,KOR,Corée,B6N_R_PPP_P31S14,"Revenu disponible net réel des ménages et des ISBLSM, déflaté par la consommation finale des ménages et des ISBLSM",XDC,Monnaie nationale,NAAG_V,Part V: Households,2012,,878314930.245108,,N,Ni corrigé des variations saisonnières ni corrigé des effets de calendrier,W,Monde,S1M,Les Ménages et ISBLSM,S1,Economie totale,_Z,Non applicable,B,Solde (recettes moins dépenses),B6N_R,"Revenu disponible réel des ménages, net",_Z,Non applicable,,,,,,,,,,,L,Volumes chaînés,N,Données non transformées,,,,,,,F,Libre (libre pour publication),2,Two,A,Valeur normale,6,Millions,KRW,Won
DATAFLOW,OECD.SDD.NAD:DSD_NAAG@DF_NAAG_V(1.0),NAAG Chapitre 5: Ménages,I,A,Annuelle,MEX,Mexique,B6N_R_PPP_P31S14,"Revenu disponible net réel des ménages et des ISBLSM, déflaté par la consommation finale des ménages et des ISBLSM",XDC,Monnaie nationale,NAAG_V,Part V: Households,2012,,15596153.7275677,,N,Ni corrigé des variations saisonnières ni corrigé des effets de calendrier,W,Monde,S1M,Les Ménages et ISBLSM,S1,Economie totale,_Z,Non applicable,B,Solde (recettes moins dépenses),B6N_R,"Revenu disponible réel des ménages, net",_Z,Non applicable,,,,,,,,,,,L,Volumes chaînés,N,Données non transformées,,,,,,,F,Libre (libre pour publication),2,Two,A,Valeur normale,6,Millions,MXN,Peso mexicain
DATAFLOW,OECD.SDD.NAD:DSD_NAAG@DF_NAAG_V(1.0),NAAG Chapitre 5: Ménages,I,A,Annuelle,NZL,Nouvelle-Zélande,B6N_R_PPP_P31S14,"Revenu disponible net réel des ménages et des ISBLSM, déflaté par la consommation finale des ménages et des ISBLSM",XDC,Monnaie nationale,NAAG_V,Part V: Households,2012,,141107.516135407,,N,Ni corrigé des variations saisonnières ni corrigé des effets de calendrier,W,Monde,S1M,Les Ménages et ISBLSM,S1,Economie totale,_Z,Non applicable,B,Solde (recettes moins dépenses),B6N_R,"Revenu disponible réel des ménages, net",_Z,Non applicable,,,,,,,,,,,L,Volumes chaînés,N,Données non transformées,,,,,,,F,Libre (libre pour publication),2,Two,A,Valeur normale,6,Millions,NZD,Dollar néo-zélandais
DATAFLOW,OECD.SDD.NAD:DSD_NAAG@DF_NAAG_V(1.0),NAAG Chapitre 5: Ménages,I,A,Annuelle,NOR,Norvège,B6N_R_PPP_P31S14,"Revenu disponible net réel des ménages et des ISBLSM, déflaté par la consommation finale des ménages et des ISBLSM",XDC,Monnaie nationale,NAAG_V,Part V: Households,2012,,1415573.34353232,,N,Ni corrigé des variations saisonnières ni corrigé des effets de calendrier,W,Monde,S1M,Les Ménages et ISBLSM,S1,Economie totale,_Z,Non applicable,B,Solde (recettes moins dépenses),B6N_R,"Revenu disponible réel des ménages, net",_Z,Non applicable,,,,,,,,,,,L,Volumes chaînés,N,Données non transformées,,,,,,,F,Libre (libre pour publication),2,Two,A,Valeur normale,6,Millions,NOK,Couronne norvégienne
DATAFLOW,OECD.SDD.NAD:DSD_NAAG@DF_NAAG_V(1.0),NAAG Chapitre 5: Ménages,I,A,Annuelle,POL,Pologne,B6N_R_PPP_P31S14,"Revenu disponible net réel des ménages et des ISBLSM, déflaté par la consommation finale des ménages et des ISBLSM",XDC,Monnaie nationale,NAAG_V,Part V: Households,2012,,1090610.55957866,,N,Ni corrigé des variations saisonnières ni corrigé des effets de calendrier,W,Monde,S1M,Les Ménages et ISBLSM,S1,Economie totale,_Z,Non applicable,B,Solde (recettes moins dépenses),B6N_R,"Revenu disponible réel des ménages, net",_Z,Non applicable,,,,,,,,,,,L,Volumes chaînés,N,Données non transformées,,,,,,,F,Libre (libre pour publication),2,Two,A,Valeur normale,6,Millions,PLN,Zloty
DATAFLOW,OECD.SDD.NAD:DSD_NAAG@DF_NAAG_V(1.0),NAAG Chapitre 5: Ménages,I,A,Annuelle,SWE,Suède,B6N_R_PPP_P31S14,"Revenu disponible net réel des ménages et des ISBLSM, déflaté par la consommation finale des ménages et des ISBLSM",XDC,Monnaie nationale,NAAG_V,Part V: Households,2012,,2099904.41682082,,N,Ni corrigé des variations saisonnières ni corrigé des effets de calendrier,W,Monde,S1M,Les Ménages et ISBLSM,S1,Economie totale,_Z,Non applicable,B,Solde (recettes moins dépenses),B6N_R,"Revenu disponible réel des ménages, net",_Z,Non applicable,,,,,,,,,,,L,Volumes chaînés,N,Données non transformées,,,,,,,F,Libre (libre pour publication),2,Two,A,Valeur normale,6,Millions,SEK,Couronne suédoise
DATAFLOW,OECD.SDD.NAD:DSD_NAAG@DF_NAAG_V(1.0),NAAG Chapitre 5: Ménages,I,A,Annuelle,CHE,Suisse,B6N_R_PPP_P31S14,"Revenu disponible net réel des ménages et des ISBLSM, déflaté par la consommation finale des ménages et des ISBLSM",XDC,Monnaie nationale,NAAG_V,Part V: Households,2012,,373677.156784469,,N,Ni corrigé des variations saisonnières ni corrigé des effets de calendrier,W,Monde,S1M,Les Ménages et ISBLSM,S1,Economie totale,_Z,Non applicable,B,Solde (recettes moins dépenses),B6N_R,"Revenu disponible réel des ménages, net",_Z,Non applicable,,,,,,,,,,,L,Volumes chaînés,N,Données non transformées,,,,,,,F,Libre (libre pour publication),2,Two,A,Valeur normale,6,Millions,CHF,Franc suisse
DATAFLOW,OECD.SDD.NAD:DSD_NAAG@DF_NAAG_V(1.0),NAAG Chapitre 5: Ménages,I,A,Annuelle,GBR,Royaume-Uni,B6N_R_PPP_P31S14,"Revenu disponible net réel des ménages et des ISBLSM, déflaté par la consommation finale des ménages et des ISBLSM",XDC,Monnaie nationale,NAAG_V,Part V: Households,2012,,1178904.61474841,,N,Ni corrigé des variations saisonnières ni corrigé des effets de calendrier,W,Monde,S1M,Les Ménages et ISBLSM,S1,Economie totale,_Z,Non applicable,B,Solde (recettes moins dépenses),B6N_R,"Revenu disponible réel des ménages, net",_Z,Non applicable,,,,,,,,,,,L,Volumes chaînés,N,Données non transformées,,,,,,,F,Libre (libre pour publication),2,Two,A,Valeur normale,6,Millions,GBP,Livre sterling
DATAFLOW,OECD.SDD.NAD:DSD_NAAG@DF_NAAG_V(1.0),NAAG Chapitre 5: Ménages,I,A,Annuelle,BRA,Brésil,B6N_R_PPP_P31S14,"Revenu disponible net réel des ménages et des ISBLSM, déflaté par la consommation finale des ménages et des ISBLSM",XDC,Monnaie nationale,NAAG_V,Part V: Households,2012,,5222777.43193994,,N,Ni corrigé des variations saisonnières ni corrigé des effets de calendrier,W,Monde,S1M,Les Ménages et ISBLSM,S1,Economie totale,_Z,Non applicable,B,Solde (recettes moins dépenses),B6N_R,"Revenu disponible réel des ménages, net",_Z,Non applicable,,,,,,,,,,,L,Volumes chaînés,N,Données non transformées,,,,,,,F,Libre (libre pour publication),2,Two,A,Valeur normale,6,Millions,BRL,Réal brésilien
DATAFLOW,OECD.SDD.NAD:DSD_NAAG@DF_NAAG_V(1.0),NAAG Chapitre 5: Ménages,I,A,Annuelle,ZAF,Afrique du Sud,B6N_R_PPP_P31S14,"Revenu disponible net réel des ménages et des ISBLSM, déflaté par la consommation finale des ménages et des ISBLSM",XDC,Monnaie nationale,NAAG_V,Part V: Households,2012,,3095381.07764542,,N,Ni corrigé des variations saisonnières ni corrigé des effets de calendrier,W,Monde,S1M,Les Ménages et ISBLSM,S1,Economie totale,_Z,Non applicable,B,Solde (recettes moins dépenses),B6N_R,"Revenu disponible réel des ménages, net",_Z,Non applicable,,,,,,,,,,,L,Volumes chaînés,N,Données non transformées,,,,,,,F,Libre (libre pour publication),2,Two,A,Valeur normale,6,Millions,ZAR,Rand
DATAFLOW,OECD.SDD.NAD:DSD_NAAG@DF_NAAG_V(1.0),NAAG Chapitre 5: Ménages,I,A,Annuelle,AUS,Australie,B6N_R_PPP_P31S14,"Revenu disponible net réel des ménages et des ISBLSM, déflaté par la consommation finale des ménages et des ISBLSM",XDC,Monnaie nationale,NAAG_V,Part V: Households,2013,,1039875.70961076,,N,Ni corrigé des variations saisonnières ni corrigé des effets de calendrier,W,Monde,S1M,Les Ménages et ISBLSM,S1,Economie totale,_Z,Non applicable,B,Solde (recettes moins dépenses),B6N_R,"Revenu disponible réel des ménages, net",_Z,Non applicable,,,,,,,,,,,L,Volumes chaînés,N,Données non transformées,,,,,,,F,Libre (libre pour publication),2,Two,A,Valeur normale,6,Millions,AUD,Dollar australien
DATAFLOW,OECD.SDD.NAD:DSD_NAAG@DF_NAAG_V(1.0),NAAG Chapitre 5: Ménages,I,A,Annuelle,CAN,Canada,B6N_R_PPP_P31S14,"Revenu disponible net réel des ménages et des ISBLSM, déflaté par la consommation finale des ménages et des ISBLSM",XDC,Monnaie nationale,NAAG_V,Part V: Households,2013,,1170784.97991224,,N,Ni corrigé des variations saisonnières ni corrigé des effets de calendrier,W,Monde,S1M,Les Ménages et ISBLSM,S1,Economie totale,_Z,Non applicable,B,Solde (recettes moins dépenses),B6N_R,"Revenu disponible réel des ménages, net",_Z,Non applicable,,,,,,,,,,,L,Volumes chaînés,N,Données non transformées,,,,,,,F,Libre (libre pour publication),2,Two,A,Valeur normale,6,Millions,CAD,Dollar canadien
DATAFLOW,OECD.SDD.NAD:DSD_NAAG@DF_NAAG_V(1.0),NAAG Chapitre 5: Ménages,I,A,Annuelle,CHL,Chili,B6N_R_PPP_P31S14,"Revenu disponible net réel des ménages et des ISBLSM, déflaté par la consommation finale des ménages et des ISBLSM",XDC,Monnaie nationale,NAAG_V,Part V: Households,2013,,116049996.975968,,N,Ni corrigé des variations saisonnières ni corrigé des effets de calendrier,W,Monde,S1M,Les Ménages et ISBLSM,S1,Economie totale,_Z,Non applicable,B,Solde (recettes moins dépenses),B6N_R,"Revenu disponible réel des ménages, net",_Z,Non applicable,,,,,,,,,,,L,Volumes chaînés,N,Données non transformées,,,,,,,F,Libre (libre pour publication),2,Two,A,Valeur normale,6,Millions,CLP,Peso chilien
DATAFLOW,OECD.SDD.NAD:DSD_NAAG@DF_NAAG_V(1.0),NAAG Chapitre 5: Ménages,I,A,Annuelle,COL,Colombie,B6N_R_PPP_P31S14,"Revenu disponible net réel des ménages et des ISBLSM, déflaté par la consommation finale des ménages et des ISBLSM",XDC,Monnaie nationale,NAAG_V,Part V: Households,2013,,674544767.340184,,N,Ni corrigé des variations saisonnières ni corrigé des effets de calendrier,W,Monde,S1M,Les Ménages et ISBLSM,S1,Economie totale,_Z,Non applicable,B,Solde (recettes moins dépenses),B6N_R,"Revenu disponible réel des ménages, net",_Z,Non applicable,,,,,,,,,,,L,Volumes chaînés,N,Données non transformées,,,,,,,F,Libre (libre pour publication),2,Two,A,Valeur normale,6,Millions,COP,Peso colombien
DATAFLOW,OECD.SDD.NAD:DSD_NAAG@DF_NAAG_V(1.0),NAAG Chapitre 5: Ménages,I,A,Annuelle,CRI,Costa Rica,B6N_R_PPP_P31S14,"Revenu disponible net réel des ménages et des ISBLSM, déflaté par la consommation finale des ménages et des ISBLSM",XDC,Monnaie nationale,NAAG_V,Part V: Households,2013,,19095546.0400379,,N,Ni corrigé des variations saisonnières ni corrigé des effets de calendrier,W,Monde,S1M,Les Ménages et ISBLSM,S1,Economie totale,_Z,Non applicable,B,Solde (recettes moins dépenses),B6N_R,"Revenu disponible réel des ménages, net",_Z,Non applicable,,,,,,,,,,,L,Volumes chaînés,N,Données non transformées,,,,,,,F,Libre (libre pour publication),2,Two,A,Valeur normale,6,Millions,CRC,Côlon de Costa Rica
DATAFLOW,OECD.SDD.NAD:DSD_NAAG@DF_NAAG_V(1.0),NAAG Chapitre 5: Ménages,I,A,Annuelle,CZE,Tchéquie,B6N_R_PPP_P31S14,"Revenu disponible net réel des ménages et des ISBLSM, déflaté par la consommation finale des ménages et des ISBLSM",XDC,Monnaie nationale,NAAG_V,Part V: Households,2013,,2516137.91508334,,N,Ni corrigé des variations saisonnières ni corrigé des effets de calendrier,W,Monde,S1M,Les Ménages et ISBLSM,S1,Economie totale,_Z,Non applicable,B,Solde (recettes moins dépenses),B6N_R,"Revenu disponible réel des ménages, net",_Z,Non applicable,,,,,,,,,,,L,Volumes chaînés,N,Données non transformées,,,,,,,F,Libre (libre pour publication),2,Two,A,Valeur normale,6,Millions,CZK,Couronne tchèque
DATAFLOW,OECD.SDD.NAD:DSD_NAAG@DF_NAAG_V(1.0),NAAG Chapitre 5: Ménages,I,A,Annuelle,DNK,Danemark,B6N_R_PPP_P31S14,"Revenu disponible net réel des ménages et des ISBLSM, déflaté par la consommation finale des ménages et des ISBLSM",XDC,Monnaie nationale,NAAG_V,Part V: Households,2013,,875382.054366313,,N,Ni corrigé des variations saisonnières ni corrigé des effets de calendrier,W,Monde,S1M,Les Ménages et ISBLSM,S1,Economie totale,_Z,Non applicable,B,Solde (recettes moins dépenses),B6N_R,"Revenu disponible réel des ménages, net",_Z,Non applicable,,,,,,,,,,,L,Volumes chaînés,N,Données non transformées,,,,,,,F,Libre (libre pour publication),2,Two,A,Valeur normale,6,Millions,DKK,Couronne danoise
DATAFLOW,OECD.SDD.NAD:DSD_NAAG@DF_NAAG_V(1.0),NAAG Chapitre 5: Ménages,I,A,Annuelle,HUN,Hongrie,B6N_R_PPP_P31S14,"Revenu disponible net réel des ménages et des ISBLSM, déflaté par la consommation finale des ménages et des ISBLSM",XDC,Monnaie nationale,NAAG_V,Part V: Households,2013,,20070220.6608206,,N,Ni corrigé des variations saisonnières ni corrigé des effets de calendrier,W,Monde,S1M,Les Ménages et ISBLSM,S1,Economie totale,_Z,Non applicable,B,Solde (recettes moins dépenses),B6N_R,"Revenu disponible réel des ménages, net",_Z,Non applicable,,,,,,,,,,,L,Volumes chaînés,N,Données non transformées,,,,,,,F,Libre (libre pour publication),2,Two,A,Valeur normale,6,Millions,HUF,Forint
DATAFLOW,OECD.SDD.NAD:DSD_NAAG@DF_NAAG_V(1.0),NAAG Chapitre 5: Ménages,I,A,Annuelle,JPN,Japon,B6N_R_PPP_P31S14,"Revenu disponible net réel des ménages et des ISBLSM, déflaté par la consommation finale des ménages et des ISBLSM",XDC,Monnaie nationale,NAAG_V,Part V: Households,2013,,309442990.359621,,N,Ni corrigé des variations saisonnières ni corrigé des effets de calendrier,W,Monde,S1M,Les Ménages et ISBLSM,S1,Economie totale,_Z,Non applicable,B,Solde (recettes moins dépenses),B6N_R,"Revenu disponible réel des ménages, net",_Z,Non applicable,,,,,,,,,,,L,Volumes chaînés,N,Données non transformées,,,,,,,F,Libre (libre pour publication),2,Two,A,Valeur normale,6,Millions,JPY,Yen
DATAFLOW,OECD.SDD.NAD:DSD_NAAG@DF_NAAG_V(1.0),NAAG Chapitre 5: Ménages,I,A,Annuelle,KOR,Corée,B6N_R_PPP_P31S14,"Revenu disponible net réel des ménages et des ISBLSM, déflaté par la consommation finale des ménages et des ISBLSM",XDC,Monnaie nationale,NAAG_V,Part V: Households,2013,,908165489.376871,,N,Ni corrigé des variations saisonnières ni corrigé des effets de calendrier,W,Monde,S1M,Les Ménages et ISBLSM,S1,Economie totale,_Z,Non applicable,B,Solde (recettes moins dépenses),B6N_R,"Revenu disponible réel des ménages, net",_Z,Non applicable,,,,,,,,,,,L,Volumes chaînés,N,Données non transformées,,,,,,,F,Libre (libre pour publication),2,Two,A,Valeur normale,6,Millions,KRW,Won
DATAFLOW,OECD.SDD.NAD:DSD_NAAG@DF_NAAG_V(1.0),NAAG Chapitre 5: Ménages,I,A,Annuelle,MEX,Mexique,B6N_R_PPP_P31S14,"Revenu disponible net réel des ménages et des ISBLSM, déflaté par la consommation finale des ménages et des ISBLSM",XDC,Monnaie nationale,NAAG_V,Part V: Households,2013,,16000123.3323621,,N,Ni corrigé des variations saisonnières ni corrigé des effets de calendrier,W,Monde,S1M,Les Ménages et ISBLSM,S1,Economie totale,_Z,Non applicable,B,Solde (recettes moins dépenses),B6N_R,"Revenu disponible réel des ménages, net",_Z,Non applicable,,,,,,,,,,,L,Volumes chaînés,N,Données non transformées,,,,,,,F,Libre (libre pour publication),2,Two,A,Valeur normale,6,Millions,MXN,Peso mexicain
DATAFLOW,OECD.SDD.NAD:DSD_NAAG@DF_NAAG_V(1.0),NAAG Chapitre 5: Ménages,I,A,Annuelle,NZL,Nouvelle-Zélande,B6N_R_PPP_P31S14,"Revenu disponible net réel des ménages et des ISBLSM, déflaté par la consommation finale des ménages et des ISBLSM",XDC,Monnaie nationale,NAAG_V,Part V: Households,2013,,145650.697699366,,N,Ni corrigé des variations saisonnières ni corrigé des effets de calendrier,W,Monde,S1M,Les Ménages et ISBLSM,S1,Economie totale,_Z,Non applicable,B,Solde (recettes moins dépenses),B6N_R,"Revenu disponible réel des ménages, net",_Z,Non applicable,,,,,,,,,,,L,Volumes chaînés,N,Données non transformées,,,,,,,F,Libre (libre pour publication),2,Two,A,Valeur normale,6,Millions,NZD,Dollar néo-zélandais
DATAFLOW,OECD.SDD.NAD:DSD_NAAG@DF_NAAG_V(1.0),NAAG Chapitre 5: Ménages,I,A,Annuelle,NOR,Norvège,B6N_R_PPP_P31S14,"Revenu disponible net réel des ménages et des ISBLSM, déflaté par la consommation finale des ménages et des ISBLSM",XDC,Monnaie nationale,NAAG_V,Part V: Households,2013,,1472547.95559035,,N,Ni corrigé des variations saisonnières ni corrigé des effets de calendrier,W,Monde,S1M,Les Ménages et ISBLSM,S1,Economie totale,_Z,Non applicable,B,Solde (recettes moins dépenses),B6N_R,"Revenu disponible réel des ménages, net",_Z,Non applicable,,,,,,,,,,,L,Volumes chaînés,N,Données non transformées,,,,,,,F,Libre (libre pour publication),2,Two,A,Valeur normale,6,Millions,NOK,Couronne norvégienne
DATAFLOW,OECD.SDD.NAD:DSD_NAAG@DF_NAAG_V(1.0),NAAG Chapitre 5: Ménages,I,A,Annuelle,POL,Pologne,B6N_R_PPP_P31S14,"Revenu disponible net réel des ménages et des ISBLSM, déflaté par la consommation finale des ménages et des ISBLSM",XDC,Monnaie nationale,NAAG_V,Part V: Households,2013,,1100328.67415188,,N,Ni corrigé des variations saisonnières ni corrigé des effets de calendrier,W,Monde,S1M,Les Ménages et ISBLSM,S1,Economie totale,_Z,Non applicable,B,Solde (recettes moins dépenses),B6N_R,"Revenu disponible réel des ménages, net",_Z,Non applicable,,,,,,,,,,,L,Volumes chaînés,N,Données non transformées,,,,,,,F,Libre (libre pour publication),2,Two,A,Valeur normale,6,Millions,PLN,Zloty
DATAFLOW,OECD.SDD.NAD:DSD_NAAG@DF_NAAG_V(1.0),NAAG Chapitre 5: Ménages,I,A,Annuelle,SWE,Suède,B6N_R_PPP_P31S14,"Revenu disponible net réel des ménages et des ISBLSM, déflaté par la consommation finale des ménages et des ISBLSM",XDC,Monnaie nationale,NAAG_V,Part V: Households,2013,,2139084.69476507,,N,Ni corrigé des variations saisonnières ni corrigé des effets de calendrier,W,Monde,S1M,Les Ménages et ISBLSM,S1,Economie totale,_Z,Non applicable,B,Solde (recettes moins dépenses),B6N_R,"Revenu disponible réel des ménages, net",_Z,Non applicable,,,,,,,,,,,L,Volumes chaînés,N,Données non transformées,,,,,,,F,Libre (libre pour publication),2,Two,A,Valeur normale,6,Millions,SEK,Couronne suédoise
DATAFLOW,OECD.SDD.NAD:DSD_NAAG@DF_NAAG_V(1.0),NAAG Chapitre 5: Ménages,I,A,Annuelle,CHE,Suisse,B6N_R_PPP_P31S14,"Revenu disponible net réel des ménages et des ISBLSM, déflaté par la consommation finale des ménages et des ISBLSM",XDC,Monnaie nationale,NAAG_V,Part V: Households,2013,,384332.130670135,,N,Ni corrigé des variations saisonnières ni corrigé des effets de calendrier,W,Monde,S1M,Les Ménages et ISBLSM,S1,Economie totale,_Z,Non applicable,B,Solde (recettes moins dépenses),B6N_R,"Revenu disponible réel des ménages, net",_Z,Non applicable,,,,,,,,,,,L,Volumes chaînés,N,Données non transformées,,,,,,,F,Libre (libre pour publication),2,Two,A,Valeur normale,6,Millions,CHF,Franc suisse
DATAFLOW,OECD.SDD.NAD:DSD_NAAG@DF_NAAG_V(1.0),NAAG Chapitre 5: Ménages,I,A,Annuelle,GBR,Royaume-Uni,B6N_R_PPP_P31S14,"Revenu disponible net réel des ménages et des ISBLSM, déflaté par la consommation finale des ménages et des ISBLSM",XDC,Monnaie nationale,NAAG_V,Part V: Households,2013,,1200181.57480105,,N,Ni corrigé des variations saisonnières ni corrigé des effets de calendrier,W,Monde,S1M,Les Ménages et ISBLSM,S1,Economie totale,_Z,Non applicable,B,Solde (recettes moins dépenses),B6N_R,"Revenu disponible réel des ménages, net",_Z,Non applicable,,,,,,,,,,,L,Volumes chaînés,N,Données non transformées,,,,,,,F,Libre (libre pour publication),2,Two,A,Valeur normale,6,Millions,GBP,Livre sterling
DATAFLOW,OECD.SDD.NAD:DSD_NAAG@DF_NAAG_V(1.0),NAAG Chapitre 5: Ménages,I,A,Annuelle,BRA,Brésil,B6N_R_PPP_P31S14,"Revenu disponible net réel des ménages et des ISBLSM, déflaté par la consommation finale des ménages et des ISBLSM",XDC,Monnaie nationale,NAAG_V,Part V: Households,2013,,5447515.37473422,,N,Ni corrigé des variations saisonnières ni corrigé des effets de calendrier,W,Monde,S1M,Les Ménages et ISBLSM,S1,Economie totale,_Z,Non applicable,B,Solde (recettes moins dépenses),B6N_R,"Revenu disponible réel des ménages, net",_Z,Non applicable,,,,,,,,,,,L,Volumes chaînés,N,Données non transformées,,,,,,,F,Libre (libre pour publication),2,Two,A,Valeur normale,6,Millions,BRL,Réal brésilien
DATAFLOW,OECD.SDD.NAD:DSD_NAAG@DF_NAAG_V(1.0),NAAG Chapitre 5: Ménages,I,A,Annuelle,ZAF,Afrique du Sud,B6N_R_PPP_P31S14,"Revenu disponible net réel des ménages et des ISBLSM, déflaté par la consommation finale des ménages et des ISBLSM",XDC,Monnaie nationale,NAAG_V,Part V: Households,2013,,3158062.62981955,,N,Ni corrigé des variations saisonnières ni corrigé des effets de calendrier,W,Monde,S1M,Les Ménages et ISBLSM,S1,Economie totale,_Z,Non applicable,B,Solde (recettes moins dépenses),B6N_R,"Revenu disponible réel des ménages, net",_Z,Non applicable,,,,,,,,,,,L,Volumes chaînés,N,Données non transformées,,,,,,,F,Libre (libre pour publication),2,Two,A,Valeur normale,6,Millions,ZAR,Rand
DATAFLOW,OECD.SDD.NAD:DSD_NAAG@DF_NAAG_V(1.0),NAAG Chapitre 5: Ménages,I,A,Annuelle,AUS,Australie,B6N_R_PPP_P31S14,"Revenu disponible net réel des ménages et des ISBLSM, déflaté par la consommation finale des ménages et des ISBLSM",XDC,Monnaie nationale,NAAG_V,Part V: Households,2014,,1069888.55130915,,N,Ni corrigé des variations saisonnières ni corrigé des effets de calendrier,W,Monde,S1M,Les Ménages et ISBLSM,S1,Economie totale,_Z,Non applicable,B,Solde (recettes moins dépenses),B6N_R,"Revenu disponible réel des ménages, net",_Z,Non applicable,,,,,,,,,,,L,Volumes chaînés,N,Données non transformées,,,,,,,F,Libre (libre pour publication),2,Two,A,Valeur normale,6,Millions,AUD,Dollar australien
DATAFLOW,OECD.SDD.NAD:DSD_NAAG@DF_NAAG_V(1.0),NAAG Chapitre 5: Ménages,I,A,Annuelle,CAN,Canada,B6N_R_PPP_P31S14,"Revenu disponible net réel des ménages et des ISBLSM, déflaté par la consommation finale des ménages et des ISBLSM",XDC,Monnaie nationale,NAAG_V,Part V: Households,2014,,1185837.68726652,,N,Ni corrigé des variations saisonnières ni corrigé des effets de calendrier,W,Monde,S1M,Les Ménages et ISBLSM,S1,Economie totale,_Z,Non applicable,B,Solde (recettes moins dépenses),B6N_R,"Revenu disponible réel des ménages, net",_Z,Non applicable,,,,,,,,,,,L,Volumes chaînés,N,Données non transformées,,,,,,,F,Libre (libre pour publication),2,Two,A,Valeur normale,6,Millions,CAD,Dollar canadien
DATAFLOW,OECD.SDD.NAD:DSD_NAAG@DF_NAAG_V(1.0),NAAG Chapitre 5: Ménages,I,A,Annuelle,CHL,Chili,B6N_R_PPP_P31S14,"Revenu disponible net réel des ménages et des ISBLSM, déflaté par la consommation finale des ménages et des ISBLSM",XDC,Monnaie nationale,NAAG_V,Part V: Households,2014,,117447023.552981,,N,Ni corrigé des variations saisonnières ni corrigé des effets de calendrier,W,Monde,S1M,Les Ménages et ISBLSM,S1,Economie totale,_Z,Non applicable,B,Solde (recettes moins dépenses),B6N_R,"Revenu disponible réel des ménages, net",_Z,Non applicable,,,,,,,,,,,L,Volumes chaînés,N,Données non transformées,,,,,,,F,Libre (libre pour publication),2,Two,A,Valeur normale,6,Millions,CLP,Peso chilien
DATAFLOW,OECD.SDD.NAD:DSD_NAAG@DF_NAAG_V(1.0),NAAG Chapitre 5: Ménages,I,A,Annuelle,COL,Colombie,B6N_R_PPP_P31S14,"Revenu disponible net réel des ménages et des ISBLSM, déflaté par la consommation finale des ménages et des ISBLSM",XDC,Monnaie nationale,NAAG_V,Part V: Households,2014,,700784744.663143,,N,Ni corrigé des variations saisonnières ni corrigé des effets de calendrier,W,Monde,S1M,Les Ménages et ISBLSM,S1,Economie totale,_Z,Non applicable,B,Solde (recettes moins dépenses),B6N_R,"Revenu disponible réel des ménages, net",_Z,Non applicable,,,,,,,,,,,L,Volumes chaînés,N,Données non transformées,,,,,,,F,Libre (libre pour publication),2,Two,A,Valeur normale,6,Millions,COP,Peso colombien
DATAFLOW,OECD.SDD.NAD:DSD_NAAG@DF_NAAG_V(1.0),NAAG Chapitre 5: Ménages,I,A,Annuelle,CRI,Costa Rica,B6N_R_PPP_P31S14,"Revenu disponible net réel des ménages et des ISBLSM, déflaté par la consommation finale des ménages et des ISBLSM",XDC,Monnaie nationale,NAAG_V,Part V: Households,2014,,19790822.9867858,,N,Ni corrigé des variations saisonnières ni corrigé des effets de calendrier,W,Monde,S1M,Les Ménages et ISBLSM,S1,Economie totale,_Z,Non applicable,B,Solde (recettes moins dépenses),B6N_R,"Revenu disponible réel des ménages, net",_Z,Non applicable,,,,,,,,,,,L,Volumes chaînés,N,Données non transformées,,,,,,,F,Libre (libre pour publication),2,Two,A,Valeur normale,6,Millions,CRC,Côlon de Costa Rica
DATAFLOW,OECD.SDD.NAD:DSD_NAAG@DF_NAAG_V(1.0),NAAG Chapitre 5: Ménages,I,A,Annuelle,CZE,Tchéquie,B6N_R_PPP_P31S14,"Revenu disponible net réel des ménages et des ISBLSM, déflaté par la consommation finale des ménages et des ISBLSM",XDC,Monnaie nationale,NAAG_V,Part V: Households,2014,,2583314.06102804,,N,Ni corrigé des variations saisonnières ni corrigé des effets de calendrier,W,Monde,S1M,Les Ménages et ISBLSM,S1,Economie totale,_Z,Non applicable,B,Solde (recettes moins dépenses),B6N_R,"Revenu disponible réel des ménages, net",_Z,Non applicable,,,,,,,,,,,L,Volumes chaînés,N,Données non transformées,,,,,,,F,Libre (libre pour publication),2,Two,A,Valeur normale,6,Millions,CZK,Couronne tchèque
DATAFLOW,OECD.SDD.NAD:DSD_NAAG@DF_NAAG_V(1.0),NAAG Chapitre 5: Ménages,I,A,Annuelle,DNK,Danemark,B6N_R_PPP_P31S14,"Revenu disponible net réel des ménages et des ISBLSM, déflaté par la consommation finale des ménages et des ISBLSM",XDC,Monnaie nationale,NAAG_V,Part V: Households,2014,,877641.081853412,,N,Ni corrigé des variations saisonnières ni corrigé des effets de calendrier,W,Monde,S1M,Les Ménages et ISBLSM,S1,Economie totale,_Z,Non applicable,B,Solde (recettes moins dépenses),B6N_R,"Revenu disponible réel des ménages, net",_Z,Non applicable,,,,,,,,,,,L,Volumes chaînés,N,Données non transformées,,,,,,,F,Libre (libre pour publication),2,Two,A,Valeur normale,6,Millions,DKK,Couronne danoise
DATAFLOW,OECD.SDD.NAD:DSD_NAAG@DF_NAAG_V(1.0),NAAG Chapitre 5: Ménages,I,A,Annuelle,HUN,Hongrie,B6N_R_PPP_P31S14,"Revenu disponible net réel des ménages et des ISBLSM, déflaté par la consommation finale des ménages et des ISBLSM",XDC,Monnaie nationale,NAAG_V,Part V: Households,2014,,20657014.4340973,,N,Ni corrigé des variations saisonnières ni corrigé des effets de calendrier,W,Monde,S1M,Les Ménages et ISBLSM,S1,Economie totale,_Z,Non applicable,B,Solde (recettes moins dépenses),B6N_R,"Revenu disponible réel des ménages, net",_Z,Non applicable,,,,,,,,,,,L,Volumes chaînés,N,Données non transformées,,,,,,,F,Libre (libre pour publication),2,Two,A,Valeur normale,6,Millions,HUF,Forint
DATAFLOW,OECD.SDD.NAD:DSD_NAAG@DF_NAAG_V(1.0),NAAG Chapitre 5: Ménages,I,A,Annuelle,JPN,Japon,B6N_R_PPP_P31S14,"Revenu disponible net réel des ménages et des ISBLSM, déflaté par la consommation finale des ménages et des ISBLSM",XDC,Monnaie nationale,NAAG_V,Part V: Households,2014,,303599513.629642,,N,Ni corrigé des variations saisonnières ni corrigé des effets de calendrier,W,Monde,S1M,Les Ménages et ISBLSM,S1,Economie totale,_Z,Non applicable,B,Solde (recettes moins dépenses),B6N_R,"Revenu disponible réel des ménages, net",_Z,Non applicable,,,,,,,,,,,L,Volumes chaînés,N,Données non transformées,,,,,,,F,Libre (libre pour publication),2,Two,A,Valeur normale,6,Millions,JPY,Yen
DATAFLOW,OECD.SDD.NAD:DSD_NAAG@DF_NAAG_V(1.0),NAAG Chapitre 5: Ménages,I,A,Annuelle,KOR,Corée,B6N_R_PPP_P31S14,"Revenu disponible net réel des ménages et des ISBLSM, déflaté par la consommation finale des ménages et des ISBLSM",XDC,Monnaie nationale,NAAG_V,Part V: Households,2014,,943465108.868199,,N,Ni corrigé des variations saisonnières ni corrigé des effets de calendrier,W,Monde,S1M,Les Ménages et ISBLSM,S1,Economie totale,_Z,Non applicable,B,Solde (recettes moins dépenses),B6N_R,"Revenu disponible réel des ménages, net",_Z,Non applicable,,,,,,,,,,,L,Volumes chaînés,N,Données non transformées,,,,,,,F,Libre (libre pour publication),2,Two,A,Valeur normale,6,Millions,KRW,Won
DATAFLOW,OECD.SDD.NAD:DSD_NAAG@DF_NAAG_V(1.0),NAAG Chapitre 5: Ménages,I,A,Annuelle,MEX,Mexique,B6N_R_PPP_P31S14,"Revenu disponible net réel des ménages et des ISBLSM, déflaté par la consommation finale des ménages et des ISBLSM",XDC,Monnaie nationale,NAAG_V,Part V: Households,2014,,16411188.5654283,,N,Ni corrigé des variations saisonnières ni corrigé des effets de calendrier,W,Monde,S1M,Les Ménages et ISBLSM,S1,Economie totale,_Z,Non applicable,B,Solde (recettes moins dépenses),B6N_R,"Revenu disponible réel des ménages, net",_Z,Non applicable,,,,,,,,,,,L,Volumes chaînés,N,Données non transformées,,,,,,,F,Libre (libre pour publication),2,Two,A,Valeur normale,6,Millions,MXN,Peso mexicain
DATAFLOW,OECD.SDD.NAD:DSD_NAAG@DF_NAAG_V(1.0),NAAG Chapitre 5: Ménages,I,A,Annuelle,NZL,Nouvelle-Zélande,B6N_R_PPP_P31S14,"Revenu disponible net réel des ménages et des ISBLSM, déflaté par la consommation finale des ménages et des ISBLSM",XDC,Monnaie nationale,NAAG_V,Part V: Households,2014,,148242.099282015,,N,Ni corrigé des variations saisonnières ni corrigé des effets de calendrier,W,Monde,S1M,Les Ménages et ISBLSM,S1,Economie totale,_Z,Non applicable,B,Solde (recettes moins dépenses),B6N_R,"Revenu disponible réel des ménages, net",_Z,Non applicable,,,,,,,,,,,L,Volumes chaînés,N,Données non transformées,,,,,,,F,Libre (libre pour publication),2,Two,A,Valeur normale,6,Millions,NZD,Dollar néo-zélandais
DATAFLOW,OECD.SDD.NAD:DSD_NAAG@DF_NAAG_V(1.0),NAAG Chapitre 5: Ménages,I,A,Annuelle,NOR,Norvège,B6N_R_PPP_P31S14,"Revenu disponible net réel des ménages et des ISBLSM, déflaté par la consommation finale des ménages et des ISBLSM",XDC,Monnaie nationale,NAAG_V,Part V: Households,2014,,1507332.81236956,,N,Ni corrigé des variations saisonnières ni corrigé des effets de calendrier,W,Monde,S1M,Les Ménages et ISBLSM,S1,Economie totale,_Z,Non applicable,B,Solde (recettes moins dépenses),B6N_R,"Revenu disponible réel des ménages, net",_Z,Non applicable,,,,,,,,,,,L,Volumes chaînés,N,Données non transformées,,,,,,,F,Libre (libre pour publication),2,Two,A,Valeur normale,6,Millions,NOK,Couronne norvégienne
DATAFLOW,OECD.SDD.NAD:DSD_NAAG@DF_NAAG_V(1.0),NAAG Chapitre 5: Ménages,I,A,Annuelle,POL,Pologne,B6N_R_PPP_P31S14,"Revenu disponible net réel des ménages et des ISBLSM, déflaté par la consommation finale des ménages et des ISBLSM",XDC,Monnaie nationale,NAAG_V,Part V: Households,2014,,1168700.66899037,,N,Ni corrigé des variations saisonnières ni corrigé des effets de calendrier,W,Monde,S1M,Les Ménages et ISBLSM,S1,Economie totale,_Z,Non applicable,B,Solde (recettes moins dépenses),B6N_R,"Revenu disponible réel des ménages, net",_Z,Non applicable,,,,,,,,,,,L,Volumes chaînés,N,Données non transformées,,,,,,,F,Libre (libre pour publication),2,Two,A,Valeur normale,6,Millions,PLN,Zloty
DATAFLOW,OECD.SDD.NAD:DSD_NAAG@DF_NAAG_V(1.0),NAAG Chapitre 5: Ménages,I,A,Annuelle,SWE,Suède,B6N_R_PPP_P31S14,"Revenu disponible net réel des ménages et des ISBLSM, déflaté par la consommation finale des ménages et des ISBLSM",XDC,Monnaie nationale,NAAG_V,Part V: Households,2014,,2188793.31928811,,N,Ni corrigé des variations saisonnières ni corrigé des effets de calendrier,W,Monde,S1M,Les Ménages et ISBLSM,S1,Economie totale,_Z,Non applicable,B,Solde (recettes moins dépenses),B6N_R,"Revenu disponible réel des ménages, net",_Z,Non applicable,,,,,,,,,,,L,Volumes chaînés,N,Données non transformées,,,,,,,F,Libre (libre pour publication),2,Two,A,Valeur normale,6,Millions,SEK,Couronne suédoise
DATAFLOW,OECD.SDD.NAD:DSD_NAAG@DF_NAAG_V(1.0),NAAG Chapitre 5: Ménages,I,A,Annuelle,CHE,Suisse,B6N_R_PPP_P31S14,"Revenu disponible net réel des ménages et des ISBLSM, déflaté par la consommation finale des ménages et des ISBLSM",XDC,Monnaie nationale,NAAG_V,Part V: Households,2014,,390282.728849873,,N,Ni corrigé des variations saisonnières ni corrigé des effets de calendrier,W,Monde,S1M,Les Ménages et ISBLSM,S1,Economie totale,_Z,Non applicable,B,Solde (recettes moins dépenses),B6N_R,"Revenu disponible réel des ménages, net",_Z,Non applicable,,,,,,,,,,,L,Volumes chaînés,N,Données non transformées,,,,,,,F,Libre (libre pour publication),2,Two,A,Valeur normale,6,Millions,CHF,Franc suisse
DATAFLOW,OECD.SDD.NAD:DSD_NAAG@DF_NAAG_V(1.0),NAAG Chapitre 5: Ménages,I,A,Annuelle,GBR,Royaume-Uni,B6N_R_PPP_P31S14,"Revenu disponible net réel des ménages et des ISBLSM, déflaté par la consommation finale des ménages et des ISBLSM",XDC,Monnaie nationale,NAAG_V,Part V: Households,2014,,1227366.59747071,,N,Ni corrigé des variations saisonnières ni corrigé des effets de calendrier,W,Monde,S1M,Les Ménages et ISBLSM,S1,Economie totale,_Z,Non applicable,B,Solde (recettes moins dépenses),B6N_R,"Revenu disponible réel des ménages, net",_Z,Non applicable,,,,,,,,,,,L,Volumes chaînés,N,Données non transformées,,,,,,,F,Libre (libre pour publication),2,Two,A,Valeur normale,6,Millions,GBP,Livre sterling
DATAFLOW,OECD.SDD.NAD:DSD_NAAG@DF_NAAG_V(1.0),NAAG Chapitre 5: Ménages,I,A,Annuelle,BRA,Brésil,B6N_R_PPP_P31S14,"Revenu disponible net réel des ménages et des ISBLSM, déflaté par la consommation finale des ménages et des ISBLSM",XDC,Monnaie nationale,NAAG_V,Part V: Households,2014,,5527860.74435578,,N,Ni corrigé des variations saisonnières ni corrigé des effets de calendrier,W,Monde,S1M,Les Ménages et ISBLSM,S1,Economie totale,_Z,Non applicable,B,Solde (recettes moins dépenses),B6N_R,"Revenu disponible réel des ménages, net",_Z,Non applicable,,,,,,,,,,,L,Volumes chaînés,N,Données non transformées,,,,,,,F,Libre (libre pour publication),2,Two,A,Valeur normale,6,Millions,BRL,Réal brésilien
DATAFLOW,OECD.SDD.NAD:DSD_NAAG@DF_NAAG_V(1.0),NAAG Chapitre 5: Ménages,I,A,Annuelle,ZAF,Afrique du Sud,B6N_R_PPP_P31S14,"Revenu disponible net réel des ménages et des ISBLSM, déflaté par la consommation finale des ménages et des ISBLSM",XDC,Monnaie nationale,NAAG_V,Part V: Households,2014,,3229840.73534097,,N,Ni corrigé des variations saisonnières ni corrigé des effets de calendrier,W,Monde,S1M,Les Ménages et ISBLSM,S1,Economie totale,_Z,Non applicable,B,Solde (recettes moins dépenses),B6N_R,"Revenu disponible réel des ménages, net",_Z,Non applicable,,,,,,,,,,,L,Volumes chaînés,N,Données non transformées,,,,,,,F,Libre (libre pour publication),2,Two,A,Valeur normale,6,Millions,ZAR,Rand
DATAFLOW,OECD.SDD.NAD:DSD_NAAG@DF_NAAG_V(1.0),NAAG Chapitre 5: Ménages,I,A,Annuelle,AUS,Australie,B6N_R_PPP_P31S14,"Revenu disponible net réel des ménages et des ISBLSM, déflaté par la consommation finale des ménages et des ISBLSM",XDC,Monnaie nationale,NAAG_V,Part V: Households,2015,,1080833.47630679,,N,Ni corrigé des variations saisonnières ni corrigé des effets de calendrier,W,Monde,S1M,Les Ménages et ISBLSM,S1,Economie totale,_Z,Non applicable,B,Solde (recettes moins dépenses),B6N_R,"Revenu disponible réel des ménages, net",_Z,Non applicable,,,,,,,,,,,L,Volumes chaînés,N,Données non transformées,,,,,,,F,Libre (libre pour publication),2,Two,A,Valeur normale,6,Millions,AUD,Dollar australien
DATAFLOW,OECD.SDD.NAD:DSD_NAAG@DF_NAAG_V(1.0),NAAG Chapitre 5: Ménages,I,A,Annuelle,CAN,Canada,B6N_R_PPP_P31S14,"Revenu disponible net réel des ménages et des ISBLSM, déflaté par la consommation finale des ménages et des ISBLSM",XDC,Monnaie nationale,NAAG_V,Part V: Households,2015,,1225394.17563612,,N,Ni corrigé des variations saisonnières ni corrigé des effets de calendrier,W,Monde,S1M,Les Ménages et ISBLSM,S1,Economie totale,_Z,Non applicable,B,Solde (recettes moins dépenses),B6N_R,"Revenu disponible réel des ménages, net",_Z,Non applicable,,,,,,,,,,,L,Volumes chaînés,N,Données non transformées,,,,,,,F,Libre (libre pour publication),2,Two,A,Valeur normale,6,Millions,CAD,Dollar canadien
DATAFLOW,OECD.SDD.NAD:DSD_NAAG@DF_NAAG_V(1.0),NAAG Chapitre 5: Ménages,I,A,Annuelle,CHL,Chili,B6N_R_PPP_P31S14,"Revenu disponible net réel des ménages et des ISBLSM, déflaté par la consommation finale des ménages et des ISBLSM",XDC,Monnaie nationale,NAAG_V,Part V: Households,2015,,118212600.978203,,N,Ni corrigé des variations saisonnières ni corrigé des effets de calendrier,W,Monde,S1M,Les Ménages et ISBLSM,S1,Economie totale,_Z,Non applicable,B,Solde (recettes moins dépenses),B6N_R,"Revenu disponible réel des ménages, net",_Z,Non applicable,,,,,,,,,,,L,Volumes chaînés,N,Données non transformées,,,,,,,F,Libre (libre pour publication),2,Two,A,Valeur normale,6,Millions,CLP,Peso chilien
DATAFLOW,OECD.SDD.NAD:DSD_NAAG@DF_NAAG_V(1.0),NAAG Chapitre 5: Ménages,I,A,Annuelle,COL,Colombie,B6N_R_PPP_P31S14,"Revenu disponible net réel des ménages et des ISBLSM, déflaté par la consommation finale des ménages et des ISBLSM",XDC,Monnaie nationale,NAAG_V,Part V: Households,2015,,723289802.966396,,N,Ni corrigé des variations saisonnières ni corrigé des effets de calendrier,W,Monde,S1M,Les Ménages et ISBLSM,S1,Economie totale,_Z,Non applicable,B,Solde (recettes moins dépenses),B6N_R,"Revenu disponible réel des ménages, net",_Z,Non applicable,,,,,,,,,,,L,Volumes chaînés,N,Données non transformées,,,,,,,F,Libre (libre pour publication),2,Two,A,Valeur normale,6,Millions,COP,Peso colombien
DATAFLOW,OECD.SDD.NAD:DSD_NAAG@DF_NAAG_V(1.0),NAAG Chapitre 5: Ménages,I,A,Annuelle,CRI,Costa Rica,B6N_R_PPP_P31S14,"Revenu disponible net réel des ménages et des ISBLSM, déflaté par la consommation finale des ménages et des ISBLSM",XDC,Monnaie nationale,NAAG_V,Part V: Households,2015,,20814838.4141719,,N,Ni corrigé des variations saisonnières ni corrigé des effets de calendrier,W,Monde,S1M,Les Ménages et ISBLSM,S1,Economie totale,_Z,Non applicable,B,Solde (recettes moins dépenses),B6N_R,"Revenu disponible réel des ménages, net",_Z,Non applicable,,,,,,,,,,,L,Volumes chaînés,N,Données non transformées,,,,,,,F,Libre (libre pour publication),2,Two,A,Valeur normale,6,Millions,CRC,Côlon de Costa Rica
DATAFLOW,OECD.SDD.NAD:DSD_NAAG@DF_NAAG_V(1.0),NAAG Chapitre 5: Ménages,I,A,Annuelle,CZE,Tchéquie,B6N_R_PPP_P31S14,"Revenu disponible net réel des ménages et des ISBLSM, déflaté par la consommation finale des ménages et des ISBLSM",XDC,Monnaie nationale,NAAG_V,Part V: Households,2015,,2641321.59208471,,N,Ni corrigé des variations saisonnières ni corrigé des effets de calendrier,W,Monde,S1M,Les Ménages et ISBLSM,S1,Economie totale,_Z,Non applicable,B,Solde (recettes moins dépenses),B6N_R,"Revenu disponible réel des ménages, net",_Z,Non applicable,,,,,,,,,,,L,Volumes chaînés,N,Données non transformées,,,,,,,F,Libre (libre pour publication),2,Two,A,Valeur normale,6,Millions,CZK,Couronne tchèque
DATAFLOW,OECD.SDD.NAD:DSD_NAAG@DF_NAAG_V(1.0),NAAG Chapitre 5: Ménages,I,A,Annuelle,DNK,Danemark,B6N_R_PPP_P31S14,"Revenu disponible net réel des ménages et des ISBLSM, déflaté par la consommation finale des ménages et des ISBLSM",XDC,Monnaie nationale,NAAG_V,Part V: Households,2015,,921367.244778058,,N,Ni corrigé des variations saisonnières ni corrigé des effets de calendrier,W,Monde,S1M,Les Ménages et ISBLSM,S1,Economie totale,_Z,Non applicable,B,Solde (recettes moins dépenses),B6N_R,"Revenu disponible réel des ménages, net",_Z,Non applicable,,,,,,,,,,,L,Volumes chaînés,N,Données non transformées,,,,,,,F,Libre (libre pour publication),2,Two,A,Valeur normale,6,Millions,DKK,Couronne danoise
DATAFLOW,OECD.SDD.NAD:DSD_NAAG@DF_NAAG_V(1.0),NAAG Chapitre 5: Ménages,I,A,Annuelle,HUN,Hongrie,B6N_R_PPP_P31S14,"Revenu disponible net réel des ménages et des ISBLSM, déflaté par la consommation finale des ménages et des ISBLSM",XDC,Monnaie nationale,NAAG_V,Part V: Households,2015,,21431865.6168171,,N,Ni corrigé des variations saisonnières ni corrigé des effets de calendrier,W,Monde,S1M,Les Ménages et ISBLSM,S1,Economie totale,_Z,Non applicable,B,Solde (recettes moins dépenses),B6N_R,"Revenu disponible réel des ménages, net",_Z,Non applicable,,,,,,,,,,,L,Volumes chaînés,N,Données non transformées,,,,,,,F,Libre (libre pour publication),2,Two,A,Valeur normale,6,Millions,HUF,Forint
DATAFLOW,OECD.SDD.NAD:DSD_NAAG@DF_NAAG_V(1.0),NAAG Chapitre 5: Ménages,I,A,Annuelle,JPN,Japon,B6N_R_PPP_P31S14,"Revenu disponible net réel des ménages et des ISBLSM, déflaté par la consommation finale des ménages et des ISBLSM",XDC,Monnaie nationale,NAAG_V,Part V: Households,2015,,305970444.308533,,N,Ni corrigé des variations saisonnières ni corrigé des effets de calendrier,W,Monde,S1M,Les Ménages et ISBLSM,S1,Economie totale,_Z,Non applicable,B,Solde (recettes moins dépenses),B6N_R,"Revenu disponible réel des ménages, net",_Z,Non applicable,,,,,,,,,,,L,Volumes chaînés,N,Données non transformées,,,,,,,F,Libre (libre pour publication),2,Two,A,Valeur normale,6,Millions,JPY,Yen
DATAFLOW,OECD.SDD.NAD:DSD_NAAG@DF_NAAG_V(1.0),NAAG Chapitre 5: Ménages,I,A,Annuelle,KOR,Corée,B6N_R_PPP_P31S14,"Revenu disponible net réel des ménages et des ISBLSM, déflaté par la consommation finale des ménages et des ISBLSM",XDC,Monnaie nationale,NAAG_V,Part V: Households,2015,,998766924.3475,,N,Ni corrigé des variations saisonnières ni corrigé des effets de calendrier,W,Monde,S1M,Les Ménages et ISBLSM,S1,Economie totale,_Z,Non applicable,B,Solde (recettes moins dépenses),B6N_R,"Revenu disponible réel des ménages, net",_Z,Non applicable,,,,,,,,,,,L,Volumes chaînés,N,Données non transformées,,,,,,,F,Libre (libre pour publication),2,Two,A,Valeur normale,6,Millions,KRW,Won
DATAFLOW,OECD.SDD.NAD:DSD_NAAG@DF_NAAG_V(1.0),NAAG Chapitre 5: Ménages,I,A,Annuelle,MEX,Mexique,B6N_R_PPP_P31S14,"Revenu disponible net réel des ménages et des ISBLSM, déflaté par la consommation finale des ménages et des ISBLSM",XDC,Monnaie nationale,NAAG_V,Part V: Households,2015,,17523676.462887,,N,Ni corrigé des variations saisonnières ni corrigé des effets de calendrier,W,Monde,S1M,Les Ménages et ISBLSM,S1,Economie totale,_Z,Non applicable,B,Solde (recettes moins dépenses),B6N_R,"Revenu disponible réel des ménages, net",_Z,Non applicable,,,,,,,,,,,L,Volumes chaînés,N,Données non transformées,,,,,,,F,Libre (libre pour publication),2,Two,A,Valeur normale,6,Millions,MXN,Peso mexicain
DATAFLOW,OECD.SDD.NAD:DSD_NAAG@DF_NAAG_V(1.0),NAAG Chapitre 5: Ménages,I,A,Annuelle,NZL,Nouvelle-Zélande,B6N_R_PPP_P31S14,"Revenu disponible net réel des ménages et des ISBLSM, déflaté par la consommation finale des ménages et des ISBLSM",XDC,Monnaie nationale,NAAG_V,Part V: Households,2015,,154708.444048719,,N,Ni corrigé des variations saisonnières ni corrigé des effets de calendrier,W,Monde,S1M,Les Ménages et ISBLSM,S1,Economie totale,_Z,Non applicable,B,Solde (recettes moins dépenses),B6N_R,"Revenu disponible réel des ménages, net",_Z,Non applicable,,,,,,,,,,,L,Volumes chaînés,N,Données non transformées,,,,,,,F,Libre (libre pour publication),2,Two,A,Valeur normale,6,Millions,NZD,Dollar néo-zélandais
DATAFLOW,OECD.SDD.NAD:DSD_NAAG@DF_NAAG_V(1.0),NAAG Chapitre 5: Ménages,I,A,Annuelle,NOR,Norvège,B6N_R_PPP_P31S14,"Revenu disponible net réel des ménages et des ISBLSM, déflaté par la consommation finale des ménages et des ISBLSM",XDC,Monnaie nationale,NAAG_V,Part V: Households,2015,,1586835.58331475,,N,Ni corrigé des variations saisonnières ni corrigé des effets de calendrier,W,Monde,S1M,Les Ménages et ISBLSM,S1,Economie totale,_Z,Non applicable,B,Solde (recettes moins dépenses),B6N_R,"Revenu disponible réel des ménages, net",_Z,Non applicable,,,,,,,,,,,L,Volumes chaînés,N,Données non transformées,,,,,,,F,Libre (libre pour publication),2,Two,A,Valeur normale,6,Millions,NOK,Couronne norvégienne
DATAFLOW,OECD.SDD.NAD:DSD_NAAG@DF_NAAG_V(1.0),NAAG Chapitre 5: Ménages,I,A,Annuelle,POL,Pologne,B6N_R_PPP_P31S14,"Revenu disponible net réel des ménages et des ISBLSM, déflaté par la consommation finale des ménages et des ISBLSM",XDC,Monnaie nationale,NAAG_V,Part V: Households,2015,,1204127.68687775,,N,Ni corrigé des variations saisonnières ni corrigé des effets de calendrier,W,Monde,S1M,Les Ménages et ISBLSM,S1,Economie totale,_Z,Non applicable,B,Solde (recettes moins dépenses),B6N_R,"Revenu disponible réel des ménages, net",_Z,Non applicable,,,,,,,,,,,L,Volumes chaînés,N,Données non transformées,,,,,,,F,Libre (libre pour publication),2,Two,A,Valeur normale,6,Millions,PLN,Zloty
DATAFLOW,OECD.SDD.NAD:DSD_NAAG@DF_NAAG_V(1.0),NAAG Chapitre 5: Ménages,I,A,Annuelle,SWE,Suède,B6N_R_PPP_P31S14,"Revenu disponible net réel des ménages et des ISBLSM, déflaté par la consommation finale des ménages et des ISBLSM",XDC,Monnaie nationale,NAAG_V,Part V: Households,2015,,2240860.13939147,,N,Ni corrigé des variations saisonnières ni corrigé des effets de calendrier,W,Monde,S1M,Les Ménages et ISBLSM,S1,Economie totale,_Z,Non applicable,B,Solde (recettes moins dépenses),B6N_R,"Revenu disponible réel des ménages, net",_Z,Non applicable,,,,,,,,,,,L,Volumes chaînés,N,Données non transformées,,,,,,,F,Libre (libre pour publication),2,Two,A,Valeur normale,6,Millions,SEK,Couronne suédoise
DATAFLOW,OECD.SDD.NAD:DSD_NAAG@DF_NAAG_V(1.0),NAAG Chapitre 5: Ménages,I,A,Annuelle,CHE,Suisse,B6N_R_PPP_P31S14,"Revenu disponible net réel des ménages et des ISBLSM, déflaté par la consommation finale des ménages et des ISBLSM",XDC,Monnaie nationale,NAAG_V,Part V: Households,2015,,396802.36553128,,N,Ni corrigé des variations saisonnières ni corrigé des effets de calendrier,W,Monde,S1M,Les Ménages et ISBLSM,S1,Economie totale,_Z,Non applicable,B,Solde (recettes moins dépenses),B6N_R,"Revenu disponible réel des ménages, net",_Z,Non applicable,,,,,,,,,,,L,Volumes chaînés,N,Données non transformées,,,,,,,F,Libre (libre pour publication),2,Two,A,Valeur normale,6,Millions,CHF,Franc suisse
DATAFLOW,OECD.SDD.NAD:DSD_NAAG@DF_NAAG_V(1.0),NAAG Chapitre 5: Ménages,I,A,Annuelle,GBR,Royaume-Uni,B6N_R_PPP_P31S14,"Revenu disponible net réel des ménages et des ISBLSM, déflaté par la consommation finale des ménages et des ISBLSM",XDC,Monnaie nationale,NAAG_V,Part V: Households,2015,,1303128.47510923,,N,Ni corrigé des variations saisonnières ni corrigé des effets de calendrier,W,Monde,S1M,Les Ménages et ISBLSM,S1,Economie totale,_Z,Non applicable,B,Solde (recettes moins dépenses),B6N_R,"Revenu disponible réel des ménages, net",_Z,Non applicable,,,,,,,,,,,L,Volumes chaînés,N,Données non transformées,,,,,,,F,Libre (libre pour publication),2,Two,A,Valeur normale,6,Millions,GBP,Livre sterling
DATAFLOW,OECD.SDD.NAD:DSD_NAAG@DF_NAAG_V(1.0),NAAG Chapitre 5: Ménages,I,A,Annuelle,BRA,Brésil,B6N_R_PPP_P31S14,"Revenu disponible net réel des ménages et des ISBLSM, déflaté par la consommation finale des ménages et des ISBLSM",XDC,Monnaie nationale,NAAG_V,Part V: Households,2015,,5400208.65108115,,N,Ni corrigé des variations saisonnières ni corrigé des effets de calendrier,W,Monde,S1M,Les Ménages et ISBLSM,S1,Economie totale,_Z,Non applicable,B,Solde (recettes moins dépenses),B6N_R,"Revenu disponible réel des ménages, net",_Z,Non applicable,,,,,,,,,,,L,Volumes chaînés,N,Données non transformées,,,,,,,F,Libre (libre pour publication),2,Two,A,Valeur normale,6,Millions,BRL,Réal brésilien
DATAFLOW,OECD.SDD.NAD:DSD_NAAG@DF_NAAG_V(1.0),NAAG Chapitre 5: Ménages,I,A,Annuelle,ZAF,Afrique du Sud,B6N_R_PPP_P31S14,"Revenu disponible net réel des ménages et des ISBLSM, déflaté par la consommation finale des ménages et des ISBLSM",XDC,Monnaie nationale,NAAG_V,Part V: Households,2015,,3383372.59937808,,N,Ni corrigé des variations saisonnières ni corrigé des effets de calendrier,W,Monde,S1M,Les Ménages et ISBLSM,S1,Economie totale,_Z,Non applicable,B,Solde (recettes moins dépenses),B6N_R,"Revenu disponible réel des ménages, net",_Z,Non applicable,,,,,,,,,,,L,Volumes chaînés,N,Données non transformées,,,,,,,F,Libre (libre pour publication),2,Two,A,Valeur normale,6,Millions,ZAR,Rand
DATAFLOW,OECD.SDD.NAD:DSD_NAAG@DF_NAAG_V(1.0),NAAG Chapitre 5: Ménages,I,A,Annuelle,AUS,Australie,B6N_R_PPP_P31S14,"Revenu disponible net réel des ménages et des ISBLSM, déflaté par la consommation finale des ménages et des ISBLSM",XDC,Monnaie nationale,NAAG_V,Part V: Households,2016,,1099677.67796584,,N,Ni corrigé des variations saisonnières ni corrigé des effets de calendrier,W,Monde,S1M,Les Ménages et ISBLSM,S1,Economie totale,_Z,Non applicable,B,Solde (recettes moins dépenses),B6N_R,"Revenu disponible réel des ménages, net",_Z,Non applicable,,,,,,,,,,,L,Volumes chaînés,N,Données non transformées,,,,,,,F,Libre (libre pour publication),2,Two,A,Valeur normale,6,Millions,AUD,Dollar australien
DATAFLOW,OECD.SDD.NAD:DSD_NAAG@DF_NAAG_V(1.0),NAAG Chapitre 5: Ménages,I,A,Annuelle,CAN,Canada,B6N_R_PPP_P31S14,"Revenu disponible net réel des ménages et des ISBLSM, déflaté par la consommation finale des ménages et des ISBLSM",XDC,Monnaie nationale,NAAG_V,Part V: Households,2016,,1220287.47737999,,N,Ni corrigé des variations saisonnières ni corrigé des effets de calendrier,W,Monde,S1M,Les Ménages et ISBLSM,S1,Economie totale,_Z,Non applicable,B,Solde (recettes moins dépenses),B6N_R,"Revenu disponible réel des ménages, net",_Z,Non applicable,,,,,,,,,,,L,Volumes chaînés,N,Données non transformées,,,,,,,F,Libre (libre pour publication),2,Two,A,Valeur normale,6,Millions,CAD,Dollar canadien
DATAFLOW,OECD.SDD.NAD:DSD_NAAG@DF_NAAG_V(1.0),NAAG Chapitre 5: Ménages,I,A,Annuelle,CHL,Chili,B6N_R_PPP_P31S14,"Revenu disponible net réel des ménages et des ISBLSM, déflaté par la consommation finale des ménages et des ISBLSM",XDC,Monnaie nationale,NAAG_V,Part V: Households,2016,,123786552.340801,,N,Ni corrigé des variations saisonnières ni corrigé des effets de calendrier,W,Monde,S1M,Les Ménages et ISBLSM,S1,Economie totale,_Z,Non applicable,B,Solde (recettes moins dépenses),B6N_R,"Revenu disponible réel des ménages, net",_Z,Non applicable,,,,,,,,,,,L,Volumes chaînés,N,Données non transformées,,,,,,,F,Libre (libre pour publication),2,Two,A,Valeur normale,6,Millions,CLP,Peso chilien
DATAFLOW,OECD.SDD.NAD:DSD_NAAG@DF_NAAG_V(1.0),NAAG Chapitre 5: Ménages,I,A,Annuelle,COL,Colombie,B6N_R_PPP_P31S14,"Revenu disponible net réel des ménages et des ISBLSM, déflaté par la consommation finale des ménages et des ISBLSM",XDC,Monnaie nationale,NAAG_V,Part V: Households,2016,,721504274.920924,,N,Ni corrigé des variations saisonnières ni corrigé des effets de calendrier,W,Monde,S1M,Les Ménages et ISBLSM,S1,Economie totale,_Z,Non applicable,B,Solde (recettes moins dépenses),B6N_R,"Revenu disponible réel des ménages, net",_Z,Non applicable,,,,,,,,,,,L,Volumes chaînés,N,Données non transformées,,,,,,,F,Libre (libre pour publication),2,Two,A,Valeur normale,6,Millions,COP,Peso colombien
DATAFLOW,OECD.SDD.NAD:DSD_NAAG@DF_NAAG_V(1.0),NAAG Chapitre 5: Ménages,I,A,Annuelle,CRI,Costa Rica,B6N_R_PPP_P31S14,"Revenu disponible net réel des ménages et des ISBLSM, déflaté par la consommation finale des ménages et des ISBLSM",XDC,Monnaie nationale,NAAG_V,Part V: Households,2016,,22548450.7750297,,N,Ni corrigé des variations saisonnières ni corrigé des effets de calendrier,W,Monde,S1M,Les Ménages et ISBLSM,S1,Economie totale,_Z,Non applicable,B,Solde (recettes moins dépenses),B6N_R,"Revenu disponible réel des ménages, net",_Z,Non applicable,,,,,,,,,,,L,Volumes chaînés,N,Données non transformées,,,,,,,F,Libre (libre pour publication),2,Two,A,Valeur normale,6,Millions,CRC,Côlon de Costa Rica
DATAFLOW,OECD.SDD.NAD:DSD_NAAG@DF_NAAG_V(1.0),NAAG Chapitre 5: Ménages,I,A,Annuelle,CZE,Tchéquie,B6N_R_PPP_P31S14,"Revenu disponible net réel des ménages et des ISBLSM, déflaté par la consommation finale des ménages et des ISBLSM",XDC,Monnaie nationale,NAAG_V,Part V: Households,2016,,2716975.88340922,,N,Ni corrigé des variations saisonnières ni corrigé des effets de calendrier,W,Monde,S1M,Les Ménages et ISBLSM,S1,Economie totale,_Z,Non applicable,B,Solde (recettes moins dépenses),B6N_R,"Revenu disponible réel des ménages, net",_Z,Non applicable,,,,,,,,,,,L,Volumes chaînés,N,Données non transformées,,,,,,,F,Libre (libre pour publication),2,Two,A,Valeur normale,6,Millions,CZK,Couronne tchèque
DATAFLOW,OECD.SDD.NAD:DSD_NAAG@DF_NAAG_V(1.0),NAAG Chapitre 5: Ménages,I,A,Annuelle,DNK,Danemark,B6N_R_PPP_P31S14,"Revenu disponible net réel des ménages et des ISBLSM, déflaté par la consommation finale des ménages et des ISBLSM",XDC,Monnaie nationale,NAAG_V,Part V: Households,2016,,970008.832436751,,N,Ni corrigé des variations saisonnières ni corrigé des effets de calendrier,W,Monde,S1M,Les Ménages et ISBLSM,S1,Economie totale,_Z,Non applicable,B,Solde (recettes moins dépenses),B6N_R,"Revenu disponible réel des ménages, net",_Z,Non applicable,,,,,,,,,,,L,Volumes chaînés,N,Données non transformées,,,,,,,F,Libre (libre pour publication),2,Two,A,Valeur normale,6,Millions,DKK,Couronne danoise
DATAFLOW,OECD.SDD.NAD:DSD_NAAG@DF_NAAG_V(1.0),NAAG Chapitre 5: Ménages,I,A,Annuelle,HUN,Hongrie,B6N_R_PPP_P31S14,"Revenu disponible net réel des ménages et des ISBLSM, déflaté par la consommation finale des ménages et des ISBLSM",XDC,Monnaie nationale,NAAG_V,Part V: Households,2016,,22428896.7666136,,N,Ni corrigé des variations saisonnières ni corrigé des effets de calendrier,W,Monde,S1M,Les Ménages et ISBLSM,S1,Economie totale,_Z,Non applicable,B,Solde (recettes moins dépenses),B6N_R,"Revenu disponible réel des ménages, net",_Z,Non applicable,,,,,,,,,,,L,Volumes chaînés,N,Données non transformées,,,,,,,F,Libre (libre pour publication),2,Two,A,Valeur normale,6,Millions,HUF,Forint
DATAFLOW,OECD.SDD.NAD:DSD_NAAG@DF_NAAG_V(1.0),NAAG Chapitre 5: Ménages,I,A,Annuelle,JPN,Japon,B6N_R_PPP_P31S14,"Revenu disponible net réel des ménages et des ISBLSM, déflaté par la consommation finale des ménages et des ISBLSM",XDC,Monnaie nationale,NAAG_V,Part V: Households,2016,,310162559.792736,,N,Ni corrigé des variations saisonnières ni corrigé des effets de calendrier,W,Monde,S1M,Les Ménages et ISBLSM,S1,Economie totale,_Z,Non applicable,B,Solde (recettes moins dépenses),B6N_R,"Revenu disponible réel des ménages, net",_Z,Non applicable,,,,,,,,,,,L,Volumes chaînés,N,Données non transformées,,,,,,,F,Libre (libre pour publication),2,Two,A,Valeur normale,6,Millions,JPY,Yen
DATAFLOW,OECD.SDD.NAD:DSD_NAAG@DF_NAAG_V(1.0),NAAG Chapitre 5: Ménages,I,A,Annuelle,KOR,Corée,B6N_R_PPP_P31S14,"Revenu disponible net réel des ménages et des ISBLSM, déflaté par la consommation finale des ménages et des ISBLSM",XDC,Monnaie nationale,NAAG_V,Part V: Households,2016,,1012859415.24027,,N,Ni corrigé des variations saisonnières ni corrigé des effets de calendrier,W,Monde,S1M,Les Ménages et ISBLSM,S1,Economie totale,_Z,Non applicable,B,Solde (recettes moins dépenses),B6N_R,"Revenu disponible réel des ménages, net",_Z,Non applicable,,,,,,,,,,,L,Volumes chaînés,N,Données non transformées,,,,,,,F,Libre (libre pour publication),2,Two,A,Valeur normale,6,Millions,KRW,Won
DATAFLOW,OECD.SDD.NAD:DSD_NAAG@DF_NAAG_V(1.0),NAAG Chapitre 5: Ménages,I,A,Annuelle,MEX,Mexique,B6N_R_PPP_P31S14,"Revenu disponible net réel des ménages et des ISBLSM, déflaté par la consommation finale des ménages et des ISBLSM",XDC,Monnaie nationale,NAAG_V,Part V: Households,2016,,17676579.2183145,,N,Ni corrigé des variations saisonnières ni corrigé des effets de calendrier,W,Monde,S1M,Les Ménages et ISBLSM,S1,Economie totale,_Z,Non applicable,B,Solde (recettes moins dépenses),B6N_R,"Revenu disponible réel des ménages, net",_Z,Non applicable,,,,,,,,,,,L,Volumes chaînés,N,Données non transformées,,,,,,,F,Libre (libre pour publication),2,Two,A,Valeur normale,6,Millions,MXN,Peso mexicain
DATAFLOW,OECD.SDD.NAD:DSD_NAAG@DF_NAAG_V(1.0),NAAG Chapitre 5: Ménages,I,A,Annuelle,NZL,Nouvelle-Zélande,B6N_R_PPP_P31S14,"Revenu disponible net réel des ménages et des ISBLSM, déflaté par la consommation finale des ménages et des ISBLSM",XDC,Monnaie nationale,NAAG_V,Part V: Households,2016,,164392.940361136,,N,Ni corrigé des variations saisonnières ni corrigé des effets de calendrier,W,Monde,S1M,Les Ménages et ISBLSM,S1,Economie totale,_Z,Non applicable,B,Solde (recettes moins dépenses),B6N_R,"Revenu disponible réel des ménages, net",_Z,Non applicable,,,,,,,,,,,L,Volumes chaînés,N,Données non transformées,,,,,,,F,Libre (libre pour publication),2,Two,A,Valeur normale,6,Millions,NZD,Dollar néo-zélandais
DATAFLOW,OECD.SDD.NAD:DSD_NAAG@DF_NAAG_V(1.0),NAAG Chapitre 5: Ménages,I,A,Annuelle,NOR,Norvège,B6N_R_PPP_P31S14,"Revenu disponible net réel des ménages et des ISBLSM, déflaté par la consommation finale des ménages et des ISBLSM",XDC,Monnaie nationale,NAAG_V,Part V: Households,2016,,1562106.75996859,,N,Ni corrigé des variations saisonnières ni corrigé des effets de calendrier,W,Monde,S1M,Les Ménages et ISBLSM,S1,Economie totale,_Z,Non applicable,B,Solde (recettes moins dépenses),B6N_R,"Revenu disponible réel des ménages, net",_Z,Non applicable,,,,,,,,,,,L,Volumes chaînés,N,Données non transformées,,,,,,,F,Libre (libre pour publication),2,Two,A,Valeur normale,6,Millions,NOK,Couronne norvégienne
DATAFLOW,OECD.SDD.NAD:DSD_NAAG@DF_NAAG_V(1.0),NAAG Chapitre 5: Ménages,I,A,Annuelle,POL,Pologne,B6N_R_PPP_P31S14,"Revenu disponible net réel des ménages et des ISBLSM, déflaté par la consommation finale des ménages et des ISBLSM",XDC,Monnaie nationale,NAAG_V,Part V: Households,2016,,1269636.85376497,,N,Ni corrigé des variations saisonnières ni corrigé des effets de calendrier,W,Monde,S1M,Les Ménages et ISBLSM,S1,Economie totale,_Z,Non applicable,B,Solde (recettes moins dépenses),B6N_R,"Revenu disponible réel des ménages, net",_Z,Non applicable,,,,,,,,,,,L,Volumes chaînés,N,Données non transformées,,,,,,,F,Libre (libre pour publication),2,Two,A,Valeur normale,6,Millions,PLN,Zloty
DATAFLOW,OECD.SDD.NAD:DSD_NAAG@DF_NAAG_V(1.0),NAAG Chapitre 5: Ménages,I,A,Annuelle,SWE,Suède,B6N_R_PPP_P31S14,"Revenu disponible net réel des ménages et des ISBLSM, déflaté par la consommation finale des ménages et des ISBLSM",XDC,Monnaie nationale,NAAG_V,Part V: Households,2016,,2314909.83064673,,N,Ni corrigé des variations saisonnières ni corrigé des effets de calendrier,W,Monde,S1M,Les Ménages et ISBLSM,S1,Economie totale,_Z,Non applicable,B,Solde (recettes moins dépenses),B6N_R,"Revenu disponible réel des ménages, net",_Z,Non applicable,,,,,,,,,,,L,Volumes chaînés,N,Données non transformées,,,,,,,F,Libre (libre pour publication),2,Two,A,Valeur normale,6,Millions,SEK,Couronne suédoise
DATAFLOW,OECD.SDD.NAD:DSD_NAAG@DF_NAAG_V(1.0),NAAG Chapitre 5: Ménages,I,A,Annuelle,CHE,Suisse,B6N_R_PPP_P31S14,"Revenu disponible net réel des ménages et des ISBLSM, déflaté par la consommation finale des ménages et des ISBLSM",XDC,Monnaie nationale,NAAG_V,Part V: Households,2016,,402925.674011531,,N,Ni corrigé des variations saisonnières ni corrigé des effets de calendrier,W,Monde,S1M,Les Ménages et ISBLSM,S1,Economie totale,_Z,Non applicable,B,Solde (recettes moins dépenses),B6N_R,"Revenu disponible réel des ménages, net",_Z,Non applicable,,,,,,,,,,,L,Volumes chaînés,N,Données non transformées,,,,,,,F,Libre (libre pour publication),2,Two,A,Valeur normale,6,Millions,CHF,Franc suisse
DATAFLOW,OECD.SDD.NAD:DSD_NAAG@DF_NAAG_V(1.0),NAAG Chapitre 5: Ménages,I,A,Annuelle,GBR,Royaume-Uni,B6N_R_PPP_P31S14,"Revenu disponible net réel des ménages et des ISBLSM, déflaté par la consommation finale des ménages et des ISBLSM",XDC,Monnaie nationale,NAAG_V,Part V: Households,2016,,1311503.08628792,,N,Ni corrigé des variations saisonnières ni corrigé des effets de calendrier,W,Monde,S1M,Les Ménages et ISBLSM,S1,Economie totale,_Z,Non applicable,B,Solde (recettes moins dépenses),B6N_R,"Revenu disponible réel des ménages, net",_Z,Non applicable,,,,,,,,,,,L,Volumes chaînés,N,Données non transformées,,,,,,,F,Libre (libre pour publication),2,Two,A,Valeur normale,6,Millions,GBP,Livre sterling
DATAFLOW,OECD.SDD.NAD:DSD_NAAG@DF_NAAG_V(1.0),NAAG Chapitre 5: Ménages,I,A,Annuelle,BRA,Brésil,B6N_R_PPP_P31S14,"Revenu disponible net réel des ménages et des ISBLSM, déflaté par la consommation finale des ménages et des ISBLSM",XDC,Monnaie nationale,NAAG_V,Part V: Households,2016,,5244314.91568444,,N,Ni corrigé des variations saisonnières ni corrigé des effets de calendrier,W,Monde,S1M,Les Ménages et ISBLSM,S1,Economie totale,_Z,Non applicable,B,Solde (recettes moins dépenses),B6N_R,"Revenu disponible réel des ménages, net",_Z,Non applicable,,,,,,,,,,,L,Volumes chaînés,N,Données non transformées,,,,,,,F,Libre (libre pour publication),2,Two,A,Valeur normale,6,Millions,BRL,Réal brésilien
DATAFLOW,OECD.SDD.NAD:DSD_NAAG@DF_NAAG_V(1.0),NAAG Chapitre 5: Ménages,I,A,Annuelle,ZAF,Afrique du Sud,B6N_R_PPP_P31S14,"Revenu disponible net réel des ménages et des ISBLSM, déflaté par la consommation finale des ménages et des ISBLSM",XDC,Monnaie nationale,NAAG_V,Part V: Households,2016,,3399937.07546695,,N,Ni corrigé des variations saisonnières ni corrigé des effets de calendrier,W,Monde,S1M,Les Ménages et ISBLSM,S1,Economie totale,_Z,Non applicable,B,Solde (recettes moins dépenses),B6N_R,"Revenu disponible réel des ménages, net",_Z,Non applicable,,,,,,,,,,,L,Volumes chaînés,N,Données non transformées,,,,,,,F,Libre (libre pour publication),2,Two,A,Valeur normale,6,Millions,ZAR,Rand
DATAFLOW,OECD.SDD.NAD:DSD_NAAG@DF_NAAG_V(1.0),NAAG Chapitre 5: Ménages,I,A,Annuelle,AUS,Australie,B6N_R_PPP_P31S14,"Revenu disponible net réel des ménages et des ISBLSM, déflaté par la consommation finale des ménages et des ISBLSM",XDC,Monnaie nationale,NAAG_V,Part V: Households,2017,,1122843.61406445,,N,Ni corrigé des variations saisonnières ni corrigé des effets de calendrier,W,Monde,S1M,Les Ménages et ISBLSM,S1,Economie totale,_Z,Non applicable,B,Solde (recettes moins dépenses),B6N_R,"Revenu disponible réel des ménages, net",_Z,Non applicable,,,,,,,,,,,L,Volumes chaînés,N,Données non transformées,,,,,,,F,Libre (libre pour publication),2,Two,A,Valeur normale,6,Millions,AUD,Dollar australien
DATAFLOW,OECD.SDD.NAD:DSD_NAAG@DF_NAAG_V(1.0),NAAG Chapitre 5: Ménages,I,A,Annuelle,CAN,Canada,B6N_R_PPP_P31S14,"Revenu disponible net réel des ménages et des ISBLSM, déflaté par la consommation finale des ménages et des ISBLSM",XDC,Monnaie nationale,NAAG_V,Part V: Households,2017,,1269778.14517096,,N,Ni corrigé des variations saisonnières ni corrigé des effets de calendrier,W,Monde,S1M,Les Ménages et ISBLSM,S1,Economie totale,_Z,Non applicable,B,Solde (recettes moins dépenses),B6N_R,"Revenu disponible réel des ménages, net",_Z,Non applicable,,,,,,,,,,,L,Volumes chaînés,N,Données non transformées,,,,,,,F,Libre (libre pour publication),2,Two,A,Valeur normale,6,Millions,CAD,Dollar canadien
DATAFLOW,OECD.SDD.NAD:DSD_NAAG@DF_NAAG_V(1.0),NAAG Chapitre 5: Ménages,I,A,Annuelle,CHL,Chili,B6N_R_PPP_P31S14,"Revenu disponible net réel des ménages et des ISBLSM, déflaté par la consommation finale des ménages et des ISBLSM",XDC,Monnaie nationale,NAAG_V,Part V: Households,2017,,125011316.963875,,N,Ni corrigé des variations saisonnières ni corrigé des effets de calendrier,W,Monde,S1M,Les Ménages et ISBLSM,S1,Economie totale,_Z,Non applicable,B,Solde (recettes moins dépenses),B6N_R,"Revenu disponible réel des ménages, net",_Z,Non applicable,,,,,,,,,,,L,Volumes chaînés,N,Données non transformées,,,,,,,F,Libre (libre pour publication),2,Two,A,Valeur normale,6,Millions,CLP,Peso chilien
DATAFLOW,OECD.SDD.NAD:DSD_NAAG@DF_NAAG_V(1.0),NAAG Chapitre 5: Ménages,I,A,Annuelle,COL,Colombie,B6N_R_PPP_P31S14,"Revenu disponible net réel des ménages et des ISBLSM, déflaté par la consommation finale des ménages et des ISBLSM",XDC,Monnaie nationale,NAAG_V,Part V: Households,2017,,748501812.49973,,N,Ni corrigé des variations saisonnières ni corrigé des effets de calendrier,W,Monde,S1M,Les Ménages et ISBLSM,S1,Economie totale,_Z,Non applicable,B,Solde (recettes moins dépenses),B6N_R,"Revenu disponible réel des ménages, net",_Z,Non applicable,,,,,,,,,,,L,Volumes chaînés,N,Données non transformées,,,,,,,F,Libre (libre pour publication),2,Two,A,Valeur normale,6,Millions,COP,Peso colombien
DATAFLOW,OECD.SDD.NAD:DSD_NAAG@DF_NAAG_V(1.0),NAAG Chapitre 5: Ménages,I,A,Annuelle,CRI,Costa Rica,B6N_R_PPP_P31S14,"Revenu disponible net réel des ménages et des ISBLSM, déflaté par la consommation finale des ménages et des ISBLSM",XDC,Monnaie nationale,NAAG_V,Part V: Households,2017,,24424232.6629267,,N,Ni corrigé des variations saisonnières ni corrigé des effets de calendrier,W,Monde,S1M,Les Ménages et ISBLSM,S1,Economie totale,_Z,Non applicable,B,Solde (recettes moins dépenses),B6N_R,"Revenu disponible réel des ménages, net",_Z,Non applicable,,,,,,,,,,,L,Volumes chaînés,N,Données non transformées,,,,,,,F,Libre (libre pour publication),2,Two,A,Valeur normale,6,Millions,CRC,Côlon de Costa Rica
DATAFLOW,OECD.SDD.NAD:DSD_NAAG@DF_NAAG_V(1.0),NAAG Chapitre 5: Ménages,I,A,Annuelle,CZE,Tchéquie,B6N_R_PPP_P31S14,"Revenu disponible net réel des ménages et des ISBLSM, déflaté par la consommation finale des ménages et des ISBLSM",XDC,Monnaie nationale,NAAG_V,Part V: Households,2017,,2850544.54958133,,N,Ni corrigé des variations saisonnières ni corrigé des effets de calendrier,W,Monde,S1M,Les Ménages et ISBLSM,S1,Economie totale,_Z,Non applicable,B,Solde (recettes moins dépenses),B6N_R,"Revenu disponible réel des ménages, net",_Z,Non applicable,,,,,,,,,,,L,Volumes chaînés,N,Données non transformées,,,,,,,F,Libre (libre pour publication),2,Two,A,Valeur normale,6,Millions,CZK,Couronne tchèque
DATAFLOW,OECD.SDD.NAD:DSD_NAAG@DF_NAAG_V(1.0),NAAG Chapitre 5: Ménages,I,A,Annuelle,DNK,Danemark,B6N_R_PPP_P31S14,"Revenu disponible net réel des ménages et des ISBLSM, déflaté par la consommation finale des ménages et des ISBLSM",XDC,Monnaie nationale,NAAG_V,Part V: Households,2017,,993487.76146838,,N,Ni corrigé des variations saisonnières ni corrigé des effets de calendrier,W,Monde,S1M,Les Ménages et ISBLSM,S1,Economie totale,_Z,Non applicable,B,Solde (recettes moins dépenses),B6N_R,"Revenu disponible réel des ménages, net",_Z,Non applicable,,,,,,,,,,,L,Volumes chaînés,N,Données non transformées,,,,,,,F,Libre (libre pour publication),2,Two,A,Valeur normale,6,Millions,DKK,Couronne danoise
DATAFLOW,OECD.SDD.NAD:DSD_NAAG@DF_NAAG_V(1.0),NAAG Chapitre 5: Ménages,I,A,Annuelle,HUN,Hongrie,B6N_R_PPP_P31S14,"Revenu disponible net réel des ménages et des ISBLSM, déflaté par la consommation finale des ménages et des ISBLSM",XDC,Monnaie nationale,NAAG_V,Part V: Households,2017,,23806391.905121,,N,Ni corrigé des variations saisonnières ni corrigé des effets de calendrier,W,Monde,S1M,Les Ménages et ISBLSM,S1,Economie totale,_Z,Non applicable,B,Solde (recettes moins dépenses),B6N_R,"Revenu disponible réel des ménages, net",_Z,Non applicable,,,,,,,,,,,L,Volumes chaînés,N,Données non transformées,,,,,,,F,Libre (libre pour publication),2,Two,A,Valeur normale,6,Millions,HUF,Forint
DATAFLOW,OECD.SDD.NAD:DSD_NAAG@DF_NAAG_V(1.0),NAAG Chapitre 5: Ménages,I,A,Annuelle,JPN,Japon,B6N_R_PPP_P31S14,"Revenu disponible net réel des ménages et des ISBLSM, déflaté par la consommation finale des ménages et des ISBLSM",XDC,Monnaie nationale,NAAG_V,Part V: Households,2017,,312046780.089357,,N,Ni corrigé des variations saisonnières ni corrigé des effets de calendrier,W,Monde,S1M,Les Ménages et ISBLSM,S1,Economie totale,_Z,Non applicable,B,Solde (recettes moins dépenses),B6N_R,"Revenu disponible réel des ménages, net",_Z,Non applicable,,,,,,,,,,,L,Volumes chaînés,N,Données non transformées,,,,,,,F,Libre (libre pour publication),2,Two,A,Valeur normale,6,Millions,JPY,Yen
DATAFLOW,OECD.SDD.NAD:DSD_NAAG@DF_NAAG_V(1.0),NAAG Chapitre 5: Ménages,I,A,Annuelle,KOR,Corée,B6N_R_PPP_P31S14,"Revenu disponible net réel des ménages et des ISBLSM, déflaté par la consommation finale des ménages et des ISBLSM",XDC,Monnaie nationale,NAAG_V,Part V: Households,2017,,1021811454.76686,,N,Ni corrigé des variations saisonnières ni corrigé des effets de calendrier,W,Monde,S1M,Les Ménages et ISBLSM,S1,Economie totale,_Z,Non applicable,B,Solde (recettes moins dépenses),B6N_R,"Revenu disponible réel des ménages, net",_Z,Non applicable,,,,,,,,,,,L,Volumes chaînés,N,Données non transformées,,,,,,,F,Libre (libre pour publication),2,Two,A,Valeur normale,6,Millions,KRW,Won
DATAFLOW,OECD.SDD.NAD:DSD_NAAG@DF_NAAG_V(1.0),NAAG Chapitre 5: Ménages,I,A,Annuelle,MEX,Mexique,B6N_R_PPP_P31S14,"Revenu disponible net réel des ménages et des ISBLSM, déflaté par la consommation finale des ménages et des ISBLSM",XDC,Monnaie nationale,NAAG_V,Part V: Households,2017,,17734592.7125032,,N,Ni corrigé des variations saisonnières ni corrigé des effets de calendrier,W,Monde,S1M,Les Ménages et ISBLSM,S1,Economie totale,_Z,Non applicable,B,Solde (recettes moins dépenses),B6N_R,"Revenu disponible réel des ménages, net",_Z,Non applicable,,,,,,,,,,,L,Volumes chaînés,N,Données non transformées,,,,,,,F,Libre (libre pour publication),2,Two,A,Valeur normale,6,Millions,MXN,Peso mexicain
DATAFLOW,OECD.SDD.NAD:DSD_NAAG@DF_NAAG_V(1.0),NAAG Chapitre 5: Ménages,I,A,Annuelle,NZL,Nouvelle-Zélande,B6N_R_PPP_P31S14,"Revenu disponible net réel des ménages et des ISBLSM, déflaté par la consommation finale des ménages et des ISBLSM",XDC,Monnaie nationale,NAAG_V,Part V: Households,2017,,171987.273054515,,N,Ni corrigé des variations saisonnières ni corrigé des effets de calendrier,W,Monde,S1M,Les Ménages et ISBLSM,S1,Economie totale,_Z,Non applicable,B,Solde (recettes moins dépenses),B6N_R,"Revenu disponible réel des ménages, net",_Z,Non applicable,,,,,,,,,,,L,Volumes chaînés,N,Données non transformées,,,,,,,F,Libre (libre pour publication),2,Two,A,Valeur normale,6,Millions,NZD,Dollar néo-zélandais
DATAFLOW,OECD.SDD.NAD:DSD_NAAG@DF_NAAG_V(1.0),NAAG Chapitre 5: Ménages,I,A,Annuelle,NOR,Norvège,B6N_R_PPP_P31S14,"Revenu disponible net réel des ménages et des ISBLSM, déflaté par la consommation finale des ménages et des ISBLSM",XDC,Monnaie nationale,NAAG_V,Part V: Households,2017,,1593207.64310383,,N,Ni corrigé des variations saisonnières ni corrigé des effets de calendrier,W,Monde,S1M,Les Ménages et ISBLSM,S1,Economie totale,_Z,Non applicable,B,Solde (recettes moins dépenses),B6N_R,"Revenu disponible réel des ménages, net",_Z,Non applicable,,,,,,,,,,,L,Volumes chaînés,N,Données non transformées,,,,,,,F,Libre (libre pour publication),2,Two,A,Valeur normale,6,Millions,NOK,Couronne norvégienne
DATAFLOW,OECD.SDD.NAD:DSD_NAAG@DF_NAAG_V(1.0),NAAG Chapitre 5: Ménages,I,A,Annuelle,POL,Pologne,B6N_R_PPP_P31S14,"Revenu disponible net réel des ménages et des ISBLSM, déflaté par la consommation finale des ménages et des ISBLSM",XDC,Monnaie nationale,NAAG_V,Part V: Households,2017,,1314664.81102943,,N,Ni corrigé des variations saisonnières ni corrigé des effets de calendrier,W,Monde,S1M,Les Ménages et ISBLSM,S1,Economie totale,_Z,Non applicable,B,Solde (recettes moins dépenses),B6N_R,"Revenu disponible réel des ménages, net",_Z,Non applicable,,,,,,,,,,,L,Volumes chaînés,N,Données non transformées,,,,,,,F,Libre (libre pour publication),2,Two,A,Valeur normale,6,Millions,PLN,Zloty
DATAFLOW,OECD.SDD.NAD:DSD_NAAG@DF_NAAG_V(1.0),NAAG Chapitre 5: Ménages,I,A,Annuelle,SWE,Suède,B6N_R_PPP_P31S14,"Revenu disponible net réel des ménages et des ISBLSM, déflaté par la consommation finale des ménages et des ISBLSM",XDC,Monnaie nationale,NAAG_V,Part V: Households,2017,,2367133.14172468,,N,Ni corrigé des variations saisonnières ni corrigé des effets de calendrier,W,Monde,S1M,Les Ménages et ISBLSM,S1,Economie totale,_Z,Non applicable,B,Solde (recettes moins dépenses),B6N_R,"Revenu disponible réel des ménages, net",_Z,Non applicable,,,,,,,,,,,L,Volumes chaînés,N,Données non transformées,,,,,,,F,Libre (libre pour publication),2,Two,A,Valeur normale,6,Millions,SEK,Couronne suédoise
DATAFLOW,OECD.SDD.NAD:DSD_NAAG@DF_NAAG_V(1.0),NAAG Chapitre 5: Ménages,I,A,Annuelle,CHE,Suisse,B6N_R_PPP_P31S14,"Revenu disponible net réel des ménages et des ISBLSM, déflaté par la consommation finale des ménages et des ISBLSM",XDC,Monnaie nationale,NAAG_V,Part V: Households,2017,,401045.51223163,,N,Ni corrigé des variations saisonnières ni corrigé des effets de calendrier,W,Monde,S1M,Les Ménages et ISBLSM,S1,Economie totale,_Z,Non applicable,B,Solde (recettes moins dépenses),B6N_R,"Revenu disponible réel des ménages, net",_Z,Non applicable,,,,,,,,,,,L,Volumes chaînés,N,Données non transformées,,,,,,,F,Libre (libre pour publication),2,Two,A,Valeur normale,6,Millions,CHF,Franc suisse
DATAFLOW,OECD.SDD.NAD:DSD_NAAG@DF_NAAG_V(1.0),NAAG Chapitre 5: Ménages,I,A,Annuelle,GBR,Royaume-Uni,B6N_R_PPP_P31S14,"Revenu disponible net réel des ménages et des ISBLSM, déflaté par la consommation finale des ménages et des ISBLSM",XDC,Monnaie nationale,NAAG_V,Part V: Households,2017,,1321968.62091218,,N,Ni corrigé des variations saisonnières ni corrigé des effets de calendrier,W,Monde,S1M,Les Ménages et ISBLSM,S1,Economie totale,_Z,Non applicable,B,Solde (recettes moins dépenses),B6N_R,"Revenu disponible réel des ménages, net",_Z,Non applicable,,,,,,,,,,,L,Volumes chaînés,N,Données non transformées,,,,,,,F,Libre (libre pour publication),2,Two,A,Valeur normale,6,Millions,GBP,Livre sterling
DATAFLOW,OECD.SDD.NAD:DSD_NAAG@DF_NAAG_V(1.0),NAAG Chapitre 5: Ménages,I,A,Annuelle,BRA,Brésil,B6N_R_PPP_P31S14,"Revenu disponible net réel des ménages et des ISBLSM, déflaté par la consommation finale des ménages et des ISBLSM",XDC,Monnaie nationale,NAAG_V,Part V: Households,2017,,5417969.36609163,,N,Ni corrigé des variations saisonnières ni corrigé des effets de calendrier,W,Monde,S1M,Les Ménages et ISBLSM,S1,Economie totale,_Z,Non applicable,B,Solde (recettes moins dépenses),B6N_R,"Revenu disponible réel des ménages, net",_Z,Non applicable,,,,,,,,,,,L,Volumes chaînés,N,Données non transformées,,,,,,,F,Libre (libre pour publication),2,Two,A,Valeur normale,6,Millions,BRL,Réal brésilien
DATAFLOW,OECD.SDD.NAD:DSD_NAAG@DF_NAAG_V(1.0),NAAG Chapitre 5: Ménages,I,A,Annuelle,ZAF,Afrique du Sud,B6N_R_PPP_P31S14,"Revenu disponible net réel des ménages et des ISBLSM, déflaté par la consommation finale des ménages et des ISBLSM",XDC,Monnaie nationale,NAAG_V,Part V: Households,2017,,3469942.11155722,,N,Ni corrigé des variations saisonnières ni corrigé des effets de calendrier,W,Monde,S1M,Les Ménages et ISBLSM,S1,Economie totale,_Z,Non applicable,B,Solde (recettes moins dépenses),B6N_R,"Revenu disponible réel des ménages, net",_Z,Non applicable,,,,,,,,,,,L,Volumes chaînés,N,Données non transformées,,,,,,,F,Libre (libre pour publication),2,Two,A,Valeur normale,6,Millions,ZAR,Rand
DATAFLOW,OECD.SDD.NAD:DSD_NAAG@DF_NAAG_V(1.0),NAAG Chapitre 5: Ménages,I,A,Annuelle,AUS,Australie,B6N_R_PPP_P31S14,"Revenu disponible net réel des ménages et des ISBLSM, déflaté par la consommation finale des ménages et des ISBLSM",XDC,Monnaie nationale,NAAG_V,Part V: Households,2018,,1150659.60877453,,N,Ni corrigé des variations saisonnières ni corrigé des effets de calendrier,W,Monde,S1M,Les Ménages et ISBLSM,S1,Economie totale,_Z,Non applicable,B,Solde (recettes moins dépenses),B6N_R,"Revenu disponible réel des ménages, net",_Z,Non applicable,,,,,,,,,,,L,Volumes chaînés,N,Données non transformées,,,,,,,F,Libre (libre pour publication),2,Two,A,Valeur normale,6,Millions,AUD,Dollar australien
DATAFLOW,OECD.SDD.NAD:DSD_NAAG@DF_NAAG_V(1.0),NAAG Chapitre 5: Ménages,I,A,Annuelle,CAN,Canada,B6N_R_PPP_P31S14,"Revenu disponible net réel des ménages et des ISBLSM, déflaté par la consommation finale des ménages et des ISBLSM",XDC,Monnaie nationale,NAAG_V,Part V: Households,2018,,1289665.86231091,,N,Ni corrigé des variations saisonnières ni corrigé des effets de calendrier,W,Monde,S1M,Les Ménages et ISBLSM,S1,Economie totale,_Z,Non applicable,B,Solde (recettes moins dépenses),B6N_R,"Revenu disponible réel des ménages, net",_Z,Non applicable,,,,,,,,,,,L,Volumes chaînés,N,Données non transformées,,,,,,,F,Libre (libre pour publication),2,Two,A,Valeur normale,6,Millions,CAD,Dollar canadien
DATAFLOW,OECD.SDD.NAD:DSD_NAAG@DF_NAAG_V(1.0),NAAG Chapitre 5: Ménages,I,A,Annuelle,CHL,Chili,B6N_R_PPP_P31S14,"Revenu disponible net réel des ménages et des ISBLSM, déflaté par la consommation finale des ménages et des ISBLSM",XDC,Monnaie nationale,NAAG_V,Part V: Households,2018,,130134763.373553,,N,Ni corrigé des variations saisonnières ni corrigé des effets de calendrier,W,Monde,S1M,Les Ménages et ISBLSM,S1,Economie totale,_Z,Non applicable,B,Solde (recettes moins dépenses),B6N_R,"Revenu disponible réel des ménages, net",_Z,Non applicable,,,,,,,,,,,L,Volumes chaînés,N,Données non transformées,,,,,,,F,Libre (libre pour publication),2,Two,A,Valeur normale,6,Millions,CLP,Peso chilien
DATAFLOW,OECD.SDD.NAD:DSD_NAAG@DF_NAAG_V(1.0),NAAG Chapitre 5: Ménages,I,A,Annuelle,COL,Colombie,B6N_R_PPP_P31S14,"Revenu disponible net réel des ménages et des ISBLSM, déflaté par la consommation finale des ménages et des ISBLSM",XDC,Monnaie nationale,NAAG_V,Part V: Households,2018,,773847063.386273,,N,Ni corrigé des variations saisonnières ni corrigé des effets de calendrier,W,Monde,S1M,Les Ménages et ISBLSM,S1,Economie totale,_Z,Non applicable,B,Solde (recettes moins dépenses),B6N_R,"Revenu disponible réel des ménages, net",_Z,Non applicable,,,,,,,,,,,L,Volumes chaînés,N,Données non transformées,,,,,,,F,Libre (libre pour publication),2,Two,A,Valeur normale,6,Millions,COP,Peso colombien
DATAFLOW,OECD.SDD.NAD:DSD_NAAG@DF_NAAG_V(1.0),NAAG Chapitre 5: Ménages,I,A,Annuelle,CRI,Costa Rica,B6N_R_PPP_P31S14,"Revenu disponible net réel des ménages et des ISBLSM, déflaté par la consommation finale des ménages et des ISBLSM",XDC,Monnaie nationale,NAAG_V,Part V: Households,2018,,25247530.0636973,,N,Ni corrigé des variations saisonnières ni corrigé des effets de calendrier,W,Monde,S1M,Les Ménages et ISBLSM,S1,Economie totale,_Z,Non applicable,B,Solde (recettes moins dépenses),B6N_R,"Revenu disponible réel des ménages, net",_Z,Non applicable,,,,,,,,,,,L,Volumes chaînés,N,Données non transformées,,,,,,,F,Libre (libre pour publication),2,Two,A,Valeur normale,6,Millions,CRC,Côlon de Costa Rica
DATAFLOW,OECD.SDD.NAD:DSD_NAAG@DF_NAAG_V(1.0),NAAG Chapitre 5: Ménages,I,A,Annuelle,CZE,Tchéquie,B6N_R_PPP_P31S14,"Revenu disponible net réel des ménages et des ISBLSM, déflaté par la consommation finale des ménages et des ISBLSM",XDC,Monnaie nationale,NAAG_V,Part V: Households,2018,,2973585.69756938,,N,Ni corrigé des variations saisonnières ni corrigé des effets de calendrier,W,Monde,S1M,Les Ménages et ISBLSM,S1,Economie totale,_Z,Non applicable,B,Solde (recettes moins dépenses),B6N_R,"Revenu disponible réel des ménages, net",_Z,Non applicable,,,,,,,,,,,L,Volumes chaînés,N,Données non transformées,,,,,,,F,Libre (libre pour publication),2,Two,A,Valeur normale,6,Millions,CZK,Couronne tchèque
DATAFLOW,OECD.SDD.NAD:DSD_NAAG@DF_NAAG_V(1.0),NAAG Chapitre 5: Ménages,I,A,Annuelle,DNK,Danemark,B6N_R_PPP_P31S14,"Revenu disponible net réel des ménages et des ISBLSM, déflaté par la consommation finale des ménages et des ISBLSM",XDC,Monnaie nationale,NAAG_V,Part V: Households,2018,,1027339.17704158,,N,Ni corrigé des variations saisonnières ni corrigé des effets de calendrier,W,Monde,S1M,Les Ménages et ISBLSM,S1,Economie totale,_Z,Non applicable,B,Solde (recettes moins dépenses),B6N_R,"Revenu disponible réel des ménages, net",_Z,Non applicable,,,,,,,,,,,L,Volumes chaînés,N,Données non transformées,,,,,,,F,Libre (libre pour publication),2,Two,A,Valeur normale,6,Millions,DKK,Couronne danoise
DATAFLOW,OECD.SDD.NAD:DSD_NAAG@DF_NAAG_V(1.0),NAAG Chapitre 5: Ménages,I,A,Annuelle,HUN,Hongrie,B6N_R_PPP_P31S14,"Revenu disponible net réel des ménages et des ISBLSM, déflaté par la consommation finale des ménages et des ISBLSM",XDC,Monnaie nationale,NAAG_V,Part V: Households,2018,,25742758.8371157,,N,Ni corrigé des variations saisonnières ni corrigé des effets de calendrier,W,Monde,S1M,Les Ménages et ISBLSM,S1,Economie totale,_Z,Non applicable,B,Solde (recettes moins dépenses),B6N_R,"Revenu disponible réel des ménages, net",_Z,Non applicable,,,,,,,,,,,L,Volumes chaînés,N,Données non transformées,,,,,,,F,Libre (libre pour publication),2,Two,A,Valeur normale,6,Millions,HUF,Forint
DATAFLOW,OECD.SDD.NAD:DSD_NAAG@DF_NAAG_V(1.0),NAAG Chapitre 5: Ménages,I,A,Annuelle,JPN,Japon,B6N_R_PPP_P31S14,"Revenu disponible net réel des ménages et des ISBLSM, déflaté par la consommation finale des ménages et des ISBLSM",XDC,Monnaie nationale,NAAG_V,Part V: Households,2018,,313112985.019927,,N,Ni corrigé des variations saisonnières ni corrigé des effets de calendrier,W,Monde,S1M,Les Ménages et ISBLSM,S1,Economie totale,_Z,Non applicable,B,Solde (recettes moins dépenses),B6N_R,"Revenu disponible réel des ménages, net",_Z,Non applicable,,,,,,,,,,,L,Volumes chaînés,N,Données non transformées,,,,,,,F,Libre (libre pour publication),2,Two,A,Valeur normale,6,Millions,JPY,Yen
DATAFLOW,OECD.SDD.NAD:DSD_NAAG@DF_NAAG_V(1.0),NAAG Chapitre 5: Ménages,I,A,Annuelle,KOR,Corée,B6N_R_PPP_P31S14,"Revenu disponible net réel des ménages et des ISBLSM, déflaté par la consommation finale des ménages et des ISBLSM",XDC,Monnaie nationale,NAAG_V,Part V: Households,2018,,1051973916.55866,,N,Ni corrigé des variations saisonnières ni corrigé des effets de calendrier,W,Monde,S1M,Les Ménages et ISBLSM,S1,Economie totale,_Z,Non applicable,B,Solde (recettes moins dépenses),B6N_R,"Revenu disponible réel des ménages, net",_Z,Non applicable,,,,,,,,,,,L,Volumes chaînés,N,Données non transformées,,,,,,,F,Libre (libre pour publication),2,Two,A,Valeur normale,6,Millions,KRW,Won
DATAFLOW,OECD.SDD.NAD:DSD_NAAG@DF_NAAG_V(1.0),NAAG Chapitre 5: Ménages,I,A,Annuelle,MEX,Mexique,B6N_R_PPP_P31S14,"Revenu disponible net réel des ménages et des ISBLSM, déflaté par la consommation finale des ménages et des ISBLSM",XDC,Monnaie nationale,NAAG_V,Part V: Households,2018,,17899554.4628594,,N,Ni corrigé des variations saisonnières ni corrigé des effets de calendrier,W,Monde,S1M,Les Ménages et ISBLSM,S1,Economie totale,_Z,Non applicable,B,Solde (recettes moins dépenses),B6N_R,"Revenu disponible réel des ménages, net",_Z,Non applicable,,,,,,,,,,,L,Volumes chaînés,N,Données non transformées,,,,,,,F,Libre (libre pour publication),2,Two,A,Valeur normale,6,Millions,MXN,Peso mexicain
DATAFLOW,OECD.SDD.NAD:DSD_NAAG@DF_NAAG_V(1.0),NAAG Chapitre 5: Ménages,I,A,Annuelle,NZL,Nouvelle-Zélande,B6N_R_PPP_P31S14,"Revenu disponible net réel des ménages et des ISBLSM, déflaté par la consommation finale des ménages et des ISBLSM",XDC,Monnaie nationale,NAAG_V,Part V: Households,2018,,181469.497343124,,N,Ni corrigé des variations saisonnières ni corrigé des effets de calendrier,W,Monde,S1M,Les Ménages et ISBLSM,S1,Economie totale,_Z,Non applicable,B,Solde (recettes moins dépenses),B6N_R,"Revenu disponible réel des ménages, net",_Z,Non applicable,,,,,,,,,,,L,Volumes chaînés,N,Données non transformées,,,,,,,F,Libre (libre pour publication),2,Two,A,Valeur normale,6,Millions,NZD,Dollar néo-zélandais
DATAFLOW,OECD.SDD.NAD:DSD_NAAG@DF_NAAG_V(1.0),NAAG Chapitre 5: Ménages,I,A,Annuelle,NOR,Norvège,B6N_R_PPP_P31S14,"Revenu disponible net réel des ménages et des ISBLSM, déflaté par la consommation finale des ménages et des ISBLSM",XDC,Monnaie nationale,NAAG_V,Part V: Households,2018,,1607571.42871328,,N,Ni corrigé des variations saisonnières ni corrigé des effets de calendrier,W,Monde,S1M,Les Ménages et ISBLSM,S1,Economie totale,_Z,Non applicable,B,Solde (recettes moins dépenses),B6N_R,"Revenu disponible réel des ménages, net",_Z,Non applicable,,,,,,,,,,,L,Volumes chaînés,N,Données non transformées,,,,,,,F,Libre (libre pour publication),2,Two,A,Valeur normale,6,Millions,NOK,Couronne norvégienne
DATAFLOW,OECD.SDD.NAD:DSD_NAAG@DF_NAAG_V(1.0),NAAG Chapitre 5: Ménages,I,A,Annuelle,POL,Pologne,B6N_R_PPP_P31S14,"Revenu disponible net réel des ménages et des ISBLSM, déflaté par la consommation finale des ménages et des ISBLSM",XDC,Monnaie nationale,NAAG_V,Part V: Households,2018,,1373510.50367457,,N,Ni corrigé des variations saisonnières ni corrigé des effets de calendrier,W,Monde,S1M,Les Ménages et ISBLSM,S1,Economie totale,_Z,Non applicable,B,Solde (recettes moins dépenses),B6N_R,"Revenu disponible réel des ménages, net",_Z,Non applicable,,,,,,,,,,,L,Volumes chaînés,N,Données non transformées,,,,,,,F,Libre (libre pour publication),2,Two,A,Valeur normale,6,Millions,PLN,Zloty
DATAFLOW,OECD.SDD.NAD:DSD_NAAG@DF_NAAG_V(1.0),NAAG Chapitre 5: Ménages,I,A,Annuelle,SWE,Suède,B6N_R_PPP_P31S14,"Revenu disponible net réel des ménages et des ISBLSM, déflaté par la consommation finale des ménages et des ISBLSM",XDC,Monnaie nationale,NAAG_V,Part V: Households,2018,,2407579.63972045,,N,Ni corrigé des variations saisonnières ni corrigé des effets de calendrier,W,Monde,S1M,Les Ménages et ISBLSM,S1,Economie totale,_Z,Non applicable,B,Solde (recettes moins dépenses),B6N_R,"Revenu disponible réel des ménages, net",_Z,Non applicable,,,,,,,,,,,L,Volumes chaînés,N,Données non transformées,,,,,,,F,Libre (libre pour publication),2,Two,A,Valeur normale,6,Millions,SEK,Couronne suédoise
DATAFLOW,OECD.SDD.NAD:DSD_NAAG@DF_NAAG_V(1.0),NAAG Chapitre 5: Ménages,I,A,Annuelle,CHE,Suisse,B6N_R_PPP_P31S14,"Revenu disponible net réel des ménages et des ISBLSM, déflaté par la consommation finale des ménages et des ISBLSM",XDC,Monnaie nationale,NAAG_V,Part V: Households,2018,,403301.396551188,,N,Ni corrigé des variations saisonnières ni corrigé des effets de calendrier,W,Monde,S1M,Les Ménages et ISBLSM,S1,Economie totale,_Z,Non applicable,B,Solde (recettes moins dépenses),B6N_R,"Revenu disponible réel des ménages, net",_Z,Non applicable,,,,,,,,,,,L,Volumes chaînés,N,Données non transformées,,,,,,,F,Libre (libre pour publication),2,Two,A,Valeur normale,6,Millions,CHF,Franc suisse
DATAFLOW,OECD.SDD.NAD:DSD_NAAG@DF_NAAG_V(1.0),NAAG Chapitre 5: Ménages,I,A,Annuelle,GBR,Royaume-Uni,B6N_R_PPP_P31S14,"Revenu disponible net réel des ménages et des ISBLSM, déflaté par la consommation finale des ménages et des ISBLSM",XDC,Monnaie nationale,NAAG_V,Part V: Households,2018,,1347058.72516022,,N,Ni corrigé des variations saisonnières ni corrigé des effets de calendrier,W,Monde,S1M,Les Ménages et ISBLSM,S1,Economie totale,_Z,Non applicable,B,Solde (recettes moins dépenses),B6N_R,"Revenu disponible réel des ménages, net",_Z,Non applicable,,,,,,,,,,,L,Volumes chaînés,N,Données non transformées,,,,,,,F,Libre (libre pour publication),2,Two,A,Valeur normale,6,Millions,GBP,Livre sterling
DATAFLOW,OECD.SDD.NAD:DSD_NAAG@DF_NAAG_V(1.0),NAAG Chapitre 5: Ménages,I,A,Annuelle,BRA,Brésil,B6N_R_PPP_P31S14,"Revenu disponible net réel des ménages et des ISBLSM, déflaté par la consommation finale des ménages et des ISBLSM",XDC,Monnaie nationale,NAAG_V,Part V: Households,2018,,5447675.97906187,,N,Ni corrigé des variations saisonnières ni corrigé des effets de calendrier,W,Monde,S1M,Les Ménages et ISBLSM,S1,Economie totale,_Z,Non applicable,B,Solde (recettes moins dépenses),B6N_R,"Revenu disponible réel des ménages, net",_Z,Non applicable,,,,,,,,,,,L,Volumes chaînés,N,Données non transformées,,,,,,,F,Libre (libre pour publication),2,Two,A,Valeur normale,6,Millions,BRL,Réal brésilien
DATAFLOW,OECD.SDD.NAD:DSD_NAAG@DF_NAAG_V(1.0),NAAG Chapitre 5: Ménages,I,A,Annuelle,ZAF,Afrique du Sud,B6N_R_PPP_P31S14,"Revenu disponible net réel des ménages et des ISBLSM, déflaté par la consommation finale des ménages et des ISBLSM",XDC,Monnaie nationale,NAAG_V,Part V: Households,2018,,3549199.76065107,,N,Ni corrigé des variations saisonnières ni corrigé des effets de calendrier,W,Monde,S1M,Les Ménages et ISBLSM,S1,Economie totale,_Z,Non applicable,B,Solde (recettes moins dépenses),B6N_R,"Revenu disponible réel des ménages, net",_Z,Non applicable,,,,,,,,,,,L,Volumes chaînés,N,Données non transformées,,,,,,,F,Libre (libre pour publication),2,Two,A,Valeur normale,6,Millions,ZAR,Rand
DATAFLOW,OECD.SDD.NAD:DSD_NAAG@DF_NAAG_V(1.0),NAAG Chapitre 5: Ménages,I,A,Annuelle,AUS,Australie,B6N_R_PPP_P31S14,"Revenu disponible net réel des ménages et des ISBLSM, déflaté par la consommation finale des ménages et des ISBLSM",XDC,Monnaie nationale,NAAG_V,Part V: Households,2019,,1196003.71554727,,N,Ni corrigé des variations saisonnières ni corrigé des effets de calendrier,W,Monde,S1M,Les Ménages et ISBLSM,S1,Economie totale,_Z,Non applicable,B,Solde (recettes moins dépenses),B6N_R,"Revenu disponible réel des ménages, net",_Z,Non applicable,,,,,,,,,,,L,Volumes chaînés,N,Données non transformées,,,,,,,F,Libre (libre pour publication),2,Two,A,Valeur normale,6,Millions,AUD,Dollar australien
DATAFLOW,OECD.SDD.NAD:DSD_NAAG@DF_NAAG_V(1.0),NAAG Chapitre 5: Ménages,I,A,Annuelle,CAN,Canada,B6N_R_PPP_P31S14,"Revenu disponible net réel des ménages et des ISBLSM, déflaté par la consommation finale des ménages et des ISBLSM",XDC,Monnaie nationale,NAAG_V,Part V: Households,2019,,1326253.61110411,,N,Ni corrigé des variations saisonnières ni corrigé des effets de calendrier,W,Monde,S1M,Les Ménages et ISBLSM,S1,Economie totale,_Z,Non applicable,B,Solde (recettes moins dépenses),B6N_R,"Revenu disponible réel des ménages, net",_Z,Non applicable,,,,,,,,,,,L,Volumes chaînés,N,Données non transformées,,,,,,,F,Libre (libre pour publication),2,Two,A,Valeur normale,6,Millions,CAD,Dollar canadien
DATAFLOW,OECD.SDD.NAD:DSD_NAAG@DF_NAAG_V(1.0),NAAG Chapitre 5: Ménages,I,A,Annuelle,CHL,Chili,B6N_R_PPP_P31S14,"Revenu disponible net réel des ménages et des ISBLSM, déflaté par la consommation finale des ménages et des ISBLSM",XDC,Monnaie nationale,NAAG_V,Part V: Households,2019,,134498920.986926,,N,Ni corrigé des variations saisonnières ni corrigé des effets de calendrier,W,Monde,S1M,Les Ménages et ISBLSM,S1,Economie totale,_Z,Non applicable,B,Solde (recettes moins dépenses),B6N_R,"Revenu disponible réel des ménages, net",_Z,Non applicable,,,,,,,,,,,L,Volumes chaînés,N,Données non transformées,,,,,,,F,Libre (libre pour publication),2,Two,A,Valeur normale,6,Millions,CLP,Peso chilien
DATAFLOW,OECD.SDD.NAD:DSD_NAAG@DF_NAAG_V(1.0),NAAG Chapitre 5: Ménages,I,A,Annuelle,COL,Colombie,B6N_R_PPP_P31S14,"Revenu disponible net réel des ménages et des ISBLSM, déflaté par la consommation finale des ménages et des ISBLSM",XDC,Monnaie nationale,NAAG_V,Part V: Households,2019,,793585396.123504,,N,Ni corrigé des variations saisonnières ni corrigé des effets de calendrier,W,Monde,S1M,Les Ménages et ISBLSM,S1,Economie totale,_Z,Non applicable,B,Solde (recettes moins dépenses),B6N_R,"Revenu disponible réel des ménages, net",_Z,Non applicable,,,,,,,,,,,L,Volumes chaînés,N,Données non transformées,,,,,,,F,Libre (libre pour publication),2,Two,A,Valeur normale,6,Millions,COP,Peso colombien
DATAFLOW,OECD.SDD.NAD:DSD_NAAG@DF_NAAG_V(1.0),NAAG Chapitre 5: Ménages,I,A,Annuelle,CRI,Costa Rica,B6N_R_PPP_P31S14,"Revenu disponible net réel des ménages et des ISBLSM, déflaté par la consommation finale des ménages et des ISBLSM",XDC,Monnaie nationale,NAAG_V,Part V: Households,2019,,25536865.5476331,,N,Ni corrigé des variations saisonnières ni corrigé des effets de calendrier,W,Monde,S1M,Les Ménages et ISBLSM,S1,Economie totale,_Z,Non applicable,B,Solde (recettes moins dépenses),B6N_R,"Revenu disponible réel des ménages, net",_Z,Non applicable,,,,,,,,,,,L,Volumes chaînés,N,Données non transformées,,,,,,,F,Libre (libre pour publication),2,Two,A,Valeur normale,6,Millions,CRC,Côlon de Costa Rica
DATAFLOW,OECD.SDD.NAD:DSD_NAAG@DF_NAAG_V(1.0),NAAG Chapitre 5: Ménages,I,A,Annuelle,CZE,Tchéquie,B6N_R_PPP_P31S14,"Revenu disponible net réel des ménages et des ISBLSM, déflaté par la consommation finale des ménages et des ISBLSM",XDC,Monnaie nationale,NAAG_V,Part V: Households,2019,,3071602.17940867,,N,Ni corrigé des variations saisonnières ni corrigé des effets de calendrier,W,Monde,S1M,Les Ménages et ISBLSM,S1,Economie totale,_Z,Non applicable,B,Solde (recettes moins dépenses),B6N_R,"Revenu disponible réel des ménages, net",_Z,Non applicable,,,,,,,,,,,L,Volumes chaînés,N,Données non transformées,,,,,,,F,Libre (libre pour publication),2,Two,A,Valeur normale,6,Millions,CZK,Couronne tchèque
DATAFLOW,OECD.SDD.NAD:DSD_NAAG@DF_NAAG_V(1.0),NAAG Chapitre 5: Ménages,I,A,Annuelle,DNK,Danemark,B6N_R_PPP_P31S14,"Revenu disponible net réel des ménages et des ISBLSM, déflaté par la consommation finale des ménages et des ISBLSM",XDC,Monnaie nationale,NAAG_V,Part V: Households,2019,,1046810.6143019,,N,Ni corrigé des variations saisonnières ni corrigé des effets de calendrier,W,Monde,S1M,Les Ménages et ISBLSM,S1,Economie totale,_Z,Non applicable,B,Solde (recettes moins dépenses),B6N_R,"Revenu disponible réel des ménages, net",_Z,Non applicable,,,,,,,,,,,L,Volumes chaînés,N,Données non transformées,,,,,,,F,Libre (libre pour publication),2,Two,A,Valeur normale,6,Millions,DKK,Couronne danoise
DATAFLOW,OECD.SDD.NAD:DSD_NAAG@DF_NAAG_V(1.0),NAAG Chapitre 5: Ménages,I,A,Annuelle,HUN,Hongrie,B6N_R_PPP_P31S14,"Revenu disponible net réel des ménages et des ISBLSM, déflaté par la consommation finale des ménages et des ISBLSM",XDC,Monnaie nationale,NAAG_V,Part V: Households,2019,,27437616.814341,,N,Ni corrigé des variations saisonnières ni corrigé des effets de calendrier,W,Monde,S1M,Les Ménages et ISBLSM,S1,Economie totale,_Z,Non applicable,B,Solde (recettes moins dépenses),B6N_R,"Revenu disponible réel des ménages, net",_Z,Non applicable,,,,,,,,,,,L,Volumes chaînés,N,Données non transformées,,,,,,,F,Libre (libre pour publication),2,Two,A,Valeur normale,6,Millions,HUF,Forint
DATAFLOW,OECD.SDD.NAD:DSD_NAAG@DF_NAAG_V(1.0),NAAG Chapitre 5: Ménages,I,A,Annuelle,JPN,Japon,B6N_R_PPP_P31S14,"Revenu disponible net réel des ménages et des ISBLSM, déflaté par la consommation finale des ménages et des ISBLSM",XDC,Monnaie nationale,NAAG_V,Part V: Households,2019,,316671651.087516,,N,Ni corrigé des variations saisonnières ni corrigé des effets de calendrier,W,Monde,S1M,Les Ménages et ISBLSM,S1,Economie totale,_Z,Non applicable,B,Solde (recettes moins dépenses),B6N_R,"Revenu disponible réel des ménages, net",_Z,Non applicable,,,,,,,,,,,L,Volumes chaînés,N,Données non transformées,,,,,,,F,Libre (libre pour publication),2,Two,A,Valeur normale,6,Millions,JPY,Yen
DATAFLOW,OECD.SDD.NAD:DSD_NAAG@DF_NAAG_V(1.0),NAAG Chapitre 5: Ménages,I,A,Annuelle,KOR,Corée,B6N_R_PPP_P31S14,"Revenu disponible net réel des ménages et des ISBLSM, déflaté par la consommation finale des ménages et des ISBLSM",XDC,Monnaie nationale,NAAG_V,Part V: Households,2019,,1091579886.55735,,N,Ni corrigé des variations saisonnières ni corrigé des effets de calendrier,W,Monde,S1M,Les Ménages et ISBLSM,S1,Economie totale,_Z,Non applicable,B,Solde (recettes moins dépenses),B6N_R,"Revenu disponible réel des ménages, net",_Z,Non applicable,,,,,,,,,,,L,Volumes chaînés,N,Données non transformées,,,,,,,F,Libre (libre pour publication),2,Two,A,Valeur normale,6,Millions,KRW,Won
DATAFLOW,OECD.SDD.NAD:DSD_NAAG@DF_NAAG_V(1.0),NAAG Chapitre 5: Ménages,I,A,Annuelle,MEX,Mexique,B6N_R_PPP_P31S14,"Revenu disponible net réel des ménages et des ISBLSM, déflaté par la consommation finale des ménages et des ISBLSM",XDC,Monnaie nationale,NAAG_V,Part V: Households,2019,,18443355.6564878,,N,Ni corrigé des variations saisonnières ni corrigé des effets de calendrier,W,Monde,S1M,Les Ménages et ISBLSM,S1,Economie totale,_Z,Non applicable,B,Solde (recettes moins dépenses),B6N_R,"Revenu disponible réel des ménages, net",_Z,Non applicable,,,,,,,,,,,L,Volumes chaînés,N,Données non transformées,,,,,,,F,Libre (libre pour publication),2,Two,A,Valeur normale,6,Millions,MXN,Peso mexicain
DATAFLOW,OECD.SDD.NAD:DSD_NAAG@DF_NAAG_V(1.0),NAAG Chapitre 5: Ménages,I,A,Annuelle,NZL,Nouvelle-Zélande,B6N_R_PPP_P31S14,"Revenu disponible net réel des ménages et des ISBLSM, déflaté par la consommation finale des ménages et des ISBLSM",XDC,Monnaie nationale,NAAG_V,Part V: Households,2019,,190996.775452119,,N,Ni corrigé des variations saisonnières ni corrigé des effets de calendrier,W,Monde,S1M,Les Ménages et ISBLSM,S1,Economie totale,_Z,Non applicable,B,Solde (recettes moins dépenses),B6N_R,"Revenu disponible réel des ménages, net",_Z,Non applicable,,,,,,,,,,,L,Volumes chaînés,N,Données non transformées,,,,,,,F,Libre (libre pour publication),2,Two,A,Valeur normale,6,Millions,NZD,Dollar néo-zélandais
DATAFLOW,OECD.SDD.NAD:DSD_NAAG@DF_NAAG_V(1.0),NAAG Chapitre 5: Ménages,I,A,Annuelle,NOR,Norvège,B6N_R_PPP_P31S14,"Revenu disponible net réel des ménages et des ISBLSM, déflaté par la consommation finale des ménages et des ISBLSM",XDC,Monnaie nationale,NAAG_V,Part V: Households,2019,,1640210.90639294,,N,Ni corrigé des variations saisonnières ni corrigé des effets de calendrier,W,Monde,S1M,Les Ménages et ISBLSM,S1,Economie totale,_Z,Non applicable,B,Solde (recettes moins dépenses),B6N_R,"Revenu disponible réel des ménages, net",_Z,Non applicable,,,,,,,,,,,L,Volumes chaînés,N,Données non transformées,,,,,,,F,Libre (libre pour publication),2,Two,A,Valeur normale,6,Millions,NOK,Couronne norvégienne
DATAFLOW,OECD.SDD.NAD:DSD_NAAG@DF_NAAG_V(1.0),NAAG Chapitre 5: Ménages,I,A,Annuelle,POL,Pologne,B6N_R_PPP_P31S14,"Revenu disponible net réel des ménages et des ISBLSM, déflaté par la consommation finale des ménages et des ISBLSM",XDC,Monnaie nationale,NAAG_V,Part V: Households,2019,,1437591.59212273,,N,Ni corrigé des variations saisonnières ni corrigé des effets de calendrier,W,Monde,S1M,Les Ménages et ISBLSM,S1,Economie totale,_Z,Non applicable,B,Solde (recettes moins dépenses),B6N_R,"Revenu disponible réel des ménages, net",_Z,Non applicable,,,,,,,,,,,L,Volumes chaînés,N,Données non transformées,,,,,,,F,Libre (libre pour publication),2,Two,A,Valeur normale,6,Millions,PLN,Zloty
DATAFLOW,OECD.SDD.NAD:DSD_NAAG@DF_NAAG_V(1.0),NAAG Chapitre 5: Ménages,I,A,Annuelle,SWE,Suède,B6N_R_PPP_P31S14,"Revenu disponible net réel des ménages et des ISBLSM, déflaté par la consommation finale des ménages et des ISBLSM",XDC,Monnaie nationale,NAAG_V,Part V: Households,2019,,2464042.50817391,,N,Ni corrigé des variations saisonnières ni corrigé des effets de calendrier,W,Monde,S1M,Les Ménages et ISBLSM,S1,Economie totale,_Z,Non applicable,B,Solde (recettes moins dépenses),B6N_R,"Revenu disponible réel des ménages, net",_Z,Non applicable,,,,,,,,,,,L,Volumes chaînés,N,Données non transformées,,,,,,,F,Libre (libre pour publication),2,Two,A,Valeur normale,6,Millions,SEK,Couronne suédoise
DATAFLOW,OECD.SDD.NAD:DSD_NAAG@DF_NAAG_V(1.0),NAAG Chapitre 5: Ménages,I,A,Annuelle,CHE,Suisse,B6N_R_PPP_P31S14,"Revenu disponible net réel des ménages et des ISBLSM, déflaté par la consommation finale des ménages et des ISBLSM",XDC,Monnaie nationale,NAAG_V,Part V: Households,2019,,411983.828935907,,N,Ni corrigé des variations saisonnières ni corrigé des effets de calendrier,W,Monde,S1M,Les Ménages et ISBLSM,S1,Economie totale,_Z,Non applicable,B,Solde (recettes moins dépenses),B6N_R,"Revenu disponible réel des ménages, net",_Z,Non applicable,,,,,,,,,,,L,Volumes chaînés,N,Données non transformées,,,,,,,F,Libre (libre pour publication),2,Two,A,Valeur normale,6,Millions,CHF,Franc suisse
DATAFLOW,OECD.SDD.NAD:DSD_NAAG@DF_NAAG_V(1.0),NAAG Chapitre 5: Ménages,I,A,Annuelle,GBR,Royaume-Uni,B6N_R_PPP_P31S14,"Revenu disponible net réel des ménages et des ISBLSM, déflaté par la consommation finale des ménages et des ISBLSM",XDC,Monnaie nationale,NAAG_V,Part V: Households,2019,,1378541.74586444,,N,Ni corrigé des variations saisonnières ni corrigé des effets de calendrier,W,Monde,S1M,Les Ménages et ISBLSM,S1,Economie totale,_Z,Non applicable,B,Solde (recettes moins dépenses),B6N_R,"Revenu disponible réel des ménages, net",_Z,Non applicable,,,,,,,,,,,L,Volumes chaînés,N,Données non transformées,,,,,,,F,Libre (libre pour publication),2,Two,A,Valeur normale,6,Millions,GBP,Livre sterling
DATAFLOW,OECD.SDD.NAD:DSD_NAAG@DF_NAAG_V(1.0),NAAG Chapitre 5: Ménages,I,A,Annuelle,BRA,Brésil,B6N_R_PPP_P31S14,"Revenu disponible net réel des ménages et des ISBLSM, déflaté par la consommation finale des ménages et des ISBLSM",XDC,Monnaie nationale,NAAG_V,Part V: Households,2019,,5593679.43415186,,N,Ni corrigé des variations saisonnières ni corrigé des effets de calendrier,W,Monde,S1M,Les Ménages et ISBLSM,S1,Economie totale,_Z,Non applicable,B,Solde (recettes moins dépenses),B6N_R,"Revenu disponible réel des ménages, net",_Z,Non applicable,,,,,,,,,,,L,Volumes chaînés,N,Données non transformées,,,,,,,F,Libre (libre pour publication),2,Two,A,Valeur normale,6,Millions,BRL,Réal brésilien
DATAFLOW,OECD.SDD.NAD:DSD_NAAG@DF_NAAG_V(1.0),NAAG Chapitre 5: Ménages,I,A,Annuelle,ZAF,Afrique du Sud,B6N_R_PPP_P31S14,"Revenu disponible net réel des ménages et des ISBLSM, déflaté par la consommation finale des ménages et des ISBLSM",XDC,Monnaie nationale,NAAG_V,Part V: Households,2019,,3611619.27006027,,N,Ni corrigé des variations saisonnières ni corrigé des effets de calendrier,W,Monde,S1M,Les Ménages et ISBLSM,S1,Economie totale,_Z,Non applicable,B,Solde (recettes moins dépenses),B6N_R,"Revenu disponible réel des ménages, net",_Z,Non applicable,,,,,,,,,,,L,Volumes chaînés,N,Données non transformées,,,,,,,F,Libre (libre pour publication),2,Two,A,Valeur normale,6,Millions,ZAR,Rand
DATAFLOW,OECD.SDD.NAD:DSD_NAAG@DF_NAAG_V(1.0),NAAG Chapitre 5: Ménages,I,A,Annuelle,AUS,Australie,B6N_R_PPP_P31S14,"Revenu disponible net réel des ménages et des ISBLSM, déflaté par la consommation finale des ménages et des ISBLSM",XDC,Monnaie nationale,NAAG_V,Part V: Households,2020,,1252698,,N,Ni corrigé des variations saisonnières ni corrigé des effets de calendrier,W,Monde,S1M,Les Ménages et ISBLSM,S1,Economie totale,_Z,Non applicable,B,Solde (recettes moins dépenses),B6N_R,"Revenu disponible réel des ménages, net",_Z,Non applicable,,,,,,,,,,,L,Volumes chaînés,N,Données non transformées,,,,,,,F,Libre (libre pour publication),2,Two,A,Valeur normale,6,Millions,AUD,Dollar australien
DATAFLOW,OECD.SDD.NAD:DSD_NAAG@DF_NAAG_V(1.0),NAAG Chapitre 5: Ménages,I,A,Annuelle,CAN,Canada,B6N_R_PPP_P31S14,"Revenu disponible net réel des ménages et des ISBLSM, déflaté par la consommation finale des ménages et des ISBLSM",XDC,Monnaie nationale,NAAG_V,Part V: Households,2020,,1430238,,N,Ni corrigé des variations saisonnières ni corrigé des effets de calendrier,W,Monde,S1M,Les Ménages et ISBLSM,S1,Economie totale,_Z,Non applicable,B,Solde (recettes moins dépenses),B6N_R,"Revenu disponible réel des ménages, net",_Z,Non applicable,,,,,,,,,,,L,Volumes chaînés,N,Données non transformées,,,,,,,F,Libre (libre pour publication),2,Two,A,Valeur normale,6,Millions,CAD,Dollar canadien
DATAFLOW,OECD.SDD.NAD:DSD_NAAG@DF_NAAG_V(1.0),NAAG Chapitre 5: Ménages,I,A,Annuelle,CHL,Chili,B6N_R_PPP_P31S14,"Revenu disponible net réel des ménages et des ISBLSM, déflaté par la consommation finale des ménages et des ISBLSM",XDC,Monnaie nationale,NAAG_V,Part V: Households,2020,,146623759.055,,N,Ni corrigé des variations saisonnières ni corrigé des effets de calendrier,W,Monde,S1M,Les Ménages et ISBLSM,S1,Economie totale,_Z,Non applicable,B,Solde (recettes moins dépenses),B6N_R,"Revenu disponible réel des ménages, net",_Z,Non applicable,,,,,,,,,,,L,Volumes chaînés,N,Données non transformées,,,,,,,F,Libre (libre pour publication),2,Two,A,Valeur normale,6,Millions,CLP,Peso chilien
DATAFLOW,OECD.SDD.NAD:DSD_NAAG@DF_NAAG_V(1.0),NAAG Chapitre 5: Ménages,I,A,Annuelle,COL,Colombie,B6N_R_PPP_P31S14,"Revenu disponible net réel des ménages et des ISBLSM, déflaté par la consommation finale des ménages et des ISBLSM",XDC,Monnaie nationale,NAAG_V,Part V: Households,2020,,775577000,,N,Ni corrigé des variations saisonnières ni corrigé des effets de calendrier,W,Monde,S1M,Les Ménages et ISBLSM,S1,Economie totale,_Z,Non applicable,B,Solde (recettes moins dépenses),B6N_R,"Revenu disponible réel des ménages, net",_Z,Non applicable,,,,,,,,,,,L,Volumes chaînés,N,Données non transformées,,,,,,,F,Libre (libre pour publication),2,Two,A,Valeur normale,6,Millions,COP,Peso colombien
DATAFLOW,OECD.SDD.NAD:DSD_NAAG@DF_NAAG_V(1.0),NAAG Chapitre 5: Ménages,I,A,Annuelle,CZE,Tchéquie,B6N_R_PPP_P31S14,"Revenu disponible net réel des ménages et des ISBLSM, déflaté par la consommation finale des ménages et des ISBLSM",XDC,Monnaie nationale,NAAG_V,Part V: Households,2020,,3097444,,N,Ni corrigé des variations saisonnières ni corrigé des effets de calendrier,W,Monde,S1M,Les Ménages et ISBLSM,S1,Economie totale,_Z,Non applicable,B,Solde (recettes moins dépenses),B6N_R,"Revenu disponible réel des ménages, net",_Z,Non applicable,,,,,,,,,,,L,Volumes chaînés,N,Données non transformées,,,,,,,F,Libre (libre pour publication),2,Two,A,Valeur normale,6,Millions,CZK,Couronne tchèque
DATAFLOW,OECD.SDD.NAD:DSD_NAAG@DF_NAAG_V(1.0),NAAG Chapitre 5: Ménages,I,A,Annuelle,DNK,Danemark,B6N_R_PPP_P31S14,"Revenu disponible net réel des ménages et des ISBLSM, déflaté par la consommation finale des ménages et des ISBLSM",XDC,Monnaie nationale,NAAG_V,Part V: Households,2020,,1048279,,N,Ni corrigé des variations saisonnières ni corrigé des effets de calendrier,W,Monde,S1M,Les Ménages et ISBLSM,S1,Economie totale,_Z,Non applicable,B,Solde (recettes moins dépenses),B6N_R,"Revenu disponible réel des ménages, net",_Z,Non applicable,,,,,,,,,,,L,Volumes chaînés,N,Données non transformées,,,,,,,F,Libre (libre pour publication),2,Two,A,Valeur normale,6,Millions,DKK,Couronne danoise
DATAFLOW,OECD.SDD.NAD:DSD_NAAG@DF_NAAG_V(1.0),NAAG Chapitre 5: Ménages,I,A,Annuelle,HUN,Hongrie,B6N_R_PPP_P31S14,"Revenu disponible net réel des ménages et des ISBLSM, déflaté par la consommation finale des ménages et des ISBLSM",XDC,Monnaie nationale,NAAG_V,Part V: Households,2020,,27423061,,N,Ni corrigé des variations saisonnières ni corrigé des effets de calendrier,W,Monde,S1M,Les Ménages et ISBLSM,S1,Economie totale,_Z,Non applicable,B,Solde (recettes moins dépenses),B6N_R,"Revenu disponible réel des ménages, net",_Z,Non applicable,,,,,,,,,,,L,Volumes chaînés,N,Données non transformées,,,,,,,F,Libre (libre pour publication),2,Two,A,Valeur normale,6,Millions,HUF,Forint
DATAFLOW,OECD.SDD.NAD:DSD_NAAG@DF_NAAG_V(1.0),NAAG Chapitre 5: Ménages,I,A,Annuelle,JPN,Japon,B6N_R_PPP_P31S14,"Revenu disponible net réel des ménages et des ISBLSM, déflaté par la consommation finale des ménages et des ISBLSM",XDC,Monnaie nationale,NAAG_V,Part V: Households,2020,,329928300,,N,Ni corrigé des variations saisonnières ni corrigé des effets de calendrier,W,Monde,S1M,Les Ménages et ISBLSM,S1,Economie totale,_Z,Non applicable,B,Solde (recettes moins dépenses),B6N_R,"Revenu disponible réel des ménages, net",_Z,Non applicable,,,,,,,,,,,L,Volumes chaînés,N,Données non transformées,,,,,,,F,Libre (libre pour publication),2,Two,A,Valeur normale,6,Millions,JPY,Yen
DATAFLOW,OECD.SDD.NAD:DSD_NAAG@DF_NAAG_V(1.0),NAAG Chapitre 5: Ménages,I,A,Annuelle,KOR,Corée,B6N_R_PPP_P31S14,"Revenu disponible net réel des ménages et des ISBLSM, déflaté par la consommation finale des ménages et des ISBLSM",XDC,Monnaie nationale,NAAG_V,Part V: Households,2020,,1121077700,,N,Ni corrigé des variations saisonnières ni corrigé des effets de calendrier,W,Monde,S1M,Les Ménages et ISBLSM,S1,Economie totale,_Z,Non applicable,B,Solde (recettes moins dépenses),B6N_R,"Revenu disponible réel des ménages, net",_Z,Non applicable,,,,,,,,,,,L,Volumes chaînés,N,Données non transformées,,,,,,,F,Libre (libre pour publication),2,Two,A,Valeur normale,6,Millions,KRW,Won
DATAFLOW,OECD.SDD.NAD:DSD_NAAG@DF_NAAG_V(1.0),NAAG Chapitre 5: Ménages,I,A,Annuelle,MEX,Mexique,B6N_R_PPP_P31S14,"Revenu disponible net réel des ménages et des ISBLSM, déflaté par la consommation finale des ménages et des ISBLSM",XDC,Monnaie nationale,NAAG_V,Part V: Households,2020,,17306596.54,,N,Ni corrigé des variations saisonnières ni corrigé des effets de calendrier,W,Monde,S1M,Les Ménages et ISBLSM,S1,Economie totale,_Z,Non applicable,B,Solde (recettes moins dépenses),B6N_R,"Revenu disponible réel des ménages, net",_Z,Non applicable,,,,,,,,,,,L,Volumes chaînés,N,Données non transformées,,,,,,,F,Libre (libre pour publication),2,Two,A,Valeur normale,6,Millions,MXN,Peso mexicain
DATAFLOW,OECD.SDD.NAD:DSD_NAAG@DF_NAAG_V(1.0),NAAG Chapitre 5: Ménages,I,A,Annuelle,NZL,Nouvelle-Zélande,B6N_R_PPP_P31S14,"Revenu disponible net réel des ménages et des ISBLSM, déflaté par la consommation finale des ménages et des ISBLSM",XDC,Monnaie nationale,NAAG_V,Part V: Households,2020,,204296,,N,Ni corrigé des variations saisonnières ni corrigé des effets de calendrier,W,Monde,S1M,Les Ménages et ISBLSM,S1,Economie totale,_Z,Non applicable,B,Solde (recettes moins dépenses),B6N_R,"Revenu disponible réel des ménages, net",_Z,Non applicable,,,,,,,,,,,L,Volumes chaînés,N,Données non transformées,,,,,,,F,Libre (libre pour publication),2,Two,A,Valeur normale,6,Millions,NZD,Dollar néo-zélandais
DATAFLOW,OECD.SDD.NAD:DSD_NAAG@DF_NAAG_V(1.0),NAAG Chapitre 5: Ménages,I,A,Annuelle,NOR,Norvège,B6N_R_PPP_P31S14,"Revenu disponible net réel des ménages et des ISBLSM, déflaté par la consommation finale des ménages et des ISBLSM",XDC,Monnaie nationale,NAAG_V,Part V: Households,2020,,1658236,,N,Ni corrigé des variations saisonnières ni corrigé des effets de calendrier,W,Monde,S1M,Les Ménages et ISBLSM,S1,Economie totale,_Z,Non applicable,B,Solde (recettes moins dépenses),B6N_R,"Revenu disponible réel des ménages, net",_Z,Non applicable,,,,,,,,,,,L,Volumes chaînés,N,Données non transformées,,,,,,,F,Libre (libre pour publication),2,Two,A,Valeur normale,6,Millions,NOK,Couronne norvégienne
DATAFLOW,OECD.SDD.NAD:DSD_NAAG@DF_NAAG_V(1.0),NAAG Chapitre 5: Ménages,I,A,Annuelle,POL,Pologne,B6N_R_PPP_P31S14,"Revenu disponible net réel des ménages et des ISBLSM, déflaté par la consommation finale des ménages et des ISBLSM",XDC,Monnaie nationale,NAAG_V,Part V: Households,2020,,1499570,,N,Ni corrigé des variations saisonnières ni corrigé des effets de calendrier,W,Monde,S1M,Les Ménages et ISBLSM,S1,Economie totale,_Z,Non applicable,B,Solde (recettes moins dépenses),B6N_R,"Revenu disponible réel des ménages, net",_Z,Non applicable,,,,,,,,,,,L,Volumes chaînés,N,Données non transformées,,,,,,,F,Libre (libre pour publication),2,Two,A,Valeur normale,6,Millions,PLN,Zloty
DATAFLOW,OECD.SDD.NAD:DSD_NAAG@DF_NAAG_V(1.0),NAAG Chapitre 5: Ménages,I,A,Annuelle,SWE,Suède,B6N_R_PPP_P31S14,"Revenu disponible net réel des ménages et des ISBLSM, déflaté par la consommation finale des ménages et des ISBLSM",XDC,Monnaie nationale,NAAG_V,Part V: Households,2020,,2450475,,N,Ni corrigé des variations saisonnières ni corrigé des effets de calendrier,W,Monde,S1M,Les Ménages et ISBLSM,S1,Economie totale,_Z,Non applicable,B,Solde (recettes moins dépenses),B6N_R,"Revenu disponible réel des ménages, net",_Z,Non applicable,,,,,,,,,,,L,Volumes chaînés,N,Données non transformées,,,,,,,F,Libre (libre pour publication),2,Two,A,Valeur normale,6,Millions,SEK,Couronne suédoise
DATAFLOW,OECD.SDD.NAD:DSD_NAAG@DF_NAAG_V(1.0),NAAG Chapitre 5: Ménages,I,A,Annuelle,CHE,Suisse,B6N_R_PPP_P31S14,"Revenu disponible net réel des ménages et des ISBLSM, déflaté par la consommation finale des ménages et des ISBLSM",XDC,Monnaie nationale,NAAG_V,Part V: Households,2020,,426685.098401,,N,Ni corrigé des variations saisonnières ni corrigé des effets de calendrier,W,Monde,S1M,Les Ménages et ISBLSM,S1,Economie totale,_Z,Non applicable,B,Solde (recettes moins dépenses),B6N_R,"Revenu disponible réel des ménages, net",_Z,Non applicable,,,,,,,,,,,L,Volumes chaînés,N,Données non transformées,,,,,,,F,Libre (libre pour publication),2,Two,A,Valeur normale,6,Millions,CHF,Franc suisse
DATAFLOW,OECD.SDD.NAD:DSD_NAAG@DF_NAAG_V(1.0),NAAG Chapitre 5: Ménages,I,A,Annuelle,GBR,Royaume-Uni,B6N_R_PPP_P31S14,"Revenu disponible net réel des ménages et des ISBLSM, déflaté par la consommation finale des ménages et des ISBLSM",XDC,Monnaie nationale,NAAG_V,Part V: Households,2020,,1368292,,N,Ni corrigé des variations saisonnières ni corrigé des effets de calendrier,W,Monde,S1M,Les Ménages et ISBLSM,S1,Economie totale,_Z,Non applicable,B,Solde (recettes moins dépenses),B6N_R,"Revenu disponible réel des ménages, net",_Z,Non applicable,,,,,,,,,,,L,Volumes chaînés,N,Données non transformées,,,,,,,F,Libre (libre pour publication),2,Two,A,Valeur normale,6,Millions,GBP,Livre sterling
DATAFLOW,OECD.SDD.NAD:DSD_NAAG@DF_NAAG_V(1.0),NAAG Chapitre 5: Ménages,I,A,Annuelle,BRA,Brésil,B6N_R_PPP_P31S14,"Revenu disponible net réel des ménages et des ISBLSM, déflaté par la consommation finale des ménages et des ISBLSM",XDC,Monnaie nationale,NAAG_V,Part V: Households,2020,,5736509,,N,Ni corrigé des variations saisonnières ni corrigé des effets de calendrier,W,Monde,S1M,Les Ménages et ISBLSM,S1,Economie totale,_Z,Non applicable,B,Solde (recettes moins dépenses),B6N_R,"Revenu disponible réel des ménages, net",_Z,Non applicable,,,,,,,,,,,L,Volumes chaînés,N,Données non transformées,,,,,,,F,Libre (libre pour publication),2,Two,A,Valeur normale,6,Millions,BRL,Réal brésilien
DATAFLOW,OECD.SDD.NAD:DSD_NAAG@DF_NAAG_V(1.0),NAAG Chapitre 5: Ménages,I,A,Annuelle,ZAF,Afrique du Sud,B6N_R_PPP_P31S14,"Revenu disponible net réel des ménages et des ISBLSM, déflaté par la consommation finale des ménages et des ISBLSM",XDC,Monnaie nationale,NAAG_V,Part V: Households,2020,,3484017.27,,N,Ni corrigé des variations saisonnières ni corrigé des effets de calendrier,W,Monde,S1M,Les Ménages et ISBLSM,S1,Economie totale,_Z,Non applicable,B,Solde (recettes moins dépenses),B6N_R,"Revenu disponible réel des ménages, net",_Z,Non applicable,,,,,,,,,,,L,Volumes chaînés,N,Données non transformées,,,,,,,F,Libre (libre pour publication),2,Two,A,Valeur normale,6,Millions,ZAR,Rand
DATAFLOW,OECD.SDD.NAD:DSD_NAAG@DF_NAAG_V(1.0),NAAG Chapitre 5: Ménages,I,A,Annuelle,AUS,Australie,B6N_R_PPP_P31S14,"Revenu disponible net réel des ménages et des ISBLSM, déflaté par la consommation finale des ménages et des ISBLSM",XDC,Monnaie nationale,NAAG_V,Part V: Households,2021,,1282905.17805399,,N,Ni corrigé des variations saisonnières ni corrigé des effets de calendrier,W,Monde,S1M,Les Ménages et ISBLSM,S1,Economie totale,_Z,Non applicable,B,Solde (recettes moins dépenses),B6N_R,"Revenu disponible réel des ménages, net",_Z,Non applicable,,,,,,,,,,,L,Volumes chaînés,N,Données non transformées,,,,,,,F,Libre (libre pour publication),2,Two,A,Valeur normale,6,Millions,AUD,Dollar australien
DATAFLOW,OECD.SDD.NAD:DSD_NAAG@DF_NAAG_V(1.0),NAAG Chapitre 5: Ménages,I,A,Annuelle,CAN,Canada,B6N_R_PPP_P31S14,"Revenu disponible net réel des ménages et des ISBLSM, déflaté par la consommation finale des ménages et des ISBLSM",XDC,Monnaie nationale,NAAG_V,Part V: Households,2021,,1434306.94363433,,N,Ni corrigé des variations saisonnières ni corrigé des effets de calendrier,W,Monde,S1M,Les Ménages et ISBLSM,S1,Economie totale,_Z,Non applicable,B,Solde (recettes moins dépenses),B6N_R,"Revenu disponible réel des ménages, net",_Z,Non applicable,,,,,,,,,,,L,Volumes chaînés,N,Données non transformées,,,,,,,F,Libre (libre pour publication),2,Two,A,Valeur normale,6,Millions,CAD,Dollar canadien
DATAFLOW,OECD.SDD.NAD:DSD_NAAG@DF_NAAG_V(1.0),NAAG Chapitre 5: Ménages,I,A,Annuelle,CHL,Chili,B6N_R_PPP_P31S14,"Revenu disponible net réel des ménages et des ISBLSM, déflaté par la consommation finale des ménages et des ISBLSM",XDC,Monnaie nationale,NAAG_V,Part V: Households,2021,,161498210.350206,,N,Ni corrigé des variations saisonnières ni corrigé des effets de calendrier,W,Monde,S1M,Les Ménages et ISBLSM,S1,Economie totale,_Z,Non applicable,B,Solde (recettes moins dépenses),B6N_R,"Revenu disponible réel des ménages, net",_Z,Non applicable,,,,,,,,,,,L,Volumes chaînés,N,Données non transformées,,,,,,,F,Libre (libre pour publication),2,Two,A,Valeur normale,6,Millions,CLP,Peso chilien
DATAFLOW,OECD.SDD.NAD:DSD_NAAG@DF_NAAG_V(1.0),NAAG Chapitre 5: Ménages,I,A,Annuelle,COL,Colombie,B6N_R_PPP_P31S14,"Revenu disponible net réel des ménages et des ISBLSM, déflaté par la consommation finale des ménages et des ISBLSM",XDC,Monnaie nationale,NAAG_V,Part V: Households,2021,,828972625.302904,,N,Ni corrigé des variations saisonnières ni corrigé des effets de calendrier,W,Monde,S1M,Les Ménages et ISBLSM,S1,Economie totale,_Z,Non applicable,B,Solde (recettes moins dépenses),B6N_R,"Revenu disponible réel des ménages, net",_Z,Non applicable,,,,,,,,,,,L,Volumes chaînés,N,Données non transformées,,,,,,,F,Libre (libre pour publication),2,Two,A,Valeur normale,6,Millions,COP,Peso colombien
DATAFLOW,OECD.SDD.NAD:DSD_NAAG@DF_NAAG_V(1.0),NAAG Chapitre 5: Ménages,I,A,Annuelle,CZE,Tchéquie,B6N_R_PPP_P31S14,"Revenu disponible net réel des ménages et des ISBLSM, déflaté par la consommation finale des ménages et des ISBLSM",XDC,Monnaie nationale,NAAG_V,Part V: Households,2021,,3245921.64797174,,N,Ni corrigé des variations saisonnières ni corrigé des effets de calendrier,W,Monde,S1M,Les Ménages et ISBLSM,S1,Economie totale,_Z,Non applicable,B,Solde (recettes moins dépenses),B6N_R,"Revenu disponible réel des ménages, net",_Z,Non applicable,,,,,,,,,,,L,Volumes chaînés,N,Données non transformées,,,,,,,F,Libre (libre pour publication),2,Two,A,Valeur normale,6,Millions,CZK,Couronne tchèque
DATAFLOW,OECD.SDD.NAD:DSD_NAAG@DF_NAAG_V(1.0),NAAG Chapitre 5: Ménages,I,A,Annuelle,DNK,Danemark,B6N_R_PPP_P31S14,"Revenu disponible net réel des ménages et des ISBLSM, déflaté par la consommation finale des ménages et des ISBLSM",XDC,Monnaie nationale,NAAG_V,Part V: Households,2021,,1058684.96651609,,N,Ni corrigé des variations saisonnières ni corrigé des effets de calendrier,W,Monde,S1M,Les Ménages et ISBLSM,S1,Economie totale,_Z,Non applicable,B,Solde (recettes moins dépenses),B6N_R,"Revenu disponible réel des ménages, net",_Z,Non applicable,,,,,,,,,,,L,Volumes chaînés,N,Données non transformées,,,,,,,F,Libre (libre pour publication),2,Two,A,Valeur normale,6,Millions,DKK,Couronne danoise
DATAFLOW,OECD.SDD.NAD:DSD_NAAG@DF_NAAG_V(1.0),NAAG Chapitre 5: Ménages,I,A,Annuelle,HUN,Hongrie,B6N_R_PPP_P31S14,"Revenu disponible net réel des ménages et des ISBLSM, déflaté par la consommation finale des ménages et des ISBLSM",XDC,Monnaie nationale,NAAG_V,Part V: Households,2021,,29535371.9608103,,N,Ni corrigé des variations saisonnières ni corrigé des effets de calendrier,W,Monde,S1M,Les Ménages et ISBLSM,S1,Economie totale,_Z,Non applicable,B,Solde (recettes moins dépenses),B6N_R,"Revenu disponible réel des ménages, net",_Z,Non applicable,,,,,,,,,,,L,Volumes chaînés,N,Données non transformées,,,,,,,F,Libre (libre pour publication),2,Two,A,Valeur normale,6,Millions,HUF,Forint
DATAFLOW,OECD.SDD.NAD:DSD_NAAG@DF_NAAG_V(1.0),NAAG Chapitre 5: Ménages,I,A,Annuelle,JPN,Japon,B6N_R_PPP_P31S14,"Revenu disponible net réel des ménages et des ISBLSM, déflaté par la consommation finale des ménages et des ISBLSM",XDC,Monnaie nationale,NAAG_V,Part V: Households,2021,,318648667.670465,,N,Ni corrigé des variations saisonnières ni corrigé des effets de calendrier,W,Monde,S1M,Les Ménages et ISBLSM,S1,Economie totale,_Z,Non applicable,B,Solde (recettes moins dépenses),B6N_R,"Revenu disponible réel des ménages, net",_Z,Non applicable,,,,,,,,,,,L,Volumes chaînés,N,Données non transformées,,,,,,,F,Libre (libre pour publication),2,Two,A,Valeur normale,6,Millions,JPY,Yen
DATAFLOW,OECD.SDD.NAD:DSD_NAAG@DF_NAAG_V(1.0),NAAG Chapitre 5: Ménages,I,A,Annuelle,KOR,Corée,B6N_R_PPP_P31S14,"Revenu disponible net réel des ménages et des ISBLSM, déflaté par la consommation finale des ménages et des ISBLSM",XDC,Monnaie nationale,NAAG_V,Part V: Households,2021,,1129820857.85939,,N,Ni corrigé des variations saisonnières ni corrigé des effets de calendrier,W,Monde,S1M,Les Ménages et ISBLSM,S1,Economie totale,_Z,Non applicable,B,Solde (recettes moins dépenses),B6N_R,"Revenu disponible réel des ménages, net",_Z,Non applicable,,,,,,,,,,,L,Volumes chaînés,N,Données non transformées,,,,,,,F,Libre (libre pour publication),2,Two,A,Valeur normale,6,Millions,KRW,Won
DATAFLOW,OECD.SDD.NAD:DSD_NAAG@DF_NAAG_V(1.0),NAAG Chapitre 5: Ménages,I,A,Annuelle,MEX,Mexique,B6N_R_PPP_P31S14,"Revenu disponible net réel des ménages et des ISBLSM, déflaté par la consommation finale des ménages et des ISBLSM",XDC,Monnaie nationale,NAAG_V,Part V: Households,2021,,18557164.4019811,,N,Ni corrigé des variations saisonnières ni corrigé des effets de calendrier,W,Monde,S1M,Les Ménages et ISBLSM,S1,Economie totale,_Z,Non applicable,B,Solde (recettes moins dépenses),B6N_R,"Revenu disponible réel des ménages, net",_Z,Non applicable,,,,,,,,,,,L,Volumes chaînés,N,Données non transformées,,,,,,,F,Libre (libre pour publication),2,Two,A,Valeur normale,6,Millions,MXN,Peso mexicain
DATAFLOW,OECD.SDD.NAD:DSD_NAAG@DF_NAAG_V(1.0),NAAG Chapitre 5: Ménages,I,A,Annuelle,NZL,Nouvelle-Zélande,B6N_R_PPP_P31S14,"Revenu disponible net réel des ménages et des ISBLSM, déflaté par la consommation finale des ménages et des ISBLSM",XDC,Monnaie nationale,NAAG_V,Part V: Households,2021,,205324.124523713,,N,Ni corrigé des variations saisonnières ni corrigé des effets de calendrier,W,Monde,S1M,Les Ménages et ISBLSM,S1,Economie totale,_Z,Non applicable,B,Solde (recettes moins dépenses),B6N_R,"Revenu disponible réel des ménages, net",_Z,Non applicable,,,,,,,,,,,L,Volumes chaînés,N,Données non transformées,,,,,,,F,Libre (libre pour publication),2,Two,A,Valeur normale,6,Millions,NZD,Dollar néo-zélandais
DATAFLOW,OECD.SDD.NAD:DSD_NAAG@DF_NAAG_V(1.0),NAAG Chapitre 5: Ménages,I,A,Annuelle,NOR,Norvège,B6N_R_PPP_P31S14,"Revenu disponible net réel des ménages et des ISBLSM, déflaté par la consommation finale des ménages et des ISBLSM",XDC,Monnaie nationale,NAAG_V,Part V: Households,2021,,1719469.30594052,,N,Ni corrigé des variations saisonnières ni corrigé des effets de calendrier,W,Monde,S1M,Les Ménages et ISBLSM,S1,Economie totale,_Z,Non applicable,B,Solde (recettes moins dépenses),B6N_R,"Revenu disponible réel des ménages, net",_Z,Non applicable,,,,,,,,,,,L,Volumes chaînés,N,Données non transformées,,,,,,,F,Libre (libre pour publication),2,Two,A,Valeur normale,6,Millions,NOK,Couronne norvégienne
DATAFLOW,OECD.SDD.NAD:DSD_NAAG@DF_NAAG_V(1.0),NAAG Chapitre 5: Ménages,I,A,Annuelle,POL,Pologne,B6N_R_PPP_P31S14,"Revenu disponible net réel des ménages et des ISBLSM, déflaté par la consommation finale des ménages et des ISBLSM",XDC,Monnaie nationale,NAAG_V,Part V: Households,2021,,1457159.18045159,,N,Ni corrigé des variations saisonnières ni corrigé des effets de calendrier,W,Monde,S1M,Les Ménages et ISBLSM,S1,Economie totale,_Z,Non applicable,B,Solde (recettes moins dépenses),B6N_R,"Revenu disponible réel des ménages, net",_Z,Non applicable,,,,,,,,,,,L,Volumes chaînés,N,Données non transformées,,,,,,,F,Libre (libre pour publication),2,Two,A,Valeur normale,6,Millions,PLN,Zloty
DATAFLOW,OECD.SDD.NAD:DSD_NAAG@DF_NAAG_V(1.0),NAAG Chapitre 5: Ménages,I,A,Annuelle,SWE,Suède,B6N_R_PPP_P31S14,"Revenu disponible net réel des ménages et des ISBLSM, déflaté par la consommation finale des ménages et des ISBLSM",XDC,Monnaie nationale,NAAG_V,Part V: Households,2021,,2557116.33558535,,N,Ni corrigé des variations saisonnières ni corrigé des effets de calendrier,W,Monde,S1M,Les Ménages et ISBLSM,S1,Economie totale,_Z,Non applicable,B,Solde (recettes moins dépenses),B6N_R,"Revenu disponible réel des ménages, net",_Z,Non applicable,,,,,,,,,,,L,Volumes chaînés,N,Données non transformées,,,,,,,F,Libre (libre pour publication),2,Two,A,Valeur normale,6,Millions,SEK,Couronne suédoise
DATAFLOW,OECD.SDD.NAD:DSD_NAAG@DF_NAAG_V(1.0),NAAG Chapitre 5: Ménages,I,A,Annuelle,CHE,Suisse,B6N_R_PPP_P31S14,"Revenu disponible net réel des ménages et des ISBLSM, déflaté par la consommation finale des ménages et des ISBLSM",XDC,Monnaie nationale,NAAG_V,Part V: Households,2021,,426078.307362286,,N,Ni corrigé des variations saisonnières ni corrigé des effets de calendrier,W,Monde,S1M,Les Ménages et ISBLSM,S1,Economie totale,_Z,Non applicable,B,Solde (recettes moins dépenses),B6N_R,"Revenu disponible réel des ménages, net",_Z,Non applicable,,,,,,,,,,,L,Volumes chaînés,N,Données non transformées,,,,,,,F,Libre (libre pour publication),2,Two,A,Valeur normale,6,Millions,CHF,Franc suisse
DATAFLOW,OECD.SDD.NAD:DSD_NAAG@DF_NAAG_V(1.0),NAAG Chapitre 5: Ménages,I,A,Annuelle,GBR,Royaume-Uni,B6N_R_PPP_P31S14,"Revenu disponible net réel des ménages et des ISBLSM, déflaté par la consommation finale des ménages et des ISBLSM",XDC,Monnaie nationale,NAAG_V,Part V: Households,2021,,1390719.41821493,,N,Ni corrigé des variations saisonnières ni corrigé des effets de calendrier,W,Monde,S1M,Les Ménages et ISBLSM,S1,Economie totale,_Z,Non applicable,B,Solde (recettes moins dépenses),B6N_R,"Revenu disponible réel des ménages, net",_Z,Non applicable,,,,,,,,,,,L,Volumes chaînés,N,Données non transformées,,,,,,,F,Libre (libre pour publication),2,Two,A,Valeur normale,6,Millions,GBP,Livre sterling
DATAFLOW,OECD.SDD.NAD:DSD_NAAG@DF_NAAG_V(1.0),NAAG Chapitre 5: Ménages,I,A,Annuelle,BRA,Brésil,B6N_R_PPP_P31S14,"Revenu disponible net réel des ménages et des ISBLSM, déflaté par la consommation finale des ménages et des ISBLSM",XDC,Monnaie nationale,NAAG_V,Part V: Households,2021,,5415370.2815973,,N,Ni corrigé des variations saisonnières ni corrigé des effets de calendrier,W,Monde,S1M,Les Ménages et ISBLSM,S1,Economie totale,_Z,Non applicable,B,Solde (recettes moins dépenses),B6N_R,"Revenu disponible réel des ménages, net",_Z,Non applicable,,,,,,,,,,,L,Volumes chaînés,N,Données non transformées,,,,,,,F,Libre (libre pour publication),2,Two,A,Valeur normale,6,Millions,BRL,Réal brésilien
DATAFLOW,OECD.SDD.NAD:DSD_NAAG@DF_NAAG_V(1.0),NAAG Chapitre 5: Ménages,I,A,Annuelle,ZAF,Afrique du Sud,B6N_R_PPP_P31S14,"Revenu disponible net réel des ménages et des ISBLSM, déflaté par la consommation finale des ménages et des ISBLSM",XDC,Monnaie nationale,NAAG_V,Part V: Households,2021,,3707358.97827757,,N,Ni corrigé des variations saisonnières ni corrigé des effets de calendrier,W,Monde,S1M,Les Ménages et ISBLSM,S1,Economie totale,_Z,Non applicable,B,Solde (recettes moins dépenses),B6N_R,"Revenu disponible réel des ménages, net",_Z,Non applicable,,,,,,,,,,,L,Volumes chaînés,N,Données non transformées,,,,,,,F,Libre (libre pour publication),2,Two,A,Valeur normale,6,Millions,ZAR,Rand
DATAFLOW,OECD.SDD.NAD:DSD_NAAG@DF_NAAG_V(1.0),NAAG Chapitre 5: Ménages,I,A,Annuelle,AUS,Australie,B6N_R_PPP_P31S14,"Revenu disponible net réel des ménages et des ISBLSM, déflaté par la consommation finale des ménages et des ISBLSM",XDC,Monnaie nationale,NAAG_V,Part V: Households,2022,,1222683.20193623,,N,Ni corrigé des variations saisonnières ni corrigé des effets de calendrier,W,Monde,S1M,Les Ménages et ISBLSM,S1,Economie totale,_Z,Non applicable,B,Solde (recettes moins dépenses),B6N_R,"Revenu disponible réel des ménages, net",_Z,Non applicable,,,,,,,,,,,L,Volumes chaînés,N,Données non transformées,,,,,,,F,Libre (libre pour publication),2,Two,A,Valeur normale,6,Millions,AUD,Dollar australien
DATAFLOW,OECD.SDD.NAD:DSD_NAAG@DF_NAAG_V(1.0),NAAG Chapitre 5: Ménages,I,A,Annuelle,CAN,Canada,B6N_R_PPP_P31S14,"Revenu disponible net réel des ménages et des ISBLSM, déflaté par la consommation finale des ménages et des ISBLSM",XDC,Monnaie nationale,NAAG_V,Part V: Households,2022,,1424794.35055403,,N,Ni corrigé des variations saisonnières ni corrigé des effets de calendrier,W,Monde,S1M,Les Ménages et ISBLSM,S1,Economie totale,_Z,Non applicable,B,Solde (recettes moins dépenses),B6N_R,"Revenu disponible réel des ménages, net",_Z,Non applicable,,,,,,,,,,,L,Volumes chaînés,N,Données non transformées,,,,,,,F,Libre (libre pour publication),2,Two,A,Valeur normale,6,Millions,CAD,Dollar canadien
DATAFLOW,OECD.SDD.NAD:DSD_NAAG@DF_NAAG_V(1.0),NAAG Chapitre 5: Ménages,I,A,Annuelle,CHL,Chili,B6N_R_PPP_P31S14,"Revenu disponible net réel des ménages et des ISBLSM, déflaté par la consommation finale des ménages et des ISBLSM",XDC,Monnaie nationale,NAAG_V,Part V: Households,2022,,136461506.995585,,N,Ni corrigé des variations saisonnières ni corrigé des effets de calendrier,W,Monde,S1M,Les Ménages et ISBLSM,S1,Economie totale,_Z,Non applicable,B,Solde (recettes moins dépenses),B6N_R,"Revenu disponible réel des ménages, net",_Z,Non applicable,,,,,,,,,,,L,Volumes chaînés,N,Données non transformées,,,,,,,F,Libre (libre pour publication),2,Two,A,Valeur normale,6,Millions,CLP,Peso chilien
DATAFLOW,OECD.SDD.NAD:DSD_NAAG@DF_NAAG_V(1.0),NAAG Chapitre 5: Ménages,I,A,Annuelle,COL,Colombie,B6N_R_PPP_P31S14,"Revenu disponible net réel des ménages et des ISBLSM, déflaté par la consommation finale des ménages et des ISBLSM",XDC,Monnaie nationale,NAAG_V,Part V: Households,2022,,921564222.964489,,N,Ni corrigé des variations saisonnières ni corrigé des effets de calendrier,W,Monde,S1M,Les Ménages et ISBLSM,S1,Economie totale,_Z,Non applicable,B,Solde (recettes moins dépenses),B6N_R,"Revenu disponible réel des ménages, net",_Z,Non applicable,,,,,,,,,,,L,Volumes chaînés,N,Données non transformées,,,,,,,F,Libre (libre pour publication),2,Two,A,Valeur normale,6,Millions,COP,Peso colombien
DATAFLOW,OECD.SDD.NAD:DSD_NAAG@DF_NAAG_V(1.0),NAAG Chapitre 5: Ménages,I,A,Annuelle,CZE,Tchéquie,B6N_R_PPP_P31S14,"Revenu disponible net réel des ménages et des ISBLSM, déflaté par la consommation finale des ménages et des ISBLSM",XDC,Monnaie nationale,NAAG_V,Part V: Households,2022,,3225266.84050506,,N,Ni corrigé des variations saisonnières ni corrigé des effets de calendrier,W,Monde,S1M,Les Ménages et ISBLSM,S1,Economie totale,_Z,Non applicable,B,Solde (recettes moins dépenses),B6N_R,"Revenu disponible réel des ménages, net",_Z,Non applicable,,,,,,,,,,,L,Volumes chaînés,N,Données non transformées,,,,,,,F,Libre (libre pour publication),2,Two,A,Valeur normale,6,Millions,CZK,Couronne tchèque
DATAFLOW,OECD.SDD.NAD:DSD_NAAG@DF_NAAG_V(1.0),NAAG Chapitre 5: Ménages,I,A,Annuelle,DNK,Danemark,B6N_R_PPP_P31S14,"Revenu disponible net réel des ménages et des ISBLSM, déflaté par la consommation finale des ménages et des ISBLSM",XDC,Monnaie nationale,NAAG_V,Part V: Households,2022,,1086344.70446945,,N,Ni corrigé des variations saisonnières ni corrigé des effets de calendrier,W,Monde,S1M,Les Ménages et ISBLSM,S1,Economie totale,_Z,Non applicable,B,Solde (recettes moins dépenses),B6N_R,"Revenu disponible réel des ménages, net",_Z,Non applicable,,,,,,,,,,,L,Volumes chaînés,N,Données non transformées,,,,,,,F,Libre (libre pour publication),2,Two,A,Valeur normale,6,Millions,DKK,Couronne danoise
DATAFLOW,OECD.SDD.NAD:DSD_NAAG@DF_NAAG_V(1.0),NAAG Chapitre 5: Ménages,I,A,Annuelle,HUN,Hongrie,B6N_R_PPP_P31S14,"Revenu disponible net réel des ménages et des ISBLSM, déflaté par la consommation finale des ménages et des ISBLSM",XDC,Monnaie nationale,NAAG_V,Part V: Households,2022,,30679350.0678677,,N,Ni corrigé des variations saisonnières ni corrigé des effets de calendrier,W,Monde,S1M,Les Ménages et ISBLSM,S1,Economie totale,_Z,Non applicable,B,Solde (recettes moins dépenses),B6N_R,"Revenu disponible réel des ménages, net",_Z,Non applicable,,,,,,,,,,,L,Volumes chaînés,N,Données non transformées,,,,,,,F,Libre (libre pour publication),2,Two,A,Valeur normale,6,Millions,HUF,Forint
DATAFLOW,OECD.SDD.NAD:DSD_NAAG@DF_NAAG_V(1.0),NAAG Chapitre 5: Ménages,I,A,Annuelle,JPN,Japon,B6N_R_PPP_P31S14,"Revenu disponible net réel des ménages et des ISBLSM, déflaté par la consommation finale des ménages et des ISBLSM",XDC,Monnaie nationale,NAAG_V,Part V: Households,2022,,313951593.096153,,N,Ni corrigé des variations saisonnières ni corrigé des effets de calendrier,W,Monde,S1M,Les Ménages et ISBLSM,S1,Economie totale,_Z,Non applicable,B,Solde (recettes moins dépenses),B6N_R,"Revenu disponible réel des ménages, net",_Z,Non applicable,,,,,,,,,,,L,Volumes chaînés,N,Données non transformées,,,,,,,F,Libre (libre pour publication),2,Two,A,Valeur normale,6,Millions,JPY,Yen
DATAFLOW,OECD.SDD.NAD:DSD_NAAG@DF_NAAG_V(1.0),NAAG Chapitre 5: Ménages,I,A,Annuelle,KOR,Corée,B6N_R_PPP_P31S14,"Revenu disponible net réel des ménages et des ISBLSM, déflaté par la consommation finale des ménages et des ISBLSM",XDC,Monnaie nationale,NAAG_V,Part V: Households,2022,,1137120032.1488,,N,Ni corrigé des variations saisonnières ni corrigé des effets de calendrier,W,Monde,S1M,Les Ménages et ISBLSM,S1,Economie totale,_Z,Non applicable,B,Solde (recettes moins dépenses),B6N_R,"Revenu disponible réel des ménages, net",_Z,Non applicable,,,,,,,,,,,L,Volumes chaînés,N,Données non transformées,,,,,,,F,Libre (libre pour publication),2,Two,A,Valeur normale,6,Millions,KRW,Won
DATAFLOW,OECD.SDD.NAD:DSD_NAAG@DF_NAAG_V(1.0),NAAG Chapitre 5: Ménages,I,A,Annuelle,MEX,Mexique,B6N_R_PPP_P31S14,"Revenu disponible net réel des ménages et des ISBLSM, déflaté par la consommation finale des ménages et des ISBLSM",XDC,Monnaie nationale,NAAG_V,Part V: Households,2022,,18354185.7621016,,N,Ni corrigé des variations saisonnières ni corrigé des effets de calendrier,W,Monde,S1M,Les Ménages et ISBLSM,S1,Economie totale,_Z,Non applicable,B,Solde (recettes moins dépenses),B6N_R,"Revenu disponible réel des ménages, net",_Z,Non applicable,,,,,,,,,,,L,Volumes chaînés,N,Données non transformées,,,,,,,F,Libre (libre pour publication),2,Two,A,Valeur normale,6,Millions,MXN,Peso mexicain
DATAFLOW,OECD.SDD.NAD:DSD_NAAG@DF_NAAG_V(1.0),NAAG Chapitre 5: Ménages,I,A,Annuelle,NZL,Nouvelle-Zélande,B6N_R_PPP_P31S14,"Revenu disponible net réel des ménages et des ISBLSM, déflaté par la consommation finale des ménages et des ISBLSM",XDC,Monnaie nationale,NAAG_V,Part V: Households,2022,,200599.645072295,,N,Ni corrigé des variations saisonnières ni corrigé des effets de calendrier,W,Monde,S1M,Les Ménages et ISBLSM,S1,Economie totale,_Z,Non applicable,B,Solde (recettes moins dépenses),B6N_R,"Revenu disponible réel des ménages, net",_Z,Non applicable,,,,,,,,,,,L,Volumes chaînés,N,Données non transformées,,,,,,,F,Libre (libre pour publication),2,Two,A,Valeur normale,6,Millions,NZD,Dollar néo-zélandais
DATAFLOW,OECD.SDD.NAD:DSD_NAAG@DF_NAAG_V(1.0),NAAG Chapitre 5: Ménages,I,A,Annuelle,NOR,Norvège,B6N_R_PPP_P31S14,"Revenu disponible net réel des ménages et des ISBLSM, déflaté par la consommation finale des ménages et des ISBLSM",XDC,Monnaie nationale,NAAG_V,Part V: Households,2022,,1654324.44029832,,N,Ni corrigé des variations saisonnières ni corrigé des effets de calendrier,W,Monde,S1M,Les Ménages et ISBLSM,S1,Economie totale,_Z,Non applicable,B,Solde (recettes moins dépenses),B6N_R,"Revenu disponible réel des ménages, net",_Z,Non applicable,,,,,,,,,,,L,Volumes chaînés,N,Données non transformées,,,,,,,F,Libre (libre pour publication),2,Two,A,Valeur normale,6,Millions,NOK,Couronne norvégienne
DATAFLOW,OECD.SDD.NAD:DSD_NAAG@DF_NAAG_V(1.0),NAAG Chapitre 5: Ménages,I,A,Annuelle,POL,Pologne,B6N_R_PPP_P31S14,"Revenu disponible net réel des ménages et des ISBLSM, déflaté par la consommation finale des ménages et des ISBLSM",XDC,Monnaie nationale,NAAG_V,Part V: Households,2022,,1469853.274411,,N,Ni corrigé des variations saisonnières ni corrigé des effets de calendrier,W,Monde,S1M,Les Ménages et ISBLSM,S1,Economie totale,_Z,Non applicable,B,Solde (recettes moins dépenses),B6N_R,"Revenu disponible réel des ménages, net",_Z,Non applicable,,,,,,,,,,,L,Volumes chaînés,N,Données non transformées,,,,,,,F,Libre (libre pour publication),2,Two,A,Valeur normale,6,Millions,PLN,Zloty
DATAFLOW,OECD.SDD.NAD:DSD_NAAG@DF_NAAG_V(1.0),NAAG Chapitre 5: Ménages,I,A,Annuelle,SWE,Suède,B6N_R_PPP_P31S14,"Revenu disponible net réel des ménages et des ISBLSM, déflaté par la consommation finale des ménages et des ISBLSM",XDC,Monnaie nationale,NAAG_V,Part V: Households,2022,,2590437.04648452,,N,Ni corrigé des variations saisonnières ni corrigé des effets de calendrier,W,Monde,S1M,Les Ménages et ISBLSM,S1,Economie totale,_Z,Non applicable,B,Solde (recettes moins dépenses),B6N_R,"Revenu disponible réel des ménages, net",_Z,Non applicable,,,,,,,,,,,L,Volumes chaînés,N,Données non transformées,,,,,,,F,Libre (libre pour publication),2,Two,A,Valeur normale,6,Millions,SEK,Couronne suédoise
DATAFLOW,OECD.SDD.NAD:DSD_NAAG@DF_NAAG_V(1.0),NAAG Chapitre 5: Ménages,I,A,Annuelle,GBR,Royaume-Uni,B6N_R_PPP_P31S14,"Revenu disponible net réel des ménages et des ISBLSM, déflaté par la consommation finale des ménages et des ISBLSM",XDC,Monnaie nationale,NAAG_V,Part V: Households,2022,,1357637.80846339,,N,Ni corrigé des variations saisonnières ni corrigé des effets de calendrier,W,Monde,S1M,Les Ménages et ISBLSM,S1,Economie totale,_Z,Non applicable,B,Solde (recettes moins dépenses),B6N_R,"Revenu disponible réel des ménages, net",_Z,Non applicable,,,,,,,,,,,L,Volumes chaînés,N,Données non transformées,,,,,,,F,Libre (libre pour publication),2,Two,A,Valeur normale,6,Millions,GBP,Livre sterling
DATAFLOW,OECD.SDD.NAD:DSD_NAAG@DF_NAAG_V(1.0),NAAG Chapitre 5: Ménages,I,A,Annuelle,ZAF,Afrique du Sud,B6N_R_PPP_P31S14,"Revenu disponible net réel des ménages et des ISBLSM, déflaté par la consommation finale des ménages et des ISBLSM",XDC,Monnaie nationale,NAAG_V,Part V: Households,2022,,3751281.43348413,,N,Ni corrigé des variations saisonnières ni corrigé des effets de calendrier,W,Monde,S1M,Les Ménages et ISBLSM,S1,Economie totale,_Z,Non applicable,B,Solde (recettes moins dépenses),B6N_R,"Revenu disponible réel des ménages, net",_Z,Non applicable,,,,,,,,,,,L,Volumes chaînés,N,Données non transformées,,,,,,,F,Libre (libre pour publication),2,Two,A,Valeur normale,6,Millions,ZAR,Rand
DATAFLOW,OECD.SDD.NAD:DSD_NAAG@DF_NAAG_V(1.0),NAAG Chapitre 5: Ménages,I,A,Annuelle,AUS,Australie,B6N_R_PPP_P31S14,"Revenu disponible net réel des ménages et des ISBLSM, déflaté par la consommation finale des ménages et des ISBLSM",XDC,Monnaie nationale,NAAG_V,Part V: Households,2023,,1219953.42077251,,N,Ni corrigé des variations saisonnières ni corrigé des effets de calendrier,W,Monde,S1M,Les Ménages et ISBLSM,S1,Economie totale,_Z,Non applicable,B,Solde (recettes moins dépenses),B6N_R,"Revenu disponible réel des ménages, net",_Z,Non applicable,,,,,,,,,,,L,Volumes chaînés,N,Données non transformées,,,,,,,F,Libre (libre pour publication),2,Two,A,Valeur normale,6,Millions,AUD,Dollar australien
DATAFLOW,OECD.SDD.NAD:DSD_NAAG@DF_NAAG_V(1.0),NAAG Chapitre 5: Ménages,I,A,Annuelle,CAN,Canada,B6N_R_PPP_P31S14,"Revenu disponible net réel des ménages et des ISBLSM, déflaté par la consommation finale des ménages et des ISBLSM",XDC,Monnaie nationale,NAAG_V,Part V: Households,2023,,1445360.77719645,,N,Ni corrigé des variations saisonnières ni corrigé des effets de calendrier,W,Monde,S1M,Les Ménages et ISBLSM,S1,Economie totale,_Z,Non applicable,B,Solde (recettes moins dépenses),B6N_R,"Revenu disponible réel des ménages, net",_Z,Non applicable,,,,,,,,,,,L,Volumes chaînés,N,Données non transformées,,,,,,,F,Libre (libre pour publication),2,Two,A,Valeur normale,6,Millions,CAD,Dollar canadien
DATAFLOW,OECD.SDD.NAD:DSD_NAAG@DF_NAAG_V(1.0),NAAG Chapitre 5: Ménages,I,A,Annuelle,CHL,Chili,B6N_R_PPP_P31S14,"Revenu disponible net réel des ménages et des ISBLSM, déflaté par la consommation finale des ménages et des ISBLSM",XDC,Monnaie nationale,NAAG_V,Part V: Households,2023,,141583183.312791,,N,Ni corrigé des variations saisonnières ni corrigé des effets de calendrier,W,Monde,S1M,Les Ménages et ISBLSM,S1,Economie totale,_Z,Non applicable,B,Solde (recettes moins dépenses),B6N_R,"Revenu disponible réel des ménages, net",_Z,Non applicable,,,,,,,,,,,L,Volumes chaînés,N,Données non transformées,,,,,,,F,Libre (libre pour publication),2,Two,A,Valeur normale,6,Millions,CLP,Peso chilien
DATAFLOW,OECD.SDD.NAD:DSD_NAAG@DF_NAAG_V(1.0),NAAG Chapitre 5: Ménages,I,A,Annuelle,COL,Colombie,B6N_R_PPP_P31S14,"Revenu disponible net réel des ménages et des ISBLSM, déflaté par la consommation finale des ménages et des ISBLSM",XDC,Monnaie nationale,NAAG_V,Part V: Households,2023,,951484279.042029,,N,Ni corrigé des variations saisonnières ni corrigé des effets de calendrier,W,Monde,S1M,Les Ménages et ISBLSM,S1,Economie totale,_Z,Non applicable,B,Solde (recettes moins dépenses),B6N_R,"Revenu disponible réel des ménages, net",_Z,Non applicable,,,,,,,,,,,L,Volumes chaînés,N,Données non transformées,,,,,,,F,Libre (libre pour publication),2,Two,A,Valeur normale,6,Millions,COP,Peso colombien
DATAFLOW,OECD.SDD.NAD:DSD_NAAG@DF_NAAG_V(1.0),NAAG Chapitre 5: Ménages,I,A,Annuelle,CZE,Tchéquie,B6N_R_PPP_P31S14,"Revenu disponible net réel des ménages et des ISBLSM, déflaté par la consommation finale des ménages et des ISBLSM",XDC,Monnaie nationale,NAAG_V,Part V: Households,2023,,3272780.75027617,,N,Ni corrigé des variations saisonnières ni corrigé des effets de calendrier,W,Monde,S1M,Les Ménages et ISBLSM,S1,Economie totale,_Z,Non applicable,B,Solde (recettes moins dépenses),B6N_R,"Revenu disponible réel des ménages, net",_Z,Non applicable,,,,,,,,,,,L,Volumes chaînés,N,Données non transformées,,,,,,,F,Libre (libre pour publication),2,Two,A,Valeur normale,6,Millions,CZK,Couronne tchèque
DATAFLOW,OECD.SDD.NAD:DSD_NAAG@DF_NAAG_V(1.0),NAAG Chapitre 5: Ménages,I,A,Annuelle,DNK,Danemark,B6N_R_PPP_P31S14,"Revenu disponible net réel des ménages et des ISBLSM, déflaté par la consommation finale des ménages et des ISBLSM",XDC,Monnaie nationale,NAAG_V,Part V: Households,2023,,1115031.70495866,,N,Ni corrigé des variations saisonnières ni corrigé des effets de calendrier,W,Monde,S1M,Les Ménages et ISBLSM,S1,Economie totale,_Z,Non applicable,B,Solde (recettes moins dépenses),B6N_R,"Revenu disponible réel des ménages, net",_Z,Non applicable,,,,,,,,,,,L,Volumes chaînés,N,Données non transformées,,,,,,,F,Libre (libre pour publication),2,Two,A,Valeur normale,6,Millions,DKK,Couronne danoise
DATAFLOW,OECD.SDD.NAD:DSD_NAAG@DF_NAAG_V(1.0),NAAG Chapitre 5: Ménages,I,A,Annuelle,HUN,Hongrie,B6N_R_PPP_P31S14,"Revenu disponible net réel des ménages et des ISBLSM, déflaté par la consommation finale des ménages et des ISBLSM",XDC,Monnaie nationale,NAAG_V,Part V: Households,2023,,31674210.4322152,,N,Ni corrigé des variations saisonnières ni corrigé des effets de calendrier,W,Monde,S1M,Les Ménages et ISBLSM,S1,Economie totale,_Z,Non applicable,B,Solde (recettes moins dépenses),B6N_R,"Revenu disponible réel des ménages, net",_Z,Non applicable,,,,,,,,,,,L,Volumes chaînés,N,Données non transformées,,,,,,,F,Libre (libre pour publication),2,Two,A,Valeur normale,6,Millions,HUF,Forint
DATAFLOW,OECD.SDD.NAD:DSD_NAAG@DF_NAAG_V(1.0),NAAG Chapitre 5: Ménages,I,A,Annuelle,JPN,Japon,B6N_R_PPP_P31S14,"Revenu disponible net réel des ménages et des ISBLSM, déflaté par la consommation finale des ménages et des ISBLSM",XDC,Monnaie nationale,NAAG_V,Part V: Households,2023,,306115889.07621,,N,Ni corrigé des variations saisonnières ni corrigé des effets de calendrier,W,Monde,S1M,Les Ménages et ISBLSM,S1,Economie totale,_Z,Non applicable,B,Solde (recettes moins dépenses),B6N_R,"Revenu disponible réel des ménages, net",_Z,Non applicable,,,,,,,,,,,L,Volumes chaînés,N,Données non transformées,,,,,,,F,Libre (libre pour publication),2,Two,A,Valeur normale,6,Millions,JPY,Yen
DATAFLOW,OECD.SDD.NAD:DSD_NAAG@DF_NAAG_V(1.0),NAAG Chapitre 5: Ménages,I,A,Annuelle,MEX,Mexique,B6N_R_PPP_P31S14,"Revenu disponible net réel des ménages et des ISBLSM, déflaté par la consommation finale des ménages et des ISBLSM",XDC,Monnaie nationale,NAAG_V,Part V: Households,2023,,19474636.6681853,,N,Ni corrigé des variations saisonnières ni corrigé des effets de calendrier,W,Monde,S1M,Les Ménages et ISBLSM,S1,Economie totale,_Z,Non applicable,B,Solde (recettes moins dépenses),B6N_R,"Revenu disponible réel des ménages, net",_Z,Non applicable,,,,,,,,,,,L,Volumes chaînés,N,Données non transformées,,,,,,,F,Libre (libre pour publication),2,Two,A,Valeur normale,6,Millions,MXN,Peso mexicain
DATAFLOW,OECD.SDD.NAD:DSD_NAAG@DF_NAAG_V(1.0),NAAG Chapitre 5: Ménages,I,A,Annuelle,NZL,Nouvelle-Zélande,B6N_R_PPP_P31S14,"Revenu disponible net réel des ménages et des ISBLSM, déflaté par la consommation finale des ménages et des ISBLSM",XDC,Monnaie nationale,NAAG_V,Part V: Households,2023,,205309.541414903,,N,Ni corrigé des variations saisonnières ni corrigé des effets de calendrier,W,Monde,S1M,Les Ménages et ISBLSM,S1,Economie totale,_Z,Non applicable,B,Solde (recettes moins dépenses),B6N_R,"Revenu disponible réel des ménages, net",_Z,Non applicable,,,,,,,,,,,L,Volumes chaînés,N,Données non transformées,,,,,,,F,Libre (libre pour publication),2,Two,A,Valeur normale,6,Millions,NZD,Dollar néo-zélandais
DATAFLOW,OECD.SDD.NAD:DSD_NAAG@DF_NAAG_V(1.0),NAAG Chapitre 5: Ménages,I,A,Annuelle,POL,Pologne,B6N_R_PPP_P31S14,"Revenu disponible net réel des ménages et des ISBLSM, déflaté par la consommation finale des ménages et des ISBLSM",XDC,Monnaie nationale,NAAG_V,Part V: Households,2023,,1520397.2588011,,N,Ni corrigé des variations saisonnières ni corrigé des effets de calendrier,W,Monde,S1M,Les Ménages et ISBLSM,S1,Economie totale,_Z,Non applicable,B,Solde (recettes moins dépenses),B6N_R,"Revenu disponible réel des ménages, net",_Z,Non applicable,,,,,,,,,,,L,Volumes chaînés,N,Données non transformées,,,,,,,F,Libre (libre pour publication),2,Two,A,Valeur normale,6,Millions,PLN,Zloty
DATAFLOW,OECD.SDD.NAD:DSD_NAAG@DF_NAAG_V(1.0),NAAG Chapitre 5: Ménages,I,A,Annuelle,SWE,Suède,B6N_R_PPP_P31S14,"Revenu disponible net réel des ménages et des ISBLSM, déflaté par la consommation finale des ménages et des ISBLSM",XDC,Monnaie nationale,NAAG_V,Part V: Households,2023,,2564303.94565315,,N,Ni corrigé des variations saisonnières ni corrigé des effets de calendrier,W,Monde,S1M,Les Ménages et ISBLSM,S1,Economie totale,_Z,Non applicable,B,Solde (recettes moins dépenses),B6N_R,"Revenu disponible réel des ménages, net",_Z,Non applicable,,,,,,,,,,,L,Volumes chaînés,N,Données non transformées,,,,,,,F,Libre (libre pour publication),2,Two,A,Valeur normale,6,Millions,SEK,Couronne suédoise
DATAFLOW,OECD.SDD.NAD:DSD_NAAG@DF_NAAG_V(1.0),NAAG Chapitre 5: Ménages,I,A,Annuelle,GBR,Royaume-Uni,B6N_R_PPP_P31S14,"Revenu disponible net réel des ménages et des ISBLSM, déflaté par la consommation finale des ménages et des ISBLSM",XDC,Monnaie nationale,NAAG_V,Part V: Households,2023,,1370051.85059429,,N,Ni corrigé des variations saisonnières ni corrigé des effets de calendrier,W,Monde,S1M,Les Ménages et ISBLSM,S1,Economie totale,_Z,Non applicable,B,Solde (recettes moins dépenses),B6N_R,"Revenu disponible réel des ménages, net",_Z,Non applicable,,,,,,,,,,,L,Volumes chaînés,N,Données non transformées,,,,,,,F,Libre (libre pour publication),2,Two,A,Valeur normale,6,Millions,GBP,Livre sterling
DATAFLOW,OECD.SDD.NAD:DSD_NAAG@DF_NAAG_V(1.0),NAAG Chapitre 5: Ménages,I,A,Annuelle,ZAF,Afrique du Sud,B6N_R_PPP_P31S14,"Revenu disponible net réel des ménages et des ISBLSM, déflaté par la consommation finale des ménages et des ISBLSM",XDC,Monnaie nationale,NAAG_V,Part V: Households,2023,,3705360.59362732,,N,Ni corrigé des variations saisonnières ni corrigé des effets de calendrier,W,Monde,S1M,Les Ménages et ISBLSM,S1,Economie totale,_Z,Non applicable,B,Solde (recettes moins dépenses),B6N_R,"Revenu disponible réel des ménages, net",_Z,Non applicable,,,,,,,,,,,L,Volumes chaînés,N,Données non transformées,,,,,,,F,Libre (libre pour publication),2,Two,A,Valeur normale,6,Millions,ZAR,Rand
DATAFLOW,OECD.SDD.NAD:DSD_NAAG@DF_NAAG_V(1.0),NAAG Chapitre 5: Ménages,I,A,Annuelle,CAN,Canada,B6N_R_PPP_P31S14,"Revenu disponible net réel des ménages et des ISBLSM, déflaté par la consommation finale des ménages et des ISBLSM",XDC,Monnaie nationale,NAAG_V,Part V: Households,2024,,1511545.97730573,,N,Ni corrigé des variations saisonnières ni corrigé des effets de calendrier,W,Monde,S1M,Les Ménages et ISBLSM,S1,Economie totale,_Z,Non applicable,B,Solde (recettes moins dépenses),B6N_R,"Revenu disponible réel des ménages, net",_Z,Non applicable,,,,,,,,,,,L,Volumes chaînés,N,Données non transformées,,,,,,,F,Libre (libre pour publication),2,Two,A,Valeur normale,6,Millions,CAD,Dollar canadien
DATAFLOW,OECD.SDD.NAD:DSD_NAAG@DF_NAAG_V(1.0),NAAG Chapitre 5: Ménages,I,A,Annuelle,CZE,Tchéquie,B6N_R_PPP_P31S14,"Revenu disponible net réel des ménages et des ISBLSM, déflaté par la consommation finale des ménages et des ISBLSM",XDC,Monnaie nationale,NAAG_V,Part V: Households,2024,,3318839.98043653,,N,Ni corrigé des variations saisonnières ni corrigé des effets de calendrier,W,Monde,S1M,Les Ménages et ISBLSM,S1,Economie totale,_Z,Non applicable,B,Solde (recettes moins dépenses),B6N_R,"Revenu disponible réel des ménages, net",_Z,Non applicable,,,,,,,,,,,L,Volumes chaînés,N,Données non transformées,,,,,,,F,Libre (libre pour publication),2,Two,A,Valeur normale,6,Millions,CZK,Couronne tchèque
DATAFLOW,OECD.SDD.NAD:DSD_NAAG@DF_NAAG_V(1.0),NAAG Chapitre 5: Ménages,I,A,Annuelle,DNK,Danemark,B6N_R_PPP_P31S14,"Revenu disponible net réel des ménages et des ISBLSM, déflaté par la consommation finale des ménages et des ISBLSM",XDC,Monnaie nationale,NAAG_V,Part V: Households,2024,,1130378.78277835,,N,Ni corrigé des variations saisonnières ni corrigé des effets de calendrier,W,Monde,S1M,Les Ménages et ISBLSM,S1,Economie totale,_Z,Non applicable,B,Solde (recettes moins dépenses),B6N_R,"Revenu disponible réel des ménages, net",_Z,Non applicable,,,,,,,,,,,L,Volumes chaînés,N,Données non transformées,,,,,,,F,Libre (libre pour publication),2,Two,A,Valeur normale,6,Millions,DKK,Couronne danoise
DATAFLOW,OECD.SDD.NAD:DSD_NAAG@DF_NAAG_V(1.0),NAAG Chapitre 5: Ménages,I,A,Annuelle,MEX,Mexique,B6N_R_PPP_P31S14,"Revenu disponible net réel des ménages et des ISBLSM, déflaté par la consommation finale des ménages et des ISBLSM",XDC,Monnaie nationale,NAAG_V,Part V: Households,2024,,20005036.9031658,,N,Ni corrigé des variations saisonnières ni corrigé des effets de calendrier,W,Monde,S1M,Les Ménages et ISBLSM,S1,Economie totale,_Z,Non applicable,B,Solde (recettes moins dépenses),B6N_R,"Revenu disponible réel des ménages, net",_Z,Non applicable,,,,,,,,,,,L,Volumes chaînés,N,Données non transformées,,,,,,,F,Libre (libre pour publication),2,Two,A,Valeur normale,6,Millions,MXN,Peso mexicain
DATAFLOW,OECD.SDD.NAD:DSD_NAAG@DF_NAAG_V(1.0),NAAG Chapitre 5: Ménages,I,A,Annuelle,POL,Pologne,B6N_R_PPP_P31S14,"Revenu disponible net réel des ménages et des ISBLSM, déflaté par la consommation finale des ménages et des ISBLSM",XDC,Monnaie nationale,NAAG_V,Part V: Households,2024,,1618487.44458399,,N,Ni corrigé des variations saisonnières ni corrigé des effets de calendrier,W,Monde,S1M,Les Ménages et ISBLSM,S1,Economie totale,_Z,Non applicable,B,Solde (recettes moins dépenses),B6N_R,"Revenu disponible réel des ménages, net",_Z,Non applicable,,,,,,,,,,,L,Volumes chaînés,N,Données non transformées,,,,,,,F,Libre (libre pour publication),2,Two,A,Valeur normale,6,Millions,PLN,Zloty
DATAFLOW,OECD.SDD.NAD:DSD_NAAG@DF_NAAG_V(1.0),NAAG Chapitre 5: Ménages,I,A,Annuelle,SWE,Suède,B6N_R_PPP_P31S14,"Revenu disponible net réel des ménages et des ISBLSM, déflaté par la consommation finale des ménages et des ISBLSM",XDC,Monnaie nationale,NAAG_V,Part V: Households,2024,,2584694.34786014,,N,Ni corrigé des variations saisonnières ni corrigé des effets de calendrier,W,Monde,S1M,Les Ménages et ISBLSM,S1,Economie totale,_Z,Non applicable,B,Solde (recettes moins dépenses),B6N_R,"Revenu disponible réel des ménages, net",_Z,Non applicable,,,,,,,,,,,L,Volumes chaînés,N,Données non transformées,,,,,,,F,Libre (libre pour publication),2,Two,A,Valeur normale,6,Millions,SEK,Couronne suédoise
DATAFLOW,OECD.SDD.NAD:DSD_NAAG@DF_NAAG_V(1.0),NAAG Chapitre 5: Ménages,I,A,Annuelle,GBR,Royaume-Uni,B6N_R_PPP_P31S14,"Revenu disponible net réel des ménages et des ISBLSM, déflaté par la consommation finale des ménages et des ISBLSM",XDC,Monnaie nationale,NAAG_V,Part V: Households,2024,,1428547.81875224,,N,Ni corrigé des variations saisonnières ni corrigé des effets de calendrier,W,Monde,S1M,Les Ménages et ISBLSM,S1,Economie totale,_Z,Non applicable,B,Solde (recettes moins dépenses),B6N_R,"Revenu disponible réel des ménages, net",_Z,Non applicable,,,,,,,,,,,L,Volumes chaînés,N,Données non transformées,,,,,,,F,Libre (libre pour publication),2,Two,A,Valeur normale,6,Millions,GBP,Livre sterling
DATAFLOW,OECD.SDD.NAD:DSD_NAAG@DF_NAAG_V(1.0),NAAG Chapitre 5: Ménages,I,A,Annuelle,ZAF,Afrique du Sud,B6N_R_PPP_P31S14,"Revenu disponible net réel des ménages et des ISBLSM, déflaté par la consommation finale des ménages et des ISBLSM",XDC,Monnaie nationale,NAAG_V,Part V: Households,2024,,3759838.21906434,,N,Ni corrigé des variations saisonnières ni corrigé des effets de calendrier,W,Monde,S1M,Les Ménages et ISBLSM,S1,Economie totale,_Z,Non applicable,B,Solde (recettes moins dépenses),B6N_R,"Revenu disponible réel des ménages, net",_Z,Non applicable,,,,,,,,,,,L,Volumes chaînés,N,Données non transformées,,,,,,,F,Libre (libre pour publication),2,Two,A,Valeur normale,6,Millions,ZAR,Rand
