STRUCTURE,STRUCTURE_ID,STRUCTURE_NAME,ACTION,REF_AREA,Reference area,MEASURE,Measure,UNIT_MEASURE,Unit of measure,SEX,Sex,AGE,Age,LABOUR_FORCE_STATUS,Labour force status,TIME_PERIOD,Time period,OBS_VALUE,Observation value,OBS_STATUS,Observation status,UNIT_MULT,Unit multiplier,DECIMALS,Decimals
DATAFLOW,OECD.ELS.SAE:DSD_LFS@DF_LFS_INDIC(1.1),Emploi et chômage par groupe d'âge quinquennal et par sexe - indicateurs,I,AUS,Australie,EMP_RATIO,Employment to population ratio,PT_POP_SUB,Pourcentage de la population dans le même sous-groupe,_T,Total,Y20T64,De 20 à 64 ans,EMP,Employment,2008,,75.631,,A,Valeur normale,,,1,One
DATAFLOW,OECD.ELS.SAE:DSD_LFS@DF_LFS_INDIC(1.1),Emploi et chômage par groupe d'âge quinquennal et par sexe - indicateurs,I,AUT,Autriche,EMP_RATIO,Employment to population ratio,PT_POP_SUB,Pourcentage de la population dans le même sous-groupe,_T,Total,Y20T64,De 20 à 64 ans,EMP,Employment,2008,,73.808,,A,Valeur normale,,,1,One
DATAFLOW,OECD.ELS.SAE:DSD_LFS@DF_LFS_INDIC(1.1),Emploi et chômage par groupe d'âge quinquennal et par sexe - indicateurs,I,BEL,Belgique,EMP_RATIO,Employment to population ratio,PT_POP_SUB,Pourcentage de la population dans le même sous-groupe,_T,Total,Y20T64,De 20 à 64 ans,EMP,Employment,2008,,68.017,,A,Valeur normale,,,1,One
DATAFLOW,OECD.ELS.SAE:DSD_LFS@DF_LFS_INDIC(1.1),Emploi et chômage par groupe d'âge quinquennal et par sexe - indicateurs,I,CAN,Canada,EMP_RATIO,Employment to population ratio,PT_POP_SUB,Pourcentage de la population dans le même sous-groupe,_T,Total,Y20T64,De 20 à 64 ans,EMP,Employment,2008,,76.189,,A,Valeur normale,,,1,One
DATAFLOW,OECD.ELS.SAE:DSD_LFS@DF_LFS_INDIC(1.1),Emploi et chômage par groupe d'âge quinquennal et par sexe - indicateurs,I,CHL,Chili,EMP_RATIO,Employment to population ratio,PT_POP_SUB,Pourcentage de la population dans le même sous-groupe,_T,Total,Y20T64,De 20 à 64 ans,EMP,Employment,2008,,65.888,,A,Valeur normale,,,1,One
DATAFLOW,OECD.ELS.SAE:DSD_LFS@DF_LFS_INDIC(1.1),Emploi et chômage par groupe d'âge quinquennal et par sexe - indicateurs,I,COL,Colombie,EMP_RATIO,Employment to population ratio,PT_POP_SUB,Pourcentage de la population dans le même sous-groupe,_T,Total,Y20T64,De 20 à 64 ans,EMP,Employment,2008,,66.996,,A,Valeur normale,,,1,One
DATAFLOW,OECD.ELS.SAE:DSD_LFS@DF_LFS_INDIC(1.1),Emploi et chômage par groupe d'âge quinquennal et par sexe - indicateurs,I,CRI,Costa Rica,EMP_RATIO,Employment to population ratio,PT_POP_SUB,Pourcentage de la population dans le même sous-groupe,_T,Total,Y20T64,De 20 à 64 ans,EMP,Employment,2008,,70.513,,A,Valeur normale,,,1,One
DATAFLOW,OECD.ELS.SAE:DSD_LFS@DF_LFS_INDIC(1.1),Emploi et chômage par groupe d'âge quinquennal et par sexe - indicateurs,I,CZE,Tchéquie,EMP_RATIO,Employment to population ratio,PT_POP_SUB,Pourcentage de la population dans le même sous-groupe,_T,Total,Y20T64,De 20 à 64 ans,EMP,Employment,2008,,72.354,,A,Valeur normale,,,1,One
DATAFLOW,OECD.ELS.SAE:DSD_LFS@DF_LFS_INDIC(1.1),Emploi et chômage par groupe d'âge quinquennal et par sexe - indicateurs,I,DNK,Danemark,EMP_RATIO,Employment to population ratio,PT_POP_SUB,Pourcentage de la population dans le même sous-groupe,_T,Total,Y20T64,De 20 à 64 ans,EMP,Employment,2008,,79.212,,A,Valeur normale,,,1,One
DATAFLOW,OECD.ELS.SAE:DSD_LFS@DF_LFS_INDIC(1.1),Emploi et chômage par groupe d'âge quinquennal et par sexe - indicateurs,I,EST,Estonie,EMP_RATIO,Employment to population ratio,PT_POP_SUB,Pourcentage de la population dans le même sous-groupe,_T,Total,Y20T64,De 20 à 64 ans,EMP,Employment,2008,,76.927,,A,Valeur normale,,,1,One
DATAFLOW,OECD.ELS.SAE:DSD_LFS@DF_LFS_INDIC(1.1),Emploi et chômage par groupe d'âge quinquennal et par sexe - indicateurs,I,FIN,Finlande,EMP_RATIO,Employment to population ratio,PT_POP_SUB,Pourcentage de la population dans le même sous-groupe,_T,Total,Y20T64,De 20 à 64 ans,EMP,Employment,2008,,75.85,,A,Valeur normale,,,1,One
DATAFLOW,OECD.ELS.SAE:DSD_LFS@DF_LFS_INDIC(1.1),Emploi et chômage par groupe d'âge quinquennal et par sexe - indicateurs,I,FRA,France,EMP_RATIO,Employment to population ratio,PT_POP_SUB,Pourcentage de la population dans le même sous-groupe,_T,Total,Y20T64,De 20 à 64 ans,EMP,Employment,2008,,69.949,,A,Valeur normale,,,1,One
DATAFLOW,OECD.ELS.SAE:DSD_LFS@DF_LFS_INDIC(1.1),Emploi et chômage par groupe d'âge quinquennal et par sexe - indicateurs,I,DEU,Allemagne,EMP_RATIO,Employment to population ratio,PT_POP_SUB,Pourcentage de la population dans le même sous-groupe,_T,Total,Y20T64,De 20 à 64 ans,EMP,Employment,2008,,74.01,,A,Valeur normale,,,1,One
DATAFLOW,OECD.ELS.SAE:DSD_LFS@DF_LFS_INDIC(1.1),Emploi et chômage par groupe d'âge quinquennal et par sexe - indicateurs,I,GRC,Grèce,EMP_RATIO,Employment to population ratio,PT_POP_SUB,Pourcentage de la population dans le même sous-groupe,_T,Total,Y20T64,De 20 à 64 ans,EMP,Employment,2008,,66.293,,A,Valeur normale,,,1,One
DATAFLOW,OECD.ELS.SAE:DSD_LFS@DF_LFS_INDIC(1.1),Emploi et chômage par groupe d'âge quinquennal et par sexe - indicateurs,I,HUN,Hongrie,EMP_RATIO,Employment to population ratio,PT_POP_SUB,Pourcentage de la population dans le même sous-groupe,_T,Total,Y20T64,De 20 à 64 ans,EMP,Employment,2008,,61.543,,A,Valeur normale,,,1,One
DATAFLOW,OECD.ELS.SAE:DSD_LFS@DF_LFS_INDIC(1.1),Emploi et chômage par groupe d'âge quinquennal et par sexe - indicateurs,I,ISL,Islande,EMP_RATIO,Employment to population ratio,PT_POP_SUB,Pourcentage de la population dans le même sous-groupe,_T,Total,Y20T64,De 20 à 64 ans,EMP,Employment,2008,,84.405,,A,Valeur normale,,,1,One
DATAFLOW,OECD.ELS.SAE:DSD_LFS@DF_LFS_INDIC(1.1),Emploi et chômage par groupe d'âge quinquennal et par sexe - indicateurs,I,IRL,Irlande,EMP_RATIO,Employment to population ratio,PT_POP_SUB,Pourcentage de la population dans le même sous-groupe,_T,Total,Y20T64,De 20 à 64 ans,EMP,Employment,2008,,73.596,,A,Valeur normale,,,1,One
DATAFLOW,OECD.ELS.SAE:DSD_LFS@DF_LFS_INDIC(1.1),Emploi et chômage par groupe d'âge quinquennal et par sexe - indicateurs,I,ISR,Israël,EMP_RATIO,Employment to population ratio,PT_POP_SUB,Pourcentage de la population dans le même sous-groupe,_T,Total,Y20T64,De 20 à 64 ans,EMP,Employment,2008,,70.802,,A,Valeur normale,,,1,One
DATAFLOW,OECD.ELS.SAE:DSD_LFS@DF_LFS_INDIC(1.1),Emploi et chômage par groupe d'âge quinquennal et par sexe - indicateurs,I,ITA,Italie,EMP_RATIO,Employment to population ratio,PT_POP_SUB,Pourcentage de la population dans le même sous-groupe,_T,Total,Y20T64,De 20 à 64 ans,EMP,Employment,2008,,62.857,,A,Valeur normale,,,1,One
DATAFLOW,OECD.ELS.SAE:DSD_LFS@DF_LFS_INDIC(1.1),Emploi et chômage par groupe d'âge quinquennal et par sexe - indicateurs,I,JPN,Japon,EMP_RATIO,Employment to population ratio,PT_POP_SUB,Pourcentage de la population dans le même sous-groupe,_T,Total,Y20T64,De 20 à 64 ans,EMP,Employment,2008,,75.266,,A,Valeur normale,,,1,One
DATAFLOW,OECD.ELS.SAE:DSD_LFS@DF_LFS_INDIC(1.1),Emploi et chômage par groupe d'âge quinquennal et par sexe - indicateurs,I,KOR,Corée,EMP_RATIO,Employment to population ratio,PT_POP_SUB,Pourcentage de la population dans le même sous-groupe,_T,Total,Y20T64,De 20 à 64 ans,EMP,Employment,2008,,69.866,,A,Valeur normale,,,1,One
DATAFLOW,OECD.ELS.SAE:DSD_LFS@DF_LFS_INDIC(1.1),Emploi et chômage par groupe d'âge quinquennal et par sexe - indicateurs,I,LVA,Lettonie,EMP_RATIO,Employment to population ratio,PT_POP_SUB,Pourcentage de la population dans le même sous-groupe,_T,Total,Y20T64,De 20 à 64 ans,EMP,Employment,2008,,75.449,,A,Valeur normale,,,1,One
DATAFLOW,OECD.ELS.SAE:DSD_LFS@DF_LFS_INDIC(1.1),Emploi et chômage par groupe d'âge quinquennal et par sexe - indicateurs,I,LTU,Lituanie,EMP_RATIO,Employment to population ratio,PT_POP_SUB,Pourcentage de la population dans le même sous-groupe,_T,Total,Y20T64,De 20 à 64 ans,EMP,Employment,2008,,72.01,,A,Valeur normale,,,1,One
DATAFLOW,OECD.ELS.SAE:DSD_LFS@DF_LFS_INDIC(1.1),Emploi et chômage par groupe d'âge quinquennal et par sexe - indicateurs,I,LUX,Luxembourg,EMP_RATIO,Employment to population ratio,PT_POP_SUB,Pourcentage de la population dans le même sous-groupe,_T,Total,Y20T64,De 20 à 64 ans,EMP,Employment,2008,,68.775,,A,Valeur normale,,,1,One
DATAFLOW,OECD.ELS.SAE:DSD_LFS@DF_LFS_INDIC(1.1),Emploi et chômage par groupe d'âge quinquennal et par sexe - indicateurs,I,MEX,Mexique,EMP_RATIO,Employment to population ratio,PT_POP_SUB,Pourcentage de la population dans le même sous-groupe,_T,Total,Y20T64,De 20 à 64 ans,EMP,Employment,2008,,65.887,,A,Valeur normale,,,1,One
DATAFLOW,OECD.ELS.SAE:DSD_LFS@DF_LFS_INDIC(1.1),Emploi et chômage par groupe d'âge quinquennal et par sexe - indicateurs,I,NLD,Pays-Bas,EMP_RATIO,Employment to population ratio,PT_POP_SUB,Pourcentage de la population dans le même sous-groupe,_T,Total,Y20T64,De 20 à 64 ans,EMP,Employment,2008,,77.117,,A,Valeur normale,,,1,One
DATAFLOW,OECD.ELS.SAE:DSD_LFS@DF_LFS_INDIC(1.1),Emploi et chômage par groupe d'âge quinquennal et par sexe - indicateurs,I,NZL,Nouvelle-Zélande,EMP_RATIO,Employment to population ratio,PT_POP_SUB,Pourcentage de la population dans le même sous-groupe,_T,Total,Y20T64,De 20 à 64 ans,EMP,Employment,2008,,78.323,,A,Valeur normale,,,1,One
DATAFLOW,OECD.ELS.SAE:DSD_LFS@DF_LFS_INDIC(1.1),Emploi et chômage par groupe d'âge quinquennal et par sexe - indicateurs,I,NOR,Norvège,EMP_RATIO,Employment to population ratio,PT_POP_SUB,Pourcentage de la population dans le même sous-groupe,_T,Total,Y20T64,De 20 à 64 ans,EMP,Employment,2008,,81.779,,A,Valeur normale,,,1,One
DATAFLOW,OECD.ELS.SAE:DSD_LFS@DF_LFS_INDIC(1.1),Emploi et chômage par groupe d'âge quinquennal et par sexe - indicateurs,I,POL,Pologne,EMP_RATIO,Employment to population ratio,PT_POP_SUB,Pourcentage de la population dans le même sous-groupe,_T,Total,Y20T64,De 20 à 64 ans,EMP,Employment,2008,,64.992,,A,Valeur normale,,,1,One
DATAFLOW,OECD.ELS.SAE:DSD_LFS@DF_LFS_INDIC(1.1),Emploi et chômage par groupe d'âge quinquennal et par sexe - indicateurs,I,PRT,Portugal,EMP_RATIO,Employment to population ratio,PT_POP_SUB,Pourcentage de la population dans le même sous-groupe,_T,Total,Y20T64,De 20 à 64 ans,EMP,Employment,2008,,73.064,,A,Valeur normale,,,1,One
DATAFLOW,OECD.ELS.SAE:DSD_LFS@DF_LFS_INDIC(1.1),Emploi et chômage par groupe d'âge quinquennal et par sexe - indicateurs,I,SVK,République slovaque,EMP_RATIO,Employment to population ratio,PT_POP_SUB,Pourcentage de la population dans le même sous-groupe,_T,Total,Y20T64,De 20 à 64 ans,EMP,Employment,2008,,68.828,,A,Valeur normale,,,1,One
DATAFLOW,OECD.ELS.SAE:DSD_LFS@DF_LFS_INDIC(1.1),Emploi et chômage par groupe d'âge quinquennal et par sexe - indicateurs,I,SVN,Slovénie,EMP_RATIO,Employment to population ratio,PT_POP_SUB,Pourcentage de la population dans le même sous-groupe,_T,Total,Y20T64,De 20 à 64 ans,EMP,Employment,2008,,73.046,,A,Valeur normale,,,1,One
DATAFLOW,OECD.ELS.SAE:DSD_LFS@DF_LFS_INDIC(1.1),Emploi et chômage par groupe d'âge quinquennal et par sexe - indicateurs,I,ESP,Espagne,EMP_RATIO,Employment to population ratio,PT_POP_SUB,Pourcentage de la population dans le même sous-groupe,_T,Total,Y20T64,De 20 à 64 ans,EMP,Employment,2008,,68.494,,A,Valeur normale,,,1,One
DATAFLOW,OECD.ELS.SAE:DSD_LFS@DF_LFS_INDIC(1.1),Emploi et chômage par groupe d'âge quinquennal et par sexe - indicateurs,I,SWE,Suède,EMP_RATIO,Employment to population ratio,PT_POP_SUB,Pourcentage de la population dans le même sous-groupe,_T,Total,Y20T64,De 20 à 64 ans,EMP,Employment,2008,,80.386,,A,Valeur normale,,,1,One
DATAFLOW,OECD.ELS.SAE:DSD_LFS@DF_LFS_INDIC(1.1),Emploi et chômage par groupe d'âge quinquennal et par sexe - indicateurs,I,CHE,Suisse,EMP_RATIO,Employment to population ratio,PT_POP_SUB,Pourcentage de la population dans le même sous-groupe,_T,Total,Y20T64,De 20 à 64 ans,EMP,Employment,2008,,82.287,,A,Valeur normale,,,1,One
DATAFLOW,OECD.ELS.SAE:DSD_LFS@DF_LFS_INDIC(1.1),Emploi et chômage par groupe d'âge quinquennal et par sexe - indicateurs,I,TUR,Türkiye,EMP_RATIO,Employment to population ratio,PT_POP_SUB,Pourcentage de la population dans le même sous-groupe,_T,Total,Y20T64,De 20 à 64 ans,EMP,Employment,2008,,48.446,,A,Valeur normale,,,1,One
DATAFLOW,OECD.ELS.SAE:DSD_LFS@DF_LFS_INDIC(1.1),Emploi et chômage par groupe d'âge quinquennal et par sexe - indicateurs,I,GBR,Royaume-Uni,EMP_RATIO,Employment to population ratio,PT_POP_SUB,Pourcentage de la population dans le même sous-groupe,_T,Total,Y20T64,De 20 à 64 ans,EMP,Employment,2008,,74.731,,A,Valeur normale,,,1,One
DATAFLOW,OECD.ELS.SAE:DSD_LFS@DF_LFS_INDIC(1.1),Emploi et chômage par groupe d'âge quinquennal et par sexe - indicateurs,I,USA,États-Unis,EMP_RATIO,Employment to population ratio,PT_POP_SUB,Pourcentage de la population dans le même sous-groupe,_T,Total,Y20T64,De 20 à 64 ans,EMP,Employment,2008,,74.524,,A,Valeur normale,,,1,One
DATAFLOW,OECD.ELS.SAE:DSD_LFS@DF_LFS_INDIC(1.1),Emploi et chômage par groupe d'âge quinquennal et par sexe - indicateurs,I,G7,G7,EMP_RATIO,Employment to population ratio,PT_POP_SUB,Pourcentage de la population dans le même sous-groupe,_T,Total,Y20T64,De 20 à 64 ans,EMP,Employment,2008,,73.343,,A,Valeur normale,,,1,One
DATAFLOW,OECD.ELS.SAE:DSD_LFS@DF_LFS_INDIC(1.1),Emploi et chômage par groupe d'âge quinquennal et par sexe - indicateurs,I,EU27,Union européenne (27 pays),EMP_RATIO,Employment to population ratio,PT_POP_SUB,Pourcentage de la population dans le même sous-groupe,_T,Total,Y20T64,De 20 à 64 ans,EMP,Employment,2008,,69.477,,A,Valeur normale,,,1,One
DATAFLOW,OECD.ELS.SAE:DSD_LFS@DF_LFS_INDIC(1.1),Emploi et chômage par groupe d'âge quinquennal et par sexe - indicateurs,I,EU19OECD,19 Membres de l'Union européenne et de l'OCDE,EMP_RATIO,Employment to population ratio,PT_POP_SUB,Pourcentage de la population dans le même sous-groupe,_T,Total,Y20T64,De 20 à 64 ans,EMP,Employment,2008,,70.074,,A,Valeur normale,,,1,One
DATAFLOW,OECD.ELS.SAE:DSD_LFS@DF_LFS_INDIC(1.1),Emploi et chômage par groupe d'âge quinquennal et par sexe - indicateurs,I,EU22OECD,22 Membres de l'Union européenne et de l'OCDE,EMP_RATIO,Employment to population ratio,PT_POP_SUB,Pourcentage de la population dans le même sous-groupe,_T,Total,Y20T64,De 20 à 64 ans,EMP,Employment,2008,,69.78,,A,Valeur normale,,,1,One
DATAFLOW,OECD.ELS.SAE:DSD_LFS@DF_LFS_INDIC(1.1),Emploi et chômage par groupe d'âge quinquennal et par sexe - indicateurs,I,OECD,OCDE,EMP_RATIO,Employment to population ratio,PT_POP_SUB,Pourcentage de la population dans le même sous-groupe,_T,Total,Y20T64,De 20 à 64 ans,EMP,Employment,2008,,70.58,,A,Valeur normale,,,1,One
DATAFLOW,OECD.ELS.SAE:DSD_LFS@DF_LFS_INDIC(1.1),Emploi et chômage par groupe d'âge quinquennal et par sexe - indicateurs,I,OECD_REP,Pays moyen de l'OCDE,EMP_RATIO,Employment to population ratio,PT_POP_SUB,Pourcentage de la population dans le même sous-groupe,_T,Total,Y20T64,De 20 à 64 ans,EMP,Employment,2008,,72.055,,A,Valeur normale,,,1,One
DATAFLOW,OECD.ELS.SAE:DSD_LFS@DF_LFS_INDIC(1.1),Emploi et chômage par groupe d'âge quinquennal et par sexe - indicateurs,I,BRA,Brésil,EMP_RATIO,Employment to population ratio,PT_POP_SUB,Pourcentage de la population dans le même sous-groupe,_T,Total,Y20T64,De 20 à 64 ans,EMP,Employment,2008,,72.855,,A,Valeur normale,,,1,One
DATAFLOW,OECD.ELS.SAE:DSD_LFS@DF_LFS_INDIC(1.1),Emploi et chômage par groupe d'âge quinquennal et par sexe - indicateurs,I,BGR,Bulgarie,EMP_RATIO,Employment to population ratio,PT_POP_SUB,Pourcentage de la population dans le même sous-groupe,_T,Total,Y20T64,De 20 à 64 ans,EMP,Employment,2008,,70.672,,A,Valeur normale,,,1,One
DATAFLOW,OECD.ELS.SAE:DSD_LFS@DF_LFS_INDIC(1.1),Emploi et chômage par groupe d'âge quinquennal et par sexe - indicateurs,I,HRV,Croatie,EMP_RATIO,Employment to population ratio,PT_POP_SUB,Pourcentage de la population dans le même sous-groupe,_T,Total,Y20T64,De 20 à 64 ans,EMP,Employment,2008,,64.917,,A,Valeur normale,,,1,One
DATAFLOW,OECD.ELS.SAE:DSD_LFS@DF_LFS_INDIC(1.1),Emploi et chômage par groupe d'âge quinquennal et par sexe - indicateurs,I,CYP,Chypre,EMP_RATIO,Employment to population ratio,PT_POP_SUB,Pourcentage de la population dans le même sous-groupe,_T,Total,Y20T64,De 20 à 64 ans,EMP,Employment,2008,,76.533,,A,Valeur normale,,,1,One
DATAFLOW,OECD.ELS.SAE:DSD_LFS@DF_LFS_INDIC(1.1),Emploi et chômage par groupe d'âge quinquennal et par sexe - indicateurs,I,IND,Inde,EMP_RATIO,Employment to population ratio,PT_POP_SUB,Pourcentage de la population dans le même sous-groupe,_T,Total,Y20T64,De 20 à 64 ans,EMP,Employment,2008,,61.82,,A,Valeur normale,,,1,One
DATAFLOW,OECD.ELS.SAE:DSD_LFS@DF_LFS_INDIC(1.1),Emploi et chômage par groupe d'âge quinquennal et par sexe - indicateurs,I,IDN,Indonésie,EMP_RATIO,Employment to population ratio,PT_POP_SUB,Pourcentage de la population dans le même sous-groupe,_T,Total,Y20T64,De 20 à 64 ans,EMP,Employment,2008,,69.332,,A,Valeur normale,,,1,One
DATAFLOW,OECD.ELS.SAE:DSD_LFS@DF_LFS_INDIC(1.1),Emploi et chômage par groupe d'âge quinquennal et par sexe - indicateurs,I,MLT,Malte,EMP_RATIO,Employment to population ratio,PT_POP_SUB,Pourcentage de la population dans le même sous-groupe,_T,Total,Y20T64,De 20 à 64 ans,EMP,Employment,2008,,59.23,,A,Valeur normale,,,1,One
DATAFLOW,OECD.ELS.SAE:DSD_LFS@DF_LFS_INDIC(1.1),Emploi et chômage par groupe d'âge quinquennal et par sexe - indicateurs,I,MKD,Macédoine du Nord,EMP_RATIO,Employment to population ratio,PT_POP_SUB,Pourcentage de la population dans le même sous-groupe,_T,Total,Y20T64,De 20 à 64 ans,EMP,Employment,2008,,46.315,,A,Valeur normale,,,1,One
DATAFLOW,OECD.ELS.SAE:DSD_LFS@DF_LFS_INDIC(1.1),Emploi et chômage par groupe d'âge quinquennal et par sexe - indicateurs,I,ROU,Roumanie,EMP_RATIO,Employment to population ratio,PT_POP_SUB,Pourcentage de la population dans le même sous-groupe,_T,Total,Y20T64,De 20 à 64 ans,EMP,Employment,2008,,64.393,,A,Valeur normale,,,1,One
DATAFLOW,OECD.ELS.SAE:DSD_LFS@DF_LFS_INDIC(1.1),Emploi et chômage par groupe d'âge quinquennal et par sexe - indicateurs,I,RUS,Russie,EMP_RATIO,Employment to population ratio,PT_POP_SUB,Pourcentage de la population dans le même sous-groupe,_T,Total,Y20T64,De 20 à 64 ans,EMP,Employment,2008,,75.231,,A,Valeur normale,,,1,One
DATAFLOW,OECD.ELS.SAE:DSD_LFS@DF_LFS_INDIC(1.1),Emploi et chômage par groupe d'âge quinquennal et par sexe - indicateurs,I,ZAF,Afrique du Sud,EMP_RATIO,Employment to population ratio,PT_POP_SUB,Pourcentage de la population dans le même sous-groupe,_T,Total,Y20T64,De 20 à 64 ans,EMP,Employment,2008,,53.726,,A,Valeur normale,,,1,One
DATAFLOW,OECD.ELS.SAE:DSD_LFS@DF_LFS_INDIC(1.1),Emploi et chômage par groupe d'âge quinquennal et par sexe - indicateurs,I,AUS,Australie,EMP_RATIO,Employment to population ratio,PT_POP_SUB,Pourcentage de la population dans le même sous-groupe,_T,Total,Y20T64,De 20 à 64 ans,EMP,Employment,2006,,74.53,,A,Valeur normale,,,1,One
DATAFLOW,OECD.ELS.SAE:DSD_LFS@DF_LFS_INDIC(1.1),Emploi et chômage par groupe d'âge quinquennal et par sexe - indicateurs,I,AUT,Autriche,EMP_RATIO,Employment to population ratio,PT_POP_SUB,Pourcentage de la population dans le même sous-groupe,_T,Total,Y20T64,De 20 à 64 ans,EMP,Employment,2006,,71.576,,A,Valeur normale,,,1,One
DATAFLOW,OECD.ELS.SAE:DSD_LFS@DF_LFS_INDIC(1.1),Emploi et chômage par groupe d'âge quinquennal et par sexe - indicateurs,I,BEL,Belgique,EMP_RATIO,Employment to population ratio,PT_POP_SUB,Pourcentage de la population dans le même sous-groupe,_T,Total,Y20T64,De 20 à 64 ans,EMP,Employment,2006,,66.475,,A,Valeur normale,,,1,One
DATAFLOW,OECD.ELS.SAE:DSD_LFS@DF_LFS_INDIC(1.1),Emploi et chômage par groupe d'âge quinquennal et par sexe - indicateurs,I,CAN,Canada,EMP_RATIO,Employment to population ratio,PT_POP_SUB,Pourcentage de la population dans le même sous-groupe,_T,Total,Y20T64,De 20 à 64 ans,EMP,Employment,2006,,75.743,,A,Valeur normale,,,1,One
DATAFLOW,OECD.ELS.SAE:DSD_LFS@DF_LFS_INDIC(1.1),Emploi et chômage par groupe d'âge quinquennal et par sexe - indicateurs,I,CHL,Chili,EMP_RATIO,Employment to population ratio,PT_POP_SUB,Pourcentage de la population dans le même sous-groupe,_T,Total,Y20T64,De 20 à 64 ans,EMP,Employment,2006,,63.964,,A,Valeur normale,,,1,One
DATAFLOW,OECD.ELS.SAE:DSD_LFS@DF_LFS_INDIC(1.1),Emploi et chômage par groupe d'âge quinquennal et par sexe - indicateurs,I,CRI,Costa Rica,EMP_RATIO,Employment to population ratio,PT_POP_SUB,Pourcentage de la population dans le même sous-groupe,_T,Total,Y20T64,De 20 à 64 ans,EMP,Employment,2006,,69.298,,A,Valeur normale,,,1,One
DATAFLOW,OECD.ELS.SAE:DSD_LFS@DF_LFS_INDIC(1.1),Emploi et chômage par groupe d'âge quinquennal et par sexe - indicateurs,I,CZE,Tchéquie,EMP_RATIO,Employment to population ratio,PT_POP_SUB,Pourcentage de la population dans le même sous-groupe,_T,Total,Y20T64,De 20 à 64 ans,EMP,Employment,2006,,71.158,,A,Valeur normale,,,1,One
DATAFLOW,OECD.ELS.SAE:DSD_LFS@DF_LFS_INDIC(1.1),Emploi et chômage par groupe d'âge quinquennal et par sexe - indicateurs,I,DNK,Danemark,EMP_RATIO,Employment to population ratio,PT_POP_SUB,Pourcentage de la population dans le même sous-groupe,_T,Total,Y20T64,De 20 à 64 ans,EMP,Employment,2006,,79.677,,A,Valeur normale,,,1,One
DATAFLOW,OECD.ELS.SAE:DSD_LFS@DF_LFS_INDIC(1.1),Emploi et chômage par groupe d'âge quinquennal et par sexe - indicateurs,I,EST,Estonie,EMP_RATIO,Employment to population ratio,PT_POP_SUB,Pourcentage de la population dans le même sous-groupe,_T,Total,Y20T64,De 20 à 64 ans,EMP,Employment,2006,,75.606,,A,Valeur normale,,,1,One
DATAFLOW,OECD.ELS.SAE:DSD_LFS@DF_LFS_INDIC(1.1),Emploi et chômage par groupe d'âge quinquennal et par sexe - indicateurs,I,FIN,Finlande,EMP_RATIO,Employment to population ratio,PT_POP_SUB,Pourcentage de la population dans le même sous-groupe,_T,Total,Y20T64,De 20 à 64 ans,EMP,Employment,2006,,74.026,,A,Valeur normale,,,1,One
DATAFLOW,OECD.ELS.SAE:DSD_LFS@DF_LFS_INDIC(1.1),Emploi et chômage par groupe d'âge quinquennal et par sexe - indicateurs,I,FRA,France,EMP_RATIO,Employment to population ratio,PT_POP_SUB,Pourcentage de la population dans le même sous-groupe,_T,Total,Y20T64,De 20 à 64 ans,EMP,Employment,2006,,68.879,,A,Valeur normale,,,1,One
DATAFLOW,OECD.ELS.SAE:DSD_LFS@DF_LFS_INDIC(1.1),Emploi et chômage par groupe d'âge quinquennal et par sexe - indicateurs,I,DEU,Allemagne,EMP_RATIO,Employment to population ratio,PT_POP_SUB,Pourcentage de la population dans le même sous-groupe,_T,Total,Y20T64,De 20 à 64 ans,EMP,Employment,2006,,71.125,,A,Valeur normale,,,1,One
DATAFLOW,OECD.ELS.SAE:DSD_LFS@DF_LFS_INDIC(1.1),Emploi et chômage par groupe d'âge quinquennal et par sexe - indicateurs,I,GRC,Grèce,EMP_RATIO,Employment to population ratio,PT_POP_SUB,Pourcentage de la population dans le même sous-groupe,_T,Total,Y20T64,De 20 à 64 ans,EMP,Employment,2006,,65.552,,A,Valeur normale,,,1,One
DATAFLOW,OECD.ELS.SAE:DSD_LFS@DF_LFS_INDIC(1.1),Emploi et chômage par groupe d'âge quinquennal et par sexe - indicateurs,I,HUN,Hongrie,EMP_RATIO,Employment to population ratio,PT_POP_SUB,Pourcentage de la population dans le même sous-groupe,_T,Total,Y20T64,De 20 à 64 ans,EMP,Employment,2006,,62.65,,A,Valeur normale,,,1,One
DATAFLOW,OECD.ELS.SAE:DSD_LFS@DF_LFS_INDIC(1.1),Emploi et chômage par groupe d'âge quinquennal et par sexe - indicateurs,I,ISL,Islande,EMP_RATIO,Employment to population ratio,PT_POP_SUB,Pourcentage de la population dans le même sous-groupe,_T,Total,Y20T64,De 20 à 64 ans,EMP,Employment,2006,,85.202,,A,Valeur normale,,,1,One
DATAFLOW,OECD.ELS.SAE:DSD_LFS@DF_LFS_INDIC(1.1),Emploi et chômage par groupe d'âge quinquennal et par sexe - indicateurs,I,IRL,Irlande,EMP_RATIO,Employment to population ratio,PT_POP_SUB,Pourcentage de la population dans le même sous-groupe,_T,Total,Y20T64,De 20 à 64 ans,EMP,Employment,2006,,74.684,,A,Valeur normale,,,1,One
DATAFLOW,OECD.ELS.SAE:DSD_LFS@DF_LFS_INDIC(1.1),Emploi et chômage par groupe d'âge quinquennal et par sexe - indicateurs,I,ISR,Israël,EMP_RATIO,Employment to population ratio,PT_POP_SUB,Pourcentage de la population dans le même sous-groupe,_T,Total,Y20T64,De 20 à 64 ans,EMP,Employment,2006,,68.127,,A,Valeur normale,,,1,One
DATAFLOW,OECD.ELS.SAE:DSD_LFS@DF_LFS_INDIC(1.1),Emploi et chômage par groupe d'âge quinquennal et par sexe - indicateurs,I,ITA,Italie,EMP_RATIO,Employment to population ratio,PT_POP_SUB,Pourcentage de la population dans le même sous-groupe,_T,Total,Y20T64,De 20 à 64 ans,EMP,Employment,2006,,62.41,,A,Valeur normale,,,1,One
DATAFLOW,OECD.ELS.SAE:DSD_LFS@DF_LFS_INDIC(1.1),Emploi et chômage par groupe d'âge quinquennal et par sexe - indicateurs,I,JPN,Japon,EMP_RATIO,Employment to population ratio,PT_POP_SUB,Pourcentage de la population dans le même sous-groupe,_T,Total,Y20T64,De 20 à 64 ans,EMP,Employment,2006,,74.526,,A,Valeur normale,,,1,One
DATAFLOW,OECD.ELS.SAE:DSD_LFS@DF_LFS_INDIC(1.1),Emploi et chômage par groupe d'âge quinquennal et par sexe - indicateurs,I,KOR,Corée,EMP_RATIO,Employment to population ratio,PT_POP_SUB,Pourcentage de la population dans le même sous-groupe,_T,Total,Y20T64,De 20 à 64 ans,EMP,Employment,2006,,69.576,,A,Valeur normale,,,1,One
DATAFLOW,OECD.ELS.SAE:DSD_LFS@DF_LFS_INDIC(1.1),Emploi et chômage par groupe d'âge quinquennal et par sexe - indicateurs,I,LVA,Lettonie,EMP_RATIO,Employment to population ratio,PT_POP_SUB,Pourcentage de la population dans le même sous-groupe,_T,Total,Y20T64,De 20 à 64 ans,EMP,Employment,2006,,73.156,,A,Valeur normale,,,1,One
DATAFLOW,OECD.ELS.SAE:DSD_LFS@DF_LFS_INDIC(1.1),Emploi et chômage par groupe d'âge quinquennal et par sexe - indicateurs,I,LTU,Lituanie,EMP_RATIO,Employment to population ratio,PT_POP_SUB,Pourcentage de la population dans le même sous-groupe,_T,Total,Y20T64,De 20 à 64 ans,EMP,Employment,2006,,71.283,,A,Valeur normale,,,1,One
DATAFLOW,OECD.ELS.SAE:DSD_LFS@DF_LFS_INDIC(1.1),Emploi et chômage par groupe d'âge quinquennal et par sexe - indicateurs,I,LUX,Luxembourg,EMP_RATIO,Employment to population ratio,PT_POP_SUB,Pourcentage de la population dans le même sous-groupe,_T,Total,Y20T64,De 20 à 64 ans,EMP,Employment,2006,,69.091,,A,Valeur normale,,,1,One
DATAFLOW,OECD.ELS.SAE:DSD_LFS@DF_LFS_INDIC(1.1),Emploi et chômage par groupe d'âge quinquennal et par sexe - indicateurs,I,MEX,Mexique,EMP_RATIO,Employment to population ratio,PT_POP_SUB,Pourcentage de la population dans le même sous-groupe,_T,Total,Y20T64,De 20 à 64 ans,EMP,Employment,2006,,66.072,,A,Valeur normale,,,1,One
DATAFLOW,OECD.ELS.SAE:DSD_LFS@DF_LFS_INDIC(1.1),Emploi et chômage par groupe d'âge quinquennal et par sexe - indicateurs,I,NLD,Pays-Bas,EMP_RATIO,Employment to population ratio,PT_POP_SUB,Pourcentage de la population dans le même sous-groupe,_T,Total,Y20T64,De 20 à 64 ans,EMP,Employment,2006,,73.982,,A,Valeur normale,,,1,One
DATAFLOW,OECD.ELS.SAE:DSD_LFS@DF_LFS_INDIC(1.1),Emploi et chômage par groupe d'âge quinquennal et par sexe - indicateurs,I,NZL,Nouvelle-Zélande,EMP_RATIO,Employment to population ratio,PT_POP_SUB,Pourcentage de la population dans le même sous-groupe,_T,Total,Y20T64,De 20 à 64 ans,EMP,Employment,2006,,78.37,,A,Valeur normale,,,1,One
DATAFLOW,OECD.ELS.SAE:DSD_LFS@DF_LFS_INDIC(1.1),Emploi et chômage par groupe d'âge quinquennal et par sexe - indicateurs,I,NOR,Norvège,EMP_RATIO,Employment to population ratio,PT_POP_SUB,Pourcentage de la population dans le même sous-groupe,_T,Total,Y20T64,De 20 à 64 ans,EMP,Employment,2006,,79.487,,A,Valeur normale,,,1,One
DATAFLOW,OECD.ELS.SAE:DSD_LFS@DF_LFS_INDIC(1.1),Emploi et chômage par groupe d'âge quinquennal et par sexe - indicateurs,I,POL,Pologne,EMP_RATIO,Employment to population ratio,PT_POP_SUB,Pourcentage de la population dans le même sous-groupe,_T,Total,Y20T64,De 20 à 64 ans,EMP,Employment,2006,,60.115,,A,Valeur normale,,,1,One
DATAFLOW,OECD.ELS.SAE:DSD_LFS@DF_LFS_INDIC(1.1),Emploi et chômage par groupe d'âge quinquennal et par sexe - indicateurs,I,PRT,Portugal,EMP_RATIO,Employment to population ratio,PT_POP_SUB,Pourcentage de la population dans le même sous-groupe,_T,Total,Y20T64,De 20 à 64 ans,EMP,Employment,2006,,72.58,,A,Valeur normale,,,1,One
DATAFLOW,OECD.ELS.SAE:DSD_LFS@DF_LFS_INDIC(1.1),Emploi et chômage par groupe d'âge quinquennal et par sexe - indicateurs,I,SVK,République slovaque,EMP_RATIO,Employment to population ratio,PT_POP_SUB,Pourcentage de la population dans le même sous-groupe,_T,Total,Y20T64,De 20 à 64 ans,EMP,Employment,2006,,65.959,,A,Valeur normale,,,1,One
DATAFLOW,OECD.ELS.SAE:DSD_LFS@DF_LFS_INDIC(1.1),Emploi et chômage par groupe d'âge quinquennal et par sexe - indicateurs,I,SVN,Slovénie,EMP_RATIO,Employment to population ratio,PT_POP_SUB,Pourcentage de la population dans le même sous-groupe,_T,Total,Y20T64,De 20 à 64 ans,EMP,Employment,2006,,71.491,,A,Valeur normale,,,1,One
DATAFLOW,OECD.ELS.SAE:DSD_LFS@DF_LFS_INDIC(1.1),Emploi et chômage par groupe d'âge quinquennal et par sexe - indicateurs,I,ESP,Espagne,EMP_RATIO,Employment to population ratio,PT_POP_SUB,Pourcentage de la population dans le même sous-groupe,_T,Total,Y20T64,De 20 à 64 ans,EMP,Employment,2006,,68.992,,A,Valeur normale,,,1,One
DATAFLOW,OECD.ELS.SAE:DSD_LFS@DF_LFS_INDIC(1.1),Emploi et chômage par groupe d'âge quinquennal et par sexe - indicateurs,I,SWE,Suède,EMP_RATIO,Employment to population ratio,PT_POP_SUB,Pourcentage de la population dans le même sous-groupe,_T,Total,Y20T64,De 20 à 64 ans,EMP,Employment,2006,,78.828,,A,Valeur normale,,,1,One
DATAFLOW,OECD.ELS.SAE:DSD_LFS@DF_LFS_INDIC(1.1),Emploi et chômage par groupe d'âge quinquennal et par sexe - indicateurs,I,CHE,Suisse,EMP_RATIO,Employment to population ratio,PT_POP_SUB,Pourcentage de la population dans le même sous-groupe,_T,Total,Y20T64,De 20 à 64 ans,EMP,Employment,2006,,80.519,,A,Valeur normale,,,1,One
DATAFLOW,OECD.ELS.SAE:DSD_LFS@DF_LFS_INDIC(1.1),Emploi et chômage par groupe d'âge quinquennal et par sexe - indicateurs,I,TUR,Türkiye,EMP_RATIO,Employment to population ratio,PT_POP_SUB,Pourcentage de la population dans le même sous-groupe,_T,Total,Y20T64,De 20 à 64 ans,EMP,Employment,2006,,48.187,,A,Valeur normale,,,1,One
DATAFLOW,OECD.ELS.SAE:DSD_LFS@DF_LFS_INDIC(1.1),Emploi et chômage par groupe d'âge quinquennal et par sexe - indicateurs,I,GBR,Royaume-Uni,EMP_RATIO,Employment to population ratio,PT_POP_SUB,Pourcentage de la population dans le même sous-groupe,_T,Total,Y20T64,De 20 à 64 ans,EMP,Employment,2006,,74.838,,A,Valeur normale,,,1,One
DATAFLOW,OECD.ELS.SAE:DSD_LFS@DF_LFS_INDIC(1.1),Emploi et chômage par groupe d'âge quinquennal et par sexe - indicateurs,I,USA,États-Unis,EMP_RATIO,Employment to population ratio,PT_POP_SUB,Pourcentage de la population dans le même sous-groupe,_T,Total,Y20T64,De 20 à 64 ans,EMP,Employment,2006,,75.31,,A,Valeur normale,,,1,One
DATAFLOW,OECD.ELS.SAE:DSD_LFS@DF_LFS_INDIC(1.1),Emploi et chômage par groupe d'âge quinquennal et par sexe - indicateurs,I,G7,G7,EMP_RATIO,Employment to population ratio,PT_POP_SUB,Pourcentage de la population dans le même sous-groupe,_T,Total,Y20T64,De 20 à 64 ans,EMP,Employment,2006,,73.063,,A,Valeur normale,,,1,One
DATAFLOW,OECD.ELS.SAE:DSD_LFS@DF_LFS_INDIC(1.1),Emploi et chômage par groupe d'âge quinquennal et par sexe - indicateurs,I,EU27,Union européenne (27 pays),EMP_RATIO,Employment to population ratio,PT_POP_SUB,Pourcentage de la population dans le même sous-groupe,_T,Total,Y20T64,De 20 à 64 ans,EMP,Employment,2006,,67.841,,A,Valeur normale,,,1,One
DATAFLOW,OECD.ELS.SAE:DSD_LFS@DF_LFS_INDIC(1.1),Emploi et chômage par groupe d'âge quinquennal et par sexe - indicateurs,I,EU19OECD,19 Membres de l'Union européenne et de l'OCDE,EMP_RATIO,Employment to population ratio,PT_POP_SUB,Pourcentage de la population dans le même sous-groupe,_T,Total,Y20T64,De 20 à 64 ans,EMP,Employment,2006,,68.766,,A,Valeur normale,,,1,One
DATAFLOW,OECD.ELS.SAE:DSD_LFS@DF_LFS_INDIC(1.1),Emploi et chômage par groupe d'âge quinquennal et par sexe - indicateurs,I,EU22OECD,22 Membres de l'Union européenne et de l'OCDE,EMP_RATIO,Employment to population ratio,PT_POP_SUB,Pourcentage de la population dans le même sous-groupe,_T,Total,Y20T64,De 20 à 64 ans,EMP,Employment,2006,,68.204,,A,Valeur normale,,,1,One
DATAFLOW,OECD.ELS.SAE:DSD_LFS@DF_LFS_INDIC(1.1),Emploi et chômage par groupe d'âge quinquennal et par sexe - indicateurs,I,OECD,OCDE,EMP_RATIO,Employment to population ratio,PT_POP_SUB,Pourcentage de la population dans le même sous-groupe,_T,Total,Y20T64,De 20 à 64 ans,EMP,Employment,2006,,70.213,,A,Valeur normale,,,1,One
DATAFLOW,OECD.ELS.SAE:DSD_LFS@DF_LFS_INDIC(1.1),Emploi et chômage par groupe d'âge quinquennal et par sexe - indicateurs,I,OECD_REP,Pays moyen de l'OCDE,EMP_RATIO,Employment to population ratio,PT_POP_SUB,Pourcentage de la population dans le même sous-groupe,_T,Total,Y20T64,De 20 à 64 ans,EMP,Employment,2006,,71.163,,A,Valeur normale,,,1,One
DATAFLOW,OECD.ELS.SAE:DSD_LFS@DF_LFS_INDIC(1.1),Emploi et chômage par groupe d'âge quinquennal et par sexe - indicateurs,I,BRA,Brésil,EMP_RATIO,Employment to population ratio,PT_POP_SUB,Pourcentage de la population dans le même sous-groupe,_T,Total,Y20T64,De 20 à 64 ans,EMP,Employment,2006,,71.946,,A,Valeur normale,,,1,One
DATAFLOW,OECD.ELS.SAE:DSD_LFS@DF_LFS_INDIC(1.1),Emploi et chômage par groupe d'âge quinquennal et par sexe - indicateurs,I,BGR,Bulgarie,EMP_RATIO,Employment to population ratio,PT_POP_SUB,Pourcentage de la population dans le même sous-groupe,_T,Total,Y20T64,De 20 à 64 ans,EMP,Employment,2006,,65.087,,A,Valeur normale,,,1,One
DATAFLOW,OECD.ELS.SAE:DSD_LFS@DF_LFS_INDIC(1.1),Emploi et chômage par groupe d'âge quinquennal et par sexe - indicateurs,I,HRV,Croatie,EMP_RATIO,Employment to population ratio,PT_POP_SUB,Pourcentage de la population dans le même sous-groupe,_T,Total,Y20T64,De 20 à 64 ans,EMP,Employment,2006,,60.569,,A,Valeur normale,,,1,One
DATAFLOW,OECD.ELS.SAE:DSD_LFS@DF_LFS_INDIC(1.1),Emploi et chômage par groupe d'âge quinquennal et par sexe - indicateurs,I,CYP,Chypre,EMP_RATIO,Employment to population ratio,PT_POP_SUB,Pourcentage de la population dans le même sous-groupe,_T,Total,Y20T64,De 20 à 64 ans,EMP,Employment,2006,,75.835,,A,Valeur normale,,,1,One
DATAFLOW,OECD.ELS.SAE:DSD_LFS@DF_LFS_INDIC(1.1),Emploi et chômage par groupe d'âge quinquennal et par sexe - indicateurs,I,IND,Inde,EMP_RATIO,Employment to population ratio,PT_POP_SUB,Pourcentage de la population dans le même sous-groupe,_T,Total,Y20T64,De 20 à 64 ans,EMP,Employment,2006,,63.388,,A,Valeur normale,,,1,One
DATAFLOW,OECD.ELS.SAE:DSD_LFS@DF_LFS_INDIC(1.1),Emploi et chômage par groupe d'âge quinquennal et par sexe - indicateurs,I,IDN,Indonésie,EMP_RATIO,Employment to population ratio,PT_POP_SUB,Pourcentage de la population dans le même sous-groupe,_T,Total,Y20T64,De 20 à 64 ans,EMP,Employment,2006,,67.473,,A,Valeur normale,,,1,One
DATAFLOW,OECD.ELS.SAE:DSD_LFS@DF_LFS_INDIC(1.1),Emploi et chômage par groupe d'âge quinquennal et par sexe - indicateurs,I,MLT,Malte,EMP_RATIO,Employment to population ratio,PT_POP_SUB,Pourcentage de la population dans le même sous-groupe,_T,Total,Y20T64,De 20 à 64 ans,EMP,Employment,2006,,57.87,,A,Valeur normale,,,1,One
DATAFLOW,OECD.ELS.SAE:DSD_LFS@DF_LFS_INDIC(1.1),Emploi et chômage par groupe d'âge quinquennal et par sexe - indicateurs,I,MKD,Macédoine du Nord,EMP_RATIO,Employment to population ratio,PT_POP_SUB,Pourcentage de la population dans le même sous-groupe,_T,Total,Y20T64,De 20 à 64 ans,EMP,Employment,2006,,43.899,,A,Valeur normale,,,1,One
DATAFLOW,OECD.ELS.SAE:DSD_LFS@DF_LFS_INDIC(1.1),Emploi et chômage par groupe d'âge quinquennal et par sexe - indicateurs,I,ROU,Roumanie,EMP_RATIO,Employment to population ratio,PT_POP_SUB,Pourcentage de la population dans le même sous-groupe,_T,Total,Y20T64,De 20 à 64 ans,EMP,Employment,2006,,64.791,,A,Valeur normale,,,1,One
DATAFLOW,OECD.ELS.SAE:DSD_LFS@DF_LFS_INDIC(1.1),Emploi et chômage par groupe d'âge quinquennal et par sexe - indicateurs,I,RUS,Russie,EMP_RATIO,Employment to population ratio,PT_POP_SUB,Pourcentage de la population dans le même sous-groupe,_T,Total,Y20T64,De 20 à 64 ans,EMP,Employment,2006,,74.169,,A,Valeur normale,,,1,One
DATAFLOW,OECD.ELS.SAE:DSD_LFS@DF_LFS_INDIC(1.1),Emploi et chômage par groupe d'âge quinquennal et par sexe - indicateurs,I,ZAF,Afrique du Sud,EMP_RATIO,Employment to population ratio,PT_POP_SUB,Pourcentage de la population dans le même sous-groupe,_T,Total,Y20T64,De 20 à 64 ans,EMP,Employment,2006,,53.061,,A,Valeur normale,,,1,One
DATAFLOW,OECD.ELS.SAE:DSD_LFS@DF_LFS_INDIC(1.1),Emploi et chômage par groupe d'âge quinquennal et par sexe - indicateurs,I,AUS,Australie,EMP_RATIO,Employment to population ratio,PT_POP_SUB,Pourcentage de la population dans le même sous-groupe,_T,Total,Y20T64,De 20 à 64 ans,EMP,Employment,2007,,75.244,,A,Valeur normale,,,1,One
DATAFLOW,OECD.ELS.SAE:DSD_LFS@DF_LFS_INDIC(1.1),Emploi et chômage par groupe d'âge quinquennal et par sexe - indicateurs,I,AUT,Autriche,EMP_RATIO,Employment to population ratio,PT_POP_SUB,Pourcentage de la population dans le même sous-groupe,_T,Total,Y20T64,De 20 à 64 ans,EMP,Employment,2007,,72.837,,A,Valeur normale,,,1,One
DATAFLOW,OECD.ELS.SAE:DSD_LFS@DF_LFS_INDIC(1.1),Emploi et chômage par groupe d'âge quinquennal et par sexe - indicateurs,I,BEL,Belgique,EMP_RATIO,Employment to population ratio,PT_POP_SUB,Pourcentage de la population dans le même sous-groupe,_T,Total,Y20T64,De 20 à 64 ans,EMP,Employment,2007,,67.687,,A,Valeur normale,,,1,One
DATAFLOW,OECD.ELS.SAE:DSD_LFS@DF_LFS_INDIC(1.1),Emploi et chômage par groupe d'âge quinquennal et par sexe - indicateurs,I,CAN,Canada,EMP_RATIO,Employment to population ratio,PT_POP_SUB,Pourcentage de la population dans le même sous-groupe,_T,Total,Y20T64,De 20 à 64 ans,EMP,Employment,2007,,76.209,,A,Valeur normale,,,1,One
DATAFLOW,OECD.ELS.SAE:DSD_LFS@DF_LFS_INDIC(1.1),Emploi et chômage par groupe d'âge quinquennal et par sexe - indicateurs,I,CHL,Chili,EMP_RATIO,Employment to population ratio,PT_POP_SUB,Pourcentage de la population dans le même sous-groupe,_T,Total,Y20T64,De 20 à 64 ans,EMP,Employment,2007,,64.996,,A,Valeur normale,,,1,One
DATAFLOW,OECD.ELS.SAE:DSD_LFS@DF_LFS_INDIC(1.1),Emploi et chômage par groupe d'âge quinquennal et par sexe - indicateurs,I,COL,Colombie,EMP_RATIO,Employment to population ratio,PT_POP_SUB,Pourcentage de la population dans le même sous-groupe,_T,Total,Y20T64,De 20 à 64 ans,EMP,Employment,2007,,66.498,,A,Valeur normale,,,1,One
DATAFLOW,OECD.ELS.SAE:DSD_LFS@DF_LFS_INDIC(1.1),Emploi et chômage par groupe d'âge quinquennal et par sexe - indicateurs,I,CRI,Costa Rica,EMP_RATIO,Employment to population ratio,PT_POP_SUB,Pourcentage de la population dans le même sous-groupe,_T,Total,Y20T64,De 20 à 64 ans,EMP,Employment,2007,,70.848,,A,Valeur normale,,,1,One
DATAFLOW,OECD.ELS.SAE:DSD_LFS@DF_LFS_INDIC(1.1),Emploi et chômage par groupe d'âge quinquennal et par sexe - indicateurs,I,CZE,Tchéquie,EMP_RATIO,Employment to population ratio,PT_POP_SUB,Pourcentage de la population dans le même sous-groupe,_T,Total,Y20T64,De 20 à 64 ans,EMP,Employment,2007,,71.984,,A,Valeur normale,,,1,One
DATAFLOW,OECD.ELS.SAE:DSD_LFS@DF_LFS_INDIC(1.1),Emploi et chômage par groupe d'âge quinquennal et par sexe - indicateurs,I,DNK,Danemark,EMP_RATIO,Employment to population ratio,PT_POP_SUB,Pourcentage de la population dans le même sous-groupe,_T,Total,Y20T64,De 20 à 64 ans,EMP,Employment,2007,,79.287,,A,Valeur normale,,,1,One
DATAFLOW,OECD.ELS.SAE:DSD_LFS@DF_LFS_INDIC(1.1),Emploi et chômage par groupe d'âge quinquennal et par sexe - indicateurs,I,EST,Estonie,EMP_RATIO,Employment to population ratio,PT_POP_SUB,Pourcentage de la population dans le même sous-groupe,_T,Total,Y20T64,De 20 à 64 ans,EMP,Employment,2007,,76.611,,A,Valeur normale,,,1,One
DATAFLOW,OECD.ELS.SAE:DSD_LFS@DF_LFS_INDIC(1.1),Emploi et chômage par groupe d'âge quinquennal et par sexe - indicateurs,I,FIN,Finlande,EMP_RATIO,Employment to population ratio,PT_POP_SUB,Pourcentage de la population dans le même sous-groupe,_T,Total,Y20T64,De 20 à 64 ans,EMP,Employment,2007,,74.851,,A,Valeur normale,,,1,One
DATAFLOW,OECD.ELS.SAE:DSD_LFS@DF_LFS_INDIC(1.1),Emploi et chômage par groupe d'âge quinquennal et par sexe - indicateurs,I,FRA,France,EMP_RATIO,Employment to population ratio,PT_POP_SUB,Pourcentage de la population dans le même sous-groupe,_T,Total,Y20T64,De 20 à 64 ans,EMP,Employment,2007,,69.382,,A,Valeur normale,,,1,One
DATAFLOW,OECD.ELS.SAE:DSD_LFS@DF_LFS_INDIC(1.1),Emploi et chômage par groupe d'âge quinquennal et par sexe - indicateurs,I,DEU,Allemagne,EMP_RATIO,Employment to population ratio,PT_POP_SUB,Pourcentage de la population dans le même sous-groupe,_T,Total,Y20T64,De 20 à 64 ans,EMP,Employment,2007,,72.947,,A,Valeur normale,,,1,One
DATAFLOW,OECD.ELS.SAE:DSD_LFS@DF_LFS_INDIC(1.1),Emploi et chômage par groupe d'âge quinquennal et par sexe - indicateurs,I,GRC,Grèce,EMP_RATIO,Employment to population ratio,PT_POP_SUB,Pourcentage de la population dans le même sous-groupe,_T,Total,Y20T64,De 20 à 64 ans,EMP,Employment,2007,,65.807,,A,Valeur normale,,,1,One
DATAFLOW,OECD.ELS.SAE:DSD_LFS@DF_LFS_INDIC(1.1),Emploi et chômage par groupe d'âge quinquennal et par sexe - indicateurs,I,HUN,Hongrie,EMP_RATIO,Employment to population ratio,PT_POP_SUB,Pourcentage de la population dans le même sous-groupe,_T,Total,Y20T64,De 20 à 64 ans,EMP,Employment,2007,,62.294,,A,Valeur normale,,,1,One
DATAFLOW,OECD.ELS.SAE:DSD_LFS@DF_LFS_INDIC(1.1),Emploi et chômage par groupe d'âge quinquennal et par sexe - indicateurs,I,ISL,Islande,EMP_RATIO,Employment to population ratio,PT_POP_SUB,Pourcentage de la population dans le même sous-groupe,_T,Total,Y20T64,De 20 à 64 ans,EMP,Employment,2007,,85.791,,A,Valeur normale,,,1,One
DATAFLOW,OECD.ELS.SAE:DSD_LFS@DF_LFS_INDIC(1.1),Emploi et chômage par groupe d'âge quinquennal et par sexe - indicateurs,I,IRL,Irlande,EMP_RATIO,Employment to population ratio,PT_POP_SUB,Pourcentage de la population dans le même sous-groupe,_T,Total,Y20T64,De 20 à 64 ans,EMP,Employment,2007,,75.232,,A,Valeur normale,,,1,One
DATAFLOW,OECD.ELS.SAE:DSD_LFS@DF_LFS_INDIC(1.1),Emploi et chômage par groupe d'âge quinquennal et par sexe - indicateurs,I,ISR,Israël,EMP_RATIO,Employment to population ratio,PT_POP_SUB,Pourcentage de la population dans le même sous-groupe,_T,Total,Y20T64,De 20 à 64 ans,EMP,Employment,2007,,69.809,,A,Valeur normale,,,1,One
DATAFLOW,OECD.ELS.SAE:DSD_LFS@DF_LFS_INDIC(1.1),Emploi et chômage par groupe d'âge quinquennal et par sexe - indicateurs,I,ITA,Italie,EMP_RATIO,Employment to population ratio,PT_POP_SUB,Pourcentage de la population dans le même sous-groupe,_T,Total,Y20T64,De 20 à 64 ans,EMP,Employment,2007,,62.719,,A,Valeur normale,,,1,One
DATAFLOW,OECD.ELS.SAE:DSD_LFS@DF_LFS_INDIC(1.1),Emploi et chômage par groupe d'âge quinquennal et par sexe - indicateurs,I,JPN,Japon,EMP_RATIO,Employment to population ratio,PT_POP_SUB,Pourcentage de la population dans le même sous-groupe,_T,Total,Y20T64,De 20 à 64 ans,EMP,Employment,2007,,75.251,,A,Valeur normale,,,1,One
DATAFLOW,OECD.ELS.SAE:DSD_LFS@DF_LFS_INDIC(1.1),Emploi et chômage par groupe d'âge quinquennal et par sexe - indicateurs,I,KOR,Corée,EMP_RATIO,Employment to population ratio,PT_POP_SUB,Pourcentage de la population dans le même sous-groupe,_T,Total,Y20T64,De 20 à 64 ans,EMP,Employment,2007,,69.882,,A,Valeur normale,,,1,One
DATAFLOW,OECD.ELS.SAE:DSD_LFS@DF_LFS_INDIC(1.1),Emploi et chômage par groupe d'âge quinquennal et par sexe - indicateurs,I,LVA,Lettonie,EMP_RATIO,Employment to population ratio,PT_POP_SUB,Pourcentage de la population dans le même sous-groupe,_T,Total,Y20T64,De 20 à 64 ans,EMP,Employment,2007,,75.172,,A,Valeur normale,,,1,One
DATAFLOW,OECD.ELS.SAE:DSD_LFS@DF_LFS_INDIC(1.1),Emploi et chômage par groupe d'âge quinquennal et par sexe - indicateurs,I,LTU,Lituanie,EMP_RATIO,Employment to population ratio,PT_POP_SUB,Pourcentage de la population dans le même sous-groupe,_T,Total,Y20T64,De 20 à 64 ans,EMP,Employment,2007,,72.71,,A,Valeur normale,,,1,One
DATAFLOW,OECD.ELS.SAE:DSD_LFS@DF_LFS_INDIC(1.1),Emploi et chômage par groupe d'âge quinquennal et par sexe - indicateurs,I,LUX,Luxembourg,EMP_RATIO,Employment to population ratio,PT_POP_SUB,Pourcentage de la population dans le même sous-groupe,_T,Total,Y20T64,De 20 à 64 ans,EMP,Employment,2007,,69.572,,A,Valeur normale,,,1,One
DATAFLOW,OECD.ELS.SAE:DSD_LFS@DF_LFS_INDIC(1.1),Emploi et chômage par groupe d'âge quinquennal et par sexe - indicateurs,I,MEX,Mexique,EMP_RATIO,Employment to population ratio,PT_POP_SUB,Pourcentage de la population dans le même sous-groupe,_T,Total,Y20T64,De 20 à 64 ans,EMP,Employment,2007,,66.099,,A,Valeur normale,,,1,One
DATAFLOW,OECD.ELS.SAE:DSD_LFS@DF_LFS_INDIC(1.1),Emploi et chômage par groupe d'âge quinquennal et par sexe - indicateurs,I,NLD,Pays-Bas,EMP_RATIO,Employment to population ratio,PT_POP_SUB,Pourcentage de la population dans le même sous-groupe,_T,Total,Y20T64,De 20 à 64 ans,EMP,Employment,2007,,75.713,,A,Valeur normale,,,1,One
DATAFLOW,OECD.ELS.SAE:DSD_LFS@DF_LFS_INDIC(1.1),Emploi et chômage par groupe d'âge quinquennal et par sexe - indicateurs,I,NZL,Nouvelle-Zélande,EMP_RATIO,Employment to population ratio,PT_POP_SUB,Pourcentage de la population dans le même sous-groupe,_T,Total,Y20T64,De 20 à 64 ans,EMP,Employment,2007,,78.605,,A,Valeur normale,,,1,One
DATAFLOW,OECD.ELS.SAE:DSD_LFS@DF_LFS_INDIC(1.1),Emploi et chômage par groupe d'âge quinquennal et par sexe - indicateurs,I,NOR,Norvège,EMP_RATIO,Employment to population ratio,PT_POP_SUB,Pourcentage de la population dans le même sous-groupe,_T,Total,Y20T64,De 20 à 64 ans,EMP,Employment,2007,,80.921,,A,Valeur normale,,,1,One
DATAFLOW,OECD.ELS.SAE:DSD_LFS@DF_LFS_INDIC(1.1),Emploi et chômage par groupe d'âge quinquennal et par sexe - indicateurs,I,POL,Pologne,EMP_RATIO,Employment to population ratio,PT_POP_SUB,Pourcentage de la population dans le même sous-groupe,_T,Total,Y20T64,De 20 à 64 ans,EMP,Employment,2007,,62.742,,A,Valeur normale,,,1,One
DATAFLOW,OECD.ELS.SAE:DSD_LFS@DF_LFS_INDIC(1.1),Emploi et chômage par groupe d'âge quinquennal et par sexe - indicateurs,I,PRT,Portugal,EMP_RATIO,Employment to population ratio,PT_POP_SUB,Pourcentage de la population dans le même sous-groupe,_T,Total,Y20T64,De 20 à 64 ans,EMP,Employment,2007,,72.541,,A,Valeur normale,,,1,One
DATAFLOW,OECD.ELS.SAE:DSD_LFS@DF_LFS_INDIC(1.1),Emploi et chômage par groupe d'âge quinquennal et par sexe - indicateurs,I,SVK,République slovaque,EMP_RATIO,Employment to population ratio,PT_POP_SUB,Pourcentage de la population dans le même sous-groupe,_T,Total,Y20T64,De 20 à 64 ans,EMP,Employment,2007,,67.234,,A,Valeur normale,,,1,One
DATAFLOW,OECD.ELS.SAE:DSD_LFS@DF_LFS_INDIC(1.1),Emploi et chômage par groupe d'âge quinquennal et par sexe - indicateurs,I,SVN,Slovénie,EMP_RATIO,Employment to population ratio,PT_POP_SUB,Pourcentage de la population dans le même sous-groupe,_T,Total,Y20T64,De 20 à 64 ans,EMP,Employment,2007,,72.392,,A,Valeur normale,,,1,One
DATAFLOW,OECD.ELS.SAE:DSD_LFS@DF_LFS_INDIC(1.1),Emploi et chômage par groupe d'âge quinquennal et par sexe - indicateurs,I,ESP,Espagne,EMP_RATIO,Employment to population ratio,PT_POP_SUB,Pourcentage de la population dans le même sous-groupe,_T,Total,Y20T64,De 20 à 64 ans,EMP,Employment,2007,,69.738,,A,Valeur normale,,,1,One
DATAFLOW,OECD.ELS.SAE:DSD_LFS@DF_LFS_INDIC(1.1),Emploi et chômage par groupe d'âge quinquennal et par sexe - indicateurs,I,SWE,Suède,EMP_RATIO,Employment to population ratio,PT_POP_SUB,Pourcentage de la population dans le même sous-groupe,_T,Total,Y20T64,De 20 à 64 ans,EMP,Employment,2007,,80.132,,A,Valeur normale,,,1,One
DATAFLOW,OECD.ELS.SAE:DSD_LFS@DF_LFS_INDIC(1.1),Emploi et chômage par groupe d'âge quinquennal et par sexe - indicateurs,I,CHE,Suisse,EMP_RATIO,Employment to population ratio,PT_POP_SUB,Pourcentage de la population dans le même sous-groupe,_T,Total,Y20T64,De 20 à 64 ans,EMP,Employment,2007,,81.335,,A,Valeur normale,,,1,One
DATAFLOW,OECD.ELS.SAE:DSD_LFS@DF_LFS_INDIC(1.1),Emploi et chômage par groupe d'âge quinquennal et par sexe - indicateurs,I,TUR,Türkiye,EMP_RATIO,Employment to population ratio,PT_POP_SUB,Pourcentage de la population dans le même sous-groupe,_T,Total,Y20T64,De 20 à 64 ans,EMP,Employment,2007,,48.208,,A,Valeur normale,,,1,One
DATAFLOW,OECD.ELS.SAE:DSD_LFS@DF_LFS_INDIC(1.1),Emploi et chômage par groupe d'âge quinquennal et par sexe - indicateurs,I,GBR,Royaume-Uni,EMP_RATIO,Employment to population ratio,PT_POP_SUB,Pourcentage de la population dans le même sous-groupe,_T,Total,Y20T64,De 20 à 64 ans,EMP,Employment,2007,,74.924,,A,Valeur normale,,,1,One
DATAFLOW,OECD.ELS.SAE:DSD_LFS@DF_LFS_INDIC(1.1),Emploi et chômage par groupe d'âge quinquennal et par sexe - indicateurs,I,USA,États-Unis,EMP_RATIO,Employment to population ratio,PT_POP_SUB,Pourcentage de la population dans le même sous-groupe,_T,Total,Y20T64,De 20 à 64 ans,EMP,Employment,2007,,75.295,,A,Valeur normale,,,1,One
DATAFLOW,OECD.ELS.SAE:DSD_LFS@DF_LFS_INDIC(1.1),Emploi et chômage par groupe d'âge quinquennal et par sexe - indicateurs,I,G7,G7,EMP_RATIO,Employment to population ratio,PT_POP_SUB,Pourcentage de la population dans le même sous-groupe,_T,Total,Y20T64,De 20 à 64 ans,EMP,Employment,2007,,73.499,,A,Valeur normale,,,1,One
DATAFLOW,OECD.ELS.SAE:DSD_LFS@DF_LFS_INDIC(1.1),Emploi et chômage par groupe d'âge quinquennal et par sexe - indicateurs,I,EU27,Union européenne (27 pays),EMP_RATIO,Employment to population ratio,PT_POP_SUB,Pourcentage de la population dans le même sous-groupe,_T,Total,Y20T64,De 20 à 64 ans,EMP,Employment,2007,,68.962,,A,Valeur normale,,,1,One
DATAFLOW,OECD.ELS.SAE:DSD_LFS@DF_LFS_INDIC(1.1),Emploi et chômage par groupe d'âge quinquennal et par sexe - indicateurs,I,EU19OECD,19 Membres de l'Union européenne et de l'OCDE,EMP_RATIO,Employment to population ratio,PT_POP_SUB,Pourcentage de la population dans le même sous-groupe,_T,Total,Y20T64,De 20 à 64 ans,EMP,Employment,2007,,69.714,,A,Valeur normale,,,1,One
DATAFLOW,OECD.ELS.SAE:DSD_LFS@DF_LFS_INDIC(1.1),Emploi et chômage par groupe d'âge quinquennal et par sexe - indicateurs,I,EU22OECD,22 Membres de l'Union européenne et de l'OCDE,EMP_RATIO,Employment to population ratio,PT_POP_SUB,Pourcentage de la population dans le même sous-groupe,_T,Total,Y20T64,De 20 à 64 ans,EMP,Employment,2007,,69.27,,A,Valeur normale,,,1,One
DATAFLOW,OECD.ELS.SAE:DSD_LFS@DF_LFS_INDIC(1.1),Emploi et chômage par groupe d'âge quinquennal et par sexe - indicateurs,I,OECD,OCDE,EMP_RATIO,Employment to population ratio,PT_POP_SUB,Pourcentage de la population dans le même sous-groupe,_T,Total,Y20T64,De 20 à 64 ans,EMP,Employment,2007,,70.588,,A,Valeur normale,,,1,One
DATAFLOW,OECD.ELS.SAE:DSD_LFS@DF_LFS_INDIC(1.1),Emploi et chômage par groupe d'âge quinquennal et par sexe - indicateurs,I,OECD_REP,Pays moyen de l'OCDE,EMP_RATIO,Employment to population ratio,PT_POP_SUB,Pourcentage de la population dans le même sous-groupe,_T,Total,Y20T64,De 20 à 64 ans,EMP,Employment,2007,,71.829,,A,Valeur normale,,,1,One
DATAFLOW,OECD.ELS.SAE:DSD_LFS@DF_LFS_INDIC(1.1),Emploi et chômage par groupe d'âge quinquennal et par sexe - indicateurs,I,BRA,Brésil,EMP_RATIO,Employment to population ratio,PT_POP_SUB,Pourcentage de la population dans le même sous-groupe,_T,Total,Y20T64,De 20 à 64 ans,EMP,Employment,2007,,71.799,,A,Valeur normale,,,1,One
DATAFLOW,OECD.ELS.SAE:DSD_LFS@DF_LFS_INDIC(1.1),Emploi et chômage par groupe d'âge quinquennal et par sexe - indicateurs,I,BGR,Bulgarie,EMP_RATIO,Employment to population ratio,PT_POP_SUB,Pourcentage de la population dans le même sous-groupe,_T,Total,Y20T64,De 20 à 64 ans,EMP,Employment,2007,,68.399,,A,Valeur normale,,,1,One
DATAFLOW,OECD.ELS.SAE:DSD_LFS@DF_LFS_INDIC(1.1),Emploi et chômage par groupe d'âge quinquennal et par sexe - indicateurs,I,HRV,Croatie,EMP_RATIO,Employment to population ratio,PT_POP_SUB,Pourcentage de la population dans le même sous-groupe,_T,Total,Y20T64,De 20 à 64 ans,EMP,Employment,2007,,63.945,,A,Valeur normale,,,1,One
DATAFLOW,OECD.ELS.SAE:DSD_LFS@DF_LFS_INDIC(1.1),Emploi et chômage par groupe d'âge quinquennal et par sexe - indicateurs,I,CYP,Chypre,EMP_RATIO,Employment to population ratio,PT_POP_SUB,Pourcentage de la population dans le même sous-groupe,_T,Total,Y20T64,De 20 à 64 ans,EMP,Employment,2007,,76.781,,A,Valeur normale,,,1,One
DATAFLOW,OECD.ELS.SAE:DSD_LFS@DF_LFS_INDIC(1.1),Emploi et chômage par groupe d'âge quinquennal et par sexe - indicateurs,I,IDN,Indonésie,EMP_RATIO,Employment to population ratio,PT_POP_SUB,Pourcentage de la population dans le même sous-groupe,_T,Total,Y20T64,De 20 à 64 ans,EMP,Employment,2007,,67.806,,A,Valeur normale,,,1,One
DATAFLOW,OECD.ELS.SAE:DSD_LFS@DF_LFS_INDIC(1.1),Emploi et chômage par groupe d'âge quinquennal et par sexe - indicateurs,I,MLT,Malte,EMP_RATIO,Employment to population ratio,PT_POP_SUB,Pourcentage de la population dans le même sous-groupe,_T,Total,Y20T64,De 20 à 64 ans,EMP,Employment,2007,,58.607,,A,Valeur normale,,,1,One
DATAFLOW,OECD.ELS.SAE:DSD_LFS@DF_LFS_INDIC(1.1),Emploi et chômage par groupe d'âge quinquennal et par sexe - indicateurs,I,MKD,Macédoine du Nord,EMP_RATIO,Employment to population ratio,PT_POP_SUB,Pourcentage de la population dans le même sous-groupe,_T,Total,Y20T64,De 20 à 64 ans,EMP,Employment,2007,,44.99,,A,Valeur normale,,,1,One
DATAFLOW,OECD.ELS.SAE:DSD_LFS@DF_LFS_INDIC(1.1),Emploi et chômage par groupe d'âge quinquennal et par sexe - indicateurs,I,ROU,Roumanie,EMP_RATIO,Employment to population ratio,PT_POP_SUB,Pourcentage de la population dans le même sous-groupe,_T,Total,Y20T64,De 20 à 64 ans,EMP,Employment,2007,,64.432,,A,Valeur normale,,,1,One
DATAFLOW,OECD.ELS.SAE:DSD_LFS@DF_LFS_INDIC(1.1),Emploi et chômage par groupe d'âge quinquennal et par sexe - indicateurs,I,RUS,Russie,EMP_RATIO,Employment to population ratio,PT_POP_SUB,Pourcentage de la population dans le même sous-groupe,_T,Total,Y20T64,De 20 à 64 ans,EMP,Employment,2007,,75.634,,A,Valeur normale,,,1,One
DATAFLOW,OECD.ELS.SAE:DSD_LFS@DF_LFS_INDIC(1.1),Emploi et chômage par groupe d'âge quinquennal et par sexe - indicateurs,I,ZAF,Afrique du Sud,EMP_RATIO,Employment to population ratio,PT_POP_SUB,Pourcentage de la population dans le même sous-groupe,_T,Total,Y20T64,De 20 à 64 ans,EMP,Employment,2007,,52.584,,A,Valeur normale,,,1,One
DATAFLOW,OECD.ELS.SAE:DSD_LFS@DF_LFS_INDIC(1.1),Emploi et chômage par groupe d'âge quinquennal et par sexe - indicateurs,I,AUS,Australie,EMP_RATIO,Employment to population ratio,PT_POP_SUB,Pourcentage de la population dans le même sous-groupe,_T,Total,Y20T64,De 20 à 64 ans,EMP,Employment,2005,,73.862,,A,Valeur normale,,,1,One
DATAFLOW,OECD.ELS.SAE:DSD_LFS@DF_LFS_INDIC(1.1),Emploi et chômage par groupe d'âge quinquennal et par sexe - indicateurs,I,AUT,Autriche,EMP_RATIO,Employment to population ratio,PT_POP_SUB,Pourcentage de la population dans le même sous-groupe,_T,Total,Y20T64,De 20 à 64 ans,EMP,Employment,2005,,70.395,,A,Valeur normale,,,1,One
DATAFLOW,OECD.ELS.SAE:DSD_LFS@DF_LFS_INDIC(1.1),Emploi et chômage par groupe d'âge quinquennal et par sexe - indicateurs,I,BEL,Belgique,EMP_RATIO,Employment to population ratio,PT_POP_SUB,Pourcentage de la population dans le même sous-groupe,_T,Total,Y20T64,De 20 à 64 ans,EMP,Employment,2005,,66.5,,A,Valeur normale,,,1,One
DATAFLOW,OECD.ELS.SAE:DSD_LFS@DF_LFS_INDIC(1.1),Emploi et chômage par groupe d'âge quinquennal et par sexe - indicateurs,I,CAN,Canada,EMP_RATIO,Employment to population ratio,PT_POP_SUB,Pourcentage de la population dans le même sous-groupe,_T,Total,Y20T64,De 20 à 64 ans,EMP,Employment,2005,,75.425,,A,Valeur normale,,,1,One
DATAFLOW,OECD.ELS.SAE:DSD_LFS@DF_LFS_INDIC(1.1),Emploi et chômage par groupe d'âge quinquennal et par sexe - indicateurs,I,CHL,Chili,EMP_RATIO,Employment to population ratio,PT_POP_SUB,Pourcentage de la population dans le même sous-groupe,_T,Total,Y20T64,De 20 à 64 ans,EMP,Employment,2005,,62.828,,A,Valeur normale,,,1,One
DATAFLOW,OECD.ELS.SAE:DSD_LFS@DF_LFS_INDIC(1.1),Emploi et chômage par groupe d'âge quinquennal et par sexe - indicateurs,I,COL,Colombie,EMP_RATIO,Employment to population ratio,PT_POP_SUB,Pourcentage de la population dans le même sous-groupe,_T,Total,Y20T64,De 20 à 64 ans,EMP,Employment,2005,,67.445,,A,Valeur normale,,,1,One
DATAFLOW,OECD.ELS.SAE:DSD_LFS@DF_LFS_INDIC(1.1),Emploi et chômage par groupe d'âge quinquennal et par sexe - indicateurs,I,CRI,Costa Rica,EMP_RATIO,Employment to population ratio,PT_POP_SUB,Pourcentage de la population dans le même sous-groupe,_T,Total,Y20T64,De 20 à 64 ans,EMP,Employment,2005,,69.329,,A,Valeur normale,,,1,One
DATAFLOW,OECD.ELS.SAE:DSD_LFS@DF_LFS_INDIC(1.1),Emploi et chômage par groupe d'âge quinquennal et par sexe - indicateurs,I,CZE,Tchéquie,EMP_RATIO,Employment to population ratio,PT_POP_SUB,Pourcentage de la population dans le même sous-groupe,_T,Total,Y20T64,De 20 à 64 ans,EMP,Employment,2005,,70.699,,A,Valeur normale,,,1,One
DATAFLOW,OECD.ELS.SAE:DSD_LFS@DF_LFS_INDIC(1.1),Emploi et chômage par groupe d'âge quinquennal et par sexe - indicateurs,I,DNK,Danemark,EMP_RATIO,Employment to population ratio,PT_POP_SUB,Pourcentage de la population dans le même sous-groupe,_T,Total,Y20T64,De 20 à 64 ans,EMP,Employment,2005,,78.175,,A,Valeur normale,,,1,One
DATAFLOW,OECD.ELS.SAE:DSD_LFS@DF_LFS_INDIC(1.1),Emploi et chômage par groupe d'âge quinquennal et par sexe - indicateurs,I,EST,Estonie,EMP_RATIO,Employment to population ratio,PT_POP_SUB,Pourcentage de la population dans le même sous-groupe,_T,Total,Y20T64,De 20 à 64 ans,EMP,Employment,2005,,71.503,,A,Valeur normale,,,1,One
DATAFLOW,OECD.ELS.SAE:DSD_LFS@DF_LFS_INDIC(1.1),Emploi et chômage par groupe d'âge quinquennal et par sexe - indicateurs,I,FIN,Finlande,EMP_RATIO,Employment to population ratio,PT_POP_SUB,Pourcentage de la population dans le même sous-groupe,_T,Total,Y20T64,De 20 à 64 ans,EMP,Employment,2005,,73.002,,A,Valeur normale,,,1,One
DATAFLOW,OECD.ELS.SAE:DSD_LFS@DF_LFS_INDIC(1.1),Emploi et chômage par groupe d'âge quinquennal et par sexe - indicateurs,I,FRA,France,EMP_RATIO,Employment to population ratio,PT_POP_SUB,Pourcentage de la population dans le même sous-groupe,_T,Total,Y20T64,De 20 à 64 ans,EMP,Employment,2005,,68.933,,A,Valeur normale,,,1,One
DATAFLOW,OECD.ELS.SAE:DSD_LFS@DF_LFS_INDIC(1.1),Emploi et chômage par groupe d'âge quinquennal et par sexe - indicateurs,I,DEU,Allemagne,EMP_RATIO,Employment to population ratio,PT_POP_SUB,Pourcentage de la population dans le même sous-groupe,_T,Total,Y20T64,De 20 à 64 ans,EMP,Employment,2005,,69.408,,A,Valeur normale,,,1,One
DATAFLOW,OECD.ELS.SAE:DSD_LFS@DF_LFS_INDIC(1.1),Emploi et chômage par groupe d'âge quinquennal et par sexe - indicateurs,I,GRC,Grèce,EMP_RATIO,Employment to population ratio,PT_POP_SUB,Pourcentage de la population dans le même sous-groupe,_T,Total,Y20T64,De 20 à 64 ans,EMP,Employment,2005,,64.448,,A,Valeur normale,,,1,One
DATAFLOW,OECD.ELS.SAE:DSD_LFS@DF_LFS_INDIC(1.1),Emploi et chômage par groupe d'âge quinquennal et par sexe - indicateurs,I,HUN,Hongrie,EMP_RATIO,Employment to population ratio,PT_POP_SUB,Pourcentage de la population dans le même sous-groupe,_T,Total,Y20T64,De 20 à 64 ans,EMP,Employment,2005,,62.231,,A,Valeur normale,,,1,One
DATAFLOW,OECD.ELS.SAE:DSD_LFS@DF_LFS_INDIC(1.1),Emploi et chômage par groupe d'âge quinquennal et par sexe - indicateurs,I,ISL,Islande,EMP_RATIO,Employment to population ratio,PT_POP_SUB,Pourcentage de la population dans le même sous-groupe,_T,Total,Y20T64,De 20 à 64 ans,EMP,Employment,2005,,84.481,,A,Valeur normale,,,1,One
DATAFLOW,OECD.ELS.SAE:DSD_LFS@DF_LFS_INDIC(1.1),Emploi et chômage par groupe d'âge quinquennal et par sexe - indicateurs,I,IRL,Irlande,EMP_RATIO,Employment to population ratio,PT_POP_SUB,Pourcentage de la population dans le même sous-groupe,_T,Total,Y20T64,De 20 à 64 ans,EMP,Employment,2005,,73.881,,A,Valeur normale,,,1,One
DATAFLOW,OECD.ELS.SAE:DSD_LFS@DF_LFS_INDIC(1.1),Emploi et chômage par groupe d'âge quinquennal et par sexe - indicateurs,I,ISR,Israël,EMP_RATIO,Employment to population ratio,PT_POP_SUB,Pourcentage de la population dans le même sous-groupe,_T,Total,Y20T64,De 20 à 64 ans,EMP,Employment,2005,,67.341,,A,Valeur normale,,,1,One
DATAFLOW,OECD.ELS.SAE:DSD_LFS@DF_LFS_INDIC(1.1),Emploi et chômage par groupe d'âge quinquennal et par sexe - indicateurs,I,ITA,Italie,EMP_RATIO,Employment to population ratio,PT_POP_SUB,Pourcentage de la population dans le même sous-groupe,_T,Total,Y20T64,De 20 à 64 ans,EMP,Employment,2005,,61.439,,A,Valeur normale,,,1,One
DATAFLOW,OECD.ELS.SAE:DSD_LFS@DF_LFS_INDIC(1.1),Emploi et chômage par groupe d'âge quinquennal et par sexe - indicateurs,I,JPN,Japon,EMP_RATIO,Employment to population ratio,PT_POP_SUB,Pourcentage de la population dans le même sous-groupe,_T,Total,Y20T64,De 20 à 64 ans,EMP,Employment,2005,,73.897,,A,Valeur normale,,,1,One
DATAFLOW,OECD.ELS.SAE:DSD_LFS@DF_LFS_INDIC(1.1),Emploi et chômage par groupe d'âge quinquennal et par sexe - indicateurs,I,KOR,Corée,EMP_RATIO,Employment to population ratio,PT_POP_SUB,Pourcentage de la population dans le même sous-groupe,_T,Total,Y20T64,De 20 à 64 ans,EMP,Employment,2005,,69.23,,A,Valeur normale,,,1,One
DATAFLOW,OECD.ELS.SAE:DSD_LFS@DF_LFS_INDIC(1.1),Emploi et chômage par groupe d'âge quinquennal et par sexe - indicateurs,I,LVA,Lettonie,EMP_RATIO,Employment to population ratio,PT_POP_SUB,Pourcentage de la population dans le même sous-groupe,_T,Total,Y20T64,De 20 à 64 ans,EMP,Employment,2005,,69.124,,A,Valeur normale,,,1,One
DATAFLOW,OECD.ELS.SAE:DSD_LFS@DF_LFS_INDIC(1.1),Emploi et chômage par groupe d'âge quinquennal et par sexe - indicateurs,I,LTU,Lituanie,EMP_RATIO,Employment to population ratio,PT_POP_SUB,Pourcentage de la population dans le même sous-groupe,_T,Total,Y20T64,De 20 à 64 ans,EMP,Employment,2005,,70.654,,A,Valeur normale,,,1,One
DATAFLOW,OECD.ELS.SAE:DSD_LFS@DF_LFS_INDIC(1.1),Emploi et chômage par groupe d'âge quinquennal et par sexe - indicateurs,I,LUX,Luxembourg,EMP_RATIO,Employment to population ratio,PT_POP_SUB,Pourcentage de la population dans le même sous-groupe,_T,Total,Y20T64,De 20 à 64 ans,EMP,Employment,2005,,69.011,,A,Valeur normale,,,1,One
DATAFLOW,OECD.ELS.SAE:DSD_LFS@DF_LFS_INDIC(1.1),Emploi et chômage par groupe d'âge quinquennal et par sexe - indicateurs,I,MEX,Mexique,EMP_RATIO,Employment to population ratio,PT_POP_SUB,Pourcentage de la population dans le même sous-groupe,_T,Total,Y20T64,De 20 à 64 ans,EMP,Employment,2005,,65.15,,A,Valeur normale,,,1,One
DATAFLOW,OECD.ELS.SAE:DSD_LFS@DF_LFS_INDIC(1.1),Emploi et chômage par groupe d'âge quinquennal et par sexe - indicateurs,I,NLD,Pays-Bas,EMP_RATIO,Employment to population ratio,PT_POP_SUB,Pourcentage de la population dans le même sous-groupe,_T,Total,Y20T64,De 20 à 64 ans,EMP,Employment,2005,,72.965,,A,Valeur normale,,,1,One
DATAFLOW,OECD.ELS.SAE:DSD_LFS@DF_LFS_INDIC(1.1),Emploi et chômage par groupe d'âge quinquennal et par sexe - indicateurs,I,NZL,Nouvelle-Zélande,EMP_RATIO,Employment to population ratio,PT_POP_SUB,Pourcentage de la population dans le même sous-groupe,_T,Total,Y20T64,De 20 à 64 ans,EMP,Employment,2005,,77.694,,A,Valeur normale,,,1,One
DATAFLOW,OECD.ELS.SAE:DSD_LFS@DF_LFS_INDIC(1.1),Emploi et chômage par groupe d'âge quinquennal et par sexe - indicateurs,I,NOR,Norvège,EMP_RATIO,Employment to population ratio,PT_POP_SUB,Pourcentage de la population dans le même sous-groupe,_T,Total,Y20T64,De 20 à 64 ans,EMP,Employment,2005,,78.152,,A,Valeur normale,,,1,One
DATAFLOW,OECD.ELS.SAE:DSD_LFS@DF_LFS_INDIC(1.1),Emploi et chômage par groupe d'âge quinquennal et par sexe - indicateurs,I,POL,Pologne,EMP_RATIO,Employment to population ratio,PT_POP_SUB,Pourcentage de la population dans le même sous-groupe,_T,Total,Y20T64,De 20 à 64 ans,EMP,Employment,2005,,58.031,,A,Valeur normale,,,1,One
DATAFLOW,OECD.ELS.SAE:DSD_LFS@DF_LFS_INDIC(1.1),Emploi et chômage par groupe d'âge quinquennal et par sexe - indicateurs,I,PRT,Portugal,EMP_RATIO,Employment to population ratio,PT_POP_SUB,Pourcentage de la population dans le même sous-groupe,_T,Total,Y20T64,De 20 à 64 ans,EMP,Employment,2005,,72.212,,A,Valeur normale,,,1,One
DATAFLOW,OECD.ELS.SAE:DSD_LFS@DF_LFS_INDIC(1.1),Emploi et chômage par groupe d'âge quinquennal et par sexe - indicateurs,I,SVK,République slovaque,EMP_RATIO,Employment to population ratio,PT_POP_SUB,Pourcentage de la population dans le même sous-groupe,_T,Total,Y20T64,De 20 à 64 ans,EMP,Employment,2005,,64.509,,A,Valeur normale,,,1,One
DATAFLOW,OECD.ELS.SAE:DSD_LFS@DF_LFS_INDIC(1.1),Emploi et chômage par groupe d'âge quinquennal et par sexe - indicateurs,I,SVN,Slovénie,EMP_RATIO,Employment to population ratio,PT_POP_SUB,Pourcentage de la population dans le même sous-groupe,_T,Total,Y20T64,De 20 à 64 ans,EMP,Employment,2005,,71.084,,A,Valeur normale,,,1,One
DATAFLOW,OECD.ELS.SAE:DSD_LFS@DF_LFS_INDIC(1.1),Emploi et chômage par groupe d'âge quinquennal et par sexe - indicateurs,I,ESP,Espagne,EMP_RATIO,Employment to population ratio,PT_POP_SUB,Pourcentage de la population dans le même sous-groupe,_T,Total,Y20T64,De 20 à 64 ans,EMP,Employment,2005,,67.531,,A,Valeur normale,,,1,One
DATAFLOW,OECD.ELS.SAE:DSD_LFS@DF_LFS_INDIC(1.1),Emploi et chômage par groupe d'âge quinquennal et par sexe - indicateurs,I,SWE,Suède,EMP_RATIO,Employment to population ratio,PT_POP_SUB,Pourcentage de la population dans le même sous-groupe,_T,Total,Y20T64,De 20 à 64 ans,EMP,Employment,2005,,78.2,,A,Valeur normale,,,1,One
DATAFLOW,OECD.ELS.SAE:DSD_LFS@DF_LFS_INDIC(1.1),Emploi et chômage par groupe d'âge quinquennal et par sexe - indicateurs,I,CHE,Suisse,EMP_RATIO,Employment to population ratio,PT_POP_SUB,Pourcentage de la population dans le même sous-groupe,_T,Total,Y20T64,De 20 à 64 ans,EMP,Employment,2005,,79.906,,A,Valeur normale,,,1,One
DATAFLOW,OECD.ELS.SAE:DSD_LFS@DF_LFS_INDIC(1.1),Emploi et chômage par groupe d'âge quinquennal et par sexe - indicateurs,I,TUR,Türkiye,EMP_RATIO,Employment to population ratio,PT_POP_SUB,Pourcentage de la population dans le même sous-groupe,_T,Total,Y20T64,De 20 à 64 ans,EMP,Employment,2005,,48.136,,A,Valeur normale,,,1,One
DATAFLOW,OECD.ELS.SAE:DSD_LFS@DF_LFS_INDIC(1.1),Emploi et chômage par groupe d'âge quinquennal et par sexe - indicateurs,I,GBR,Royaume-Uni,EMP_RATIO,Employment to population ratio,PT_POP_SUB,Pourcentage de la population dans le même sous-groupe,_T,Total,Y20T64,De 20 à 64 ans,EMP,Employment,2005,,74.763,,A,Valeur normale,,,1,One
DATAFLOW,OECD.ELS.SAE:DSD_LFS@DF_LFS_INDIC(1.1),Emploi et chômage par groupe d'âge quinquennal et par sexe - indicateurs,I,USA,États-Unis,EMP_RATIO,Employment to population ratio,PT_POP_SUB,Pourcentage de la population dans le même sous-groupe,_T,Total,Y20T64,De 20 à 64 ans,EMP,Employment,2005,,74.825,,A,Valeur normale,,,1,One
DATAFLOW,OECD.ELS.SAE:DSD_LFS@DF_LFS_INDIC(1.1),Emploi et chômage par groupe d'âge quinquennal et par sexe - indicateurs,I,G7,G7,EMP_RATIO,Employment to population ratio,PT_POP_SUB,Pourcentage de la population dans le même sous-groupe,_T,Total,Y20T64,De 20 à 64 ans,EMP,Employment,2005,,72.446,,A,Valeur normale,,,1,One
DATAFLOW,OECD.ELS.SAE:DSD_LFS@DF_LFS_INDIC(1.1),Emploi et chômage par groupe d'âge quinquennal et par sexe - indicateurs,I,EU27,Union européenne (27 pays),EMP_RATIO,Employment to population ratio,PT_POP_SUB,Pourcentage de la population dans le même sous-groupe,_T,Total,Y20T64,De 20 à 64 ans,EMP,Employment,2005,,66.704,,A,Valeur normale,,,1,One
DATAFLOW,OECD.ELS.SAE:DSD_LFS@DF_LFS_INDIC(1.1),Emploi et chômage par groupe d'âge quinquennal et par sexe - indicateurs,I,EU19OECD,19 Membres de l'Union européenne et de l'OCDE,EMP_RATIO,Employment to population ratio,PT_POP_SUB,Pourcentage de la population dans le même sous-groupe,_T,Total,Y20T64,De 20 à 64 ans,EMP,Employment,2005,,67.732,,A,Valeur normale,,,1,One
DATAFLOW,OECD.ELS.SAE:DSD_LFS@DF_LFS_INDIC(1.1),Emploi et chômage par groupe d'âge quinquennal et par sexe - indicateurs,I,EU22OECD,22 Membres de l'Union européenne et de l'OCDE,EMP_RATIO,Employment to population ratio,PT_POP_SUB,Pourcentage de la population dans le même sous-groupe,_T,Total,Y20T64,De 20 à 64 ans,EMP,Employment,2005,,67.098,,A,Valeur normale,,,1,One
DATAFLOW,OECD.ELS.SAE:DSD_LFS@DF_LFS_INDIC(1.1),Emploi et chômage par groupe d'âge quinquennal et par sexe - indicateurs,I,OECD,OCDE,EMP_RATIO,Employment to population ratio,PT_POP_SUB,Pourcentage de la population dans le même sous-groupe,_T,Total,Y20T64,De 20 à 64 ans,EMP,Employment,2005,,69.461,,A,Valeur normale,,,1,One
DATAFLOW,OECD.ELS.SAE:DSD_LFS@DF_LFS_INDIC(1.1),Emploi et chômage par groupe d'âge quinquennal et par sexe - indicateurs,I,OECD_REP,Pays moyen de l'OCDE,EMP_RATIO,Employment to population ratio,PT_POP_SUB,Pourcentage de la population dans le même sous-groupe,_T,Total,Y20T64,De 20 à 64 ans,EMP,Employment,2005,,70.168,,A,Valeur normale,,,1,One
DATAFLOW,OECD.ELS.SAE:DSD_LFS@DF_LFS_INDIC(1.1),Emploi et chômage par groupe d'âge quinquennal et par sexe - indicateurs,I,BRA,Brésil,EMP_RATIO,Employment to population ratio,PT_POP_SUB,Pourcentage de la population dans le même sous-groupe,_T,Total,Y20T64,De 20 à 64 ans,EMP,Employment,2005,,71.71,,A,Valeur normale,,,1,One
DATAFLOW,OECD.ELS.SAE:DSD_LFS@DF_LFS_INDIC(1.1),Emploi et chômage par groupe d'âge quinquennal et par sexe - indicateurs,I,BGR,Bulgarie,EMP_RATIO,Employment to population ratio,PT_POP_SUB,Pourcentage de la population dans le même sous-groupe,_T,Total,Y20T64,De 20 à 64 ans,EMP,Employment,2005,,61.877,,A,Valeur normale,,,1,One
DATAFLOW,OECD.ELS.SAE:DSD_LFS@DF_LFS_INDIC(1.1),Emploi et chômage par groupe d'âge quinquennal et par sexe - indicateurs,I,HRV,Croatie,EMP_RATIO,Employment to population ratio,PT_POP_SUB,Pourcentage de la population dans le même sous-groupe,_T,Total,Y20T64,De 20 à 64 ans,EMP,Employment,2005,,59.984,,A,Valeur normale,,,1,One
DATAFLOW,OECD.ELS.SAE:DSD_LFS@DF_LFS_INDIC(1.1),Emploi et chômage par groupe d'âge quinquennal et par sexe - indicateurs,I,CYP,Chypre,EMP_RATIO,Employment to population ratio,PT_POP_SUB,Pourcentage de la population dans le même sous-groupe,_T,Total,Y20T64,De 20 à 64 ans,EMP,Employment,2005,,74.391,,A,Valeur normale,,,1,One
DATAFLOW,OECD.ELS.SAE:DSD_LFS@DF_LFS_INDIC(1.1),Emploi et chômage par groupe d'âge quinquennal et par sexe - indicateurs,I,IND,Inde,EMP_RATIO,Employment to population ratio,PT_POP_SUB,Pourcentage de la population dans le même sous-groupe,_T,Total,Y20T64,De 20 à 64 ans,EMP,Employment,2005,,64.924,,A,Valeur normale,,,1,One
DATAFLOW,OECD.ELS.SAE:DSD_LFS@DF_LFS_INDIC(1.1),Emploi et chômage par groupe d'âge quinquennal et par sexe - indicateurs,I,IDN,Indonésie,EMP_RATIO,Employment to population ratio,PT_POP_SUB,Pourcentage de la population dans le même sous-groupe,_T,Total,Y20T64,De 20 à 64 ans,EMP,Employment,2005,,68.105,,A,Valeur normale,,,1,One
DATAFLOW,OECD.ELS.SAE:DSD_LFS@DF_LFS_INDIC(1.1),Emploi et chômage par groupe d'âge quinquennal et par sexe - indicateurs,I,MLT,Malte,EMP_RATIO,Employment to population ratio,PT_POP_SUB,Pourcentage de la population dans le même sous-groupe,_T,Total,Y20T64,De 20 à 64 ans,EMP,Employment,2005,,57.442,,A,Valeur normale,,,1,One
DATAFLOW,OECD.ELS.SAE:DSD_LFS@DF_LFS_INDIC(1.1),Emploi et chômage par groupe d'âge quinquennal et par sexe - indicateurs,I,ROU,Roumanie,EMP_RATIO,Employment to population ratio,PT_POP_SUB,Pourcentage de la population dans le même sous-groupe,_T,Total,Y20T64,De 20 à 64 ans,EMP,Employment,2005,,63.622,,A,Valeur normale,,,1,One
DATAFLOW,OECD.ELS.SAE:DSD_LFS@DF_LFS_INDIC(1.1),Emploi et chômage par groupe d'âge quinquennal et par sexe - indicateurs,I,RUS,Russie,EMP_RATIO,Employment to population ratio,PT_POP_SUB,Pourcentage de la population dans le même sous-groupe,_T,Total,Y20T64,De 20 à 64 ans,EMP,Employment,2005,,73.741,,A,Valeur normale,,,1,One
DATAFLOW,OECD.ELS.SAE:DSD_LFS@DF_LFS_INDIC(1.1),Emploi et chômage par groupe d'âge quinquennal et par sexe - indicateurs,I,ZAF,Afrique du Sud,EMP_RATIO,Employment to population ratio,PT_POP_SUB,Pourcentage de la population dans le même sous-groupe,_T,Total,Y20T64,De 20 à 64 ans,EMP,Employment,2005,,51.358,,A,Valeur normale,,,1,One
DATAFLOW,OECD.ELS.SAE:DSD_LFS@DF_LFS_INDIC(1.1),Emploi et chômage par groupe d'âge quinquennal et par sexe - indicateurs,I,AUS,Australie,EMP_RATIO,Employment to population ratio,PT_POP_SUB,Pourcentage de la population dans le même sous-groupe,_T,Total,Y20T64,De 20 à 64 ans,EMP,Employment,2002,,71.71,,A,Valeur normale,,,1,One
DATAFLOW,OECD.ELS.SAE:DSD_LFS@DF_LFS_INDIC(1.1),Emploi et chômage par groupe d'âge quinquennal et par sexe - indicateurs,I,AUT,Autriche,EMP_RATIO,Employment to population ratio,PT_POP_SUB,Pourcentage de la population dans le même sous-groupe,_T,Total,Y20T64,De 20 à 64 ans,EMP,Employment,2002,,71.774,,A,Valeur normale,,,1,One
DATAFLOW,OECD.ELS.SAE:DSD_LFS@DF_LFS_INDIC(1.1),Emploi et chômage par groupe d'âge quinquennal et par sexe - indicateurs,I,BEL,Belgique,EMP_RATIO,Employment to population ratio,PT_POP_SUB,Pourcentage de la population dans le même sous-groupe,_T,Total,Y20T64,De 20 à 64 ans,EMP,Employment,2002,,64.964,,A,Valeur normale,,,1,One
DATAFLOW,OECD.ELS.SAE:DSD_LFS@DF_LFS_INDIC(1.1),Emploi et chômage par groupe d'âge quinquennal et par sexe - indicateurs,I,CAN,Canada,EMP_RATIO,Employment to population ratio,PT_POP_SUB,Pourcentage de la population dans le même sous-groupe,_T,Total,Y20T64,De 20 à 64 ans,EMP,Employment,2002,,74.304,,A,Valeur normale,,,1,One
DATAFLOW,OECD.ELS.SAE:DSD_LFS@DF_LFS_INDIC(1.1),Emploi et chômage par groupe d'âge quinquennal et par sexe - indicateurs,I,CHL,Chili,EMP_RATIO,Employment to population ratio,PT_POP_SUB,Pourcentage de la population dans le même sous-groupe,_T,Total,Y20T64,De 20 à 64 ans,EMP,Employment,2002,,60.175,,A,Valeur normale,,,1,One
DATAFLOW,OECD.ELS.SAE:DSD_LFS@DF_LFS_INDIC(1.1),Emploi et chômage par groupe d'âge quinquennal et par sexe - indicateurs,I,COL,Colombie,EMP_RATIO,Employment to population ratio,PT_POP_SUB,Pourcentage de la population dans le même sous-groupe,_T,Total,Y20T64,De 20 à 64 ans,EMP,Employment,2002,,65.418,,A,Valeur normale,,,1,One
DATAFLOW,OECD.ELS.SAE:DSD_LFS@DF_LFS_INDIC(1.1),Emploi et chômage par groupe d'âge quinquennal et par sexe - indicateurs,I,CRI,Costa Rica,EMP_RATIO,Employment to population ratio,PT_POP_SUB,Pourcentage de la population dans le même sous-groupe,_T,Total,Y20T64,De 20 à 64 ans,EMP,Employment,2002,,67.414,,A,Valeur normale,,,1,One
DATAFLOW,OECD.ELS.SAE:DSD_LFS@DF_LFS_INDIC(1.1),Emploi et chômage par groupe d'âge quinquennal et par sexe - indicateurs,I,CZE,Tchéquie,EMP_RATIO,Employment to population ratio,PT_POP_SUB,Pourcentage de la population dans le même sous-groupe,_T,Total,Y20T64,De 20 à 64 ans,EMP,Employment,2002,,71.723,,A,Valeur normale,,,1,One
DATAFLOW,OECD.ELS.SAE:DSD_LFS@DF_LFS_INDIC(1.1),Emploi et chômage par groupe d'âge quinquennal et par sexe - indicateurs,I,DNK,Danemark,EMP_RATIO,Employment to population ratio,PT_POP_SUB,Pourcentage de la population dans le même sous-groupe,_T,Total,Y20T64,De 20 à 64 ans,EMP,Employment,2002,,77.833,,A,Valeur normale,,,1,One
DATAFLOW,OECD.ELS.SAE:DSD_LFS@DF_LFS_INDIC(1.1),Emploi et chômage par groupe d'âge quinquennal et par sexe - indicateurs,I,EST,Estonie,EMP_RATIO,Employment to population ratio,PT_POP_SUB,Pourcentage de la population dans le même sous-groupe,_T,Total,Y20T64,De 20 à 64 ans,EMP,Employment,2002,,67.79,,A,Valeur normale,,,1,One
DATAFLOW,OECD.ELS.SAE:DSD_LFS@DF_LFS_INDIC(1.1),Emploi et chômage par groupe d'âge quinquennal et par sexe - indicateurs,I,FIN,Finlande,EMP_RATIO,Employment to population ratio,PT_POP_SUB,Pourcentage de la population dans le même sous-groupe,_T,Total,Y20T64,De 20 à 64 ans,EMP,Employment,2002,,72.707,,A,Valeur normale,,,1,One
DATAFLOW,OECD.ELS.SAE:DSD_LFS@DF_LFS_INDIC(1.1),Emploi et chômage par groupe d'âge quinquennal et par sexe - indicateurs,I,FRA,France,EMP_RATIO,Employment to population ratio,PT_POP_SUB,Pourcentage de la population dans le même sous-groupe,_T,Total,Y20T64,De 20 à 64 ans,EMP,Employment,2002,,69.354,,A,Valeur normale,,,1,One
DATAFLOW,OECD.ELS.SAE:DSD_LFS@DF_LFS_INDIC(1.1),Emploi et chômage par groupe d'âge quinquennal et par sexe - indicateurs,I,DEU,Allemagne,EMP_RATIO,Employment to population ratio,PT_POP_SUB,Pourcentage de la population dans le même sous-groupe,_T,Total,Y20T64,De 20 à 64 ans,EMP,Employment,2002,,68.747,,A,Valeur normale,,,1,One
DATAFLOW,OECD.ELS.SAE:DSD_LFS@DF_LFS_INDIC(1.1),Emploi et chômage par groupe d'âge quinquennal et par sexe - indicateurs,I,GRC,Grèce,EMP_RATIO,Employment to population ratio,PT_POP_SUB,Pourcentage de la population dans le même sous-groupe,_T,Total,Y20T64,De 20 à 64 ans,EMP,Employment,2002,,62.487,,A,Valeur normale,,,1,One
DATAFLOW,OECD.ELS.SAE:DSD_LFS@DF_LFS_INDIC(1.1),Emploi et chômage par groupe d'âge quinquennal et par sexe - indicateurs,I,HUN,Hongrie,EMP_RATIO,Employment to population ratio,PT_POP_SUB,Pourcentage de la population dans le même sous-groupe,_T,Total,Y20T64,De 20 à 64 ans,EMP,Employment,2002,,61.439,,A,Valeur normale,,,1,One
DATAFLOW,OECD.ELS.SAE:DSD_LFS@DF_LFS_INDIC(1.1),Emploi et chômage par groupe d'âge quinquennal et par sexe - indicateurs,I,ISL,Islande,EMP_RATIO,Employment to population ratio,PT_POP_SUB,Pourcentage de la population dans le même sous-groupe,_T,Total,Y20T64,De 20 à 64 ans,EMP,Employment,2002,,87.369,,A,Valeur normale,,,1,One
DATAFLOW,OECD.ELS.SAE:DSD_LFS@DF_LFS_INDIC(1.1),Emploi et chômage par groupe d'âge quinquennal et par sexe - indicateurs,I,IRL,Irlande,EMP_RATIO,Employment to population ratio,PT_POP_SUB,Pourcentage de la population dans le même sous-groupe,_T,Total,Y20T64,De 20 à 64 ans,EMP,Employment,2002,,72.174,,A,Valeur normale,,,1,One
DATAFLOW,OECD.ELS.SAE:DSD_LFS@DF_LFS_INDIC(1.1),Emploi et chômage par groupe d'âge quinquennal et par sexe - indicateurs,I,ISR,Israël,EMP_RATIO,Employment to population ratio,PT_POP_SUB,Pourcentage de la population dans le même sous-groupe,_T,Total,Y20T64,De 20 à 64 ans,EMP,Employment,2002,,65.47,,A,Valeur normale,,,1,One
DATAFLOW,OECD.ELS.SAE:DSD_LFS@DF_LFS_INDIC(1.1),Emploi et chômage par groupe d'âge quinquennal et par sexe - indicateurs,I,ITA,Italie,EMP_RATIO,Employment to population ratio,PT_POP_SUB,Pourcentage de la population dans le même sous-groupe,_T,Total,Y20T64,De 20 à 64 ans,EMP,Employment,2002,,59.436,,A,Valeur normale,,,1,One
DATAFLOW,OECD.ELS.SAE:DSD_LFS@DF_LFS_INDIC(1.1),Emploi et chômage par groupe d'âge quinquennal et par sexe - indicateurs,I,JPN,Japon,EMP_RATIO,Employment to population ratio,PT_POP_SUB,Pourcentage de la population dans le même sous-groupe,_T,Total,Y20T64,De 20 à 64 ans,EMP,Employment,2002,,73.131,,A,Valeur normale,,,1,One
DATAFLOW,OECD.ELS.SAE:DSD_LFS@DF_LFS_INDIC(1.1),Emploi et chômage par groupe d'âge quinquennal et par sexe - indicateurs,I,KOR,Corée,EMP_RATIO,Employment to population ratio,PT_POP_SUB,Pourcentage de la population dans le même sous-groupe,_T,Total,Y20T64,De 20 à 64 ans,EMP,Employment,2002,,69.429,,A,Valeur normale,,,1,One
DATAFLOW,OECD.ELS.SAE:DSD_LFS@DF_LFS_INDIC(1.1),Emploi et chômage par groupe d'âge quinquennal et par sexe - indicateurs,I,LVA,Lettonie,EMP_RATIO,Employment to population ratio,PT_POP_SUB,Pourcentage de la population dans le même sous-groupe,_T,Total,Y20T64,De 20 à 64 ans,EMP,Employment,2002,,66.51,,A,Valeur normale,,,1,One
DATAFLOW,OECD.ELS.SAE:DSD_LFS@DF_LFS_INDIC(1.1),Emploi et chômage par groupe d'âge quinquennal et par sexe - indicateurs,I,LTU,Lituanie,EMP_RATIO,Employment to population ratio,PT_POP_SUB,Pourcentage de la population dans le même sous-groupe,_T,Total,Y20T64,De 20 à 64 ans,EMP,Employment,2002,,67.189,,A,Valeur normale,,,1,One
DATAFLOW,OECD.ELS.SAE:DSD_LFS@DF_LFS_INDIC(1.1),Emploi et chômage par groupe d'âge quinquennal et par sexe - indicateurs,I,LUX,Luxembourg,EMP_RATIO,Employment to population ratio,PT_POP_SUB,Pourcentage de la population dans le même sous-groupe,_T,Total,Y20T64,De 20 à 64 ans,EMP,Employment,2002,,68.404,,A,Valeur normale,,,1,One
DATAFLOW,OECD.ELS.SAE:DSD_LFS@DF_LFS_INDIC(1.1),Emploi et chômage par groupe d'âge quinquennal et par sexe - indicateurs,I,MEX,Mexique,EMP_RATIO,Employment to population ratio,PT_POP_SUB,Pourcentage de la population dans le même sous-groupe,_T,Total,Y20T64,De 20 à 64 ans,EMP,Employment,2002,,64.072,,A,Valeur normale,,,1,One
DATAFLOW,OECD.ELS.SAE:DSD_LFS@DF_LFS_INDIC(1.1),Emploi et chômage par groupe d'âge quinquennal et par sexe - indicateurs,I,NLD,Pays-Bas,EMP_RATIO,Employment to population ratio,PT_POP_SUB,Pourcentage de la population dans le même sous-groupe,_T,Total,Y20T64,De 20 à 64 ans,EMP,Employment,2002,,74.292,,A,Valeur normale,,,1,One
DATAFLOW,OECD.ELS.SAE:DSD_LFS@DF_LFS_INDIC(1.1),Emploi et chômage par groupe d'âge quinquennal et par sexe - indicateurs,I,NZL,Nouvelle-Zélande,EMP_RATIO,Employment to population ratio,PT_POP_SUB,Pourcentage de la population dans le même sous-groupe,_T,Total,Y20T64,De 20 à 64 ans,EMP,Employment,2002,,75.35,,A,Valeur normale,,,1,One
DATAFLOW,OECD.ELS.SAE:DSD_LFS@DF_LFS_INDIC(1.1),Emploi et chômage par groupe d'âge quinquennal et par sexe - indicateurs,I,NOR,Norvège,EMP_RATIO,Employment to population ratio,PT_POP_SUB,Pourcentage de la population dans le même sous-groupe,_T,Total,Y20T64,De 20 à 64 ans,EMP,Employment,2002,,79.637,,A,Valeur normale,,,1,One
DATAFLOW,OECD.ELS.SAE:DSD_LFS@DF_LFS_INDIC(1.1),Emploi et chômage par groupe d'âge quinquennal et par sexe - indicateurs,I,POL,Pologne,EMP_RATIO,Employment to population ratio,PT_POP_SUB,Pourcentage de la population dans le même sous-groupe,_T,Total,Y20T64,De 20 à 64 ans,EMP,Employment,2002,,57.142,,A,Valeur normale,,,1,One
DATAFLOW,OECD.ELS.SAE:DSD_LFS@DF_LFS_INDIC(1.1),Emploi et chômage par groupe d'âge quinquennal et par sexe - indicateurs,I,PRT,Portugal,EMP_RATIO,Employment to population ratio,PT_POP_SUB,Pourcentage de la population dans le même sous-groupe,_T,Total,Y20T64,De 20 à 64 ans,EMP,Employment,2002,,73.573,,A,Valeur normale,,,1,One
DATAFLOW,OECD.ELS.SAE:DSD_LFS@DF_LFS_INDIC(1.1),Emploi et chômage par groupe d'âge quinquennal et par sexe - indicateurs,I,SVK,République slovaque,EMP_RATIO,Employment to population ratio,PT_POP_SUB,Pourcentage de la population dans le même sous-groupe,_T,Total,Y20T64,De 20 à 64 ans,EMP,Employment,2002,,63.648,,A,Valeur normale,,,1,One
DATAFLOW,OECD.ELS.SAE:DSD_LFS@DF_LFS_INDIC(1.1),Emploi et chômage par groupe d'âge quinquennal et par sexe - indicateurs,I,SVN,Slovénie,EMP_RATIO,Employment to population ratio,PT_POP_SUB,Pourcentage de la population dans le même sous-groupe,_T,Total,Y20T64,De 20 à 64 ans,EMP,Employment,2002,,68.984,,A,Valeur normale,,,1,One
DATAFLOW,OECD.ELS.SAE:DSD_LFS@DF_LFS_INDIC(1.1),Emploi et chômage par groupe d'âge quinquennal et par sexe - indicateurs,I,ESP,Espagne,EMP_RATIO,Employment to population ratio,PT_POP_SUB,Pourcentage de la population dans le même sous-groupe,_T,Total,Y20T64,De 20 à 64 ans,EMP,Employment,2002,,63.094,,A,Valeur normale,,,1,One
DATAFLOW,OECD.ELS.SAE:DSD_LFS@DF_LFS_INDIC(1.1),Emploi et chômage par groupe d'âge quinquennal et par sexe - indicateurs,I,SWE,Suède,EMP_RATIO,Employment to population ratio,PT_POP_SUB,Pourcentage de la population dans le même sous-groupe,_T,Total,Y20T64,De 20 à 64 ans,EMP,Employment,2002,,78.679,,A,Valeur normale,,,1,One
DATAFLOW,OECD.ELS.SAE:DSD_LFS@DF_LFS_INDIC(1.1),Emploi et chômage par groupe d'âge quinquennal et par sexe - indicateurs,I,CHE,Suisse,EMP_RATIO,Employment to population ratio,PT_POP_SUB,Pourcentage de la population dans le même sous-groupe,_T,Total,Y20T64,De 20 à 64 ans,EMP,Employment,2002,,81.211,,A,Valeur normale,,,1,One
DATAFLOW,OECD.ELS.SAE:DSD_LFS@DF_LFS_INDIC(1.1),Emploi et chômage par groupe d'âge quinquennal et par sexe - indicateurs,I,TUR,Türkiye,EMP_RATIO,Employment to population ratio,PT_POP_SUB,Pourcentage de la population dans le même sous-groupe,_T,Total,Y20T64,De 20 à 64 ans,EMP,Employment,2002,,50.144,,A,Valeur normale,,,1,One
DATAFLOW,OECD.ELS.SAE:DSD_LFS@DF_LFS_INDIC(1.1),Emploi et chômage par groupe d'âge quinquennal et par sexe - indicateurs,I,GBR,Royaume-Uni,EMP_RATIO,Employment to population ratio,PT_POP_SUB,Pourcentage de la population dans le même sous-groupe,_T,Total,Y20T64,De 20 à 64 ans,EMP,Employment,2002,,74.323,,A,Valeur normale,,,1,One
DATAFLOW,OECD.ELS.SAE:DSD_LFS@DF_LFS_INDIC(1.1),Emploi et chômage par groupe d'âge quinquennal et par sexe - indicateurs,I,USA,États-Unis,EMP_RATIO,Employment to population ratio,PT_POP_SUB,Pourcentage de la population dans le même sous-groupe,_T,Total,Y20T64,De 20 à 64 ans,EMP,Employment,2002,,75.014,,A,Valeur normale,,,1,One
DATAFLOW,OECD.ELS.SAE:DSD_LFS@DF_LFS_INDIC(1.1),Emploi et chômage par groupe d'âge quinquennal et par sexe - indicateurs,I,G7,G7,EMP_RATIO,Employment to population ratio,PT_POP_SUB,Pourcentage de la population dans le même sous-groupe,_T,Total,Y20T64,De 20 à 64 ans,EMP,Employment,2002,,72.029,,A,Valeur normale,,,1,One
DATAFLOW,OECD.ELS.SAE:DSD_LFS@DF_LFS_INDIC(1.1),Emploi et chômage par groupe d'âge quinquennal et par sexe - indicateurs,I,EU27,Union européenne (27 pays),EMP_RATIO,Employment to population ratio,PT_POP_SUB,Pourcentage de la population dans le même sous-groupe,_T,Total,Y20T64,De 20 à 64 ans,EMP,Employment,2002,,65.622,,A,Valeur normale,,,1,One
DATAFLOW,OECD.ELS.SAE:DSD_LFS@DF_LFS_INDIC(1.1),Emploi et chômage par groupe d'âge quinquennal et par sexe - indicateurs,I,EU19OECD,19 Membres de l'Union européenne et de l'OCDE,EMP_RATIO,Employment to population ratio,PT_POP_SUB,Pourcentage de la population dans le même sous-groupe,_T,Total,Y20T64,De 20 à 64 ans,EMP,Employment,2002,,66.587,,A,Valeur normale,,,1,One
DATAFLOW,OECD.ELS.SAE:DSD_LFS@DF_LFS_INDIC(1.1),Emploi et chômage par groupe d'âge quinquennal et par sexe - indicateurs,I,EU22OECD,22 Membres de l'Union européenne et de l'OCDE,EMP_RATIO,Employment to population ratio,PT_POP_SUB,Pourcentage de la population dans le même sous-groupe,_T,Total,Y20T64,De 20 à 64 ans,EMP,Employment,2002,,66.089,,A,Valeur normale,,,1,One
DATAFLOW,OECD.ELS.SAE:DSD_LFS@DF_LFS_INDIC(1.1),Emploi et chômage par groupe d'âge quinquennal et par sexe - indicateurs,I,OECD,OCDE,EMP_RATIO,Employment to population ratio,PT_POP_SUB,Pourcentage de la population dans le même sous-groupe,_T,Total,Y20T64,De 20 à 64 ans,EMP,Employment,2002,,68.903,,A,Valeur normale,,,1,One
DATAFLOW,OECD.ELS.SAE:DSD_LFS@DF_LFS_INDIC(1.1),Emploi et chômage par groupe d'âge quinquennal et par sexe - indicateurs,I,OECD_REP,Pays moyen de l'OCDE,EMP_RATIO,Employment to population ratio,PT_POP_SUB,Pourcentage de la population dans le même sous-groupe,_T,Total,Y20T64,De 20 à 64 ans,EMP,Employment,2002,,69.371,,A,Valeur normale,,,1,One
DATAFLOW,OECD.ELS.SAE:DSD_LFS@DF_LFS_INDIC(1.1),Emploi et chômage par groupe d'âge quinquennal et par sexe - indicateurs,I,BRA,Brésil,EMP_RATIO,Employment to population ratio,PT_POP_SUB,Pourcentage de la population dans le même sous-groupe,_T,Total,Y20T64,De 20 à 64 ans,EMP,Employment,2002,,70.06,,A,Valeur normale,,,1,One
DATAFLOW,OECD.ELS.SAE:DSD_LFS@DF_LFS_INDIC(1.1),Emploi et chômage par groupe d'âge quinquennal et par sexe - indicateurs,I,BGR,Bulgarie,EMP_RATIO,Employment to population ratio,PT_POP_SUB,Pourcentage de la population dans le même sous-groupe,_T,Total,Y20T64,De 20 à 64 ans,EMP,Employment,2002,,55.771,,A,Valeur normale,,,1,One
DATAFLOW,OECD.ELS.SAE:DSD_LFS@DF_LFS_INDIC(1.1),Emploi et chômage par groupe d'âge quinquennal et par sexe - indicateurs,I,HRV,Croatie,EMP_RATIO,Employment to population ratio,PT_POP_SUB,Pourcentage de la population dans le même sous-groupe,_T,Total,Y20T64,De 20 à 64 ans,EMP,Employment,2002,,58.4,,A,Valeur normale,,,1,One
DATAFLOW,OECD.ELS.SAE:DSD_LFS@DF_LFS_INDIC(1.1),Emploi et chômage par groupe d'âge quinquennal et par sexe - indicateurs,I,CYP,Chypre,EMP_RATIO,Employment to population ratio,PT_POP_SUB,Pourcentage de la population dans le même sous-groupe,_T,Total,Y20T64,De 20 à 64 ans,EMP,Employment,2002,,75.053,,A,Valeur normale,,,1,One
DATAFLOW,OECD.ELS.SAE:DSD_LFS@DF_LFS_INDIC(1.1),Emploi et chômage par groupe d'âge quinquennal et par sexe - indicateurs,I,IDN,Indonésie,EMP_RATIO,Employment to population ratio,PT_POP_SUB,Pourcentage de la population dans le même sous-groupe,_T,Total,Y20T64,De 20 à 64 ans,EMP,Employment,2002,,69.077,,A,Valeur normale,,,1,One
DATAFLOW,OECD.ELS.SAE:DSD_LFS@DF_LFS_INDIC(1.1),Emploi et chômage par groupe d'âge quinquennal et par sexe - indicateurs,I,MLT,Malte,EMP_RATIO,Employment to population ratio,PT_POP_SUB,Pourcentage de la population dans le même sous-groupe,_T,Total,Y20T64,De 20 à 64 ans,EMP,Employment,2002,,57.705,,A,Valeur normale,,,1,One
DATAFLOW,OECD.ELS.SAE:DSD_LFS@DF_LFS_INDIC(1.1),Emploi et chômage par groupe d'âge quinquennal et par sexe - indicateurs,I,ROU,Roumanie,EMP_RATIO,Employment to population ratio,PT_POP_SUB,Pourcentage de la population dans le même sous-groupe,_T,Total,Y20T64,De 20 à 64 ans,EMP,Employment,2002,,63.344,,A,Valeur normale,,,1,One
DATAFLOW,OECD.ELS.SAE:DSD_LFS@DF_LFS_INDIC(1.1),Emploi et chômage par groupe d'âge quinquennal et par sexe - indicateurs,I,RUS,Russie,EMP_RATIO,Employment to population ratio,PT_POP_SUB,Pourcentage de la population dans le même sous-groupe,_T,Total,Y20T64,De 20 à 64 ans,EMP,Employment,2002,,71.717,,A,Valeur normale,,,1,One
DATAFLOW,OECD.ELS.SAE:DSD_LFS@DF_LFS_INDIC(1.1),Emploi et chômage par groupe d'âge quinquennal et par sexe - indicateurs,I,ZAF,Afrique du Sud,EMP_RATIO,Employment to population ratio,PT_POP_SUB,Pourcentage de la population dans le même sous-groupe,_T,Total,Y20T64,De 20 à 64 ans,EMP,Employment,2002,,50.47,,A,Valeur normale,,,1,One
DATAFLOW,OECD.ELS.SAE:DSD_LFS@DF_LFS_INDIC(1.1),Emploi et chômage par groupe d'âge quinquennal et par sexe - indicateurs,I,AUS,Australie,EMP_RATIO,Employment to population ratio,PT_POP_SUB,Pourcentage de la population dans le même sous-groupe,_T,Total,Y20T64,De 20 à 64 ans,EMP,Employment,2003,,72.317,,A,Valeur normale,,,1,One
DATAFLOW,OECD.ELS.SAE:DSD_LFS@DF_LFS_INDIC(1.1),Emploi et chômage par groupe d'âge quinquennal et par sexe - indicateurs,I,AUT,Autriche,EMP_RATIO,Employment to population ratio,PT_POP_SUB,Pourcentage de la population dans le même sous-groupe,_T,Total,Y20T64,De 20 à 64 ans,EMP,Employment,2003,,71.983,,A,Valeur normale,,,1,One
DATAFLOW,OECD.ELS.SAE:DSD_LFS@DF_LFS_INDIC(1.1),Emploi et chômage par groupe d'âge quinquennal et par sexe - indicateurs,I,BEL,Belgique,EMP_RATIO,Employment to population ratio,PT_POP_SUB,Pourcentage de la population dans le même sous-groupe,_T,Total,Y20T64,De 20 à 64 ans,EMP,Employment,2003,,64.713,,A,Valeur normale,,,1,One
DATAFLOW,OECD.ELS.SAE:DSD_LFS@DF_LFS_INDIC(1.1),Emploi et chômage par groupe d'âge quinquennal et par sexe - indicateurs,I,CAN,Canada,EMP_RATIO,Employment to population ratio,PT_POP_SUB,Pourcentage de la population dans le même sous-groupe,_T,Total,Y20T64,De 20 à 64 ans,EMP,Employment,2003,,75.116,,A,Valeur normale,,,1,One
DATAFLOW,OECD.ELS.SAE:DSD_LFS@DF_LFS_INDIC(1.1),Emploi et chômage par groupe d'âge quinquennal et par sexe - indicateurs,I,CHL,Chili,EMP_RATIO,Employment to population ratio,PT_POP_SUB,Pourcentage de la population dans le même sous-groupe,_T,Total,Y20T64,De 20 à 64 ans,EMP,Employment,2003,,61.207,,A,Valeur normale,,,1,One
DATAFLOW,OECD.ELS.SAE:DSD_LFS@DF_LFS_INDIC(1.1),Emploi et chômage par groupe d'âge quinquennal et par sexe - indicateurs,I,COL,Colombie,EMP_RATIO,Employment to population ratio,PT_POP_SUB,Pourcentage de la population dans le même sous-groupe,_T,Total,Y20T64,De 20 à 64 ans,EMP,Employment,2003,,67.069,,A,Valeur normale,,,1,One
DATAFLOW,OECD.ELS.SAE:DSD_LFS@DF_LFS_INDIC(1.1),Emploi et chômage par groupe d'âge quinquennal et par sexe - indicateurs,I,CRI,Costa Rica,EMP_RATIO,Employment to population ratio,PT_POP_SUB,Pourcentage de la population dans le même sous-groupe,_T,Total,Y20T64,De 20 à 64 ans,EMP,Employment,2003,,67.506,,A,Valeur normale,,,1,One
DATAFLOW,OECD.ELS.SAE:DSD_LFS@DF_LFS_INDIC(1.1),Emploi et chômage par groupe d'âge quinquennal et par sexe - indicateurs,I,CZE,Tchéquie,EMP_RATIO,Employment to population ratio,PT_POP_SUB,Pourcentage de la population dans le même sous-groupe,_T,Total,Y20T64,De 20 à 64 ans,EMP,Employment,2003,,70.853,,A,Valeur normale,,,1,One
DATAFLOW,OECD.ELS.SAE:DSD_LFS@DF_LFS_INDIC(1.1),Emploi et chômage par groupe d'âge quinquennal et par sexe - indicateurs,I,DNK,Danemark,EMP_RATIO,Employment to population ratio,PT_POP_SUB,Pourcentage de la population dans le même sous-groupe,_T,Total,Y20T64,De 20 à 64 ans,EMP,Employment,2003,,77.394,,A,Valeur normale,,,1,One
DATAFLOW,OECD.ELS.SAE:DSD_LFS@DF_LFS_INDIC(1.1),Emploi et chômage par groupe d'âge quinquennal et par sexe - indicateurs,I,EST,Estonie,EMP_RATIO,Employment to population ratio,PT_POP_SUB,Pourcentage de la population dans le même sous-groupe,_T,Total,Y20T64,De 20 à 64 ans,EMP,Employment,2003,,69.262,,A,Valeur normale,,,1,One
DATAFLOW,OECD.ELS.SAE:DSD_LFS@DF_LFS_INDIC(1.1),Emploi et chômage par groupe d'âge quinquennal et par sexe - indicateurs,I,FIN,Finlande,EMP_RATIO,Employment to population ratio,PT_POP_SUB,Pourcentage de la population dans le même sous-groupe,_T,Total,Y20T64,De 20 à 64 ans,EMP,Employment,2003,,72.391,,A,Valeur normale,,,1,One
DATAFLOW,OECD.ELS.SAE:DSD_LFS@DF_LFS_INDIC(1.1),Emploi et chômage par groupe d'âge quinquennal et par sexe - indicateurs,I,FRA,France,EMP_RATIO,Employment to population ratio,PT_POP_SUB,Pourcentage de la population dans le même sous-groupe,_T,Total,Y20T64,De 20 à 64 ans,EMP,Employment,2003,,69.24,,A,Valeur normale,,,1,One
DATAFLOW,OECD.ELS.SAE:DSD_LFS@DF_LFS_INDIC(1.1),Emploi et chômage par groupe d'âge quinquennal et par sexe - indicateurs,I,DEU,Allemagne,EMP_RATIO,Employment to population ratio,PT_POP_SUB,Pourcentage de la population dans le même sous-groupe,_T,Total,Y20T64,De 20 à 64 ans,EMP,Employment,2003,,68.228,,A,Valeur normale,,,1,One
DATAFLOW,OECD.ELS.SAE:DSD_LFS@DF_LFS_INDIC(1.1),Emploi et chômage par groupe d'âge quinquennal et par sexe - indicateurs,I,GRC,Grèce,EMP_RATIO,Employment to population ratio,PT_POP_SUB,Pourcentage de la population dans le même sous-groupe,_T,Total,Y20T64,De 20 à 64 ans,EMP,Employment,2003,,63.573,,A,Valeur normale,,,1,One
DATAFLOW,OECD.ELS.SAE:DSD_LFS@DF_LFS_INDIC(1.1),Emploi et chômage par groupe d'âge quinquennal et par sexe - indicateurs,I,HUN,Hongrie,EMP_RATIO,Employment to population ratio,PT_POP_SUB,Pourcentage de la population dans le même sous-groupe,_T,Total,Y20T64,De 20 à 64 ans,EMP,Employment,2003,,62.354,,A,Valeur normale,,,1,One
DATAFLOW,OECD.ELS.SAE:DSD_LFS@DF_LFS_INDIC(1.1),Emploi et chômage par groupe d'âge quinquennal et par sexe - indicateurs,I,ISL,Islande,EMP_RATIO,Employment to population ratio,PT_POP_SUB,Pourcentage de la population dans le même sous-groupe,_T,Total,Y20T64,De 20 à 64 ans,EMP,Employment,2003,,84.339,,A,Valeur normale,,,1,One
DATAFLOW,OECD.ELS.SAE:DSD_LFS@DF_LFS_INDIC(1.1),Emploi et chômage par groupe d'âge quinquennal et par sexe - indicateurs,I,IRL,Irlande,EMP_RATIO,Employment to population ratio,PT_POP_SUB,Pourcentage de la population dans le même sous-groupe,_T,Total,Y20T64,De 20 à 64 ans,EMP,Employment,2003,,72.019,,A,Valeur normale,,,1,One
DATAFLOW,OECD.ELS.SAE:DSD_LFS@DF_LFS_INDIC(1.1),Emploi et chômage par groupe d'âge quinquennal et par sexe - indicateurs,I,ISR,Israël,EMP_RATIO,Employment to population ratio,PT_POP_SUB,Pourcentage de la population dans le même sous-groupe,_T,Total,Y20T64,De 20 à 64 ans,EMP,Employment,2003,,65.576,,A,Valeur normale,,,1,One
DATAFLOW,OECD.ELS.SAE:DSD_LFS@DF_LFS_INDIC(1.1),Emploi et chômage par groupe d'âge quinquennal et par sexe - indicateurs,I,ITA,Italie,EMP_RATIO,Employment to population ratio,PT_POP_SUB,Pourcentage de la population dans le même sous-groupe,_T,Total,Y20T64,De 20 à 64 ans,EMP,Employment,2003,,60.1,,A,Valeur normale,,,1,One
DATAFLOW,OECD.ELS.SAE:DSD_LFS@DF_LFS_INDIC(1.1),Emploi et chômage par groupe d'âge quinquennal et par sexe - indicateurs,I,JPN,Japon,EMP_RATIO,Employment to population ratio,PT_POP_SUB,Pourcentage de la population dans le même sous-groupe,_T,Total,Y20T64,De 20 à 64 ans,EMP,Employment,2003,,73.194,,A,Valeur normale,,,1,One
DATAFLOW,OECD.ELS.SAE:DSD_LFS@DF_LFS_INDIC(1.1),Emploi et chômage par groupe d'âge quinquennal et par sexe - indicateurs,I,KOR,Corée,EMP_RATIO,Employment to population ratio,PT_POP_SUB,Pourcentage de la population dans le même sous-groupe,_T,Total,Y20T64,De 20 à 64 ans,EMP,Employment,2003,,68.718,,A,Valeur normale,,,1,One
DATAFLOW,OECD.ELS.SAE:DSD_LFS@DF_LFS_INDIC(1.1),Emploi et chômage par groupe d'âge quinquennal et par sexe - indicateurs,I,LVA,Lettonie,EMP_RATIO,Employment to population ratio,PT_POP_SUB,Pourcentage de la population dans le même sous-groupe,_T,Total,Y20T64,De 20 à 64 ans,EMP,Employment,2003,,67.77,,A,Valeur normale,,,1,One
DATAFLOW,OECD.ELS.SAE:DSD_LFS@DF_LFS_INDIC(1.1),Emploi et chômage par groupe d'âge quinquennal et par sexe - indicateurs,I,LTU,Lituanie,EMP_RATIO,Employment to population ratio,PT_POP_SUB,Pourcentage de la population dans le même sous-groupe,_T,Total,Y20T64,De 20 à 64 ans,EMP,Employment,2003,,68.865,,A,Valeur normale,,,1,One
DATAFLOW,OECD.ELS.SAE:DSD_LFS@DF_LFS_INDIC(1.1),Emploi et chômage par groupe d'âge quinquennal et par sexe - indicateurs,I,LUX,Luxembourg,EMP_RATIO,Employment to population ratio,PT_POP_SUB,Pourcentage de la population dans le même sous-groupe,_T,Total,Y20T64,De 20 à 64 ans,EMP,Employment,2003,,67.188,,A,Valeur normale,,,1,One
DATAFLOW,OECD.ELS.SAE:DSD_LFS@DF_LFS_INDIC(1.1),Emploi et chômage par groupe d'âge quinquennal et par sexe - indicateurs,I,MEX,Mexique,EMP_RATIO,Employment to population ratio,PT_POP_SUB,Pourcentage de la population dans le même sous-groupe,_T,Total,Y20T64,De 20 à 64 ans,EMP,Employment,2003,,63.754,,A,Valeur normale,,,1,One
DATAFLOW,OECD.ELS.SAE:DSD_LFS@DF_LFS_INDIC(1.1),Emploi et chômage par groupe d'âge quinquennal et par sexe - indicateurs,I,NLD,Pays-Bas,EMP_RATIO,Employment to population ratio,PT_POP_SUB,Pourcentage de la population dans le même sous-groupe,_T,Total,Y20T64,De 20 à 64 ans,EMP,Employment,2003,,72.685,,A,Valeur normale,,,1,One
DATAFLOW,OECD.ELS.SAE:DSD_LFS@DF_LFS_INDIC(1.1),Emploi et chômage par groupe d'âge quinquennal et par sexe - indicateurs,I,NZL,Nouvelle-Zélande,EMP_RATIO,Employment to population ratio,PT_POP_SUB,Pourcentage de la population dans le même sous-groupe,_T,Total,Y20T64,De 20 à 64 ans,EMP,Employment,2003,,75.569,,A,Valeur normale,,,1,One
DATAFLOW,OECD.ELS.SAE:DSD_LFS@DF_LFS_INDIC(1.1),Emploi et chômage par groupe d'âge quinquennal et par sexe - indicateurs,I,NOR,Norvège,EMP_RATIO,Employment to population ratio,PT_POP_SUB,Pourcentage de la population dans le même sous-groupe,_T,Total,Y20T64,De 20 à 64 ans,EMP,Employment,2003,,78.434,,A,Valeur normale,,,1,One
DATAFLOW,OECD.ELS.SAE:DSD_LFS@DF_LFS_INDIC(1.1),Emploi et chômage par groupe d'âge quinquennal et par sexe - indicateurs,I,POL,Pologne,EMP_RATIO,Employment to population ratio,PT_POP_SUB,Pourcentage de la population dans le même sous-groupe,_T,Total,Y20T64,De 20 à 64 ans,EMP,Employment,2003,,56.861,,A,Valeur normale,,,1,One
DATAFLOW,OECD.ELS.SAE:DSD_LFS@DF_LFS_INDIC(1.1),Emploi et chômage par groupe d'âge quinquennal et par sexe - indicateurs,I,PRT,Portugal,EMP_RATIO,Employment to population ratio,PT_POP_SUB,Pourcentage de la population dans le même sous-groupe,_T,Total,Y20T64,De 20 à 64 ans,EMP,Employment,2003,,72.817,,A,Valeur normale,,,1,One
DATAFLOW,OECD.ELS.SAE:DSD_LFS@DF_LFS_INDIC(1.1),Emploi et chômage par groupe d'âge quinquennal et par sexe - indicateurs,I,SVK,République slovaque,EMP_RATIO,Employment to population ratio,PT_POP_SUB,Pourcentage de la population dans le même sous-groupe,_T,Total,Y20T64,De 20 à 64 ans,EMP,Employment,2003,,64.818,,A,Valeur normale,,,1,One
DATAFLOW,OECD.ELS.SAE:DSD_LFS@DF_LFS_INDIC(1.1),Emploi et chômage par groupe d'âge quinquennal et par sexe - indicateurs,I,SVN,Slovénie,EMP_RATIO,Employment to population ratio,PT_POP_SUB,Pourcentage de la population dans le même sous-groupe,_T,Total,Y20T64,De 20 à 64 ans,EMP,Employment,2003,,68.102,,A,Valeur normale,,,1,One
DATAFLOW,OECD.ELS.SAE:DSD_LFS@DF_LFS_INDIC(1.1),Emploi et chômage par groupe d'âge quinquennal et par sexe - indicateurs,I,ESP,Espagne,EMP_RATIO,Employment to population ratio,PT_POP_SUB,Pourcentage de la population dans le même sous-groupe,_T,Total,Y20T64,De 20 à 64 ans,EMP,Employment,2003,,64.327,,A,Valeur normale,,,1,One
DATAFLOW,OECD.ELS.SAE:DSD_LFS@DF_LFS_INDIC(1.1),Emploi et chômage par groupe d'âge quinquennal et par sexe - indicateurs,I,SWE,Suède,EMP_RATIO,Employment to population ratio,PT_POP_SUB,Pourcentage de la population dans le même sous-groupe,_T,Total,Y20T64,De 20 à 64 ans,EMP,Employment,2003,,78.1,,A,Valeur normale,,,1,One
DATAFLOW,OECD.ELS.SAE:DSD_LFS@DF_LFS_INDIC(1.1),Emploi et chômage par groupe d'âge quinquennal et par sexe - indicateurs,I,CHE,Suisse,EMP_RATIO,Employment to population ratio,PT_POP_SUB,Pourcentage de la population dans le même sous-groupe,_T,Total,Y20T64,De 20 à 64 ans,EMP,Employment,2003,,80.224,,A,Valeur normale,,,1,One
DATAFLOW,OECD.ELS.SAE:DSD_LFS@DF_LFS_INDIC(1.1),Emploi et chômage par groupe d'âge quinquennal et par sexe - indicateurs,I,TUR,Türkiye,EMP_RATIO,Employment to population ratio,PT_POP_SUB,Pourcentage de la population dans le même sous-groupe,_T,Total,Y20T64,De 20 à 64 ans,EMP,Employment,2003,,49.158,,A,Valeur normale,,,1,One
DATAFLOW,OECD.ELS.SAE:DSD_LFS@DF_LFS_INDIC(1.1),Emploi et chômage par groupe d'âge quinquennal et par sexe - indicateurs,I,GBR,Royaume-Uni,EMP_RATIO,Employment to population ratio,PT_POP_SUB,Pourcentage de la population dans le même sous-groupe,_T,Total,Y20T64,De 20 à 64 ans,EMP,Employment,2003,,74.726,,A,Valeur normale,,,1,One
DATAFLOW,OECD.ELS.SAE:DSD_LFS@DF_LFS_INDIC(1.1),Emploi et chômage par groupe d'âge quinquennal et par sexe - indicateurs,I,USA,États-Unis,EMP_RATIO,Employment to population ratio,PT_POP_SUB,Pourcentage de la population dans le même sous-groupe,_T,Total,Y20T64,De 20 à 64 ans,EMP,Employment,2003,,74.469,,A,Valeur normale,,,1,One
DATAFLOW,OECD.ELS.SAE:DSD_LFS@DF_LFS_INDIC(1.1),Emploi et chômage par groupe d'âge quinquennal et par sexe - indicateurs,I,G7,G7,EMP_RATIO,Employment to population ratio,PT_POP_SUB,Pourcentage de la population dans le même sous-groupe,_T,Total,Y20T64,De 20 à 64 ans,EMP,Employment,2003,,71.899,,A,Valeur normale,,,1,One
DATAFLOW,OECD.ELS.SAE:DSD_LFS@DF_LFS_INDIC(1.1),Emploi et chômage par groupe d'âge quinquennal et par sexe - indicateurs,I,EU27,Union européenne (27 pays),EMP_RATIO,Employment to population ratio,PT_POP_SUB,Pourcentage de la population dans le même sous-groupe,_T,Total,Y20T64,De 20 à 64 ans,EMP,Employment,2003,,65.722,,A,Valeur normale,,,1,One
DATAFLOW,OECD.ELS.SAE:DSD_LFS@DF_LFS_INDIC(1.1),Emploi et chômage par groupe d'âge quinquennal et par sexe - indicateurs,I,EU19OECD,19 Membres de l'Union européenne et de l'OCDE,EMP_RATIO,Employment to population ratio,PT_POP_SUB,Pourcentage de la population dans le même sous-groupe,_T,Total,Y20T64,De 20 à 64 ans,EMP,Employment,2003,,66.681,,A,Valeur normale,,,1,One
DATAFLOW,OECD.ELS.SAE:DSD_LFS@DF_LFS_INDIC(1.1),Emploi et chômage par groupe d'âge quinquennal et par sexe - indicateurs,I,EU22OECD,22 Membres de l'Union européenne et de l'OCDE,EMP_RATIO,Employment to population ratio,PT_POP_SUB,Pourcentage de la population dans le même sous-groupe,_T,Total,Y20T64,De 20 à 64 ans,EMP,Employment,2003,,66.129,,A,Valeur normale,,,1,One
DATAFLOW,OECD.ELS.SAE:DSD_LFS@DF_LFS_INDIC(1.1),Emploi et chômage par groupe d'âge quinquennal et par sexe - indicateurs,I,OECD,OCDE,EMP_RATIO,Employment to population ratio,PT_POP_SUB,Pourcentage de la population dans le même sous-groupe,_T,Total,Y20T64,De 20 à 64 ans,EMP,Employment,2003,,68.787,,A,Valeur normale,,,1,One
DATAFLOW,OECD.ELS.SAE:DSD_LFS@DF_LFS_INDIC(1.1),Emploi et chômage par groupe d'âge quinquennal et par sexe - indicateurs,I,OECD_REP,Pays moyen de l'OCDE,EMP_RATIO,Employment to population ratio,PT_POP_SUB,Pourcentage de la population dans le même sous-groupe,_T,Total,Y20T64,De 20 à 64 ans,EMP,Employment,2003,,69.342,,A,Valeur normale,,,1,One
DATAFLOW,OECD.ELS.SAE:DSD_LFS@DF_LFS_INDIC(1.1),Emploi et chômage par groupe d'âge quinquennal et par sexe - indicateurs,I,BRA,Brésil,EMP_RATIO,Employment to population ratio,PT_POP_SUB,Pourcentage de la population dans le même sous-groupe,_T,Total,Y20T64,De 20 à 64 ans,EMP,Employment,2003,,69.781,,A,Valeur normale,,,1,One
DATAFLOW,OECD.ELS.SAE:DSD_LFS@DF_LFS_INDIC(1.1),Emploi et chômage par groupe d'âge quinquennal et par sexe - indicateurs,I,BGR,Bulgarie,EMP_RATIO,Employment to population ratio,PT_POP_SUB,Pourcentage de la population dans le même sous-groupe,_T,Total,Y20T64,De 20 à 64 ans,EMP,Employment,2003,,58.036,,A,Valeur normale,,,1,One
DATAFLOW,OECD.ELS.SAE:DSD_LFS@DF_LFS_INDIC(1.1),Emploi et chômage par groupe d'âge quinquennal et par sexe - indicateurs,I,HRV,Croatie,EMP_RATIO,Employment to population ratio,PT_POP_SUB,Pourcentage de la population dans le même sous-groupe,_T,Total,Y20T64,De 20 à 64 ans,EMP,Employment,2003,,58.322,,A,Valeur normale,,,1,One
DATAFLOW,OECD.ELS.SAE:DSD_LFS@DF_LFS_INDIC(1.1),Emploi et chômage par groupe d'âge quinquennal et par sexe - indicateurs,I,CYP,Chypre,EMP_RATIO,Employment to population ratio,PT_POP_SUB,Pourcentage de la population dans le même sous-groupe,_T,Total,Y20T64,De 20 à 64 ans,EMP,Employment,2003,,75.37,,A,Valeur normale,,,1,One
DATAFLOW,OECD.ELS.SAE:DSD_LFS@DF_LFS_INDIC(1.1),Emploi et chômage par groupe d'âge quinquennal et par sexe - indicateurs,I,IDN,Indonésie,EMP_RATIO,Employment to population ratio,PT_POP_SUB,Pourcentage de la population dans le même sous-groupe,_T,Total,Y20T64,De 20 à 64 ans,EMP,Employment,2003,,68.7,,A,Valeur normale,,,1,One
DATAFLOW,OECD.ELS.SAE:DSD_LFS@DF_LFS_INDIC(1.1),Emploi et chômage par groupe d'âge quinquennal et par sexe - indicateurs,I,MLT,Malte,EMP_RATIO,Employment to population ratio,PT_POP_SUB,Pourcentage de la population dans le même sous-groupe,_T,Total,Y20T64,De 20 à 64 ans,EMP,Employment,2003,,57.78,,A,Valeur normale,,,1,One
DATAFLOW,OECD.ELS.SAE:DSD_LFS@DF_LFS_INDIC(1.1),Emploi et chômage par groupe d'âge quinquennal et par sexe - indicateurs,I,ROU,Roumanie,EMP_RATIO,Employment to population ratio,PT_POP_SUB,Pourcentage de la population dans le même sous-groupe,_T,Total,Y20T64,De 20 à 64 ans,EMP,Employment,2003,,63.689,,A,Valeur normale,,,1,One
DATAFLOW,OECD.ELS.SAE:DSD_LFS@DF_LFS_INDIC(1.1),Emploi et chômage par groupe d'âge quinquennal et par sexe - indicateurs,I,RUS,Russie,EMP_RATIO,Employment to population ratio,PT_POP_SUB,Pourcentage de la population dans le même sous-groupe,_T,Total,Y20T64,De 20 à 64 ans,EMP,Employment,2003,,71.618,,A,Valeur normale,,,1,One
DATAFLOW,OECD.ELS.SAE:DSD_LFS@DF_LFS_INDIC(1.1),Emploi et chômage par groupe d'âge quinquennal et par sexe - indicateurs,I,ZAF,Afrique du Sud,EMP_RATIO,Employment to population ratio,PT_POP_SUB,Pourcentage de la population dans le même sous-groupe,_T,Total,Y20T64,De 20 à 64 ans,EMP,Employment,2003,,49.209,,A,Valeur normale,,,1,One
DATAFLOW,OECD.ELS.SAE:DSD_LFS@DF_LFS_INDIC(1.1),Emploi et chômage par groupe d'âge quinquennal et par sexe - indicateurs,I,AUS,Australie,EMP_RATIO,Employment to population ratio,PT_POP_SUB,Pourcentage de la population dans le même sous-groupe,_T,Total,Y20T64,De 20 à 64 ans,EMP,Employment,2004,,72.566,,A,Valeur normale,,,1,One
DATAFLOW,OECD.ELS.SAE:DSD_LFS@DF_LFS_INDIC(1.1),Emploi et chômage par groupe d'âge quinquennal et par sexe - indicateurs,I,AUT,Autriche,EMP_RATIO,Employment to population ratio,PT_POP_SUB,Pourcentage de la population dans le même sous-groupe,_T,Total,Y20T64,De 20 à 64 ans,EMP,Employment,2004,,69.547,,A,Valeur normale,,,1,One
DATAFLOW,OECD.ELS.SAE:DSD_LFS@DF_LFS_INDIC(1.1),Emploi et chômage par groupe d'âge quinquennal et par sexe - indicateurs,I,BEL,Belgique,EMP_RATIO,Employment to population ratio,PT_POP_SUB,Pourcentage de la population dans le même sous-groupe,_T,Total,Y20T64,De 20 à 64 ans,EMP,Employment,2004,,65.596,,A,Valeur normale,,,1,One
DATAFLOW,OECD.ELS.SAE:DSD_LFS@DF_LFS_INDIC(1.1),Emploi et chômage par groupe d'âge quinquennal et par sexe - indicateurs,I,CAN,Canada,EMP_RATIO,Employment to population ratio,PT_POP_SUB,Pourcentage de la population dans le même sous-groupe,_T,Total,Y20T64,De 20 à 64 ans,EMP,Employment,2004,,75.463,,A,Valeur normale,,,1,One
DATAFLOW,OECD.ELS.SAE:DSD_LFS@DF_LFS_INDIC(1.1),Emploi et chômage par groupe d'âge quinquennal et par sexe - indicateurs,I,CHL,Chili,EMP_RATIO,Employment to population ratio,PT_POP_SUB,Pourcentage de la population dans le même sous-groupe,_T,Total,Y20T64,De 20 à 64 ans,EMP,Employment,2004,,61.722,,A,Valeur normale,,,1,One
DATAFLOW,OECD.ELS.SAE:DSD_LFS@DF_LFS_INDIC(1.1),Emploi et chômage par groupe d'âge quinquennal et par sexe - indicateurs,I,COL,Colombie,EMP_RATIO,Employment to population ratio,PT_POP_SUB,Pourcentage de la population dans le même sous-groupe,_T,Total,Y20T64,De 20 à 64 ans,EMP,Employment,2004,,66.494,,A,Valeur normale,,,1,One
DATAFLOW,OECD.ELS.SAE:DSD_LFS@DF_LFS_INDIC(1.1),Emploi et chômage par groupe d'âge quinquennal et par sexe - indicateurs,I,CRI,Costa Rica,EMP_RATIO,Employment to population ratio,PT_POP_SUB,Pourcentage de la population dans le même sous-groupe,_T,Total,Y20T64,De 20 à 64 ans,EMP,Employment,2004,,66.742,,A,Valeur normale,,,1,One
DATAFLOW,OECD.ELS.SAE:DSD_LFS@DF_LFS_INDIC(1.1),Emploi et chômage par groupe d'âge quinquennal et par sexe - indicateurs,I,CZE,Tchéquie,EMP_RATIO,Employment to population ratio,PT_POP_SUB,Pourcentage de la population dans le même sous-groupe,_T,Total,Y20T64,De 20 à 64 ans,EMP,Employment,2004,,70.172,,A,Valeur normale,,,1,One
DATAFLOW,OECD.ELS.SAE:DSD_LFS@DF_LFS_INDIC(1.1),Emploi et chômage par groupe d'âge quinquennal et par sexe - indicateurs,I,DNK,Danemark,EMP_RATIO,Employment to population ratio,PT_POP_SUB,Pourcentage de la population dans le même sous-groupe,_T,Total,Y20T64,De 20 à 64 ans,EMP,Employment,2004,,77.68,,A,Valeur normale,,,1,One
DATAFLOW,OECD.ELS.SAE:DSD_LFS@DF_LFS_INDIC(1.1),Emploi et chômage par groupe d'âge quinquennal et par sexe - indicateurs,I,EST,Estonie,EMP_RATIO,Employment to population ratio,PT_POP_SUB,Pourcentage de la population dans le même sous-groupe,_T,Total,Y20T64,De 20 à 64 ans,EMP,Employment,2004,,69.709,,A,Valeur normale,,,1,One
DATAFLOW,OECD.ELS.SAE:DSD_LFS@DF_LFS_INDIC(1.1),Emploi et chômage par groupe d'âge quinquennal et par sexe - indicateurs,I,FIN,Finlande,EMP_RATIO,Employment to population ratio,PT_POP_SUB,Pourcentage de la population dans le même sous-groupe,_T,Total,Y20T64,De 20 à 64 ans,EMP,Employment,2004,,72.234,,A,Valeur normale,,,1,One
DATAFLOW,OECD.ELS.SAE:DSD_LFS@DF_LFS_INDIC(1.1),Emploi et chômage par groupe d'âge quinquennal et par sexe - indicateurs,I,FRA,France,EMP_RATIO,Employment to population ratio,PT_POP_SUB,Pourcentage de la population dans le même sous-groupe,_T,Total,Y20T64,De 20 à 64 ans,EMP,Employment,2004,,69.073,,A,Valeur normale,,,1,One
DATAFLOW,OECD.ELS.SAE:DSD_LFS@DF_LFS_INDIC(1.1),Emploi et chômage par groupe d'âge quinquennal et par sexe - indicateurs,I,DEU,Allemagne,EMP_RATIO,Employment to population ratio,PT_POP_SUB,Pourcentage de la population dans le même sous-groupe,_T,Total,Y20T64,De 20 à 64 ans,EMP,Employment,2004,,68.764,,A,Valeur normale,,,1,One
DATAFLOW,OECD.ELS.SAE:DSD_LFS@DF_LFS_INDIC(1.1),Emploi et chômage par groupe d'âge quinquennal et par sexe - indicateurs,I,GRC,Grèce,EMP_RATIO,Employment to population ratio,PT_POP_SUB,Pourcentage de la population dans le même sous-groupe,_T,Total,Y20T64,De 20 à 64 ans,EMP,Employment,2004,,63.936,,A,Valeur normale,,,1,One
DATAFLOW,OECD.ELS.SAE:DSD_LFS@DF_LFS_INDIC(1.1),Emploi et chômage par groupe d'âge quinquennal et par sexe - indicateurs,I,HUN,Hongrie,EMP_RATIO,Employment to population ratio,PT_POP_SUB,Pourcentage de la population dans le même sous-groupe,_T,Total,Y20T64,De 20 à 64 ans,EMP,Employment,2004,,62.077,,A,Valeur normale,,,1,One
DATAFLOW,OECD.ELS.SAE:DSD_LFS@DF_LFS_INDIC(1.1),Emploi et chômage par groupe d'âge quinquennal et par sexe - indicateurs,I,ISL,Islande,EMP_RATIO,Employment to population ratio,PT_POP_SUB,Pourcentage de la population dans le même sous-groupe,_T,Total,Y20T64,De 20 à 64 ans,EMP,Employment,2004,,83.537,,A,Valeur normale,,,1,One
DATAFLOW,OECD.ELS.SAE:DSD_LFS@DF_LFS_INDIC(1.1),Emploi et chômage par groupe d'âge quinquennal et par sexe - indicateurs,I,IRL,Irlande,EMP_RATIO,Employment to population ratio,PT_POP_SUB,Pourcentage de la population dans le même sous-groupe,_T,Total,Y20T64,De 20 à 64 ans,EMP,Employment,2004,,72.768,,A,Valeur normale,,,1,One
DATAFLOW,OECD.ELS.SAE:DSD_LFS@DF_LFS_INDIC(1.1),Emploi et chômage par groupe d'âge quinquennal et par sexe - indicateurs,I,ISR,Israël,EMP_RATIO,Employment to population ratio,PT_POP_SUB,Pourcentage de la population dans le même sous-groupe,_T,Total,Y20T64,De 20 à 64 ans,EMP,Employment,2004,,66.314,,A,Valeur normale,,,1,One
DATAFLOW,OECD.ELS.SAE:DSD_LFS@DF_LFS_INDIC(1.1),Emploi et chômage par groupe d'âge quinquennal et par sexe - indicateurs,I,ITA,Italie,EMP_RATIO,Employment to population ratio,PT_POP_SUB,Pourcentage de la population dans le même sous-groupe,_T,Total,Y20T64,De 20 à 64 ans,EMP,Employment,2004,,61.431,,A,Valeur normale,,,1,One
DATAFLOW,OECD.ELS.SAE:DSD_LFS@DF_LFS_INDIC(1.1),Emploi et chômage par groupe d'âge quinquennal et par sexe - indicateurs,I,JPN,Japon,EMP_RATIO,Employment to population ratio,PT_POP_SUB,Pourcentage de la population dans le même sous-groupe,_T,Total,Y20T64,De 20 à 64 ans,EMP,Employment,2004,,73.43,,A,Valeur normale,,,1,One
DATAFLOW,OECD.ELS.SAE:DSD_LFS@DF_LFS_INDIC(1.1),Emploi et chômage par groupe d'âge quinquennal et par sexe - indicateurs,I,KOR,Corée,EMP_RATIO,Employment to population ratio,PT_POP_SUB,Pourcentage de la population dans le même sous-groupe,_T,Total,Y20T64,De 20 à 64 ans,EMP,Employment,2004,,69.295,,A,Valeur normale,,,1,One
DATAFLOW,OECD.ELS.SAE:DSD_LFS@DF_LFS_INDIC(1.1),Emploi et chômage par groupe d'âge quinquennal et par sexe - indicateurs,I,LVA,Lettonie,EMP_RATIO,Employment to population ratio,PT_POP_SUB,Pourcentage de la population dans le même sous-groupe,_T,Total,Y20T64,De 20 à 64 ans,EMP,Employment,2004,,67.938,,A,Valeur normale,,,1,One
DATAFLOW,OECD.ELS.SAE:DSD_LFS@DF_LFS_INDIC(1.1),Emploi et chômage par groupe d'âge quinquennal et par sexe - indicateurs,I,LTU,Lituanie,EMP_RATIO,Employment to population ratio,PT_POP_SUB,Pourcentage de la population dans le même sous-groupe,_T,Total,Y20T64,De 20 à 64 ans,EMP,Employment,2004,,69.331,,A,Valeur normale,,,1,One
DATAFLOW,OECD.ELS.SAE:DSD_LFS@DF_LFS_INDIC(1.1),Emploi et chômage par groupe d'âge quinquennal et par sexe - indicateurs,I,LUX,Luxembourg,EMP_RATIO,Employment to population ratio,PT_POP_SUB,Pourcentage de la population dans le même sous-groupe,_T,Total,Y20T64,De 20 à 64 ans,EMP,Employment,2004,,67.689,,A,Valeur normale,,,1,One
DATAFLOW,OECD.ELS.SAE:DSD_LFS@DF_LFS_INDIC(1.1),Emploi et chômage par groupe d'âge quinquennal et par sexe - indicateurs,I,MEX,Mexique,EMP_RATIO,Employment to population ratio,PT_POP_SUB,Pourcentage de la population dans le même sous-groupe,_T,Total,Y20T64,De 20 à 64 ans,EMP,Employment,2004,,64.834,,A,Valeur normale,,,1,One
DATAFLOW,OECD.ELS.SAE:DSD_LFS@DF_LFS_INDIC(1.1),Emploi et chômage par groupe d'âge quinquennal et par sexe - indicateurs,I,NLD,Pays-Bas,EMP_RATIO,Employment to population ratio,PT_POP_SUB,Pourcentage de la population dans le même sous-groupe,_T,Total,Y20T64,De 20 à 64 ans,EMP,Employment,2004,,72.505,,A,Valeur normale,,,1,One
DATAFLOW,OECD.ELS.SAE:DSD_LFS@DF_LFS_INDIC(1.1),Emploi et chômage par groupe d'âge quinquennal et par sexe - indicateurs,I,NZL,Nouvelle-Zélande,EMP_RATIO,Employment to population ratio,PT_POP_SUB,Pourcentage de la population dans le même sous-groupe,_T,Total,Y20T64,De 20 à 64 ans,EMP,Employment,2004,,76.647,,A,Valeur normale,,,1,One
DATAFLOW,OECD.ELS.SAE:DSD_LFS@DF_LFS_INDIC(1.1),Emploi et chômage par groupe d'âge quinquennal et par sexe - indicateurs,I,NOR,Norvège,EMP_RATIO,Employment to population ratio,PT_POP_SUB,Pourcentage de la population dans le même sous-groupe,_T,Total,Y20T64,De 20 à 64 ans,EMP,Employment,2004,,78.184,,A,Valeur normale,,,1,One
DATAFLOW,OECD.ELS.SAE:DSD_LFS@DF_LFS_INDIC(1.1),Emploi et chômage par groupe d'âge quinquennal et par sexe - indicateurs,I,POL,Pologne,EMP_RATIO,Employment to population ratio,PT_POP_SUB,Pourcentage de la population dans le même sous-groupe,_T,Total,Y20T64,De 20 à 64 ans,EMP,Employment,2004,,57.077,,A,Valeur normale,,,1,One
DATAFLOW,OECD.ELS.SAE:DSD_LFS@DF_LFS_INDIC(1.1),Emploi et chômage par groupe d'âge quinquennal et par sexe - indicateurs,I,PRT,Portugal,EMP_RATIO,Employment to population ratio,PT_POP_SUB,Pourcentage de la population dans le même sous-groupe,_T,Total,Y20T64,De 20 à 64 ans,EMP,Employment,2004,,72.423,,A,Valeur normale,,,1,One
DATAFLOW,OECD.ELS.SAE:DSD_LFS@DF_LFS_INDIC(1.1),Emploi et chômage par groupe d'âge quinquennal et par sexe - indicateurs,I,SVK,République slovaque,EMP_RATIO,Employment to population ratio,PT_POP_SUB,Pourcentage de la population dans le même sous-groupe,_T,Total,Y20T64,De 20 à 64 ans,EMP,Employment,2004,,63.741,,A,Valeur normale,,,1,One
DATAFLOW,OECD.ELS.SAE:DSD_LFS@DF_LFS_INDIC(1.1),Emploi et chômage par groupe d'âge quinquennal et par sexe - indicateurs,I,SVN,Slovénie,EMP_RATIO,Employment to population ratio,PT_POP_SUB,Pourcentage de la population dans le même sous-groupe,_T,Total,Y20T64,De 20 à 64 ans,EMP,Employment,2004,,70.42,,A,Valeur normale,,,1,One
DATAFLOW,OECD.ELS.SAE:DSD_LFS@DF_LFS_INDIC(1.1),Emploi et chômage par groupe d'âge quinquennal et par sexe - indicateurs,I,ESP,Espagne,EMP_RATIO,Employment to population ratio,PT_POP_SUB,Pourcentage de la population dans le même sous-groupe,_T,Total,Y20T64,De 20 à 64 ans,EMP,Employment,2004,,65.392,,A,Valeur normale,,,1,One
DATAFLOW,OECD.ELS.SAE:DSD_LFS@DF_LFS_INDIC(1.1),Emploi et chômage par groupe d'âge quinquennal et par sexe - indicateurs,I,SWE,Suède,EMP_RATIO,Employment to population ratio,PT_POP_SUB,Pourcentage de la population dans le même sous-groupe,_T,Total,Y20T64,De 20 à 64 ans,EMP,Employment,2004,,77.608,,A,Valeur normale,,,1,One
DATAFLOW,OECD.ELS.SAE:DSD_LFS@DF_LFS_INDIC(1.1),Emploi et chômage par groupe d'âge quinquennal et par sexe - indicateurs,I,CHE,Suisse,EMP_RATIO,Employment to population ratio,PT_POP_SUB,Pourcentage de la population dans le même sous-groupe,_T,Total,Y20T64,De 20 à 64 ans,EMP,Employment,2004,,79.983,,A,Valeur normale,,,1,One
DATAFLOW,OECD.ELS.SAE:DSD_LFS@DF_LFS_INDIC(1.1),Emploi et chômage par groupe d'âge quinquennal et par sexe - indicateurs,I,TUR,Türkiye,EMP_RATIO,Employment to population ratio,PT_POP_SUB,Pourcentage de la population dans le même sous-groupe,_T,Total,Y20T64,De 20 à 64 ans,EMP,Employment,2004,,47.906,,A,Valeur normale,,,1,One
DATAFLOW,OECD.ELS.SAE:DSD_LFS@DF_LFS_INDIC(1.1),Emploi et chômage par groupe d'âge quinquennal et par sexe - indicateurs,I,GBR,Royaume-Uni,EMP_RATIO,Employment to population ratio,PT_POP_SUB,Pourcentage de la population dans le même sous-groupe,_T,Total,Y20T64,De 20 à 64 ans,EMP,Employment,2004,,74.565,,A,Valeur normale,,,1,One
DATAFLOW,OECD.ELS.SAE:DSD_LFS@DF_LFS_INDIC(1.1),Emploi et chômage par groupe d'âge quinquennal et par sexe - indicateurs,I,USA,États-Unis,EMP_RATIO,Employment to population ratio,PT_POP_SUB,Pourcentage de la population dans le même sous-groupe,_T,Total,Y20T64,De 20 à 64 ans,EMP,Employment,2004,,74.496,,A,Valeur normale,,,1,One
DATAFLOW,OECD.ELS.SAE:DSD_LFS@DF_LFS_INDIC(1.1),Emploi et chômage par groupe d'âge quinquennal et par sexe - indicateurs,I,G7,G7,EMP_RATIO,Employment to population ratio,PT_POP_SUB,Pourcentage de la population dans le même sous-groupe,_T,Total,Y20T64,De 20 à 64 ans,EMP,Employment,2004,,72.141,,A,Valeur normale,,,1,One
DATAFLOW,OECD.ELS.SAE:DSD_LFS@DF_LFS_INDIC(1.1),Emploi et chômage par groupe d'âge quinquennal et par sexe - indicateurs,I,EU27,Union européenne (27 pays),EMP_RATIO,Employment to population ratio,PT_POP_SUB,Pourcentage de la population dans le même sous-groupe,_T,Total,Y20T64,De 20 à 64 ans,EMP,Employment,2004,,66.103,,A,Valeur normale,,,1,One
DATAFLOW,OECD.ELS.SAE:DSD_LFS@DF_LFS_INDIC(1.1),Emploi et chômage par groupe d'âge quinquennal et par sexe - indicateurs,I,EU19OECD,19 Membres de l'Union européenne et de l'OCDE,EMP_RATIO,Employment to population ratio,PT_POP_SUB,Pourcentage de la population dans le même sous-groupe,_T,Total,Y20T64,De 20 à 64 ans,EMP,Employment,2004,,67.145,,A,Valeur normale,,,1,One
DATAFLOW,OECD.ELS.SAE:DSD_LFS@DF_LFS_INDIC(1.1),Emploi et chômage par groupe d'âge quinquennal et par sexe - indicateurs,I,EU22OECD,22 Membres de l'Union européenne et de l'OCDE,EMP_RATIO,Employment to population ratio,PT_POP_SUB,Pourcentage de la population dans le même sous-groupe,_T,Total,Y20T64,De 20 à 64 ans,EMP,Employment,2004,,66.489,,A,Valeur normale,,,1,One
DATAFLOW,OECD.ELS.SAE:DSD_LFS@DF_LFS_INDIC(1.1),Emploi et chômage par groupe d'âge quinquennal et par sexe - indicateurs,I,OECD,OCDE,EMP_RATIO,Employment to population ratio,PT_POP_SUB,Pourcentage de la population dans le même sous-groupe,_T,Total,Y20T64,De 20 à 64 ans,EMP,Employment,2004,,69.031,,A,Valeur normale,,,1,One
DATAFLOW,OECD.ELS.SAE:DSD_LFS@DF_LFS_INDIC(1.1),Emploi et chômage par groupe d'âge quinquennal et par sexe - indicateurs,I,OECD_REP,Pays moyen de l'OCDE,EMP_RATIO,Employment to population ratio,PT_POP_SUB,Pourcentage de la population dans le même sous-groupe,_T,Total,Y20T64,De 20 à 64 ans,EMP,Employment,2004,,69.455,,A,Valeur normale,,,1,One
DATAFLOW,OECD.ELS.SAE:DSD_LFS@DF_LFS_INDIC(1.1),Emploi et chômage par groupe d'âge quinquennal et par sexe - indicateurs,I,BRA,Brésil,EMP_RATIO,Employment to population ratio,PT_POP_SUB,Pourcentage de la population dans le même sous-groupe,_T,Total,Y20T64,De 20 à 64 ans,EMP,Employment,2004,,71.119,,A,Valeur normale,,,1,One
DATAFLOW,OECD.ELS.SAE:DSD_LFS@DF_LFS_INDIC(1.1),Emploi et chômage par groupe d'âge quinquennal et par sexe - indicateurs,I,BGR,Bulgarie,EMP_RATIO,Employment to population ratio,PT_POP_SUB,Pourcentage de la population dans le même sous-groupe,_T,Total,Y20T64,De 20 à 64 ans,EMP,Employment,2004,,60.132,,A,Valeur normale,,,1,One
DATAFLOW,OECD.ELS.SAE:DSD_LFS@DF_LFS_INDIC(1.1),Emploi et chômage par groupe d'âge quinquennal et par sexe - indicateurs,I,HRV,Croatie,EMP_RATIO,Employment to population ratio,PT_POP_SUB,Pourcentage de la population dans le même sous-groupe,_T,Total,Y20T64,De 20 à 64 ans,EMP,Employment,2004,,59.571,,A,Valeur normale,,,1,One
DATAFLOW,OECD.ELS.SAE:DSD_LFS@DF_LFS_INDIC(1.1),Emploi et chômage par groupe d'âge quinquennal et par sexe - indicateurs,I,CYP,Chypre,EMP_RATIO,Employment to population ratio,PT_POP_SUB,Pourcentage de la population dans le même sous-groupe,_T,Total,Y20T64,De 20 à 64 ans,EMP,Employment,2004,,75.201,,A,Valeur normale,,,1,One
DATAFLOW,OECD.ELS.SAE:DSD_LFS@DF_LFS_INDIC(1.1),Emploi et chômage par groupe d'âge quinquennal et par sexe - indicateurs,I,MLT,Malte,EMP_RATIO,Employment to population ratio,PT_POP_SUB,Pourcentage de la population dans le même sous-groupe,_T,Total,Y20T64,De 20 à 64 ans,EMP,Employment,2004,,57.871,,A,Valeur normale,,,1,One
DATAFLOW,OECD.ELS.SAE:DSD_LFS@DF_LFS_INDIC(1.1),Emploi et chômage par groupe d'âge quinquennal et par sexe - indicateurs,I,ROU,Roumanie,EMP_RATIO,Employment to population ratio,PT_POP_SUB,Pourcentage de la population dans le même sous-groupe,_T,Total,Y20T64,De 20 à 64 ans,EMP,Employment,2004,,63.511,,A,Valeur normale,,,1,One
DATAFLOW,OECD.ELS.SAE:DSD_LFS@DF_LFS_INDIC(1.1),Emploi et chômage par groupe d'âge quinquennal et par sexe - indicateurs,I,RUS,Russie,EMP_RATIO,Employment to population ratio,PT_POP_SUB,Pourcentage de la population dans le même sous-groupe,_T,Total,Y20T64,De 20 à 64 ans,EMP,Employment,2004,,73.077,,A,Valeur normale,,,1,One
DATAFLOW,OECD.ELS.SAE:DSD_LFS@DF_LFS_INDIC(1.1),Emploi et chômage par groupe d'âge quinquennal et par sexe - indicateurs,I,ZAF,Afrique du Sud,EMP_RATIO,Employment to population ratio,PT_POP_SUB,Pourcentage de la population dans le même sous-groupe,_T,Total,Y20T64,De 20 à 64 ans,EMP,Employment,2004,,49.31,,A,Valeur normale,,,1,One
DATAFLOW,OECD.ELS.SAE:DSD_LFS@DF_LFS_INDIC(1.1),Emploi et chômage par groupe d'âge quinquennal et par sexe - indicateurs,I,AUS,Australie,EMP_RATIO,Employment to population ratio,PT_POP_SUB,Pourcentage de la population dans le même sous-groupe,_T,Total,Y20T64,De 20 à 64 ans,EMP,Employment,2001,,71.274,,A,Valeur normale,,,1,One
DATAFLOW,OECD.ELS.SAE:DSD_LFS@DF_LFS_INDIC(1.1),Emploi et chômage par groupe d'âge quinquennal et par sexe - indicateurs,I,AUT,Autriche,EMP_RATIO,Employment to population ratio,PT_POP_SUB,Pourcentage de la population dans le même sous-groupe,_T,Total,Y20T64,De 20 à 64 ans,EMP,Employment,2001,,71.188,,A,Valeur normale,,,1,One
DATAFLOW,OECD.ELS.SAE:DSD_LFS@DF_LFS_INDIC(1.1),Emploi et chômage par groupe d'âge quinquennal et par sexe - indicateurs,I,BEL,Belgique,EMP_RATIO,Employment to population ratio,PT_POP_SUB,Pourcentage de la population dans le même sous-groupe,_T,Total,Y20T64,De 20 à 64 ans,EMP,Employment,2001,,64.989,,A,Valeur normale,,,1,One
DATAFLOW,OECD.ELS.SAE:DSD_LFS@DF_LFS_INDIC(1.1),Emploi et chômage par groupe d'âge quinquennal et par sexe - indicateurs,I,CAN,Canada,EMP_RATIO,Employment to population ratio,PT_POP_SUB,Pourcentage de la population dans le même sous-groupe,_T,Total,Y20T64,De 20 à 64 ans,EMP,Employment,2001,,73.791,,A,Valeur normale,,,1,One
DATAFLOW,OECD.ELS.SAE:DSD_LFS@DF_LFS_INDIC(1.1),Emploi et chômage par groupe d'âge quinquennal et par sexe - indicateurs,I,CHL,Chili,EMP_RATIO,Employment to population ratio,PT_POP_SUB,Pourcentage de la population dans le même sous-groupe,_T,Total,Y20T64,De 20 à 64 ans,EMP,Employment,2001,,60.368,,A,Valeur normale,,,1,One
DATAFLOW,OECD.ELS.SAE:DSD_LFS@DF_LFS_INDIC(1.1),Emploi et chômage par groupe d'âge quinquennal et par sexe - indicateurs,I,COL,Colombie,EMP_RATIO,Employment to population ratio,PT_POP_SUB,Pourcentage de la population dans le même sous-groupe,_T,Total,Y20T64,De 20 à 64 ans,EMP,Employment,2001,,65.984,,A,Valeur normale,,,1,One
DATAFLOW,OECD.ELS.SAE:DSD_LFS@DF_LFS_INDIC(1.1),Emploi et chômage par groupe d'âge quinquennal et par sexe - indicateurs,I,CRI,Costa Rica,EMP_RATIO,Employment to population ratio,PT_POP_SUB,Pourcentage de la population dans le même sous-groupe,_T,Total,Y20T64,De 20 à 64 ans,EMP,Employment,2001,,67.577,,A,Valeur normale,,,1,One
DATAFLOW,OECD.ELS.SAE:DSD_LFS@DF_LFS_INDIC(1.1),Emploi et chômage par groupe d'âge quinquennal et par sexe - indicateurs,I,CZE,Tchéquie,EMP_RATIO,Employment to population ratio,PT_POP_SUB,Pourcentage de la population dans le même sous-groupe,_T,Total,Y20T64,De 20 à 64 ans,EMP,Employment,2001,,71.329,,A,Valeur normale,,,1,One
DATAFLOW,OECD.ELS.SAE:DSD_LFS@DF_LFS_INDIC(1.1),Emploi et chômage par groupe d'âge quinquennal et par sexe - indicateurs,I,DNK,Danemark,EMP_RATIO,Employment to population ratio,PT_POP_SUB,Pourcentage de la population dans le même sous-groupe,_T,Total,Y20T64,De 20 à 64 ans,EMP,Employment,2001,,78.364,,A,Valeur normale,,,1,One
DATAFLOW,OECD.ELS.SAE:DSD_LFS@DF_LFS_INDIC(1.1),Emploi et chômage par groupe d'âge quinquennal et par sexe - indicateurs,I,EST,Estonie,EMP_RATIO,Employment to population ratio,PT_POP_SUB,Pourcentage de la population dans le même sous-groupe,_T,Total,Y20T64,De 20 à 64 ans,EMP,Employment,2001,,67.413,,A,Valeur normale,,,1,One
DATAFLOW,OECD.ELS.SAE:DSD_LFS@DF_LFS_INDIC(1.1),Emploi et chômage par groupe d'âge quinquennal et par sexe - indicateurs,I,FIN,Finlande,EMP_RATIO,Employment to population ratio,PT_POP_SUB,Pourcentage de la population dans le même sous-groupe,_T,Total,Y20T64,De 20 à 64 ans,EMP,Employment,2001,,72.707,,A,Valeur normale,,,1,One
DATAFLOW,OECD.ELS.SAE:DSD_LFS@DF_LFS_INDIC(1.1),Emploi et chômage par groupe d'âge quinquennal et par sexe - indicateurs,I,FRA,France,EMP_RATIO,Employment to population ratio,PT_POP_SUB,Pourcentage de la population dans le même sous-groupe,_T,Total,Y20T64,De 20 à 64 ans,EMP,Employment,2001,,69.201,,A,Valeur normale,,,1,One
DATAFLOW,OECD.ELS.SAE:DSD_LFS@DF_LFS_INDIC(1.1),Emploi et chômage par groupe d'âge quinquennal et par sexe - indicateurs,I,DEU,Allemagne,EMP_RATIO,Employment to population ratio,PT_POP_SUB,Pourcentage de la population dans le même sous-groupe,_T,Total,Y20T64,De 20 à 64 ans,EMP,Employment,2001,,69.079,,A,Valeur normale,,,1,One
DATAFLOW,OECD.ELS.SAE:DSD_LFS@DF_LFS_INDIC(1.1),Emploi et chômage par groupe d'âge quinquennal et par sexe - indicateurs,I,GRC,Grèce,EMP_RATIO,Employment to population ratio,PT_POP_SUB,Pourcentage de la population dans le même sous-groupe,_T,Total,Y20T64,De 20 à 64 ans,EMP,Employment,2001,,61.534,,A,Valeur normale,,,1,One
DATAFLOW,OECD.ELS.SAE:DSD_LFS@DF_LFS_INDIC(1.1),Emploi et chômage par groupe d'âge quinquennal et par sexe - indicateurs,I,HUN,Hongrie,EMP_RATIO,Employment to population ratio,PT_POP_SUB,Pourcentage de la population dans le même sous-groupe,_T,Total,Y20T64,De 20 à 64 ans,EMP,Employment,2001,,61.295,,A,Valeur normale,,,1,One
DATAFLOW,OECD.ELS.SAE:DSD_LFS@DF_LFS_INDIC(1.1),Emploi et chômage par groupe d'âge quinquennal et par sexe - indicateurs,I,ISL,Islande,EMP_RATIO,Employment to population ratio,PT_POP_SUB,Pourcentage de la population dans le même sous-groupe,_T,Total,Y20T64,De 20 à 64 ans,EMP,Employment,2001,,88.338,,A,Valeur normale,,,1,One
DATAFLOW,OECD.ELS.SAE:DSD_LFS@DF_LFS_INDIC(1.1),Emploi et chômage par groupe d'âge quinquennal et par sexe - indicateurs,I,IRL,Irlande,EMP_RATIO,Employment to population ratio,PT_POP_SUB,Pourcentage de la population dans le même sous-groupe,_T,Total,Y20T64,De 20 à 64 ans,EMP,Employment,2001,,72.487,,A,Valeur normale,,,1,One
DATAFLOW,OECD.ELS.SAE:DSD_LFS@DF_LFS_INDIC(1.1),Emploi et chômage par groupe d'âge quinquennal et par sexe - indicateurs,I,ISR,Israël,EMP_RATIO,Employment to population ratio,PT_POP_SUB,Pourcentage de la population dans le même sous-groupe,_T,Total,Y20T64,De 20 à 64 ans,EMP,Employment,2001,,66.588,,A,Valeur normale,,,1,One
DATAFLOW,OECD.ELS.SAE:DSD_LFS@DF_LFS_INDIC(1.1),Emploi et chômage par groupe d'âge quinquennal et par sexe - indicateurs,I,ITA,Italie,EMP_RATIO,Employment to population ratio,PT_POP_SUB,Pourcentage de la population dans le même sous-groupe,_T,Total,Y20T64,De 20 à 64 ans,EMP,Employment,2001,,58.627,,A,Valeur normale,,,1,One
DATAFLOW,OECD.ELS.SAE:DSD_LFS@DF_LFS_INDIC(1.1),Emploi et chômage par groupe d'âge quinquennal et par sexe - indicateurs,I,JPN,Japon,EMP_RATIO,Employment to population ratio,PT_POP_SUB,Pourcentage de la population dans le même sous-groupe,_T,Total,Y20T64,De 20 à 64 ans,EMP,Employment,2001,,73.776,,A,Valeur normale,,,1,One
DATAFLOW,OECD.ELS.SAE:DSD_LFS@DF_LFS_INDIC(1.1),Emploi et chômage par groupe d'âge quinquennal et par sexe - indicateurs,I,KOR,Corée,EMP_RATIO,Employment to population ratio,PT_POP_SUB,Pourcentage de la population dans le même sous-groupe,_T,Total,Y20T64,De 20 à 64 ans,EMP,Employment,2001,,68.491,,A,Valeur normale,,,1,One
DATAFLOW,OECD.ELS.SAE:DSD_LFS@DF_LFS_INDIC(1.1),Emploi et chômage par groupe d'âge quinquennal et par sexe - indicateurs,I,LVA,Lettonie,EMP_RATIO,Employment to population ratio,PT_POP_SUB,Pourcentage de la population dans le même sous-groupe,_T,Total,Y20T64,De 20 à 64 ans,EMP,Employment,2001,,64.69,,A,Valeur normale,,,1,One
DATAFLOW,OECD.ELS.SAE:DSD_LFS@DF_LFS_INDIC(1.1),Emploi et chômage par groupe d'âge quinquennal et par sexe - indicateurs,I,LTU,Lituanie,EMP_RATIO,Employment to population ratio,PT_POP_SUB,Pourcentage de la population dans le même sous-groupe,_T,Total,Y20T64,De 20 à 64 ans,EMP,Employment,2001,,64.037,,A,Valeur normale,,,1,One
DATAFLOW,OECD.ELS.SAE:DSD_LFS@DF_LFS_INDIC(1.1),Emploi et chômage par groupe d'âge quinquennal et par sexe - indicateurs,I,LUX,Luxembourg,EMP_RATIO,Employment to population ratio,PT_POP_SUB,Pourcentage de la population dans le même sous-groupe,_T,Total,Y20T64,De 20 à 64 ans,EMP,Employment,2001,,67.553,,A,Valeur normale,,,1,One
DATAFLOW,OECD.ELS.SAE:DSD_LFS@DF_LFS_INDIC(1.1),Emploi et chômage par groupe d'âge quinquennal et par sexe - indicateurs,I,MEX,Mexique,EMP_RATIO,Employment to population ratio,PT_POP_SUB,Pourcentage de la population dans le même sous-groupe,_T,Total,Y20T64,De 20 à 64 ans,EMP,Employment,2001,,63.744,,A,Valeur normale,,,1,One
DATAFLOW,OECD.ELS.SAE:DSD_LFS@DF_LFS_INDIC(1.1),Emploi et chômage par groupe d'âge quinquennal et par sexe - indicateurs,I,NLD,Pays-Bas,EMP_RATIO,Employment to population ratio,PT_POP_SUB,Pourcentage de la population dans le même sous-groupe,_T,Total,Y20T64,De 20 à 64 ans,EMP,Employment,2001,,73.683,,A,Valeur normale,,,1,One
DATAFLOW,OECD.ELS.SAE:DSD_LFS@DF_LFS_INDIC(1.1),Emploi et chômage par groupe d'âge quinquennal et par sexe - indicateurs,I,NZL,Nouvelle-Zélande,EMP_RATIO,Employment to population ratio,PT_POP_SUB,Pourcentage de la population dans le même sous-groupe,_T,Total,Y20T64,De 20 à 64 ans,EMP,Employment,2001,,74.66,,A,Valeur normale,,,1,One
DATAFLOW,OECD.ELS.SAE:DSD_LFS@DF_LFS_INDIC(1.1),Emploi et chômage par groupe d'âge quinquennal et par sexe - indicateurs,I,NOR,Norvège,EMP_RATIO,Employment to population ratio,PT_POP_SUB,Pourcentage de la population dans le même sous-groupe,_T,Total,Y20T64,De 20 à 64 ans,EMP,Employment,2001,,80.143,,A,Valeur normale,,,1,One
DATAFLOW,OECD.ELS.SAE:DSD_LFS@DF_LFS_INDIC(1.1),Emploi et chômage par groupe d'âge quinquennal et par sexe - indicateurs,I,POL,Pologne,EMP_RATIO,Employment to population ratio,PT_POP_SUB,Pourcentage de la population dans le même sous-groupe,_T,Total,Y20T64,De 20 à 64 ans,EMP,Employment,2001,,59.233,,A,Valeur normale,,,1,One
DATAFLOW,OECD.ELS.SAE:DSD_LFS@DF_LFS_INDIC(1.1),Emploi et chômage par groupe d'âge quinquennal et par sexe - indicateurs,I,PRT,Portugal,EMP_RATIO,Employment to population ratio,PT_POP_SUB,Pourcentage de la population dans le même sous-groupe,_T,Total,Y20T64,De 20 à 64 ans,EMP,Employment,2001,,73.876,,A,Valeur normale,,,1,One
DATAFLOW,OECD.ELS.SAE:DSD_LFS@DF_LFS_INDIC(1.1),Emploi et chômage par groupe d'âge quinquennal et par sexe - indicateurs,I,SVK,République slovaque,EMP_RATIO,Employment to population ratio,PT_POP_SUB,Pourcentage de la population dans le même sous-groupe,_T,Total,Y20T64,De 20 à 64 ans,EMP,Employment,2001,,63.561,,A,Valeur normale,,,1,One
DATAFLOW,OECD.ELS.SAE:DSD_LFS@DF_LFS_INDIC(1.1),Emploi et chômage par groupe d'âge quinquennal et par sexe - indicateurs,I,SVN,Slovénie,EMP_RATIO,Employment to population ratio,PT_POP_SUB,Pourcentage de la population dans le même sous-groupe,_T,Total,Y20T64,De 20 à 64 ans,EMP,Employment,2001,,69.421,,A,Valeur normale,,,1,One
DATAFLOW,OECD.ELS.SAE:DSD_LFS@DF_LFS_INDIC(1.1),Emploi et chômage par groupe d'âge quinquennal et par sexe - indicateurs,I,ESP,Espagne,EMP_RATIO,Employment to population ratio,PT_POP_SUB,Pourcentage de la population dans le même sous-groupe,_T,Total,Y20T64,De 20 à 64 ans,EMP,Employment,2001,,62.042,,A,Valeur normale,,,1,One
DATAFLOW,OECD.ELS.SAE:DSD_LFS@DF_LFS_INDIC(1.1),Emploi et chômage par groupe d'âge quinquennal et par sexe - indicateurs,I,SWE,Suède,EMP_RATIO,Employment to population ratio,PT_POP_SUB,Pourcentage de la population dans le même sous-groupe,_T,Total,Y20T64,De 20 à 64 ans,EMP,Employment,2001,,78.791,,A,Valeur normale,,,1,One
DATAFLOW,OECD.ELS.SAE:DSD_LFS@DF_LFS_INDIC(1.1),Emploi et chômage par groupe d'âge quinquennal et par sexe - indicateurs,I,CHE,Suisse,EMP_RATIO,Employment to population ratio,PT_POP_SUB,Pourcentage de la population dans le même sous-groupe,_T,Total,Y20T64,De 20 à 64 ans,EMP,Employment,2001,,81.858,,A,Valeur normale,,,1,One
DATAFLOW,OECD.ELS.SAE:DSD_LFS@DF_LFS_INDIC(1.1),Emploi et chômage par groupe d'âge quinquennal et par sexe - indicateurs,I,TUR,Türkiye,EMP_RATIO,Employment to population ratio,PT_POP_SUB,Pourcentage de la population dans le même sous-groupe,_T,Total,Y20T64,De 20 à 64 ans,EMP,Employment,2001,,51.153,,A,Valeur normale,,,1,One
DATAFLOW,OECD.ELS.SAE:DSD_LFS@DF_LFS_INDIC(1.1),Emploi et chômage par groupe d'âge quinquennal et par sexe - indicateurs,I,GBR,Royaume-Uni,EMP_RATIO,Employment to population ratio,PT_POP_SUB,Pourcentage de la population dans le même sous-groupe,_T,Total,Y20T64,De 20 à 64 ans,EMP,Employment,2001,,74.197,,A,Valeur normale,,,1,One
DATAFLOW,OECD.ELS.SAE:DSD_LFS@DF_LFS_INDIC(1.1),Emploi et chômage par groupe d'âge quinquennal et par sexe - indicateurs,I,USA,États-Unis,EMP_RATIO,Employment to population ratio,PT_POP_SUB,Pourcentage de la population dans le même sous-groupe,_T,Total,Y20T64,De 20 à 64 ans,EMP,Employment,2001,,76.1,,A,Valeur normale,,,1,One
DATAFLOW,OECD.ELS.SAE:DSD_LFS@DF_LFS_INDIC(1.1),Emploi et chômage par groupe d'âge quinquennal et par sexe - indicateurs,I,G7,G7,EMP_RATIO,Employment to population ratio,PT_POP_SUB,Pourcentage de la population dans le même sous-groupe,_T,Total,Y20T64,De 20 à 64 ans,EMP,Employment,2001,,72.489,,A,Valeur normale,,,1,One
DATAFLOW,OECD.ELS.SAE:DSD_LFS@DF_LFS_INDIC(1.1),Emploi et chômage par groupe d'âge quinquennal et par sexe - indicateurs,I,EU27,Union européenne (27 pays),EMP_RATIO,Employment to population ratio,PT_POP_SUB,Pourcentage de la population dans le même sous-groupe,_T,Total,Y20T64,De 20 à 64 ans,EMP,Employment,2001,,65.938,,A,Valeur normale,,,1,One
DATAFLOW,OECD.ELS.SAE:DSD_LFS@DF_LFS_INDIC(1.1),Emploi et chômage par groupe d'âge quinquennal et par sexe - indicateurs,I,EU19OECD,19 Membres de l'Union européenne et de l'OCDE,EMP_RATIO,Employment to population ratio,PT_POP_SUB,Pourcentage de la population dans le même sous-groupe,_T,Total,Y20T64,De 20 à 64 ans,EMP,Employment,2001,,66.257,,A,Valeur normale,,,1,One
DATAFLOW,OECD.ELS.SAE:DSD_LFS@DF_LFS_INDIC(1.1),Emploi et chômage par groupe d'âge quinquennal et par sexe - indicateurs,I,EU22OECD,22 Membres de l'Union européenne et de l'OCDE,EMP_RATIO,Employment to population ratio,PT_POP_SUB,Pourcentage de la population dans le même sous-groupe,_T,Total,Y20T64,De 20 à 64 ans,EMP,Employment,2001,,66.023,,A,Valeur normale,,,1,One
DATAFLOW,OECD.ELS.SAE:DSD_LFS@DF_LFS_INDIC(1.1),Emploi et chômage par groupe d'âge quinquennal et par sexe - indicateurs,I,OECD,OCDE,EMP_RATIO,Employment to population ratio,PT_POP_SUB,Pourcentage de la population dans le même sous-groupe,_T,Total,Y20T64,De 20 à 64 ans,EMP,Employment,2001,,69.216,,A,Valeur normale,,,1,One
DATAFLOW,OECD.ELS.SAE:DSD_LFS@DF_LFS_INDIC(1.1),Emploi et chômage par groupe d'âge quinquennal et par sexe - indicateurs,I,OECD_REP,Pays moyen de l'OCDE,EMP_RATIO,Employment to population ratio,PT_POP_SUB,Pourcentage de la population dans le même sous-groupe,_T,Total,Y20T64,De 20 à 64 ans,EMP,Employment,2001,,69.293,,A,Valeur normale,,,1,One
DATAFLOW,OECD.ELS.SAE:DSD_LFS@DF_LFS_INDIC(1.1),Emploi et chômage par groupe d'âge quinquennal et par sexe - indicateurs,I,BRA,Brésil,EMP_RATIO,Employment to population ratio,PT_POP_SUB,Pourcentage de la population dans le même sous-groupe,_T,Total,Y20T64,De 20 à 64 ans,EMP,Employment,2001,,69.012,,A,Valeur normale,,,1,One
DATAFLOW,OECD.ELS.SAE:DSD_LFS@DF_LFS_INDIC(1.1),Emploi et chômage par groupe d'âge quinquennal et par sexe - indicateurs,I,BGR,Bulgarie,EMP_RATIO,Employment to population ratio,PT_POP_SUB,Pourcentage de la population dans le même sous-groupe,_T,Total,Y20T64,De 20 à 64 ans,EMP,Employment,2001,,54.837,,A,Valeur normale,,,1,One
DATAFLOW,OECD.ELS.SAE:DSD_LFS@DF_LFS_INDIC(1.1),Emploi et chômage par groupe d'âge quinquennal et par sexe - indicateurs,I,CYP,Chypre,EMP_RATIO,Employment to population ratio,PT_POP_SUB,Pourcentage de la population dans le même sous-groupe,_T,Total,Y20T64,De 20 à 64 ans,EMP,Employment,2001,,74.065,,A,Valeur normale,,,1,One
DATAFLOW,OECD.ELS.SAE:DSD_LFS@DF_LFS_INDIC(1.1),Emploi et chômage par groupe d'âge quinquennal et par sexe - indicateurs,I,IDN,Indonésie,EMP_RATIO,Employment to population ratio,PT_POP_SUB,Pourcentage de la population dans le même sous-groupe,_T,Total,Y20T64,De 20 à 64 ans,EMP,Employment,2001,,70.575,,A,Valeur normale,,,1,One
DATAFLOW,OECD.ELS.SAE:DSD_LFS@DF_LFS_INDIC(1.1),Emploi et chômage par groupe d'âge quinquennal et par sexe - indicateurs,I,MLT,Malte,EMP_RATIO,Employment to population ratio,PT_POP_SUB,Pourcentage de la population dans le même sous-groupe,_T,Total,Y20T64,De 20 à 64 ans,EMP,Employment,2001,,57.577,,A,Valeur normale,,,1,One
DATAFLOW,OECD.ELS.SAE:DSD_LFS@DF_LFS_INDIC(1.1),Emploi et chômage par groupe d'âge quinquennal et par sexe - indicateurs,I,ROU,Roumanie,EMP_RATIO,Employment to population ratio,PT_POP_SUB,Pourcentage de la population dans le même sous-groupe,_T,Total,Y20T64,De 20 à 64 ans,EMP,Employment,2001,,68.31,,A,Valeur normale,,,1,One
DATAFLOW,OECD.ELS.SAE:DSD_LFS@DF_LFS_INDIC(1.1),Emploi et chômage par groupe d'âge quinquennal et par sexe - indicateurs,I,RUS,Russie,EMP_RATIO,Employment to population ratio,PT_POP_SUB,Pourcentage de la population dans le même sous-groupe,_T,Total,Y20T64,De 20 à 64 ans,EMP,Employment,2001,,70.152,,A,Valeur normale,,,1,One
DATAFLOW,OECD.ELS.SAE:DSD_LFS@DF_LFS_INDIC(1.1),Emploi et chômage par groupe d'âge quinquennal et par sexe - indicateurs,I,ZAF,Afrique du Sud,EMP_RATIO,Employment to population ratio,PT_POP_SUB,Pourcentage de la population dans le même sous-groupe,_T,Total,Y20T64,De 20 à 64 ans,EMP,Employment,2001,,51.99,,A,Valeur normale,,,1,One
DATAFLOW,OECD.ELS.SAE:DSD_LFS@DF_LFS_INDIC(1.1),Emploi et chômage par groupe d'âge quinquennal et par sexe - indicateurs,I,AUT,Autriche,EMP_RATIO,Employment to population ratio,PT_POP_SUB,Pourcentage de la population dans le même sous-groupe,_T,Total,Y20T64,De 20 à 64 ans,EMP,Employment,2000,,71.262,,A,Valeur normale,,,1,One
DATAFLOW,OECD.ELS.SAE:DSD_LFS@DF_LFS_INDIC(1.1),Emploi et chômage par groupe d'âge quinquennal et par sexe - indicateurs,I,BEL,Belgique,EMP_RATIO,Employment to population ratio,PT_POP_SUB,Pourcentage de la population dans le même sous-groupe,_T,Total,Y20T64,De 20 à 64 ans,EMP,Employment,2000,,65.819,,A,Valeur normale,,,1,One
DATAFLOW,OECD.ELS.SAE:DSD_LFS@DF_LFS_INDIC(1.1),Emploi et chômage par groupe d'âge quinquennal et par sexe - indicateurs,I,CAN,Canada,EMP_RATIO,Employment to population ratio,PT_POP_SUB,Pourcentage de la population dans le même sous-groupe,_T,Total,Y20T64,De 20 à 64 ans,EMP,Employment,2000,,73.969,,A,Valeur normale,,,1,One
DATAFLOW,OECD.ELS.SAE:DSD_LFS@DF_LFS_INDIC(1.1),Emploi et chômage par groupe d'âge quinquennal et par sexe - indicateurs,I,CHL,Chili,EMP_RATIO,Employment to population ratio,PT_POP_SUB,Pourcentage de la population dans le même sous-groupe,_T,Total,Y20T64,De 20 à 64 ans,EMP,Employment,2000,,60.894,,A,Valeur normale,,,1,One
DATAFLOW,OECD.ELS.SAE:DSD_LFS@DF_LFS_INDIC(1.1),Emploi et chômage par groupe d'âge quinquennal et par sexe - indicateurs,I,CRI,Costa Rica,EMP_RATIO,Employment to population ratio,PT_POP_SUB,Pourcentage de la population dans le même sous-groupe,_T,Total,Y20T64,De 20 à 64 ans,EMP,Employment,2000,,65.608,,A,Valeur normale,,,1,One
DATAFLOW,OECD.ELS.SAE:DSD_LFS@DF_LFS_INDIC(1.1),Emploi et chômage par groupe d'âge quinquennal et par sexe - indicateurs,I,CZE,Tchéquie,EMP_RATIO,Employment to population ratio,PT_POP_SUB,Pourcentage de la population dans le même sous-groupe,_T,Total,Y20T64,De 20 à 64 ans,EMP,Employment,2000,,71.134,,A,Valeur normale,,,1,One
DATAFLOW,OECD.ELS.SAE:DSD_LFS@DF_LFS_INDIC(1.1),Emploi et chômage par groupe d'âge quinquennal et par sexe - indicateurs,I,DNK,Danemark,EMP_RATIO,Employment to population ratio,PT_POP_SUB,Pourcentage de la population dans le même sous-groupe,_T,Total,Y20T64,De 20 à 64 ans,EMP,Employment,2000,,78.064,,A,Valeur normale,,,1,One
DATAFLOW,OECD.ELS.SAE:DSD_LFS@DF_LFS_INDIC(1.1),Emploi et chômage par groupe d'âge quinquennal et par sexe - indicateurs,I,EST,Estonie,EMP_RATIO,Employment to population ratio,PT_POP_SUB,Pourcentage de la population dans le même sous-groupe,_T,Total,Y20T64,De 20 à 64 ans,EMP,Employment,2000,,66.45,,A,Valeur normale,,,1,One
DATAFLOW,OECD.ELS.SAE:DSD_LFS@DF_LFS_INDIC(1.1),Emploi et chômage par groupe d'âge quinquennal et par sexe - indicateurs,I,FIN,Finlande,EMP_RATIO,Employment to population ratio,PT_POP_SUB,Pourcentage de la population dans le même sous-groupe,_T,Total,Y20T64,De 20 à 64 ans,EMP,Employment,2000,,71.848,,A,Valeur normale,,,1,One
DATAFLOW,OECD.ELS.SAE:DSD_LFS@DF_LFS_INDIC(1.1),Emploi et chômage par groupe d'âge quinquennal et par sexe - indicateurs,I,FRA,France,EMP_RATIO,Employment to population ratio,PT_POP_SUB,Pourcentage de la population dans le même sous-groupe,_T,Total,Y20T64,De 20 à 64 ans,EMP,Employment,2000,,68.697,,A,Valeur normale,,,1,One
DATAFLOW,OECD.ELS.SAE:DSD_LFS@DF_LFS_INDIC(1.1),Emploi et chômage par groupe d'âge quinquennal et par sexe - indicateurs,I,DEU,Allemagne,EMP_RATIO,Employment to population ratio,PT_POP_SUB,Pourcentage de la population dans le même sous-groupe,_T,Total,Y20T64,De 20 à 64 ans,EMP,Employment,2000,,68.787,,A,Valeur normale,,,1,One
DATAFLOW,OECD.ELS.SAE:DSD_LFS@DF_LFS_INDIC(1.1),Emploi et chômage par groupe d'âge quinquennal et par sexe - indicateurs,I,GRC,Grèce,EMP_RATIO,Employment to population ratio,PT_POP_SUB,Pourcentage de la population dans le même sous-groupe,_T,Total,Y20T64,De 20 à 64 ans,EMP,Employment,2000,,61.854,,A,Valeur normale,,,1,One
DATAFLOW,OECD.ELS.SAE:DSD_LFS@DF_LFS_INDIC(1.1),Emploi et chômage par groupe d'âge quinquennal et par sexe - indicateurs,I,HUN,Hongrie,EMP_RATIO,Employment to population ratio,PT_POP_SUB,Pourcentage de la population dans le même sous-groupe,_T,Total,Y20T64,De 20 à 64 ans,EMP,Employment,2000,,61.113,,A,Valeur normale,,,1,One
DATAFLOW,OECD.ELS.SAE:DSD_LFS@DF_LFS_INDIC(1.1),Emploi et chômage par groupe d'âge quinquennal et par sexe - indicateurs,I,ISL,Islande,EMP_RATIO,Employment to population ratio,PT_POP_SUB,Pourcentage de la population dans le même sous-groupe,_T,Total,Y20T64,De 20 à 64 ans,EMP,Employment,2000,,88.405,,A,Valeur normale,,,1,One
DATAFLOW,OECD.ELS.SAE:DSD_LFS@DF_LFS_INDIC(1.1),Emploi et chômage par groupe d'âge quinquennal et par sexe - indicateurs,I,IRL,Irlande,EMP_RATIO,Employment to population ratio,PT_POP_SUB,Pourcentage de la population dans le même sous-groupe,_T,Total,Y20T64,De 20 à 64 ans,EMP,Employment,2000,,71.744,,A,Valeur normale,,,1,One
DATAFLOW,OECD.ELS.SAE:DSD_LFS@DF_LFS_INDIC(1.1),Emploi et chômage par groupe d'âge quinquennal et par sexe - indicateurs,I,ISR,Israël,EMP_RATIO,Employment to population ratio,PT_POP_SUB,Pourcentage de la population dans le même sous-groupe,_T,Total,Y20T64,De 20 à 64 ans,EMP,Employment,2000,,67.315,,A,Valeur normale,,,1,One
DATAFLOW,OECD.ELS.SAE:DSD_LFS@DF_LFS_INDIC(1.1),Emploi et chômage par groupe d'âge quinquennal et par sexe - indicateurs,I,ITA,Italie,EMP_RATIO,Employment to population ratio,PT_POP_SUB,Pourcentage de la population dans le même sous-groupe,_T,Total,Y20T64,De 20 à 64 ans,EMP,Employment,2000,,57.527,,A,Valeur normale,,,1,One
DATAFLOW,OECD.ELS.SAE:DSD_LFS@DF_LFS_INDIC(1.1),Emploi et chômage par groupe d'âge quinquennal et par sexe - indicateurs,I,JPN,Japon,EMP_RATIO,Employment to population ratio,PT_POP_SUB,Pourcentage de la population dans le même sous-groupe,_T,Total,Y20T64,De 20 à 64 ans,EMP,Employment,2000,,73.963,,A,Valeur normale,,,1,One
DATAFLOW,OECD.ELS.SAE:DSD_LFS@DF_LFS_INDIC(1.1),Emploi et chômage par groupe d'âge quinquennal et par sexe - indicateurs,I,KOR,Corée,EMP_RATIO,Employment to population ratio,PT_POP_SUB,Pourcentage de la population dans le même sous-groupe,_T,Total,Y20T64,De 20 à 64 ans,EMP,Employment,2000,,68.162,,A,Valeur normale,,,1,One
DATAFLOW,OECD.ELS.SAE:DSD_LFS@DF_LFS_INDIC(1.1),Emploi et chômage par groupe d'âge quinquennal et par sexe - indicateurs,I,LVA,Lettonie,EMP_RATIO,Employment to population ratio,PT_POP_SUB,Pourcentage de la population dans le même sous-groupe,_T,Total,Y20T64,De 20 à 64 ans,EMP,Employment,2000,,63.429,,A,Valeur normale,,,1,One
DATAFLOW,OECD.ELS.SAE:DSD_LFS@DF_LFS_INDIC(1.1),Emploi et chômage par groupe d'âge quinquennal et par sexe - indicateurs,I,LTU,Lituanie,EMP_RATIO,Employment to population ratio,PT_POP_SUB,Pourcentage de la population dans le même sous-groupe,_T,Total,Y20T64,De 20 à 64 ans,EMP,Employment,2000,,65.37,,A,Valeur normale,,,1,One
DATAFLOW,OECD.ELS.SAE:DSD_LFS@DF_LFS_INDIC(1.1),Emploi et chômage par groupe d'âge quinquennal et par sexe - indicateurs,I,LUX,Luxembourg,EMP_RATIO,Employment to population ratio,PT_POP_SUB,Pourcentage de la population dans le même sous-groupe,_T,Total,Y20T64,De 20 à 64 ans,EMP,Employment,2000,,67.466,,A,Valeur normale,,,1,One
DATAFLOW,OECD.ELS.SAE:DSD_LFS@DF_LFS_INDIC(1.1),Emploi et chômage par groupe d'âge quinquennal et par sexe - indicateurs,I,MEX,Mexique,EMP_RATIO,Employment to population ratio,PT_POP_SUB,Pourcentage de la population dans le même sous-groupe,_T,Total,Y20T64,De 20 à 64 ans,EMP,Employment,2000,,64.231,,A,Valeur normale,,,1,One
DATAFLOW,OECD.ELS.SAE:DSD_LFS@DF_LFS_INDIC(1.1),Emploi et chômage par groupe d'âge quinquennal et par sexe - indicateurs,I,NLD,Pays-Bas,EMP_RATIO,Employment to population ratio,PT_POP_SUB,Pourcentage de la population dans le même sous-groupe,_T,Total,Y20T64,De 20 à 64 ans,EMP,Employment,2000,,73.654,,A,Valeur normale,,,1,One
DATAFLOW,OECD.ELS.SAE:DSD_LFS@DF_LFS_INDIC(1.1),Emploi et chômage par groupe d'âge quinquennal et par sexe - indicateurs,I,NZL,Nouvelle-Zélande,EMP_RATIO,Employment to population ratio,PT_POP_SUB,Pourcentage de la population dans le même sous-groupe,_T,Total,Y20T64,De 20 à 64 ans,EMP,Employment,2000,,73.554,,A,Valeur normale,,,1,One
DATAFLOW,OECD.ELS.SAE:DSD_LFS@DF_LFS_INDIC(1.1),Emploi et chômage par groupe d'âge quinquennal et par sexe - indicateurs,I,NOR,Norvège,EMP_RATIO,Employment to population ratio,PT_POP_SUB,Pourcentage de la population dans le même sous-groupe,_T,Total,Y20T64,De 20 à 64 ans,EMP,Employment,2000,,80.329,,A,Valeur normale,,,1,One
DATAFLOW,OECD.ELS.SAE:DSD_LFS@DF_LFS_INDIC(1.1),Emploi et chômage par groupe d'âge quinquennal et par sexe - indicateurs,I,PRT,Portugal,EMP_RATIO,Employment to population ratio,PT_POP_SUB,Pourcentage de la population dans le même sous-groupe,_T,Total,Y20T64,De 20 à 64 ans,EMP,Employment,2000,,73.424,,A,Valeur normale,,,1,One
DATAFLOW,OECD.ELS.SAE:DSD_LFS@DF_LFS_INDIC(1.1),Emploi et chômage par groupe d'âge quinquennal et par sexe - indicateurs,I,SVK,République slovaque,EMP_RATIO,Employment to population ratio,PT_POP_SUB,Pourcentage de la population dans le même sous-groupe,_T,Total,Y20T64,De 20 à 64 ans,EMP,Employment,2000,,63.517,,A,Valeur normale,,,1,One
DATAFLOW,OECD.ELS.SAE:DSD_LFS@DF_LFS_INDIC(1.1),Emploi et chômage par groupe d'âge quinquennal et par sexe - indicateurs,I,SVN,Slovénie,EMP_RATIO,Employment to population ratio,PT_POP_SUB,Pourcentage de la population dans le même sous-groupe,_T,Total,Y20T64,De 20 à 64 ans,EMP,Employment,2000,,68.5,,A,Valeur normale,,,1,One
DATAFLOW,OECD.ELS.SAE:DSD_LFS@DF_LFS_INDIC(1.1),Emploi et chômage par groupe d'âge quinquennal et par sexe - indicateurs,I,ESP,Espagne,EMP_RATIO,Employment to population ratio,PT_POP_SUB,Pourcentage de la population dans le même sous-groupe,_T,Total,Y20T64,De 20 à 64 ans,EMP,Employment,2000,,60.691,,A,Valeur normale,,,1,One
DATAFLOW,OECD.ELS.SAE:DSD_LFS@DF_LFS_INDIC(1.1),Emploi et chômage par groupe d'âge quinquennal et par sexe - indicateurs,I,SWE,Suède,EMP_RATIO,Employment to population ratio,PT_POP_SUB,Pourcentage de la population dans le même sous-groupe,_T,Total,Y20T64,De 20 à 64 ans,EMP,Employment,2000,,77.818,,A,Valeur normale,,,1,One
DATAFLOW,OECD.ELS.SAE:DSD_LFS@DF_LFS_INDIC(1.1),Emploi et chômage par groupe d'âge quinquennal et par sexe - indicateurs,I,CHE,Suisse,EMP_RATIO,Employment to population ratio,PT_POP_SUB,Pourcentage de la population dans le même sous-groupe,_T,Total,Y20T64,De 20 à 64 ans,EMP,Employment,2000,,80.891,,A,Valeur normale,,,1,One
DATAFLOW,OECD.ELS.SAE:DSD_LFS@DF_LFS_INDIC(1.1),Emploi et chômage par groupe d'âge quinquennal et par sexe - indicateurs,I,TUR,Türkiye,EMP_RATIO,Employment to population ratio,PT_POP_SUB,Pourcentage de la population dans le même sous-groupe,_T,Total,Y20T64,De 20 à 64 ans,EMP,Employment,2000,,52.007,,A,Valeur normale,,,1,One
DATAFLOW,OECD.ELS.SAE:DSD_LFS@DF_LFS_INDIC(1.1),Emploi et chômage par groupe d'âge quinquennal et par sexe - indicateurs,I,GBR,Royaume-Uni,EMP_RATIO,Employment to population ratio,PT_POP_SUB,Pourcentage de la population dans le même sous-groupe,_T,Total,Y20T64,De 20 à 64 ans,EMP,Employment,2000,,73.841,,A,Valeur normale,,,1,One
DATAFLOW,OECD.ELS.SAE:DSD_LFS@DF_LFS_INDIC(1.1),Emploi et chômage par groupe d'âge quinquennal et par sexe - indicateurs,I,USA,États-Unis,EMP_RATIO,Employment to population ratio,PT_POP_SUB,Pourcentage de la population dans le même sous-groupe,_T,Total,Y20T64,De 20 à 64 ans,EMP,Employment,2000,,76.914,,A,Valeur normale,,,1,One
DATAFLOW,OECD.ELS.SAE:DSD_LFS@DF_LFS_INDIC(1.1),Emploi et chômage par groupe d'âge quinquennal et par sexe - indicateurs,I,G7,G7,EMP_RATIO,Employment to population ratio,PT_POP_SUB,Pourcentage de la population dans le même sous-groupe,_T,Total,Y20T64,De 20 à 64 ans,EMP,Employment,2000,,72.632,,A,Valeur normale,,,1,One
DATAFLOW,OECD.ELS.SAE:DSD_LFS@DF_LFS_INDIC(1.1),Emploi et chômage par groupe d'âge quinquennal et par sexe - indicateurs,I,EU27,Union européenne (27 pays),EMP_RATIO,Employment to population ratio,PT_POP_SUB,Pourcentage de la population dans le même sous-groupe,_T,Total,Y20T64,De 20 à 64 ans,EMP,Employment,2000,,65.692,,A,Valeur normale,,,1,One
DATAFLOW,OECD.ELS.SAE:DSD_LFS@DF_LFS_INDIC(1.1),Emploi et chômage par groupe d'âge quinquennal et par sexe - indicateurs,I,EU19OECD,19 Membres de l'Union européenne et de l'OCDE,EMP_RATIO,Employment to population ratio,PT_POP_SUB,Pourcentage de la population dans le même sous-groupe,_T,Total,Y20T64,De 20 à 64 ans,EMP,Employment,2000,,65.709,,A,Valeur normale,,,1,One
DATAFLOW,OECD.ELS.SAE:DSD_LFS@DF_LFS_INDIC(1.1),Emploi et chômage par groupe d'âge quinquennal et par sexe - indicateurs,I,EU22OECD,22 Membres de l'Union européenne et de l'OCDE,EMP_RATIO,Employment to population ratio,PT_POP_SUB,Pourcentage de la population dans le même sous-groupe,_T,Total,Y20T64,De 20 à 64 ans,EMP,Employment,2000,,65.715,,A,Valeur normale,,,1,One
DATAFLOW,OECD.ELS.SAE:DSD_LFS@DF_LFS_INDIC(1.1),Emploi et chômage par groupe d'âge quinquennal et par sexe - indicateurs,I,OECD,OCDE,EMP_RATIO,Employment to population ratio,PT_POP_SUB,Pourcentage de la population dans le même sous-groupe,_T,Total,Y20T64,De 20 à 64 ans,EMP,Employment,2000,,69.485,,A,Valeur normale,,,1,One
DATAFLOW,OECD.ELS.SAE:DSD_LFS@DF_LFS_INDIC(1.1),Emploi et chômage par groupe d'âge quinquennal et par sexe - indicateurs,I,OECD_REP,Pays moyen de l'OCDE,EMP_RATIO,Employment to population ratio,PT_POP_SUB,Pourcentage de la population dans le même sous-groupe,_T,Total,Y20T64,De 20 à 64 ans,EMP,Employment,2000,,69.207,,A,Valeur normale,,,1,One
DATAFLOW,OECD.ELS.SAE:DSD_LFS@DF_LFS_INDIC(1.1),Emploi et chômage par groupe d'âge quinquennal et par sexe - indicateurs,I,BGR,Bulgarie,EMP_RATIO,Employment to population ratio,PT_POP_SUB,Pourcentage de la population dans le même sous-groupe,_T,Total,Y20T64,De 20 à 64 ans,EMP,Employment,2000,,55.344,,A,Valeur normale,,,1,One
DATAFLOW,OECD.ELS.SAE:DSD_LFS@DF_LFS_INDIC(1.1),Emploi et chômage par groupe d'âge quinquennal et par sexe - indicateurs,I,CHN,Chine (République populaire de),EMP_RATIO,Employment to population ratio,PT_POP_SUB,Pourcentage de la population dans le même sous-groupe,_T,Total,Y20T64,De 20 à 64 ans,EMP,Employment,2000,,83.835,,A,Valeur normale,,,1,One
DATAFLOW,OECD.ELS.SAE:DSD_LFS@DF_LFS_INDIC(1.1),Emploi et chômage par groupe d'âge quinquennal et par sexe - indicateurs,I,CYP,Chypre,EMP_RATIO,Employment to population ratio,PT_POP_SUB,Pourcentage de la population dans le même sous-groupe,_T,Total,Y20T64,De 20 à 64 ans,EMP,Employment,2000,,72.046,,A,Valeur normale,,,1,One
DATAFLOW,OECD.ELS.SAE:DSD_LFS@DF_LFS_INDIC(1.1),Emploi et chômage par groupe d'âge quinquennal et par sexe - indicateurs,I,IND,Inde,EMP_RATIO,Employment to population ratio,PT_POP_SUB,Pourcentage de la population dans le même sous-groupe,_T,Total,Y20T64,De 20 à 64 ans,EMP,Employment,2000,,63.194,,A,Valeur normale,,,1,One
DATAFLOW,OECD.ELS.SAE:DSD_LFS@DF_LFS_INDIC(1.1),Emploi et chômage par groupe d'âge quinquennal et par sexe - indicateurs,I,IDN,Indonésie,EMP_RATIO,Employment to population ratio,PT_POP_SUB,Pourcentage de la population dans le même sous-groupe,_T,Total,Y20T64,De 20 à 64 ans,EMP,Employment,2000,,71.501,,A,Valeur normale,,,1,One
DATAFLOW,OECD.ELS.SAE:DSD_LFS@DF_LFS_INDIC(1.1),Emploi et chômage par groupe d'âge quinquennal et par sexe - indicateurs,I,MLT,Malte,EMP_RATIO,Employment to population ratio,PT_POP_SUB,Pourcentage de la population dans le même sous-groupe,_T,Total,Y20T64,De 20 à 64 ans,EMP,Employment,2000,,57.547,,A,Valeur normale,,,1,One
DATAFLOW,OECD.ELS.SAE:DSD_LFS@DF_LFS_INDIC(1.1),Emploi et chômage par groupe d'âge quinquennal et par sexe - indicateurs,I,ROU,Roumanie,EMP_RATIO,Employment to population ratio,PT_POP_SUB,Pourcentage de la population dans le même sous-groupe,_T,Total,Y20T64,De 20 à 64 ans,EMP,Employment,2000,,69.052,,A,Valeur normale,,,1,One
DATAFLOW,OECD.ELS.SAE:DSD_LFS@DF_LFS_INDIC(1.1),Emploi et chômage par groupe d'âge quinquennal et par sexe - indicateurs,I,RUS,Russie,EMP_RATIO,Employment to population ratio,PT_POP_SUB,Pourcentage de la population dans le même sous-groupe,_T,Total,Y20T64,De 20 à 64 ans,EMP,Employment,2000,,69.981,,A,Valeur normale,,,1,One
DATAFLOW,OECD.ELS.SAE:DSD_LFS@DF_LFS_INDIC(1.1),Emploi et chômage par groupe d'âge quinquennal et par sexe - indicateurs,I,AUS,Australie,EMP_RATIO,Employment to population ratio,PT_POP_SUB,Pourcentage de la population dans le même sous-groupe,_T,Total,Y20T64,De 20 à 64 ans,EMP,Employment,1997,,69.823,,A,Valeur normale,,,1,One
DATAFLOW,OECD.ELS.SAE:DSD_LFS@DF_LFS_INDIC(1.1),Emploi et chômage par groupe d'âge quinquennal et par sexe - indicateurs,I,AUT,Autriche,EMP_RATIO,Employment to population ratio,PT_POP_SUB,Pourcentage de la population dans le même sous-groupe,_T,Total,Y20T64,De 20 à 64 ans,EMP,Employment,1997,,70.629,,A,Valeur normale,,,1,One
DATAFLOW,OECD.ELS.SAE:DSD_LFS@DF_LFS_INDIC(1.1),Emploi et chômage par groupe d'âge quinquennal et par sexe - indicateurs,I,BEL,Belgique,EMP_RATIO,Employment to population ratio,PT_POP_SUB,Pourcentage de la population dans le même sous-groupe,_T,Total,Y20T64,De 20 à 64 ans,EMP,Employment,1997,,62.36,,A,Valeur normale,,,1,One
DATAFLOW,OECD.ELS.SAE:DSD_LFS@DF_LFS_INDIC(1.1),Emploi et chômage par groupe d'âge quinquennal et par sexe - indicateurs,I,CAN,Canada,EMP_RATIO,Employment to population ratio,PT_POP_SUB,Pourcentage de la population dans le même sous-groupe,_T,Total,Y20T64,De 20 à 64 ans,EMP,Employment,1997,,71.421,,A,Valeur normale,,,1,One
DATAFLOW,OECD.ELS.SAE:DSD_LFS@DF_LFS_INDIC(1.1),Emploi et chômage par groupe d'âge quinquennal et par sexe - indicateurs,I,CHL,Chili,EMP_RATIO,Employment to population ratio,PT_POP_SUB,Pourcentage de la population dans le même sous-groupe,_T,Total,Y20T64,De 20 à 64 ans,EMP,Employment,1997,,62.787,,A,Valeur normale,,,1,One
DATAFLOW,OECD.ELS.SAE:DSD_LFS@DF_LFS_INDIC(1.1),Emploi et chômage par groupe d'âge quinquennal et par sexe - indicateurs,I,CRI,Costa Rica,EMP_RATIO,Employment to population ratio,PT_POP_SUB,Pourcentage de la population dans le même sous-groupe,_T,Total,Y20T64,De 20 à 64 ans,EMP,Employment,1997,,63.492,,A,Valeur normale,,,1,One
DATAFLOW,OECD.ELS.SAE:DSD_LFS@DF_LFS_INDIC(1.1),Emploi et chômage par groupe d'âge quinquennal et par sexe - indicateurs,I,CZE,Tchéquie,EMP_RATIO,Employment to population ratio,PT_POP_SUB,Pourcentage de la population dans le même sous-groupe,_T,Total,Y20T64,De 20 à 64 ans,EMP,Employment,1997,,74.874,,A,Valeur normale,,,1,One
DATAFLOW,OECD.ELS.SAE:DSD_LFS@DF_LFS_INDIC(1.1),Emploi et chômage par groupe d'âge quinquennal et par sexe - indicateurs,I,DNK,Danemark,EMP_RATIO,Employment to population ratio,PT_POP_SUB,Pourcentage de la population dans le même sous-groupe,_T,Total,Y20T64,De 20 à 64 ans,EMP,Employment,1997,,76.694,,A,Valeur normale,,,1,One
DATAFLOW,OECD.ELS.SAE:DSD_LFS@DF_LFS_INDIC(1.1),Emploi et chômage par groupe d'âge quinquennal et par sexe - indicateurs,I,EST,Estonie,EMP_RATIO,Employment to population ratio,PT_POP_SUB,Pourcentage de la population dans le même sous-groupe,_T,Total,Y20T64,De 20 à 64 ans,EMP,Employment,1997,,71.39,,A,Valeur normale,,,1,One
DATAFLOW,OECD.ELS.SAE:DSD_LFS@DF_LFS_INDIC(1.1),Emploi et chômage par groupe d'âge quinquennal et par sexe - indicateurs,I,FIN,Finlande,EMP_RATIO,Employment to population ratio,PT_POP_SUB,Pourcentage de la population dans le même sous-groupe,_T,Total,Y20T64,De 20 à 64 ans,EMP,Employment,1997,,67.849,,A,Valeur normale,,,1,One
DATAFLOW,OECD.ELS.SAE:DSD_LFS@DF_LFS_INDIC(1.1),Emploi et chômage par groupe d'âge quinquennal et par sexe - indicateurs,I,FRA,France,EMP_RATIO,Employment to population ratio,PT_POP_SUB,Pourcentage de la population dans le même sous-groupe,_T,Total,Y20T64,De 20 à 64 ans,EMP,Employment,1997,,66.527,,A,Valeur normale,,,1,One
DATAFLOW,OECD.ELS.SAE:DSD_LFS@DF_LFS_INDIC(1.1),Emploi et chômage par groupe d'âge quinquennal et par sexe - indicateurs,I,DEU,Allemagne,EMP_RATIO,Employment to population ratio,PT_POP_SUB,Pourcentage de la population dans le même sous-groupe,_T,Total,Y20T64,De 20 à 64 ans,EMP,Employment,1997,,67.064,,A,Valeur normale,,,1,One
DATAFLOW,OECD.ELS.SAE:DSD_LFS@DF_LFS_INDIC(1.1),Emploi et chômage par groupe d'âge quinquennal et par sexe - indicateurs,I,GRC,Grèce,EMP_RATIO,Employment to population ratio,PT_POP_SUB,Pourcentage de la population dans le même sous-groupe,_T,Total,Y20T64,De 20 à 64 ans,EMP,Employment,1997,,60.386,,A,Valeur normale,,,1,One
DATAFLOW,OECD.ELS.SAE:DSD_LFS@DF_LFS_INDIC(1.1),Emploi et chômage par groupe d'âge quinquennal et par sexe - indicateurs,I,HUN,Hongrie,EMP_RATIO,Employment to population ratio,PT_POP_SUB,Pourcentage de la population dans le même sous-groupe,_T,Total,Y20T64,De 20 à 64 ans,EMP,Employment,1997,,58.315,,A,Valeur normale,,,1,One
DATAFLOW,OECD.ELS.SAE:DSD_LFS@DF_LFS_INDIC(1.1),Emploi et chômage par groupe d'âge quinquennal et par sexe - indicateurs,I,ISL,Islande,EMP_RATIO,Employment to population ratio,PT_POP_SUB,Pourcentage de la population dans le même sous-groupe,_T,Total,Y20T64,De 20 à 64 ans,EMP,Employment,1997,,85.572,,A,Valeur normale,,,1,One
DATAFLOW,OECD.ELS.SAE:DSD_LFS@DF_LFS_INDIC(1.1),Emploi et chômage par groupe d'âge quinquennal et par sexe - indicateurs,I,IRL,Irlande,EMP_RATIO,Employment to population ratio,PT_POP_SUB,Pourcentage de la population dans le même sous-groupe,_T,Total,Y20T64,De 20 à 64 ans,EMP,Employment,1997,,62.666,,A,Valeur normale,,,1,One
DATAFLOW,OECD.ELS.SAE:DSD_LFS@DF_LFS_INDIC(1.1),Emploi et chômage par groupe d'âge quinquennal et par sexe - indicateurs,I,ISR,Israël,EMP_RATIO,Employment to population ratio,PT_POP_SUB,Pourcentage de la population dans le même sous-groupe,_T,Total,Y20T64,De 20 à 64 ans,EMP,Employment,1997,,66.984,,A,Valeur normale,,,1,One
DATAFLOW,OECD.ELS.SAE:DSD_LFS@DF_LFS_INDIC(1.1),Emploi et chômage par groupe d'âge quinquennal et par sexe - indicateurs,I,ITA,Italie,EMP_RATIO,Employment to population ratio,PT_POP_SUB,Pourcentage de la population dans le même sous-groupe,_T,Total,Y20T64,De 20 à 64 ans,EMP,Employment,1997,,55.334,,A,Valeur normale,,,1,One
DATAFLOW,OECD.ELS.SAE:DSD_LFS@DF_LFS_INDIC(1.1),Emploi et chômage par groupe d'âge quinquennal et par sexe - indicateurs,I,JPN,Japon,EMP_RATIO,Employment to population ratio,PT_POP_SUB,Pourcentage de la population dans le même sous-groupe,_T,Total,Y20T64,De 20 à 64 ans,EMP,Employment,1997,,75.507,,A,Valeur normale,,,1,One
DATAFLOW,OECD.ELS.SAE:DSD_LFS@DF_LFS_INDIC(1.1),Emploi et chômage par groupe d'âge quinquennal et par sexe - indicateurs,I,KOR,Corée,EMP_RATIO,Employment to population ratio,PT_POP_SUB,Pourcentage de la population dans le même sous-groupe,_T,Total,Y20T64,De 20 à 64 ans,EMP,Employment,1997,,71.381,,A,Valeur normale,,,1,One
DATAFLOW,OECD.ELS.SAE:DSD_LFS@DF_LFS_INDIC(1.1),Emploi et chômage par groupe d'âge quinquennal et par sexe - indicateurs,I,LUX,Luxembourg,EMP_RATIO,Employment to population ratio,PT_POP_SUB,Pourcentage de la population dans le même sous-groupe,_T,Total,Y20T64,De 20 à 64 ans,EMP,Employment,1997,,64.43,,A,Valeur normale,,,1,One
DATAFLOW,OECD.ELS.SAE:DSD_LFS@DF_LFS_INDIC(1.1),Emploi et chômage par groupe d'âge quinquennal et par sexe - indicateurs,I,MEX,Mexique,EMP_RATIO,Employment to population ratio,PT_POP_SUB,Pourcentage de la population dans le même sous-groupe,_T,Total,Y20T64,De 20 à 64 ans,EMP,Employment,1997,,64.366,,A,Valeur normale,,,1,One
DATAFLOW,OECD.ELS.SAE:DSD_LFS@DF_LFS_INDIC(1.1),Emploi et chômage par groupe d'âge quinquennal et par sexe - indicateurs,I,NLD,Pays-Bas,EMP_RATIO,Employment to population ratio,PT_POP_SUB,Pourcentage de la population dans le même sous-groupe,_T,Total,Y20T64,De 20 à 64 ans,EMP,Employment,1997,,69.958,,A,Valeur normale,,,1,One
DATAFLOW,OECD.ELS.SAE:DSD_LFS@DF_LFS_INDIC(1.1),Emploi et chômage par groupe d'âge quinquennal et par sexe - indicateurs,I,NZL,Nouvelle-Zélande,EMP_RATIO,Employment to population ratio,PT_POP_SUB,Pourcentage de la population dans le même sous-groupe,_T,Total,Y20T64,De 20 à 64 ans,EMP,Employment,1997,,73.038,,A,Valeur normale,,,1,One
DATAFLOW,OECD.ELS.SAE:DSD_LFS@DF_LFS_INDIC(1.1),Emploi et chômage par groupe d'âge quinquennal et par sexe - indicateurs,I,NOR,Norvège,EMP_RATIO,Employment to population ratio,PT_POP_SUB,Pourcentage de la population dans le même sous-groupe,_T,Total,Y20T64,De 20 à 64 ans,EMP,Employment,1997,,80.209,,A,Valeur normale,,,1,One
DATAFLOW,OECD.ELS.SAE:DSD_LFS@DF_LFS_INDIC(1.1),Emploi et chômage par groupe d'âge quinquennal et par sexe - indicateurs,I,POL,Pologne,EMP_RATIO,Employment to population ratio,PT_POP_SUB,Pourcentage de la population dans le même sous-groupe,_T,Total,Y20T64,De 20 à 64 ans,EMP,Employment,1997,,65.077,,A,Valeur normale,,,1,One
DATAFLOW,OECD.ELS.SAE:DSD_LFS@DF_LFS_INDIC(1.1),Emploi et chômage par groupe d'âge quinquennal et par sexe - indicateurs,I,PRT,Portugal,EMP_RATIO,Employment to population ratio,PT_POP_SUB,Pourcentage de la population dans le même sous-groupe,_T,Total,Y20T64,De 20 à 64 ans,EMP,Employment,1997,,68.981,,A,Valeur normale,,,1,One
DATAFLOW,OECD.ELS.SAE:DSD_LFS@DF_LFS_INDIC(1.1),Emploi et chômage par groupe d'âge quinquennal et par sexe - indicateurs,I,SVK,République slovaque,EMP_RATIO,Employment to population ratio,PT_POP_SUB,Pourcentage de la population dans le même sous-groupe,_T,Total,Y20T64,De 20 à 64 ans,EMP,Employment,1997,,68.035,,A,Valeur normale,,,1,One
DATAFLOW,OECD.ELS.SAE:DSD_LFS@DF_LFS_INDIC(1.1),Emploi et chômage par groupe d'âge quinquennal et par sexe - indicateurs,I,ESP,Espagne,EMP_RATIO,Employment to population ratio,PT_POP_SUB,Pourcentage de la population dans le même sous-groupe,_T,Total,Y20T64,De 20 à 64 ans,EMP,Employment,1997,,54.294,,A,Valeur normale,,,1,One
DATAFLOW,OECD.ELS.SAE:DSD_LFS@DF_LFS_INDIC(1.1),Emploi et chômage par groupe d'âge quinquennal et par sexe - indicateurs,I,SWE,Suède,EMP_RATIO,Employment to population ratio,PT_POP_SUB,Pourcentage de la population dans le même sous-groupe,_T,Total,Y20T64,De 20 à 64 ans,EMP,Employment,1997,,74.577,,A,Valeur normale,,,1,One
DATAFLOW,OECD.ELS.SAE:DSD_LFS@DF_LFS_INDIC(1.1),Emploi et chômage par groupe d'âge quinquennal et par sexe - indicateurs,I,CHE,Suisse,EMP_RATIO,Employment to population ratio,PT_POP_SUB,Pourcentage de la population dans le même sous-groupe,_T,Total,Y20T64,De 20 à 64 ans,EMP,Employment,1997,,79.532,,A,Valeur normale,,,1,One
DATAFLOW,OECD.ELS.SAE:DSD_LFS@DF_LFS_INDIC(1.1),Emploi et chômage par groupe d'âge quinquennal et par sexe - indicateurs,I,TUR,Türkiye,EMP_RATIO,Employment to population ratio,PT_POP_SUB,Pourcentage de la population dans le même sous-groupe,_T,Total,Y20T64,De 20 à 64 ans,EMP,Employment,1997,,54.745,,A,Valeur normale,,,1,One
DATAFLOW,OECD.ELS.SAE:DSD_LFS@DF_LFS_INDIC(1.1),Emploi et chômage par groupe d'âge quinquennal et par sexe - indicateurs,I,GBR,Royaume-Uni,EMP_RATIO,Employment to population ratio,PT_POP_SUB,Pourcentage de la population dans le même sous-groupe,_T,Total,Y20T64,De 20 à 64 ans,EMP,Employment,1997,,72.317,,A,Valeur normale,,,1,One
DATAFLOW,OECD.ELS.SAE:DSD_LFS@DF_LFS_INDIC(1.1),Emploi et chômage par groupe d'âge quinquennal et par sexe - indicateurs,I,USA,États-Unis,EMP_RATIO,Employment to population ratio,PT_POP_SUB,Pourcentage de la population dans le même sous-groupe,_T,Total,Y20T64,De 20 à 64 ans,EMP,Employment,1997,,76.478,,A,Valeur normale,,,1,One
DATAFLOW,OECD.ELS.SAE:DSD_LFS@DF_LFS_INDIC(1.1),Emploi et chômage par groupe d'âge quinquennal et par sexe - indicateurs,I,G7,G7,EMP_RATIO,Employment to population ratio,PT_POP_SUB,Pourcentage de la population dans le même sous-groupe,_T,Total,Y20T64,De 20 à 64 ans,EMP,Employment,1997,,71.86,,A,Valeur normale,,,1,One
DATAFLOW,OECD.ELS.SAE:DSD_LFS@DF_LFS_INDIC(1.1),Emploi et chômage par groupe d'âge quinquennal et par sexe - indicateurs,I,EU27,Union européenne (27 pays),EMP_RATIO,Employment to population ratio,PT_POP_SUB,Pourcentage de la population dans le même sous-groupe,_T,Total,Y20T64,De 20 à 64 ans,EMP,Employment,1997,,63.878,,A,Valeur normale,,,1,One
DATAFLOW,OECD.ELS.SAE:DSD_LFS@DF_LFS_INDIC(1.1),Emploi et chômage par groupe d'âge quinquennal et par sexe - indicateurs,I,EU19OECD,19 Membres de l'Union européenne et de l'OCDE,EMP_RATIO,Employment to population ratio,PT_POP_SUB,Pourcentage de la population dans le même sous-groupe,_T,Total,Y20T64,De 20 à 64 ans,EMP,Employment,1997,,63.038,,A,Valeur normale,,,1,One
DATAFLOW,OECD.ELS.SAE:DSD_LFS@DF_LFS_INDIC(1.1),Emploi et chômage par groupe d'âge quinquennal et par sexe - indicateurs,I,EU22OECD,22 Membres de l'Union européenne et de l'OCDE,EMP_RATIO,Employment to population ratio,PT_POP_SUB,Pourcentage de la population dans le même sous-groupe,_T,Total,Y20T64,De 20 à 64 ans,EMP,Employment,1997,,63.878,,A,Valeur normale,,,1,One
DATAFLOW,OECD.ELS.SAE:DSD_LFS@DF_LFS_INDIC(1.1),Emploi et chômage par groupe d'âge quinquennal et par sexe - indicateurs,I,OECD,OCDE,EMP_RATIO,Employment to population ratio,PT_POP_SUB,Pourcentage de la population dans le même sous-groupe,_T,Total,Y20T64,De 20 à 64 ans,EMP,Employment,1997,,69.088,,A,Valeur normale,,,1,One
DATAFLOW,OECD.ELS.SAE:DSD_LFS@DF_LFS_INDIC(1.1),Emploi et chômage par groupe d'âge quinquennal et par sexe - indicateurs,I,OECD_REP,Pays moyen de l'OCDE,EMP_RATIO,Employment to population ratio,PT_POP_SUB,Pourcentage de la population dans le même sous-groupe,_T,Total,Y20T64,De 20 à 64 ans,EMP,Employment,1997,,68.301,,A,Valeur normale,,,1,One
DATAFLOW,OECD.ELS.SAE:DSD_LFS@DF_LFS_INDIC(1.1),Emploi et chômage par groupe d'âge quinquennal et par sexe - indicateurs,I,RUS,Russie,EMP_RATIO,Employment to population ratio,PT_POP_SUB,Pourcentage de la population dans le même sous-groupe,_T,Total,Y20T64,De 20 à 64 ans,EMP,Employment,1997,,66.668,,A,Valeur normale,,,1,One
DATAFLOW,OECD.ELS.SAE:DSD_LFS@DF_LFS_INDIC(1.1),Emploi et chômage par groupe d'âge quinquennal et par sexe - indicateurs,I,AUS,Australie,EMP_RATIO,Employment to population ratio,PT_POP_SUB,Pourcentage de la population dans le même sous-groupe,_T,Total,Y20T64,De 20 à 64 ans,EMP,Employment,1996,,70.071,,A,Valeur normale,,,1,One
DATAFLOW,OECD.ELS.SAE:DSD_LFS@DF_LFS_INDIC(1.1),Emploi et chômage par groupe d'âge quinquennal et par sexe - indicateurs,I,AUT,Autriche,EMP_RATIO,Employment to population ratio,PT_POP_SUB,Pourcentage de la population dans le même sous-groupe,_T,Total,Y20T64,De 20 à 64 ans,EMP,Employment,1996,,70.412,,A,Valeur normale,,,1,One
DATAFLOW,OECD.ELS.SAE:DSD_LFS@DF_LFS_INDIC(1.1),Emploi et chômage par groupe d'âge quinquennal et par sexe - indicateurs,I,BEL,Belgique,EMP_RATIO,Employment to population ratio,PT_POP_SUB,Pourcentage de la population dans le même sous-groupe,_T,Total,Y20T64,De 20 à 64 ans,EMP,Employment,1996,,61.453,,A,Valeur normale,,,1,One
DATAFLOW,OECD.ELS.SAE:DSD_LFS@DF_LFS_INDIC(1.1),Emploi et chômage par groupe d'âge quinquennal et par sexe - indicateurs,I,CAN,Canada,EMP_RATIO,Employment to population ratio,PT_POP_SUB,Pourcentage de la population dans le même sous-groupe,_T,Total,Y20T64,De 20 à 64 ans,EMP,Employment,1996,,70.5,,A,Valeur normale,,,1,One
DATAFLOW,OECD.ELS.SAE:DSD_LFS@DF_LFS_INDIC(1.1),Emploi et chômage par groupe d'âge quinquennal et par sexe - indicateurs,I,CHL,Chili,EMP_RATIO,Employment to population ratio,PT_POP_SUB,Pourcentage de la population dans le même sous-groupe,_T,Total,Y20T64,De 20 à 64 ans,EMP,Employment,1996,,62.184,,A,Valeur normale,,,1,One
DATAFLOW,OECD.ELS.SAE:DSD_LFS@DF_LFS_INDIC(1.1),Emploi et chômage par groupe d'âge quinquennal et par sexe - indicateurs,I,CRI,Costa Rica,EMP_RATIO,Employment to population ratio,PT_POP_SUB,Pourcentage de la population dans le même sous-groupe,_T,Total,Y20T64,De 20 à 64 ans,EMP,Employment,1996,,61.168,,A,Valeur normale,,,1,One
DATAFLOW,OECD.ELS.SAE:DSD_LFS@DF_LFS_INDIC(1.1),Emploi et chômage par groupe d'âge quinquennal et par sexe - indicateurs,I,CZE,Tchéquie,EMP_RATIO,Employment to population ratio,PT_POP_SUB,Pourcentage de la population dans le même sous-groupe,_T,Total,Y20T64,De 20 à 64 ans,EMP,Employment,1996,,75.627,,A,Valeur normale,,,1,One
DATAFLOW,OECD.ELS.SAE:DSD_LFS@DF_LFS_INDIC(1.1),Emploi et chômage par groupe d'âge quinquennal et par sexe - indicateurs,I,DNK,Danemark,EMP_RATIO,Employment to population ratio,PT_POP_SUB,Pourcentage de la population dans le même sous-groupe,_T,Total,Y20T64,De 20 à 64 ans,EMP,Employment,1996,,75.545,,A,Valeur normale,,,1,One
DATAFLOW,OECD.ELS.SAE:DSD_LFS@DF_LFS_INDIC(1.1),Emploi et chômage par groupe d'âge quinquennal et par sexe - indicateurs,I,EST,Estonie,EMP_RATIO,Employment to population ratio,PT_POP_SUB,Pourcentage de la population dans le même sous-groupe,_T,Total,Y20T64,De 20 à 64 ans,EMP,Employment,1996,,70.652,,A,Valeur normale,,,1,One
DATAFLOW,OECD.ELS.SAE:DSD_LFS@DF_LFS_INDIC(1.1),Emploi et chômage par groupe d'âge quinquennal et par sexe - indicateurs,I,FIN,Finlande,EMP_RATIO,Employment to population ratio,PT_POP_SUB,Pourcentage de la population dans le même sous-groupe,_T,Total,Y20T64,De 20 à 64 ans,EMP,Employment,1996,,67.173,,A,Valeur normale,,,1,One
DATAFLOW,OECD.ELS.SAE:DSD_LFS@DF_LFS_INDIC(1.1),Emploi et chômage par groupe d'âge quinquennal et par sexe - indicateurs,I,FRA,France,EMP_RATIO,Employment to population ratio,PT_POP_SUB,Pourcentage de la population dans le même sous-groupe,_T,Total,Y20T64,De 20 à 64 ans,EMP,Employment,1996,,66.867,,A,Valeur normale,,,1,One
DATAFLOW,OECD.ELS.SAE:DSD_LFS@DF_LFS_INDIC(1.1),Emploi et chômage par groupe d'âge quinquennal et par sexe - indicateurs,I,DEU,Allemagne,EMP_RATIO,Employment to population ratio,PT_POP_SUB,Pourcentage de la population dans le même sous-groupe,_T,Total,Y20T64,De 20 à 64 ans,EMP,Employment,1996,,67.428,,A,Valeur normale,,,1,One
DATAFLOW,OECD.ELS.SAE:DSD_LFS@DF_LFS_INDIC(1.1),Emploi et chômage par groupe d'âge quinquennal et par sexe - indicateurs,I,GRC,Grèce,EMP_RATIO,Employment to population ratio,PT_POP_SUB,Pourcentage de la population dans le même sous-groupe,_T,Total,Y20T64,De 20 à 64 ans,EMP,Employment,1996,,60.399,,A,Valeur normale,,,1,One
DATAFLOW,OECD.ELS.SAE:DSD_LFS@DF_LFS_INDIC(1.1),Emploi et chômage par groupe d'âge quinquennal et par sexe - indicateurs,I,HUN,Hongrie,EMP_RATIO,Employment to population ratio,PT_POP_SUB,Pourcentage de la population dans le même sous-groupe,_T,Total,Y20T64,De 20 à 64 ans,EMP,Employment,1996,,58.525,,A,Valeur normale,,,1,One
DATAFLOW,OECD.ELS.SAE:DSD_LFS@DF_LFS_INDIC(1.1),Emploi et chômage par groupe d'âge quinquennal et par sexe - indicateurs,I,ISL,Islande,EMP_RATIO,Employment to population ratio,PT_POP_SUB,Pourcentage de la population dans le même sous-groupe,_T,Total,Y20T64,De 20 à 64 ans,EMP,Employment,1996,,86.374,,A,Valeur normale,,,1,One
DATAFLOW,OECD.ELS.SAE:DSD_LFS@DF_LFS_INDIC(1.1),Emploi et chômage par groupe d'âge quinquennal et par sexe - indicateurs,I,IRL,Irlande,EMP_RATIO,Employment to population ratio,PT_POP_SUB,Pourcentage de la population dans le même sous-groupe,_T,Total,Y20T64,De 20 à 64 ans,EMP,Employment,1996,,61.598,,A,Valeur normale,,,1,One
DATAFLOW,OECD.ELS.SAE:DSD_LFS@DF_LFS_INDIC(1.1),Emploi et chômage par groupe d'âge quinquennal et par sexe - indicateurs,I,ISR,Israël,EMP_RATIO,Employment to population ratio,PT_POP_SUB,Pourcentage de la population dans le même sous-groupe,_T,Total,Y20T64,De 20 à 64 ans,EMP,Employment,1996,,67.843,,A,Valeur normale,,,1,One
DATAFLOW,OECD.ELS.SAE:DSD_LFS@DF_LFS_INDIC(1.1),Emploi et chômage par groupe d'âge quinquennal et par sexe - indicateurs,I,ITA,Italie,EMP_RATIO,Employment to population ratio,PT_POP_SUB,Pourcentage de la population dans le même sous-groupe,_T,Total,Y20T64,De 20 à 64 ans,EMP,Employment,1996,,55.31,,A,Valeur normale,,,1,One
DATAFLOW,OECD.ELS.SAE:DSD_LFS@DF_LFS_INDIC(1.1),Emploi et chômage par groupe d'âge quinquennal et par sexe - indicateurs,I,JPN,Japon,EMP_RATIO,Employment to population ratio,PT_POP_SUB,Pourcentage de la population dans le même sous-groupe,_T,Total,Y20T64,De 20 à 64 ans,EMP,Employment,1996,,75.165,,A,Valeur normale,,,1,One
DATAFLOW,OECD.ELS.SAE:DSD_LFS@DF_LFS_INDIC(1.1),Emploi et chômage par groupe d'âge quinquennal et par sexe - indicateurs,I,KOR,Corée,EMP_RATIO,Employment to population ratio,PT_POP_SUB,Pourcentage de la population dans le même sous-groupe,_T,Total,Y20T64,De 20 à 64 ans,EMP,Employment,1996,,71.226,,A,Valeur normale,,,1,One
DATAFLOW,OECD.ELS.SAE:DSD_LFS@DF_LFS_INDIC(1.1),Emploi et chômage par groupe d'âge quinquennal et par sexe - indicateurs,I,LUX,Luxembourg,EMP_RATIO,Employment to population ratio,PT_POP_SUB,Pourcentage de la population dans le même sous-groupe,_T,Total,Y20T64,De 20 à 64 ans,EMP,Employment,1996,,63.208,,A,Valeur normale,,,1,One
DATAFLOW,OECD.ELS.SAE:DSD_LFS@DF_LFS_INDIC(1.1),Emploi et chômage par groupe d'âge quinquennal et par sexe - indicateurs,I,MEX,Mexique,EMP_RATIO,Employment to population ratio,PT_POP_SUB,Pourcentage de la population dans le même sous-groupe,_T,Total,Y20T64,De 20 à 64 ans,EMP,Employment,1996,,62.189,,A,Valeur normale,,,1,One
DATAFLOW,OECD.ELS.SAE:DSD_LFS@DF_LFS_INDIC(1.1),Emploi et chômage par groupe d'âge quinquennal et par sexe - indicateurs,I,NLD,Pays-Bas,EMP_RATIO,Employment to population ratio,PT_POP_SUB,Pourcentage de la population dans le même sous-groupe,_T,Total,Y20T64,De 20 à 64 ans,EMP,Employment,1996,,68.295,,A,Valeur normale,,,1,One
DATAFLOW,OECD.ELS.SAE:DSD_LFS@DF_LFS_INDIC(1.1),Emploi et chômage par groupe d'âge quinquennal et par sexe - indicateurs,I,NZL,Nouvelle-Zélande,EMP_RATIO,Employment to population ratio,PT_POP_SUB,Pourcentage de la population dans le même sous-groupe,_T,Total,Y20T64,De 20 à 64 ans,EMP,Employment,1996,,73.612,,A,Valeur normale,,,1,One
DATAFLOW,OECD.ELS.SAE:DSD_LFS@DF_LFS_INDIC(1.1),Emploi et chômage par groupe d'âge quinquennal et par sexe - indicateurs,I,NOR,Norvège,EMP_RATIO,Employment to population ratio,PT_POP_SUB,Pourcentage de la population dans le même sous-groupe,_T,Total,Y20T64,De 20 à 64 ans,EMP,Employment,1996,,78.674,,A,Valeur normale,,,1,One
DATAFLOW,OECD.ELS.SAE:DSD_LFS@DF_LFS_INDIC(1.1),Emploi et chômage par groupe d'âge quinquennal et par sexe - indicateurs,I,POL,Pologne,EMP_RATIO,Employment to population ratio,PT_POP_SUB,Pourcentage de la population dans le même sous-groupe,_T,Total,Y20T64,De 20 à 64 ans,EMP,Employment,1996,,64.539,,A,Valeur normale,,,1,One
DATAFLOW,OECD.ELS.SAE:DSD_LFS@DF_LFS_INDIC(1.1),Emploi et chômage par groupe d'âge quinquennal et par sexe - indicateurs,I,PRT,Portugal,EMP_RATIO,Employment to population ratio,PT_POP_SUB,Pourcentage de la population dans le même sous-groupe,_T,Total,Y20T64,De 20 à 64 ans,EMP,Employment,1996,,68.001,,A,Valeur normale,,,1,One
DATAFLOW,OECD.ELS.SAE:DSD_LFS@DF_LFS_INDIC(1.1),Emploi et chômage par groupe d'âge quinquennal et par sexe - indicateurs,I,SVK,République slovaque,EMP_RATIO,Employment to population ratio,PT_POP_SUB,Pourcentage de la population dans le même sous-groupe,_T,Total,Y20T64,De 20 à 64 ans,EMP,Employment,1996,,69.308,,A,Valeur normale,,,1,One
DATAFLOW,OECD.ELS.SAE:DSD_LFS@DF_LFS_INDIC(1.1),Emploi et chômage par groupe d'âge quinquennal et par sexe - indicateurs,I,ESP,Espagne,EMP_RATIO,Employment to population ratio,PT_POP_SUB,Pourcentage de la population dans le même sous-groupe,_T,Total,Y20T64,De 20 à 64 ans,EMP,Employment,1996,,52.846,,A,Valeur normale,,,1,One
DATAFLOW,OECD.ELS.SAE:DSD_LFS@DF_LFS_INDIC(1.1),Emploi et chômage par groupe d'âge quinquennal et par sexe - indicateurs,I,SWE,Suède,EMP_RATIO,Employment to population ratio,PT_POP_SUB,Pourcentage de la population dans le même sous-groupe,_T,Total,Y20T64,De 20 à 64 ans,EMP,Employment,1996,,75.458,,A,Valeur normale,,,1,One
DATAFLOW,OECD.ELS.SAE:DSD_LFS@DF_LFS_INDIC(1.1),Emploi et chômage par groupe d'âge quinquennal et par sexe - indicateurs,I,CHE,Suisse,EMP_RATIO,Employment to population ratio,PT_POP_SUB,Pourcentage de la population dans le même sous-groupe,_T,Total,Y20T64,De 20 à 64 ans,EMP,Employment,1996,,79.593,,A,Valeur normale,,,1,One
DATAFLOW,OECD.ELS.SAE:DSD_LFS@DF_LFS_INDIC(1.1),Emploi et chômage par groupe d'âge quinquennal et par sexe - indicateurs,I,TUR,Türkiye,EMP_RATIO,Employment to population ratio,PT_POP_SUB,Pourcentage de la population dans le même sous-groupe,_T,Total,Y20T64,De 20 à 64 ans,EMP,Employment,1996,,55.829,,A,Valeur normale,,,1,One
DATAFLOW,OECD.ELS.SAE:DSD_LFS@DF_LFS_INDIC(1.1),Emploi et chômage par groupe d'âge quinquennal et par sexe - indicateurs,I,GBR,Royaume-Uni,EMP_RATIO,Employment to population ratio,PT_POP_SUB,Pourcentage de la population dans le même sous-groupe,_T,Total,Y20T64,De 20 à 64 ans,EMP,Employment,1996,,71.234,,A,Valeur normale,,,1,One
DATAFLOW,OECD.ELS.SAE:DSD_LFS@DF_LFS_INDIC(1.1),Emploi et chômage par groupe d'âge quinquennal et par sexe - indicateurs,I,USA,États-Unis,EMP_RATIO,Employment to population ratio,PT_POP_SUB,Pourcentage de la population dans le même sous-groupe,_T,Total,Y20T64,De 20 à 64 ans,EMP,Employment,1996,,75.707,,A,Valeur normale,,,1,One
DATAFLOW,OECD.ELS.SAE:DSD_LFS@DF_LFS_INDIC(1.1),Emploi et chômage par groupe d'âge quinquennal et par sexe - indicateurs,I,G7,G7,EMP_RATIO,Employment to population ratio,PT_POP_SUB,Pourcentage de la population dans le même sous-groupe,_T,Total,Y20T64,De 20 à 64 ans,EMP,Employment,1996,,71.425,,A,Valeur normale,,,1,One
DATAFLOW,OECD.ELS.SAE:DSD_LFS@DF_LFS_INDIC(1.1),Emploi et chômage par groupe d'âge quinquennal et par sexe - indicateurs,I,EU27,Union européenne (27 pays),EMP_RATIO,Employment to population ratio,PT_POP_SUB,Pourcentage de la population dans le même sous-groupe,_T,Total,Y20T64,De 20 à 64 ans,EMP,Employment,1996,,63.715,,A,Valeur normale,,,1,One
DATAFLOW,OECD.ELS.SAE:DSD_LFS@DF_LFS_INDIC(1.1),Emploi et chômage par groupe d'âge quinquennal et par sexe - indicateurs,I,EU19OECD,19 Membres de l'Union européenne et de l'OCDE,EMP_RATIO,Employment to population ratio,PT_POP_SUB,Pourcentage de la population dans le même sous-groupe,_T,Total,Y20T64,De 20 à 64 ans,EMP,Employment,1996,,62.867,,A,Valeur normale,,,1,One
DATAFLOW,OECD.ELS.SAE:DSD_LFS@DF_LFS_INDIC(1.1),Emploi et chômage par groupe d'âge quinquennal et par sexe - indicateurs,I,EU22OECD,22 Membres de l'Union européenne et de l'OCDE,EMP_RATIO,Employment to population ratio,PT_POP_SUB,Pourcentage de la population dans le même sous-groupe,_T,Total,Y20T64,De 20 à 64 ans,EMP,Employment,1996,,63.715,,A,Valeur normale,,,1,One
DATAFLOW,OECD.ELS.SAE:DSD_LFS@DF_LFS_INDIC(1.1),Emploi et chômage par groupe d'âge quinquennal et par sexe - indicateurs,I,OECD,OCDE,EMP_RATIO,Employment to population ratio,PT_POP_SUB,Pourcentage de la population dans le même sous-groupe,_T,Total,Y20T64,De 20 à 64 ans,EMP,Employment,1996,,68.62,,A,Valeur normale,,,1,One
DATAFLOW,OECD.ELS.SAE:DSD_LFS@DF_LFS_INDIC(1.1),Emploi et chômage par groupe d'âge quinquennal et par sexe - indicateurs,I,OECD_REP,Pays moyen de l'OCDE,EMP_RATIO,Employment to population ratio,PT_POP_SUB,Pourcentage de la population dans le même sous-groupe,_T,Total,Y20T64,De 20 à 64 ans,EMP,Employment,1996,,67.927,,A,Valeur normale,,,1,One
DATAFLOW,OECD.ELS.SAE:DSD_LFS@DF_LFS_INDIC(1.1),Emploi et chômage par groupe d'âge quinquennal et par sexe - indicateurs,I,RUS,Russie,EMP_RATIO,Employment to population ratio,PT_POP_SUB,Pourcentage de la population dans le même sous-groupe,_T,Total,Y20T64,De 20 à 64 ans,EMP,Employment,1996,,69.467,,A,Valeur normale,,,1,One
DATAFLOW,OECD.ELS.SAE:DSD_LFS@DF_LFS_INDIC(1.1),Emploi et chômage par groupe d'âge quinquennal et par sexe - indicateurs,I,AUS,Australie,EMP_RATIO,Employment to population ratio,PT_POP_SUB,Pourcentage de la population dans le même sous-groupe,_T,Total,Y20T64,De 20 à 64 ans,EMP,Employment,1999,,70.571,,A,Valeur normale,,,1,One
DATAFLOW,OECD.ELS.SAE:DSD_LFS@DF_LFS_INDIC(1.1),Emploi et chômage par groupe d'âge quinquennal et par sexe - indicateurs,I,AUT,Autriche,EMP_RATIO,Employment to population ratio,PT_POP_SUB,Pourcentage de la population dans le même sous-groupe,_T,Total,Y20T64,De 20 à 64 ans,EMP,Employment,1999,,71.323,,A,Valeur normale,,,1,One
DATAFLOW,OECD.ELS.SAE:DSD_LFS@DF_LFS_INDIC(1.1),Emploi et chômage par groupe d'âge quinquennal et par sexe - indicateurs,I,BEL,Belgique,EMP_RATIO,Employment to population ratio,PT_POP_SUB,Pourcentage de la population dans le même sous-groupe,_T,Total,Y20T64,De 20 à 64 ans,EMP,Employment,1999,,64.259,,A,Valeur normale,,,1,One
DATAFLOW,OECD.ELS.SAE:DSD_LFS@DF_LFS_INDIC(1.1),Emploi et chômage par groupe d'âge quinquennal et par sexe - indicateurs,I,CAN,Canada,EMP_RATIO,Employment to population ratio,PT_POP_SUB,Pourcentage de la population dans le même sous-groupe,_T,Total,Y20T64,De 20 à 64 ans,EMP,Employment,1999,,73.224,,A,Valeur normale,,,1,One
DATAFLOW,OECD.ELS.SAE:DSD_LFS@DF_LFS_INDIC(1.1),Emploi et chômage par groupe d'âge quinquennal et par sexe - indicateurs,I,CHL,Chili,EMP_RATIO,Employment to population ratio,PT_POP_SUB,Pourcentage de la population dans le même sous-groupe,_T,Total,Y20T64,De 20 à 64 ans,EMP,Employment,1999,,60.922,,A,Valeur normale,,,1,One
DATAFLOW,OECD.ELS.SAE:DSD_LFS@DF_LFS_INDIC(1.1),Emploi et chômage par groupe d'âge quinquennal et par sexe - indicateurs,I,CRI,Costa Rica,EMP_RATIO,Employment to population ratio,PT_POP_SUB,Pourcentage de la population dans le même sous-groupe,_T,Total,Y20T64,De 20 à 64 ans,EMP,Employment,1999,,65.412,,A,Valeur normale,,,1,One
DATAFLOW,OECD.ELS.SAE:DSD_LFS@DF_LFS_INDIC(1.1),Emploi et chômage par groupe d'âge quinquennal et par sexe - indicateurs,I,CZE,Tchéquie,EMP_RATIO,Employment to population ratio,PT_POP_SUB,Pourcentage de la population dans le même sous-groupe,_T,Total,Y20T64,De 20 à 64 ans,EMP,Employment,1999,,71.631,,A,Valeur normale,,,1,One
DATAFLOW,OECD.ELS.SAE:DSD_LFS@DF_LFS_INDIC(1.1),Emploi et chômage par groupe d'âge quinquennal et par sexe - indicateurs,I,DNK,Danemark,EMP_RATIO,Employment to population ratio,PT_POP_SUB,Pourcentage de la population dans le même sous-groupe,_T,Total,Y20T64,De 20 à 64 ans,EMP,Employment,1999,,77.924,,A,Valeur normale,,,1,One
DATAFLOW,OECD.ELS.SAE:DSD_LFS@DF_LFS_INDIC(1.1),Emploi et chômage par groupe d'âge quinquennal et par sexe - indicateurs,I,EST,Estonie,EMP_RATIO,Employment to population ratio,PT_POP_SUB,Pourcentage de la population dans le même sous-groupe,_T,Total,Y20T64,De 20 à 64 ans,EMP,Employment,1999,,68.274,,A,Valeur normale,,,1,One
DATAFLOW,OECD.ELS.SAE:DSD_LFS@DF_LFS_INDIC(1.1),Emploi et chômage par groupe d'âge quinquennal et par sexe - indicateurs,I,FIN,Finlande,EMP_RATIO,Employment to population ratio,PT_POP_SUB,Pourcentage de la population dans le même sous-groupe,_T,Total,Y20T64,De 20 à 64 ans,EMP,Employment,1999,,70.976,,A,Valeur normale,,,1,One
DATAFLOW,OECD.ELS.SAE:DSD_LFS@DF_LFS_INDIC(1.1),Emploi et chômage par groupe d'âge quinquennal et par sexe - indicateurs,I,FRA,France,EMP_RATIO,Employment to population ratio,PT_POP_SUB,Pourcentage de la population dans le même sous-groupe,_T,Total,Y20T64,De 20 à 64 ans,EMP,Employment,1999,,67.566,,A,Valeur normale,,,1,One
DATAFLOW,OECD.ELS.SAE:DSD_LFS@DF_LFS_INDIC(1.1),Emploi et chômage par groupe d'âge quinquennal et par sexe - indicateurs,I,DEU,Allemagne,EMP_RATIO,Employment to population ratio,PT_POP_SUB,Pourcentage de la population dans le même sous-groupe,_T,Total,Y20T64,De 20 à 64 ans,EMP,Employment,1999,,68.319,,A,Valeur normale,,,1,One
DATAFLOW,OECD.ELS.SAE:DSD_LFS@DF_LFS_INDIC(1.1),Emploi et chômage par groupe d'âge quinquennal et par sexe - indicateurs,I,GRC,Grèce,EMP_RATIO,Employment to population ratio,PT_POP_SUB,Pourcentage de la population dans le même sous-groupe,_T,Total,Y20T64,De 20 à 64 ans,EMP,Employment,1999,,60.72,,A,Valeur normale,,,1,One
DATAFLOW,OECD.ELS.SAE:DSD_LFS@DF_LFS_INDIC(1.1),Emploi et chômage par groupe d'âge quinquennal et par sexe - indicateurs,I,HUN,Hongrie,EMP_RATIO,Employment to population ratio,PT_POP_SUB,Pourcentage de la population dans le même sous-groupe,_T,Total,Y20T64,De 20 à 64 ans,EMP,Employment,1999,,60.425,,A,Valeur normale,,,1,One
DATAFLOW,OECD.ELS.SAE:DSD_LFS@DF_LFS_INDIC(1.1),Emploi et chômage par groupe d'âge quinquennal et par sexe - indicateurs,I,ISL,Islande,EMP_RATIO,Employment to population ratio,PT_POP_SUB,Pourcentage de la population dans le même sous-groupe,_T,Total,Y20T64,De 20 à 64 ans,EMP,Employment,1999,,88.7,,A,Valeur normale,,,1,One
DATAFLOW,OECD.ELS.SAE:DSD_LFS@DF_LFS_INDIC(1.1),Emploi et chômage par groupe d'âge quinquennal et par sexe - indicateurs,I,IRL,Irlande,EMP_RATIO,Employment to population ratio,PT_POP_SUB,Pourcentage de la population dans le même sous-groupe,_T,Total,Y20T64,De 20 à 64 ans,EMP,Employment,1999,,69.819,,A,Valeur normale,,,1,One
DATAFLOW,OECD.ELS.SAE:DSD_LFS@DF_LFS_INDIC(1.1),Emploi et chômage par groupe d'âge quinquennal et par sexe - indicateurs,I,ISR,Israël,EMP_RATIO,Employment to population ratio,PT_POP_SUB,Pourcentage de la population dans le même sous-groupe,_T,Total,Y20T64,De 20 à 64 ans,EMP,Employment,1999,,66.805,,A,Valeur normale,,,1,One
DATAFLOW,OECD.ELS.SAE:DSD_LFS@DF_LFS_INDIC(1.1),Emploi et chômage par groupe d'âge quinquennal et par sexe - indicateurs,I,ITA,Italie,EMP_RATIO,Employment to population ratio,PT_POP_SUB,Pourcentage de la population dans le même sous-groupe,_T,Total,Y20T64,De 20 à 64 ans,EMP,Employment,1999,,56.602,,A,Valeur normale,,,1,One
DATAFLOW,OECD.ELS.SAE:DSD_LFS@DF_LFS_INDIC(1.1),Emploi et chômage par groupe d'âge quinquennal et par sexe - indicateurs,I,JPN,Japon,EMP_RATIO,Employment to population ratio,PT_POP_SUB,Pourcentage de la population dans le même sous-groupe,_T,Total,Y20T64,De 20 à 64 ans,EMP,Employment,1999,,74.077,,A,Valeur normale,,,1,One
DATAFLOW,OECD.ELS.SAE:DSD_LFS@DF_LFS_INDIC(1.1),Emploi et chômage par groupe d'âge quinquennal et par sexe - indicateurs,I,KOR,Corée,EMP_RATIO,Employment to population ratio,PT_POP_SUB,Pourcentage de la population dans le même sous-groupe,_T,Total,Y20T64,De 20 à 64 ans,EMP,Employment,1999,,66.486,,A,Valeur normale,,,1,One
DATAFLOW,OECD.ELS.SAE:DSD_LFS@DF_LFS_INDIC(1.1),Emploi et chômage par groupe d'âge quinquennal et par sexe - indicateurs,I,LUX,Luxembourg,EMP_RATIO,Employment to population ratio,PT_POP_SUB,Pourcentage de la population dans le même sous-groupe,_T,Total,Y20T64,De 20 à 64 ans,EMP,Employment,1999,,65.957,,A,Valeur normale,,,1,One
DATAFLOW,OECD.ELS.SAE:DSD_LFS@DF_LFS_INDIC(1.1),Emploi et chômage par groupe d'âge quinquennal et par sexe - indicateurs,I,MEX,Mexique,EMP_RATIO,Employment to population ratio,PT_POP_SUB,Pourcentage de la population dans le même sous-groupe,_T,Total,Y20T64,De 20 à 64 ans,EMP,Employment,1999,,64.336,,A,Valeur normale,,,1,One
DATAFLOW,OECD.ELS.SAE:DSD_LFS@DF_LFS_INDIC(1.1),Emploi et chômage par groupe d'âge quinquennal et par sexe - indicateurs,I,NLD,Pays-Bas,EMP_RATIO,Employment to population ratio,PT_POP_SUB,Pourcentage de la population dans le même sous-groupe,_T,Total,Y20T64,De 20 à 64 ans,EMP,Employment,1999,,72.517,,A,Valeur normale,,,1,One
DATAFLOW,OECD.ELS.SAE:DSD_LFS@DF_LFS_INDIC(1.1),Emploi et chômage par groupe d'âge quinquennal et par sexe - indicateurs,I,NZL,Nouvelle-Zélande,EMP_RATIO,Employment to population ratio,PT_POP_SUB,Pourcentage de la population dans le même sous-groupe,_T,Total,Y20T64,De 20 à 64 ans,EMP,Employment,1999,,72.784,,A,Valeur normale,,,1,One
DATAFLOW,OECD.ELS.SAE:DSD_LFS@DF_LFS_INDIC(1.1),Emploi et chômage par groupe d'âge quinquennal et par sexe - indicateurs,I,NOR,Norvège,EMP_RATIO,Employment to population ratio,PT_POP_SUB,Pourcentage de la population dans le même sous-groupe,_T,Total,Y20T64,De 20 à 64 ans,EMP,Employment,1999,,80.79,,A,Valeur normale,,,1,One
DATAFLOW,OECD.ELS.SAE:DSD_LFS@DF_LFS_INDIC(1.1),Emploi et chômage par groupe d'âge quinquennal et par sexe - indicateurs,I,POL,Pologne,EMP_RATIO,Employment to population ratio,PT_POP_SUB,Pourcentage de la population dans le même sous-groupe,_T,Total,Y20T64,De 20 à 64 ans,EMP,Employment,1999,,63.537,,A,Valeur normale,,,1,One
DATAFLOW,OECD.ELS.SAE:DSD_LFS@DF_LFS_INDIC(1.1),Emploi et chômage par groupe d'âge quinquennal et par sexe - indicateurs,I,PRT,Portugal,EMP_RATIO,Employment to population ratio,PT_POP_SUB,Pourcentage de la population dans le même sous-groupe,_T,Total,Y20T64,De 20 à 64 ans,EMP,Employment,1999,,72.605,,A,Valeur normale,,,1,One
DATAFLOW,OECD.ELS.SAE:DSD_LFS@DF_LFS_INDIC(1.1),Emploi et chômage par groupe d'âge quinquennal et par sexe - indicateurs,I,SVK,République slovaque,EMP_RATIO,Employment to population ratio,PT_POP_SUB,Pourcentage de la population dans le même sous-groupe,_T,Total,Y20T64,De 20 à 64 ans,EMP,Employment,1999,,64.974,,A,Valeur normale,,,1,One
DATAFLOW,OECD.ELS.SAE:DSD_LFS@DF_LFS_INDIC(1.1),Emploi et chômage par groupe d'âge quinquennal et par sexe - indicateurs,I,ESP,Espagne,EMP_RATIO,Employment to population ratio,PT_POP_SUB,Pourcentage de la population dans le même sous-groupe,_T,Total,Y20T64,De 20 à 64 ans,EMP,Employment,1999,,58.35,,A,Valeur normale,,,1,One
DATAFLOW,OECD.ELS.SAE:DSD_LFS@DF_LFS_INDIC(1.1),Emploi et chômage par groupe d'âge quinquennal et par sexe - indicateurs,I,SWE,Suède,EMP_RATIO,Employment to population ratio,PT_POP_SUB,Pourcentage de la population dans le même sous-groupe,_T,Total,Y20T64,De 20 à 64 ans,EMP,Employment,1999,,76.502,,A,Valeur normale,,,1,One
DATAFLOW,OECD.ELS.SAE:DSD_LFS@DF_LFS_INDIC(1.1),Emploi et chômage par groupe d'âge quinquennal et par sexe - indicateurs,I,CHE,Suisse,EMP_RATIO,Employment to population ratio,PT_POP_SUB,Pourcentage de la population dans le même sous-groupe,_T,Total,Y20T64,De 20 à 64 ans,EMP,Employment,1999,,80.925,,A,Valeur normale,,,1,One
DATAFLOW,OECD.ELS.SAE:DSD_LFS@DF_LFS_INDIC(1.1),Emploi et chômage par groupe d'âge quinquennal et par sexe - indicateurs,I,TUR,Türkiye,EMP_RATIO,Employment to population ratio,PT_POP_SUB,Pourcentage de la population dans le même sous-groupe,_T,Total,Y20T64,De 20 à 64 ans,EMP,Employment,1999,,54.035,,A,Valeur normale,,,1,One
DATAFLOW,OECD.ELS.SAE:DSD_LFS@DF_LFS_INDIC(1.1),Emploi et chômage par groupe d'âge quinquennal et par sexe - indicateurs,I,GBR,Royaume-Uni,EMP_RATIO,Employment to population ratio,PT_POP_SUB,Pourcentage de la population dans le même sous-groupe,_T,Total,Y20T64,De 20 à 64 ans,EMP,Employment,1999,,73.334,,A,Valeur normale,,,1,One
DATAFLOW,OECD.ELS.SAE:DSD_LFS@DF_LFS_INDIC(1.1),Emploi et chômage par groupe d'âge quinquennal et par sexe - indicateurs,I,USA,États-Unis,EMP_RATIO,Employment to population ratio,PT_POP_SUB,Pourcentage de la population dans le même sous-groupe,_T,Total,Y20T64,De 20 à 64 ans,EMP,Employment,1999,,76.894,,A,Valeur normale,,,1,One
DATAFLOW,OECD.ELS.SAE:DSD_LFS@DF_LFS_INDIC(1.1),Emploi et chômage par groupe d'âge quinquennal et par sexe - indicateurs,I,G7,G7,EMP_RATIO,Employment to population ratio,PT_POP_SUB,Pourcentage de la population dans le même sous-groupe,_T,Total,Y20T64,De 20 à 64 ans,EMP,Employment,1999,,72.299,,A,Valeur normale,,,1,One
DATAFLOW,OECD.ELS.SAE:DSD_LFS@DF_LFS_INDIC(1.1),Emploi et chômage par groupe d'âge quinquennal et par sexe - indicateurs,I,EU27,Union européenne (27 pays),EMP_RATIO,Employment to population ratio,PT_POP_SUB,Pourcentage de la population dans le même sous-groupe,_T,Total,Y20T64,De 20 à 64 ans,EMP,Employment,1999,,65.119,,A,Valeur normale,,,1,One
DATAFLOW,OECD.ELS.SAE:DSD_LFS@DF_LFS_INDIC(1.1),Emploi et chômage par groupe d'âge quinquennal et par sexe - indicateurs,I,EU19OECD,19 Membres de l'Union européenne et de l'OCDE,EMP_RATIO,Employment to population ratio,PT_POP_SUB,Pourcentage de la population dans le même sous-groupe,_T,Total,Y20T64,De 20 à 64 ans,EMP,Employment,1999,,64.71,,A,Valeur normale,,,1,One
DATAFLOW,OECD.ELS.SAE:DSD_LFS@DF_LFS_INDIC(1.1),Emploi et chômage par groupe d'âge quinquennal et par sexe - indicateurs,I,EU22OECD,22 Membres de l'Union européenne et de l'OCDE,EMP_RATIO,Employment to population ratio,PT_POP_SUB,Pourcentage de la population dans le même sous-groupe,_T,Total,Y20T64,De 20 à 64 ans,EMP,Employment,1999,,65.119,,A,Valeur normale,,,1,One
DATAFLOW,OECD.ELS.SAE:DSD_LFS@DF_LFS_INDIC(1.1),Emploi et chômage par groupe d'âge quinquennal et par sexe - indicateurs,I,OECD,OCDE,EMP_RATIO,Employment to population ratio,PT_POP_SUB,Pourcentage de la population dans le même sous-groupe,_T,Total,Y20T64,De 20 à 64 ans,EMP,Employment,1999,,69.283,,A,Valeur normale,,,1,One
DATAFLOW,OECD.ELS.SAE:DSD_LFS@DF_LFS_INDIC(1.1),Emploi et chômage par groupe d'âge quinquennal et par sexe - indicateurs,I,OECD_REP,Pays moyen de l'OCDE,EMP_RATIO,Employment to population ratio,PT_POP_SUB,Pourcentage de la population dans le même sous-groupe,_T,Total,Y20T64,De 20 à 64 ans,EMP,Employment,1999,,69,,A,Valeur normale,,,1,One
DATAFLOW,OECD.ELS.SAE:DSD_LFS@DF_LFS_INDIC(1.1),Emploi et chômage par groupe d'âge quinquennal et par sexe - indicateurs,I,RUS,Russie,EMP_RATIO,Employment to population ratio,PT_POP_SUB,Pourcentage de la population dans le même sous-groupe,_T,Total,Y20T64,De 20 à 64 ans,EMP,Employment,1999,,67.832,,A,Valeur normale,,,1,One
DATAFLOW,OECD.ELS.SAE:DSD_LFS@DF_LFS_INDIC(1.1),Emploi et chômage par groupe d'âge quinquennal et par sexe - indicateurs,I,AUS,Australie,EMP_RATIO,Employment to population ratio,PT_POP_SUB,Pourcentage de la population dans le même sous-groupe,_T,Total,Y20T64,De 20 à 64 ans,EMP,Employment,1998,,70.247,,A,Valeur normale,,,1,One
DATAFLOW,OECD.ELS.SAE:DSD_LFS@DF_LFS_INDIC(1.1),Emploi et chômage par groupe d'âge quinquennal et par sexe - indicateurs,I,AUT,Autriche,EMP_RATIO,Employment to population ratio,PT_POP_SUB,Pourcentage de la population dans le même sous-groupe,_T,Total,Y20T64,De 20 à 64 ans,EMP,Employment,1998,,70.647,,A,Valeur normale,,,1,One
DATAFLOW,OECD.ELS.SAE:DSD_LFS@DF_LFS_INDIC(1.1),Emploi et chômage par groupe d'âge quinquennal et par sexe - indicateurs,I,BEL,Belgique,EMP_RATIO,Employment to population ratio,PT_POP_SUB,Pourcentage de la population dans le même sous-groupe,_T,Total,Y20T64,De 20 à 64 ans,EMP,Employment,1998,,62.645,,A,Valeur normale,,,1,One
DATAFLOW,OECD.ELS.SAE:DSD_LFS@DF_LFS_INDIC(1.1),Emploi et chômage par groupe d'âge quinquennal et par sexe - indicateurs,I,CAN,Canada,EMP_RATIO,Employment to population ratio,PT_POP_SUB,Pourcentage de la population dans le même sous-groupe,_T,Total,Y20T64,De 20 à 64 ans,EMP,Employment,1998,,72.319,,A,Valeur normale,,,1,One
DATAFLOW,OECD.ELS.SAE:DSD_LFS@DF_LFS_INDIC(1.1),Emploi et chômage par groupe d'âge quinquennal et par sexe - indicateurs,I,CHL,Chili,EMP_RATIO,Employment to population ratio,PT_POP_SUB,Pourcentage de la population dans le même sous-groupe,_T,Total,Y20T64,De 20 à 64 ans,EMP,Employment,1998,,62.932,,A,Valeur normale,,,1,One
DATAFLOW,OECD.ELS.SAE:DSD_LFS@DF_LFS_INDIC(1.1),Emploi et chômage par groupe d'âge quinquennal et par sexe - indicateurs,I,CRI,Costa Rica,EMP_RATIO,Employment to population ratio,PT_POP_SUB,Pourcentage de la population dans le même sous-groupe,_T,Total,Y20T64,De 20 à 64 ans,EMP,Employment,1998,,65.467,,A,Valeur normale,,,1,One
DATAFLOW,OECD.ELS.SAE:DSD_LFS@DF_LFS_INDIC(1.1),Emploi et chômage par groupe d'âge quinquennal et par sexe - indicateurs,I,CZE,Tchéquie,EMP_RATIO,Employment to population ratio,PT_POP_SUB,Pourcentage de la population dans le même sous-groupe,_T,Total,Y20T64,De 20 à 64 ans,EMP,Employment,1998,,73.493,,A,Valeur normale,,,1,One
DATAFLOW,OECD.ELS.SAE:DSD_LFS@DF_LFS_INDIC(1.1),Emploi et chômage par groupe d'âge quinquennal et par sexe - indicateurs,I,DNK,Danemark,EMP_RATIO,Employment to population ratio,PT_POP_SUB,Pourcentage de la population dans le même sous-groupe,_T,Total,Y20T64,De 20 à 64 ans,EMP,Employment,1998,,76.89,,A,Valeur normale,,,1,One
DATAFLOW,OECD.ELS.SAE:DSD_LFS@DF_LFS_INDIC(1.1),Emploi et chômage par groupe d'âge quinquennal et par sexe - indicateurs,I,EST,Estonie,EMP_RATIO,Employment to population ratio,PT_POP_SUB,Pourcentage de la population dans le même sous-groupe,_T,Total,Y20T64,De 20 à 64 ans,EMP,Employment,1998,,70.863,,A,Valeur normale,,,1,One
DATAFLOW,OECD.ELS.SAE:DSD_LFS@DF_LFS_INDIC(1.1),Emploi et chômage par groupe d'âge quinquennal et par sexe - indicateurs,I,FIN,Finlande,EMP_RATIO,Employment to population ratio,PT_POP_SUB,Pourcentage de la population dans le même sous-groupe,_T,Total,Y20T64,De 20 à 64 ans,EMP,Employment,1998,,69.194,,A,Valeur normale,,,1,One
DATAFLOW,OECD.ELS.SAE:DSD_LFS@DF_LFS_INDIC(1.1),Emploi et chômage par groupe d'âge quinquennal et par sexe - indicateurs,I,FRA,France,EMP_RATIO,Employment to population ratio,PT_POP_SUB,Pourcentage de la population dans le même sous-groupe,_T,Total,Y20T64,De 20 à 64 ans,EMP,Employment,1998,,66.977,,A,Valeur normale,,,1,One
DATAFLOW,OECD.ELS.SAE:DSD_LFS@DF_LFS_INDIC(1.1),Emploi et chômage par groupe d'âge quinquennal et par sexe - indicateurs,I,DEU,Allemagne,EMP_RATIO,Employment to population ratio,PT_POP_SUB,Pourcentage de la population dans le même sous-groupe,_T,Total,Y20T64,De 20 à 64 ans,EMP,Employment,1998,,68.04,,A,Valeur normale,,,1,One
DATAFLOW,OECD.ELS.SAE:DSD_LFS@DF_LFS_INDIC(1.1),Emploi et chômage par groupe d'âge quinquennal et par sexe - indicateurs,I,GRC,Grèce,EMP_RATIO,Employment to population ratio,PT_POP_SUB,Pourcentage de la population dans le même sous-groupe,_T,Total,Y20T64,De 20 à 64 ans,EMP,Employment,1998,,60.749,,A,Valeur normale,,,1,One
DATAFLOW,OECD.ELS.SAE:DSD_LFS@DF_LFS_INDIC(1.1),Emploi et chômage par groupe d'âge quinquennal et par sexe - indicateurs,I,HUN,Hongrie,EMP_RATIO,Employment to population ratio,PT_POP_SUB,Pourcentage de la population dans le même sous-groupe,_T,Total,Y20T64,De 20 à 64 ans,EMP,Employment,1998,,58.549,,A,Valeur normale,,,1,One
DATAFLOW,OECD.ELS.SAE:DSD_LFS@DF_LFS_INDIC(1.1),Emploi et chômage par groupe d'âge quinquennal et par sexe - indicateurs,I,ISL,Islande,EMP_RATIO,Employment to population ratio,PT_POP_SUB,Pourcentage de la population dans le même sous-groupe,_T,Total,Y20T64,De 20 à 64 ans,EMP,Employment,1998,,87.181,,A,Valeur normale,,,1,One
DATAFLOW,OECD.ELS.SAE:DSD_LFS@DF_LFS_INDIC(1.1),Emploi et chômage par groupe d'âge quinquennal et par sexe - indicateurs,I,IRL,Irlande,EMP_RATIO,Employment to population ratio,PT_POP_SUB,Pourcentage de la population dans le même sous-groupe,_T,Total,Y20T64,De 20 à 64 ans,EMP,Employment,1998,,67.177,,A,Valeur normale,,,1,One
DATAFLOW,OECD.ELS.SAE:DSD_LFS@DF_LFS_INDIC(1.1),Emploi et chômage par groupe d'âge quinquennal et par sexe - indicateurs,I,ISR,Israël,EMP_RATIO,Employment to population ratio,PT_POP_SUB,Pourcentage de la population dans le même sous-groupe,_T,Total,Y20T64,De 20 à 64 ans,EMP,Employment,1998,,66.54,,A,Valeur normale,,,1,One
DATAFLOW,OECD.ELS.SAE:DSD_LFS@DF_LFS_INDIC(1.1),Emploi et chômage par groupe d'âge quinquennal et par sexe - indicateurs,I,ITA,Italie,EMP_RATIO,Employment to population ratio,PT_POP_SUB,Pourcentage de la population dans le même sous-groupe,_T,Total,Y20T64,De 20 à 64 ans,EMP,Employment,1998,,55.856,,A,Valeur normale,,,1,One
DATAFLOW,OECD.ELS.SAE:DSD_LFS@DF_LFS_INDIC(1.1),Emploi et chômage par groupe d'âge quinquennal et par sexe - indicateurs,I,JPN,Japon,EMP_RATIO,Employment to population ratio,PT_POP_SUB,Pourcentage de la population dans le même sous-groupe,_T,Total,Y20T64,De 20 à 64 ans,EMP,Employment,1998,,74.82,,A,Valeur normale,,,1,One
DATAFLOW,OECD.ELS.SAE:DSD_LFS@DF_LFS_INDIC(1.1),Emploi et chômage par groupe d'âge quinquennal et par sexe - indicateurs,I,KOR,Corée,EMP_RATIO,Employment to population ratio,PT_POP_SUB,Pourcentage de la population dans le même sous-groupe,_T,Total,Y20T64,De 20 à 64 ans,EMP,Employment,1998,,66.346,,A,Valeur normale,,,1,One
DATAFLOW,OECD.ELS.SAE:DSD_LFS@DF_LFS_INDIC(1.1),Emploi et chômage par groupe d'âge quinquennal et par sexe - indicateurs,I,LUX,Luxembourg,EMP_RATIO,Employment to population ratio,PT_POP_SUB,Pourcentage de la population dans le même sous-groupe,_T,Total,Y20T64,De 20 à 64 ans,EMP,Employment,1998,,64.673,,A,Valeur normale,,,1,One
DATAFLOW,OECD.ELS.SAE:DSD_LFS@DF_LFS_INDIC(1.1),Emploi et chômage par groupe d'âge quinquennal et par sexe - indicateurs,I,MEX,Mexique,EMP_RATIO,Employment to population ratio,PT_POP_SUB,Pourcentage de la population dans le même sous-groupe,_T,Total,Y20T64,De 20 à 64 ans,EMP,Employment,1998,,64.323,,A,Valeur normale,,,1,One
DATAFLOW,OECD.ELS.SAE:DSD_LFS@DF_LFS_INDIC(1.1),Emploi et chômage par groupe d'âge quinquennal et par sexe - indicateurs,I,NLD,Pays-Bas,EMP_RATIO,Employment to population ratio,PT_POP_SUB,Pourcentage de la population dans le même sous-groupe,_T,Total,Y20T64,De 20 à 64 ans,EMP,Employment,1998,,71.415,,A,Valeur normale,,,1,One
DATAFLOW,OECD.ELS.SAE:DSD_LFS@DF_LFS_INDIC(1.1),Emploi et chômage par groupe d'âge quinquennal et par sexe - indicateurs,I,NZL,Nouvelle-Zélande,EMP_RATIO,Employment to population ratio,PT_POP_SUB,Pourcentage de la population dans le même sous-groupe,_T,Total,Y20T64,De 20 à 64 ans,EMP,Employment,1998,,72.118,,A,Valeur normale,,,1,One
DATAFLOW,OECD.ELS.SAE:DSD_LFS@DF_LFS_INDIC(1.1),Emploi et chômage par groupe d'âge quinquennal et par sexe - indicateurs,I,NOR,Norvège,EMP_RATIO,Employment to population ratio,PT_POP_SUB,Pourcentage de la population dans le même sous-groupe,_T,Total,Y20T64,De 20 à 64 ans,EMP,Employment,1998,,81.219,,A,Valeur normale,,,1,One
DATAFLOW,OECD.ELS.SAE:DSD_LFS@DF_LFS_INDIC(1.1),Emploi et chômage par groupe d'âge quinquennal et par sexe - indicateurs,I,POL,Pologne,EMP_RATIO,Employment to population ratio,PT_POP_SUB,Pourcentage de la population dans le même sous-groupe,_T,Total,Y20T64,De 20 à 64 ans,EMP,Employment,1998,,65.472,,A,Valeur normale,,,1,One
DATAFLOW,OECD.ELS.SAE:DSD_LFS@DF_LFS_INDIC(1.1),Emploi et chômage par groupe d'âge quinquennal et par sexe - indicateurs,I,PRT,Portugal,EMP_RATIO,Employment to population ratio,PT_POP_SUB,Pourcentage de la population dans le même sous-groupe,_T,Total,Y20T64,De 20 à 64 ans,EMP,Employment,1998,,72.059,,A,Valeur normale,,,1,One
DATAFLOW,OECD.ELS.SAE:DSD_LFS@DF_LFS_INDIC(1.1),Emploi et chômage par groupe d'âge quinquennal et par sexe - indicateurs,I,SVK,République slovaque,EMP_RATIO,Employment to population ratio,PT_POP_SUB,Pourcentage de la population dans le même sous-groupe,_T,Total,Y20T64,De 20 à 64 ans,EMP,Employment,1998,,67.415,,A,Valeur normale,,,1,One
DATAFLOW,OECD.ELS.SAE:DSD_LFS@DF_LFS_INDIC(1.1),Emploi et chômage par groupe d'âge quinquennal et par sexe - indicateurs,I,ESP,Espagne,EMP_RATIO,Employment to population ratio,PT_POP_SUB,Pourcentage de la population dans le même sous-groupe,_T,Total,Y20T64,De 20 à 64 ans,EMP,Employment,1998,,55.934,,A,Valeur normale,,,1,One
DATAFLOW,OECD.ELS.SAE:DSD_LFS@DF_LFS_INDIC(1.1),Emploi et chômage par groupe d'âge quinquennal et par sexe - indicateurs,I,SWE,Suède,EMP_RATIO,Employment to population ratio,PT_POP_SUB,Pourcentage de la population dans le même sous-groupe,_T,Total,Y20T64,De 20 à 64 ans,EMP,Employment,1998,,75.334,,A,Valeur normale,,,1,One
DATAFLOW,OECD.ELS.SAE:DSD_LFS@DF_LFS_INDIC(1.1),Emploi et chômage par groupe d'âge quinquennal et par sexe - indicateurs,I,CHE,Suisse,EMP_RATIO,Employment to population ratio,PT_POP_SUB,Pourcentage de la population dans le même sous-groupe,_T,Total,Y20T64,De 20 à 64 ans,EMP,Employment,1998,,80.426,,A,Valeur normale,,,1,One
DATAFLOW,OECD.ELS.SAE:DSD_LFS@DF_LFS_INDIC(1.1),Emploi et chômage par groupe d'âge quinquennal et par sexe - indicateurs,I,TUR,Türkiye,EMP_RATIO,Employment to population ratio,PT_POP_SUB,Pourcentage de la population dans le même sous-groupe,_T,Total,Y20T64,De 20 à 64 ans,EMP,Employment,1998,,54.797,,A,Valeur normale,,,1,One
DATAFLOW,OECD.ELS.SAE:DSD_LFS@DF_LFS_INDIC(1.1),Emploi et chômage par groupe d'âge quinquennal et par sexe - indicateurs,I,GBR,Royaume-Uni,EMP_RATIO,Employment to population ratio,PT_POP_SUB,Pourcentage de la population dans le même sous-groupe,_T,Total,Y20T64,De 20 à 64 ans,EMP,Employment,1998,,72.641,,A,Valeur normale,,,1,One
DATAFLOW,OECD.ELS.SAE:DSD_LFS@DF_LFS_INDIC(1.1),Emploi et chômage par groupe d'âge quinquennal et par sexe - indicateurs,I,USA,États-Unis,EMP_RATIO,Employment to population ratio,PT_POP_SUB,Pourcentage de la population dans le même sous-groupe,_T,Total,Y20T64,De 20 à 64 ans,EMP,Employment,1998,,76.707,,A,Valeur normale,,,1,One
DATAFLOW,OECD.ELS.SAE:DSD_LFS@DF_LFS_INDIC(1.1),Emploi et chômage par groupe d'âge quinquennal et par sexe - indicateurs,I,G7,G7,EMP_RATIO,Employment to population ratio,PT_POP_SUB,Pourcentage de la population dans le même sous-groupe,_T,Total,Y20T64,De 20 à 64 ans,EMP,Employment,1998,,72.1,,A,Valeur normale,,,1,One
DATAFLOW,OECD.ELS.SAE:DSD_LFS@DF_LFS_INDIC(1.1),Emploi et chômage par groupe d'âge quinquennal et par sexe - indicateurs,I,EU27,Union européenne (27 pays),EMP_RATIO,Employment to population ratio,PT_POP_SUB,Pourcentage de la population dans le même sous-groupe,_T,Total,Y20T64,De 20 à 64 ans,EMP,Employment,1998,,64.638,,A,Valeur normale,,,1,One
DATAFLOW,OECD.ELS.SAE:DSD_LFS@DF_LFS_INDIC(1.1),Emploi et chômage par groupe d'âge quinquennal et par sexe - indicateurs,I,EU19OECD,19 Membres de l'Union européenne et de l'OCDE,EMP_RATIO,Employment to population ratio,PT_POP_SUB,Pourcentage de la population dans le même sous-groupe,_T,Total,Y20T64,De 20 à 64 ans,EMP,Employment,1998,,63.939,,A,Valeur normale,,,1,One
DATAFLOW,OECD.ELS.SAE:DSD_LFS@DF_LFS_INDIC(1.1),Emploi et chômage par groupe d'âge quinquennal et par sexe - indicateurs,I,EU22OECD,22 Membres de l'Union européenne et de l'OCDE,EMP_RATIO,Employment to population ratio,PT_POP_SUB,Pourcentage de la population dans le même sous-groupe,_T,Total,Y20T64,De 20 à 64 ans,EMP,Employment,1998,,64.638,,A,Valeur normale,,,1,One
DATAFLOW,OECD.ELS.SAE:DSD_LFS@DF_LFS_INDIC(1.1),Emploi et chômage par groupe d'âge quinquennal et par sexe - indicateurs,I,OECD,OCDE,EMP_RATIO,Employment to population ratio,PT_POP_SUB,Pourcentage de la population dans le même sous-groupe,_T,Total,Y20T64,De 20 à 64 ans,EMP,Employment,1998,,69.152,,A,Valeur normale,,,1,One
DATAFLOW,OECD.ELS.SAE:DSD_LFS@DF_LFS_INDIC(1.1),Emploi et chômage par groupe d'âge quinquennal et par sexe - indicateurs,I,OECD_REP,Pays moyen de l'OCDE,EMP_RATIO,Employment to population ratio,PT_POP_SUB,Pourcentage de la population dans le même sous-groupe,_T,Total,Y20T64,De 20 à 64 ans,EMP,Employment,1998,,68.711,,A,Valeur normale,,,1,One
DATAFLOW,OECD.ELS.SAE:DSD_LFS@DF_LFS_INDIC(1.1),Emploi et chômage par groupe d'âge quinquennal et par sexe - indicateurs,I,RUS,Russie,EMP_RATIO,Employment to population ratio,PT_POP_SUB,Pourcentage de la population dans le même sous-groupe,_T,Total,Y20T64,De 20 à 64 ans,EMP,Employment,1998,,64.797,,A,Valeur normale,,,1,One
DATAFLOW,OECD.ELS.SAE:DSD_LFS@DF_LFS_INDIC(1.1),Emploi et chômage par groupe d'âge quinquennal et par sexe - indicateurs,I,AUS,Australie,EMP_RATIO,Employment to population ratio,PT_POP_SUB,Pourcentage de la population dans le même sous-groupe,_T,Total,Y20T64,De 20 à 64 ans,EMP,Employment,1995,,70.092,,A,Valeur normale,,,1,One
DATAFLOW,OECD.ELS.SAE:DSD_LFS@DF_LFS_INDIC(1.1),Emploi et chômage par groupe d'âge quinquennal et par sexe - indicateurs,I,AUT,Autriche,EMP_RATIO,Employment to population ratio,PT_POP_SUB,Pourcentage de la population dans le même sous-groupe,_T,Total,Y20T64,De 20 à 64 ans,EMP,Employment,1995,,71.253,,A,Valeur normale,,,1,One
DATAFLOW,OECD.ELS.SAE:DSD_LFS@DF_LFS_INDIC(1.1),Emploi et chômage par groupe d'âge quinquennal et par sexe - indicateurs,I,BEL,Belgique,EMP_RATIO,Employment to population ratio,PT_POP_SUB,Pourcentage de la population dans le même sous-groupe,_T,Total,Y20T64,De 20 à 64 ans,EMP,Employment,1995,,61.448,,A,Valeur normale,,,1,One
DATAFLOW,OECD.ELS.SAE:DSD_LFS@DF_LFS_INDIC(1.1),Emploi et chômage par groupe d'âge quinquennal et par sexe - indicateurs,I,CAN,Canada,EMP_RATIO,Employment to population ratio,PT_POP_SUB,Pourcentage de la population dans le même sous-groupe,_T,Total,Y20T64,De 20 à 64 ans,EMP,Employment,1995,,70.462,,A,Valeur normale,,,1,One
DATAFLOW,OECD.ELS.SAE:DSD_LFS@DF_LFS_INDIC(1.1),Emploi et chômage par groupe d'âge quinquennal et par sexe - indicateurs,I,CRI,Costa Rica,EMP_RATIO,Employment to population ratio,PT_POP_SUB,Pourcentage de la population dans le même sous-groupe,_T,Total,Y20T64,De 20 à 64 ans,EMP,Employment,1995,,63.563,,A,Valeur normale,,,1,One
DATAFLOW,OECD.ELS.SAE:DSD_LFS@DF_LFS_INDIC(1.1),Emploi et chômage par groupe d'âge quinquennal et par sexe - indicateurs,I,CZE,Tchéquie,EMP_RATIO,Employment to population ratio,PT_POP_SUB,Pourcentage de la population dans le même sous-groupe,_T,Total,Y20T64,De 20 à 64 ans,EMP,Employment,1995,,75.638,,A,Valeur normale,,,1,One
DATAFLOW,OECD.ELS.SAE:DSD_LFS@DF_LFS_INDIC(1.1),Emploi et chômage par groupe d'âge quinquennal et par sexe - indicateurs,I,DNK,Danemark,EMP_RATIO,Employment to population ratio,PT_POP_SUB,Pourcentage de la population dans le même sous-groupe,_T,Total,Y20T64,De 20 à 64 ans,EMP,Employment,1995,,75.278,,A,Valeur normale,,,1,One
DATAFLOW,OECD.ELS.SAE:DSD_LFS@DF_LFS_INDIC(1.1),Emploi et chômage par groupe d'âge quinquennal et par sexe - indicateurs,I,EST,Estonie,EMP_RATIO,Employment to population ratio,PT_POP_SUB,Pourcentage de la population dans le même sous-groupe,_T,Total,Y20T64,De 20 à 64 ans,EMP,Employment,1995,,71.389,,A,Valeur normale,,,1,One
DATAFLOW,OECD.ELS.SAE:DSD_LFS@DF_LFS_INDIC(1.1),Emploi et chômage par groupe d'âge quinquennal et par sexe - indicateurs,I,FIN,Finlande,EMP_RATIO,Employment to population ratio,PT_POP_SUB,Pourcentage de la population dans le même sous-groupe,_T,Total,Y20T64,De 20 à 64 ans,EMP,Employment,1995,,66.31,,A,Valeur normale,,,1,One
DATAFLOW,OECD.ELS.SAE:DSD_LFS@DF_LFS_INDIC(1.1),Emploi et chômage par groupe d'âge quinquennal et par sexe - indicateurs,I,FRA,France,EMP_RATIO,Employment to population ratio,PT_POP_SUB,Pourcentage de la population dans le même sous-groupe,_T,Total,Y20T64,De 20 à 64 ans,EMP,Employment,1995,,66.594,,A,Valeur normale,,,1,One
DATAFLOW,OECD.ELS.SAE:DSD_LFS@DF_LFS_INDIC(1.1),Emploi et chômage par groupe d'âge quinquennal et par sexe - indicateurs,I,DEU,Allemagne,EMP_RATIO,Employment to population ratio,PT_POP_SUB,Pourcentage de la population dans le même sous-groupe,_T,Total,Y20T64,De 20 à 64 ans,EMP,Employment,1995,,67.571,,A,Valeur normale,,,1,One
DATAFLOW,OECD.ELS.SAE:DSD_LFS@DF_LFS_INDIC(1.1),Emploi et chômage par groupe d'âge quinquennal et par sexe - indicateurs,I,GRC,Grèce,EMP_RATIO,Employment to population ratio,PT_POP_SUB,Pourcentage de la population dans le même sous-groupe,_T,Total,Y20T64,De 20 à 64 ans,EMP,Employment,1995,,59.853,,A,Valeur normale,,,1,One
DATAFLOW,OECD.ELS.SAE:DSD_LFS@DF_LFS_INDIC(1.1),Emploi et chômage par groupe d'âge quinquennal et par sexe - indicateurs,I,HUN,Hongrie,EMP_RATIO,Employment to population ratio,PT_POP_SUB,Pourcentage de la population dans le même sous-groupe,_T,Total,Y20T64,De 20 à 64 ans,EMP,Employment,1995,,58.898,,A,Valeur normale,,,1,One
DATAFLOW,OECD.ELS.SAE:DSD_LFS@DF_LFS_INDIC(1.1),Emploi et chômage par groupe d'âge quinquennal et par sexe - indicateurs,I,ISL,Islande,EMP_RATIO,Employment to population ratio,PT_POP_SUB,Pourcentage de la population dans le même sous-groupe,_T,Total,Y20T64,De 20 à 64 ans,EMP,Employment,1995,,86.041,,A,Valeur normale,,,1,One
DATAFLOW,OECD.ELS.SAE:DSD_LFS@DF_LFS_INDIC(1.1),Emploi et chômage par groupe d'âge quinquennal et par sexe - indicateurs,I,IRL,Irlande,EMP_RATIO,Employment to population ratio,PT_POP_SUB,Pourcentage de la population dans le même sous-groupe,_T,Total,Y20T64,De 20 à 64 ans,EMP,Employment,1995,,60.659,,A,Valeur normale,,,1,One
DATAFLOW,OECD.ELS.SAE:DSD_LFS@DF_LFS_INDIC(1.1),Emploi et chômage par groupe d'âge quinquennal et par sexe - indicateurs,I,ISR,Israël,EMP_RATIO,Employment to population ratio,PT_POP_SUB,Pourcentage de la population dans le même sous-groupe,_T,Total,Y20T64,De 20 à 64 ans,EMP,Employment,1995,,68.339,,A,Valeur normale,,,1,One
DATAFLOW,OECD.ELS.SAE:DSD_LFS@DF_LFS_INDIC(1.1),Emploi et chômage par groupe d'âge quinquennal et par sexe - indicateurs,I,ITA,Italie,EMP_RATIO,Employment to population ratio,PT_POP_SUB,Pourcentage de la population dans le même sous-groupe,_T,Total,Y20T64,De 20 à 64 ans,EMP,Employment,1995,,55.163,,A,Valeur normale,,,1,One
DATAFLOW,OECD.ELS.SAE:DSD_LFS@DF_LFS_INDIC(1.1),Emploi et chômage par groupe d'âge quinquennal et par sexe - indicateurs,I,JPN,Japon,EMP_RATIO,Employment to population ratio,PT_POP_SUB,Pourcentage de la population dans le même sous-groupe,_T,Total,Y20T64,De 20 à 64 ans,EMP,Employment,1995,,75.08,,A,Valeur normale,,,1,One
DATAFLOW,OECD.ELS.SAE:DSD_LFS@DF_LFS_INDIC(1.1),Emploi et chômage par groupe d'âge quinquennal et par sexe - indicateurs,I,KOR,Corée,EMP_RATIO,Employment to population ratio,PT_POP_SUB,Pourcentage de la population dans le même sous-groupe,_T,Total,Y20T64,De 20 à 64 ans,EMP,Employment,1995,,70.853,,A,Valeur normale,,,1,One
DATAFLOW,OECD.ELS.SAE:DSD_LFS@DF_LFS_INDIC(1.1),Emploi et chômage par groupe d'âge quinquennal et par sexe - indicateurs,I,LUX,Luxembourg,EMP_RATIO,Employment to population ratio,PT_POP_SUB,Pourcentage de la population dans le même sous-groupe,_T,Total,Y20T64,De 20 à 64 ans,EMP,Employment,1995,,62.389,,A,Valeur normale,,,1,One
DATAFLOW,OECD.ELS.SAE:DSD_LFS@DF_LFS_INDIC(1.1),Emploi et chômage par groupe d'âge quinquennal et par sexe - indicateurs,I,MEX,Mexique,EMP_RATIO,Employment to population ratio,PT_POP_SUB,Pourcentage de la population dans le même sous-groupe,_T,Total,Y20T64,De 20 à 64 ans,EMP,Employment,1995,,61.109,,A,Valeur normale,,,1,One
DATAFLOW,OECD.ELS.SAE:DSD_LFS@DF_LFS_INDIC(1.1),Emploi et chômage par groupe d'âge quinquennal et par sexe - indicateurs,I,NLD,Pays-Bas,EMP_RATIO,Employment to population ratio,PT_POP_SUB,Pourcentage de la population dans le même sous-groupe,_T,Total,Y20T64,De 20 à 64 ans,EMP,Employment,1995,,67.597,,A,Valeur normale,,,1,One
DATAFLOW,OECD.ELS.SAE:DSD_LFS@DF_LFS_INDIC(1.1),Emploi et chômage par groupe d'âge quinquennal et par sexe - indicateurs,I,NZL,Nouvelle-Zélande,EMP_RATIO,Employment to population ratio,PT_POP_SUB,Pourcentage de la population dans le même sous-groupe,_T,Total,Y20T64,De 20 à 64 ans,EMP,Employment,1995,,72.645,,A,Valeur normale,,,1,One
DATAFLOW,OECD.ELS.SAE:DSD_LFS@DF_LFS_INDIC(1.1),Emploi et chômage par groupe d'âge quinquennal et par sexe - indicateurs,I,NOR,Norvège,EMP_RATIO,Employment to population ratio,PT_POP_SUB,Pourcentage de la population dans le même sous-groupe,_T,Total,Y20T64,De 20 à 64 ans,EMP,Employment,1995,,77.003,,A,Valeur normale,,,1,One
DATAFLOW,OECD.ELS.SAE:DSD_LFS@DF_LFS_INDIC(1.1),Emploi et chômage par groupe d'âge quinquennal et par sexe - indicateurs,I,POL,Pologne,EMP_RATIO,Employment to population ratio,PT_POP_SUB,Pourcentage de la population dans le même sous-groupe,_T,Total,Y20T64,De 20 à 64 ans,EMP,Employment,1995,,64.296,,A,Valeur normale,,,1,One
DATAFLOW,OECD.ELS.SAE:DSD_LFS@DF_LFS_INDIC(1.1),Emploi et chômage par groupe d'âge quinquennal et par sexe - indicateurs,I,PRT,Portugal,EMP_RATIO,Employment to population ratio,PT_POP_SUB,Pourcentage de la population dans le même sous-groupe,_T,Total,Y20T64,De 20 à 64 ans,EMP,Employment,1995,,67.826,,A,Valeur normale,,,1,One
DATAFLOW,OECD.ELS.SAE:DSD_LFS@DF_LFS_INDIC(1.1),Emploi et chômage par groupe d'âge quinquennal et par sexe - indicateurs,I,SVK,République slovaque,EMP_RATIO,Employment to population ratio,PT_POP_SUB,Pourcentage de la population dans le même sous-groupe,_T,Total,Y20T64,De 20 à 64 ans,EMP,Employment,1995,,67.377,,A,Valeur normale,,,1,One
DATAFLOW,OECD.ELS.SAE:DSD_LFS@DF_LFS_INDIC(1.1),Emploi et chômage par groupe d'âge quinquennal et par sexe - indicateurs,I,ESP,Espagne,EMP_RATIO,Employment to population ratio,PT_POP_SUB,Pourcentage de la population dans le même sous-groupe,_T,Total,Y20T64,De 20 à 64 ans,EMP,Employment,1995,,51.807,,A,Valeur normale,,,1,One
DATAFLOW,OECD.ELS.SAE:DSD_LFS@DF_LFS_INDIC(1.1),Emploi et chômage par groupe d'âge quinquennal et par sexe - indicateurs,I,SWE,Suède,EMP_RATIO,Employment to population ratio,PT_POP_SUB,Pourcentage de la population dans le même sous-groupe,_T,Total,Y20T64,De 20 à 64 ans,EMP,Employment,1995,,76.012,,A,Valeur normale,,,1,One
DATAFLOW,OECD.ELS.SAE:DSD_LFS@DF_LFS_INDIC(1.1),Emploi et chômage par groupe d'âge quinquennal et par sexe - indicateurs,I,CHE,Suisse,EMP_RATIO,Employment to population ratio,PT_POP_SUB,Pourcentage de la population dans le même sous-groupe,_T,Total,Y20T64,De 20 à 64 ans,EMP,Employment,1995,,79.35,,A,Valeur normale,,,1,One
DATAFLOW,OECD.ELS.SAE:DSD_LFS@DF_LFS_INDIC(1.1),Emploi et chômage par groupe d'âge quinquennal et par sexe - indicateurs,I,TUR,Türkiye,EMP_RATIO,Employment to population ratio,PT_POP_SUB,Pourcentage de la population dans le même sous-groupe,_T,Total,Y20T64,De 20 à 64 ans,EMP,Employment,1995,,55.917,,A,Valeur normale,,,1,One
DATAFLOW,OECD.ELS.SAE:DSD_LFS@DF_LFS_INDIC(1.1),Emploi et chômage par groupe d'âge quinquennal et par sexe - indicateurs,I,GBR,Royaume-Uni,EMP_RATIO,Employment to population ratio,PT_POP_SUB,Pourcentage de la population dans le même sous-groupe,_T,Total,Y20T64,De 20 à 64 ans,EMP,Employment,1995,,70.73,,A,Valeur normale,,,1,One
DATAFLOW,OECD.ELS.SAE:DSD_LFS@DF_LFS_INDIC(1.1),Emploi et chômage par groupe d'âge quinquennal et par sexe - indicateurs,I,USA,États-Unis,EMP_RATIO,Employment to population ratio,PT_POP_SUB,Pourcentage de la population dans le même sous-groupe,_T,Total,Y20T64,De 20 à 64 ans,EMP,Employment,1995,,75.225,,A,Valeur normale,,,1,One
DATAFLOW,OECD.ELS.SAE:DSD_LFS@DF_LFS_INDIC(1.1),Emploi et chômage par groupe d'âge quinquennal et par sexe - indicateurs,I,G7,G7,EMP_RATIO,Employment to population ratio,PT_POP_SUB,Pourcentage de la population dans le même sous-groupe,_T,Total,Y20T64,De 20 à 64 ans,EMP,Employment,1995,,71.154,,A,Valeur normale,,,1,One
DATAFLOW,OECD.ELS.SAE:DSD_LFS@DF_LFS_INDIC(1.1),Emploi et chômage par groupe d'âge quinquennal et par sexe - indicateurs,I,EU27,Union européenne (27 pays),EMP_RATIO,Employment to population ratio,PT_POP_SUB,Pourcentage de la population dans le même sous-groupe,_T,Total,Y20T64,De 20 à 64 ans,EMP,Employment,1995,,63.509,,A,Valeur normale,,,1,One
DATAFLOW,OECD.ELS.SAE:DSD_LFS@DF_LFS_INDIC(1.1),Emploi et chômage par groupe d'âge quinquennal et par sexe - indicateurs,I,EU19OECD,19 Membres de l'Union européenne et de l'OCDE,EMP_RATIO,Employment to population ratio,PT_POP_SUB,Pourcentage de la population dans le même sous-groupe,_T,Total,Y20T64,De 20 à 64 ans,EMP,Employment,1995,,62.625,,A,Valeur normale,,,1,One
DATAFLOW,OECD.ELS.SAE:DSD_LFS@DF_LFS_INDIC(1.1),Emploi et chômage par groupe d'âge quinquennal et par sexe - indicateurs,I,EU22OECD,22 Membres de l'Union européenne et de l'OCDE,EMP_RATIO,Employment to population ratio,PT_POP_SUB,Pourcentage de la population dans le même sous-groupe,_T,Total,Y20T64,De 20 à 64 ans,EMP,Employment,1995,,63.509,,A,Valeur normale,,,1,One
DATAFLOW,OECD.ELS.SAE:DSD_LFS@DF_LFS_INDIC(1.1),Emploi et chômage par groupe d'âge quinquennal et par sexe - indicateurs,I,OECD,OCDE,EMP_RATIO,Employment to population ratio,PT_POP_SUB,Pourcentage de la population dans le même sous-groupe,_T,Total,Y20T64,De 20 à 64 ans,EMP,Employment,1995,,68.401,,A,Valeur normale,,,1,One
DATAFLOW,OECD.ELS.SAE:DSD_LFS@DF_LFS_INDIC(1.1),Emploi et chômage par groupe d'âge quinquennal et par sexe - indicateurs,I,OECD_REP,Pays moyen de l'OCDE,EMP_RATIO,Employment to population ratio,PT_POP_SUB,Pourcentage de la population dans le même sous-groupe,_T,Total,Y20T64,De 20 à 64 ans,EMP,Employment,1995,,67.859,,A,Valeur normale,,,1,One
DATAFLOW,OECD.ELS.SAE:DSD_LFS@DF_LFS_INDIC(1.1),Emploi et chômage par groupe d'âge quinquennal et par sexe - indicateurs,I,RUS,Russie,EMP_RATIO,Employment to population ratio,PT_POP_SUB,Pourcentage de la population dans le même sous-groupe,_T,Total,Y20T64,De 20 à 64 ans,EMP,Employment,1995,,70.21,,A,Valeur normale,,,1,One
DATAFLOW,OECD.ELS.SAE:DSD_LFS@DF_LFS_INDIC(1.1),Emploi et chômage par groupe d'âge quinquennal et par sexe - indicateurs,I,AUS,Australie,EMP_RATIO,Employment to population ratio,PT_POP_SUB,Pourcentage de la population dans le même sous-groupe,_T,Total,Y20T64,De 20 à 64 ans,EMP,Employment,1994,,68.5967970711092,,A,Valeur normale,,,1,One
DATAFLOW,OECD.ELS.SAE:DSD_LFS@DF_LFS_INDIC(1.1),Emploi et chômage par groupe d'âge quinquennal et par sexe - indicateurs,I,AUT,Autriche,EMP_RATIO,Employment to population ratio,PT_POP_SUB,Pourcentage de la population dans le même sous-groupe,_T,Total,Y20T64,De 20 à 64 ans,EMP,Employment,1994,,70.7408781658581,,A,Valeur normale,,,1,One
DATAFLOW,OECD.ELS.SAE:DSD_LFS@DF_LFS_INDIC(1.1),Emploi et chômage par groupe d'âge quinquennal et par sexe - indicateurs,I,BEL,Belgique,EMP_RATIO,Employment to population ratio,PT_POP_SUB,Pourcentage de la population dans le même sous-groupe,_T,Total,Y20T64,De 20 à 64 ans,EMP,Employment,1994,,60.8205287351135,,A,Valeur normale,,,1,One
DATAFLOW,OECD.ELS.SAE:DSD_LFS@DF_LFS_INDIC(1.1),Emploi et chômage par groupe d'âge quinquennal et par sexe - indicateurs,I,CAN,Canada,EMP_RATIO,Employment to population ratio,PT_POP_SUB,Pourcentage de la population dans le même sous-groupe,_T,Total,Y20T64,De 20 à 64 ans,EMP,Employment,1994,,69.9138923658513,,A,Valeur normale,,,1,One
DATAFLOW,OECD.ELS.SAE:DSD_LFS@DF_LFS_INDIC(1.1),Emploi et chômage par groupe d'âge quinquennal et par sexe - indicateurs,I,CRI,Costa Rica,EMP_RATIO,Employment to population ratio,PT_POP_SUB,Pourcentage de la population dans le même sous-groupe,_T,Total,Y20T64,De 20 à 64 ans,EMP,Employment,1994,,62.8434823214154,,A,Valeur normale,,,1,One
DATAFLOW,OECD.ELS.SAE:DSD_LFS@DF_LFS_INDIC(1.1),Emploi et chômage par groupe d'âge quinquennal et par sexe - indicateurs,I,CZE,Tchéquie,EMP_RATIO,Employment to population ratio,PT_POP_SUB,Pourcentage de la population dans le même sous-groupe,_T,Total,Y20T64,De 20 à 64 ans,EMP,Employment,1994,,74.9818540366065,,A,Valeur normale,,,1,One
DATAFLOW,OECD.ELS.SAE:DSD_LFS@DF_LFS_INDIC(1.1),Emploi et chômage par groupe d'âge quinquennal et par sexe - indicateurs,I,DNK,Danemark,EMP_RATIO,Employment to population ratio,PT_POP_SUB,Pourcentage de la population dans le même sous-groupe,_T,Total,Y20T64,De 20 à 64 ans,EMP,Employment,1994,,74.1187713103385,,A,Valeur normale,,,1,One
DATAFLOW,OECD.ELS.SAE:DSD_LFS@DF_LFS_INDIC(1.1),Emploi et chômage par groupe d'âge quinquennal et par sexe - indicateurs,I,EST,Estonie,EMP_RATIO,Employment to population ratio,PT_POP_SUB,Pourcentage de la population dans le même sous-groupe,_T,Total,Y20T64,De 20 à 64 ans,EMP,Employment,1994,,73.0749304079555,,A,Valeur normale,,,1,One
DATAFLOW,OECD.ELS.SAE:DSD_LFS@DF_LFS_INDIC(1.1),Emploi et chômage par groupe d'âge quinquennal et par sexe - indicateurs,I,FIN,Finlande,EMP_RATIO,Employment to population ratio,PT_POP_SUB,Pourcentage de la population dans le même sous-groupe,_T,Total,Y20T64,De 20 à 64 ans,EMP,Employment,1994,,65.1397011046133,,A,Valeur normale,,,1,One
DATAFLOW,OECD.ELS.SAE:DSD_LFS@DF_LFS_INDIC(1.1),Emploi et chômage par groupe d'âge quinquennal et par sexe - indicateurs,I,FRA,France,EMP_RATIO,Employment to population ratio,PT_POP_SUB,Pourcentage de la population dans le même sous-groupe,_T,Total,Y20T64,De 20 à 64 ans,EMP,Employment,1994,,66.005731999766,,A,Valeur normale,,,1,One
DATAFLOW,OECD.ELS.SAE:DSD_LFS@DF_LFS_INDIC(1.1),Emploi et chômage par groupe d'âge quinquennal et par sexe - indicateurs,I,DEU,Allemagne,EMP_RATIO,Employment to population ratio,PT_POP_SUB,Pourcentage de la population dans le même sous-groupe,_T,Total,Y20T64,De 20 à 64 ans,EMP,Employment,1994,,67.2188334340225,,A,Valeur normale,,,1,One
DATAFLOW,OECD.ELS.SAE:DSD_LFS@DF_LFS_INDIC(1.1),Emploi et chômage par groupe d'âge quinquennal et par sexe - indicateurs,I,GRC,Grèce,EMP_RATIO,Employment to population ratio,PT_POP_SUB,Pourcentage de la population dans le même sous-groupe,_T,Total,Y20T64,De 20 à 64 ans,EMP,Employment,1994,,59.2714927516347,,A,Valeur normale,,,1,One
DATAFLOW,OECD.ELS.SAE:DSD_LFS@DF_LFS_INDIC(1.1),Emploi et chômage par groupe d'âge quinquennal et par sexe - indicateurs,I,HUN,Hongrie,EMP_RATIO,Employment to population ratio,PT_POP_SUB,Pourcentage de la population dans le même sous-groupe,_T,Total,Y20T64,De 20 à 64 ans,EMP,Employment,1994,,59.3212421536279,,A,Valeur normale,,,1,One
DATAFLOW,OECD.ELS.SAE:DSD_LFS@DF_LFS_INDIC(1.1),Emploi et chômage par groupe d'âge quinquennal et par sexe - indicateurs,I,ISL,Islande,EMP_RATIO,Employment to population ratio,PT_POP_SUB,Pourcentage de la population dans le même sous-groupe,_T,Total,Y20T64,De 20 à 64 ans,EMP,Employment,1994,,84.5053773726717,,A,Valeur normale,,,1,One
DATAFLOW,OECD.ELS.SAE:DSD_LFS@DF_LFS_INDIC(1.1),Emploi et chômage par groupe d'âge quinquennal et par sexe - indicateurs,I,IRL,Irlande,EMP_RATIO,Employment to population ratio,PT_POP_SUB,Pourcentage de la population dans le même sous-groupe,_T,Total,Y20T64,De 20 à 64 ans,EMP,Employment,1994,,58.728981588773,,A,Valeur normale,,,1,One
DATAFLOW,OECD.ELS.SAE:DSD_LFS@DF_LFS_INDIC(1.1),Emploi et chômage par groupe d'âge quinquennal et par sexe - indicateurs,I,ISR,Israël,EMP_RATIO,Employment to population ratio,PT_POP_SUB,Pourcentage de la population dans le même sous-groupe,_T,Total,Y20T64,De 20 à 64 ans,EMP,Employment,1994,,67.226002763623,,A,Valeur normale,,,1,One
DATAFLOW,OECD.ELS.SAE:DSD_LFS@DF_LFS_INDIC(1.1),Emploi et chômage par groupe d'âge quinquennal et par sexe - indicateurs,I,ITA,Italie,EMP_RATIO,Employment to population ratio,PT_POP_SUB,Pourcentage de la population dans le même sous-groupe,_T,Total,Y20T64,De 20 à 64 ans,EMP,Employment,1994,,55.7216347527865,,A,Valeur normale,,,1,One
DATAFLOW,OECD.ELS.SAE:DSD_LFS@DF_LFS_INDIC(1.1),Emploi et chômage par groupe d'âge quinquennal et par sexe - indicateurs,I,JPN,Japon,EMP_RATIO,Employment to population ratio,PT_POP_SUB,Pourcentage de la population dans le même sous-groupe,_T,Total,Y20T64,De 20 à 64 ans,EMP,Employment,1994,,75.3428168653082,,A,Valeur normale,,,1,One
DATAFLOW,OECD.ELS.SAE:DSD_LFS@DF_LFS_INDIC(1.1),Emploi et chômage par groupe d'âge quinquennal et par sexe - indicateurs,I,KOR,Corée,EMP_RATIO,Employment to population ratio,PT_POP_SUB,Pourcentage de la population dans le même sous-groupe,_T,Total,Y20T64,De 20 à 64 ans,EMP,Employment,1994,,70.1308929977872,,A,Valeur normale,,,1,One
DATAFLOW,OECD.ELS.SAE:DSD_LFS@DF_LFS_INDIC(1.1),Emploi et chômage par groupe d'âge quinquennal et par sexe - indicateurs,I,LUX,Luxembourg,EMP_RATIO,Employment to population ratio,PT_POP_SUB,Pourcentage de la population dans le même sous-groupe,_T,Total,Y20T64,De 20 à 64 ans,EMP,Employment,1994,,63.9144011678997,,A,Valeur normale,,,1,One
DATAFLOW,OECD.ELS.SAE:DSD_LFS@DF_LFS_INDIC(1.1),Emploi et chômage par groupe d'âge quinquennal et par sexe - indicateurs,I,MEX,Mexique,EMP_RATIO,Employment to population ratio,PT_POP_SUB,Pourcentage de la population dans le même sous-groupe,_T,Total,Y20T64,De 20 à 64 ans,EMP,Employment,1994,,62.5733681211007,,A,Valeur normale,,,1,One
DATAFLOW,OECD.ELS.SAE:DSD_LFS@DF_LFS_INDIC(1.1),Emploi et chômage par groupe d'âge quinquennal et par sexe - indicateurs,I,NLD,Pays-Bas,EMP_RATIO,Employment to population ratio,PT_POP_SUB,Pourcentage de la population dans le même sous-groupe,_T,Total,Y20T64,De 20 à 64 ans,EMP,Employment,1994,,66.4225175264204,,A,Valeur normale,,,1,One
DATAFLOW,OECD.ELS.SAE:DSD_LFS@DF_LFS_INDIC(1.1),Emploi et chômage par groupe d'âge quinquennal et par sexe - indicateurs,I,NZL,Nouvelle-Zélande,EMP_RATIO,Employment to population ratio,PT_POP_SUB,Pourcentage de la population dans le même sous-groupe,_T,Total,Y20T64,De 20 à 64 ans,EMP,Employment,1994,,70.721651658776,,A,Valeur normale,,,1,One
DATAFLOW,OECD.ELS.SAE:DSD_LFS@DF_LFS_INDIC(1.1),Emploi et chômage par groupe d'âge quinquennal et par sexe - indicateurs,I,NOR,Norvège,EMP_RATIO,Employment to population ratio,PT_POP_SUB,Pourcentage de la population dans le même sous-groupe,_T,Total,Y20T64,De 20 à 64 ans,EMP,Employment,1994,,75.7898894154818,,A,Valeur normale,,,1,One
DATAFLOW,OECD.ELS.SAE:DSD_LFS@DF_LFS_INDIC(1.1),Emploi et chômage par groupe d'âge quinquennal et par sexe - indicateurs,I,POL,Pologne,EMP_RATIO,Employment to population ratio,PT_POP_SUB,Pourcentage de la population dans le même sous-groupe,_T,Total,Y20T64,De 20 à 64 ans,EMP,Employment,1994,,64.2390300230946,,A,Valeur normale,,,1,One
DATAFLOW,OECD.ELS.SAE:DSD_LFS@DF_LFS_INDIC(1.1),Emploi et chômage par groupe d'âge quinquennal et par sexe - indicateurs,I,PRT,Portugal,EMP_RATIO,Employment to population ratio,PT_POP_SUB,Pourcentage de la population dans le même sous-groupe,_T,Total,Y20T64,De 20 à 64 ans,EMP,Employment,1994,,68.444278488747,,A,Valeur normale,,,1,One
DATAFLOW,OECD.ELS.SAE:DSD_LFS@DF_LFS_INDIC(1.1),Emploi et chômage par groupe d'âge quinquennal et par sexe - indicateurs,I,SVK,République slovaque,EMP_RATIO,Employment to population ratio,PT_POP_SUB,Pourcentage de la population dans le même sous-groupe,_T,Total,Y20T64,De 20 à 64 ans,EMP,Employment,1994,,66.9058355001151,,A,Valeur normale,,,1,One
DATAFLOW,OECD.ELS.SAE:DSD_LFS@DF_LFS_INDIC(1.1),Emploi et chômage par groupe d'âge quinquennal et par sexe - indicateurs,I,ESP,Espagne,EMP_RATIO,Employment to population ratio,PT_POP_SUB,Pourcentage de la population dans le même sous-groupe,_T,Total,Y20T64,De 20 à 64 ans,EMP,Employment,1994,,50.8997418244406,,A,Valeur normale,,,1,One
DATAFLOW,OECD.ELS.SAE:DSD_LFS@DF_LFS_INDIC(1.1),Emploi et chômage par groupe d'âge quinquennal et par sexe - indicateurs,I,SWE,Suède,EMP_RATIO,Employment to population ratio,PT_POP_SUB,Pourcentage de la population dans le même sous-groupe,_T,Total,Y20T64,De 20 à 64 ans,EMP,Employment,1994,,75.4824734147302,,A,Valeur normale,,,1,One
DATAFLOW,OECD.ELS.SAE:DSD_LFS@DF_LFS_INDIC(1.1),Emploi et chômage par groupe d'âge quinquennal et par sexe - indicateurs,I,CHE,Suisse,EMP_RATIO,Employment to population ratio,PT_POP_SUB,Pourcentage de la population dans le même sous-groupe,_T,Total,Y20T64,De 20 à 64 ans,EMP,Employment,1994,,78.5342865878209,,A,Valeur normale,,,1,One
DATAFLOW,OECD.ELS.SAE:DSD_LFS@DF_LFS_INDIC(1.1),Emploi et chômage par groupe d'âge quinquennal et par sexe - indicateurs,I,TUR,Türkiye,EMP_RATIO,Employment to population ratio,PT_POP_SUB,Pourcentage de la population dans le même sous-groupe,_T,Total,Y20T64,De 20 à 64 ans,EMP,Employment,1994,,55.5799331979828,,A,Valeur normale,,,1,One
DATAFLOW,OECD.ELS.SAE:DSD_LFS@DF_LFS_INDIC(1.1),Emploi et chômage par groupe d'âge quinquennal et par sexe - indicateurs,I,GBR,Royaume-Uni,EMP_RATIO,Employment to population ratio,PT_POP_SUB,Pourcentage de la population dans le même sous-groupe,_T,Total,Y20T64,De 20 à 64 ans,EMP,Employment,1994,,70.2247691439769,,A,Valeur normale,,,1,One
DATAFLOW,OECD.ELS.SAE:DSD_LFS@DF_LFS_INDIC(1.1),Emploi et chômage par groupe d'âge quinquennal et par sexe - indicateurs,I,USA,États-Unis,EMP_RATIO,Employment to population ratio,PT_POP_SUB,Pourcentage de la population dans le même sous-groupe,_T,Total,Y20T64,De 20 à 64 ans,EMP,Employment,1994,,74.6799290270238,,A,Valeur normale,,,1,One
DATAFLOW,OECD.ELS.SAE:DSD_LFS@DF_LFS_INDIC(1.1),Emploi et chômage par groupe d'âge quinquennal et par sexe - indicateurs,I,G7,G7,EMP_RATIO,Employment to population ratio,PT_POP_SUB,Pourcentage de la population dans le même sous-groupe,_T,Total,Y20T64,De 20 à 64 ans,EMP,Employment,1994,,70.8816224874626,,A,Valeur normale,,,1,One
DATAFLOW,OECD.ELS.SAE:DSD_LFS@DF_LFS_INDIC(1.1),Emploi et chômage par groupe d'âge quinquennal et par sexe - indicateurs,I,EU27,Union européenne (27 pays),EMP_RATIO,Employment to population ratio,PT_POP_SUB,Pourcentage de la population dans le même sous-groupe,_T,Total,Y20T64,De 20 à 64 ans,EMP,Employment,1994,,63.19842690531,,A,Valeur normale,,,1,One
DATAFLOW,OECD.ELS.SAE:DSD_LFS@DF_LFS_INDIC(1.1),Emploi et chômage par groupe d'âge quinquennal et par sexe - indicateurs,I,EU19OECD,19 Membres de l'Union européenne et de l'OCDE,EMP_RATIO,Employment to population ratio,PT_POP_SUB,Pourcentage de la population dans le même sous-groupe,_T,Total,Y20T64,De 20 à 64 ans,EMP,Employment,1994,,62.2923850001336,,A,Valeur normale,,,1,One
DATAFLOW,OECD.ELS.SAE:DSD_LFS@DF_LFS_INDIC(1.1),Emploi et chômage par groupe d'âge quinquennal et par sexe - indicateurs,I,EU22OECD,22 Membres de l'Union européenne et de l'OCDE,EMP_RATIO,Employment to population ratio,PT_POP_SUB,Pourcentage de la population dans le même sous-groupe,_T,Total,Y20T64,De 20 à 64 ans,EMP,Employment,1994,,63.19842690531,,A,Valeur normale,,,1,One
DATAFLOW,OECD.ELS.SAE:DSD_LFS@DF_LFS_INDIC(1.1),Emploi et chômage par groupe d'âge quinquennal et par sexe - indicateurs,I,OECD,OCDE,EMP_RATIO,Employment to population ratio,PT_POP_SUB,Pourcentage de la population dans le même sous-groupe,_T,Total,Y20T64,De 20 à 64 ans,EMP,Employment,1994,,68.1930219207285,,A,Valeur normale,,,1,One
DATAFLOW,OECD.ELS.SAE:DSD_LFS@DF_LFS_INDIC(1.1),Emploi et chômage par groupe d'âge quinquennal et par sexe - indicateurs,I,OECD_REP,Pays moyen de l'OCDE,EMP_RATIO,Employment to population ratio,PT_POP_SUB,Pourcentage de la population dans le même sous-groupe,_T,Total,Y20T64,De 20 à 64 ans,EMP,Employment,1994,,67.5186650695901,,A,Valeur normale,,,1,One
DATAFLOW,OECD.ELS.SAE:DSD_LFS@DF_LFS_INDIC(1.1),Emploi et chômage par groupe d'âge quinquennal et par sexe - indicateurs,I,IND,Inde,EMP_RATIO,Employment to population ratio,PT_POP_SUB,Pourcentage de la population dans le même sous-groupe,_T,Total,Y20T64,De 20 à 64 ans,EMP,Employment,1994,,64.624351465726,,A,Valeur normale,,,1,One
DATAFLOW,OECD.ELS.SAE:DSD_LFS@DF_LFS_INDIC(1.1),Emploi et chômage par groupe d'âge quinquennal et par sexe - indicateurs,I,RUS,Russie,EMP_RATIO,Employment to population ratio,PT_POP_SUB,Pourcentage de la population dans le même sous-groupe,_T,Total,Y20T64,De 20 à 64 ans,EMP,Employment,1994,,71.373786548879,,A,Valeur normale,,,1,One
DATAFLOW,OECD.ELS.SAE:DSD_LFS@DF_LFS_INDIC(1.1),Emploi et chômage par groupe d'âge quinquennal et par sexe - indicateurs,I,DEU_F,Ex-République fédérale d'Allemagne,EMP_RATIO,Employment to population ratio,PT_POP_SUB,Pourcentage de la population dans le même sous-groupe,_T,Total,Y20T64,De 20 à 64 ans,EMP,Employment,1994,,67.7682970796779,,A,Valeur normale,,,1,One
DATAFLOW,OECD.ELS.SAE:DSD_LFS@DF_LFS_INDIC(1.1),Emploi et chômage par groupe d'âge quinquennal et par sexe - indicateurs,I,E,Europe,EMP_RATIO,Employment to population ratio,PT_POP_SUB,Pourcentage de la population dans le même sous-groupe,_T,Total,Y20T64,De 20 à 64 ans,EMP,Employment,1994,,63.5516811808387,,A,Valeur normale,,,1,One
DATAFLOW,OECD.ELS.SAE:DSD_LFS@DF_LFS_INDIC(1.1),Emploi et chômage par groupe d'âge quinquennal et par sexe - indicateurs,I,AUS,Australie,EMP_RATIO,Employment to population ratio,PT_POP_SUB,Pourcentage de la population dans le même sous-groupe,_T,Total,Y20T64,De 20 à 64 ans,EMP,Employment,1993,,67.4633528454072,,A,Valeur normale,,,1,One
DATAFLOW,OECD.ELS.SAE:DSD_LFS@DF_LFS_INDIC(1.1),Emploi et chômage par groupe d'âge quinquennal et par sexe - indicateurs,I,BEL,Belgique,EMP_RATIO,Employment to population ratio,PT_POP_SUB,Pourcentage de la population dans le même sous-groupe,_T,Total,Y20T64,De 20 à 64 ans,EMP,Employment,1993,,61.1038669903984,,A,Valeur normale,,,1,One
DATAFLOW,OECD.ELS.SAE:DSD_LFS@DF_LFS_INDIC(1.1),Emploi et chômage par groupe d'âge quinquennal et par sexe - indicateurs,I,CAN,Canada,EMP_RATIO,Employment to population ratio,PT_POP_SUB,Pourcentage de la population dans le même sous-groupe,_T,Total,Y20T64,De 20 à 64 ans,EMP,Employment,1993,,69.279312258283,,A,Valeur normale,,,1,One
DATAFLOW,OECD.ELS.SAE:DSD_LFS@DF_LFS_INDIC(1.1),Emploi et chômage par groupe d'âge quinquennal et par sexe - indicateurs,I,CRI,Costa Rica,EMP_RATIO,Employment to population ratio,PT_POP_SUB,Pourcentage de la population dans le même sous-groupe,_T,Total,Y20T64,De 20 à 64 ans,EMP,Employment,1993,,62.0988992160213,,A,Valeur normale,,,1,One
DATAFLOW,OECD.ELS.SAE:DSD_LFS@DF_LFS_INDIC(1.1),Emploi et chômage par groupe d'âge quinquennal et par sexe - indicateurs,I,CZE,Tchéquie,EMP_RATIO,Employment to population ratio,PT_POP_SUB,Pourcentage de la population dans le même sous-groupe,_T,Total,Y20T64,De 20 à 64 ans,EMP,Employment,1993,,74.6290238138766,,A,Valeur normale,,,1,One
DATAFLOW,OECD.ELS.SAE:DSD_LFS@DF_LFS_INDIC(1.1),Emploi et chômage par groupe d'âge quinquennal et par sexe - indicateurs,I,DNK,Danemark,EMP_RATIO,Employment to population ratio,PT_POP_SUB,Pourcentage de la population dans le même sous-groupe,_T,Total,Y20T64,De 20 à 64 ans,EMP,Employment,1993,,74.0456725513761,,A,Valeur normale,,,1,One
DATAFLOW,OECD.ELS.SAE:DSD_LFS@DF_LFS_INDIC(1.1),Emploi et chômage par groupe d'âge quinquennal et par sexe - indicateurs,I,EST,Estonie,EMP_RATIO,Employment to population ratio,PT_POP_SUB,Pourcentage de la population dans le même sous-groupe,_T,Total,Y20T64,De 20 à 64 ans,EMP,Employment,1993,,73.7144181475475,,A,Valeur normale,,,1,One
DATAFLOW,OECD.ELS.SAE:DSD_LFS@DF_LFS_INDIC(1.1),Emploi et chômage par groupe d'âge quinquennal et par sexe - indicateurs,I,FIN,Finlande,EMP_RATIO,Employment to population ratio,PT_POP_SUB,Pourcentage de la population dans le même sous-groupe,_T,Total,Y20T64,De 20 à 64 ans,EMP,Employment,1993,,65.7440573103223,,A,Valeur normale,,,1,One
DATAFLOW,OECD.ELS.SAE:DSD_LFS@DF_LFS_INDIC(1.1),Emploi et chômage par groupe d'âge quinquennal et par sexe - indicateurs,I,FRA,France,EMP_RATIO,Employment to population ratio,PT_POP_SUB,Pourcentage de la population dans le même sous-groupe,_T,Total,Y20T64,De 20 à 64 ans,EMP,Employment,1993,,66.3547276419175,,A,Valeur normale,,,1,One
DATAFLOW,OECD.ELS.SAE:DSD_LFS@DF_LFS_INDIC(1.1),Emploi et chômage par groupe d'âge quinquennal et par sexe - indicateurs,I,DEU,Allemagne,EMP_RATIO,Employment to population ratio,PT_POP_SUB,Pourcentage de la population dans le même sous-groupe,_T,Total,Y20T64,De 20 à 64 ans,EMP,Employment,1993,,67.7598828696925,,A,Valeur normale,,,1,One
DATAFLOW,OECD.ELS.SAE:DSD_LFS@DF_LFS_INDIC(1.1),Emploi et chômage par groupe d'âge quinquennal et par sexe - indicateurs,I,GRC,Grèce,EMP_RATIO,Employment to population ratio,PT_POP_SUB,Pourcentage de la population dans le même sous-groupe,_T,Total,Y20T64,De 20 à 64 ans,EMP,Employment,1993,,58.6372693636578,,A,Valeur normale,,,1,One
DATAFLOW,OECD.ELS.SAE:DSD_LFS@DF_LFS_INDIC(1.1),Emploi et chômage par groupe d'âge quinquennal et par sexe - indicateurs,I,HUN,Hongrie,EMP_RATIO,Employment to population ratio,PT_POP_SUB,Pourcentage de la population dans le même sous-groupe,_T,Total,Y20T64,De 20 à 64 ans,EMP,Employment,1993,,60.2863088773936,,A,Valeur normale,,,1,One
DATAFLOW,OECD.ELS.SAE:DSD_LFS@DF_LFS_INDIC(1.1),Emploi et chômage par groupe d'âge quinquennal et par sexe - indicateurs,I,ISL,Islande,EMP_RATIO,Employment to population ratio,PT_POP_SUB,Pourcentage de la population dans le même sous-groupe,_T,Total,Y20T64,De 20 à 64 ans,EMP,Employment,1993,,84.0099722457524,,A,Valeur normale,,,1,One
DATAFLOW,OECD.ELS.SAE:DSD_LFS@DF_LFS_INDIC(1.1),Emploi et chômage par groupe d'âge quinquennal et par sexe - indicateurs,I,IRL,Irlande,EMP_RATIO,Employment to population ratio,PT_POP_SUB,Pourcentage de la population dans le même sous-groupe,_T,Total,Y20T64,De 20 à 64 ans,EMP,Employment,1993,,56.9842350599696,,A,Valeur normale,,,1,One
DATAFLOW,OECD.ELS.SAE:DSD_LFS@DF_LFS_INDIC(1.1),Emploi et chômage par groupe d'âge quinquennal et par sexe - indicateurs,I,ISR,Israël,EMP_RATIO,Employment to population ratio,PT_POP_SUB,Pourcentage de la population dans le même sous-groupe,_T,Total,Y20T64,De 20 à 64 ans,EMP,Employment,1993,,64.7504080224893,,A,Valeur normale,,,1,One
DATAFLOW,OECD.ELS.SAE:DSD_LFS@DF_LFS_INDIC(1.1),Emploi et chômage par groupe d'âge quinquennal et par sexe - indicateurs,I,ITA,Italie,EMP_RATIO,Employment to population ratio,PT_POP_SUB,Pourcentage de la population dans le même sous-groupe,_T,Total,Y20T64,De 20 à 64 ans,EMP,Employment,1993,,56.8050401311814,,A,Valeur normale,,,1,One
DATAFLOW,OECD.ELS.SAE:DSD_LFS@DF_LFS_INDIC(1.1),Emploi et chômage par groupe d'âge quinquennal et par sexe - indicateurs,I,JPN,Japon,EMP_RATIO,Employment to population ratio,PT_POP_SUB,Pourcentage de la population dans le même sous-groupe,_T,Total,Y20T64,De 20 à 64 ans,EMP,Employment,1993,,75.7700734630751,,A,Valeur normale,,,1,One
DATAFLOW,OECD.ELS.SAE:DSD_LFS@DF_LFS_INDIC(1.1),Emploi et chômage par groupe d'âge quinquennal et par sexe - indicateurs,I,KOR,Corée,EMP_RATIO,Employment to population ratio,PT_POP_SUB,Pourcentage de la population dans le même sous-groupe,_T,Total,Y20T64,De 20 à 64 ans,EMP,Employment,1993,,69.2501816235231,,A,Valeur normale,,,1,One
DATAFLOW,OECD.ELS.SAE:DSD_LFS@DF_LFS_INDIC(1.1),Emploi et chômage par groupe d'âge quinquennal et par sexe - indicateurs,I,LUX,Luxembourg,EMP_RATIO,Employment to population ratio,PT_POP_SUB,Pourcentage de la population dans le même sous-groupe,_T,Total,Y20T64,De 20 à 64 ans,EMP,Employment,1993,,64.617758830162,,A,Valeur normale,,,1,One
DATAFLOW,OECD.ELS.SAE:DSD_LFS@DF_LFS_INDIC(1.1),Emploi et chômage par groupe d'âge quinquennal et par sexe - indicateurs,I,MEX,Mexique,EMP_RATIO,Employment to population ratio,PT_POP_SUB,Pourcentage de la population dans le même sous-groupe,_T,Total,Y20T64,De 20 à 64 ans,EMP,Employment,1993,,62.9584160507493,,A,Valeur normale,,,1,One
DATAFLOW,OECD.ELS.SAE:DSD_LFS@DF_LFS_INDIC(1.1),Emploi et chômage par groupe d'âge quinquennal et par sexe - indicateurs,I,NLD,Pays-Bas,EMP_RATIO,Employment to population ratio,PT_POP_SUB,Pourcentage de la population dans le même sous-groupe,_T,Total,Y20T64,De 20 à 64 ans,EMP,Employment,1993,,66.3402821646662,,A,Valeur normale,,,1,One
DATAFLOW,OECD.ELS.SAE:DSD_LFS@DF_LFS_INDIC(1.1),Emploi et chômage par groupe d'âge quinquennal et par sexe - indicateurs,I,NZL,Nouvelle-Zélande,EMP_RATIO,Employment to population ratio,PT_POP_SUB,Pourcentage de la population dans le même sous-groupe,_T,Total,Y20T64,De 20 à 64 ans,EMP,Employment,1993,,69.1291852941351,,A,Valeur normale,,,1,One
DATAFLOW,OECD.ELS.SAE:DSD_LFS@DF_LFS_INDIC(1.1),Emploi et chômage par groupe d'âge quinquennal et par sexe - indicateurs,I,NOR,Norvège,EMP_RATIO,Employment to population ratio,PT_POP_SUB,Pourcentage de la population dans le même sous-groupe,_T,Total,Y20T64,De 20 à 64 ans,EMP,Employment,1993,,75.0398089171974,,A,Valeur normale,,,1,One
DATAFLOW,OECD.ELS.SAE:DSD_LFS@DF_LFS_INDIC(1.1),Emploi et chômage par groupe d'âge quinquennal et par sexe - indicateurs,I,POL,Pologne,EMP_RATIO,Employment to population ratio,PT_POP_SUB,Pourcentage de la population dans le même sous-groupe,_T,Total,Y20T64,De 20 à 64 ans,EMP,Employment,1993,,64.9986669912253,,A,Valeur normale,,,1,One
DATAFLOW,OECD.ELS.SAE:DSD_LFS@DF_LFS_INDIC(1.1),Emploi et chômage par groupe d'âge quinquennal et par sexe - indicateurs,I,PRT,Portugal,EMP_RATIO,Employment to population ratio,PT_POP_SUB,Pourcentage de la population dans le même sous-groupe,_T,Total,Y20T64,De 20 à 64 ans,EMP,Employment,1993,,69.2509742656526,,A,Valeur normale,,,1,One
DATAFLOW,OECD.ELS.SAE:DSD_LFS@DF_LFS_INDIC(1.1),Emploi et chômage par groupe d'âge quinquennal et par sexe - indicateurs,I,ESP,Espagne,EMP_RATIO,Employment to population ratio,PT_POP_SUB,Pourcentage de la population dans le même sous-groupe,_T,Total,Y20T64,De 20 à 64 ans,EMP,Employment,1993,,51.4818237430204,,A,Valeur normale,,,1,One
DATAFLOW,OECD.ELS.SAE:DSD_LFS@DF_LFS_INDIC(1.1),Emploi et chômage par groupe d'âge quinquennal et par sexe - indicateurs,I,SWE,Suède,EMP_RATIO,Employment to population ratio,PT_POP_SUB,Pourcentage de la population dans le même sous-groupe,_T,Total,Y20T64,De 20 à 64 ans,EMP,Employment,1993,,76.7534273792966,,A,Valeur normale,,,1,One
DATAFLOW,OECD.ELS.SAE:DSD_LFS@DF_LFS_INDIC(1.1),Emploi et chômage par groupe d'âge quinquennal et par sexe - indicateurs,I,CHE,Suisse,EMP_RATIO,Employment to population ratio,PT_POP_SUB,Pourcentage de la population dans le même sous-groupe,_T,Total,Y20T64,De 20 à 64 ans,EMP,Employment,1993,,79.5360851375648,,A,Valeur normale,,,1,One
DATAFLOW,OECD.ELS.SAE:DSD_LFS@DF_LFS_INDIC(1.1),Emploi et chômage par groupe d'âge quinquennal et par sexe - indicateurs,I,TUR,Türkiye,EMP_RATIO,Employment to population ratio,PT_POP_SUB,Pourcentage de la population dans le même sous-groupe,_T,Total,Y20T64,De 20 à 64 ans,EMP,Employment,1993,,53.2786885245901,,A,Valeur normale,,,1,One
DATAFLOW,OECD.ELS.SAE:DSD_LFS@DF_LFS_INDIC(1.1),Emploi et chômage par groupe d'âge quinquennal et par sexe - indicateurs,I,GBR,Royaume-Uni,EMP_RATIO,Employment to population ratio,PT_POP_SUB,Pourcentage de la population dans le même sous-groupe,_T,Total,Y20T64,De 20 à 64 ans,EMP,Employment,1993,,69.8621572538628,,A,Valeur normale,,,1,One
DATAFLOW,OECD.ELS.SAE:DSD_LFS@DF_LFS_INDIC(1.1),Emploi et chômage par groupe d'âge quinquennal et par sexe - indicateurs,I,USA,États-Unis,EMP_RATIO,Employment to population ratio,PT_POP_SUB,Pourcentage de la population dans le même sous-groupe,_T,Total,Y20T64,De 20 à 64 ans,EMP,Employment,1993,,73.9513805242598,,A,Valeur normale,,,1,One
DATAFLOW,OECD.ELS.SAE:DSD_LFS@DF_LFS_INDIC(1.1),Emploi et chômage par groupe d'âge quinquennal et par sexe - indicateurs,I,G7,G7,EMP_RATIO,Employment to population ratio,PT_POP_SUB,Pourcentage de la population dans le même sous-groupe,_T,Total,Y20T64,De 20 à 64 ans,EMP,Employment,1993,,70.8211824660447,,A,Valeur normale,,,1,One
DATAFLOW,OECD.ELS.SAE:DSD_LFS@DF_LFS_INDIC(1.1),Emploi et chômage par groupe d'âge quinquennal et par sexe - indicateurs,I,EU27,Union européenne (27 pays),EMP_RATIO,Employment to population ratio,PT_POP_SUB,Pourcentage de la population dans le même sous-groupe,_T,Total,Y20T64,De 20 à 64 ans,EMP,Employment,1993,,63.5602939116826,,A,Valeur normale,,,1,One
DATAFLOW,OECD.ELS.SAE:DSD_LFS@DF_LFS_INDIC(1.1),Emploi et chômage par groupe d'âge quinquennal et par sexe - indicateurs,I,EU19OECD,19 Membres de l'Union européenne et de l'OCDE,EMP_RATIO,Employment to population ratio,PT_POP_SUB,Pourcentage de la population dans le même sous-groupe,_T,Total,Y20T64,De 20 à 64 ans,EMP,Employment,1993,,62.5149103200645,,A,Valeur normale,,,1,One
DATAFLOW,OECD.ELS.SAE:DSD_LFS@DF_LFS_INDIC(1.1),Emploi et chômage par groupe d'âge quinquennal et par sexe - indicateurs,I,EU22OECD,22 Membres de l'Union européenne et de l'OCDE,EMP_RATIO,Employment to population ratio,PT_POP_SUB,Pourcentage de la population dans le même sous-groupe,_T,Total,Y20T64,De 20 à 64 ans,EMP,Employment,1993,,63.5602939116826,,A,Valeur normale,,,1,One
DATAFLOW,OECD.ELS.SAE:DSD_LFS@DF_LFS_INDIC(1.1),Emploi et chômage par groupe d'âge quinquennal et par sexe - indicateurs,I,OECD,OCDE,EMP_RATIO,Employment to population ratio,PT_POP_SUB,Pourcentage de la population dans le même sous-groupe,_T,Total,Y20T64,De 20 à 64 ans,EMP,Employment,1993,,68.0884117613361,,A,Valeur normale,,,1,One
DATAFLOW,OECD.ELS.SAE:DSD_LFS@DF_LFS_INDIC(1.1),Emploi et chômage par groupe d'âge quinquennal et par sexe - indicateurs,I,OECD_REP,Pays moyen de l'OCDE,EMP_RATIO,Employment to population ratio,PT_POP_SUB,Pourcentage de la population dans le même sous-groupe,_T,Total,Y20T64,De 20 à 64 ans,EMP,Employment,1993,,67.2866244357505,,A,Valeur normale,,,1,One
DATAFLOW,OECD.ELS.SAE:DSD_LFS@DF_LFS_INDIC(1.1),Emploi et chômage par groupe d'âge quinquennal et par sexe - indicateurs,I,RUS,Russie,EMP_RATIO,Employment to population ratio,PT_POP_SUB,Pourcentage de la population dans le même sous-groupe,_T,Total,Y20T64,De 20 à 64 ans,EMP,Employment,1993,,74.8901406494354,,A,Valeur normale,,,1,One
DATAFLOW,OECD.ELS.SAE:DSD_LFS@DF_LFS_INDIC(1.1),Emploi et chômage par groupe d'âge quinquennal et par sexe - indicateurs,I,DEU_F,Ex-République fédérale d'Allemagne,EMP_RATIO,Employment to population ratio,PT_POP_SUB,Pourcentage de la population dans le même sous-groupe,_T,Total,Y20T64,De 20 à 64 ans,EMP,Employment,1993,,68.5199025966198,,A,Valeur normale,,,1,One
DATAFLOW,OECD.ELS.SAE:DSD_LFS@DF_LFS_INDIC(1.1),Emploi et chômage par groupe d'âge quinquennal et par sexe - indicateurs,I,E,Europe,EMP_RATIO,Employment to population ratio,PT_POP_SUB,Pourcentage de la population dans le même sous-groupe,_T,Total,Y20T64,De 20 à 64 ans,EMP,Employment,1993,,63.585322837115,,A,Valeur normale,,,1,One
DATAFLOW,OECD.ELS.SAE:DSD_LFS@DF_LFS_INDIC(1.1),Emploi et chômage par groupe d'âge quinquennal et par sexe - indicateurs,I,AUS,Australie,EMP_RATIO,Employment to population ratio,PT_POP_SUB,Pourcentage de la population dans le même sous-groupe,_T,Total,Y20T64,De 20 à 64 ans,EMP,Employment,1992,,67.8780653095926,,A,Valeur normale,,,1,One
DATAFLOW,OECD.ELS.SAE:DSD_LFS@DF_LFS_INDIC(1.1),Emploi et chômage par groupe d'âge quinquennal et par sexe - indicateurs,I,BEL,Belgique,EMP_RATIO,Employment to population ratio,PT_POP_SUB,Pourcentage de la population dans le même sous-groupe,_T,Total,Y20T64,De 20 à 64 ans,EMP,Employment,1992,,61.7383282655754,,A,Valeur normale,,,1,One
DATAFLOW,OECD.ELS.SAE:DSD_LFS@DF_LFS_INDIC(1.1),Emploi et chômage par groupe d'âge quinquennal et par sexe - indicateurs,I,CAN,Canada,EMP_RATIO,Employment to population ratio,PT_POP_SUB,Pourcentage de la population dans le même sous-groupe,_T,Total,Y20T64,De 20 à 64 ans,EMP,Employment,1992,,69.4971145338363,,A,Valeur normale,,,1,One
DATAFLOW,OECD.ELS.SAE:DSD_LFS@DF_LFS_INDIC(1.1),Emploi et chômage par groupe d'âge quinquennal et par sexe - indicateurs,I,CRI,Costa Rica,EMP_RATIO,Employment to population ratio,PT_POP_SUB,Pourcentage de la population dans le même sous-groupe,_T,Total,Y20T64,De 20 à 64 ans,EMP,Employment,1992,,61.0913700490519,,A,Valeur normale,,,1,One
DATAFLOW,OECD.ELS.SAE:DSD_LFS@DF_LFS_INDIC(1.1),Emploi et chômage par groupe d'âge quinquennal et par sexe - indicateurs,I,DNK,Danemark,EMP_RATIO,Employment to population ratio,PT_POP_SUB,Pourcentage de la population dans le même sous-groupe,_T,Total,Y20T64,De 20 à 64 ans,EMP,Employment,1992,,76.2658518347698,,A,Valeur normale,,,1,One
DATAFLOW,OECD.ELS.SAE:DSD_LFS@DF_LFS_INDIC(1.1),Emploi et chômage par groupe d'âge quinquennal et par sexe - indicateurs,I,EST,Estonie,EMP_RATIO,Employment to population ratio,PT_POP_SUB,Pourcentage de la population dans le même sous-groupe,_T,Total,Y20T64,De 20 à 64 ans,EMP,Employment,1992,,77.4979030375279,,A,Valeur normale,,,1,One
DATAFLOW,OECD.ELS.SAE:DSD_LFS@DF_LFS_INDIC(1.1),Emploi et chômage par groupe d'âge quinquennal et par sexe - indicateurs,I,FIN,Finlande,EMP_RATIO,Employment to population ratio,PT_POP_SUB,Pourcentage de la population dans le même sous-groupe,_T,Total,Y20T64,De 20 à 64 ans,EMP,Employment,1992,,69.8795180722891,,A,Valeur normale,,,1,One
DATAFLOW,OECD.ELS.SAE:DSD_LFS@DF_LFS_INDIC(1.1),Emploi et chômage par groupe d'âge quinquennal et par sexe - indicateurs,I,FRA,France,EMP_RATIO,Employment to population ratio,PT_POP_SUB,Pourcentage de la population dans le même sous-groupe,_T,Total,Y20T64,De 20 à 64 ans,EMP,Employment,1992,,66.9885370693995,,A,Valeur normale,,,1,One
DATAFLOW,OECD.ELS.SAE:DSD_LFS@DF_LFS_INDIC(1.1),Emploi et chômage par groupe d'âge quinquennal et par sexe - indicateurs,I,DEU,Allemagne,EMP_RATIO,Employment to population ratio,PT_POP_SUB,Pourcentage de la population dans le même sous-groupe,_T,Total,Y20T64,De 20 à 64 ans,EMP,Employment,1992,,68.7052827599725,,A,Valeur normale,,,1,One
DATAFLOW,OECD.ELS.SAE:DSD_LFS@DF_LFS_INDIC(1.1),Emploi et chômage par groupe d'âge quinquennal et par sexe - indicateurs,I,GRC,Grèce,EMP_RATIO,Employment to population ratio,PT_POP_SUB,Pourcentage de la population dans le même sous-groupe,_T,Total,Y20T64,De 20 à 64 ans,EMP,Employment,1992,,58.6844504657679,,A,Valeur normale,,,1,One
DATAFLOW,OECD.ELS.SAE:DSD_LFS@DF_LFS_INDIC(1.1),Emploi et chômage par groupe d'âge quinquennal et par sexe - indicateurs,I,HUN,Hongrie,EMP_RATIO,Employment to population ratio,PT_POP_SUB,Pourcentage de la population dans le même sous-groupe,_T,Total,Y20T64,De 20 à 64 ans,EMP,Employment,1992,,63.6140985225891,,A,Valeur normale,,,1,One
DATAFLOW,OECD.ELS.SAE:DSD_LFS@DF_LFS_INDIC(1.1),Emploi et chômage par groupe d'âge quinquennal et par sexe - indicateurs,I,ISL,Islande,EMP_RATIO,Employment to population ratio,PT_POP_SUB,Pourcentage de la population dans le même sous-groupe,_T,Total,Y20T64,De 20 à 64 ans,EMP,Employment,1992,,84.6826734063465,,A,Valeur normale,,,1,One
DATAFLOW,OECD.ELS.SAE:DSD_LFS@DF_LFS_INDIC(1.1),Emploi et chômage par groupe d'âge quinquennal et par sexe - indicateurs,I,IRL,Irlande,EMP_RATIO,Employment to population ratio,PT_POP_SUB,Pourcentage de la population dans le même sous-groupe,_T,Total,Y20T64,De 20 à 64 ans,EMP,Employment,1992,,56.6657775406775,,A,Valeur normale,,,1,One
DATAFLOW,OECD.ELS.SAE:DSD_LFS@DF_LFS_INDIC(1.1),Emploi et chômage par groupe d'âge quinquennal et par sexe - indicateurs,I,ISR,Israël,EMP_RATIO,Employment to population ratio,PT_POP_SUB,Pourcentage de la population dans le même sous-groupe,_T,Total,Y20T64,De 20 à 64 ans,EMP,Employment,1992,,62.8437223159107,,A,Valeur normale,,,1,One
DATAFLOW,OECD.ELS.SAE:DSD_LFS@DF_LFS_INDIC(1.1),Emploi et chômage par groupe d'âge quinquennal et par sexe - indicateurs,I,ITA,Italie,EMP_RATIO,Employment to population ratio,PT_POP_SUB,Pourcentage de la population dans le même sous-groupe,_T,Total,Y20T64,De 20 à 64 ans,EMP,Employment,1992,,58.1876672550247,,A,Valeur normale,,,1,One
DATAFLOW,OECD.ELS.SAE:DSD_LFS@DF_LFS_INDIC(1.1),Emploi et chômage par groupe d'âge quinquennal et par sexe - indicateurs,I,JPN,Japon,EMP_RATIO,Employment to population ratio,PT_POP_SUB,Pourcentage de la population dans le même sous-groupe,_T,Total,Y20T64,De 20 à 64 ans,EMP,Employment,1992,,76.162035834848,,A,Valeur normale,,,1,One
DATAFLOW,OECD.ELS.SAE:DSD_LFS@DF_LFS_INDIC(1.1),Emploi et chômage par groupe d'âge quinquennal et par sexe - indicateurs,I,KOR,Corée,EMP_RATIO,Employment to population ratio,PT_POP_SUB,Pourcentage de la population dans le même sous-groupe,_T,Total,Y20T64,De 20 à 64 ans,EMP,Employment,1992,,69.6937739239121,,A,Valeur normale,,,1,One
DATAFLOW,OECD.ELS.SAE:DSD_LFS@DF_LFS_INDIC(1.1),Emploi et chômage par groupe d'âge quinquennal et par sexe - indicateurs,I,LUX,Luxembourg,EMP_RATIO,Employment to population ratio,PT_POP_SUB,Pourcentage de la population dans le même sous-groupe,_T,Total,Y20T64,De 20 à 64 ans,EMP,Employment,1992,,64.928542572202,,A,Valeur normale,,,1,One
DATAFLOW,OECD.ELS.SAE:DSD_LFS@DF_LFS_INDIC(1.1),Emploi et chômage par groupe d'âge quinquennal et par sexe - indicateurs,I,MEX,Mexique,EMP_RATIO,Employment to population ratio,PT_POP_SUB,Pourcentage de la population dans le même sous-groupe,_T,Total,Y20T64,De 20 à 64 ans,EMP,Employment,1992,,62.4849872199085,,A,Valeur normale,,,1,One
DATAFLOW,OECD.ELS.SAE:DSD_LFS@DF_LFS_INDIC(1.1),Emploi et chômage par groupe d'âge quinquennal et par sexe - indicateurs,I,NLD,Pays-Bas,EMP_RATIO,Employment to population ratio,PT_POP_SUB,Pourcentage de la population dans le même sous-groupe,_T,Total,Y20T64,De 20 à 64 ans,EMP,Employment,1992,,66.2406815761448,,A,Valeur normale,,,1,One
DATAFLOW,OECD.ELS.SAE:DSD_LFS@DF_LFS_INDIC(1.1),Emploi et chômage par groupe d'âge quinquennal et par sexe - indicateurs,I,NZL,Nouvelle-Zélande,EMP_RATIO,Employment to population ratio,PT_POP_SUB,Pourcentage de la population dans le même sous-groupe,_T,Total,Y20T64,De 20 à 64 ans,EMP,Employment,1992,,68.3564968479551,,A,Valeur normale,,,1,One
DATAFLOW,OECD.ELS.SAE:DSD_LFS@DF_LFS_INDIC(1.1),Emploi et chômage par groupe d'âge quinquennal et par sexe - indicateurs,I,NOR,Norvège,EMP_RATIO,Employment to population ratio,PT_POP_SUB,Pourcentage de la population dans le même sous-groupe,_T,Total,Y20T64,De 20 à 64 ans,EMP,Employment,1992,,75.371038908945,,A,Valeur normale,,,1,One
DATAFLOW,OECD.ELS.SAE:DSD_LFS@DF_LFS_INDIC(1.1),Emploi et chômage par groupe d'âge quinquennal et par sexe - indicateurs,I,POL,Pologne,EMP_RATIO,Employment to population ratio,PT_POP_SUB,Pourcentage de la population dans le même sous-groupe,_T,Total,Y20T64,De 20 à 64 ans,EMP,Employment,1992,,65.5961715867158,,A,Valeur normale,,,1,One
DATAFLOW,OECD.ELS.SAE:DSD_LFS@DF_LFS_INDIC(1.1),Emploi et chômage par groupe d'âge quinquennal et par sexe - indicateurs,I,PRT,Portugal,EMP_RATIO,Employment to population ratio,PT_POP_SUB,Pourcentage de la population dans le même sous-groupe,_T,Total,Y20T64,De 20 à 64 ans,EMP,Employment,1992,,70.1573558716415,,A,Valeur normale,,,1,One
DATAFLOW,OECD.ELS.SAE:DSD_LFS@DF_LFS_INDIC(1.1),Emploi et chômage par groupe d'âge quinquennal et par sexe - indicateurs,I,ESP,Espagne,EMP_RATIO,Employment to population ratio,PT_POP_SUB,Pourcentage de la population dans le même sous-groupe,_T,Total,Y20T64,De 20 à 64 ans,EMP,Employment,1992,,53.7504261847937,,A,Valeur normale,,,1,One
DATAFLOW,OECD.ELS.SAE:DSD_LFS@DF_LFS_INDIC(1.1),Emploi et chômage par groupe d'âge quinquennal et par sexe - indicateurs,I,SWE,Suède,EMP_RATIO,Employment to population ratio,PT_POP_SUB,Pourcentage de la population dans le même sous-groupe,_T,Total,Y20T64,De 20 à 64 ans,EMP,Employment,1992,,81.0665068903535,,A,Valeur normale,,,1,One
DATAFLOW,OECD.ELS.SAE:DSD_LFS@DF_LFS_INDIC(1.1),Emploi et chômage par groupe d'âge quinquennal et par sexe - indicateurs,I,CHE,Suisse,EMP_RATIO,Employment to population ratio,PT_POP_SUB,Pourcentage de la population dans le même sous-groupe,_T,Total,Y20T64,De 20 à 64 ans,EMP,Employment,1992,,80.4720894942686,,A,Valeur normale,,,1,One
DATAFLOW,OECD.ELS.SAE:DSD_LFS@DF_LFS_INDIC(1.1),Emploi et chômage par groupe d'âge quinquennal et par sexe - indicateurs,I,TUR,Türkiye,EMP_RATIO,Employment to population ratio,PT_POP_SUB,Pourcentage de la population dans le même sous-groupe,_T,Total,Y20T64,De 20 à 64 ans,EMP,Employment,1992,,56.817316017316,,A,Valeur normale,,,1,One
DATAFLOW,OECD.ELS.SAE:DSD_LFS@DF_LFS_INDIC(1.1),Emploi et chômage par groupe d'âge quinquennal et par sexe - indicateurs,I,GBR,Royaume-Uni,EMP_RATIO,Employment to population ratio,PT_POP_SUB,Pourcentage de la population dans le même sous-groupe,_T,Total,Y20T64,De 20 à 64 ans,EMP,Employment,1992,,70.3869714627222,,A,Valeur normale,,,1,One
DATAFLOW,OECD.ELS.SAE:DSD_LFS@DF_LFS_INDIC(1.1),Emploi et chômage par groupe d'âge quinquennal et par sexe - indicateurs,I,USA,États-Unis,EMP_RATIO,Employment to population ratio,PT_POP_SUB,Pourcentage de la population dans le même sous-groupe,_T,Total,Y20T64,De 20 à 64 ans,EMP,Employment,1992,,73.5840306482508,,A,Valeur normale,,,1,One
DATAFLOW,OECD.ELS.SAE:DSD_LFS@DF_LFS_INDIC(1.1),Emploi et chômage par groupe d'âge quinquennal et par sexe - indicateurs,I,G7,G7,EMP_RATIO,Employment to population ratio,PT_POP_SUB,Pourcentage de la population dans le même sous-groupe,_T,Total,Y20T64,De 20 à 64 ans,EMP,Employment,1992,,71.0848359483282,,A,Valeur normale,,,1,One
DATAFLOW,OECD.ELS.SAE:DSD_LFS@DF_LFS_INDIC(1.1),Emploi et chômage par groupe d'âge quinquennal et par sexe - indicateurs,I,EU27,Union européenne (27 pays),EMP_RATIO,Employment to population ratio,PT_POP_SUB,Pourcentage de la population dans le même sous-groupe,_T,Total,Y20T64,De 20 à 64 ans,EMP,Employment,1992,,64.4453305454269,,A,Valeur normale,,,1,One
DATAFLOW,OECD.ELS.SAE:DSD_LFS@DF_LFS_INDIC(1.1),Emploi et chômage par groupe d'âge quinquennal et par sexe - indicateurs,I,EU19OECD,19 Membres de l'Union européenne et de l'OCDE,EMP_RATIO,Employment to population ratio,PT_POP_SUB,Pourcentage de la population dans le même sous-groupe,_T,Total,Y20T64,De 20 à 64 ans,EMP,Employment,1992,,63.6085191419445,,A,Valeur normale,,,1,One
DATAFLOW,OECD.ELS.SAE:DSD_LFS@DF_LFS_INDIC(1.1),Emploi et chômage par groupe d'âge quinquennal et par sexe - indicateurs,I,EU22OECD,22 Membres de l'Union européenne et de l'OCDE,EMP_RATIO,Employment to population ratio,PT_POP_SUB,Pourcentage de la population dans le même sous-groupe,_T,Total,Y20T64,De 20 à 64 ans,EMP,Employment,1992,,64.4453305454269,,A,Valeur normale,,,1,One
DATAFLOW,OECD.ELS.SAE:DSD_LFS@DF_LFS_INDIC(1.1),Emploi et chômage par groupe d'âge quinquennal et par sexe - indicateurs,I,OECD,OCDE,EMP_RATIO,Employment to population ratio,PT_POP_SUB,Pourcentage de la population dans le même sous-groupe,_T,Total,Y20T64,De 20 à 64 ans,EMP,Employment,1992,,68.60456745664,,A,Valeur normale,,,1,One
DATAFLOW,OECD.ELS.SAE:DSD_LFS@DF_LFS_INDIC(1.1),Emploi et chômage par groupe d'âge quinquennal et par sexe - indicateurs,I,OECD_REP,Pays moyen de l'OCDE,EMP_RATIO,Employment to population ratio,PT_POP_SUB,Pourcentage de la population dans le même sous-groupe,_T,Total,Y20T64,De 20 à 64 ans,EMP,Employment,1992,,67.976292849277,,A,Valeur normale,,,1,One
DATAFLOW,OECD.ELS.SAE:DSD_LFS@DF_LFS_INDIC(1.1),Emploi et chômage par groupe d'âge quinquennal et par sexe - indicateurs,I,RUS,Russie,EMP_RATIO,Employment to population ratio,PT_POP_SUB,Pourcentage de la population dans le même sous-groupe,_T,Total,Y20T64,De 20 à 64 ans,EMP,Employment,1992,,77.2045824941172,,A,Valeur normale,,,1,One
DATAFLOW,OECD.ELS.SAE:DSD_LFS@DF_LFS_INDIC(1.1),Emploi et chômage par groupe d'âge quinquennal et par sexe - indicateurs,I,DEU_F,Ex-République fédérale d'Allemagne,EMP_RATIO,Employment to population ratio,PT_POP_SUB,Pourcentage de la population dans le même sous-groupe,_T,Total,Y20T64,De 20 à 64 ans,EMP,Employment,1992,,69.4711829886283,,A,Valeur normale,,,1,One
DATAFLOW,OECD.ELS.SAE:DSD_LFS@DF_LFS_INDIC(1.1),Emploi et chômage par groupe d'âge quinquennal et par sexe - indicateurs,I,E,Europe,EMP_RATIO,Employment to population ratio,PT_POP_SUB,Pourcentage de la population dans le même sous-groupe,_T,Total,Y20T64,De 20 à 64 ans,EMP,Employment,1992,,64.7193345911699,,A,Valeur normale,,,1,One
DATAFLOW,OECD.ELS.SAE:DSD_LFS@DF_LFS_INDIC(1.1),Emploi et chômage par groupe d'âge quinquennal et par sexe - indicateurs,I,AUS,Australie,EMP_RATIO,Employment to population ratio,PT_POP_SUB,Pourcentage de la population dans le même sous-groupe,_T,Total,Y20T64,De 20 à 64 ans,EMP,Employment,1991,,68.903687848384,,A,Valeur normale,,,1,One
DATAFLOW,OECD.ELS.SAE:DSD_LFS@DF_LFS_INDIC(1.1),Emploi et chômage par groupe d'âge quinquennal et par sexe - indicateurs,I,BEL,Belgique,EMP_RATIO,Employment to population ratio,PT_POP_SUB,Pourcentage de la population dans le même sous-groupe,_T,Total,Y20T64,De 20 à 64 ans,EMP,Employment,1991,,61.0985840051036,,A,Valeur normale,,,1,One
DATAFLOW,OECD.ELS.SAE:DSD_LFS@DF_LFS_INDIC(1.1),Emploi et chômage par groupe d'âge quinquennal et par sexe - indicateurs,I,CAN,Canada,EMP_RATIO,Employment to population ratio,PT_POP_SUB,Pourcentage de la population dans le même sous-groupe,_T,Total,Y20T64,De 20 à 64 ans,EMP,Employment,1991,,70.6885482382897,,A,Valeur normale,,,1,One
DATAFLOW,OECD.ELS.SAE:DSD_LFS@DF_LFS_INDIC(1.1),Emploi et chômage par groupe d'âge quinquennal et par sexe - indicateurs,I,CRI,Costa Rica,EMP_RATIO,Employment to population ratio,PT_POP_SUB,Pourcentage de la population dans le même sous-groupe,_T,Total,Y20T64,De 20 à 64 ans,EMP,Employment,1991,,60.7167811519559,,A,Valeur normale,,,1,One
DATAFLOW,OECD.ELS.SAE:DSD_LFS@DF_LFS_INDIC(1.1),Emploi et chômage par groupe d'âge quinquennal et par sexe - indicateurs,I,DNK,Danemark,EMP_RATIO,Employment to population ratio,PT_POP_SUB,Pourcentage de la population dans le même sous-groupe,_T,Total,Y20T64,De 20 à 64 ans,EMP,Employment,1991,,76.5658286999941,,A,Valeur normale,,,1,One
DATAFLOW,OECD.ELS.SAE:DSD_LFS@DF_LFS_INDIC(1.1),Emploi et chômage par groupe d'âge quinquennal et par sexe - indicateurs,I,EST,Estonie,EMP_RATIO,Employment to population ratio,PT_POP_SUB,Pourcentage de la population dans le même sous-groupe,_T,Total,Y20T64,De 20 à 64 ans,EMP,Employment,1991,,81.4693017144014,,A,Valeur normale,,,1,One
DATAFLOW,OECD.ELS.SAE:DSD_LFS@DF_LFS_INDIC(1.1),Emploi et chômage par groupe d'âge quinquennal et par sexe - indicateurs,I,FIN,Finlande,EMP_RATIO,Employment to population ratio,PT_POP_SUB,Pourcentage de la population dans le même sous-groupe,_T,Total,Y20T64,De 20 à 64 ans,EMP,Employment,1991,,74.72240365774,,A,Valeur normale,,,1,One
DATAFLOW,OECD.ELS.SAE:DSD_LFS@DF_LFS_INDIC(1.1),Emploi et chômage par groupe d'âge quinquennal et par sexe - indicateurs,I,FRA,France,EMP_RATIO,Employment to population ratio,PT_POP_SUB,Pourcentage de la population dans le même sous-groupe,_T,Total,Y20T64,De 20 à 64 ans,EMP,Employment,1991,,67.4552677958,,A,Valeur normale,,,1,One
DATAFLOW,OECD.ELS.SAE:DSD_LFS@DF_LFS_INDIC(1.1),Emploi et chômage par groupe d'âge quinquennal et par sexe - indicateurs,I,DEU,Allemagne,EMP_RATIO,Employment to population ratio,PT_POP_SUB,Pourcentage de la population dans le même sous-groupe,_T,Total,Y20T64,De 20 à 64 ans,EMP,Employment,1991,,69.5552462904522,,A,Valeur normale,,,1,One
DATAFLOW,OECD.ELS.SAE:DSD_LFS@DF_LFS_INDIC(1.1),Emploi et chômage par groupe d'âge quinquennal et par sexe - indicateurs,I,GRC,Grèce,EMP_RATIO,Employment to population ratio,PT_POP_SUB,Pourcentage de la population dans le même sous-groupe,_T,Total,Y20T64,De 20 à 64 ans,EMP,Employment,1991,,57.9932607021457,,A,Valeur normale,,,1,One
DATAFLOW,OECD.ELS.SAE:DSD_LFS@DF_LFS_INDIC(1.1),Emploi et chômage par groupe d'âge quinquennal et par sexe - indicateurs,I,ISL,Islande,EMP_RATIO,Employment to population ratio,PT_POP_SUB,Pourcentage de la population dans le même sous-groupe,_T,Total,Y20T64,De 20 à 64 ans,EMP,Employment,1991,,85.4124391593705,,A,Valeur normale,,,1,One
DATAFLOW,OECD.ELS.SAE:DSD_LFS@DF_LFS_INDIC(1.1),Emploi et chômage par groupe d'âge quinquennal et par sexe - indicateurs,I,IRL,Irlande,EMP_RATIO,Employment to population ratio,PT_POP_SUB,Pourcentage de la population dans le même sous-groupe,_T,Total,Y20T64,De 20 à 64 ans,EMP,Employment,1991,,57.0200728934341,,A,Valeur normale,,,1,One
DATAFLOW,OECD.ELS.SAE:DSD_LFS@DF_LFS_INDIC(1.1),Emploi et chômage par groupe d'âge quinquennal et par sexe - indicateurs,I,ISR,Israël,EMP_RATIO,Employment to population ratio,PT_POP_SUB,Pourcentage de la population dans le même sous-groupe,_T,Total,Y20T64,De 20 à 64 ans,EMP,Employment,1991,,62.9887788884229,,A,Valeur normale,,,1,One
DATAFLOW,OECD.ELS.SAE:DSD_LFS@DF_LFS_INDIC(1.1),Emploi et chômage par groupe d'âge quinquennal et par sexe - indicateurs,I,ITA,Italie,EMP_RATIO,Employment to population ratio,PT_POP_SUB,Pourcentage de la population dans le même sous-groupe,_T,Total,Y20T64,De 20 à 64 ans,EMP,Employment,1991,,58.4552336501792,,A,Valeur normale,,,1,One
DATAFLOW,OECD.ELS.SAE:DSD_LFS@DF_LFS_INDIC(1.1),Emploi et chômage par groupe d'âge quinquennal et par sexe - indicateurs,I,JPN,Japon,EMP_RATIO,Employment to population ratio,PT_POP_SUB,Pourcentage de la population dans le même sous-groupe,_T,Total,Y20T64,De 20 à 64 ans,EMP,Employment,1991,,75.8742171189979,,A,Valeur normale,,,1,One
DATAFLOW,OECD.ELS.SAE:DSD_LFS@DF_LFS_INDIC(1.1),Emploi et chômage par groupe d'âge quinquennal et par sexe - indicateurs,I,KOR,Corée,EMP_RATIO,Employment to population ratio,PT_POP_SUB,Pourcentage de la population dans le même sous-groupe,_T,Total,Y20T64,De 20 à 64 ans,EMP,Employment,1991,,69.8685419746673,,A,Valeur normale,,,1,One
DATAFLOW,OECD.ELS.SAE:DSD_LFS@DF_LFS_INDIC(1.1),Emploi et chômage par groupe d'âge quinquennal et par sexe - indicateurs,I,LUX,Luxembourg,EMP_RATIO,Employment to population ratio,PT_POP_SUB,Pourcentage de la population dans le même sous-groupe,_T,Total,Y20T64,De 20 à 64 ans,EMP,Employment,1991,,63.7773401279994,,A,Valeur normale,,,1,One
DATAFLOW,OECD.ELS.SAE:DSD_LFS@DF_LFS_INDIC(1.1),Emploi et chômage par groupe d'âge quinquennal et par sexe - indicateurs,I,MEX,Mexique,EMP_RATIO,Employment to population ratio,PT_POP_SUB,Pourcentage de la population dans le même sous-groupe,_T,Total,Y20T64,De 20 à 64 ans,EMP,Employment,1991,,62.0398326130391,,A,Valeur normale,,,1,One
DATAFLOW,OECD.ELS.SAE:DSD_LFS@DF_LFS_INDIC(1.1),Emploi et chômage par groupe d'âge quinquennal et par sexe - indicateurs,I,NLD,Pays-Bas,EMP_RATIO,Employment to population ratio,PT_POP_SUB,Pourcentage de la population dans le même sous-groupe,_T,Total,Y20T64,De 20 à 64 ans,EMP,Employment,1991,,65.6580776221533,,A,Valeur normale,,,1,One
DATAFLOW,OECD.ELS.SAE:DSD_LFS@DF_LFS_INDIC(1.1),Emploi et chômage par groupe d'âge quinquennal et par sexe - indicateurs,I,NZL,Nouvelle-Zélande,EMP_RATIO,Employment to population ratio,PT_POP_SUB,Pourcentage de la population dans le même sous-groupe,_T,Total,Y20T64,De 20 à 64 ans,EMP,Employment,1991,,68.4231643382514,,A,Valeur normale,,,1,One
DATAFLOW,OECD.ELS.SAE:DSD_LFS@DF_LFS_INDIC(1.1),Emploi et chômage par groupe d'âge quinquennal et par sexe - indicateurs,I,NOR,Norvège,EMP_RATIO,Employment to population ratio,PT_POP_SUB,Pourcentage de la population dans le même sous-groupe,_T,Total,Y20T64,De 20 à 64 ans,EMP,Employment,1991,,76.0146103896103,,A,Valeur normale,,,1,One
DATAFLOW,OECD.ELS.SAE:DSD_LFS@DF_LFS_INDIC(1.1),Emploi et chômage par groupe d'âge quinquennal et par sexe - indicateurs,I,PRT,Portugal,EMP_RATIO,Employment to population ratio,PT_POP_SUB,Pourcentage de la population dans le même sous-groupe,_T,Total,Y20T64,De 20 à 64 ans,EMP,Employment,1991,,71.4680050188205,,A,Valeur normale,,,1,One
DATAFLOW,OECD.ELS.SAE:DSD_LFS@DF_LFS_INDIC(1.1),Emploi et chômage par groupe d'âge quinquennal et par sexe - indicateurs,I,ESP,Espagne,EMP_RATIO,Employment to population ratio,PT_POP_SUB,Pourcentage de la population dans le même sous-groupe,_T,Total,Y20T64,De 20 à 64 ans,EMP,Employment,1991,,55.0158576336886,,A,Valeur normale,,,1,One
DATAFLOW,OECD.ELS.SAE:DSD_LFS@DF_LFS_INDIC(1.1),Emploi et chômage par groupe d'âge quinquennal et par sexe - indicateurs,I,SWE,Suède,EMP_RATIO,Employment to population ratio,PT_POP_SUB,Pourcentage de la population dans le même sous-groupe,_T,Total,Y20T64,De 20 à 64 ans,EMP,Employment,1991,,84.5427135678392,,A,Valeur normale,,,1,One
DATAFLOW,OECD.ELS.SAE:DSD_LFS@DF_LFS_INDIC(1.1),Emploi et chômage par groupe d'âge quinquennal et par sexe - indicateurs,I,CHE,Suisse,EMP_RATIO,Employment to population ratio,PT_POP_SUB,Pourcentage de la population dans le même sous-groupe,_T,Total,Y20T64,De 20 à 64 ans,EMP,Employment,1991,,80.6386546825912,,A,Valeur normale,,,1,One
DATAFLOW,OECD.ELS.SAE:DSD_LFS@DF_LFS_INDIC(1.1),Emploi et chômage par groupe d'âge quinquennal et par sexe - indicateurs,I,TUR,Türkiye,EMP_RATIO,Employment to population ratio,PT_POP_SUB,Pourcentage de la population dans le même sous-groupe,_T,Total,Y20T64,De 20 à 64 ans,EMP,Employment,1991,,57.39921512665,,A,Valeur normale,,,1,One
DATAFLOW,OECD.ELS.SAE:DSD_LFS@DF_LFS_INDIC(1.1),Emploi et chômage par groupe d'âge quinquennal et par sexe - indicateurs,I,GBR,Royaume-Uni,EMP_RATIO,Employment to population ratio,PT_POP_SUB,Pourcentage de la population dans le même sous-groupe,_T,Total,Y20T64,De 20 à 64 ans,EMP,Employment,1991,,71.7862402693036,,A,Valeur normale,,,1,One
DATAFLOW,OECD.ELS.SAE:DSD_LFS@DF_LFS_INDIC(1.1),Emploi et chômage par groupe d'âge quinquennal et par sexe - indicateurs,I,USA,États-Unis,EMP_RATIO,Employment to population ratio,PT_POP_SUB,Pourcentage de la population dans le même sous-groupe,_T,Total,Y20T64,De 20 à 64 ans,EMP,Employment,1991,,73.7421169946721,,A,Valeur normale,,,1,One
DATAFLOW,OECD.ELS.SAE:DSD_LFS@DF_LFS_INDIC(1.1),Emploi et chômage par groupe d'âge quinquennal et par sexe - indicateurs,I,G7,G7,EMP_RATIO,Employment to population ratio,PT_POP_SUB,Pourcentage de la population dans le même sous-groupe,_T,Total,Y20T64,De 20 à 64 ans,EMP,Employment,1991,,71.4190965441226,,A,Valeur normale,,,1,One
DATAFLOW,OECD.ELS.SAE:DSD_LFS@DF_LFS_INDIC(1.1),Emploi et chômage par groupe d'âge quinquennal et par sexe - indicateurs,I,EU27,Union européenne (27 pays),EMP_RATIO,Employment to population ratio,PT_POP_SUB,Pourcentage de la population dans le même sous-groupe,_T,Total,Y20T64,De 20 à 64 ans,EMP,Employment,1991,,65.0060892071121,,A,Valeur normale,,,1,One
DATAFLOW,OECD.ELS.SAE:DSD_LFS@DF_LFS_INDIC(1.1),Emploi et chômage par groupe d'âge quinquennal et par sexe - indicateurs,I,EU19OECD,19 Membres de l'Union européenne et de l'OCDE,EMP_RATIO,Employment to population ratio,PT_POP_SUB,Pourcentage de la population dans le même sous-groupe,_T,Total,Y20T64,De 20 à 64 ans,EMP,Employment,1991,,64.2493094552837,,A,Valeur normale,,,1,One
DATAFLOW,OECD.ELS.SAE:DSD_LFS@DF_LFS_INDIC(1.1),Emploi et chômage par groupe d'âge quinquennal et par sexe - indicateurs,I,EU22OECD,22 Membres de l'Union européenne et de l'OCDE,EMP_RATIO,Employment to population ratio,PT_POP_SUB,Pourcentage de la population dans le même sous-groupe,_T,Total,Y20T64,De 20 à 64 ans,EMP,Employment,1991,,65.0060892071121,,A,Valeur normale,,,1,One
DATAFLOW,OECD.ELS.SAE:DSD_LFS@DF_LFS_INDIC(1.1),Emploi et chômage par groupe d'âge quinquennal et par sexe - indicateurs,I,OECD,OCDE,EMP_RATIO,Employment to population ratio,PT_POP_SUB,Pourcentage de la population dans le même sous-groupe,_T,Total,Y20T64,De 20 à 64 ans,EMP,Employment,1991,,69.1429053039246,,A,Valeur normale,,,1,One
DATAFLOW,OECD.ELS.SAE:DSD_LFS@DF_LFS_INDIC(1.1),Emploi et chômage par groupe d'âge quinquennal et par sexe - indicateurs,I,OECD_REP,Pays moyen de l'OCDE,EMP_RATIO,Employment to population ratio,PT_POP_SUB,Pourcentage de la population dans le même sous-groupe,_T,Total,Y20T64,De 20 à 64 ans,EMP,Employment,1991,,68.9033579347842,,A,Valeur normale,,,1,One
DATAFLOW,OECD.ELS.SAE:DSD_LFS@DF_LFS_INDIC(1.1),Emploi et chômage par groupe d'âge quinquennal et par sexe - indicateurs,I,DEU_F,Ex-République fédérale d'Allemagne,EMP_RATIO,Employment to population ratio,PT_POP_SUB,Pourcentage de la population dans le même sous-groupe,_T,Total,Y20T64,De 20 à 64 ans,EMP,Employment,1991,,68.9886656613319,,A,Valeur normale,,,1,One
DATAFLOW,OECD.ELS.SAE:DSD_LFS@DF_LFS_INDIC(1.1),Emploi et chômage par groupe d'âge quinquennal et par sexe - indicateurs,I,E,Europe,EMP_RATIO,Employment to population ratio,PT_POP_SUB,Pourcentage de la population dans le même sous-groupe,_T,Total,Y20T64,De 20 à 64 ans,EMP,Employment,1991,,65.4353647774986,,A,Valeur normale,,,1,One
DATAFLOW,OECD.ELS.SAE:DSD_LFS@DF_LFS_INDIC(1.1),Emploi et chômage par groupe d'âge quinquennal et par sexe - indicateurs,I,AUS,Australie,EMP_RATIO,Employment to population ratio,PT_POP_SUB,Pourcentage de la population dans le même sous-groupe,_T,Total,Y20T64,De 20 à 64 ans,EMP,Employment,1990,,70.9077120966462,,A,Valeur normale,,,1,One
DATAFLOW,OECD.ELS.SAE:DSD_LFS@DF_LFS_INDIC(1.1),Emploi et chômage par groupe d'âge quinquennal et par sexe - indicateurs,I,BEL,Belgique,EMP_RATIO,Employment to population ratio,PT_POP_SUB,Pourcentage de la population dans le même sous-groupe,_T,Total,Y20T64,De 20 à 64 ans,EMP,Employment,1990,,59.6897230391707,,A,Valeur normale,,,1,One
DATAFLOW,OECD.ELS.SAE:DSD_LFS@DF_LFS_INDIC(1.1),Emploi et chômage par groupe d'âge quinquennal et par sexe - indicateurs,I,CAN,Canada,EMP_RATIO,Employment to population ratio,PT_POP_SUB,Pourcentage de la population dans le même sous-groupe,_T,Total,Y20T64,De 20 à 64 ans,EMP,Employment,1990,,72.6517282704498,,A,Valeur normale,,,1,One
DATAFLOW,OECD.ELS.SAE:DSD_LFS@DF_LFS_INDIC(1.1),Emploi et chômage par groupe d'âge quinquennal et par sexe - indicateurs,I,CRI,Costa Rica,EMP_RATIO,Employment to population ratio,PT_POP_SUB,Pourcentage de la population dans le même sous-groupe,_T,Total,Y20T64,De 20 à 64 ans,EMP,Employment,1990,,61.6224502127822,,A,Valeur normale,,,1,One
DATAFLOW,OECD.ELS.SAE:DSD_LFS@DF_LFS_INDIC(1.1),Emploi et chômage par groupe d'âge quinquennal et par sexe - indicateurs,I,DNK,Danemark,EMP_RATIO,Employment to population ratio,PT_POP_SUB,Pourcentage de la population dans le même sous-groupe,_T,Total,Y20T64,De 20 à 64 ans,EMP,Employment,1990,,77.4595278333658,,A,Valeur normale,,,1,One
DATAFLOW,OECD.ELS.SAE:DSD_LFS@DF_LFS_INDIC(1.1),Emploi et chômage par groupe d'âge quinquennal et par sexe - indicateurs,I,EST,Estonie,EMP_RATIO,Employment to population ratio,PT_POP_SUB,Pourcentage de la population dans le même sous-groupe,_T,Total,Y20T64,De 20 à 64 ans,EMP,Employment,1990,,83.5077777920744,,A,Valeur normale,,,1,One
DATAFLOW,OECD.ELS.SAE:DSD_LFS@DF_LFS_INDIC(1.1),Emploi et chômage par groupe d'âge quinquennal et par sexe - indicateurs,I,FIN,Finlande,EMP_RATIO,Employment to population ratio,PT_POP_SUB,Pourcentage de la population dans le même sous-groupe,_T,Total,Y20T64,De 20 à 64 ans,EMP,Employment,1990,,78.4918032786885,,A,Valeur normale,,,1,One
DATAFLOW,OECD.ELS.SAE:DSD_LFS@DF_LFS_INDIC(1.1),Emploi et chômage par groupe d'âge quinquennal et par sexe - indicateurs,I,FRA,France,EMP_RATIO,Employment to population ratio,PT_POP_SUB,Pourcentage de la population dans le même sous-groupe,_T,Total,Y20T64,De 20 à 64 ans,EMP,Employment,1990,,67.7088334133461,,A,Valeur normale,,,1,One
DATAFLOW,OECD.ELS.SAE:DSD_LFS@DF_LFS_INDIC(1.1),Emploi et chômage par groupe d'âge quinquennal et par sexe - indicateurs,I,DEU,Allemagne,EMP_RATIO,Employment to population ratio,PT_POP_SUB,Pourcentage de la population dans le même sous-groupe,_T,Total,Y20T64,De 20 à 64 ans,EMP,Employment,1990,,66.6516475626965,,A,Valeur normale,,,1,One
DATAFLOW,OECD.ELS.SAE:DSD_LFS@DF_LFS_INDIC(1.1),Emploi et chômage par groupe d'âge quinquennal et par sexe - indicateurs,I,GRC,Grèce,EMP_RATIO,Employment to population ratio,PT_POP_SUB,Pourcentage de la population dans le même sous-groupe,_T,Total,Y20T64,De 20 à 64 ans,EMP,Employment,1990,,59.8660653965545,,A,Valeur normale,,,1,One
DATAFLOW,OECD.ELS.SAE:DSD_LFS@DF_LFS_INDIC(1.1),Emploi et chômage par groupe d'âge quinquennal et par sexe - indicateurs,I,IRL,Irlande,EMP_RATIO,Employment to population ratio,PT_POP_SUB,Pourcentage de la population dans le même sous-groupe,_T,Total,Y20T64,De 20 à 64 ans,EMP,Employment,1990,,57.657111356119,,A,Valeur normale,,,1,One
DATAFLOW,OECD.ELS.SAE:DSD_LFS@DF_LFS_INDIC(1.1),Emploi et chômage par groupe d'âge quinquennal et par sexe - indicateurs,I,ISR,Israël,EMP_RATIO,Employment to population ratio,PT_POP_SUB,Pourcentage de la population dans le même sous-groupe,_T,Total,Y20T64,De 20 à 64 ans,EMP,Employment,1990,,63.3399677210747,,A,Valeur normale,,,1,One
DATAFLOW,OECD.ELS.SAE:DSD_LFS@DF_LFS_INDIC(1.1),Emploi et chômage par groupe d'âge quinquennal et par sexe - indicateurs,I,ITA,Italie,EMP_RATIO,Employment to population ratio,PT_POP_SUB,Pourcentage de la population dans le même sous-groupe,_T,Total,Y20T64,De 20 à 64 ans,EMP,Employment,1990,,58.4952435860478,,A,Valeur normale,,,1,One
DATAFLOW,OECD.ELS.SAE:DSD_LFS@DF_LFS_INDIC(1.1),Emploi et chômage par groupe d'âge quinquennal et par sexe - indicateurs,I,JPN,Japon,EMP_RATIO,Employment to population ratio,PT_POP_SUB,Pourcentage de la population dans le même sous-groupe,_T,Total,Y20T64,De 20 à 64 ans,EMP,Employment,1990,,75.400999211149,,A,Valeur normale,,,1,One
DATAFLOW,OECD.ELS.SAE:DSD_LFS@DF_LFS_INDIC(1.1),Emploi et chômage par groupe d'âge quinquennal et par sexe - indicateurs,I,KOR,Corée,EMP_RATIO,Employment to population ratio,PT_POP_SUB,Pourcentage de la population dans le même sous-groupe,_T,Total,Y20T64,De 20 à 64 ans,EMP,Employment,1990,,69.9424359133639,,A,Valeur normale,,,1,One
DATAFLOW,OECD.ELS.SAE:DSD_LFS@DF_LFS_INDIC(1.1),Emploi et chômage par groupe d'âge quinquennal et par sexe - indicateurs,I,LUX,Luxembourg,EMP_RATIO,Employment to population ratio,PT_POP_SUB,Pourcentage de la population dans le même sous-groupe,_T,Total,Y20T64,De 20 à 64 ans,EMP,Employment,1990,,63.1948733161989,,A,Valeur normale,,,1,One
DATAFLOW,OECD.ELS.SAE:DSD_LFS@DF_LFS_INDIC(1.1),Emploi et chômage par groupe d'âge quinquennal et par sexe - indicateurs,I,NLD,Pays-Bas,EMP_RATIO,Employment to population ratio,PT_POP_SUB,Pourcentage de la population dans le même sous-groupe,_T,Total,Y20T64,De 20 à 64 ans,EMP,Employment,1990,,64.714177242651,,A,Valeur normale,,,1,One
DATAFLOW,OECD.ELS.SAE:DSD_LFS@DF_LFS_INDIC(1.1),Emploi et chômage par groupe d'âge quinquennal et par sexe - indicateurs,I,NZL,Nouvelle-Zélande,EMP_RATIO,Employment to population ratio,PT_POP_SUB,Pourcentage de la population dans le même sous-groupe,_T,Total,Y20T64,De 20 à 64 ans,EMP,Employment,1990,,69.907620396854,,A,Valeur normale,,,1,One
DATAFLOW,OECD.ELS.SAE:DSD_LFS@DF_LFS_INDIC(1.1),Emploi et chômage par groupe d'âge quinquennal et par sexe - indicateurs,I,NOR,Norvège,EMP_RATIO,Employment to population ratio,PT_POP_SUB,Pourcentage de la population dans le même sous-groupe,_T,Total,Y20T64,De 20 à 64 ans,EMP,Employment,1990,,76.7336889618383,,A,Valeur normale,,,1,One
DATAFLOW,OECD.ELS.SAE:DSD_LFS@DF_LFS_INDIC(1.1),Emploi et chômage par groupe d'âge quinquennal et par sexe - indicateurs,I,PRT,Portugal,EMP_RATIO,Employment to population ratio,PT_POP_SUB,Pourcentage de la population dans le même sous-groupe,_T,Total,Y20T64,De 20 à 64 ans,EMP,Employment,1990,,69.4405051323608,,A,Valeur normale,,,1,One
DATAFLOW,OECD.ELS.SAE:DSD_LFS@DF_LFS_INDIC(1.1),Emploi et chômage par groupe d'âge quinquennal et par sexe - indicateurs,I,ESP,Espagne,EMP_RATIO,Employment to population ratio,PT_POP_SUB,Pourcentage de la population dans le même sous-groupe,_T,Total,Y20T64,De 20 à 64 ans,EMP,Employment,1990,,54.8810627809256,,A,Valeur normale,,,1,One
DATAFLOW,OECD.ELS.SAE:DSD_LFS@DF_LFS_INDIC(1.1),Emploi et chômage par groupe d'âge quinquennal et par sexe - indicateurs,I,SWE,Suède,EMP_RATIO,Employment to population ratio,PT_POP_SUB,Pourcentage de la population dans le même sous-groupe,_T,Total,Y20T64,De 20 à 64 ans,EMP,Employment,1990,,86.3590366322606,,A,Valeur normale,,,1,One
DATAFLOW,OECD.ELS.SAE:DSD_LFS@DF_LFS_INDIC(1.1),Emploi et chômage par groupe d'âge quinquennal et par sexe - indicateurs,I,TUR,Türkiye,EMP_RATIO,Employment to population ratio,PT_POP_SUB,Pourcentage de la population dans le même sous-groupe,_T,Total,Y20T64,De 20 à 64 ans,EMP,Employment,1990,,57.2170645446507,,A,Valeur normale,,,1,One
DATAFLOW,OECD.ELS.SAE:DSD_LFS@DF_LFS_INDIC(1.1),Emploi et chômage par groupe d'âge quinquennal et par sexe - indicateurs,I,GBR,Royaume-Uni,EMP_RATIO,Employment to population ratio,PT_POP_SUB,Pourcentage de la population dans le même sous-groupe,_T,Total,Y20T64,De 20 à 64 ans,EMP,Employment,1990,,73.3989773826213,,A,Valeur normale,,,1,One
DATAFLOW,OECD.ELS.SAE:DSD_LFS@DF_LFS_INDIC(1.1),Emploi et chômage par groupe d'âge quinquennal et par sexe - indicateurs,I,USA,États-Unis,EMP_RATIO,Employment to population ratio,PT_POP_SUB,Pourcentage de la population dans le même sous-groupe,_T,Total,Y20T64,De 20 à 64 ans,EMP,Employment,1990,,74.8760307842557,,A,Valeur normale,,,1,One
DATAFLOW,OECD.ELS.SAE:DSD_LFS@DF_LFS_INDIC(1.1),Emploi et chômage par groupe d'âge quinquennal et par sexe - indicateurs,I,G7,G7,EMP_RATIO,Employment to population ratio,PT_POP_SUB,Pourcentage de la population dans le même sous-groupe,_T,Total,Y20T64,De 20 à 64 ans,EMP,Employment,1990,,71.7539270821225,,A,Valeur normale,,,1,One
DATAFLOW,OECD.ELS.SAE:DSD_LFS@DF_LFS_INDIC(1.1),Emploi et chômage par groupe d'âge quinquennal et par sexe - indicateurs,I,EU27,Union européenne (27 pays),EMP_RATIO,Employment to population ratio,PT_POP_SUB,Pourcentage de la population dans le même sous-groupe,_T,Total,Y20T64,De 20 à 64 ans,EMP,Employment,1990,,64.1905860039308,,A,Valeur normale,,,1,One
DATAFLOW,OECD.ELS.SAE:DSD_LFS@DF_LFS_INDIC(1.1),Emploi et chômage par groupe d'âge quinquennal et par sexe - indicateurs,I,EU19OECD,19 Membres de l'Union européenne et de l'OCDE,EMP_RATIO,Employment to population ratio,PT_POP_SUB,Pourcentage de la population dans le même sous-groupe,_T,Total,Y20T64,De 20 à 64 ans,EMP,Employment,1990,,63.2303149666948,,A,Valeur normale,,,1,One
DATAFLOW,OECD.ELS.SAE:DSD_LFS@DF_LFS_INDIC(1.1),Emploi et chômage par groupe d'âge quinquennal et par sexe - indicateurs,I,EU22OECD,22 Membres de l'Union européenne et de l'OCDE,EMP_RATIO,Employment to population ratio,PT_POP_SUB,Pourcentage de la population dans le même sous-groupe,_T,Total,Y20T64,De 20 à 64 ans,EMP,Employment,1990,,64.1905860039308,,A,Valeur normale,,,1,One
DATAFLOW,OECD.ELS.SAE:DSD_LFS@DF_LFS_INDIC(1.1),Emploi et chômage par groupe d'âge quinquennal et par sexe - indicateurs,I,DEU_F,Ex-République fédérale d'Allemagne,EMP_RATIO,Employment to population ratio,PT_POP_SUB,Pourcentage de la population dans le même sous-groupe,_T,Total,Y20T64,De 20 à 64 ans,EMP,Employment,1990,,66.6516475626965,,A,Valeur normale,,,1,One
DATAFLOW,OECD.ELS.SAE:DSD_LFS@DF_LFS_INDIC(1.1),Emploi et chômage par groupe d'âge quinquennal et par sexe - indicateurs,I,POL,Pologne,EMP_RATIO,Employment to population ratio,PT_POP_SUB,Pourcentage de la population dans le même sous-groupe,_T,Total,Y20T64,De 20 à 64 ans,EMP,Employment,2000,,61,,A,Valeur normale,,,1,One
DATAFLOW,OECD.ELS.SAE:DSD_LFS@DF_LFS_INDIC(1.1),Emploi et chômage par groupe d'âge quinquennal et par sexe - indicateurs,I,DEU_F,Ex-République fédérale d'Allemagne,EMP_RATIO,Employment to population ratio,PT_POP_SUB,Pourcentage de la population dans le même sous-groupe,_T,Total,Y20T64,De 20 à 64 ans,EMP,Employment,1995,,67.7884499650947,,A,Valeur normale,,,1,One
DATAFLOW,OECD.ELS.SAE:DSD_LFS@DF_LFS_INDIC(1.1),Emploi et chômage par groupe d'âge quinquennal et par sexe - indicateurs,I,DEU_F,Ex-République fédérale d'Allemagne,EMP_RATIO,Employment to population ratio,PT_POP_SUB,Pourcentage de la population dans le même sous-groupe,_T,Total,Y20T64,De 20 à 64 ans,EMP,Employment,1996,,67.4085088013813,,A,Valeur normale,,,1,One
DATAFLOW,OECD.ELS.SAE:DSD_LFS@DF_LFS_INDIC(1.1),Emploi et chômage par groupe d'âge quinquennal et par sexe - indicateurs,I,DEU_F,Ex-République fédérale d'Allemagne,EMP_RATIO,Employment to population ratio,PT_POP_SUB,Pourcentage de la population dans le même sous-groupe,_T,Total,Y20T64,De 20 à 64 ans,EMP,Employment,1997,,67.3686485448083,,A,Valeur normale,,,1,One
DATAFLOW,OECD.ELS.SAE:DSD_LFS@DF_LFS_INDIC(1.1),Emploi et chômage par groupe d'âge quinquennal et par sexe - indicateurs,I,DEU_F,Ex-République fédérale d'Allemagne,EMP_RATIO,Employment to population ratio,PT_POP_SUB,Pourcentage de la population dans le même sous-groupe,_T,Total,Y20T64,De 20 à 64 ans,EMP,Employment,1998,,67.779194840821,,A,Valeur normale,,,1,One
DATAFLOW,OECD.ELS.SAE:DSD_LFS@DF_LFS_INDIC(1.1),Emploi et chômage par groupe d'âge quinquennal et par sexe - indicateurs,I,OECD,OCDE,EMP_RATIO,Employment to population ratio,PT_POP_SUB,Pourcentage de la population dans le même sous-groupe,_T,Total,Y20T64,De 20 à 64 ans,EMP,Employment,1990,,69.8594006736781,,A,Valeur normale,,,1,One
DATAFLOW,OECD.ELS.SAE:DSD_LFS@DF_LFS_INDIC(1.1),Emploi et chômage par groupe d'âge quinquennal et par sexe - indicateurs,I,OECD_REP,Pays moyen de l'OCDE,EMP_RATIO,Employment to population ratio,PT_POP_SUB,Pourcentage de la population dans le même sous-groupe,_T,Total,Y20T64,De 20 à 64 ans,EMP,Employment,1990,,68.5646425543259,,A,Valeur normale,,,1,One
DATAFLOW,OECD.ELS.SAE:DSD_LFS@DF_LFS_INDIC(1.1),Emploi et chômage par groupe d'âge quinquennal et par sexe - indicateurs,I,E,Europe,EMP_RATIO,Employment to population ratio,PT_POP_SUB,Pourcentage de la population dans le même sous-groupe,_T,Total,Y20T64,De 20 à 64 ans,EMP,Employment,1990,,64.8203052483939,,A,Valeur normale,,,1,One
DATAFLOW,OECD.ELS.SAE:DSD_LFS@DF_LFS_INDIC(1.1),Emploi et chômage par groupe d'âge quinquennal et par sexe - indicateurs,I,E,Europe,EMP_RATIO,Employment to population ratio,PT_POP_SUB,Pourcentage de la population dans le même sous-groupe,_T,Total,Y20T64,De 20 à 64 ans,EMP,Employment,1995,,63.8808841219499,,A,Valeur normale,,,1,One
DATAFLOW,OECD.ELS.SAE:DSD_LFS@DF_LFS_INDIC(1.1),Emploi et chômage par groupe d'âge quinquennal et par sexe - indicateurs,I,E,Europe,EMP_RATIO,Employment to population ratio,PT_POP_SUB,Pourcentage de la population dans le même sous-groupe,_T,Total,Y20T64,De 20 à 64 ans,EMP,Employment,1996,,64.0796207638644,,A,Valeur normale,,,1,One
DATAFLOW,OECD.ELS.SAE:DSD_LFS@DF_LFS_INDIC(1.1),Emploi et chômage par groupe d'âge quinquennal et par sexe - indicateurs,I,E,Europe,EMP_RATIO,Employment to population ratio,PT_POP_SUB,Pourcentage de la population dans le même sous-groupe,_T,Total,Y20T64,De 20 à 64 ans,EMP,Employment,1997,,64.1972339392643,,A,Valeur normale,,,1,One
DATAFLOW,OECD.ELS.SAE:DSD_LFS@DF_LFS_INDIC(1.1),Emploi et chômage par groupe d'âge quinquennal et par sexe - indicateurs,I,E,Europe,EMP_RATIO,Employment to population ratio,PT_POP_SUB,Pourcentage de la population dans le même sous-groupe,_T,Total,Y20T64,De 20 à 64 ans,EMP,Employment,1998,,64.7989951356206,,A,Valeur normale,,,1,One
DATAFLOW,OECD.ELS.SAE:DSD_LFS@DF_LFS_INDIC(1.1),Emploi et chômage par groupe d'âge quinquennal et par sexe - indicateurs,I,E,Europe,EMP_RATIO,Employment to population ratio,PT_POP_SUB,Pourcentage de la population dans le même sous-groupe,_T,Total,Y20T64,De 20 à 64 ans,EMP,Employment,1999,,65.1367297590781,,A,Valeur normale,,,1,One
DATAFLOW,OECD.ELS.SAE:DSD_LFS@DF_LFS_INDIC(1.1),Emploi et chômage par groupe d'âge quinquennal et par sexe - indicateurs,I,E,Europe,EMP_RATIO,Employment to population ratio,PT_POP_SUB,Pourcentage de la population dans le même sous-groupe,_T,Total,Y20T64,De 20 à 64 ans,EMP,Employment,2000,,65.3795231465509,,A,Valeur normale,,,1,One
DATAFLOW,OECD.ELS.SAE:DSD_LFS@DF_LFS_INDIC(1.1),Emploi et chômage par groupe d'âge quinquennal et par sexe - indicateurs,I,E,Europe,EMP_RATIO,Employment to population ratio,PT_POP_SUB,Pourcentage de la population dans le même sous-groupe,_T,Total,Y20T64,De 20 à 64 ans,EMP,Employment,2001,,65.5387000962374,,A,Valeur normale,,,1,One
DATAFLOW,OECD.ELS.SAE:DSD_LFS@DF_LFS_INDIC(1.1),Emploi et chômage par groupe d'âge quinquennal et par sexe - indicateurs,I,E,Europe,EMP_RATIO,Employment to population ratio,PT_POP_SUB,Pourcentage de la population dans le même sous-groupe,_T,Total,Y20T64,De 20 à 64 ans,EMP,Employment,2002,,65.41415369748,,A,Valeur normale,,,1,One
DATAFLOW,OECD.ELS.SAE:DSD_LFS@DF_LFS_INDIC(1.1),Emploi et chômage par groupe d'âge quinquennal et par sexe - indicateurs,I,E,Europe,EMP_RATIO,Employment to population ratio,PT_POP_SUB,Pourcentage de la population dans le même sous-groupe,_T,Total,Y20T64,De 20 à 64 ans,EMP,Employment,2003,,65.2971921900974,,A,Valeur normale,,,1,One
DATAFLOW,OECD.ELS.SAE:DSD_LFS@DF_LFS_INDIC(1.1),Emploi et chômage par groupe d'âge quinquennal et par sexe - indicateurs,I,E,Europe,EMP_RATIO,Employment to population ratio,PT_POP_SUB,Pourcentage de la population dans le même sous-groupe,_T,Total,Y20T64,De 20 à 64 ans,EMP,Employment,2004,,65.5008459806952,,A,Valeur normale,,,1,One
DATAFLOW,OECD.ELS.SAE:DSD_LFS@DF_LFS_INDIC(1.1),Emploi et chômage par groupe d'âge quinquennal et par sexe - indicateurs,I,E,Europe,EMP_RATIO,Employment to population ratio,PT_POP_SUB,Pourcentage de la population dans le même sous-groupe,_T,Total,Y20T64,De 20 à 64 ans,EMP,Employment,2005,,65.9749115038242,,A,Valeur normale,,,1,One
DATAFLOW,OECD.ELS.SAE:DSD_LFS@DF_LFS_INDIC(1.1),Emploi et chômage par groupe d'âge quinquennal et par sexe - indicateurs,I,E,Europe,EMP_RATIO,Employment to population ratio,PT_POP_SUB,Pourcentage de la population dans le même sous-groupe,_T,Total,Y20T64,De 20 à 64 ans,EMP,Employment,2006,,66.7969121754742,,A,Valeur normale,,,1,One
DATAFLOW,OECD.ELS.SAE:DSD_LFS@DF_LFS_INDIC(1.1),Emploi et chômage par groupe d'âge quinquennal et par sexe - indicateurs,I,E,Europe,EMP_RATIO,Employment to population ratio,PT_POP_SUB,Pourcentage de la population dans le même sous-groupe,_T,Total,Y20T64,De 20 à 64 ans,EMP,Employment,2007,,67.6042058824035,,A,Valeur normale,,,1,One
DATAFLOW,OECD.ELS.SAE:DSD_LFS@DF_LFS_INDIC(1.1),Emploi et chômage par groupe d'âge quinquennal et par sexe - indicateurs,I,E,Europe,EMP_RATIO,Employment to population ratio,PT_POP_SUB,Pourcentage de la population dans le même sous-groupe,_T,Total,Y20T64,De 20 à 64 ans,EMP,Employment,2008,,67.9985024205731,,A,Valeur normale,,,1,One
DATAFLOW,OECD.ELS.SAE:DSD_LFS@DF_LFS_INDIC(1.1),Emploi et chômage par groupe d'âge quinquennal et par sexe - indicateurs,I,E,Europe,EMP_RATIO,Employment to population ratio,PT_POP_SUB,Pourcentage de la population dans le même sous-groupe,_T,Total,Y20T64,De 20 à 64 ans,EMP,Employment,2009,,66.7679336120682,,A,Valeur normale,,,1,One
DATAFLOW,OECD.ELS.SAE:DSD_LFS@DF_LFS_INDIC(1.1),Emploi et chômage par groupe d'âge quinquennal et par sexe - indicateurs,I,E,Europe,EMP_RATIO,Employment to population ratio,PT_POP_SUB,Pourcentage de la population dans le même sous-groupe,_T,Total,Y20T64,De 20 à 64 ans,EMP,Employment,2010,,66.6807142069209,,A,Valeur normale,,,1,One
DATAFLOW,OECD.ELS.SAE:DSD_LFS@DF_LFS_INDIC(1.1),Emploi et chômage par groupe d'âge quinquennal et par sexe - indicateurs,I,E,Europe,EMP_RATIO,Employment to population ratio,PT_POP_SUB,Pourcentage de la population dans le même sous-groupe,_T,Total,Y20T64,De 20 à 64 ans,EMP,Employment,2011,,66.9422342817451,,A,Valeur normale,,,1,One
DATAFLOW,OECD.ELS.SAE:DSD_LFS@DF_LFS_INDIC(1.1),Emploi et chômage par groupe d'âge quinquennal et par sexe - indicateurs,I,E,Europe,EMP_RATIO,Employment to population ratio,PT_POP_SUB,Pourcentage de la population dans le même sous-groupe,_T,Total,Y20T64,De 20 à 64 ans,EMP,Employment,2012,,66.8266894541597,,A,Valeur normale,,,1,One
DATAFLOW,OECD.ELS.SAE:DSD_LFS@DF_LFS_INDIC(1.1),Emploi et chômage par groupe d'âge quinquennal et par sexe - indicateurs,I,E,Europe,EMP_RATIO,Employment to population ratio,PT_POP_SUB,Pourcentage de la population dans le même sous-groupe,_T,Total,Y20T64,De 20 à 64 ans,EMP,Employment,2013,,66.8670042505539,,A,Valeur normale,,,1,One
DATAFLOW,OECD.ELS.SAE:DSD_LFS@DF_LFS_INDIC(1.1),Emploi et chômage par groupe d'âge quinquennal et par sexe - indicateurs,I,E,Europe,EMP_RATIO,Employment to population ratio,PT_POP_SUB,Pourcentage de la population dans le même sous-groupe,_T,Total,Y20T64,De 20 à 64 ans,EMP,Employment,2014,,67.4514966430934,,A,Valeur normale,,,1,One
DATAFLOW,OECD.ELS.SAE:DSD_LFS@DF_LFS_INDIC(1.1),Emploi et chômage par groupe d'âge quinquennal et par sexe - indicateurs,I,E,Europe,EMP_RATIO,Employment to population ratio,PT_POP_SUB,Pourcentage de la population dans le même sous-groupe,_T,Total,Y20T64,De 20 à 64 ans,EMP,Employment,2015,,68.2947743539595,,A,Valeur normale,,,1,One
DATAFLOW,OECD.ELS.SAE:DSD_LFS@DF_LFS_INDIC(1.1),Emploi et chômage par groupe d'âge quinquennal et par sexe - indicateurs,I,E,Europe,EMP_RATIO,Employment to population ratio,PT_POP_SUB,Pourcentage de la population dans le même sous-groupe,_T,Total,Y20T64,De 20 à 64 ans,EMP,Employment,2016,,69.1750631818094,,A,Valeur normale,,,1,One
DATAFLOW,OECD.ELS.SAE:DSD_LFS@DF_LFS_INDIC(1.1),Emploi et chômage par groupe d'âge quinquennal et par sexe - indicateurs,I,E,Europe,EMP_RATIO,Employment to population ratio,PT_POP_SUB,Pourcentage de la population dans le même sous-groupe,_T,Total,Y20T64,De 20 à 64 ans,EMP,Employment,2017,,70.1332646760842,,A,Valeur normale,,,1,One
DATAFLOW,OECD.ELS.SAE:DSD_LFS@DF_LFS_INDIC(1.1),Emploi et chômage par groupe d'âge quinquennal et par sexe - indicateurs,I,E,Europe,EMP_RATIO,Employment to population ratio,PT_POP_SUB,Pourcentage de la population dans le même sous-groupe,_T,Total,Y20T64,De 20 à 64 ans,EMP,Employment,2018,,70.9181630236503,,A,Valeur normale,,,1,One
DATAFLOW,OECD.ELS.SAE:DSD_LFS@DF_LFS_INDIC(1.1),Emploi et chômage par groupe d'âge quinquennal et par sexe - indicateurs,I,E,Europe,EMP_RATIO,Employment to population ratio,PT_POP_SUB,Pourcentage de la population dans le même sous-groupe,_T,Total,Y20T64,De 20 à 64 ans,EMP,Employment,2019,,71.2206159771531,,A,Valeur normale,,,1,One
DATAFLOW,OECD.ELS.SAE:DSD_LFS@DF_LFS_INDIC(1.1),Emploi et chômage par groupe d'âge quinquennal et par sexe - indicateurs,I,E,Europe,EMP_RATIO,Employment to population ratio,PT_POP_SUB,Pourcentage de la population dans le même sous-groupe,_T,Total,Y20T64,De 20 à 64 ans,EMP,Employment,2020,,70.0928562272483,,A,Valeur normale,,,1,One
DATAFLOW,OECD.ELS.SAE:DSD_LFS@DF_LFS_INDIC(1.1),Emploi et chômage par groupe d'âge quinquennal et par sexe - indicateurs,I,E,Europe,EMP_RATIO,Employment to population ratio,PT_POP_SUB,Pourcentage de la population dans le même sous-groupe,_T,Total,Y20T64,De 20 à 64 ans,EMP,Employment,2021,,71.2055643263253,,A,Valeur normale,,,1,One
DATAFLOW,OECD.ELS.SAE:DSD_LFS@DF_LFS_INDIC(1.1),Emploi et chômage par groupe d'âge quinquennal et par sexe - indicateurs,I,E,Europe,EMP_RATIO,Employment to population ratio,PT_POP_SUB,Pourcentage de la population dans le même sous-groupe,_T,Total,Y20T64,De 20 à 64 ans,EMP,Employment,2022,,72.7403274515283,,A,Valeur normale,,,1,One
DATAFLOW,OECD.ELS.SAE:DSD_LFS@DF_LFS_INDIC(1.1),Emploi et chômage par groupe d'âge quinquennal et par sexe - indicateurs,I,AUS,Australie,EMP_RATIO,Employment to population ratio,PT_POP_SUB,Pourcentage de la population dans le même sous-groupe,_T,Total,Y20T64,De 20 à 64 ans,EMP,Employment,2010,,75.182,,A,Valeur normale,,,1,One
DATAFLOW,OECD.ELS.SAE:DSD_LFS@DF_LFS_INDIC(1.1),Emploi et chômage par groupe d'âge quinquennal et par sexe - indicateurs,I,AUT,Autriche,EMP_RATIO,Employment to population ratio,PT_POP_SUB,Pourcentage de la population dans le même sous-groupe,_T,Total,Y20T64,De 20 à 64 ans,EMP,Employment,2010,,73.908,,A,Valeur normale,,,1,One
DATAFLOW,OECD.ELS.SAE:DSD_LFS@DF_LFS_INDIC(1.1),Emploi et chômage par groupe d'âge quinquennal et par sexe - indicateurs,I,BEL,Belgique,EMP_RATIO,Employment to population ratio,PT_POP_SUB,Pourcentage de la population dans le même sous-groupe,_T,Total,Y20T64,De 20 à 64 ans,EMP,Employment,2010,,67.576,,A,Valeur normale,,,1,One
DATAFLOW,OECD.ELS.SAE:DSD_LFS@DF_LFS_INDIC(1.1),Emploi et chômage par groupe d'âge quinquennal et par sexe - indicateurs,I,CAN,Canada,EMP_RATIO,Employment to population ratio,PT_POP_SUB,Pourcentage de la population dans le même sous-groupe,_T,Total,Y20T64,De 20 à 64 ans,EMP,Employment,2010,,74.624,,A,Valeur normale,,,1,One
DATAFLOW,OECD.ELS.SAE:DSD_LFS@DF_LFS_INDIC(1.1),Emploi et chômage par groupe d'âge quinquennal et par sexe - indicateurs,I,CHL,Chili,EMP_RATIO,Employment to population ratio,PT_POP_SUB,Pourcentage de la population dans le même sous-groupe,_T,Total,Y20T64,De 20 à 64 ans,EMP,Employment,2010,,66.648,,A,Valeur normale,,,1,One
DATAFLOW,OECD.ELS.SAE:DSD_LFS@DF_LFS_INDIC(1.1),Emploi et chômage par groupe d'âge quinquennal et par sexe - indicateurs,I,COL,Colombie,EMP_RATIO,Employment to population ratio,PT_POP_SUB,Pourcentage de la population dans le même sous-groupe,_T,Total,Y20T64,De 20 à 64 ans,EMP,Employment,2010,,69.825,,A,Valeur normale,,,1,One
DATAFLOW,OECD.ELS.SAE:DSD_LFS@DF_LFS_INDIC(1.1),Emploi et chômage par groupe d'âge quinquennal et par sexe - indicateurs,I,CRI,Costa Rica,EMP_RATIO,Employment to population ratio,PT_POP_SUB,Pourcentage de la population dans le même sous-groupe,_T,Total,Y20T64,De 20 à 64 ans,EMP,Employment,2010,,67.051,,A,Valeur normale,,,1,One
DATAFLOW,OECD.ELS.SAE:DSD_LFS@DF_LFS_INDIC(1.1),Emploi et chômage par groupe d'âge quinquennal et par sexe - indicateurs,I,CZE,Tchéquie,EMP_RATIO,Employment to population ratio,PT_POP_SUB,Pourcentage de la population dans le même sous-groupe,_T,Total,Y20T64,De 20 à 64 ans,EMP,Employment,2010,,70.359,,A,Valeur normale,,,1,One
DATAFLOW,OECD.ELS.SAE:DSD_LFS@DF_LFS_INDIC(1.1),Emploi et chômage par groupe d'âge quinquennal et par sexe - indicateurs,I,DNK,Danemark,EMP_RATIO,Employment to population ratio,PT_POP_SUB,Pourcentage de la population dans le même sous-groupe,_T,Total,Y20T64,De 20 à 64 ans,EMP,Employment,2010,,74.971,,A,Valeur normale,,,1,One
DATAFLOW,OECD.ELS.SAE:DSD_LFS@DF_LFS_INDIC(1.1),Emploi et chômage par groupe d'âge quinquennal et par sexe - indicateurs,I,EST,Estonie,EMP_RATIO,Employment to population ratio,PT_POP_SUB,Pourcentage de la population dans le même sous-groupe,_T,Total,Y20T64,De 20 à 64 ans,EMP,Employment,2010,,66.789,,A,Valeur normale,,,1,One
DATAFLOW,OECD.ELS.SAE:DSD_LFS@DF_LFS_INDIC(1.1),Emploi et chômage par groupe d'âge quinquennal et par sexe - indicateurs,I,FIN,Finlande,EMP_RATIO,Employment to population ratio,PT_POP_SUB,Pourcentage de la population dans le même sous-groupe,_T,Total,Y20T64,De 20 à 64 ans,EMP,Employment,2010,,73.029,,A,Valeur normale,,,1,One
DATAFLOW,OECD.ELS.SAE:DSD_LFS@DF_LFS_INDIC(1.1),Emploi et chômage par groupe d'âge quinquennal et par sexe - indicateurs,I,FRA,France,EMP_RATIO,Employment to population ratio,PT_POP_SUB,Pourcentage de la population dans le même sous-groupe,_T,Total,Y20T64,De 20 à 64 ans,EMP,Employment,2010,,68.865,,A,Valeur normale,,,1,One
DATAFLOW,OECD.ELS.SAE:DSD_LFS@DF_LFS_INDIC(1.1),Emploi et chômage par groupe d'âge quinquennal et par sexe - indicateurs,I,DEU,Allemagne,EMP_RATIO,Employment to population ratio,PT_POP_SUB,Pourcentage de la population dans le même sous-groupe,_T,Total,Y20T64,De 20 à 64 ans,EMP,Employment,2010,,74.925,,A,Valeur normale,,,1,One
DATAFLOW,OECD.ELS.SAE:DSD_LFS@DF_LFS_INDIC(1.1),Emploi et chômage par groupe d'âge quinquennal et par sexe - indicateurs,I,GRC,Grèce,EMP_RATIO,Employment to population ratio,PT_POP_SUB,Pourcentage de la population dans le même sous-groupe,_T,Total,Y20T64,De 20 à 64 ans,EMP,Employment,2010,,63.752,,A,Valeur normale,,,1,One
DATAFLOW,OECD.ELS.SAE:DSD_LFS@DF_LFS_INDIC(1.1),Emploi et chômage par groupe d'âge quinquennal et par sexe - indicateurs,I,HUN,Hongrie,EMP_RATIO,Employment to population ratio,PT_POP_SUB,Pourcentage de la population dans le même sous-groupe,_T,Total,Y20T64,De 20 à 64 ans,EMP,Employment,2010,,62.226,,A,Valeur normale,,,1,One
DATAFLOW,OECD.ELS.SAE:DSD_LFS@DF_LFS_INDIC(1.1),Emploi et chômage par groupe d'âge quinquennal et par sexe - indicateurs,I,ISL,Islande,EMP_RATIO,Employment to population ratio,PT_POP_SUB,Pourcentage de la population dans le même sous-groupe,_T,Total,Y20T64,De 20 à 64 ans,EMP,Employment,2010,,79.29,,A,Valeur normale,,,1,One
DATAFLOW,OECD.ELS.SAE:DSD_LFS@DF_LFS_INDIC(1.1),Emploi et chômage par groupe d'âge quinquennal et par sexe - indicateurs,I,IRL,Irlande,EMP_RATIO,Employment to population ratio,PT_POP_SUB,Pourcentage de la population dans le même sous-groupe,_T,Total,Y20T64,De 20 à 64 ans,EMP,Employment,2010,,65.568,,A,Valeur normale,,,1,One
DATAFLOW,OECD.ELS.SAE:DSD_LFS@DF_LFS_INDIC(1.1),Emploi et chômage par groupe d'âge quinquennal et par sexe - indicateurs,I,ISR,Israël,EMP_RATIO,Employment to population ratio,PT_POP_SUB,Pourcentage de la population dans le même sous-groupe,_T,Total,Y20T64,De 20 à 64 ans,EMP,Employment,2010,,70.896,,A,Valeur normale,,,1,One
DATAFLOW,OECD.ELS.SAE:DSD_LFS@DF_LFS_INDIC(1.1),Emploi et chômage par groupe d'âge quinquennal et par sexe - indicateurs,I,ITA,Italie,EMP_RATIO,Employment to population ratio,PT_POP_SUB,Pourcentage de la population dans le même sous-groupe,_T,Total,Y20T64,De 20 à 64 ans,EMP,Employment,2010,,60.986,,A,Valeur normale,,,1,One
DATAFLOW,OECD.ELS.SAE:DSD_LFS@DF_LFS_INDIC(1.1),Emploi et chômage par groupe d'âge quinquennal et par sexe - indicateurs,I,JPN,Japon,EMP_RATIO,Employment to population ratio,PT_POP_SUB,Pourcentage de la population dans le même sous-groupe,_T,Total,Y20T64,De 20 à 64 ans,EMP,Employment,2010,,74.65,,A,Valeur normale,,,1,One
DATAFLOW,OECD.ELS.SAE:DSD_LFS@DF_LFS_INDIC(1.1),Emploi et chômage par groupe d'âge quinquennal et par sexe - indicateurs,I,KOR,Corée,EMP_RATIO,Employment to population ratio,PT_POP_SUB,Pourcentage de la population dans le même sous-groupe,_T,Total,Y20T64,De 20 à 64 ans,EMP,Employment,2010,,69.383,,A,Valeur normale,,,1,One
DATAFLOW,OECD.ELS.SAE:DSD_LFS@DF_LFS_INDIC(1.1),Emploi et chômage par groupe d'âge quinquennal et par sexe - indicateurs,I,LVA,Lettonie,EMP_RATIO,Employment to population ratio,PT_POP_SUB,Pourcentage de la population dans le même sous-groupe,_T,Total,Y20T64,De 20 à 64 ans,EMP,Employment,2010,,64.274,,A,Valeur normale,,,1,One
DATAFLOW,OECD.ELS.SAE:DSD_LFS@DF_LFS_INDIC(1.1),Emploi et chômage par groupe d'âge quinquennal et par sexe - indicateurs,I,LTU,Lituanie,EMP_RATIO,Employment to population ratio,PT_POP_SUB,Pourcentage de la population dans le même sous-groupe,_T,Total,Y20T64,De 20 à 64 ans,EMP,Employment,2010,,64.294,,A,Valeur normale,,,1,One
DATAFLOW,OECD.ELS.SAE:DSD_LFS@DF_LFS_INDIC(1.1),Emploi et chômage par groupe d'âge quinquennal et par sexe - indicateurs,I,LUX,Luxembourg,EMP_RATIO,Employment to population ratio,PT_POP_SUB,Pourcentage de la population dans le même sous-groupe,_T,Total,Y20T64,De 20 à 64 ans,EMP,Employment,2010,,70.689,,A,Valeur normale,,,1,One
DATAFLOW,OECD.ELS.SAE:DSD_LFS@DF_LFS_INDIC(1.1),Emploi et chômage par groupe d'âge quinquennal et par sexe - indicateurs,I,MEX,Mexique,EMP_RATIO,Employment to population ratio,PT_POP_SUB,Pourcentage de la population dans le même sous-groupe,_T,Total,Y20T64,De 20 à 64 ans,EMP,Employment,2010,,65.013,,A,Valeur normale,,,1,One
DATAFLOW,OECD.ELS.SAE:DSD_LFS@DF_LFS_INDIC(1.1),Emploi et chômage par groupe d'âge quinquennal et par sexe - indicateurs,I,NLD,Pays-Bas,EMP_RATIO,Employment to population ratio,PT_POP_SUB,Pourcentage de la population dans le même sous-groupe,_T,Total,Y20T64,De 20 à 64 ans,EMP,Employment,2010,,76.277,,A,Valeur normale,,,1,One
DATAFLOW,OECD.ELS.SAE:DSD_LFS@DF_LFS_INDIC(1.1),Emploi et chômage par groupe d'âge quinquennal et par sexe - indicateurs,I,NZL,Nouvelle-Zélande,EMP_RATIO,Employment to population ratio,PT_POP_SUB,Pourcentage de la population dans le même sous-groupe,_T,Total,Y20T64,De 20 à 64 ans,EMP,Employment,2010,,76.757,,A,Valeur normale,,,1,One
DATAFLOW,OECD.ELS.SAE:DSD_LFS@DF_LFS_INDIC(1.1),Emploi et chômage par groupe d'âge quinquennal et par sexe - indicateurs,I,NOR,Norvège,EMP_RATIO,Employment to population ratio,PT_POP_SUB,Pourcentage de la population dans le même sous-groupe,_T,Total,Y20T64,De 20 à 64 ans,EMP,Employment,2010,,79.554,,A,Valeur normale,,,1,One
DATAFLOW,OECD.ELS.SAE:DSD_LFS@DF_LFS_INDIC(1.1),Emploi et chômage par groupe d'âge quinquennal et par sexe - indicateurs,I,POL,Pologne,EMP_RATIO,Employment to population ratio,PT_POP_SUB,Pourcentage de la population dans le même sous-groupe,_T,Total,Y20T64,De 20 à 64 ans,EMP,Employment,2010,,64.296,,A,Valeur normale,,,1,One
DATAFLOW,OECD.ELS.SAE:DSD_LFS@DF_LFS_INDIC(1.1),Emploi et chômage par groupe d'âge quinquennal et par sexe - indicateurs,I,PRT,Portugal,EMP_RATIO,Employment to population ratio,PT_POP_SUB,Pourcentage de la population dans le même sous-groupe,_T,Total,Y20T64,De 20 à 64 ans,EMP,Employment,2010,,70.326,,A,Valeur normale,,,1,One
DATAFLOW,OECD.ELS.SAE:DSD_LFS@DF_LFS_INDIC(1.1),Emploi et chômage par groupe d'âge quinquennal et par sexe - indicateurs,I,SVK,République slovaque,EMP_RATIO,Employment to population ratio,PT_POP_SUB,Pourcentage de la population dans le même sous-groupe,_T,Total,Y20T64,De 20 à 64 ans,EMP,Employment,2010,,64.643,,A,Valeur normale,,,1,One
DATAFLOW,OECD.ELS.SAE:DSD_LFS@DF_LFS_INDIC(1.1),Emploi et chômage par groupe d'âge quinquennal et par sexe - indicateurs,I,SVN,Slovénie,EMP_RATIO,Employment to population ratio,PT_POP_SUB,Pourcentage de la population dans le même sous-groupe,_T,Total,Y20T64,De 20 à 64 ans,EMP,Employment,2010,,70.318,,A,Valeur normale,,,1,One
DATAFLOW,OECD.ELS.SAE:DSD_LFS@DF_LFS_INDIC(1.1),Emploi et chômage par groupe d'âge quinquennal et par sexe - indicateurs,I,ESP,Espagne,EMP_RATIO,Employment to population ratio,PT_POP_SUB,Pourcentage de la population dans le même sous-groupe,_T,Total,Y20T64,De 20 à 64 ans,EMP,Employment,2010,,62.846,,A,Valeur normale,,,1,One
DATAFLOW,OECD.ELS.SAE:DSD_LFS@DF_LFS_INDIC(1.1),Emploi et chômage par groupe d'âge quinquennal et par sexe - indicateurs,I,SWE,Suède,EMP_RATIO,Employment to population ratio,PT_POP_SUB,Pourcentage de la population dans le même sous-groupe,_T,Total,Y20T64,De 20 à 64 ans,EMP,Employment,2010,,78.091,,A,Valeur normale,,,1,One
DATAFLOW,OECD.ELS.SAE:DSD_LFS@DF_LFS_INDIC(1.1),Emploi et chômage par groupe d'âge quinquennal et par sexe - indicateurs,I,CHE,Suisse,EMP_RATIO,Employment to population ratio,PT_POP_SUB,Pourcentage de la population dans le même sous-groupe,_T,Total,Y20T64,De 20 à 64 ans,EMP,Employment,2010,,79.712,,A,Valeur normale,,,1,One
DATAFLOW,OECD.ELS.SAE:DSD_LFS@DF_LFS_INDIC(1.1),Emploi et chômage par groupe d'âge quinquennal et par sexe - indicateurs,I,TUR,Türkiye,EMP_RATIO,Employment to population ratio,PT_POP_SUB,Pourcentage de la population dans le même sous-groupe,_T,Total,Y20T64,De 20 à 64 ans,EMP,Employment,2010,,50.028,,A,Valeur normale,,,1,One
DATAFLOW,OECD.ELS.SAE:DSD_LFS@DF_LFS_INDIC(1.1),Emploi et chômage par groupe d'âge quinquennal et par sexe - indicateurs,I,GBR,Royaume-Uni,EMP_RATIO,Employment to population ratio,PT_POP_SUB,Pourcentage de la population dans le même sous-groupe,_T,Total,Y20T64,De 20 à 64 ans,EMP,Employment,2010,,73.093,,A,Valeur normale,,,1,One
DATAFLOW,OECD.ELS.SAE:DSD_LFS@DF_LFS_INDIC(1.1),Emploi et chômage par groupe d'âge quinquennal et par sexe - indicateurs,I,USA,États-Unis,EMP_RATIO,Employment to population ratio,PT_POP_SUB,Pourcentage de la population dans le même sous-groupe,_T,Total,Y20T64,De 20 à 64 ans,EMP,Employment,2010,,70.472,,A,Valeur normale,,,1,One
DATAFLOW,OECD.ELS.SAE:DSD_LFS@DF_LFS_INDIC(1.1),Emploi et chômage par groupe d'âge quinquennal et par sexe - indicateurs,I,G7,G7,EMP_RATIO,Employment to population ratio,PT_POP_SUB,Pourcentage de la population dans le même sous-groupe,_T,Total,Y20T64,De 20 à 64 ans,EMP,Employment,2010,,71.191,,A,Valeur normale,,,1,One
DATAFLOW,OECD.ELS.SAE:DSD_LFS@DF_LFS_INDIC(1.1),Emploi et chômage par groupe d'âge quinquennal et par sexe - indicateurs,I,EU27,Union européenne (27 pays),EMP_RATIO,Employment to population ratio,PT_POP_SUB,Pourcentage de la population dans le même sous-groupe,_T,Total,Y20T64,De 20 à 64 ans,EMP,Employment,2010,,67.839,,A,Valeur normale,,,1,One
DATAFLOW,OECD.ELS.SAE:DSD_LFS@DF_LFS_INDIC(1.1),Emploi et chômage par groupe d'âge quinquennal et par sexe - indicateurs,I,EU19OECD,19 Membres de l'Union européenne et de l'OCDE,EMP_RATIO,Employment to population ratio,PT_POP_SUB,Pourcentage de la population dans le même sous-groupe,_T,Total,Y20T64,De 20 à 64 ans,EMP,Employment,2010,,68.28,,A,Valeur normale,,,1,One
DATAFLOW,OECD.ELS.SAE:DSD_LFS@DF_LFS_INDIC(1.1),Emploi et chômage par groupe d'âge quinquennal et par sexe - indicateurs,I,EU22OECD,22 Membres de l'Union européenne et de l'OCDE,EMP_RATIO,Employment to population ratio,PT_POP_SUB,Pourcentage de la population dans le même sous-groupe,_T,Total,Y20T64,De 20 à 64 ans,EMP,Employment,2010,,68.108,,A,Valeur normale,,,1,One
DATAFLOW,OECD.ELS.SAE:DSD_LFS@DF_LFS_INDIC(1.1),Emploi et chômage par groupe d'âge quinquennal et par sexe - indicateurs,I,OECD,OCDE,EMP_RATIO,Employment to population ratio,PT_POP_SUB,Pourcentage de la population dans le même sous-groupe,_T,Total,Y20T64,De 20 à 64 ans,EMP,Employment,2010,,68.88,,A,Valeur normale,,,1,One
DATAFLOW,OECD.ELS.SAE:DSD_LFS@DF_LFS_INDIC(1.1),Emploi et chômage par groupe d'âge quinquennal et par sexe - indicateurs,I,OECD_REP,Pays moyen de l'OCDE,EMP_RATIO,Employment to population ratio,PT_POP_SUB,Pourcentage de la population dans le même sous-groupe,_T,Total,Y20T64,De 20 à 64 ans,EMP,Employment,2010,,69.768,,A,Valeur normale,,,1,One
DATAFLOW,OECD.ELS.SAE:DSD_LFS@DF_LFS_INDIC(1.1),Emploi et chômage par groupe d'âge quinquennal et par sexe - indicateurs,I,BGR,Bulgarie,EMP_RATIO,Employment to population ratio,PT_POP_SUB,Pourcentage de la population dans le même sous-groupe,_T,Total,Y20T64,De 20 à 64 ans,EMP,Employment,2010,,64.694,,A,Valeur normale,,,1,One
DATAFLOW,OECD.ELS.SAE:DSD_LFS@DF_LFS_INDIC(1.1),Emploi et chômage par groupe d'âge quinquennal et par sexe - indicateurs,I,CHN,Chine (République populaire de),EMP_RATIO,Employment to population ratio,PT_POP_SUB,Pourcentage de la population dans le même sous-groupe,_T,Total,Y20T64,De 20 à 64 ans,EMP,Employment,2010,,78.985,,A,Valeur normale,,,1,One
DATAFLOW,OECD.ELS.SAE:DSD_LFS@DF_LFS_INDIC(1.1),Emploi et chômage par groupe d'âge quinquennal et par sexe - indicateurs,I,HRV,Croatie,EMP_RATIO,Employment to population ratio,PT_POP_SUB,Pourcentage de la population dans le même sous-groupe,_T,Total,Y20T64,De 20 à 64 ans,EMP,Employment,2010,,62.13,,A,Valeur normale,,,1,One
DATAFLOW,OECD.ELS.SAE:DSD_LFS@DF_LFS_INDIC(1.1),Emploi et chômage par groupe d'âge quinquennal et par sexe - indicateurs,I,CYP,Chypre,EMP_RATIO,Employment to population ratio,PT_POP_SUB,Pourcentage de la population dans le même sous-groupe,_T,Total,Y20T64,De 20 à 64 ans,EMP,Employment,2010,,74.989,,A,Valeur normale,,,1,One
DATAFLOW,OECD.ELS.SAE:DSD_LFS@DF_LFS_INDIC(1.1),Emploi et chômage par groupe d'âge quinquennal et par sexe - indicateurs,I,IND,Inde,EMP_RATIO,Employment to population ratio,PT_POP_SUB,Pourcentage de la population dans le même sous-groupe,_T,Total,Y20T64,De 20 à 64 ans,EMP,Employment,2010,,60.749,,A,Valeur normale,,,1,One
DATAFLOW,OECD.ELS.SAE:DSD_LFS@DF_LFS_INDIC(1.1),Emploi et chômage par groupe d'âge quinquennal et par sexe - indicateurs,I,IDN,Indonésie,EMP_RATIO,Employment to population ratio,PT_POP_SUB,Pourcentage de la population dans le même sous-groupe,_T,Total,Y20T64,De 20 à 64 ans,EMP,Employment,2010,,71.396,,A,Valeur normale,,,1,One
DATAFLOW,OECD.ELS.SAE:DSD_LFS@DF_LFS_INDIC(1.1),Emploi et chômage par groupe d'âge quinquennal et par sexe - indicateurs,I,MLT,Malte,EMP_RATIO,Employment to population ratio,PT_POP_SUB,Pourcentage de la population dans le même sous-groupe,_T,Total,Y20T64,De 20 à 64 ans,EMP,Employment,2010,,60.131,,A,Valeur normale,,,1,One
DATAFLOW,OECD.ELS.SAE:DSD_LFS@DF_LFS_INDIC(1.1),Emploi et chômage par groupe d'âge quinquennal et par sexe - indicateurs,I,MKD,Macédoine du Nord,EMP_RATIO,Employment to population ratio,PT_POP_SUB,Pourcentage de la population dans le même sous-groupe,_T,Total,Y20T64,De 20 à 64 ans,EMP,Employment,2010,,48.093,,A,Valeur normale,,,1,One
DATAFLOW,OECD.ELS.SAE:DSD_LFS@DF_LFS_INDIC(1.1),Emploi et chômage par groupe d'âge quinquennal et par sexe - indicateurs,I,ROU,Roumanie,EMP_RATIO,Employment to population ratio,PT_POP_SUB,Pourcentage de la population dans le même sous-groupe,_T,Total,Y20T64,De 20 à 64 ans,EMP,Employment,2010,,64.801,,A,Valeur normale,,,1,One
DATAFLOW,OECD.ELS.SAE:DSD_LFS@DF_LFS_INDIC(1.1),Emploi et chômage par groupe d'âge quinquennal et par sexe - indicateurs,I,RUS,Russie,EMP_RATIO,Employment to population ratio,PT_POP_SUB,Pourcentage de la population dans le même sous-groupe,_T,Total,Y20T64,De 20 à 64 ans,EMP,Employment,2010,,72.918,,A,Valeur normale,,,1,One
DATAFLOW,OECD.ELS.SAE:DSD_LFS@DF_LFS_INDIC(1.1),Emploi et chômage par groupe d'âge quinquennal et par sexe - indicateurs,I,ZAF,Afrique du Sud,EMP_RATIO,Employment to population ratio,PT_POP_SUB,Pourcentage de la population dans le même sous-groupe,_T,Total,Y20T64,De 20 à 64 ans,EMP,Employment,2010,,49.095,,A,Valeur normale,,,1,One
DATAFLOW,OECD.ELS.SAE:DSD_LFS@DF_LFS_INDIC(1.1),Emploi et chômage par groupe d'âge quinquennal et par sexe - indicateurs,I,AUS,Australie,EMP_RATIO,Employment to population ratio,PT_POP_SUB,Pourcentage de la population dans le même sous-groupe,_T,Total,Y20T64,De 20 à 64 ans,EMP,Employment,2009,,74.762,,A,Valeur normale,,,1,One
DATAFLOW,OECD.ELS.SAE:DSD_LFS@DF_LFS_INDIC(1.1),Emploi et chômage par groupe d'âge quinquennal et par sexe - indicateurs,I,AUT,Autriche,EMP_RATIO,Employment to population ratio,PT_POP_SUB,Pourcentage de la population dans le même sous-groupe,_T,Total,Y20T64,De 20 à 64 ans,EMP,Employment,2009,,73.41,,A,Valeur normale,,,1,One
DATAFLOW,OECD.ELS.SAE:DSD_LFS@DF_LFS_INDIC(1.1),Emploi et chômage par groupe d'âge quinquennal et par sexe - indicateurs,I,BEL,Belgique,EMP_RATIO,Employment to population ratio,PT_POP_SUB,Pourcentage de la population dans le même sous-groupe,_T,Total,Y20T64,De 20 à 64 ans,EMP,Employment,2009,,67.124,,A,Valeur normale,,,1,One
DATAFLOW,OECD.ELS.SAE:DSD_LFS@DF_LFS_INDIC(1.1),Emploi et chômage par groupe d'âge quinquennal et par sexe - indicateurs,I,CAN,Canada,EMP_RATIO,Employment to population ratio,PT_POP_SUB,Pourcentage de la population dans le même sous-groupe,_T,Total,Y20T64,De 20 à 64 ans,EMP,Employment,2009,,74.493,,A,Valeur normale,,,1,One
DATAFLOW,OECD.ELS.SAE:DSD_LFS@DF_LFS_INDIC(1.1),Emploi et chômage par groupe d'âge quinquennal et par sexe - indicateurs,I,CHL,Chili,EMP_RATIO,Employment to population ratio,PT_POP_SUB,Pourcentage de la population dans le même sous-groupe,_T,Total,Y20T64,De 20 à 64 ans,EMP,Employment,2009,,64.402,,A,Valeur normale,,,1,One
DATAFLOW,OECD.ELS.SAE:DSD_LFS@DF_LFS_INDIC(1.1),Emploi et chômage par groupe d'âge quinquennal et par sexe - indicateurs,I,COL,Colombie,EMP_RATIO,Employment to population ratio,PT_POP_SUB,Pourcentage de la population dans le même sous-groupe,_T,Total,Y20T64,De 20 à 64 ans,EMP,Employment,2009,,68.545,,A,Valeur normale,,,1,One
DATAFLOW,OECD.ELS.SAE:DSD_LFS@DF_LFS_INDIC(1.1),Emploi et chômage par groupe d'âge quinquennal et par sexe - indicateurs,I,CRI,Costa Rica,EMP_RATIO,Employment to population ratio,PT_POP_SUB,Pourcentage de la population dans le même sous-groupe,_T,Total,Y20T64,De 20 à 64 ans,EMP,Employment,2009,,68.547,,A,Valeur normale,,,1,One
DATAFLOW,OECD.ELS.SAE:DSD_LFS@DF_LFS_INDIC(1.1),Emploi et chômage par groupe d'âge quinquennal et par sexe - indicateurs,I,CZE,Tchéquie,EMP_RATIO,Employment to population ratio,PT_POP_SUB,Pourcentage de la population dans le même sous-groupe,_T,Total,Y20T64,De 20 à 64 ans,EMP,Employment,2009,,70.906,,A,Valeur normale,,,1,One
DATAFLOW,OECD.ELS.SAE:DSD_LFS@DF_LFS_INDIC(1.1),Emploi et chômage par groupe d'âge quinquennal et par sexe - indicateurs,I,DNK,Danemark,EMP_RATIO,Employment to population ratio,PT_POP_SUB,Pourcentage de la population dans le même sous-groupe,_T,Total,Y20T64,De 20 à 64 ans,EMP,Employment,2009,,76.202,,A,Valeur normale,,,1,One
DATAFLOW,OECD.ELS.SAE:DSD_LFS@DF_LFS_INDIC(1.1),Emploi et chômage par groupe d'âge quinquennal et par sexe - indicateurs,I,EST,Estonie,EMP_RATIO,Employment to population ratio,PT_POP_SUB,Pourcentage de la population dans le même sous-groupe,_T,Total,Y20T64,De 20 à 64 ans,EMP,Employment,2009,,69.938,,A,Valeur normale,,,1,One
DATAFLOW,OECD.ELS.SAE:DSD_LFS@DF_LFS_INDIC(1.1),Emploi et chômage par groupe d'âge quinquennal et par sexe - indicateurs,I,FIN,Finlande,EMP_RATIO,Employment to population ratio,PT_POP_SUB,Pourcentage de la population dans le même sous-groupe,_T,Total,Y20T64,De 20 à 64 ans,EMP,Employment,2009,,73.63,,A,Valeur normale,,,1,One
DATAFLOW,OECD.ELS.SAE:DSD_LFS@DF_LFS_INDIC(1.1),Emploi et chômage par groupe d'âge quinquennal et par sexe - indicateurs,I,FRA,France,EMP_RATIO,Employment to population ratio,PT_POP_SUB,Pourcentage de la population dans le même sous-groupe,_T,Total,Y20T64,De 20 à 64 ans,EMP,Employment,2009,,69.006,,A,Valeur normale,,,1,One
DATAFLOW,OECD.ELS.SAE:DSD_LFS@DF_LFS_INDIC(1.1),Emploi et chômage par groupe d'âge quinquennal et par sexe - indicateurs,I,DEU,Allemagne,EMP_RATIO,Employment to population ratio,PT_POP_SUB,Pourcentage de la population dans le même sous-groupe,_T,Total,Y20T64,De 20 à 64 ans,EMP,Employment,2009,,74.198,,A,Valeur normale,,,1,One
DATAFLOW,OECD.ELS.SAE:DSD_LFS@DF_LFS_INDIC(1.1),Emploi et chômage par groupe d'âge quinquennal et par sexe - indicateurs,I,GRC,Grèce,EMP_RATIO,Employment to population ratio,PT_POP_SUB,Pourcentage de la population dans le même sous-groupe,_T,Total,Y20T64,De 20 à 64 ans,EMP,Employment,2009,,65.612,,A,Valeur normale,,,1,One
DATAFLOW,OECD.ELS.SAE:DSD_LFS@DF_LFS_INDIC(1.1),Emploi et chômage par groupe d'âge quinquennal et par sexe - indicateurs,I,HUN,Hongrie,EMP_RATIO,Employment to population ratio,PT_POP_SUB,Pourcentage de la population dans le même sous-groupe,_T,Total,Y20T64,De 20 à 64 ans,EMP,Employment,2009,,62.467,,A,Valeur normale,,,1,One
DATAFLOW,OECD.ELS.SAE:DSD_LFS@DF_LFS_INDIC(1.1),Emploi et chômage par groupe d'âge quinquennal et par sexe - indicateurs,I,ISL,Islande,EMP_RATIO,Employment to population ratio,PT_POP_SUB,Pourcentage de la population dans le même sous-groupe,_T,Total,Y20T64,De 20 à 64 ans,EMP,Employment,2009,,79.294,,A,Valeur normale,,,1,One
DATAFLOW,OECD.ELS.SAE:DSD_LFS@DF_LFS_INDIC(1.1),Emploi et chômage par groupe d'âge quinquennal et par sexe - indicateurs,I,IRL,Irlande,EMP_RATIO,Employment to population ratio,PT_POP_SUB,Pourcentage de la population dans le même sous-groupe,_T,Total,Y20T64,De 20 à 64 ans,EMP,Employment,2009,,68.007,,A,Valeur normale,,,1,One
DATAFLOW,OECD.ELS.SAE:DSD_LFS@DF_LFS_INDIC(1.1),Emploi et chômage par groupe d'âge quinquennal et par sexe - indicateurs,I,ISR,Israël,EMP_RATIO,Employment to population ratio,PT_POP_SUB,Pourcentage de la population dans le même sous-groupe,_T,Total,Y20T64,De 20 à 64 ans,EMP,Employment,2009,,69.953,,A,Valeur normale,,,1,One
DATAFLOW,OECD.ELS.SAE:DSD_LFS@DF_LFS_INDIC(1.1),Emploi et chômage par groupe d'âge quinquennal et par sexe - indicateurs,I,ITA,Italie,EMP_RATIO,Employment to population ratio,PT_POP_SUB,Pourcentage de la population dans le même sous-groupe,_T,Total,Y20T64,De 20 à 64 ans,EMP,Employment,2009,,61.613,,A,Valeur normale,,,1,One
DATAFLOW,OECD.ELS.SAE:DSD_LFS@DF_LFS_INDIC(1.1),Emploi et chômage par groupe d'âge quinquennal et par sexe - indicateurs,I,JPN,Japon,EMP_RATIO,Employment to population ratio,PT_POP_SUB,Pourcentage de la population dans le même sous-groupe,_T,Total,Y20T64,De 20 à 64 ans,EMP,Employment,2009,,74.547,,A,Valeur normale,,,1,One
DATAFLOW,OECD.ELS.SAE:DSD_LFS@DF_LFS_INDIC(1.1),Emploi et chômage par groupe d'âge quinquennal et par sexe - indicateurs,I,KOR,Corée,EMP_RATIO,Employment to population ratio,PT_POP_SUB,Pourcentage de la population dans le même sous-groupe,_T,Total,Y20T64,De 20 à 64 ans,EMP,Employment,2009,,68.989,,A,Valeur normale,,,1,One
DATAFLOW,OECD.ELS.SAE:DSD_LFS@DF_LFS_INDIC(1.1),Emploi et chômage par groupe d'âge quinquennal et par sexe - indicateurs,I,LVA,Lettonie,EMP_RATIO,Employment to population ratio,PT_POP_SUB,Pourcentage de la population dans le même sous-groupe,_T,Total,Y20T64,De 20 à 64 ans,EMP,Employment,2009,,66.647,,A,Valeur normale,,,1,One
DATAFLOW,OECD.ELS.SAE:DSD_LFS@DF_LFS_INDIC(1.1),Emploi et chômage par groupe d'âge quinquennal et par sexe - indicateurs,I,LTU,Lituanie,EMP_RATIO,Employment to population ratio,PT_POP_SUB,Pourcentage de la population dans le même sous-groupe,_T,Total,Y20T64,De 20 à 64 ans,EMP,Employment,2009,,66.991,,A,Valeur normale,,,1,One
DATAFLOW,OECD.ELS.SAE:DSD_LFS@DF_LFS_INDIC(1.1),Emploi et chômage par groupe d'âge quinquennal et par sexe - indicateurs,I,LUX,Luxembourg,EMP_RATIO,Employment to population ratio,PT_POP_SUB,Pourcentage de la population dans le même sous-groupe,_T,Total,Y20T64,De 20 à 64 ans,EMP,Employment,2009,,70.391,,A,Valeur normale,,,1,One
DATAFLOW,OECD.ELS.SAE:DSD_LFS@DF_LFS_INDIC(1.1),Emploi et chômage par groupe d'âge quinquennal et par sexe - indicateurs,I,MEX,Mexique,EMP_RATIO,Employment to population ratio,PT_POP_SUB,Pourcentage de la population dans le même sous-groupe,_T,Total,Y20T64,De 20 à 64 ans,EMP,Employment,2009,,65.128,,A,Valeur normale,,,1,One
DATAFLOW,OECD.ELS.SAE:DSD_LFS@DF_LFS_INDIC(1.1),Emploi et chômage par groupe d'âge quinquennal et par sexe - indicateurs,I,NLD,Pays-Bas,EMP_RATIO,Employment to population ratio,PT_POP_SUB,Pourcentage de la population dans le même sous-groupe,_T,Total,Y20T64,De 20 à 64 ans,EMP,Employment,2009,,76.958,,A,Valeur normale,,,1,One
DATAFLOW,OECD.ELS.SAE:DSD_LFS@DF_LFS_INDIC(1.1),Emploi et chômage par groupe d'âge quinquennal et par sexe - indicateurs,I,NZL,Nouvelle-Zélande,EMP_RATIO,Employment to population ratio,PT_POP_SUB,Pourcentage de la population dans le même sous-groupe,_T,Total,Y20T64,De 20 à 64 ans,EMP,Employment,2009,,77.071,,A,Valeur normale,,,1,One
DATAFLOW,OECD.ELS.SAE:DSD_LFS@DF_LFS_INDIC(1.1),Emploi et chômage par groupe d'âge quinquennal et par sexe - indicateurs,I,NOR,Norvège,EMP_RATIO,Employment to population ratio,PT_POP_SUB,Pourcentage de la population dans le même sous-groupe,_T,Total,Y20T64,De 20 à 64 ans,EMP,Employment,2009,,80.595,,A,Valeur normale,,,1,One
DATAFLOW,OECD.ELS.SAE:DSD_LFS@DF_LFS_INDIC(1.1),Emploi et chômage par groupe d'âge quinquennal et par sexe - indicateurs,I,POL,Pologne,EMP_RATIO,Employment to population ratio,PT_POP_SUB,Pourcentage de la population dans le même sous-groupe,_T,Total,Y20T64,De 20 à 64 ans,EMP,Employment,2009,,64.943,,A,Valeur normale,,,1,One
DATAFLOW,OECD.ELS.SAE:DSD_LFS@DF_LFS_INDIC(1.1),Emploi et chômage par groupe d'âge quinquennal et par sexe - indicateurs,I,PRT,Portugal,EMP_RATIO,Employment to population ratio,PT_POP_SUB,Pourcentage de la population dans le même sous-groupe,_T,Total,Y20T64,De 20 à 64 ans,EMP,Employment,2009,,71.083,,A,Valeur normale,,,1,One
DATAFLOW,OECD.ELS.SAE:DSD_LFS@DF_LFS_INDIC(1.1),Emploi et chômage par groupe d'âge quinquennal et par sexe - indicateurs,I,SVK,République slovaque,EMP_RATIO,Employment to population ratio,PT_POP_SUB,Pourcentage de la population dans le même sous-groupe,_T,Total,Y20T64,De 20 à 64 ans,EMP,Employment,2009,,66.363,,A,Valeur normale,,,1,One
DATAFLOW,OECD.ELS.SAE:DSD_LFS@DF_LFS_INDIC(1.1),Emploi et chômage par groupe d'âge quinquennal et par sexe - indicateurs,I,SVN,Slovénie,EMP_RATIO,Employment to population ratio,PT_POP_SUB,Pourcentage de la population dans le même sous-groupe,_T,Total,Y20T64,De 20 à 64 ans,EMP,Employment,2009,,71.864,,A,Valeur normale,,,1,One
DATAFLOW,OECD.ELS.SAE:DSD_LFS@DF_LFS_INDIC(1.1),Emploi et chômage par groupe d'âge quinquennal et par sexe - indicateurs,I,ESP,Espagne,EMP_RATIO,Employment to population ratio,PT_POP_SUB,Pourcentage de la population dans le même sous-groupe,_T,Total,Y20T64,De 20 à 64 ans,EMP,Employment,2009,,63.954,,A,Valeur normale,,,1,One
DATAFLOW,OECD.ELS.SAE:DSD_LFS@DF_LFS_INDIC(1.1),Emploi et chômage par groupe d'âge quinquennal et par sexe - indicateurs,I,SWE,Suède,EMP_RATIO,Employment to population ratio,PT_POP_SUB,Pourcentage de la population dans le même sous-groupe,_T,Total,Y20T64,De 20 à 64 ans,EMP,Employment,2009,,78.339,,A,Valeur normale,,,1,One
DATAFLOW,OECD.ELS.SAE:DSD_LFS@DF_LFS_INDIC(1.1),Emploi et chômage par groupe d'âge quinquennal et par sexe - indicateurs,I,CHE,Suisse,EMP_RATIO,Employment to population ratio,PT_POP_SUB,Pourcentage de la population dans le même sous-groupe,_T,Total,Y20T64,De 20 à 64 ans,EMP,Employment,2009,,81.68,,A,Valeur normale,,,1,One
DATAFLOW,OECD.ELS.SAE:DSD_LFS@DF_LFS_INDIC(1.1),Emploi et chômage par groupe d'âge quinquennal et par sexe - indicateurs,I,TUR,Türkiye,EMP_RATIO,Employment to population ratio,PT_POP_SUB,Pourcentage de la population dans le même sous-groupe,_T,Total,Y20T64,De 20 à 64 ans,EMP,Employment,2009,,47.806,,A,Valeur normale,,,1,One
DATAFLOW,OECD.ELS.SAE:DSD_LFS@DF_LFS_INDIC(1.1),Emploi et chômage par groupe d'âge quinquennal et par sexe - indicateurs,I,GBR,Royaume-Uni,EMP_RATIO,Employment to population ratio,PT_POP_SUB,Pourcentage de la population dans le même sous-groupe,_T,Total,Y20T64,De 20 à 64 ans,EMP,Employment,2009,,73.387,,A,Valeur normale,,,1,One
DATAFLOW,OECD.ELS.SAE:DSD_LFS@DF_LFS_INDIC(1.1),Emploi et chômage par groupe d'âge quinquennal et par sexe - indicateurs,I,USA,États-Unis,EMP_RATIO,Employment to population ratio,PT_POP_SUB,Pourcentage de la population dans le même sous-groupe,_T,Total,Y20T64,De 20 à 64 ans,EMP,Employment,2009,,71.325,,A,Valeur normale,,,1,One
DATAFLOW,OECD.ELS.SAE:DSD_LFS@DF_LFS_INDIC(1.1),Emploi et chômage par groupe d'âge quinquennal et par sexe - indicateurs,I,G7,G7,EMP_RATIO,Employment to population ratio,PT_POP_SUB,Pourcentage de la population dans le même sous-groupe,_T,Total,Y20T64,De 20 à 64 ans,EMP,Employment,2009,,71.534,,A,Valeur normale,,,1,One
DATAFLOW,OECD.ELS.SAE:DSD_LFS@DF_LFS_INDIC(1.1),Emploi et chômage par groupe d'âge quinquennal et par sexe - indicateurs,I,EU27,Union européenne (27 pays),EMP_RATIO,Employment to population ratio,PT_POP_SUB,Pourcentage de la population dans le même sous-groupe,_T,Total,Y20T64,De 20 à 64 ans,EMP,Employment,2009,,68.207,,A,Valeur normale,,,1,One
DATAFLOW,OECD.ELS.SAE:DSD_LFS@DF_LFS_INDIC(1.1),Emploi et chômage par groupe d'âge quinquennal et par sexe - indicateurs,I,EU19OECD,19 Membres de l'Union européenne et de l'OCDE,EMP_RATIO,Employment to population ratio,PT_POP_SUB,Pourcentage de la population dans le même sous-groupe,_T,Total,Y20T64,De 20 à 64 ans,EMP,Employment,2009,,68.63,,A,Valeur normale,,,1,One
DATAFLOW,OECD.ELS.SAE:DSD_LFS@DF_LFS_INDIC(1.1),Emploi et chômage par groupe d'âge quinquennal et par sexe - indicateurs,I,EU22OECD,22 Membres de l'Union européenne et de l'OCDE,EMP_RATIO,Employment to population ratio,PT_POP_SUB,Pourcentage de la population dans le même sous-groupe,_T,Total,Y20T64,De 20 à 64 ans,EMP,Employment,2009,,68.494,,A,Valeur normale,,,1,One
DATAFLOW,OECD.ELS.SAE:DSD_LFS@DF_LFS_INDIC(1.1),Emploi et chômage par groupe d'âge quinquennal et par sexe - indicateurs,I,OECD,OCDE,EMP_RATIO,Employment to population ratio,PT_POP_SUB,Pourcentage de la population dans le même sous-groupe,_T,Total,Y20T64,De 20 à 64 ans,EMP,Employment,2009,,69.042,,A,Valeur normale,,,1,One
DATAFLOW,OECD.ELS.SAE:DSD_LFS@DF_LFS_INDIC(1.1),Emploi et chômage par groupe d'âge quinquennal et par sexe - indicateurs,I,OECD_REP,Pays moyen de l'OCDE,EMP_RATIO,Employment to population ratio,PT_POP_SUB,Pourcentage de la population dans le même sous-groupe,_T,Total,Y20T64,De 20 à 64 ans,EMP,Employment,2009,,70.268,,A,Valeur normale,,,1,One
DATAFLOW,OECD.ELS.SAE:DSD_LFS@DF_LFS_INDIC(1.1),Emploi et chômage par groupe d'âge quinquennal et par sexe - indicateurs,I,BRA,Brésil,EMP_RATIO,Employment to population ratio,PT_POP_SUB,Pourcentage de la population dans le même sous-groupe,_T,Total,Y20T64,De 20 à 64 ans,EMP,Employment,2009,,72.311,,A,Valeur normale,,,1,One
DATAFLOW,OECD.ELS.SAE:DSD_LFS@DF_LFS_INDIC(1.1),Emploi et chômage par groupe d'âge quinquennal et par sexe - indicateurs,I,BGR,Bulgarie,EMP_RATIO,Employment to population ratio,PT_POP_SUB,Pourcentage de la population dans le même sous-groupe,_T,Total,Y20T64,De 20 à 64 ans,EMP,Employment,2009,,68.837,,A,Valeur normale,,,1,One
DATAFLOW,OECD.ELS.SAE:DSD_LFS@DF_LFS_INDIC(1.1),Emploi et chômage par groupe d'âge quinquennal et par sexe - indicateurs,I,HRV,Croatie,EMP_RATIO,Employment to population ratio,PT_POP_SUB,Pourcentage de la population dans le même sous-groupe,_T,Total,Y20T64,De 20 à 64 ans,EMP,Employment,2009,,64.244,,A,Valeur normale,,,1,One
DATAFLOW,OECD.ELS.SAE:DSD_LFS@DF_LFS_INDIC(1.1),Emploi et chômage par groupe d'âge quinquennal et par sexe - indicateurs,I,CYP,Chypre,EMP_RATIO,Employment to population ratio,PT_POP_SUB,Pourcentage de la population dans le même sous-groupe,_T,Total,Y20T64,De 20 à 64 ans,EMP,Employment,2009,,75.276,,A,Valeur normale,,,1,One
DATAFLOW,OECD.ELS.SAE:DSD_LFS@DF_LFS_INDIC(1.1),Emploi et chômage par groupe d'âge quinquennal et par sexe - indicateurs,I,IDN,Indonésie,EMP_RATIO,Employment to population ratio,PT_POP_SUB,Pourcentage de la population dans le même sous-groupe,_T,Total,Y20T64,De 20 à 64 ans,EMP,Employment,2009,,70.258,,A,Valeur normale,,,1,One
DATAFLOW,OECD.ELS.SAE:DSD_LFS@DF_LFS_INDIC(1.1),Emploi et chômage par groupe d'âge quinquennal et par sexe - indicateurs,I,MLT,Malte,EMP_RATIO,Employment to population ratio,PT_POP_SUB,Pourcentage de la population dans le même sous-groupe,_T,Total,Y20T64,De 20 à 64 ans,EMP,Employment,2009,,59.017,,A,Valeur normale,,,1,One
DATAFLOW,OECD.ELS.SAE:DSD_LFS@DF_LFS_INDIC(1.1),Emploi et chômage par groupe d'âge quinquennal et par sexe - indicateurs,I,MKD,Macédoine du Nord,EMP_RATIO,Employment to population ratio,PT_POP_SUB,Pourcentage de la population dans le même sous-groupe,_T,Total,Y20T64,De 20 à 64 ans,EMP,Employment,2009,,47.858,,A,Valeur normale,,,1,One
DATAFLOW,OECD.ELS.SAE:DSD_LFS@DF_LFS_INDIC(1.1),Emploi et chômage par groupe d'âge quinquennal et par sexe - indicateurs,I,ROU,Roumanie,EMP_RATIO,Employment to population ratio,PT_POP_SUB,Pourcentage de la population dans le même sous-groupe,_T,Total,Y20T64,De 20 à 64 ans,EMP,Employment,2009,,63.472,,A,Valeur normale,,,1,One
DATAFLOW,OECD.ELS.SAE:DSD_LFS@DF_LFS_INDIC(1.1),Emploi et chômage par groupe d'âge quinquennal et par sexe - indicateurs,I,RUS,Russie,EMP_RATIO,Employment to population ratio,PT_POP_SUB,Pourcentage de la population dans le même sous-groupe,_T,Total,Y20T64,De 20 à 64 ans,EMP,Employment,2009,,72.896,,A,Valeur normale,,,1,One
DATAFLOW,OECD.ELS.SAE:DSD_LFS@DF_LFS_INDIC(1.1),Emploi et chômage par groupe d'âge quinquennal et par sexe - indicateurs,I,ZAF,Afrique du Sud,EMP_RATIO,Employment to population ratio,PT_POP_SUB,Pourcentage de la population dans le même sous-groupe,_T,Total,Y20T64,De 20 à 64 ans,EMP,Employment,2009,,51.427,,A,Valeur normale,,,1,One
DATAFLOW,OECD.ELS.SAE:DSD_LFS@DF_LFS_INDIC(1.1),Emploi et chômage par groupe d'âge quinquennal et par sexe - indicateurs,I,AUS,Australie,EMP_RATIO,Employment to population ratio,PT_POP_SUB,Pourcentage de la population dans le même sous-groupe,_T,Total,Y20T64,De 20 à 64 ans,EMP,Employment,2011,,75.478,,A,Valeur normale,,,1,One
DATAFLOW,OECD.ELS.SAE:DSD_LFS@DF_LFS_INDIC(1.1),Emploi et chômage par groupe d'âge quinquennal et par sexe - indicateurs,I,AUT,Autriche,EMP_RATIO,Employment to population ratio,PT_POP_SUB,Pourcentage de la population dans le même sous-groupe,_T,Total,Y20T64,De 20 à 64 ans,EMP,Employment,2011,,74.16,,A,Valeur normale,,,1,One
DATAFLOW,OECD.ELS.SAE:DSD_LFS@DF_LFS_INDIC(1.1),Emploi et chômage par groupe d'âge quinquennal et par sexe - indicateurs,I,BEL,Belgique,EMP_RATIO,Employment to population ratio,PT_POP_SUB,Pourcentage de la population dans le même sous-groupe,_T,Total,Y20T64,De 20 à 64 ans,EMP,Employment,2011,,67.281,,A,Valeur normale,,,1,One
DATAFLOW,OECD.ELS.SAE:DSD_LFS@DF_LFS_INDIC(1.1),Emploi et chômage par groupe d'âge quinquennal et par sexe - indicateurs,I,CHL,Chili,EMP_RATIO,Employment to population ratio,PT_POP_SUB,Pourcentage de la population dans le même sous-groupe,_T,Total,Y20T64,De 20 à 64 ans,EMP,Employment,2011,,68.446,,A,Valeur normale,,,1,One
DATAFLOW,OECD.ELS.SAE:DSD_LFS@DF_LFS_INDIC(1.1),Emploi et chômage par groupe d'âge quinquennal et par sexe - indicateurs,I,COL,Colombie,EMP_RATIO,Employment to population ratio,PT_POP_SUB,Pourcentage de la population dans le même sous-groupe,_T,Total,Y20T64,De 20 à 64 ans,EMP,Employment,2011,,70.884,,A,Valeur normale,,,1,One
DATAFLOW,OECD.ELS.SAE:DSD_LFS@DF_LFS_INDIC(1.1),Emploi et chômage par groupe d'âge quinquennal et par sexe - indicateurs,I,CRI,Costa Rica,EMP_RATIO,Employment to population ratio,PT_POP_SUB,Pourcentage de la population dans le même sous-groupe,_T,Total,Y20T64,De 20 à 64 ans,EMP,Employment,2011,,65.066,,A,Valeur normale,,,1,One
DATAFLOW,OECD.ELS.SAE:DSD_LFS@DF_LFS_INDIC(1.1),Emploi et chômage par groupe d'âge quinquennal et par sexe - indicateurs,I,CZE,Tchéquie,EMP_RATIO,Employment to population ratio,PT_POP_SUB,Pourcentage de la population dans le même sous-groupe,_T,Total,Y20T64,De 20 à 64 ans,EMP,Employment,2011,,70.873,,A,Valeur normale,,,1,One
DATAFLOW,OECD.ELS.SAE:DSD_LFS@DF_LFS_INDIC(1.1),Emploi et chômage par groupe d'âge quinquennal et par sexe - indicateurs,I,DNK,Danemark,EMP_RATIO,Employment to population ratio,PT_POP_SUB,Pourcentage de la population dans le même sous-groupe,_T,Total,Y20T64,De 20 à 64 ans,EMP,Employment,2011,,74.895,,A,Valeur normale,,,1,One
DATAFLOW,OECD.ELS.SAE:DSD_LFS@DF_LFS_INDIC(1.1),Emploi et chômage par groupe d'âge quinquennal et par sexe - indicateurs,I,EST,Estonie,EMP_RATIO,Employment to population ratio,PT_POP_SUB,Pourcentage de la population dans le même sous-groupe,_T,Total,Y20T64,De 20 à 64 ans,EMP,Employment,2011,,70.557,,A,Valeur normale,,,1,One
DATAFLOW,OECD.ELS.SAE:DSD_LFS@DF_LFS_INDIC(1.1),Emploi et chômage par groupe d'âge quinquennal et par sexe - indicateurs,I,FIN,Finlande,EMP_RATIO,Employment to population ratio,PT_POP_SUB,Pourcentage de la population dans le même sous-groupe,_T,Total,Y20T64,De 20 à 64 ans,EMP,Employment,2011,,73.878,,A,Valeur normale,,,1,One
DATAFLOW,OECD.ELS.SAE:DSD_LFS@DF_LFS_INDIC(1.1),Emploi et chômage par groupe d'âge quinquennal et par sexe - indicateurs,I,FRA,France,EMP_RATIO,Employment to population ratio,PT_POP_SUB,Pourcentage de la population dans le même sous-groupe,_T,Total,Y20T64,De 20 à 64 ans,EMP,Employment,2011,,68.763,,A,Valeur normale,,,1,One
DATAFLOW,OECD.ELS.SAE:DSD_LFS@DF_LFS_INDIC(1.1),Emploi et chômage par groupe d'âge quinquennal et par sexe - indicateurs,I,DEU,Allemagne,EMP_RATIO,Employment to population ratio,PT_POP_SUB,Pourcentage de la population dans le même sous-groupe,_T,Total,Y20T64,De 20 à 64 ans,EMP,Employment,2011,,76.473,,A,Valeur normale,,,1,One
DATAFLOW,OECD.ELS.SAE:DSD_LFS@DF_LFS_INDIC(1.1),Emploi et chômage par groupe d'âge quinquennal et par sexe - indicateurs,I,GRC,Grèce,EMP_RATIO,Employment to population ratio,PT_POP_SUB,Pourcentage de la population dans le même sous-groupe,_T,Total,Y20T64,De 20 à 64 ans,EMP,Employment,2011,,59.589,,A,Valeur normale,,,1,One
DATAFLOW,OECD.ELS.SAE:DSD_LFS@DF_LFS_INDIC(1.1),Emploi et chômage par groupe d'âge quinquennal et par sexe - indicateurs,I,HUN,Hongrie,EMP_RATIO,Employment to population ratio,PT_POP_SUB,Pourcentage de la population dans le même sous-groupe,_T,Total,Y20T64,De 20 à 64 ans,EMP,Employment,2011,,62.756,,A,Valeur normale,,,1,One
DATAFLOW,OECD.ELS.SAE:DSD_LFS@DF_LFS_INDIC(1.1),Emploi et chômage par groupe d'âge quinquennal et par sexe - indicateurs,I,ISL,Islande,EMP_RATIO,Employment to population ratio,PT_POP_SUB,Pourcentage de la population dans le même sous-groupe,_T,Total,Y20T64,De 20 à 64 ans,EMP,Employment,2011,,79.27,,A,Valeur normale,,,1,One
DATAFLOW,OECD.ELS.SAE:DSD_LFS@DF_LFS_INDIC(1.1),Emploi et chômage par groupe d'âge quinquennal et par sexe - indicateurs,I,IRL,Irlande,EMP_RATIO,Employment to population ratio,PT_POP_SUB,Pourcentage de la population dans le même sous-groupe,_T,Total,Y20T64,De 20 à 64 ans,EMP,Employment,2011,,64.577,,A,Valeur normale,,,1,One
DATAFLOW,OECD.ELS.SAE:DSD_LFS@DF_LFS_INDIC(1.1),Emploi et chômage par groupe d'âge quinquennal et par sexe - indicateurs,I,ISR,Israël,EMP_RATIO,Employment to population ratio,PT_POP_SUB,Pourcentage de la population dans le même sous-groupe,_T,Total,Y20T64,De 20 à 64 ans,EMP,Employment,2011,,71.64,,A,Valeur normale,,,1,One
DATAFLOW,OECD.ELS.SAE:DSD_LFS@DF_LFS_INDIC(1.1),Emploi et chômage par groupe d'âge quinquennal et par sexe - indicateurs,I,ITA,Italie,EMP_RATIO,Employment to population ratio,PT_POP_SUB,Pourcentage de la population dans le même sous-groupe,_T,Total,Y20T64,De 20 à 64 ans,EMP,Employment,2011,,61.04,,A,Valeur normale,,,1,One
DATAFLOW,OECD.ELS.SAE:DSD_LFS@DF_LFS_INDIC(1.1),Emploi et chômage par groupe d'âge quinquennal et par sexe - indicateurs,I,JPN,Japon,EMP_RATIO,Employment to population ratio,PT_POP_SUB,Pourcentage de la population dans le même sous-groupe,_T,Total,Y20T64,De 20 à 64 ans,EMP,Employment,2011,,74.881,,A,Valeur normale,,,1,One
DATAFLOW,OECD.ELS.SAE:DSD_LFS@DF_LFS_INDIC(1.1),Emploi et chômage par groupe d'âge quinquennal et par sexe - indicateurs,I,KOR,Corée,EMP_RATIO,Employment to population ratio,PT_POP_SUB,Pourcentage de la population dans le même sous-groupe,_T,Total,Y20T64,De 20 à 64 ans,EMP,Employment,2011,,69.822,,A,Valeur normale,,,1,One
DATAFLOW,OECD.ELS.SAE:DSD_LFS@DF_LFS_INDIC(1.1),Emploi et chômage par groupe d'âge quinquennal et par sexe - indicateurs,I,LVA,Lettonie,EMP_RATIO,Employment to population ratio,PT_POP_SUB,Pourcentage de la population dans le même sous-groupe,_T,Total,Y20T64,De 20 à 64 ans,EMP,Employment,2011,,66.338,,A,Valeur normale,,,1,One
DATAFLOW,OECD.ELS.SAE:DSD_LFS@DF_LFS_INDIC(1.1),Emploi et chômage par groupe d'âge quinquennal et par sexe - indicateurs,I,LTU,Lituanie,EMP_RATIO,Employment to population ratio,PT_POP_SUB,Pourcentage de la population dans le même sous-groupe,_T,Total,Y20T64,De 20 à 64 ans,EMP,Employment,2011,,66.877,,A,Valeur normale,,,1,One
DATAFLOW,OECD.ELS.SAE:DSD_LFS@DF_LFS_INDIC(1.1),Emploi et chômage par groupe d'âge quinquennal et par sexe - indicateurs,I,LUX,Luxembourg,EMP_RATIO,Employment to population ratio,PT_POP_SUB,Pourcentage de la population dans le même sous-groupe,_T,Total,Y20T64,De 20 à 64 ans,EMP,Employment,2011,,70.099,,A,Valeur normale,,,1,One
DATAFLOW,OECD.ELS.SAE:DSD_LFS@DF_LFS_INDIC(1.1),Emploi et chômage par groupe d'âge quinquennal et par sexe - indicateurs,I,MEX,Mexique,EMP_RATIO,Employment to population ratio,PT_POP_SUB,Pourcentage de la population dans le même sous-groupe,_T,Total,Y20T64,De 20 à 64 ans,EMP,Employment,2011,,65.314,,A,Valeur normale,,,1,One
DATAFLOW,OECD.ELS.SAE:DSD_LFS@DF_LFS_INDIC(1.1),Emploi et chômage par groupe d'âge quinquennal et par sexe - indicateurs,I,NLD,Pays-Bas,EMP_RATIO,Employment to population ratio,PT_POP_SUB,Pourcentage de la population dans le même sous-groupe,_T,Total,Y20T64,De 20 à 64 ans,EMP,Employment,2011,,76.42,,A,Valeur normale,,,1,One
DATAFLOW,OECD.ELS.SAE:DSD_LFS@DF_LFS_INDIC(1.1),Emploi et chômage par groupe d'âge quinquennal et par sexe - indicateurs,I,NZL,Nouvelle-Zélande,EMP_RATIO,Employment to population ratio,PT_POP_SUB,Pourcentage de la population dans le même sous-groupe,_T,Total,Y20T64,De 20 à 64 ans,EMP,Employment,2011,,77.282,,A,Valeur normale,,,1,One
DATAFLOW,OECD.ELS.SAE:DSD_LFS@DF_LFS_INDIC(1.1),Emploi et chômage par groupe d'âge quinquennal et par sexe - indicateurs,I,NOR,Norvège,EMP_RATIO,Employment to population ratio,PT_POP_SUB,Pourcentage de la population dans le même sous-groupe,_T,Total,Y20T64,De 20 à 64 ans,EMP,Employment,2011,,79.635,,A,Valeur normale,,,1,One
DATAFLOW,OECD.ELS.SAE:DSD_LFS@DF_LFS_INDIC(1.1),Emploi et chômage par groupe d'âge quinquennal et par sexe - indicateurs,I,POL,Pologne,EMP_RATIO,Employment to population ratio,PT_POP_SUB,Pourcentage de la population dans le même sous-groupe,_T,Total,Y20T64,De 20 à 64 ans,EMP,Employment,2011,,64.512,,A,Valeur normale,,,1,One
DATAFLOW,OECD.ELS.SAE:DSD_LFS@DF_LFS_INDIC(1.1),Emploi et chômage par groupe d'âge quinquennal et par sexe - indicateurs,I,SVK,République slovaque,EMP_RATIO,Employment to population ratio,PT_POP_SUB,Pourcentage de la population dans le même sous-groupe,_T,Total,Y20T64,De 20 à 64 ans,EMP,Employment,2011,,64.972,,A,Valeur normale,,,1,One
DATAFLOW,OECD.ELS.SAE:DSD_LFS@DF_LFS_INDIC(1.1),Emploi et chômage par groupe d'âge quinquennal et par sexe - indicateurs,I,SVN,Slovénie,EMP_RATIO,Employment to population ratio,PT_POP_SUB,Pourcentage de la population dans le même sous-groupe,_T,Total,Y20T64,De 20 à 64 ans,EMP,Employment,2011,,68.379,,A,Valeur normale,,,1,One
DATAFLOW,OECD.ELS.SAE:DSD_LFS@DF_LFS_INDIC(1.1),Emploi et chômage par groupe d'âge quinquennal et par sexe - indicateurs,I,ESP,Espagne,EMP_RATIO,Employment to population ratio,PT_POP_SUB,Pourcentage de la population dans le même sous-groupe,_T,Total,Y20T64,De 20 à 64 ans,EMP,Employment,2011,,61.968,,A,Valeur normale,,,1,One
DATAFLOW,OECD.ELS.SAE:DSD_LFS@DF_LFS_INDIC(1.1),Emploi et chômage par groupe d'âge quinquennal et par sexe - indicateurs,I,SWE,Suède,EMP_RATIO,Employment to population ratio,PT_POP_SUB,Pourcentage de la population dans le même sous-groupe,_T,Total,Y20T64,De 20 à 64 ans,EMP,Employment,2011,,79.367,,A,Valeur normale,,,1,One
DATAFLOW,OECD.ELS.SAE:DSD_LFS@DF_LFS_INDIC(1.1),Emploi et chômage par groupe d'âge quinquennal et par sexe - indicateurs,I,CHE,Suisse,EMP_RATIO,Employment to population ratio,PT_POP_SUB,Pourcentage de la population dans le même sous-groupe,_T,Total,Y20T64,De 20 à 64 ans,EMP,Employment,2011,,80.754,,A,Valeur normale,,,1,One
DATAFLOW,OECD.ELS.SAE:DSD_LFS@DF_LFS_INDIC(1.1),Emploi et chômage par groupe d'âge quinquennal et par sexe - indicateurs,I,TUR,Türkiye,EMP_RATIO,Employment to population ratio,PT_POP_SUB,Pourcentage de la population dans le même sous-groupe,_T,Total,Y20T64,De 20 à 64 ans,EMP,Employment,2011,,52.231,,A,Valeur normale,,,1,One
DATAFLOW,OECD.ELS.SAE:DSD_LFS@DF_LFS_INDIC(1.1),Emploi et chômage par groupe d'âge quinquennal et par sexe - indicateurs,I,GBR,Royaume-Uni,EMP_RATIO,Employment to population ratio,PT_POP_SUB,Pourcentage de la population dans le même sous-groupe,_T,Total,Y20T64,De 20 à 64 ans,EMP,Employment,2011,,72.918,,A,Valeur normale,,,1,One
DATAFLOW,OECD.ELS.SAE:DSD_LFS@DF_LFS_INDIC(1.1),Emploi et chômage par groupe d'âge quinquennal et par sexe - indicateurs,I,USA,États-Unis,EMP_RATIO,Employment to population ratio,PT_POP_SUB,Pourcentage de la population dans le même sous-groupe,_T,Total,Y20T64,De 20 à 64 ans,EMP,Employment,2011,,70.389,,A,Valeur normale,,,1,One
DATAFLOW,OECD.ELS.SAE:DSD_LFS@DF_LFS_INDIC(1.1),Emploi et chômage par groupe d'âge quinquennal et par sexe - indicateurs,I,BRA,Brésil,EMP_RATIO,Employment to population ratio,PT_POP_SUB,Pourcentage de la population dans le même sous-groupe,_T,Total,Y20T64,De 20 à 64 ans,EMP,Employment,2011,,71.643,,A,Valeur normale,,,1,One
DATAFLOW,OECD.ELS.SAE:DSD_LFS@DF_LFS_INDIC(1.1),Emploi et chômage par groupe d'âge quinquennal et par sexe - indicateurs,I,BGR,Bulgarie,EMP_RATIO,Employment to population ratio,PT_POP_SUB,Pourcentage de la population dans le même sous-groupe,_T,Total,Y20T64,De 20 à 64 ans,EMP,Employment,2011,,62.942,,A,Valeur normale,,,1,One
DATAFLOW,OECD.ELS.SAE:DSD_LFS@DF_LFS_INDIC(1.1),Emploi et chômage par groupe d'âge quinquennal et par sexe - indicateurs,I,HRV,Croatie,EMP_RATIO,Employment to population ratio,PT_POP_SUB,Pourcentage de la population dans le même sous-groupe,_T,Total,Y20T64,De 20 à 64 ans,EMP,Employment,2011,,59.84,,A,Valeur normale,,,1,One
DATAFLOW,OECD.ELS.SAE:DSD_LFS@DF_LFS_INDIC(1.1),Emploi et chômage par groupe d'âge quinquennal et par sexe - indicateurs,I,CYP,Chypre,EMP_RATIO,Employment to population ratio,PT_POP_SUB,Pourcentage de la population dans le même sous-groupe,_T,Total,Y20T64,De 20 à 64 ans,EMP,Employment,2011,,73.39,,A,Valeur normale,,,1,One
DATAFLOW,OECD.ELS.SAE:DSD_LFS@DF_LFS_INDIC(1.1),Emploi et chômage par groupe d'âge quinquennal et par sexe - indicateurs,I,IDN,Indonésie,EMP_RATIO,Employment to population ratio,PT_POP_SUB,Pourcentage de la population dans le même sous-groupe,_T,Total,Y20T64,De 20 à 64 ans,EMP,Employment,2011,,72.049,,A,Valeur normale,,,1,One
DATAFLOW,OECD.ELS.SAE:DSD_LFS@DF_LFS_INDIC(1.1),Emploi et chômage par groupe d'âge quinquennal et par sexe - indicateurs,I,MLT,Malte,EMP_RATIO,Employment to population ratio,PT_POP_SUB,Pourcentage de la population dans le même sous-groupe,_T,Total,Y20T64,De 20 à 64 ans,EMP,Employment,2011,,61.603,,A,Valeur normale,,,1,One
DATAFLOW,OECD.ELS.SAE:DSD_LFS@DF_LFS_INDIC(1.1),Emploi et chômage par groupe d'âge quinquennal et par sexe - indicateurs,I,MKD,Macédoine du Nord,EMP_RATIO,Employment to population ratio,PT_POP_SUB,Pourcentage de la population dans le même sous-groupe,_T,Total,Y20T64,De 20 à 64 ans,EMP,Employment,2011,,48.415,,A,Valeur normale,,,1,One
DATAFLOW,OECD.ELS.SAE:DSD_LFS@DF_LFS_INDIC(1.1),Emploi et chômage par groupe d'âge quinquennal et par sexe - indicateurs,I,ROU,Roumanie,EMP_RATIO,Employment to population ratio,PT_POP_SUB,Pourcentage de la population dans le même sous-groupe,_T,Total,Y20T64,De 20 à 64 ans,EMP,Employment,2011,,63.82,,A,Valeur normale,,,1,One
DATAFLOW,OECD.ELS.SAE:DSD_LFS@DF_LFS_INDIC(1.1),Emploi et chômage par groupe d'âge quinquennal et par sexe - indicateurs,I,RUS,Russie,EMP_RATIO,Employment to population ratio,PT_POP_SUB,Pourcentage de la population dans le même sous-groupe,_T,Total,Y20T64,De 20 à 64 ans,EMP,Employment,2011,,73.296,,A,Valeur normale,,,1,One
DATAFLOW,OECD.ELS.SAE:DSD_LFS@DF_LFS_INDIC(1.1),Emploi et chômage par groupe d'âge quinquennal et par sexe - indicateurs,I,ZAF,Afrique du Sud,EMP_RATIO,Employment to population ratio,PT_POP_SUB,Pourcentage de la population dans le même sous-groupe,_T,Total,Y20T64,De 20 à 64 ans,EMP,Employment,2011,,49.099,,A,Valeur normale,,,1,One
DATAFLOW,OECD.ELS.SAE:DSD_LFS@DF_LFS_INDIC(1.1),Emploi et chômage par groupe d'âge quinquennal et par sexe - indicateurs,I,AUS,Australie,EMP_RATIO,Employment to population ratio,PT_POP_SUB,Pourcentage de la population dans le même sous-groupe,_T,Total,Y20T64,De 20 à 64 ans,EMP,Employment,2012,,75.201,,A,Valeur normale,,,1,One
DATAFLOW,OECD.ELS.SAE:DSD_LFS@DF_LFS_INDIC(1.1),Emploi et chômage par groupe d'âge quinquennal et par sexe - indicateurs,I,AUT,Autriche,EMP_RATIO,Employment to population ratio,PT_POP_SUB,Pourcentage de la population dans le même sous-groupe,_T,Total,Y20T64,De 20 à 64 ans,EMP,Employment,2012,,74.438,,A,Valeur normale,,,1,One
DATAFLOW,OECD.ELS.SAE:DSD_LFS@DF_LFS_INDIC(1.1),Emploi et chômage par groupe d'âge quinquennal et par sexe - indicateurs,I,BEL,Belgique,EMP_RATIO,Employment to population ratio,PT_POP_SUB,Pourcentage de la population dans le même sous-groupe,_T,Total,Y20T64,De 20 à 64 ans,EMP,Employment,2012,,67.202,,A,Valeur normale,,,1,One
DATAFLOW,OECD.ELS.SAE:DSD_LFS@DF_LFS_INDIC(1.1),Emploi et chômage par groupe d'âge quinquennal et par sexe - indicateurs,I,CHL,Chili,EMP_RATIO,Employment to population ratio,PT_POP_SUB,Pourcentage de la population dans le même sous-groupe,_T,Total,Y20T64,De 20 à 64 ans,EMP,Employment,2012,,69.036,,A,Valeur normale,,,1,One
DATAFLOW,OECD.ELS.SAE:DSD_LFS@DF_LFS_INDIC(1.1),Emploi et chômage par groupe d'âge quinquennal et par sexe - indicateurs,I,COL,Colombie,EMP_RATIO,Employment to population ratio,PT_POP_SUB,Pourcentage de la population dans le même sous-groupe,_T,Total,Y20T64,De 20 à 64 ans,EMP,Employment,2012,,71.705,,A,Valeur normale,,,1,One
DATAFLOW,OECD.ELS.SAE:DSD_LFS@DF_LFS_INDIC(1.1),Emploi et chômage par groupe d'âge quinquennal et par sexe - indicateurs,I,CRI,Costa Rica,EMP_RATIO,Employment to population ratio,PT_POP_SUB,Pourcentage de la population dans le même sous-groupe,_T,Total,Y20T64,De 20 à 64 ans,EMP,Employment,2012,,68.737,,A,Valeur normale,,,1,One
DATAFLOW,OECD.ELS.SAE:DSD_LFS@DF_LFS_INDIC(1.1),Emploi et chômage par groupe d'âge quinquennal et par sexe - indicateurs,I,CZE,Tchéquie,EMP_RATIO,Employment to population ratio,PT_POP_SUB,Pourcentage de la population dans le même sous-groupe,_T,Total,Y20T64,De 20 à 64 ans,EMP,Employment,2012,,71.487,,A,Valeur normale,,,1,One
DATAFLOW,OECD.ELS.SAE:DSD_LFS@DF_LFS_INDIC(1.1),Emploi et chômage par groupe d'âge quinquennal et par sexe - indicateurs,I,DNK,Danemark,EMP_RATIO,Employment to population ratio,PT_POP_SUB,Pourcentage de la population dans le même sous-groupe,_T,Total,Y20T64,De 20 à 64 ans,EMP,Employment,2012,,74.404,,A,Valeur normale,,,1,One
DATAFLOW,OECD.ELS.SAE:DSD_LFS@DF_LFS_INDIC(1.1),Emploi et chômage par groupe d'âge quinquennal et par sexe - indicateurs,I,EST,Estonie,EMP_RATIO,Employment to population ratio,PT_POP_SUB,Pourcentage de la population dans le même sous-groupe,_T,Total,Y20T64,De 20 à 64 ans,EMP,Employment,2012,,72.191,,A,Valeur normale,,,1,One
DATAFLOW,OECD.ELS.SAE:DSD_LFS@DF_LFS_INDIC(1.1),Emploi et chômage par groupe d'âge quinquennal et par sexe - indicateurs,I,FIN,Finlande,EMP_RATIO,Employment to population ratio,PT_POP_SUB,Pourcentage de la population dans le même sous-groupe,_T,Total,Y20T64,De 20 à 64 ans,EMP,Employment,2012,,74.086,,A,Valeur normale,,,1,One
DATAFLOW,OECD.ELS.SAE:DSD_LFS@DF_LFS_INDIC(1.1),Emploi et chômage par groupe d'âge quinquennal et par sexe - indicateurs,I,FRA,France,EMP_RATIO,Employment to population ratio,PT_POP_SUB,Pourcentage de la population dans le même sous-groupe,_T,Total,Y20T64,De 20 à 64 ans,EMP,Employment,2012,,68.946,,A,Valeur normale,,,1,One
DATAFLOW,OECD.ELS.SAE:DSD_LFS@DF_LFS_INDIC(1.1),Emploi et chômage par groupe d'âge quinquennal et par sexe - indicateurs,I,DEU,Allemagne,EMP_RATIO,Employment to population ratio,PT_POP_SUB,Pourcentage de la population dans le même sous-groupe,_T,Total,Y20T64,De 20 à 64 ans,EMP,Employment,2012,,76.855,,A,Valeur normale,,,1,One
DATAFLOW,OECD.ELS.SAE:DSD_LFS@DF_LFS_INDIC(1.1),Emploi et chômage par groupe d'âge quinquennal et par sexe - indicateurs,I,GRC,Grèce,EMP_RATIO,Employment to population ratio,PT_POP_SUB,Pourcentage de la population dans le même sous-groupe,_T,Total,Y20T64,De 20 à 64 ans,EMP,Employment,2012,,54.969,,A,Valeur normale,,,1,One
DATAFLOW,OECD.ELS.SAE:DSD_LFS@DF_LFS_INDIC(1.1),Emploi et chômage par groupe d'âge quinquennal et par sexe - indicateurs,I,HUN,Hongrie,EMP_RATIO,Employment to population ratio,PT_POP_SUB,Pourcentage de la population dans le même sous-groupe,_T,Total,Y20T64,De 20 à 64 ans,EMP,Employment,2012,,63.777,,A,Valeur normale,,,1,One
DATAFLOW,OECD.ELS.SAE:DSD_LFS@DF_LFS_INDIC(1.1),Emploi et chômage par groupe d'âge quinquennal et par sexe - indicateurs,I,ISL,Islande,EMP_RATIO,Employment to population ratio,PT_POP_SUB,Pourcentage de la population dans le même sous-groupe,_T,Total,Y20T64,De 20 à 64 ans,EMP,Employment,2012,,80.168,,A,Valeur normale,,,1,One
DATAFLOW,OECD.ELS.SAE:DSD_LFS@DF_LFS_INDIC(1.1),Emploi et chômage par groupe d'âge quinquennal et par sexe - indicateurs,I,IRL,Irlande,EMP_RATIO,Employment to population ratio,PT_POP_SUB,Pourcentage de la population dans le même sous-groupe,_T,Total,Y20T64,De 20 à 64 ans,EMP,Employment,2012,,64.473,,A,Valeur normale,,,1,One
DATAFLOW,OECD.ELS.SAE:DSD_LFS@DF_LFS_INDIC(1.1),Emploi et chômage par groupe d'âge quinquennal et par sexe - indicateurs,I,ISR,Israël,EMP_RATIO,Employment to population ratio,PT_POP_SUB,Pourcentage de la population dans le même sous-groupe,_T,Total,Y20T64,De 20 à 64 ans,EMP,Employment,2012,,72.535,,A,Valeur normale,,,1,One
DATAFLOW,OECD.ELS.SAE:DSD_LFS@DF_LFS_INDIC(1.1),Emploi et chômage par groupe d'âge quinquennal et par sexe - indicateurs,I,ITA,Italie,EMP_RATIO,Employment to population ratio,PT_POP_SUB,Pourcentage de la population dans le même sous-groupe,_T,Total,Y20T64,De 20 à 64 ans,EMP,Employment,2012,,60.857,,A,Valeur normale,,,1,One
DATAFLOW,OECD.ELS.SAE:DSD_LFS@DF_LFS_INDIC(1.1),Emploi et chômage par groupe d'âge quinquennal et par sexe - indicateurs,I,JPN,Japon,EMP_RATIO,Employment to population ratio,PT_POP_SUB,Pourcentage de la population dans le même sous-groupe,_T,Total,Y20T64,De 20 à 64 ans,EMP,Employment,2012,,75.212,,A,Valeur normale,,,1,One
DATAFLOW,OECD.ELS.SAE:DSD_LFS@DF_LFS_INDIC(1.1),Emploi et chômage par groupe d'âge quinquennal et par sexe - indicateurs,I,KOR,Corée,EMP_RATIO,Employment to population ratio,PT_POP_SUB,Pourcentage de la population dans le même sous-groupe,_T,Total,Y20T64,De 20 à 64 ans,EMP,Employment,2012,,70.179,,A,Valeur normale,,,1,One
DATAFLOW,OECD.ELS.SAE:DSD_LFS@DF_LFS_INDIC(1.1),Emploi et chômage par groupe d'âge quinquennal et par sexe - indicateurs,I,LVA,Lettonie,EMP_RATIO,Employment to population ratio,PT_POP_SUB,Pourcentage de la population dans le même sous-groupe,_T,Total,Y20T64,De 20 à 64 ans,EMP,Employment,2012,,68.103,,A,Valeur normale,,,1,One
DATAFLOW,OECD.ELS.SAE:DSD_LFS@DF_LFS_INDIC(1.1),Emploi et chômage par groupe d'âge quinquennal et par sexe - indicateurs,I,LTU,Lituanie,EMP_RATIO,Employment to population ratio,PT_POP_SUB,Pourcentage de la population dans le même sous-groupe,_T,Total,Y20T64,De 20 à 64 ans,EMP,Employment,2012,,68.492,,A,Valeur normale,,,1,One
DATAFLOW,OECD.ELS.SAE:DSD_LFS@DF_LFS_INDIC(1.1),Emploi et chômage par groupe d'âge quinquennal et par sexe - indicateurs,I,LUX,Luxembourg,EMP_RATIO,Employment to population ratio,PT_POP_SUB,Pourcentage de la population dans le même sous-groupe,_T,Total,Y20T64,De 20 à 64 ans,EMP,Employment,2012,,71.404,,A,Valeur normale,,,1,One
DATAFLOW,OECD.ELS.SAE:DSD_LFS@DF_LFS_INDIC(1.1),Emploi et chômage par groupe d'âge quinquennal et par sexe - indicateurs,I,MEX,Mexique,EMP_RATIO,Employment to population ratio,PT_POP_SUB,Pourcentage de la population dans le même sous-groupe,_T,Total,Y20T64,De 20 à 64 ans,EMP,Employment,2012,,66.197,,A,Valeur normale,,,1,One
DATAFLOW,OECD.ELS.SAE:DSD_LFS@DF_LFS_INDIC(1.1),Emploi et chômage par groupe d'âge quinquennal et par sexe - indicateurs,I,NLD,Pays-Bas,EMP_RATIO,Employment to population ratio,PT_POP_SUB,Pourcentage de la population dans le même sous-groupe,_T,Total,Y20T64,De 20 à 64 ans,EMP,Employment,2012,,76.631,,A,Valeur normale,,,1,One
DATAFLOW,OECD.ELS.SAE:DSD_LFS@DF_LFS_INDIC(1.1),Emploi et chômage par groupe d'âge quinquennal et par sexe - indicateurs,I,NZL,Nouvelle-Zélande,EMP_RATIO,Employment to population ratio,PT_POP_SUB,Pourcentage de la population dans le même sous-groupe,_T,Total,Y20T64,De 20 à 64 ans,EMP,Employment,2012,,76.774,,A,Valeur normale,,,1,One
DATAFLOW,OECD.ELS.SAE:DSD_LFS@DF_LFS_INDIC(1.1),Emploi et chômage par groupe d'âge quinquennal et par sexe - indicateurs,I,NOR,Norvège,EMP_RATIO,Employment to population ratio,PT_POP_SUB,Pourcentage de la population dans le même sous-groupe,_T,Total,Y20T64,De 20 à 64 ans,EMP,Employment,2012,,79.906,,A,Valeur normale,,,1,One
DATAFLOW,OECD.ELS.SAE:DSD_LFS@DF_LFS_INDIC(1.1),Emploi et chômage par groupe d'âge quinquennal et par sexe - indicateurs,I,POL,Pologne,EMP_RATIO,Employment to population ratio,PT_POP_SUB,Pourcentage de la population dans le même sous-groupe,_T,Total,Y20T64,De 20 à 64 ans,EMP,Employment,2012,,64.723,,A,Valeur normale,,,1,One
DATAFLOW,OECD.ELS.SAE:DSD_LFS@DF_LFS_INDIC(1.1),Emploi et chômage par groupe d'âge quinquennal et par sexe - indicateurs,I,SVK,République slovaque,EMP_RATIO,Employment to population ratio,PT_POP_SUB,Pourcentage de la population dans le même sous-groupe,_T,Total,Y20T64,De 20 à 64 ans,EMP,Employment,2012,,65.056,,A,Valeur normale,,,1,One
DATAFLOW,OECD.ELS.SAE:DSD_LFS@DF_LFS_INDIC(1.1),Emploi et chômage par groupe d'âge quinquennal et par sexe - indicateurs,I,SVN,Slovénie,EMP_RATIO,Employment to population ratio,PT_POP_SUB,Pourcentage de la population dans le même sous-groupe,_T,Total,Y20T64,De 20 à 64 ans,EMP,Employment,2012,,68.28,,A,Valeur normale,,,1,One
DATAFLOW,OECD.ELS.SAE:DSD_LFS@DF_LFS_INDIC(1.1),Emploi et chômage par groupe d'âge quinquennal et par sexe - indicateurs,I,ESP,Espagne,EMP_RATIO,Employment to population ratio,PT_POP_SUB,Pourcentage de la population dans le même sous-groupe,_T,Total,Y20T64,De 20 à 64 ans,EMP,Employment,2012,,59.626,,A,Valeur normale,,,1,One
DATAFLOW,OECD.ELS.SAE:DSD_LFS@DF_LFS_INDIC(1.1),Emploi et chômage par groupe d'âge quinquennal et par sexe - indicateurs,I,SWE,Suède,EMP_RATIO,Employment to population ratio,PT_POP_SUB,Pourcentage de la population dans le même sous-groupe,_T,Total,Y20T64,De 20 à 64 ans,EMP,Employment,2012,,79.41,,A,Valeur normale,,,1,One
DATAFLOW,OECD.ELS.SAE:DSD_LFS@DF_LFS_INDIC(1.1),Emploi et chômage par groupe d'âge quinquennal et par sexe - indicateurs,I,CHE,Suisse,EMP_RATIO,Employment to population ratio,PT_POP_SUB,Pourcentage de la population dans le même sous-groupe,_T,Total,Y20T64,De 20 à 64 ans,EMP,Employment,2012,,81.031,,A,Valeur normale,,,1,One
DATAFLOW,OECD.ELS.SAE:DSD_LFS@DF_LFS_INDIC(1.1),Emploi et chômage par groupe d'âge quinquennal et par sexe - indicateurs,I,TUR,Türkiye,EMP_RATIO,Employment to population ratio,PT_POP_SUB,Pourcentage de la population dans le même sous-groupe,_T,Total,Y20T64,De 20 à 64 ans,EMP,Employment,2012,,52.806,,A,Valeur normale,,,1,One
DATAFLOW,OECD.ELS.SAE:DSD_LFS@DF_LFS_INDIC(1.1),Emploi et chômage par groupe d'âge quinquennal et par sexe - indicateurs,I,GBR,Royaume-Uni,EMP_RATIO,Employment to population ratio,PT_POP_SUB,Pourcentage de la population dans le même sous-groupe,_T,Total,Y20T64,De 20 à 64 ans,EMP,Employment,2012,,73.487,,A,Valeur normale,,,1,One
DATAFLOW,OECD.ELS.SAE:DSD_LFS@DF_LFS_INDIC(1.1),Emploi et chômage par groupe d'âge quinquennal et par sexe - indicateurs,I,USA,États-Unis,EMP_RATIO,Employment to population ratio,PT_POP_SUB,Pourcentage de la population dans le même sous-groupe,_T,Total,Y20T64,De 20 à 64 ans,EMP,Employment,2012,,70.919,,A,Valeur normale,,,1,One
DATAFLOW,OECD.ELS.SAE:DSD_LFS@DF_LFS_INDIC(1.1),Emploi et chômage par groupe d'âge quinquennal et par sexe - indicateurs,I,EU27,Union européenne (27 pays),EMP_RATIO,Employment to population ratio,PT_POP_SUB,Pourcentage de la population dans le même sous-groupe,_T,Total,Y20T64,De 20 à 64 ans,EMP,Employment,2012,,67.571,,A,Valeur normale,,,1,One
DATAFLOW,OECD.ELS.SAE:DSD_LFS@DF_LFS_INDIC(1.1),Emploi et chômage par groupe d'âge quinquennal et par sexe - indicateurs,I,EU19OECD,19 Membres de l'Union européenne et de l'OCDE,EMP_RATIO,Employment to population ratio,PT_POP_SUB,Pourcentage de la population dans le même sous-groupe,_T,Total,Y20T64,De 20 à 64 ans,EMP,Employment,2012,,67.853,,A,Valeur normale,,,1,One
DATAFLOW,OECD.ELS.SAE:DSD_LFS@DF_LFS_INDIC(1.1),Emploi et chômage par groupe d'âge quinquennal et par sexe - indicateurs,I,EU22OECD,22 Membres de l'Union européenne et de l'OCDE,EMP_RATIO,Employment to population ratio,PT_POP_SUB,Pourcentage de la population dans le même sous-groupe,_T,Total,Y20T64,De 20 à 64 ans,EMP,Employment,2012,,67.897,,A,Valeur normale,,,1,One
DATAFLOW,OECD.ELS.SAE:DSD_LFS@DF_LFS_INDIC(1.1),Emploi et chômage par groupe d'âge quinquennal et par sexe - indicateurs,I,BRA,Brésil,EMP_RATIO,Employment to population ratio,PT_POP_SUB,Pourcentage de la population dans le même sous-groupe,_T,Total,Y20T64,De 20 à 64 ans,EMP,Employment,2012,,68.362,,A,Valeur normale,,,1,One
DATAFLOW,OECD.ELS.SAE:DSD_LFS@DF_LFS_INDIC(1.1),Emploi et chômage par groupe d'âge quinquennal et par sexe - indicateurs,I,BGR,Bulgarie,EMP_RATIO,Employment to population ratio,PT_POP_SUB,Pourcentage de la population dans le même sous-groupe,_T,Total,Y20T64,De 20 à 64 ans,EMP,Employment,2012,,62.981,,A,Valeur normale,,,1,One
DATAFLOW,OECD.ELS.SAE:DSD_LFS@DF_LFS_INDIC(1.1),Emploi et chômage par groupe d'âge quinquennal et par sexe - indicateurs,I,CYP,Chypre,EMP_RATIO,Employment to population ratio,PT_POP_SUB,Pourcentage de la population dans le même sous-groupe,_T,Total,Y20T64,De 20 à 64 ans,EMP,Employment,2012,,70.204,,A,Valeur normale,,,1,One
DATAFLOW,OECD.ELS.SAE:DSD_LFS@DF_LFS_INDIC(1.1),Emploi et chômage par groupe d'âge quinquennal et par sexe - indicateurs,I,IND,Inde,EMP_RATIO,Employment to population ratio,PT_POP_SUB,Pourcentage de la population dans le même sous-groupe,_T,Total,Y20T64,De 20 à 64 ans,EMP,Employment,2012,,59.477,,A,Valeur normale,,,1,One
DATAFLOW,OECD.ELS.SAE:DSD_LFS@DF_LFS_INDIC(1.1),Emploi et chômage par groupe d'âge quinquennal et par sexe - indicateurs,I,IDN,Indonésie,EMP_RATIO,Employment to population ratio,PT_POP_SUB,Pourcentage de la population dans le même sous-groupe,_T,Total,Y20T64,De 20 à 64 ans,EMP,Employment,2012,,73.057,,A,Valeur normale,,,1,One
DATAFLOW,OECD.ELS.SAE:DSD_LFS@DF_LFS_INDIC(1.1),Emploi et chômage par groupe d'âge quinquennal et par sexe - indicateurs,I,MLT,Malte,EMP_RATIO,Employment to population ratio,PT_POP_SUB,Pourcentage de la population dans le même sous-groupe,_T,Total,Y20T64,De 20 à 64 ans,EMP,Employment,2012,,63.854,,A,Valeur normale,,,1,One
DATAFLOW,OECD.ELS.SAE:DSD_LFS@DF_LFS_INDIC(1.1),Emploi et chômage par groupe d'âge quinquennal et par sexe - indicateurs,I,MKD,Macédoine du Nord,EMP_RATIO,Employment to population ratio,PT_POP_SUB,Pourcentage de la population dans le même sous-groupe,_T,Total,Y20T64,De 20 à 64 ans,EMP,Employment,2012,,48.228,,A,Valeur normale,,,1,One
DATAFLOW,OECD.ELS.SAE:DSD_LFS@DF_LFS_INDIC(1.1),Emploi et chômage par groupe d'âge quinquennal et par sexe - indicateurs,I,ROU,Roumanie,EMP_RATIO,Employment to population ratio,PT_POP_SUB,Pourcentage de la population dans le même sous-groupe,_T,Total,Y20T64,De 20 à 64 ans,EMP,Employment,2012,,64.789,,A,Valeur normale,,,1,One
DATAFLOW,OECD.ELS.SAE:DSD_LFS@DF_LFS_INDIC(1.1),Emploi et chômage par groupe d'âge quinquennal et par sexe - indicateurs,I,RUS,Russie,EMP_RATIO,Employment to population ratio,PT_POP_SUB,Pourcentage de la population dans le même sous-groupe,_T,Total,Y20T64,De 20 à 64 ans,EMP,Employment,2012,,73.974,,A,Valeur normale,,,1,One
DATAFLOW,OECD.ELS.SAE:DSD_LFS@DF_LFS_INDIC(1.1),Emploi et chômage par groupe d'âge quinquennal et par sexe - indicateurs,I,ZAF,Afrique du Sud,EMP_RATIO,Employment to population ratio,PT_POP_SUB,Pourcentage de la population dans le même sous-groupe,_T,Total,Y20T64,De 20 à 64 ans,EMP,Employment,2012,,49.336,,A,Valeur normale,,,1,One
DATAFLOW,OECD.ELS.SAE:DSD_LFS@DF_LFS_INDIC(1.1),Emploi et chômage par groupe d'âge quinquennal et par sexe - indicateurs,I,AUS,Australie,EMP_RATIO,Employment to population ratio,PT_POP_SUB,Pourcentage de la population dans le même sous-groupe,_T,Total,Y20T64,De 20 à 64 ans,EMP,Employment,2014,,74.471,,A,Valeur normale,,,1,One
DATAFLOW,OECD.ELS.SAE:DSD_LFS@DF_LFS_INDIC(1.1),Emploi et chômage par groupe d'âge quinquennal et par sexe - indicateurs,I,AUT,Autriche,EMP_RATIO,Employment to population ratio,PT_POP_SUB,Pourcentage de la population dans le même sous-groupe,_T,Total,Y20T64,De 20 à 64 ans,EMP,Employment,2014,,74.172,,A,Valeur normale,,,1,One
DATAFLOW,OECD.ELS.SAE:DSD_LFS@DF_LFS_INDIC(1.1),Emploi et chômage par groupe d'âge quinquennal et par sexe - indicateurs,I,BEL,Belgique,EMP_RATIO,Employment to population ratio,PT_POP_SUB,Pourcentage de la population dans le même sous-groupe,_T,Total,Y20T64,De 20 à 64 ans,EMP,Employment,2014,,67.274,,A,Valeur normale,,,1,One
DATAFLOW,OECD.ELS.SAE:DSD_LFS@DF_LFS_INDIC(1.1),Emploi et chômage par groupe d'âge quinquennal et par sexe - indicateurs,I,CHL,Chili,EMP_RATIO,Employment to population ratio,PT_POP_SUB,Pourcentage de la population dans le même sous-groupe,_T,Total,Y20T64,De 20 à 64 ans,EMP,Employment,2014,,69.532,,A,Valeur normale,,,1,One
DATAFLOW,OECD.ELS.SAE:DSD_LFS@DF_LFS_INDIC(1.1),Emploi et chômage par groupe d'âge quinquennal et par sexe - indicateurs,I,COL,Colombie,EMP_RATIO,Employment to population ratio,PT_POP_SUB,Pourcentage de la population dans le même sous-groupe,_T,Total,Y20T64,De 20 à 64 ans,EMP,Employment,2014,,71.842,,A,Valeur normale,,,1,One
DATAFLOW,OECD.ELS.SAE:DSD_LFS@DF_LFS_INDIC(1.1),Emploi et chômage par groupe d'âge quinquennal et par sexe - indicateurs,I,CRI,Costa Rica,EMP_RATIO,Employment to population ratio,PT_POP_SUB,Pourcentage de la population dans le même sous-groupe,_T,Total,Y20T64,De 20 à 64 ans,EMP,Employment,2014,,68.349,,A,Valeur normale,,,1,One
DATAFLOW,OECD.ELS.SAE:DSD_LFS@DF_LFS_INDIC(1.1),Emploi et chômage par groupe d'âge quinquennal et par sexe - indicateurs,I,CZE,Tchéquie,EMP_RATIO,Employment to population ratio,PT_POP_SUB,Pourcentage de la population dans le même sous-groupe,_T,Total,Y20T64,De 20 à 64 ans,EMP,Employment,2014,,73.55,,A,Valeur normale,,,1,One
DATAFLOW,OECD.ELS.SAE:DSD_LFS@DF_LFS_INDIC(1.1),Emploi et chômage par groupe d'âge quinquennal et par sexe - indicateurs,I,DNK,Danemark,EMP_RATIO,Employment to population ratio,PT_POP_SUB,Pourcentage de la population dans le même sous-groupe,_T,Total,Y20T64,De 20 à 64 ans,EMP,Employment,2014,,74.772,,A,Valeur normale,,,1,One
DATAFLOW,OECD.ELS.SAE:DSD_LFS@DF_LFS_INDIC(1.1),Emploi et chômage par groupe d'âge quinquennal et par sexe - indicateurs,I,EST,Estonie,EMP_RATIO,Employment to population ratio,PT_POP_SUB,Pourcentage de la population dans le même sous-groupe,_T,Total,Y20T64,De 20 à 64 ans,EMP,Employment,2014,,74.297,,A,Valeur normale,,,1,One
DATAFLOW,OECD.ELS.SAE:DSD_LFS@DF_LFS_INDIC(1.1),Emploi et chômage par groupe d'âge quinquennal et par sexe - indicateurs,I,FIN,Finlande,EMP_RATIO,Employment to population ratio,PT_POP_SUB,Pourcentage de la population dans le même sous-groupe,_T,Total,Y20T64,De 20 à 64 ans,EMP,Employment,2014,,73.153,,A,Valeur normale,,,1,One
DATAFLOW,OECD.ELS.SAE:DSD_LFS@DF_LFS_INDIC(1.1),Emploi et chômage par groupe d'âge quinquennal et par sexe - indicateurs,I,FRA,France,EMP_RATIO,Employment to population ratio,PT_POP_SUB,Pourcentage de la population dans le même sous-groupe,_T,Total,Y20T64,De 20 à 64 ans,EMP,Employment,2014,,69.247,,A,Valeur normale,,,1,One
DATAFLOW,OECD.ELS.SAE:DSD_LFS@DF_LFS_INDIC(1.1),Emploi et chômage par groupe d'âge quinquennal et par sexe - indicateurs,I,DEU,Allemagne,EMP_RATIO,Employment to population ratio,PT_POP_SUB,Pourcentage de la population dans le même sous-groupe,_T,Total,Y20T64,De 20 à 64 ans,EMP,Employment,2014,,77.708,,A,Valeur normale,,,1,One
DATAFLOW,OECD.ELS.SAE:DSD_LFS@DF_LFS_INDIC(1.1),Emploi et chômage par groupe d'âge quinquennal et par sexe - indicateurs,I,GRC,Grèce,EMP_RATIO,Employment to population ratio,PT_POP_SUB,Pourcentage de la population dans le même sous-groupe,_T,Total,Y20T64,De 20 à 64 ans,EMP,Employment,2014,,53.323,,A,Valeur normale,,,1,One
DATAFLOW,OECD.ELS.SAE:DSD_LFS@DF_LFS_INDIC(1.1),Emploi et chômage par groupe d'âge quinquennal et par sexe - indicateurs,I,HUN,Hongrie,EMP_RATIO,Employment to population ratio,PT_POP_SUB,Pourcentage de la population dans le même sous-groupe,_T,Total,Y20T64,De 20 à 64 ans,EMP,Employment,2014,,68.735,,A,Valeur normale,,,1,One
DATAFLOW,OECD.ELS.SAE:DSD_LFS@DF_LFS_INDIC(1.1),Emploi et chômage par groupe d'âge quinquennal et par sexe - indicateurs,I,ISL,Islande,EMP_RATIO,Employment to population ratio,PT_POP_SUB,Pourcentage de la population dans le même sous-groupe,_T,Total,Y20T64,De 20 à 64 ans,EMP,Employment,2014,,81.985,,A,Valeur normale,,,1,One
DATAFLOW,OECD.ELS.SAE:DSD_LFS@DF_LFS_INDIC(1.1),Emploi et chômage par groupe d'âge quinquennal et par sexe - indicateurs,I,IRL,Irlande,EMP_RATIO,Employment to population ratio,PT_POP_SUB,Pourcentage de la population dans le même sous-groupe,_T,Total,Y20T64,De 20 à 64 ans,EMP,Employment,2014,,68.135,,A,Valeur normale,,,1,One
DATAFLOW,OECD.ELS.SAE:DSD_LFS@DF_LFS_INDIC(1.1),Emploi et chômage par groupe d'âge quinquennal et par sexe - indicateurs,I,ISR,Israël,EMP_RATIO,Employment to population ratio,PT_POP_SUB,Pourcentage de la population dans le même sous-groupe,_T,Total,Y20T64,De 20 à 64 ans,EMP,Employment,2014,,74.06,,A,Valeur normale,,,1,One
DATAFLOW,OECD.ELS.SAE:DSD_LFS@DF_LFS_INDIC(1.1),Emploi et chômage par groupe d'âge quinquennal et par sexe - indicateurs,I,ITA,Italie,EMP_RATIO,Employment to population ratio,PT_POP_SUB,Pourcentage de la population dans le même sous-groupe,_T,Total,Y20T64,De 20 à 64 ans,EMP,Employment,2014,,59.895,,A,Valeur normale,,,1,One
DATAFLOW,OECD.ELS.SAE:DSD_LFS@DF_LFS_INDIC(1.1),Emploi et chômage par groupe d'âge quinquennal et par sexe - indicateurs,I,JPN,Japon,EMP_RATIO,Employment to population ratio,PT_POP_SUB,Pourcentage de la population dans le même sous-groupe,_T,Total,Y20T64,De 20 à 64 ans,EMP,Employment,2014,,77.454,,A,Valeur normale,,,1,One
DATAFLOW,OECD.ELS.SAE:DSD_LFS@DF_LFS_INDIC(1.1),Emploi et chômage par groupe d'âge quinquennal et par sexe - indicateurs,I,KOR,Corée,EMP_RATIO,Employment to population ratio,PT_POP_SUB,Pourcentage de la population dans le même sous-groupe,_T,Total,Y20T64,De 20 à 64 ans,EMP,Employment,2014,,71.12,,A,Valeur normale,,,1,One
DATAFLOW,OECD.ELS.SAE:DSD_LFS@DF_LFS_INDIC(1.1),Emploi et chômage par groupe d'âge quinquennal et par sexe - indicateurs,I,LVA,Lettonie,EMP_RATIO,Employment to population ratio,PT_POP_SUB,Pourcentage de la population dans le même sous-groupe,_T,Total,Y20T64,De 20 à 64 ans,EMP,Employment,2014,,70.725,,A,Valeur normale,,,1,One
DATAFLOW,OECD.ELS.SAE:DSD_LFS@DF_LFS_INDIC(1.1),Emploi et chômage par groupe d'âge quinquennal et par sexe - indicateurs,I,LTU,Lituanie,EMP_RATIO,Employment to population ratio,PT_POP_SUB,Pourcentage de la population dans le même sous-groupe,_T,Total,Y20T64,De 20 à 64 ans,EMP,Employment,2014,,71.824,,A,Valeur normale,,,1,One
DATAFLOW,OECD.ELS.SAE:DSD_LFS@DF_LFS_INDIC(1.1),Emploi et chômage par groupe d'âge quinquennal et par sexe - indicateurs,I,LUX,Luxembourg,EMP_RATIO,Employment to population ratio,PT_POP_SUB,Pourcentage de la population dans le même sous-groupe,_T,Total,Y20T64,De 20 à 64 ans,EMP,Employment,2014,,72.053,,A,Valeur normale,,,1,One
DATAFLOW,OECD.ELS.SAE:DSD_LFS@DF_LFS_INDIC(1.1),Emploi et chômage par groupe d'âge quinquennal et par sexe - indicateurs,I,MEX,Mexique,EMP_RATIO,Employment to population ratio,PT_POP_SUB,Pourcentage de la population dans le même sous-groupe,_T,Total,Y20T64,De 20 à 64 ans,EMP,Employment,2014,,65.789,,A,Valeur normale,,,1,One
DATAFLOW,OECD.ELS.SAE:DSD_LFS@DF_LFS_INDIC(1.1),Emploi et chômage par groupe d'âge quinquennal et par sexe - indicateurs,I,NLD,Pays-Bas,EMP_RATIO,Employment to population ratio,PT_POP_SUB,Pourcentage de la population dans le même sous-groupe,_T,Total,Y20T64,De 20 à 64 ans,EMP,Employment,2014,,76.28,,A,Valeur normale,,,1,One
DATAFLOW,OECD.ELS.SAE:DSD_LFS@DF_LFS_INDIC(1.1),Emploi et chômage par groupe d'âge quinquennal et par sexe - indicateurs,I,NZL,Nouvelle-Zélande,EMP_RATIO,Employment to population ratio,PT_POP_SUB,Pourcentage de la population dans le même sous-groupe,_T,Total,Y20T64,De 20 à 64 ans,EMP,Employment,2014,,78.723,,A,Valeur normale,,,1,One
DATAFLOW,OECD.ELS.SAE:DSD_LFS@DF_LFS_INDIC(1.1),Emploi et chômage par groupe d'âge quinquennal et par sexe - indicateurs,I,NOR,Norvège,EMP_RATIO,Employment to population ratio,PT_POP_SUB,Pourcentage de la population dans le même sous-groupe,_T,Total,Y20T64,De 20 à 64 ans,EMP,Employment,2014,,79.573,,A,Valeur normale,,,1,One
DATAFLOW,OECD.ELS.SAE:DSD_LFS@DF_LFS_INDIC(1.1),Emploi et chômage par groupe d'âge quinquennal et par sexe - indicateurs,I,POL,Pologne,EMP_RATIO,Employment to population ratio,PT_POP_SUB,Pourcentage de la population dans le même sous-groupe,_T,Total,Y20T64,De 20 à 64 ans,EMP,Employment,2014,,66.497,,A,Valeur normale,,,1,One
DATAFLOW,OECD.ELS.SAE:DSD_LFS@DF_LFS_INDIC(1.1),Emploi et chômage par groupe d'âge quinquennal et par sexe - indicateurs,I,SVK,République slovaque,EMP_RATIO,Employment to population ratio,PT_POP_SUB,Pourcentage de la population dans le même sous-groupe,_T,Total,Y20T64,De 20 à 64 ans,EMP,Employment,2014,,65.921,,A,Valeur normale,,,1,One
DATAFLOW,OECD.ELS.SAE:DSD_LFS@DF_LFS_INDIC(1.1),Emploi et chômage par groupe d'âge quinquennal et par sexe - indicateurs,I,SVN,Slovénie,EMP_RATIO,Employment to population ratio,PT_POP_SUB,Pourcentage de la population dans le même sous-groupe,_T,Total,Y20T64,De 20 à 64 ans,EMP,Employment,2014,,67.744,,A,Valeur normale,,,1,One
DATAFLOW,OECD.ELS.SAE:DSD_LFS@DF_LFS_INDIC(1.1),Emploi et chômage par groupe d'âge quinquennal et par sexe - indicateurs,I,ESP,Espagne,EMP_RATIO,Employment to population ratio,PT_POP_SUB,Pourcentage de la population dans le même sous-groupe,_T,Total,Y20T64,De 20 à 64 ans,EMP,Employment,2014,,59.896,,A,Valeur normale,,,1,One
DATAFLOW,OECD.ELS.SAE:DSD_LFS@DF_LFS_INDIC(1.1),Emploi et chômage par groupe d'âge quinquennal et par sexe - indicateurs,I,SWE,Suède,EMP_RATIO,Employment to population ratio,PT_POP_SUB,Pourcentage de la population dans le même sous-groupe,_T,Total,Y20T64,De 20 à 64 ans,EMP,Employment,2014,,79.949,,A,Valeur normale,,,1,One
DATAFLOW,OECD.ELS.SAE:DSD_LFS@DF_LFS_INDIC(1.1),Emploi et chômage par groupe d'âge quinquennal et par sexe - indicateurs,I,CHE,Suisse,EMP_RATIO,Employment to population ratio,PT_POP_SUB,Pourcentage de la population dans le même sous-groupe,_T,Total,Y20T64,De 20 à 64 ans,EMP,Employment,2014,,81.146,,A,Valeur normale,,,1,One
DATAFLOW,OECD.ELS.SAE:DSD_LFS@DF_LFS_INDIC(1.1),Emploi et chômage par groupe d'âge quinquennal et par sexe - indicateurs,I,TUR,Türkiye,EMP_RATIO,Employment to population ratio,PT_POP_SUB,Pourcentage de la population dans le même sous-groupe,_T,Total,Y20T64,De 20 à 64 ans,EMP,Employment,2014,,53.231,,A,Valeur normale,,,1,One
DATAFLOW,OECD.ELS.SAE:DSD_LFS@DF_LFS_INDIC(1.1),Emploi et chômage par groupe d'âge quinquennal et par sexe - indicateurs,I,GBR,Royaume-Uni,EMP_RATIO,Employment to population ratio,PT_POP_SUB,Pourcentage de la population dans le même sous-groupe,_T,Total,Y20T64,De 20 à 64 ans,EMP,Employment,2014,,75.418,,A,Valeur normale,,,1,One
DATAFLOW,OECD.ELS.SAE:DSD_LFS@DF_LFS_INDIC(1.1),Emploi et chômage par groupe d'âge quinquennal et par sexe - indicateurs,I,USA,États-Unis,EMP_RATIO,Employment to population ratio,PT_POP_SUB,Pourcentage de la population dans le même sous-groupe,_T,Total,Y20T64,De 20 à 64 ans,EMP,Employment,2014,,71.792,,A,Valeur normale,,,1,One
DATAFLOW,OECD.ELS.SAE:DSD_LFS@DF_LFS_INDIC(1.1),Emploi et chômage par groupe d'âge quinquennal et par sexe - indicateurs,I,EU27,Union européenne (27 pays),EMP_RATIO,Employment to population ratio,PT_POP_SUB,Pourcentage de la population dans le même sous-groupe,_T,Total,Y20T64,De 20 à 64 ans,EMP,Employment,2014,,68.197,,A,Valeur normale,,,1,One
DATAFLOW,OECD.ELS.SAE:DSD_LFS@DF_LFS_INDIC(1.1),Emploi et chômage par groupe d'âge quinquennal et par sexe - indicateurs,I,BRA,Brésil,EMP_RATIO,Employment to population ratio,PT_POP_SUB,Pourcentage de la population dans le même sous-groupe,_T,Total,Y20T64,De 20 à 64 ans,EMP,Employment,2014,,68.896,,A,Valeur normale,,,1,One
DATAFLOW,OECD.ELS.SAE:DSD_LFS@DF_LFS_INDIC(1.1),Emploi et chômage par groupe d'âge quinquennal et par sexe - indicateurs,I,BGR,Bulgarie,EMP_RATIO,Employment to population ratio,PT_POP_SUB,Pourcentage de la population dans le même sous-groupe,_T,Total,Y20T64,De 20 à 64 ans,EMP,Employment,2014,,65.073,,A,Valeur normale,,,1,One
DATAFLOW,OECD.ELS.SAE:DSD_LFS@DF_LFS_INDIC(1.1),Emploi et chômage par groupe d'âge quinquennal et par sexe - indicateurs,I,CYP,Chypre,EMP_RATIO,Employment to population ratio,PT_POP_SUB,Pourcentage de la population dans le même sous-groupe,_T,Total,Y20T64,De 20 à 64 ans,EMP,Employment,2014,,67.588,,A,Valeur normale,,,1,One
DATAFLOW,OECD.ELS.SAE:DSD_LFS@DF_LFS_INDIC(1.1),Emploi et chômage par groupe d'âge quinquennal et par sexe - indicateurs,I,IDN,Indonésie,EMP_RATIO,Employment to population ratio,PT_POP_SUB,Pourcentage de la population dans le même sous-groupe,_T,Total,Y20T64,De 20 à 64 ans,EMP,Employment,2014,,72.793,,A,Valeur normale,,,1,One
DATAFLOW,OECD.ELS.SAE:DSD_LFS@DF_LFS_INDIC(1.1),Emploi et chômage par groupe d'âge quinquennal et par sexe - indicateurs,I,MLT,Malte,EMP_RATIO,Employment to population ratio,PT_POP_SUB,Pourcentage de la population dans le même sous-groupe,_T,Total,Y20T64,De 20 à 64 ans,EMP,Employment,2014,,67.929,,A,Valeur normale,,,1,One
DATAFLOW,OECD.ELS.SAE:DSD_LFS@DF_LFS_INDIC(1.1),Emploi et chômage par groupe d'âge quinquennal et par sexe - indicateurs,I,MKD,Macédoine du Nord,EMP_RATIO,Employment to population ratio,PT_POP_SUB,Pourcentage de la population dans le même sous-groupe,_T,Total,Y20T64,De 20 à 64 ans,EMP,Employment,2014,,51.3,,A,Valeur normale,,,1,One
DATAFLOW,OECD.ELS.SAE:DSD_LFS@DF_LFS_INDIC(1.1),Emploi et chômage par groupe d'âge quinquennal et par sexe - indicateurs,I,ROU,Roumanie,EMP_RATIO,Employment to population ratio,PT_POP_SUB,Pourcentage de la population dans le même sous-groupe,_T,Total,Y20T64,De 20 à 64 ans,EMP,Employment,2014,,65.703,,A,Valeur normale,,,1,One
DATAFLOW,OECD.ELS.SAE:DSD_LFS@DF_LFS_INDIC(1.1),Emploi et chômage par groupe d'âge quinquennal et par sexe - indicateurs,I,RUS,Russie,EMP_RATIO,Employment to population ratio,PT_POP_SUB,Pourcentage de la population dans le même sous-groupe,_T,Total,Y20T64,De 20 à 64 ans,EMP,Employment,2014,,74.124,,A,Valeur normale,,,1,One
DATAFLOW,OECD.ELS.SAE:DSD_LFS@DF_LFS_INDIC(1.1),Emploi et chômage par groupe d'âge quinquennal et par sexe - indicateurs,I,ZAF,Afrique du Sud,EMP_RATIO,Employment to population ratio,PT_POP_SUB,Pourcentage de la population dans le même sous-groupe,_T,Total,Y20T64,De 20 à 64 ans,EMP,Employment,2014,,49.714,,A,Valeur normale,,,1,One
DATAFLOW,OECD.ELS.SAE:DSD_LFS@DF_LFS_INDIC(1.1),Emploi et chômage par groupe d'âge quinquennal et par sexe - indicateurs,I,AUS,Australie,EMP_RATIO,Employment to population ratio,PT_POP_SUB,Pourcentage de la population dans le même sous-groupe,_T,Total,Y20T64,De 20 à 64 ans,EMP,Employment,2015,,75.095,,A,Valeur normale,,,1,One
DATAFLOW,OECD.ELS.SAE:DSD_LFS@DF_LFS_INDIC(1.1),Emploi et chômage par groupe d'âge quinquennal et par sexe - indicateurs,I,AUT,Autriche,EMP_RATIO,Employment to population ratio,PT_POP_SUB,Pourcentage de la population dans le même sous-groupe,_T,Total,Y20T64,De 20 à 64 ans,EMP,Employment,2015,,74.257,,A,Valeur normale,,,1,One
DATAFLOW,OECD.ELS.SAE:DSD_LFS@DF_LFS_INDIC(1.1),Emploi et chômage par groupe d'âge quinquennal et par sexe - indicateurs,I,BEL,Belgique,EMP_RATIO,Employment to population ratio,PT_POP_SUB,Pourcentage de la population dans le même sous-groupe,_T,Total,Y20T64,De 20 à 64 ans,EMP,Employment,2015,,67.171,,A,Valeur normale,,,1,One
DATAFLOW,OECD.ELS.SAE:DSD_LFS@DF_LFS_INDIC(1.1),Emploi et chômage par groupe d'âge quinquennal et par sexe - indicateurs,I,CHL,Chili,EMP_RATIO,Employment to population ratio,PT_POP_SUB,Pourcentage de la population dans le même sous-groupe,_T,Total,Y20T64,De 20 à 64 ans,EMP,Employment,2015,,69.678,,A,Valeur normale,,,1,One
DATAFLOW,OECD.ELS.SAE:DSD_LFS@DF_LFS_INDIC(1.1),Emploi et chômage par groupe d'âge quinquennal et par sexe - indicateurs,I,COL,Colombie,EMP_RATIO,Employment to population ratio,PT_POP_SUB,Pourcentage de la population dans le même sous-groupe,_T,Total,Y20T64,De 20 à 64 ans,EMP,Employment,2015,,72.139,,A,Valeur normale,,,1,One
DATAFLOW,OECD.ELS.SAE:DSD_LFS@DF_LFS_INDIC(1.1),Emploi et chômage par groupe d'âge quinquennal et par sexe - indicateurs,I,CRI,Costa Rica,EMP_RATIO,Employment to population ratio,PT_POP_SUB,Pourcentage de la population dans le même sous-groupe,_T,Total,Y20T64,De 20 à 64 ans,EMP,Employment,2015,,67.285,,A,Valeur normale,,,1,One
DATAFLOW,OECD.ELS.SAE:DSD_LFS@DF_LFS_INDIC(1.1),Emploi et chômage par groupe d'âge quinquennal et par sexe - indicateurs,I,CZE,Tchéquie,EMP_RATIO,Employment to population ratio,PT_POP_SUB,Pourcentage de la population dans le même sous-groupe,_T,Total,Y20T64,De 20 à 64 ans,EMP,Employment,2015,,74.83,,A,Valeur normale,,,1,One
DATAFLOW,OECD.ELS.SAE:DSD_LFS@DF_LFS_INDIC(1.1),Emploi et chômage par groupe d'âge quinquennal et par sexe - indicateurs,I,DNK,Danemark,EMP_RATIO,Employment to population ratio,PT_POP_SUB,Pourcentage de la population dans le même sous-groupe,_T,Total,Y20T64,De 20 à 64 ans,EMP,Employment,2015,,75.552,,A,Valeur normale,,,1,One
DATAFLOW,OECD.ELS.SAE:DSD_LFS@DF_LFS_INDIC(1.1),Emploi et chômage par groupe d'âge quinquennal et par sexe - indicateurs,I,EST,Estonie,EMP_RATIO,Employment to population ratio,PT_POP_SUB,Pourcentage de la population dans le même sous-groupe,_T,Total,Y20T64,De 20 à 64 ans,EMP,Employment,2015,,76.434,,A,Valeur normale,,,1,One
DATAFLOW,OECD.ELS.SAE:DSD_LFS@DF_LFS_INDIC(1.1),Emploi et chômage par groupe d'âge quinquennal et par sexe - indicateurs,I,FIN,Finlande,EMP_RATIO,Employment to population ratio,PT_POP_SUB,Pourcentage de la population dans le même sous-groupe,_T,Total,Y20T64,De 20 à 64 ans,EMP,Employment,2015,,72.928,,A,Valeur normale,,,1,One
DATAFLOW,OECD.ELS.SAE:DSD_LFS@DF_LFS_INDIC(1.1),Emploi et chômage par groupe d'âge quinquennal et par sexe - indicateurs,I,FRA,France,EMP_RATIO,Employment to population ratio,PT_POP_SUB,Pourcentage de la population dans le même sous-groupe,_T,Total,Y20T64,De 20 à 64 ans,EMP,Employment,2015,,69.529,,A,Valeur normale,,,1,One
DATAFLOW,OECD.ELS.SAE:DSD_LFS@DF_LFS_INDIC(1.1),Emploi et chômage par groupe d'âge quinquennal et par sexe - indicateurs,I,DEU,Allemagne,EMP_RATIO,Employment to population ratio,PT_POP_SUB,Pourcentage de la population dans le même sous-groupe,_T,Total,Y20T64,De 20 à 64 ans,EMP,Employment,2015,,77.965,,A,Valeur normale,,,1,One
DATAFLOW,OECD.ELS.SAE:DSD_LFS@DF_LFS_INDIC(1.1),Emploi et chômage par groupe d'âge quinquennal et par sexe - indicateurs,I,GRC,Grèce,EMP_RATIO,Employment to population ratio,PT_POP_SUB,Pourcentage de la population dans le même sous-groupe,_T,Total,Y20T64,De 20 à 64 ans,EMP,Employment,2015,,54.896,,A,Valeur normale,,,1,One
DATAFLOW,OECD.ELS.SAE:DSD_LFS@DF_LFS_INDIC(1.1),Emploi et chômage par groupe d'âge quinquennal et par sexe - indicateurs,I,HUN,Hongrie,EMP_RATIO,Employment to population ratio,PT_POP_SUB,Pourcentage de la population dans le même sous-groupe,_T,Total,Y20T64,De 20 à 64 ans,EMP,Employment,2015,,70.93,,A,Valeur normale,,,1,One
DATAFLOW,OECD.ELS.SAE:DSD_LFS@DF_LFS_INDIC(1.1),Emploi et chômage par groupe d'âge quinquennal et par sexe - indicateurs,I,ISL,Islande,EMP_RATIO,Employment to population ratio,PT_POP_SUB,Pourcentage de la population dans le même sous-groupe,_T,Total,Y20T64,De 20 à 64 ans,EMP,Employment,2015,,83.952,,A,Valeur normale,,,1,One
DATAFLOW,OECD.ELS.SAE:DSD_LFS@DF_LFS_INDIC(1.1),Emploi et chômage par groupe d'âge quinquennal et par sexe - indicateurs,I,IRL,Irlande,EMP_RATIO,Employment to population ratio,PT_POP_SUB,Pourcentage de la population dans le même sous-groupe,_T,Total,Y20T64,De 20 à 64 ans,EMP,Employment,2015,,69.887,,A,Valeur normale,,,1,One
DATAFLOW,OECD.ELS.SAE:DSD_LFS@DF_LFS_INDIC(1.1),Emploi et chômage par groupe d'âge quinquennal et par sexe - indicateurs,I,ISR,Israël,EMP_RATIO,Employment to population ratio,PT_POP_SUB,Pourcentage de la population dans le même sous-groupe,_T,Total,Y20T64,De 20 à 64 ans,EMP,Employment,2015,,74.655,,A,Valeur normale,,,1,One
DATAFLOW,OECD.ELS.SAE:DSD_LFS@DF_LFS_INDIC(1.1),Emploi et chômage par groupe d'âge quinquennal et par sexe - indicateurs,I,ITA,Italie,EMP_RATIO,Employment to population ratio,PT_POP_SUB,Pourcentage de la population dans le même sous-groupe,_T,Total,Y20T64,De 20 à 64 ans,EMP,Employment,2015,,60.53,,A,Valeur normale,,,1,One
DATAFLOW,OECD.ELS.SAE:DSD_LFS@DF_LFS_INDIC(1.1),Emploi et chômage par groupe d'âge quinquennal et par sexe - indicateurs,I,JPN,Japon,EMP_RATIO,Employment to population ratio,PT_POP_SUB,Pourcentage de la population dans le même sous-groupe,_T,Total,Y20T64,De 20 à 64 ans,EMP,Employment,2015,,78.129,,A,Valeur normale,,,1,One
DATAFLOW,OECD.ELS.SAE:DSD_LFS@DF_LFS_INDIC(1.1),Emploi et chômage par groupe d'âge quinquennal et par sexe - indicateurs,I,KOR,Corée,EMP_RATIO,Employment to population ratio,PT_POP_SUB,Pourcentage de la population dans le même sous-groupe,_T,Total,Y20T64,De 20 à 64 ans,EMP,Employment,2015,,71.311,,A,Valeur normale,,,1,One
DATAFLOW,OECD.ELS.SAE:DSD_LFS@DF_LFS_INDIC(1.1),Emploi et chômage par groupe d'âge quinquennal et par sexe - indicateurs,I,LVA,Lettonie,EMP_RATIO,Employment to population ratio,PT_POP_SUB,Pourcentage de la population dans le même sous-groupe,_T,Total,Y20T64,De 20 à 64 ans,EMP,Employment,2015,,72.519,,A,Valeur normale,,,1,One
DATAFLOW,OECD.ELS.SAE:DSD_LFS@DF_LFS_INDIC(1.1),Emploi et chômage par groupe d'âge quinquennal et par sexe - indicateurs,I,LTU,Lituanie,EMP_RATIO,Employment to population ratio,PT_POP_SUB,Pourcentage de la population dans le même sous-groupe,_T,Total,Y20T64,De 20 à 64 ans,EMP,Employment,2015,,73.347,,A,Valeur normale,,,1,One
DATAFLOW,OECD.ELS.SAE:DSD_LFS@DF_LFS_INDIC(1.1),Emploi et chômage par groupe d'âge quinquennal et par sexe - indicateurs,I,LUX,Luxembourg,EMP_RATIO,Employment to population ratio,PT_POP_SUB,Pourcentage de la population dans le même sous-groupe,_T,Total,Y20T64,De 20 à 64 ans,EMP,Employment,2015,,70.937,,A,Valeur normale,,,1,One
DATAFLOW,OECD.ELS.SAE:DSD_LFS@DF_LFS_INDIC(1.1),Emploi et chômage par groupe d'âge quinquennal et par sexe - indicateurs,I,MEX,Mexique,EMP_RATIO,Employment to population ratio,PT_POP_SUB,Pourcentage de la population dans le même sous-groupe,_T,Total,Y20T64,De 20 à 64 ans,EMP,Employment,2015,,66.163,,A,Valeur normale,,,1,One
DATAFLOW,OECD.ELS.SAE:DSD_LFS@DF_LFS_INDIC(1.1),Emploi et chômage par groupe d'âge quinquennal et par sexe - indicateurs,I,NLD,Pays-Bas,EMP_RATIO,Employment to population ratio,PT_POP_SUB,Pourcentage de la population dans le même sous-groupe,_T,Total,Y20T64,De 20 à 64 ans,EMP,Employment,2015,,77.289,,A,Valeur normale,,,1,One
DATAFLOW,OECD.ELS.SAE:DSD_LFS@DF_LFS_INDIC(1.1),Emploi et chômage par groupe d'âge quinquennal et par sexe - indicateurs,I,NZL,Nouvelle-Zélande,EMP_RATIO,Employment to population ratio,PT_POP_SUB,Pourcentage de la population dans le même sous-groupe,_T,Total,Y20T64,De 20 à 64 ans,EMP,Employment,2015,,78.638,,A,Valeur normale,,,1,One
DATAFLOW,OECD.ELS.SAE:DSD_LFS@DF_LFS_INDIC(1.1),Emploi et chômage par groupe d'âge quinquennal et par sexe - indicateurs,I,NOR,Norvège,EMP_RATIO,Employment to population ratio,PT_POP_SUB,Pourcentage de la population dans le même sous-groupe,_T,Total,Y20T64,De 20 à 64 ans,EMP,Employment,2015,,79.077,,A,Valeur normale,,,1,One
DATAFLOW,OECD.ELS.SAE:DSD_LFS@DF_LFS_INDIC(1.1),Emploi et chômage par groupe d'âge quinquennal et par sexe - indicateurs,I,POL,Pologne,EMP_RATIO,Employment to population ratio,PT_POP_SUB,Pourcentage de la population dans le même sous-groupe,_T,Total,Y20T64,De 20 à 64 ans,EMP,Employment,2015,,67.765,,A,Valeur normale,,,1,One
DATAFLOW,OECD.ELS.SAE:DSD_LFS@DF_LFS_INDIC(1.1),Emploi et chômage par groupe d'âge quinquennal et par sexe - indicateurs,I,SVK,République slovaque,EMP_RATIO,Employment to population ratio,PT_POP_SUB,Pourcentage de la population dans le même sous-groupe,_T,Total,Y20T64,De 20 à 64 ans,EMP,Employment,2015,,67.651,,A,Valeur normale,,,1,One
DATAFLOW,OECD.ELS.SAE:DSD_LFS@DF_LFS_INDIC(1.1),Emploi et chômage par groupe d'âge quinquennal et par sexe - indicateurs,I,SVN,Slovénie,EMP_RATIO,Employment to population ratio,PT_POP_SUB,Pourcentage de la population dans le même sous-groupe,_T,Total,Y20T64,De 20 à 64 ans,EMP,Employment,2015,,69.104,,A,Valeur normale,,,1,One
DATAFLOW,OECD.ELS.SAE:DSD_LFS@DF_LFS_INDIC(1.1),Emploi et chômage par groupe d'âge quinquennal et par sexe - indicateurs,I,ESP,Espagne,EMP_RATIO,Employment to population ratio,PT_POP_SUB,Pourcentage de la population dans le même sous-groupe,_T,Total,Y20T64,De 20 à 64 ans,EMP,Employment,2015,,61.972,,A,Valeur normale,,,1,One
DATAFLOW,OECD.ELS.SAE:DSD_LFS@DF_LFS_INDIC(1.1),Emploi et chômage par groupe d'âge quinquennal et par sexe - indicateurs,I,SWE,Suède,EMP_RATIO,Employment to population ratio,PT_POP_SUB,Pourcentage de la population dans le même sous-groupe,_T,Total,Y20T64,De 20 à 64 ans,EMP,Employment,2015,,80.467,,A,Valeur normale,,,1,One
DATAFLOW,OECD.ELS.SAE:DSD_LFS@DF_LFS_INDIC(1.1),Emploi et chômage par groupe d'âge quinquennal et par sexe - indicateurs,I,CHE,Suisse,EMP_RATIO,Employment to population ratio,PT_POP_SUB,Pourcentage de la population dans le même sous-groupe,_T,Total,Y20T64,De 20 à 64 ans,EMP,Employment,2015,,81.657,,A,Valeur normale,,,1,One
DATAFLOW,OECD.ELS.SAE:DSD_LFS@DF_LFS_INDIC(1.1),Emploi et chômage par groupe d'âge quinquennal et par sexe - indicateurs,I,TUR,Türkiye,EMP_RATIO,Employment to population ratio,PT_POP_SUB,Pourcentage de la population dans le même sous-groupe,_T,Total,Y20T64,De 20 à 64 ans,EMP,Employment,2015,,53.913,,A,Valeur normale,,,1,One
DATAFLOW,OECD.ELS.SAE:DSD_LFS@DF_LFS_INDIC(1.1),Emploi et chômage par groupe d'âge quinquennal et par sexe - indicateurs,I,GBR,Royaume-Uni,EMP_RATIO,Employment to population ratio,PT_POP_SUB,Pourcentage de la population dans le même sous-groupe,_T,Total,Y20T64,De 20 à 64 ans,EMP,Employment,2015,,76.539,,A,Valeur normale,,,1,One
DATAFLOW,OECD.ELS.SAE:DSD_LFS@DF_LFS_INDIC(1.1),Emploi et chômage par groupe d'âge quinquennal et par sexe - indicateurs,I,USA,États-Unis,EMP_RATIO,Employment to population ratio,PT_POP_SUB,Pourcentage de la population dans le même sous-groupe,_T,Total,Y20T64,De 20 à 64 ans,EMP,Employment,2015,,72.271,,A,Valeur normale,,,1,One
DATAFLOW,OECD.ELS.SAE:DSD_LFS@DF_LFS_INDIC(1.1),Emploi et chômage par groupe d'âge quinquennal et par sexe - indicateurs,I,EU27,Union européenne (27 pays),EMP_RATIO,Employment to population ratio,PT_POP_SUB,Pourcentage de la population dans le même sous-groupe,_T,Total,Y20T64,De 20 à 64 ans,EMP,Employment,2015,,69.083,,A,Valeur normale,,,1,One
DATAFLOW,OECD.ELS.SAE:DSD_LFS@DF_LFS_INDIC(1.1),Emploi et chômage par groupe d'âge quinquennal et par sexe - indicateurs,I,EU22OECD,22 Membres de l'Union européenne et de l'OCDE,EMP_RATIO,Employment to population ratio,PT_POP_SUB,Pourcentage de la population dans le même sous-groupe,_T,Total,Y20T64,De 20 à 64 ans,EMP,Employment,2015,,69.362,,A,Valeur normale,,,1,One
DATAFLOW,OECD.ELS.SAE:DSD_LFS@DF_LFS_INDIC(1.1),Emploi et chômage par groupe d'âge quinquennal et par sexe - indicateurs,I,BRA,Brésil,EMP_RATIO,Employment to population ratio,PT_POP_SUB,Pourcentage de la population dans le même sous-groupe,_T,Total,Y20T64,De 20 à 64 ans,EMP,Employment,2015,,68.216,,A,Valeur normale,,,1,One
DATAFLOW,OECD.ELS.SAE:DSD_LFS@DF_LFS_INDIC(1.1),Emploi et chômage par groupe d'âge quinquennal et par sexe - indicateurs,I,BGR,Bulgarie,EMP_RATIO,Employment to population ratio,PT_POP_SUB,Pourcentage de la population dans le même sous-groupe,_T,Total,Y20T64,De 20 à 64 ans,EMP,Employment,2015,,67.122,,A,Valeur normale,,,1,One
DATAFLOW,OECD.ELS.SAE:DSD_LFS@DF_LFS_INDIC(1.1),Emploi et chômage par groupe d'âge quinquennal et par sexe - indicateurs,I,CYP,Chypre,EMP_RATIO,Employment to population ratio,PT_POP_SUB,Pourcentage de la population dans le même sous-groupe,_T,Total,Y20T64,De 20 à 64 ans,EMP,Employment,2015,,67.943,,A,Valeur normale,,,1,One
DATAFLOW,OECD.ELS.SAE:DSD_LFS@DF_LFS_INDIC(1.1),Emploi et chômage par groupe d'âge quinquennal et par sexe - indicateurs,I,IDN,Indonésie,EMP_RATIO,Employment to population ratio,PT_POP_SUB,Pourcentage de la population dans le même sous-groupe,_T,Total,Y20T64,De 20 à 64 ans,EMP,Employment,2015,,72.034,,A,Valeur normale,,,1,One
DATAFLOW,OECD.ELS.SAE:DSD_LFS@DF_LFS_INDIC(1.1),Emploi et chômage par groupe d'âge quinquennal et par sexe - indicateurs,I,MLT,Malte,EMP_RATIO,Employment to population ratio,PT_POP_SUB,Pourcentage de la population dans le même sous-groupe,_T,Total,Y20T64,De 20 à 64 ans,EMP,Employment,2015,,69.043,,A,Valeur normale,,,1,One
DATAFLOW,OECD.ELS.SAE:DSD_LFS@DF_LFS_INDIC(1.1),Emploi et chômage par groupe d'âge quinquennal et par sexe - indicateurs,I,MKD,Macédoine du Nord,EMP_RATIO,Employment to population ratio,PT_POP_SUB,Pourcentage de la population dans le même sous-groupe,_T,Total,Y20T64,De 20 à 64 ans,EMP,Employment,2015,,51.933,,A,Valeur normale,,,1,One
DATAFLOW,OECD.ELS.SAE:DSD_LFS@DF_LFS_INDIC(1.1),Emploi et chômage par groupe d'âge quinquennal et par sexe - indicateurs,I,ROU,Roumanie,EMP_RATIO,Employment to population ratio,PT_POP_SUB,Pourcentage de la population dans le même sous-groupe,_T,Total,Y20T64,De 20 à 64 ans,EMP,Employment,2015,,66.033,,A,Valeur normale,,,1,One
DATAFLOW,OECD.ELS.SAE:DSD_LFS@DF_LFS_INDIC(1.1),Emploi et chômage par groupe d'âge quinquennal et par sexe - indicateurs,I,RUS,Russie,EMP_RATIO,Employment to population ratio,PT_POP_SUB,Pourcentage de la population dans le même sous-groupe,_T,Total,Y20T64,De 20 à 64 ans,EMP,Employment,2015,,73.96,,A,Valeur normale,,,1,One
DATAFLOW,OECD.ELS.SAE:DSD_LFS@DF_LFS_INDIC(1.1),Emploi et chômage par groupe d'âge quinquennal et par sexe - indicateurs,I,ZAF,Afrique du Sud,EMP_RATIO,Employment to population ratio,PT_POP_SUB,Pourcentage de la population dans le même sous-groupe,_T,Total,Y20T64,De 20 à 64 ans,EMP,Employment,2015,,50.526,,A,Valeur normale,,,1,One
DATAFLOW,OECD.ELS.SAE:DSD_LFS@DF_LFS_INDIC(1.1),Emploi et chômage par groupe d'âge quinquennal et par sexe - indicateurs,I,AUS,Australie,EMP_RATIO,Employment to population ratio,PT_POP_SUB,Pourcentage de la population dans le même sous-groupe,_T,Total,Y20T64,De 20 à 64 ans,EMP,Employment,2013,,74.824,,A,Valeur normale,,,1,One
DATAFLOW,OECD.ELS.SAE:DSD_LFS@DF_LFS_INDIC(1.1),Emploi et chômage par groupe d'âge quinquennal et par sexe - indicateurs,I,AUT,Autriche,EMP_RATIO,Employment to population ratio,PT_POP_SUB,Pourcentage de la population dans le même sous-groupe,_T,Total,Y20T64,De 20 à 64 ans,EMP,Employment,2013,,74.563,,A,Valeur normale,,,1,One
DATAFLOW,OECD.ELS.SAE:DSD_LFS@DF_LFS_INDIC(1.1),Emploi et chômage par groupe d'âge quinquennal et par sexe - indicateurs,I,BEL,Belgique,EMP_RATIO,Employment to population ratio,PT_POP_SUB,Pourcentage de la population dans le même sous-groupe,_T,Total,Y20T64,De 20 à 64 ans,EMP,Employment,2013,,67.196,,A,Valeur normale,,,1,One
DATAFLOW,OECD.ELS.SAE:DSD_LFS@DF_LFS_INDIC(1.1),Emploi et chômage par groupe d'âge quinquennal et par sexe - indicateurs,I,CHL,Chili,EMP_RATIO,Employment to population ratio,PT_POP_SUB,Pourcentage de la population dans le même sous-groupe,_T,Total,Y20T64,De 20 à 64 ans,EMP,Employment,2013,,69.611,,A,Valeur normale,,,1,One
DATAFLOW,OECD.ELS.SAE:DSD_LFS@DF_LFS_INDIC(1.1),Emploi et chômage par groupe d'âge quinquennal et par sexe - indicateurs,I,COL,Colombie,EMP_RATIO,Employment to population ratio,PT_POP_SUB,Pourcentage de la population dans le même sous-groupe,_T,Total,Y20T64,De 20 à 64 ans,EMP,Employment,2013,,71.616,,A,Valeur normale,,,1,One
DATAFLOW,OECD.ELS.SAE:DSD_LFS@DF_LFS_INDIC(1.1),Emploi et chômage par groupe d'âge quinquennal et par sexe - indicateurs,I,CRI,Costa Rica,EMP_RATIO,Employment to population ratio,PT_POP_SUB,Pourcentage de la population dans le même sous-groupe,_T,Total,Y20T64,De 20 à 64 ans,EMP,Employment,2013,,68.819,,A,Valeur normale,,,1,One
DATAFLOW,OECD.ELS.SAE:DSD_LFS@DF_LFS_INDIC(1.1),Emploi et chômage par groupe d'âge quinquennal et par sexe - indicateurs,I,CZE,Tchéquie,EMP_RATIO,Employment to population ratio,PT_POP_SUB,Pourcentage de la population dans le même sous-groupe,_T,Total,Y20T64,De 20 à 64 ans,EMP,Employment,2013,,72.52,,A,Valeur normale,,,1,One
DATAFLOW,OECD.ELS.SAE:DSD_LFS@DF_LFS_INDIC(1.1),Emploi et chômage par groupe d'âge quinquennal et par sexe - indicateurs,I,DNK,Danemark,EMP_RATIO,Employment to population ratio,PT_POP_SUB,Pourcentage de la population dans le même sous-groupe,_T,Total,Y20T64,De 20 à 64 ans,EMP,Employment,2013,,74.432,,A,Valeur normale,,,1,One
DATAFLOW,OECD.ELS.SAE:DSD_LFS@DF_LFS_INDIC(1.1),Emploi et chômage par groupe d'âge quinquennal et par sexe - indicateurs,I,EST,Estonie,EMP_RATIO,Employment to population ratio,PT_POP_SUB,Pourcentage de la population dans le même sous-groupe,_T,Total,Y20T64,De 20 à 64 ans,EMP,Employment,2013,,73.324,,A,Valeur normale,,,1,One
DATAFLOW,OECD.ELS.SAE:DSD_LFS@DF_LFS_INDIC(1.1),Emploi et chômage par groupe d'âge quinquennal et par sexe - indicateurs,I,FIN,Finlande,EMP_RATIO,Employment to population ratio,PT_POP_SUB,Pourcentage de la population dans le même sous-groupe,_T,Total,Y20T64,De 20 à 64 ans,EMP,Employment,2013,,73.434,,A,Valeur normale,,,1,One
DATAFLOW,OECD.ELS.SAE:DSD_LFS@DF_LFS_INDIC(1.1),Emploi et chômage par groupe d'âge quinquennal et par sexe - indicateurs,I,FRA,France,EMP_RATIO,Employment to population ratio,PT_POP_SUB,Pourcentage de la population dans le même sous-groupe,_T,Total,Y20T64,De 20 à 64 ans,EMP,Employment,2013,,68.989,,A,Valeur normale,,,1,One
DATAFLOW,OECD.ELS.SAE:DSD_LFS@DF_LFS_INDIC(1.1),Emploi et chômage par groupe d'âge quinquennal et par sexe - indicateurs,I,DEU,Allemagne,EMP_RATIO,Employment to population ratio,PT_POP_SUB,Pourcentage de la population dans le même sous-groupe,_T,Total,Y20T64,De 20 à 64 ans,EMP,Employment,2013,,77.307,,A,Valeur normale,,,1,One
DATAFLOW,OECD.ELS.SAE:DSD_LFS@DF_LFS_INDIC(1.1),Emploi et chômage par groupe d'âge quinquennal et par sexe - indicateurs,I,GRC,Grèce,EMP_RATIO,Employment to population ratio,PT_POP_SUB,Pourcentage de la population dans le même sous-groupe,_T,Total,Y20T64,De 20 à 64 ans,EMP,Employment,2013,,52.873,,A,Valeur normale,,,1,One
DATAFLOW,OECD.ELS.SAE:DSD_LFS@DF_LFS_INDIC(1.1),Emploi et chômage par groupe d'âge quinquennal et par sexe - indicateurs,I,HUN,Hongrie,EMP_RATIO,Employment to population ratio,PT_POP_SUB,Pourcentage de la population dans le même sous-groupe,_T,Total,Y20T64,De 20 à 64 ans,EMP,Employment,2013,,65.201,,A,Valeur normale,,,1,One
DATAFLOW,OECD.ELS.SAE:DSD_LFS@DF_LFS_INDIC(1.1),Emploi et chômage par groupe d'âge quinquennal et par sexe - indicateurs,I,ISL,Islande,EMP_RATIO,Employment to population ratio,PT_POP_SUB,Pourcentage de la population dans le même sous-groupe,_T,Total,Y20T64,De 20 à 64 ans,EMP,Employment,2013,,81.529,,A,Valeur normale,,,1,One
DATAFLOW,OECD.ELS.SAE:DSD_LFS@DF_LFS_INDIC(1.1),Emploi et chômage par groupe d'âge quinquennal et par sexe - indicateurs,I,IRL,Irlande,EMP_RATIO,Employment to population ratio,PT_POP_SUB,Pourcentage de la population dans le même sous-groupe,_T,Total,Y20T64,De 20 à 64 ans,EMP,Employment,2013,,66.473,,A,Valeur normale,,,1,One
DATAFLOW,OECD.ELS.SAE:DSD_LFS@DF_LFS_INDIC(1.1),Emploi et chômage par groupe d'âge quinquennal et par sexe - indicateurs,I,ISR,Israël,EMP_RATIO,Employment to population ratio,PT_POP_SUB,Pourcentage de la population dans le même sous-groupe,_T,Total,Y20T64,De 20 à 64 ans,EMP,Employment,2013,,73.121,,A,Valeur normale,,,1,One
DATAFLOW,OECD.ELS.SAE:DSD_LFS@DF_LFS_INDIC(1.1),Emploi et chômage par groupe d'âge quinquennal et par sexe - indicateurs,I,ITA,Italie,EMP_RATIO,Employment to population ratio,PT_POP_SUB,Pourcentage de la population dans le même sous-groupe,_T,Total,Y20T64,De 20 à 64 ans,EMP,Employment,2013,,59.72,,A,Valeur normale,,,1,One
DATAFLOW,OECD.ELS.SAE:DSD_LFS@DF_LFS_INDIC(1.1),Emploi et chômage par groupe d'âge quinquennal et par sexe - indicateurs,I,JPN,Japon,EMP_RATIO,Employment to population ratio,PT_POP_SUB,Pourcentage de la population dans le même sous-groupe,_T,Total,Y20T64,De 20 à 64 ans,EMP,Employment,2013,,76.405,,A,Valeur normale,,,1,One
DATAFLOW,OECD.ELS.SAE:DSD_LFS@DF_LFS_INDIC(1.1),Emploi et chômage par groupe d'âge quinquennal et par sexe - indicateurs,I,KOR,Corée,EMP_RATIO,Employment to population ratio,PT_POP_SUB,Pourcentage de la population dans le même sous-groupe,_T,Total,Y20T64,De 20 à 64 ans,EMP,Employment,2013,,70.357,,A,Valeur normale,,,1,One
DATAFLOW,OECD.ELS.SAE:DSD_LFS@DF_LFS_INDIC(1.1),Emploi et chômage par groupe d'âge quinquennal et par sexe - indicateurs,I,LVA,Lettonie,EMP_RATIO,Employment to population ratio,PT_POP_SUB,Pourcentage de la population dans le même sous-groupe,_T,Total,Y20T64,De 20 à 64 ans,EMP,Employment,2013,,69.688,,A,Valeur normale,,,1,One
DATAFLOW,OECD.ELS.SAE:DSD_LFS@DF_LFS_INDIC(1.1),Emploi et chômage par groupe d'âge quinquennal et par sexe - indicateurs,I,LTU,Lituanie,EMP_RATIO,Employment to population ratio,PT_POP_SUB,Pourcentage de la population dans le même sous-groupe,_T,Total,Y20T64,De 20 à 64 ans,EMP,Employment,2013,,69.855,,A,Valeur normale,,,1,One
DATAFLOW,OECD.ELS.SAE:DSD_LFS@DF_LFS_INDIC(1.1),Emploi et chômage par groupe d'âge quinquennal et par sexe - indicateurs,I,LUX,Luxembourg,EMP_RATIO,Employment to population ratio,PT_POP_SUB,Pourcentage de la population dans le même sous-groupe,_T,Total,Y20T64,De 20 à 64 ans,EMP,Employment,2013,,71.084,,A,Valeur normale,,,1,One
DATAFLOW,OECD.ELS.SAE:DSD_LFS@DF_LFS_INDIC(1.1),Emploi et chômage par groupe d'âge quinquennal et par sexe - indicateurs,I,MEX,Mexique,EMP_RATIO,Employment to population ratio,PT_POP_SUB,Pourcentage de la population dans le même sous-groupe,_T,Total,Y20T64,De 20 à 64 ans,EMP,Employment,2013,,66.258,,A,Valeur normale,,,1,One
DATAFLOW,OECD.ELS.SAE:DSD_LFS@DF_LFS_INDIC(1.1),Emploi et chômage par groupe d'âge quinquennal et par sexe - indicateurs,I,NLD,Pays-Bas,EMP_RATIO,Employment to population ratio,PT_POP_SUB,Pourcentage de la population dans le même sous-groupe,_T,Total,Y20T64,De 20 à 64 ans,EMP,Employment,2013,,76.686,,A,Valeur normale,,,1,One
DATAFLOW,OECD.ELS.SAE:DSD_LFS@DF_LFS_INDIC(1.1),Emploi et chômage par groupe d'âge quinquennal et par sexe - indicateurs,I,NZL,Nouvelle-Zélande,EMP_RATIO,Employment to population ratio,PT_POP_SUB,Pourcentage de la population dans le même sous-groupe,_T,Total,Y20T64,De 20 à 64 ans,EMP,Employment,2013,,77.564,,A,Valeur normale,,,1,One
DATAFLOW,OECD.ELS.SAE:DSD_LFS@DF_LFS_INDIC(1.1),Emploi et chômage par groupe d'âge quinquennal et par sexe - indicateurs,I,NOR,Norvège,EMP_RATIO,Employment to population ratio,PT_POP_SUB,Pourcentage de la population dans le même sous-groupe,_T,Total,Y20T64,De 20 à 64 ans,EMP,Employment,2013,,79.627,,A,Valeur normale,,,1,One
DATAFLOW,OECD.ELS.SAE:DSD_LFS@DF_LFS_INDIC(1.1),Emploi et chômage par groupe d'âge quinquennal et par sexe - indicateurs,I,POL,Pologne,EMP_RATIO,Employment to population ratio,PT_POP_SUB,Pourcentage de la population dans le même sous-groupe,_T,Total,Y20T64,De 20 à 64 ans,EMP,Employment,2013,,64.859,,A,Valeur normale,,,1,One
DATAFLOW,OECD.ELS.SAE:DSD_LFS@DF_LFS_INDIC(1.1),Emploi et chômage par groupe d'âge quinquennal et par sexe - indicateurs,I,SVK,République slovaque,EMP_RATIO,Employment to population ratio,PT_POP_SUB,Pourcentage de la population dans le même sous-groupe,_T,Total,Y20T64,De 20 à 64 ans,EMP,Employment,2013,,65.023,,A,Valeur normale,,,1,One
DATAFLOW,OECD.ELS.SAE:DSD_LFS@DF_LFS_INDIC(1.1),Emploi et chômage par groupe d'âge quinquennal et par sexe - indicateurs,I,SVN,Slovénie,EMP_RATIO,Employment to population ratio,PT_POP_SUB,Pourcentage de la population dans le même sous-groupe,_T,Total,Y20T64,De 20 à 64 ans,EMP,Employment,2013,,67.216,,A,Valeur normale,,,1,One
DATAFLOW,OECD.ELS.SAE:DSD_LFS@DF_LFS_INDIC(1.1),Emploi et chômage par groupe d'âge quinquennal et par sexe - indicateurs,I,ESP,Espagne,EMP_RATIO,Employment to population ratio,PT_POP_SUB,Pourcentage de la population dans le même sous-groupe,_T,Total,Y20T64,De 20 à 64 ans,EMP,Employment,2013,,58.621,,A,Valeur normale,,,1,One
DATAFLOW,OECD.ELS.SAE:DSD_LFS@DF_LFS_INDIC(1.1),Emploi et chômage par groupe d'âge quinquennal et par sexe - indicateurs,I,SWE,Suède,EMP_RATIO,Employment to population ratio,PT_POP_SUB,Pourcentage de la population dans le même sous-groupe,_T,Total,Y20T64,De 20 à 64 ans,EMP,Employment,2013,,79.749,,A,Valeur normale,,,1,One
DATAFLOW,OECD.ELS.SAE:DSD_LFS@DF_LFS_INDIC(1.1),Emploi et chômage par groupe d'âge quinquennal et par sexe - indicateurs,I,CHE,Suisse,EMP_RATIO,Employment to population ratio,PT_POP_SUB,Pourcentage de la population dans le même sous-groupe,_T,Total,Y20T64,De 20 à 64 ans,EMP,Employment,2013,,80.806,,A,Valeur normale,,,1,One
DATAFLOW,OECD.ELS.SAE:DSD_LFS@DF_LFS_INDIC(1.1),Emploi et chômage par groupe d'âge quinquennal et par sexe - indicateurs,I,TUR,Türkiye,EMP_RATIO,Employment to population ratio,PT_POP_SUB,Pourcentage de la population dans le même sous-groupe,_T,Total,Y20T64,De 20 à 64 ans,EMP,Employment,2013,,53.434,,A,Valeur normale,,,1,One
DATAFLOW,OECD.ELS.SAE:DSD_LFS@DF_LFS_INDIC(1.1),Emploi et chômage par groupe d'âge quinquennal et par sexe - indicateurs,I,GBR,Royaume-Uni,EMP_RATIO,Employment to population ratio,PT_POP_SUB,Pourcentage de la population dans le même sous-groupe,_T,Total,Y20T64,De 20 à 64 ans,EMP,Employment,2013,,74.338,,A,Valeur normale,,,1,One
DATAFLOW,OECD.ELS.SAE:DSD_LFS@DF_LFS_INDIC(1.1),Emploi et chômage par groupe d'âge quinquennal et par sexe - indicateurs,I,USA,États-Unis,EMP_RATIO,Employment to population ratio,PT_POP_SUB,Pourcentage de la population dans le même sous-groupe,_T,Total,Y20T64,De 20 à 64 ans,EMP,Employment,2013,,71.053,,A,Valeur normale,,,1,One
DATAFLOW,OECD.ELS.SAE:DSD_LFS@DF_LFS_INDIC(1.1),Emploi et chômage par groupe d'âge quinquennal et par sexe - indicateurs,I,BRA,Brésil,EMP_RATIO,Employment to population ratio,PT_POP_SUB,Pourcentage de la population dans le même sous-groupe,_T,Total,Y20T64,De 20 à 64 ans,EMP,Employment,2013,,68.842,,A,Valeur normale,,,1,One
DATAFLOW,OECD.ELS.SAE:DSD_LFS@DF_LFS_INDIC(1.1),Emploi et chômage par groupe d'âge quinquennal et par sexe - indicateurs,I,BGR,Bulgarie,EMP_RATIO,Employment to population ratio,PT_POP_SUB,Pourcentage de la population dans le même sous-groupe,_T,Total,Y20T64,De 20 à 64 ans,EMP,Employment,2013,,63.535,,A,Valeur normale,,,1,One
DATAFLOW,OECD.ELS.SAE:DSD_LFS@DF_LFS_INDIC(1.1),Emploi et chômage par groupe d'âge quinquennal et par sexe - indicateurs,I,CYP,Chypre,EMP_RATIO,Employment to population ratio,PT_POP_SUB,Pourcentage de la population dans le même sous-groupe,_T,Total,Y20T64,De 20 à 64 ans,EMP,Employment,2013,,67.166,,A,Valeur normale,,,1,One
DATAFLOW,OECD.ELS.SAE:DSD_LFS@DF_LFS_INDIC(1.1),Emploi et chômage par groupe d'âge quinquennal et par sexe - indicateurs,I,IDN,Indonésie,EMP_RATIO,Employment to population ratio,PT_POP_SUB,Pourcentage de la population dans le même sous-groupe,_T,Total,Y20T64,De 20 à 64 ans,EMP,Employment,2013,,72.554,,A,Valeur normale,,,1,One
DATAFLOW,OECD.ELS.SAE:DSD_LFS@DF_LFS_INDIC(1.1),Emploi et chômage par groupe d'âge quinquennal et par sexe - indicateurs,I,MLT,Malte,EMP_RATIO,Employment to population ratio,PT_POP_SUB,Pourcentage de la population dans le même sous-groupe,_T,Total,Y20T64,De 20 à 64 ans,EMP,Employment,2013,,66.228,,A,Valeur normale,,,1,One
DATAFLOW,OECD.ELS.SAE:DSD_LFS@DF_LFS_INDIC(1.1),Emploi et chômage par groupe d'âge quinquennal et par sexe - indicateurs,I,MKD,Macédoine du Nord,EMP_RATIO,Employment to population ratio,PT_POP_SUB,Pourcentage de la population dans le même sous-groupe,_T,Total,Y20T64,De 20 à 64 ans,EMP,Employment,2013,,50.338,,A,Valeur normale,,,1,One
DATAFLOW,OECD.ELS.SAE:DSD_LFS@DF_LFS_INDIC(1.1),Emploi et chômage par groupe d'âge quinquennal et par sexe - indicateurs,I,ROU,Roumanie,EMP_RATIO,Employment to population ratio,PT_POP_SUB,Pourcentage de la population dans le même sous-groupe,_T,Total,Y20T64,De 20 à 64 ans,EMP,Employment,2013,,64.685,,A,Valeur normale,,,1,One
DATAFLOW,OECD.ELS.SAE:DSD_LFS@DF_LFS_INDIC(1.1),Emploi et chômage par groupe d'âge quinquennal et par sexe - indicateurs,I,RUS,Russie,EMP_RATIO,Employment to population ratio,PT_POP_SUB,Pourcentage de la population dans le même sous-groupe,_T,Total,Y20T64,De 20 à 64 ans,EMP,Employment,2013,,73.772,,A,Valeur normale,,,1,One
DATAFLOW,OECD.ELS.SAE:DSD_LFS@DF_LFS_INDIC(1.1),Emploi et chômage par groupe d'âge quinquennal et par sexe - indicateurs,I,ZAF,Afrique du Sud,EMP_RATIO,Employment to population ratio,PT_POP_SUB,Pourcentage de la population dans le même sous-groupe,_T,Total,Y20T64,De 20 à 64 ans,EMP,Employment,2013,,49.809,,A,Valeur normale,,,1,One
DATAFLOW,OECD.ELS.SAE:DSD_LFS@DF_LFS_INDIC(1.1),Emploi et chômage par groupe d'âge quinquennal et par sexe - indicateurs,I,AUT,Autriche,EMP_RATIO,Employment to population ratio,PT_POP_SUB,Pourcentage de la population dans le même sous-groupe,_T,Total,Y20T64,De 20 à 64 ans,EMP,Employment,2017,,75.402,,A,Valeur normale,,,1,One
DATAFLOW,OECD.ELS.SAE:DSD_LFS@DF_LFS_INDIC(1.1),Emploi et chômage par groupe d'âge quinquennal et par sexe - indicateurs,I,BEL,Belgique,EMP_RATIO,Employment to population ratio,PT_POP_SUB,Pourcentage de la population dans le même sous-groupe,_T,Total,Y20T64,De 20 à 64 ans,EMP,Employment,2017,,68.513,,A,Valeur normale,,,1,One
DATAFLOW,OECD.ELS.SAE:DSD_LFS@DF_LFS_INDIC(1.1),Emploi et chômage par groupe d'âge quinquennal et par sexe - indicateurs,I,CHL,Chili,EMP_RATIO,Employment to population ratio,PT_POP_SUB,Pourcentage de la population dans le même sous-groupe,_T,Total,Y20T64,De 20 à 64 ans,EMP,Employment,2017,,70.036,,A,Valeur normale,,,1,One
DATAFLOW,OECD.ELS.SAE:DSD_LFS@DF_LFS_INDIC(1.1),Emploi et chômage par groupe d'âge quinquennal et par sexe - indicateurs,I,COL,Colombie,EMP_RATIO,Employment to population ratio,PT_POP_SUB,Pourcentage de la population dans le même sous-groupe,_T,Total,Y20T64,De 20 à 64 ans,EMP,Employment,2017,,71.226,,A,Valeur normale,,,1,One
DATAFLOW,OECD.ELS.SAE:DSD_LFS@DF_LFS_INDIC(1.1),Emploi et chômage par groupe d'âge quinquennal et par sexe - indicateurs,I,CRI,Costa Rica,EMP_RATIO,Employment to population ratio,PT_POP_SUB,Pourcentage de la population dans le même sous-groupe,_T,Total,Y20T64,De 20 à 64 ans,EMP,Employment,2017,,66.565,,A,Valeur normale,,,1,One
DATAFLOW,OECD.ELS.SAE:DSD_LFS@DF_LFS_INDIC(1.1),Emploi et chômage par groupe d'âge quinquennal et par sexe - indicateurs,I,CZE,Tchéquie,EMP_RATIO,Employment to population ratio,PT_POP_SUB,Pourcentage de la population dans le même sous-groupe,_T,Total,Y20T64,De 20 à 64 ans,EMP,Employment,2017,,78.545,,A,Valeur normale,,,1,One
DATAFLOW,OECD.ELS.SAE:DSD_LFS@DF_LFS_INDIC(1.1),Emploi et chômage par groupe d'âge quinquennal et par sexe - indicateurs,I,DNK,Danemark,EMP_RATIO,Employment to population ratio,PT_POP_SUB,Pourcentage de la population dans le même sous-groupe,_T,Total,Y20T64,De 20 à 64 ans,EMP,Employment,2017,,76.637,,A,Valeur normale,,,1,One
DATAFLOW,OECD.ELS.SAE:DSD_LFS@DF_LFS_INDIC(1.1),Emploi et chômage par groupe d'âge quinquennal et par sexe - indicateurs,I,EST,Estonie,EMP_RATIO,Employment to population ratio,PT_POP_SUB,Pourcentage de la population dans le même sous-groupe,_T,Total,Y20T64,De 20 à 64 ans,EMP,Employment,2017,,78.666,,A,Valeur normale,,,1,One
DATAFLOW,OECD.ELS.SAE:DSD_LFS@DF_LFS_INDIC(1.1),Emploi et chômage par groupe d'âge quinquennal et par sexe - indicateurs,I,FIN,Finlande,EMP_RATIO,Employment to population ratio,PT_POP_SUB,Pourcentage de la population dans le même sous-groupe,_T,Total,Y20T64,De 20 à 64 ans,EMP,Employment,2017,,74.276,,A,Valeur normale,,,1,One
DATAFLOW,OECD.ELS.SAE:DSD_LFS@DF_LFS_INDIC(1.1),Emploi et chômage par groupe d'âge quinquennal et par sexe - indicateurs,I,FRA,France,EMP_RATIO,Employment to population ratio,PT_POP_SUB,Pourcentage de la population dans le même sous-groupe,_T,Total,Y20T64,De 20 à 64 ans,EMP,Employment,2017,,70.572,,A,Valeur normale,,,1,One
DATAFLOW,OECD.ELS.SAE:DSD_LFS@DF_LFS_INDIC(1.1),Emploi et chômage par groupe d'âge quinquennal et par sexe - indicateurs,I,DEU,Allemagne,EMP_RATIO,Employment to population ratio,PT_POP_SUB,Pourcentage de la population dans le même sous-groupe,_T,Total,Y20T64,De 20 à 64 ans,EMP,Employment,2017,,79.212,,A,Valeur normale,,,1,One
DATAFLOW,OECD.ELS.SAE:DSD_LFS@DF_LFS_INDIC(1.1),Emploi et chômage par groupe d'âge quinquennal et par sexe - indicateurs,I,GRC,Grèce,EMP_RATIO,Employment to population ratio,PT_POP_SUB,Pourcentage de la population dans le même sous-groupe,_T,Total,Y20T64,De 20 à 64 ans,EMP,Employment,2017,,57.765,,A,Valeur normale,,,1,One
DATAFLOW,OECD.ELS.SAE:DSD_LFS@DF_LFS_INDIC(1.1),Emploi et chômage par groupe d'âge quinquennal et par sexe - indicateurs,I,HUN,Hongrie,EMP_RATIO,Employment to population ratio,PT_POP_SUB,Pourcentage de la population dans le même sous-groupe,_T,Total,Y20T64,De 20 à 64 ans,EMP,Employment,2017,,75.399,,A,Valeur normale,,,1,One
DATAFLOW,OECD.ELS.SAE:DSD_LFS@DF_LFS_INDIC(1.1),Emploi et chômage par groupe d'âge quinquennal et par sexe - indicateurs,I,ISL,Islande,EMP_RATIO,Employment to population ratio,PT_POP_SUB,Pourcentage de la population dans le même sous-groupe,_T,Total,Y20T64,De 20 à 64 ans,EMP,Employment,2017,,84.894,,A,Valeur normale,,,1,One
DATAFLOW,OECD.ELS.SAE:DSD_LFS@DF_LFS_INDIC(1.1),Emploi et chômage par groupe d'âge quinquennal et par sexe - indicateurs,I,IRL,Irlande,EMP_RATIO,Employment to population ratio,PT_POP_SUB,Pourcentage de la population dans le même sous-groupe,_T,Total,Y20T64,De 20 à 64 ans,EMP,Employment,2017,,73.062,,A,Valeur normale,,,1,One
DATAFLOW,OECD.ELS.SAE:DSD_LFS@DF_LFS_INDIC(1.1),Emploi et chômage par groupe d'âge quinquennal et par sexe - indicateurs,I,ISR,Israël,EMP_RATIO,Employment to population ratio,PT_POP_SUB,Pourcentage de la population dans le même sous-groupe,_T,Total,Y20T64,De 20 à 64 ans,EMP,Employment,2017,,75.523,,A,Valeur normale,,,1,One
DATAFLOW,OECD.ELS.SAE:DSD_LFS@DF_LFS_INDIC(1.1),Emploi et chômage par groupe d'âge quinquennal et par sexe - indicateurs,I,ITA,Italie,EMP_RATIO,Employment to population ratio,PT_POP_SUB,Pourcentage de la population dans le même sous-groupe,_T,Total,Y20T64,De 20 à 64 ans,EMP,Employment,2017,,62.336,,A,Valeur normale,,,1,One
DATAFLOW,OECD.ELS.SAE:DSD_LFS@DF_LFS_INDIC(1.1),Emploi et chômage par groupe d'âge quinquennal et par sexe - indicateurs,I,JPN,Japon,EMP_RATIO,Employment to population ratio,PT_POP_SUB,Pourcentage de la population dans le même sous-groupe,_T,Total,Y20T64,De 20 à 64 ans,EMP,Employment,2017,,80.34,,A,Valeur normale,,,1,One
DATAFLOW,OECD.ELS.SAE:DSD_LFS@DF_LFS_INDIC(1.1),Emploi et chômage par groupe d'âge quinquennal et par sexe - indicateurs,I,KOR,Corée,EMP_RATIO,Employment to population ratio,PT_POP_SUB,Pourcentage de la population dans le même sous-groupe,_T,Total,Y20T64,De 20 à 64 ans,EMP,Employment,2017,,71.64,,A,Valeur normale,,,1,One
DATAFLOW,OECD.ELS.SAE:DSD_LFS@DF_LFS_INDIC(1.1),Emploi et chômage par groupe d'âge quinquennal et par sexe - indicateurs,I,LVA,Lettonie,EMP_RATIO,Employment to population ratio,PT_POP_SUB,Pourcentage de la population dans le même sous-groupe,_T,Total,Y20T64,De 20 à 64 ans,EMP,Employment,2017,,74.763,,A,Valeur normale,,,1,One
DATAFLOW,OECD.ELS.SAE:DSD_LFS@DF_LFS_INDIC(1.1),Emploi et chômage par groupe d'âge quinquennal et par sexe - indicateurs,I,LTU,Lituanie,EMP_RATIO,Employment to population ratio,PT_POP_SUB,Pourcentage de la population dans le même sous-groupe,_T,Total,Y20T64,De 20 à 64 ans,EMP,Employment,2017,,75.976,,A,Valeur normale,,,1,One
DATAFLOW,OECD.ELS.SAE:DSD_LFS@DF_LFS_INDIC(1.1),Emploi et chômage par groupe d'âge quinquennal et par sexe - indicateurs,I,LUX,Luxembourg,EMP_RATIO,Employment to population ratio,PT_POP_SUB,Pourcentage de la population dans le même sous-groupe,_T,Total,Y20T64,De 20 à 64 ans,EMP,Employment,2017,,71.53,,A,Valeur normale,,,1,One
DATAFLOW,OECD.ELS.SAE:DSD_LFS@DF_LFS_INDIC(1.1),Emploi et chômage par groupe d'âge quinquennal et par sexe - indicateurs,I,MEX,Mexique,EMP_RATIO,Employment to population ratio,PT_POP_SUB,Pourcentage de la population dans le même sous-groupe,_T,Total,Y20T64,De 20 à 64 ans,EMP,Employment,2017,,66.613,,A,Valeur normale,,,1,One
DATAFLOW,OECD.ELS.SAE:DSD_LFS@DF_LFS_INDIC(1.1),Emploi et chômage par groupe d'âge quinquennal et par sexe - indicateurs,I,NLD,Pays-Bas,EMP_RATIO,Employment to population ratio,PT_POP_SUB,Pourcentage de la population dans le même sous-groupe,_T,Total,Y20T64,De 20 à 64 ans,EMP,Employment,2017,,79.012,,A,Valeur normale,,,1,One
DATAFLOW,OECD.ELS.SAE:DSD_LFS@DF_LFS_INDIC(1.1),Emploi et chômage par groupe d'âge quinquennal et par sexe - indicateurs,I,NZL,Nouvelle-Zélande,EMP_RATIO,Employment to population ratio,PT_POP_SUB,Pourcentage de la population dans le même sous-groupe,_T,Total,Y20T64,De 20 à 64 ans,EMP,Employment,2017,,81.299,,A,Valeur normale,,,1,One
DATAFLOW,OECD.ELS.SAE:DSD_LFS@DF_LFS_INDIC(1.1),Emploi et chômage par groupe d'âge quinquennal et par sexe - indicateurs,I,NOR,Norvège,EMP_RATIO,Employment to population ratio,PT_POP_SUB,Pourcentage de la population dans le même sous-groupe,_T,Total,Y20T64,De 20 à 64 ans,EMP,Employment,2017,,78.27,,A,Valeur normale,,,1,One
DATAFLOW,OECD.ELS.SAE:DSD_LFS@DF_LFS_INDIC(1.1),Emploi et chômage par groupe d'âge quinquennal et par sexe - indicateurs,I,POL,Pologne,EMP_RATIO,Employment to population ratio,PT_POP_SUB,Pourcentage de la population dans le même sous-groupe,_T,Total,Y20T64,De 20 à 64 ans,EMP,Employment,2017,,70.889,,A,Valeur normale,,,1,One
DATAFLOW,OECD.ELS.SAE:DSD_LFS@DF_LFS_INDIC(1.1),Emploi et chômage par groupe d'âge quinquennal et par sexe - indicateurs,I,SVK,République slovaque,EMP_RATIO,Employment to population ratio,PT_POP_SUB,Pourcentage de la population dans le même sous-groupe,_T,Total,Y20T64,De 20 à 64 ans,EMP,Employment,2017,,71.111,,A,Valeur normale,,,1,One
DATAFLOW,OECD.ELS.SAE:DSD_LFS@DF_LFS_INDIC(1.1),Emploi et chômage par groupe d'âge quinquennal et par sexe - indicateurs,I,SVN,Slovénie,EMP_RATIO,Employment to population ratio,PT_POP_SUB,Pourcentage de la population dans le même sous-groupe,_T,Total,Y20T64,De 20 à 64 ans,EMP,Employment,2017,,73.414,,A,Valeur normale,,,1,One
DATAFLOW,OECD.ELS.SAE:DSD_LFS@DF_LFS_INDIC(1.1),Emploi et chômage par groupe d'âge quinquennal et par sexe - indicateurs,I,ESP,Espagne,EMP_RATIO,Employment to population ratio,PT_POP_SUB,Pourcentage de la population dans le même sous-groupe,_T,Total,Y20T64,De 20 à 64 ans,EMP,Employment,2017,,65.546,,A,Valeur normale,,,1,One
DATAFLOW,OECD.ELS.SAE:DSD_LFS@DF_LFS_INDIC(1.1),Emploi et chômage par groupe d'âge quinquennal et par sexe - indicateurs,I,SWE,Suède,EMP_RATIO,Employment to population ratio,PT_POP_SUB,Pourcentage de la population dans le même sous-groupe,_T,Total,Y20T64,De 20 à 64 ans,EMP,Employment,2017,,81.804,,A,Valeur normale,,,1,One
DATAFLOW,OECD.ELS.SAE:DSD_LFS@DF_LFS_INDIC(1.1),Emploi et chômage par groupe d'âge quinquennal et par sexe - indicateurs,I,CHE,Suisse,EMP_RATIO,Employment to population ratio,PT_POP_SUB,Pourcentage de la population dans le même sous-groupe,_T,Total,Y20T64,De 20 à 64 ans,EMP,Employment,2017,,82.134,,A,Valeur normale,,,1,One
DATAFLOW,OECD.ELS.SAE:DSD_LFS@DF_LFS_INDIC(1.1),Emploi et chômage par groupe d'âge quinquennal et par sexe - indicateurs,I,TUR,Türkiye,EMP_RATIO,Employment to population ratio,PT_POP_SUB,Pourcentage de la population dans le même sous-groupe,_T,Total,Y20T64,De 20 à 64 ans,EMP,Employment,2017,,55.264,,A,Valeur normale,,,1,One
DATAFLOW,OECD.ELS.SAE:DSD_LFS@DF_LFS_INDIC(1.1),Emploi et chômage par groupe d'âge quinquennal et par sexe - indicateurs,I,GBR,Royaume-Uni,EMP_RATIO,Employment to population ratio,PT_POP_SUB,Pourcentage de la population dans le même sous-groupe,_T,Total,Y20T64,De 20 à 64 ans,EMP,Employment,2017,,77.747,,A,Valeur normale,,,1,One
DATAFLOW,OECD.ELS.SAE:DSD_LFS@DF_LFS_INDIC(1.1),Emploi et chômage par groupe d'âge quinquennal et par sexe - indicateurs,I,USA,États-Unis,EMP_RATIO,Employment to population ratio,PT_POP_SUB,Pourcentage de la population dans le même sous-groupe,_T,Total,Y20T64,De 20 à 64 ans,EMP,Employment,2017,,73.645,,A,Valeur normale,,,1,One
DATAFLOW,OECD.ELS.SAE:DSD_LFS@DF_LFS_INDIC(1.1),Emploi et chômage par groupe d'âge quinquennal et par sexe - indicateurs,I,BRA,Brésil,EMP_RATIO,Employment to population ratio,PT_POP_SUB,Pourcentage de la population dans le même sous-groupe,_T,Total,Y20T64,De 20 à 64 ans,EMP,Employment,2017,,66.678,,A,Valeur normale,,,1,One
DATAFLOW,OECD.ELS.SAE:DSD_LFS@DF_LFS_INDIC(1.1),Emploi et chômage par groupe d'âge quinquennal et par sexe - indicateurs,I,BGR,Bulgarie,EMP_RATIO,Employment to population ratio,PT_POP_SUB,Pourcentage de la population dans le même sous-groupe,_T,Total,Y20T64,De 20 à 64 ans,EMP,Employment,2017,,71.336,,A,Valeur normale,,,1,One
DATAFLOW,OECD.ELS.SAE:DSD_LFS@DF_LFS_INDIC(1.1),Emploi et chômage par groupe d'âge quinquennal et par sexe - indicateurs,I,CYP,Chypre,EMP_RATIO,Employment to population ratio,PT_POP_SUB,Pourcentage de la population dans le même sous-groupe,_T,Total,Y20T64,De 20 à 64 ans,EMP,Employment,2017,,70.79,,A,Valeur normale,,,1,One
DATAFLOW,OECD.ELS.SAE:DSD_LFS@DF_LFS_INDIC(1.1),Emploi et chômage par groupe d'âge quinquennal et par sexe - indicateurs,I,IDN,Indonésie,EMP_RATIO,Employment to population ratio,PT_POP_SUB,Pourcentage de la population dans le même sous-groupe,_T,Total,Y20T64,De 20 à 64 ans,EMP,Employment,2017,,72.581,,A,Valeur normale,,,1,One
DATAFLOW,OECD.ELS.SAE:DSD_LFS@DF_LFS_INDIC(1.1),Emploi et chômage par groupe d'âge quinquennal et par sexe - indicateurs,I,MLT,Malte,EMP_RATIO,Employment to population ratio,PT_POP_SUB,Pourcentage de la population dans le même sous-groupe,_T,Total,Y20T64,De 20 à 64 ans,EMP,Employment,2017,,73.043,,A,Valeur normale,,,1,One
DATAFLOW,OECD.ELS.SAE:DSD_LFS@DF_LFS_INDIC(1.1),Emploi et chômage par groupe d'âge quinquennal et par sexe - indicateurs,I,MKD,Macédoine du Nord,EMP_RATIO,Employment to population ratio,PT_POP_SUB,Pourcentage de la population dans le même sous-groupe,_T,Total,Y20T64,De 20 à 64 ans,EMP,Employment,2017,,54.787,,A,Valeur normale,,,1,One
DATAFLOW,OECD.ELS.SAE:DSD_LFS@DF_LFS_INDIC(1.1),Emploi et chômage par groupe d'âge quinquennal et par sexe - indicateurs,I,ROU,Roumanie,EMP_RATIO,Employment to population ratio,PT_POP_SUB,Pourcentage de la population dans le même sous-groupe,_T,Total,Y20T64,De 20 à 64 ans,EMP,Employment,2017,,68.832,,A,Valeur normale,,,1,One
DATAFLOW,OECD.ELS.SAE:DSD_LFS@DF_LFS_INDIC(1.1),Emploi et chômage par groupe d'âge quinquennal et par sexe - indicateurs,I,RUS,Russie,EMP_RATIO,Employment to population ratio,PT_POP_SUB,Pourcentage de la population dans le même sous-groupe,_T,Total,Y20T64,De 20 à 64 ans,EMP,Employment,2017,,74.906,,A,Valeur normale,,,1,One
DATAFLOW,OECD.ELS.SAE:DSD_LFS@DF_LFS_INDIC(1.1),Emploi et chômage par groupe d'âge quinquennal et par sexe - indicateurs,I,ZAF,Afrique du Sud,EMP_RATIO,Employment to population ratio,PT_POP_SUB,Pourcentage de la population dans le même sous-groupe,_T,Total,Y20T64,De 20 à 64 ans,EMP,Employment,2017,,49.842,,A,Valeur normale,,,1,One
DATAFLOW,OECD.ELS.SAE:DSD_LFS@DF_LFS_INDIC(1.1),Emploi et chômage par groupe d'âge quinquennal et par sexe - indicateurs,I,AUT,Autriche,EMP_RATIO,Employment to population ratio,PT_POP_SUB,Pourcentage de la population dans le même sous-groupe,_T,Total,Y20T64,De 20 à 64 ans,EMP,Employment,2016,,74.806,,A,Valeur normale,,,1,One
DATAFLOW,OECD.ELS.SAE:DSD_LFS@DF_LFS_INDIC(1.1),Emploi et chômage par groupe d'âge quinquennal et par sexe - indicateurs,I,BEL,Belgique,EMP_RATIO,Employment to population ratio,PT_POP_SUB,Pourcentage de la population dans le même sous-groupe,_T,Total,Y20T64,De 20 à 64 ans,EMP,Employment,2016,,67.677,,A,Valeur normale,,,1,One
DATAFLOW,OECD.ELS.SAE:DSD_LFS@DF_LFS_INDIC(1.1),Emploi et chômage par groupe d'âge quinquennal et par sexe - indicateurs,I,CHL,Chili,EMP_RATIO,Employment to population ratio,PT_POP_SUB,Pourcentage de la population dans le même sous-groupe,_T,Total,Y20T64,De 20 à 64 ans,EMP,Employment,2016,,69.416,,A,Valeur normale,,,1,One
DATAFLOW,OECD.ELS.SAE:DSD_LFS@DF_LFS_INDIC(1.1),Emploi et chômage par groupe d'âge quinquennal et par sexe - indicateurs,I,COL,Colombie,EMP_RATIO,Employment to population ratio,PT_POP_SUB,Pourcentage de la population dans le même sous-groupe,_T,Total,Y20T64,De 20 à 64 ans,EMP,Employment,2016,,71.682,,A,Valeur normale,,,1,One
DATAFLOW,OECD.ELS.SAE:DSD_LFS@DF_LFS_INDIC(1.1),Emploi et chômage par groupe d'âge quinquennal et par sexe - indicateurs,I,CRI,Costa Rica,EMP_RATIO,Employment to population ratio,PT_POP_SUB,Pourcentage de la population dans le même sous-groupe,_T,Total,Y20T64,De 20 à 64 ans,EMP,Employment,2016,,65.352,,A,Valeur normale,,,1,One
DATAFLOW,OECD.ELS.SAE:DSD_LFS@DF_LFS_INDIC(1.1),Emploi et chômage par groupe d'âge quinquennal et par sexe - indicateurs,I,CZE,Tchéquie,EMP_RATIO,Employment to population ratio,PT_POP_SUB,Pourcentage de la population dans le même sous-groupe,_T,Total,Y20T64,De 20 à 64 ans,EMP,Employment,2016,,76.729,,A,Valeur normale,,,1,One
DATAFLOW,OECD.ELS.SAE:DSD_LFS@DF_LFS_INDIC(1.1),Emploi et chômage par groupe d'âge quinquennal et par sexe - indicateurs,I,DNK,Danemark,EMP_RATIO,Employment to population ratio,PT_POP_SUB,Pourcentage de la population dans le même sous-groupe,_T,Total,Y20T64,De 20 à 64 ans,EMP,Employment,2016,,76.123,,A,Valeur normale,,,1,One
DATAFLOW,OECD.ELS.SAE:DSD_LFS@DF_LFS_INDIC(1.1),Emploi et chômage par groupe d'âge quinquennal et par sexe - indicateurs,I,EST,Estonie,EMP_RATIO,Employment to population ratio,PT_POP_SUB,Pourcentage de la population dans le même sous-groupe,_T,Total,Y20T64,De 20 à 64 ans,EMP,Employment,2016,,76.514,,A,Valeur normale,,,1,One
DATAFLOW,OECD.ELS.SAE:DSD_LFS@DF_LFS_INDIC(1.1),Emploi et chômage par groupe d'âge quinquennal et par sexe - indicateurs,I,FIN,Finlande,EMP_RATIO,Employment to population ratio,PT_POP_SUB,Pourcentage de la population dans le même sous-groupe,_T,Total,Y20T64,De 20 à 64 ans,EMP,Employment,2016,,73.457,,A,Valeur normale,,,1,One
DATAFLOW,OECD.ELS.SAE:DSD_LFS@DF_LFS_INDIC(1.1),Emploi et chômage par groupe d'âge quinquennal et par sexe - indicateurs,I,FRA,France,EMP_RATIO,Employment to population ratio,PT_POP_SUB,Pourcentage de la population dans le même sous-groupe,_T,Total,Y20T64,De 20 à 64 ans,EMP,Employment,2016,,69.97,,A,Valeur normale,,,1,One
DATAFLOW,OECD.ELS.SAE:DSD_LFS@DF_LFS_INDIC(1.1),Emploi et chômage par groupe d'âge quinquennal et par sexe - indicateurs,I,DEU,Allemagne,EMP_RATIO,Employment to population ratio,PT_POP_SUB,Pourcentage de la population dans le même sous-groupe,_T,Total,Y20T64,De 20 à 64 ans,EMP,Employment,2016,,78.621,,A,Valeur normale,,,1,One
DATAFLOW,OECD.ELS.SAE:DSD_LFS@DF_LFS_INDIC(1.1),Emploi et chômage par groupe d'âge quinquennal et par sexe - indicateurs,I,GRC,Grèce,EMP_RATIO,Employment to population ratio,PT_POP_SUB,Pourcentage de la population dans le même sous-groupe,_T,Total,Y20T64,De 20 à 64 ans,EMP,Employment,2016,,56.192,,A,Valeur normale,,,1,One
DATAFLOW,OECD.ELS.SAE:DSD_LFS@DF_LFS_INDIC(1.1),Emploi et chômage par groupe d'âge quinquennal et par sexe - indicateurs,I,HUN,Hongrie,EMP_RATIO,Employment to population ratio,PT_POP_SUB,Pourcentage de la population dans le même sous-groupe,_T,Total,Y20T64,De 20 à 64 ans,EMP,Employment,2016,,73.704,,A,Valeur normale,,,1,One
DATAFLOW,OECD.ELS.SAE:DSD_LFS@DF_LFS_INDIC(1.1),Emploi et chômage par groupe d'âge quinquennal et par sexe - indicateurs,I,ISL,Islande,EMP_RATIO,Employment to population ratio,PT_POP_SUB,Pourcentage de la population dans le même sous-groupe,_T,Total,Y20T64,De 20 à 64 ans,EMP,Employment,2016,,85.544,,A,Valeur normale,,,1,One
DATAFLOW,OECD.ELS.SAE:DSD_LFS@DF_LFS_INDIC(1.1),Emploi et chômage par groupe d'âge quinquennal et par sexe - indicateurs,I,IRL,Irlande,EMP_RATIO,Employment to population ratio,PT_POP_SUB,Pourcentage de la population dans le même sous-groupe,_T,Total,Y20T64,De 20 à 64 ans,EMP,Employment,2016,,71.415,,A,Valeur normale,,,1,One
DATAFLOW,OECD.ELS.SAE:DSD_LFS@DF_LFS_INDIC(1.1),Emploi et chômage par groupe d'âge quinquennal et par sexe - indicateurs,I,ISR,Israël,EMP_RATIO,Employment to population ratio,PT_POP_SUB,Pourcentage de la population dans le même sous-groupe,_T,Total,Y20T64,De 20 à 64 ans,EMP,Employment,2016,,75.001,,A,Valeur normale,,,1,One
DATAFLOW,OECD.ELS.SAE:DSD_LFS@DF_LFS_INDIC(1.1),Emploi et chômage par groupe d'âge quinquennal et par sexe - indicateurs,I,ITA,Italie,EMP_RATIO,Employment to population ratio,PT_POP_SUB,Pourcentage de la population dans le même sous-groupe,_T,Total,Y20T64,De 20 à 64 ans,EMP,Employment,2016,,61.559,,A,Valeur normale,,,1,One
DATAFLOW,OECD.ELS.SAE:DSD_LFS@DF_LFS_INDIC(1.1),Emploi et chômage par groupe d'âge quinquennal et par sexe - indicateurs,I,JPN,Japon,EMP_RATIO,Employment to population ratio,PT_POP_SUB,Pourcentage de la population dans le même sous-groupe,_T,Total,Y20T64,De 20 à 64 ans,EMP,Employment,2016,,79.244,,A,Valeur normale,,,1,One
DATAFLOW,OECD.ELS.SAE:DSD_LFS@DF_LFS_INDIC(1.1),Emploi et chômage par groupe d'âge quinquennal et par sexe - indicateurs,I,KOR,Corée,EMP_RATIO,Employment to population ratio,PT_POP_SUB,Pourcentage de la population dans le même sous-groupe,_T,Total,Y20T64,De 20 à 64 ans,EMP,Employment,2016,,71.352,,A,Valeur normale,,,1,One
DATAFLOW,OECD.ELS.SAE:DSD_LFS@DF_LFS_INDIC(1.1),Emploi et chômage par groupe d'âge quinquennal et par sexe - indicateurs,I,LVA,Lettonie,EMP_RATIO,Employment to population ratio,PT_POP_SUB,Pourcentage de la population dans le même sous-groupe,_T,Total,Y20T64,De 20 à 64 ans,EMP,Employment,2016,,73.225,,A,Valeur normale,,,1,One
DATAFLOW,OECD.ELS.SAE:DSD_LFS@DF_LFS_INDIC(1.1),Emploi et chômage par groupe d'âge quinquennal et par sexe - indicateurs,I,LTU,Lituanie,EMP_RATIO,Employment to population ratio,PT_POP_SUB,Pourcentage de la population dans le même sous-groupe,_T,Total,Y20T64,De 20 à 64 ans,EMP,Employment,2016,,75.176,,A,Valeur normale,,,1,One
DATAFLOW,OECD.ELS.SAE:DSD_LFS@DF_LFS_INDIC(1.1),Emploi et chômage par groupe d'âge quinquennal et par sexe - indicateurs,I,LUX,Luxembourg,EMP_RATIO,Employment to population ratio,PT_POP_SUB,Pourcentage de la population dans le même sous-groupe,_T,Total,Y20T64,De 20 à 64 ans,EMP,Employment,2016,,70.673,,A,Valeur normale,,,1,One
DATAFLOW,OECD.ELS.SAE:DSD_LFS@DF_LFS_INDIC(1.1),Emploi et chômage par groupe d'âge quinquennal et par sexe - indicateurs,I,MEX,Mexique,EMP_RATIO,Employment to population ratio,PT_POP_SUB,Pourcentage de la population dans le même sous-groupe,_T,Total,Y20T64,De 20 à 64 ans,EMP,Employment,2016,,66.539,,A,Valeur normale,,,1,One
DATAFLOW,OECD.ELS.SAE:DSD_LFS@DF_LFS_INDIC(1.1),Emploi et chômage par groupe d'âge quinquennal et par sexe - indicateurs,I,NLD,Pays-Bas,EMP_RATIO,Employment to population ratio,PT_POP_SUB,Pourcentage de la population dans le même sous-groupe,_T,Total,Y20T64,De 20 à 64 ans,EMP,Employment,2016,,78.084,,A,Valeur normale,,,1,One
DATAFLOW,OECD.ELS.SAE:DSD_LFS@DF_LFS_INDIC(1.1),Emploi et chômage par groupe d'âge quinquennal et par sexe - indicateurs,I,NZL,Nouvelle-Zélande,EMP_RATIO,Employment to population ratio,PT_POP_SUB,Pourcentage de la population dans le même sous-groupe,_T,Total,Y20T64,De 20 à 64 ans,EMP,Employment,2016,,80.087,,A,Valeur normale,,,1,One
DATAFLOW,OECD.ELS.SAE:DSD_LFS@DF_LFS_INDIC(1.1),Emploi et chômage par groupe d'âge quinquennal et par sexe - indicateurs,I,NOR,Norvège,EMP_RATIO,Employment to population ratio,PT_POP_SUB,Pourcentage de la population dans le même sous-groupe,_T,Total,Y20T64,De 20 à 64 ans,EMP,Employment,2016,,78.59,,A,Valeur normale,,,1,One
DATAFLOW,OECD.ELS.SAE:DSD_LFS@DF_LFS_INDIC(1.1),Emploi et chômage par groupe d'âge quinquennal et par sexe - indicateurs,I,POL,Pologne,EMP_RATIO,Employment to population ratio,PT_POP_SUB,Pourcentage de la population dans le même sous-groupe,_T,Total,Y20T64,De 20 à 64 ans,EMP,Employment,2016,,69.295,,A,Valeur normale,,,1,One
DATAFLOW,OECD.ELS.SAE:DSD_LFS@DF_LFS_INDIC(1.1),Emploi et chômage par groupe d'âge quinquennal et par sexe - indicateurs,I,SVK,République slovaque,EMP_RATIO,Employment to population ratio,PT_POP_SUB,Pourcentage de la population dans le même sous-groupe,_T,Total,Y20T64,De 20 à 64 ans,EMP,Employment,2016,,69.811,,A,Valeur normale,,,1,One
DATAFLOW,OECD.ELS.SAE:DSD_LFS@DF_LFS_INDIC(1.1),Emploi et chômage par groupe d'âge quinquennal et par sexe - indicateurs,I,SVN,Slovénie,EMP_RATIO,Employment to population ratio,PT_POP_SUB,Pourcentage de la population dans le même sous-groupe,_T,Total,Y20T64,De 20 à 64 ans,EMP,Employment,2016,,70.055,,A,Valeur normale,,,1,One
DATAFLOW,OECD.ELS.SAE:DSD_LFS@DF_LFS_INDIC(1.1),Emploi et chômage par groupe d'âge quinquennal et par sexe - indicateurs,I,ESP,Espagne,EMP_RATIO,Employment to population ratio,PT_POP_SUB,Pourcentage de la population dans le même sous-groupe,_T,Total,Y20T64,De 20 à 64 ans,EMP,Employment,2016,,63.868,,A,Valeur normale,,,1,One
DATAFLOW,OECD.ELS.SAE:DSD_LFS@DF_LFS_INDIC(1.1),Emploi et chômage par groupe d'âge quinquennal et par sexe - indicateurs,I,SWE,Suède,EMP_RATIO,Employment to population ratio,PT_POP_SUB,Pourcentage de la population dans le même sous-groupe,_T,Total,Y20T64,De 20 à 64 ans,EMP,Employment,2016,,81.158,,A,Valeur normale,,,1,One
DATAFLOW,OECD.ELS.SAE:DSD_LFS@DF_LFS_INDIC(1.1),Emploi et chômage par groupe d'âge quinquennal et par sexe - indicateurs,I,CHE,Suisse,EMP_RATIO,Employment to population ratio,PT_POP_SUB,Pourcentage de la population dans le même sous-groupe,_T,Total,Y20T64,De 20 à 64 ans,EMP,Employment,2016,,82.022,,A,Valeur normale,,,1,One
DATAFLOW,OECD.ELS.SAE:DSD_LFS@DF_LFS_INDIC(1.1),Emploi et chômage par groupe d'âge quinquennal et par sexe - indicateurs,I,TUR,Türkiye,EMP_RATIO,Employment to population ratio,PT_POP_SUB,Pourcentage de la population dans le même sous-groupe,_T,Total,Y20T64,De 20 à 64 ans,EMP,Employment,2016,,54.348,,A,Valeur normale,,,1,One
DATAFLOW,OECD.ELS.SAE:DSD_LFS@DF_LFS_INDIC(1.1),Emploi et chômage par groupe d'âge quinquennal et par sexe - indicateurs,I,GBR,Royaume-Uni,EMP_RATIO,Employment to population ratio,PT_POP_SUB,Pourcentage de la population dans le même sous-groupe,_T,Total,Y20T64,De 20 à 64 ans,EMP,Employment,2016,,76.898,,A,Valeur normale,,,1,One
DATAFLOW,OECD.ELS.SAE:DSD_LFS@DF_LFS_INDIC(1.1),Emploi et chômage par groupe d'âge quinquennal et par sexe - indicateurs,I,USA,États-Unis,EMP_RATIO,Employment to population ratio,PT_POP_SUB,Pourcentage de la population dans le même sous-groupe,_T,Total,Y20T64,De 20 à 64 ans,EMP,Employment,2016,,72.863,,A,Valeur normale,,,1,One
DATAFLOW,OECD.ELS.SAE:DSD_LFS@DF_LFS_INDIC(1.1),Emploi et chômage par groupe d'âge quinquennal et par sexe - indicateurs,I,EU27,Union européenne (27 pays),EMP_RATIO,Employment to population ratio,PT_POP_SUB,Pourcentage de la population dans le même sous-groupe,_T,Total,Y20T64,De 20 à 64 ans,EMP,Employment,2016,,70.146,,A,Valeur normale,,,1,One
DATAFLOW,OECD.ELS.SAE:DSD_LFS@DF_LFS_INDIC(1.1),Emploi et chômage par groupe d'âge quinquennal et par sexe - indicateurs,I,BRA,Brésil,EMP_RATIO,Employment to population ratio,PT_POP_SUB,Pourcentage de la population dans le même sous-groupe,_T,Total,Y20T64,De 20 à 64 ans,EMP,Employment,2016,,67.391,,A,Valeur normale,,,1,One
DATAFLOW,OECD.ELS.SAE:DSD_LFS@DF_LFS_INDIC(1.1),Emploi et chômage par groupe d'âge quinquennal et par sexe - indicateurs,I,BGR,Bulgarie,EMP_RATIO,Employment to population ratio,PT_POP_SUB,Pourcentage de la population dans le même sous-groupe,_T,Total,Y20T64,De 20 à 64 ans,EMP,Employment,2016,,67.669,,A,Valeur normale,,,1,One
DATAFLOW,OECD.ELS.SAE:DSD_LFS@DF_LFS_INDIC(1.1),Emploi et chômage par groupe d'âge quinquennal et par sexe - indicateurs,I,CYP,Chypre,EMP_RATIO,Employment to population ratio,PT_POP_SUB,Pourcentage de la population dans le même sous-groupe,_T,Total,Y20T64,De 20 à 64 ans,EMP,Employment,2016,,68.743,,A,Valeur normale,,,1,One
DATAFLOW,OECD.ELS.SAE:DSD_LFS@DF_LFS_INDIC(1.1),Emploi et chômage par groupe d'âge quinquennal et par sexe - indicateurs,I,IDN,Indonésie,EMP_RATIO,Employment to population ratio,PT_POP_SUB,Pourcentage de la population dans le même sous-groupe,_T,Total,Y20T64,De 20 à 64 ans,EMP,Employment,2016,,71.862,,A,Valeur normale,,,1,One
DATAFLOW,OECD.ELS.SAE:DSD_LFS@DF_LFS_INDIC(1.1),Emploi et chômage par groupe d'âge quinquennal et par sexe - indicateurs,I,MLT,Malte,EMP_RATIO,Employment to population ratio,PT_POP_SUB,Pourcentage de la population dans le même sous-groupe,_T,Total,Y20T64,De 20 à 64 ans,EMP,Employment,2016,,71.094,,A,Valeur normale,,,1,One
DATAFLOW,OECD.ELS.SAE:DSD_LFS@DF_LFS_INDIC(1.1),Emploi et chômage par groupe d'âge quinquennal et par sexe - indicateurs,I,MKD,Macédoine du Nord,EMP_RATIO,Employment to population ratio,PT_POP_SUB,Pourcentage de la population dans le même sous-groupe,_T,Total,Y20T64,De 20 à 64 ans,EMP,Employment,2016,,53.273,,A,Valeur normale,,,1,One
DATAFLOW,OECD.ELS.SAE:DSD_LFS@DF_LFS_INDIC(1.1),Emploi et chômage par groupe d'âge quinquennal et par sexe - indicateurs,I,ROU,Roumanie,EMP_RATIO,Employment to population ratio,PT_POP_SUB,Pourcentage de la population dans le même sous-groupe,_T,Total,Y20T64,De 20 à 64 ans,EMP,Employment,2016,,66.312,,A,Valeur normale,,,1,One
DATAFLOW,OECD.ELS.SAE:DSD_LFS@DF_LFS_INDIC(1.1),Emploi et chômage par groupe d'âge quinquennal et par sexe - indicateurs,I,RUS,Russie,EMP_RATIO,Employment to population ratio,PT_POP_SUB,Pourcentage de la population dans le même sous-groupe,_T,Total,Y20T64,De 20 à 64 ans,EMP,Employment,2016,,74.564,,A,Valeur normale,,,1,One
DATAFLOW,OECD.ELS.SAE:DSD_LFS@DF_LFS_INDIC(1.1),Emploi et chômage par groupe d'âge quinquennal et par sexe - indicateurs,I,ZAF,Afrique du Sud,EMP_RATIO,Employment to population ratio,PT_POP_SUB,Pourcentage de la population dans le même sous-groupe,_T,Total,Y20T64,De 20 à 64 ans,EMP,Employment,2016,,49.651,,A,Valeur normale,,,1,One
DATAFLOW,OECD.ELS.SAE:DSD_LFS@DF_LFS_INDIC(1.1),Emploi et chômage par groupe d'âge quinquennal et par sexe - indicateurs,I,AUT,Autriche,EMP_RATIO,Employment to population ratio,PT_POP_SUB,Pourcentage de la population dans le même sous-groupe,_T,Total,Y20T64,De 20 à 64 ans,EMP,Employment,2018,,76.151,,A,Valeur normale,,,1,One
DATAFLOW,OECD.ELS.SAE:DSD_LFS@DF_LFS_INDIC(1.1),Emploi et chômage par groupe d'âge quinquennal et par sexe - indicateurs,I,BEL,Belgique,EMP_RATIO,Employment to population ratio,PT_POP_SUB,Pourcentage de la population dans le même sous-groupe,_T,Total,Y20T64,De 20 à 64 ans,EMP,Employment,2018,,69.724,,A,Valeur normale,,,1,One
DATAFLOW,OECD.ELS.SAE:DSD_LFS@DF_LFS_INDIC(1.1),Emploi et chômage par groupe d'âge quinquennal et par sexe - indicateurs,I,CHL,Chili,EMP_RATIO,Employment to population ratio,PT_POP_SUB,Pourcentage de la population dans le même sous-groupe,_T,Total,Y20T64,De 20 à 64 ans,EMP,Employment,2018,,70.138,,A,Valeur normale,,,1,One
DATAFLOW,OECD.ELS.SAE:DSD_LFS@DF_LFS_INDIC(1.1),Emploi et chômage par groupe d'âge quinquennal et par sexe - indicateurs,I,COL,Colombie,EMP_RATIO,Employment to population ratio,PT_POP_SUB,Pourcentage de la population dans le même sous-groupe,_T,Total,Y20T64,De 20 à 64 ans,EMP,Employment,2018,,70.453,,A,Valeur normale,,,1,One
DATAFLOW,OECD.ELS.SAE:DSD_LFS@DF_LFS_INDIC(1.1),Emploi et chômage par groupe d'âge quinquennal et par sexe - indicateurs,I,CRI,Costa Rica,EMP_RATIO,Employment to population ratio,PT_POP_SUB,Pourcentage de la population dans le même sous-groupe,_T,Total,Y20T64,De 20 à 64 ans,EMP,Employment,2018,,67.416,,A,Valeur normale,,,1,One
DATAFLOW,OECD.ELS.SAE:DSD_LFS@DF_LFS_INDIC(1.1),Emploi et chômage par groupe d'âge quinquennal et par sexe - indicateurs,I,CZE,Tchéquie,EMP_RATIO,Employment to population ratio,PT_POP_SUB,Pourcentage de la population dans le même sous-groupe,_T,Total,Y20T64,De 20 à 64 ans,EMP,Employment,2018,,79.898,,A,Valeur normale,,,1,One
DATAFLOW,OECD.ELS.SAE:DSD_LFS@DF_LFS_INDIC(1.1),Emploi et chômage par groupe d'âge quinquennal et par sexe - indicateurs,I,DNK,Danemark,EMP_RATIO,Employment to population ratio,PT_POP_SUB,Pourcentage de la population dans le même sous-groupe,_T,Total,Y20T64,De 20 à 64 ans,EMP,Employment,2018,,77.665,,A,Valeur normale,,,1,One
DATAFLOW,OECD.ELS.SAE:DSD_LFS@DF_LFS_INDIC(1.1),Emploi et chômage par groupe d'âge quinquennal et par sexe - indicateurs,I,EST,Estonie,EMP_RATIO,Employment to population ratio,PT_POP_SUB,Pourcentage de la population dans le même sous-groupe,_T,Total,Y20T64,De 20 à 64 ans,EMP,Employment,2018,,79.427,,A,Valeur normale,,,1,One
DATAFLOW,OECD.ELS.SAE:DSD_LFS@DF_LFS_INDIC(1.1),Emploi et chômage par groupe d'âge quinquennal et par sexe - indicateurs,I,FIN,Finlande,EMP_RATIO,Employment to population ratio,PT_POP_SUB,Pourcentage de la population dans le même sous-groupe,_T,Total,Y20T64,De 20 à 64 ans,EMP,Employment,2018,,76.412,,A,Valeur normale,,,1,One
DATAFLOW,OECD.ELS.SAE:DSD_LFS@DF_LFS_INDIC(1.1),Emploi et chômage par groupe d'âge quinquennal et par sexe - indicateurs,I,FRA,France,EMP_RATIO,Employment to population ratio,PT_POP_SUB,Pourcentage de la population dans le même sous-groupe,_T,Total,Y20T64,De 20 à 64 ans,EMP,Employment,2018,,71.296,,A,Valeur normale,,,1,One
DATAFLOW,OECD.ELS.SAE:DSD_LFS@DF_LFS_INDIC(1.1),Emploi et chômage par groupe d'âge quinquennal et par sexe - indicateurs,I,DEU,Allemagne,EMP_RATIO,Employment to population ratio,PT_POP_SUB,Pourcentage de la population dans le même sous-groupe,_T,Total,Y20T64,De 20 à 64 ans,EMP,Employment,2018,,79.919,,A,Valeur normale,,,1,One
DATAFLOW,OECD.ELS.SAE:DSD_LFS@DF_LFS_INDIC(1.1),Emploi et chômage par groupe d'âge quinquennal et par sexe - indicateurs,I,GRC,Grèce,EMP_RATIO,Employment to population ratio,PT_POP_SUB,Pourcentage de la population dans le même sous-groupe,_T,Total,Y20T64,De 20 à 64 ans,EMP,Employment,2018,,59.467,,A,Valeur normale,,,1,One
DATAFLOW,OECD.ELS.SAE:DSD_LFS@DF_LFS_INDIC(1.1),Emploi et chômage par groupe d'âge quinquennal et par sexe - indicateurs,I,ISL,Islande,EMP_RATIO,Employment to population ratio,PT_POP_SUB,Pourcentage de la population dans le même sous-groupe,_T,Total,Y20T64,De 20 à 64 ans,EMP,Employment,2018,,83.845,,A,Valeur normale,,,1,One
DATAFLOW,OECD.ELS.SAE:DSD_LFS@DF_LFS_INDIC(1.1),Emploi et chômage par groupe d'âge quinquennal et par sexe - indicateurs,I,IRL,Irlande,EMP_RATIO,Employment to population ratio,PT_POP_SUB,Pourcentage de la population dans le même sous-groupe,_T,Total,Y20T64,De 20 à 64 ans,EMP,Employment,2018,,74.315,,A,Valeur normale,,,1,One
DATAFLOW,OECD.ELS.SAE:DSD_LFS@DF_LFS_INDIC(1.1),Emploi et chômage par groupe d'âge quinquennal et par sexe - indicateurs,I,ISR,Israël,EMP_RATIO,Employment to population ratio,PT_POP_SUB,Pourcentage de la population dans le même sous-groupe,_T,Total,Y20T64,De 20 à 64 ans,EMP,Employment,2018,,75.726,,A,Valeur normale,,,1,One
DATAFLOW,OECD.ELS.SAE:DSD_LFS@DF_LFS_INDIC(1.1),Emploi et chômage par groupe d'âge quinquennal et par sexe - indicateurs,I,ITA,Italie,EMP_RATIO,Employment to population ratio,PT_POP_SUB,Pourcentage de la population dans le même sous-groupe,_T,Total,Y20T64,De 20 à 64 ans,EMP,Employment,2018,,63.038,,A,Valeur normale,,,1,One
DATAFLOW,OECD.ELS.SAE:DSD_LFS@DF_LFS_INDIC(1.1),Emploi et chômage par groupe d'âge quinquennal et par sexe - indicateurs,I,JPN,Japon,EMP_RATIO,Employment to population ratio,PT_POP_SUB,Pourcentage de la population dans le même sous-groupe,_T,Total,Y20T64,De 20 à 64 ans,EMP,Employment,2018,,81.776,,A,Valeur normale,,,1,One
DATAFLOW,OECD.ELS.SAE:DSD_LFS@DF_LFS_INDIC(1.1),Emploi et chômage par groupe d'âge quinquennal et par sexe - indicateurs,I,KOR,Corée,EMP_RATIO,Employment to population ratio,PT_POP_SUB,Pourcentage de la population dans le même sous-groupe,_T,Total,Y20T64,De 20 à 64 ans,EMP,Employment,2018,,71.412,,A,Valeur normale,,,1,One
DATAFLOW,OECD.ELS.SAE:DSD_LFS@DF_LFS_INDIC(1.1),Emploi et chômage par groupe d'âge quinquennal et par sexe - indicateurs,I,LVA,Lettonie,EMP_RATIO,Employment to population ratio,PT_POP_SUB,Pourcentage de la population dans le même sous-groupe,_T,Total,Y20T64,De 20 à 64 ans,EMP,Employment,2018,,76.836,,A,Valeur normale,,,1,One
DATAFLOW,OECD.ELS.SAE:DSD_LFS@DF_LFS_INDIC(1.1),Emploi et chômage par groupe d'âge quinquennal et par sexe - indicateurs,I,LTU,Lituanie,EMP_RATIO,Employment to population ratio,PT_POP_SUB,Pourcentage de la population dans le même sous-groupe,_T,Total,Y20T64,De 20 à 64 ans,EMP,Employment,2018,,77.83,,A,Valeur normale,,,1,One
DATAFLOW,OECD.ELS.SAE:DSD_LFS@DF_LFS_INDIC(1.1),Emploi et chômage par groupe d'âge quinquennal et par sexe - indicateurs,I,LUX,Luxembourg,EMP_RATIO,Employment to population ratio,PT_POP_SUB,Pourcentage de la population dans le même sous-groupe,_T,Total,Y20T64,De 20 à 64 ans,EMP,Employment,2018,,72.07,,A,Valeur normale,,,1,One
DATAFLOW,OECD.ELS.SAE:DSD_LFS@DF_LFS_INDIC(1.1),Emploi et chômage par groupe d'âge quinquennal et par sexe - indicateurs,I,MEX,Mexique,EMP_RATIO,Employment to population ratio,PT_POP_SUB,Pourcentage de la population dans le même sous-groupe,_T,Total,Y20T64,De 20 à 64 ans,EMP,Employment,2018,,66.939,,A,Valeur normale,,,1,One
DATAFLOW,OECD.ELS.SAE:DSD_LFS@DF_LFS_INDIC(1.1),Emploi et chômage par groupe d'âge quinquennal et par sexe - indicateurs,I,NLD,Pays-Bas,EMP_RATIO,Employment to population ratio,PT_POP_SUB,Pourcentage de la population dans le même sous-groupe,_T,Total,Y20T64,De 20 à 64 ans,EMP,Employment,2018,,80.161,,A,Valeur normale,,,1,One
DATAFLOW,OECD.ELS.SAE:DSD_LFS@DF_LFS_INDIC(1.1),Emploi et chômage par groupe d'âge quinquennal et par sexe - indicateurs,I,NZL,Nouvelle-Zélande,EMP_RATIO,Employment to population ratio,PT_POP_SUB,Pourcentage de la population dans le même sous-groupe,_T,Total,Y20T64,De 20 à 64 ans,EMP,Employment,2018,,81.851,,A,Valeur normale,,,1,One
DATAFLOW,OECD.ELS.SAE:DSD_LFS@DF_LFS_INDIC(1.1),Emploi et chômage par groupe d'âge quinquennal et par sexe - indicateurs,I,NOR,Norvège,EMP_RATIO,Employment to population ratio,PT_POP_SUB,Pourcentage de la population dans le même sous-groupe,_T,Total,Y20T64,De 20 à 64 ans,EMP,Employment,2018,,79.203,,A,Valeur normale,,,1,One
DATAFLOW,OECD.ELS.SAE:DSD_LFS@DF_LFS_INDIC(1.1),Emploi et chômage par groupe d'âge quinquennal et par sexe - indicateurs,I,POL,Pologne,EMP_RATIO,Employment to population ratio,PT_POP_SUB,Pourcentage de la population dans le même sous-groupe,_T,Total,Y20T64,De 20 à 64 ans,EMP,Employment,2018,,72.166,,A,Valeur normale,,,1,One
DATAFLOW,OECD.ELS.SAE:DSD_LFS@DF_LFS_INDIC(1.1),Emploi et chômage par groupe d'âge quinquennal et par sexe - indicateurs,I,SVK,République slovaque,EMP_RATIO,Employment to population ratio,PT_POP_SUB,Pourcentage de la population dans le même sous-groupe,_T,Total,Y20T64,De 20 à 64 ans,EMP,Employment,2018,,72.425,,A,Valeur normale,,,1,One
DATAFLOW,OECD.ELS.SAE:DSD_LFS@DF_LFS_INDIC(1.1),Emploi et chômage par groupe d'âge quinquennal et par sexe - indicateurs,I,SVN,Slovénie,EMP_RATIO,Employment to population ratio,PT_POP_SUB,Pourcentage de la population dans le même sous-groupe,_T,Total,Y20T64,De 20 à 64 ans,EMP,Employment,2018,,75.443,,A,Valeur normale,,,1,One
DATAFLOW,OECD.ELS.SAE:DSD_LFS@DF_LFS_INDIC(1.1),Emploi et chômage par groupe d'âge quinquennal et par sexe - indicateurs,I,ESP,Espagne,EMP_RATIO,Employment to population ratio,PT_POP_SUB,Pourcentage de la population dans le même sous-groupe,_T,Total,Y20T64,De 20 à 64 ans,EMP,Employment,2018,,67.007,,A,Valeur normale,,,1,One
DATAFLOW,OECD.ELS.SAE:DSD_LFS@DF_LFS_INDIC(1.1),Emploi et chômage par groupe d'âge quinquennal et par sexe - indicateurs,I,SWE,Suède,EMP_RATIO,Employment to population ratio,PT_POP_SUB,Pourcentage de la population dans le même sous-groupe,_T,Total,Y20T64,De 20 à 64 ans,EMP,Employment,2018,,82.37,,A,Valeur normale,,,1,One
DATAFLOW,OECD.ELS.SAE:DSD_LFS@DF_LFS_INDIC(1.1),Emploi et chômage par groupe d'âge quinquennal et par sexe - indicateurs,I,CHE,Suisse,EMP_RATIO,Employment to population ratio,PT_POP_SUB,Pourcentage de la population dans le même sous-groupe,_T,Total,Y20T64,De 20 à 64 ans,EMP,Employment,2018,,82.486,,A,Valeur normale,,,1,One
DATAFLOW,OECD.ELS.SAE:DSD_LFS@DF_LFS_INDIC(1.1),Emploi et chômage par groupe d'âge quinquennal et par sexe - indicateurs,I,TUR,Türkiye,EMP_RATIO,Employment to population ratio,PT_POP_SUB,Pourcentage de la population dans le même sous-groupe,_T,Total,Y20T64,De 20 à 64 ans,EMP,Employment,2018,,55.608,,A,Valeur normale,,,1,One
DATAFLOW,OECD.ELS.SAE:DSD_LFS@DF_LFS_INDIC(1.1),Emploi et chômage par groupe d'âge quinquennal et par sexe - indicateurs,I,GBR,Royaume-Uni,EMP_RATIO,Employment to population ratio,PT_POP_SUB,Pourcentage de la population dans le même sous-groupe,_T,Total,Y20T64,De 20 à 64 ans,EMP,Employment,2018,,77.952,,A,Valeur normale,,,1,One
DATAFLOW,OECD.ELS.SAE:DSD_LFS@DF_LFS_INDIC(1.1),Emploi et chômage par groupe d'âge quinquennal et par sexe - indicateurs,I,USA,États-Unis,EMP_RATIO,Employment to population ratio,PT_POP_SUB,Pourcentage de la population dans le même sous-groupe,_T,Total,Y20T64,De 20 à 64 ans,EMP,Employment,2018,,74.275,,A,Valeur normale,,,1,One
DATAFLOW,OECD.ELS.SAE:DSD_LFS@DF_LFS_INDIC(1.1),Emploi et chômage par groupe d'âge quinquennal et par sexe - indicateurs,I,BRA,Brésil,EMP_RATIO,Employment to population ratio,PT_POP_SUB,Pourcentage de la population dans le même sous-groupe,_T,Total,Y20T64,De 20 à 64 ans,EMP,Employment,2018,,67.05,,A,Valeur normale,,,1,One
DATAFLOW,OECD.ELS.SAE:DSD_LFS@DF_LFS_INDIC(1.1),Emploi et chômage par groupe d'âge quinquennal et par sexe - indicateurs,I,BGR,Bulgarie,EMP_RATIO,Employment to population ratio,PT_POP_SUB,Pourcentage de la population dans le même sous-groupe,_T,Total,Y20T64,De 20 à 64 ans,EMP,Employment,2018,,72.414,,A,Valeur normale,,,1,One
DATAFLOW,OECD.ELS.SAE:DSD_LFS@DF_LFS_INDIC(1.1),Emploi et chômage par groupe d'âge quinquennal et par sexe - indicateurs,I,CYP,Chypre,EMP_RATIO,Employment to population ratio,PT_POP_SUB,Pourcentage de la population dans le même sous-groupe,_T,Total,Y20T64,De 20 à 64 ans,EMP,Employment,2018,,73.881,,A,Valeur normale,,,1,One
DATAFLOW,OECD.ELS.SAE:DSD_LFS@DF_LFS_INDIC(1.1),Emploi et chômage par groupe d'âge quinquennal et par sexe - indicateurs,I,IND,Inde,EMP_RATIO,Employment to population ratio,PT_POP_SUB,Pourcentage de la population dans le même sous-groupe,_T,Total,Y20T64,De 20 à 64 ans,EMP,Employment,2018,,52.679,,A,Valeur normale,,,1,One
DATAFLOW,OECD.ELS.SAE:DSD_LFS@DF_LFS_INDIC(1.1),Emploi et chômage par groupe d'âge quinquennal et par sexe - indicateurs,I,IDN,Indonésie,EMP_RATIO,Employment to population ratio,PT_POP_SUB,Pourcentage de la population dans le même sous-groupe,_T,Total,Y20T64,De 20 à 64 ans,EMP,Employment,2018,,71.932,,A,Valeur normale,,,1,One
DATAFLOW,OECD.ELS.SAE:DSD_LFS@DF_LFS_INDIC(1.1),Emploi et chômage par groupe d'âge quinquennal et par sexe - indicateurs,I,MLT,Malte,EMP_RATIO,Employment to population ratio,PT_POP_SUB,Pourcentage de la population dans le même sous-groupe,_T,Total,Y20T64,De 20 à 64 ans,EMP,Employment,2018,,74.86,,A,Valeur normale,,,1,One
DATAFLOW,OECD.ELS.SAE:DSD_LFS@DF_LFS_INDIC(1.1),Emploi et chômage par groupe d'âge quinquennal et par sexe - indicateurs,I,MKD,Macédoine du Nord,EMP_RATIO,Employment to population ratio,PT_POP_SUB,Pourcentage de la population dans le même sous-groupe,_T,Total,Y20T64,De 20 à 64 ans,EMP,Employment,2018,,56.059,,A,Valeur normale,,,1,One
DATAFLOW,OECD.ELS.SAE:DSD_LFS@DF_LFS_INDIC(1.1),Emploi et chômage par groupe d'âge quinquennal et par sexe - indicateurs,I,ROU,Roumanie,EMP_RATIO,Employment to population ratio,PT_POP_SUB,Pourcentage de la population dans le même sous-groupe,_T,Total,Y20T64,De 20 à 64 ans,EMP,Employment,2018,,69.866,,A,Valeur normale,,,1,One
DATAFLOW,OECD.ELS.SAE:DSD_LFS@DF_LFS_INDIC(1.1),Emploi et chômage par groupe d'âge quinquennal et par sexe - indicateurs,I,RUS,Russie,EMP_RATIO,Employment to population ratio,PT_POP_SUB,Pourcentage de la population dans le même sous-groupe,_T,Total,Y20T64,De 20 à 64 ans,EMP,Employment,2018,,75.646,,A,Valeur normale,,,1,One
DATAFLOW,OECD.ELS.SAE:DSD_LFS@DF_LFS_INDIC(1.1),Emploi et chômage par groupe d'âge quinquennal et par sexe - indicateurs,I,ZAF,Afrique du Sud,EMP_RATIO,Employment to population ratio,PT_POP_SUB,Pourcentage de la population dans le même sous-groupe,_T,Total,Y20T64,De 20 à 64 ans,EMP,Employment,2018,,49.628,,A,Valeur normale,,,1,One
DATAFLOW,OECD.ELS.SAE:DSD_LFS@DF_LFS_INDIC(1.1),Emploi et chômage par groupe d'âge quinquennal et par sexe - indicateurs,I,AUT,Autriche,EMP_RATIO,Employment to population ratio,PT_POP_SUB,Pourcentage de la population dans le même sous-groupe,_T,Total,Y20T64,De 20 à 64 ans,EMP,Employment,2019,,76.79,,A,Valeur normale,,,1,One
DATAFLOW,OECD.ELS.SAE:DSD_LFS@DF_LFS_INDIC(1.1),Emploi et chômage par groupe d'âge quinquennal et par sexe - indicateurs,I,BEL,Belgique,EMP_RATIO,Employment to population ratio,PT_POP_SUB,Pourcentage de la population dans le même sous-groupe,_T,Total,Y20T64,De 20 à 64 ans,EMP,Employment,2019,,70.497,,A,Valeur normale,,,1,One
DATAFLOW,OECD.ELS.SAE:DSD_LFS@DF_LFS_INDIC(1.1),Emploi et chômage par groupe d'âge quinquennal et par sexe - indicateurs,I,CHL,Chili,EMP_RATIO,Employment to population ratio,PT_POP_SUB,Pourcentage de la population dans le même sous-groupe,_T,Total,Y20T64,De 20 à 64 ans,EMP,Employment,2019,,70.119,,A,Valeur normale,,,1,One
DATAFLOW,OECD.ELS.SAE:DSD_LFS@DF_LFS_INDIC(1.1),Emploi et chômage par groupe d'âge quinquennal et par sexe - indicateurs,I,COL,Colombie,EMP_RATIO,Employment to population ratio,PT_POP_SUB,Pourcentage de la population dans le même sous-groupe,_T,Total,Y20T64,De 20 à 64 ans,EMP,Employment,2019,,69.128,,A,Valeur normale,,,1,One
DATAFLOW,OECD.ELS.SAE:DSD_LFS@DF_LFS_INDIC(1.1),Emploi et chômage par groupe d'âge quinquennal et par sexe - indicateurs,I,CRI,Costa Rica,EMP_RATIO,Employment to population ratio,PT_POP_SUB,Pourcentage de la population dans le même sous-groupe,_T,Total,Y20T64,De 20 à 64 ans,EMP,Employment,2019,,68.39,,A,Valeur normale,,,1,One
DATAFLOW,OECD.ELS.SAE:DSD_LFS@DF_LFS_INDIC(1.1),Emploi et chômage par groupe d'âge quinquennal et par sexe - indicateurs,I,CZE,Tchéquie,EMP_RATIO,Employment to population ratio,PT_POP_SUB,Pourcentage de la population dans le même sous-groupe,_T,Total,Y20T64,De 20 à 64 ans,EMP,Employment,2019,,80.309,,A,Valeur normale,,,1,One
DATAFLOW,OECD.ELS.SAE:DSD_LFS@DF_LFS_INDIC(1.1),Emploi et chômage par groupe d'âge quinquennal et par sexe - indicateurs,I,DNK,Danemark,EMP_RATIO,Employment to population ratio,PT_POP_SUB,Pourcentage de la population dans le même sous-groupe,_T,Total,Y20T64,De 20 à 64 ans,EMP,Employment,2019,,78.488,,A,Valeur normale,,,1,One
DATAFLOW,OECD.ELS.SAE:DSD_LFS@DF_LFS_INDIC(1.1),Emploi et chômage par groupe d'âge quinquennal et par sexe - indicateurs,I,EST,Estonie,EMP_RATIO,Employment to population ratio,PT_POP_SUB,Pourcentage de la population dans le même sous-groupe,_T,Total,Y20T64,De 20 à 64 ans,EMP,Employment,2019,,80.064,,A,Valeur normale,,,1,One
DATAFLOW,OECD.ELS.SAE:DSD_LFS@DF_LFS_INDIC(1.1),Emploi et chômage par groupe d'âge quinquennal et par sexe - indicateurs,I,FIN,Finlande,EMP_RATIO,Employment to population ratio,PT_POP_SUB,Pourcentage de la population dans le même sous-groupe,_T,Total,Y20T64,De 20 à 64 ans,EMP,Employment,2019,,77.282,,A,Valeur normale,,,1,One
DATAFLOW,OECD.ELS.SAE:DSD_LFS@DF_LFS_INDIC(1.1),Emploi et chômage par groupe d'âge quinquennal et par sexe - indicateurs,I,FRA,France,EMP_RATIO,Employment to population ratio,PT_POP_SUB,Pourcentage de la population dans le même sous-groupe,_T,Total,Y20T64,De 20 à 64 ans,EMP,Employment,2019,,71.567,,A,Valeur normale,,,1,One
DATAFLOW,OECD.ELS.SAE:DSD_LFS@DF_LFS_INDIC(1.1),Emploi et chômage par groupe d'âge quinquennal et par sexe - indicateurs,I,DEU,Allemagne,EMP_RATIO,Employment to population ratio,PT_POP_SUB,Pourcentage de la population dans le même sous-groupe,_T,Total,Y20T64,De 20 à 64 ans,EMP,Employment,2019,,80.647,,A,Valeur normale,,,1,One
DATAFLOW,OECD.ELS.SAE:DSD_LFS@DF_LFS_INDIC(1.1),Emploi et chômage par groupe d'âge quinquennal et par sexe - indicateurs,I,GRC,Grèce,EMP_RATIO,Employment to population ratio,PT_POP_SUB,Pourcentage de la population dans le même sous-groupe,_T,Total,Y20T64,De 20 à 64 ans,EMP,Employment,2019,,61.192,,A,Valeur normale,,,1,One
DATAFLOW,OECD.ELS.SAE:DSD_LFS@DF_LFS_INDIC(1.1),Emploi et chômage par groupe d'âge quinquennal et par sexe - indicateurs,I,ISL,Islande,EMP_RATIO,Employment to population ratio,PT_POP_SUB,Pourcentage de la population dans le même sous-groupe,_T,Total,Y20T64,De 20 à 64 ans,EMP,Employment,2019,,83.462,,A,Valeur normale,,,1,One
DATAFLOW,OECD.ELS.SAE:DSD_LFS@DF_LFS_INDIC(1.1),Emploi et chômage par groupe d'âge quinquennal et par sexe - indicateurs,I,IRL,Irlande,EMP_RATIO,Employment to population ratio,PT_POP_SUB,Pourcentage de la population dans le même sous-groupe,_T,Total,Y20T64,De 20 à 64 ans,EMP,Employment,2019,,75.466,,A,Valeur normale,,,1,One
DATAFLOW,OECD.ELS.SAE:DSD_LFS@DF_LFS_INDIC(1.1),Emploi et chômage par groupe d'âge quinquennal et par sexe - indicateurs,I,ISR,Israël,EMP_RATIO,Employment to population ratio,PT_POP_SUB,Pourcentage de la population dans le même sous-groupe,_T,Total,Y20T64,De 20 à 64 ans,EMP,Employment,2019,,75.786,,A,Valeur normale,,,1,One
DATAFLOW,OECD.ELS.SAE:DSD_LFS@DF_LFS_INDIC(1.1),Emploi et chômage par groupe d'âge quinquennal et par sexe - indicateurs,I,ITA,Italie,EMP_RATIO,Employment to population ratio,PT_POP_SUB,Pourcentage de la population dans le même sous-groupe,_T,Total,Y20T64,De 20 à 64 ans,EMP,Employment,2019,,63.612,,A,Valeur normale,,,1,One
DATAFLOW,OECD.ELS.SAE:DSD_LFS@DF_LFS_INDIC(1.1),Emploi et chômage par groupe d'âge quinquennal et par sexe - indicateurs,I,JPN,Japon,EMP_RATIO,Employment to population ratio,PT_POP_SUB,Pourcentage de la population dans le même sous-groupe,_T,Total,Y20T64,De 20 à 64 ans,EMP,Employment,2019,,82.443,,A,Valeur normale,,,1,One
DATAFLOW,OECD.ELS.SAE:DSD_LFS@DF_LFS_INDIC(1.1),Emploi et chômage par groupe d'âge quinquennal et par sexe - indicateurs,I,KOR,Corée,EMP_RATIO,Employment to population ratio,PT_POP_SUB,Pourcentage de la population dans le même sous-groupe,_T,Total,Y20T64,De 20 à 64 ans,EMP,Employment,2019,,71.361,,A,Valeur normale,,,1,One
DATAFLOW,OECD.ELS.SAE:DSD_LFS@DF_LFS_INDIC(1.1),Emploi et chômage par groupe d'âge quinquennal et par sexe - indicateurs,I,LVA,Lettonie,EMP_RATIO,Employment to population ratio,PT_POP_SUB,Pourcentage de la population dans le même sous-groupe,_T,Total,Y20T64,De 20 à 64 ans,EMP,Employment,2019,,77.359,,A,Valeur normale,,,1,One
DATAFLOW,OECD.ELS.SAE:DSD_LFS@DF_LFS_INDIC(1.1),Emploi et chômage par groupe d'âge quinquennal et par sexe - indicateurs,I,LTU,Lituanie,EMP_RATIO,Employment to population ratio,PT_POP_SUB,Pourcentage de la population dans le même sous-groupe,_T,Total,Y20T64,De 20 à 64 ans,EMP,Employment,2019,,78.198,,A,Valeur normale,,,1,One
DATAFLOW,OECD.ELS.SAE:DSD_LFS@DF_LFS_INDIC(1.1),Emploi et chômage par groupe d'âge quinquennal et par sexe - indicateurs,I,LUX,Luxembourg,EMP_RATIO,Employment to population ratio,PT_POP_SUB,Pourcentage de la population dans le même sous-groupe,_T,Total,Y20T64,De 20 à 64 ans,EMP,Employment,2019,,72.752,,A,Valeur normale,,,1,One
DATAFLOW,OECD.ELS.SAE:DSD_LFS@DF_LFS_INDIC(1.1),Emploi et chômage par groupe d'âge quinquennal et par sexe - indicateurs,I,MEX,Mexique,EMP_RATIO,Employment to population ratio,PT_POP_SUB,Pourcentage de la population dans le même sous-groupe,_T,Total,Y20T64,De 20 à 64 ans,EMP,Employment,2019,,67.577,,A,Valeur normale,,,1,One
DATAFLOW,OECD.ELS.SAE:DSD_LFS@DF_LFS_INDIC(1.1),Emploi et chômage par groupe d'âge quinquennal et par sexe - indicateurs,I,NLD,Pays-Bas,EMP_RATIO,Employment to population ratio,PT_POP_SUB,Pourcentage de la population dans le même sous-groupe,_T,Total,Y20T64,De 20 à 64 ans,EMP,Employment,2019,,81.103,,A,Valeur normale,,,1,One
DATAFLOW,OECD.ELS.SAE:DSD_LFS@DF_LFS_INDIC(1.1),Emploi et chômage par groupe d'âge quinquennal et par sexe - indicateurs,I,NZL,Nouvelle-Zélande,EMP_RATIO,Employment to population ratio,PT_POP_SUB,Pourcentage de la population dans le même sous-groupe,_T,Total,Y20T64,De 20 à 64 ans,EMP,Employment,2019,,81.689,,A,Valeur normale,,,1,One
DATAFLOW,OECD.ELS.SAE:DSD_LFS@DF_LFS_INDIC(1.1),Emploi et chômage par groupe d'âge quinquennal et par sexe - indicateurs,I,NOR,Norvège,EMP_RATIO,Employment to population ratio,PT_POP_SUB,Pourcentage de la population dans le même sous-groupe,_T,Total,Y20T64,De 20 à 64 ans,EMP,Employment,2019,,79.472,,A,Valeur normale,,,1,One
DATAFLOW,OECD.ELS.SAE:DSD_LFS@DF_LFS_INDIC(1.1),Emploi et chômage par groupe d'âge quinquennal et par sexe - indicateurs,I,SVK,République slovaque,EMP_RATIO,Employment to population ratio,PT_POP_SUB,Pourcentage de la population dans le même sous-groupe,_T,Total,Y20T64,De 20 à 64 ans,EMP,Employment,2019,,73.399,,A,Valeur normale,,,1,One
DATAFLOW,OECD.ELS.SAE:DSD_LFS@DF_LFS_INDIC(1.1),Emploi et chômage par groupe d'âge quinquennal et par sexe - indicateurs,I,SVN,Slovénie,EMP_RATIO,Employment to population ratio,PT_POP_SUB,Pourcentage de la population dans le même sous-groupe,_T,Total,Y20T64,De 20 à 64 ans,EMP,Employment,2019,,76.44,,A,Valeur normale,,,1,One
DATAFLOW,OECD.ELS.SAE:DSD_LFS@DF_LFS_INDIC(1.1),Emploi et chômage par groupe d'âge quinquennal et par sexe - indicateurs,I,ESP,Espagne,EMP_RATIO,Employment to population ratio,PT_POP_SUB,Pourcentage de la population dans le même sous-groupe,_T,Total,Y20T64,De 20 à 64 ans,EMP,Employment,2019,,68.027,,A,Valeur normale,,,1,One
DATAFLOW,OECD.ELS.SAE:DSD_LFS@DF_LFS_INDIC(1.1),Emploi et chômage par groupe d'âge quinquennal et par sexe - indicateurs,I,SWE,Suède,EMP_RATIO,Employment to population ratio,PT_POP_SUB,Pourcentage de la population dans le même sous-groupe,_T,Total,Y20T64,De 20 à 64 ans,EMP,Employment,2019,,82.123,,A,Valeur normale,,,1,One
DATAFLOW,OECD.ELS.SAE:DSD_LFS@DF_LFS_INDIC(1.1),Emploi et chômage par groupe d'âge quinquennal et par sexe - indicateurs,I,CHE,Suisse,EMP_RATIO,Employment to population ratio,PT_POP_SUB,Pourcentage de la population dans le même sous-groupe,_T,Total,Y20T64,De 20 à 64 ans,EMP,Employment,2019,,82.947,,A,Valeur normale,,,1,One
DATAFLOW,OECD.ELS.SAE:DSD_LFS@DF_LFS_INDIC(1.1),Emploi et chômage par groupe d'âge quinquennal et par sexe - indicateurs,I,TUR,Türkiye,EMP_RATIO,Employment to population ratio,PT_POP_SUB,Pourcentage de la population dans le même sous-groupe,_T,Total,Y20T64,De 20 à 64 ans,EMP,Employment,2019,,53.758,,A,Valeur normale,,,1,One
DATAFLOW,OECD.ELS.SAE:DSD_LFS@DF_LFS_INDIC(1.1),Emploi et chômage par groupe d'âge quinquennal et par sexe - indicateurs,I,GBR,Royaume-Uni,EMP_RATIO,Employment to population ratio,PT_POP_SUB,Pourcentage de la population dans le même sous-groupe,_T,Total,Y20T64,De 20 à 64 ans,EMP,Employment,2019,,78.602,,A,Valeur normale,,,1,One
DATAFLOW,OECD.ELS.SAE:DSD_LFS@DF_LFS_INDIC(1.1),Emploi et chômage par groupe d'âge quinquennal et par sexe - indicateurs,I,USA,États-Unis,EMP_RATIO,Employment to population ratio,PT_POP_SUB,Pourcentage de la population dans le même sous-groupe,_T,Total,Y20T64,De 20 à 64 ans,EMP,Employment,2019,,74.926,,A,Valeur normale,,,1,One
DATAFLOW,OECD.ELS.SAE:DSD_LFS@DF_LFS_INDIC(1.1),Emploi et chômage par groupe d'âge quinquennal et par sexe - indicateurs,I,BRA,Brésil,EMP_RATIO,Employment to population ratio,PT_POP_SUB,Pourcentage de la population dans le même sous-groupe,_T,Total,Y20T64,De 20 à 64 ans,EMP,Employment,2019,,67.952,,A,Valeur normale,,,1,One
DATAFLOW,OECD.ELS.SAE:DSD_LFS@DF_LFS_INDIC(1.1),Emploi et chômage par groupe d'âge quinquennal et par sexe - indicateurs,I,IND,Inde,EMP_RATIO,Employment to population ratio,PT_POP_SUB,Pourcentage de la population dans le même sous-groupe,_T,Total,Y20T64,De 20 à 64 ans,EMP,Employment,2019,,52.976,,A,Valeur normale,,,1,One
DATAFLOW,OECD.ELS.SAE:DSD_LFS@DF_LFS_INDIC(1.1),Emploi et chômage par groupe d'âge quinquennal et par sexe - indicateurs,I,IDN,Indonésie,EMP_RATIO,Employment to population ratio,PT_POP_SUB,Pourcentage de la population dans le même sous-groupe,_T,Total,Y20T64,De 20 à 64 ans,EMP,Employment,2019,,72.234,,A,Valeur normale,,,1,One
DATAFLOW,OECD.ELS.SAE:DSD_LFS@DF_LFS_INDIC(1.1),Emploi et chômage par groupe d'âge quinquennal et par sexe - indicateurs,I,MLT,Malte,EMP_RATIO,Employment to population ratio,PT_POP_SUB,Pourcentage de la population dans le même sous-groupe,_T,Total,Y20T64,De 20 à 64 ans,EMP,Employment,2019,,75.557,,A,Valeur normale,,,1,One
DATAFLOW,OECD.ELS.SAE:DSD_LFS@DF_LFS_INDIC(1.1),Emploi et chômage par groupe d'âge quinquennal et par sexe - indicateurs,I,MKD,Macédoine du Nord,EMP_RATIO,Employment to population ratio,PT_POP_SUB,Pourcentage de la population dans le même sous-groupe,_T,Total,Y20T64,De 20 à 64 ans,EMP,Employment,2019,,59.204,,A,Valeur normale,,,1,One
DATAFLOW,OECD.ELS.SAE:DSD_LFS@DF_LFS_INDIC(1.1),Emploi et chômage par groupe d'âge quinquennal et par sexe - indicateurs,I,ROU,Roumanie,EMP_RATIO,Employment to population ratio,PT_POP_SUB,Pourcentage de la population dans le même sous-groupe,_T,Total,Y20T64,De 20 à 64 ans,EMP,Employment,2019,,70.917,,A,Valeur normale,,,1,One
DATAFLOW,OECD.ELS.SAE:DSD_LFS@DF_LFS_INDIC(1.1),Emploi et chômage par groupe d'âge quinquennal et par sexe - indicateurs,I,RUS,Russie,EMP_RATIO,Employment to population ratio,PT_POP_SUB,Pourcentage de la population dans le même sous-groupe,_T,Total,Y20T64,De 20 à 64 ans,EMP,Employment,2019,,75.612,,A,Valeur normale,,,1,One
DATAFLOW,OECD.ELS.SAE:DSD_LFS@DF_LFS_INDIC(1.1),Emploi et chômage par groupe d'âge quinquennal et par sexe - indicateurs,I,ZAF,Afrique du Sud,EMP_RATIO,Employment to population ratio,PT_POP_SUB,Pourcentage de la population dans le même sous-groupe,_T,Total,Y20T64,De 20 à 64 ans,EMP,Employment,2019,,48.616,,A,Valeur normale,,,1,One
DATAFLOW,OECD.ELS.SAE:DSD_LFS@DF_LFS_INDIC(1.1),Emploi et chômage par groupe d'âge quinquennal et par sexe - indicateurs,I,AUT,Autriche,EMP_RATIO,Employment to population ratio,PT_POP_SUB,Pourcentage de la population dans le même sous-groupe,_T,Total,Y20T64,De 20 à 64 ans,EMP,Employment,2020,,75.497,,A,Valeur normale,,,1,One
DATAFLOW,OECD.ELS.SAE:DSD_LFS@DF_LFS_INDIC(1.1),Emploi et chômage par groupe d'âge quinquennal et par sexe - indicateurs,I,BEL,Belgique,EMP_RATIO,Employment to population ratio,PT_POP_SUB,Pourcentage de la population dans le même sous-groupe,_T,Total,Y20T64,De 20 à 64 ans,EMP,Employment,2020,,70.027,,A,Valeur normale,,,1,One
DATAFLOW,OECD.ELS.SAE:DSD_LFS@DF_LFS_INDIC(1.1),Emploi et chômage par groupe d'âge quinquennal et par sexe - indicateurs,I,CHL,Chili,EMP_RATIO,Employment to population ratio,PT_POP_SUB,Pourcentage de la population dans le même sous-groupe,_T,Total,Y20T64,De 20 à 64 ans,EMP,Employment,2020,,61.334,,A,Valeur normale,,,1,One
DATAFLOW,OECD.ELS.SAE:DSD_LFS@DF_LFS_INDIC(1.1),Emploi et chômage par groupe d'âge quinquennal et par sexe - indicateurs,I,COL,Colombie,EMP_RATIO,Employment to population ratio,PT_POP_SUB,Pourcentage de la population dans le même sous-groupe,_T,Total,Y20T64,De 20 à 64 ans,EMP,Employment,2020,,60.708,,A,Valeur normale,,,1,One
DATAFLOW,OECD.ELS.SAE:DSD_LFS@DF_LFS_INDIC(1.1),Emploi et chômage par groupe d'âge quinquennal et par sexe - indicateurs,I,CRI,Costa Rica,EMP_RATIO,Employment to population ratio,PT_POP_SUB,Pourcentage de la population dans le même sous-groupe,_T,Total,Y20T64,De 20 à 64 ans,EMP,Employment,2020,,60.656,,A,Valeur normale,,,1,One
DATAFLOW,OECD.ELS.SAE:DSD_LFS@DF_LFS_INDIC(1.1),Emploi et chômage par groupe d'âge quinquennal et par sexe - indicateurs,I,CZE,Tchéquie,EMP_RATIO,Employment to population ratio,PT_POP_SUB,Pourcentage de la population dans le même sous-groupe,_T,Total,Y20T64,De 20 à 64 ans,EMP,Employment,2020,,79.719,,A,Valeur normale,,,1,One
DATAFLOW,OECD.ELS.SAE:DSD_LFS@DF_LFS_INDIC(1.1),Emploi et chômage par groupe d'âge quinquennal et par sexe - indicateurs,I,EST,Estonie,EMP_RATIO,Employment to population ratio,PT_POP_SUB,Pourcentage de la population dans le même sous-groupe,_T,Total,Y20T64,De 20 à 64 ans,EMP,Employment,2020,,78.991,,A,Valeur normale,,,1,One
DATAFLOW,OECD.ELS.SAE:DSD_LFS@DF_LFS_INDIC(1.1),Emploi et chômage par groupe d'âge quinquennal et par sexe - indicateurs,I,FIN,Finlande,EMP_RATIO,Employment to population ratio,PT_POP_SUB,Pourcentage de la population dans le même sous-groupe,_T,Total,Y20T64,De 20 à 64 ans,EMP,Employment,2020,,76.555,,A,Valeur normale,,,1,One
DATAFLOW,OECD.ELS.SAE:DSD_LFS@DF_LFS_INDIC(1.1),Emploi et chômage par groupe d'âge quinquennal et par sexe - indicateurs,I,FRA,France,EMP_RATIO,Employment to population ratio,PT_POP_SUB,Pourcentage de la population dans le même sous-groupe,_T,Total,Y20T64,De 20 à 64 ans,EMP,Employment,2020,,71.398,,A,Valeur normale,,,1,One
DATAFLOW,OECD.ELS.SAE:DSD_LFS@DF_LFS_INDIC(1.1),Emploi et chômage par groupe d'âge quinquennal et par sexe - indicateurs,I,DEU,Allemagne,EMP_RATIO,Employment to population ratio,PT_POP_SUB,Pourcentage de la population dans le même sous-groupe,_T,Total,Y20T64,De 20 à 64 ans,EMP,Employment,2020,,79.185,,A,Valeur normale,,,1,One
DATAFLOW,OECD.ELS.SAE:DSD_LFS@DF_LFS_INDIC(1.1),Emploi et chômage par groupe d'âge quinquennal et par sexe - indicateurs,I,GRC,Grèce,EMP_RATIO,Employment to population ratio,PT_POP_SUB,Pourcentage de la population dans le même sous-groupe,_T,Total,Y20T64,De 20 à 64 ans,EMP,Employment,2020,,61.136,,A,Valeur normale,,,1,One
DATAFLOW,OECD.ELS.SAE:DSD_LFS@DF_LFS_INDIC(1.1),Emploi et chômage par groupe d'âge quinquennal et par sexe - indicateurs,I,ISL,Islande,EMP_RATIO,Employment to population ratio,PT_POP_SUB,Pourcentage de la population dans le même sous-groupe,_T,Total,Y20T64,De 20 à 64 ans,EMP,Employment,2020,,80.06,,A,Valeur normale,,,1,One
DATAFLOW,OECD.ELS.SAE:DSD_LFS@DF_LFS_INDIC(1.1),Emploi et chômage par groupe d'âge quinquennal et par sexe - indicateurs,I,IRL,Irlande,EMP_RATIO,Employment to population ratio,PT_POP_SUB,Pourcentage de la population dans le même sous-groupe,_T,Total,Y20T64,De 20 à 64 ans,EMP,Employment,2020,,73.837,,A,Valeur normale,,,1,One
DATAFLOW,OECD.ELS.SAE:DSD_LFS@DF_LFS_INDIC(1.1),Emploi et chômage par groupe d'âge quinquennal et par sexe - indicateurs,I,ISR,Israël,EMP_RATIO,Employment to population ratio,PT_POP_SUB,Pourcentage de la population dans le même sous-groupe,_T,Total,Y20T64,De 20 à 64 ans,EMP,Employment,2020,,73.879,,A,Valeur normale,,,1,One
DATAFLOW,OECD.ELS.SAE:DSD_LFS@DF_LFS_INDIC(1.1),Emploi et chômage par groupe d'âge quinquennal et par sexe - indicateurs,I,ITA,Italie,EMP_RATIO,Employment to population ratio,PT_POP_SUB,Pourcentage de la population dans le même sous-groupe,_T,Total,Y20T64,De 20 à 64 ans,EMP,Employment,2020,,62.539,,A,Valeur normale,,,1,One
DATAFLOW,OECD.ELS.SAE:DSD_LFS@DF_LFS_INDIC(1.1),Emploi et chômage par groupe d'âge quinquennal et par sexe - indicateurs,I,JPN,Japon,EMP_RATIO,Employment to population ratio,PT_POP_SUB,Pourcentage de la population dans le même sous-groupe,_T,Total,Y20T64,De 20 à 64 ans,EMP,Employment,2020,,82.175,,A,Valeur normale,,,1,One
DATAFLOW,OECD.ELS.SAE:DSD_LFS@DF_LFS_INDIC(1.1),Emploi et chômage par groupe d'âge quinquennal et par sexe - indicateurs,I,KOR,Corée,EMP_RATIO,Employment to population ratio,PT_POP_SUB,Pourcentage de la population dans le même sous-groupe,_T,Total,Y20T64,De 20 à 64 ans,EMP,Employment,2020,,70.11,,A,Valeur normale,,,1,One
DATAFLOW,OECD.ELS.SAE:DSD_LFS@DF_LFS_INDIC(1.1),Emploi et chômage par groupe d'âge quinquennal et par sexe - indicateurs,I,LVA,Lettonie,EMP_RATIO,Employment to population ratio,PT_POP_SUB,Pourcentage de la population dans le même sous-groupe,_T,Total,Y20T64,De 20 à 64 ans,EMP,Employment,2020,,77.019,,A,Valeur normale,,,1,One
DATAFLOW,OECD.ELS.SAE:DSD_LFS@DF_LFS_INDIC(1.1),Emploi et chômage par groupe d'âge quinquennal et par sexe - indicateurs,I,LTU,Lituanie,EMP_RATIO,Employment to population ratio,PT_POP_SUB,Pourcentage de la population dans le même sous-groupe,_T,Total,Y20T64,De 20 à 64 ans,EMP,Employment,2020,,76.653,,A,Valeur normale,,,1,One
DATAFLOW,OECD.ELS.SAE:DSD_LFS@DF_LFS_INDIC(1.1),Emploi et chômage par groupe d'âge quinquennal et par sexe - indicateurs,I,LUX,Luxembourg,EMP_RATIO,Employment to population ratio,PT_POP_SUB,Pourcentage de la population dans le même sous-groupe,_T,Total,Y20T64,De 20 à 64 ans,EMP,Employment,2020,,72.118,,A,Valeur normale,,,1,One
DATAFLOW,OECD.ELS.SAE:DSD_LFS@DF_LFS_INDIC(1.1),Emploi et chômage par groupe d'âge quinquennal et par sexe - indicateurs,I,MEX,Mexique,EMP_RATIO,Employment to population ratio,PT_POP_SUB,Pourcentage de la population dans le même sous-groupe,_T,Total,Y20T64,De 20 à 64 ans,EMP,Employment,2020,,64.562,,A,Valeur normale,,,1,One
DATAFLOW,OECD.ELS.SAE:DSD_LFS@DF_LFS_INDIC(1.1),Emploi et chômage par groupe d'âge quinquennal et par sexe - indicateurs,I,NLD,Pays-Bas,EMP_RATIO,Employment to population ratio,PT_POP_SUB,Pourcentage de la population dans le même sous-groupe,_T,Total,Y20T64,De 20 à 64 ans,EMP,Employment,2020,,80.843,,A,Valeur normale,,,1,One
DATAFLOW,OECD.ELS.SAE:DSD_LFS@DF_LFS_INDIC(1.1),Emploi et chômage par groupe d'âge quinquennal et par sexe - indicateurs,I,NOR,Norvège,EMP_RATIO,Employment to population ratio,PT_POP_SUB,Pourcentage de la population dans le même sous-groupe,_T,Total,Y20T64,De 20 à 64 ans,EMP,Employment,2020,,78.815,,A,Valeur normale,,,1,One
DATAFLOW,OECD.ELS.SAE:DSD_LFS@DF_LFS_INDIC(1.1),Emploi et chômage par groupe d'âge quinquennal et par sexe - indicateurs,I,SVK,République slovaque,EMP_RATIO,Employment to population ratio,PT_POP_SUB,Pourcentage de la population dans le même sous-groupe,_T,Total,Y20T64,De 20 à 64 ans,EMP,Employment,2020,,72.467,,A,Valeur normale,,,1,One
DATAFLOW,OECD.ELS.SAE:DSD_LFS@DF_LFS_INDIC(1.1),Emploi et chômage par groupe d'âge quinquennal et par sexe - indicateurs,I,SVN,Slovénie,EMP_RATIO,Employment to population ratio,PT_POP_SUB,Pourcentage de la population dans le même sous-groupe,_T,Total,Y20T64,De 20 à 64 ans,EMP,Employment,2020,,75.615,,A,Valeur normale,,,1,One
DATAFLOW,OECD.ELS.SAE:DSD_LFS@DF_LFS_INDIC(1.1),Emploi et chômage par groupe d'âge quinquennal et par sexe - indicateurs,I,ESP,Espagne,EMP_RATIO,Employment to population ratio,PT_POP_SUB,Pourcentage de la population dans le même sous-groupe,_T,Total,Y20T64,De 20 à 64 ans,EMP,Employment,2020,,65.726,,A,Valeur normale,,,1,One
DATAFLOW,OECD.ELS.SAE:DSD_LFS@DF_LFS_INDIC(1.1),Emploi et chômage par groupe d'âge quinquennal et par sexe - indicateurs,I,SWE,Suède,EMP_RATIO,Employment to population ratio,PT_POP_SUB,Pourcentage de la population dans le même sous-groupe,_T,Total,Y20T64,De 20 à 64 ans,EMP,Employment,2020,,80.771,,A,Valeur normale,,,1,One
DATAFLOW,OECD.ELS.SAE:DSD_LFS@DF_LFS_INDIC(1.1),Emploi et chômage par groupe d'âge quinquennal et par sexe - indicateurs,I,CHE,Suisse,EMP_RATIO,Employment to population ratio,PT_POP_SUB,Pourcentage de la population dans le même sous-groupe,_T,Total,Y20T64,De 20 à 64 ans,EMP,Employment,2020,,82.467,,A,Valeur normale,,,1,One
DATAFLOW,OECD.ELS.SAE:DSD_LFS@DF_LFS_INDIC(1.1),Emploi et chômage par groupe d'âge quinquennal et par sexe - indicateurs,I,TUR,Türkiye,EMP_RATIO,Employment to population ratio,PT_POP_SUB,Pourcentage de la population dans le même sous-groupe,_T,Total,Y20T64,De 20 à 64 ans,EMP,Employment,2020,,51.058,,A,Valeur normale,,,1,One
DATAFLOW,OECD.ELS.SAE:DSD_LFS@DF_LFS_INDIC(1.1),Emploi et chômage par groupe d'âge quinquennal et par sexe - indicateurs,I,GBR,Royaume-Uni,EMP_RATIO,Employment to population ratio,PT_POP_SUB,Pourcentage de la population dans le même sous-groupe,_T,Total,Y20T64,De 20 à 64 ans,EMP,Employment,2020,,78.275,,A,Valeur normale,,,1,One
DATAFLOW,OECD.ELS.SAE:DSD_LFS@DF_LFS_INDIC(1.1),Emploi et chômage par groupe d'âge quinquennal et par sexe - indicateurs,I,USA,États-Unis,EMP_RATIO,Employment to population ratio,PT_POP_SUB,Pourcentage de la population dans le même sous-groupe,_T,Total,Y20T64,De 20 à 64 ans,EMP,Employment,2020,,70.463,,A,Valeur normale,,,1,One
DATAFLOW,OECD.ELS.SAE:DSD_LFS@DF_LFS_INDIC(1.1),Emploi et chômage par groupe d'âge quinquennal et par sexe - indicateurs,I,BRA,Brésil,EMP_RATIO,Employment to population ratio,PT_POP_SUB,Pourcentage de la population dans le même sous-groupe,_T,Total,Y20T64,De 20 à 64 ans,EMP,Employment,2020,,62.18,,A,Valeur normale,,,1,One
DATAFLOW,OECD.ELS.SAE:DSD_LFS@DF_LFS_INDIC(1.1),Emploi et chômage par groupe d'âge quinquennal et par sexe - indicateurs,I,IND,Inde,EMP_RATIO,Employment to population ratio,PT_POP_SUB,Pourcentage de la population dans le même sous-groupe,_T,Total,Y20T64,De 20 à 64 ans,EMP,Employment,2020,,55.167,,A,Valeur normale,,,1,One
DATAFLOW,OECD.ELS.SAE:DSD_LFS@DF_LFS_INDIC(1.1),Emploi et chômage par groupe d'âge quinquennal et par sexe - indicateurs,I,MLT,Malte,EMP_RATIO,Employment to population ratio,PT_POP_SUB,Pourcentage de la population dans le même sous-groupe,_T,Total,Y20T64,De 20 à 64 ans,EMP,Employment,2020,,76.03,,A,Valeur normale,,,1,One
DATAFLOW,OECD.ELS.SAE:DSD_LFS@DF_LFS_INDIC(1.1),Emploi et chômage par groupe d'âge quinquennal et par sexe - indicateurs,I,MKD,Macédoine du Nord,EMP_RATIO,Employment to population ratio,PT_POP_SUB,Pourcentage de la population dans le même sous-groupe,_T,Total,Y20T64,De 20 à 64 ans,EMP,Employment,2020,,59.065,,A,Valeur normale,,,1,One
DATAFLOW,OECD.ELS.SAE:DSD_LFS@DF_LFS_INDIC(1.1),Emploi et chômage par groupe d'âge quinquennal et par sexe - indicateurs,I,ROU,Roumanie,EMP_RATIO,Employment to population ratio,PT_POP_SUB,Pourcentage de la population dans le même sous-groupe,_T,Total,Y20T64,De 20 à 64 ans,EMP,Employment,2020,,70.771,,A,Valeur normale,,,1,One
DATAFLOW,OECD.ELS.SAE:DSD_LFS@DF_LFS_INDIC(1.1),Emploi et chômage par groupe d'âge quinquennal et par sexe - indicateurs,I,RUS,Russie,EMP_RATIO,Employment to population ratio,PT_POP_SUB,Pourcentage de la population dans le même sous-groupe,_T,Total,Y20T64,De 20 à 64 ans,EMP,Employment,2020,,74.924,,A,Valeur normale,,,1,One
DATAFLOW,OECD.ELS.SAE:DSD_LFS@DF_LFS_INDIC(1.1),Emploi et chômage par groupe d'âge quinquennal et par sexe - indicateurs,I,ZAF,Afrique du Sud,EMP_RATIO,Employment to population ratio,PT_POP_SUB,Pourcentage de la population dans le même sous-groupe,_T,Total,Y20T64,De 20 à 64 ans,EMP,Employment,2020,,44.095,,A,Valeur normale,,,1,One
DATAFLOW,OECD.ELS.SAE:DSD_LFS@DF_LFS_INDIC(1.1),Emploi et chômage par groupe d'âge quinquennal et par sexe - indicateurs,I,AUT,Autriche,EMP_RATIO,Employment to population ratio,PT_POP_SUB,Pourcentage de la population dans le même sous-groupe,_T,Total,Y20T64,De 20 à 64 ans,EMP,Employment,2021,,75.589,,A,Valeur normale,,,1,One
DATAFLOW,OECD.ELS.SAE:DSD_LFS@DF_LFS_INDIC(1.1),Emploi et chômage par groupe d'âge quinquennal et par sexe - indicateurs,I,BEL,Belgique,EMP_RATIO,Employment to population ratio,PT_POP_SUB,Pourcentage de la population dans le même sous-groupe,_T,Total,Y20T64,De 20 à 64 ans,EMP,Employment,2021,,70.624,,A,Valeur normale,,,1,One
DATAFLOW,OECD.ELS.SAE:DSD_LFS@DF_LFS_INDIC(1.1),Emploi et chômage par groupe d'âge quinquennal et par sexe - indicateurs,I,CHL,Chili,EMP_RATIO,Employment to population ratio,PT_POP_SUB,Pourcentage de la population dans le même sous-groupe,_T,Total,Y20T64,De 20 à 64 ans,EMP,Employment,2021,,63.828,,A,Valeur normale,,,1,One
DATAFLOW,OECD.ELS.SAE:DSD_LFS@DF_LFS_INDIC(1.1),Emploi et chômage par groupe d'âge quinquennal et par sexe - indicateurs,I,COL,Colombie,EMP_RATIO,Employment to population ratio,PT_POP_SUB,Pourcentage de la population dans le même sous-groupe,_T,Total,Y20T64,De 20 à 64 ans,EMP,Employment,2021,,63.546,,A,Valeur normale,,,1,One
DATAFLOW,OECD.ELS.SAE:DSD_LFS@DF_LFS_INDIC(1.1),Emploi et chômage par groupe d'âge quinquennal et par sexe - indicateurs,I,CRI,Costa Rica,EMP_RATIO,Employment to population ratio,PT_POP_SUB,Pourcentage de la population dans le même sous-groupe,_T,Total,Y20T64,De 20 à 64 ans,EMP,Employment,2021,,63.575,,A,Valeur normale,,,1,One
DATAFLOW,OECD.ELS.SAE:DSD_LFS@DF_LFS_INDIC(1.1),Emploi et chômage par groupe d'âge quinquennal et par sexe - indicateurs,I,CZE,Tchéquie,EMP_RATIO,Employment to population ratio,PT_POP_SUB,Pourcentage de la population dans le même sous-groupe,_T,Total,Y20T64,De 20 à 64 ans,EMP,Employment,2021,,79.955,,A,Valeur normale,,,1,One
DATAFLOW,OECD.ELS.SAE:DSD_LFS@DF_LFS_INDIC(1.1),Emploi et chômage par groupe d'âge quinquennal et par sexe - indicateurs,I,DNK,Danemark,EMP_RATIO,Employment to population ratio,PT_POP_SUB,Pourcentage de la population dans le même sous-groupe,_T,Total,Y20T64,De 20 à 64 ans,EMP,Employment,2021,,79.144,,A,Valeur normale,,,1,One
DATAFLOW,OECD.ELS.SAE:DSD_LFS@DF_LFS_INDIC(1.1),Emploi et chômage par groupe d'âge quinquennal et par sexe - indicateurs,I,EST,Estonie,EMP_RATIO,Employment to population ratio,PT_POP_SUB,Pourcentage de la population dans le même sous-groupe,_T,Total,Y20T64,De 20 à 64 ans,EMP,Employment,2021,,79.341,,A,Valeur normale,,,1,One
DATAFLOW,OECD.ELS.SAE:DSD_LFS@DF_LFS_INDIC(1.1),Emploi et chômage par groupe d'âge quinquennal et par sexe - indicateurs,I,FIN,Finlande,EMP_RATIO,Employment to population ratio,PT_POP_SUB,Pourcentage de la population dans le même sous-groupe,_T,Total,Y20T64,De 20 à 64 ans,EMP,Employment,2021,,76.92,,A,Valeur normale,,,1,One
DATAFLOW,OECD.ELS.SAE:DSD_LFS@DF_LFS_INDIC(1.1),Emploi et chômage par groupe d'âge quinquennal et par sexe - indicateurs,I,FRA,France,EMP_RATIO,Employment to population ratio,PT_POP_SUB,Pourcentage de la population dans le même sous-groupe,_T,Total,Y20T64,De 20 à 64 ans,EMP,Employment,2021,,73.189,,A,Valeur normale,,,1,One
DATAFLOW,OECD.ELS.SAE:DSD_LFS@DF_LFS_INDIC(1.1),Emploi et chômage par groupe d'âge quinquennal et par sexe - indicateurs,I,DEU,Allemagne,EMP_RATIO,Employment to population ratio,PT_POP_SUB,Pourcentage de la population dans le même sous-groupe,_T,Total,Y20T64,De 20 à 64 ans,EMP,Employment,2021,,79.37,,A,Valeur normale,,,1,One
DATAFLOW,OECD.ELS.SAE:DSD_LFS@DF_LFS_INDIC(1.1),Emploi et chômage par groupe d'âge quinquennal et par sexe - indicateurs,I,GRC,Grèce,EMP_RATIO,Employment to population ratio,PT_POP_SUB,Pourcentage de la population dans le même sous-groupe,_T,Total,Y20T64,De 20 à 64 ans,EMP,Employment,2021,,62.56,,A,Valeur normale,,,1,One
DATAFLOW,OECD.ELS.SAE:DSD_LFS@DF_LFS_INDIC(1.1),Emploi et chômage par groupe d'âge quinquennal et par sexe - indicateurs,I,ISL,Islande,EMP_RATIO,Employment to population ratio,PT_POP_SUB,Pourcentage de la population dans le même sous-groupe,_T,Total,Y20T64,De 20 à 64 ans,EMP,Employment,2021,,81.375,,A,Valeur normale,,,1,One
DATAFLOW,OECD.ELS.SAE:DSD_LFS@DF_LFS_INDIC(1.1),Emploi et chômage par groupe d'âge quinquennal et par sexe - indicateurs,I,ISR,Israël,EMP_RATIO,Employment to population ratio,PT_POP_SUB,Pourcentage de la population dans le même sous-groupe,_T,Total,Y20T64,De 20 à 64 ans,EMP,Employment,2021,,73.421,,A,Valeur normale,,,1,One
DATAFLOW,OECD.ELS.SAE:DSD_LFS@DF_LFS_INDIC(1.1),Emploi et chômage par groupe d'âge quinquennal et par sexe - indicateurs,I,ITA,Italie,EMP_RATIO,Employment to population ratio,PT_POP_SUB,Pourcentage de la population dans le même sous-groupe,_T,Total,Y20T64,De 20 à 64 ans,EMP,Employment,2021,,62.747,,A,Valeur normale,,,1,One
DATAFLOW,OECD.ELS.SAE:DSD_LFS@DF_LFS_INDIC(1.1),Emploi et chômage par groupe d'âge quinquennal et par sexe - indicateurs,I,JPN,Japon,EMP_RATIO,Employment to population ratio,PT_POP_SUB,Pourcentage de la population dans le même sous-groupe,_T,Total,Y20T64,De 20 à 64 ans,EMP,Employment,2021,,82.499,,A,Valeur normale,,,1,One
DATAFLOW,OECD.ELS.SAE:DSD_LFS@DF_LFS_INDIC(1.1),Emploi et chômage par groupe d'âge quinquennal et par sexe - indicateurs,I,KOR,Corée,EMP_RATIO,Employment to population ratio,PT_POP_SUB,Pourcentage de la population dans le même sous-groupe,_T,Total,Y20T64,De 20 à 64 ans,EMP,Employment,2021,,70.522,,A,Valeur normale,,,1,One
DATAFLOW,OECD.ELS.SAE:DSD_LFS@DF_LFS_INDIC(1.1),Emploi et chômage par groupe d'âge quinquennal et par sexe - indicateurs,I,LVA,Lettonie,EMP_RATIO,Employment to population ratio,PT_POP_SUB,Pourcentage de la population dans le même sous-groupe,_T,Total,Y20T64,De 20 à 64 ans,EMP,Employment,2021,,75.286,,A,Valeur normale,,,1,One
DATAFLOW,OECD.ELS.SAE:DSD_LFS@DF_LFS_INDIC(1.1),Emploi et chômage par groupe d'âge quinquennal et par sexe - indicateurs,I,LTU,Lituanie,EMP_RATIO,Employment to population ratio,PT_POP_SUB,Pourcentage de la population dans le même sous-groupe,_T,Total,Y20T64,De 20 à 64 ans,EMP,Employment,2021,,77.415,,A,Valeur normale,,,1,One
DATAFLOW,OECD.ELS.SAE:DSD_LFS@DF_LFS_INDIC(1.1),Emploi et chômage par groupe d'âge quinquennal et par sexe - indicateurs,I,LUX,Luxembourg,EMP_RATIO,Employment to population ratio,PT_POP_SUB,Pourcentage de la population dans le même sous-groupe,_T,Total,Y20T64,De 20 à 64 ans,EMP,Employment,2021,,74.093,,A,Valeur normale,,,1,One
DATAFLOW,OECD.ELS.SAE:DSD_LFS@DF_LFS_INDIC(1.1),Emploi et chômage par groupe d'âge quinquennal et par sexe - indicateurs,I,MEX,Mexique,EMP_RATIO,Employment to population ratio,PT_POP_SUB,Pourcentage de la population dans le même sous-groupe,_T,Total,Y20T64,De 20 à 64 ans,EMP,Employment,2021,,65.971,,A,Valeur normale,,,1,One
DATAFLOW,OECD.ELS.SAE:DSD_LFS@DF_LFS_INDIC(1.1),Emploi et chômage par groupe d'âge quinquennal et par sexe - indicateurs,I,NLD,Pays-Bas,EMP_RATIO,Employment to population ratio,PT_POP_SUB,Pourcentage de la population dans le même sous-groupe,_T,Total,Y20T64,De 20 à 64 ans,EMP,Employment,2021,,81.657,,A,Valeur normale,,,1,One
DATAFLOW,OECD.ELS.SAE:DSD_LFS@DF_LFS_INDIC(1.1),Emploi et chômage par groupe d'âge quinquennal et par sexe - indicateurs,I,NOR,Norvège,EMP_RATIO,Employment to population ratio,PT_POP_SUB,Pourcentage de la population dans le même sous-groupe,_T,Total,Y20T64,De 20 à 64 ans,EMP,Employment,2021,,79.952,,A,Valeur normale,,,1,One
DATAFLOW,OECD.ELS.SAE:DSD_LFS@DF_LFS_INDIC(1.1),Emploi et chômage par groupe d'âge quinquennal et par sexe - indicateurs,I,SVK,République slovaque,EMP_RATIO,Employment to population ratio,PT_POP_SUB,Pourcentage de la population dans le même sous-groupe,_T,Total,Y20T64,De 20 à 64 ans,EMP,Employment,2021,,74.645,,A,Valeur normale,,,1,One
DATAFLOW,OECD.ELS.SAE:DSD_LFS@DF_LFS_INDIC(1.1),Emploi et chômage par groupe d'âge quinquennal et par sexe - indicateurs,I,SVN,Slovénie,EMP_RATIO,Employment to population ratio,PT_POP_SUB,Pourcentage de la population dans le même sous-groupe,_T,Total,Y20T64,De 20 à 64 ans,EMP,Employment,2021,,76.093,,A,Valeur normale,,,1,One
DATAFLOW,OECD.ELS.SAE:DSD_LFS@DF_LFS_INDIC(1.1),Emploi et chômage par groupe d'âge quinquennal et par sexe - indicateurs,I,ESP,Espagne,EMP_RATIO,Employment to population ratio,PT_POP_SUB,Pourcentage de la population dans le même sous-groupe,_T,Total,Y20T64,De 20 à 64 ans,EMP,Employment,2021,,67.477,,A,Valeur normale,,,1,One
DATAFLOW,OECD.ELS.SAE:DSD_LFS@DF_LFS_INDIC(1.1),Emploi et chômage par groupe d'âge quinquennal et par sexe - indicateurs,I,SWE,Suède,EMP_RATIO,Employment to population ratio,PT_POP_SUB,Pourcentage de la population dans le même sous-groupe,_T,Total,Y20T64,De 20 à 64 ans,EMP,Employment,2021,,80.438,,A,Valeur normale,,,1,One
DATAFLOW,OECD.ELS.SAE:DSD_LFS@DF_LFS_INDIC(1.1),Emploi et chômage par groupe d'âge quinquennal et par sexe - indicateurs,I,TUR,Türkiye,EMP_RATIO,Employment to population ratio,PT_POP_SUB,Pourcentage de la population dans le même sous-groupe,_T,Total,Y20T64,De 20 à 64 ans,EMP,Employment,2021,,53.885,,A,Valeur normale,,,1,One
DATAFLOW,OECD.ELS.SAE:DSD_LFS@DF_LFS_INDIC(1.1),Emploi et chômage par groupe d'âge quinquennal et par sexe - indicateurs,I,GBR,Royaume-Uni,EMP_RATIO,Employment to population ratio,PT_POP_SUB,Pourcentage de la population dans le même sous-groupe,_T,Total,Y20T64,De 20 à 64 ans,EMP,Employment,2021,,78.049,,A,Valeur normale,,,1,One
DATAFLOW,OECD.ELS.SAE:DSD_LFS@DF_LFS_INDIC(1.1),Emploi et chômage par groupe d'âge quinquennal et par sexe - indicateurs,I,USA,États-Unis,EMP_RATIO,Employment to population ratio,PT_POP_SUB,Pourcentage de la population dans le même sous-groupe,_T,Total,Y20T64,De 20 à 64 ans,EMP,Employment,2021,,72.661,,A,Valeur normale,,,1,One
DATAFLOW,OECD.ELS.SAE:DSD_LFS@DF_LFS_INDIC(1.1),Emploi et chômage par groupe d'âge quinquennal et par sexe - indicateurs,I,BRA,Brésil,EMP_RATIO,Employment to population ratio,PT_POP_SUB,Pourcentage de la population dans le même sous-groupe,_T,Total,Y20T64,De 20 à 64 ans,EMP,Employment,2021,,63.625,,A,Valeur normale,,,1,One
DATAFLOW,OECD.ELS.SAE:DSD_LFS@DF_LFS_INDIC(1.1),Emploi et chômage par groupe d'âge quinquennal et par sexe - indicateurs,I,MLT,Malte,EMP_RATIO,Employment to population ratio,PT_POP_SUB,Pourcentage de la population dans le même sous-groupe,_T,Total,Y20T64,De 20 à 64 ans,EMP,Employment,2021,,77.834,,A,Valeur normale,,,1,One
DATAFLOW,OECD.ELS.SAE:DSD_LFS@DF_LFS_INDIC(1.1),Emploi et chômage par groupe d'âge quinquennal et par sexe - indicateurs,I,ROU,Roumanie,EMP_RATIO,Employment to population ratio,PT_POP_SUB,Pourcentage de la population dans le même sous-groupe,_T,Total,Y20T64,De 20 à 64 ans,EMP,Employment,2021,,67.085,,A,Valeur normale,,,1,One
DATAFLOW,OECD.ELS.SAE:DSD_LFS@DF_LFS_INDIC(1.1),Emploi et chômage par groupe d'âge quinquennal et par sexe - indicateurs,I,RUS,Russie,EMP_RATIO,Employment to population ratio,PT_POP_SUB,Pourcentage de la population dans le même sous-groupe,_T,Total,Y20T64,De 20 à 64 ans,EMP,Employment,2021,,76.975,,A,Valeur normale,,,1,One
DATAFLOW,OECD.ELS.SAE:DSD_LFS@DF_LFS_INDIC(1.1),Emploi et chômage par groupe d'âge quinquennal et par sexe - indicateurs,I,ZAF,Afrique du Sud,EMP_RATIO,Employment to population ratio,PT_POP_SUB,Pourcentage de la population dans le même sous-groupe,_T,Total,Y20T64,De 20 à 64 ans,EMP,Employment,2021,,42.29,,A,Valeur normale,,,1,One
DATAFLOW,OECD.ELS.SAE:DSD_LFS@DF_LFS_INDIC(1.1),Emploi et chômage par groupe d'âge quinquennal et par sexe - indicateurs,I,AUT,Autriche,EMP_RATIO,Employment to population ratio,PT_POP_SUB,Pourcentage de la population dans le même sous-groupe,_T,Total,Y20T64,De 20 à 64 ans,EMP,Employment,2022,,77.273,,A,Valeur normale,,,1,One
DATAFLOW,OECD.ELS.SAE:DSD_LFS@DF_LFS_INDIC(1.1),Emploi et chômage par groupe d'âge quinquennal et par sexe - indicateurs,I,BEL,Belgique,EMP_RATIO,Employment to population ratio,PT_POP_SUB,Pourcentage de la population dans le même sous-groupe,_T,Total,Y20T64,De 20 à 64 ans,EMP,Employment,2022,,71.941,,A,Valeur normale,,,1,One
DATAFLOW,OECD.ELS.SAE:DSD_LFS@DF_LFS_INDIC(1.1),Emploi et chômage par groupe d'âge quinquennal et par sexe - indicateurs,I,CHL,Chili,EMP_RATIO,Employment to population ratio,PT_POP_SUB,Pourcentage de la population dans le même sous-groupe,_T,Total,Y20T64,De 20 à 64 ans,EMP,Employment,2022,,67.405,,A,Valeur normale,,,1,One
DATAFLOW,OECD.ELS.SAE:DSD_LFS@DF_LFS_INDIC(1.1),Emploi et chômage par groupe d'âge quinquennal et par sexe - indicateurs,I,COL,Colombie,EMP_RATIO,Employment to population ratio,PT_POP_SUB,Pourcentage de la population dans le même sous-groupe,_T,Total,Y20T64,De 20 à 64 ans,EMP,Employment,2022,,67.626,,A,Valeur normale,,,1,One
DATAFLOW,OECD.ELS.SAE:DSD_LFS@DF_LFS_INDIC(1.1),Emploi et chômage par groupe d'âge quinquennal et par sexe - indicateurs,I,CRI,Costa Rica,EMP_RATIO,Employment to population ratio,PT_POP_SUB,Pourcentage de la population dans le même sous-groupe,_T,Total,Y20T64,De 20 à 64 ans,EMP,Employment,2022,,66.757,,A,Valeur normale,,,1,One
DATAFLOW,OECD.ELS.SAE:DSD_LFS@DF_LFS_INDIC(1.1),Emploi et chômage par groupe d'âge quinquennal et par sexe - indicateurs,I,CZE,Tchéquie,EMP_RATIO,Employment to population ratio,PT_POP_SUB,Pourcentage de la population dans le même sous-groupe,_T,Total,Y20T64,De 20 à 64 ans,EMP,Employment,2022,,81.331,,A,Valeur normale,,,1,One
DATAFLOW,OECD.ELS.SAE:DSD_LFS@DF_LFS_INDIC(1.1),Emploi et chômage par groupe d'âge quinquennal et par sexe - indicateurs,I,DNK,Danemark,EMP_RATIO,Employment to population ratio,PT_POP_SUB,Pourcentage de la population dans le même sous-groupe,_T,Total,Y20T64,De 20 à 64 ans,EMP,Employment,2022,,80.49,,A,Valeur normale,,,1,One
DATAFLOW,OECD.ELS.SAE:DSD_LFS@DF_LFS_INDIC(1.1),Emploi et chômage par groupe d'âge quinquennal et par sexe - indicateurs,I,EST,Estonie,EMP_RATIO,Employment to population ratio,PT_POP_SUB,Pourcentage de la population dans le même sous-groupe,_T,Total,Y20T64,De 20 à 64 ans,EMP,Employment,2022,,81.852,,A,Valeur normale,,,1,One
DATAFLOW,OECD.ELS.SAE:DSD_LFS@DF_LFS_INDIC(1.1),Emploi et chômage par groupe d'âge quinquennal et par sexe - indicateurs,I,FIN,Finlande,EMP_RATIO,Employment to population ratio,PT_POP_SUB,Pourcentage de la population dans le même sous-groupe,_T,Total,Y20T64,De 20 à 64 ans,EMP,Employment,2022,,78.465,,A,Valeur normale,,,1,One
DATAFLOW,OECD.ELS.SAE:DSD_LFS@DF_LFS_INDIC(1.1),Emploi et chômage par groupe d'âge quinquennal et par sexe - indicateurs,I,FRA,France,EMP_RATIO,Employment to population ratio,PT_POP_SUB,Pourcentage de la population dans le même sous-groupe,_T,Total,Y20T64,De 20 à 64 ans,EMP,Employment,2022,,74.036,,A,Valeur normale,,,1,One
DATAFLOW,OECD.ELS.SAE:DSD_LFS@DF_LFS_INDIC(1.1),Emploi et chômage par groupe d'âge quinquennal et par sexe - indicateurs,I,GRC,Grèce,EMP_RATIO,Employment to population ratio,PT_POP_SUB,Pourcentage de la population dans le même sous-groupe,_T,Total,Y20T64,De 20 à 64 ans,EMP,Employment,2022,,66.316,,A,Valeur normale,,,1,One
DATAFLOW,OECD.ELS.SAE:DSD_LFS@DF_LFS_INDIC(1.1),Emploi et chômage par groupe d'âge quinquennal et par sexe - indicateurs,I,ISL,Islande,EMP_RATIO,Employment to population ratio,PT_POP_SUB,Pourcentage de la population dans le même sous-groupe,_T,Total,Y20T64,De 20 à 64 ans,EMP,Employment,2022,,84.838,,A,Valeur normale,,,1,One
DATAFLOW,OECD.ELS.SAE:DSD_LFS@DF_LFS_INDIC(1.1),Emploi et chômage par groupe d'âge quinquennal et par sexe - indicateurs,I,ISR,Israël,EMP_RATIO,Employment to population ratio,PT_POP_SUB,Pourcentage de la population dans le même sous-groupe,_T,Total,Y20T64,De 20 à 64 ans,EMP,Employment,2022,,76.277,,A,Valeur normale,,,1,One
DATAFLOW,OECD.ELS.SAE:DSD_LFS@DF_LFS_INDIC(1.1),Emploi et chômage par groupe d'âge quinquennal et par sexe - indicateurs,I,ITA,Italie,EMP_RATIO,Employment to population ratio,PT_POP_SUB,Pourcentage de la population dans le même sous-groupe,_T,Total,Y20T64,De 20 à 64 ans,EMP,Employment,2022,,64.809,,A,Valeur normale,,,1,One
DATAFLOW,OECD.ELS.SAE:DSD_LFS@DF_LFS_INDIC(1.1),Emploi et chômage par groupe d'âge quinquennal et par sexe - indicateurs,I,JPN,Japon,EMP_RATIO,Employment to population ratio,PT_POP_SUB,Pourcentage de la population dans le même sous-groupe,_T,Total,Y20T64,De 20 à 64 ans,EMP,Employment,2022,,83.163,,A,Valeur normale,,,1,One
DATAFLOW,OECD.ELS.SAE:DSD_LFS@DF_LFS_INDIC(1.1),Emploi et chômage par groupe d'âge quinquennal et par sexe - indicateurs,I,KOR,Corée,EMP_RATIO,Employment to population ratio,PT_POP_SUB,Pourcentage de la population dans le même sous-groupe,_T,Total,Y20T64,De 20 à 64 ans,EMP,Employment,2022,,72.512,,A,Valeur normale,,,1,One
DATAFLOW,OECD.ELS.SAE:DSD_LFS@DF_LFS_INDIC(1.1),Emploi et chômage par groupe d'âge quinquennal et par sexe - indicateurs,I,LVA,Lettonie,EMP_RATIO,Employment to population ratio,PT_POP_SUB,Pourcentage de la population dans le même sous-groupe,_T,Total,Y20T64,De 20 à 64 ans,EMP,Employment,2022,,76.979,,A,Valeur normale,,,1,One
DATAFLOW,OECD.ELS.SAE:DSD_LFS@DF_LFS_INDIC(1.1),Emploi et chômage par groupe d'âge quinquennal et par sexe - indicateurs,I,LTU,Lituanie,EMP_RATIO,Employment to population ratio,PT_POP_SUB,Pourcentage de la population dans le même sous-groupe,_T,Total,Y20T64,De 20 à 64 ans,EMP,Employment,2022,,79,,A,Valeur normale,,,1,One
DATAFLOW,OECD.ELS.SAE:DSD_LFS@DF_LFS_INDIC(1.1),Emploi et chômage par groupe d'âge quinquennal et par sexe - indicateurs,I,LUX,Luxembourg,EMP_RATIO,Employment to population ratio,PT_POP_SUB,Pourcentage de la population dans le même sous-groupe,_T,Total,Y20T64,De 20 à 64 ans,EMP,Employment,2022,,74.791,,A,Valeur normale,,,1,One
DATAFLOW,OECD.ELS.SAE:DSD_LFS@DF_LFS_INDIC(1.1),Emploi et chômage par groupe d'âge quinquennal et par sexe - indicateurs,I,MEX,Mexique,EMP_RATIO,Employment to population ratio,PT_POP_SUB,Pourcentage de la population dans le même sous-groupe,_T,Total,Y20T64,De 20 à 64 ans,EMP,Employment,2022,,67.806,,A,Valeur normale,,,1,One
DATAFLOW,OECD.ELS.SAE:DSD_LFS@DF_LFS_INDIC(1.1),Emploi et chômage par groupe d'âge quinquennal et par sexe - indicateurs,I,NLD,Pays-Bas,EMP_RATIO,Employment to population ratio,PT_POP_SUB,Pourcentage de la population dans le même sous-groupe,_T,Total,Y20T64,De 20 à 64 ans,EMP,Employment,2022,,82.923,,A,Valeur normale,,,1,One
DATAFLOW,OECD.ELS.SAE:DSD_LFS@DF_LFS_INDIC(1.1),Emploi et chômage par groupe d'âge quinquennal et par sexe - indicateurs,I,NOR,Norvège,EMP_RATIO,Employment to population ratio,PT_POP_SUB,Pourcentage de la population dans le même sous-groupe,_T,Total,Y20T64,De 20 à 64 ans,EMP,Employment,2022,,80.878,,A,Valeur normale,,,1,One
DATAFLOW,OECD.ELS.SAE:DSD_LFS@DF_LFS_INDIC(1.1),Emploi et chômage par groupe d'âge quinquennal et par sexe - indicateurs,I,SVK,République slovaque,EMP_RATIO,Employment to population ratio,PT_POP_SUB,Pourcentage de la population dans le même sous-groupe,_T,Total,Y20T64,De 20 à 64 ans,EMP,Employment,2022,,76.709,,A,Valeur normale,,,1,One
DATAFLOW,OECD.ELS.SAE:DSD_LFS@DF_LFS_INDIC(1.1),Emploi et chômage par groupe d'âge quinquennal et par sexe - indicateurs,I,SVN,Slovénie,EMP_RATIO,Employment to population ratio,PT_POP_SUB,Pourcentage de la population dans le même sous-groupe,_T,Total,Y20T64,De 20 à 64 ans,EMP,Employment,2022,,77.932,,A,Valeur normale,,,1,One
DATAFLOW,OECD.ELS.SAE:DSD_LFS@DF_LFS_INDIC(1.1),Emploi et chômage par groupe d'âge quinquennal et par sexe - indicateurs,I,ESP,Espagne,EMP_RATIO,Employment to population ratio,PT_POP_SUB,Pourcentage de la population dans le même sous-groupe,_T,Total,Y20T64,De 20 à 64 ans,EMP,Employment,2022,,69.301,,A,Valeur normale,,,1,One
DATAFLOW,OECD.ELS.SAE:DSD_LFS@DF_LFS_INDIC(1.1),Emploi et chômage par groupe d'âge quinquennal et par sexe - indicateurs,I,SWE,Suède,EMP_RATIO,Employment to population ratio,PT_POP_SUB,Pourcentage de la population dans le même sous-groupe,_T,Total,Y20T64,De 20 à 64 ans,EMP,Employment,2022,,82.044,,A,Valeur normale,,,1,One
DATAFLOW,OECD.ELS.SAE:DSD_LFS@DF_LFS_INDIC(1.1),Emploi et chômage par groupe d'âge quinquennal et par sexe - indicateurs,I,TUR,Türkiye,EMP_RATIO,Employment to population ratio,PT_POP_SUB,Pourcentage de la population dans le même sous-groupe,_T,Total,Y20T64,De 20 à 64 ans,EMP,Employment,2022,,56.542,,A,Valeur normale,,,1,One
DATAFLOW,OECD.ELS.SAE:DSD_LFS@DF_LFS_INDIC(1.1),Emploi et chômage par groupe d'âge quinquennal et par sexe - indicateurs,I,GBR,Royaume-Uni,EMP_RATIO,Employment to population ratio,PT_POP_SUB,Pourcentage de la population dans le même sous-groupe,_T,Total,Y20T64,De 20 à 64 ans,EMP,Employment,2022,,78.476,,A,Valeur normale,,,1,One
DATAFLOW,OECD.ELS.SAE:DSD_LFS@DF_LFS_INDIC(1.1),Emploi et chômage par groupe d'âge quinquennal et par sexe - indicateurs,I,USA,États-Unis,EMP_RATIO,Employment to population ratio,PT_POP_SUB,Pourcentage de la population dans le même sous-groupe,_T,Total,Y20T64,De 20 à 64 ans,EMP,Employment,2022,,74.723,,A,Valeur normale,,,1,One
DATAFLOW,OECD.ELS.SAE:DSD_LFS@DF_LFS_INDIC(1.1),Emploi et chômage par groupe d'âge quinquennal et par sexe - indicateurs,I,BRA,Brésil,EMP_RATIO,Employment to population ratio,PT_POP_SUB,Pourcentage de la population dans le même sous-groupe,_T,Total,Y20T64,De 20 à 64 ans,EMP,Employment,2022,,67.932,,A,Valeur normale,,,1,One
DATAFLOW,OECD.ELS.SAE:DSD_LFS@DF_LFS_INDIC(1.1),Emploi et chômage par groupe d'âge quinquennal et par sexe - indicateurs,I,BGR,Bulgarie,EMP_RATIO,Employment to population ratio,PT_POP_SUB,Pourcentage de la population dans le même sous-groupe,_T,Total,Y20T64,De 20 à 64 ans,EMP,Employment,2022,,75.872,,A,Valeur normale,,,1,One
DATAFLOW,OECD.ELS.SAE:DSD_LFS@DF_LFS_INDIC(1.1),Emploi et chômage par groupe d'âge quinquennal et par sexe - indicateurs,I,MLT,Malte,EMP_RATIO,Employment to population ratio,PT_POP_SUB,Pourcentage de la population dans le même sous-groupe,_T,Total,Y20T64,De 20 à 64 ans,EMP,Employment,2022,,80.069,,A,Valeur normale,,,1,One
DATAFLOW,OECD.ELS.SAE:DSD_LFS@DF_LFS_INDIC(1.1),Emploi et chômage par groupe d'âge quinquennal et par sexe - indicateurs,I,ROU,Roumanie,EMP_RATIO,Employment to population ratio,PT_POP_SUB,Pourcentage de la population dans le même sous-groupe,_T,Total,Y20T64,De 20 à 64 ans,EMP,Employment,2022,,68.545,,A,Valeur normale,,,1,One
DATAFLOW,OECD.ELS.SAE:DSD_LFS@DF_LFS_INDIC(1.1),Emploi et chômage par groupe d'âge quinquennal et par sexe - indicateurs,I,RUS,Russie,EMP_RATIO,Employment to population ratio,PT_POP_SUB,Pourcentage de la population dans le même sous-groupe,_T,Total,Y20T64,De 20 à 64 ans,EMP,Employment,2022,,78.25,,A,Valeur normale,,,1,One
DATAFLOW,OECD.ELS.SAE:DSD_LFS@DF_LFS_INDIC(1.1),Emploi et chômage par groupe d'âge quinquennal et par sexe - indicateurs,I,ZAF,Afrique du Sud,EMP_RATIO,Employment to population ratio,PT_POP_SUB,Pourcentage de la population dans le même sous-groupe,_T,Total,Y20T64,De 20 à 64 ans,EMP,Employment,2022,,43.988,,A,Valeur normale,,,1,One
DATAFLOW,OECD.ELS.SAE:DSD_LFS@DF_LFS_INDIC(1.1),Emploi et chômage par groupe d'âge quinquennal et par sexe - indicateurs,I,OECD,OCDE,EMP_RATIO,Employment to population ratio,PT_POP_SUB,Pourcentage de la population dans le même sous-groupe,_T,Total,Y20T64,De 20 à 64 ans,EMP,Employment,2023,,74.431,,A,Valeur normale,,,1,One
DATAFLOW,OECD.ELS.SAE:DSD_LFS@DF_LFS_INDIC(1.1),Emploi et chômage par groupe d'âge quinquennal et par sexe - indicateurs,I,OECD_REP,Pays moyen de l'OCDE,EMP_RATIO,Employment to population ratio,PT_POP_SUB,Pourcentage de la population dans le même sous-groupe,_T,Total,Y20T64,De 20 à 64 ans,EMP,Employment,2023,,76.525,,A,Valeur normale,,,1,One
DATAFLOW,OECD.ELS.SAE:DSD_LFS@DF_LFS_INDIC(1.1),Emploi et chômage par groupe d'âge quinquennal et par sexe - indicateurs,I,EU27,Union européenne (27 pays),EMP_RATIO,Employment to population ratio,PT_POP_SUB,Pourcentage de la population dans le même sous-groupe,_T,Total,Y20T64,De 20 à 64 ans,EMP,Employment,2011,,67.803,,A,Valeur normale,,,1,One
DATAFLOW,OECD.ELS.SAE:DSD_LFS@DF_LFS_INDIC(1.1),Emploi et chômage par groupe d'âge quinquennal et par sexe - indicateurs,I,EU22OECD,22 Membres de l'Union européenne et de l'OCDE,EMP_RATIO,Employment to population ratio,PT_POP_SUB,Pourcentage de la population dans le même sous-groupe,_T,Total,Y20T64,De 20 à 64 ans,EMP,Employment,2011,,68.178,,A,Valeur normale,,,1,One
DATAFLOW,OECD.ELS.SAE:DSD_LFS@DF_LFS_INDIC(1.1),Emploi et chômage par groupe d'âge quinquennal et par sexe - indicateurs,I,EU19OECD,19 Membres de l'Union européenne et de l'OCDE,EMP_RATIO,Employment to population ratio,PT_POP_SUB,Pourcentage de la population dans le même sous-groupe,_T,Total,Y20T64,De 20 à 64 ans,EMP,Employment,2011,,68.272,,A,Valeur normale,,,1,One
DATAFLOW,OECD.ELS.SAE:DSD_LFS@DF_LFS_INDIC(1.1),Emploi et chômage par groupe d'âge quinquennal et par sexe - indicateurs,I,G7,G7,EMP_RATIO,Employment to population ratio,PT_POP_SUB,Pourcentage de la population dans le même sous-groupe,_T,Total,Y20T64,De 20 à 64 ans,EMP,Employment,2011,,71.324,,A,Valeur normale,,,1,One
DATAFLOW,OECD.ELS.SAE:DSD_LFS@DF_LFS_INDIC(1.1),Emploi et chômage par groupe d'âge quinquennal et par sexe - indicateurs,I,OECD,OCDE,EMP_RATIO,Employment to population ratio,PT_POP_SUB,Pourcentage de la population dans le même sous-groupe,_T,Total,Y20T64,De 20 à 64 ans,EMP,Employment,2011,,69.09,,A,Valeur normale,,,1,One
DATAFLOW,OECD.ELS.SAE:DSD_LFS@DF_LFS_INDIC(1.1),Emploi et chômage par groupe d'âge quinquennal et par sexe - indicateurs,I,OECD_REP,Pays moyen de l'OCDE,EMP_RATIO,Employment to population ratio,PT_POP_SUB,Pourcentage de la population dans le même sous-groupe,_T,Total,Y20T64,De 20 à 64 ans,EMP,Employment,2011,,69.983,,A,Valeur normale,,,1,One
DATAFLOW,OECD.ELS.SAE:DSD_LFS@DF_LFS_INDIC(1.1),Emploi et chômage par groupe d'âge quinquennal et par sexe - indicateurs,I,PRT,Portugal,EMP_RATIO,Employment to population ratio,PT_POP_SUB,Pourcentage de la population dans le même sous-groupe,_T,Total,Y20T64,De 20 à 64 ans,EMP,Employment,2011,,66.624,,A,Valeur normale,,,1,One
DATAFLOW,OECD.ELS.SAE:DSD_LFS@DF_LFS_INDIC(1.1),Emploi et chômage par groupe d'âge quinquennal et par sexe - indicateurs,I,CAN,Canada,EMP_RATIO,Employment to population ratio,PT_POP_SUB,Pourcentage de la population dans le même sous-groupe,_T,Total,Y20T64,De 20 à 64 ans,EMP,Employment,2011,,74.943,,A,Valeur normale,,,1,One
DATAFLOW,OECD.ELS.SAE:DSD_LFS@DF_LFS_INDIC(1.1),Emploi et chômage par groupe d'âge quinquennal et par sexe - indicateurs,I,PRT,Portugal,EMP_RATIO,Employment to population ratio,PT_POP_SUB,Pourcentage de la population dans le même sous-groupe,_T,Total,Y20T64,De 20 à 64 ans,EMP,Employment,2015,,67.891,,A,Valeur normale,,,1,One
DATAFLOW,OECD.ELS.SAE:DSD_LFS@DF_LFS_INDIC(1.1),Emploi et chômage par groupe d'âge quinquennal et par sexe - indicateurs,I,G7,G7,EMP_RATIO,Employment to population ratio,PT_POP_SUB,Pourcentage de la population dans le même sous-groupe,_T,Total,Y20T64,De 20 à 64 ans,EMP,Employment,2015,,73.178,,A,Valeur normale,,,1,One
DATAFLOW,OECD.ELS.SAE:DSD_LFS@DF_LFS_INDIC(1.1),Emploi et chômage par groupe d'âge quinquennal et par sexe - indicateurs,I,OECD,OCDE,EMP_RATIO,Employment to population ratio,PT_POP_SUB,Pourcentage de la population dans le même sous-groupe,_T,Total,Y20T64,De 20 à 64 ans,EMP,Employment,2015,,70.667,,A,Valeur normale,,,1,One
DATAFLOW,OECD.ELS.SAE:DSD_LFS@DF_LFS_INDIC(1.1),Emploi et chômage par groupe d'âge quinquennal et par sexe - indicateurs,I,OECD_REP,Pays moyen de l'OCDE,EMP_RATIO,Employment to population ratio,PT_POP_SUB,Pourcentage de la population dans le même sous-groupe,_T,Total,Y20T64,De 20 à 64 ans,EMP,Employment,2015,,71.838,,A,Valeur normale,,,1,One
DATAFLOW,OECD.ELS.SAE:DSD_LFS@DF_LFS_INDIC(1.1),Emploi et chômage par groupe d'âge quinquennal et par sexe - indicateurs,I,EU19OECD,19 Membres de l'Union européenne et de l'OCDE,EMP_RATIO,Employment to population ratio,PT_POP_SUB,Pourcentage de la population dans le même sous-groupe,_T,Total,Y20T64,De 20 à 64 ans,EMP,Employment,2015,,68.903,,A,Valeur normale,,,1,One
DATAFLOW,OECD.ELS.SAE:DSD_LFS@DF_LFS_INDIC(1.1),Emploi et chômage par groupe d'âge quinquennal et par sexe - indicateurs,I,HRV,Croatie,EMP_RATIO,Employment to population ratio,PT_POP_SUB,Pourcentage de la population dans le même sous-groupe,_T,Total,Y20T64,De 20 à 64 ans,EMP,Employment,2015,,60.512,,A,Valeur normale,,,1,One
DATAFLOW,OECD.ELS.SAE:DSD_LFS@DF_LFS_INDIC(1.1),Emploi et chômage par groupe d'âge quinquennal et par sexe - indicateurs,I,CAN,Canada,EMP_RATIO,Employment to population ratio,PT_POP_SUB,Pourcentage de la population dans le même sous-groupe,_T,Total,Y20T64,De 20 à 64 ans,EMP,Employment,2015,,75.476,,A,Valeur normale,,,1,One
DATAFLOW,OECD.ELS.SAE:DSD_LFS@DF_LFS_INDIC(1.1),Emploi et chômage par groupe d'âge quinquennal et par sexe - indicateurs,I,CAN,Canada,EMP_RATIO,Employment to population ratio,PT_POP_SUB,Pourcentage de la population dans le même sous-groupe,_T,Total,Y20T64,De 20 à 64 ans,EMP,Employment,2014,,75.331,,A,Valeur normale,,,1,One
DATAFLOW,OECD.ELS.SAE:DSD_LFS@DF_LFS_INDIC(1.1),Emploi et chômage par groupe d'âge quinquennal et par sexe - indicateurs,I,PRT,Portugal,EMP_RATIO,Employment to population ratio,PT_POP_SUB,Pourcentage de la population dans le même sous-groupe,_T,Total,Y20T64,De 20 à 64 ans,EMP,Employment,2014,,66.057,,A,Valeur normale,,,1,One
DATAFLOW,OECD.ELS.SAE:DSD_LFS@DF_LFS_INDIC(1.1),Emploi et chômage par groupe d'âge quinquennal et par sexe - indicateurs,I,G7,G7,EMP_RATIO,Employment to population ratio,PT_POP_SUB,Pourcentage de la population dans le même sous-groupe,_T,Total,Y20T64,De 20 à 64 ans,EMP,Employment,2014,,72.661,,A,Valeur normale,,,1,One
DATAFLOW,OECD.ELS.SAE:DSD_LFS@DF_LFS_INDIC(1.1),Emploi et chômage par groupe d'âge quinquennal et par sexe - indicateurs,I,OECD_REP,Pays moyen de l'OCDE,EMP_RATIO,Employment to population ratio,PT_POP_SUB,Pourcentage de la population dans le même sous-groupe,_T,Total,Y20T64,De 20 à 64 ans,EMP,Employment,2014,,71.08,,A,Valeur normale,,,1,One
DATAFLOW,OECD.ELS.SAE:DSD_LFS@DF_LFS_INDIC(1.1),Emploi et chômage par groupe d'âge quinquennal et par sexe - indicateurs,I,EU19OECD,19 Membres de l'Union européenne et de l'OCDE,EMP_RATIO,Employment to population ratio,PT_POP_SUB,Pourcentage de la population dans le même sous-groupe,_T,Total,Y20T64,De 20 à 64 ans,EMP,Employment,2014,,68.106,,A,Valeur normale,,,1,One
DATAFLOW,OECD.ELS.SAE:DSD_LFS@DF_LFS_INDIC(1.1),Emploi et chômage par groupe d'âge quinquennal et par sexe - indicateurs,I,EU22OECD,22 Membres de l'Union européenne et de l'OCDE,EMP_RATIO,Employment to population ratio,PT_POP_SUB,Pourcentage de la population dans le même sous-groupe,_T,Total,Y20T64,De 20 à 64 ans,EMP,Employment,2014,,68.476,,A,Valeur normale,,,1,One
DATAFLOW,OECD.ELS.SAE:DSD_LFS@DF_LFS_INDIC(1.1),Emploi et chômage par groupe d'âge quinquennal et par sexe - indicateurs,I,OECD,OCDE,EMP_RATIO,Employment to population ratio,PT_POP_SUB,Pourcentage de la population dans le même sous-groupe,_T,Total,Y20T64,De 20 à 64 ans,EMP,Employment,2014,,70.066,,A,Valeur normale,,,1,One
DATAFLOW,OECD.ELS.SAE:DSD_LFS@DF_LFS_INDIC(1.1),Emploi et chômage par groupe d'âge quinquennal et par sexe - indicateurs,I,HRV,Croatie,EMP_RATIO,Employment to population ratio,PT_POP_SUB,Pourcentage de la population dans le même sous-groupe,_T,Total,Y20T64,De 20 à 64 ans,EMP,Employment,2014,,59.132,,A,Valeur normale,,,1,One
DATAFLOW,OECD.ELS.SAE:DSD_LFS@DF_LFS_INDIC(1.1),Emploi et chômage par groupe d'âge quinquennal et par sexe - indicateurs,I,HRV,Croatie,EMP_RATIO,Employment to population ratio,PT_POP_SUB,Pourcentage de la population dans le même sous-groupe,_T,Total,Y20T64,De 20 à 64 ans,EMP,Employment,2012,,58.056,,A,Valeur normale,,,1,One
DATAFLOW,OECD.ELS.SAE:DSD_LFS@DF_LFS_INDIC(1.1),Emploi et chômage par groupe d'âge quinquennal et par sexe - indicateurs,I,G7,G7,EMP_RATIO,Employment to population ratio,PT_POP_SUB,Pourcentage de la population dans le même sous-groupe,_T,Total,Y20T64,De 20 à 64 ans,EMP,Employment,2012,,71.734,,A,Valeur normale,,,1,One
DATAFLOW,OECD.ELS.SAE:DSD_LFS@DF_LFS_INDIC(1.1),Emploi et chômage par groupe d'âge quinquennal et par sexe - indicateurs,I,PRT,Portugal,EMP_RATIO,Employment to population ratio,PT_POP_SUB,Pourcentage de la population dans le même sous-groupe,_T,Total,Y20T64,De 20 à 64 ans,EMP,Employment,2012,,64.042,,A,Valeur normale,,,1,One
DATAFLOW,OECD.ELS.SAE:DSD_LFS@DF_LFS_INDIC(1.1),Emploi et chômage par groupe d'âge quinquennal et par sexe - indicateurs,I,OECD_REP,Pays moyen de l'OCDE,EMP_RATIO,Employment to population ratio,PT_POP_SUB,Pourcentage de la population dans le même sous-groupe,_T,Total,Y20T64,De 20 à 64 ans,EMP,Employment,2012,,70.228,,A,Valeur normale,,,1,One
DATAFLOW,OECD.ELS.SAE:DSD_LFS@DF_LFS_INDIC(1.1),Emploi et chômage par groupe d'âge quinquennal et par sexe - indicateurs,I,OECD,OCDE,EMP_RATIO,Employment to population ratio,PT_POP_SUB,Pourcentage de la population dans le même sous-groupe,_T,Total,Y20T64,De 20 à 64 ans,EMP,Employment,2012,,69.367,,A,Valeur normale,,,1,One
DATAFLOW,OECD.ELS.SAE:DSD_LFS@DF_LFS_INDIC(1.1),Emploi et chômage par groupe d'âge quinquennal et par sexe - indicateurs,I,CAN,Canada,EMP_RATIO,Employment to population ratio,PT_POP_SUB,Pourcentage de la population dans le même sous-groupe,_T,Total,Y20T64,De 20 à 64 ans,EMP,Employment,2012,,75.31,,A,Valeur normale,,,1,One
DATAFLOW,OECD.ELS.SAE:DSD_LFS@DF_LFS_INDIC(1.1),Emploi et chômage par groupe d'âge quinquennal et par sexe - indicateurs,I,HRV,Croatie,EMP_RATIO,Employment to population ratio,PT_POP_SUB,Pourcentage de la population dans le même sous-groupe,_T,Total,Y20T64,De 20 à 64 ans,EMP,Employment,2013,,57.18,,A,Valeur normale,,,1,One
DATAFLOW,OECD.ELS.SAE:DSD_LFS@DF_LFS_INDIC(1.1),Emploi et chômage par groupe d'âge quinquennal et par sexe - indicateurs,I,G7,G7,EMP_RATIO,Employment to population ratio,PT_POP_SUB,Pourcentage de la population dans le même sous-groupe,_T,Total,Y20T64,De 20 à 64 ans,EMP,Employment,2013,,72.026,,A,Valeur normale,,,1,One
DATAFLOW,OECD.ELS.SAE:DSD_LFS@DF_LFS_INDIC(1.1),Emploi et chômage par groupe d'âge quinquennal et par sexe - indicateurs,I,OECD_REP,Pays moyen de l'OCDE,EMP_RATIO,Employment to population ratio,PT_POP_SUB,Pourcentage de la population dans le même sous-groupe,_T,Total,Y20T64,De 20 à 64 ans,EMP,Employment,2013,,70.452,,A,Valeur normale,,,1,One
DATAFLOW,OECD.ELS.SAE:DSD_LFS@DF_LFS_INDIC(1.1),Emploi et chômage par groupe d'âge quinquennal et par sexe - indicateurs,I,PRT,Portugal,EMP_RATIO,Employment to population ratio,PT_POP_SUB,Pourcentage de la population dans le même sous-groupe,_T,Total,Y20T64,De 20 à 64 ans,EMP,Employment,2013,,63.366,,A,Valeur normale,,,1,One
DATAFLOW,OECD.ELS.SAE:DSD_LFS@DF_LFS_INDIC(1.1),Emploi et chômage par groupe d'âge quinquennal et par sexe - indicateurs,I,OECD,OCDE,EMP_RATIO,Employment to population ratio,PT_POP_SUB,Pourcentage de la population dans le même sous-groupe,_T,Total,Y20T64,De 20 à 64 ans,EMP,Employment,2013,,69.553,,A,Valeur normale,,,1,One
DATAFLOW,OECD.ELS.SAE:DSD_LFS@DF_LFS_INDIC(1.1),Emploi et chômage par groupe d'âge quinquennal et par sexe - indicateurs,I,EU19OECD,19 Membres de l'Union européenne et de l'OCDE,EMP_RATIO,Employment to population ratio,PT_POP_SUB,Pourcentage de la population dans le même sous-groupe,_T,Total,Y20T64,De 20 à 64 ans,EMP,Employment,2013,,67.588,,A,Valeur normale,,,1,One
DATAFLOW,OECD.ELS.SAE:DSD_LFS@DF_LFS_INDIC(1.1),Emploi et chômage par groupe d'âge quinquennal et par sexe - indicateurs,I,EU22OECD,22 Membres de l'Union européenne et de l'OCDE,EMP_RATIO,Employment to population ratio,PT_POP_SUB,Pourcentage de la population dans le même sous-groupe,_T,Total,Y20T64,De 20 à 64 ans,EMP,Employment,2013,,67.771,,A,Valeur normale,,,1,One
DATAFLOW,OECD.ELS.SAE:DSD_LFS@DF_LFS_INDIC(1.1),Emploi et chômage par groupe d'âge quinquennal et par sexe - indicateurs,I,EU27,Union européenne (27 pays),EMP_RATIO,Employment to population ratio,PT_POP_SUB,Pourcentage de la population dans le même sous-groupe,_T,Total,Y20T64,De 20 à 64 ans,EMP,Employment,2013,,67.448,,A,Valeur normale,,,1,One
DATAFLOW,OECD.ELS.SAE:DSD_LFS@DF_LFS_INDIC(1.1),Emploi et chômage par groupe d'âge quinquennal et par sexe - indicateurs,I,CAN,Canada,EMP_RATIO,Employment to population ratio,PT_POP_SUB,Pourcentage de la population dans le même sous-groupe,_T,Total,Y20T64,De 20 à 64 ans,EMP,Employment,2013,,75.63,,A,Valeur normale,,,1,One
DATAFLOW,OECD.ELS.SAE:DSD_LFS@DF_LFS_INDIC(1.1),Emploi et chômage par groupe d'âge quinquennal et par sexe - indicateurs,I,AUS,Australie,EMP_RATIO,Employment to population ratio,PT_POP_SUB,Pourcentage de la population dans le même sous-groupe,_T,Total,Y20T64,De 20 à 64 ans,EMP,Employment,2016,,75.306,,A,Valeur normale,,,1,One
DATAFLOW,OECD.ELS.SAE:DSD_LFS@DF_LFS_INDIC(1.1),Emploi et chômage par groupe d'âge quinquennal et par sexe - indicateurs,I,CAN,Canada,EMP_RATIO,Employment to population ratio,PT_POP_SUB,Pourcentage de la population dans le même sous-groupe,_T,Total,Y20T64,De 20 à 64 ans,EMP,Employment,2016,,75.439,,A,Valeur normale,,,1,One
DATAFLOW,OECD.ELS.SAE:DSD_LFS@DF_LFS_INDIC(1.1),Emploi et chômage par groupe d'âge quinquennal et par sexe - indicateurs,I,PRT,Portugal,EMP_RATIO,Employment to population ratio,PT_POP_SUB,Pourcentage de la population dans le même sous-groupe,_T,Total,Y20T64,De 20 à 64 ans,EMP,Employment,2016,,69.499,,A,Valeur normale,,,1,One
DATAFLOW,OECD.ELS.SAE:DSD_LFS@DF_LFS_INDIC(1.1),Emploi et chômage par groupe d'âge quinquennal et par sexe - indicateurs,I,G7,G7,EMP_RATIO,Employment to population ratio,PT_POP_SUB,Pourcentage de la population dans le même sous-groupe,_T,Total,Y20T64,De 20 à 64 ans,EMP,Employment,2016,,73.838,,A,Valeur normale,,,1,One
DATAFLOW,OECD.ELS.SAE:DSD_LFS@DF_LFS_INDIC(1.1),Emploi et chômage par groupe d'âge quinquennal et par sexe - indicateurs,I,EU19OECD,19 Membres de l'Union européenne et de l'OCDE,EMP_RATIO,Employment to population ratio,PT_POP_SUB,Pourcentage de la population dans le même sous-groupe,_T,Total,Y20T64,De 20 à 64 ans,EMP,Employment,2016,,69.907,,A,Valeur normale,,,1,One
DATAFLOW,OECD.ELS.SAE:DSD_LFS@DF_LFS_INDIC(1.1),Emploi et chômage par groupe d'âge quinquennal et par sexe - indicateurs,I,EU22OECD,22 Membres de l'Union européenne et de l'OCDE,EMP_RATIO,Employment to population ratio,PT_POP_SUB,Pourcentage de la population dans le même sous-groupe,_T,Total,Y20T64,De 20 à 64 ans,EMP,Employment,2016,,70.471,,A,Valeur normale,,,1,One
DATAFLOW,OECD.ELS.SAE:DSD_LFS@DF_LFS_INDIC(1.1),Emploi et chômage par groupe d'âge quinquennal et par sexe - indicateurs,I,OECD,OCDE,EMP_RATIO,Employment to population ratio,PT_POP_SUB,Pourcentage de la population dans le même sous-groupe,_T,Total,Y20T64,De 20 à 64 ans,EMP,Employment,2016,,71.3,,A,Valeur normale,,,1,One
DATAFLOW,OECD.ELS.SAE:DSD_LFS@DF_LFS_INDIC(1.1),Emploi et chômage par groupe d'âge quinquennal et par sexe - indicateurs,I,OECD_REP,Pays moyen de l'OCDE,EMP_RATIO,Employment to population ratio,PT_POP_SUB,Pourcentage de la population dans le même sous-groupe,_T,Total,Y20T64,De 20 à 64 ans,EMP,Employment,2016,,72.56,,A,Valeur normale,,,1,One
DATAFLOW,OECD.ELS.SAE:DSD_LFS@DF_LFS_INDIC(1.1),Emploi et chômage par groupe d'âge quinquennal et par sexe - indicateurs,I,HRV,Croatie,EMP_RATIO,Employment to population ratio,PT_POP_SUB,Pourcentage de la population dans le même sous-groupe,_T,Total,Y20T64,De 20 à 64 ans,EMP,Employment,2016,,61.296,,A,Valeur normale,,,1,One
DATAFLOW,OECD.ELS.SAE:DSD_LFS@DF_LFS_INDIC(1.1),Emploi et chômage par groupe d'âge quinquennal et par sexe - indicateurs,I,AUS,Australie,EMP_RATIO,Employment to population ratio,PT_POP_SUB,Pourcentage de la population dans le même sous-groupe,_T,Total,Y20T64,De 20 à 64 ans,EMP,Employment,2017,,75.744,,A,Valeur normale,,,1,One
DATAFLOW,OECD.ELS.SAE:DSD_LFS@DF_LFS_INDIC(1.1),Emploi et chômage par groupe d'âge quinquennal et par sexe - indicateurs,I,CAN,Canada,EMP_RATIO,Employment to population ratio,PT_POP_SUB,Pourcentage de la population dans le même sous-groupe,_T,Total,Y20T64,De 20 à 64 ans,EMP,Employment,2017,,76.263,,A,Valeur normale,,,1,One
DATAFLOW,OECD.ELS.SAE:DSD_LFS@DF_LFS_INDIC(1.1),Emploi et chômage par groupe d'âge quinquennal et par sexe - indicateurs,I,PRT,Portugal,EMP_RATIO,Employment to population ratio,PT_POP_SUB,Pourcentage de la population dans le même sous-groupe,_T,Total,Y20T64,De 20 à 64 ans,EMP,Employment,2017,,72.459,,A,Valeur normale,,,1,One
DATAFLOW,OECD.ELS.SAE:DSD_LFS@DF_LFS_INDIC(1.1),Emploi et chômage par groupe d'âge quinquennal et par sexe - indicateurs,I,G7,G7,EMP_RATIO,Employment to population ratio,PT_POP_SUB,Pourcentage de la population dans le même sous-groupe,_T,Total,Y20T64,De 20 à 64 ans,EMP,Employment,2017,,74.644,,A,Valeur normale,,,1,One
DATAFLOW,OECD.ELS.SAE:DSD_LFS@DF_LFS_INDIC(1.1),Emploi et chômage par groupe d'âge quinquennal et par sexe - indicateurs,I,EU27,Union européenne (27 pays),EMP_RATIO,Employment to population ratio,PT_POP_SUB,Pourcentage de la population dans le même sous-groupe,_T,Total,Y20T64,De 20 à 64 ans,EMP,Employment,2017,,71.338,,A,Valeur normale,,,1,One
DATAFLOW,OECD.ELS.SAE:DSD_LFS@DF_LFS_INDIC(1.1),Emploi et chômage par groupe d'âge quinquennal et par sexe - indicateurs,I,EU19OECD,19 Membres de l'Union européenne et de l'OCDE,EMP_RATIO,Employment to population ratio,PT_POP_SUB,Pourcentage de la population dans le même sous-groupe,_T,Total,Y20T64,De 20 à 64 ans,EMP,Employment,2017,,70.896,,A,Valeur normale,,,1,One
DATAFLOW,OECD.ELS.SAE:DSD_LFS@DF_LFS_INDIC(1.1),Emploi et chômage par groupe d'âge quinquennal et par sexe - indicateurs,I,EU22OECD,22 Membres de l'Union européenne et de l'OCDE,EMP_RATIO,Employment to population ratio,PT_POP_SUB,Pourcentage de la population dans le même sous-groupe,_T,Total,Y20T64,De 20 à 64 ans,EMP,Employment,2017,,71.54,,A,Valeur normale,,,1,One
DATAFLOW,OECD.ELS.SAE:DSD_LFS@DF_LFS_INDIC(1.1),Emploi et chômage par groupe d'âge quinquennal et par sexe - indicateurs,I,OECD,OCDE,EMP_RATIO,Employment to population ratio,PT_POP_SUB,Pourcentage de la population dans le même sous-groupe,_T,Total,Y20T64,De 20 à 64 ans,EMP,Employment,2017,,72.046,,A,Valeur normale,,,1,One
DATAFLOW,OECD.ELS.SAE:DSD_LFS@DF_LFS_INDIC(1.1),Emploi et chômage par groupe d'âge quinquennal et par sexe - indicateurs,I,OECD_REP,Pays moyen de l'OCDE,EMP_RATIO,Employment to population ratio,PT_POP_SUB,Pourcentage de la population dans le même sous-groupe,_T,Total,Y20T64,De 20 à 64 ans,EMP,Employment,2017,,73.529,,A,Valeur normale,,,1,One
DATAFLOW,OECD.ELS.SAE:DSD_LFS@DF_LFS_INDIC(1.1),Emploi et chômage par groupe d'âge quinquennal et par sexe - indicateurs,I,HRV,Croatie,EMP_RATIO,Employment to population ratio,PT_POP_SUB,Pourcentage de la population dans le même sous-groupe,_T,Total,Y20T64,De 20 à 64 ans,EMP,Employment,2017,,63.239,,A,Valeur normale,,,1,One
DATAFLOW,OECD.ELS.SAE:DSD_LFS@DF_LFS_INDIC(1.1),Emploi et chômage par groupe d'âge quinquennal et par sexe - indicateurs,I,AUS,Australie,EMP_RATIO,Employment to population ratio,PT_POP_SUB,Pourcentage de la population dans le même sous-groupe,_T,Total,Y20T64,De 20 à 64 ans,EMP,Employment,2018,,76.288,,A,Valeur normale,,,1,One
DATAFLOW,OECD.ELS.SAE:DSD_LFS@DF_LFS_INDIC(1.1),Emploi et chômage par groupe d'âge quinquennal et par sexe - indicateurs,I,CAN,Canada,EMP_RATIO,Employment to population ratio,PT_POP_SUB,Pourcentage de la population dans le même sous-groupe,_T,Total,Y20T64,De 20 à 64 ans,EMP,Employment,2018,,76.773,,A,Valeur normale,,,1,One
DATAFLOW,OECD.ELS.SAE:DSD_LFS@DF_LFS_INDIC(1.1),Emploi et chômage par groupe d'âge quinquennal et par sexe - indicateurs,I,HUN,Hongrie,EMP_RATIO,Employment to population ratio,PT_POP_SUB,Pourcentage de la population dans le même sous-groupe,_T,Total,Y20T64,De 20 à 64 ans,EMP,Employment,2018,,74.497,,A,Valeur normale,,,1,One
DATAFLOW,OECD.ELS.SAE:DSD_LFS@DF_LFS_INDIC(1.1),Emploi et chômage par groupe d'âge quinquennal et par sexe - indicateurs,I,PRT,Portugal,EMP_RATIO,Employment to population ratio,PT_POP_SUB,Pourcentage de la population dans le même sous-groupe,_T,Total,Y20T64,De 20 à 64 ans,EMP,Employment,2018,,74.638,,A,Valeur normale,,,1,One
DATAFLOW,OECD.ELS.SAE:DSD_LFS@DF_LFS_INDIC(1.1),Emploi et chômage par groupe d'âge quinquennal et par sexe - indicateurs,I,G7,G7,EMP_RATIO,Employment to population ratio,PT_POP_SUB,Pourcentage de la population dans le même sous-groupe,_T,Total,Y20T64,De 20 à 64 ans,EMP,Employment,2018,,75.387,,A,Valeur normale,,,1,One
DATAFLOW,OECD.ELS.SAE:DSD_LFS@DF_LFS_INDIC(1.1),Emploi et chômage par groupe d'âge quinquennal et par sexe - indicateurs,I,EU27,Union européenne (27 pays),EMP_RATIO,Employment to population ratio,PT_POP_SUB,Pourcentage de la population dans le même sous-groupe,_T,Total,Y20T64,De 20 à 64 ans,EMP,Employment,2018,,72.348,,A,Valeur normale,,,1,One
DATAFLOW,OECD.ELS.SAE:DSD_LFS@DF_LFS_INDIC(1.1),Emploi et chômage par groupe d'âge quinquennal et par sexe - indicateurs,I,EU19OECD,19 Membres de l'Union européenne et de l'OCDE,EMP_RATIO,Employment to population ratio,PT_POP_SUB,Pourcentage de la population dans le même sous-groupe,_T,Total,Y20T64,De 20 à 64 ans,EMP,Employment,2018,,71.918,,A,Valeur normale,,,1,One
DATAFLOW,OECD.ELS.SAE:DSD_LFS@DF_LFS_INDIC(1.1),Emploi et chômage par groupe d'âge quinquennal et par sexe - indicateurs,I,EU22OECD,22 Membres de l'Union européenne et de l'OCDE,EMP_RATIO,Employment to population ratio,PT_POP_SUB,Pourcentage de la population dans le même sous-groupe,_T,Total,Y20T64,De 20 à 64 ans,EMP,Employment,2018,,72.535,,A,Valeur normale,,,1,One
DATAFLOW,OECD.ELS.SAE:DSD_LFS@DF_LFS_INDIC(1.1),Emploi et chômage par groupe d'âge quinquennal et par sexe - indicateurs,I,OECD,OCDE,EMP_RATIO,Employment to population ratio,PT_POP_SUB,Pourcentage de la population dans le même sous-groupe,_T,Total,Y20T64,De 20 à 64 ans,EMP,Employment,2018,,72.672,,A,Valeur normale,,,1,One
DATAFLOW,OECD.ELS.SAE:DSD_LFS@DF_LFS_INDIC(1.1),Emploi et chômage par groupe d'âge quinquennal et par sexe - indicateurs,I,OECD_REP,Pays moyen de l'OCDE,EMP_RATIO,Employment to population ratio,PT_POP_SUB,Pourcentage de la population dans le même sous-groupe,_T,Total,Y20T64,De 20 à 64 ans,EMP,Employment,2018,,74.339,,A,Valeur normale,,,1,One
DATAFLOW,OECD.ELS.SAE:DSD_LFS@DF_LFS_INDIC(1.1),Emploi et chômage par groupe d'âge quinquennal et par sexe - indicateurs,I,HRV,Croatie,EMP_RATIO,Employment to population ratio,PT_POP_SUB,Pourcentage de la population dans le même sous-groupe,_T,Total,Y20T64,De 20 à 64 ans,EMP,Employment,2018,,64.851,,A,Valeur normale,,,1,One
DATAFLOW,OECD.ELS.SAE:DSD_LFS@DF_LFS_INDIC(1.1),Emploi et chômage par groupe d'âge quinquennal et par sexe - indicateurs,I,AUS,Australie,EMP_RATIO,Employment to population ratio,PT_POP_SUB,Pourcentage de la population dans le même sous-groupe,_T,Total,Y20T64,De 20 à 64 ans,EMP,Employment,2019,,76.999,,A,Valeur normale,,,1,One
DATAFLOW,OECD.ELS.SAE:DSD_LFS@DF_LFS_INDIC(1.1),Emploi et chômage par groupe d'âge quinquennal et par sexe - indicateurs,I,CAN,Canada,EMP_RATIO,Employment to population ratio,PT_POP_SUB,Pourcentage de la population dans le même sous-groupe,_T,Total,Y20T64,De 20 à 64 ans,EMP,Employment,2019,,77.342,,A,Valeur normale,,,1,One
DATAFLOW,OECD.ELS.SAE:DSD_LFS@DF_LFS_INDIC(1.1),Emploi et chômage par groupe d'âge quinquennal et par sexe - indicateurs,I,HUN,Hongrie,EMP_RATIO,Employment to population ratio,PT_POP_SUB,Pourcentage de la population dans le même sous-groupe,_T,Total,Y20T64,De 20 à 64 ans,EMP,Employment,2019,,75.446,,A,Valeur normale,,,1,One
DATAFLOW,OECD.ELS.SAE:DSD_LFS@DF_LFS_INDIC(1.1),Emploi et chômage par groupe d'âge quinquennal et par sexe - indicateurs,I,POL,Pologne,EMP_RATIO,Employment to population ratio,PT_POP_SUB,Pourcentage de la population dans le même sous-groupe,_T,Total,Y20T64,De 20 à 64 ans,EMP,Employment,2019,,73.267,,A,Valeur normale,,,1,One
DATAFLOW,OECD.ELS.SAE:DSD_LFS@DF_LFS_INDIC(1.1),Emploi et chômage par groupe d'âge quinquennal et par sexe - indicateurs,I,PRT,Portugal,EMP_RATIO,Employment to population ratio,PT_POP_SUB,Pourcentage de la population dans le même sous-groupe,_T,Total,Y20T64,De 20 à 64 ans,EMP,Employment,2019,,75.398,,A,Valeur normale,,,1,One
DATAFLOW,OECD.ELS.SAE:DSD_LFS@DF_LFS_INDIC(1.1),Emploi et chômage par groupe d'âge quinquennal et par sexe - indicateurs,I,G7,G7,EMP_RATIO,Employment to population ratio,PT_POP_SUB,Pourcentage de la population dans le même sous-groupe,_T,Total,Y20T64,De 20 à 64 ans,EMP,Employment,2019,,76.01,,A,Valeur normale,,,1,One
DATAFLOW,OECD.ELS.SAE:DSD_LFS@DF_LFS_INDIC(1.1),Emploi et chômage par groupe d'âge quinquennal et par sexe - indicateurs,I,EU27,Union européenne (27 pays),EMP_RATIO,Employment to population ratio,PT_POP_SUB,Pourcentage de la population dans le même sous-groupe,_T,Total,Y20T64,De 20 à 64 ans,EMP,Employment,2019,,73.134,,A,Valeur normale,,,1,One
DATAFLOW,OECD.ELS.SAE:DSD_LFS@DF_LFS_INDIC(1.1),Emploi et chômage par groupe d'âge quinquennal et par sexe - indicateurs,I,EU19OECD,19 Membres de l'Union européenne et de l'OCDE,EMP_RATIO,Employment to population ratio,PT_POP_SUB,Pourcentage de la population dans le même sous-groupe,_T,Total,Y20T64,De 20 à 64 ans,EMP,Employment,2019,,72.642,,A,Valeur normale,,,1,One
DATAFLOW,OECD.ELS.SAE:DSD_LFS@DF_LFS_INDIC(1.1),Emploi et chômage par groupe d'âge quinquennal et par sexe - indicateurs,I,EU22OECD,22 Membres de l'Union européenne et de l'OCDE,EMP_RATIO,Employment to population ratio,PT_POP_SUB,Pourcentage de la population dans le même sous-groupe,_T,Total,Y20T64,De 20 à 64 ans,EMP,Employment,2019,,73.265,,A,Valeur normale,,,1,One
DATAFLOW,OECD.ELS.SAE:DSD_LFS@DF_LFS_INDIC(1.1),Emploi et chômage par groupe d'âge quinquennal et par sexe - indicateurs,I,OECD,OCDE,EMP_RATIO,Employment to population ratio,PT_POP_SUB,Pourcentage de la population dans le même sous-groupe,_T,Total,Y20T64,De 20 à 64 ans,EMP,Employment,2019,,73.053,,A,Valeur normale,,,1,One
DATAFLOW,OECD.ELS.SAE:DSD_LFS@DF_LFS_INDIC(1.1),Emploi et chômage par groupe d'âge quinquennal et par sexe - indicateurs,I,OECD_REP,Pays moyen de l'OCDE,EMP_RATIO,Employment to population ratio,PT_POP_SUB,Pourcentage de la population dans le même sous-groupe,_T,Total,Y20T64,De 20 à 64 ans,EMP,Employment,2019,,74.827,,A,Valeur normale,,,1,One
DATAFLOW,OECD.ELS.SAE:DSD_LFS@DF_LFS_INDIC(1.1),Emploi et chômage par groupe d'âge quinquennal et par sexe - indicateurs,I,BGR,Bulgarie,EMP_RATIO,Employment to population ratio,PT_POP_SUB,Pourcentage de la population dans le même sous-groupe,_T,Total,Y20T64,De 20 à 64 ans,EMP,Employment,2019,,75.036,,A,Valeur normale,,,1,One
DATAFLOW,OECD.ELS.SAE:DSD_LFS@DF_LFS_INDIC(1.1),Emploi et chômage par groupe d'âge quinquennal et par sexe - indicateurs,I,HRV,Croatie,EMP_RATIO,Employment to population ratio,PT_POP_SUB,Pourcentage de la population dans le même sous-groupe,_T,Total,Y20T64,De 20 à 64 ans,EMP,Employment,2019,,66.413,,A,Valeur normale,,,1,One
DATAFLOW,OECD.ELS.SAE:DSD_LFS@DF_LFS_INDIC(1.1),Emploi et chômage par groupe d'âge quinquennal et par sexe - indicateurs,I,CYP,Chypre,EMP_RATIO,Employment to population ratio,PT_POP_SUB,Pourcentage de la population dans le même sous-groupe,_T,Total,Y20T64,De 20 à 64 ans,EMP,Employment,2019,,75.838,,A,Valeur normale,,,1,One
DATAFLOW,OECD.ELS.SAE:DSD_LFS@DF_LFS_INDIC(1.1),Emploi et chômage par groupe d'âge quinquennal et par sexe - indicateurs,I,AUS,Australie,EMP_RATIO,Employment to population ratio,PT_POP_SUB,Pourcentage de la population dans le même sous-groupe,_T,Total,Y20T64,De 20 à 64 ans,EMP,Employment,2020,,75.348,,A,Valeur normale,,,1,One
DATAFLOW,OECD.ELS.SAE:DSD_LFS@DF_LFS_INDIC(1.1),Emploi et chômage par groupe d'âge quinquennal et par sexe - indicateurs,I,CAN,Canada,EMP_RATIO,Employment to population ratio,PT_POP_SUB,Pourcentage de la population dans le même sous-groupe,_T,Total,Y20T64,De 20 à 64 ans,EMP,Employment,2020,,73.106,,A,Valeur normale,,,1,One
DATAFLOW,OECD.ELS.SAE:DSD_LFS@DF_LFS_INDIC(1.1),Emploi et chômage par groupe d'âge quinquennal et par sexe - indicateurs,I,DNK,Danemark,EMP_RATIO,Employment to population ratio,PT_POP_SUB,Pourcentage de la population dans le même sous-groupe,_T,Total,Y20T64,De 20 à 64 ans,EMP,Employment,2020,,77.901,,A,Valeur normale,,,1,One
DATAFLOW,OECD.ELS.SAE:DSD_LFS@DF_LFS_INDIC(1.1),Emploi et chômage par groupe d'âge quinquennal et par sexe - indicateurs,I,HUN,Hongrie,EMP_RATIO,Employment to population ratio,PT_POP_SUB,Pourcentage de la population dans le même sous-groupe,_T,Total,Y20T64,De 20 à 64 ans,EMP,Employment,2020,,75.173,,A,Valeur normale,,,1,One
DATAFLOW,OECD.ELS.SAE:DSD_LFS@DF_LFS_INDIC(1.1),Emploi et chômage par groupe d'âge quinquennal et par sexe - indicateurs,I,NZL,Nouvelle-Zélande,EMP_RATIO,Employment to population ratio,PT_POP_SUB,Pourcentage de la population dans le même sous-groupe,_T,Total,Y20T64,De 20 à 64 ans,EMP,Employment,2020,,80.953,,A,Valeur normale,,,1,One
DATAFLOW,OECD.ELS.SAE:DSD_LFS@DF_LFS_INDIC(1.1),Emploi et chômage par groupe d'âge quinquennal et par sexe - indicateurs,I,POL,Pologne,EMP_RATIO,Employment to population ratio,PT_POP_SUB,Pourcentage de la population dans le même sous-groupe,_T,Total,Y20T64,De 20 à 64 ans,EMP,Employment,2020,,73.67,,A,Valeur normale,,,1,One
DATAFLOW,OECD.ELS.SAE:DSD_LFS@DF_LFS_INDIC(1.1),Emploi et chômage par groupe d'âge quinquennal et par sexe - indicateurs,I,PRT,Portugal,EMP_RATIO,Employment to population ratio,PT_POP_SUB,Pourcentage de la population dans le même sous-groupe,_T,Total,Y20T64,De 20 à 64 ans,EMP,Employment,2020,,73.888,,A,Valeur normale,,,1,One
DATAFLOW,OECD.ELS.SAE:DSD_LFS@DF_LFS_INDIC(1.1),Emploi et chômage par groupe d'âge quinquennal et par sexe - indicateurs,I,G7,G7,EMP_RATIO,Employment to population ratio,PT_POP_SUB,Pourcentage de la population dans le même sous-groupe,_T,Total,Y20T64,De 20 à 64 ans,EMP,Employment,2020,,73.544,,A,Valeur normale,,,1,One
DATAFLOW,OECD.ELS.SAE:DSD_LFS@DF_LFS_INDIC(1.1),Emploi et chômage par groupe d'âge quinquennal et par sexe - indicateurs,I,EU27,Union européenne (27 pays),EMP_RATIO,Employment to population ratio,PT_POP_SUB,Pourcentage de la population dans le même sous-groupe,_T,Total,Y20T64,De 20 à 64 ans,EMP,Employment,2020,,72.252,,A,Valeur normale,,,1,One
DATAFLOW,OECD.ELS.SAE:DSD_LFS@DF_LFS_INDIC(1.1),Emploi et chômage par groupe d'âge quinquennal et par sexe - indicateurs,I,EU19OECD,19 Membres de l'Union européenne et de l'OCDE,EMP_RATIO,Employment to population ratio,PT_POP_SUB,Pourcentage de la population dans le même sous-groupe,_T,Total,Y20T64,De 20 à 64 ans,EMP,Employment,2020,,71.548,,A,Valeur normale,,,1,One
DATAFLOW,OECD.ELS.SAE:DSD_LFS@DF_LFS_INDIC(1.1),Emploi et chômage par groupe d'âge quinquennal et par sexe - indicateurs,I,EU22OECD,22 Membres de l'Union européenne et de l'OCDE,EMP_RATIO,Employment to population ratio,PT_POP_SUB,Pourcentage de la population dans le même sous-groupe,_T,Total,Y20T64,De 20 à 64 ans,EMP,Employment,2020,,72.341,,A,Valeur normale,,,1,One
DATAFLOW,OECD.ELS.SAE:DSD_LFS@DF_LFS_INDIC(1.1),Emploi et chômage par groupe d'âge quinquennal et par sexe - indicateurs,I,OECD,OCDE,EMP_RATIO,Employment to population ratio,PT_POP_SUB,Pourcentage de la population dans le même sous-groupe,_T,Total,Y20T64,De 20 à 64 ans,EMP,Employment,2020,,70.492,,A,Valeur normale,,,1,One
DATAFLOW,OECD.ELS.SAE:DSD_LFS@DF_LFS_INDIC(1.1),Emploi et chômage par groupe d'âge quinquennal et par sexe - indicateurs,I,OECD_REP,Pays moyen de l'OCDE,EMP_RATIO,Employment to population ratio,PT_POP_SUB,Pourcentage de la population dans le même sous-groupe,_T,Total,Y20T64,De 20 à 64 ans,EMP,Employment,2020,,73.018,,A,Valeur normale,,,1,One
DATAFLOW,OECD.ELS.SAE:DSD_LFS@DF_LFS_INDIC(1.1),Emploi et chômage par groupe d'âge quinquennal et par sexe - indicateurs,I,BGR,Bulgarie,EMP_RATIO,Employment to population ratio,PT_POP_SUB,Pourcentage de la population dans le même sous-groupe,_T,Total,Y20T64,De 20 à 64 ans,EMP,Employment,2020,,73.552,,A,Valeur normale,,,1,One
DATAFLOW,OECD.ELS.SAE:DSD_LFS@DF_LFS_INDIC(1.1),Emploi et chômage par groupe d'âge quinquennal et par sexe - indicateurs,I,HRV,Croatie,EMP_RATIO,Employment to population ratio,PT_POP_SUB,Pourcentage de la population dans le même sous-groupe,_T,Total,Y20T64,De 20 à 64 ans,EMP,Employment,2020,,66.862,,A,Valeur normale,,,1,One
DATAFLOW,OECD.ELS.SAE:DSD_LFS@DF_LFS_INDIC(1.1),Emploi et chômage par groupe d'âge quinquennal et par sexe - indicateurs,I,CYP,Chypre,EMP_RATIO,Employment to population ratio,PT_POP_SUB,Pourcentage de la population dans le même sous-groupe,_T,Total,Y20T64,De 20 à 64 ans,EMP,Employment,2020,,75.174,,A,Valeur normale,,,1,One
DATAFLOW,OECD.ELS.SAE:DSD_LFS@DF_LFS_INDIC(1.1),Emploi et chômage par groupe d'âge quinquennal et par sexe - indicateurs,I,AUS,Australie,EMP_RATIO,Employment to population ratio,PT_POP_SUB,Pourcentage de la population dans le même sous-groupe,_T,Total,Y20T64,De 20 à 64 ans,EMP,Employment,2021,,77.36,,A,Valeur normale,,,1,One
DATAFLOW,OECD.ELS.SAE:DSD_LFS@DF_LFS_INDIC(1.1),Emploi et chômage par groupe d'âge quinquennal et par sexe - indicateurs,I,CAN,Canada,EMP_RATIO,Employment to population ratio,PT_POP_SUB,Pourcentage de la population dans le même sous-groupe,_T,Total,Y20T64,De 20 à 64 ans,EMP,Employment,2021,,76.306,,A,Valeur normale,,,1,One
DATAFLOW,OECD.ELS.SAE:DSD_LFS@DF_LFS_INDIC(1.1),Emploi et chômage par groupe d'âge quinquennal et par sexe - indicateurs,I,HUN,Hongrie,EMP_RATIO,Employment to population ratio,PT_POP_SUB,Pourcentage de la population dans le même sous-groupe,_T,Total,Y20T64,De 20 à 64 ans,EMP,Employment,2021,,78.897,,A,Valeur normale,,,1,One
DATAFLOW,OECD.ELS.SAE:DSD_LFS@DF_LFS_INDIC(1.1),Emploi et chômage par groupe d'âge quinquennal et par sexe - indicateurs,I,IRL,Irlande,EMP_RATIO,Employment to population ratio,PT_POP_SUB,Pourcentage de la population dans le même sous-groupe,_T,Total,Y20T64,De 20 à 64 ans,EMP,Employment,2021,,75.408,,A,Valeur normale,,,1,One
DATAFLOW,OECD.ELS.SAE:DSD_LFS@DF_LFS_INDIC(1.1),Emploi et chômage par groupe d'âge quinquennal et par sexe - indicateurs,I,NZL,Nouvelle-Zélande,EMP_RATIO,Employment to population ratio,PT_POP_SUB,Pourcentage de la population dans le même sous-groupe,_T,Total,Y20T64,De 20 à 64 ans,EMP,Employment,2021,,82.285,,A,Valeur normale,,,1,One
DATAFLOW,OECD.ELS.SAE:DSD_LFS@DF_LFS_INDIC(1.1),Emploi et chômage par groupe d'âge quinquennal et par sexe - indicateurs,I,POL,Pologne,EMP_RATIO,Employment to population ratio,PT_POP_SUB,Pourcentage de la population dans le même sous-groupe,_T,Total,Y20T64,De 20 à 64 ans,EMP,Employment,2021,,75.466,,A,Valeur normale,,,1,One
DATAFLOW,OECD.ELS.SAE:DSD_LFS@DF_LFS_INDIC(1.1),Emploi et chômage par groupe d'âge quinquennal et par sexe - indicateurs,I,PRT,Portugal,EMP_RATIO,Employment to population ratio,PT_POP_SUB,Pourcentage de la population dans le même sous-groupe,_T,Total,Y20T64,De 20 à 64 ans,EMP,Employment,2021,,75.464,,A,Valeur normale,,,1,One
DATAFLOW,OECD.ELS.SAE:DSD_LFS@DF_LFS_INDIC(1.1),Emploi et chômage par groupe d'âge quinquennal et par sexe - indicateurs,I,G7,G7,EMP_RATIO,Employment to population ratio,PT_POP_SUB,Pourcentage de la population dans le même sous-groupe,_T,Total,Y20T64,De 20 à 64 ans,EMP,Employment,2021,,74.87,,A,Valeur normale,,,1,One
DATAFLOW,OECD.ELS.SAE:DSD_LFS@DF_LFS_INDIC(1.1),Emploi et chômage par groupe d'âge quinquennal et par sexe - indicateurs,I,EU27,Union européenne (27 pays),EMP_RATIO,Employment to population ratio,PT_POP_SUB,Pourcentage de la population dans le même sous-groupe,_T,Total,Y20T64,De 20 à 64 ans,EMP,Employment,2021,,73.042,,A,Valeur normale,,,1,One
DATAFLOW,OECD.ELS.SAE:DSD_LFS@DF_LFS_INDIC(1.1),Emploi et chômage par groupe d'âge quinquennal et par sexe - indicateurs,I,EU19OECD,19 Membres de l'Union européenne et de l'OCDE,EMP_RATIO,Employment to population ratio,PT_POP_SUB,Pourcentage de la population dans le même sous-groupe,_T,Total,Y20T64,De 20 à 64 ans,EMP,Employment,2021,,72.452,,A,Valeur normale,,,1,One
DATAFLOW,OECD.ELS.SAE:DSD_LFS@DF_LFS_INDIC(1.1),Emploi et chômage par groupe d'âge quinquennal et par sexe - indicateurs,I,EU22OECD,22 Membres de l'Union européenne et de l'OCDE,EMP_RATIO,Employment to population ratio,PT_POP_SUB,Pourcentage de la population dans le même sous-groupe,_T,Total,Y20T64,De 20 à 64 ans,EMP,Employment,2021,,73.346,,A,Valeur normale,,,1,One
DATAFLOW,OECD.ELS.SAE:DSD_LFS@DF_LFS_INDIC(1.1),Emploi et chômage par groupe d'âge quinquennal et par sexe - indicateurs,I,OECD,OCDE,EMP_RATIO,Employment to population ratio,PT_POP_SUB,Pourcentage de la population dans le même sous-groupe,_T,Total,Y20T64,De 20 à 64 ans,EMP,Employment,2021,,71.908,,A,Valeur normale,,,1,One
DATAFLOW,OECD.ELS.SAE:DSD_LFS@DF_LFS_INDIC(1.1),Emploi et chômage par groupe d'âge quinquennal et par sexe - indicateurs,I,OECD_REP,Pays moyen de l'OCDE,EMP_RATIO,Employment to population ratio,PT_POP_SUB,Pourcentage de la population dans le même sous-groupe,_T,Total,Y20T64,De 20 à 64 ans,EMP,Employment,2021,,74.186,,A,Valeur normale,,,1,One
DATAFLOW,OECD.ELS.SAE:DSD_LFS@DF_LFS_INDIC(1.1),Emploi et chômage par groupe d'âge quinquennal et par sexe - indicateurs,I,BGR,Bulgarie,EMP_RATIO,Employment to population ratio,PT_POP_SUB,Pourcentage de la population dans le même sous-groupe,_T,Total,Y20T64,De 20 à 64 ans,EMP,Employment,2021,,73.291,,A,Valeur normale,,,1,One
DATAFLOW,OECD.ELS.SAE:DSD_LFS@DF_LFS_INDIC(1.1),Emploi et chômage par groupe d'âge quinquennal et par sexe - indicateurs,I,HRV,Croatie,EMP_RATIO,Employment to population ratio,PT_POP_SUB,Pourcentage de la population dans le même sous-groupe,_T,Total,Y20T64,De 20 à 64 ans,EMP,Employment,2021,,68.556,,A,Valeur normale,,,1,One
DATAFLOW,OECD.ELS.SAE:DSD_LFS@DF_LFS_INDIC(1.1),Emploi et chômage par groupe d'âge quinquennal et par sexe - indicateurs,I,CYP,Chypre,EMP_RATIO,Employment to population ratio,PT_POP_SUB,Pourcentage de la population dans le même sous-groupe,_T,Total,Y20T64,De 20 à 64 ans,EMP,Employment,2021,,76.308,,A,Valeur normale,,,1,One
DATAFLOW,OECD.ELS.SAE:DSD_LFS@DF_LFS_INDIC(1.1),Emploi et chômage par groupe d'âge quinquennal et par sexe - indicateurs,I,IND,Inde,EMP_RATIO,Employment to population ratio,PT_POP_SUB,Pourcentage de la population dans le même sous-groupe,_T,Total,Y20T64,De 20 à 64 ans,EMP,Employment,2021,,57.073,,A,Valeur normale,,,1,One
DATAFLOW,OECD.ELS.SAE:DSD_LFS@DF_LFS_INDIC(1.1),Emploi et chômage par groupe d'âge quinquennal et par sexe - indicateurs,I,AUS,Australie,EMP_RATIO,Employment to population ratio,PT_POP_SUB,Pourcentage de la population dans le même sous-groupe,_T,Total,Y20T64,De 20 à 64 ans,EMP,Employment,2022,,79.437,,A,Valeur normale,,,1,One
DATAFLOW,OECD.ELS.SAE:DSD_LFS@DF_LFS_INDIC(1.1),Emploi et chômage par groupe d'âge quinquennal et par sexe - indicateurs,I,CAN,Canada,EMP_RATIO,Employment to population ratio,PT_POP_SUB,Pourcentage de la population dans le même sous-groupe,_T,Total,Y20T64,De 20 à 64 ans,EMP,Employment,2022,,78.345,,A,Valeur normale,,,1,One
DATAFLOW,OECD.ELS.SAE:DSD_LFS@DF_LFS_INDIC(1.1),Emploi et chômage par groupe d'âge quinquennal et par sexe - indicateurs,I,DEU,Allemagne,EMP_RATIO,Employment to population ratio,PT_POP_SUB,Pourcentage de la population dans le même sous-groupe,_T,Total,Y20T64,De 20 à 64 ans,EMP,Employment,2022,,80.588,,A,Valeur normale,,,1,One
DATAFLOW,OECD.ELS.SAE:DSD_LFS@DF_LFS_INDIC(1.1),Emploi et chômage par groupe d'âge quinquennal et par sexe - indicateurs,I,HUN,Hongrie,EMP_RATIO,Employment to population ratio,PT_POP_SUB,Pourcentage de la population dans le même sous-groupe,_T,Total,Y20T64,De 20 à 64 ans,EMP,Employment,2022,,80.286,,A,Valeur normale,,,1,One
DATAFLOW,OECD.ELS.SAE:DSD_LFS@DF_LFS_INDIC(1.1),Emploi et chômage par groupe d'âge quinquennal et par sexe - indicateurs,I,IRL,Irlande,EMP_RATIO,Employment to population ratio,PT_POP_SUB,Pourcentage de la population dans le même sous-groupe,_T,Total,Y20T64,De 20 à 64 ans,EMP,Employment,2022,,78.962,,A,Valeur normale,,,1,One
DATAFLOW,OECD.ELS.SAE:DSD_LFS@DF_LFS_INDIC(1.1),Emploi et chômage par groupe d'âge quinquennal et par sexe - indicateurs,I,NZL,Nouvelle-Zélande,EMP_RATIO,Employment to population ratio,PT_POP_SUB,Pourcentage de la population dans le même sous-groupe,_T,Total,Y20T64,De 20 à 64 ans,EMP,Employment,2022,,83.308,,A,Valeur normale,,,1,One
DATAFLOW,OECD.ELS.SAE:DSD_LFS@DF_LFS_INDIC(1.1),Emploi et chômage par groupe d'âge quinquennal et par sexe - indicateurs,I,POL,Pologne,EMP_RATIO,Employment to population ratio,PT_POP_SUB,Pourcentage de la population dans le même sous-groupe,_T,Total,Y20T64,De 20 à 64 ans,EMP,Employment,2022,,76.726,,A,Valeur normale,,,1,One
DATAFLOW,OECD.ELS.SAE:DSD_LFS@DF_LFS_INDIC(1.1),Emploi et chômage par groupe d'âge quinquennal et par sexe - indicateurs,I,PRT,Portugal,EMP_RATIO,Employment to population ratio,PT_POP_SUB,Pourcentage de la population dans le même sous-groupe,_T,Total,Y20T64,De 20 à 64 ans,EMP,Employment,2022,,77.129,,A,Valeur normale,,,1,One
DATAFLOW,OECD.ELS.SAE:DSD_LFS@DF_LFS_INDIC(1.1),Emploi et chômage par groupe d'âge quinquennal et par sexe - indicateurs,I,G7,G7,EMP_RATIO,Employment to population ratio,PT_POP_SUB,Pourcentage de la population dans le même sous-groupe,_T,Total,Y20T64,De 20 à 64 ans,EMP,Employment,2022,,76.379,,A,Valeur normale,,,1,One
DATAFLOW,OECD.ELS.SAE:DSD_LFS@DF_LFS_INDIC(1.1),Emploi et chômage par groupe d'âge quinquennal et par sexe - indicateurs,I,EU27,Union européenne (27 pays),EMP_RATIO,Employment to population ratio,PT_POP_SUB,Pourcentage de la population dans le même sous-groupe,_T,Total,Y20T64,De 20 à 64 ans,EMP,Employment,2022,,74.597,,A,Valeur normale,,,1,One
DATAFLOW,OECD.ELS.SAE:DSD_LFS@DF_LFS_INDIC(1.1),Emploi et chômage par groupe d'âge quinquennal et par sexe - indicateurs,I,EU19OECD,19 Membres de l'Union européenne et de l'OCDE,EMP_RATIO,Employment to population ratio,PT_POP_SUB,Pourcentage de la population dans le même sous-groupe,_T,Total,Y20T64,De 20 à 64 ans,EMP,Employment,2022,,74.043,,A,Valeur normale,,,1,One
DATAFLOW,OECD.ELS.SAE:DSD_LFS@DF_LFS_INDIC(1.1),Emploi et chômage par groupe d'âge quinquennal et par sexe - indicateurs,I,EU22OECD,22 Membres de l'Union européenne et de l'OCDE,EMP_RATIO,Employment to population ratio,PT_POP_SUB,Pourcentage de la population dans le même sous-groupe,_T,Total,Y20T64,De 20 à 64 ans,EMP,Employment,2022,,74.882,,A,Valeur normale,,,1,One
DATAFLOW,OECD.ELS.SAE:DSD_LFS@DF_LFS_INDIC(1.1),Emploi et chômage par groupe d'âge quinquennal et par sexe - indicateurs,I,OECD,OCDE,EMP_RATIO,Employment to population ratio,PT_POP_SUB,Pourcentage de la population dans le même sous-groupe,_T,Total,Y20T64,De 20 à 64 ans,EMP,Employment,2022,,73.693,,A,Valeur normale,,,1,One
DATAFLOW,OECD.ELS.SAE:DSD_LFS@DF_LFS_INDIC(1.1),Emploi et chômage par groupe d'âge quinquennal et par sexe - indicateurs,I,OECD_REP,Pays moyen de l'OCDE,EMP_RATIO,Employment to population ratio,PT_POP_SUB,Pourcentage de la population dans le même sous-groupe,_T,Total,Y20T64,De 20 à 64 ans,EMP,Employment,2022,,76.063,,A,Valeur normale,,,1,One
DATAFLOW,OECD.ELS.SAE:DSD_LFS@DF_LFS_INDIC(1.1),Emploi et chômage par groupe d'âge quinquennal et par sexe - indicateurs,I,HRV,Croatie,EMP_RATIO,Employment to population ratio,PT_POP_SUB,Pourcentage de la population dans le même sous-groupe,_T,Total,Y20T64,De 20 à 64 ans,EMP,Employment,2022,,70.15,,A,Valeur normale,,,1,One
DATAFLOW,OECD.ELS.SAE:DSD_LFS@DF_LFS_INDIC(1.1),Emploi et chômage par groupe d'âge quinquennal et par sexe - indicateurs,I,CYP,Chypre,EMP_RATIO,Employment to population ratio,PT_POP_SUB,Pourcentage de la population dans le même sous-groupe,_T,Total,Y20T64,De 20 à 64 ans,EMP,Employment,2022,,78.637,,A,Valeur normale,,,1,One
DATAFLOW,OECD.ELS.SAE:DSD_LFS@DF_LFS_INDIC(1.1),Emploi et chômage par groupe d'âge quinquennal et par sexe - indicateurs,I,IND,Inde,EMP_RATIO,Employment to population ratio,PT_POP_SUB,Pourcentage de la population dans le même sous-groupe,_T,Total,Y20T64,De 20 à 64 ans,EMP,Employment,2022,,58.899,,A,Valeur normale,,,1,One
DATAFLOW,OECD.ELS.SAE:DSD_LFS@DF_LFS_INDIC(1.1),Emploi et chômage par groupe d'âge quinquennal et par sexe - indicateurs,I,PER,Pérou,EMP_RATIO,Employment to population ratio,PT_POP_SUB,Pourcentage de la population dans le même sous-groupe,_T,Total,Y20T64,De 20 à 64 ans,EMP,Employment,2023,,77.489,,A,Valeur normale,,,1,One
DATAFLOW,OECD.ELS.SAE:DSD_LFS@DF_LFS_INDIC(1.1),Emploi et chômage par groupe d'âge quinquennal et par sexe - indicateurs,I,CHE,Suisse,EMP_RATIO,Employment to population ratio,PT_POP_SUB,Pourcentage de la population dans le même sous-groupe,_T,Total,Y20T64,De 20 à 64 ans,EMP,Employment,2023,,83.079,,A,Valeur normale,,,1,One
DATAFLOW,OECD.ELS.SAE:DSD_LFS@DF_LFS_INDIC(1.1),Emploi et chômage par groupe d'âge quinquennal et par sexe - indicateurs,I,CHE,Suisse,EMP_RATIO,Employment to population ratio,PT_POP_SUB,Pourcentage de la population dans le même sous-groupe,_T,Total,Y20T64,De 20 à 64 ans,EMP,Employment,2022,,82.405,,A,Valeur normale,,,1,One
DATAFLOW,OECD.ELS.SAE:DSD_LFS@DF_LFS_INDIC(1.1),Emploi et chômage par groupe d'âge quinquennal et par sexe - indicateurs,I,CHE,Suisse,EMP_RATIO,Employment to population ratio,PT_POP_SUB,Pourcentage de la population dans le même sous-groupe,_T,Total,Y20T64,De 20 à 64 ans,EMP,Employment,2021,,82.048,,A,Valeur normale,,,1,One
DATAFLOW,OECD.ELS.SAE:DSD_LFS@DF_LFS_INDIC(1.1),Emploi et chômage par groupe d'âge quinquennal et par sexe - indicateurs,I,ARG,Argentine,EMP_RATIO,Employment to population ratio,PT_POP_SUB,Pourcentage de la population dans le même sous-groupe,_T,Total,Y20T64,De 20 à 64 ans,EMP,Employment,2021,,71.836,,A,Valeur normale,,,1,One
DATAFLOW,OECD.ELS.SAE:DSD_LFS@DF_LFS_INDIC(1.1),Emploi et chômage par groupe d'âge quinquennal et par sexe - indicateurs,I,ARG,Argentine,EMP_RATIO,Employment to population ratio,PT_POP_SUB,Pourcentage de la population dans le même sous-groupe,_T,Total,Y20T64,De 20 à 64 ans,EMP,Employment,2022,,73.166,,A,Valeur normale,,,1,One
DATAFLOW,OECD.ELS.SAE:DSD_LFS@DF_LFS_INDIC(1.1),Emploi et chômage par groupe d'âge quinquennal et par sexe - indicateurs,I,ARG,Argentine,EMP_RATIO,Employment to population ratio,PT_POP_SUB,Pourcentage de la population dans le même sous-groupe,_T,Total,Y20T64,De 20 à 64 ans,EMP,Employment,2023,,74.504,,A,Valeur normale,,,1,One
DATAFLOW,OECD.ELS.SAE:DSD_LFS@DF_LFS_INDIC(1.1),Emploi et chômage par groupe d'âge quinquennal et par sexe - indicateurs,I,ARG,Argentine,EMP_RATIO,Employment to population ratio,PT_POP_SUB,Pourcentage de la population dans le même sous-groupe,_T,Total,Y20T64,De 20 à 64 ans,EMP,Employment,2020,,65.468,,A,Valeur normale,,,1,One
DATAFLOW,OECD.ELS.SAE:DSD_LFS@DF_LFS_INDIC(1.1),Emploi et chômage par groupe d'âge quinquennal et par sexe - indicateurs,I,ARG,Argentine,EMP_RATIO,Employment to population ratio,PT_POP_SUB,Pourcentage de la population dans le même sous-groupe,_T,Total,Y20T64,De 20 à 64 ans,EMP,Employment,2019,,69.384,,A,Valeur normale,,,1,One
DATAFLOW,OECD.ELS.SAE:DSD_LFS@DF_LFS_INDIC(1.1),Emploi et chômage par groupe d'âge quinquennal et par sexe - indicateurs,I,ARG,Argentine,EMP_RATIO,Employment to population ratio,PT_POP_SUB,Pourcentage de la population dans le même sous-groupe,_T,Total,Y20T64,De 20 à 64 ans,EMP,Employment,2018,,68.819,,A,Valeur normale,,,1,One
DATAFLOW,OECD.ELS.SAE:DSD_LFS@DF_LFS_INDIC(1.1),Emploi et chômage par groupe d'âge quinquennal et par sexe - indicateurs,I,ARG,Argentine,EMP_RATIO,Employment to population ratio,PT_POP_SUB,Pourcentage de la population dans le même sous-groupe,_T,Total,Y20T64,De 20 à 64 ans,EMP,Employment,2017,,69.753,,A,Valeur normale,,,1,One
DATAFLOW,OECD.ELS.SAE:DSD_LFS@DF_LFS_INDIC(1.1),Emploi et chômage par groupe d'âge quinquennal et par sexe - indicateurs,I,ARG,Argentine,EMP_RATIO,Employment to population ratio,PT_POP_SUB,Pourcentage de la population dans le même sous-groupe,_T,Total,Y20T64,De 20 à 64 ans,EMP,Employment,2016,,68.538,,A,Valeur normale,,,1,One
DATAFLOW,OECD.ELS.SAE:DSD_LFS@DF_LFS_INDIC(1.1),Emploi et chômage par groupe d'âge quinquennal et par sexe - indicateurs,I,PER,Pérou,EMP_RATIO,Employment to population ratio,PT_POP_SUB,Pourcentage de la population dans le même sous-groupe,_T,Total,Y20T64,De 20 à 64 ans,EMP,Employment,2007,,80.038,,,,,,1,One
DATAFLOW,OECD.ELS.SAE:DSD_LFS@DF_LFS_INDIC(1.1),Emploi et chômage par groupe d'âge quinquennal et par sexe - indicateurs,I,PER,Pérou,EMP_RATIO,Employment to population ratio,PT_POP_SUB,Pourcentage de la population dans le même sous-groupe,_T,Total,Y20T64,De 20 à 64 ans,EMP,Employment,2005,,76.099,,,,,,1,One
DATAFLOW,OECD.ELS.SAE:DSD_LFS@DF_LFS_INDIC(1.1),Emploi et chômage par groupe d'âge quinquennal et par sexe - indicateurs,I,PER,Pérou,EMP_RATIO,Employment to population ratio,PT_POP_SUB,Pourcentage de la population dans le même sous-groupe,_T,Total,Y20T64,De 20 à 64 ans,EMP,Employment,2004,,76.823,,,,,,1,One
DATAFLOW,OECD.ELS.SAE:DSD_LFS@DF_LFS_INDIC(1.1),Emploi et chômage par groupe d'âge quinquennal et par sexe - indicateurs,I,PER,Pérou,EMP_RATIO,Employment to population ratio,PT_POP_SUB,Pourcentage de la population dans le même sous-groupe,_T,Total,Y20T64,De 20 à 64 ans,EMP,Employment,2008,,79.484,,,,,,1,One
DATAFLOW,OECD.ELS.SAE:DSD_LFS@DF_LFS_INDIC(1.1),Emploi et chômage par groupe d'âge quinquennal et par sexe - indicateurs,I,PER,Pérou,EMP_RATIO,Employment to population ratio,PT_POP_SUB,Pourcentage de la population dans le même sous-groupe,_T,Total,Y20T64,De 20 à 64 ans,EMP,Employment,2006,,78.102,,,,,,1,One
DATAFLOW,OECD.ELS.SAE:DSD_LFS@DF_LFS_INDIC(1.1),Emploi et chômage par groupe d'âge quinquennal et par sexe - indicateurs,I,PER,Pérou,EMP_RATIO,Employment to population ratio,PT_POP_SUB,Pourcentage de la population dans le même sous-groupe,_T,Total,Y20T64,De 20 à 64 ans,EMP,Employment,2009,,80.002,,,,,,1,One
DATAFLOW,OECD.ELS.SAE:DSD_LFS@DF_LFS_INDIC(1.1),Emploi et chômage par groupe d'âge quinquennal et par sexe - indicateurs,I,PER,Pérou,EMP_RATIO,Employment to population ratio,PT_POP_SUB,Pourcentage de la population dans le même sous-groupe,_T,Total,Y20T64,De 20 à 64 ans,EMP,Employment,2010,,80.701,,,,,,1,One
DATAFLOW,OECD.ELS.SAE:DSD_LFS@DF_LFS_INDIC(1.1),Emploi et chômage par groupe d'âge quinquennal et par sexe - indicateurs,I,PER,Pérou,EMP_RATIO,Employment to population ratio,PT_POP_SUB,Pourcentage de la population dans le même sous-groupe,_T,Total,Y20T64,De 20 à 64 ans,EMP,Employment,2011,,81.043,,,,,,1,One
DATAFLOW,OECD.ELS.SAE:DSD_LFS@DF_LFS_INDIC(1.1),Emploi et chômage par groupe d'âge quinquennal et par sexe - indicateurs,I,PER,Pérou,EMP_RATIO,Employment to population ratio,PT_POP_SUB,Pourcentage de la population dans le même sous-groupe,_T,Total,Y20T64,De 20 à 64 ans,EMP,Employment,2012,,80.716,,,,,,1,One
DATAFLOW,OECD.ELS.SAE:DSD_LFS@DF_LFS_INDIC(1.1),Emploi et chômage par groupe d'âge quinquennal et par sexe - indicateurs,I,PER,Pérou,EMP_RATIO,Employment to population ratio,PT_POP_SUB,Pourcentage de la population dans le même sous-groupe,_T,Total,Y20T64,De 20 à 64 ans,EMP,Employment,2013,,80.36,,,,,,1,One
DATAFLOW,OECD.ELS.SAE:DSD_LFS@DF_LFS_INDIC(1.1),Emploi et chômage par groupe d'âge quinquennal et par sexe - indicateurs,I,PER,Pérou,EMP_RATIO,Employment to population ratio,PT_POP_SUB,Pourcentage de la population dans le même sous-groupe,_T,Total,Y20T64,De 20 à 64 ans,EMP,Employment,2014,,79.835,,,,,,1,One
DATAFLOW,OECD.ELS.SAE:DSD_LFS@DF_LFS_INDIC(1.1),Emploi et chômage par groupe d'âge quinquennal et par sexe - indicateurs,I,PER,Pérou,EMP_RATIO,Employment to population ratio,PT_POP_SUB,Pourcentage de la population dans le même sous-groupe,_T,Total,Y20T64,De 20 à 64 ans,EMP,Employment,2015,,79.171,,,,,,1,One
DATAFLOW,OECD.ELS.SAE:DSD_LFS@DF_LFS_INDIC(1.1),Emploi et chômage par groupe d'âge quinquennal et par sexe - indicateurs,I,PER,Pérou,EMP_RATIO,Employment to population ratio,PT_POP_SUB,Pourcentage de la population dans le même sous-groupe,_T,Total,Y20T64,De 20 à 64 ans,EMP,Employment,2016,,79.832,,,,,,1,One
DATAFLOW,OECD.ELS.SAE:DSD_LFS@DF_LFS_INDIC(1.1),Emploi et chômage par groupe d'âge quinquennal et par sexe - indicateurs,I,PER,Pérou,EMP_RATIO,Employment to population ratio,PT_POP_SUB,Pourcentage de la population dans le même sous-groupe,_T,Total,Y20T64,De 20 à 64 ans,EMP,Employment,2017,,80.055,,,,,,1,One
DATAFLOW,OECD.ELS.SAE:DSD_LFS@DF_LFS_INDIC(1.1),Emploi et chômage par groupe d'âge quinquennal et par sexe - indicateurs,I,PER,Pérou,EMP_RATIO,Employment to population ratio,PT_POP_SUB,Pourcentage de la population dans le même sous-groupe,_T,Total,Y20T64,De 20 à 64 ans,EMP,Employment,2018,,79.928,,,,,,1,One
DATAFLOW,OECD.ELS.SAE:DSD_LFS@DF_LFS_INDIC(1.1),Emploi et chômage par groupe d'âge quinquennal et par sexe - indicateurs,I,PER,Pérou,EMP_RATIO,Employment to population ratio,PT_POP_SUB,Pourcentage de la population dans le même sous-groupe,_T,Total,Y20T64,De 20 à 64 ans,EMP,Employment,2019,,80.546,,,,,,1,One
DATAFLOW,OECD.ELS.SAE:DSD_LFS@DF_LFS_INDIC(1.1),Emploi et chômage par groupe d'âge quinquennal et par sexe - indicateurs,I,PER,Pérou,EMP_RATIO,Employment to population ratio,PT_POP_SUB,Pourcentage de la population dans le même sous-groupe,_T,Total,Y20T64,De 20 à 64 ans,EMP,Employment,2020,,68.286,,,,,,1,One
DATAFLOW,OECD.ELS.SAE:DSD_LFS@DF_LFS_INDIC(1.1),Emploi et chômage par groupe d'âge quinquennal et par sexe - indicateurs,I,PER,Pérou,EMP_RATIO,Employment to population ratio,PT_POP_SUB,Pourcentage de la population dans le même sous-groupe,_T,Total,Y20T64,De 20 à 64 ans,EMP,Employment,2021,,77.108,,,,,,1,One
DATAFLOW,OECD.ELS.SAE:DSD_LFS@DF_LFS_INDIC(1.1),Emploi et chômage par groupe d'âge quinquennal et par sexe - indicateurs,I,PER,Pérou,EMP_RATIO,Employment to population ratio,PT_POP_SUB,Pourcentage de la population dans le même sous-groupe,_T,Total,Y20T64,De 20 à 64 ans,EMP,Employment,2022,,79.137,,,,,,1,One
DATAFLOW,OECD.ELS.SAE:DSD_LFS@DF_LFS_INDIC(1.1),Emploi et chômage par groupe d'âge quinquennal et par sexe - indicateurs,I,AUT,Autriche,EMP_RATIO,Employment to population ratio,PT_POP_SUB,Pourcentage de la population dans le même sous-groupe,_T,Total,Y20T64,De 20 à 64 ans,EMP,Employment,2023,,77.2,,,,,,1,One
DATAFLOW,OECD.ELS.SAE:DSD_LFS@DF_LFS_INDIC(1.1),Emploi et chômage par groupe d'âge quinquennal et par sexe - indicateurs,I,BEL,Belgique,EMP_RATIO,Employment to population ratio,PT_POP_SUB,Pourcentage de la population dans le même sous-groupe,_T,Total,Y20T64,De 20 à 64 ans,EMP,Employment,2023,,72.087,,,,,,1,One
DATAFLOW,OECD.ELS.SAE:DSD_LFS@DF_LFS_INDIC(1.1),Emploi et chômage par groupe d'âge quinquennal et par sexe - indicateurs,I,CHL,Chili,EMP_RATIO,Employment to population ratio,PT_POP_SUB,Pourcentage de la population dans le même sous-groupe,_T,Total,Y20T64,De 20 à 64 ans,EMP,Employment,2023,,68.499,,,,,,1,One
DATAFLOW,OECD.ELS.SAE:DSD_LFS@DF_LFS_INDIC(1.1),Emploi et chômage par groupe d'âge quinquennal et par sexe - indicateurs,I,COL,Colombie,EMP_RATIO,Employment to population ratio,PT_POP_SUB,Pourcentage de la population dans le même sous-groupe,_T,Total,Y20T64,De 20 à 64 ans,EMP,Employment,2023,,69.013,,,,,,1,One
DATAFLOW,OECD.ELS.SAE:DSD_LFS@DF_LFS_INDIC(1.1),Emploi et chômage par groupe d'âge quinquennal et par sexe - indicateurs,I,CRI,Costa Rica,EMP_RATIO,Employment to population ratio,PT_POP_SUB,Pourcentage de la population dans le même sous-groupe,_T,Total,Y20T64,De 20 à 64 ans,EMP,Employment,2023,,65.061,,,,,,1,One
DATAFLOW,OECD.ELS.SAE:DSD_LFS@DF_LFS_INDIC(1.1),Emploi et chômage par groupe d'âge quinquennal et par sexe - indicateurs,I,CZE,Tchéquie,EMP_RATIO,Employment to population ratio,PT_POP_SUB,Pourcentage de la population dans le même sous-groupe,_T,Total,Y20T64,De 20 à 64 ans,EMP,Employment,2023,,81.715,,,,,,1,One
DATAFLOW,OECD.ELS.SAE:DSD_LFS@DF_LFS_INDIC(1.1),Emploi et chômage par groupe d'âge quinquennal et par sexe - indicateurs,I,DNK,Danemark,EMP_RATIO,Employment to population ratio,PT_POP_SUB,Pourcentage de la population dans le même sous-groupe,_T,Total,Y20T64,De 20 à 64 ans,EMP,Employment,2023,,80.134,,,,,,1,One
DATAFLOW,OECD.ELS.SAE:DSD_LFS@DF_LFS_INDIC(1.1),Emploi et chômage par groupe d'âge quinquennal et par sexe - indicateurs,I,EST,Estonie,EMP_RATIO,Employment to population ratio,PT_POP_SUB,Pourcentage de la population dans le même sous-groupe,_T,Total,Y20T64,De 20 à 64 ans,EMP,Employment,2023,,82.135,,,,,,1,One
DATAFLOW,OECD.ELS.SAE:DSD_LFS@DF_LFS_INDIC(1.1),Emploi et chômage par groupe d'âge quinquennal et par sexe - indicateurs,I,FIN,Finlande,EMP_RATIO,Employment to population ratio,PT_POP_SUB,Pourcentage de la population dans le même sous-groupe,_T,Total,Y20T64,De 20 à 64 ans,EMP,Employment,2023,,78.278,,,,,,1,One
DATAFLOW,OECD.ELS.SAE:DSD_LFS@DF_LFS_INDIC(1.1),Emploi et chômage par groupe d'âge quinquennal et par sexe - indicateurs,I,FRA,France,EMP_RATIO,Employment to population ratio,PT_POP_SUB,Pourcentage de la population dans le même sous-groupe,_T,Total,Y20T64,De 20 à 64 ans,EMP,Employment,2023,,74.381,,,,,,1,One
DATAFLOW,OECD.ELS.SAE:DSD_LFS@DF_LFS_INDIC(1.1),Emploi et chômage par groupe d'âge quinquennal et par sexe - indicateurs,I,GRC,Grèce,EMP_RATIO,Employment to population ratio,PT_POP_SUB,Pourcentage de la population dans le même sous-groupe,_T,Total,Y20T64,De 20 à 64 ans,EMP,Employment,2023,,67.428,,,,,,1,One
DATAFLOW,OECD.ELS.SAE:DSD_LFS@DF_LFS_INDIC(1.1),Emploi et chômage par groupe d'âge quinquennal et par sexe - indicateurs,I,ISL,Islande,EMP_RATIO,Employment to population ratio,PT_POP_SUB,Pourcentage de la population dans le même sous-groupe,_T,Total,Y20T64,De 20 à 64 ans,EMP,Employment,2023,,85.32,,,,,,1,One
DATAFLOW,OECD.ELS.SAE:DSD_LFS@DF_LFS_INDIC(1.1),Emploi et chômage par groupe d'âge quinquennal et par sexe - indicateurs,I,ISR,Israël,EMP_RATIO,Employment to population ratio,PT_POP_SUB,Pourcentage de la population dans le même sous-groupe,_T,Total,Y20T64,De 20 à 64 ans,EMP,Employment,2023,,76.802,,,,,,1,One
DATAFLOW,OECD.ELS.SAE:DSD_LFS@DF_LFS_INDIC(1.1),Emploi et chômage par groupe d'âge quinquennal et par sexe - indicateurs,I,ITA,Italie,EMP_RATIO,Employment to population ratio,PT_POP_SUB,Pourcentage de la population dans le même sous-groupe,_T,Total,Y20T64,De 20 à 64 ans,EMP,Employment,2023,,66.263,,,,,,1,One
DATAFLOW,OECD.ELS.SAE:DSD_LFS@DF_LFS_INDIC(1.1),Emploi et chômage par groupe d'âge quinquennal et par sexe - indicateurs,I,JPN,Japon,EMP_RATIO,Employment to population ratio,PT_POP_SUB,Pourcentage de la population dans le même sous-groupe,_T,Total,Y20T64,De 20 à 64 ans,EMP,Employment,2023,,83.616,,,,,,1,One
DATAFLOW,OECD.ELS.SAE:DSD_LFS@DF_LFS_INDIC(1.1),Emploi et chômage par groupe d'âge quinquennal et par sexe - indicateurs,I,KOR,Corée,EMP_RATIO,Employment to population ratio,PT_POP_SUB,Pourcentage de la population dans le même sous-groupe,_T,Total,Y20T64,De 20 à 64 ans,EMP,Employment,2023,,73.382,,,,,,1,One
DATAFLOW,OECD.ELS.SAE:DSD_LFS@DF_LFS_INDIC(1.1),Emploi et chômage par groupe d'âge quinquennal et par sexe - indicateurs,I,LVA,Lettonie,EMP_RATIO,Employment to population ratio,PT_POP_SUB,Pourcentage de la population dans le même sous-groupe,_T,Total,Y20T64,De 20 à 64 ans,EMP,Employment,2023,,77.512,,,,,,1,One
DATAFLOW,OECD.ELS.SAE:DSD_LFS@DF_LFS_INDIC(1.1),Emploi et chômage par groupe d'âge quinquennal et par sexe - indicateurs,I,LTU,Lituanie,EMP_RATIO,Employment to population ratio,PT_POP_SUB,Pourcentage de la population dans le même sous-groupe,_T,Total,Y20T64,De 20 à 64 ans,EMP,Employment,2023,,78.478,,,,,,1,One
DATAFLOW,OECD.ELS.SAE:DSD_LFS@DF_LFS_INDIC(1.1),Emploi et chômage par groupe d'âge quinquennal et par sexe - indicateurs,I,LUX,Luxembourg,EMP_RATIO,Employment to population ratio,PT_POP_SUB,Pourcentage de la population dans le même sous-groupe,_T,Total,Y20T64,De 20 à 64 ans,EMP,Employment,2023,,74.846,,,,,,1,One
DATAFLOW,OECD.ELS.SAE:DSD_LFS@DF_LFS_INDIC(1.1),Emploi et chômage par groupe d'âge quinquennal et par sexe - indicateurs,I,MEX,Mexique,EMP_RATIO,Employment to population ratio,PT_POP_SUB,Pourcentage de la population dans le même sous-groupe,_T,Total,Y20T64,De 20 à 64 ans,EMP,Employment,2023,,68.999,,,,,,1,One
DATAFLOW,OECD.ELS.SAE:DSD_LFS@DF_LFS_INDIC(1.1),Emploi et chômage par groupe d'âge quinquennal et par sexe - indicateurs,I,NLD,Pays-Bas,EMP_RATIO,Employment to population ratio,PT_POP_SUB,Pourcentage de la population dans le même sous-groupe,_T,Total,Y20T64,De 20 à 64 ans,EMP,Employment,2023,,83.549,,,,,,1,One
DATAFLOW,OECD.ELS.SAE:DSD_LFS@DF_LFS_INDIC(1.1),Emploi et chômage par groupe d'âge quinquennal et par sexe - indicateurs,I,NOR,Norvège,EMP_RATIO,Employment to population ratio,PT_POP_SUB,Pourcentage de la population dans le même sous-groupe,_T,Total,Y20T64,De 20 à 64 ans,EMP,Employment,2023,,80.371,,,,,,1,One
DATAFLOW,OECD.ELS.SAE:DSD_LFS@DF_LFS_INDIC(1.1),Emploi et chômage par groupe d'âge quinquennal et par sexe - indicateurs,I,SVK,République slovaque,EMP_RATIO,Employment to population ratio,PT_POP_SUB,Pourcentage de la population dans le même sous-groupe,_T,Total,Y20T64,De 20 à 64 ans,EMP,Employment,2023,,77.487,,,,,,1,One
DATAFLOW,OECD.ELS.SAE:DSD_LFS@DF_LFS_INDIC(1.1),Emploi et chômage par groupe d'âge quinquennal et par sexe - indicateurs,I,ESP,Espagne,EMP_RATIO,Employment to population ratio,PT_POP_SUB,Pourcentage de la population dans le même sous-groupe,_T,Total,Y20T64,De 20 à 64 ans,EMP,Employment,2023,,70.547,,,,,,1,One
DATAFLOW,OECD.ELS.SAE:DSD_LFS@DF_LFS_INDIC(1.1),Emploi et chômage par groupe d'âge quinquennal et par sexe - indicateurs,I,SWE,Suède,EMP_RATIO,Employment to population ratio,PT_POP_SUB,Pourcentage de la population dans le même sous-groupe,_T,Total,Y20T64,De 20 à 64 ans,EMP,Employment,2023,,82.627,,,,,,1,One
DATAFLOW,OECD.ELS.SAE:DSD_LFS@DF_LFS_INDIC(1.1),Emploi et chômage par groupe d'âge quinquennal et par sexe - indicateurs,I,TUR,Türkiye,EMP_RATIO,Employment to population ratio,PT_POP_SUB,Pourcentage de la population dans le même sous-groupe,_T,Total,Y20T64,De 20 à 64 ans,EMP,Employment,2023,,57.267,,,,,,1,One
DATAFLOW,OECD.ELS.SAE:DSD_LFS@DF_LFS_INDIC(1.1),Emploi et chômage par groupe d'âge quinquennal et par sexe - indicateurs,I,GBR,Royaume-Uni,EMP_RATIO,Employment to population ratio,PT_POP_SUB,Pourcentage de la population dans le même sous-groupe,_T,Total,Y20T64,De 20 à 64 ans,EMP,Employment,2023,,78.776,,,,,,1,One
DATAFLOW,OECD.ELS.SAE:DSD_LFS@DF_LFS_INDIC(1.1),Emploi et chômage par groupe d'âge quinquennal et par sexe - indicateurs,I,USA,États-Unis,EMP_RATIO,Employment to population ratio,PT_POP_SUB,Pourcentage de la population dans le même sous-groupe,_T,Total,Y20T64,De 20 à 64 ans,EMP,Employment,2023,,75.478,,,,,,1,One
DATAFLOW,OECD.ELS.SAE:DSD_LFS@DF_LFS_INDIC(1.1),Emploi et chômage par groupe d'âge quinquennal et par sexe - indicateurs,I,BRA,Brésil,EMP_RATIO,Employment to population ratio,PT_POP_SUB,Pourcentage de la population dans le même sous-groupe,_T,Total,Y20T64,De 20 à 64 ans,EMP,Employment,2023,,69.868,,,,,,1,One
DATAFLOW,OECD.ELS.SAE:DSD_LFS@DF_LFS_INDIC(1.1),Emploi et chômage par groupe d'âge quinquennal et par sexe - indicateurs,I,BGR,Bulgarie,EMP_RATIO,Employment to population ratio,PT_POP_SUB,Pourcentage de la population dans le même sous-groupe,_T,Total,Y20T64,De 20 à 64 ans,EMP,Employment,2023,,76.242,,,,,,1,One
DATAFLOW,OECD.ELS.SAE:DSD_LFS@DF_LFS_INDIC(1.1),Emploi et chômage par groupe d'âge quinquennal et par sexe - indicateurs,I,ROU,Roumanie,EMP_RATIO,Employment to population ratio,PT_POP_SUB,Pourcentage de la population dans le même sous-groupe,_T,Total,Y20T64,De 20 à 64 ans,EMP,Employment,2023,,68.743,,,,,,1,One
DATAFLOW,OECD.ELS.SAE:DSD_LFS@DF_LFS_INDIC(1.1),Emploi et chômage par groupe d'âge quinquennal et par sexe - indicateurs,I,ZAF,Afrique du Sud,EMP_RATIO,Employment to population ratio,PT_POP_SUB,Pourcentage de la population dans le même sous-groupe,_T,Total,Y20T64,De 20 à 64 ans,EMP,Employment,2023,,45.988,,,,,,1,One
DATAFLOW,OECD.ELS.SAE:DSD_LFS@DF_LFS_INDIC(1.1),Emploi et chômage par groupe d'âge quinquennal et par sexe - indicateurs,I,AUS,Australie,EMP_RATIO,Employment to population ratio,PT_POP_SUB,Pourcentage de la population dans le même sous-groupe,_T,Total,Y20T64,De 20 à 64 ans,EMP,Employment,2023,,79.884,,,,,,1,One
DATAFLOW,OECD.ELS.SAE:DSD_LFS@DF_LFS_INDIC(1.1),Emploi et chômage par groupe d'âge quinquennal et par sexe - indicateurs,I,CAN,Canada,EMP_RATIO,Employment to population ratio,PT_POP_SUB,Pourcentage de la population dans le même sous-groupe,_T,Total,Y20T64,De 20 à 64 ans,EMP,Employment,2023,,78.851,,,,,,1,One
DATAFLOW,OECD.ELS.SAE:DSD_LFS@DF_LFS_INDIC(1.1),Emploi et chômage par groupe d'âge quinquennal et par sexe - indicateurs,I,DEU,Allemagne,EMP_RATIO,Employment to population ratio,PT_POP_SUB,Pourcentage de la population dans le même sous-groupe,_T,Total,Y20T64,De 20 à 64 ans,EMP,Employment,2023,,81.089,,,,,,1,One
DATAFLOW,OECD.ELS.SAE:DSD_LFS@DF_LFS_INDIC(1.1),Emploi et chômage par groupe d'âge quinquennal et par sexe - indicateurs,I,HUN,Hongrie,EMP_RATIO,Employment to population ratio,PT_POP_SUB,Pourcentage de la population dans le même sous-groupe,_T,Total,Y20T64,De 20 à 64 ans,EMP,Employment,2023,,80.71,,,,,,1,One
DATAFLOW,OECD.ELS.SAE:DSD_LFS@DF_LFS_INDIC(1.1),Emploi et chômage par groupe d'âge quinquennal et par sexe - indicateurs,I,IRL,Irlande,EMP_RATIO,Employment to population ratio,PT_POP_SUB,Pourcentage de la population dans le même sous-groupe,_T,Total,Y20T64,De 20 à 64 ans,EMP,Employment,2023,,79.921,,,,,,1,One
DATAFLOW,OECD.ELS.SAE:DSD_LFS@DF_LFS_INDIC(1.1),Emploi et chômage par groupe d'âge quinquennal et par sexe - indicateurs,I,NZL,Nouvelle-Zélande,EMP_RATIO,Employment to population ratio,PT_POP_SUB,Pourcentage de la population dans le même sous-groupe,_T,Total,Y20T64,De 20 à 64 ans,EMP,Employment,2023,,83.791,,,,,,1,One
DATAFLOW,OECD.ELS.SAE:DSD_LFS@DF_LFS_INDIC(1.1),Emploi et chômage par groupe d'âge quinquennal et par sexe - indicateurs,I,POL,Pologne,EMP_RATIO,Employment to population ratio,PT_POP_SUB,Pourcentage de la population dans le même sous-groupe,_T,Total,Y20T64,De 20 à 64 ans,EMP,Employment,2023,,77.882,,,,,,1,One
DATAFLOW,OECD.ELS.SAE:DSD_LFS@DF_LFS_INDIC(1.1),Emploi et chômage par groupe d'âge quinquennal et par sexe - indicateurs,I,PRT,Portugal,EMP_RATIO,Employment to population ratio,PT_POP_SUB,Pourcentage de la population dans le même sous-groupe,_T,Total,Y20T64,De 20 à 64 ans,EMP,Employment,2023,,78.039,,,,,,1,One
DATAFLOW,OECD.ELS.SAE:DSD_LFS@DF_LFS_INDIC(1.1),Emploi et chômage par groupe d'âge quinquennal et par sexe - indicateurs,I,SVN,Slovénie,EMP_RATIO,Employment to population ratio,PT_POP_SUB,Pourcentage de la population dans le même sous-groupe,_T,Total,Y20T64,De 20 à 64 ans,EMP,Employment,2023,,77.46,,,,,,1,One
DATAFLOW,OECD.ELS.SAE:DSD_LFS@DF_LFS_INDIC(1.1),Emploi et chômage par groupe d'âge quinquennal et par sexe - indicateurs,I,G7,G7,EMP_RATIO,Employment to population ratio,PT_POP_SUB,Pourcentage de la population dans le même sous-groupe,_T,Total,Y20T64,De 20 à 64 ans,EMP,Employment,2023,,77.027,,,,,,1,One
DATAFLOW,OECD.ELS.SAE:DSD_LFS@DF_LFS_INDIC(1.1),Emploi et chômage par groupe d'âge quinquennal et par sexe - indicateurs,I,EU27,Union européenne (27 pays),EMP_RATIO,Employment to population ratio,PT_POP_SUB,Pourcentage de la population dans le même sous-groupe,_T,Total,Y20T64,De 20 à 64 ans,EMP,Employment,2023,,75.319,,,,,,1,One
DATAFLOW,OECD.ELS.SAE:DSD_LFS@DF_LFS_INDIC(1.1),Emploi et chômage par groupe d'âge quinquennal et par sexe - indicateurs,I,EU19OECD,19 Membres de l'Union européenne et de l'OCDE,EMP_RATIO,Employment to population ratio,PT_POP_SUB,Pourcentage de la population dans le même sous-groupe,_T,Total,Y20T64,De 20 à 64 ans,EMP,Employment,2023,,74.799,,,,,,1,One
DATAFLOW,OECD.ELS.SAE:DSD_LFS@DF_LFS_INDIC(1.1),Emploi et chômage par groupe d'âge quinquennal et par sexe - indicateurs,I,EU22OECD,22 Membres de l'Union européenne et de l'OCDE,EMP_RATIO,Employment to population ratio,PT_POP_SUB,Pourcentage de la population dans le même sous-groupe,_T,Total,Y20T64,De 20 à 64 ans,EMP,Employment,2023,,75.627,,,,,,1,One
DATAFLOW,OECD.ELS.SAE:DSD_LFS@DF_LFS_INDIC(1.1),Emploi et chômage par groupe d'âge quinquennal et par sexe - indicateurs,I,HRV,Croatie,EMP_RATIO,Employment to population ratio,PT_POP_SUB,Pourcentage de la population dans le même sous-groupe,_T,Total,Y20T64,De 20 à 64 ans,EMP,Employment,2023,,70.776,,,,,,1,One
DATAFLOW,OECD.ELS.SAE:DSD_LFS@DF_LFS_INDIC(1.1),Emploi et chômage par groupe d'âge quinquennal et par sexe - indicateurs,I,CYP,Chypre,EMP_RATIO,Employment to population ratio,PT_POP_SUB,Pourcentage de la population dans le même sous-groupe,_T,Total,Y20T64,De 20 à 64 ans,EMP,Employment,2023,,79.521,,,,,,1,One
DATAFLOW,OECD.ELS.SAE:DSD_LFS@DF_LFS_INDIC(1.1),Emploi et chômage par groupe d'âge quinquennal et par sexe - indicateurs,I,IND,Inde,EMP_RATIO,Employment to population ratio,PT_POP_SUB,Pourcentage de la population dans le même sous-groupe,_T,Total,Y20T64,De 20 à 64 ans,EMP,Employment,2023,,63.285,,,,,,1,One
DATAFLOW,OECD.ELS.SAE:DSD_LFS@DF_LFS_INDIC(1.1),Emploi et chômage par groupe d'âge quinquennal et par sexe - indicateurs,I,MLT,Malte,EMP_RATIO,Employment to population ratio,PT_POP_SUB,Pourcentage de la population dans le même sous-groupe,_T,Total,Y20T64,De 20 à 64 ans,EMP,Employment,2023,,81.337,,,,,,1,One
DATAFLOW,OECD.ELS.SAE:DSD_LFS@DF_LFS_INDIC(1.1),Emploi et chômage par groupe d'âge quinquennal et par sexe - indicateurs,I,AUS,Australie,EMP_RATIO,Employment to population ratio,PT_POP_SUB,Pourcentage de la population dans le même sous-groupe,_T,Total,Y20T64,De 20 à 64 ans,EMP,Employment,2024,,79.887,,,,,,1,One
DATAFLOW,OECD.ELS.SAE:DSD_LFS@DF_LFS_INDIC(1.1),Emploi et chômage par groupe d'âge quinquennal et par sexe - indicateurs,I,AUT,Autriche,EMP_RATIO,Employment to population ratio,PT_POP_SUB,Pourcentage de la population dans le même sous-groupe,_T,Total,Y20T64,De 20 à 64 ans,EMP,Employment,2024,,77.377,,,,,,1,One
DATAFLOW,OECD.ELS.SAE:DSD_LFS@DF_LFS_INDIC(1.1),Emploi et chômage par groupe d'âge quinquennal et par sexe - indicateurs,I,BEL,Belgique,EMP_RATIO,Employment to population ratio,PT_POP_SUB,Pourcentage de la population dans le même sous-groupe,_T,Total,Y20T64,De 20 à 64 ans,EMP,Employment,2024,,72.325,,,,,,1,One
DATAFLOW,OECD.ELS.SAE:DSD_LFS@DF_LFS_INDIC(1.1),Emploi et chômage par groupe d'âge quinquennal et par sexe - indicateurs,I,CAN,Canada,EMP_RATIO,Employment to population ratio,PT_POP_SUB,Pourcentage de la population dans le même sous-groupe,_T,Total,Y20T64,De 20 à 64 ans,EMP,Employment,2024,,78.022,,,,,,1,One
DATAFLOW,OECD.ELS.SAE:DSD_LFS@DF_LFS_INDIC(1.1),Emploi et chômage par groupe d'âge quinquennal et par sexe - indicateurs,I,CHL,Chili,EMP_RATIO,Employment to population ratio,PT_POP_SUB,Pourcentage de la population dans le même sous-groupe,_T,Total,Y20T64,De 20 à 64 ans,EMP,Employment,2024,,69.898,,,,,,1,One
DATAFLOW,OECD.ELS.SAE:DSD_LFS@DF_LFS_INDIC(1.1),Emploi et chômage par groupe d'âge quinquennal et par sexe - indicateurs,I,COL,Colombie,EMP_RATIO,Employment to population ratio,PT_POP_SUB,Pourcentage de la population dans le même sous-groupe,_T,Total,Y20T64,De 20 à 64 ans,EMP,Employment,2024,,69.011,,,,,,1,One
DATAFLOW,OECD.ELS.SAE:DSD_LFS@DF_LFS_INDIC(1.1),Emploi et chômage par groupe d'âge quinquennal et par sexe - indicateurs,I,CRI,Costa Rica,EMP_RATIO,Employment to population ratio,PT_POP_SUB,Pourcentage de la population dans le même sous-groupe,_T,Total,Y20T64,De 20 à 64 ans,EMP,Employment,2024,,67.125,,,,,,1,One
DATAFLOW,OECD.ELS.SAE:DSD_LFS@DF_LFS_INDIC(1.1),Emploi et chômage par groupe d'âge quinquennal et par sexe - indicateurs,I,CZE,Tchéquie,EMP_RATIO,Employment to population ratio,PT_POP_SUB,Pourcentage de la population dans le même sous-groupe,_T,Total,Y20T64,De 20 à 64 ans,EMP,Employment,2024,,82.25,,,,,,1,One
DATAFLOW,OECD.ELS.SAE:DSD_LFS@DF_LFS_INDIC(1.1),Emploi et chômage par groupe d'âge quinquennal et par sexe - indicateurs,I,DNK,Danemark,EMP_RATIO,Employment to population ratio,PT_POP_SUB,Pourcentage de la population dans le même sous-groupe,_T,Total,Y20T64,De 20 à 64 ans,EMP,Employment,2024,,80.258,,,,,,1,One
DATAFLOW,OECD.ELS.SAE:DSD_LFS@DF_LFS_INDIC(1.1),Emploi et chômage par groupe d'âge quinquennal et par sexe - indicateurs,I,EST,Estonie,EMP_RATIO,Employment to population ratio,PT_POP_SUB,Pourcentage de la population dans le même sous-groupe,_T,Total,Y20T64,De 20 à 64 ans,EMP,Employment,2024,,81.76,,,,,,1,One
DATAFLOW,OECD.ELS.SAE:DSD_LFS@DF_LFS_INDIC(1.1),Emploi et chômage par groupe d'âge quinquennal et par sexe - indicateurs,I,FIN,Finlande,EMP_RATIO,Employment to population ratio,PT_POP_SUB,Pourcentage de la population dans le même sous-groupe,_T,Total,Y20T64,De 20 à 64 ans,EMP,Employment,2024,,77.059,,,,,,1,One
DATAFLOW,OECD.ELS.SAE:DSD_LFS@DF_LFS_INDIC(1.1),Emploi et chômage par groupe d'âge quinquennal et par sexe - indicateurs,I,FRA,France,EMP_RATIO,Employment to population ratio,PT_POP_SUB,Pourcentage de la population dans le même sous-groupe,_T,Total,Y20T64,De 20 à 64 ans,EMP,Employment,2024,,75.104,,,,,,1,One
DATAFLOW,OECD.ELS.SAE:DSD_LFS@DF_LFS_INDIC(1.1),Emploi et chômage par groupe d'âge quinquennal et par sexe - indicateurs,I,DEU,Allemagne,EMP_RATIO,Employment to population ratio,PT_POP_SUB,Pourcentage de la population dans le même sous-groupe,_T,Total,Y20T64,De 20 à 64 ans,EMP,Employment,2024,,81.301,,,,,,1,One
DATAFLOW,OECD.ELS.SAE:DSD_LFS@DF_LFS_INDIC(1.1),Emploi et chômage par groupe d'âge quinquennal et par sexe - indicateurs,I,GRC,Grèce,EMP_RATIO,Employment to population ratio,PT_POP_SUB,Pourcentage de la population dans le même sous-groupe,_T,Total,Y20T64,De 20 à 64 ans,EMP,Employment,2024,,69.311,,,,,,1,One
DATAFLOW,OECD.ELS.SAE:DSD_LFS@DF_LFS_INDIC(1.1),Emploi et chômage par groupe d'âge quinquennal et par sexe - indicateurs,I,HUN,Hongrie,EMP_RATIO,Employment to population ratio,PT_POP_SUB,Pourcentage de la population dans le même sous-groupe,_T,Total,Y20T64,De 20 à 64 ans,EMP,Employment,2024,,81.084,,,,,,1,One
DATAFLOW,OECD.ELS.SAE:DSD_LFS@DF_LFS_INDIC(1.1),Emploi et chômage par groupe d'âge quinquennal et par sexe - indicateurs,I,ISL,Islande,EMP_RATIO,Employment to population ratio,PT_POP_SUB,Pourcentage de la population dans le même sous-groupe,_T,Total,Y20T64,De 20 à 64 ans,EMP,Employment,2024,,86.958,,,,,,1,One
DATAFLOW,OECD.ELS.SAE:DSD_LFS@DF_LFS_INDIC(1.1),Emploi et chômage par groupe d'âge quinquennal et par sexe - indicateurs,I,IRL,Irlande,EMP_RATIO,Employment to population ratio,PT_POP_SUB,Pourcentage de la population dans le même sous-groupe,_T,Total,Y20T64,De 20 à 64 ans,EMP,Employment,2024,,80.616,,,,,,1,One
DATAFLOW,OECD.ELS.SAE:DSD_LFS@DF_LFS_INDIC(1.1),Emploi et chômage par groupe d'âge quinquennal et par sexe - indicateurs,I,ISR,Israël,EMP_RATIO,Employment to population ratio,PT_POP_SUB,Pourcentage de la population dans le même sous-groupe,_T,Total,Y20T64,De 20 à 64 ans,EMP,Employment,2024,,76.266,,,,,,1,One
DATAFLOW,OECD.ELS.SAE:DSD_LFS@DF_LFS_INDIC(1.1),Emploi et chômage par groupe d'âge quinquennal et par sexe - indicateurs,I,ITA,Italie,EMP_RATIO,Employment to population ratio,PT_POP_SUB,Pourcentage de la population dans le même sous-groupe,_T,Total,Y20T64,De 20 à 64 ans,EMP,Employment,2024,,67.074,,,,,,1,One
DATAFLOW,OECD.ELS.SAE:DSD_LFS@DF_LFS_INDIC(1.1),Emploi et chômage par groupe d'âge quinquennal et par sexe - indicateurs,I,JPN,Japon,EMP_RATIO,Employment to population ratio,PT_POP_SUB,Pourcentage de la population dans le même sous-groupe,_T,Total,Y20T64,De 20 à 64 ans,EMP,Employment,2024,,84.042,,,,,,1,One
DATAFLOW,OECD.ELS.SAE:DSD_LFS@DF_LFS_INDIC(1.1),Emploi et chômage par groupe d'âge quinquennal et par sexe - indicateurs,I,KOR,Corée,EMP_RATIO,Employment to population ratio,PT_POP_SUB,Pourcentage de la population dans le même sous-groupe,_T,Total,Y20T64,De 20 à 64 ans,EMP,Employment,2024,,73.762,,,,,,1,One
DATAFLOW,OECD.ELS.SAE:DSD_LFS@DF_LFS_INDIC(1.1),Emploi et chômage par groupe d'âge quinquennal et par sexe - indicateurs,I,LVA,Lettonie,EMP_RATIO,Employment to population ratio,PT_POP_SUB,Pourcentage de la population dans le même sous-groupe,_T,Total,Y20T64,De 20 à 64 ans,EMP,Employment,2024,,77.4,,,,,,1,One
DATAFLOW,OECD.ELS.SAE:DSD_LFS@DF_LFS_INDIC(1.1),Emploi et chômage par groupe d'âge quinquennal et par sexe - indicateurs,I,LTU,Lituanie,EMP_RATIO,Employment to population ratio,PT_POP_SUB,Pourcentage de la population dans le même sous-groupe,_T,Total,Y20T64,De 20 à 64 ans,EMP,Employment,2024,,79.204,,,,,,1,One
DATAFLOW,OECD.ELS.SAE:DSD_LFS@DF_LFS_INDIC(1.1),Emploi et chômage par groupe d'âge quinquennal et par sexe - indicateurs,I,LUX,Luxembourg,EMP_RATIO,Employment to population ratio,PT_POP_SUB,Pourcentage de la population dans le même sous-groupe,_T,Total,Y20T64,De 20 à 64 ans,EMP,Employment,2024,,74.173,,,,,,1,One
DATAFLOW,OECD.ELS.SAE:DSD_LFS@DF_LFS_INDIC(1.1),Emploi et chômage par groupe d'âge quinquennal et par sexe - indicateurs,I,MEX,Mexique,EMP_RATIO,Employment to population ratio,PT_POP_SUB,Pourcentage de la population dans le même sous-groupe,_T,Total,Y20T64,De 20 à 64 ans,EMP,Employment,2024,,69.11,,,,,,1,One
DATAFLOW,OECD.ELS.SAE:DSD_LFS@DF_LFS_INDIC(1.1),Emploi et chômage par groupe d'âge quinquennal et par sexe - indicateurs,I,NLD,Pays-Bas,EMP_RATIO,Employment to population ratio,PT_POP_SUB,Pourcentage de la population dans le même sous-groupe,_T,Total,Y20T64,De 20 à 64 ans,EMP,Employment,2024,,83.491,,,,,,1,One
DATAFLOW,OECD.ELS.SAE:DSD_LFS@DF_LFS_INDIC(1.1),Emploi et chômage par groupe d'âge quinquennal et par sexe - indicateurs,I,NZL,Nouvelle-Zélande,EMP_RATIO,Employment to population ratio,PT_POP_SUB,Pourcentage de la population dans le même sous-groupe,_T,Total,Y20T64,De 20 à 64 ans,EMP,Employment,2024,,82.84,,,,,,1,One
DATAFLOW,OECD.ELS.SAE:DSD_LFS@DF_LFS_INDIC(1.1),Emploi et chômage par groupe d'âge quinquennal et par sexe - indicateurs,I,NOR,Norvège,EMP_RATIO,Employment to population ratio,PT_POP_SUB,Pourcentage de la population dans le même sous-groupe,_T,Total,Y20T64,De 20 à 64 ans,EMP,Employment,2024,,80.014,,,,,,1,One
DATAFLOW,OECD.ELS.SAE:DSD_LFS@DF_LFS_INDIC(1.1),Emploi et chômage par groupe d'âge quinquennal et par sexe - indicateurs,I,POL,Pologne,EMP_RATIO,Employment to population ratio,PT_POP_SUB,Pourcentage de la population dans le même sous-groupe,_T,Total,Y20T64,De 20 à 64 ans,EMP,Employment,2024,,78.352,,,,,,1,One
DATAFLOW,OECD.ELS.SAE:DSD_LFS@DF_LFS_INDIC(1.1),Emploi et chômage par groupe d'âge quinquennal et par sexe - indicateurs,I,PRT,Portugal,EMP_RATIO,Employment to population ratio,PT_POP_SUB,Pourcentage de la population dans le même sous-groupe,_T,Total,Y20T64,De 20 à 64 ans,EMP,Employment,2024,,78.463,,,,,,1,One
DATAFLOW,OECD.ELS.SAE:DSD_LFS@DF_LFS_INDIC(1.1),Emploi et chômage par groupe d'âge quinquennal et par sexe - indicateurs,I,SVK,République slovaque,EMP_RATIO,Employment to population ratio,PT_POP_SUB,Pourcentage de la population dans le même sous-groupe,_T,Total,Y20T64,De 20 à 64 ans,EMP,Employment,2024,,78.114,,,,,,1,One
DATAFLOW,OECD.ELS.SAE:DSD_LFS@DF_LFS_INDIC(1.1),Emploi et chômage par groupe d'âge quinquennal et par sexe - indicateurs,I,SVN,Slovénie,EMP_RATIO,Employment to population ratio,PT_POP_SUB,Pourcentage de la population dans le même sous-groupe,_T,Total,Y20T64,De 20 à 64 ans,EMP,Employment,2024,,78.257,,,,,,1,One
DATAFLOW,OECD.ELS.SAE:DSD_LFS@DF_LFS_INDIC(1.1),Emploi et chômage par groupe d'âge quinquennal et par sexe - indicateurs,I,ESP,Espagne,EMP_RATIO,Employment to population ratio,PT_POP_SUB,Pourcentage de la population dans le même sous-groupe,_T,Total,Y20T64,De 20 à 64 ans,EMP,Employment,2024,,71.37,,,,,,1,One
DATAFLOW,OECD.ELS.SAE:DSD_LFS@DF_LFS_INDIC(1.1),Emploi et chômage par groupe d'âge quinquennal et par sexe - indicateurs,I,SWE,Suède,EMP_RATIO,Employment to population ratio,PT_POP_SUB,Pourcentage de la population dans le même sous-groupe,_T,Total,Y20T64,De 20 à 64 ans,EMP,Employment,2024,,81.936,,,,,,1,One
DATAFLOW,OECD.ELS.SAE:DSD_LFS@DF_LFS_INDIC(1.1),Emploi et chômage par groupe d'âge quinquennal et par sexe - indicateurs,I,CHE,Suisse,EMP_RATIO,Employment to population ratio,PT_POP_SUB,Pourcentage de la population dans le même sous-groupe,_T,Total,Y20T64,De 20 à 64 ans,EMP,Employment,2024,,82.984,,,,,,1,One
DATAFLOW,OECD.ELS.SAE:DSD_LFS@DF_LFS_INDIC(1.1),Emploi et chômage par groupe d'âge quinquennal et par sexe - indicateurs,I,TUR,Türkiye,EMP_RATIO,Employment to population ratio,PT_POP_SUB,Pourcentage de la population dans le même sous-groupe,_T,Total,Y20T64,De 20 à 64 ans,EMP,Employment,2024,,58.479,,,,,,1,One
DATAFLOW,OECD.ELS.SAE:DSD_LFS@DF_LFS_INDIC(1.1),Emploi et chômage par groupe d'âge quinquennal et par sexe - indicateurs,I,GBR,Royaume-Uni,EMP_RATIO,Employment to population ratio,PT_POP_SUB,Pourcentage de la population dans le même sous-groupe,_T,Total,Y20T64,De 20 à 64 ans,EMP,Employment,2024,,78.659,,,,,,1,One
DATAFLOW,OECD.ELS.SAE:DSD_LFS@DF_LFS_INDIC(1.1),Emploi et chômage par groupe d'âge quinquennal et par sexe - indicateurs,I,USA,États-Unis,EMP_RATIO,Employment to population ratio,PT_POP_SUB,Pourcentage de la population dans le même sous-groupe,_T,Total,Y20T64,De 20 à 64 ans,EMP,Employment,2024,,75.507,,,,,,1,One
DATAFLOW,OECD.ELS.SAE:DSD_LFS@DF_LFS_INDIC(1.1),Emploi et chômage par groupe d'âge quinquennal et par sexe - indicateurs,I,G7,G7,EMP_RATIO,Employment to population ratio,PT_POP_SUB,Pourcentage de la population dans le même sous-groupe,_T,Total,Y20T64,De 20 à 64 ans,EMP,Employment,2024,,77.196,,,,,,1,One
DATAFLOW,OECD.ELS.SAE:DSD_LFS@DF_LFS_INDIC(1.1),Emploi et chômage par groupe d'âge quinquennal et par sexe - indicateurs,I,EU27,Union européenne (27 pays),EMP_RATIO,Employment to population ratio,PT_POP_SUB,Pourcentage de la population dans le même sous-groupe,_T,Total,Y20T64,De 20 à 64 ans,EMP,Employment,2024,,75.836,,,,,,1,One
DATAFLOW,OECD.ELS.SAE:DSD_LFS@DF_LFS_INDIC(1.1),Emploi et chômage par groupe d'âge quinquennal et par sexe - indicateurs,I,EU19OECD,19 Membres de l'Union européenne et de l'OCDE,EMP_RATIO,Employment to population ratio,PT_POP_SUB,Pourcentage de la population dans le même sous-groupe,_T,Total,Y20T64,De 20 à 64 ans,EMP,Employment,2024,,75.335,,,,,,1,One
DATAFLOW,OECD.ELS.SAE:DSD_LFS@DF_LFS_INDIC(1.1),Emploi et chômage par groupe d'âge quinquennal et par sexe - indicateurs,I,EU22OECD,22 Membres de l'Union européenne et de l'OCDE,EMP_RATIO,Employment to population ratio,PT_POP_SUB,Pourcentage de la population dans le même sous-groupe,_T,Total,Y20T64,De 20 à 64 ans,EMP,Employment,2024,,76.114,,,,,,1,One
DATAFLOW,OECD.ELS.SAE:DSD_LFS@DF_LFS_INDIC(1.1),Emploi et chômage par groupe d'âge quinquennal et par sexe - indicateurs,I,OECD,OCDE,EMP_RATIO,Employment to population ratio,PT_POP_SUB,Pourcentage de la population dans le même sous-groupe,_T,Total,Y20T64,De 20 à 64 ans,EMP,Employment,2024,,74.714,,,,,,1,One
DATAFLOW,OECD.ELS.SAE:DSD_LFS@DF_LFS_INDIC(1.1),Emploi et chômage par groupe d'âge quinquennal et par sexe - indicateurs,I,OECD_REP,Pays moyen de l'OCDE,EMP_RATIO,Employment to population ratio,PT_POP_SUB,Pourcentage de la population dans le même sous-groupe,_T,Total,Y20T64,De 20 à 64 ans,EMP,Employment,2024,,76.812,,,,,,1,One
DATAFLOW,OECD.ELS.SAE:DSD_LFS@DF_LFS_INDIC(1.1),Emploi et chômage par groupe d'âge quinquennal et par sexe - indicateurs,I,BRA,Brésil,EMP_RATIO,Employment to population ratio,PT_POP_SUB,Pourcentage de la population dans le même sous-groupe,_T,Total,Y20T64,De 20 à 64 ans,EMP,Employment,2024,,71.132,,,,,,1,One
DATAFLOW,OECD.ELS.SAE:DSD_LFS@DF_LFS_INDIC(1.1),Emploi et chômage par groupe d'âge quinquennal et par sexe - indicateurs,I,BGR,Bulgarie,EMP_RATIO,Employment to population ratio,PT_POP_SUB,Pourcentage de la population dans le même sous-groupe,_T,Total,Y20T64,De 20 à 64 ans,EMP,Employment,2024,,76.757,,,,,,1,One
DATAFLOW,OECD.ELS.SAE:DSD_LFS@DF_LFS_INDIC(1.1),Emploi et chômage par groupe d'âge quinquennal et par sexe - indicateurs,I,HRV,Croatie,EMP_RATIO,Employment to population ratio,PT_POP_SUB,Pourcentage de la population dans le même sous-groupe,_T,Total,Y20T64,De 20 à 64 ans,EMP,Employment,2024,,73.577,,,,,,1,One
DATAFLOW,OECD.ELS.SAE:DSD_LFS@DF_LFS_INDIC(1.1),Emploi et chômage par groupe d'âge quinquennal et par sexe - indicateurs,I,CYP,Chypre,EMP_RATIO,Employment to population ratio,PT_POP_SUB,Pourcentage de la population dans le même sous-groupe,_T,Total,Y20T64,De 20 à 64 ans,EMP,Employment,2024,,79.82,,,,,,1,One
DATAFLOW,OECD.ELS.SAE:DSD_LFS@DF_LFS_INDIC(1.1),Emploi et chômage par groupe d'âge quinquennal et par sexe - indicateurs,I,IND,Inde,EMP_RATIO,Employment to population ratio,PT_POP_SUB,Pourcentage de la population dans le même sous-groupe,_T,Total,Y20T64,De 20 à 64 ans,EMP,Employment,2024,,63.02,,,,,,1,One
DATAFLOW,OECD.ELS.SAE:DSD_LFS@DF_LFS_INDIC(1.1),Emploi et chômage par groupe d'âge quinquennal et par sexe - indicateurs,I,MLT,Malte,EMP_RATIO,Employment to population ratio,PT_POP_SUB,Pourcentage de la population dans le même sous-groupe,_T,Total,Y20T64,De 20 à 64 ans,EMP,Employment,2024,,83.043,,,,,,1,One
DATAFLOW,OECD.ELS.SAE:DSD_LFS@DF_LFS_INDIC(1.1),Emploi et chômage par groupe d'âge quinquennal et par sexe - indicateurs,I,PER,Pérou,EMP_RATIO,Employment to population ratio,PT_POP_SUB,Pourcentage de la population dans le même sous-groupe,_T,Total,Y20T64,De 20 à 64 ans,EMP,Employment,2024,,77.563,,,,,,1,One
DATAFLOW,OECD.ELS.SAE:DSD_LFS@DF_LFS_INDIC(1.1),Emploi et chômage par groupe d'âge quinquennal et par sexe - indicateurs,I,ROU,Roumanie,EMP_RATIO,Employment to population ratio,PT_POP_SUB,Pourcentage de la population dans le même sous-groupe,_T,Total,Y20T64,De 20 à 64 ans,EMP,Employment,2024,,69.464,,,,,,1,One
DATAFLOW,OECD.ELS.SAE:DSD_LFS@DF_LFS_INDIC(1.1),Emploi et chômage par groupe d'âge quinquennal et par sexe - indicateurs,I,ZAF,Afrique du Sud,EMP_RATIO,Employment to population ratio,PT_POP_SUB,Pourcentage de la population dans le même sous-groupe,_T,Total,Y20T64,De 20 à 64 ans,EMP,Employment,2024,,46.292,,,,,,1,One
DATAFLOW,OECD.ELS.SAE:DSD_LFS@DF_LFS_INDIC(1.1),Emploi et chômage par groupe d'âge quinquennal et par sexe - indicateurs,I,AUS,Australie,EMP_RATIO,Employment to population ratio,PT_POP_SUB,Pourcentage de la population dans le même sous-groupe,_T,Total,Y20T64,De 20 à 64 ans,EMP,Employment,2000,,71.394,,B,Rupture de série,,,1,One
